===== 执行信息 =====
Cache目录：smtc64
执行命令：./smtsim ../recurseq.arg2 ../cacherand.arg ../randacc.arg
执行时间：2026-04-16 18:10:12
返回码：0
===== 输出内容 =====
SMTCache
Process 0, Thread 0: recurseq
Process 0, Thread 1: recurseq
Process 2, Thread 2: cacherand
Process 3, Thread 3: randacc

**** Debug Statistics at 1000000 Cycles *****
Threads: 4		Fetch Width: 8
No of useful instructions fetched:	185622 (2.32% proc util.)
No of total instructions fetched:	186605 (2.33% proc util.)
 includes 183 misfetch (0.1%), 800 (0.4%) wrong-path fetches
 and 0 flushed after failed lock(0.0%)
No of useful instructions issued/executed:	185622 (2.32% proc util.)
No of total instructions issued/executed:	186181 (2.33% proc util.)
 includes 559 wrong-path (0.3%) insts and 0 flushed (0.0%)
	fp 0, 0.00%
	synch 0, 0.00%
	integer 173080, 92.96%
	load/store 13101, 7.04%
Avg size of int IQ (before scheduling): 1.31
Avg size of fp IQ (before scheduling): 0.00
No of cycles taken:		1000000
Parallelism [ 0.032, 0.000, 0.069, 0.085,] = 0.186
 IQ conflicts: 359 (0.04%), FQ conflicts: 0 (0.00%) 
 I reg conflicts: 2628 (0.26%), FP reg conflicts: 0 (0.00%)
  Activelist confs: 0 (0.00%), ROB confs: 0 (0.00%)
  Int unit conflicts: 120 (0.01%), FP unit conflicts: 0 (0.00%)
  Load/store unit conflicts: 13 (0.00%)
  MSHR conflicts: 0 (0.00%)
----------------------------------------
==== System-wide Cache Statistics ====
Stall for miss queue full 0 cycles (0.00%)
----------------------------------------
==== Statistics for Master ID: 0 ====
Reads: 5407   Writes: 5274
ICACHE: size: 64 KB assoc: 2
ICACHE: hits:265 misses:5090  Hit Ratio: 4.95%
DCACHE: size: 16 KB assoc: 4
DCACHE: hits:4979 misses:347 writebacks:81  Hit Ratio: 93.48%
SCACHE: size: 512 KB assoc: 2
SCACHE: hits:2 misses:5435  Hit Ratio: 0.04%
3CACHE: size: 4096 KB assoc: 2
3CACHE: hits:2 misses:5433  Hit Ratio: 0.04%
3CACHE: dirty items replaced:0
ITLB: size: 48, misses 4, miss rate 0.07%
DTLB: size: 128, misses 13, miss rate 0.24%
Avg mem delay: 24.898 cycles
----------------------------------------
==== Statistics for Master ID: 2 ====
Reads: 12912   Writes: 33
ICACHE: size: 64 KB assoc: 2
ICACHE: hits:5223 misses:5096  Hit Ratio: 50.62%
DCACHE: size: 16 KB assoc: 4
DCACHE: hits:860 misses:1766 writebacks:42  Hit Ratio: 32.75%
SCACHE: size: 512 KB assoc: 2
SCACHE: hits:921 misses:5941  Hit Ratio: 13.42%
3CACHE: size: 4096 KB assoc: 2
3CACHE: hits:14 misses:5927  Hit Ratio: 0.24%
3CACHE: dirty items replaced:0
ITLB: size: 48, misses 4, miss rate 0.04%
DTLB: size: 128, misses 21, miss rate 0.80%
Avg mem delay: 24.898 cycles
----------------------------------------
==== Statistics for Master ID: 3 ====
Reads: 20374   Writes: 34
ICACHE: size: 64 KB assoc: 2
ICACHE: hits:10167 misses:5092  Hit Ratio: 66.63%
DCACHE: size: 16 KB assoc: 4
DCACHE: hits:3915 misses:1234 writebacks:40  Hit Ratio: 76.03%
SCACHE: size: 512 KB assoc: 2
SCACHE: hits:626 misses:5700  Hit Ratio: 9.90%
3CACHE: size: 4096 KB assoc: 2
3CACHE: hits:23 misses:5677  Hit Ratio: 0.40%
3CACHE: dirty items replaced:0
ITLB: size: 48, misses 4, miss rate 0.03%
DTLB: size: 128, misses 20, miss rate 0.39%
Avg mem delay: 24.898 cycles
----------------------------------------
==== Global Resource Utilization ====
STASH: size: 65536 entries, full 186152, empty 664, misses 62, full rate 99.61
icache bank util. 0.010 0.061 0.003 0.000 0.000 0.000 0.000 0.003 
dcache bank util. 0.003 0.003 0.002 0.003 0.003 0.005 0.003 0.003 
L2 bank util. 0.003 0.140 0.003 0.003 0.003 0.003 0.003 0.003 
L1-L2 bus util. = 0.056, L3 util. = 0.170
----------------------------------------
branch prediction, hits = 12690, misses = 97, hit rate = 99.24%
return_stack prediction, hits = 24, misses = 0, hit rate = 100.00%
jump prediction, hits = 15154, misses = 65, hit rate = 99.57%

**** Debug Statistics at 101000000 Cycles *****
Threads: 4		Fetch Width: 8
No of useful instructions fetched:	32360561 (4.01% proc util.)
No of total instructions fetched:	44887350 (5.56% proc util.)
 includes 200 misfetch (0.0%), 12526589 (27.9%) wrong-path fetches
 and 0 flushed after failed lock(0.0%)
No of useful instructions issued/executed:	32360561 (4.01% proc util.)
No of total instructions issued/executed:	39529656 (4.89% proc util.)
 includes 7169095 wrong-path (18.1%) insts and 0 flushed (0.0%)
	fp 0, 0.00%
	synch 0, 0.00%
	integer 33840504, 85.61%
	load/store 5689152, 14.39%
Avg size of int IQ (before scheduling): 2.67
Avg size of fp IQ (before scheduling): 0.00
No of cycles taken:		101000000
Parallelism [ 0.102, 0.000, 0.098, 0.121,] = 0.320
 IQ conflicts: 26228 (0.03%), FQ conflicts: 0 (0.00%) 
 I reg conflicts: 1152718 (1.14%), FP reg conflicts: 0 (0.00%)
  Activelist confs: 0 (0.00%), ROB confs: 0 (0.00%)
  Int unit conflicts: 2310007 (2.29%), FP unit conflicts: 0 (0.00%)
  Load/store unit conflicts: 1470 (0.00%)
  MSHR conflicts: 0 (0.00%)
----------------------------------------
==== System-wide Cache Statistics ====
Stall for miss queue full 0 cycles (0.00%)
----------------------------------------
==== Statistics for Master ID: 0 ====
Reads: 6182624   Writes: 2799692
ICACHE: size: 64 KB assoc: 2
ICACHE: hits:3872213 misses:515975  Hit Ratio: 88.24%
DCACHE: size: 16 KB assoc: 4
DCACHE: hits:4513204 misses:80924 writebacks:80658  Hit Ratio: 98.24%
SCACHE: size: 512 KB assoc: 2
SCACHE: hits:81444 misses:515455  Hit Ratio: 13.64%
3CACHE: size: 4096 KB assoc: 2
3CACHE: hits:7451 misses:508004  Hit Ratio: 1.45%
3CACHE: dirty items replaced:101
ITLB: size: 48, misses 4, miss rate 0.00%
DTLB: size: 128, misses 75, miss rate 0.00%
Avg mem delay: 1.651 cycles
----------------------------------------
==== Statistics for Master ID: 2 ====
Reads: 2074350   Writes: 33
ICACHE: size: 64 KB assoc: 2
ICACHE: hits:1166186 misses:541616  Hit Ratio: 68.29%
DCACHE: size: 16 KB assoc: 4
DCACHE: hits:122328 misses:244253 writebacks:6618  Hit Ratio: 33.37%
SCACHE: size: 512 KB assoc: 2
SCACHE: hits:276568 misses:509301  Hit Ratio: 35.19%
3CACHE: size: 4096 KB assoc: 2
3CACHE: hits:7274 misses:502027  Hit Ratio: 1.43%
3CACHE: dirty items replaced:110
ITLB: size: 48, misses 4, miss rate 0.00%
DTLB: size: 128, misses 21, miss rate 0.01%
Avg mem delay: 1.651 cycles
----------------------------------------
==== Statistics for Master ID: 3 ====
Reads: 3180205   Writes: 34
ICACHE: size: 64 KB assoc: 2
ICACHE: hits:1910141 misses:541655  Hit Ratio: 77.91%
DCACHE: size: 16 KB assoc: 4
DCACHE: hits:567240 misses:161203 writebacks:4445  Hit Ratio: 77.87%
SCACHE: size: 512 KB assoc: 2
SCACHE: hits:192674 misses:510184  Hit Ratio: 27.41%
3CACHE: size: 4096 KB assoc: 2
3CACHE: hits:7734 misses:502450  Hit Ratio: 1.52%
3CACHE: dirty items replaced:107
ITLB: size: 48, misses 4, miss rate 0.00%
DTLB: size: 128, misses 21, miss rate 0.00%
Avg mem delay: 1.651 cycles
----------------------------------------
==== Global Resource Utilization ====
STASH: size: 65536 entries, full 46664866, empty 707, misses 63, full rate 100.00
icache bank util. 0.070 0.044 0.004 0.000 0.000 0.000 0.000 0.013 
dcache bank util. 0.006 0.006 0.011 0.024 0.006 0.010 0.006 0.006 
L2 bank util. 0.120 0.026 0.003 0.003 0.003 0.004 0.003 0.003 
L1-L2 bus util. = 0.065, L3 util. = 0.150
----------------------------------------
branch prediction, hits = 1585486, misses = 11699, hit rate = 99.27%
return_stack prediction, hits = 5400, misses = 443072, hit rate = 1.20%
jump prediction, hits = 2840115, misses = 72, hit rate = 100.00%

**** Debug Statistics at 201000000 Cycles *****
Threads: 4		Fetch Width: 8
No of useful instructions fetched:	64406508 (4.01% proc util.)
No of total instructions fetched:	89309329 (5.55% proc util.)
 includes 200 misfetch (0.0%), 24902621 (27.9%) wrong-path fetches
 and 0 flushed after failed lock(0.0%)
No of useful instructions issued/executed:	64406508 (4.01% proc util.)
No of total instructions issued/executed:	78675512 (4.89% proc util.)
 includes 14269004 wrong-path (18.1%) insts and 0 flushed (0.0%)
	fp 0, 0.00%
	synch 0, 0.00%
	integer 67251059, 85.48%
	load/store 11424453, 14.52%
Avg size of int IQ (before scheduling): 2.69
Avg size of fp IQ (before scheduling): 0.00
No of cycles taken:		201000000
Parallelism [ 0.103, 0.000, 0.098, 0.120,] = 0.320
 IQ conflicts: 50625 (0.03%), FQ conflicts: 0 (0.00%) 
 I reg conflicts: 2225574 (1.11%), FP reg conflicts: 0 (0.00%)
  Activelist confs: 0 (0.00%), ROB confs: 0 (0.00%)
  Int unit conflicts: 4647608 (2.31%), FP unit conflicts: 0 (0.00%)
  Load/store unit conflicts: 2773 (0.00%)
  MSHR conflicts: 0 (0.00%)
----------------------------------------
==== System-wide Cache Statistics ====
Stall for miss queue full 0 cycles (0.00%)
----------------------------------------
==== Statistics for Master ID: 0 ====
Reads: 12458648   Writes: 5576632
ICACHE: size: 64 KB assoc: 2
ICACHE: hits:7753611 misses:1026352  Hit Ratio: 88.31%
DCACHE: size: 16 KB assoc: 4
DCACHE: hits:9093990 misses:161327 writebacks:161061  Hit Ratio: 98.26%
SCACHE: size: 512 KB assoc: 2
SCACHE: hits:165972 misses:1021707  Hit Ratio: 13.97%
3CACHE: size: 4096 KB assoc: 2
3CACHE: hits:14908 misses:1006799  Hit Ratio: 1.46%
3CACHE: dirty items replaced:219
ITLB: size: 48, misses 4, miss rate 0.00%
DTLB: size: 128, misses 75, miss rate 0.00%
Avg mem delay: 1.609 cycles
----------------------------------------
==== Statistics for Master ID: 2 ====
Reads: 4107133   Writes: 33
ICACHE: size: 64 KB assoc: 2
ICACHE: hits:2303950 misses:1076743  Hit Ratio: 68.15%
DCACHE: size: 16 KB assoc: 4
DCACHE: hits:242129 misses:484344 writebacks:13188  Hit Ratio: 33.33%
SCACHE: size: 512 KB assoc: 2
SCACHE: hits:548572 misses:1012515  Hit Ratio: 35.14%
3CACHE: size: 4096 KB assoc: 2
3CACHE: hits:14245 misses:998270  Hit Ratio: 1.41%
3CACHE: dirty items replaced:223
ITLB: size: 48, misses 4, miss rate 0.00%
DTLB: size: 128, misses 21, miss rate 0.00%
Avg mem delay: 1.609 cycles
----------------------------------------
==== Statistics for Master ID: 3 ====
Reads: 6297601   Writes: 34
ICACHE: size: 64 KB assoc: 2
ICACHE: hits:3777893 misses:1077079  Hit Ratio: 77.81%
DCACHE: size: 16 KB assoc: 4
DCACHE: hits:1124452 misses:318211 writebacks:8729  Hit Ratio: 77.94%
SCACHE: size: 512 KB assoc: 2
SCACHE: hits:380889 misses:1014401  Hit Ratio: 27.30%
3CACHE: size: 4096 KB assoc: 2
3CACHE: hits:15269 misses:999132  Hit Ratio: 1.51%
3CACHE: dirty items replaced:226
ITLB: size: 48, misses 4, miss rate 0.00%
DTLB: size: 128, misses 21, miss rate 0.00%
Avg mem delay: 1.609 cycles
----------------------------------------
==== Global Resource Utilization ====
STASH: size: 65536 entries, full 92954933, empty 707, misses 63, full rate 100.00
icache bank util. 0.073 0.041 0.004 0.000 0.000 0.000 0.000 0.013 
dcache bank util. 0.006 0.006 0.011 0.024 0.006 0.010 0.006 0.006 
L2 bank util. 0.129 0.017 0.003 0.003 0.003 0.004 0.003 0.003 
L1-L2 bus util. = 0.065, L3 util. = 0.149
----------------------------------------
branch prediction, hits = 3107609, misses = 23154, hit rate = 99.26%
return_stack prediction, hits = 11052, misses = 908720, hit rate = 1.20%
jump prediction, hits = 5656194, misses = 72, hit rate = 100.00%

**** Debug Statistics at 301000000 Cycles *****
Threads: 4		Fetch Width: 8
No of useful instructions fetched:	97842608 (4.06% proc util.)
No of total instructions fetched:	136425685 (5.67% proc util.)
 includes 200 misfetch (0.0%), 38582877 (28.3%) wrong-path fetches
 and 0 flushed after failed lock(0.0%)
No of useful instructions issued/executed:	97842600 (4.06% proc util.)
No of total instructions issued/executed:	119943704 (4.98% proc util.)
 includes 22101104 wrong-path (18.4%) insts and 0 flushed (0.0%)
	fp 0, 0.00%
	synch 0, 0.00%
	integer 102404835, 85.38%
	load/store 17538869, 14.62%
Avg size of int IQ (before scheduling): 2.74
Avg size of fp IQ (before scheduling): 0.00
No of cycles taken:		301000000
Parallelism [ 0.105, 0.000, 0.099, 0.121,] = 0.325
 IQ conflicts: 79164 (0.03%), FQ conflicts: 0 (0.00%) 
 I reg conflicts: 3466346 (1.15%), FP reg conflicts: 0 (0.00%)
  Activelist confs: 0 (0.00%), ROB confs: 0 (0.00%)
  Int unit conflicts: 7188218 (2.39%), FP unit conflicts: 0 (0.00%)
  Load/store unit conflicts: 4341 (0.00%)
  MSHR conflicts: 0 (0.00%)
----------------------------------------
==== System-wide Cache Statistics ====
Stall for miss queue full 0 cycles (0.00%)
----------------------------------------
==== Statistics for Master ID: 0 ====
Reads: 19210091   Writes: 8585640
ICACHE: size: 64 KB assoc: 2
ICACHE: hits:12002861 misses:1536444  Hit Ratio: 88.65%
DCACHE: size: 16 KB assoc: 4
DCACHE: hits:14010072 misses:246354 writebacks:246088  Hit Ratio: 98.27%
SCACHE: size: 512 KB assoc: 2
SCACHE: hits:256032 misses:1526766  Hit Ratio: 14.36%
3CACHE: size: 4096 KB assoc: 2
3CACHE: hits:23168 misses:1503598  Hit Ratio: 1.52%
3CACHE: dirty items replaced:333
ITLB: size: 48, misses 4, miss rate 0.00%
DTLB: size: 128, misses 75, miss rate 0.00%
Avg mem delay: 1.590 cycles
----------------------------------------
==== Statistics for Master ID: 2 ====
Reads: 6236554   Writes: 33
ICACHE: size: 64 KB assoc: 2
ICACHE: hits:3522307 misses:1614178  Hit Ratio: 68.57%
DCACHE: size: 16 KB assoc: 4
DCACHE: hits:366420 misses:733682 writebacks:19929  Hit Ratio: 33.31%
SCACHE: size: 512 KB assoc: 2
SCACHE: hits:833476 misses:1514384  Hit Ratio: 35.50%
3CACHE: size: 4096 KB assoc: 2
3CACHE: hits:22102 misses:1492282  Hit Ratio: 1.46%
3CACHE: dirty items replaced:348
ITLB: size: 48, misses 4, miss rate 0.00%
DTLB: size: 128, misses 21, miss rate 0.00%
Avg mem delay: 1.590 cycles
----------------------------------------
==== Statistics for Master ID: 3 ====
Reads: 9550062   Writes: 34
ICACHE: size: 64 KB assoc: 2
ICACHE: hits:5752474 misses:1615281  Hit Ratio: 78.08%
DCACHE: size: 16 KB assoc: 4
DCACHE: hits:1701261 misses:481080 writebacks:13185  Hit Ratio: 77.96%
SCACHE: size: 512 KB assoc: 2
SCACHE: hits:579276 misses:1517085  Hit Ratio: 27.63%
3CACHE: size: 4096 KB assoc: 2
3CACHE: hits:23438 misses:1493646  Hit Ratio: 1.54%
3CACHE: dirty items replaced:350
ITLB: size: 48, misses 4, miss rate 0.00%
DTLB: size: 128, misses 21, miss rate 0.00%
Avg mem delay: 1.590 cycles
----------------------------------------
==== Global Resource Utilization ====
STASH: size: 65536 entries, full 142044719, empty 707, misses 63, full rate 100.00
icache bank util. 0.075 0.041 0.004 0.000 0.000 0.000 0.000 0.014 
dcache bank util. 0.006 0.006 0.012 0.025 0.006 0.010 0.006 0.006 
L2 bank util. 0.132 0.014 0.003 0.004 0.003 0.004 0.003 0.003 
L1-L2 bus util. = 0.065, L3 util. = 0.149
----------------------------------------
branch prediction, hits = 4695135, misses = 35024, hit rate = 99.26%
return_stack prediction, hits = 17016, misses = 1400424, hit rate = 1.20%
jump prediction, hits = 8603683, misses = 72, hit rate = 100.00%

**** Debug Statistics at 401000000 Cycles *****
Threads: 4		Fetch Width: 8
No of useful instructions fetched:	131425298 (4.10% proc util.)
No of total instructions fetched:	183649614 (5.72% proc util.)
 includes 200 misfetch (0.0%), 52224116 (28.4%) wrong-path fetches
 and 0 flushed after failed lock(0.0%)
No of useful instructions issued/executed:	131425298 (4.10% proc util.)
No of total instructions issued/executed:	161333969 (5.03% proc util.)
 includes 29908671 wrong-path (18.5%) insts and 0 flushed (0.0%)
	fp 0, 0.00%
	synch 0, 0.00%
	integer 137678078, 85.34%
	load/store 23655891, 14.66%
Avg size of int IQ (before scheduling): 2.78
Avg size of fp IQ (before scheduling): 0.00
No of cycles taken:		401000000
Parallelism [ 0.106, 0.000, 0.099, 0.122,] = 0.328
 IQ conflicts: 107843 (0.03%), FQ conflicts: 0 (0.00%) 
 I reg conflicts: 4750221 (1.18%), FP reg conflicts: 0 (0.00%)
  Activelist confs: 0 (0.00%), ROB confs: 0 (0.00%)
  Int unit conflicts: 9736072 (2.43%), FP unit conflicts: 0 (0.00%)
  Load/store unit conflicts: 5971 (0.00%)
  MSHR conflicts: 0 (0.00%)
----------------------------------------
==== System-wide Cache Statistics ====
Stall for miss queue full 0 cycles (0.00%)
----------------------------------------
==== Statistics for Master ID: 0 ====
Reads: 25957455   Writes: 11589291
ICACHE: size: 64 KB assoc: 2
ICACHE: hits:16247116 misses:2046563  Hit Ratio: 88.81%
DCACHE: size: 16 KB assoc: 4
DCACHE: hits:18921559 misses:331508 writebacks:331242  Hit Ratio: 98.28%
SCACHE: size: 512 KB assoc: 2
SCACHE: hits:346645 misses:2031426  Hit Ratio: 14.58%
3CACHE: size: 4096 KB assoc: 2
3CACHE: hits:31591 misses:1999835  Hit Ratio: 1.56%
3CACHE: dirty items replaced:443
ITLB: size: 48, misses 4, miss rate 0.00%
DTLB: size: 128, misses 75, miss rate 0.00%
Avg mem delay: 1.583 cycles
----------------------------------------
==== Statistics for Master ID: 2 ====
Reads: 8380926   Writes: 33
ICACHE: size: 64 KB assoc: 2
ICACHE: hits:4753228 misses:2151586  Hit Ratio: 68.84%
DCACHE: size: 16 KB assoc: 4
DCACHE: hits:491035 misses:985110 writebacks:26826  Hit Ratio: 33.26%
SCACHE: size: 512 KB assoc: 2
SCACHE: hits:1120890 misses:2015806  Hit Ratio: 35.73%
3CACHE: size: 4096 KB assoc: 2
3CACHE: hits:30128 misses:1985678  Hit Ratio: 1.49%
3CACHE: dirty items replaced:469
ITLB: size: 48, misses 4, miss rate 0.00%
DTLB: size: 128, misses 21, miss rate 0.00%
Avg mem delay: 1.583 cycles
----------------------------------------
==== Statistics for Master ID: 3 ====
Reads: 12828745   Writes: 34
ICACHE: size: 64 KB assoc: 2
ICACHE: hits:7748458 misses:2153642  Hit Ratio: 78.25%
DCACHE: size: 16 KB assoc: 4
DCACHE: hits:2281602 misses:645077 writebacks:17679  Hit Ratio: 77.96%
SCACHE: size: 512 KB assoc: 2
SCACHE: hits:779498 misses:2019221  Hit Ratio: 27.85%
3CACHE: size: 4096 KB assoc: 2
3CACHE: hits:31586 misses:1987634  Hit Ratio: 1.56%
3CACHE: dirty items replaced:469
ITLB: size: 48, misses 4, miss rate 0.00%
DTLB: size: 128, misses 21, miss rate 0.00%
Avg mem delay: 1.583 cycles
----------------------------------------
==== Global Resource Utilization ====
STASH: size: 65536 entries, full 191244552, empty 707, misses 63, full rate 100.00
icache bank util. 0.076 0.041 0.004 0.000 0.000 0.000 0.000 0.014 
dcache bank util. 0.006 0.006 0.012 0.025 0.006 0.010 0.006 0.006 
L2 bank util. 0.133 0.013 0.004 0.004 0.003 0.004 0.003 0.003 
L1-L2 bus util. = 0.065, L3 util. = 0.149
----------------------------------------
branch prediction, hits = 6289629, misses = 46969, hit rate = 99.26%
return_stack prediction, hits = 22992, misses = 1892946, hit rate = 1.20%
jump prediction, hits = 11561296, misses = 72, hit rate = 100.00%

**** Debug Statistics at 501000000 Cycles *****
Threads: 4		Fetch Width: 8
No of useful instructions fetched:	164559552 (4.11% proc util.)
No of total instructions fetched:	230323594 (5.75% proc util.)
 includes 200 misfetch (0.0%), 65763842 (28.6%) wrong-path fetches
 and 0 flushed after failed lock(0.0%)
No of useful instructions issued/executed:	164559550 (4.11% proc util.)
No of total instructions issued/executed:	202218157 (5.05% proc util.)
 includes 37658607 wrong-path (18.6%) insts and 0 flushed (0.0%)
	fp 0, 0.00%
	synch 0, 0.00%
	integer 172514565, 85.31%
	load/store 29703592, 14.69%
Avg size of int IQ (before scheduling): 2.78
Avg size of fp IQ (before scheduling): 0.00
No of cycles taken:		501000000
Parallelism [ 0.107, 0.000, 0.100, 0.122,] = 0.328
 IQ conflicts: 134830 (0.03%), FQ conflicts: 0 (0.00%) 
 I reg conflicts: 5927578 (1.18%), FP reg conflicts: 0 (0.00%)
  Activelist confs: 0 (0.00%), ROB confs: 0 (0.00%)
  Int unit conflicts: 12238435 (2.44%), FP unit conflicts: 0 (0.00%)
  Load/store unit conflicts: 7377 (0.00%)
  MSHR conflicts: 0 (0.00%)
----------------------------------------
==== System-wide Cache Statistics ====
Stall for miss queue full 0 cycles (0.00%)
----------------------------------------
==== Statistics for Master ID: 0 ====
Reads: 32626648   Writes: 14564027
ICACHE: size: 64 KB assoc: 2
ICACHE: hits:20437782 misses:2556927  Hit Ratio: 88.88%
DCACHE: size: 16 KB assoc: 4
DCACHE: hits:23780408 misses:415558 writebacks:415292  Hit Ratio: 98.28%
SCACHE: size: 512 KB assoc: 2
SCACHE: hits:436067 misses:2536418  Hit Ratio: 14.67%
3CACHE: size: 4096 KB assoc: 2
3CACHE: hits:39405 misses:2497013  Hit Ratio: 1.55%
3CACHE: dirty items replaced:560
ITLB: size: 48, misses 4, miss rate 0.00%
DTLB: size: 128, misses 75, miss rate 0.00%
Avg mem delay: 1.573 cycles
----------------------------------------
==== Statistics for Master ID: 2 ====
Reads: 10490492   Writes: 33
ICACHE: size: 64 KB assoc: 2
ICACHE: hits:5954113 misses:2689194  Hit Ratio: 68.89%
DCACHE: size: 16 KB assoc: 4
DCACHE: hits:614673 misses:1232545 writebacks:33571  Hit Ratio: 33.28%
SCACHE: size: 512 KB assoc: 2
SCACHE: hits:1403805 misses:2517934  Hit Ratio: 35.80%
3CACHE: size: 4096 KB assoc: 2
3CACHE: hits:37888 misses:2480045  Hit Ratio: 1.50%
3CACHE: dirty items replaced:593
ITLB: size: 48, misses 4, miss rate 0.00%
DTLB: size: 128, misses 21, miss rate 0.00%
Avg mem delay: 1.573 cycles
----------------------------------------
==== Statistics for Master ID: 3 ====
Reads: 16051993   Writes: 34
ICACHE: size: 64 KB assoc: 2
ICACHE: hits:9699820 misses:2691799  Hit Ratio: 78.28%
DCACHE: size: 16 KB assoc: 4
DCACHE: hits:2853598 misses:806810 writebacks:22010  Hit Ratio: 77.96%
SCACHE: size: 512 KB assoc: 2
SCACHE: hits:976340 misses:2522268  Hit Ratio: 27.91%
3CACHE: size: 4096 KB assoc: 2
3CACHE: hits:39722 misses:2482545  Hit Ratio: 1.57%
3CACHE: dirty items replaced:594
ITLB: size: 48, misses 4, miss rate 0.00%
DTLB: size: 128, misses 21, miss rate 0.00%
Avg mem delay: 1.573 cycles
----------------------------------------
==== Global Resource Utilization ====
STASH: size: 65536 entries, full 239870356, empty 707, misses 63, full rate 100.00
icache bank util. 0.076 0.041 0.004 0.000 0.000 0.000 0.000 0.014 
dcache bank util. 0.006 0.006 0.012 0.025 0.006 0.010 0.006 0.006 
L2 bank util. 0.134 0.012 0.004 0.004 0.003 0.004 0.003 0.003 
L1-L2 bus util. = 0.065, L3 util. = 0.149
----------------------------------------
branch prediction, hits = 7862655, misses = 58743, hit rate = 99.26%
return_stack prediction, hits = 28896, misses = 2379534, hit rate = 1.20%
jump prediction, hits = 14479958, misses = 72, hit rate = 100.00%

**** Debug Statistics at 601000000 Cycles *****
Threads: 4		Fetch Width: 8
No of useful instructions fetched:	197660464 (4.11% proc util.)
No of total instructions fetched:	276813906 (5.76% proc util.)
 includes 200 misfetch (0.0%), 79153242 (28.6%) wrong-path fetches
 and 0 flushed after failed lock(0.0%)
No of useful instructions issued/executed:	197660464 (4.11% proc util.)
No of total instructions issued/executed:	242988349 (5.05% proc util.)
 includes 45327885 wrong-path (18.7%) insts and 0 flushed (0.0%)
	fp 0, 0.00%
	synch 0, 0.00%
	integer 207260448, 85.30%
	load/store 35727901, 14.70%
Avg size of int IQ (before scheduling): 2.79
Avg size of fp IQ (before scheduling): 0.00
No of cycles taken:		601000000
Parallelism [ 0.107, 0.000, 0.100, 0.123,] = 0.329
 IQ conflicts: 161530 (0.03%), FQ conflicts: 0 (0.00%) 
 I reg conflicts: 7130022 (1.19%), FP reg conflicts: 0 (0.00%)
  Activelist confs: 0 (0.00%), ROB confs: 0 (0.00%)
  Int unit conflicts: 14733760 (2.45%), FP unit conflicts: 0 (0.00%)
  Load/store unit conflicts: 8804 (0.00%)
  MSHR conflicts: 0 (0.00%)
----------------------------------------
==== System-wide Cache Statistics ====
Stall for miss queue full 0 cycles (0.00%)
----------------------------------------
==== Statistics for Master ID: 0 ====
Reads: 39265908   Writes: 17518720
ICACHE: size: 64 KB assoc: 2
ICACHE: hits:24601474 misses:3067200  Hit Ratio: 88.91%
DCACHE: size: 16 KB assoc: 4
DCACHE: hits:28616436 misses:499518 writebacks:499252  Hit Ratio: 98.28%
SCACHE: size: 512 KB assoc: 2
SCACHE: hits:524657 misses:3042061  Hit Ratio: 14.71%
3CACHE: size: 4096 KB assoc: 2
3CACHE: hits:47731 misses:2994330  Hit Ratio: 1.57%
3CACHE: dirty items replaced:677
ITLB: size: 48, misses 4, miss rate 0.00%
DTLB: size: 128, misses 75, miss rate 0.00%
Avg mem delay: 1.571 cycles
----------------------------------------
==== Statistics for Master ID: 2 ====
Reads: 12594416   Writes: 33
ICACHE: size: 64 KB assoc: 2
ICACHE: hits:7150880 misses:3226322  Hit Ratio: 68.91%
DCACHE: size: 16 KB assoc: 4
DCACHE: hits:738151 misses:1479096 writebacks:40332  Hit Ratio: 33.29%
SCACHE: size: 512 KB assoc: 2
SCACHE: hits:1685162 misses:3020256  Hit Ratio: 35.81%
3CACHE: size: 4096 KB assoc: 2
3CACHE: hits:45676 misses:2974580  Hit Ratio: 1.51%
3CACHE: dirty items replaced:715
ITLB: size: 48, misses 4, miss rate 0.00%
DTLB: size: 128, misses 21, miss rate 0.00%
Avg mem delay: 1.571 cycles
----------------------------------------
==== Statistics for Master ID: 3 ====
Reads: 19277522   Writes: 34
ICACHE: size: 64 KB assoc: 2
ICACHE: hits:11653538 misses:3229318  Hit Ratio: 78.30%
DCACHE: size: 16 KB assoc: 4
DCACHE: hits:3426263 misses:968437 writebacks:26376  Hit Ratio: 77.96%
SCACHE: size: 512 KB assoc: 2
SCACHE: hits:1172321 misses:3025434  Hit Ratio: 27.93%
3CACHE: size: 4096 KB assoc: 2
3CACHE: hits:47916 misses:2977518  Hit Ratio: 1.58%
3CACHE: dirty items replaced:716
ITLB: size: 48, misses 4, miss rate 0.00%
DTLB: size: 128, misses 21, miss rate 0.00%
Avg mem delay: 1.571 cycles
----------------------------------------
==== Global Resource Utilization ====
STASH: size: 65536 entries, full 288308906, empty 707, misses 63, full rate 100.00
icache bank util. 0.076 0.041 0.004 0.000 0.000 0.000 0.000 0.014 
dcache bank util. 0.006 0.006 0.012 0.025 0.006 0.010 0.006 0.006 
L2 bank util. 0.135 0.011 0.004 0.004 0.003 0.004 0.003 0.003 
L1-L2 bus util. = 0.065, L3 util. = 0.149
----------------------------------------
branch prediction, hits = 9434572, misses = 70526, hit rate = 99.26%
return_stack prediction, hits = 34788, misses = 2865133, hit rate = 1.20%
jump prediction, hits = 17396172, misses = 72, hit rate = 100.00%

**** Debug Statistics at 701000000 Cycles *****
Threads: 4		Fetch Width: 8
No of useful instructions fetched:	230728633 (4.11% proc util.)
No of total instructions fetched:	323108681 (5.76% proc util.)
 includes 200 misfetch (0.0%), 92379848 (28.6%) wrong-path fetches
 and 0 flushed after failed lock(0.0%)
No of useful instructions issued/executed:	230728628 (4.11% proc util.)
No of total instructions issued/executed:	283630160 (5.06% proc util.)
 includes 52901532 wrong-path (18.7%) insts and 0 flushed (0.0%)
	fp 0, 0.00%
	synch 0, 0.00%
	integer 241911731, 85.29%
	load/store 41718429, 14.71%
Avg size of int IQ (before scheduling): 2.79
Avg size of fp IQ (before scheduling): 0.00
No of cycles taken:		701000000
Parallelism [ 0.107, 0.000, 0.100, 0.123,] = 0.329
 IQ conflicts: 188136 (0.03%), FQ conflicts: 0 (0.00%) 
 I reg conflicts: 8317770 (1.19%), FP reg conflicts: 0 (0.00%)
  Activelist confs: 0 (0.00%), ROB confs: 0 (0.00%)
  Int unit conflicts: 17217204 (2.46%), FP unit conflicts: 0 (0.00%)
  Load/store unit conflicts: 10253 (0.00%)
  MSHR conflicts: 0 (0.00%)
----------------------------------------
==== System-wide Cache Statistics ====
Stall for miss queue full 0 cycles (0.00%)
----------------------------------------
==== Statistics for Master ID: 0 ====
Reads: 45854452   Writes: 20448036
ICACHE: size: 64 KB assoc: 2
ICACHE: hits:28724117 misses:3577323  Hit Ratio: 88.93%
DCACHE: size: 16 KB assoc: 4
DCACHE: hits:33418070 misses:582978 writebacks:582712  Hit Ratio: 98.29%
SCACHE: size: 512 KB assoc: 2
SCACHE: hits:613509 misses:3546791  Hit Ratio: 14.75%
3CACHE: size: 4096 KB assoc: 2
3CACHE: hits:55519 misses:3491272  Hit Ratio: 1.57%
3CACHE: dirty items replaced:802
ITLB: size: 48, misses 4, miss rate 0.00%
DTLB: size: 128, misses 75, miss rate 0.00%
Avg mem delay: 1.568 cycles
----------------------------------------
==== Statistics for Master ID: 2 ====
Reads: 14697293   Writes: 33
ICACHE: size: 64 KB assoc: 2
ICACHE: hits:8347259 misses:3762923  Hit Ratio: 68.93%
DCACHE: size: 16 KB assoc: 4
DCACHE: hits:861202 misses:1725942 writebacks:47135  Hit Ratio: 33.29%
SCACHE: size: 512 KB assoc: 2
SCACHE: hits:1966814 misses:3522051  Hit Ratio: 35.83%
3CACHE: size: 4096 KB assoc: 2
3CACHE: hits:53219 misses:3468831  Hit Ratio: 1.51%
3CACHE: dirty items replaced:845
ITLB: size: 48, misses 4, miss rate 0.00%
DTLB: size: 128, misses 21, miss rate 0.00%
Avg mem delay: 1.568 cycles
----------------------------------------
==== Statistics for Master ID: 3 ====
Reads: 22506917   Writes: 34
ICACHE: size: 64 KB assoc: 2
ICACHE: hits:13610458 misses:3766256  Hit Ratio: 78.33%
DCACHE: size: 16 KB assoc: 4
DCACHE: hits:3999707 misses:1130530 writebacks:30908  Hit Ratio: 77.96%
SCACHE: size: 512 KB assoc: 2
SCACHE: hits:1368576 misses:3528210  Hit Ratio: 27.95%
3CACHE: size: 4096 KB assoc: 2
3CACHE: hits:55942 misses:3472268  Hit Ratio: 1.59%
3CACHE: dirty items replaced:839
ITLB: size: 48, misses 4, miss rate 0.00%
DTLB: size: 128, misses 21, miss rate 0.00%
Avg mem delay: 1.568 cycles
----------------------------------------
==== Global Resource Utilization ====
STASH: size: 65536 entries, full 336540842, empty 707, misses 63, full rate 100.00
icache bank util. 0.077 0.040 0.004 0.000 0.000 0.000 0.000 0.014 
dcache bank util. 0.006 0.006 0.012 0.025 0.006 0.010 0.006 0.006 
L2 bank util. 0.135 0.011 0.004 0.004 0.003 0.004 0.003 0.003 
L1-L2 bus util. = 0.065, L3 util. = 0.149
----------------------------------------
branch prediction, hits = 11005401, misses = 82326, hit rate = 99.26%
return_stack prediction, hits = 40644, misses = 3347765, hit rate = 1.20%
jump prediction, hits = 20306737, misses = 72, hit rate = 100.00%

**** Debug Statistics at 801000000 Cycles *****
Threads: 4		Fetch Width: 8
No of useful instructions fetched:	264303835 (4.12% proc util.)
No of total instructions fetched:	370584577 (5.78% proc util.)
 includes 200 misfetch (0.0%), 106280542 (28.7%) wrong-path fetches
 and 0 flushed after failed lock(0.0%)
No of useful instructions issued/executed:	264303810 (4.12% proc util.)
No of total instructions issued/executed:	325160330 (5.07% proc util.)
 includes 60856520 wrong-path (18.7%) insts and 0 flushed (0.0%)
	fp 0, 0.00%
	synch 0, 0.00%
	integer 277285369, 85.28%
	load/store 47874961, 14.72%
Avg size of int IQ (before scheduling): 2.80
Avg size of fp IQ (before scheduling): 0.00
No of cycles taken:		801000000
Parallelism [ 0.107, 0.000, 0.100, 0.123,] = 0.330
 IQ conflicts: 216760 (0.03%), FQ conflicts: 0 (0.00%) 
 I reg conflicts: 9586766 (1.20%), FP reg conflicts: 0 (0.00%)
  Activelist confs: 0 (0.00%), ROB confs: 0 (0.00%)
  Int unit conflicts: 19772952 (2.47%), FP unit conflicts: 0 (0.00%)
  Load/store unit conflicts: 11719 (0.00%)
  MSHR conflicts: 0 (0.00%)
----------------------------------------
==== System-wide Cache Statistics ====
Stall for miss queue full 0 cycles (0.00%)
----------------------------------------
==== Statistics for Master ID: 0 ====
Reads: 52655574   Writes: 23487305
ICACHE: size: 64 KB assoc: 2
ICACHE: hits:33016268 misses:4087650  Hit Ratio: 88.98%
DCACHE: size: 16 KB assoc: 4
DCACHE: hits:38370595 misses:668366 writebacks:668100  Hit Ratio: 98.29%
SCACHE: size: 512 KB assoc: 2
SCACHE: hits:704113 misses:4051903  Hit Ratio: 14.80%
3CACHE: size: 4096 KB assoc: 2
3CACHE: hits:63906 misses:3987997  Hit Ratio: 1.58%
3CACHE: dirty items replaced:933
ITLB: size: 48, misses 4, miss rate 0.00%
DTLB: size: 128, misses 75, miss rate 0.00%
Avg mem delay: 1.566 cycles
----------------------------------------
==== Statistics for Master ID: 2 ====
Reads: 16839261   Writes: 33
ICACHE: size: 64 KB assoc: 2
ICACHE: hits:9575344 misses:4301451  Hit Ratio: 69.00%
DCACHE: size: 16 KB assoc: 4
DCACHE: hits:986144 misses:1976355 writebacks:53978  Hit Ratio: 33.29%
SCACHE: size: 512 KB assoc: 2
SCACHE: hits:2253837 misses:4023969  Hit Ratio: 35.90%
3CACHE: size: 4096 KB assoc: 2
3CACHE: hits:61329 misses:3962640  Hit Ratio: 1.52%
3CACHE: dirty items replaced:983
ITLB: size: 48, misses 4, miss rate 0.00%
DTLB: size: 128, misses 21, miss rate 0.00%
Avg mem delay: 1.566 cycles
----------------------------------------
==== Statistics for Master ID: 3 ====
Reads: 25776733   Writes: 34
ICACHE: size: 64 KB assoc: 2
ICACHE: hits:15597904 misses:4305362  Hit Ratio: 78.37%
DCACHE: size: 16 KB assoc: 4
DCACHE: hits:4579591 misses:1293910 writebacks:35301  Hit Ratio: 77.97%
SCACHE: size: 512 KB assoc: 2
SCACHE: hits:1568440 misses:4030832  Hit Ratio: 28.01%
3CACHE: size: 4096 KB assoc: 2
3CACHE: hits:64131 misses:3966700  Hit Ratio: 1.59%
3CACHE: dirty items replaced:971
ITLB: size: 48, misses 4, miss rate 0.00%
DTLB: size: 128, misses 21, miss rate 0.00%
Avg mem delay: 1.566 cycles
----------------------------------------
==== Global Resource Utilization ====
STASH: size: 65536 entries, full 385999615, empty 707, misses 63, full rate 100.00
icache bank util. 0.077 0.041 0.004 0.000 0.000 0.000 0.000 0.014 
dcache bank util. 0.006 0.006 0.012 0.025 0.006 0.010 0.006 0.006 
L2 bank util. 0.135 0.011 0.004 0.004 0.004 0.004 0.003 0.003 
L1-L2 bus util. = 0.065, L3 util. = 0.149
----------------------------------------
branch prediction, hits = 12599392, misses = 94254, hit rate = 99.26%
return_stack prediction, hits = 46644, misses = 3842198, hit rate = 1.20%
jump prediction, hits = 23266486, misses = 72, hit rate = 100.00%

**** Debug Statistics at 901000000 Cycles *****
Threads: 4		Fetch Width: 8
No of useful instructions fetched:	297931913 (4.13% proc util.)
No of total instructions fetched:	417876134 (5.80% proc util.)
 includes 200 misfetch (0.0%), 119944021 (28.7%) wrong-path fetches
 and 0 flushed after failed lock(0.0%)
No of useful instructions issued/executed:	297931900 (4.13% proc util.)
No of total instructions issued/executed:	366611838 (5.09% proc util.)
 includes 68679938 wrong-path (18.7%) insts and 0 flushed (0.0%)
	fp 0, 0.00%
	synch 0, 0.00%
	integer 312607687, 85.27%
	load/store 54004151, 14.73%
Avg size of int IQ (before scheduling): 2.81
Avg size of fp IQ (before scheduling): 0.00
No of cycles taken:		901000000
Parallelism [ 0.108, 0.000, 0.100, 0.123,] = 0.331
 IQ conflicts: 244920 (0.03%), FQ conflicts: 0 (0.00%) 
 I reg conflicts: 10848757 (1.20%), FP reg conflicts: 0 (0.00%)
  Activelist confs: 0 (0.00%), ROB confs: 0 (0.00%)
  Int unit conflicts: 22321498 (2.48%), FP unit conflicts: 0 (0.00%)
  Load/store unit conflicts: 13370 (0.00%)
  MSHR conflicts: 0 (0.00%)
----------------------------------------
==== System-wide Cache Statistics ====
Stall for miss queue full 0 cycles (0.00%)
----------------------------------------
==== Statistics for Master ID: 0 ====
Reads: 59416963   Writes: 26497250
ICACHE: size: 64 KB assoc: 2
ICACHE: hits:37269920 misses:4597983  Hit Ratio: 89.02%
DCACHE: size: 16 KB assoc: 4
DCACHE: hits:43292620 misses:753690 writebacks:753424  Hit Ratio: 98.29%
SCACHE: size: 512 KB assoc: 2
SCACHE: hits:795493 misses:4556180  Hit Ratio: 14.86%
3CACHE: size: 4096 KB assoc: 2
3CACHE: hits:71717 misses:4484462  Hit Ratio: 1.57%
3CACHE: dirty items replaced:1054
ITLB: size: 48, misses 4, miss rate 0.00%
DTLB: size: 128, misses 75, miss rate 0.00%
Avg mem delay: 1.563 cycles
----------------------------------------
==== Statistics for Master ID: 2 ====
Reads: 18983096   Writes: 33
ICACHE: size: 64 KB assoc: 2
ICACHE: hits:10805923 misses:4838979  Hit Ratio: 69.07%
DCACHE: size: 16 KB assoc: 4
DCACHE: hits:1111952 misses:2226275 writebacks:60838  Hit Ratio: 33.31%
SCACHE: size: 512 KB assoc: 2
SCACHE: hits:2539791 misses:4525463  Hit Ratio: 35.95%
3CACHE: size: 4096 KB assoc: 2
3CACHE: hits:69224 misses:4456238  Hit Ratio: 1.53%
3CACHE: dirty items replaced:1112
ITLB: size: 48, misses 4, miss rate 0.00%
DTLB: size: 128, misses 21, miss rate 0.00%
Avg mem delay: 1.563 cycles
----------------------------------------
==== Statistics for Master ID: 3 ====
Reads: 29059311   Writes: 34
ICACHE: size: 64 KB assoc: 2
ICACHE: hits:17596243 misses:4843488  Hit Ratio: 78.42%
DCACHE: size: 16 KB assoc: 4
DCACHE: hits:5161074 misses:1458540 writebacks:39768  Hit Ratio: 77.97%
SCACHE: size: 512 KB assoc: 2
SCACHE: hits:1768918 misses:4533109  Hit Ratio: 28.07%
3CACHE: size: 4096 KB assoc: 2
3CACHE: hits:72270 misses:4460839  Hit Ratio: 1.59%
3CACHE: dirty items replaced:1102
ITLB: size: 48, misses 4, miss rate 0.00%
DTLB: size: 128, misses 21, miss rate 0.00%
Avg mem delay: 1.563 cycles
----------------------------------------
==== Global Resource Utilization ====
STASH: size: 65536 entries, full 435270944, empty 707, misses 63, full rate 100.00
icache bank util. 0.077 0.041 0.004 0.000 0.000 0.000 0.000 0.014 
dcache bank util. 0.006 0.006 0.012 0.026 0.006 0.010 0.006 0.006 
L2 bank util. 0.136 0.011 0.004 0.004 0.004 0.004 0.003 0.003 
L1-L2 bus util. = 0.065, L3 util. = 0.149
----------------------------------------
branch prediction, hits = 14196415, misses = 106225, hit rate = 99.26%
return_stack prediction, hits = 52632, misses = 4335621, hit rate = 1.20%
jump prediction, hits = 26229560, misses = 72, hit rate = 100.00%

**** Debug Statistics at 1001000000 Cycles *****
Threads: 4		Fetch Width: 8
No of useful instructions fetched:	331005670 (4.13% proc util.)
No of total instructions fetched:	464222001 (5.80% proc util.)
 includes 200 misfetch (0.0%), 133216131 (28.7%) wrong-path fetches
 and 0 flushed after failed lock(0.0%)
No of useful instructions issued/executed:	331005661 (4.13% proc util.)
No of total instructions issued/executed:	407284707 (5.09% proc util.)
 includes 76279046 wrong-path (18.7%) insts and 0 flushed (0.0%)
	fp 0, 0.00%
	synch 0, 0.00%
	integer 347281489, 85.27%
	load/store 60003218, 14.73%
Avg size of int IQ (before scheduling): 2.81
Avg size of fp IQ (before scheduling): 0.00
No of cycles taken:		1001000000
Parallelism [ 0.108, 0.000, 0.100, 0.123,] = 0.331
 IQ conflicts: 272083 (0.03%), FQ conflicts: 0 (0.00%) 
 I reg conflicts: 12057356 (1.20%), FP reg conflicts: 0 (0.00%)
  Activelist confs: 0 (0.00%), ROB confs: 0 (0.00%)
  Int unit conflicts: 24789120 (2.48%), FP unit conflicts: 0 (0.00%)
  Load/store unit conflicts: 14856 (0.00%)
  MSHR conflicts: 0 (0.00%)
----------------------------------------
==== System-wide Cache Statistics ====
Stall for miss queue full 0 cycles (0.00%)
----------------------------------------
==== Statistics for Master ID: 0 ====
Reads: 66017662   Writes: 29433194
ICACHE: size: 64 KB assoc: 2
ICACHE: hits:41402033 misses:5108600  Hit Ratio: 89.02%
DCACHE: size: 16 KB assoc: 4
DCACHE: hits:48102986 misses:837237 writebacks:836971  Hit Ratio: 98.29%
SCACHE: size: 512 KB assoc: 2
SCACHE: hits:883769 misses:5062068  Hit Ratio: 14.86%
3CACHE: size: 4096 KB assoc: 2
3CACHE: hits:80021 misses:4982047  Hit Ratio: 1.58%
3CACHE: dirty items replaced:1168
ITLB: size: 48, misses 4, miss rate 0.00%
DTLB: size: 128, misses 75, miss rate 0.00%
Avg mem delay: 1.564 cycles
----------------------------------------
==== Statistics for Master ID: 2 ====
Reads: 21087600   Writes: 33
ICACHE: size: 64 KB assoc: 2
ICACHE: hits:12003409 misses:5375976  Hit Ratio: 69.07%
DCACHE: size: 16 KB assoc: 4
DCACHE: hits:1234835 misses:2473413 writebacks:67528  Hit Ratio: 33.30%
SCACHE: size: 512 KB assoc: 2
SCACHE: hits:2821337 misses:5028052  Hit Ratio: 35.94%
3CACHE: size: 4096 KB assoc: 2
3CACHE: hits:76895 misses:4951156  Hit Ratio: 1.53%
3CACHE: dirty items replaced:1232
ITLB: size: 48, misses 4, miss rate 0.00%
DTLB: size: 128, misses 21, miss rate 0.00%
Avg mem delay: 1.564 cycles
----------------------------------------
==== Statistics for Master ID: 3 ====
Reads: 32284354   Writes: 34
ICACHE: size: 64 KB assoc: 2
ICACHE: hits:19548515 misses:5381126  Hit Ratio: 78.41%
DCACHE: size: 16 KB assoc: 4
DCACHE: hits:5733969 misses:1620778 writebacks:44152  Hit Ratio: 77.96%
SCACHE: size: 512 KB assoc: 2
SCACHE: hits:1965331 misses:5036572  Hit Ratio: 28.07%
3CACHE: size: 4096 KB assoc: 2
3CACHE: hits:80384 misses:4956188  Hit Ratio: 1.60%
3CACHE: dirty items replaced:1219
ITLB: size: 48, misses 4, miss rate 0.00%
DTLB: size: 128, misses 21, miss rate 0.00%
Avg mem delay: 1.564 cycles
----------------------------------------
==== Global Resource Utilization ====
STASH: size: 65536 entries, full 483557750, empty 707, misses 63, full rate 100.00
icache bank util. 0.077 0.041 0.004 0.000 0.000 0.000 0.000 0.014 
dcache bank util. 0.006 0.006 0.012 0.026 0.006 0.010 0.006 0.006 
L2 bank util. 0.136 0.010 0.004 0.004 0.004 0.004 0.003 0.003 
L1-L2 bus util. = 0.065, L3 util. = 0.149
----------------------------------------
branch prediction, hits = 15767264, misses = 118019, hit rate = 99.26%
return_stack prediction, hits = 58500, misses = 4819397, hit rate = 1.20%
jump prediction, hits = 29141418, misses = 72, hit rate = 100.00%

**** Debug Statistics at 1101000000 Cycles *****
Threads: 4		Fetch Width: 8
No of useful instructions fetched:	364000487 (4.13% proc util.)
No of total instructions fetched:	510607320 (5.80% proc util.)
 includes 200 misfetch (0.0%), 146606633 (28.7%) wrong-path fetches
 and 0 flushed after failed lock(0.0%)
No of useful instructions issued/executed:	364000487 (4.13% proc util.)
No of total instructions issued/executed:	447943551 (5.09% proc util.)
 includes 83943064 wrong-path (18.7%) insts and 0 flushed (0.0%)
	fp 0, 0.00%
	synch 0, 0.00%
	integer 381927954, 85.26%
	load/store 66015597, 14.74%
Avg size of int IQ (before scheduling): 2.81
Avg size of fp IQ (before scheduling): 0.00
No of cycles taken:		1101000000
Parallelism [ 0.108, 0.000, 0.100, 0.123,] = 0.331
 IQ conflicts: 298859 (0.03%), FQ conflicts: 0 (0.00%) 
 I reg conflicts: 13220441 (1.20%), FP reg conflicts: 0 (0.00%)
  Activelist confs: 0 (0.00%), ROB confs: 0 (0.00%)
  Int unit conflicts: 27269520 (2.48%), FP unit conflicts: 0 (0.00%)
  Load/store unit conflicts: 16245 (0.00%)
  MSHR conflicts: 0 (0.00%)
----------------------------------------
==== System-wide Cache Statistics ====
Stall for miss queue full 0 cycles (0.00%)
----------------------------------------
==== Statistics for Master ID: 0 ====
Reads: 72640975   Writes: 32385258
ICACHE: size: 64 KB assoc: 2
ICACHE: hits:45555870 misses:5618335  Hit Ratio: 89.02%
DCACHE: size: 16 KB assoc: 4
DCACHE: hits:52931068 misses:920960 writebacks:920694  Hit Ratio: 98.29%
SCACHE: size: 512 KB assoc: 2
SCACHE: hits:972650 misses:5566645  Hit Ratio: 14.87%
3CACHE: size: 4096 KB assoc: 2
3CACHE: hits:87654 misses:5478991  Hit Ratio: 1.57%
3CACHE: dirty items replaced:1283
ITLB: size: 48, misses 4, miss rate 0.00%
DTLB: size: 128, misses 75, miss rate 0.00%
Avg mem delay: 1.562 cycles
----------------------------------------
==== Statistics for Master ID: 2 ====
Reads: 23183446   Writes: 33
ICACHE: size: 64 KB assoc: 2
ICACHE: hits:13193906 misses:5912585  Hit Ratio: 69.05%
DCACHE: size: 16 KB assoc: 4
DCACHE: hits:1357820 misses:2719168 writebacks:74278  Hit Ratio: 33.30%
SCACHE: size: 512 KB assoc: 2
SCACHE: hits:3101956 misses:5529797  Hit Ratio: 35.94%
3CACHE: size: 4096 KB assoc: 2
3CACHE: hits:84510 misses:5445287  Hit Ratio: 1.53%
3CACHE: dirty items replaced:1357
ITLB: size: 48, misses 4, miss rate 0.00%
DTLB: size: 128, misses 21, miss rate 0.00%
Avg mem delay: 1.562 cycles
----------------------------------------
==== Statistics for Master ID: 3 ====
Reads: 35496861   Writes: 34
ICACHE: size: 64 KB assoc: 2
ICACHE: hits:21492120 misses:5918194  Hit Ratio: 78.41%
DCACHE: size: 16 KB assoc: 4
DCACHE: hits:6304661 misses:1781920 writebacks:48500  Hit Ratio: 77.96%
SCACHE: size: 512 KB assoc: 2
SCACHE: hits:2160884 misses:5539230  Hit Ratio: 28.06%
3CACHE: size: 4096 KB assoc: 2
3CACHE: hits:88434 misses:5450796  Hit Ratio: 1.60%
3CACHE: dirty items replaced:1339
ITLB: size: 48, misses 4, miss rate 0.00%
DTLB: size: 128, misses 21, miss rate 0.00%
Avg mem delay: 1.562 cycles
----------------------------------------
==== Global Resource Utilization ====
STASH: size: 65536 entries, full 531884186, empty 707, misses 63, full rate 100.00
icache bank util. 0.077 0.040 0.004 0.000 0.000 0.000 0.000 0.014 
dcache bank util. 0.006 0.006 0.012 0.026 0.006 0.010 0.006 0.006 
L2 bank util. 0.136 0.010 0.004 0.004 0.004 0.004 0.003 0.003 
L1-L2 bus util. = 0.065, L3 util. = 0.149
----------------------------------------
branch prediction, hits = 17334238, misses = 129759, hit rate = 99.26%
return_stack prediction, hits = 64368, misses = 5303018, hit rate = 1.20%
jump prediction, hits = 32048244, misses = 72, hit rate = 100.00%

**** Debug Statistics at 1201000000 Cycles *****
Threads: 4		Fetch Width: 8
No of useful instructions fetched:	397308217 (4.14% proc util.)
No of total instructions fetched:	557517619 (5.80% proc util.)
 includes 200 misfetch (0.0%), 160209202 (28.7%) wrong-path fetches
 and 0 flushed after failed lock(0.0%)
No of useful instructions issued/executed:	397308217 (4.14% proc util.)
No of total instructions issued/executed:	489044032 (5.09% proc util.)
 includes 91735815 wrong-path (18.8%) insts and 0 flushed (0.0%)
	fp 0, 0.00%
	synch 0, 0.00%
	integer 416941925, 85.26%
	load/store 72102107, 14.74%
Avg size of int IQ (before scheduling): 2.81
Avg size of fp IQ (before scheduling): 0.00
No of cycles taken:		1201000000
Parallelism [ 0.108, 0.000, 0.100, 0.123,] = 0.331
 IQ conflicts: 326272 (0.03%), FQ conflicts: 0 (0.00%) 
 I reg conflicts: 14449529 (1.20%), FP reg conflicts: 0 (0.00%)
  Activelist confs: 0 (0.00%), ROB confs: 0 (0.00%)
  Int unit conflicts: 29786181 (2.48%), FP unit conflicts: 0 (0.00%)
  Load/store unit conflicts: 17693 (0.00%)
  MSHR conflicts: 0 (0.00%)
----------------------------------------
==== System-wide Cache Statistics ====
Stall for miss queue full 0 cycles (0.00%)
----------------------------------------
==== Statistics for Master ID: 0 ====
Reads: 79358945   Writes: 35378456
ICACHE: size: 64 KB assoc: 2
ICACHE: hits:49779774 misses:6128469  Hit Ratio: 89.04%
DCACHE: size: 16 KB assoc: 4
DCACHE: hits:57823503 misses:1005655 writebacks:1005389  Hit Ratio: 98.29%
SCACHE: size: 512 KB assoc: 2
SCACHE: hits:1062121 misses:6072003  Hit Ratio: 14.89%
3CACHE: size: 4096 KB assoc: 2
3CACHE: hits:96034 misses:5975968  Hit Ratio: 1.58%
3CACHE: dirty items replaced:1403
ITLB: size: 48, misses 4, miss rate 0.00%
DTLB: size: 128, misses 75, miss rate 0.00%
Avg mem delay: 1.562 cycles
----------------------------------------
==== Statistics for Master ID: 2 ====
Reads: 25302193   Writes: 33
ICACHE: size: 64 KB assoc: 2
ICACHE: hits:14402649 misses:6450432  Hit Ratio: 69.07%
DCACHE: size: 16 KB assoc: 4
DCACHE: hits:1481552 misses:2967593 writebacks:81091  Hit Ratio: 33.30%
SCACHE: size: 512 KB assoc: 2
SCACHE: hits:3386221 misses:6031804  Hit Ratio: 35.95%
3CACHE: size: 4096 KB assoc: 2
3CACHE: hits:92330 misses:5939474  Hit Ratio: 1.53%
3CACHE: dirty items replaced:1480
ITLB: size: 48, misses 4, miss rate 0.00%
DTLB: size: 128, misses 21, miss rate 0.00%
Avg mem delay: 1.562 cycles
----------------------------------------
==== Statistics for Master ID: 3 ====
Reads: 38737393   Writes: 34
ICACHE: size: 64 KB assoc: 2
ICACHE: hits:23457081 misses:6456542  Hit Ratio: 78.42%
DCACHE: size: 16 KB assoc: 4
DCACHE: hits:6879615 misses:1944189 writebacks:52920  Hit Ratio: 77.97%
SCACHE: size: 512 KB assoc: 2
SCACHE: hits:2358542 misses:6042189  Hit Ratio: 28.08%
3CACHE: size: 4096 KB assoc: 2
3CACHE: hits:96732 misses:5945457  Hit Ratio: 1.60%
3CACHE: dirty items replaced:1458
ITLB: size: 48, misses 4, miss rate 0.00%
DTLB: size: 128, misses 21, miss rate 0.00%
Avg mem delay: 1.562 cycles
----------------------------------------
==== Global Resource Utilization ====
STASH: size: 65536 entries, full 580762105, empty 707, misses 63, full rate 100.00
icache bank util. 0.077 0.040 0.004 0.000 0.000 0.000 0.000 0.014 
dcache bank util. 0.006 0.006 0.012 0.026 0.006 0.010 0.006 0.006 
L2 bank util. 0.136 0.010 0.004 0.004 0.004 0.004 0.003 0.003 
L1-L2 bus util. = 0.065, L3 util. = 0.149
----------------------------------------
branch prediction, hits = 18915602, misses = 141592, hit rate = 99.26%
return_stack prediction, hits = 70320, misses = 5793562, hit rate = 1.20%
jump prediction, hits = 34984870, misses = 72, hit rate = 100.00%

**** Debug Statistics at 1301000000 Cycles *****
Threads: 4		Fetch Width: 8
No of useful instructions fetched:	430736764 (4.14% proc util.)
No of total instructions fetched:	604883012 (5.81% proc util.)
 includes 200 misfetch (0.0%), 174146048 (28.8%) wrong-path fetches
 and 0 flushed after failed lock(0.0%)
No of useful instructions issued/executed:	430736764 (4.14% proc util.)
No of total instructions issued/executed:	530445362 (5.10% proc util.)
 includes 99708598 wrong-path (18.8%) insts and 0 flushed (0.0%)
	fp 0, 0.00%
	synch 0, 0.00%
	integer 452191443, 85.25%
	load/store 78253919, 14.75%
Avg size of int IQ (before scheduling): 2.82
Avg size of fp IQ (before scheduling): 0.00
No of cycles taken:		1301000000
Parallelism [ 0.108, 0.000, 0.100, 0.123,] = 0.331
 IQ conflicts: 353677 (0.03%), FQ conflicts: 0 (0.00%) 
 I reg conflicts: 15650705 (1.20%), FP reg conflicts: 0 (0.00%)
  Activelist confs: 0 (0.00%), ROB confs: 0 (0.00%)
  Int unit conflicts: 32332305 (2.49%), FP unit conflicts: 0 (0.00%)
  Load/store unit conflicts: 19168 (0.00%)
  MSHR conflicts: 0 (0.00%)
----------------------------------------
==== System-wide Cache Statistics ====
Stall for miss queue full 0 cycles (0.00%)
----------------------------------------
==== Statistics for Master ID: 0 ====
Reads: 86161328   Writes: 38421517
ICACHE: size: 64 KB assoc: 2
ICACHE: hits:54075913 misses:6637908  Hit Ratio: 89.07%
DCACHE: size: 16 KB assoc: 4
DCACHE: hits:62778051 misses:1090973 writebacks:1090707  Hit Ratio: 98.29%
SCACHE: size: 512 KB assoc: 2
SCACHE: hits:1152838 misses:6576043  Hit Ratio: 14.92%
3CACHE: size: 4096 KB assoc: 2
3CACHE: hits:103972 misses:6472071  Hit Ratio: 1.58%
3CACHE: dirty items replaced:1524
ITLB: size: 48, misses 4, miss rate 0.00%
DTLB: size: 128, misses 75, miss rate 0.00%
Avg mem delay: 1.559 cycles
----------------------------------------
==== Statistics for Master ID: 2 ====
Reads: 27430922   Writes: 33
ICACHE: size: 64 KB assoc: 2
ICACHE: hits:15620628 misses:6988342  Hit Ratio: 69.09%
DCACHE: size: 16 KB assoc: 4
DCACHE: hits:1605627 misses:3216358 writebacks:87860  Hit Ratio: 33.30%
SCACHE: size: 512 KB assoc: 2
SCACHE: hits:3671901 misses:6532799  Hit Ratio: 35.98%
3CACHE: size: 4096 KB assoc: 2
3CACHE: hits:100062 misses:6432736  Hit Ratio: 1.53%
3CACHE: dirty items replaced:1608
ITLB: size: 48, misses 4, miss rate 0.00%
DTLB: size: 128, misses 21, miss rate 0.00%
Avg mem delay: 1.559 cycles
----------------------------------------
==== Statistics for Master ID: 3 ====
Reads: 41987026   Writes: 34
ICACHE: size: 64 KB assoc: 2
ICACHE: hits:25429142 misses:6995008  Hit Ratio: 78.43%
DCACHE: size: 16 KB assoc: 4
DCACHE: hits:7455496 misses:2107414 writebacks:57247  Hit Ratio: 77.96%
SCACHE: size: 512 KB assoc: 2
SCACHE: hits:2558255 misses:6544167  Hit Ratio: 28.11%
3CACHE: size: 4096 KB assoc: 2
3CACHE: hits:104934 misses:6439233  Hit Ratio: 1.60%
3CACHE: dirty items replaced:1583
ITLB: size: 48, misses 4, miss rate 0.00%
DTLB: size: 128, misses 21, miss rate 0.00%
Avg mem delay: 1.559 cycles
----------------------------------------
==== Global Resource Utilization ====
STASH: size: 65536 entries, full 630107308, empty 707, misses 63, full rate 100.00
icache bank util. 0.077 0.041 0.004 0.000 0.000 0.000 0.000 0.014 
dcache bank util. 0.006 0.006 0.012 0.026 0.006 0.010 0.006 0.006 
L2 bank util. 0.136 0.010 0.004 0.004 0.004 0.004 0.003 0.003 
L1-L2 bus util. = 0.065, L3 util. = 0.149
----------------------------------------
branch prediction, hits = 20502722, misses = 153456, hit rate = 99.26%
return_stack prediction, hits = 76308, misses = 6287073, hit rate = 1.20%
jump prediction, hits = 37934453, misses = 72, hit rate = 100.00%

**** Debug Statistics at 1401000000 Cycles *****
Threads: 4		Fetch Width: 8
No of useful instructions fetched:	463824955 (4.14% proc util.)
No of total instructions fetched:	651429254 (5.81% proc util.)
 includes 200 misfetch (0.0%), 187604099 (28.8%) wrong-path fetches
 and 0 flushed after failed lock(0.0%)
No of useful instructions issued/executed:	463824954 (4.14% proc util.)
No of total instructions issued/executed:	571244248 (5.10% proc util.)
 includes 107419294 wrong-path (18.8%) insts and 0 flushed (0.0%)
	fp 0, 0.00%
	synch 0, 0.00%
	integer 486963404, 85.25%
	load/store 84280844, 14.75%
Avg size of int IQ (before scheduling): 2.82
Avg size of fp IQ (before scheduling): 0.00
No of cycles taken:		1401000000
Parallelism [ 0.108, 0.000, 0.100, 0.123,] = 0.331
 IQ conflicts: 381414 (0.03%), FQ conflicts: 0 (0.00%) 
 I reg conflicts: 16863094 (1.20%), FP reg conflicts: 0 (0.00%)
  Activelist confs: 0 (0.00%), ROB confs: 0 (0.00%)
  Int unit conflicts: 34817548 (2.49%), FP unit conflicts: 0 (0.00%)
  Load/store unit conflicts: 20578 (0.00%)
  MSHR conflicts: 0 (0.00%)
----------------------------------------
==== System-wide Cache Statistics ====
Stall for miss queue full 0 cycles (0.00%)
----------------------------------------
==== Statistics for Master ID: 0 ====
Reads: 92799676   Writes: 41382628
ICACHE: size: 64 KB assoc: 2
ICACHE: hits:58243027 misses:7148179  Hit Ratio: 89.07%
DCACHE: size: 16 KB assoc: 4
DCACHE: hits:67616403 misses:1174695 writebacks:1174429  Hit Ratio: 98.29%
SCACHE: size: 512 KB assoc: 2
SCACHE: hits:1241490 misses:7081384  Hit Ratio: 14.92%
3CACHE: size: 4096 KB assoc: 2
3CACHE: hits:112170 misses:6969214  Hit Ratio: 1.58%
3CACHE: dirty items replaced:1643
ITLB: size: 48, misses 4, miss rate 0.00%
DTLB: size: 128, misses 75, miss rate 0.00%
Avg mem delay: 1.559 cycles
----------------------------------------
==== Statistics for Master ID: 2 ====
Reads: 29533514   Writes: 33
ICACHE: size: 64 KB assoc: 2
ICACHE: hits:16815879 misses:7525329  Hit Ratio: 69.08%
DCACHE: size: 16 KB assoc: 4
DCACHE: hits:1729629 misses:3462710 writebacks:94545  Hit Ratio: 33.31%
SCACHE: size: 512 KB assoc: 2
SCACHE: hits:3953095 misses:7034944  Hit Ratio: 35.98%
3CACHE: size: 4096 KB assoc: 2
3CACHE: hits:107922 misses:6927021  Hit Ratio: 1.53%
3CACHE: dirty items replaced:1740
ITLB: size: 48, misses 4, miss rate 0.00%
DTLB: size: 128, misses 21, miss rate 0.00%
Avg mem delay: 1.559 cycles
----------------------------------------
==== Statistics for Master ID: 3 ====
Reads: 45211820   Writes: 34
ICACHE: size: 64 KB assoc: 2
ICACHE: hits:27381867 misses:7532580  Hit Ratio: 78.43%
DCACHE: size: 16 KB assoc: 4
DCACHE: hits:8028276 misses:2269131 writebacks:61675  Hit Ratio: 77.96%
SCACHE: size: 512 KB assoc: 2
SCACHE: hits:2754418 misses:7047293  Hit Ratio: 28.10%
3CACHE: size: 4096 KB assoc: 2
3CACHE: hits:113257 misses:6934036  Hit Ratio: 1.61%
3CACHE: dirty items replaced:1711
ITLB: size: 48, misses 4, miss rate 0.00%
DTLB: size: 128, misses 21, miss rate 0.00%
Avg mem delay: 1.559 cycles
----------------------------------------
==== Global Resource Utilization ====
STASH: size: 65536 entries, full 678597412, empty 707, misses 63, full rate 100.00
icache bank util. 0.077 0.040 0.004 0.000 0.000 0.000 0.000 0.014 
dcache bank util. 0.006 0.006 0.012 0.026 0.006 0.010 0.006 0.006 
L2 bank util. 0.136 0.010 0.004 0.004 0.004 0.004 0.003 0.003 
L1-L2 bus util. = 0.065, L3 util. = 0.149
----------------------------------------
branch prediction, hits = 22074017, misses = 165239, hit rate = 99.26%
return_stack prediction, hits = 82188, misses = 6771573, hit rate = 1.20%
jump prediction, hits = 40847922, misses = 72, hit rate = 100.00%

**** Debug Statistics at 1501000000 Cycles *****
Threads: 4		Fetch Width: 8
No of useful instructions fetched:	497266286 (4.14% proc util.)
No of total instructions fetched:	698243094 (5.81% proc util.)
 includes 200 misfetch (0.0%), 200976608 (28.8%) wrong-path fetches
 and 0 flushed after failed lock(0.0%)
No of useful instructions issued/executed:	497266278 (4.14% proc util.)
No of total instructions issued/executed:	612341402 (5.10% proc util.)
 includes 115075124 wrong-path (18.8%) insts and 0 flushed (0.0%)
	fp 0, 0.00%
	synch 0, 0.00%
	integer 522000489, 85.25%
	load/store 90340913, 14.75%
Avg size of int IQ (before scheduling): 2.82
Avg size of fp IQ (before scheduling): 0.00
No of cycles taken:		1501000000
Parallelism [ 0.108, 0.000, 0.100, 0.123,] = 0.331
 IQ conflicts: 409901 (0.03%), FQ conflicts: 0 (0.00%) 
 I reg conflicts: 18094829 (1.21%), FP reg conflicts: 0 (0.00%)
  Activelist confs: 0 (0.00%), ROB confs: 0 (0.00%)
  Int unit conflicts: 37336455 (2.49%), FP unit conflicts: 0 (0.00%)
  Load/store unit conflicts: 22146 (0.00%)
  MSHR conflicts: 0 (0.00%)
----------------------------------------
==== System-wide Cache Statistics ====
Stall for miss queue full 0 cycles (0.00%)
----------------------------------------
==== Statistics for Master ID: 0 ====
Reads: 99472519   Writes: 44345580
ICACHE: size: 64 KB assoc: 2
ICACHE: hits:62424922 misses:7658640  Hit Ratio: 89.07%
DCACHE: size: 16 KB assoc: 4
DCACHE: hits:72475297 misses:1259240 writebacks:1258974  Hit Ratio: 98.29%
SCACHE: size: 512 KB assoc: 2
SCACHE: hits:1331709 misses:7586171  Hit Ratio: 14.93%
3CACHE: size: 4096 KB assoc: 2
3CACHE: hits:120102 misses:7466069  Hit Ratio: 1.58%
3CACHE: dirty items replaced:1767
ITLB: size: 48, misses 4, miss rate 0.00%
DTLB: size: 128, misses 75, miss rate 0.00%
Avg mem delay: 1.559 cycles
----------------------------------------
==== Statistics for Master ID: 2 ====
Reads: 31666748   Writes: 33
ICACHE: size: 64 KB assoc: 2
ICACHE: hits:18037037 misses:8062631  Hit Ratio: 69.11%
DCACHE: size: 16 KB assoc: 4
DCACHE: hits:1854083 misses:3713030 writebacks:101403  Hit Ratio: 33.30%
SCACHE: size: 512 KB assoc: 2
SCACHE: hits:4238869 misses:7536792  Hit Ratio: 36.00%
3CACHE: size: 4096 KB assoc: 2
3CACHE: hits:115754 misses:7421038  Hit Ratio: 1.54%
3CACHE: dirty items replaced:1874
ITLB: size: 48, misses 4, miss rate 0.00%
DTLB: size: 128, misses 21, miss rate 0.00%
Avg mem delay: 1.559 cycles
----------------------------------------
==== Statistics for Master ID: 3 ====
Reads: 48476989   Writes: 34
ICACHE: size: 64 KB assoc: 2
ICACHE: hits:29366963 misses:8070797  Hit Ratio: 78.44%
DCACHE: size: 16 KB assoc: 4
DCACHE: hits:8606918 misses:2432345 writebacks:66052  Hit Ratio: 77.97%
SCACHE: size: 512 KB assoc: 2
SCACHE: hits:2953339 misses:7549803  Hit Ratio: 28.12%
3CACHE: size: 4096 KB assoc: 2
3CACHE: hits:121172 misses:7428630  Hit Ratio: 1.60%
3CACHE: dirty items replaced:1836
ITLB: size: 48, misses 4, miss rate 0.00%
DTLB: size: 128, misses 21, miss rate 0.00%
Avg mem delay: 1.559 cycles
----------------------------------------
==== Global Resource Utilization ====
STASH: size: 65536 entries, full 727372744, empty 707, misses 63, full rate 100.00
icache bank util. 0.077 0.040 0.004 0.000 0.000 0.000 0.000 0.014 
dcache bank util. 0.006 0.006 0.012 0.026 0.006 0.010 0.006 0.006 
L2 bank util. 0.136 0.010 0.004 0.004 0.004 0.004 0.003 0.003 
L1-L2 bus util. = 0.065, L3 util. = 0.149
----------------------------------------
branch prediction, hits = 23662012, misses = 177142, hit rate = 99.26%
return_stack prediction, hits = 88116, misses = 7260249, hit rate = 1.20%
jump prediction, hits = 43791068, misses = 72, hit rate = 100.00%

**** Debug Statistics at 1601000000 Cycles *****
Threads: 4		Fetch Width: 8
No of useful instructions fetched:	530356825 (4.14% proc util.)
No of total instructions fetched:	744595998 (5.81% proc util.)
 includes 200 misfetch (0.0%), 214238973 (28.8%) wrong-path fetches
 and 0 flushed after failed lock(0.0%)
No of useful instructions issued/executed:	530356825 (4.14% proc util.)
No of total instructions issued/executed:	653030448 (5.10% proc util.)
 includes 122673623 wrong-path (18.8%) insts and 0 flushed (0.0%)
	fp 0, 0.00%
	synch 0, 0.00%
	integer 556688862, 85.25%
	load/store 96341586, 14.75%
Avg size of int IQ (before scheduling): 2.82
Avg size of fp IQ (before scheduling): 0.00
No of cycles taken:		1601000000
Parallelism [ 0.108, 0.000, 0.100, 0.123,] = 0.331
 IQ conflicts: 436550 (0.03%), FQ conflicts: 0 (0.00%) 
 I reg conflicts: 19305808 (1.21%), FP reg conflicts: 0 (0.00%)
  Activelist confs: 0 (0.00%), ROB confs: 0 (0.00%)
  Int unit conflicts: 39818701 (2.49%), FP unit conflicts: 0 (0.00%)
  Load/store unit conflicts: 23638 (0.00%)
  MSHR conflicts: 0 (0.00%)
----------------------------------------
==== System-wide Cache Statistics ====
Stall for miss queue full 0 cycles (0.00%)
----------------------------------------
==== Statistics for Master ID: 0 ====
Reads: 106076200   Writes: 47280637
ICACHE: size: 64 KB assoc: 2
ICACHE: hits:66559019 misses:8168886  Hit Ratio: 89.07%
DCACHE: size: 16 KB assoc: 4
DCACHE: hits:77286020 misses:1342912 writebacks:1342646  Hit Ratio: 98.29%
SCACHE: size: 512 KB assoc: 2
SCACHE: hits:1420229 misses:8091569  Hit Ratio: 14.93%
3CACHE: size: 4096 KB assoc: 2
3CACHE: hits:128139 misses:7963430  Hit Ratio: 1.58%
3CACHE: dirty items replaced:1883
ITLB: size: 48, misses 4, miss rate 0.00%
DTLB: size: 128, misses 75, miss rate 0.00%
Avg mem delay: 1.559 cycles
----------------------------------------
==== Statistics for Master ID: 2 ====
Reads: 33769400   Writes: 33
ICACHE: size: 64 KB assoc: 2
ICACHE: hits:19233479 misses:8599655  Hit Ratio: 69.10%
DCACHE: size: 16 KB assoc: 4
DCACHE: hits:1977181 misses:3959118 writebacks:108144  Hit Ratio: 33.31%
SCACHE: size: 512 KB assoc: 2
SCACHE: hits:4519689 misses:8039084  Hit Ratio: 35.99%
3CACHE: size: 4096 KB assoc: 2
3CACHE: hits:123447 misses:7915637  Hit Ratio: 1.54%
3CACHE: dirty items replaced:1987
ITLB: size: 48, misses 4, miss rate 0.00%
DTLB: size: 128, misses 21, miss rate 0.00%
Avg mem delay: 1.559 cycles
----------------------------------------
==== Statistics for Master ID: 3 ====
Reads: 51708189   Writes: 34
ICACHE: size: 64 KB assoc: 2
ICACHE: hits:31323657 misses:8608211  Hit Ratio: 78.44%
DCACHE: size: 16 KB assoc: 4
DCACHE: hits:9181070 misses:2595285 writebacks:70525  Hit Ratio: 77.96%
SCACHE: size: 512 KB assoc: 2
SCACHE: hits:3150440 misses:8053056  Hit Ratio: 28.12%
3CACHE: size: 4096 KB assoc: 2
3CACHE: hits:129353 misses:7923703  Hit Ratio: 1.61%
3CACHE: dirty items replaced:1955
ITLB: size: 48, misses 4, miss rate 0.00%
DTLB: size: 128, misses 21, miss rate 0.00%
Avg mem delay: 1.559 cycles
----------------------------------------
==== Global Resource Utilization ====
STASH: size: 65536 entries, full 775669264, empty 707, misses 63, full rate 100.00
icache bank util. 0.077 0.040 0.004 0.000 0.000 0.000 0.000 0.014 
dcache bank util. 0.006 0.006 0.012 0.026 0.006 0.010 0.006 0.006 
L2 bank util. 0.136 0.010 0.004 0.004 0.004 0.004 0.003 0.003 
L1-L2 bus util. = 0.065, L3 util. = 0.149
----------------------------------------
branch prediction, hits = 25234135, misses = 188966, hit rate = 99.26%
return_stack prediction, hits = 93996, misses = 7744859, hit rate = 1.20%
jump prediction, hits = 46706204, misses = 72, hit rate = 100.00%

**** Debug Statistics at 1701000000 Cycles *****
Threads: 4		Fetch Width: 8
No of useful instructions fetched:	563710169 (4.14% proc util.)
No of total instructions fetched:	791406162 (5.82% proc util.)
 includes 200 misfetch (0.0%), 227695793 (28.8%) wrong-path fetches
 and 0 flushed after failed lock(0.0%)
No of useful instructions issued/executed:	563710158 (4.14% proc util.)
No of total instructions issued/executed:	694088784 (5.10% proc util.)
 includes 130378626 wrong-path (18.8%) insts and 0 flushed (0.0%)
	fp 0, 0.00%
	synch 0, 0.00%
	integer 591683869, 85.25%
	load/store 102404915, 14.75%
Avg size of int IQ (before scheduling): 2.82
Avg size of fp IQ (before scheduling): 0.00
No of cycles taken:		1701000000
Parallelism [ 0.108, 0.000, 0.100, 0.123,] = 0.331
 IQ conflicts: 463655 (0.03%), FQ conflicts: 0 (0.00%) 
 I reg conflicts: 20537817 (1.21%), FP reg conflicts: 0 (0.00%)
  Activelist confs: 0 (0.00%), ROB confs: 0 (0.00%)
  Int unit conflicts: 42337909 (2.49%), FP unit conflicts: 0 (0.00%)
  Load/store unit conflicts: 25123 (0.00%)
  MSHR conflicts: 0 (0.00%)
----------------------------------------
==== System-wide Cache Statistics ====
Stall for miss queue full 0 cycles (0.00%)
----------------------------------------
==== Statistics for Master ID: 0 ====
Reads: 112756572   Writes: 50251786
ICACHE: size: 64 KB assoc: 2
ICACHE: hits:70751299 misses:8679186  Hit Ratio: 89.07%
DCACHE: size: 16 KB assoc: 4
DCACHE: hits:82150547 misses:1427326 writebacks:1427060  Hit Ratio: 98.29%
SCACHE: size: 512 KB assoc: 2
SCACHE: hits:1510106 misses:8596406  Hit Ratio: 14.94%
3CACHE: size: 4096 KB assoc: 2
3CACHE: hits:135938 misses:8460468  Hit Ratio: 1.58%
3CACHE: dirty items replaced:2010
ITLB: size: 48, misses 4, miss rate 0.00%
DTLB: size: 128, misses 75, miss rate 0.00%
Avg mem delay: 1.559 cycles
----------------------------------------
==== Statistics for Master ID: 2 ====
Reads: 35889647   Writes: 33
ICACHE: size: 64 KB assoc: 2
ICACHE: hits:20444817 misses:9136984  Hit Ratio: 69.11%
DCACHE: size: 16 KB assoc: 4
DCACHE: hits:2100878 misses:4207001 writebacks:114906  Hit Ratio: 33.31%
SCACHE: size: 512 KB assoc: 2
SCACHE: hits:4803136 misses:8540848  Hit Ratio: 35.99%
3CACHE: size: 4096 KB assoc: 2
3CACHE: hits:131047 misses:8409801  Hit Ratio: 1.53%
3CACHE: dirty items replaced:2123
ITLB: size: 48, misses 4, miss rate 0.00%
DTLB: size: 128, misses 21, miss rate 0.00%
Avg mem delay: 1.559 cycles
----------------------------------------
==== Statistics for Master ID: 3 ====
Reads: 54971155   Writes: 34
ICACHE: size: 64 KB assoc: 2
ICACHE: hits:33306236 misses:9145790  Hit Ratio: 78.46%
DCACHE: size: 16 KB assoc: 4
DCACHE: hits:9760434 misses:2758729 writebacks:74978  Hit Ratio: 77.96%
SCACHE: size: 512 KB assoc: 2
SCACHE: hits:3348549 misses:8555970  Hit Ratio: 28.13%
3CACHE: size: 4096 KB assoc: 2
3CACHE: hits:137661 misses:8418309  Hit Ratio: 1.61%
3CACHE: dirty items replaced:2088
ITLB: size: 48, misses 4, miss rate 0.00%
DTLB: size: 128, misses 21, miss rate 0.00%
Avg mem delay: 1.559 cycles
----------------------------------------
==== Global Resource Utilization ====
STASH: size: 65536 entries, full 824439729, empty 707, misses 63, full rate 100.00
icache bank util. 0.077 0.040 0.004 0.000 0.000 0.000 0.000 0.014 
dcache bank util. 0.006 0.006 0.012 0.026 0.006 0.010 0.006 0.006 
L2 bank util. 0.136 0.010 0.004 0.004 0.004 0.004 0.003 0.003 
L1-L2 bus util. = 0.065, L3 util. = 0.149
----------------------------------------
branch prediction, hits = 26818935, misses = 200883, hit rate = 99.26%
return_stack prediction, hits = 99924, misses = 8233425, hit rate = 1.20%
jump prediction, hits = 49645620, misses = 72, hit rate = 100.00%

**** Debug Statistics at 1801000000 Cycles *****
Threads: 4		Fetch Width: 8
No of useful instructions fetched:	597052863 (4.14% proc util.)
No of total instructions fetched:	838362941 (5.82% proc util.)
 includes 200 misfetch (0.0%), 241309878 (28.8%) wrong-path fetches
 and 0 flushed after failed lock(0.0%)
No of useful instructions issued/executed:	597052863 (4.14% proc util.)
No of total instructions issued/executed:	735225103 (5.10% proc util.)
 includes 138172240 wrong-path (18.8%) insts and 0 flushed (0.0%)
	fp 0, 0.00%
	synch 0, 0.00%
	integer 626730110, 85.24%
	load/store 108494993, 14.76%
Avg size of int IQ (before scheduling): 2.82
Avg size of fp IQ (before scheduling): 0.00
No of cycles taken:		1801000000
Parallelism [ 0.108, 0.000, 0.100, 0.123,] = 0.332
 IQ conflicts: 491667 (0.03%), FQ conflicts: 0 (0.00%) 
 I reg conflicts: 21764307 (1.21%), FP reg conflicts: 0 (0.00%)
  Activelist confs: 0 (0.00%), ROB confs: 0 (0.00%)
  Int unit conflicts: 44859458 (2.49%), FP unit conflicts: 0 (0.00%)
  Load/store unit conflicts: 26647 (0.00%)
  MSHR conflicts: 0 (0.00%)
----------------------------------------
==== System-wide Cache Statistics ====
Stall for miss queue full 0 cycles (0.00%)
----------------------------------------
==== Statistics for Master ID: 0 ====
Reads: 119478566   Writes: 53246472
ICACHE: size: 64 KB assoc: 2
ICACHE: hits:74978328 misses:9189426  Hit Ratio: 89.08%
DCACHE: size: 16 KB assoc: 4
DCACHE: hits:87045142 misses:1512142 writebacks:1511876  Hit Ratio: 98.29%
SCACHE: size: 512 KB assoc: 2
SCACHE: hits:1600006 misses:9101562  Hit Ratio: 14.95%
3CACHE: size: 4096 KB assoc: 2
3CACHE: hits:144095 misses:8957467  Hit Ratio: 1.58%
3CACHE: dirty items replaced:2150
ITLB: size: 48, misses 4, miss rate 0.00%
DTLB: size: 128, misses 75, miss rate 0.00%
Avg mem delay: 1.558 cycles
----------------------------------------
==== Statistics for Master ID: 2 ====
Reads: 38017548   Writes: 33
ICACHE: size: 64 KB assoc: 2
ICACHE: hits:21662205 misses:9674531  Hit Ratio: 69.13%
DCACHE: size: 16 KB assoc: 4
DCACHE: hits:2225465 misses:4455380 writebacks:121759  Hit Ratio: 33.31%
SCACHE: size: 512 KB assoc: 2
SCACHE: hits:5087140 misses:9042771  Hit Ratio: 36.00%
3CACHE: size: 4096 KB assoc: 2
3CACHE: hits:138800 misses:8903971  Hit Ratio: 1.53%
3CACHE: dirty items replaced:2263
ITLB: size: 48, misses 4, miss rate 0.00%
DTLB: size: 128, misses 21, miss rate 0.00%
Avg mem delay: 1.558 cycles
----------------------------------------
==== Statistics for Master ID: 3 ====
Reads: 58212339   Writes: 34
ICACHE: size: 64 KB assoc: 2
ICACHE: hits:35271836 misses:9683673  Hit Ratio: 78.46%
DCACHE: size: 16 KB assoc: 4
DCACHE: hits:10336050 misses:2920814 writebacks:79433  Hit Ratio: 77.97%
SCACHE: size: 512 KB assoc: 2
SCACHE: hits:3545406 misses:9059081  Hit Ratio: 28.13%
3CACHE: size: 4096 KB assoc: 2
3CACHE: hits:146134 misses:8912947  Hit Ratio: 1.61%
3CACHE: dirty items replaced:2221
ITLB: size: 48, misses 4, miss rate 0.00%
DTLB: size: 128, misses 21, miss rate 0.00%
Avg mem delay: 1.558 cycles
----------------------------------------
==== Global Resource Utilization ====
STASH: size: 65536 entries, full 873364387, empty 707, misses 63, full rate 100.00
icache bank util. 0.077 0.040 0.004 0.000 0.000 0.000 0.000 0.014 
dcache bank util. 0.006 0.006 0.012 0.026 0.006 0.010 0.006 0.006 
L2 bank util. 0.136 0.010 0.004 0.004 0.004 0.004 0.003 0.003 
L1-L2 bus util. = 0.065, L3 util. = 0.149
----------------------------------------
branch prediction, hits = 28401841, misses = 212721, hit rate = 99.26%
return_stack prediction, hits = 105876, misses = 8723969, hit rate = 1.20%
jump prediction, hits = 52584289, misses = 72, hit rate = 100.00%

**** Debug Statistics at 1901000000 Cycles *****
Threads: 4		Fetch Width: 8
No of useful instructions fetched:	630423244 (4.15% proc util.)
No of total instructions fetched:	885101186 (5.82% proc util.)
 includes 200 misfetch (0.0%), 254677742 (28.8%) wrong-path fetches
 and 0 flushed after failed lock(0.0%)
No of useful instructions issued/executed:	630423230 (4.15% proc util.)
No of total instructions issued/executed:	776258649 (5.10% proc util.)
 includes 145835419 wrong-path (18.8%) insts and 0 flushed (0.0%)
	fp 0, 0.00%
	synch 0, 0.00%
	integer 661712756, 85.24%
	load/store 114545893, 14.76%
Avg size of int IQ (before scheduling): 2.82
Avg size of fp IQ (before scheduling): 0.00
No of cycles taken:		1901000000
Parallelism [ 0.108, 0.000, 0.100, 0.123,] = 0.332
 IQ conflicts: 519444 (0.03%), FQ conflicts: 0 (0.00%) 
 I reg conflicts: 23020696 (1.21%), FP reg conflicts: 0 (0.00%)
  Activelist confs: 0 (0.00%), ROB confs: 0 (0.00%)
  Int unit conflicts: 47364174 (2.49%), FP unit conflicts: 0 (0.00%)
  Load/store unit conflicts: 28158 (0.00%)
  MSHR conflicts: 0 (0.00%)
----------------------------------------
==== System-wide Cache Statistics ====
Stall for miss queue full 0 cycles (0.00%)
----------------------------------------
==== Statistics for Master ID: 0 ====
Reads: 126136898   Writes: 56205939
ICACHE: size: 64 KB assoc: 2
ICACHE: hits:79150708 misses:9699868  Hit Ratio: 89.08%
DCACHE: size: 16 KB assoc: 4
DCACHE: hits:91895861 misses:1596400 writebacks:1596134  Hit Ratio: 98.29%
SCACHE: size: 512 KB assoc: 2
SCACHE: hits:1689752 misses:9606516  Hit Ratio: 14.96%
3CACHE: size: 4096 KB assoc: 2
3CACHE: hits:152191 misses:9454325  Hit Ratio: 1.58%
3CACHE: dirty items replaced:2271
ITLB: size: 48, misses 4, miss rate 0.00%
DTLB: size: 128, misses 75, miss rate 0.00%
Avg mem delay: 1.559 cycles
----------------------------------------
==== Statistics for Master ID: 2 ====
Reads: 40131267   Writes: 33
ICACHE: size: 64 KB assoc: 2
ICACHE: hits:22866568 misses:10212018  Hit Ratio: 69.13%
DCACHE: size: 16 KB assoc: 4
DCACHE: hits:2349072 misses:4703642 writebacks:128561  Hit Ratio: 33.31%
SCACHE: size: 512 KB assoc: 2
SCACHE: hits:5371094 misses:9544566  Hit Ratio: 36.01%
3CACHE: size: 4096 KB assoc: 2
3CACHE: hits:146483 misses:9398083  Hit Ratio: 1.53%
3CACHE: dirty items replaced:2381
ITLB: size: 48, misses 4, miss rate 0.00%
DTLB: size: 128, misses 21, miss rate 0.00%
Avg mem delay: 1.559 cycles
----------------------------------------
==== Statistics for Master ID: 3 ====
Reads: 61480645   Writes: 34
ICACHE: size: 64 KB assoc: 2
ICACHE: hits:37258386 misses:10221375  Hit Ratio: 78.47%
DCACHE: size: 16 KB assoc: 4
DCACHE: hits:10916149 misses:3084769 writebacks:83870  Hit Ratio: 77.97%
SCACHE: size: 512 KB assoc: 2
SCACHE: hits:3744323 misses:9561821  Hit Ratio: 28.14%
3CACHE: size: 4096 KB assoc: 2
3CACHE: hits:154276 misses:9407545  Hit Ratio: 1.61%
3CACHE: dirty items replaced:2340
ITLB: size: 48, misses 4, miss rate 0.00%
DTLB: size: 128, misses 21, miss rate 0.00%
Avg mem delay: 1.559 cycles
----------------------------------------
==== Global Resource Utilization ====
STASH: size: 65536 entries, full 922059543, empty 707, misses 63, full rate 100.00
icache bank util. 0.077 0.040 0.005 0.000 0.000 0.000 0.000 0.014 
dcache bank util. 0.006 0.006 0.012 0.026 0.006 0.010 0.006 0.006 
L2 bank util. 0.136 0.010 0.004 0.004 0.004 0.004 0.003 0.003 
L1-L2 bus util. = 0.065, L3 util. = 0.149
----------------------------------------
branch prediction, hits = 29987678, misses = 224654, hit rate = 99.26%
return_stack prediction, hits = 111792, misses = 9211546, hit rate = 1.20%
jump prediction, hits = 55523911, misses = 72, hit rate = 100.00%

**** Debug Statistics at 2001000000 Cycles *****
Threads: 4		Fetch Width: 8
No of useful instructions fetched:	663697585 (4.15% proc util.)
No of total instructions fetched:	932013749 (5.82% proc util.)
 includes 200 misfetch (0.0%), 268315964 (28.8%) wrong-path fetches
 and 0 flushed after failed lock(0.0%)
No of useful instructions issued/executed:	663697585 (4.15% proc util.)
No of total instructions issued/executed:	817341062 (5.11% proc util.)
 includes 153643477 wrong-path (18.8%) insts and 0 flushed (0.0%)
	fp 0, 0.00%
	synch 0, 0.00%
	integer 696710985, 85.24%
	load/store 120630077, 14.76%
Avg size of int IQ (before scheduling): 2.82
Avg size of fp IQ (before scheduling): 0.00
No of cycles taken:		2001000000
Parallelism [ 0.108, 0.000, 0.100, 0.123,] = 0.332
 IQ conflicts: 547161 (0.03%), FQ conflicts: 0 (0.00%) 
 I reg conflicts: 24226056 (1.21%), FP reg conflicts: 0 (0.00%)
  Activelist confs: 0 (0.00%), ROB confs: 0 (0.00%)
  Int unit conflicts: 49882818 (2.49%), FP unit conflicts: 0 (0.00%)
  Load/store unit conflicts: 29666 (0.00%)
  MSHR conflicts: 0 (0.00%)
----------------------------------------
==== System-wide Cache Statistics ====
Stall for miss queue full 0 cycles (0.00%)
----------------------------------------
==== Statistics for Master ID: 0 ====
Reads: 132851338   Writes: 59201674
ICACHE: size: 64 KB assoc: 2
ICACHE: hits:83375156 misses:10209875  Hit Ratio: 89.09%
DCACHE: size: 16 KB assoc: 4
DCACHE: hits:96786963 misses:1681018 writebacks:1680752  Hit Ratio: 98.29%
SCACHE: size: 512 KB assoc: 2
SCACHE: hits:1779611 misses:10111282  Hit Ratio: 14.97%
3CACHE: size: 4096 KB assoc: 2
3CACHE: hits:160223 misses:9951059  Hit Ratio: 1.58%
3CACHE: dirty items replaced:2402
ITLB: size: 48, misses 4, miss rate 0.00%
DTLB: size: 128, misses 75, miss rate 0.00%
Avg mem delay: 1.558 cycles
----------------------------------------
==== Statistics for Master ID: 2 ====
Reads: 42249601   Writes: 33
ICACHE: size: 64 KB assoc: 2
ICACHE: hits:24074701 misses:10749788  Hit Ratio: 69.13%
DCACHE: size: 16 KB assoc: 4
DCACHE: hits:2473512 misses:4951633 writebacks:135397  Hit Ratio: 33.31%
SCACHE: size: 512 KB assoc: 2
SCACHE: hits:5655216 misses:10046205  Hit Ratio: 36.02%
3CACHE: size: 4096 KB assoc: 2
3CACHE: hits:154181 misses:9892024  Hit Ratio: 1.53%
3CACHE: dirty items replaced:2509
ITLB: size: 48, misses 4, miss rate 0.00%
DTLB: size: 128, misses 21, miss rate 0.00%
Avg mem delay: 1.558 cycles
----------------------------------------
==== Statistics for Master ID: 3 ====
Reads: 64716942   Writes: 34
ICACHE: size: 64 KB assoc: 2
ICACHE: hits:39220297 misses:10759728  Hit Ratio: 78.47%
DCACHE: size: 16 KB assoc: 4
DCACHE: hits:11490665 misses:3246286 writebacks:88219  Hit Ratio: 77.97%
SCACHE: size: 512 KB assoc: 2
SCACHE: hits:3941562 misses:10064452  Hit Ratio: 28.14%
3CACHE: size: 4096 KB assoc: 2
3CACHE: hits:162482 misses:9901970  Hit Ratio: 1.61%
3CACHE: dirty items replaced:2468
ITLB: size: 48, misses 4, miss rate 0.00%
DTLB: size: 128, misses 21, miss rate 0.00%
Avg mem delay: 1.558 cycles
----------------------------------------
==== Global Resource Utilization ====
STASH: size: 65536 entries, full 970935770, empty 707, misses 63, full rate 100.00
icache bank util. 0.078 0.040 0.005 0.000 0.000 0.000 0.000 0.014 
dcache bank util. 0.006 0.006 0.012 0.026 0.006 0.010 0.006 0.006 
L2 bank util. 0.137 0.010 0.004 0.004 0.004 0.004 0.003 0.003 
L1-L2 bus util. = 0.065, L3 util. = 0.149
----------------------------------------
branch prediction, hits = 31567229, misses = 236469, hit rate = 99.26%
return_stack prediction, hits = 117732, misses = 9701101, hit rate = 1.20%
jump prediction, hits = 58456177, misses = 72, hit rate = 100.00%

**** Debug Statistics at 2101000000 Cycles *****
Threads: 4		Fetch Width: 8
No of useful instructions fetched:	696845203 (4.15% proc util.)
No of total instructions fetched:	978401516 (5.82% proc util.)
 includes 200 misfetch (0.0%), 281556113 (28.8%) wrong-path fetches
 and 0 flushed after failed lock(0.0%)
No of useful instructions issued/executed:	696845203 (4.15% proc util.)
No of total instructions issued/executed:	858072410 (5.11% proc util.)
 includes 161227207 wrong-path (18.8%) insts and 0 flushed (0.0%)
	fp 0, 0.00%
	synch 0, 0.00%
	integer 731437396, 85.24%
	load/store 126635014, 14.76%
Avg size of int IQ (before scheduling): 2.82
Avg size of fp IQ (before scheduling): 0.00
No of cycles taken:		2101000000
Parallelism [ 0.108, 0.000, 0.100, 0.123,] = 0.332
 IQ conflicts: 574507 (0.03%), FQ conflicts: 0 (0.00%) 
 I reg conflicts: 25439769 (1.21%), FP reg conflicts: 0 (0.00%)
  Activelist confs: 0 (0.00%), ROB confs: 0 (0.00%)
  Int unit conflicts: 52354772 (2.49%), FP unit conflicts: 0 (0.00%)
  Load/store unit conflicts: 31191 (0.00%)
  MSHR conflicts: 0 (0.00%)
----------------------------------------
==== System-wide Cache Statistics ====
Stall for miss queue full 0 cycles (0.00%)
----------------------------------------
==== Statistics for Master ID: 0 ====
Reads: 139457879   Writes: 62136429
ICACHE: size: 64 KB assoc: 2
ICACHE: hits:87508998 misses:10720249  Hit Ratio: 89.09%
DCACHE: size: 16 KB assoc: 4
DCACHE: hits:101600329 misses:1764732 writebacks:1764466  Hit Ratio: 98.29%
SCACHE: size: 512 KB assoc: 2
SCACHE: hits:1868162 misses:10616819  Hit Ratio: 14.96%
3CACHE: size: 4096 KB assoc: 2
3CACHE: hits:168301 misses:10448518  Hit Ratio: 1.59%
3CACHE: dirty items replaced:2531
ITLB: size: 48, misses 4, miss rate 0.00%
DTLB: size: 128, misses 75, miss rate 0.00%
Avg mem delay: 1.558 cycles
----------------------------------------
==== Statistics for Master ID: 2 ====
Reads: 44357634   Writes: 33
ICACHE: size: 64 KB assoc: 2
ICACHE: hits:25275339 misses:11286788  Hit Ratio: 69.13%
DCACHE: size: 16 KB assoc: 4
DCACHE: hits:2597133 misses:5198407 writebacks:142075  Hit Ratio: 33.32%
SCACHE: size: 512 KB assoc: 2
SCACHE: hits:5936662 misses:10548533  Hit Ratio: 36.01%
3CACHE: size: 4096 KB assoc: 2
3CACHE: hits:161836 misses:10386697  Hit Ratio: 1.53%
3CACHE: dirty items replaced:2651
ITLB: size: 48, misses 4, miss rate 0.00%
DTLB: size: 128, misses 21, miss rate 0.00%
Avg mem delay: 1.558 cycles
----------------------------------------
==== Statistics for Master ID: 3 ====
Reads: 67951658   Writes: 34
ICACHE: size: 64 KB assoc: 2
ICACHE: hits:41180068 misses:11297211  Hit Ratio: 78.47%
DCACHE: size: 16 KB assoc: 4
DCACHE: hits:12065819 misses:3408594 writebacks:92614  Hit Ratio: 77.97%
SCACHE: size: 512 KB assoc: 2
SCACHE: hits:4138098 misses:10567707  Hit Ratio: 28.14%
3CACHE: size: 4096 KB assoc: 2
3CACHE: hits:170674 misses:10397032  Hit Ratio: 1.62%
3CACHE: dirty items replaced:2602
ITLB: size: 48, misses 4, miss rate 0.00%
DTLB: size: 128, misses 21, miss rate 0.00%
Avg mem delay: 1.558 cycles
----------------------------------------
==== Global Resource Utilization ====
STASH: size: 65536 entries, full 1019268147, empty 707, misses 63, full rate 100.00
icache bank util. 0.078 0.040 0.005 0.000 0.000 0.000 0.000 0.014 
dcache bank util. 0.006 0.006 0.012 0.026 0.006 0.010 0.006 0.006 
L2 bank util. 0.137 0.009 0.004 0.004 0.004 0.004 0.003 0.003 
L1-L2 bus util. = 0.065, L3 util. = 0.149
----------------------------------------
branch prediction, hits = 33141875, misses = 248298, hit rate = 99.26%
return_stack prediction, hits = 123612, misses = 10185711, hit rate = 1.20%
jump prediction, hits = 61374993, misses = 72, hit rate = 100.00%

**** Debug Statistics at 2201000000 Cycles *****
Threads: 4		Fetch Width: 8
No of useful instructions fetched:	730148356 (4.15% proc util.)
No of total instructions fetched:	1025201220 (5.82% proc util.)
 includes 200 misfetch (0.0%), 295052664 (28.8%) wrong-path fetches
 and 0 flushed after failed lock(0.0%)
No of useful instructions issued/executed:	730148356 (4.15% proc util.)
No of total instructions issued/executed:	899102008 (5.11% proc util.)
 includes 168953652 wrong-path (18.8%) insts and 0 flushed (0.0%)
	fp 0, 0.00%
	synch 0, 0.00%
	integer 766401911, 85.24%
	load/store 132700097, 14.76%
Avg size of int IQ (before scheduling): 2.83
Avg size of fp IQ (before scheduling): 0.00
No of cycles taken:		2201000000
Parallelism [ 0.108, 0.000, 0.100, 0.123,] = 0.332
 IQ conflicts: 601597 (0.03%), FQ conflicts: 0 (0.00%) 
 I reg conflicts: 26664893 (1.21%), FP reg conflicts: 0 (0.00%)
  Activelist confs: 0 (0.00%), ROB confs: 0 (0.00%)
  Int unit conflicts: 54870463 (2.49%), FP unit conflicts: 0 (0.00%)
  Load/store unit conflicts: 32759 (0.00%)
  MSHR conflicts: 0 (0.00%)
----------------------------------------
==== System-wide Cache Statistics ====
Stall for miss queue full 0 cycles (0.00%)
----------------------------------------
==== Statistics for Master ID: 0 ====
Reads: 146143694   Writes: 65112759
ICACHE: size: 64 KB assoc: 2
ICACHE: hits:91706510 misses:11230760  Hit Ratio: 89.09%
DCACHE: size: 16 KB assoc: 4
DCACHE: hits:106469941 misses:1849242 writebacks:1848976  Hit Ratio: 98.29%
SCACHE: size: 512 KB assoc: 2
SCACHE: hits:1958100 misses:11121902  Hit Ratio: 14.97%
3CACHE: size: 4096 KB assoc: 2
3CACHE: hits:176351 misses:10945551  Hit Ratio: 1.59%
3CACHE: dirty items replaced:2666
ITLB: size: 48, misses 4, miss rate 0.00%
DTLB: size: 128, misses 75, miss rate 0.00%
Avg mem delay: 1.557 cycles
----------------------------------------
==== Statistics for Master ID: 2 ====
Reads: 46476273   Writes: 33
ICACHE: size: 64 KB assoc: 2
ICACHE: hits:26484283 misses:11824339  Hit Ratio: 69.13%
DCACHE: size: 16 KB assoc: 4
DCACHE: hits:2721009 misses:5446675 writebacks:148856  Hit Ratio: 33.31%
SCACHE: size: 512 KB assoc: 2
SCACHE: hits:6220503 misses:11050511  Hit Ratio: 36.02%
3CACHE: size: 4096 KB assoc: 2
3CACHE: hits:169471 misses:10881040  Hit Ratio: 1.53%
3CACHE: dirty items replaced:2790
ITLB: size: 48, misses 4, miss rate 0.00%
DTLB: size: 128, misses 21, miss rate 0.00%
Avg mem delay: 1.557 cycles
----------------------------------------
==== Statistics for Master ID: 3 ====
Reads: 71198354   Writes: 34
ICACHE: size: 64 KB assoc: 2
ICACHE: hits:43149803 misses:11835355  Hit Ratio: 78.48%
DCACHE: size: 16 KB assoc: 4
DCACHE: hits:12641791 misses:3571439 writebacks:96980  Hit Ratio: 77.97%
SCACHE: size: 512 KB assoc: 2
SCACHE: hits:4336064 misses:11070730  Hit Ratio: 28.14%
3CACHE: size: 4096 KB assoc: 2
3CACHE: hits:178835 misses:10891895  Hit Ratio: 1.62%
3CACHE: dirty items replaced:2737
ITLB: size: 48, misses 4, miss rate 0.00%
DTLB: size: 128, misses 21, miss rate 0.00%
Avg mem delay: 1.557 cycles
----------------------------------------
==== Global Resource Utilization ====
STASH: size: 65536 entries, full 1068028153, empty 707, misses 63, full rate 100.00
icache bank util. 0.078 0.040 0.005 0.000 0.000 0.000 0.000 0.014 
dcache bank util. 0.006 0.006 0.012 0.026 0.006 0.010 0.006 0.006 
L2 bank util. 0.137 0.009 0.004 0.004 0.004 0.004 0.003 0.003 
L1-L2 bus util. = 0.065, L3 util. = 0.149
----------------------------------------
branch prediction, hits = 34723462, misses = 260155, hit rate = 99.26%
return_stack prediction, hits = 129540, misses = 10674277, hit rate = 1.20%
jump prediction, hits = 64309278, misses = 72, hit rate = 100.00%

**** Debug Statistics at 2301000000 Cycles *****
Threads: 4		Fetch Width: 8
No of useful instructions fetched:	762963871 (4.14% proc util.)
No of total instructions fetched:	1071127877 (5.82% proc util.)
 includes 200 misfetch (0.0%), 308163806 (28.8%) wrong-path fetches
 and 0 flushed after failed lock(0.0%)
No of useful instructions issued/executed:	762963871 (4.14% proc util.)
No of total instructions issued/executed:	939424734 (5.10% proc util.)
 includes 176460863 wrong-path (18.8%) insts and 0 flushed (0.0%)
	fp 0, 0.00%
	synch 0, 0.00%
	integer 800774806, 85.24%
	load/store 138649928, 14.76%
Avg size of int IQ (before scheduling): 2.82
Avg size of fp IQ (before scheduling): 0.00
No of cycles taken:		2301000000
Parallelism [ 0.108, 0.000, 0.100, 0.123,] = 0.332
 IQ conflicts: 628001 (0.03%), FQ conflicts: 0 (0.00%) 
 I reg conflicts: 27834981 (1.21%), FP reg conflicts: 0 (0.00%)
  Activelist confs: 0 (0.00%), ROB confs: 0 (0.00%)
  Int unit conflicts: 57315917 (2.49%), FP unit conflicts: 0 (0.00%)
  Load/store unit conflicts: 34191 (0.00%)
  MSHR conflicts: 0 (0.00%)
----------------------------------------
==== System-wide Cache Statistics ====
Stall for miss queue full 0 cycles (0.00%)
----------------------------------------
==== Statistics for Master ID: 0 ====
Reads: 152688998   Writes: 68020577
ICACHE: size: 64 KB assoc: 2
ICACHE: hits:95795819 misses:11740748  Hit Ratio: 89.08%
DCACHE: size: 16 KB assoc: 4
DCACHE: hits:111240719 misses:1932289 writebacks:1932023  Hit Ratio: 98.29%
SCACHE: size: 512 KB assoc: 2
SCACHE: hits:2045623 misses:11627414  Hit Ratio: 14.96%
3CACHE: size: 4096 KB assoc: 2
3CACHE: hits:184319 misses:11443095  Hit Ratio: 1.59%
3CACHE: dirty items replaced:2791
ITLB: size: 48, misses 4, miss rate 0.00%
DTLB: size: 128, misses 75, miss rate 0.00%
Avg mem delay: 1.558 cycles
----------------------------------------
==== Statistics for Master ID: 2 ====
Reads: 48556681   Writes: 33
ICACHE: size: 64 KB assoc: 2
ICACHE: hits:27662105 misses:12360871  Hit Ratio: 69.12%
DCACHE: size: 16 KB assoc: 4
DCACHE: hits:2842532 misses:5691206 writebacks:155504  Hit Ratio: 33.31%
SCACHE: size: 512 KB assoc: 2
SCACHE: hits:6499199 misses:11552878  Hit Ratio: 36.00%
3CACHE: size: 4096 KB assoc: 2
3CACHE: hits:177018 misses:11375860  Hit Ratio: 1.53%
3CACHE: dirty items replaced:2918
ITLB: size: 48, misses 4, miss rate 0.00%
DTLB: size: 128, misses 21, miss rate 0.00%
Avg mem delay: 1.558 cycles
----------------------------------------
==== Statistics for Master ID: 3 ====
Reads: 74397005   Writes: 34
ICACHE: size: 64 KB assoc: 2
ICACHE: hits:45081709 misses:12372148  Hit Ratio: 78.47%
DCACHE: size: 16 KB assoc: 4
DCACHE: hits:13210717 misses:3732465 writebacks:101303  Hit Ratio: 77.97%
SCACHE: size: 512 KB assoc: 2
SCACHE: hits:4530618 misses:11573995  Hit Ratio: 28.13%
3CACHE: size: 4096 KB assoc: 2
3CACHE: hits:186848 misses:11387147  Hit Ratio: 1.61%
3CACHE: dirty items replaced:2867
ITLB: size: 48, misses 4, miss rate 0.00%
DTLB: size: 128, misses 21, miss rate 0.00%
Avg mem delay: 1.558 cycles
----------------------------------------
==== Global Resource Utilization ====
STASH: size: 65536 entries, full 1115883448, empty 707, misses 63, full rate 100.00
icache bank util. 0.078 0.040 0.004 0.000 0.000 0.000 0.000 0.014 
dcache bank util. 0.006 0.006 0.012 0.026 0.006 0.010 0.006 0.006 
L2 bank util. 0.137 0.009 0.004 0.004 0.004 0.004 0.003 0.003 
L1-L2 bus util. = 0.065, L3 util. = 0.149
----------------------------------------
branch prediction, hits = 36282449, misses = 271865, hit rate = 99.26%
return_stack prediction, hits = 135372, misses = 11154931, hit rate = 1.20%
jump prediction, hits = 67200658, misses = 72, hit rate = 100.00%

**** Debug Statistics at 2401000000 Cycles *****
Threads: 4		Fetch Width: 8
No of useful instructions fetched:	796305799 (4.15% proc util.)
No of total instructions fetched:	1117992458 (5.82% proc util.)
 includes 200 misfetch (0.0%), 321686459 (28.8%) wrong-path fetches
 and 0 flushed after failed lock(0.0%)
No of useful instructions issued/executed:	796305752 (4.15% proc util.)
No of total instructions issued/executed:	980510530 (5.10% proc util.)
 includes 184204778 wrong-path (18.8%) insts and 0 flushed (0.0%)
	fp 0, 0.00%
	synch 0, 0.00%
	integer 835783637, 85.24%
	load/store 144726893, 14.76%
Avg size of int IQ (before scheduling): 2.82
Avg size of fp IQ (before scheduling): 0.00
No of cycles taken:		2401000000
Parallelism [ 0.108, 0.000, 0.100, 0.123,] = 0.332
 IQ conflicts: 654964 (0.03%), FQ conflicts: 0 (0.00%) 
 I reg conflicts: 29058972 (1.21%), FP reg conflicts: 0 (0.00%)
  Activelist confs: 0 (0.00%), ROB confs: 0 (0.00%)
  Int unit conflicts: 59832478 (2.49%), FP unit conflicts: 0 (0.00%)
  Load/store unit conflicts: 35717 (0.00%)
  MSHR conflicts: 0 (0.00%)
----------------------------------------
==== System-wide Cache Statistics ====
Stall for miss queue full 0 cycles (0.00%)
----------------------------------------
==== Statistics for Master ID: 0 ====
Reads: 159392237   Writes: 71002372
ICACHE: size: 64 KB assoc: 2
ICACHE: hits:100005836 misses:12251067  Hit Ratio: 89.09%
DCACHE: size: 16 KB assoc: 4
DCACHE: hits:116120703 misses:2017003 writebacks:2016737  Hit Ratio: 98.29%
SCACHE: size: 512 KB assoc: 2
SCACHE: hits:2135861 misses:12132209  Hit Ratio: 14.97%
3CACHE: size: 4096 KB assoc: 2
3CACHE: hits:192403 misses:11939806  Hit Ratio: 1.59%
3CACHE: dirty items replaced:2899
ITLB: size: 48, misses 4, miss rate 0.00%
DTLB: size: 128, misses 75, miss rate 0.00%
Avg mem delay: 1.557 cycles
----------------------------------------
==== Statistics for Master ID: 2 ====
Reads: 50676143   Writes: 33
ICACHE: size: 64 KB assoc: 2
ICACHE: hits:28872508 misses:12898509  Hit Ratio: 69.12%
DCACHE: size: 16 KB assoc: 4
DCACHE: hits:2966231 misses:5938928 writebacks:162267  Hit Ratio: 33.31%
SCACHE: size: 512 KB assoc: 2
SCACHE: hits:6783014 misses:12054423  Hit Ratio: 36.01%
3CACHE: size: 4096 KB assoc: 2
3CACHE: hits:184541 misses:11869882  Hit Ratio: 1.53%
3CACHE: dirty items replaced:3038
ITLB: size: 48, misses 4, miss rate 0.00%
DTLB: size: 128, misses 21, miss rate 0.00%
Avg mem delay: 1.557 cycles
----------------------------------------
==== Statistics for Master ID: 3 ====
Reads: 77650040   Writes: 34
ICACHE: size: 64 KB assoc: 2
ICACHE: hits:47055978 misses:12910068  Hit Ratio: 78.47%
DCACHE: size: 16 KB assoc: 4
DCACHE: hits:13788682 misses:3895346 writebacks:105736  Hit Ratio: 77.97%
SCACHE: size: 512 KB assoc: 2
SCACHE: hits:4728760 misses:12076654  Hit Ratio: 28.14%
3CACHE: size: 4096 KB assoc: 2
3CACHE: hits:195093 misses:11881561  Hit Ratio: 1.62%
3CACHE: dirty items replaced:2979
ITLB: size: 48, misses 4, miss rate 0.00%
DTLB: size: 128, misses 21, miss rate 0.00%
Avg mem delay: 1.557 cycles
----------------------------------------
==== Global Resource Utilization ====
STASH: size: 65536 entries, full 1164715303, empty 707, misses 63, full rate 100.00
icache bank util. 0.078 0.040 0.005 0.000 0.000 0.000 0.000 0.014 
dcache bank util. 0.006 0.006 0.012 0.026 0.006 0.010 0.006 0.006 
L2 bank util. 0.137 0.009 0.004 0.004 0.004 0.004 0.003 0.003 
L1-L2 bus util. = 0.065, L3 util. = 0.149
----------------------------------------
branch prediction, hits = 37866232, misses = 283753, hit rate = 99.26%
return_stack prediction, hits = 141324, misses = 11645475, hit rate = 1.20%
jump prediction, hits = 70141135, misses = 72, hit rate = 100.00%

**** Debug Statistics at 2501000000 Cycles *****
Threads: 4		Fetch Width: 8
No of useful instructions fetched:	829417552 (4.15% proc util.)
No of total instructions fetched:	1164305580 (5.82% proc util.)
 includes 200 misfetch (0.0%), 334887828 (28.8%) wrong-path fetches
 and 0 flushed after failed lock(0.0%)
No of useful instructions issued/executed:	829417552 (4.15% proc util.)
No of total instructions issued/executed:	1021190975 (5.10% proc util.)
 includes 191773423 wrong-path (18.8%) insts and 0 flushed (0.0%)
	fp 0, 0.00%
	synch 0, 0.00%
	integer 870473516, 85.24%
	load/store 150717459, 14.76%
Avg size of int IQ (before scheduling): 2.82
Avg size of fp IQ (before scheduling): 0.00
No of cycles taken:		2501000000
Parallelism [ 0.108, 0.000, 0.100, 0.123,] = 0.332
 IQ conflicts: 681683 (0.03%), FQ conflicts: 0 (0.00%) 
 I reg conflicts: 30265496 (1.21%), FP reg conflicts: 0 (0.00%)
  Activelist confs: 0 (0.00%), ROB confs: 0 (0.00%)
  Int unit conflicts: 62310268 (2.49%), FP unit conflicts: 0 (0.00%)
  Load/store unit conflicts: 37273 (0.00%)
  MSHR conflicts: 0 (0.00%)
----------------------------------------
==== System-wide Cache Statistics ====
Stall for miss queue full 0 cycles (0.00%)
----------------------------------------
==== Statistics for Master ID: 0 ====
Reads: 165977915   Writes: 73929319
ICACHE: size: 64 KB assoc: 2
ICACHE: hits:104125511 misses:12761436  Hit Ratio: 89.08%
DCACHE: size: 16 KB assoc: 4
DCACHE: hits:120919873 misses:2100414 writebacks:2100148  Hit Ratio: 98.29%
SCACHE: size: 512 KB assoc: 2
SCACHE: hits:2224163 misses:12637687  Hit Ratio: 14.97%
3CACHE: size: 4096 KB assoc: 2
3CACHE: hits:200527 misses:12437160  Hit Ratio: 1.59%
3CACHE: dirty items replaced:3018
ITLB: size: 48, misses 4, miss rate 0.00%
DTLB: size: 128, misses 75, miss rate 0.00%
Avg mem delay: 1.557 cycles
----------------------------------------
==== Statistics for Master ID: 2 ====
Reads: 52779516   Writes: 33
ICACHE: size: 64 KB assoc: 2
ICACHE: hits:30068731 misses:13435669  Hit Ratio: 69.12%
DCACHE: size: 16 KB assoc: 4
DCACHE: hits:3089272 misses:6185877 writebacks:169128  Hit Ratio: 33.31%
SCACHE: size: 512 KB assoc: 2
SCACHE: hits:7064829 misses:12556717  Hit Ratio: 36.01%
3CACHE: size: 4096 KB assoc: 2
3CACHE: hits:192082 misses:12364635  Hit Ratio: 1.53%
3CACHE: dirty items replaced:3162
ITLB: size: 48, misses 4, miss rate 0.00%
DTLB: size: 128, misses 21, miss rate 0.00%
Avg mem delay: 1.557 cycles
----------------------------------------
==== Statistics for Master ID: 3 ====
Reads: 80891220   Writes: 34
ICACHE: size: 64 KB assoc: 2
ICACHE: hits:49021567 misses:13447664  Hit Ratio: 78.47%
DCACHE: size: 16 KB assoc: 4
DCACHE: hits:14364438 misses:4057585 writebacks:110131  Hit Ratio: 77.97%
SCACHE: size: 512 KB assoc: 2
SCACHE: hits:4925388 misses:12579861  Hit Ratio: 28.14%
3CACHE: size: 4096 KB assoc: 2
3CACHE: hits:203119 misses:12376742  Hit Ratio: 1.61%
3CACHE: dirty items replaced:3097
ITLB: size: 48, misses 4, miss rate 0.00%
DTLB: size: 128, misses 21, miss rate 0.00%
Avg mem delay: 1.557 cycles
----------------------------------------
==== Global Resource Utilization ====
STASH: size: 65536 entries, full 1212965539, empty 707, misses 63, full rate 100.00
icache bank util. 0.078 0.040 0.005 0.000 0.000 0.000 0.000 0.014 
dcache bank util. 0.006 0.006 0.012 0.026 0.006 0.010 0.006 0.006 
L2 bank util. 0.137 0.009 0.004 0.004 0.004 0.004 0.003 0.003 
L1-L2 bus util. = 0.065, L3 util. = 0.149
----------------------------------------
branch prediction, hits = 39439532, misses = 295591, hit rate = 99.26%
return_stack prediction, hits = 147180, misses = 12128107, hit rate = 1.20%
jump prediction, hits = 73055355, misses = 72, hit rate = 100.00%

**** Debug Statistics at 2601000000 Cycles *****
Threads: 4		Fetch Width: 8
No of useful instructions fetched:	862941254 (4.15% proc util.)
No of total instructions fetched:	1211543568 (5.82% proc util.)
 includes 200 misfetch (0.0%), 348602114 (28.8%) wrong-path fetches
 and 0 flushed after failed lock(0.0%)
No of useful instructions issued/executed:	862941254 (4.15% proc util.)
No of total instructions issued/executed:	1062562986 (5.11% proc util.)
 includes 199621732 wrong-path (18.8%) insts and 0 flushed (0.0%)
	fp 0, 0.00%
	synch 0, 0.00%
	integer 905719011, 85.24%
	load/store 156843975, 14.76%
Avg size of int IQ (before scheduling): 2.83
Avg size of fp IQ (before scheduling): 0.00
No of cycles taken:		2601000000
Parallelism [ 0.108, 0.000, 0.100, 0.123,] = 0.332
 IQ conflicts: 709741 (0.03%), FQ conflicts: 0 (0.00%) 
 I reg conflicts: 31507677 (1.21%), FP reg conflicts: 0 (0.00%)
  Activelist confs: 0 (0.00%), ROB confs: 0 (0.00%)
  Int unit conflicts: 64848032 (2.49%), FP unit conflicts: 0 (0.00%)
  Load/store unit conflicts: 38851 (0.00%)
  MSHR conflicts: 0 (0.00%)
----------------------------------------
==== System-wide Cache Statistics ====
Stall for miss queue full 0 cycles (0.00%)
----------------------------------------
==== Statistics for Master ID: 0 ====
Reads: 172742238   Writes: 76942974
ICACHE: size: 64 KB assoc: 2
ICACHE: hits:108384492 misses:13271590  Hit Ratio: 89.09%
DCACHE: size: 16 KB assoc: 4
DCACHE: hits:125843488 misses:2185642 writebacks:2185376  Hit Ratio: 98.29%
SCACHE: size: 512 KB assoc: 2
SCACHE: hits:2314948 misses:13142284  Hit Ratio: 14.98%
3CACHE: size: 4096 KB assoc: 2
3CACHE: hits:208522 misses:12933762  Hit Ratio: 1.59%
3CACHE: dirty items replaced:3128
ITLB: size: 48, misses 4, miss rate 0.00%
DTLB: size: 128, misses 75, miss rate 0.00%
Avg mem delay: 1.557 cycles
----------------------------------------
==== Statistics for Master ID: 2 ====
Reads: 54913797   Writes: 33
ICACHE: size: 64 KB assoc: 2
ICACHE: hits:31291215 misses:13973811  Hit Ratio: 69.13%
DCACHE: size: 16 KB assoc: 4
DCACHE: hits:3213881 misses:6434923 writebacks:175928  Hit Ratio: 33.31%
SCACHE: size: 512 KB assoc: 2
SCACHE: hits:7350465 misses:13058269  Hit Ratio: 36.02%
3CACHE: size: 4096 KB assoc: 2
3CACHE: hits:199807 misses:12858462  Hit Ratio: 1.53%
3CACHE: dirty items replaced:3287
ITLB: size: 48, misses 4, miss rate 0.00%
DTLB: size: 128, misses 21, miss rate 0.00%
Avg mem delay: 1.557 cycles
----------------------------------------
==== Statistics for Master ID: 3 ====
Reads: 84161477   Writes: 34
ICACHE: size: 64 KB assoc: 2
ICACHE: hits:51009245 misses:13986225  Hit Ratio: 78.48%
DCACHE: size: 16 KB assoc: 4
DCACHE: hits:14944708 misses:4221333 writebacks:114627  Hit Ratio: 77.97%
SCACHE: size: 512 KB assoc: 2
SCACHE: hits:5125171 misses:13082387  Hit Ratio: 28.15%
3CACHE: size: 4096 KB assoc: 2
3CACHE: hits:211332 misses:12871055  Hit Ratio: 1.62%
3CACHE: dirty items replaced:3209
ITLB: size: 48, misses 4, miss rate 0.00%
DTLB: size: 128, misses 21, miss rate 0.00%
Avg mem delay: 1.557 cycles
----------------------------------------
==== Global Resource Utilization ====
STASH: size: 65536 entries, full 1262182498, empty 707, misses 63, full rate 100.00
icache bank util. 0.078 0.040 0.005 0.000 0.000 0.000 0.000 0.014 
dcache bank util. 0.006 0.006 0.012 0.026 0.006 0.010 0.006 0.006 
L2 bank util. 0.137 0.009 0.004 0.004 0.004 0.004 0.003 0.003 
L1-L2 bus util. = 0.065, L3 util. = 0.149
----------------------------------------
branch prediction, hits = 41031759, misses = 307530, hit rate = 99.26%
return_stack prediction, hits = 153168, misses = 12621506, hit rate = 1.20%
jump prediction, hits = 76011866, misses = 72, hit rate = 100.00%

**** Debug Statistics at 2701000000 Cycles *****
Threads: 4		Fetch Width: 8
No of useful instructions fetched:	896476292 (4.15% proc util.)
No of total instructions fetched:	1258886266 (5.83% proc util.)
 includes 200 misfetch (0.0%), 362409774 (28.8%) wrong-path fetches
 and 0 flushed after failed lock(0.0%)
No of useful instructions issued/executed:	896476292 (4.15% proc util.)
No of total instructions issued/executed:	1103996317 (5.11% proc util.)
 includes 207520025 wrong-path (18.8%) insts and 0 flushed (0.0%)
	fp 0, 0.00%
	synch 0, 0.00%
	integer 941005980, 85.24%
	load/store 162990337, 14.76%
Avg size of int IQ (before scheduling): 2.83
Avg size of fp IQ (before scheduling): 0.00
No of cycles taken:		2701000000
Parallelism [ 0.108, 0.000, 0.100, 0.123,] = 0.332
 IQ conflicts: 737658 (0.03%), FQ conflicts: 0 (0.00%) 
 I reg conflicts: 32762531 (1.21%), FP reg conflicts: 0 (0.00%)
  Activelist confs: 0 (0.00%), ROB confs: 0 (0.00%)
  Int unit conflicts: 67395845 (2.50%), FP unit conflicts: 0 (0.00%)
  Load/store unit conflicts: 40385 (0.00%)
  MSHR conflicts: 0 (0.00%)
----------------------------------------
==== System-wide Cache Statistics ====
Stall for miss queue full 0 cycles (0.00%)
----------------------------------------
==== Statistics for Master ID: 0 ====
Reads: 179531493   Writes: 79973064
ICACHE: size: 64 KB assoc: 2
ICACHE: hits:112663952 misses:13781530  Hit Ratio: 89.10%
DCACHE: size: 16 KB assoc: 4
DCACHE: hits:130787995 misses:2271080 writebacks:2270814  Hit Ratio: 98.29%
SCACHE: size: 512 KB assoc: 2
SCACHE: hits:2405327 misses:13647283  Hit Ratio: 14.98%
3CACHE: size: 4096 KB assoc: 2
3CACHE: hits:216932 misses:13430350  Hit Ratio: 1.59%
3CACHE: dirty items replaced:3252
ITLB: size: 48, misses 4, miss rate 0.00%
DTLB: size: 128, misses 75, miss rate 0.00%
Avg mem delay: 1.557 cycles
----------------------------------------
==== Statistics for Master ID: 2 ====
Reads: 57048374   Writes: 33
ICACHE: size: 64 KB assoc: 2
ICACHE: hits:32513735 misses:14511866  Hit Ratio: 69.14%
DCACHE: size: 16 KB assoc: 4
DCACHE: hits:3338821 misses:6683985 writebacks:182653  Hit Ratio: 33.31%
SCACHE: size: 512 KB assoc: 2
SCACHE: hits:7635945 misses:13559906  Hit Ratio: 36.03%
3CACHE: size: 4096 KB assoc: 2
3CACHE: hits:207669 misses:13352237  Hit Ratio: 1.53%
3CACHE: dirty items replaced:3415
ITLB: size: 48, misses 4, miss rate 0.00%
DTLB: size: 128, misses 21, miss rate 0.00%
Avg mem delay: 1.557 cycles
----------------------------------------
==== Statistics for Master ID: 3 ====
Reads: 87429109   Writes: 34
ICACHE: size: 64 KB assoc: 2
ICACHE: hits:52995881 misses:14524806  Hit Ratio: 78.49%
DCACHE: size: 16 KB assoc: 4
DCACHE: hits:15523355 misses:4385101 writebacks:119083  Hit Ratio: 77.97%
SCACHE: size: 512 KB assoc: 2
SCACHE: hits:5324980 misses:13584927  Hit Ratio: 28.16%
3CACHE: size: 4096 KB assoc: 2
3CACHE: hits:219576 misses:13365351  Hit Ratio: 1.62%
3CACHE: dirty items replaced:3332
ITLB: size: 48, misses 4, miss rate 0.00%
DTLB: size: 128, misses 21, miss rate 0.00%
Avg mem delay: 1.557 cycles
----------------------------------------
==== Global Resource Utilization ====
STASH: size: 65536 entries, full 1311506321, empty 707, misses 63, full rate 100.00
icache bank util. 0.078 0.040 0.005 0.000 0.000 0.000 0.000 0.014 
dcache bank util. 0.006 0.006 0.012 0.026 0.006 0.010 0.006 0.006 
L2 bank util. 0.137 0.009 0.004 0.004 0.004 0.004 0.003 0.003 
L1-L2 bus util. = 0.065, L3 util. = 0.149
----------------------------------------
branch prediction, hits = 42624266, misses = 319445, hit rate = 99.26%
return_stack prediction, hits = 159156, misses = 13115129, hit rate = 1.20%
jump prediction, hits = 78969576, misses = 72, hit rate = 100.00%

**** Debug Statistics at 2801000000 Cycles *****
Threads: 4		Fetch Width: 8
No of useful instructions fetched:	930033053 (4.15% proc util.)
No of total instructions fetched:	1306092053 (5.83% proc util.)
 includes 200 misfetch (0.0%), 376058800 (28.8%) wrong-path fetches
 and 0 flushed after failed lock(0.0%)
No of useful instructions issued/executed:	930033053 (4.15% proc util.)
No of total instructions issued/executed:	1145360429 (5.11% proc util.)
 includes 215327376 wrong-path (18.8%) insts and 0 flushed (0.0%)
	fp 0, 0.00%
	synch 0, 0.00%
	integer 976259350, 85.24%
	load/store 169101079, 14.76%
Avg size of int IQ (before scheduling): 2.83
Avg size of fp IQ (before scheduling): 0.00
No of cycles taken:		2801000000
Parallelism [ 0.108, 0.000, 0.100, 0.124,] = 0.332
 IQ conflicts: 766434 (0.03%), FQ conflicts: 0 (0.00%) 
 I reg conflicts: 34030972 (1.21%), FP reg conflicts: 0 (0.00%)
  Activelist confs: 0 (0.00%), ROB confs: 0 (0.00%)
  Int unit conflicts: 69941682 (2.50%), FP unit conflicts: 0 (0.00%)
  Load/store unit conflicts: 42010 (0.00%)
  MSHR conflicts: 0 (0.00%)
----------------------------------------
==== System-wide Cache Statistics ====
Stall for miss queue full 0 cycles (0.00%)
----------------------------------------
==== Statistics for Master ID: 0 ====
Reads: 186268050   Writes: 82974313
ICACHE: size: 64 KB assoc: 2
ICACHE: hits:116902142 misses:14291481  Hit Ratio: 89.11%
DCACHE: size: 16 KB assoc: 4
DCACHE: hits:135692761 misses:2355979 writebacks:2355713  Hit Ratio: 98.29%
SCACHE: size: 512 KB assoc: 2
SCACHE: hits:2496341 misses:14151119  Hit Ratio: 15.00%
3CACHE: size: 4096 KB assoc: 2
3CACHE: hits:224936 misses:13926183  Hit Ratio: 1.59%
3CACHE: dirty items replaced:3364
ITLB: size: 48, misses 4, miss rate 0.00%
DTLB: size: 128, misses 75, miss rate 0.00%
Avg mem delay: 1.556 cycles
----------------------------------------
==== Statistics for Master ID: 2 ====
Reads: 59187208   Writes: 33
ICACHE: size: 64 KB assoc: 2
ICACHE: hits:33740762 misses:15048804  Hit Ratio: 69.16%
DCACHE: size: 16 KB assoc: 4
DCACHE: hits:3463418 misses:6934257 writebacks:189493  Hit Ratio: 33.31%
SCACHE: size: 512 KB assoc: 2
SCACHE: hits:7922247 misses:14060814  Hit Ratio: 36.04%
3CACHE: size: 4096 KB assoc: 2
3CACHE: hits:215571 misses:13845243  Hit Ratio: 1.53%
3CACHE: dirty items replaced:3536
ITLB: size: 48, misses 4, miss rate 0.00%
DTLB: size: 128, misses 21, miss rate 0.00%
Avg mem delay: 1.556 cycles
----------------------------------------
==== Statistics for Master ID: 3 ====
Reads: 90710951   Writes: 34
ICACHE: size: 64 KB assoc: 2
ICACHE: hits:54994121 misses:15062200  Hit Ratio: 78.50%
DCACHE: size: 16 KB assoc: 4
DCACHE: hits:16104559 misses:4550105 writebacks:123473  Hit Ratio: 77.97%
SCACHE: size: 512 KB assoc: 2
SCACHE: hits:5525596 misses:14086709  Hit Ratio: 28.17%
3CACHE: size: 4096 KB assoc: 2
3CACHE: hits:227839 misses:13858869  Hit Ratio: 1.62%
3CACHE: dirty items replaced:3448
ITLB: size: 48, misses 4, miss rate 0.00%
DTLB: size: 128, misses 21, miss rate 0.00%
Avg mem delay: 1.556 cycles
----------------------------------------
==== Global Resource Utilization ====
STASH: size: 65536 entries, full 1360683851, empty 707, misses 63, full rate 100.00
icache bank util. 0.078 0.040 0.005 0.000 0.000 0.000 0.000 0.014 
dcache bank util. 0.006 0.006 0.012 0.026 0.006 0.010 0.006 0.006 
L2 bank util. 0.137 0.009 0.004 0.004 0.004 0.004 0.003 0.003 
L1-L2 bus util. = 0.065, L3 util. = 0.149
----------------------------------------
branch prediction, hits = 44218208, misses = 331416, hit rate = 99.26%
return_stack prediction, hits = 165120, misses = 13606662, hit rate = 1.20%
jump prediction, hits = 81925363, misses = 72, hit rate = 100.00%

**** Debug Statistics at 2901000000 Cycles *****
Threads: 4		Fetch Width: 8
No of useful instructions fetched:	963232186 (4.15% proc util.)
No of total instructions fetched:	1352603018 (5.83% proc util.)
 includes 200 misfetch (0.0%), 389370632 (28.8%) wrong-path fetches
 and 0 flushed after failed lock(0.0%)
No of useful instructions issued/executed:	963232186 (4.15% proc util.)
No of total instructions issued/executed:	1186184311 (5.11% proc util.)
 includes 222952125 wrong-path (18.8%) insts and 0 flushed (0.0%)
	fp 0, 0.00%
	synch 0, 0.00%
	integer 1011056257, 85.24%
	load/store 175128054, 14.76%
Avg size of int IQ (before scheduling): 2.83
Avg size of fp IQ (before scheduling): 0.00
No of cycles taken:		2901000000
Parallelism [ 0.108, 0.000, 0.100, 0.124,] = 0.332
 IQ conflicts: 793056 (0.03%), FQ conflicts: 0 (0.00%) 
 I reg conflicts: 35263258 (1.22%), FP reg conflicts: 0 (0.00%)
  Activelist confs: 0 (0.00%), ROB confs: 0 (0.00%)
  Int unit conflicts: 72435432 (2.50%), FP unit conflicts: 0 (0.00%)
  Load/store unit conflicts: 43613 (0.00%)
  MSHR conflicts: 0 (0.00%)
----------------------------------------
==== System-wide Cache Statistics ====
Stall for miss queue full 0 cycles (0.00%)
----------------------------------------
==== Statistics for Master ID: 0 ====
Reads: 192904436   Writes: 85922545
ICACHE: size: 64 KB assoc: 2
ICACHE: hits:121058390 misses:14802028  Hit Ratio: 89.10%
DCACHE: size: 16 KB assoc: 4
DCACHE: hits:140526509 misses:2440054 writebacks:2439788  Hit Ratio: 98.29%
SCACHE: size: 512 KB assoc: 2
SCACHE: hits:2585445 misses:14656637  Hit Ratio: 14.99%
3CACHE: size: 4096 KB assoc: 2
3CACHE: hits:233170 misses:14423467  Hit Ratio: 1.59%
3CACHE: dirty items replaced:3473
ITLB: size: 48, misses 4, miss rate 0.00%
DTLB: size: 128, misses 75, miss rate 0.00%
Avg mem delay: 1.556 cycles
----------------------------------------
==== Statistics for Master ID: 2 ====
Reads: 61295430   Writes: 33
ICACHE: size: 64 KB assoc: 2
ICACHE: hits:34942210 misses:15586060  Hit Ratio: 69.15%
DCACHE: size: 16 KB assoc: 4
DCACHE: hits:3586449 misses:7180744 writebacks:196211  Hit Ratio: 33.31%
SCACHE: size: 512 KB assoc: 2
SCACHE: hits:8203827 misses:14562977  Hit Ratio: 36.03%
3CACHE: size: 4096 KB assoc: 2
3CACHE: hits:223092 misses:14339885  Hit Ratio: 1.53%
3CACHE: dirty items replaced:3655
ITLB: size: 48, misses 4, miss rate 0.00%
DTLB: size: 128, misses 21, miss rate 0.00%
Avg mem delay: 1.556 cycles
----------------------------------------
==== Statistics for Master ID: 3 ====
Reads: 93954157   Writes: 34
ICACHE: size: 64 KB assoc: 2
ICACHE: hits:56960356 misses:15599537  Hit Ratio: 78.50%
DCACHE: size: 16 KB assoc: 4
DCACHE: hits:16680915 misses:4713383 writebacks:127953  Hit Ratio: 77.97%
SCACHE: size: 512 KB assoc: 2
SCACHE: hits:5722880 misses:14590040  Hit Ratio: 28.17%
3CACHE: size: 4096 KB assoc: 2
3CACHE: hits:236148 misses:14353892  Hit Ratio: 1.62%
3CACHE: dirty items replaced:3563
ITLB: size: 48, misses 4, miss rate 0.00%
DTLB: size: 128, misses 21, miss rate 0.00%
Avg mem delay: 1.556 cycles
----------------------------------------
==== Global Resource Utilization ====
STASH: size: 65536 entries, full 1409147114, empty 707, misses 63, full rate 100.00
icache bank util. 0.078 0.040 0.005 0.000 0.000 0.000 0.000 0.014 
dcache bank util. 0.006 0.006 0.012 0.026 0.006 0.010 0.006 0.006 
L2 bank util. 0.137 0.009 0.004 0.004 0.004 0.004 0.003 0.003 
L1-L2 bus util. = 0.065, L3 util. = 0.149
----------------------------------------
branch prediction, hits = 45795803, misses = 343281, hit rate = 99.26%
return_stack prediction, hits = 171024, misses = 14093250, hit rate = 1.20%
jump prediction, hits = 84851940, misses = 72, hit rate = 100.00%

**** Debug Statistics at 3001000000 Cycles *****
Threads: 4		Fetch Width: 8
No of useful instructions fetched:	996530241 (4.15% proc util.)
No of total instructions fetched:	1399402113 (5.83% proc util.)
 includes 200 misfetch (0.0%), 402871672 (28.8%) wrong-path fetches
 and 0 flushed after failed lock(0.0%)
No of useful instructions issued/executed:	996530239 (4.15% proc util.)
No of total instructions issued/executed:	1227213382 (5.11% proc util.)
 includes 230683143 wrong-path (18.8%) insts and 0 flushed (0.0%)
	fp 0, 0.00%
	synch 0, 0.00%
	integer 1046023670, 85.24%
	load/store 181189712, 14.76%
Avg size of int IQ (before scheduling): 2.83
Avg size of fp IQ (before scheduling): 0.00
No of cycles taken:		3001000000
Parallelism [ 0.108, 0.000, 0.100, 0.124,] = 0.332
 IQ conflicts: 820316 (0.03%), FQ conflicts: 0 (0.00%) 
 I reg conflicts: 36481699 (1.22%), FP reg conflicts: 0 (0.00%)
  Activelist confs: 0 (0.00%), ROB confs: 0 (0.00%)
  Int unit conflicts: 74958988 (2.50%), FP unit conflicts: 0 (0.00%)
  Load/store unit conflicts: 45187 (0.00%)
  MSHR conflicts: 0 (0.00%)
----------------------------------------
==== System-wide Cache Statistics ====
Stall for miss queue full 0 cycles (0.00%)
----------------------------------------
==== Statistics for Master ID: 0 ====
Reads: 199583834   Writes: 88897907
ICACHE: size: 64 KB assoc: 2
ICACHE: hits:125253094 misses:15312157  Hit Ratio: 89.11%
DCACHE: size: 16 KB assoc: 4
DCACHE: hits:145392155 misses:2524335 writebacks:2524069  Hit Ratio: 98.29%
SCACHE: size: 512 KB assoc: 2
SCACHE: hits:2675434 misses:15161058  Hit Ratio: 15.00%
3CACHE: size: 4096 KB assoc: 2
3CACHE: hits:241067 misses:14919991  Hit Ratio: 1.59%
3CACHE: dirty items replaced:3593
ITLB: size: 48, misses 4, miss rate 0.00%
DTLB: size: 128, misses 75, miss rate 0.00%
Avg mem delay: 1.556 cycles
----------------------------------------
==== Statistics for Master ID: 2 ====
Reads: 63413664   Writes: 33
ICACHE: size: 64 KB assoc: 2
ICACHE: hits:36151435 misses:16122985  Hit Ratio: 69.16%
DCACHE: size: 16 KB assoc: 4
DCACHE: hits:3710089 misses:7429188 writebacks:202889  Hit Ratio: 33.31%
SCACHE: size: 512 KB assoc: 2
SCACHE: hits:8487763 misses:15064409  Hit Ratio: 36.04%
3CACHE: size: 4096 KB assoc: 2
3CACHE: hits:230628 misses:14833781  Hit Ratio: 1.53%
3CACHE: dirty items replaced:3779
ITLB: size: 48, misses 4, miss rate 0.00%
DTLB: size: 128, misses 21, miss rate 0.00%
Avg mem delay: 1.556 cycles
----------------------------------------
==== Statistics for Master ID: 3 ====
Reads: 97205646   Writes: 34
ICACHE: size: 64 KB assoc: 2
ICACHE: hits:58934574 misses:16137161  Hit Ratio: 78.50%
DCACHE: size: 16 KB assoc: 4
DCACHE: hits:17257680 misses:4876265 writebacks:132406  Hit Ratio: 77.97%
SCACHE: size: 512 KB assoc: 2
SCACHE: hits:5920980 misses:15092446  Hit Ratio: 28.18%
3CACHE: size: 4096 KB assoc: 2
3CACHE: hits:244211 misses:14848235  Hit Ratio: 1.62%
3CACHE: dirty items replaced:3685
ITLB: size: 48, misses 4, miss rate 0.00%
DTLB: size: 128, misses 21, miss rate 0.00%
Avg mem delay: 1.556 cycles
----------------------------------------
==== Global Resource Utilization ====
STASH: size: 65536 entries, full 1457902802, empty 707, misses 63, full rate 100.00
icache bank util. 0.078 0.040 0.005 0.000 0.000 0.000 0.000 0.014 
dcache bank util. 0.006 0.006 0.012 0.026 0.006 0.010 0.006 0.006 
L2 bank util. 0.137 0.009 0.004 0.004 0.004 0.004 0.003 0.003 
L1-L2 bus util. = 0.065, L3 util. = 0.149
----------------------------------------
branch prediction, hits = 47377375, misses = 355148, hit rate = 99.26%
return_stack prediction, hits = 176940, misses = 14580827, hit rate = 1.20%
jump prediction, hits = 87784864, misses = 72, hit rate = 100.00%

**** Debug Statistics at 3101000000 Cycles *****
Threads: 4		Fetch Width: 8
No of useful instructions fetched:	1029675099 (4.15% proc util.)
No of total instructions fetched:	1445958009 (5.83% proc util.)
 includes 200 misfetch (0.0%), 416282710 (28.8%) wrong-path fetches
 and 0 flushed after failed lock(0.0%)
No of useful instructions issued/executed:	1029675099 (4.15% proc util.)
No of total instructions issued/executed:	1268025800 (5.11% proc util.)
 includes 238350701 wrong-path (18.8%) insts and 0 flushed (0.0%)
	fp 0, 0.00%
	synch 0, 0.00%
	integer 1080811079, 85.24%
	load/store 187214721, 14.76%
Avg size of int IQ (before scheduling): 2.83
Avg size of fp IQ (before scheduling): 0.00
No of cycles taken:		3101000000
Parallelism [ 0.108, 0.000, 0.100, 0.124,] = 0.332
 IQ conflicts: 848104 (0.03%), FQ conflicts: 0 (0.00%) 
 I reg conflicts: 37716598 (1.22%), FP reg conflicts: 0 (0.00%)
  Activelist confs: 0 (0.00%), ROB confs: 0 (0.00%)
  Int unit conflicts: 77439847 (2.50%), FP unit conflicts: 0 (0.00%)
  Load/store unit conflicts: 46740 (0.00%)
  MSHR conflicts: 0 (0.00%)
----------------------------------------
==== System-wide Cache Statistics ====
Stall for miss queue full 0 cycles (0.00%)
----------------------------------------
==== Statistics for Master ID: 0 ====
Reads: 206218619   Writes: 91852833
ICACHE: size: 64 KB assoc: 2
ICACHE: hits:129414733 misses:15822449  Hit Ratio: 89.11%
DCACHE: size: 16 KB assoc: 4
DCACHE: hits:150226116 misses:2608154 writebacks:2607888  Hit Ratio: 98.29%
SCACHE: size: 512 KB assoc: 2
SCACHE: hits:2763986 misses:15666617  Hit Ratio: 15.00%
3CACHE: size: 4096 KB assoc: 2
3CACHE: hits:249368 misses:15417249  Hit Ratio: 1.59%
3CACHE: dirty items replaced:3713
ITLB: size: 48, misses 4, miss rate 0.00%
DTLB: size: 128, misses 75, miss rate 0.00%
Avg mem delay: 1.556 cycles
----------------------------------------
==== Statistics for Master ID: 2 ====
Reads: 65527141   Writes: 33
ICACHE: size: 64 KB assoc: 2
ICACHE: hits:37356688 misses:16660196  Hit Ratio: 69.16%
DCACHE: size: 16 KB assoc: 4
DCACHE: hits:3833595 misses:7676695 writebacks:209767  Hit Ratio: 33.31%
SCACHE: size: 512 KB assoc: 2
SCACHE: hits:8770208 misses:15566683  Hit Ratio: 36.04%
3CACHE: size: 4096 KB assoc: 2
3CACHE: hits:238333 misses:15328350  Hit Ratio: 1.53%
3CACHE: dirty items replaced:3912
ITLB: size: 48, misses 4, miss rate 0.00%
DTLB: size: 128, misses 21, miss rate 0.00%
Avg mem delay: 1.556 cycles
----------------------------------------
==== Statistics for Master ID: 3 ====
Reads: 100436119   Writes: 34
ICACHE: size: 64 KB assoc: 2
ICACHE: hits:60891100 misses:16674892  Hit Ratio: 78.50%
DCACHE: size: 16 KB assoc: 4
DCACHE: hits:17831610 misses:5038551 writebacks:136876  Hit Ratio: 77.97%
SCACHE: size: 512 KB assoc: 2
SCACHE: hits:6117837 misses:15595606  Hit Ratio: 28.18%
3CACHE: size: 4096 KB assoc: 2
3CACHE: hits:252318 misses:15343288  Hit Ratio: 1.62%
3CACHE: dirty items replaced:3811
ITLB: size: 48, misses 4, miss rate 0.00%
DTLB: size: 128, misses 21, miss rate 0.00%
Avg mem delay: 1.556 cycles
----------------------------------------
==== Global Resource Utilization ====
STASH: size: 65536 entries, full 1506405514, empty 707, misses 63, full rate 100.00
icache bank util. 0.078 0.040 0.005 0.000 0.000 0.000 0.000 0.014 
dcache bank util. 0.006 0.006 0.012 0.026 0.006 0.010 0.006 0.006 
L2 bank util. 0.137 0.009 0.004 0.004 0.004 0.004 0.003 0.003 
L1-L2 bus util. = 0.065, L3 util. = 0.149
----------------------------------------
branch prediction, hits = 48951389, misses = 366961, hit rate = 99.26%
return_stack prediction, hits = 182832, misses = 15066199, hit rate = 1.20%
jump prediction, hits = 90703150, misses = 72, hit rate = 100.00%

**** Debug Statistics at 3201000000 Cycles *****
Threads: 4		Fetch Width: 8
No of useful instructions fetched:	1063106734 (4.15% proc util.)
No of total instructions fetched:	1492850392 (5.83% proc util.)
 includes 200 misfetch (0.0%), 429743458 (28.8%) wrong-path fetches
 and 0 flushed after failed lock(0.0%)
No of useful instructions issued/executed:	1063106721 (4.15% proc util.)
No of total instructions issued/executed:	1309166198 (5.11% proc util.)
 includes 246059477 wrong-path (18.8%) insts and 0 flushed (0.0%)
	fp 0, 0.00%
	synch 0, 0.00%
	integer 1115869874, 85.24%
	load/store 193296324, 14.76%
Avg size of int IQ (before scheduling): 2.83
Avg size of fp IQ (before scheduling): 0.00
No of cycles taken:		3201000000
Parallelism [ 0.108, 0.000, 0.100, 0.124,] = 0.332
 IQ conflicts: 875836 (0.03%), FQ conflicts: 0 (0.00%) 
 I reg conflicts: 38956761 (1.22%), FP reg conflicts: 0 (0.00%)
  Activelist confs: 0 (0.00%), ROB confs: 0 (0.00%)
  Int unit conflicts: 79970119 (2.50%), FP unit conflicts: 0 (0.00%)
  Load/store unit conflicts: 48383 (0.00%)
  MSHR conflicts: 0 (0.00%)
----------------------------------------
==== System-wide Cache Statistics ====
Stall for miss queue full 0 cycles (0.00%)
----------------------------------------
==== Statistics for Master ID: 0 ====
Reads: 212924337   Writes: 94831202
ICACHE: size: 64 KB assoc: 2
ICACHE: hits:133622479 misses:16332310  Hit Ratio: 89.11%
DCACHE: size: 16 KB assoc: 4
DCACHE: hits:155107674 misses:2693076 writebacks:2692810  Hit Ratio: 98.29%
SCACHE: size: 512 KB assoc: 2
SCACHE: hits:2854728 misses:16170658  Hit Ratio: 15.00%
3CACHE: size: 4096 KB assoc: 2
3CACHE: hits:257241 misses:15913417  Hit Ratio: 1.59%
3CACHE: dirty items replaced:3827
ITLB: size: 48, misses 4, miss rate 0.00%
DTLB: size: 128, misses 75, miss rate 0.00%
Avg mem delay: 1.556 cycles
----------------------------------------
==== Statistics for Master ID: 2 ====
Reads: 67655052   Writes: 33
ICACHE: size: 64 KB assoc: 2
ICACHE: hits:38575060 misses:17197344  Hit Ratio: 69.17%
DCACHE: size: 16 KB assoc: 4
DCACHE: hits:3957677 misses:7925004 writebacks:216614  Hit Ratio: 33.31%
SCACHE: size: 512 KB assoc: 2
SCACHE: hits:9054607 misses:16067741  Hit Ratio: 36.04%
3CACHE: size: 4096 KB assoc: 2
3CACHE: hits:246024 misses:15821717  Hit Ratio: 1.53%
3CACHE: dirty items replaced:4026
ITLB: size: 48, misses 4, miss rate 0.00%
DTLB: size: 128, misses 21, miss rate 0.00%
Avg mem delay: 1.556 cycles
----------------------------------------
==== Statistics for Master ID: 3 ====
Reads: 103697676   Writes: 34
ICACHE: size: 64 KB assoc: 2
ICACHE: hits:62872424 misses:17212393  Hit Ratio: 78.51%
DCACHE: size: 16 KB assoc: 4
DCACHE: hits:18410226 misses:5202667 writebacks:141414  Hit Ratio: 77.97%
SCACHE: size: 512 KB assoc: 2
SCACHE: hits:6317489 misses:16097571  Hit Ratio: 28.18%
3CACHE: size: 4096 KB assoc: 2
3CACHE: hits:260440 misses:15837131  Hit Ratio: 1.62%
3CACHE: dirty items replaced:3921
ITLB: size: 48, misses 4, miss rate 0.00%
DTLB: size: 128, misses 21, miss rate 0.00%
Avg mem delay: 1.556 cycles
----------------------------------------
==== Global Resource Utilization ====
STASH: size: 65536 entries, full 1555267515, empty 707, misses 63, full rate 100.00
icache bank util. 0.078 0.040 0.005 0.000 0.000 0.000 0.000 0.014 
dcache bank util. 0.006 0.006 0.012 0.026 0.006 0.010 0.006 0.006 
L2 bank util. 0.137 0.009 0.004 0.004 0.004 0.004 0.003 0.003 
L1-L2 bus util. = 0.065, L3 util. = 0.149
----------------------------------------
branch prediction, hits = 50539611, misses = 378877, hit rate = 99.26%
return_stack prediction, hits = 188784, misses = 15556970, hit rate = 1.20%
jump prediction, hits = 93650873, misses = 72, hit rate = 100.00%

**** Debug Statistics at 3301000000 Cycles *****
Threads: 4		Fetch Width: 8
No of useful instructions fetched:	1096684802 (4.15% proc util.)
No of total instructions fetched:	1540141685 (5.83% proc util.)
 includes 200 misfetch (0.0%), 443456683 (28.8%) wrong-path fetches
 and 0 flushed after failed lock(0.0%)
No of useful instructions issued/executed:	1096684802 (4.15% proc util.)
No of total instructions issued/executed:	1350589138 (5.11% proc util.)
 includes 253904336 wrong-path (18.8%) insts and 0 flushed (0.0%)
	fp 0, 0.00%
	synch 0, 0.00%
	integer 1151160675, 85.23%
	load/store 199428463, 14.77%
Avg size of int IQ (before scheduling): 2.83
Avg size of fp IQ (before scheduling): 0.00
No of cycles taken:		3301000000
Parallelism [ 0.108, 0.000, 0.100, 0.124,] = 0.332
 IQ conflicts: 904281 (0.03%), FQ conflicts: 0 (0.00%) 
 I reg conflicts: 40215534 (1.22%), FP reg conflicts: 0 (0.00%)
  Activelist confs: 0 (0.00%), ROB confs: 0 (0.00%)
  Int unit conflicts: 82537287 (2.50%), FP unit conflicts: 0 (0.00%)
  Load/store unit conflicts: 49997 (0.00%)
  MSHR conflicts: 0 (0.00%)
----------------------------------------
==== System-wide Cache Statistics ====
Stall for miss queue full 0 cycles (0.00%)
----------------------------------------
==== Statistics for Master ID: 0 ====
Reads: 219692411   Writes: 97846816
ICACHE: size: 64 KB assoc: 2
ICACHE: hits:137883586 misses:16842371  Hit Ratio: 89.11%
DCACHE: size: 16 KB assoc: 4
DCACHE: hits:160034960 misses:2778310 writebacks:2778044  Hit Ratio: 98.29%
SCACHE: size: 512 KB assoc: 2
SCACHE: hits:2945271 misses:16675410  Hit Ratio: 15.01%
3CACHE: size: 4096 KB assoc: 2
3CACHE: hits:265599 misses:16409811  Hit Ratio: 1.59%
3CACHE: dirty items replaced:3949
ITLB: size: 48, misses 4, miss rate 0.00%
DTLB: size: 128, misses 75, miss rate 0.00%
Avg mem delay: 1.556 cycles
----------------------------------------
==== Statistics for Master ID: 2 ====
Reads: 69792974   Writes: 33
ICACHE: size: 64 KB assoc: 2
ICACHE: hits:39800447 misses:17735148  Hit Ratio: 69.18%
DCACHE: size: 16 KB assoc: 4
DCACHE: hits:4082194 misses:8175218 writebacks:223544  Hit Ratio: 33.30%
SCACHE: size: 512 KB assoc: 2
SCACHE: hits:9341122 misses:16569244  Hit Ratio: 36.05%
3CACHE: size: 4096 KB assoc: 2
3CACHE: hits:253846 misses:16315398  Hit Ratio: 1.53%
3CACHE: dirty items replaced:4146
ITLB: size: 48, misses 4, miss rate 0.00%
DTLB: size: 128, misses 21, miss rate 0.00%
Avg mem delay: 1.556 cycles
----------------------------------------
==== Statistics for Master ID: 3 ====
Reads: 106977818   Writes: 34
ICACHE: size: 64 KB assoc: 2
ICACHE: hits:64869409 misses:17750662  Hit Ratio: 78.52%
DCACHE: size: 16 KB assoc: 4
DCACHE: hits:18990830 misses:5366951 writebacks:145885  Hit Ratio: 77.97%
SCACHE: size: 512 KB assoc: 2
SCACHE: hits:6517548 misses:16600065  Hit Ratio: 28.19%
3CACHE: size: 4096 KB assoc: 2
3CACHE: hits:268850 misses:16331215  Hit Ratio: 1.62%
3CACHE: dirty items replaced:4039
ITLB: size: 48, misses 4, miss rate 0.00%
DTLB: size: 128, misses 21, miss rate 0.00%
Avg mem delay: 1.556 cycles
----------------------------------------
==== Global Resource Utilization ====
STASH: size: 65536 entries, full 1604538649, empty 707, misses 63, full rate 100.00
icache bank util. 0.078 0.040 0.005 0.000 0.000 0.000 0.000 0.014 
dcache bank util. 0.006 0.006 0.012 0.026 0.006 0.010 0.006 0.006 
L2 bank util. 0.137 0.009 0.004 0.004 0.004 0.004 0.003 0.003 
L1-L2 bus util. = 0.065, L3 util. = 0.149
----------------------------------------
branch prediction, hits = 52134306, misses = 390830, hit rate = 99.26%
return_stack prediction, hits = 194772, misses = 16050481, hit rate = 1.20%
jump prediction, hits = 96610934, misses = 72, hit rate = 100.00%

**** Debug Statistics at 3401000000 Cycles *****
Threads: 4		Fetch Width: 8
No of useful instructions fetched:	1129670989 (4.15% proc util.)
No of total instructions fetched:	1586446065 (5.83% proc util.)
 includes 200 misfetch (0.0%), 456774876 (28.8%) wrong-path fetches
 and 0 flushed after failed lock(0.0%)
No of useful instructions issued/executed:	1129670988 (4.15% proc util.)
No of total instructions issued/executed:	1391201837 (5.11% proc util.)
 includes 261530849 wrong-path (18.8%) insts and 0 flushed (0.0%)
	fp 0, 0.00%
	synch 0, 0.00%
	integer 1185771782, 85.23%
	load/store 205430055, 14.77%
Avg size of int IQ (before scheduling): 2.83
Avg size of fp IQ (before scheduling): 0.00
No of cycles taken:		3401000000
Parallelism [ 0.108, 0.000, 0.100, 0.124,] = 0.332
 IQ conflicts: 930740 (0.03%), FQ conflicts: 0 (0.00%) 
 I reg conflicts: 41397712 (1.22%), FP reg conflicts: 0 (0.00%)
  Activelist confs: 0 (0.00%), ROB confs: 0 (0.00%)
  Int unit conflicts: 85010643 (2.50%), FP unit conflicts: 0 (0.00%)
  Load/store unit conflicts: 51412 (0.00%)
  MSHR conflicts: 0 (0.00%)
----------------------------------------
==== System-wide Cache Statistics ====
Stall for miss queue full 0 cycles (0.00%)
----------------------------------------
==== Statistics for Master ID: 0 ====
Reads: 226304161   Writes: 100788879
ICACHE: size: 64 KB assoc: 2
ICACHE: hits:142026218 misses:17352355  Hit Ratio: 89.11%
DCACHE: size: 16 KB assoc: 4
DCACHE: hits:164852454 misses:2862013 writebacks:2861747  Hit Ratio: 98.29%
SCACHE: size: 512 KB assoc: 2
SCACHE: hits:3033492 misses:17180876  Hit Ratio: 15.01%
3CACHE: size: 4096 KB assoc: 2
3CACHE: hits:273681 misses:16907195  Hit Ratio: 1.59%
3CACHE: dirty items replaced:4068
ITLB: size: 48, misses 4, miss rate 0.00%
DTLB: size: 128, misses 75, miss rate 0.00%
Avg mem delay: 1.556 cycles
----------------------------------------
==== Statistics for Master ID: 2 ====
Reads: 71892275   Writes: 33
ICACHE: size: 64 KB assoc: 2
ICACHE: hits:40994305 misses:18271982  Hit Ratio: 69.17%
DCACHE: size: 16 KB assoc: 4
DCACHE: hits:4205060 misses:8420961 writebacks:230258  Hit Ratio: 33.30%
SCACHE: size: 512 KB assoc: 2
SCACHE: hits:9621441 misses:17071502  Hit Ratio: 36.04%
3CACHE: size: 4096 KB assoc: 2
3CACHE: hits:261414 misses:16810088  Hit Ratio: 1.53%
3CACHE: dirty items replaced:4277
ITLB: size: 48, misses 4, miss rate 0.00%
DTLB: size: 128, misses 21, miss rate 0.00%
Avg mem delay: 1.556 cycles
----------------------------------------
==== Statistics for Master ID: 3 ====
Reads: 110189027   Writes: 34
ICACHE: size: 64 KB assoc: 2
ICACHE: hits:66811406 misses:18288088  Hit Ratio: 78.51%
DCACHE: size: 16 KB assoc: 4
DCACHE: hits:19561657 misses:5527910 writebacks:150269  Hit Ratio: 77.97%
SCACHE: size: 512 KB assoc: 2
SCACHE: hits:6712782 misses:17103216  Hit Ratio: 28.19%
3CACHE: size: 4096 KB assoc: 2
3CACHE: hits:276769 misses:16826446  Hit Ratio: 1.62%
3CACHE: dirty items replaced:4163
ITLB: size: 48, misses 4, miss rate 0.00%
DTLB: size: 128, misses 21, miss rate 0.00%
Avg mem delay: 1.556 cycles
----------------------------------------
==== Global Resource Utilization ====
STASH: size: 65536 entries, full 1652785217, empty 707, misses 63, full rate 100.00
icache bank util. 0.078 0.040 0.005 0.000 0.000 0.000 0.000 0.014 
dcache bank util. 0.006 0.006 0.012 0.026 0.006 0.010 0.006 0.006 
L2 bank util. 0.137 0.009 0.004 0.004 0.004 0.004 0.003 0.003 
L1-L2 bus util. = 0.065, L3 util. = 0.149
----------------------------------------
branch prediction, hits = 53700803, misses = 402572, hit rate = 99.26%
return_stack prediction, hits = 200652, misses = 16534581, hit rate = 1.20%
jump prediction, hits = 99517420, misses = 72, hit rate = 100.00%

**** Debug Statistics at 3501000000 Cycles *****
Threads: 4		Fetch Width: 8
No of useful instructions fetched:	1163207078 (4.15% proc util.)
No of total instructions fetched:	1633637293 (5.83% proc util.)
 includes 200 misfetch (0.0%), 470430015 (28.8%) wrong-path fetches
 and 0 flushed after failed lock(0.0%)
No of useful instructions issued/executed:	1163207078 (4.15% proc util.)
No of total instructions issued/executed:	1432550113 (5.11% proc util.)
 includes 269343035 wrong-path (18.8%) insts and 0 flushed (0.0%)
	fp 0, 0.00%
	synch 0, 0.00%
	integer 1221003563, 85.23%
	load/store 211546550, 14.77%
Avg size of int IQ (before scheduling): 2.83
Avg size of fp IQ (before scheduling): 0.00
No of cycles taken:		3501000000
Parallelism [ 0.108, 0.000, 0.100, 0.124,] = 0.332
 IQ conflicts: 959160 (0.03%), FQ conflicts: 0 (0.00%) 
 I reg conflicts: 42645971 (1.22%), FP reg conflicts: 0 (0.00%)
  Activelist confs: 0 (0.00%), ROB confs: 0 (0.00%)
  Int unit conflicts: 87557272 (2.50%), FP unit conflicts: 0 (0.00%)
  Load/store unit conflicts: 53002 (0.00%)
  MSHR conflicts: 0 (0.00%)
----------------------------------------
==== System-wide Cache Statistics ====
Stall for miss queue full 0 cycles (0.00%)
----------------------------------------
==== Statistics for Master ID: 0 ====
Reads: 233052220   Writes: 103794248
ICACHE: size: 64 KB assoc: 2
ICACHE: hits:146270960 misses:17862822  Hit Ratio: 89.12%
DCACHE: size: 16 KB assoc: 4
DCACHE: hits:169765569 misses:2947117 writebacks:2946851  Hit Ratio: 98.29%
SCACHE: size: 512 KB assoc: 2
SCACHE: hits:3124181 misses:17685758  Hit Ratio: 15.01%
3CACHE: size: 4096 KB assoc: 2
3CACHE: hits:281865 misses:17403893  Hit Ratio: 1.59%
3CACHE: dirty items replaced:4206
ITLB: size: 48, misses 4, miss rate 0.00%
DTLB: size: 128, misses 75, miss rate 0.00%
Avg mem delay: 1.556 cycles
----------------------------------------
==== Statistics for Master ID: 2 ====
Reads: 74029962   Writes: 33
ICACHE: size: 64 KB assoc: 2
ICACHE: hits:42219325 misses:18809799  Hit Ratio: 69.18%
DCACHE: size: 16 KB assoc: 4
DCACHE: hits:4329758 misses:8671113 writebacks:237099  Hit Ratio: 33.30%
SCACHE: size: 512 KB assoc: 2
SCACHE: hits:9907646 misses:17573266  Hit Ratio: 36.05%
3CACHE: size: 4096 KB assoc: 2
3CACHE: hits:269292 misses:17303974  Hit Ratio: 1.53%
3CACHE: dirty items replaced:4418
ITLB: size: 48, misses 4, miss rate 0.00%
DTLB: size: 128, misses 21, miss rate 0.00%
Avg mem delay: 1.556 cycles
----------------------------------------
==== Statistics for Master ID: 3 ====
Reads: 113458333   Writes: 34
ICACHE: size: 64 KB assoc: 2
ICACHE: hits:68798797 misses:18826577  Hit Ratio: 78.51%
DCACHE: size: 16 KB assoc: 4
DCACHE: hits:20141743 misses:5691250 writebacks:154703  Hit Ratio: 77.97%
SCACHE: size: 512 KB assoc: 2
SCACHE: hits:6911847 misses:17605980  Hit Ratio: 28.19%
3CACHE: size: 4096 KB assoc: 2
3CACHE: hits:285138 misses:17320842  Hit Ratio: 1.62%
3CACHE: dirty items replaced:4303
ITLB: size: 48, misses 4, miss rate 0.00%
DTLB: size: 128, misses 21, miss rate 0.00%
Avg mem delay: 1.556 cycles
----------------------------------------
==== Global Resource Utilization ====
STASH: size: 65536 entries, full 1701951030, empty 707, misses 63, full rate 100.00
icache bank util. 0.078 0.040 0.005 0.000 0.000 0.000 0.000 0.014 
dcache bank util. 0.006 0.006 0.012 0.026 0.006 0.010 0.006 0.006 
L2 bank util. 0.137 0.009 0.004 0.004 0.004 0.004 0.003 0.003 
L1-L2 bus util. = 0.065, L3 util. = 0.149
----------------------------------------
branch prediction, hits = 55293347, misses = 414502, hit rate = 99.26%
return_stack prediction, hits = 206616, misses = 17026624, hit rate = 1.20%
jump prediction, hits = 102472263, misses = 72, hit rate = 100.00%

**** Debug Statistics at 3601000000 Cycles *****
Threads: 4		Fetch Width: 8
No of useful instructions fetched:	1196355356 (4.15% proc util.)
No of total instructions fetched:	1679901473 (5.83% proc util.)
 includes 200 misfetch (0.0%), 483545917 (28.8%) wrong-path fetches
 and 0 flushed after failed lock(0.0%)
No of useful instructions issued/executed:	1196355356 (4.15% proc util.)
No of total instructions issued/executed:	1473212681 (5.11% proc util.)
 includes 276857325 wrong-path (18.8%) insts and 0 flushed (0.0%)
	fp 0, 0.00%
	synch 0, 0.00%
	integer 1255677212, 85.23%
	load/store 217535469, 14.77%
Avg size of int IQ (before scheduling): 2.83
Avg size of fp IQ (before scheduling): 0.00
No of cycles taken:		3601000000
Parallelism [ 0.108, 0.000, 0.100, 0.124,] = 0.332
 IQ conflicts: 985668 (0.03%), FQ conflicts: 0 (0.00%) 
 I reg conflicts: 43866250 (1.22%), FP reg conflicts: 0 (0.00%)
  Activelist confs: 0 (0.00%), ROB confs: 0 (0.00%)
  Int unit conflicts: 90033729 (2.50%), FP unit conflicts: 0 (0.00%)
  Load/store unit conflicts: 54596 (0.00%)
  MSHR conflicts: 0 (0.00%)
----------------------------------------
==== System-wide Cache Statistics ====
Stall for miss queue full 0 cycles (0.00%)
----------------------------------------
==== Statistics for Master ID: 0 ====
Reads: 239640459   Writes: 106712643
ICACHE: size: 64 KB assoc: 2
ICACHE: hits:150386999 misses:18373170  Hit Ratio: 89.11%
DCACHE: size: 16 KB assoc: 4
DCACHE: hits:174562066 misses:3030867 writebacks:3030601  Hit Ratio: 98.29%
SCACHE: size: 512 KB assoc: 2
SCACHE: hits:3212779 misses:18191258  Hit Ratio: 15.01%
3CACHE: size: 4096 KB assoc: 2
3CACHE: hits:289983 misses:17901275  Hit Ratio: 1.59%
3CACHE: dirty items replaced:4320
ITLB: size: 48, misses 4, miss rate 0.00%
DTLB: size: 128, misses 75, miss rate 0.00%
Avg mem delay: 1.556 cycles
----------------------------------------
==== Statistics for Master ID: 2 ====
Reads: 76133477   Writes: 33
ICACHE: size: 64 KB assoc: 2
ICACHE: hits:43416394 misses:19346888  Hit Ratio: 69.17%
DCACHE: size: 16 KB assoc: 4
DCACHE: hits:4452966 misses:8917262 writebacks:243840  Hit Ratio: 33.31%
SCACHE: size: 512 KB assoc: 2
SCACHE: hits:10188685 misses:18075465  Hit Ratio: 36.05%
3CACHE: size: 4096 KB assoc: 2
3CACHE: hits:276783 misses:17798681  Hit Ratio: 1.53%
3CACHE: dirty items replaced:4546
ITLB: size: 48, misses 4, miss rate 0.00%
DTLB: size: 128, misses 21, miss rate 0.00%
Avg mem delay: 1.556 cycles
----------------------------------------
==== Statistics for Master ID: 3 ====
Reads: 116701385   Writes: 34
ICACHE: size: 64 KB assoc: 2
ICACHE: hits:70765143 misses:19363968  Hit Ratio: 78.52%
DCACHE: size: 16 KB assoc: 4
DCACHE: hits:20718589 misses:5853719 writebacks:159198  Hit Ratio: 77.97%
SCACHE: size: 512 KB assoc: 2
SCACHE: hits:7108551 misses:18109136  Hit Ratio: 28.19%
3CACHE: size: 4096 KB assoc: 2
3CACHE: hits:293173 misses:17815963  Hit Ratio: 1.62%
3CACHE: dirty items replaced:4425
ITLB: size: 48, misses 4, miss rate 0.00%
DTLB: size: 128, misses 21, miss rate 0.00%
Avg mem delay: 1.556 cycles
----------------------------------------
==== Global Resource Utilization ====
STASH: size: 65536 entries, full 1750160249, empty 707, misses 63, full rate 100.00
icache bank util. 0.078 0.040 0.005 0.000 0.000 0.000 0.000 0.014 
dcache bank util. 0.006 0.006 0.012 0.026 0.006 0.010 0.006 0.006 
L2 bank util. 0.137 0.009 0.004 0.004 0.004 0.004 0.003 0.003 
L1-L2 bus util. = 0.065, L3 util. = 0.149
----------------------------------------
branch prediction, hits = 56868594, misses = 426363, hit rate = 99.26%
return_stack prediction, hits = 212508, misses = 17511455, hit rate = 1.20%
jump prediction, hits = 105392632, misses = 72, hit rate = 100.00%

**** Debug Statistics at 3701000000 Cycles *****
Threads: 4		Fetch Width: 8
No of useful instructions fetched:	1228641887 (4.15% proc util.)
No of total instructions fetched:	1724702790 (5.83% proc util.)
 includes 200 misfetch (0.0%), 496060703 (28.8%) wrong-path fetches
 and 0 flushed after failed lock(0.0%)
No of useful instructions issued/executed:	1228641887 (4.15% proc util.)
No of total instructions issued/executed:	1512674335 (5.11% proc util.)
 includes 284032448 wrong-path (18.8%) insts and 0 flushed (0.0%)
	fp 0, 0.00%
	synch 0, 0.00%
	integer 1289347861, 85.24%
	load/store 223326474, 14.76%
Avg size of int IQ (before scheduling): 2.83
Avg size of fp IQ (before scheduling): 0.00
No of cycles taken:		3701000000
Parallelism [ 0.108, 0.000, 0.100, 0.124,] = 0.332
 IQ conflicts: 1010855 (0.03%), FQ conflicts: 0 (0.00%) 
 I reg conflicts: 44978857 (1.22%), FP reg conflicts: 0 (0.00%)
  Activelist confs: 0 (0.00%), ROB confs: 0 (0.00%)
  Int unit conflicts: 92409743 (2.50%), FP unit conflicts: 0 (0.00%)
  Load/store unit conflicts: 56026 (0.00%)
  MSHR conflicts: 0 (0.00%)
----------------------------------------
==== System-wide Cache Statistics ====
Stall for miss queue full 0 cycles (0.00%)
----------------------------------------
==== Statistics for Master ID: 0 ====
Reads: 245988959   Writes: 109518859
ICACHE: size: 64 KB assoc: 2
ICACHE: hits:154321968 misses:18883014  Hit Ratio: 89.10%
DCACHE: size: 16 KB assoc: 4
DCACHE: hits:179190726 misses:3112110 writebacks:3111844  Hit Ratio: 98.29%
SCACHE: size: 512 KB assoc: 2
SCACHE: hits:3298593 misses:18696531  Hit Ratio: 15.00%
3CACHE: size: 4096 KB assoc: 2
3CACHE: hits:297515 misses:18399016  Hit Ratio: 1.59%
3CACHE: dirty items replaced:4437
ITLB: size: 48, misses 4, miss rate 0.00%
DTLB: size: 128, misses 75, miss rate 0.00%
Avg mem delay: 1.556 cycles
----------------------------------------
==== Statistics for Master ID: 2 ====
Reads: 78181472   Writes: 33
ICACHE: size: 64 KB assoc: 2
ICACHE: hits:44567603 misses:19882114  Hit Ratio: 69.15%
DCACHE: size: 16 KB assoc: 4
DCACHE: hits:4573354 misses:9158434 writebacks:250505  Hit Ratio: 33.30%
SCACHE: size: 512 KB assoc: 2
SCACHE: hits:10462805 misses:18577743  Hit Ratio: 36.03%
3CACHE: size: 4096 KB assoc: 2
3CACHE: hits:283820 misses:18293923  Hit Ratio: 1.53%
3CACHE: dirty items replaced:4672
ITLB: size: 48, misses 4, miss rate 0.00%
DTLB: size: 128, misses 21, miss rate 0.00%
Avg mem delay: 1.556 cycles
----------------------------------------
==== Statistics for Master ID: 3 ====
Reads: 119848202   Writes: 34
ICACHE: size: 64 KB assoc: 2
ICACHE: hits:72656917 misses:19899469  Hit Ratio: 78.50%
DCACHE: size: 16 KB assoc: 4
DCACHE: hits:21279743 misses:6012107 writebacks:163426  Hit Ratio: 77.97%
SCACHE: size: 512 KB assoc: 2
SCACHE: hits:7299049 misses:18612527  Hit Ratio: 28.17%
3CACHE: size: 4096 KB assoc: 2
3CACHE: hits:300915 misses:18311612  Hit Ratio: 1.62%
3CACHE: dirty items replaced:4551
ITLB: size: 48, misses 4, miss rate 0.00%
DTLB: size: 128, misses 21, miss rate 0.00%
Avg mem delay: 1.556 cycles
----------------------------------------
==== Global Resource Utilization ====
STASH: size: 65536 entries, full 1796849175, empty 707, misses 63, full rate 100.00
icache bank util. 0.078 0.040 0.005 0.000 0.000 0.000 0.000 0.014 
dcache bank util. 0.006 0.006 0.012 0.026 0.006 0.010 0.006 0.006 
L2 bank util. 0.137 0.009 0.004 0.004 0.004 0.004 0.003 0.003 
L1-L2 bus util. = 0.065, L3 util. = 0.149
----------------------------------------
branch prediction, hits = 58402356, misses = 437903, hit rate = 99.26%
return_stack prediction, hits = 218208, misses = 17981998, hit rate = 1.20%
jump prediction, hits = 108232739, misses = 72, hit rate = 100.00%

**** Debug Statistics at 3801000000 Cycles *****
Threads: 4		Fetch Width: 8
No of useful instructions fetched:	1262203980 (4.15% proc util.)
No of total instructions fetched:	1772156486 (5.83% proc util.)
 includes 200 misfetch (0.0%), 509952306 (28.8%) wrong-path fetches
 and 0 flushed after failed lock(0.0%)
No of useful instructions issued/executed:	1262203980 (4.15% proc util.)
No of total instructions issued/executed:	1554186724 (5.11% proc util.)
 includes 291982744 wrong-path (18.8%) insts and 0 flushed (0.0%)
	fp 0, 0.00%
	synch 0, 0.00%
	integer 1324693740, 85.23%
	load/store 229492984, 14.77%
Avg size of int IQ (before scheduling): 2.83
Avg size of fp IQ (before scheduling): 0.00
No of cycles taken:		3801000000
Parallelism [ 0.108, 0.000, 0.100, 0.124,] = 0.332
 IQ conflicts: 1038930 (0.03%), FQ conflicts: 0 (0.00%) 
 I reg conflicts: 46225029 (1.22%), FP reg conflicts: 0 (0.00%)
  Activelist confs: 0 (0.00%), ROB confs: 0 (0.00%)
  Int unit conflicts: 94975616 (2.50%), FP unit conflicts: 0 (0.00%)
  Load/store unit conflicts: 57589 (0.00%)
  MSHR conflicts: 0 (0.00%)
----------------------------------------
==== System-wide Cache Statistics ====
Stall for miss queue full 0 cycles (0.00%)
----------------------------------------
==== Statistics for Master ID: 0 ====
Reads: 252809112   Writes: 112563130
ICACHE: size: 64 KB assoc: 2
ICACHE: hits:158625096 misses:19393247  Hit Ratio: 89.11%
DCACHE: size: 16 KB assoc: 4
DCACHE: hits:184156017 misses:3197882 writebacks:3197616  Hit Ratio: 98.29%
SCACHE: size: 512 KB assoc: 2
SCACHE: hits:3389773 misses:19201356  Hit Ratio: 15.00%
3CACHE: size: 4096 KB assoc: 2
3CACHE: hits:305557 misses:18895799  Hit Ratio: 1.59%
3CACHE: dirty items replaced:4570
ITLB: size: 48, misses 4, miss rate 0.00%
DTLB: size: 128, misses 75, miss rate 0.00%
Avg mem delay: 1.556 cycles
----------------------------------------
==== Statistics for Master ID: 2 ====
Reads: 80322980   Writes: 33
ICACHE: size: 64 KB assoc: 2
ICACHE: hits:45796259 misses:20420360  Hit Ratio: 69.16%
DCACHE: size: 16 KB assoc: 4
DCACHE: hits:4699084 misses:9407310 writebacks:257290  Hit Ratio: 33.31%
SCACHE: size: 512 KB assoc: 2
SCACHE: hits:10748182 misses:19079488  Hit Ratio: 36.03%
3CACHE: size: 4096 KB assoc: 2
3CACHE: hits:291703 misses:18787785  Hit Ratio: 1.53%
3CACHE: dirty items replaced:4807
ITLB: size: 48, misses 4, miss rate 0.00%
DTLB: size: 128, misses 21, miss rate 0.00%
Avg mem delay: 1.556 cycles
----------------------------------------
==== Statistics for Master ID: 3 ====
Reads: 123105200   Writes: 34
ICACHE: size: 64 KB assoc: 2
ICACHE: hits:74634092 misses:20438451  Hit Ratio: 78.50%
DCACHE: size: 16 KB assoc: 4
DCACHE: hits:21857212 misses:6175479 writebacks:167871  Hit Ratio: 77.97%
SCACHE: size: 512 KB assoc: 2
SCACHE: hits:7498800 misses:19115130  Hit Ratio: 28.18%
3CACHE: size: 4096 KB assoc: 2
3CACHE: hits:309089 misses:18806040  Hit Ratio: 1.62%
3CACHE: dirty items replaced:4689
ITLB: size: 48, misses 4, miss rate 0.00%
DTLB: size: 128, misses 21, miss rate 0.00%
Avg mem delay: 1.556 cycles
----------------------------------------
==== Global Resource Utilization ====
STASH: size: 65536 entries, full 1846291274, empty 707, misses 63, full rate 100.00
icache bank util. 0.078 0.040 0.005 0.000 0.000 0.000 0.000 0.014 
dcache bank util. 0.006 0.006 0.012 0.026 0.006 0.010 0.006 0.006 
L2 bank util. 0.137 0.009 0.004 0.004 0.004 0.004 0.003 0.003 
L1-L2 bus util. = 0.065, L3 util. = 0.149
----------------------------------------
branch prediction, hits = 59995596, misses = 449795, hit rate = 99.26%
return_stack prediction, hits = 224220, misses = 18477487, hit rate = 1.20%
jump prediction, hits = 111193967, misses = 72, hit rate = 100.00%

**** Debug Statistics at 3901000000 Cycles *****
Threads: 4		Fetch Width: 8
No of useful instructions fetched:	1295795986 (4.15% proc util.)
No of total instructions fetched:	1819515386 (5.83% proc util.)
 includes 200 misfetch (0.0%), 523719200 (28.8%) wrong-path fetches
 and 0 flushed after failed lock(0.0%)
No of useful instructions issued/executed:	1295795929 (4.15% proc util.)
No of total instructions issued/executed:	1595659050 (5.11% proc util.)
 includes 299863121 wrong-path (18.8%) insts and 0 flushed (0.0%)
	fp 0, 0.00%
	synch 0, 0.00%
	integer 1360024861, 85.23%
	load/store 235634189, 14.77%
Avg size of int IQ (before scheduling): 2.83
Avg size of fp IQ (before scheduling): 0.00
No of cycles taken:		3901000000
Parallelism [ 0.108, 0.000, 0.100, 0.124,] = 0.332
 IQ conflicts: 1066820 (0.03%), FQ conflicts: 0 (0.00%) 
 I reg conflicts: 47481905 (1.22%), FP reg conflicts: 0 (0.00%)
  Activelist confs: 0 (0.00%), ROB confs: 0 (0.00%)
  Int unit conflicts: 97530118 (2.50%), FP unit conflicts: 0 (0.00%)
  Load/store unit conflicts: 59184 (0.00%)
  MSHR conflicts: 0 (0.00%)
----------------------------------------
==== System-wide Cache Statistics ====
Stall for miss queue full 0 cycles (0.00%)
----------------------------------------
==== Statistics for Master ID: 0 ====
Reads: 259590246   Writes: 115585578
ICACHE: size: 64 KB assoc: 2
ICACHE: hits:162897725 misses:19903297  Hit Ratio: 89.11%
DCACHE: size: 16 KB assoc: 4
DCACHE: hits:189091619 misses:3283183 writebacks:3282917  Hit Ratio: 98.29%
SCACHE: size: 512 KB assoc: 2
SCACHE: hits:3480631 misses:19705849  Hit Ratio: 15.01%
3CACHE: size: 4096 KB assoc: 2
3CACHE: hits:313744 misses:19392104  Hit Ratio: 1.59%
3CACHE: dirty items replaced:4696
ITLB: size: 48, misses 4, miss rate 0.00%
DTLB: size: 128, misses 75, miss rate 0.00%
Avg mem delay: 1.555 cycles
----------------------------------------
==== Statistics for Master ID: 2 ====
Reads: 82461352   Writes: 33
ICACHE: size: 64 KB assoc: 2
ICACHE: hits:47022532 misses:20958152  Hit Ratio: 69.17%
DCACHE: size: 16 KB assoc: 4
DCACHE: hits:4824143 misses:9656558 writebacks:264058  Hit Ratio: 33.31%
SCACHE: size: 512 KB assoc: 2
SCACHE: hits:11033912 misses:19580798  Hit Ratio: 36.04%
3CACHE: size: 4096 KB assoc: 2
3CACHE: hits:299422 misses:19281375  Hit Ratio: 1.53%
3CACHE: dirty items replaced:4940
ITLB: size: 48, misses 4, miss rate 0.00%
DTLB: size: 128, misses 21, miss rate 0.00%
Avg mem delay: 1.555 cycles
----------------------------------------
==== Statistics for Master ID: 3 ====
Reads: 126388133   Writes: 34
ICACHE: size: 64 KB assoc: 2
ICACHE: hits:76632852 misses:20976629  Hit Ratio: 78.51%
DCACHE: size: 16 KB assoc: 4
DCACHE: hits:22438851 misses:6339835 writebacks:172224  Hit Ratio: 77.97%
SCACHE: size: 512 KB assoc: 2
SCACHE: hits:7698992 misses:19617472  Hit Ratio: 28.18%
3CACHE: size: 4096 KB assoc: 2
3CACHE: hits:317371 misses:19300101  Hit Ratio: 1.62%
3CACHE: dirty items replaced:4819
ITLB: size: 48, misses 4, miss rate 0.00%
DTLB: size: 128, misses 21, miss rate 0.00%
Avg mem delay: 1.555 cycles
----------------------------------------
==== Global Resource Utilization ====
STASH: size: 65536 entries, full 1895632489, empty 707, misses 63, full rate 100.00
icache bank util. 0.078 0.040 0.005 0.000 0.000 0.000 0.000 0.014 
dcache bank util. 0.006 0.006 0.012 0.026 0.006 0.010 0.006 0.006 
L2 bank util. 0.137 0.009 0.004 0.004 0.004 0.004 0.003 0.003 
L1-L2 bus util. = 0.065, L3 util. = 0.149
----------------------------------------
branch prediction, hits = 61591176, misses = 461766, hit rate = 99.26%
return_stack prediction, hits = 230220, misses = 18971734, hit rate = 1.20%
jump prediction, hits = 114156459, misses = 72, hit rate = 100.00%

**** Debug Statistics at 4001000000 Cycles *****
Threads: 4		Fetch Width: 8
No of useful instructions fetched:	1328967716 (4.15% proc util.)
No of total instructions fetched:	1865906606 (5.83% proc util.)
 includes 200 misfetch (0.0%), 536938690 (28.8%) wrong-path fetches
 and 0 flushed after failed lock(0.0%)
No of useful instructions issued/executed:	1328967716 (4.15% proc util.)
No of total instructions issued/executed:	1636394085 (5.11% proc util.)
 includes 307426369 wrong-path (18.8%) insts and 0 flushed (0.0%)
	fp 0, 0.00%
	synch 0, 0.00%
	integer 1394758916, 85.23%
	load/store 241635169, 14.77%
Avg size of int IQ (before scheduling): 2.83
Avg size of fp IQ (before scheduling): 0.00
No of cycles taken:		4001000000
Parallelism [ 0.108, 0.000, 0.100, 0.124,] = 0.332
 IQ conflicts: 1093975 (0.03%), FQ conflicts: 0 (0.00%) 
 I reg conflicts: 48707649 (1.22%), FP reg conflicts: 0 (0.00%)
  Activelist confs: 0 (0.00%), ROB confs: 0 (0.00%)
  Int unit conflicts: 100028948 (2.50%), FP unit conflicts: 0 (0.00%)
  Load/store unit conflicts: 60805 (0.00%)
  MSHR conflicts: 0 (0.00%)
----------------------------------------
==== System-wide Cache Statistics ====
Stall for miss queue full 0 cycles (0.00%)
----------------------------------------
==== Statistics for Master ID: 0 ====
Reads: 266191518   Writes: 118515892
ICACHE: size: 64 KB assoc: 2
ICACHE: hits:167027192 misses:20413811  Hit Ratio: 89.11%
DCACHE: size: 16 KB assoc: 4
DCACHE: hits:193899508 misses:3366899 writebacks:3366633  Hit Ratio: 98.29%
SCACHE: size: 512 KB assoc: 2
SCACHE: hits:3569342 misses:20211368  Hit Ratio: 15.01%
3CACHE: size: 4096 KB assoc: 2
3CACHE: hits:321842 misses:19889526  Hit Ratio: 1.59%
3CACHE: dirty items replaced:4824
ITLB: size: 48, misses 4, miss rate 0.00%
DTLB: size: 128, misses 75, miss rate 0.00%
Avg mem delay: 1.556 cycles
----------------------------------------
==== Statistics for Master ID: 2 ====
Reads: 84573845   Writes: 33
ICACHE: size: 64 KB assoc: 2
ICACHE: hits:48227234 misses:21495062  Hit Ratio: 69.17%
DCACHE: size: 16 KB assoc: 4
DCACHE: hits:4947465 misses:9904117 writebacks:270585  Hit Ratio: 33.31%
SCACHE: size: 512 KB assoc: 2
SCACHE: hits:11316089 misses:20083090  Hit Ratio: 36.04%
3CACHE: size: 4096 KB assoc: 2
3CACHE: hits:307067 misses:19776023  Hit Ratio: 1.53%
3CACHE: dirty items replaced:5080
ITLB: size: 48, misses 4, miss rate 0.00%
DTLB: size: 128, misses 21, miss rate 0.00%
Avg mem delay: 1.556 cycles
----------------------------------------
==== Statistics for Master ID: 3 ====
Reads: 129630023   Writes: 34
ICACHE: size: 64 KB assoc: 2
ICACHE: hits:78598771 misses:21514106  Hit Ratio: 78.51%
DCACHE: size: 16 KB assoc: 4
DCACHE: hits:23014960 misses:6502220 writebacks:176683  Hit Ratio: 77.97%
SCACHE: size: 512 KB assoc: 2
SCACHE: hits:7895685 misses:20120641  Hit Ratio: 28.18%
3CACHE: size: 4096 KB assoc: 2
3CACHE: hits:325446 misses:19795195  Hit Ratio: 1.62%
3CACHE: dirty items replaced:4958
ITLB: size: 48, misses 4, miss rate 0.00%
DTLB: size: 128, misses 21, miss rate 0.00%
Avg mem delay: 1.556 cycles
----------------------------------------
==== Global Resource Utilization ====
STASH: size: 65536 entries, full 1943967515, empty 707, misses 63, full rate 100.00
icache bank util. 0.078 0.040 0.005 0.000 0.000 0.000 0.000 0.014 
dcache bank util. 0.006 0.006 0.012 0.026 0.006 0.010 0.006 0.006 
L2 bank util. 0.137 0.009 0.004 0.004 0.004 0.004 0.003 0.003 
L1-L2 bus util. = 0.065, L3 util. = 0.149
----------------------------------------
branch prediction, hits = 63167001, misses = 473612, hit rate = 99.26%
return_stack prediction, hits = 236100, misses = 19456170, hit rate = 1.20%
jump prediction, hits = 117076493, misses = 72, hit rate = 100.00%

**** Debug Statistics at 4101000000 Cycles *****
Threads: 4		Fetch Width: 8
No of useful instructions fetched:	1362389695 (4.15% proc util.)
No of total instructions fetched:	1913023758 (5.83% proc util.)
 includes 200 misfetch (0.0%), 550633863 (28.8%) wrong-path fetches
 and 0 flushed after failed lock(0.0%)
No of useful instructions issued/executed:	1362389695 (4.15% proc util.)
No of total instructions issued/executed:	1677662260 (5.11% proc util.)
 includes 315272565 wrong-path (18.8%) insts and 0 flushed (0.0%)
	fp 0, 0.00%
	synch 0, 0.00%
	integer 1429917227, 85.23%
	load/store 247745033, 14.77%
Avg size of int IQ (before scheduling): 2.83
Avg size of fp IQ (before scheduling): 0.00
No of cycles taken:		4101000000
Parallelism [ 0.108, 0.000, 0.100, 0.124,] = 0.332
 IQ conflicts: 1121890 (0.03%), FQ conflicts: 0 (0.00%) 
 I reg conflicts: 49934207 (1.22%), FP reg conflicts: 0 (0.00%)
  Activelist confs: 0 (0.00%), ROB confs: 0 (0.00%)
  Int unit conflicts: 102558077 (2.50%), FP unit conflicts: 0 (0.00%)
  Load/store unit conflicts: 62338 (0.00%)
  MSHR conflicts: 0 (0.00%)
----------------------------------------
==== System-wide Cache Statistics ====
Stall for miss queue full 0 cycles (0.00%)
----------------------------------------
==== Statistics for Master ID: 0 ====
Reads: 272932538   Writes: 121523667
ICACHE: size: 64 KB assoc: 2
ICACHE: hits:171270505 misses:20923954  Hit Ratio: 89.11%
DCACHE: size: 16 KB assoc: 4
DCACHE: hits:198809940 misses:3451806 writebacks:3451540  Hit Ratio: 98.29%
SCACHE: size: 512 KB assoc: 2
SCACHE: hits:3660118 misses:20715642  Hit Ratio: 15.02%
3CACHE: size: 4096 KB assoc: 2
3CACHE: hits:329696 misses:20385946  Hit Ratio: 1.59%
3CACHE: dirty items replaced:4945
ITLB: size: 48, misses 4, miss rate 0.00%
DTLB: size: 128, misses 75, miss rate 0.00%
Avg mem delay: 1.555 cycles
----------------------------------------
==== Statistics for Master ID: 2 ====
Reads: 86697383   Writes: 33
ICACHE: size: 64 KB assoc: 2
ICACHE: hits:49440462 misses:22032655  Hit Ratio: 69.17%
DCACHE: size: 16 KB assoc: 4
DCACHE: hits:5071987 misses:10152312 writebacks:277303  Hit Ratio: 33.32%
SCACHE: size: 512 KB assoc: 2
SCACHE: hits:11600506 misses:20584461  Hit Ratio: 36.04%
3CACHE: size: 4096 KB assoc: 2
3CACHE: hits:314821 misses:20269640  Hit Ratio: 1.53%
3CACHE: dirty items replaced:5211
ITLB: size: 48, misses 4, miss rate 0.00%
DTLB: size: 128, misses 21, miss rate 0.00%
Avg mem delay: 1.555 cycles
----------------------------------------
==== Statistics for Master ID: 3 ====
Reads: 132888232   Writes: 34
ICACHE: size: 64 KB assoc: 2
ICACHE: hits:80576956 misses:22052322  Hit Ratio: 78.51%
DCACHE: size: 16 KB assoc: 4
DCACHE: hits:23593428 misses:6665560 writebacks:181060  Hit Ratio: 77.97%
SCACHE: size: 512 KB assoc: 2
SCACHE: hits:8094939 misses:20622943  Hit Ratio: 28.19%
3CACHE: size: 4096 KB assoc: 2
3CACHE: hits:333567 misses:20289376  Hit Ratio: 1.62%
3CACHE: dirty items replaced:5082
ITLB: size: 48, misses 4, miss rate 0.00%
DTLB: size: 128, misses 21, miss rate 0.00%
Avg mem delay: 1.555 cycles
----------------------------------------
==== Global Resource Utilization ====
STASH: size: 65536 entries, full 1993054633, empty 707, misses 63, full rate 100.00
icache bank util. 0.078 0.040 0.005 0.000 0.000 0.000 0.000 0.014 
dcache bank util. 0.006 0.006 0.012 0.026 0.006 0.010 0.006 0.006 
L2 bank util. 0.137 0.009 0.004 0.004 0.004 0.004 0.003 0.003 
L1-L2 bus util. = 0.065, L3 util. = 0.149
----------------------------------------
branch prediction, hits = 64754473, misses = 485515, hit rate = 99.26%
return_stack prediction, hits = 242052, misses = 19947141, hit rate = 1.20%
jump prediction, hits = 120022995, misses = 72, hit rate = 100.00%

**** Debug Statistics at 4201000000 Cycles *****
Threads: 4		Fetch Width: 8
No of useful instructions fetched:	1395593380 (4.15% proc util.)
No of total instructions fetched:	1959676104 (5.83% proc util.)
 includes 200 misfetch (0.0%), 564082524 (28.8%) wrong-path fetches
 and 0 flushed after failed lock(0.0%)
No of useful instructions issued/executed:	1395593380 (4.15% proc util.)
No of total instructions issued/executed:	1718567059 (5.11% proc util.)
 includes 322973679 wrong-path (18.8%) insts and 0 flushed (0.0%)
	fp 0, 0.00%
	synch 0, 0.00%
	integer 1464775774, 85.23%
	load/store 253791285, 14.77%
Avg size of int IQ (before scheduling): 2.83
Avg size of fp IQ (before scheduling): 0.00
No of cycles taken:		4201000000
Parallelism [ 0.108, 0.000, 0.100, 0.124,] = 0.332
 IQ conflicts: 1149426 (0.03%), FQ conflicts: 0 (0.00%) 
 I reg conflicts: 51149770 (1.22%), FP reg conflicts: 0 (0.00%)
  Activelist confs: 0 (0.00%), ROB confs: 0 (0.00%)
  Int unit conflicts: 105061763 (2.50%), FP unit conflicts: 0 (0.00%)
  Load/store unit conflicts: 63818 (0.00%)
  MSHR conflicts: 0 (0.00%)
----------------------------------------
==== System-wide Cache Statistics ====
Stall for miss queue full 0 cycles (0.00%)
----------------------------------------
==== Statistics for Master ID: 0 ====
Reads: 279597569   Writes: 124490063
ICACHE: size: 64 KB assoc: 2
ICACHE: hits:175453364 misses:21434193  Hit Ratio: 89.11%
DCACHE: size: 16 KB assoc: 4
DCACHE: hits:203664082 misses:3535993 writebacks:3535727  Hit Ratio: 98.29%
SCACHE: size: 512 KB assoc: 2
SCACHE: hits:3749046 misses:21221140  Hit Ratio: 15.01%
3CACHE: size: 4096 KB assoc: 2
3CACHE: hits:338034 misses:20883106  Hit Ratio: 1.59%
3CACHE: dirty items replaced:5063
ITLB: size: 48, misses 4, miss rate 0.00%
DTLB: size: 128, misses 75, miss rate 0.00%
Avg mem delay: 1.555 cycles
----------------------------------------
==== Statistics for Master ID: 2 ====
Reads: 88805292   Writes: 33
ICACHE: size: 64 KB assoc: 2
ICACHE: hits:50640322 misses:22569971  Hit Ratio: 69.17%
DCACHE: size: 16 KB assoc: 4
DCACHE: hits:5195570 misses:10399462 writebacks:284178  Hit Ratio: 33.32%
SCACHE: size: 512 KB assoc: 2
SCACHE: hits:11882682 misses:21086751  Hit Ratio: 36.04%
3CACHE: size: 4096 KB assoc: 2
3CACHE: hits:322741 misses:20764010  Hit Ratio: 1.53%
3CACHE: dirty items replaced:5331
ITLB: size: 48, misses 4, miss rate 0.00%
DTLB: size: 128, misses 21, miss rate 0.00%
Avg mem delay: 1.555 cycles
----------------------------------------
==== Statistics for Master ID: 3 ====
Reads: 136126940   Writes: 34
ICACHE: size: 64 KB assoc: 2
ICACHE: hits:82540633 misses:22590163  Hit Ratio: 78.51%
DCACHE: size: 16 KB assoc: 4
DCACHE: hits:24168618 misses:6827560 writebacks:185464  Hit Ratio: 77.97%
SCACHE: size: 512 KB assoc: 2
SCACHE: hits:8291834 misses:21125889  Hit Ratio: 28.19%
3CACHE: size: 4096 KB assoc: 2
3CACHE: hits:341645 misses:20784244  Hit Ratio: 1.62%
3CACHE: dirty items replaced:5198
ITLB: size: 48, misses 4, miss rate 0.00%
DTLB: size: 128, misses 21, miss rate 0.00%
Avg mem delay: 1.555 cycles
----------------------------------------
==== Global Resource Utilization ====
STASH: size: 65536 entries, full 2041662694, empty 707, misses 63, full rate 100.00
icache bank util. 0.078 0.040 0.005 0.000 0.000 0.000 0.000 0.014 
dcache bank util. 0.006 0.006 0.012 0.026 0.006 0.010 0.006 0.006 
L2 bank util. 0.137 0.009 0.004 0.004 0.004 0.004 0.003 0.003 
L1-L2 bus util. = 0.065, L3 util. = 0.149
----------------------------------------
branch prediction, hits = 66331435, misses = 497344, hit rate = 99.26%
return_stack prediction, hits = 247968, misses = 20434718, hit rate = 1.20%
jump prediction, hits = 122949222, misses = 72, hit rate = 100.00%

**** Debug Statistics at 4301000000 Cycles *****
Threads: 4		Fetch Width: 8
No of useful instructions fetched:	1428934694 (4.15% proc util.)
No of total instructions fetched:	2006625338 (5.83% proc util.)
 includes 200 misfetch (0.0%), 577690444 (28.8%) wrong-path fetches
 and 0 flushed after failed lock(0.0%)
No of useful instructions issued/executed:	1428934694 (4.15% proc util.)
No of total instructions issued/executed:	1759694590 (5.11% proc util.)
 includes 330759896 wrong-path (18.8%) insts and 0 flushed (0.0%)
	fp 0, 0.00%
	synch 0, 0.00%
	integer 1499817022, 85.23%
	load/store 259877568, 14.77%
Avg size of int IQ (before scheduling): 2.83
Avg size of fp IQ (before scheduling): 0.00
No of cycles taken:		4301000000
Parallelism [ 0.108, 0.000, 0.100, 0.124,] = 0.332
 IQ conflicts: 1177349 (0.03%), FQ conflicts: 0 (0.00%) 
 I reg conflicts: 52359718 (1.22%), FP reg conflicts: 0 (0.00%)
  Activelist confs: 0 (0.00%), ROB confs: 0 (0.00%)
  Int unit conflicts: 107597381 (2.50%), FP unit conflicts: 0 (0.00%)
  Load/store unit conflicts: 65295 (0.00%)
  MSHR conflicts: 0 (0.00%)
----------------------------------------
==== System-wide Cache Statistics ====
Stall for miss queue full 0 cycles (0.00%)
----------------------------------------
==== Statistics for Master ID: 0 ====
Reads: 286312467   Writes: 127482938
ICACHE: size: 64 KB assoc: 2
ICACHE: hits:179675931 misses:21944206  Hit Ratio: 89.12%
DCACHE: size: 16 KB assoc: 4
DCACHE: hits:208554585 misses:3620683 writebacks:3620417  Hit Ratio: 98.29%
SCACHE: size: 512 KB assoc: 2
SCACHE: hits:3839326 misses:21725563  Hit Ratio: 15.02%
3CACHE: size: 4096 KB assoc: 2
3CACHE: hits:345862 misses:21379701  Hit Ratio: 1.59%
3CACHE: dirty items replaced:5183
ITLB: size: 48, misses 4, miss rate 0.00%
DTLB: size: 128, misses 75, miss rate 0.00%
Avg mem delay: 1.555 cycles
----------------------------------------
==== Statistics for Master ID: 2 ====
Reads: 90932877   Writes: 33
ICACHE: size: 64 KB assoc: 2
ICACHE: hits:51857375 misses:23107274  Hit Ratio: 69.18%
DCACHE: size: 16 KB assoc: 4
DCACHE: hits:5320070 misses:10648191 writebacks:290891  Hit Ratio: 33.32%
SCACHE: size: 512 KB assoc: 2
SCACHE: hits:12167143 misses:21588322  Hit Ratio: 36.04%
3CACHE: size: 4096 KB assoc: 2
3CACHE: hits:330591 misses:21257730  Hit Ratio: 1.53%
3CACHE: dirty items replaced:5462
ITLB: size: 48, misses 4, miss rate 0.00%
DTLB: size: 128, misses 21, miss rate 0.00%
Avg mem delay: 1.555 cycles
----------------------------------------
==== Statistics for Master ID: 3 ====
Reads: 139371205   Writes: 34
ICACHE: size: 64 KB assoc: 2
ICACHE: hits:84508908 misses:23128292  Hit Ratio: 78.51%
DCACHE: size: 16 KB assoc: 4
DCACHE: hits:24744205 misses:6989834 writebacks:189831  Hit Ratio: 77.97%
SCACHE: size: 512 KB assoc: 2
SCACHE: hits:8489845 misses:21628281  Hit Ratio: 28.19%
3CACHE: size: 4096 KB assoc: 2
3CACHE: hits:349737 misses:21278544  Hit Ratio: 1.62%
3CACHE: dirty items replaced:5318
ITLB: size: 48, misses 4, miss rate 0.00%
DTLB: size: 128, misses 21, miss rate 0.00%
Avg mem delay: 1.555 cycles
----------------------------------------
==== Global Resource Utilization ====
STASH: size: 65536 entries, full 2090576374, empty 707, misses 63, full rate 100.00
icache bank util. 0.078 0.040 0.005 0.000 0.000 0.000 0.000 0.014 
dcache bank util. 0.006 0.006 0.012 0.026 0.006 0.010 0.006 0.006 
L2 bank util. 0.137 0.009 0.004 0.004 0.004 0.004 0.003 0.003 
L1-L2 bus util. = 0.065, L3 util. = 0.149
----------------------------------------
branch prediction, hits = 67914332, misses = 509186, hit rate = 99.26%
return_stack prediction, hits = 253908, misses = 20924273, hit rate = 1.20%
jump prediction, hits = 125886511, misses = 72, hit rate = 100.00%

**** Debug Statistics at 4401000000 Cycles *****
Threads: 4		Fetch Width: 8
No of useful instructions fetched:	1462553116 (4.15% proc util.)
No of total instructions fetched:	2053877288 (5.83% proc util.)
 includes 200 misfetch (0.0%), 591323972 (28.8%) wrong-path fetches
 and 0 flushed after failed lock(0.0%)
No of useful instructions issued/executed:	1462553108 (4.15% proc util.)
No of total instructions issued/executed:	1801115396 (5.12% proc util.)
 includes 338562288 wrong-path (18.8%) insts and 0 flushed (0.0%)
	fp 0, 0.00%
	synch 0, 0.00%
	integer 1535118566, 85.23%
	load/store 265996830, 14.77%
Avg size of int IQ (before scheduling): 2.83
Avg size of fp IQ (before scheduling): 0.00
No of cycles taken:		4401000000
Parallelism [ 0.108, 0.000, 0.100, 0.124,] = 0.332
 IQ conflicts: 1206257 (0.03%), FQ conflicts: 0 (0.00%) 
 I reg conflicts: 53625038 (1.22%), FP reg conflicts: 0 (0.00%)
  Activelist confs: 0 (0.00%), ROB confs: 0 (0.00%)
  Int unit conflicts: 110159539 (2.50%), FP unit conflicts: 0 (0.00%)
  Load/store unit conflicts: 66872 (0.00%)
  MSHR conflicts: 0 (0.00%)
----------------------------------------
==== System-wide Cache Statistics ====
Stall for miss queue full 0 cycles (0.00%)
----------------------------------------
==== Statistics for Master ID: 0 ====
Reads: 293061061   Writes: 130486300
ICACHE: size: 64 KB assoc: 2
ICACHE: hits:183920750 misses:22454318  Hit Ratio: 89.12%
DCACHE: size: 16 KB assoc: 4
DCACHE: hits:213466486 misses:3705807 writebacks:3705541  Hit Ratio: 98.29%
SCACHE: size: 512 KB assoc: 2
SCACHE: hits:3929714 misses:22230411  Hit Ratio: 15.02%
3CACHE: size: 4096 KB assoc: 2
3CACHE: hits:354314 misses:21876097  Hit Ratio: 1.59%
3CACHE: dirty items replaced:5302
ITLB: size: 48, misses 4, miss rate 0.00%
DTLB: size: 128, misses 75, miss rate 0.00%
Avg mem delay: 1.555 cycles
----------------------------------------
==== Statistics for Master ID: 2 ====
Reads: 93075863   Writes: 33
ICACHE: size: 64 KB assoc: 2
ICACHE: hits:53086753 misses:23644803  Hit Ratio: 69.19%
DCACHE: size: 16 KB assoc: 4
DCACHE: hits:5444751 misses:10899589 writebacks:297817  Hit Ratio: 33.31%
SCACHE: size: 512 KB assoc: 2
SCACHE: hits:12454479 misses:22089913  Hit Ratio: 36.05%
3CACHE: size: 4096 KB assoc: 2
3CACHE: hits:338567 misses:21751345  Hit Ratio: 1.53%
3CACHE: dirty items replaced:5582
ITLB: size: 48, misses 4, miss rate 0.00%
DTLB: size: 128, misses 21, miss rate 0.00%
Avg mem delay: 1.555 cycles
----------------------------------------
==== Statistics for Master ID: 3 ====
Reads: 142658872   Writes: 34
ICACHE: size: 64 KB assoc: 2
ICACHE: hits:86512148 misses:23666561  Hit Ratio: 78.52%
DCACHE: size: 16 KB assoc: 4
DCACHE: hits:25325643 misses:7154554 writebacks:194248  Hit Ratio: 77.97%
SCACHE: size: 512 KB assoc: 2
SCACHE: hits:8690441 misses:22130674  Hit Ratio: 28.20%
3CACHE: size: 4096 KB assoc: 2
3CACHE: hits:358044 misses:21772630  Hit Ratio: 1.62%
3CACHE: dirty items replaced:5436
ITLB: size: 48, misses 4, miss rate 0.00%
DTLB: size: 128, misses 21, miss rate 0.00%
Avg mem delay: 1.555 cycles
----------------------------------------
==== Global Resource Utilization ====
STASH: size: 65536 entries, full 2139804452, empty 707, misses 63, full rate 100.00
icache bank util. 0.078 0.040 0.005 0.000 0.000 0.000 0.000 0.014 
dcache bank util. 0.006 0.006 0.012 0.026 0.006 0.010 0.006 0.006 
L2 bank util. 0.137 0.009 0.004 0.004 0.004 0.004 0.003 0.003 
L1-L2 bus util. = 0.065, L3 util. = 0.149
----------------------------------------
branch prediction, hits = 69510848, misses = 521157, hit rate = 99.26%
return_stack prediction, hits = 259884, misses = 21416795, hit rate = 1.20%
jump prediction, hits = 128847264, misses = 72, hit rate = 100.00%

**** Debug Statistics at 4501000000 Cycles *****
Threads: 4		Fetch Width: 8
No of useful instructions fetched:	1495939537 (4.15% proc util.)
No of total instructions fetched:	2100950054 (5.83% proc util.)
 includes 200 misfetch (0.0%), 605010317 (28.8%) wrong-path fetches
 and 0 flushed after failed lock(0.0%)
No of useful instructions issued/executed:	1495939483 (4.15% proc util.)
No of total instructions issued/executed:	1842339488 (5.12% proc util.)
 includes 346400005 wrong-path (18.8%) insts and 0 flushed (0.0%)
	fp 0, 0.00%
	synch 0, 0.00%
	integer 1570234334, 85.23%
	load/store 272105154, 14.77%
Avg size of int IQ (before scheduling): 2.83
Avg size of fp IQ (before scheduling): 0.00
No of cycles taken:		4501000000
Parallelism [ 0.108, 0.000, 0.100, 0.124,] = 0.332
 IQ conflicts: 1233671 (0.03%), FQ conflicts: 0 (0.00%) 
 I reg conflicts: 54845227 (1.22%), FP reg conflicts: 0 (0.00%)
  Activelist confs: 0 (0.00%), ROB confs: 0 (0.00%)
  Int unit conflicts: 112708509 (2.50%), FP unit conflicts: 0 (0.00%)
  Load/store unit conflicts: 68450 (0.00%)
  MSHR conflicts: 0 (0.00%)
----------------------------------------
==== System-wide Cache Statistics ====
Stall for miss queue full 0 cycles (0.00%)
----------------------------------------
==== Statistics for Master ID: 0 ====
Reads: 299803971   Writes: 133493880
ICACHE: size: 64 KB assoc: 2
ICACHE: hits:188165393 misses:22964226  Hit Ratio: 89.12%
DCACHE: size: 16 KB assoc: 4
DCACHE: hits:218377535 misses:3790697 writebacks:3790431  Hit Ratio: 98.29%
SCACHE: size: 512 KB assoc: 2
SCACHE: hits:4020031 misses:22734892  Hit Ratio: 15.03%
3CACHE: size: 4096 KB assoc: 2
3CACHE: hits:362236 misses:22372656  Hit Ratio: 1.59%
3CACHE: dirty items replaced:5431
ITLB: size: 48, misses 4, miss rate 0.00%
DTLB: size: 128, misses 75, miss rate 0.00%
Avg mem delay: 1.555 cycles
----------------------------------------
==== Statistics for Master ID: 2 ====
Reads: 95199336   Writes: 33
ICACHE: size: 64 KB assoc: 2
ICACHE: hits:54300291 misses:24182359  Hit Ratio: 69.19%
DCACHE: size: 16 KB assoc: 4
DCACHE: hits:5569058 misses:11147661 writebacks:304640  Hit Ratio: 33.31%
SCACHE: size: 512 KB assoc: 2
SCACHE: hits:12738737 misses:22591283  Hit Ratio: 36.06%
3CACHE: size: 4096 KB assoc: 2
3CACHE: hits:346162 misses:22245121  Hit Ratio: 1.53%
3CACHE: dirty items replaced:5717
ITLB: size: 48, misses 4, miss rate 0.00%
DTLB: size: 128, misses 21, miss rate 0.00%
Avg mem delay: 1.555 cycles
----------------------------------------
==== Statistics for Master ID: 3 ====
Reads: 145912396   Writes: 34
ICACHE: size: 64 KB assoc: 2
ICACHE: hits:88487691 misses:24204536  Hit Ratio: 78.52%
DCACHE: size: 16 KB assoc: 4
DCACHE: hits:25902229 misses:7317974 writebacks:198605  Hit Ratio: 77.97%
SCACHE: size: 512 KB assoc: 2
SCACHE: hits:8889430 misses:22633080  Hit Ratio: 28.20%
3CACHE: size: 4096 KB assoc: 2
3CACHE: hits:366275 misses:22266805  Hit Ratio: 1.62%
3CACHE: dirty items replaced:5567
ITLB: size: 48, misses 4, miss rate 0.00%
DTLB: size: 128, misses 21, miss rate 0.00%
Avg mem delay: 1.555 cycles
----------------------------------------
==== Global Resource Utilization ====
STASH: size: 65536 entries, full 2188848933, empty 707, misses 63, full rate 100.00
icache bank util. 0.078 0.040 0.005 0.000 0.000 0.000 0.000 0.014 
dcache bank util. 0.006 0.006 0.012 0.026 0.006 0.010 0.006 0.006 
L2 bank util. 0.137 0.009 0.004 0.004 0.004 0.004 0.003 0.003 
L1-L2 bus util. = 0.065, L3 util. = 0.149
----------------------------------------
branch prediction, hits = 71096345, misses = 533035, hit rate = 99.26%
return_stack prediction, hits = 265848, misses = 21908325, hit rate = 1.20%
jump prediction, hits = 131791570, misses = 72, hit rate = 100.00%

**** Debug Statistics at 4601000000 Cycles *****
Threads: 4		Fetch Width: 8
No of useful instructions fetched:	1529738758 (4.16% proc util.)
No of total instructions fetched:	2148808096 (5.84% proc util.)
 includes 200 misfetch (0.0%), 619069138 (28.8%) wrong-path fetches
 and 0 flushed after failed lock(0.0%)
No of useful instructions issued/executed:	1529738756 (4.16% proc util.)
No of total instructions issued/executed:	1884188475 (5.12% proc util.)
 includes 354449719 wrong-path (18.8%) insts and 0 flushed (0.0%)
	fp 0, 0.00%
	synch 0, 0.00%
	integer 1605868387, 85.23%
	load/store 278320088, 14.77%
Avg size of int IQ (before scheduling): 2.83
Avg size of fp IQ (before scheduling): 0.00
No of cycles taken:		4601000000
Parallelism [ 0.108, 0.000, 0.100, 0.124,] = 0.332
 IQ conflicts: 1262785 (0.03%), FQ conflicts: 0 (0.00%) 
 I reg conflicts: 56116379 (1.22%), FP reg conflicts: 0 (0.00%)
  Activelist confs: 0 (0.00%), ROB confs: 0 (0.00%)
  Int unit conflicts: 115312877 (2.51%), FP unit conflicts: 0 (0.00%)
  Load/store unit conflicts: 70031 (0.00%)
  MSHR conflicts: 0 (0.00%)
----------------------------------------
==== System-wide Cache Statistics ====
Stall for miss queue full 0 cycles (0.00%)
----------------------------------------
==== Statistics for Master ID: 0 ====
Reads: 306679333   Writes: 136566616
ICACHE: size: 64 KB assoc: 2
ICACHE: hits:192512584 misses:23474564  Hit Ratio: 89.13%
DCACHE: size: 16 KB assoc: 4
DCACHE: hits:223381894 misses:3876907 writebacks:3876641  Hit Ratio: 98.29%
SCACHE: size: 512 KB assoc: 2
SCACHE: hits:4111782 misses:23239689  Hit Ratio: 15.03%
3CACHE: size: 4096 KB assoc: 2
3CACHE: hits:370645 misses:22869044  Hit Ratio: 1.59%
3CACHE: dirty items replaced:5549
ITLB: size: 48, misses 4, miss rate 0.00%
DTLB: size: 128, misses 75, miss rate 0.00%
Avg mem delay: 1.555 cycles
----------------------------------------
==== Statistics for Master ID: 2 ====
Reads: 97355473   Writes: 33
ICACHE: size: 64 KB assoc: 2
ICACHE: hits:55540454 misses:24721046  Hit Ratio: 69.20%
DCACHE: size: 16 KB assoc: 4
DCACHE: hits:5695286 misses:11398720 writebacks:311507  Hit Ratio: 33.32%
SCACHE: size: 512 KB assoc: 2
SCACHE: hits:13026910 misses:23092856  Hit Ratio: 36.07%
3CACHE: size: 4096 KB assoc: 2
3CACHE: hits:354216 misses:22738640  Hit Ratio: 1.53%
3CACHE: dirty items replaced:5848
ITLB: size: 48, misses 4, miss rate 0.00%
DTLB: size: 128, misses 21, miss rate 0.00%
Avg mem delay: 1.555 cycles
----------------------------------------
==== Statistics for Master ID: 3 ====
Reads: 149202905   Writes: 34
ICACHE: size: 64 KB assoc: 2
ICACHE: hits:90491943 misses:24743715  Hit Ratio: 78.53%
DCACHE: size: 16 KB assoc: 4
DCACHE: hits:26484885 misses:7482396 writebacks:203071  Hit Ratio: 77.97%
SCACHE: size: 512 KB assoc: 2
SCACHE: hits:9090452 misses:23135659  Hit Ratio: 28.21%
3CACHE: size: 4096 KB assoc: 2
3CACHE: hits:374745 misses:22760913  Hit Ratio: 1.62%
3CACHE: dirty items replaced:5694
ITLB: size: 48, misses 4, miss rate 0.00%
DTLB: size: 128, misses 21, miss rate 0.00%
Avg mem delay: 1.555 cycles
----------------------------------------
==== Global Resource Utilization ====
STASH: size: 65536 entries, full 2238706969, empty 707, misses 63, full rate 100.00
icache bank util. 0.078 0.040 0.005 0.000 0.000 0.000 0.000 0.014 
dcache bank util. 0.006 0.006 0.012 0.026 0.006 0.010 0.006 0.006 
L2 bank util. 0.137 0.009 0.004 0.004 0.004 0.004 0.003 0.003 
L1-L2 bus util. = 0.065, L3 util. = 0.149
----------------------------------------
branch prediction, hits = 72701005, misses = 545025, hit rate = 99.26%
return_stack prediction, hits = 271896, misses = 22406784, hit rate = 1.20%
jump prediction, hits = 134772985, misses = 72, hit rate = 100.00%

**** Debug Statistics at 4701000000 Cycles *****
Threads: 4		Fetch Width: 8
No of useful instructions fetched:	1562539375 (4.15% proc util.)
No of total instructions fetched:	2194751568 (5.84% proc util.)
 includes 200 misfetch (0.0%), 632211993 (28.8%) wrong-path fetches
 and 0 flushed after failed lock(0.0%)
No of useful instructions issued/executed:	1562539375 (4.15% proc util.)
No of total instructions issued/executed:	1924516076 (5.12% proc util.)
 includes 361976701 wrong-path (18.8%) insts and 0 flushed (0.0%)
	fp 0, 0.00%
	synch 0, 0.00%
	integer 1640244385, 85.23%
	load/store 284271691, 14.77%
Avg size of int IQ (before scheduling): 2.83
Avg size of fp IQ (before scheduling): 0.00
No of cycles taken:		4701000000
Parallelism [ 0.108, 0.000, 0.100, 0.124,] = 0.332
 IQ conflicts: 1289003 (0.03%), FQ conflicts: 0 (0.00%) 
 I reg conflicts: 57286702 (1.22%), FP reg conflicts: 0 (0.00%)
  Activelist confs: 0 (0.00%), ROB confs: 0 (0.00%)
  Int unit conflicts: 117763683 (2.51%), FP unit conflicts: 0 (0.00%)
  Load/store unit conflicts: 71452 (0.00%)
  MSHR conflicts: 0 (0.00%)
----------------------------------------
==== System-wide Cache Statistics ====
Stall for miss queue full 0 cycles (0.00%)
----------------------------------------
==== Statistics for Master ID: 0 ====
Reads: 313225524   Writes: 139478675
ICACHE: size: 64 KB assoc: 2
ICACHE: hits:196604439 misses:23984554  Hit Ratio: 89.13%
DCACHE: size: 16 KB assoc: 4
DCACHE: hits:228155330 misses:3959876 writebacks:3959610  Hit Ratio: 98.29%
SCACHE: size: 512 KB assoc: 2
SCACHE: hits:4199456 misses:23744974  Hit Ratio: 15.03%
3CACHE: size: 4096 KB assoc: 2
3CACHE: hits:378528 misses:23366446  Hit Ratio: 1.59%
3CACHE: dirty items replaced:5666
ITLB: size: 48, misses 4, miss rate 0.00%
DTLB: size: 128, misses 75, miss rate 0.00%
Avg mem delay: 1.555 cycles
----------------------------------------
==== Statistics for Master ID: 2 ====
Reads: 99436429   Writes: 33
ICACHE: size: 64 KB assoc: 2
ICACHE: hits:56718600 misses:25257255  Hit Ratio: 69.19%
DCACHE: size: 16 KB assoc: 4
DCACHE: hits:5817235 misses:11643372 writebacks:318178  Hit Ratio: 33.32%
SCACHE: size: 512 KB assoc: 2
SCACHE: hits:13305584 misses:23595043  Hit Ratio: 36.06%
3CACHE: size: 4096 KB assoc: 2
3CACHE: hits:361684 misses:23233359  Hit Ratio: 1.53%
3CACHE: dirty items replaced:5974
ITLB: size: 48, misses 4, miss rate 0.00%
DTLB: size: 128, misses 21, miss rate 0.00%
Avg mem delay: 1.555 cycles
----------------------------------------
==== Statistics for Master ID: 3 ====
Reads: 152396822   Writes: 34
ICACHE: size: 64 KB assoc: 2
ICACHE: hits:92420515 misses:25280463  Hit Ratio: 78.52%
DCACHE: size: 16 KB assoc: 4
DCACHE: hits:27053203 misses:7642675 writebacks:207497  Hit Ratio: 77.97%
SCACHE: size: 512 KB assoc: 2
SCACHE: hits:9284363 misses:23638775  Hit Ratio: 28.20%
3CACHE: size: 4096 KB assoc: 2
3CACHE: hits:382708 misses:23256067  Hit Ratio: 1.62%
3CACHE: dirty items replaced:5815
ITLB: size: 48, misses 4, miss rate 0.00%
DTLB: size: 128, misses 21, miss rate 0.00%
Avg mem delay: 1.555 cycles
----------------------------------------
==== Global Resource Utilization ====
STASH: size: 65536 entries, full 2286576450, empty 707, misses 63, full rate 100.00
icache bank util. 0.078 0.040 0.005 0.000 0.000 0.000 0.000 0.014 
dcache bank util. 0.006 0.006 0.012 0.026 0.006 0.010 0.006 0.006 
L2 bank util. 0.137 0.009 0.004 0.004 0.004 0.004 0.003 0.003 
L1-L2 bus util. = 0.065, L3 util. = 0.149
----------------------------------------
branch prediction, hits = 74258987, misses = 556717, hit rate = 99.26%
return_stack prediction, hits = 277728, misses = 22886659, hit rate = 1.20%
jump prediction, hits = 137661650, misses = 72, hit rate = 100.00%

**** Debug Statistics at 4801000000 Cycles *****
Threads: 4		Fetch Width: 8
No of useful instructions fetched:	1595633888 (4.15% proc util.)
No of total instructions fetched:	2241118431 (5.84% proc util.)
 includes 200 misfetch (0.0%), 645484343 (28.8%) wrong-path fetches
 and 0 flushed after failed lock(0.0%)
No of useful instructions issued/executed:	1595633875 (4.15% proc util.)
No of total instructions issued/executed:	1965211081 (5.12% proc util.)
 includes 369577206 wrong-path (18.8%) insts and 0 flushed (0.0%)
	fp 0, 0.00%
	synch 0, 0.00%
	integer 1674935631, 85.23%
	load/store 290275450, 14.77%
Avg size of int IQ (before scheduling): 2.83
Avg size of fp IQ (before scheduling): 0.00
No of cycles taken:		4801000000
Parallelism [ 0.108, 0.000, 0.100, 0.124,] = 0.332
 IQ conflicts: 1316508 (0.03%), FQ conflicts: 0 (0.00%) 
 I reg conflicts: 58494159 (1.22%), FP reg conflicts: 0 (0.00%)
  Activelist confs: 0 (0.00%), ROB confs: 0 (0.00%)
  Int unit conflicts: 120246183 (2.50%), FP unit conflicts: 0 (0.00%)
  Load/store unit conflicts: 72984 (0.00%)
  MSHR conflicts: 0 (0.00%)
----------------------------------------
==== System-wide Cache Statistics ====
Stall for miss queue full 0 cycles (0.00%)
----------------------------------------
==== Statistics for Master ID: 0 ====
Reads: 319835238   Writes: 142416274
ICACHE: size: 64 KB assoc: 2
ICACHE: hits:200742806 misses:24494912  Hit Ratio: 89.12%
DCACHE: size: 16 KB assoc: 4
DCACHE: hits:232970159 misses:4043635 writebacks:4043369  Hit Ratio: 98.29%
SCACHE: size: 512 KB assoc: 2
SCACHE: hits:4288357 misses:24250190  Hit Ratio: 15.03%
3CACHE: size: 4096 KB assoc: 2
3CACHE: hits:386575 misses:23863615  Hit Ratio: 1.59%
3CACHE: dirty items replaced:5784
ITLB: size: 48, misses 4, miss rate 0.00%
DTLB: size: 128, misses 75, miss rate 0.00%
Avg mem delay: 1.555 cycles
----------------------------------------
==== Statistics for Master ID: 2 ====
Reads: 101539751   Writes: 33
ICACHE: size: 64 KB assoc: 2
ICACHE: hits:57914766 misses:25794130  Hit Ratio: 69.19%
DCACHE: size: 16 KB assoc: 4
DCACHE: hits:5940660 misses:11890228 writebacks:324764  Hit Ratio: 33.32%
SCACHE: size: 512 KB assoc: 2
SCACHE: hits:13587257 misses:24097101  Hit Ratio: 36.06%
3CACHE: size: 4096 KB assoc: 2
3CACHE: hits:369247 misses:23727854  Hit Ratio: 1.53%
3CACHE: dirty items replaced:6099
ITLB: size: 48, misses 4, miss rate 0.00%
DTLB: size: 128, misses 21, miss rate 0.00%
Avg mem delay: 1.555 cycles
----------------------------------------
==== Statistics for Master ID: 3 ====
Reads: 155623017   Writes: 34
ICACHE: size: 64 KB assoc: 2
ICACHE: hits:94374397 misses:25817886  Hit Ratio: 78.52%
DCACHE: size: 16 KB assoc: 4
DCACHE: hits:27626348 misses:7804420 writebacks:211870  Hit Ratio: 77.97%
SCACHE: size: 512 KB assoc: 2
SCACHE: hits:9480443 misses:24141863  Hit Ratio: 28.20%
3CACHE: size: 4096 KB assoc: 2
3CACHE: hits:390791 misses:23751072  Hit Ratio: 1.62%
3CACHE: dirty items replaced:5935
ITLB: size: 48, misses 4, miss rate 0.00%
DTLB: size: 128, misses 21, miss rate 0.00%
Avg mem delay: 1.555 cycles
----------------------------------------
==== Global Resource Utilization ====
STASH: size: 65536 entries, full 2334886924, empty 707, misses 63, full rate 100.00
icache bank util. 0.078 0.040 0.005 0.000 0.000 0.000 0.000 0.014 
dcache bank util. 0.006 0.006 0.012 0.026 0.006 0.010 0.006 0.006 
L2 bank util. 0.137 0.009 0.004 0.004 0.004 0.004 0.003 0.003 
L1-L2 bus util. = 0.065, L3 util. = 0.149
----------------------------------------
branch prediction, hits = 75830706, misses = 568507, hit rate = 99.26%
return_stack prediction, hits = 283596, misses = 23371059, hit rate = 1.20%
jump prediction, hits = 140575705, misses = 72, hit rate = 100.00%

**** Debug Statistics at 4901000000 Cycles *****
Threads: 4		Fetch Width: 8
No of useful instructions fetched:	1628372278 (4.15% proc util.)
No of total instructions fetched:	2286762446 (5.83% proc util.)
 includes 200 misfetch (0.0%), 658389968 (28.8%) wrong-path fetches
 and 0 flushed after failed lock(0.0%)
No of useful instructions issued/executed:	1628372257 (4.15% proc util.)
No of total instructions issued/executed:	2005341030 (5.11% proc util.)
 includes 376968773 wrong-path (18.8%) insts and 0 flushed (0.0%)
	fp 0, 0.00%
	synch 0, 0.00%
	integer 1709165351, 85.23%
	load/store 296175679, 14.77%
Avg size of int IQ (before scheduling): 2.83
Avg size of fp IQ (before scheduling): 0.00
No of cycles taken:		4901000000
Parallelism [ 0.108, 0.000, 0.100, 0.124,] = 0.332
 IQ conflicts: 1342522 (0.03%), FQ conflicts: 0 (0.00%) 
 I reg conflicts: 59647905 (1.22%), FP reg conflicts: 0 (0.00%)
  Activelist confs: 0 (0.00%), ROB confs: 0 (0.00%)
  Int unit conflicts: 122678291 (2.50%), FP unit conflicts: 0 (0.00%)
  Load/store unit conflicts: 74442 (0.00%)
  MSHR conflicts: 0 (0.00%)
----------------------------------------
==== System-wide Cache Statistics ====
Stall for miss queue full 0 cycles (0.00%)
----------------------------------------
==== Statistics for Master ID: 0 ====
Reads: 326314855   Writes: 145288366
ICACHE: size: 64 KB assoc: 2
ICACHE: hits:204780270 misses:25004820  Hit Ratio: 89.12%
DCACHE: size: 16 KB assoc: 4
DCACHE: hits:237692083 misses:4126048 writebacks:4125782  Hit Ratio: 98.29%
SCACHE: size: 512 KB assoc: 2
SCACHE: hits:4375787 misses:24755081  Hit Ratio: 15.02%
3CACHE: size: 4096 KB assoc: 2
3CACHE: hits:394175 misses:24360905  Hit Ratio: 1.59%
3CACHE: dirty items replaced:5894
ITLB: size: 48, misses 4, miss rate 0.00%
DTLB: size: 128, misses 75, miss rate 0.00%
Avg mem delay: 1.555 cycles
----------------------------------------
==== Statistics for Master ID: 2 ====
Reads: 103619552   Writes: 33
ICACHE: size: 64 KB assoc: 2
ICACHE: hits:59092366 misses:26330057  Hit Ratio: 69.18%
DCACHE: size: 16 KB assoc: 4
DCACHE: hits:6062644 misses:12134518 writebacks:331564  Hit Ratio: 33.32%
SCACHE: size: 512 KB assoc: 2
SCACHE: hits:13865579 misses:24598996  Hit Ratio: 36.05%
3CACHE: size: 4096 KB assoc: 2
3CACHE: hits:376491 misses:24222505  Hit Ratio: 1.53%
3CACHE: dirty items replaced:6220
ITLB: size: 48, misses 4, miss rate 0.00%
DTLB: size: 128, misses 21, miss rate 0.00%
Avg mem delay: 1.555 cycles
----------------------------------------
==== Statistics for Master ID: 3 ====
Reads: 158816261   Writes: 34
ICACHE: size: 64 KB assoc: 2
ICACHE: hits:96301827 misses:26354082  Hit Ratio: 78.51%
DCACHE: size: 16 KB assoc: 4
DCACHE: hits:28195377 misses:7965009 writebacks:216116  Hit Ratio: 77.97%
SCACHE: size: 512 KB assoc: 2
SCACHE: hits:9674231 misses:24644859  Hit Ratio: 28.19%
3CACHE: size: 4096 KB assoc: 2
3CACHE: hits:398711 misses:24246148  Hit Ratio: 1.62%
3CACHE: dirty items replaced:6052
ITLB: size: 48, misses 4, miss rate 0.00%
DTLB: size: 128, misses 21, miss rate 0.00%
Avg mem delay: 1.555 cycles
----------------------------------------
==== Global Resource Utilization ====
STASH: size: 65536 entries, full 2382447088, empty 707, misses 63, full rate 100.00
icache bank util. 0.078 0.040 0.005 0.000 0.000 0.000 0.000 0.014 
dcache bank util. 0.006 0.006 0.012 0.026 0.006 0.010 0.006 0.006 
L2 bank util. 0.137 0.009 0.004 0.004 0.004 0.004 0.003 0.003 
L1-L2 bus util. = 0.065, L3 util. = 0.149
----------------------------------------
branch prediction, hits = 77385983, misses = 580210, hit rate = 99.26%
return_stack prediction, hits = 289392, misses = 23848746, hit rate = 1.20%
jump prediction, hits = 143456608, misses = 72, hit rate = 100.00%

**** Debug Statistics at 5001000000 Cycles *****
Threads: 4		Fetch Width: 8
No of useful instructions fetched:	1661475014 (4.15% proc util.)
No of total instructions fetched:	2333285125 (5.83% proc util.)
 includes 200 misfetch (0.0%), 671809911 (28.8%) wrong-path fetches
 and 0 flushed after failed lock(0.0%)
No of useful instructions issued/executed:	1661475014 (4.15% proc util.)
No of total instructions issued/executed:	2046128611 (5.11% proc util.)
 includes 384653597 wrong-path (18.8%) insts and 0 flushed (0.0%)
	fp 0, 0.00%
	synch 0, 0.00%
	integer 1743922374, 85.23%
	load/store 302206237, 14.77%
Avg size of int IQ (before scheduling): 2.83
Avg size of fp IQ (before scheduling): 0.00
No of cycles taken:		5001000000
Parallelism [ 0.108, 0.000, 0.100, 0.124,] = 0.332
 IQ conflicts: 1369732 (0.03%), FQ conflicts: 0 (0.00%) 
 I reg conflicts: 60848034 (1.22%), FP reg conflicts: 0 (0.00%)
  Activelist confs: 0 (0.00%), ROB confs: 0 (0.00%)
  Int unit conflicts: 125177308 (2.50%), FP unit conflicts: 0 (0.00%)
  Load/store unit conflicts: 75870 (0.00%)
  MSHR conflicts: 0 (0.00%)
----------------------------------------
==== System-wide Cache Statistics ====
Stall for miss queue full 0 cycles (0.00%)
----------------------------------------
==== Statistics for Master ID: 0 ====
Reads: 332962313   Writes: 148248662
ICACHE: size: 64 KB assoc: 2
ICACHE: hits:208950865 misses:25515111  Hit Ratio: 89.12%
DCACHE: size: 16 KB assoc: 4
DCACHE: hits:242534937 misses:4210062 writebacks:4209796  Hit Ratio: 98.29%
SCACHE: size: 512 KB assoc: 2
SCACHE: hits:4464692 misses:25260481  Hit Ratio: 15.02%
3CACHE: size: 4096 KB assoc: 2
3CACHE: hits:402327 misses:24858154  Hit Ratio: 1.59%
3CACHE: dirty items replaced:6006
ITLB: size: 48, misses 4, miss rate 0.00%
DTLB: size: 128, misses 75, miss rate 0.00%
Avg mem delay: 1.555 cycles
----------------------------------------
==== Statistics for Master ID: 2 ====
Reads: 105726643   Writes: 33
ICACHE: size: 64 KB assoc: 2
ICACHE: hits:60291966 misses:26867098  Hit Ratio: 69.17%
DCACHE: size: 16 KB assoc: 4
DCACHE: hits:6185798 misses:12381814 writebacks:338274  Hit Ratio: 33.31%
SCACHE: size: 512 KB assoc: 2
SCACHE: hits:14147677 misses:25101235  Hit Ratio: 36.05%
3CACHE: size: 4096 KB assoc: 2
3CACHE: hits:384331 misses:24716904  Hit Ratio: 1.53%
3CACHE: dirty items replaced:6339
ITLB: size: 48, misses 4, miss rate 0.00%
DTLB: size: 128, misses 21, miss rate 0.00%
Avg mem delay: 1.555 cycles
----------------------------------------
==== Statistics for Master ID: 3 ====
Reads: 162036781   Writes: 34
ICACHE: size: 64 KB assoc: 2
ICACHE: hits:98251349 misses:26891840  Hit Ratio: 78.51%
DCACHE: size: 16 KB assoc: 4
DCACHE: hits:28767472 misses:8126154 writebacks:220584  Hit Ratio: 77.97%
SCACHE: size: 512 KB assoc: 2
SCACHE: hits:9870016 misses:25147978  Hit Ratio: 28.19%
3CACHE: size: 4096 KB assoc: 2
3CACHE: hits:406878 misses:24741100  Hit Ratio: 1.62%
3CACHE: dirty items replaced:6168
ITLB: size: 48, misses 4, miss rate 0.00%
DTLB: size: 128, misses 21, miss rate 0.00%
Avg mem delay: 1.555 cycles
----------------------------------------
==== Global Resource Utilization ====
STASH: size: 65536 entries, full 2430918428, empty 707, misses 63, full rate 100.00
icache bank util. 0.078 0.040 0.005 0.000 0.000 0.000 0.000 0.014 
dcache bank util. 0.006 0.006 0.012 0.026 0.006 0.010 0.006 0.006 
L2 bank util. 0.137 0.009 0.004 0.004 0.004 0.004 0.003 0.003 
L1-L2 bus util. = 0.065, L3 util. = 0.149
----------------------------------------
branch prediction, hits = 78957728, misses = 591976, hit rate = 99.26%
return_stack prediction, hits = 295284, misses = 24334345, hit rate = 1.20%
jump prediction, hits = 146372556, misses = 72, hit rate = 100.00%

**** Debug Statistics at 5101000000 Cycles *****
Threads: 4		Fetch Width: 8
No of useful instructions fetched:	1694845596 (4.15% proc util.)
No of total instructions fetched:	2379935554 (5.83% proc util.)
 includes 200 misfetch (0.0%), 685089758 (28.8%) wrong-path fetches
 and 0 flushed after failed lock(0.0%)
No of useful instructions issued/executed:	1694845596 (4.15% proc util.)
No of total instructions issued/executed:	2087102854 (5.11% proc util.)
 includes 392257258 wrong-path (18.8%) insts and 0 flushed (0.0%)
	fp 0, 0.00%
	synch 0, 0.00%
	integer 1778862003, 85.23%
	load/store 308240851, 14.77%
Avg size of int IQ (before scheduling): 2.83
Avg size of fp IQ (before scheduling): 0.00
No of cycles taken:		5101000000
Parallelism [ 0.108, 0.000, 0.100, 0.124,] = 0.332
 IQ conflicts: 1397582 (0.03%), FQ conflicts: 0 (0.00%) 
 I reg conflicts: 62068365 (1.22%), FP reg conflicts: 0 (0.00%)
  Activelist confs: 0 (0.00%), ROB confs: 0 (0.00%)
  Int unit conflicts: 127694352 (2.50%), FP unit conflicts: 0 (0.00%)
  Load/store unit conflicts: 77469 (0.00%)
  MSHR conflicts: 0 (0.00%)
----------------------------------------
==== System-wide Cache Statistics ====
Stall for miss queue full 0 cycles (0.00%)
----------------------------------------
==== Statistics for Master ID: 0 ====
Reads: 339603936   Writes: 151194410
ICACHE: size: 64 KB assoc: 2
ICACHE: hits:213108880 misses:26025662  Hit Ratio: 89.12%
DCACHE: size: 16 KB assoc: 4
DCACHE: hits:247369546 misses:4294258 writebacks:4293992  Hit Ratio: 98.29%
SCACHE: size: 512 KB assoc: 2
SCACHE: hits:4554465 misses:25765455  Hit Ratio: 15.02%
3CACHE: size: 4096 KB assoc: 2
3CACHE: hits:410238 misses:25355217  Hit Ratio: 1.59%
3CACHE: dirty items replaced:6130
ITLB: size: 48, misses 4, miss rate 0.00%
DTLB: size: 128, misses 75, miss rate 0.00%
Avg mem delay: 1.555 cycles
----------------------------------------
==== Statistics for Master ID: 2 ====
Reads: 107851948   Writes: 33
ICACHE: size: 64 KB assoc: 2
ICACHE: hits:61506508 misses:27404433  Hit Ratio: 69.18%
DCACHE: size: 16 KB assoc: 4
DCACHE: hits:6310771 misses:12630269 writebacks:345145  Hit Ratio: 33.32%
SCACHE: size: 512 KB assoc: 2
SCACHE: hits:14431443 misses:25603259  Hit Ratio: 36.05%
3CACHE: size: 4096 KB assoc: 2
3CACHE: hits:391982 misses:25211277  Hit Ratio: 1.53%
3CACHE: dirty items replaced:6479
ITLB: size: 48, misses 4, miss rate 0.00%
DTLB: size: 128, misses 21, miss rate 0.00%
Avg mem delay: 1.555 cycles
----------------------------------------
==== Statistics for Master ID: 3 ====
Reads: 165302583   Writes: 34
ICACHE: size: 64 KB assoc: 2
ICACHE: hits:100237018 misses:27429592  Hit Ratio: 78.51%
DCACHE: size: 16 KB assoc: 4
DCACHE: hits:29345732 misses:8290275 writebacks:224979  Hit Ratio: 77.97%
SCACHE: size: 512 KB assoc: 2
SCACHE: hits:10068992 misses:25650875  Hit Ratio: 28.19%
3CACHE: size: 4096 KB assoc: 2
3CACHE: hits:414879 misses:25235996  Hit Ratio: 1.62%
3CACHE: dirty items replaced:6297
ITLB: size: 48, misses 4, miss rate 0.00%
DTLB: size: 128, misses 21, miss rate 0.00%
Avg mem delay: 1.555 cycles
----------------------------------------
==== Global Resource Utilization ====
STASH: size: 65536 entries, full 2479524948, empty 707, misses 63, full rate 100.00
icache bank util. 0.078 0.040 0.005 0.000 0.000 0.000 0.000 0.014 
dcache bank util. 0.006 0.006 0.012 0.026 0.006 0.010 0.006 0.006 
L2 bank util. 0.137 0.009 0.004 0.004 0.004 0.004 0.003 0.003 
L1-L2 bus util. = 0.065, L3 util. = 0.149
----------------------------------------
branch prediction, hits = 80542785, misses = 603886, hit rate = 99.26%
return_stack prediction, hits = 301200, misses = 24821922, hit rate = 1.20%
jump prediction, hits = 149309807, misses = 72, hit rate = 100.00%

**** Debug Statistics at 5201000000 Cycles *****
Threads: 4		Fetch Width: 8
No of useful instructions fetched:	1727578955 (4.15% proc util.)
No of total instructions fetched:	2425555299 (5.83% proc util.)
 includes 200 misfetch (0.0%), 697976144 (28.8%) wrong-path fetches
 and 0 flushed after failed lock(0.0%)
No of useful instructions issued/executed:	1727578947 (4.15% proc util.)
No of total instructions issued/executed:	2127223030 (5.11% proc util.)
 includes 399644083 wrong-path (18.8%) insts and 0 flushed (0.0%)
	fp 0, 0.00%
	synch 0, 0.00%
	integer 1813077974, 85.23%
	load/store 314145056, 14.77%
Avg size of int IQ (before scheduling): 2.83
Avg size of fp IQ (before scheduling): 0.00
No of cycles taken:		5201000000
Parallelism [ 0.108, 0.000, 0.100, 0.124,] = 0.332
 IQ conflicts: 1423178 (0.03%), FQ conflicts: 0 (0.00%) 
 I reg conflicts: 63234120 (1.22%), FP reg conflicts: 0 (0.00%)
  Activelist confs: 0 (0.00%), ROB confs: 0 (0.00%)
  Int unit conflicts: 130125223 (2.50%), FP unit conflicts: 0 (0.00%)
  Load/store unit conflicts: 78929 (0.00%)
  MSHR conflicts: 0 (0.00%)
----------------------------------------
==== System-wide Cache Statistics ====
Stall for miss queue full 0 cycles (0.00%)
----------------------------------------
==== Statistics for Master ID: 0 ====
Reads: 346092452   Writes: 154067822
ICACHE: size: 64 KB assoc: 2
ICACHE: hits:217150124 misses:26535980  Hit Ratio: 89.11%
DCACHE: size: 16 KB assoc: 4
DCACHE: hits:252097179 misses:4376991 writebacks:4376725  Hit Ratio: 98.29%
SCACHE: size: 512 KB assoc: 2
SCACHE: hits:4641643 misses:26271328  Hit Ratio: 15.02%
3CACHE: size: 4096 KB assoc: 2
3CACHE: hits:418234 misses:25853094  Hit Ratio: 1.59%
3CACHE: dirty items replaced:6251
ITLB: size: 48, misses 4, miss rate 0.00%
DTLB: size: 128, misses 75, miss rate 0.00%
Avg mem delay: 1.555 cycles
----------------------------------------
==== Statistics for Master ID: 2 ====
Reads: 109933574   Writes: 33
ICACHE: size: 64 KB assoc: 2
ICACHE: hits:62685296 misses:27940693  Hit Ratio: 69.17%
DCACHE: size: 16 KB assoc: 4
DCACHE: hits:6432841 misses:12874777 writebacks:351867  Hit Ratio: 33.32%
SCACHE: size: 512 KB assoc: 2
SCACHE: hits:14709521 misses:26105949  Hit Ratio: 36.04%
3CACHE: size: 4096 KB assoc: 2
3CACHE: hits:399461 misses:25706488  Hit Ratio: 1.53%
3CACHE: dirty items replaced:6600
ITLB: size: 48, misses 4, miss rate 0.00%
DTLB: size: 128, misses 21, miss rate 0.00%
Avg mem delay: 1.555 cycles
----------------------------------------
==== Statistics for Master ID: 3 ====
Reads: 168488063   Writes: 34
ICACHE: size: 64 KB assoc: 2
ICACHE: hits:102158253 misses:27966576  Hit Ratio: 78.51%
DCACHE: size: 16 KB assoc: 4
DCACHE: hits:29912886 misses:8450382 writebacks:229341  Hit Ratio: 77.97%
SCACHE: size: 512 KB assoc: 2
SCACHE: hits:10262510 misses:26154448  Hit Ratio: 28.18%
3CACHE: size: 4096 KB assoc: 2
3CACHE: hits:422785 misses:25731662  Hit Ratio: 1.62%
3CACHE: dirty items replaced:6419
ITLB: size: 48, misses 4, miss rate 0.00%
DTLB: size: 128, misses 21, miss rate 0.00%
Avg mem delay: 1.555 cycles
----------------------------------------
==== Global Resource Utilization ====
STASH: size: 65536 entries, full 2527065045, empty 707, misses 63, full rate 100.00
icache bank util. 0.078 0.040 0.005 0.000 0.000 0.000 0.000 0.014 
dcache bank util. 0.006 0.006 0.012 0.026 0.006 0.010 0.006 0.006 
L2 bank util. 0.137 0.009 0.004 0.004 0.004 0.004 0.003 0.003 
L1-L2 bus util. = 0.065, L3 util. = 0.149
----------------------------------------
branch prediction, hits = 82097308, misses = 615553, hit rate = 99.26%
return_stack prediction, hits = 307008, misses = 25300598, hit rate = 1.20%
jump prediction, hits = 152191029, misses = 72, hit rate = 100.00%

**** Debug Statistics at 5301000000 Cycles *****
Threads: 4		Fetch Width: 8
No of useful instructions fetched:	1761481651 (4.15% proc util.)
No of total instructions fetched:	2473488239 (5.83% proc util.)
 includes 200 misfetch (0.0%), 712006388 (28.8%) wrong-path fetches
 and 0 flushed after failed lock(0.0%)
No of useful instructions issued/executed:	1761481651 (4.15% proc util.)
No of total instructions issued/executed:	2169150725 (5.11% proc util.)
 includes 407669074 wrong-path (18.8%) insts and 0 flushed (0.0%)
	fp 0, 0.00%
	synch 0, 0.00%
	integer 1848791407, 85.23%
	load/store 320359318, 14.77%
Avg size of int IQ (before scheduling): 2.83
Avg size of fp IQ (before scheduling): 0.00
No of cycles taken:		5301000000
Parallelism [ 0.108, 0.000, 0.100, 0.124,] = 0.332
 IQ conflicts: 1452226 (0.03%), FQ conflicts: 0 (0.00%) 
 I reg conflicts: 64521656 (1.22%), FP reg conflicts: 0 (0.00%)
  Activelist confs: 0 (0.00%), ROB confs: 0 (0.00%)
  Int unit conflicts: 132726953 (2.50%), FP unit conflicts: 0 (0.00%)
  Load/store unit conflicts: 80585 (0.00%)
  MSHR conflicts: 0 (0.00%)
----------------------------------------
==== System-wide Cache Statistics ====
Stall for miss queue full 0 cycles (0.00%)
----------------------------------------
==== Statistics for Master ID: 0 ====
Reads: 352959791   Writes: 157134707
ICACHE: size: 64 KB assoc: 2
ICACHE: hits:221490506 misses:27046327  Hit Ratio: 89.12%
DCACHE: size: 16 KB assoc: 4
DCACHE: hits:257094531 misses:4463134 writebacks:4462868  Hit Ratio: 98.29%
SCACHE: size: 512 KB assoc: 2
SCACHE: hits:4733980 misses:26775481  Hit Ratio: 15.02%
3CACHE: size: 4096 KB assoc: 2
3CACHE: hits:426368 misses:26349113  Hit Ratio: 1.59%
3CACHE: dirty items replaced:6380
ITLB: size: 48, misses 4, miss rate 0.00%
DTLB: size: 128, misses 75, miss rate 0.00%
Avg mem delay: 1.555 cycles
----------------------------------------
==== Statistics for Master ID: 2 ====
Reads: 112091028   Writes: 33
ICACHE: size: 64 KB assoc: 2
ICACHE: hits:63926553 misses:28479250  Hit Ratio: 69.18%
DCACHE: size: 16 KB assoc: 4
DCACHE: hits:6559383 misses:13125875 writebacks:358607  Hit Ratio: 33.32%
SCACHE: size: 512 KB assoc: 2
SCACHE: hits:14998052 misses:26607073  Hit Ratio: 36.05%
3CACHE: size: 4096 KB assoc: 2
3CACHE: hits:407431 misses:26199642  Hit Ratio: 1.53%
3CACHE: dirty items replaced:6733
ITLB: size: 48, misses 4, miss rate 0.00%
DTLB: size: 128, misses 21, miss rate 0.00%
Avg mem delay: 1.555 cycles
----------------------------------------
==== Statistics for Master ID: 3 ====
Reads: 171806231   Writes: 34
ICACHE: size: 64 KB assoc: 2
ICACHE: hits:104184376 misses:28505494  Hit Ratio: 78.52%
DCACHE: size: 16 KB assoc: 4
DCACHE: hits:30500051 misses:8616344 writebacks:233896  Hit Ratio: 77.97%
SCACHE: size: 512 KB assoc: 2
SCACHE: hits:10465362 misses:26656476  Hit Ratio: 28.19%
3CACHE: size: 4096 KB assoc: 2
3CACHE: hits:431068 misses:26225408  Hit Ratio: 1.62%
3CACHE: dirty items replaced:6554
ITLB: size: 48, misses 4, miss rate 0.00%
DTLB: size: 128, misses 21, miss rate 0.00%
Avg mem delay: 1.555 cycles
----------------------------------------
==== Global Resource Utilization ====
STASH: size: 65536 entries, full 2576997564, empty 707, misses 63, full rate 100.00
icache bank util. 0.078 0.040 0.005 0.000 0.000 0.000 0.000 0.014 
dcache bank util. 0.006 0.006 0.012 0.026 0.006 0.010 0.006 0.006 
L2 bank util. 0.137 0.009 0.004 0.004 0.004 0.004 0.003 0.003 
L1-L2 bus util. = 0.065, L3 util. = 0.149
----------------------------------------
branch prediction, hits = 83707780, misses = 627639, hit rate = 99.26%
return_stack prediction, hits = 313056, misses = 25799054, hit rate = 1.20%
jump prediction, hits = 155180826, misses = 72, hit rate = 100.00%

**** Debug Statistics at 5401000000 Cycles *****
Threads: 4		Fetch Width: 8
No of useful instructions fetched:	1794622788 (4.15% proc util.)
No of total instructions fetched:	2520035724 (5.83% proc util.)
 includes 200 misfetch (0.0%), 725412736 (28.8%) wrong-path fetches
 and 0 flushed after failed lock(0.0%)
No of useful instructions issued/executed:	1794622774 (4.15% proc util.)
No of total instructions issued/executed:	2209966402 (5.11% proc util.)
 includes 415343628 wrong-path (18.8%) insts and 0 flushed (0.0%)
	fp 0, 0.00%
	synch 0, 0.00%
	integer 1883572190, 85.23%
	load/store 326394212, 14.77%
Avg size of int IQ (before scheduling): 2.83
Avg size of fp IQ (before scheduling): 0.00
No of cycles taken:		5401000000
Parallelism [ 0.108, 0.000, 0.100, 0.124,] = 0.332
 IQ conflicts: 1479273 (0.03%), FQ conflicts: 0 (0.00%) 
 I reg conflicts: 65727665 (1.22%), FP reg conflicts: 0 (0.00%)
  Activelist confs: 0 (0.00%), ROB confs: 0 (0.00%)
  Int unit conflicts: 135199930 (2.50%), FP unit conflicts: 0 (0.00%)
  Load/store unit conflicts: 82088 (0.00%)
  MSHR conflicts: 0 (0.00%)
----------------------------------------
==== System-wide Cache Statistics ====
Stall for miss queue full 0 cycles (0.00%)
----------------------------------------
==== Statistics for Master ID: 0 ====
Reads: 359611600   Writes: 160094318
ICACHE: size: 64 KB assoc: 2
ICACHE: hits:225662025 misses:27556563  Hit Ratio: 89.12%
DCACHE: size: 16 KB assoc: 4
DCACHE: hits:261940042 misses:4547288 writebacks:4547022  Hit Ratio: 98.29%
SCACHE: size: 512 KB assoc: 2
SCACHE: hits:4822971 misses:27280880  Hit Ratio: 15.02%
3CACHE: size: 4096 KB assoc: 2
3CACHE: hits:434499 misses:26846380  Hit Ratio: 1.59%
3CACHE: dirty items replaced:6503
ITLB: size: 48, misses 4, miss rate 0.00%
DTLB: size: 128, misses 75, miss rate 0.00%
Avg mem delay: 1.555 cycles
----------------------------------------
==== Statistics for Master ID: 2 ====
Reads: 114195099   Writes: 33
ICACHE: size: 64 KB assoc: 2
ICACHE: hits:65123058 misses:29016885  Hit Ratio: 69.18%
DCACHE: size: 16 KB assoc: 4
DCACHE: hits:6682133 misses:13373056 writebacks:365453  Hit Ratio: 33.32%
SCACHE: size: 512 KB assoc: 2
SCACHE: hits:15280690 misses:27109250  Hit Ratio: 36.05%
3CACHE: size: 4096 KB assoc: 2
3CACHE: hits:415032 misses:26694218  Hit Ratio: 1.53%
3CACHE: dirty items replaced:6860
ITLB: size: 48, misses 4, miss rate 0.00%
DTLB: size: 128, misses 21, miss rate 0.00%
Avg mem delay: 1.555 cycles
----------------------------------------
==== Statistics for Master ID: 3 ====
Reads: 175031658   Writes: 34
ICACHE: size: 64 KB assoc: 2
ICACHE: hits:106136285 misses:29043714  Hit Ratio: 78.51%
DCACHE: size: 16 KB assoc: 4
DCACHE: hits:31072721 misses:8778972 writebacks:238232  Hit Ratio: 77.97%
SCACHE: size: 512 KB assoc: 2
SCACHE: hits:10662977 misses:27159709  Hit Ratio: 28.19%
3CACHE: size: 4096 KB assoc: 2
3CACHE: hits:439293 misses:26720416  Hit Ratio: 1.62%
3CACHE: dirty items replaced:6674
ITLB: size: 48, misses 4, miss rate 0.00%
DTLB: size: 128, misses 21, miss rate 0.00%
Avg mem delay: 1.555 cycles
----------------------------------------
==== Global Resource Utilization ====
STASH: size: 65536 entries, full 2625497505, empty 707, misses 63, full rate 100.00
icache bank util. 0.078 0.040 0.005 0.000 0.000 0.000 0.000 0.014 
dcache bank util. 0.006 0.006 0.012 0.026 0.006 0.010 0.006 0.006 
L2 bank util. 0.137 0.009 0.004 0.004 0.004 0.004 0.003 0.003 
L1-L2 bus util. = 0.065, L3 util. = 0.149
----------------------------------------
branch prediction, hits = 85281781, misses = 639437, hit rate = 99.26%
return_stack prediction, hits = 318960, misses = 26285642, hit rate = 1.20%
jump prediction, hits = 158101849, misses = 72, hit rate = 100.00%

**** Debug Statistics at 5501000000 Cycles *****
Threads: 4		Fetch Width: 8
No of useful instructions fetched:	1828332589 (4.15% proc util.)
No of total instructions fetched:	2567787527 (5.83% proc util.)
 includes 200 misfetch (0.0%), 739454738 (28.8%) wrong-path fetches
 and 0 flushed after failed lock(0.0%)
No of useful instructions issued/executed:	1828332589 (4.15% proc util.)
No of total instructions issued/executed:	2251703310 (5.12% proc util.)
 includes 423370721 wrong-path (18.8%) insts and 0 flushed (0.0%)
	fp 0, 0.00%
	synch 0, 0.00%
	integer 1919106255, 85.23%
	load/store 332597055, 14.77%
Avg size of int IQ (before scheduling): 2.83
Avg size of fp IQ (before scheduling): 0.00
No of cycles taken:		5501000000
Parallelism [ 0.108, 0.000, 0.100, 0.124,] = 0.332
 IQ conflicts: 1507630 (0.03%), FQ conflicts: 0 (0.00%) 
 I reg conflicts: 66991173 (1.22%), FP reg conflicts: 0 (0.00%)
  Activelist confs: 0 (0.00%), ROB confs: 0 (0.00%)
  Int unit conflicts: 137798039 (2.50%), FP unit conflicts: 0 (0.00%)
  Load/store unit conflicts: 83618 (0.00%)
  MSHR conflicts: 0 (0.00%)
----------------------------------------
==== System-wide Cache Statistics ====
Stall for miss queue full 0 cycles (0.00%)
----------------------------------------
==== Statistics for Master ID: 0 ====
Reads: 366471644   Writes: 163161399
ICACHE: size: 64 KB assoc: 2
ICACHE: hits:229998710 misses:28066433  Hit Ratio: 89.12%
DCACHE: size: 16 KB assoc: 4
DCACHE: hits:266934633 misses:4633267 writebacks:4633001  Hit Ratio: 98.29%
SCACHE: size: 512 KB assoc: 2
SCACHE: hits:4914311 misses:27785389  Hit Ratio: 15.03%
3CACHE: size: 4096 KB assoc: 2
3CACHE: hits:442947 misses:27342442  Hit Ratio: 1.59%
3CACHE: dirty items replaced:6614
ITLB: size: 48, misses 4, miss rate 0.00%
DTLB: size: 128, misses 75, miss rate 0.00%
Avg mem delay: 1.555 cycles
----------------------------------------
==== Statistics for Master ID: 2 ====
Reads: 116337094   Writes: 33
ICACHE: size: 64 KB assoc: 2
ICACHE: hits:66352325 misses:29555322  Hit Ratio: 69.18%
DCACHE: size: 16 KB assoc: 4
DCACHE: hits:6806771 misses:13622709 writebacks:372251  Hit Ratio: 33.32%
SCACHE: size: 512 KB assoc: 2
SCACHE: hits:15567697 misses:27610334  Hit Ratio: 36.05%
3CACHE: size: 4096 KB assoc: 2
3CACHE: hits:422909 misses:27187425  Hit Ratio: 1.53%
3CACHE: dirty items replaced:6975
ITLB: size: 48, misses 4, miss rate 0.00%
DTLB: size: 128, misses 21, miss rate 0.00%
Avg mem delay: 1.555 cycles
----------------------------------------
==== Statistics for Master ID: 3 ====
Reads: 178324268   Writes: 34
ICACHE: size: 64 KB assoc: 2
ICACHE: hits:108142425 misses:29582202  Hit Ratio: 78.52%
DCACHE: size: 16 KB assoc: 4
DCACHE: hits:31655832 misses:8943843 writebacks:242671  Hit Ratio: 77.97%
SCACHE: size: 512 KB assoc: 2
SCACHE: hits:10864230 misses:27661815  Hit Ratio: 28.20%
3CACHE: size: 4096 KB assoc: 2
3CACHE: hits:447827 misses:27213988  Hit Ratio: 1.62%
3CACHE: dirty items replaced:6793
ITLB: size: 48, misses 4, miss rate 0.00%
DTLB: size: 128, misses 21, miss rate 0.00%
Avg mem delay: 1.555 cycles
----------------------------------------
==== Global Resource Utilization ====
STASH: size: 65536 entries, full 2675245216, empty 707, misses 63, full rate 100.00
icache bank util. 0.078 0.040 0.005 0.000 0.000 0.000 0.000 0.014 
dcache bank util. 0.006 0.006 0.012 0.026 0.006 0.010 0.006 0.006 
L2 bank util. 0.137 0.009 0.004 0.004 0.004 0.004 0.003 0.003 
L1-L2 bus util. = 0.065, L3 util. = 0.149
----------------------------------------
branch prediction, hits = 86883229, misses = 651441, hit rate = 99.26%
return_stack prediction, hits = 324996, misses = 26783109, hit rate = 1.20%
jump prediction, hits = 161078390, misses = 72, hit rate = 100.00%

**** Debug Statistics at 5601000000 Cycles *****
Threads: 4		Fetch Width: 8
No of useful instructions fetched:	1861585252 (4.15% proc util.)
No of total instructions fetched:	2614594997 (5.84% proc util.)
 includes 200 misfetch (0.0%), 753009545 (28.8%) wrong-path fetches
 and 0 flushed after failed lock(0.0%)
No of useful instructions issued/executed:	1861585244 (4.15% proc util.)
No of total instructions issued/executed:	2292718837 (5.12% proc util.)
 includes 431133593 wrong-path (18.8%) insts and 0 flushed (0.0%)
	fp 0, 0.00%
	synch 0, 0.00%
	integer 1954050691, 85.23%
	load/store 338668146, 14.77%
Avg size of int IQ (before scheduling): 2.83
Avg size of fp IQ (before scheduling): 0.00
No of cycles taken:		5601000000
Parallelism [ 0.108, 0.000, 0.100, 0.124,] = 0.332
 IQ conflicts: 1535051 (0.03%), FQ conflicts: 0 (0.00%) 
 I reg conflicts: 68181998 (1.22%), FP reg conflicts: 0 (0.00%)
  Activelist confs: 0 (0.00%), ROB confs: 0 (0.00%)
  Int unit conflicts: 140312801 (2.51%), FP unit conflicts: 0 (0.00%)
  Load/store unit conflicts: 85014 (0.00%)
  MSHR conflicts: 0 (0.00%)
----------------------------------------
==== System-wide Cache Statistics ====
Stall for miss queue full 0 cycles (0.00%)
----------------------------------------
==== Statistics for Master ID: 0 ====
Reads: 373167951   Writes: 166145983
ICACHE: size: 64 KB assoc: 2
ICACHE: hits:234206829 misses:28576132  Hit Ratio: 89.13%
DCACHE: size: 16 KB assoc: 4
DCACHE: hits:271813266 misses:4717707 writebacks:4717441  Hit Ratio: 98.29%
SCACHE: size: 512 KB assoc: 2
SCACHE: hits:5004185 misses:28289654  Hit Ratio: 15.03%
3CACHE: size: 4096 KB assoc: 2
3CACHE: hits:450803 misses:27838850  Hit Ratio: 1.59%
3CACHE: dirty items replaced:6729
ITLB: size: 48, misses 4, miss rate 0.00%
DTLB: size: 128, misses 75, miss rate 0.00%
Avg mem delay: 1.554 cycles
----------------------------------------
==== Statistics for Master ID: 2 ====
Reads: 118453519   Writes: 33
ICACHE: size: 64 KB assoc: 2
ICACHE: hits:67559788 misses:30092610  Hit Ratio: 69.18%
DCACHE: size: 16 KB assoc: 4
DCACHE: hits:6930730 misses:13870424 writebacks:379053  Hit Ratio: 33.32%
SCACHE: size: 512 KB assoc: 2
SCACHE: hits:15851377 misses:28111657  Hit Ratio: 36.06%
3CACHE: size: 4096 KB assoc: 2
3CACHE: hits:430654 misses:27681003  Hit Ratio: 1.53%
3CACHE: dirty items replaced:7105
ITLB: size: 48, misses 4, miss rate 0.00%
DTLB: size: 128, misses 21, miss rate 0.00%
Avg mem delay: 1.554 cycles
----------------------------------------
==== Statistics for Master ID: 3 ====
Reads: 181561277   Writes: 34
ICACHE: size: 64 KB assoc: 2
ICACHE: hits:110105234 misses:30120058  Hit Ratio: 78.52%
DCACHE: size: 16 KB assoc: 4
DCACHE: hits:32229644 misses:9106375 writebacks:247041  Hit Ratio: 77.97%
SCACHE: size: 512 KB assoc: 2
SCACHE: hits:11062422 misses:28164011  Hit Ratio: 28.20%
3CACHE: size: 4096 KB assoc: 2
3CACHE: hits:455892 misses:27708119  Hit Ratio: 1.62%
3CACHE: dirty items replaced:6915
ITLB: size: 48, misses 4, miss rate 0.00%
DTLB: size: 128, misses 21, miss rate 0.00%
Avg mem delay: 1.554 cycles
----------------------------------------
==== Global Resource Utilization ====
STASH: size: 65536 entries, full 2724013221, empty 707, misses 63, full rate 100.00
icache bank util. 0.078 0.040 0.005 0.000 0.000 0.000 0.000 0.014 
dcache bank util. 0.006 0.006 0.012 0.026 0.006 0.010 0.006 0.006 
L2 bank util. 0.137 0.009 0.004 0.004 0.004 0.004 0.003 0.003 
L1-L2 bus util. = 0.065, L3 util. = 0.149
----------------------------------------
branch prediction, hits = 88462140, misses = 663259, hit rate = 99.26%
return_stack prediction, hits = 330924, misses = 27271675, hit rate = 1.20%
jump prediction, hits = 164008993, misses = 72, hit rate = 100.00%

**** Debug Statistics at 5701000000 Cycles *****
Threads: 4		Fetch Width: 8
No of useful instructions fetched:	1895056564 (4.16% proc util.)
No of total instructions fetched:	2661709406 (5.84% proc util.)
 includes 200 misfetch (0.0%), 766652642 (28.8%) wrong-path fetches
 and 0 flushed after failed lock(0.0%)
No of useful instructions issued/executed:	1895056564 (4.16% proc util.)
No of total instructions issued/executed:	2333996934 (5.12% proc util.)
 includes 438940370 wrong-path (18.8%) insts and 0 flushed (0.0%)
	fp 0, 0.00%
	synch 0, 0.00%
	integer 1989220021, 85.23%
	load/store 344776913, 14.77%
Avg size of int IQ (before scheduling): 2.83
Avg size of fp IQ (before scheduling): 0.00
No of cycles taken:		5701000000
Parallelism [ 0.108, 0.000, 0.100, 0.124,] = 0.332
 IQ conflicts: 1563614 (0.03%), FQ conflicts: 0 (0.00%) 
 I reg conflicts: 69431279 (1.22%), FP reg conflicts: 0 (0.00%)
  Activelist confs: 0 (0.00%), ROB confs: 0 (0.00%)
  Int unit conflicts: 142866528 (2.51%), FP unit conflicts: 0 (0.00%)
  Load/store unit conflicts: 86640 (0.00%)
  MSHR conflicts: 0 (0.00%)
----------------------------------------
==== System-wide Cache Statistics ====
Stall for miss queue full 0 cycles (0.00%)
----------------------------------------
==== Statistics for Master ID: 0 ====
Reads: 379911128   Writes: 169148486
ICACHE: size: 64 KB assoc: 2
ICACHE: hits:238448968 misses:29086351  Hit Ratio: 89.13%
DCACHE: size: 16 KB assoc: 4
DCACHE: hits:276721554 misses:4802741 writebacks:4802475  Hit Ratio: 98.29%
SCACHE: size: 512 KB assoc: 2
SCACHE: hits:5094266 misses:28794826  Hit Ratio: 15.03%
3CACHE: size: 4096 KB assoc: 2
3CACHE: hits:459104 misses:28335722  Hit Ratio: 1.59%
3CACHE: dirty items replaced:6843
ITLB: size: 48, misses 4, miss rate 0.00%
DTLB: size: 128, misses 75, miss rate 0.00%
Avg mem delay: 1.555 cycles
----------------------------------------
==== Statistics for Master ID: 2 ====
Reads: 120590176   Writes: 33
ICACHE: size: 64 KB assoc: 2
ICACHE: hits:68784026 misses:30630599  Hit Ratio: 69.19%
DCACHE: size: 16 KB assoc: 4
DCACHE: hits:7055872 misses:14119712 writebacks:385906  Hit Ratio: 33.32%
SCACHE: size: 512 KB assoc: 2
SCACHE: hits:16136753 misses:28613558  Hit Ratio: 36.06%
3CACHE: size: 4096 KB assoc: 2
3CACHE: hits:438557 misses:28175001  Hit Ratio: 1.53%
3CACHE: dirty items replaced:7227
ITLB: size: 48, misses 4, miss rate 0.00%
DTLB: size: 128, misses 21, miss rate 0.00%
Avg mem delay: 1.555 cycles
----------------------------------------
==== Statistics for Master ID: 3 ====
Reads: 184823644   Writes: 34
ICACHE: size: 64 KB assoc: 2
ICACHE: hits:112088147 misses:30658497  Hit Ratio: 78.52%
DCACHE: size: 16 KB assoc: 4
DCACHE: hits:32807350 misses:9269684 writebacks:251510  Hit Ratio: 77.97%
SCACHE: size: 512 KB assoc: 2
SCACHE: hits:11261302 misses:28666879  Hit Ratio: 28.20%
3CACHE: size: 4096 KB assoc: 2
3CACHE: hits:464269 misses:28202610  Hit Ratio: 1.62%
3CACHE: dirty items replaced:7027
ITLB: size: 48, misses 4, miss rate 0.00%
DTLB: size: 128, misses 21, miss rate 0.00%
Avg mem delay: 1.555 cycles
----------------------------------------
==== Global Resource Utilization ====
STASH: size: 65536 entries, full 2773102145, empty 707, misses 63, full rate 100.00
icache bank util. 0.078 0.040 0.005 0.000 0.000 0.000 0.000 0.014 
dcache bank util. 0.006 0.006 0.012 0.026 0.006 0.010 0.006 0.006 
L2 bank util. 0.137 0.009 0.004 0.004 0.004 0.004 0.003 0.003 
L1-L2 bus util. = 0.065, L3 util. = 0.149
----------------------------------------
branch prediction, hits = 90051211, misses = 675151, hit rate = 99.26%
return_stack prediction, hits = 336900, misses = 27763948, hit rate = 1.20%
jump prediction, hits = 166958681, misses = 72, hit rate = 100.00%

**** Debug Statistics at 5801000000 Cycles *****
Threads: 4		Fetch Width: 8
No of useful instructions fetched:	1928154995 (4.15% proc util.)
No of total instructions fetched:	2708196463 (5.84% proc util.)
 includes 200 misfetch (0.0%), 780041268 (28.8%) wrong-path fetches
 and 0 flushed after failed lock(0.0%)
No of useful instructions issued/executed:	1928154995 (4.15% proc util.)
No of total instructions issued/executed:	2374763954 (5.12% proc util.)
 includes 446608959 wrong-path (18.8%) insts and 0 flushed (0.0%)
	fp 0, 0.00%
	synch 0, 0.00%
	integer 2023957586, 85.23%
	load/store 350806368, 14.77%
Avg size of int IQ (before scheduling): 2.83
Avg size of fp IQ (before scheduling): 0.00
No of cycles taken:		5801000000
Parallelism [ 0.108, 0.000, 0.100, 0.124,] = 0.332
 IQ conflicts: 1590613 (0.03%), FQ conflicts: 0 (0.00%) 
 I reg conflicts: 70618088 (1.22%), FP reg conflicts: 0 (0.00%)
  Activelist confs: 0 (0.00%), ROB confs: 0 (0.00%)
  Int unit conflicts: 145346176 (2.51%), FP unit conflicts: 0 (0.00%)
  Load/store unit conflicts: 88080 (0.00%)
  MSHR conflicts: 0 (0.00%)
----------------------------------------
==== System-wide Cache Statistics ====
Stall for miss queue full 0 cycles (0.00%)
----------------------------------------
==== Statistics for Master ID: 0 ====
Reads: 386553993   Writes: 172106679
ICACHE: size: 64 KB assoc: 2
ICACHE: hits:242614044 misses:29596582  Hit Ratio: 89.13%
DCACHE: size: 16 KB assoc: 4
DCACHE: hits:281563302 misses:4886744 writebacks:4886478  Hit Ratio: 98.29%
SCACHE: size: 512 KB assoc: 2
SCACHE: hits:5183554 misses:29299772  Hit Ratio: 15.03%
3CACHE: size: 4096 KB assoc: 2
3CACHE: hits:466851 misses:28832921  Hit Ratio: 1.59%
3CACHE: dirty items replaced:6963
ITLB: size: 48, misses 4, miss rate 0.00%
DTLB: size: 128, misses 75, miss rate 0.00%
Avg mem delay: 1.554 cycles
----------------------------------------
==== Statistics for Master ID: 2 ====
Reads: 122692186   Writes: 33
ICACHE: size: 64 KB assoc: 2
ICACHE: hits:69979308 misses:31167850  Hit Ratio: 69.19%
DCACHE: size: 16 KB assoc: 4
DCACHE: hits:7178173 misses:14366888 writebacks:392671  Hit Ratio: 33.32%
SCACHE: size: 512 KB assoc: 2
SCACHE: hits:16419181 misses:29115557  Hit Ratio: 36.06%
3CACHE: size: 4096 KB assoc: 2
3CACHE: hits:446048 misses:28669509  Hit Ratio: 1.53%
3CACHE: dirty items replaced:7354
ITLB: size: 48, misses 4, miss rate 0.00%
DTLB: size: 128, misses 21, miss rate 0.00%
Avg mem delay: 1.554 cycles
----------------------------------------
==== Statistics for Master ID: 3 ====
Reads: 188046203   Writes: 34
ICACHE: size: 64 KB assoc: 2
ICACHE: hits:114038868 misses:31196108  Hit Ratio: 78.52%
DCACHE: size: 16 KB assoc: 4
DCACHE: hits:33379439 misses:9431822 writebacks:255924  Hit Ratio: 77.97%
SCACHE: size: 512 KB assoc: 2
SCACHE: hits:11458038 misses:29169892  Hit Ratio: 28.20%
3CACHE: size: 4096 KB assoc: 2
3CACHE: hits:472324 misses:28697568  Hit Ratio: 1.62%
3CACHE: dirty items replaced:7151
ITLB: size: 48, misses 4, miss rate 0.00%
DTLB: size: 128, misses 21, miss rate 0.00%
Avg mem delay: 1.554 cycles
----------------------------------------
==== Global Resource Utilization ====
STASH: size: 65536 entries, full 2821538857, empty 707, misses 63, full rate 100.00
icache bank util. 0.078 0.040 0.005 0.000 0.000 0.000 0.000 0.014 
dcache bank util. 0.006 0.006 0.012 0.026 0.006 0.010 0.006 0.006 
L2 bank util. 0.137 0.009 0.004 0.004 0.004 0.004 0.003 0.003 
L1-L2 bus util. = 0.065, L3 util. = 0.149
----------------------------------------
branch prediction, hits = 91623186, misses = 686934, hit rate = 99.26%
return_stack prediction, hits = 342792, misses = 28249796, hit rate = 1.20%
jump prediction, hits = 169875842, misses = 72, hit rate = 100.00%

**** Debug Statistics at 5901000000 Cycles *****
Threads: 4		Fetch Width: 8
No of useful instructions fetched:	1962003170 (4.16% proc util.)
No of total instructions fetched:	2756132924 (5.84% proc util.)
 includes 200 misfetch (0.0%), 794129554 (28.8%) wrong-path fetches
 and 0 flushed after failed lock(0.0%)
No of useful instructions issued/executed:	1962003170 (4.16% proc util.)
No of total instructions issued/executed:	2416669734 (5.12% proc util.)
 includes 454666564 wrong-path (18.8%) insts and 0 flushed (0.0%)
	fp 0, 0.00%
	synch 0, 0.00%
	integer 2059633448, 85.23%
	load/store 357036286, 14.77%
Avg size of int IQ (before scheduling): 2.83
Avg size of fp IQ (before scheduling): 0.00
No of cycles taken:		5901000000
Parallelism [ 0.109, 0.000, 0.100, 0.124,] = 0.332
 IQ conflicts: 1618798 (0.03%), FQ conflicts: 0 (0.00%) 
 I reg conflicts: 71904403 (1.22%), FP reg conflicts: 0 (0.00%)
  Activelist confs: 0 (0.00%), ROB confs: 0 (0.00%)
  Int unit conflicts: 147949398 (2.51%), FP unit conflicts: 0 (0.00%)
  Load/store unit conflicts: 89593 (0.00%)
  MSHR conflicts: 0 (0.00%)
----------------------------------------
==== System-wide Cache Statistics ====
Stall for miss queue full 0 cycles (0.00%)
----------------------------------------
==== Statistics for Master ID: 0 ====
Reads: 393450568   Writes: 175186009
ICACHE: size: 64 KB assoc: 2
ICACHE: hits:246975964 misses:30106226  Hit Ratio: 89.13%
DCACHE: size: 16 KB assoc: 4
DCACHE: hits:286581174 misses:4973213 writebacks:4972947  Hit Ratio: 98.29%
SCACHE: size: 512 KB assoc: 2
SCACHE: hits:5275379 misses:29804060  Hit Ratio: 15.04%
3CACHE: size: 4096 KB assoc: 2
3CACHE: hits:475339 misses:29328721  Hit Ratio: 1.59%
3CACHE: dirty items replaced:7078
ITLB: size: 48, misses 4, miss rate 0.00%
DTLB: size: 128, misses 75, miss rate 0.00%
Avg mem delay: 1.554 cycles
----------------------------------------
==== Statistics for Master ID: 2 ====
Reads: 124849143   Writes: 33
ICACHE: size: 64 KB assoc: 2
ICACHE: hits:71221644 misses:31706089  Hit Ratio: 69.20%
DCACHE: size: 16 KB assoc: 4
DCACHE: hits:7303640 misses:14617803 writebacks:399437  Hit Ratio: 33.32%
SCACHE: size: 512 KB assoc: 2
SCACHE: hits:16707412 misses:29616480  Hit Ratio: 36.07%
3CACHE: size: 4096 KB assoc: 2
3CACHE: hits:454099 misses:29162381  Hit Ratio: 1.53%
3CACHE: dirty items replaced:7467
ITLB: size: 48, misses 4, miss rate 0.00%
DTLB: size: 128, misses 21, miss rate 0.00%
Avg mem delay: 1.554 cycles
----------------------------------------
==== Statistics for Master ID: 3 ====
Reads: 191343709   Writes: 34
ICACHE: size: 64 KB assoc: 2
ICACHE: hits:116048420 misses:31734867  Hit Ratio: 78.53%
DCACHE: size: 16 KB assoc: 4
DCACHE: hits:33963879 misses:9596577 writebacks:260386  Hit Ratio: 77.97%
SCACHE: size: 512 KB assoc: 2
SCACHE: hits:11659644 misses:29671800  Hit Ratio: 28.21%
3CACHE: size: 4096 KB assoc: 2
3CACHE: hits:480824 misses:29190976  Hit Ratio: 1.62%
3CACHE: dirty items replaced:7270
ITLB: size: 48, misses 4, miss rate 0.00%
DTLB: size: 128, misses 21, miss rate 0.00%
Avg mem delay: 1.554 cycles
----------------------------------------
==== Global Resource Utilization ====
STASH: size: 65536 entries, full 2871482961, empty 707, misses 63, full rate 100.00
icache bank util. 0.078 0.040 0.005 0.000 0.000 0.000 0.000 0.014 
dcache bank util. 0.006 0.006 0.012 0.026 0.006 0.010 0.006 0.006 
L2 bank util. 0.137 0.009 0.004 0.004 0.004 0.004 0.003 0.003 
L1-L2 bus util. = 0.065, L3 util. = 0.149
----------------------------------------
branch prediction, hits = 93230661, misses = 698958, hit rate = 99.26%
return_stack prediction, hits = 348864, misses = 28750230, hit rate = 1.20%
jump prediction, hits = 172864811, misses = 72, hit rate = 100.00%

**** Debug Statistics at 6001000000 Cycles *****
Threads: 4		Fetch Width: 8
No of useful instructions fetched:	1995022819 (4.16% proc util.)
No of total instructions fetched:	2802377005 (5.84% proc util.)
 includes 200 misfetch (0.0%), 807353986 (28.8%) wrong-path fetches
 and 0 flushed after failed lock(0.0%)
No of useful instructions issued/executed:	1995022819 (4.16% proc util.)
No of total instructions issued/executed:	2457264773 (5.12% proc util.)
 includes 462241954 wrong-path (18.8%) insts and 0 flushed (0.0%)
	fp 0, 0.00%
	synch 0, 0.00%
	integer 2094245279, 85.23%
	load/store 363019494, 14.77%
Avg size of int IQ (before scheduling): 2.83
Avg size of fp IQ (before scheduling): 0.00
No of cycles taken:		6001000000
Parallelism [ 0.108, 0.000, 0.100, 0.124,] = 0.332
 IQ conflicts: 1645417 (0.03%), FQ conflicts: 0 (0.00%) 
 I reg conflicts: 73078075 (1.22%), FP reg conflicts: 0 (0.00%)
  Activelist confs: 0 (0.00%), ROB confs: 0 (0.00%)
  Int unit conflicts: 150433497 (2.51%), FP unit conflicts: 0 (0.00%)
  Load/store unit conflicts: 91072 (0.00%)
  MSHR conflicts: 0 (0.00%)
----------------------------------------
==== System-wide Cache Statistics ====
Stall for miss queue full 0 cycles (0.00%)
----------------------------------------
==== Statistics for Master ID: 0 ====
Reads: 400033734   Writes: 178112185
ICACHE: size: 64 KB assoc: 2
ICACHE: hits:251096276 misses:30616168  Hit Ratio: 89.13%
DCACHE: size: 16 KB assoc: 4
DCACHE: hits:291376849 misses:5056626 writebacks:5056360  Hit Ratio: 98.29%
SCACHE: size: 512 KB assoc: 2
SCACHE: hits:5364089 misses:30308705  Hit Ratio: 15.04%
3CACHE: size: 4096 KB assoc: 2
3CACHE: hits:482990 misses:29825714  Hit Ratio: 1.59%
3CACHE: dirty items replaced:7190
ITLB: size: 48, misses 4, miss rate 0.00%
DTLB: size: 128, misses 75, miss rate 0.00%
Avg mem delay: 1.554 cycles
----------------------------------------
==== Statistics for Master ID: 2 ====
Reads: 126949048   Writes: 33
ICACHE: size: 64 KB assoc: 2
ICACHE: hits:72416163 misses:32242433  Hit Ratio: 69.19%
DCACHE: size: 16 KB assoc: 4
DCACHE: hits:7426572 misses:14863913 writebacks:406104  Hit Ratio: 33.32%
SCACHE: size: 512 KB assoc: 2
SCACHE: hits:16988118 misses:30118228  Hit Ratio: 36.06%
3CACHE: size: 4096 KB assoc: 2
3CACHE: hits:461625 misses:29656603  Hit Ratio: 1.53%
3CACHE: dirty items replaced:7579
ITLB: size: 48, misses 4, miss rate 0.00%
DTLB: size: 128, misses 21, miss rate 0.00%
Avg mem delay: 1.554 cycles
----------------------------------------
==== Statistics for Master ID: 3 ====
Reads: 194568461   Writes: 34
ICACHE: size: 64 KB assoc: 2
ICACHE: hits:118001467 misses:32271494  Hit Ratio: 78.52%
DCACHE: size: 16 KB assoc: 4
DCACHE: hits:34537229 misses:9758305 writebacks:264745  Hit Ratio: 77.97%
SCACHE: size: 512 KB assoc: 2
SCACHE: hits:11855388 misses:30174411  Hit Ratio: 28.21%
3CACHE: size: 4096 KB assoc: 2
3CACHE: hits:488696 misses:29685715  Hit Ratio: 1.62%
3CACHE: dirty items replaced:7390
ITLB: size: 48, misses 4, miss rate 0.00%
DTLB: size: 128, misses 21, miss rate 0.00%
Avg mem delay: 1.554 cycles
----------------------------------------
==== Global Resource Utilization ====
STASH: size: 65536 entries, full 2919663250, empty 707, misses 63, full rate 100.00
icache bank util. 0.078 0.040 0.005 0.000 0.000 0.000 0.000 0.014 
dcache bank util. 0.006 0.006 0.012 0.026 0.006 0.010 0.006 0.006 
L2 bank util. 0.137 0.009 0.004 0.004 0.004 0.004 0.003 0.003 
L1-L2 bus util. = 0.065, L3 util. = 0.149
----------------------------------------
branch prediction, hits = 94799260, misses = 710751, hit rate = 99.26%
return_stack prediction, hits = 354720, misses = 29232862, hit rate = 1.20%
jump prediction, hits = 175771977, misses = 72, hit rate = 100.00%

**** Early Exiting at 6015649087 Cycles *****
========================================
 SMTSIM Global Statistics
========================================
Threads: 4		Fetch Width: 8
No of useful instructions fetched:	2000000025 (4.16% proc util.)
No of total instructions fetched:	2809421008 (5.84% proc util.)
 includes 200 misfetch (0.0%), 809420783 (28.8%) wrong-path fetches
 and 0 flushed after failed lock(0.0%)
No of useful instructions issued/executed:	2000000017 (4.16% proc util.)
No of total instructions issued/executed:	2463424176 (5.12% proc util.)
 includes 463424159 wrong-path (18.8%) insts and 0 flushed (0.0%)
	fp 0, 0.00%
	synch 0, 0.00%
	integer 2099491132, 85.23%
	load/store 363933044, 14.77%
Avg size of int IQ (before scheduling): 2.83
Avg size of fp IQ (before scheduling): 0.00
No of cycles taken:		6015649087
Parallelism [ 0.108, 0.000, 0.100, 0.124,] = 0.332
 IQ conflicts: 1649871 (0.03%), FQ conflicts: 0 (0.00%) 
 I reg conflicts: 73285809 (1.22%), FP reg conflicts: 0 (0.00%)
  Activelist confs: 0 (0.00%), ROB confs: 0 (0.00%)
  Int unit conflicts: 150812274 (2.51%), FP unit conflicts: 0 (0.00%)
  Load/store unit conflicts: 91317 (0.00%)
  MSHR conflicts: 0 (0.00%)
----------------------------------------
==== System-wide Cache Statistics ====
Stall for miss queue full 0 cycles (0.00%)
----------------------------------------
==== Statistics for Master ID: 0 ====
Reads: 401043789   Writes: 178563588
ICACHE: size: 64 KB assoc: 2
ICACHE: hits:251735242 misses:30690960  Hit Ratio: 89.13%
DCACHE: size: 16 KB assoc: 4
DCACHE: hits:292111923 misses:5069252 writebacks:5068986  Hit Ratio: 98.29%
SCACHE: size: 512 KB assoc: 2
SCACHE: hits:5377264 misses:30382948  Hit Ratio: 15.04%
3CACHE: size: 4096 KB assoc: 2
3CACHE: hits:484457 misses:29898491  Hit Ratio: 1.59%
3CACHE: dirty items replaced:7207
ITLB: size: 48, misses 4, miss rate 0.00%
DTLB: size: 128, misses 75, miss rate 0.00%
Avg mem delay: 1.554 cycles
----------------------------------------
==== Statistics for Master ID: 2 ====
Reads: 127266631   Writes: 33
ICACHE: size: 64 KB assoc: 2
ICACHE: hits:72599205 misses:32321410  Hit Ratio: 69.19%
DCACHE: size: 16 KB assoc: 4
DCACHE: hits:7445007 misses:14901042 writebacks:407137  Hit Ratio: 33.32%
SCACHE: size: 512 KB assoc: 2
SCACHE: hits:17030556 misses:30191896  Hit Ratio: 36.06%
3CACHE: size: 4096 KB assoc: 2
3CACHE: hits:462914 misses:29728982  Hit Ratio: 1.53%
3CACHE: dirty items replaced:7597
ITLB: size: 48, misses 4, miss rate 0.00%
DTLB: size: 128, misses 21, miss rate 0.00%
Avg mem delay: 1.554 cycles
----------------------------------------
==== Statistics for Master ID: 3 ====
Reads: 195053992   Writes: 34
ICACHE: size: 64 KB assoc: 2
ICACHE: hits:118297582 misses:32350624  Hit Ratio: 78.53%
DCACHE: size: 16 KB assoc: 4
DCACHE: hits:34623388 misses:9782432 writebacks:265389  Hit Ratio: 77.97%
SCACHE: size: 512 KB assoc: 2
SCACHE: hits:11884891 misses:30248164  Hit Ratio: 28.21%
3CACHE: size: 4096 KB assoc: 2
3CACHE: hits:490022 misses:29758142  Hit Ratio: 1.62%
3CACHE: dirty items replaced:7405
ITLB: size: 48, misses 4, miss rate 0.00%
DTLB: size: 128, misses 21, miss rate 0.00%
Avg mem delay: 1.554 cycles
----------------------------------------
==== Global Resource Utilization ====
STASH: size: 65536 entries, full 2927000911, empty 707, misses 63, full rate 100.00
icache bank util. 0.078 0.040 0.005 0.000 0.000 0.000 0.000 0.014 
dcache bank util. 0.006 0.006 0.012 0.026 0.006 0.010 0.006 0.006 
L2 bank util. 0.137 0.009 0.004 0.004 0.004 0.004 0.003 0.003 
L1-L2 bus util. = 0.065, L3 util. = 0.149
----------------------------------------
branch prediction, hits = 95035614, misses = 712520, hit rate = 99.26%
return_stack prediction, hits = 355608, misses = 29306048, hit rate = 1.20%
jump prediction, hits = 176210772, misses = 72, hit rate = 100.00%
total IPC 0.332

=== Results saved to: ./results/recurseq_2_cacherand_1_randacc_1.txt ===
