测试组合（多线程优先）：gzip-program.arg2 + gcc-200.arg + gzip-log.arg
执行命令：./smtsim gzip-program.arg2 gcc-200.arg gzip-log.arg
==================================================

动态重分配参数：每10万周期检查，阈值5
Process 0, Thread 0: gzip-program
Process 0, Thread 1: gzip-program
Process 2, Thread 2: gcc-200
Process 3, Thread 3: gzip-log
[切片调度] 新安全域0无任何切片，尝试分配空闲切片
[切片管理] 成功绑定切片0 → 安全域0

======================== 切片硬件状态 ========================
切片号 | 所属安全域 | 当前状态    | 路扩展 | LRU touched
------------------------------------------------------------------
  0    |   域0      | 正常运行   |  否   |  0
  1    |   域-1     | 切片空闲   |  否   |  0
  2    |   域-1     | 切片空闲   |  否   |  0
  3    |   域-1     | 切片空闲   |  否   |  0
==================================================================

[切片管理] 成功绑定切片1 → 安全域0，触发【路扩展模式】

======================== 切片硬件状态 ========================
切片号 | 所属安全域 | 当前状态    | 路扩展 | LRU touched
------------------------------------------------------------------
  0    |   域0      | 正常运行   |  是   |  0
  1    |   域0      | 正常运行   |  是   |  0
  2    |   域-1     | 切片空闲   |  否   |  0
  3    |   域-1     | 切片空闲   |  否   |  0
==================================================================

[切片调度] 新安全域2无任何切片，尝试分配空闲切片
[切片管理] 成功绑定切片2 → 安全域2

======================== 切片硬件状态 ========================
切片号 | 所属安全域 | 当前状态    | 路扩展 | LRU touched
------------------------------------------------------------------
  0    |   域0      | 正常运行   |  是   |  322
  1    |   域0      | 正常运行   |  是   |  0
  2    |   域2      | 正常运行   |  否   |  0
  3    |   域-1     | 切片空闲   |  否   |  0
==================================================================

[切片管理] 成功绑定切片3 → 安全域2，触发【路扩展模式】

======================== 切片硬件状态 ========================
切片号 | 所属安全域 | 当前状态    | 路扩展 | LRU touched
------------------------------------------------------------------
  0    |   域0      | 正常运行   |  是   |  322
  1    |   域0      | 正常运行   |  是   |  0
  2    |   域2      | 正常运行   |  是   |  0
  3    |   域2      | 正常运行   |  是   |  0
==================================================================

[切片调度] 新安全域3无任何切片，尝试分配空闲切片
[切片调度] 新安全域3未找到空闲切片，尝试剥夺切片
[切片替换] 优先从【路扩展切片】中选择LRU替换目标...
[切片替换] 找到路扩展切片作为受害者：切片1（最后访问：0）
[切片调度] 安全域3触发切片剥夺：从域0剥夺切片1
[切片剥夺] 周期510：切片1（所属域0）进入待剥夺状态，禁止新替换
[切片剥夺] 周期510：切片1在途请求已清空，开始执行脏行写回
[切片剥夺] 周期510：切片1无脏行，直接完成剥夺
[切片管理] 周期510：原域0仅剩1个切片，关闭路扩展模式
[动态重分配] 周期510：切片1写回完成，自动绑定到域3
[切片管理] 成功绑定切片1 → 安全域3

======================== 切片硬件状态 ========================
切片号 | 所属安全域 | 当前状态    | 路扩展 | LRU touched
------------------------------------------------------------------
  0    |   域0      | 正常运行   |  否   |  322
  1    |   域3      | 正常运行   |  否   |  510
  2    |   域2      | 正常运行   |  是   |  435
  3    |   域2      | 正常运行   |  是   |  0
==================================================================

[切片唤醒] 周期510：域3切片就绪，唤醒等待指令

======================== 切片硬件状态 ========================
切片号 | 所属安全域 | 当前状态    | 路扩展 | LRU touched
------------------------------------------------------------------
  0    |   域0      | 正常运行   |  否   |  599944
  1    |   域3      | 正常运行   |  否   |  599938
  2    |   域2      | 正常运行   |  是   |  599780
  3    |   域2      | 正常运行   |  是   |  599945
==================================================================

[动态重分配] 周期600000：预约迁移 冗余域2(1%) -> 切片2 -> 饥饿域3(33%)
[切片剥夺] 周期600000：切片2（所属域2）进入待剥夺状态，禁止新替换
[切片剥夺] 周期600140：切片2在途请求已清空，开始执行脏行写回
[切片管理] 周期603734：原域2仅剩1个切片，关闭路扩展模式
[动态重分配] 周期603734：切片2写回完成，自动绑定到域3
[切片管理] 成功绑定切片2 → 安全域3，触发【路扩展模式】

======================== 切片硬件状态 ========================
切片号 | 所属安全域 | 当前状态    | 路扩展 | LRU touched
------------------------------------------------------------------
  0    |   域0      | 正常运行   |  否   |  603695
  1    |   域3      | 正常运行   |  是   |  603732
  2    |   域3      | 正常运行   |  是   |  603734
  3    |   域2      | 正常运行   |  否   |  603732
==================================================================


**** Debug Statistics at 1000000 Cycles *****
Threads: 4		Fetch Width: 8
No of useful instructions fetched:	828516 (10.36% proc util.)
No of total instructions fetched:	1090972 (13.64% proc util.)
 includes 18796 misfetch (1.7%), 243660 (22.3%) wrong-path fetches
 and 0 flushed after failed lock(0.0%)
No of useful instructions issued/executed:	828500 (10.36% proc util.)
No of total instructions issued/executed:	949014 (11.86% proc util.)
 includes 120514 wrong-path (12.7%) insts and 0 flushed (0.0%)
	fp 53, 0.01%
	synch 0, 0.00%
	integer 660230, 69.57%
	load/store 288731, 30.42%
Avg size of int IQ (before scheduling): 36.15
Avg size of fp IQ (before scheduling): 0.00
No of cycles taken:		1000000
Parallelism [ 0.385, 0.000, 0.309, 0.134,] = 0.829
 IQ conflicts: 8665 (0.87%), FQ conflicts: 0 (0.00%) 
 I reg conflicts: 818524 (81.85%), FP reg conflicts: 0 (0.00%)
  Activelist confs: 0 (0.00%), ROB confs: 0 (0.00%)
  Int unit conflicts: 93395 (9.34%), FP unit conflicts: 0 (0.00%)
  Load/store unit conflicts: 24528 (2.45%)
  MSHR conflicts: 1406096 (140.61%)
----------------------------------------
==== System-wide Cache Statistics ====
Stall for miss queue full 356 cycles (0.00%)
----------------------------------------
==== Statistics for Master ID: 0 ====
Reads: 236987   Writes: 22388
ICACHE: size: 64 KB assoc: 2
ICACHE: hits:141746 misses:54  Hit Ratio: 99.96%
DCACHE: size: 1*16 KB assoc: 1*4
DCACHE: hits:112235 misses:5340 writebacks:1870  Hit Ratio: 95.46%
SCACHE: size: 512 KB assoc: 2
SCACHE: hits:3448 misses:1946  Hit Ratio: 63.92%
3CACHE: size: 4096 KB assoc: 2
3CACHE: hits:100 misses:1846  Hit Ratio: 5.14%
3CACHE: dirty items replaced:0
ITLB: size: 48, misses 3, miss rate 0.00%
DTLB: size: 128, misses 874, miss rate 0.74%
Avg mem delay: 41.180 cycles
----------------------------------------
==== Statistics for Master ID: 2 ====
Reads: 174734   Writes: 43689
ICACHE: size: 64 KB assoc: 2
ICACHE: hits:110558 misses:1350  Hit Ratio: 98.79%
DCACHE: size: 1*16 KB assoc: 1*4
DCACHE: hits:104288 misses:2422 writebacks:1361  Hit Ratio: 97.73%
SCACHE: size: 512 KB assoc: 2
SCACHE: hits:473 misses:3104  Hit Ratio: 13.22%
3CACHE: size: 4096 KB assoc: 2
3CACHE: hits:22 misses:3082  Hit Ratio: 0.71%
3CACHE: dirty items replaced:0
ITLB: size: 48, misses 83, miss rate 0.07%
DTLB: size: 128, misses 409, miss rate 0.38%
Avg mem delay: 41.180 cycles
----------------------------------------
==== Statistics for Master ID: 3 ====
Reads: 107220   Writes: 21892
ICACHE: size: 64 KB assoc: 2
ICACHE: hits:64352 misses:218  Hit Ratio: 99.66%
DCACHE: size: 2*16 KB assoc: 2*4
DCACHE: hits:43403 misses:21138 writebacks:20970  Hit Ratio: 67.25%
SCACHE: size: 512 KB assoc: 2
SCACHE: hits:19 misses:21337  Hit Ratio: 0.09%
3CACHE: size: 4096 KB assoc: 2
3CACHE: hits:0 misses:21337  Hit Ratio: 0.00%
3CACHE: dirty items replaced:0
ITLB: size: 48, misses 18, miss rate 0.03%
DTLB: size: 128, misses 5267, miss rate 8.16%
Avg mem delay: 41.180 cycles
----------------------------------------
==== Global Resource Utilization ====
STASH: size: 65536 entries, full 101197994, empty 26938, misses 2306, full rate 99.97
icache bank util. 0.040 0.027 0.026 0.029 0.037 0.048 0.050 0.065 
dcache bank util. 0.030 0.045 0.046 0.030 0.021 0.020 0.217 0.039 
L2 bank util. 0.010 0.009 0.009 0.010 0.010 0.009 0.261 0.012 
L1-L2 bus util. = 0.164, L3 util. = 0.263
----------------------------------------

======================== 切片硬件状态 ========================
切片号 | 所属安全域 | 当前状态    | 路扩展 | LRU touched
------------------------------------------------------------------
  0    |   域0      | 正常运行   |  否   |  999973
  1    |   域3      | 正常运行   |  是   |  999983
  2    |   域3      | 正常运行   |  是   |  999959
  3    |   域2      | 正常运行   |  否   |  999980
==================================================================

branch prediction, hits = 64841, misses = 11332, hit rate = 85.12%
return_stack prediction, hits = 6286, misses = 14, hit rate = 99.78%
jump prediction, hits = 74875, misses = 4710, hit rate = 94.08%
 abend_ adia_ adib_ ambm6_
======================== 切片硬件状态 ========================
切片号 | 所属安全域 | 当前状态    | 路扩展 | LRU touched
------------------------------------------------------------------
  0    |   域0      | 正常运行   |  否   |  97800000
  1    |   域3      | 正常运行   |  是   |  97799962
  2    |   域3      | 正常运行   |  是   |  97799997
  3    |   域2      | 正常运行   |  否   |  97799996
==================================================================

[动态重分配] 周期97800000：预约迁移 冗余域3(12%) -> 切片1 -> 饥饿域2(18%)
[切片剥夺] 周期97800000：切片1（所属域3）进入待剥夺状态，禁止新替换
[切片剥夺] 周期97800056：切片1在途请求已清空，开始执行脏行写回
[切片管理] 周期97801895：原域3仅剩1个切片，关闭路扩展模式
[动态重分配] 周期97801895：切片1写回完成，自动绑定到域2
[切片管理] 成功绑定切片1 → 安全域2，触发【路扩展模式】

======================== 切片硬件状态 ========================
切片号 | 所属安全域 | 当前状态    | 路扩展 | LRU touched
------------------------------------------------------------------
  0    |   域0      | 正常运行   |  否   |  97801894
  1    |   域2      | 正常运行   |  是   |  97801895
  2    |   域3      | 正常运行   |  否   |  97801893
  3    |   域2      | 正常运行   |  是   |  97801894
==================================================================


======================== 切片硬件状态 ========================
切片号 | 所属安全域 | 当前状态    | 路扩展 | LRU touched
------------------------------------------------------------------
  0    |   域0      | 正常运行   |  否   |  97900000
  1    |   域2      | 正常运行   |  是   |  97899996
  2    |   域3      | 正常运行   |  否   |  97900000
  3    |   域2      | 正常运行   |  是   |  97899996
==================================================================

[动态重分配] 周期97900000：预约迁移 冗余域2(3%) -> 切片3 -> 饥饿域3(12%)
[切片剥夺] 周期97900000：切片3（所属域2）进入待剥夺状态，禁止新替换
[切片剥夺] 周期97900000：切片3在途请求已清空，开始执行脏行写回
[切片管理] 周期97900305：原域2仅剩1个切片，关闭路扩展模式
[动态重分配] 周期97900305：切片3写回完成，自动绑定到域3
[切片管理] 成功绑定切片3 → 安全域3，触发【路扩展模式】

======================== 切片硬件状态 ========================
切片号 | 所属安全域 | 当前状态    | 路扩展 | LRU touched
------------------------------------------------------------------
  0    |   域0      | 正常运行   |  否   |  97900305
  1    |   域2      | 正常运行   |  否   |  97900023
  2    |   域3      | 正常运行   |  是   |  97900305
  3    |   域3      | 正常运行   |  是   |  97900305
==================================================================


**** Debug Statistics at 101000000 Cycles *****
Threads: 4		Fetch Width: 8
No of useful instructions fetched:	181578792 (22.47% proc util.)
No of total instructions fetched:	223277699 (27.63% proc util.)
 includes 6201008 misfetch (2.8%), 35497899 (15.9%) wrong-path fetches
 and 0 flushed after failed lock(0.0%)
No of useful instructions issued/executed:	181578757 (22.47% proc util.)
No of total instructions issued/executed:	197035891 (24.39% proc util.)
 includes 15457134 wrong-path (7.8%) insts and 0 flushed (0.0%)
	fp 10147, 0.01%
	synch 0, 0.00%
	integer 135839017, 68.94%
	load/store 61186727, 31.05%
Avg size of int IQ (before scheduling): 22.19
Avg size of fp IQ (before scheduling): 0.00
No of cycles taken:		101000000
Parallelism [ 0.849, 0.000, 0.590, 0.359,] = 1.798
 IQ conflicts: 421302 (0.42%), FQ conflicts: 0 (0.00%) 
 I reg conflicts: 67342956 (66.68%), FP reg conflicts: 0 (0.00%)
  Activelist confs: 0 (0.00%), ROB confs: 0 (0.00%)
  Int unit conflicts: 18387991 (18.21%), FP unit conflicts: 16 (0.00%)
  Load/store unit conflicts: 5379583 (5.33%)
  MSHR conflicts: 75954184 (75.20%)
----------------------------------------
==== System-wide Cache Statistics ====
Stall for miss queue full 475 cycles (0.00%)
----------------------------------------
==== Statistics for Master ID: 0 ====
Reads: 44262662   Writes: 6514764
ICACHE: size: 64 KB assoc: 2
ICACHE: hits:26575811 misses:4940  Hit Ratio: 99.98%
DCACHE: size: 1*16 KB assoc: 1*4
DCACHE: hits:23516544 misses:680131 writebacks:266691  Hit Ratio: 97.19%
SCACHE: size: 512 KB assoc: 2
SCACHE: hits:468208 misses:216863  Hit Ratio: 68.34%
3CACHE: size: 4096 KB assoc: 2
3CACHE: hits:156637 misses:60226  Hit Ratio: 72.23%
3CACHE: dirty items replaced:8083
ITLB: size: 48, misses 211, miss rate 0.00%
DTLB: size: 128, misses 13279, miss rate 0.05%
Avg mem delay: 6.189 cycles
----------------------------------------
==== Statistics for Master ID: 2 ====
Reads: 41725620   Writes: 7519226
ICACHE: size: 64 KB assoc: 2
ICACHE: hits:23581891 misses:411064  Hit Ratio: 98.29%
DCACHE: size: 1*16 KB assoc: 1*4
DCACHE: hits:24580906 misses:671278 writebacks:160579  Hit Ratio: 97.34%
SCACHE: size: 512 KB assoc: 2
SCACHE: hits:768469 misses:313580  Hit Ratio: 71.02%
3CACHE: size: 4096 KB assoc: 2
3CACHE: hits:206035 misses:107545  Hit Ratio: 65.70%
3CACHE: dirty items replaced:10106
ITLB: size: 48, misses 32512, miss rate 0.14%
DTLB: size: 128, misses 34062, miss rate 0.13%
Avg mem delay: 6.189 cycles
----------------------------------------
==== Statistics for Master ID: 3 ====
Reads: 20015615   Writes: 5755933
ICACHE: size: 64 KB assoc: 2
ICACHE: hits:14073728 misses:915  Hit Ratio: 99.99%
DCACHE: size: 2*16 KB assoc: 2*4
DCACHE: hits:10119790 misses:1577240 writebacks:880477  Hit Ratio: 86.52%
SCACHE: size: 512 KB assoc: 2
SCACHE: hits:202 misses:1577827  Hit Ratio: 0.01%
3CACHE: size: 4096 KB assoc: 2
3CACHE: hits:122 misses:1577704  Hit Ratio: 0.01%
3CACHE: dirty items replaced:81395
ITLB: size: 48, misses 69, miss rate 0.00%
DTLB: size: 128, misses 67930, miss rate 0.58%
Avg mem delay: 6.189 cycles
----------------------------------------
==== Global Resource Utilization ====
STASH: size: 65536 entries, full 338504874, empty 7236816, misses 639039, full rate 97.73
icache bank util. 0.067 0.051 0.046 0.057 0.074 0.191 0.077 0.089 
dcache bank util. 0.081 0.092 0.095 0.082 0.110 0.069 0.110 0.093 
L2 bank util. 0.033 0.033 0.033 0.034 0.032 0.032 0.040 0.051 
L1-L2 bus util. = 0.138, L3 util. = 0.173
----------------------------------------

======================== 切片硬件状态 ========================
切片号 | 所属安全域 | 当前状态    | 路扩展 | LRU touched
------------------------------------------------------------------
  0    |   域0      | 正常运行   |  否   |  100999991
  1    |   域2      | 正常运行   |  否   |  100999999
  2    |   域3      | 正常运行   |  是   |  100988524
  3    |   域3      | 正常运行   |  是   |  100999996
==================================================================

branch prediction, hits = 16779903, misses = 2292668, hit rate = 87.98%
return_stack prediction, hits = 1354607, misses = 1237, hit rate = 99.91%
jump prediction, hits = 18249770, misses = 1677491, hit rate = 91.58%
 analie6_ betalf_
======================== 切片硬件状态 ========================
切片号 | 所属安全域 | 当前状态    | 路扩展 | LRU touched
------------------------------------------------------------------
  0    |   域0      | 正常运行   |  否   |  137100000
  1    |   域2      | 正常运行   |  否   |  137099993
  2    |   域3      | 正常运行   |  是   |  137100000
  3    |   域3      | 正常运行   |  是   |  137099993
==================================================================

[动态重分配] 周期137100000：预约迁移 冗余域3(2%) -> 切片2 -> 饥饿域2(8%)
[切片剥夺] 周期137100000：切片2（所属域3）进入待剥夺状态，禁止新替换
[切片剥夺] 周期137100000：切片2在途请求已清空，开始执行脏行写回
[切片管理] 周期137101753：原域3仅剩1个切片，关闭路扩展模式
[动态重分配] 周期137101753：切片2写回完成，自动绑定到域2
[切片管理] 成功绑定切片2 → 安全域2，触发【路扩展模式】

======================== 切片硬件状态 ========================
切片号 | 所属安全域 | 当前状态    | 路扩展 | LRU touched
------------------------------------------------------------------
  0    |   域0      | 正常运行   |  否   |  137101749
  1    |   域2      | 正常运行   |  是   |  137101752
  2    |   域2      | 正常运行   |  是   |  137101753
  3    |   域3      | 正常运行   |  否   |  137101749
==================================================================


======================== 切片硬件状态 ========================
切片号 | 所属安全域 | 当前状态    | 路扩展 | LRU touched
------------------------------------------------------------------
  0    |   域0      | 正常运行   |  否   |  139200000
  1    |   域2      | 正常运行   |  是   |  139199996
  2    |   域2      | 正常运行   |  是   |  139199995
  3    |   域3      | 正常运行   |  否   |  139199999
==================================================================

[动态重分配] 周期139200000：预约迁移 冗余域2(0%) -> 切片1 -> 饥饿域3(6%)
[切片剥夺] 周期139200000：切片1（所属域2）进入待剥夺状态，禁止新替换
[切片剥夺] 周期139200000：切片1在途请求已清空，开始执行脏行写回
[切片管理] 周期139203785：原域2仅剩1个切片，关闭路扩展模式
[动态重分配] 周期139203785：切片1写回完成，自动绑定到域3
[切片管理] 成功绑定切片1 → 安全域3，触发【路扩展模式】

======================== 切片硬件状态 ========================
切片号 | 所属安全域 | 当前状态    | 路扩展 | LRU touched
------------------------------------------------------------------
  0    |   域0      | 正常运行   |  否   |  139203785
  1    |   域3      | 正常运行   |  是   |  139203785
  2    |   域2      | 正常运行   |  否   |  139203772
  3    |   域3      | 正常运行   |  是   |  139203781
==================================================================


======================== 切片硬件状态 ========================
切片号 | 所属安全域 | 当前状态    | 路扩展 | LRU touched
------------------------------------------------------------------
  0    |   域0      | 正常运行   |  否   |  155199994
  1    |   域3      | 正常运行   |  是   |  155199182
  2    |   域2      | 正常运行   |  否   |  155199997
  3    |   域3      | 正常运行   |  是   |  155199999
==================================================================

[动态重分配] 周期155200000：预约迁移 冗余域3(1%) -> 切片1 -> 饥饿域2(9%)
[切片剥夺] 周期155200000：切片1（所属域3）进入待剥夺状态，禁止新替换
[切片剥夺] 周期155200000：切片1在途请求已清空，开始执行脏行写回
[切片管理] 周期155218271：原域3仅剩1个切片，关闭路扩展模式
[动态重分配] 周期155218271：切片1写回完成，自动绑定到域2
[切片管理] 成功绑定切片1 → 安全域2，触发【路扩展模式】

======================== 切片硬件状态 ========================
切片号 | 所属安全域 | 当前状态    | 路扩展 | LRU touched
------------------------------------------------------------------
  0    |   域0      | 正常运行   |  否   |  155218264
  1    |   域2      | 正常运行   |  是   |  155218271
  2    |   域2      | 正常运行   |  是   |  155218269
  3    |   域3      | 正常运行   |  否   |  155218271
==================================================================


======================== 切片硬件状态 ========================
切片号 | 所属安全域 | 当前状态    | 路扩展 | LRU touched
------------------------------------------------------------------
  0    |   域0      | 正常运行   |  否   |  180999987
  1    |   域2      | 正常运行   |  是   |  180999999
  2    |   域2      | 正常运行   |  是   |  180999999
  3    |   域3      | 正常运行   |  否   |  180999998
==================================================================

[动态重分配] 周期181000000：预约迁移 冗余域2(0%) -> 切片1 -> 饥饿域3(6%)
[切片剥夺] 周期181000000：切片1（所属域2）进入待剥夺状态，禁止新替换
[切片剥夺] 周期181000000：切片1在途请求已清空，开始执行脏行写回
[切片管理] 周期181001338：原域2仅剩1个切片，关闭路扩展模式
[动态重分配] 周期181001338：切片1写回完成，自动绑定到域3
[切片管理] 成功绑定切片1 → 安全域3，触发【路扩展模式】

======================== 切片硬件状态 ========================
切片号 | 所属安全域 | 当前状态    | 路扩展 | LRU touched
------------------------------------------------------------------
  0    |   域0      | 正常运行   |  否   |  181001331
  1    |   域3      | 正常运行   |  是   |  181001338
  2    |   域2      | 正常运行   |  否   |  181001338
  3    |   域3      | 正常运行   |  是   |  181001337
==================================================================


======================== 切片硬件状态 ========================
切片号 | 所属安全域 | 当前状态    | 路扩展 | LRU touched
------------------------------------------------------------------
  0    |   域0      | 正常运行   |  否   |  188299996
  1    |   域3      | 正常运行   |  是   |  188299991
  2    |   域2      | 正常运行   |  否   |  188300000
  3    |   域3      | 正常运行   |  是   |  188299949
==================================================================

[动态重分配] 周期188300000：预约迁移 冗余域3(1%) -> 切片1 -> 饥饿域2(8%)
[切片剥夺] 周期188300000：切片1（所属域3）进入待剥夺状态，禁止新替换
[切片剥夺] 周期188300164：切片1在途请求已清空，开始执行脏行写回
[切片管理] 周期188306686：原域3仅剩1个切片，关闭路扩展模式
[动态重分配] 周期188306686：切片1写回完成，自动绑定到域2
[切片管理] 成功绑定切片1 → 安全域2，触发【路扩展模式】

======================== 切片硬件状态 ========================
切片号 | 所属安全域 | 当前状态    | 路扩展 | LRU touched
------------------------------------------------------------------
  0    |   域0      | 正常运行   |  否   |  188306686
  1    |   域2      | 正常运行   |  是   |  188306686
  2    |   域2      | 正常运行   |  是   |  188306683
  3    |   域3      | 正常运行   |  否   |  188306681
==================================================================


======================== 切片硬件状态 ========================
切片号 | 所属安全域 | 当前状态    | 路扩展 | LRU touched
------------------------------------------------------------------
  0    |   域0      | 正常运行   |  否   |  195500000
  1    |   域2      | 正常运行   |  是   |  195499995
  2    |   域2      | 正常运行   |  是   |  195499995
  3    |   域3      | 正常运行   |  否   |  195499997
==================================================================

[动态重分配] 周期195500000：预约迁移 冗余域2(0%) -> 切片1 -> 饥饿域3(6%)
[切片剥夺] 周期195500000：切片1（所属域2）进入待剥夺状态，禁止新替换
[切片剥夺] 周期195500000：切片1在途请求已清空，开始执行脏行写回
[切片管理] 周期195500263：原域2仅剩1个切片，关闭路扩展模式
[动态重分配] 周期195500263：切片1写回完成，自动绑定到域3
[切片管理] 成功绑定切片1 → 安全域3，触发【路扩展模式】

======================== 切片硬件状态 ========================
切片号 | 所属安全域 | 当前状态    | 路扩展 | LRU touched
------------------------------------------------------------------
  0    |   域0      | 正常运行   |  否   |  195500239
  1    |   域3      | 正常运行   |  是   |  195500263
  2    |   域2      | 正常运行   |  否   |  195500263
  3    |   域3      | 正常运行   |  是   |  195500240
==================================================================


======================== 切片硬件状态 ========================
切片号 | 所属安全域 | 当前状态    | 路扩展 | LRU touched
------------------------------------------------------------------
  0    |   域0      | 正常运行   |  否   |  199799911
  1    |   域3      | 正常运行   |  是   |  199799983
  2    |   域2      | 正常运行   |  否   |  199799985
  3    |   域3      | 正常运行   |  是   |  199799011
==================================================================

[动态重分配] 周期199800000：预约迁移 冗余域3(1%) -> 切片1 -> 饥饿域2(8%)
[切片剥夺] 周期199800000：切片1（所属域3）进入待剥夺状态，禁止新替换
[切片剥夺] 周期199800000：切片1在途请求已清空，开始执行脏行写回
[切片管理] 周期199807956：原域3仅剩1个切片，关闭路扩展模式
[动态重分配] 周期199807956：切片1写回完成，自动绑定到域2
[切片管理] 成功绑定切片1 → 安全域2，触发【路扩展模式】

======================== 切片硬件状态 ========================
切片号 | 所属安全域 | 当前状态    | 路扩展 | LRU touched
------------------------------------------------------------------
  0    |   域0      | 正常运行   |  否   |  199807942
  1    |   域2      | 正常运行   |  是   |  199807956
  2    |   域2      | 正常运行   |  是   |  199807942
  3    |   域3      | 正常运行   |  否   |  199807940
==================================================================


**** Debug Statistics at 201000000 Cycles *****
Threads: 4		Fetch Width: 8
No of useful instructions fetched:	521795721 (32.45% proc util.)
No of total instructions fetched:	656475456 (40.83% proc util.)
 includes 16299132 misfetch (2.5%), 118380603 (18.0%) wrong-path fetches
 and 0 flushed after failed lock(0.0%)
No of useful instructions issued/executed:	521795670 (32.45% proc util.)
No of total instructions issued/executed:	572139961 (35.58% proc util.)
 includes 50344291 wrong-path (8.8%) insts and 0 flushed (0.0%)
	fp 39880, 0.01%
	synch 0, 0.00%
	integer 402762417, 70.40%
	load/store 169337664, 29.60%
Avg size of int IQ (before scheduling): 26.52
Avg size of fp IQ (before scheduling): 0.01
No of cycles taken:		201000000
Parallelism [ 1.072, 0.000, 0.766, 0.758,] = 2.596
 IQ conflicts: 2258085 (1.12%), FQ conflicts: 0 (0.00%) 
 I reg conflicts: 101028942 (50.26%), FP reg conflicts: 0 (0.00%)
  Activelist confs: 337 (0.00%), ROB confs: 44543 (0.02%)
  Int unit conflicts: 224338668 (111.61%), FP unit conflicts: 23 (0.00%)
  Load/store unit conflicts: 23006157 (11.45%)
  MSHR conflicts: 128884986 (64.12%)
----------------------------------------
==== System-wide Cache Statistics ====
Stall for miss queue full 2223 cycles (0.00%)
----------------------------------------
==== Statistics for Master ID: 0 ====
Reads: 114779897   Writes: 15707905
ICACHE: size: 64 KB assoc: 2
ICACHE: hits:70459091 misses:85081  Hit Ratio: 99.88%
DCACHE: size: 1*16 KB assoc: 1*4
DCACHE: hits:58478443 misses:1465187 writebacks:612463  Hit Ratio: 97.56%
SCACHE: size: 512 KB assoc: 2
SCACHE: hits:1117074 misses:433193  Hit Ratio: 72.06%
3CACHE: size: 4096 KB assoc: 2
3CACHE: hits:311005 misses:122188  Hit Ratio: 71.79%
3CACHE: dirty items replaced:23352
ITLB: size: 48, misses 486, miss rate 0.00%
DTLB: size: 128, misses 32866, miss rate 0.05%
Avg mem delay: 3.494 cycles
----------------------------------------
==== Statistics for Master ID: 2 ====
Reads: 115951532   Writes: 20269552
ICACHE: size: 64 KB assoc: 2
ICACHE: hits:66282167 misses:978584  Hit Ratio: 98.55%
DCACHE: size: 2*16 KB assoc: 2*4
DCACHE: hits:67397647 misses:1563323 writebacks:409488  Hit Ratio: 97.73%
SCACHE: size: 512 KB assoc: 2
SCACHE: hits:1856416 misses:684854  Hit Ratio: 73.05%
3CACHE: size: 4096 KB assoc: 2
3CACHE: hits:489570 misses:195284  Hit Ratio: 71.49%
3CACHE: dirty items replaced:25676
ITLB: size: 48, misses 63059, miss rate 0.09%
DTLB: size: 128, misses 92945, miss rate 0.13%
Avg mem delay: 3.494 cycles
----------------------------------------
==== Statistics for Master ID: 3 ====
Reads: 78080462   Writes: 14039685
ICACHE: size: 64 KB assoc: 2
ICACHE: hits:51754735 misses:74436  Hit Ratio: 99.86%
DCACHE: size: 1*16 KB assoc: 1*4
DCACHE: hits:37788275 misses:2503693 writebacks:1340937  Hit Ratio: 93.79%
SCACHE: size: 512 KB assoc: 2
SCACHE: hits:337141 misses:2239995  Hit Ratio: 13.08%
3CACHE: size: 4096 KB assoc: 2
3CACHE: hits:113548 misses:2126447  Hit Ratio: 5.07%
3CACHE: dirty items replaced:140711
ITLB: size: 48, misses 401, miss rate 0.00%
DTLB: size: 128, misses 108168, miss rate 0.27%
Avg mem delay: 3.494 cycles
----------------------------------------
==== Global Resource Utilization ====
STASH: size: 65536 entries, full 807048837, empty 16849392, misses 1494806, full rate 97.78
icache bank util. 0.117 0.087 0.078 0.096 0.120 0.209 0.116 0.138 
dcache bank util. 0.103 0.116 0.126 0.109 0.146 0.101 0.145 0.112 
L2 bank util. 0.032 0.032 0.031 0.033 0.032 0.031 0.035 0.043 
L1-L2 bus util. = 0.135, L3 util. = 0.122
----------------------------------------

======================== 切片硬件状态 ========================
切片号 | 所属安全域 | 当前状态    | 路扩展 | LRU touched
------------------------------------------------------------------
  0    |   域0      | 正常运行   |  否   |  200999999
  1    |   域2      | 正常运行   |  是   |  200999999
  2    |   域2      | 正常运行   |  是   |  200999998
  3    |   域3      | 正常运行   |  否   |  200999996
==================================================================

branch prediction, hits = 42620478, misses = 5745399, hit rate = 88.12%
return_stack prediction, hits = 3681367, misses = 3289, hit rate = 99.91%
jump prediction, hits = 45902986, misses = 4326850, hit rate = 91.39%
 block_
======================== 切片硬件状态 ========================
切片号 | 所属安全域 | 当前状态    | 路扩展 | LRU touched
------------------------------------------------------------------
  0    |   域0      | 正常运行   |  否   |  208699997
  1    |   域2      | 正常运行   |  是   |  208699992
  2    |   域2      | 正常运行   |  是   |  208699995
  3    |   域3      | 正常运行   |  否   |  208699999
==================================================================

[动态重分配] 周期208700000：预约迁移 冗余域2(0%) -> 切片1 -> 饥饿域3(6%)
[切片剥夺] 周期208700000：切片1（所属域2）进入待剥夺状态，禁止新替换
[切片剥夺] 周期208700012：切片1在途请求已清空，开始执行脏行写回
[切片管理] 周期208700188：原域2仅剩1个切片，关闭路扩展模式
[动态重分配] 周期208700188：切片1写回完成，自动绑定到域3
[切片管理] 成功绑定切片1 → 安全域3，触发【路扩展模式】

======================== 切片硬件状态 ========================
切片号 | 所属安全域 | 当前状态    | 路扩展 | LRU touched
------------------------------------------------------------------
  0    |   域0      | 正常运行   |  否   |  208700185
  1    |   域3      | 正常运行   |  是   |  208700188
  2    |   域2      | 正常运行   |  否   |  208700188
  3    |   域3      | 正常运行   |  是   |  208700184
==================================================================


======================== 切片硬件状态 ========================
切片号 | 所属安全域 | 当前状态    | 路扩展 | LRU touched
------------------------------------------------------------------
  0    |   域0      | 正常运行   |  否   |  213900000
  1    |   域3      | 正常运行   |  是   |  213899997
  2    |   域2      | 正常运行   |  否   |  213899991
  3    |   域3      | 正常运行   |  是   |  213899993
==================================================================

[动态重分配] 周期213900000：预约迁移 冗余域3(0%) -> 切片1 -> 饥饿域0(6%)
[切片剥夺] 周期213900000：切片1（所属域3）进入待剥夺状态，禁止新替换
[切片剥夺] 周期213900000：切片1在途请求已清空，开始执行脏行写回
[切片管理] 周期213900290：原域3仅剩1个切片，关闭路扩展模式
[动态重分配] 周期213900290：切片1写回完成，自动绑定到域0
[切片管理] 成功绑定切片1 → 安全域0，触发【路扩展模式】

======================== 切片硬件状态 ========================
切片号 | 所属安全域 | 当前状态    | 路扩展 | LRU touched
------------------------------------------------------------------
  0    |   域0      | 正常运行   |  是   |  213900070
  1    |   域0      | 正常运行   |  是   |  213900290
  2    |   域2      | 正常运行   |  否   |  213900288
  3    |   域3      | 正常运行   |  否   |  213900289
==================================================================


======================== 切片硬件状态 ========================
切片号 | 所属安全域 | 当前状态    | 路扩展 | LRU touched
------------------------------------------------------------------
  0    |   域0      | 正常运行   |  是   |  220299865
  1    |   域0      | 正常运行   |  是   |  220299998
  2    |   域2      | 正常运行   |  否   |  220299999
  3    |   域3      | 正常运行   |  否   |  220299996
==================================================================

[动态重分配] 周期220300000：预约迁移 冗余域0(1%) -> 切片0 -> 饥饿域2(21%)
[切片剥夺] 周期220300000：切片0（所属域0）进入待剥夺状态，禁止新替换
[切片剥夺] 周期220300000：切片0在途请求已清空，开始执行脏行写回
[切片管理] 周期220308526：原域0仅剩1个切片，关闭路扩展模式
[动态重分配] 周期220308526：切片0写回完成，自动绑定到域2
[切片管理] 成功绑定切片0 → 安全域2，触发【路扩展模式】

======================== 切片硬件状态 ========================
切片号 | 所属安全域 | 当前状态    | 路扩展 | LRU touched
------------------------------------------------------------------
  0    |   域2      | 正常运行   |  是   |  220308526
  1    |   域0      | 正常运行   |  否   |  220308381
  2    |   域2      | 正常运行   |  是   |  220308526
  3    |   域3      | 正常运行   |  否   |  220308524
==================================================================


======================== 切片硬件状态 ========================
切片号 | 所属安全域 | 当前状态    | 路扩展 | LRU touched
------------------------------------------------------------------
  0    |   域2      | 正常运行   |  是   |  251200000
  1    |   域0      | 正常运行   |  否   |  251199997
  2    |   域2      | 正常运行   |  是   |  251199996
  3    |   域3      | 正常运行   |  否   |  251199999
==================================================================

[动态重分配] 周期251200000：预约迁移 冗余域2(0%) -> 切片0 -> 饥饿域3(7%)
[切片剥夺] 周期251200000：切片0（所属域2）进入待剥夺状态，禁止新替换
[切片剥夺] 周期251200000：切片0在途请求已清空，开始执行脏行写回
[切片管理] 周期251200299：原域2仅剩1个切片，关闭路扩展模式
[动态重分配] 周期251200299：切片0写回完成，自动绑定到域3
[切片管理] 成功绑定切片0 → 安全域3，触发【路扩展模式】

======================== 切片硬件状态 ========================
切片号 | 所属安全域 | 当前状态    | 路扩展 | LRU touched
------------------------------------------------------------------
  0    |   域3      | 正常运行   |  是   |  251200299
  1    |   域0      | 正常运行   |  否   |  251200299
  2    |   域2      | 正常运行   |  否   |  251200003
  3    |   域3      | 正常运行   |  是   |  251200299
==================================================================


======================== 切片硬件状态 ========================
切片号 | 所属安全域 | 当前状态    | 路扩展 | LRU touched
------------------------------------------------------------------
  0    |   域3      | 正常运行   |  是   |  253199982
  1    |   域0      | 正常运行   |  否   |  253199982
  2    |   域2      | 正常运行   |  否   |  253199982
  3    |   域3      | 正常运行   |  是   |  253199982
==================================================================

[动态重分配] 周期253200000：预约迁移 冗余域3(2%) -> 切片3 -> 饥饿域2(9%)
[切片剥夺] 周期253200000：切片3（所属域3）进入待剥夺状态，禁止新替换
[切片剥夺] 周期253200000：切片3在途请求已清空，开始执行脏行写回
[切片管理] 周期253201682：原域3仅剩1个切片，关闭路扩展模式
[动态重分配] 周期253201682：切片3写回完成，自动绑定到域2
[切片管理] 成功绑定切片3 → 安全域2，触发【路扩展模式】

======================== 切片硬件状态 ========================
切片号 | 所属安全域 | 当前状态    | 路扩展 | LRU touched
------------------------------------------------------------------
  0    |   域3      | 正常运行   |  否   |  253201660
  1    |   域0      | 正常运行   |  否   |  253201666
  2    |   域2      | 正常运行   |  是   |  253201666
  3    |   域2      | 正常运行   |  是   |  253201682
==================================================================


======================== 切片硬件状态 ========================
切片号 | 所属安全域 | 当前状态    | 路扩展 | LRU touched
------------------------------------------------------------------
  0    |   域3      | 正常运行   |  否   |  257500000
  1    |   域0      | 正常运行   |  否   |  257499999
  2    |   域2      | 正常运行   |  是   |  257499997
  3    |   域2      | 正常运行   |  是    blockdis_|  257499994
==================================================================

[动态重分配] 周期257500000：预约迁移 冗余域2(1%) -> 切片2 -> 饥饿域0(7%)
[切片剥夺] 周期257500000：切片2（所属域2）进入待剥夺状态，禁止新替换
[切片剥夺] 周期257500000：切片2在途请求已清空，开始执行脏行写回
[切片管理] 周期257500080：原域2仅剩1个切片，关闭路扩展模式
[动态重分配] 周期257500080：切片2写回完成，自动绑定到域0
[切片管理] 成功绑定切片2 → 安全域0，触发【路扩展模式】

======================== 切片硬件状态 ========================
切片号 | 所属安全域 | 当前状态    | 路扩展 | LRU touched
------------------------------------------------------------------
  0    |   域3      | 正常运行   |  否   |  257500080
  1    |   域0      | 正常运行   |  是   |  257500079
  2    |   域0      | 正常运行   |  是   |  257500080
  3    |   域2      | 正常运行   |  否   |  257500058
==================================================================


======================== 切片硬件状态 ========================
切片号 | 所属安全域 | 当前状态    | 路扩展 | LRU touched
------------------------------------------------------------------
  0    |   域3      | 正常运行   |  否   |  266000000
  1    |   域0      | 正常运行   |  是   |  265999996
  2    |   域0      | 正常运行   |  是   |  266000000
  3    |   域2      | 正常运行   |  否   |  265999999
==================================================================

[动态重分配] 周期266000000：预约迁移 冗余域0(0%) -> 切片1 -> 饥饿域2(7%)
[切片剥夺] 周期266000000：切片1（所属域0）进入待剥夺状态，禁止新替换
[切片剥夺] 周期266000000：切片1在途请求已清空，开始执行脏行写回
[切片管理] 周期266000311：原域0仅剩1个切片，关闭路扩展模式
[动态重分配] 周期266000311：切片1写回完成，自动绑定到域2
[切片管理] 成功绑定切片1 → 安全域2，触发【路扩展模式】

======================== 切片硬件状态 ========================
切片号 | 所属安全域 | 当前状态    | 路扩展 | LRU touched
------------------------------------------------------------------
  0    |   域3      | 正常运行   |  否   |  266000309
  1    |   域2      | 正常运行   |  是   |  266000311
  2    |   域0      | 正常运行   |  否   |  266000302
  3    |   域2      | 正常运行   |  是   |  266000102
==================================================================


======================== 切片硬件状态 ========================
切片号 | 所属安全域 | 当前状态    | 路扩展 | LRU touched
------------------------------------------------------------------
  0    |   域3      | 正常运行   |  否   |  268999994
  1    |   域2      | 正常运行   |  是   |  268999978
  2    |   域0      | 正常运行   |  否   |  268999955
  3    |   域2      | 正常运行   |  是   |  268999983
==================================================================

[动态重分配] 周期269000000：预约迁移 冗余域2(1%) -> 切片3 -> 饥饿域0(7%)
[切片剥夺] 周期269000000：切片3（所属域2）进入待剥夺状态，禁止新替换
[切片剥夺] 周期269000000：切片3在途请求已清空，开始执行脏行写回
[切片管理] 周期269000323：原域2仅剩1个切片，关闭路扩展模式
[动态重分配] 周期269000323：切片3写回完成，自动绑定到域0
[切片管理] 成功绑定切片3 → 安全域0，触发【路扩展模式】

======================== 切片硬件状态 ========================
切片号 | 所属安全域 | 当前状态    | 路扩展 | LRU touched
------------------------------------------------------------------
  0    |   域3      | 正常运行   |  否   |  269000323
  1    |   域2      | 正常运行   |  否   |  269000322
  2    |   域0      | 正常运行   |  是   |  269000314
  3    |   域0      | 正常运行   |  是   |  269000323
==================================================================


======================== 切片硬件状态 ========================
切片号 | 所属安全域 | 当前状态    | 路扩展 | LRU touched
------------------------------------------------------------------
  0    |   域3      | 正常运行   |  否   |  276799997
  1    |   域2      | 正常运行   |  否   |  276799917
  2    |   域0      | 正常运行   |  是   |  276799991
  3    |   域0      | 正常运行   |  是   |  276799992
==================================================================

[动态重分配] 周期276800000：预约迁移 冗余域0(0%) -> 切片2 -> 饥饿域2(11%)
[切片剥夺] 周期276800000：切片2（所属域0）进入待剥夺状态，禁止新替换
[切片剥夺] 周期276800000：切片2在途请求已清空，开始执行脏行写回
[切片管理] 周期276802045：原域0仅剩1个切片，关闭路扩展模式
[动态重分配] 周期276802045：切片2写回完成，自动绑定到域2
[切片管理] 成功绑定切片2 → 安全域2，触发【路扩展模式】

======================== 切片硬件状态 ========================
切片号 | 所属安全域 | 当前状态    | 路扩展 | LRU touched
------------------------------------------------------------------
  0    |   域3      | 正常运行   |  否   |  276802040
  1    |   域2      | 正常运行   |  是   |  276802017
  2    |   域2      | 正常运行   |  是   |  276802045
  3    |   域0      | 正常运行   |  否   |  276802041
==================================================================


======================== 切片硬件状态 ========================
切片号 | 所属安全域 | 当前状态    | 路扩展 | LRU touched
------------------------------------------------------------------
  0    |   域3      | 正常运行   |  否   |  278699996
  1    |   域2      | 正常运行   |  是   |  278699975
  2    |   域2      | 正常运行   |  是   |  278699998
  3    |   域0      | 正常运行   |  否   |  278699997
==================================================================

[动态重分配] 周期278700000：预约迁移 冗余域2(3%) -> 切片1 -> 饥饿域0(9%)
[切片剥夺] 周期278700000：切片1（所属域2）进入待剥夺状态，禁止新替换
[切片剥夺] 周期278700000：切片1在途请求已清空，开始执行脏行写回
[切片管理] 周期278700092：原域2仅剩1个切片，关闭路扩展模式
[动态重分配] 周期278700092：切片1写回完成，自动绑定到域0
[切片管理] 成功绑定切片1 → 安全域0，触发【路扩展模式】

======================== 切片硬件状态 ========================
切片号 | 所属安全域 | 当前状态    | 路扩展 | LRU touched
------------------------------------------------------------------
  0    |   域3      | 正常运行   |  否   |  278700090
  1    |   域0      | 正常运行   |  是   |  278700092
  2    |   域2      | 正常运行   |  否   |  278700089
  3    |   域0      | 正常运行   |  是   |  278700092
==================================================================


======================== 切片硬件状态 ========================
切片号 | 所属安全域 | 当前状态    | 路扩展 | LRU touched
------------------------------------------------------------------
  0    |   域3      | 正常运行   |  否   |  278799999
  1    |   域0      | 正常运行   |  是   |  278799997
  2    |   域2      | 正常运行   |  否   |  278799995
  3    |   域0      | 正常运行   |  是   |  278800000
==================================================================

[动态重分配] 周期278800000：预约迁移 冗余域0(0%) -> 切片3 -> 饥饿域2(11%)
[切片剥夺] 周期278800000：切片3（所属域0）进入待剥夺状态，禁止新替换
[切片剥夺] 周期278800000：切片3在途请求已清空，开始执行脏行写回
[切片管理] 周期278800233：原域0仅剩1个切片，关闭路扩展模式
[动态重分配] 周期278800233：切片3写回完成，自动绑定到域2
[切片管理] 成功绑定切片3 → 安全域2，触发【路扩展模式】

======================== 切片硬件状态 ========================
切片号 | 所属安全域 | 当前状态    | 路扩展 | LRU touched
------------------------------------------------------------------
  0    |   域3      | 正常运行   |  否   |  278800120
  1    |   域0      | 正常运行   |  否   |  278800118
  2    |   域2      | 正常运行   |  是   |  278800069
  3    |   域2      | 正常运行   |  是   |  278800233
==================================================================


======================== 切片硬件状态 ========================
切片号 | 所属安全域 | 当前状态    | 路扩展 | LRU touched
------------------------------------------------------------------
  0    |   域3      | 正常运行   |  否   |  282299996
  1    |   域0      | 正常运行   |  否   |  282299999
  2    |   域2      | 正常运行   |  是   |  282299989
  3    |   域2      | 正常运行   |  是   |  282300000
==================================================================

[动态重分配] 周期282300000：预约迁移 冗余域2(0%) -> 切片2 -> 饥饿域0(6%)
[切片剥夺] 周期282300000：切片2（所属域2）进入待剥夺状态，禁止新替换
[切片剥夺] 周期282300000：切片2在途请求已清空，开始执行脏行写回
[切片管理] 周期282301401：原域2仅剩1个切片，关闭路扩展模式
[动态重分配] 周期282301401：切片2写回完成，自动绑定到域0
[切片管理] 成功绑定切片2 → 安全域0，触发【路扩展模式】

======================== 切片硬件状态 ========================
切片号 | 所属安全域 | 当前状态    | 路扩展 | LRU touched
------------------------------------------------------------------
  0    |   域3      | 正常运行   |  否   |  282301392
  1    |   域0      | 正常运行   |  是   |  282301400
  2    |   域0      | 正常运行   |  是   |  282301401
  3    |   域2      | 正常运行   |  否   |  282301401
==================================================================


======================== 切片硬件状态 ========================
切片号 | 所属安全域 | 当前状态    | 路扩展 | LRU touched
------------------------------------------------------------------
  0    |   域3      | 正常运行   |  否   |  285899997
  1    |   域0      | 正常运行   |  是   |  285899999
  2    |   域0      | 正常运行   |  是   |  285899959
  3    |   域2      | 正常运行   |  否   |  285900000
==================================================================

[动态重分配] 周期285900000：预约迁移 冗余域0(1%) -> 切片1 -> 饥饿域2(7%)
[切片剥夺] 周期285900000：切片1（所属域0）进入待剥夺状态，禁止新替换
[切片剥夺] 周期285900000：切片1在途请求已清空，开始执行脏行写回
[切片管理] 周期285900185：原域0仅剩1个切片，关闭路扩展模式
[动态重分配] 周期285900185：切片1写回完成，自动绑定到域2
[切片管理] 成功绑定切片1 → 安全域2，触发【路扩展模式】

======================== 切片硬件状态 ========================
切片号 | 所属安全域 | 当前状态    | 路扩展 | LRU touched
------------------------------------------------------------------
  0    |   域3      | 正常运行   |  否   |  285900160
  1    |   域2      | 正常运行   |  是   |  285900185
  2    |   域0      | 正常运行   |  否   |  285900014
  3    |   域2      | 正常运行   |  是   |  285900132
==================================================================


======================== 切片硬件状态 ========================
切片号 | 所属安全域 | 当前状态    | 路扩展 | LRU touched
------------------------------------------------------------------
  0    |   域3      | 正常运行   |  否   |  291699999
  1    |   域2      | 正常运行   |  是   |  291700000
  2    |   域0      | 正常运行   |  否   |  291699951
  3    |   域2      | 正常运行   |  是   |  291699993
==================================================================

[动态重分配] 周期291700000：预约迁移 冗余域2(0%) -> 切片1 -> 饥饿域0(6%)
[切片剥夺] 周期291700000：切片1（所属域2）进入待剥夺状态，禁止新替换
[切片剥夺] 周期291700000：切片1在途请求已清空，开始执行脏行写回
[切片管理] 周期291700302：原域2仅剩1个切片，关闭路扩展模式
[动态重分配] 周期291700302：切片1写回完成，自动绑定到域0
[切片管理] 成功绑定切片1 → 安全域0，触发【路扩展模式】

======================== 切片硬件状态 ========================
切片号 | 所属安全域 | 当前状态    | 路扩展 | LRU touched
------------------------------------------------------------------
  0    |   域3      | 正常运行   |  否   |  291700109
  1    |   域0      | 正常运行   |  是   |  291700302
  2    |   域0      | 正常运行   |  是   |  291699951
  3    |   域2      | 正常运行   |  否   |  291700088
==================================================================


======================== 切片硬件状态 ========================
切片号 | 所属安全域 | 当前状态    | 路扩展 | LRU touched
------------------------------------------------------------------
  0    |   域3      | 正常运行   |  否   |  292699997
  1    |   域0      | 正常运行   |  是   |  292699999
  2    |   域0      | 正常运行   |  是   |  292699946
  3    |   域2      | 正常运行   |  否   |  292700000
==================================================================

[动态重分配] 周期292700000：预约迁移 冗余域0(2%) -> 切片1 -> 饥饿域2(9%)
[切片剥夺] 周期292700000：切片1（所属域0）进入待剥夺状态，禁止新替换
[切片剥夺] 周期292700000：切片1在途请求已清空，开始执行脏行写回
[切片管理] 周期292703426：原域0仅剩1个切片，关闭路扩展模式
[动态重分配] 周期292703426：切片1写回完成，自动绑定到域2
[切片管理] 成功绑定切片1 → 安全域2，触发【路扩展模式】

======================== 切片硬件状态 ========================
切片号 | 所属安全域 | 当前状态    | 路扩展 | LRU touched
------------------------------------------------------------------
  0    |   域3      | 正常运行   |  否   |  292703422
  1    |   域2      | 正常运行   |  是   |  292703426
  2    |   域0      | 正常运行   |  否   |  292703426
  3    |   域2      | 正常运行   |  是   |  292703412
==================================================================


======================== 切片硬件状态 ========================
切片号 | 所属安全域 | 当前状态    | 路扩展 | LRU touched
------------------------------------------------------------------
  0    |   域3      | 正常运行   |  否   |  293799993
  1    |   域2      | 正常运行   |  是   |  293799996
  2    |   域0      | 正常运行   |  否   |  293799998
  3    |   域2      | 正常运行   |  是   |  293800000
==================================================================

[动态重分配] 周期293800000：预约迁移 冗余域2(0%) -> 切片1 -> 饥饿域0(6%)
[切片剥夺] 周期293800000：切片1（所属域2）进入待剥夺状态，禁止新替换
[切片剥夺] 周期293800000：切片1在途请求已清空，开始执行脏行写回
[切片管理] 周期293800188：原域2仅剩1个切片，关闭路扩展模式
[动态重分配] 周期293800188：切片1写回完成，自动绑定到域0
[切片管理] 成功绑定切片1 → 安全域0，触发【路扩展模式】

======================== 切片硬件状态 ========================
切片号 | 所属安全域 | 当前状态    | 路扩展 | LRU touched
------------------------------------------------------------------
  0    |   域3      | 正常运行   |  否   |  293800108
  1    |   域0      | 正常运行   |  是   |  293800188
  2    |   域0      | 正常运行   |  是   |  293800185
  3    |   域2      | 正常运行   |  否   |  293800188
==================================================================


======================== 切片硬件状态 ========================
切片号 | 所属安全域 | 当前状态    | 路扩展 | LRU touched
------------------------------------------------------------------
  0    |   域3      | 正常运行   |  否   |  297199354
  1    |   域0      | 正常运行   |  是   |  297199954
  2    |   域0      | 正常运行   |  是   |  297199979
  3    |   域2      | 正常运行   |  否   |  297199981
==================================================================

[动态重分配] 周期297200000：预约迁移 冗余域0(0%) -> 切片1 -> 饥饿域3(6%)
[切片剥夺] 周期297200000：切片1（所属域0）进入待剥夺状态，禁止新替换
[切片剥夺] 周期297200000：切片1在途请求已清空，开始执行脏行写回
[切片管理] 周期297200052：原域0仅剩1个切片，关闭路扩展模式
[动态重分配] 周期297200052：切片1写回完成，自动绑定到域3
[切片管理] 成功绑定切片1 → 安全域3，触发【路扩展模式】

======================== 切片硬件状态 ========================
切片号 | 所属安全域 | 当前状态    | 路扩展 | LRU touched
------------------------------------------------------------------
  0    |   域3      | 正常运行   |  是   |  297199354
  1    |   域3      | 正常运行   |  是   |  297200052
  2    |   域0      | 正常运行   |  否   |  297200046
  3    |   域2      | 正常运行   |  否   |  297200048
==================================================================


**** Debug Statistics at 301000000 Cycles *****
Threads: 4		Fetch Width: 8
No of useful instructions fetched:	929821837 (38.61% proc util.)
No of total instructions fetched:	1178311066 (48.93% proc util.)
 includes 25243598 misfetch (2.1%), 223245631 (18.9%) wrong-path fetches
 and 0 flushed after failed lock(0.0%)
No of useful instructions issued/executed:	929821790 (38.61% proc util.)
No of total instructions issued/executed:	1026872009 (42.64% proc util.)
 includes 97050219 wrong-path (9.5%) insts and 0 flushed (0.0%)
	fp 49435, 0.00%
	synch 0, 0.00%
	integer 725381086, 70.64%
	load/store 301441488, 29.36%
Avg size of int IQ (before scheduling): 29.32
Avg size of fp IQ (before scheduling): 0.01
No of cycles taken:		301000000
Parallelism [ 1.200, 0.000, 0.882, 1.007,] = 3.089
 IQ conflicts: 4697390 (1.56%), FQ conflicts: 0 (0.00%) 
 I reg conflicts: 120011619 (39.87%), FP reg conflicts: 0 (0.00%)
  Activelist confs: 494 (0.00%), ROB confs: 137690 (0.05%)
  Int unit conflicts: 509997463 (169.43%), FP unit conflicts: 25 (0.00%)
  Load/store unit conflicts: 46483944 (15.44%)
  MSHR conflicts: 159586776 (53.02%)
----------------------------------------
==== System-wide Cache Statistics ====
Stall for miss queue full 3202 cycles (0.00%)
----------------------------------------
==== Statistics for Master ID: 0 ====
Reads: 198984654   Writes: 27371497
ICACHE: size: 64 KB assoc: 2
ICACHE: hits:123028178 misses:189789  Hit Ratio: 99.85%
DCACHE: size: 1*16 KB assoc: 1*4
DCACHE: hits:100626887 misses:2512063 writebacks:1056550  Hit Ratio: 97.56%
SCACHE: size: 512 KB assoc: 2
SCACHE: hits:2061063 misses:640023  Hit Ratio: 76.30%
3CACHE: size: 4096 KB assoc: 2
3CACHE: hits:460689 misses:179332  Hit Ratio: 71.98%
3CACHE: dirty items replaced:42228
ITLB: size: 48, misses 785, miss rate 0.00%
DTLB: size: 128, misses 72486, miss rate 0.07%
Avg mem delay: 2.585 cycles
----------------------------------------
==== Statistics for Master ID: 2 ====
Reads: 202903668   Writes: 35447169
ICACHE: size: 64 KB assoc: 2
ICACHE: hits:116989067 misses:1536714  Hit Ratio: 98.70%
DCACHE: size: 1*16 KB assoc: 1*4
DCACHE: hits:117060179 misses:2766091 writebacks:669804  Hit Ratio: 97.69%
SCACHE: size: 512 KB assoc: 2
SCACHE: hits:3253581 misses:1048010  Hit Ratio: 75.64%
3CACHE: size: 4096 KB assoc: 2
3CACHE: hits:791893 misses:256117  Hit Ratio: 75.56%
3CACHE: dirty items replaced:42432
ITLB: size: 48, misses 86046, miss rate 0.07%
DTLB: size: 128, misses 223886, miss rate 0.19%
Avg mem delay: 2.585 cycles
----------------------------------------
==== Statistics for Master ID: 3 ====
Reads: 154577326   Writes: 24300290
ICACHE: size: 64 KB assoc: 2
ICACHE: hits:100477165 misses:171700  Hit Ratio: 99.83%
DCACHE: size: 2*16 KB assoc: 2*4
DCACHE: hits:75008661 misses:3221300 writebacks:1718327  Hit Ratio: 95.88%
SCACHE: size: 512 KB assoc: 2
SCACHE: hits:927762 misses:2464027  Hit Ratio: 27.35%
3CACHE: size: 4096 KB assoc: 2
3CACHE: hits:266243 misses:2197784  Hit Ratio: 10.81%
3CACHE: dirty items replaced:160272
ITLB: size: 48, misses 808, miss rate 0.00%
DTLB: size: 128, misses 148409, miss rate 0.19%
Avg mem delay: 2.585 cycles
----------------------------------------
==== Global Resource Utilization ====
STASH: size: 65536 entries, full 1378373598, empty 26062934, misses 2320879, full rate 97.98
icache bank util. 0.145 0.107 0.097 0.123 0.151 0.219 0.144 0.171 
dcache bank util. 0.116 0.135 0.152 0.128 0.175 0.117 0.173 0.124 
L2 bank util. 0.032 0.032 0.031 0.033 0.031 0.030 0.034 0.040 
L1-L2 bus util. = 0.138, L3 util. = 0.087
----------------------------------------

======================== 切片硬件状态 ========================
切片号 | 所属安全域 | 当前状态    | 路扩展 | LRU touched
------------------------------------------------------------------
  0    |   域3      | 正常运行   |  是   |  300999180
  1    |   域3      | 正常运行   |  是   |  300999999
  2    |   域0      | 正常运行   |  否   |  300999979
  3    |   域2      | 正常运行   |  否   |  300999997
==================================================================

branch prediction, hits = 72490310, misses = 9736887, hit rate = 88.16%
return_stack prediction, hits = 7043704, misses = 6578, hit rate = 99.91%
jump prediction, hits = 79884373, misses = 6763104, hit rate = 92.19%

======================== 切片硬件状态 ========================
切片号 | 所属安全域 | 当前状态    | 路扩展 | LRU touched
------------------------------------------------------------------
  0    |   域3      | 正常运行   |  是   |  301099966
  1    |   域3      | 正常运行   |  是   |  301099996
  2    |   域0      | 正常运行   |  否   |  301099995
  3    |   域2      | 正常运行   |  否   |  301100000
==================================================================

[动态重分配] 周期301100000：预约迁移 冗余域3(1%) -> 切片0 -> 饥饿域2(7%)
[切片剥夺] 周期301100000：切片0（所属域3）进入待剥夺状态，禁止新替换
[切片剥夺] 周期301100000：切片0在途请求已清空，开始执行脏行写回
[切片管理] 周期301108862：原域3仅剩1个切片，关闭路扩展模式
[动态重分配] 周期301108862：切片0写回完成，自动绑定到域2
[切片管理] 成功绑定切片0 → 安全域2，触发【路扩展模式】

======================== 切片硬件状态 ========================
切片号 | 所属安全域 | 当前状态    | 路扩展 | LRU touched
------------------------------------------------------------------
  0    |   域2      | 正常运行   |  是   |  301108862
  1    |   域3      | 正常运行   |  否   |  301108862
  2    |   域0      | 正常运行   |  否   |  301108860
  3    |   域2      | 正常运行   |  是   |  301108861
==================================================================


======================== 切片硬件状态 ========================
切片号 | 所属安全域 | 当前状态    | 路扩展 | LRU touched
------------------------------------------------------------------
  0    |   域2      | 正常运行   |  是   |  302399870
  1    |   域3      | 正常运行   |  否   |  302399988
  2    |   域0      | 正常运行   |  否   |  302399996
  3    |   域2      | 正常运行   |  是   |  302399963
==================================================================

[动态重分配] 周期302400000：预约迁移 冗余域2(0%) -> 切片0 -> 饥饿域0(6%)
[切片剥夺] 周期302400000：切片0（所属域2）进入待剥夺状态，禁止新替换
[切片剥夺] 周期302400000：切片0在途请求已清空，开始执行脏行写回
[切片管理] 周期302401596：原域2仅剩1个切片，关闭路扩展模式
[动态重分配] 周期302401596：切片0写回完成，自动绑定到域0
[切片管理] 成功绑定切片0 → 安全域0，触发【路扩展模式】

======================== 切片硬件状态 ========================
切片号 | 所属安全域 | 当前状态    | 路扩展 | LRU touched
------------------------------------------------------------------
  0    |   域0      | 正常运行   |  是   |  302401596
  1    |   域3      | 正常运行   |  否   |  302401582
  2    |   域0      | 正常运行   |  是   |  302401591
  3    |   域2      | 正常运行   |  否   |  302401596
==================================================================


======================== 切片硬件状态 ========================
切片号 | 所属安全域 | 当前状态    | 路扩展 | LRU touched
------------------------------------------------------------------
  0    |   域0      | 正常运行   |  是   |  303499822
  1    |   域3      | 正常运行   |  否   |  303499813
  2    |   域0      | 正常运行   |  是   |  303499793
  3    |   域2      | 正常运行   |  否   |  303499832
==================================================================

[动态重分配] 周期303500000：预约迁移 冗余域0(3%) -> 切片0 -> 饥饿域2(11%)
[切片剥夺] 周期303500000：切片0（所属域0）进入待剥夺状态，禁止新替换
[切片剥夺] 周期303500000：切片0在途请求已清空，开始执行脏行写回
[切片管理] 周期303500387：原域0仅剩1个切片，关闭路扩展模式
[动态重分配] 周期303500387：切片0写回完成，自动绑定到域2
[切片管理] 成功绑定切片0 →  caconv_安全域2，触发【路扩展模式】

======================== 切片硬件状态 ========================
切片号 | 所属安全域 | 当前状态    | 路扩展 | LRU touched
------------------------------------------------------------------
  0    |   域2      | 正常运行   |  是   |  303500387
  1    |   域3      | 正常运行   |  否   |  303500376
  2    |   域0      | 正常运行   |  否   |  303500381
  3    |   域2      | 正常运行   |  是   |  303500387
==================================================================


======================== 切片硬件状态 ========================
切片号 | 所属安全域 | 当前状态    | 路扩展 | LRU touched
------------------------------------------------------------------
  0    |   域2      | 正常运行   |  是   |  312600000
  1    |   域3      | 正常运行   |  否   |  312599997
  2    |   域0      | 正常运行   |  否   |  312600000
  3    |   域2      | 正常运行   |  是   |  312599992
==================================================================

[动态重分配] 周期312600000：预约迁移 冗余域2(0%) -> 切片0 -> 饥饿域3(6%)
[切片剥夺] 周期312600000：切片0（所属域2）进入待剥夺状态，禁止新替换
[切片剥夺] 周期312600000：切片0在途请求已清空，开始执行脏行写回
[切片管理] 周期312600296：原域2仅剩1个切片，关闭路扩展模式
[动态重分配] 周期312600296：切片0写回完成，自动绑定到域3
[切片管理] 成功绑定切片0 → 安全域3，触发【路扩展模式】

======================== 切片硬件状态 ========================
切片号 | 所属安全域 | 当前状态    | 路扩展 | LRU touched
------------------------------------------------------------------
  0    |   域3      | 正常运行   |  是   |  312600296
  1    |   域3      | 正常运行   |  是   |  312600295
  2    |   域0      | 正常运行   |  否   |  312600294
  3    |   域2      | 正常运行   |  否   |  312600194
==================================================================


======================== 切片硬件状态 ========================
切片号 | 所属安全域 | 当前状态    | 路扩展 | LRU touched
------------------------------------------------------------------
  0    |   域3      | 正常运行   |  是   |  323199993
  1    |   域3      | 正常运行   |  是   |  323200000
  2    |   域0      | 正常运行   |  否   |  323199999
  3    |   域2      | 正常运行   |  否   |  323199895
==================================================================

[动态重分配] 周期323200000：预约迁移 冗余域3(0%) -> 切片0 -> 饥饿域2(11%)
[切片剥夺] 周期323200000：切片0（所属域3）进入待剥夺状态，禁止新替换
[切片剥夺] 周期323200000：切片0在途请求已清空，开始执行脏行写回
[切片管理] 周期323200026：原域3仅剩1个切片，关闭路扩展模式
[动态重分配] 周期323200026：切片0写回完成，自动绑定到域2
[切片管理] 成功绑定切片0 → 安全域2，触发【路扩展模式】

======================== 切片硬件状态 ========================
切片号 | 所属安全域 | 当前状态    | 路扩展 | LRU touched
------------------------------------------------------------------
  0    |   域2      | 正常运行   |  是   |  323200026
  1    |   域3      | 正常运行   |  否   |  323200021
  2    |   域0      | 正常运行   |  否   |  323200019
  3    |   域2      | 正常运行   |  是   |  323199895
==================================================================


======================== 切片硬件状态 ========================
切片号 | 所属安全域 | 当前状态    | 路扩展 | LRU touched
------------------------------------------------------------------
  0    |   域2      | 正常运行   |  是   |  325999996
  1    |   域3      | 正常运行   |  否   |  325999996
  2    |   域0      | 正常运行   |  否   |  325999998
  3    |   域2      | 正常运行   |  是   calrms_ chroma_ |  325999997
==================================================================

[动态重分配] 周期326000000：预约迁移 冗余域2(0%) -> 切片0 -> 饥饿域0(7%)
[切片剥夺] 周期326000000：切片0（所属域2）进入待剥夺状态，禁止新替换
[切片剥夺] 周期326000000：切片0在途请求已清空，开始执行脏行写回
[切片管理] 周期326004681：原域2仅剩1个切片，关闭路扩展模式
[动态重分配] 周期326004681：切片0写回完成，自动绑定到域0
[切片管理] 成功绑定切片0 → 安全域0，触发【路扩展模式】

======================== 切片硬件状态 ========================
切片号 | 所属安全域 | 当前状态    | 路扩展 | LRU touched
------------------------------------------------------------------
  0    |   域0      | 正常运行   |  是   |  326004681
  1    |   域3      | 正常运行   |  否   |  326004678
  2    |   域0      | 正常运行   |  是   |  326004681
  3    |   域2      | 正常运行   |  否   |  326004679
==================================================================


======================== 切片硬件状态 ========================
切片号 | 所属安全域 | 当前状态    | 路扩展 | LRU touched
------------------------------------------------------------------
  0    |   域0      | 正常运行   |  是   |  339999967
  1    |   域3      | 正常运行   |  否   |  340000000
  2    |   域0      | 正常运行   |  是   |  339999996
  3    |   域2      | 正常运行   |  否   |  339999996
==================================================================

[动态重分配] 周期340000000：预约迁移 冗余域0(0%) -> 切片0 -> 饥饿域3(6%)
[切片剥夺] 周期340000000：切片0（所属域0）进入待剥夺状态，禁止新替换
[切片剥夺] 周期340000000：切片0在途请求已清空，开始执行脏行写回
[切片管理] 周期340000209：原域0仅剩1个切片，关闭路扩展模式
[动态重分配] 周期340000209：切片0写回完成，自动绑定到域3
[切片管理] 成功绑定切片0 → 安全域3，触发【路扩展模式】

======================== 切片硬件状态 ========================
切片号 | 所属安全域 | 当前状态    | 路扩展 | LRU touched
------------------------------------------------------------------
  0    |   域3      | 正常运行   |  是   |  340000209
  1    |   域3      | 正常运行   |  是   |  340000184
  2    |   域0      | 正常运行   |  否   |  340000133
  3    |   域2      | 正常运行   |  否   |  340000206
==================================================================


======================== 切片硬件状态 ========================
切片号 | 所属安全域 | 当前状态    | 路扩展 | LRU touched
------------------------------------------------------------------
  0    |   域3      | 正常运行   |  是   |  342498037
  1    |   域3      | 正常运行   |  是   |  342499940
  2    |   域0      | 正常运行   |  否   |  342499923
  3    |   域2      | 正常运行   |  否   |  342499819
==================================================================

[动态重分配] 周期342500000：预约迁移 冗余域3(4%) -> 切片1 -> 饥饿域2(20%)
[切片剥夺] 周期342500000：切片1（所属域3）进入待剥夺状态，禁止新替换
[切片剥夺] 周期342500000：切片1在途请求已清空，开始执行脏行写回
[切片管理] 周期342511374：原域3仅剩1个切片，关闭路扩展模式
[动态重分配] 周期342511374：切片1写回完成，自动绑定到域2
[切片管理] 成功绑定切片1 → 安全域2，触发【路扩展模式】

======================== 切片硬件状态 ========================
切片号 | 所属安全域 | 当前状态    | 路扩展 | LRU touched
------------------------------------------------------------------
  0    |   域3      | 正常运行   |  否   |  342511361
  1    |   域2      | 正常运行   |  是   |  342511374
  2    |   域0      | 正常运行   |  否   |  342511359
  3    |   域2      | 正常运行   |  是   |  342511210
==================================================================


======================== 切片硬件状态 ========================
切片号 | 所属安全域 | 当前状态    | 路扩展 | LRU touched
------------------------------------------------------------------
  0    |   域3      | 正常运行   |  否   |  343099994
  1    |   域2      | 正常运行   |  是   |  343100000
  2    |   域0      | 正常运行   |  否   |  343100000
  3    |   域2      | 正常运行   |  是   |  343099982
==================================================================

[动态重分配] 周期343100000：预约迁移 冗余域2(1%) -> 切片1 -> 饥饿域0(7%)
[切片剥夺] 周期343100000：切片1（所属域2）进入待剥夺状态，禁止新替换
[切片剥夺] 周期343100000：切片1在途请求已清空，开始执行脏行写回
[切片管理] 周期343100032：原域2仅剩1个切片，关闭路扩展模式
[动态重分配] 周期343100032：切片1写回完成，自动绑定到域0
[切片管理] 成功绑定切片1 → 安全域0，触发【路扩展模式】

======================== 切片硬件状态 ========================
切片号 | 所属安全域 | 当前状态    | 路扩展 | LRU touched
------------------------------------------------------------------
  0    |   域3      | 正常运行   |  否   |  343100003
  1    |   域0      | 正常运行   |  是   |  343100032
  2    |   域0      | 正常运行   |  是   |  343100010
  3    |   域2      | 正常运行   |  否   |  343100007
==================================================================


======================== 切片硬件状态 ========================
切片号 | 所属安全域 | 当前状态    | 路扩展 | LRU touched
------------------------------------------------------------------
  0    |   域3      | 正常运行   |  否   |  343699920
  1    |   域0      | 正常运行   |  是   |  343699906
  2    |   域0      | 正常运行   |  是   |  343699906
  3    |   域2      | 正常运行   |  否   |  343699642
==================================================================

[动态重分配] 周期343700000：预约迁移 冗余域0(3%) -> 切片2 -> 饥饿域2(9%)
[切片剥夺] 周期343700000：切片2（所属域0）进入待剥夺状态，禁止新替换
[切片剥夺] 周期343700000：切片2在途请求已清空，开始执行脏行写回
[切片管理] 周期343700239：原域0仅剩1个切片，关闭路扩展模式
[动态重分配] 周期343700239：切片2写回完成，自动绑定到域2
[切片管理] 成功绑定切片2 → 安全域2，触发【路扩展模式】

======================== 切片硬件状态 ========================
切片号 | 所属安全域 | 当前状态    | 路扩展 | LRU touched
------------------------------------------------------------------
  0    |   域3      | 正常运行   |  否   |  343699920
  1    |   域0      | 正常运行   |  否   |  343699906
  2    |   域2      | 正常运行   |  是   |  343700239
  3    |   域2      | 正常运行   |  是   |  343699642
==================================================================


======================== 切片硬件状态 ========================
切片号 | 所属安全域 | 当前状态    | 路扩展 | LRU touched
------------------------------------------------------------------
  0    |   域3      | 正常运行   |  否   |  345199983
  1    |   域0      | 正常运行   |  否   |  345200000
  2    |   域2      | 正常运行   |  是   |  345199991
  3    |   域2      | 正常运行   |  是   |  345199993
==================================================================

[动态重分配] 周期345200000：预约迁移 冗余域2(0%) -> 切片3 -> 饥饿域3(7%)
[切片剥夺] 周期345200000：切片3（所属域2）进入待剥夺状态，禁止新替换
[切片剥夺] 周期345200000：切片3在途请求已清空，开始执行脏行写回
[切片管理] 周期345201136：原域2仅剩1个切片，关闭路扩展模式
[动态重分配] 周期345201136：切片3写回完成，自动绑定到域3
[切片管理] 成功绑定切片3 → 安全域3，触发【路扩展模式】

======================== 切片硬件状态 ========================
切片号 | 所属安全域 | 当前状态    | 路扩展 | LRU touched
------------------------------------------------------------------
  0    |   域3      | 正常运行   |  是   |  345201136
  1    |   域0      | 正常运行   |  否   |  345201133
  2    |   域2      | 正常运行   |  否   |  345201135
  3    |   域3      | 正常运行   |  是   |  345201136
==================================================================


======================== 切片硬件状态 ========================
切片号 | 所属安全域 | 当前状态    | 路扩展 | LRU touched
------------------------------------------------------------------
  0    |   域3      | 正常运行   |  是   |  354100000
  1    |   域0      | 正常运行   |  否   |  354099998
  2    |   域2      | 正常运行   |  否   |  354099998
  3    |   域3      | 正常运行   |  是   |  354100000
==================================================================

[动态重分配] 周期354100000：预约迁移 冗余域3(0%) -> 切片0 -> 饥饿域2(7%)
[切片剥夺] 周期354100000：切片0（所属域3）进入待剥夺状态，禁止新替换
[切片剥夺] 周期354100000：切片0在途请求已清空，开始执行脏行写回
[切片管理] 周期354100316：原域3仅剩1个切片，关闭路扩展模式
[动态重分配] 周期354100316：切片0写回完成，自动绑定到域2
[切片管理] 成功绑定切片0 → 安全域2，触发【路扩展模式】

======================== 切片硬件状态 ========================
切片号 | 所属安全域 | 当前状态    | 路扩展 | LRU touched
------------------------------------------------------------------
  0    |   域2      | 正常运行   |  是   |  354100316
  1    |   域0      | 正常运行   |  否   |  354100316
  2    |   域2      | 正常运行   |  是   |  354100316
  3    |   域3      | 正常运行   |  否   |  354100307
==================================================================


======================== 切片硬件状态 ========================
切片号 | 所属安全域 | 当前状态    | 路扩展 | LRU touched
------------------------------------------------------------------
  0    |   域2      | 正常运行   |  是   |  357099999
  1    |   域0      | 正常运行   |  否   |  357100000
  2    |   域2      | 正常运行   |  是   |  357099988
  3    |   域3      | 正常运行   |  否   |  357099997
==================================================================

[动态重分配] 周期357100000：预约迁移 冗余域2(0%) -> 切片0 -> 饥饿域0(6%)
[切片剥夺] 周期357100000：切片0（所属域2）进入待剥夺状态，禁止新替换
[切片剥夺] 周期357100000：切片0在途请求已清空，开始执行脏行写回
[切片管理] 周期357101908：原域2仅剩1个切片，关闭路扩展模式
[动态重分配] 周期357101908：切片0写回完成，自动绑定到域0
[切片管理] 成功绑定切片0 → 安全域0，触发【路扩展模式】

======================== 切片硬件状态 ========================
切片号 | 所属安全域 | 当前状态    | 路扩展 | LRU touched
------------------------------------------------------------------
  0    |   域0      | 正常运行   |  是   |  357101908
  1    |   域0      | 正常运行   |  是   |  357101899
  2    |   域2      | 正常运行   |  否   |  357101894
  3    |   域3      | 正常运行   |  否   |  357101903
==================================================================


======================== 切片硬件状态 ========================
切片号 | 所属安全域 | 当前状态    | 路扩展 | LRU touched
------------------------------------------------------------------
  0    |   域0      | 正常运行   |  是   |  361599993
  1    |   域0      | 正常运行   |  是   |  361600000
  2    |   域2      | 正常运行   |  否   |  361600000
  3    |   域3      | 正常运行   |  否   |  361599995
==================================================================

[动态重分配] 周期361600000：预约迁移 冗余域0(0%) -> 切片0 -> 饥饿域2(6%)
[切片剥夺] 周期361600000：切片0（所属域0）进入待剥夺状态，禁止新替换
[切片剥夺] 周期361600000：切片0在途请求已清空，开始执行脏行写回
[切片管理] 周期361600890：原域0仅剩1个切片，关闭路扩展模式
[动态重分配] 周期361600890：切片0写回完成，自动绑定到域2
[切片管理] 成功绑定切片0 → 安全域2，触发【路扩展模式】

======================== 切片硬件状态 ========================
切片号 | 所属安全域 | 当前状态    | 路扩展 | LRU touched
------------------------------------------------------------------
  0    |   域2      | 正常运行   |  是   |  361600890
  1    |   域0      | 正常运行   |  否   |  361600876
  2    |   域2      | 正常运行   |  是   |  361600876
  3    |   域3      | 正常运行   |  否   |  361600863
==================================================================


======================== 切片硬件状态 ========================
切片号 | 所属安全域 | 当前状态    | 路扩展 | LRU touched
------------------------------------------------------------------
  0    |   域2      | 正常运行   |  是   |  363099994
  1    |   域0      | 正常运行   |  否   |  363099998
  2    |   域2      | 正常运行   |  是   |  363099995
  3    |   域3      | 正常运行   |  否   |  363099987
==================================================================

[动态重分配] 周期363100000：预约迁移 冗余域2(0%) -> 切片0 -> 饥饿域3(6%)
[切片剥夺] 周期363100000：切片0（所属域2）进入待剥夺状态，禁止新替换
[切片剥夺] 周期363100000：切片0在途请求已清空，开始执行脏行写回
[切片管理] 周期363101182：原域2仅剩1个切片，关闭路扩展模式
[动态重分配] 周期363101182：切片0写回完成，自动绑定到域3
[切片管理] 成功绑定切片0 → 安全域3，触发【路扩展模式】

======================== 切片硬件状态 ========================
切片号 | 所属安全域 | 当前状态    | 路扩展 | LRU touched
------------------------------------------------------------------
  0    |   域3      | 正常运行   |  是   |  363101182
  1    |   域0      | 正常运行   |  否   |  363101181
  2    |   域2      | 正常运行   |  否   |  363101180
  3    |   域3      | 正常运行   |  是   |  363101181
==================================================================


======================== 切片硬件状态 ========================
切片号 | 所属安全域 | 当前状态    | 路扩展 | LRU touched
------------------------------------------------------------------
  0    |   域3      | 正常运行   |  是   |  367299997
  1    |   域0      | 正常运行   |  否   |  367300000
  2    |   域2      | 正常运行   |  否   |  367299910
  3    |   域3      | 正常运行   |  是   |  367299991
==================================================================

[动态重分配] 周期367300000：预约迁移 冗余域3(0%) -> 切片0 -> 饥饿域2(6%)
[切片剥夺] 周期367300000：切片0（所属域3）进入待剥夺状态，禁止新替换
[切片剥夺] 周期367300000：切片0在途请求已清空，开始执行脏行写回
[切片管理] 周期367300116：原域3仅剩1个切片，关闭路扩展模式
[动态重分配] 周期367300116：切片0写回完成，自动绑定到域2
[切片管理] 成功绑定切片0 → 安全域2，触发【路扩展模式】

======================== 切片硬件状态 ========================
切片号 | 所属安全域 | 当前状态    | 路扩展 | LRU touched
------------------------------------------------------------------
  0    |   域2      | 正常运行   |  是   |  367300116
  1   cinvar_  |   域0      | 正常运行   |  否   |  367300090
  2    |   域2      | 正常运行   |  是   |  367300102
  3    |   域3      | 正常运行   |  否   |  367300091
==================================================================


======================== 切片硬件状态 ========================
切片号 | 所属安全域 | 当前状态    | 路扩展 | LRU touched
------------------------------------------------------------------
  0    |   域2      | 正常运行   |  是   |  367800000
  1    |   域0      | 正常运行   |  否   |  367799997
  2    |   域2      | 正常运行   |  是   |  367800000
  3    |   域3      | 正常运行   |  否   |  367799995
==================================================================

[动态重分配] 周期367800000：预约迁移 冗余域2(0%) -> 切片2 -> 饥饿域0(6%)
[切片剥夺] 周期367800000：切片2（所属域2）进入待剥夺状态，禁止新替换
[切片剥夺] 周期367800000：切片2在途请求已清空，开始执行脏行写回
[切片管理] 周期367800107：原域2仅剩1个切片，关闭路扩展模式
[动态重分配] 周期367800107：切片2写回完成，自动绑定到域0
[切片管理] 成功绑定切片2 → 安全域0，触发【路扩展模式】

======================== 切片硬件状态 ========================
切片号 | 所属安全域 | 当前状态    | 路扩展 | LRU touched
------------------------------------------------------------------
  0    |   域2      | 正常运行   |  否   |  367800046
  1    |   域0      | 正常运行   |  是   |  367800104
  2    |   域0      | 正常运行   |  是   |  367800107
  3    |   域3      | 正常运行   |  否   |  367800056
==================================================================


======================== 切片硬件状态 ========================
切片号 | 所属安全域 | 当前状态    | 路扩展 | LRU touched
------------------------------------------------------------------
  0    |   域2      | 正常运行   |  否   |  391200000
  1    |   域0      | 正常运行   |  是   |  391199993
  2    |   域0      | 正常运行   |  是   |  391199998
  3    |   域3      | 正常运行   |  否   |  391200000
==================================================================

[动态重分配] 周期391200000：预约迁移 冗余域0(2%) -> 切片2 -> 饥饿域2(13%)
[切片剥夺] 周期391200000：切片2（所属域0）进入待剥夺状态，禁止新替换
[切片剥夺] 周期391200000：切片2在途请求已清空，开始执行脏行写回
[切片管理] 周期391200281：原域0仅剩1个切片，关闭路扩展模式
[动态重分配] 周期391200281：切片2写回完成，自动绑定到域2
[切片管理] 成功绑定切片2 → 安全域2，触发【路扩展模式】

======================== 切片硬件状态 ========================
切片号 | 所属安全域 | 当前状态    | 路扩展 | LRU touched
------------------------------------------------------------------
  0    |   域2      | 正常运行   |  是   |  391200154
  1    |   域0      | 正常运行   |  否   |  391200056
  2    |   域2      | 正常运行   |  是   |  391200281
  3    |   域3      | 正常运行   |  否   |  391200281
==================================================================


======================== 切片硬件状态 ========================
切片号 | 所属安全域 | 当前状态    | 路扩展 | LRU touched
------------------------------------------------------------------
  0    |   域2      | 正常运行   |  是   |  399900000
  1    |   域0      | 正常运行   |  否   |  399900000
  2    |   域2      | 正常运行   |  是   |  399899999
  3    |   域3      | 正常运行   |  否   |  399900000
==================================================================

[动态重分配] 周期399900000：预约迁移 冗余域2(0%) -> 切片0 -> 饥饿域0(6%)
[切片剥夺] 周期399900000：切片0（所属域2）进入待剥夺状态，禁止新替换
[切片剥夺] 周期399900000：切片0在途请求已清空，开始执行脏行写回
[切片管理] 周期399902478：原域2仅剩1个切片，关闭路扩展模式
[动态重分配] 周期399902478：切片0写回完成，自动绑定到域0
[切片管理] 成功绑定切片0 → 安全域0，触发【路扩展模式】

======================== 切片硬件状态 ========================
切片号 | 所属安全域 | 当前状态    | 路扩展 | LRU touched
------------------------------------------------------------------
  0    |   域0      | 正常运行   |  是   |  399902478
  1    |   域0      | 正常运行   |  是   |  399902475
  2    |   域2      | 正常运行   |  否   |  399902477
  3    |   域3      | 正常运行   |  否   |  399902472
==================================================================


**** Debug Statistics at 401000000 Cycles *****
Threads: 4		Fetch Width: 8
No of useful instructions fetched:	1325121753 (41.31% proc util.)
No of total instructions fetched:	1694175641 (52.81% proc util.)
 includes 35693672 misfetch (2.1%), 333360216 (19.7%) wrong-path fetches
 and 0 flushed after failed lock(0.0%)
No of useful instructions issued/executed:	1325121703 (41.31% proc util.)
No of total instructions issued/executed:	1469769546 (45.82% proc util.)
 includes 144647843 wrong-path (9.8%) insts and 0 flushed (0.0%)
	fp 70666, 0.00%
	synch 0, 0.00%
	integer 1041521938, 70.86%
	load/store 428176942, 29.13%
Avg size of int IQ (before scheduling): 30.52
Avg size of fp IQ (before scheduling): 0.01
No of cycles taken:		401000000
Parallelism [ 1.257, 0.000, 0.920, 1.127,] = 3.305
 IQ conflicts: 7628056 (1.90%), FQ conflicts: 0 (0.00%) 
 I reg conflicts: 139799725 (34.86%), FP reg conflicts: 0 (0.00%)
  Activelist confs: 895 (0.00%), ROB confs: 219217 (0.05%)
  Int unit conflicts: 765049269 (190.79%), FP unit conflicts: 27 (0.00%)
  Load/store unit conflicts: 66474424 (16.58%)
  MSHR conflicts: 188749220 (47.07%)
----------------------------------------
==== System-wide Cache Statistics ====
Stall for miss queue full 4627 cycles (0.00%)
----------------------------------------
==== Statistics for Master ID: 0 ====
Reads: 281984303   Writes: 38246674
ICACHE: size: 64 KB assoc: 2
ICACHE: hits:175124842 misses:302173  Hit Ratio: 99.83%
DCACHE: size: 2*16 KB assoc: 2*4
DCACHE: hits:141283411 misses:3521758 writebacks:1472320  Hit Ratio: 97.57%
SCACHE: size: 512 KB assoc: 2
SCACHE: hits:2981905 misses:840819  Hit Ratio: 78.00%
3CACHE: size: 4096 KB assoc: 2
3CACHE: hits:582644 misses:258175  Hit Ratio: 69.29%
3CACHE: dirty items replaced:72391
ITLB: size: 48, misses 1121, miss rate 0.00%
DTLB: size: 128, misses 96328, miss rate 0.07%
Avg mem delay: 2.220 cycles
----------------------------------------
==== Statistics for Master ID: 2 ====
Reads: 286807711   Writes: 49119828
ICACHE: size: 64 KB assoc: 2
ICACHE: hits:165715384 misses:2188826  Hit Ratio: 98.70%
DCACHE: size: 1*16 KB assoc: 1*4
DCACHE: hits:164281818 misses:3743665 writebacks:956085  Hit Ratio: 97.77%
SCACHE: size: 512 KB assoc: 2
SCACHE: hits:4515183 misses:1415154  Hit Ratio: 76.14%
3CACHE: size: 4096 KB assoc: 2
3CACHE: hits:1058087 misses:357067  Hit Ratio: 74.77%
3CACHE: dirty items replaced:81083
ITLB: size: 48, misses 118472, miss rate 0.07%
DTLB: size: 128, misses 303829, miss rate 0.18%
Avg mem delay: 2.220 cycles
----------------------------------------
==== Statistics for Master ID: 3 ====
Reads: 229314462   Writes: 34320443
ICACHE: size: 64 KB assoc: 2
ICACHE: hits:148376557 misses:276896  Hit Ratio: 99.81%
DCACHE: size: 1*16 KB assoc: 1*4
DCACHE: hits:111152622 misses:3830571 writebacks:2056184  Hit Ratio: 96.67%
SCACHE: size: 512 KB assoc: 2
SCACHE: hits:1420039 misses:2685686  Hit Ratio: 34.59%
3CACHE: size: 4096 KB assoc: 2
3CACHE: hits:392668 misses:2293018  Hit Ratio: 14.62%
3CACHE: dirty items replaced:192614
ITLB: size: 48, misses 1272, miss rate 0.00%
DTLB: size: 128, misses 176404, miss rate 0.15%
Avg mem delay: 2.220 cycles
----------------------------------------
==== Global Resource Utilization ====
STASH: size: 65536 entries, full 1940196165, empty 36497572, misses 3236882, full rate 97.99
icache bank util. 0.158 0.117 0.106 0.133 0.166 0.224 0.157 0.186 
dcache bank util. 0.122 0.140 0.161 0.135 0.187 0.124 0.185 0.129 
L2 bank util. 0.032 0.031 0.030 0.032 0.031 0.029 0.032 0.038 
L1-L2 bus util. = 0.137, L3 util. = 0.073
----------------------------------------

======================== 切片硬件状态 ========================
切片号 | 所属安全域 | 当前状态    | 路扩展 | LRU touched
------------------------------------------------------------------
  0    |   域0      | 正常运行   |  是   |  400999999
  1    |   域0      | 正常运行   |  是   |  400999996
  2    |   域2      | 正常运行   |  否   |  400999998
  3    |   域3      | 正常运行   |  否   |  400999998
==================================================================

branch prediction, hits = 100077769, misses = 14100410, hit rate = 87.65%
return_stack prediction, hits = 9868008, misses = 8488, hit rate = 99.91%
jump prediction, hits = 110826601, misses = 9560548, hit rate = 92.06%
 clor6_
======================== 切片硬件状态 ========================
切片号 | 所属安全域 | 当前状态    | 路扩展 | LRU touched
------------------------------------------------------------------
  0    |   域0      | 正常运行   |  是   |  421899998
  1    |   域0      | 正常运行   |  是   |  421899999
  2    |   域2      | 正常运行   |  否   |  421899997
  3    |   域3      | 正常运行   |  否   |  421900000
==================================================================

[动态重分配] 周期421900000：预约迁移 冗余域0(0%) -> 切片0 -> 饥饿域2(35%)
[切片剥夺] 周期421900000：切片0（所属域0）进入待剥夺状态，禁止新替换
[切片剥夺] 周期421900000：切片0在途请求已清空，开始执行脏行写回
[切片管理] 周期421900260：原域0仅剩1个切片，关闭路扩展模式
[动态重分配] 周期421900260：切片0写回完成，自动绑定到域2
[切片管理] 成功绑定切片0 → 安全域2，触发【路扩展模式】

======================== 切片硬件状态 ========================
切片号 | 所属安全域 | 当前状态    | 路扩展 | LRU touched
------------------------------------------------------------------
  0    |   域2      | 正常运行   |  是   |  421900260
  1    |   域0      | 正常运行   |  否   |  421900007
  2    |   域2      | 正常运行   |  是   |  421900259
  3    |   域3      | 正常运行   |  否   |  421900005
==================================================================


======================== 切片硬件状态 ========================
切片号 | 所属安全域 | 当前状态    | 路扩展 | LRU touched
------------------------------------------------------------------
  0    |   域2      | 正常运行   |  是   |  426899999
  1    |   域0      | 正常运行   |  否   |  426900000
  2    |   域2      | 正常运行   |  是   |  426899999
  3    |   域3      | 正常运行   |  否   |  426899994
==================================================================

[动态重分配] 周期426900000：预约迁移 冗余域2(0%) -> 切片0 -> 饥饿域0(6%)
[切片剥夺] 周期426900000：切片0（所属域2）进入待剥夺状态，禁止新替换
[切片剥夺] 周期426900000：切片0在途请求已清空，开始执行脏行写回
[切片管理] 周期426903482：原域2仅剩1个切片，关闭路扩展模式
[动态重分配] 周期426903482：切片0写回完成，自动绑定到域0
[切片管理] 成功绑定切片0 → 安全域0，触发【路扩展模式】

======================== 切片硬件状态 ========================
切片号 | 所属安全域 | 当前状态    | 路扩展 | LRU touched
------------------------------------------------------------------
  0    |   域0      | 正常运行   |  是   |  426903482
  1    |   域0      | 正常运行   |  是   |  426903479
  2    |   域2      | 正常运行   |  否   |  426903481
  3    |   域3      | 正常运行   |  否   |  426903481
==================================================================


======================== 切片硬件状态 ========================
切片号 | 所属安全域 | 当前状态    | 路扩展 | LRU touched
------------------------------------------------------------------
  0    |   域0      | 正常运行   |  是   |  445699945
  1    |   域0      | 正常运行   |  是   |  445699945
  2    |   域2      | 正常运行   |  否   |  445699998
  3    |   域3      | 正常运行   |  否   |  445699997
==================================================================

[动态重分配] 周期445700000：预约迁移 冗余域0(0%) -> 切片0 -> 饥饿域2(27%)
[切片剥夺] 周期445700000：切片0（所属域0）进入待剥夺状态，禁止新替换
[切片剥夺] 周期445700000：切片0在途请求已清空，开始执行脏行写回
[切片管理] 周期445701010：原域0仅剩1个切片，关闭路扩展模式
[动态重分配] 周期445701010：切片0写回完成，自动绑定到域2
[切片管理] 成功绑定切片0 → 安全域2，触发【路扩展模式】

======================== 切片硬件状态 ========================
切片号 | 所属安全域 | 当前状态    | 路扩展 | LRU touched
------------------------------------------------------------------
  0    |   域2      | 正常运行   |  是   |  445701010
  1    |   域0      | 正常运行   |  否   |  445701000
  2    |   域2      | 正常运行   |  是   |  445701010
  3    |   域3      | 正常运行   |  否   |  445701008
==================================================================


======================== 切片硬件状态 ========================
切片号 | 所属安全域 | 当前状态    | 路扩展 | LRU touched
------------------------------------------------------------------
  0    |   域2      | 正常运行   |  是   |  454899998
  1    |   域0      | 正常运行   |  否   |  454900000
  2    |   域2      | 正常运行   |  是   |  454899998
  3    |   域3      | 正常运行   |  否   |  454899995
==================================================================

[动态重分配] 周期454900000：预约迁移 冗余域2(0%) -> 切片0 -> 饥饿域0(6%)
[切片剥夺] 周期454900000：切片0（所属域2）进入待剥夺状态，禁止新替换
[切片剥夺] 周期454900000：切片0在途请求已清空，开始执行脏行写回
[切片管理] 周期454903238：原域2仅剩1个切片，关闭路扩展模式
[动态重分配] 周期454903238：切片0写回完成，自动绑定到域0
[切片管理] 成功绑定切片0 → 安全域0，触发【路扩展模式】

======================== 切片硬件状态 ========================
切片号 | 所属安全域 | 当前状态    | 路扩展 | LRU touched
------------------------------------------------------------------
  0    |   域0      | 正常运行   |  是   |  454903238
  1    |   域0      | 正常运行   |  是   |  454903238
  2    |   域2      | 正常运行   |  否   |  454903236
  3    |   域3      | 正常运行   |  否   |  454903123
==================================================================


======================== 切片硬件状态 ========================
切片号 | 所属安全域 | 当前状态    | 路扩展 | LRU touched
------------------------------------------------------------------
  0    |   域0      | 正常运行   |  是   |  465299932
  1    |   域0      | 正常运行   |  是   |  465299996
  2    |   域2      | 正常运行   |  否   |  465299876
  3    |   域3      | 正常运行   |  否   |  465299991
==================================================================

[动态重分配] 周期465300000：预约迁移 冗余域0(0%) -> 切片0 -> 饥饿域2(7%)
[切片剥夺] 周期465300000：切片0（所属域0）进入待剥夺状态，禁止新替换
[切片剥夺] 周期465300000：切片0在途请求已清空，开始执行脏行写回
[切片管理] 周期465300135：原域0仅剩1个切片，关闭路扩展模式
[动态重分配] 周期465300135：切片0写回完成，自动绑定到域2
[切片管理] 成功绑定切片0 → 安全域2，触发【路扩展模式】

======================== 切片硬件状态 ========================
切片号 | 所属安全域 | 当前状态    | 路扩展 | LRU touched
------------------------------------------------------------------
  0    |   域2      | 正常运行   |  是   |  465300135
  1    |   域0      | 正常运行   |  否   |  465300034
  2    |   域2      | 正常运行   |  是   |  465300026
  3    |   域3      | 正常运行   |  否   |  465300037
==================================================================


======================== 切片硬件状态 ========================
切片号 | 所属安全域 | 当前状态    | 路扩展 | LRU touched
------------------------------------------------------------------
  0    |   域2      | 正常运行   |  是   |  475199991
  1    |   域0      | 正常运行   |  否   |  475199997
  2    |   域2      | 正常运行   |  是   |  475200000
  3    |   域3      | 正常运行   |  否   |  475199966
==================================================================

[动态重分配] 周期475200000：预约迁移 冗余域2(0%) -> 切片0 -> 饥饿域0(6%)
[切片剥夺] 周期475200000：切片0（所属域2）进入待剥夺状态，禁止新替换
[切片剥夺] 周期475200000：切片0在途请求已清空，开始执行脏行写回
[切片管理] 周期475200266：原域2仅剩1个切片，关闭路扩展模式
[动态重分配] 周期475200266：切片0写回完成，自动绑定到域0
[切片管理] 成功绑定切片0 → 安全域0，触发【路扩展模式】

======================== 切片硬件状态 ========================
切片号 | 所属安全域 | 当前状态    | 路扩展 | LRU touched
------------------------------------------------------------------
  0    |   域0      | 正常运行   |  是   |  475200266
  1    |   域0      | 正常运行   |  是   |  475200266
  2    |   域2      | 正常运行   |  否   |  475200266
  3    |   域3      | 正常运行   |  否   |  475199966
==================================================================


======================== 切片硬件状态 ========================
切片号 | 所属安全域 | 当前状态    | 路扩展 | LRU touched
------------------------------------------------------------------
  0    |   域0      | 正常运行   |  是   |  480299432
  1    |   域0      | 正常运行   |  是   |  480300000
  2    |   域2      | 正常运行   |  否   |  480299999
  3    |   域3      | 正常运行   |  否   |  480300000
==================================================================

[动态重分配] 周期480300000：预约迁移 冗余域0(1%) -> 切片0 -> 饥饿域2(8%)
[切片剥夺] 周期480300000：切片0（所属域0）进入待剥夺状态，禁止新替换
[切片剥夺] 周期480300000：切片0在途请求已清空，开始执行脏行写回
[切片管理] 周期480311087：原域0仅剩1个切片，关闭路扩展模式
[动态重分配] 周期480311087：切片0写回完成，自动绑定到域2
[切片管理] 成功绑定切片0 → 安全域2，触发【路扩展模式】

======================== 切片硬件状态 ========================
切片号 | 所属安全域 | 当前状态    | 路扩展 | LRU touched
------------------------------------------------------------------
  0    |   域2      | 正常运行   |  是   |  480311087
  1    |   域0      | 正常运行   |  否   |  480311087
  2    |   域2      | 正常运行   |  是   |  480311087
  3    |   域3      | 正常运行   |  否   |  480311072
==================================================================


======================== 切片硬件状态 ========================
切片号 | 所属安全域 | 当前状态    | 路扩展 | LRU touched
------------------------------------------------------------------
  0    |   域2      | 正常运行   |  是   |  487399997
  1    |   域0      | 正常运行   |  否   |  487399999
  2    |   域2      | 正常运行   |  是   |  487399997
  3    |   域3      | 正常运行   |  否   |  487399995
==================================================================

[动态重分配] 周期487400000：预约迁移 冗余域2(0%) -> 切片0 -> 饥饿域0(6%)
[切片剥夺] 周期487400000：切片0（所属域2）进入待剥夺状态，禁止新替换
[切片剥夺] 周期487400000：切片0在途请求已清空，开始执行脏行写回
[切片管理] 周期487400098：原域2仅剩1个切片，关闭路扩展模式
[动态重分配] 周期487400098：切片0写回完成，自动绑定到域0
[切片管理] 成功绑定切片0 → 安全域0，触发【路扩展模式】

======================== 切片硬件状态 ========================
切片号 | 所属安全域 | 当前状态    | 路扩展 | LRU touched
------------------------------------------------------------------
  0    |   域0      | 正常运行   |  是   |  487400098
  1    |   域0      | 正常运行   |  是   |  487400054
  2    |   域2      | 正常运行   |  否   |  487400071
  3    |   域3      | 正常运行   |  否   |  487400098
==================================================================


======================== 切片硬件状态 ========================
切片号 | 所属安全域 | 当前状态    | 路扩展 | LRU touched
------------------------------------------------------------------
  0    |   域0      | 正常运行   |  是   |  490299993
  1    |   域0      | 正常运行   |  是   |  490299972
  2    |   域2      | 正常运行   |  否   |  490299992
  3    |   域3      | 正常运行   |  否   |  490300000
==================================================================

[动态重分配] 周期490300000：预约迁移 冗余域0(1%) -> 切片0 -> 饥饿域2(8%)
[切片剥夺] 周期490300000：切片0（所属域0）进入待剥夺状态，禁止新替换
[切片剥夺] 周期490300000：切片0在途请求已清空，开始执行脏行写回
[切片管理] 周期490331110：原域0仅剩1个切片，关闭路扩展模式
[动态重分配] 周期490331110：切片0写回完成，自动绑定到域2
[切片管理] 成功绑定切片0 → 安全域2，触发【路扩展模式】

======================== 切片硬件状态 ========================
切片号 | 所属安全域 | 当前状态    | 路扩展 | LRU touched
------------------------------------------------------------------
  0    |   域2      | 正常运行   |  是   |  490331110
  1    |   域0      | 正常运行   |  否   |  490331096
  2    |   域2      | 正常运行   |  是   |  490331109
  3    |   域3      | 正常运行   |  否   |  490331109
==================================================================


======================== 切片硬件状态 ========================
切片号 | 所属安全域 | 当前状态    | 路扩展 | LRU touched
------------------------------------------------------------------
  0    |   域2      | 正常运行   |  是   |  493900000
  1    |   域0      | 正常运行   |  否   |  493899995
  2    |   域2      | 正常运行   |  是   |  493899995
  3    |   域3      | 正常运行   |  否   |  493900000
==================================================================

[动态重分配] 周期493900000：预约迁移 冗余域2(0%) -> 切片0 -> 饥饿域0(6%)
[切片剥夺] 周期493900000：切片0（所属域2）进入待剥夺状态，禁止新替换
[切片剥夺] 周期493900000：切片0在途请求已清空，开始执行脏行写回
[切片管理] 周期493900065：原域2仅剩1个切片，关闭路扩展模式
[动态重分配] 周期493900065：切片0写回完成，自动绑定到域0
[切片管理] 成功绑定切片0 → 安全域0，触发【路扩展模式】

======================== 切片硬件状态 ========================
切片号 | 所属安全域 | 当前状态    | 路扩展 | LRU touched
------------------------------------------------------------------
  0    |   域0      | 正常运行   |  是   |  493900065
  1    |   域0      | 正常运行   |  是   |  493900061
  2    |   域2      | 正常运行   |  否   |  493900055
  3    |   域3      | 正常运行   |  否   |  493900059
==================================================================


======================== 切片硬件状态 ========================
切片号 | 所属安全域 | 当前状态    | 路扩展 | LRU touched
------------------------------------------------------------------
  0    |   域0      | 正常运行   |  是   |  495099973
  1    |   域0      | 正常运行   |  是   |  495099974
  2    |   域2      | 正常运行   |  否   |  495099995
  3    |   域3      | 正常运行   |  否   |  495099977
==================================================================

[动态重分配] 周期495100000：预约迁移 冗余域0(3%) -> 切片0 -> 饥饿域2(9%)
[切片剥夺] 周期495100000：切片0（所属域0）进入待剥夺状态，禁止新替换
[切片剥夺] 周期495100000：切片0在途请求已清空，开始执行脏行写回
[切片管理] 周期495100339：原域0仅剩1个切片，关闭路扩展模式
[动态重分配] 周期495100339：切片0写回完成，自动绑定到域2
[切片管理] 成功绑定切片0 → 安全域2，触发【路扩展模式】

======================== 切片硬件状态 ========================
切片号 | 所属安全域 | 当前状态    | 路扩展 | LRU touched
------------------------------------------------------------------
  0    |   域2      | 正常运行   |  是   |  495100339
  1    |   域0      | 正常运行   |  否   |  495100338
  2    |   域2      | 正常运行   |  是   |  495100326
  3    |   域3      | 正常运行   |  否   |  495100339
==================================================================


**** Debug Statistics at 501000000 Cycles *****
Threads: 4		Fetch Width: 8
No of useful instructions fetched:	1713152068 (42.74% proc util.)
No of total instructions fetched:	2208205576 (55.09% proc util.)
 includes 47085203 misfetch (2.1%), 447968305 (20.3%) wrong-path fetches
 and 0 flushed after failed lock(0.0%)
No of useful instructions issued/executed:	1713152023 (42.74% proc util.)
No of total instructions issued/executed:	1908093804 (47.61% proc util.)
 includes 194941781 wrong-path (10.2%) insts and 0 flushed (0.0%)
	fp 83935, 0.00%
	synch 0, 0.00%
	integer 1353472147, 70.93%
	load/store 554537722, 29.06%
Avg size of int IQ (before scheduling): 31.11
Avg size of fp IQ (before scheduling): 0.01
No of cycles taken:		501000000
Parallelism [ 1.288, 0.000, 0.937, 1.194,] = 3.419
 IQ conflicts: 10267493 (2.05%), FQ conflicts: 0 (0.00%) 
 I reg conflicts: 159902111 (31.92%), FP reg conflicts: 0 (0.00%)
  Activelist confs: 1335 (0.00%), ROB confs: 327275 (0.07%)
  Int unit conflicts: 1010008529 (201.60%), FP unit conflicts: 28 (0.00%)
  Load/store unit conflicts: 86427002 (17.25%)
  MSHR conflicts: 218444366 (43.60%)
----------------------------------------
==== System-wide Cache Statistics ====
Stall for miss queue full 5971 cycles (0.00%)
----------------------------------------
==== Statistics for Master ID: 0 ====
Reads: 364641415   Writes: 49030841
ICACHE: size: 64 KB assoc: 2
ICACHE: hits:227055300 misses:428249  Hit Ratio: 99.81%
DCACHE: size: 1*16 KB assoc: 1*4
DCACHE: hits:181712113 misses:4478653 writebacks:1862490  Hit Ratio: 97.59%
SCACHE: size: 512 KB assoc: 2
SCACHE: hits:3861887 misses:1042956  Hit Ratio: 78.74%
3CACHE: size: 4096 KB assoc: 2
3CACHE: hits:708788 misses:334168  Hit Ratio: 67.96%
3CACHE: dirty items replaced:107075
ITLB: size: 48, misses 1380, miss rate 0.00%
DTLB: size: 128, misses 131094, miss rate 0.07%
Avg mem delay: 2.041 cycles
----------------------------------------
==== Statistics for Master ID: 2 ====
Reads: 369990147   Writes: 62885262
ICACHE: size: 64 KB assoc: 2
ICACHE: hits:214106858 misses:2887942  Hit Ratio: 98.67%
DCACHE: size: 2*16 KB assoc: 2*4
DCACHE: hits:211147301 misses:4735863 writebacks:1268871  Hit Ratio: 97.81%
SCACHE: size: 512 KB assoc: 2
SCACHE: hits:5770158 misses:1851091  Hit Ratio: 75.71%
3CACHE: size: 4096 KB assoc: 2
3CACHE: hits:1403710 misses:447380  Hit Ratio: 75.83%
3CACHE: dirty items replaced:118307
ITLB: size: 48, misses 151485, miss rate 0.07%
DTLB: size: 128, misses 400955, miss rate 0.19%
Avg mem delay: 2.041 cycles
----------------------------------------
==== Statistics for Master ID: 3 ====
Reads: 304388305   Writes: 44341651
ICACHE: size: 64 KB assoc: 2
ICACHE: hits:196375575 misses:396557  Hit Ratio: 99.80%
DCACHE: size: 1*16 KB assoc: 1*4
DCACHE: hits:147418813 misses:4540752 writebacks:2425897  Hit Ratio: 97.01%
SCACHE: size: 512 KB assoc: 2
SCACHE: hits:2029370 misses:2906197  Hit Ratio: 41.12%
3CACHE: size: 4096 KB assoc: 2
3CACHE: hits:521813 misses:2384384  Hit Ratio: 17.96%
3CACHE: dirty items replaced:230522
ITLB: size: 48, misses 1692, miss rate 0.00%
DTLB: size: 128, misses 214588, miss rate 0.14%
Avg mem delay: 2.041 cycles
----------------------------------------
==== Global Resource Utilization ====
STASH: size: 65536 entries, full 2500678034, empty 47408685, misses 4194731, full rate 97.98
icache bank util. 0.165 0.123 0.112 0.139 0.175 0.228 0.165 0.195 
dcache bank util. 0.127 0.145 0.165 0.140 0.194 0.127 0.191 0.133 
L2 bank util. 0.032 0.031 0.030 0.032 0.031 0.029 0.032 0.037 
L1-L2 bus util. = 0.138, L3 util. = 0.063
----------------------------------------

======================== 切片硬件状态 ========================
切片号 | 所属安全域 | 当前状态    | 路扩展 | LRU touched
------------------------------------------------------------------
  0    |   域2      | 正常运行   |  是   |  500999997
  1    |   域0      | 正常运行   |  否   |  500999998
  2    |   域2      | 正常运行   |  是   |  500999992
  3    |   域3      | 正常运行   |  否   |  500999988
==================================================================

branch prediction, hits = 126975061, misses = 18656588, hit rate = 87.19%
return_stack prediction, hits = 12655518, misses = 10595, hit rate = 99.92%
jump prediction, hits = 141055812, misses = 12587095, hit rate = 91.81%
 clorb_
======================== 切片硬件状态 ========================
切片号 | 所属安全域 | 当前状态    | 路扩展 | LRU touched
------------------------------------------------------------------
  0    |   域2      | 正常运行   |  是   |  526899998
  1    |   域0      | 正常运行   |  否   |  526899996
  2    |   域2      | 正常运行   |  是   |  526899999
  3    |   域3      | 正常运行   |  否   |  526899998
==================================================================

[动态重分配] 周期526900000：预约迁移 冗余域2(0%) -> 切片0 -> 饥饿域3(6%)
[切片剥夺] 周期526900000：切片0（所属域2）进入待剥夺状态，禁止新替换
[切片剥夺] 周期526900000：切片0在途请求已清空，开始执行脏行写回
[切片管理] 周期526901344：原域2仅剩1个切片，关闭路扩展模式
[动态重分配] 周期526901344：切片0写回完成，自动绑定到域3
[切片管理] 成功绑定切片0 → 安全域3，触发【路扩展模式】

======================== 切片硬件状态 ========================
切片号 | 所属安全域 | 当前状态    | 路扩展 | LRU touched
------------------------------------------------------------------
  0    |   域3      | 正常运行   |  是   |  526901344
  1    |   域0      | 正常运行   |  否   |  526901344
  2    |   域2      | 正常运行   |  否   |  526901344
  3    |   域3      | 正常运行   |  是   |  526901343
==================================================================


======================== 切片硬件状态 ========================
切片号 | 所属安全域 | 当前状态    | 路扩展 | LRU touched
------------------------------------------------------------------
  0    |   域3      | 正常运行   |  是   |  528299997
  1    |   域0      | 正常运行   |  否   |  528299999
  2    |   域2      | 正常运行   |  否   |  528299997
  3    |   域3      | 正常运行   |  是   |  528299998
==================================================================

[动态重分配] 周期528300000：预约迁移 冗余域3(2%) -> 切片0 -> 饥饿域2(8%)
[切片剥夺] 周期528300000：切片0（所属域3）进入待剥夺状态，禁止新替换
[切片剥夺] 周期528300000：切片0在途请求已清空，开始执行脏行写回
[切片管理] 周期528300251：原域3仅剩1个切片，关闭路扩展模式
[动态重分配] 周期528300251：切片0写回完成，自动绑定到域2
[切片管理] 成功绑定切片0 → 安全域2，触发【路扩展模式】

======================== 切片硬件状态 ========================
切片号 | 所属安全域 | 当前状态    | 路扩展 | LRU touched
------------------------------------------------------------------
  0    |   域2      | 正常运行   |  是   |  528300251
  1    |   域0      | 正常运行   |  否   |  528300092
  2    |   域2      | 正常运行   |  是   |  528300089
  3    |   域3      | 正常运行   |  否   |  528300040
==================================================================


======================== 切片硬件状态 ========================
切片号 | 所属安全域 | 当前状态    | 路扩展 | LRU touched
------------------------------------------------------------------
  0    |   域2      | 正常运行   |  是   |  530899996
  1    |   域0      | 正常运行   |  否   |  530899999
  2    |   域2      | 正常运行   |  是   |  530899988
  3    |   域3      | 正常运行   |  否   |  530899997
==================================================================

[动态重分配] 周期530900000：预约迁移 冗余域2(0%) -> 切片0 -> 饥饿域0(6%)
[切片剥夺] 周期530900000：切片0（所属域2）进入待剥夺状态，禁止新替换
[切片剥夺] 周期530900000：切片0在途请求已清空，开始执行脏行写回
[切片管理] 周期530900174：原域2仅剩1个切片，关闭路扩展模式
[动态重分配] 周期530900174：切片0写回完成，自动绑定到域0
[切片管理] 成功绑定切片0 → � clorb2_��全域0，触发【路扩展模式】

======================== 切片硬件状态 ========================
切片号 | 所属安全域 | 当前状态    | 路扩展 | LRU touched
------------------------------------------------------------------
  0    |   域0      | 正常运行   |  是   |  530900174
  1    |   域0      | 正常运行   |  是   |  530900081
  2    |   域2      | 正常运行   |  否   |  530900065
  3    |   域3      | 正常运行   |  否   |  530900174
==================================================================


======================== 切片硬件状态 ========================
切片号 | 所属安全域 | 当前状态    | 路扩展 | LRU touched
------------------------------------------------------------------
  0    |   域0      | 正常运行   |  是   |  552299980
  1    |   域0      | 正常运行   |  是   |  552299993
  2    |   域2      | 正常运行   |  否   |  552299999
  3    |   域3      | 正常运行   |  否   |  552299999
==================================================================

[动态重分配] 周期552300000：预约迁移 冗余域0(0%) -> 切片0 -> 饥饿域2(12%)
[切片剥夺] 周期552300000：切片0（所属域0）进入待剥夺状态，禁止新替换
[切片剥夺] 周期552300000：切片0在途请求已清空，开始执行脏行写回
[切片管理] 周期552300287：原域0仅剩1个切片，关闭路扩展模式
[动态重分配] 周期552300287：切片0写回完成，自动绑定到域2
[切片管理] 成功绑定切片0 → 安全域2，触发【路扩展模式】

======================== 切片硬件状态 ========================
切片号 | 所属安全域 | 当前状态    | 路扩展 | LRU touched
------------------------------------------------------------------
  0    |   域2      | 正常运行   |  是   |  552300287
  1    |   域0      | 正常运行   |  否   |  552300065
  2    |   域2      | 正常运行   |  是   |  552300169
  3    |   域3      | 正常运行   |  否   |  552300156
==================================================================


======================== 切片硬件状态 ========================
切片号 | 所属安全域 | 当前状态    | 路扩展 | LRU touched
------------------------------------------------------------------
  0    |   域2      | 正常运行   |  是   |  562599918
  1    |   域0      | 正常运行   |  否   |  562599997
  2    |   域2      | 正常运行   |  是   |  562599998
  3    |   域3      | 正常运行   |  否   |  562599995
==================================================================

[动态重分配] 周期562600000：预约迁移 冗余域2(0%) -> 切片0 -> 饥饿域3(6%)
[切片剥夺] 周期562600000：切片0（所属域2）进入待剥夺状态，禁止新替换
[切片剥夺] 周期562600000：切片0在途请求已清空，开始执行脏行写回
[切片管理] 周期562602550：原域2仅剩1个切片，关闭路扩展模式
[动态重分配] 周期562602550：切片0写回完成，自动绑定到域3
[切片管理] 成功绑定切片0 → 安全域3，触发【路扩展模式】

======================== 切片硬件状态 ========================
切片号 | 所属安全域 | 当前状态    | 路扩展 | LRU touched
------------------------------------------------------------------
  0    |   域3      | 正常运行   |  是   |  562602550
  1    |   域0      | 正常运行   |  否   |  562602549
  2    |   域2      | 正常运行   |  否   |  562602547
  3    |   域3      | 正常运行   |  是   |  562602543
==================================================================


======================== 切片硬件状态 ========================
切片号 | 所属安全域 | 当前状态    | 路扩展 | LRU touched
------------------------------------------------------------------
  0    |   域3      | 正常运行   |  是   |  566899975
  1    |   域0      | 正常运行   |  否   |  566899998
  2    |   域2      | 正常运行   |  否   |  566899997
  3    |   域3      | 正常运行   |  是   |  566899997
==================================================================

[动态重分配] 周期566900000：预约迁移 冗余域3(0%) -> 切片0 -> 饥饿域2(6%)
[切片剥夺] 周期566900000：切片0（所属域3）进入待剥夺状态，禁止新替换
[切片剥夺] 周期566900000：切片0在途请求已清空，开始执行脏行写回
[切片管理] 周期566900308：原域3仅剩1个切片，关闭路扩展模式
[动态重分配] 周期566900308：切片0写回完成，自动绑定到域2
[切片管理] 成功绑定切片0 → 安全域2，触发【路扩展模式】

======================== 切片硬件状态 ========================
切片号 | 所属安全域 | 当前状态    | 路扩展 | LRU touched
------------------------------------------------------------------
  0    |   域2      | 正常运行   |  是   |  566900308
  1    |   域0      | 正常运行   |  否   |  566900255
  2    |   域2      | 正常运行   |  是   |  566900256
  3    |   域3      | 正常运行   |  否   |  566900246
==================================================================


======================== 切片硬件状态 ========================
切片号 | 所属安全域 | 当前状态    | 路扩展 | LRU touched
------------------------------------------------------------------
  0    |   域2      | 正常运行   |  是   |  567999970
  1    |   域0      | 正常运行   |  否   |  567999970
  2    |   域2      | 正常运行   |  是   |  567999933
  3    |   域3      | 正常运行   |  否   |  567999970
==================================================================

[动态重分配] 周期568000000：预约迁移 冗余域2(0%) -> 切片0 -> 饥饿域3(7%)
[切片剥夺] 周期568000000：切片0（所属域2）进入待剥夺状态，禁止新替换
[切片剥夺] 周期568000000：切片0在途请求已清空，开始执行脏行写回
[切片管理] 周期568000242：原域2仅剩1个切片，关闭路扩展模式
[动态重分配] 周期568000242：切片0写回完成，自动绑定到域3
[切片管理] 成功绑定切片0 → 安全域3，触发【路扩展模式】

======================== 切片硬件状态 ========================
切片号 | 所属安全域 | 当前状态    | 路扩展 | LRU touched
------------------------------------------------------------------
  0    |   域3      | 正常运行   |  是   |  568000242
  1    |   域0      | 正常运行   |  否   |  568000242
  2    |   域2      | 正常运行   |  否   |  568000042
  3    |   域3      | 正常运行   |  是   |  568000242
==================================================================


**** Early Exiting at 574574402 Cycles *****
========================================
 SMTSIM Global Statistics
========================================
Threads: 4		Fetch Width: 8
No of useful instructions fetched:	2000000089 (43.51% proc util.)
No of total instructions fetched:	2585398692 (56.25% proc util.)
 includes 54933737 misfetch (2.1%), 530464866 (20.5%) wrong-path fetches
 and 0 flushed after failed lock(0.0%)
No of useful instructions issued/executed:	2000000032 (43.51% proc util.)
No of total instructions issued/executed:	2231280311 (48.54% proc util.)
 includes 231280279 wrong-path (10.4%) insts and 0 flushed (0.0%)
	fp 88919, 0.00%
	synch 0, 0.00%
	integer 1583559987, 70.97%
	load/store 647631405, 29.03%
Avg size of int IQ (before scheduling): 31.46
Avg size of fp IQ (before scheduling): 0.01
No of cycles taken:		574574402
Parallelism [ 1.303, 0.000, 0.949, 1.229,] = 3.481
 IQ conflicts: 12401527 (2.16%), FQ conflicts: 0 (0.00%) 
 I reg conflicts: 174497357 (30.37%), FP reg conflicts: 0 (0.00%)
  Activelist confs: 1478 (0.00%), ROB confs: 388302 (0.07%)
  Int unit conflicts: 1187532600 (206.68%), FP unit conflicts: 28 (0.00%)
  Load/store unit conflicts: 100909470 (17.56%)
  MSHR conflicts: 235515163 (40.99%)
----------------------------------------
==== System-wide Cache Statistics ====
Stall for miss queue full 6159 cycles (0.00%)
----------------------------------------
==== Statistics for Master ID: 0 ====
Reads: 424632688   Writes: 56658089
ICACHE: size: 64 KB assoc: 2
ICACHE: hits:264762924 misses:541740  Hit Ratio: 99.80%
DCACHE: size: 1*16 KB assoc: 1*4
DCACHE: hits:210789261 misses:5199002 writebacks:2163829  Hit Ratio: 97.59%
SCACHE: size: 512 KB assoc: 2
SCACHE: hits:4544440 misses:1194152  Hit Ratio: 79.19%
3CACHE: size: 4096 KB assoc: 2
3CACHE: hits:804318 misses:389834  Hit Ratio: 67.35%
3CACHE: dirty items replaced:129602
ITLB: size: 48, misses 1604, miss rate 0.00%
DTLB: size: 128, misses 154509, miss rate 0.07%
Avg mem delay: 1.954 cycles
----------------------------------------
==== Statistics for Master ID: 2 ====
Reads: 431987086   Writes: 73325446
ICACHE: size: 64 KB assoc: 2
ICACHE: hits:250208330 misses:3371708  Hit Ratio: 98.67%
DCACHE: size: 1*16 KB assoc: 1*4
DCACHE: hits:246269432 misses:5466003 writebacks:1470663  Hit Ratio: 97.83%
SCACHE: size: 512 KB assoc: 2
SCACHE: hits:6720792 misses:2113976  Hit Ratio: 76.07%
3CACHE: size: 4096 KB assoc: 2
3CACHE: hits:1597588 misses:516388  Hit Ratio: 75.57%
3CACHE: dirty items replaced:147601
ITLB: size: 48, misses 172836, miss rate 0.07%
DTLB: size: 128, misses 467618, miss rate 0.19%
Avg mem delay: 1.954 cycles
----------------------------------------
==== Statistics for Master ID: 3 ====
Reads: 359612011   Writes: 51755218
ICACHE: size: 64 KB assoc: 2
ICACHE: hits:231558469 misses:502309  Hit Ratio: 99.78%
DCACHE: size: 2*16 KB assoc: 2*4
DCACHE: hits:174256910 misses:5051459 writebacks:2693420  Hit Ratio: 97.18%
SCACHE: size: 512 KB assoc: 2
SCACHE: hits:2480985 misses:3070864  Hit Ratio: 44.69%
3CACHE: size: 4096 KB assoc: 2
3CACHE: hits:618951 misses:2451913  Hit Ratio: 20.16%
3CACHE: dirty items replaced:259287
ITLB: size: 48, misses 2006, miss rate 0.00%
DTLB: size: 128, misses 240231, miss rate 0.13%
Avg mem delay: 1.954 cycles
----------------------------------------
==== Global Resource Utilization ====
STASH: size: 65536 entries, full 2912325516, empty 55091487, misses 4877123, full rate 97.98
icache bank util. 0.169 0.126 0.114 0.143 0.179 0.230 0.170 0.200 
dcache bank util. 0.129 0.147 0.169 0.142 0.196 0.129 0.194 0.135 
L2 bank util. 0.032 0.031 0.030 0.032 0.031 0.029 0.031 0.037 
L1-L2 bus util. = 0.138, L3 util. = 0.058
----------------------------------------

======================== 切片硬件状态 ========================
切片号 | 所属安全域 | 当前状态    | 路扩展 | LRU touched
------------------------------------------------------------------
  0    |   域3      | 正常运行   |  是   |  574574401
  1    |   域0      | 正常运行   |  否   |  574574398
  2    |   域2      | 正常运行   |  否   |  574574400
  3    |   域3      | 正常运行   |  是   |  574574379
==================================================================

branch prediction, hits = 147306463, misses = 21918673, hit rate = 87.05%
return_stack prediction, hits = 14860623, misses = 12462, hit rate = 99.92%
jump prediction, hits = 163916359, misses = 14722354, hit rate = 91.76%
total IPC 3.481

=== Results saved to: ./results/gzip-program_2_gcc-200_1_gzip-log_1.txt ===
