测试组合（多线程优先）：mgrid.arg2 + gzip-log.arg + gzip-source.arg
执行命令：./smtsim mgrid.arg2 gzip-log.arg gzip-source.arg
==================================================

动态重分配参数：每10万周期检查，阈值5
Process 0, Thread 0: mgrid
Process 0, Thread 1: mgrid
Process 2, Thread 2: gzip-log
Process 3, Thread 3: gzip-source
[切片调度] 新安全域2无任何切片，尝试分配空闲切片
[切片管理] 成功绑定切片0 → 安全域2

======================== 切片硬件状态 ========================
切片号 | 所属安全域 | 当前状态    | 路扩展 | LRU touched
------------------------------------------------------------------
  0    |   域2      | 正常运行   |  否   |  0
  1    |   域-1     | 切片空闲   |  否   |  0
  2    |   域-1     | 切片空闲   |  否   |  0
  3    |   域-1     | 切片空闲   |  否   |  0
==================================================================

[切片管理] 成功绑定切片1 → 安全域2，触发【路扩展模式】

======================== 切片硬件状态 ========================
切片号 | 所属安全域 | 当前状态    | 路扩展 | LRU touched
------------------------------------------------------------------
  0    |   域2      | 正常运行   |  是   |  0
  1    |   域2      | 正常运行   |  是   |  0
  2    |   域-1     | 切片空闲   |  否   |  0
  3    |   域-1     | 切片空闲   |  否   |  0
==================================================================

[切片调度] 新安全域3无任何切片，尝试分配空闲切片
[切片管理] 成功绑定切片2 → 安全域3

======================== 切片硬件状态 ========================
切片号 | 所属安全域 | 当前状态    | 路扩展 | LRU touched
------------------------------------------------------------------
  0    |   域2      | 正常运行   |  是   |  753
  1    |   域2      | 正常运行   |  是   |  0
  2    |   域3      | 正常运行   |  否   |  0
  3    |   域-1     | 切片空闲   |  否   |  0
==================================================================

[切片管理] 成功绑定切片3 → 安全域3，触发【路扩展模式】

======================== 切片硬件状态 ========================
切片号 | 所属安全域 | 当前状态    | 路扩展 | LRU touched
------------------------------------------------------------------
  0    |   域2      | 正常运行   |  是   |  753
  1    |   域2      | 正常运行   |  是   |  0
  2    |   域3      | 正常运行   |  是   |  0
  3    |   域3      | 正常运行   |  是   |  0
==================================================================

[切片调度] 新安全域0无任何切片，尝试分配空闲切片
[切片调度] 新安全域0未找到空闲切片，尝试剥夺切片
[切片替换] 优先从【路扩展切片】中选择LRU替换目标...
[切片替换] 找到路扩展切片作为受害者：切片1（最后访问：0）
[切片调度] 安全域0触发切片剥夺：从域2剥夺切片1
[切片剥夺] 周期1068：切片1（所属域2）进入待剥夺状态，禁止新替换
[切片剥夺] 周期1068：切片1在途请求已清空，开始执行脏行写回
[切片剥夺] 周期1068：切片1无脏行，直接完成剥夺
[切片管理] 周期1068：原域2仅剩1个切片，关闭路扩展模式
[动态重分配] 周期1068：切片1写回完成，自动绑定到域0
[切片管理] 成功绑定切片1 → 安全域0

======================== 切片硬件状态 ========================
切片号 | 所属安全域 | 当前状态    | 路扩展 | LRU touched
------------------------------------------------------------------
  0    |   域2      | 正常运行   |  否   |  959
  1    |   域0      | 正常运行   |  否   |  1068
  2    |   域3      | 正常运行   |  是   |  756
  3    |   域3      | 正常运行   |  是   |  0
==================================================================

[切片唤醒] 周期1068：域0切片就绪，唤醒等待指令

**** Debug Statistics at 1000000 Cycles *****
Threads: 4		Fetch Width: 8
No of useful instructions fetched:	387018 (4.84% proc util.)
No of total instructions fetched:	392413 (4.91% proc util.)
 includes 2538 misfetch (0.6%), 2857 (0.7%) wrong-path fetches
 and 0 flushed after failed lock(0.0%)
No of useful instructions issued/executed:	386925 (4.84% proc util.)
No of total instructions issued/executed:	388254 (4.85% proc util.)
 includes 1329 wrong-path (0.3%) insts and 0 flushed (0.0%)
	fp 93747, 24.15%
	synch 0, 0.00%
	integer 127420, 32.82%
	load/store 167087, 43.04%
Avg size of int IQ (before scheduling): 52.76
Avg size of fp IQ (before scheduling): 8.19
No of cycles taken:		1000000
Parallelism [ 0.222, 0.000, 0.083, 0.082,] = 0.387
 IQ conflicts: 218467 (21.85%), FQ conflicts: 0 (0.00%) 
 I reg conflicts: 663410 (66.34%), FP reg conflicts: 43753 (4.38%)
  Activelist confs: 0 (0.00%), ROB confs: 0 (0.00%)
  Int unit conflicts: 2060 (0.21%), FP unit conflicts: 133 (0.01%)
  Load/store unit conflicts: 253410 (25.34%)
  MSHR conflicts: 12941411 (1294.14%)
----------------------------------------
==== System-wide Cache Statistics ====
Stall for miss queue full 0 cycles (0.00%)
----------------------------------------
==== Statistics for Master ID: 0 ====
Reads: 146550   Writes: 3024
ICACHE: size: 64 KB assoc: 2
ICACHE: hits:61774 misses:41  Hit Ratio: 99.93%
DCACHE: size: 1*16 KB assoc: 1*4
DCACHE: hits:85545 misses:2213 writebacks:416  Hit Ratio: 97.48%
SCACHE: size: 512 KB assoc: 2
SCACHE: hits:206 misses:2048  Hit Ratio: 9.14%
3CACHE: size: 4096 KB assoc: 2
3CACHE: hits:0 misses:2048  Hit Ratio: 0.00%
3CACHE: dirty items replaced:0
ITLB: size: 48, misses 2, miss rate 0.00%
DTLB: size: 128, misses 57, miss rate 0.06%
Avg mem delay: 91.981 cycles
----------------------------------------
==== Statistics for Master ID: 2 ====
Reads: 61814   Writes: 13664
ICACHE: size: 64 KB assoc: 2
ICACHE: hits:35376 misses:206  Hit Ratio: 99.42%
DCACHE: size: 1*16 KB assoc: 1*4
DCACHE: hits:26999 misses:12897 writebacks:12747  Hit Ratio: 67.67%
SCACHE: size: 512 KB assoc: 2
SCACHE: hits:9 misses:13094  Hit Ratio: 0.07%
3CACHE: size: 4096 KB assoc: 2
3CACHE: hits:0 misses:13093  Hit Ratio: 0.00%
3CACHE: dirty items replaced:0
ITLB: size: 48, misses 18, miss rate 0.05%
DTLB: size: 128, misses 3205, miss rate 8.03%
Avg mem delay: 91.981 cycles
----------------------------------------
==== Statistics for Master ID: 3 ====
Reads: 60806   Writes: 13525
ICACHE: size: 64 KB assoc: 2
ICACHE: hits:34702 misses:201  Hit Ratio: 99.42%
DCACHE: size: 2*16 KB assoc: 2*4
DCACHE: hits:26622 misses:12806 writebacks:12637  Hit Ratio: 67.52%
SCACHE: size: 512 KB assoc: 2
SCACHE: hits:8 misses:12997  Hit Ratio: 0.06%
3CACHE: size: 4096 KB assoc: 2
3CACHE: hits:0 misses:12997  Hit Ratio: 0.00%
3CACHE: dirty items replaced:0
ITLB: size: 48, misses 18, miss rate 0.05%
DTLB: size: 128, misses 3184, miss rate 8.08%
Avg mem delay: 91.981 cycles
----------------------------------------
==== Global Resource Utilization ====
STASH: size: 65536 entries, full 100511261, empty 19581, misses 2172, full rate 99.98
icache bank util. 0.024 0.008 0.011 0.010 0.009 0.008 0.022 0.042 
dcache bank util. 0.012 0.013 0.038 0.012 0.012 0.012 0.216 0.013 
L2 bank util. 0.003 0.003 0.003 0.003 0.003 0.003 0.308 0.003 
L1-L2 bus util. = 0.162, L3 util. = 0.281
----------------------------------------

======================== 切片硬件状态 ========================
切片号 | 所属安全域 | 当前状态    | 路扩展 | LRU touched
------------------------------------------------------------------
  0    |   域2      | 正常运行   |  否   |  999989
  1    |   域0      | 正常运行   |  否   |  999896
  2    |   域3      | 正常运行   |  是   |  999895
  3    |   域3      | 正常运行   |  是   |  999989
==================================================================

branch prediction, hits = 10006, misses = 190, hit rate = 98.14%
return_stack prediction, hits = 158, misses = 18, hit rate = 89.77%
jump prediction, hits = 9682, misses = 569, hit rate = 94.45%

**** Debug Statistics at 101000000 Cycles *****
Threads: 4		Fetch Width: 8
No of useful instructions fetched:	71900391 (8.90% proc util.)
No of total instructions fetched:	71952403 (8.90% proc util.)
 includes 3999 misfetch (0.0%), 48013 (0.1%) wrong-path fetches
 and 0 flushed after failed lock(0.0%)
No of useful instructions issued/executed:	71900369 (8.90% proc util.)
No of total instructions issued/executed:	71913598 (8.90% proc util.)
 includes 13229 wrong-path (0.0%) insts and 0 flushed (0.0%)
	fp 12309877, 17.12%
	synch 0, 0.00%
	integer 34022730, 47.31%
	load/store 25580991, 35.57%
Avg size of int IQ (before scheduling): 21.20
Avg size of fp IQ (before scheduling): 3.04
No of cycles taken:		101000000
Parallelism [ 0.288, 0.000, 0.210, 0.213,] = 0.712
 IQ conflicts: 3465109 (3.43%), FQ conflicts: 0 (0.00%) 
 I reg conflicts: 85543212 (84.70%), FP reg conflicts: 569260 (0.56%)
  Activelist confs: 0 (0.00%), ROB confs: 0 (0.00%)
  Int unit conflicts: 995953 (0.99%), FP unit conflicts: 27518 (0.03%)
  Load/store unit conflicts: 13214721 (13.08%)
  MSHR conflicts: 453858033 (449.36%)
----------------------------------------
==== System-wide Cache Statistics ====
Stall for miss queue full 0 cycles (0.00%)
----------------------------------------
==== Statistics for Master ID: 0 ====
Reads: 21578708   Writes: 396957
ICACHE: size: 64 KB assoc: 2
ICACHE: hits:10445199 misses:66  Hit Ratio: 100.00%
DCACHE: size: 1*16 KB assoc: 1*4
DCACHE: hits:11273311 misses:257088 writebacks:50447  Hit Ratio: 97.77%
SCACHE: size: 512 KB assoc: 2
SCACHE: hits:5400 misses:251754  Hit Ratio: 2.10%
3CACHE: size: 4096 KB assoc: 2
3CACHE: hits:21246 misses:230508  Hit Ratio: 8.44%
3CACHE: dirty items replaced:0
ITLB: size: 48, misses 2, miss rate 0.00%
DTLB: size: 128, misses 4319, miss rate 0.04%
Avg mem delay: 24.948 cycles
----------------------------------------
==== Statistics for Master ID: 2 ====
Reads: 9407742   Writes: 3257178
ICACHE: size: 64 KB assoc: 2
ICACHE: hits:5965479 misses:340  Hit Ratio: 99.99%
DCACHE: size: 1*16 KB assoc: 1*4
DCACHE: hits:5746703 misses:952398 writebacks:568255  Hit Ratio: 85.78%
SCACHE: size: 512 KB assoc: 2
SCACHE: hits:33 misses:952705  Hit Ratio: 0.00%
3CACHE: size: 4096 KB assoc: 2
3CACHE: hits:20 misses:952685  Hit Ratio: 0.00%
3CACHE: dirty items replaced:0
ITLB: size: 48, misses 19, miss rate 0.00%
DTLB: size: 128, misses 58144, miss rate 0.87%
Avg mem delay: 24.948 cycles
----------------------------------------
==== Statistics for Master ID: 3 ====
Reads: 9415020   Writes: 3583472
ICACHE: size: 64 KB assoc: 2
ICACHE: hits:5646695 misses:311  Hit Ratio: 99.99%
DCACHE: size: 2*16 KB assoc: 2*4
DCACHE: hits:6317522 misses:1033964 writebacks:608914  Hit Ratio: 85.94%
SCACHE: size: 512 KB assoc: 2
SCACHE: hits:31 misses:1034244  Hit Ratio: 0.00%
3CACHE: size: 4096 KB assoc: 2
3CACHE: hits:20 misses:1034224  Hit Ratio: 0.00%
3CACHE: dirty items replaced:0
ITLB: size: 48, misses 19, miss rate 0.00%
DTLB: size: 128, misses 59409, miss rate 0.81%
Avg mem delay: 24.948 cycles
----------------------------------------
==== Global Resource Utilization ====
STASH: size: 65536 entries, full 189243587, empty 20644, misses 2253, full rate 99.99
icache bank util. 0.016 0.016 0.015 0.017 0.016 0.095 0.020 0.025 
dcache bank util. 0.040 0.041 0.044 0.040 0.040 0.040 0.050 0.060 
L2 bank util. 0.024 0.024 0.024 0.024 0.024 0.024 0.039 0.053 
L1-L2 bus util. = 0.103, L3 util. = 0.220
----------------------------------------

======================== 切片硬件状态 ========================
切片号 | 所属安全域 | 当前状态    | 路扩展 | LRU touched
------------------------------------------------------------------
  0    |   域2      | 正常运行   |  否   |  100999919
  1    |   域0      | 正常运行   |  否   |  100999913
  2    |   域3      | 正常运行   |  是   |  100999857
  3    |   域3      | 正常运行   |  是   |  100999907
==================================================================

branch prediction, hits = 6963269, misses = 3489, hit rate = 99.95%
return_stack prediction, hits = 446, misses = 20, hit rate = 95.71%
jump prediction, hits = 6956701, misses = 945, hit rate = 99.99%

======================== 切片硬件状态 ========================
切片号 | 所属安全域 | 当前状态    | 路扩展 | LRU touched
------------------------------------------------------------------
  0    |   域2      | 正常运行   |  否   |  198799943
  1    |   域0      | 正常运行   |  否   |  198800000
  2    |   域3      | 正常运行   |  是   |  198799986
  3    |   域3      | 正常运行   |  是   |  198799999
==================================================================

[动态重分配] 周期198800000：预约迁移 冗余域3(1%) -> 切片2 -> 饥饿域2(12%)
[切片剥夺] 周期198800000：切片2（所属域3）进入待剥夺状态，禁止新替换
[切片剥夺] 周期198800000：切片2在途请求已清空，开始执行脏行写回
[切片管理] 周期198800281：原域3仅剩1个切片，关闭路扩展模式
[动态重分配] 周期198800281：切片2写回完成，自动绑定到域2
[切片管理] 成功绑定切片2 → 安全域2，触发【路扩展模式】

======================== 切片硬件状态 ========================
切片号 | 所属安全域 | 当前状态    | 路扩展 | LRU touched
------------------------------------------------------------------
  0    |   域2      | 正常运行   |  是   |  198800281
  1    |   域0      | 正常运行   |  否   |  198800277
  2    |   域2      | 正常运行   |  是   |  198800281
  3    |   域3      | 正常运行   |  否   |  198800281
==================================================================


**** Debug Statistics at 201000000 Cycles *****
Threads: 4		Fetch Width: 8
No of useful instructions fetched:	146188127 (9.09% proc util.)
No of total instructions fetched:	146432124 (9.11% proc util.)
 includes 4783 misfetch (0.0%), 239214 (0.2%) wrong-path fetches
 and 0 flushed after failed lock(0.0%)
No of useful instructions issued/executed:	146188076 (9.09% proc util.)
No of total instructions issued/executed:	146274861 (9.10% proc util.)
 includes 86785 wrong-path (0.1%) insts and 0 flushed (0.0%)
	fp 24557826, 16.79%
	synch 0, 0.00%
	integer 69765248, 47.69%
	load/store 51951787, 35.52%
Avg size of int IQ (before scheduling): 18.75
Avg size of fp IQ (before scheduling): 2.76
No of cycles taken:		201000000
Parallelism [ 0.289, 0.000, 0.220, 0.218,] = 0.727
 IQ conflicts: 3479644 (1.73%), FQ conflicts: 0 (0.00%) 
 I reg conflicts: 173559122 (86.35%), FP reg conflicts: 890108 (0.44%)
  Activelist confs: 0 (0.00%), ROB confs: 0 (0.00%)
  Int unit conflicts: 1967626 (0.98%), FP unit conflicts: 55730 (0.03%)
  Load/store unit conflicts: 25441714 (12.66%)
  MSHR conflicts: 830917619 (413.39%)
----------------------------------------
==== System-wide Cache Statistics ====
Stall for miss queue full 0 cycles (0.00%)
----------------------------------------
==== Statistics for Master ID: 0 ====
Reads: 43643597   Writes: 791909
ICACHE: size: 64 KB assoc: 2
ICACHE: hits:21432281 misses:86  Hit Ratio: 100.00%
DCACHE: size: 1*16 KB assoc: 1*4
DCACHE: hits:22490455 misses:512683 writebacks:100607  Hit Ratio: 97.77%
SCACHE: size: 512 KB assoc: 2
SCACHE: hits:7787 misses:504981  Hit Ratio: 1.52%
3CACHE: size: 4096 KB assoc: 2
3CACHE: hits:31849 misses:473131  Hit Ratio: 6.31%
3CACHE: dirty items replaced:0
ITLB: size: 48, misses 2, miss rate 0.00%
DTLB: size: 128, misses 8296, miss rate 0.04%
Avg mem delay: 20.574 cycles
----------------------------------------
==== Statistics for Master ID: 2 ====
Reads: 18942742   Writes: 7099999
ICACHE: size: 64 KB assoc: 2
ICACHE: hits:11657570 misses:358  Hit Ratio: 100.00%
DCACHE: size: 2*16 KB assoc: 2*4
DCACHE: hits:12471696 misses:1913117 writebacks:1048485  Hit Ratio: 86.70%
SCACHE: size: 512 KB assoc: 2
SCACHE: hits:33 misses:1913442  Hit Ratio: 0.00%
3CACHE: size: 4096 KB assoc: 2
3CACHE: hits:20 misses:1913422  Hit Ratio: 0.00%
3CACHE: dirty items replaced:0
ITLB: size: 48, misses 19, miss rate 0.00%
DTLB: size: 128, misses 73165, miss rate 0.51%
Avg mem delay: 20.574 cycles
----------------------------------------
==== Statistics for Master ID: 3 ====
Reads: 18824978   Writes: 6991859
ICACHE: size: 64 KB assoc: 2
ICACHE: hits:11252481 misses:526  Hit Ratio: 100.00%
DCACHE: size: 1*16 KB assoc: 1*4
DCACHE: hits:12636860 misses:1927060 writebacks:1025906  Hit Ratio: 86.77%
SCACHE: size: 512 KB assoc: 2
SCACHE: hits:6891 misses:1920605  Hit Ratio: 0.36%
3CACHE: size: 4096 KB assoc: 2
3CACHE: hits:2178 misses:1918427  Hit Ratio: 0.11%
3CACHE: dirty items replaced:0
ITLB: size: 48, misses 25, miss rate 0.00%
DTLB: size: 128, misses 87717, miss rate 0.60%
Avg mem delay: 20.574 cycles
----------------------------------------
==== Global Resource Utilization ====
STASH: size: 65536 entries, full 280505751, empty 22745, misses 2411, full rate 99.99
icache bank util. 0.015 0.018 0.015 0.018 0.017 0.103 0.018 0.017 
dcache bank util. 0.042 0.043 0.044 0.042 0.042 0.042 0.047 0.052 
L2 bank util. 0.026 0.026 0.026 0.026 0.026 0.026 0.033 0.040 
L1-L2 bus util. = 0.097, L3 util. = 0.214
----------------------------------------

======================== 切片硬件状态 ========================
切片号 | 所属安全域 | 当前状态    | 路扩展 | LRU touched
------------------------------------------------------------------
  0    |   域2      | 正常运行   |  是   |  200999416
  1    |   域0      | 正常运行   |  否   |  200999999
  2    |   域2      | 正常运行   |  是   |  200999996
  3    |   域3      | 正常运行   |  否   |  200999996
==================================================================

branch prediction, hits = 14679088, misses = 17352, hit rate = 99.88%
return_stack prediction, hits = 6397, misses = 20, hit rate = 99.69%
jump prediction, hits = 14682316, misses = 1152, hit rate = 99.99%

======================== 切片硬件状态 ========================
切片号 | 所属安全域 | 当前状态    | 路扩展 | LRU touched
------------------------------------------------------------------
  0    |   域2      | 正常运行   |  是   |  222099977
  1    |   域0      | 正常运行   |  否   |  222099977
  2    |   域2      | 正常运行   |  是   |  222099988
  3    |   域3      | 正常运行   |  否   |  222099978
==================================================================

[动态重分配] 周期222100000：预约迁移 冗余域2(1%) -> 切片0 -> 饥饿域3(8%)
[切片剥夺] 周期222100000：切片0（所属域2）进入待剥夺状态，禁止新替换
[切片剥夺] 周期222100000：切片0在途请求已清空，开始执行脏行写回
[切片管理] 周期222103267：原域2仅剩1个切片，关闭路扩展模式
[动态重分配] 周期222103267：切片0写回完成，自动绑定到域3
[切片管理] 成功绑定切片0 → 安全域3，触发【路扩展模式】

======================== 切片硬件状态 ========================
切片号 | 所属安全域 | 当前状态    | 路扩展 | LRU touched
------------------------------------------------------------------
  0    |   域3      | 正常运行   |  是   |  222103267
  1    |   域0      | 正常运行   |  否   |  222103250
  2    |   域2      | 正常运行   |  否   |  222103255
  3    |   域3      | 正常运行   |  是   |  222103257
==================================================================


======================== 切片硬件状态 ========================
切片号 | 所属安全域 | 当前状态    | 路扩展 | LRU touched
------------------------------------------------------------------
  0    |   域3      | 正常运行   |  是   |  223499983
  1    |   域0      | 正常运行   |  否   |  223499982
  2    |   域2      | 正常运行   |  否   |  223499989
  3    |   域3      | 正常运行   |  是   |  223499981
==================================================================

[动态重分配] 周期223500000：预约迁移 冗余域3(0%) -> 切片0 -> 饥饿域2(8%)
[切片剥夺] 周期223500000：切片0（所属域3）进入待剥夺状态，禁止新替换
[切片剥夺] 周期223500000：切片0在途请求已清空，开始执行脏行写回
[切片管理] 周期223502731：原域3仅剩1个切片，关闭路扩展模式
[动态重分配] 周期223502731：切片0写回完成，自动绑定到域2
[切片管理] 成功绑定切片0 → 安全域2，触发【路扩展模式】

======================== 切片硬件状态 ========================
切片号 | 所属安全域 | 当前状态    | 路扩展 | LRU touched
------------------------------------------------------------------
  0    |   域2      | 正常运行   |  是   |  223502731
  1    |   域0      | 正常运行   |  否   |  223502730
  2    |   域2      | 正常运行   |  是   |  223502729
  3    |   域3      | 正常运行   |  否   |  223502726
==================================================================


======================== 切片硬件状态 ========================
切片号 | 所属安全域 | 当前状态    | 路扩展 | LRU touched
------------------------------------------------------------------
  0    |   域2      | 正常运行   |  是   |  246599932
  1    |   域0      | 正常运行   |  否   |  246599932
  2    |   域2      | 正常运行   |  是   |  246599922
  3    |   域3      | 正常运行   |  否   |  246599747
==================================================================

[动态重分配] 周期246600000：预约迁移 冗余域2(1%) -> 切片0 -> 饥饿域0(19%)
[切片剥夺] 周期246600000：切片0（所属域2）进入待剥夺状态，禁止新替换
[切片剥夺] 周期246600040：切片0在途请求已清空，开始执行脏行写回
[切片管理] 周期246606632：原域2仅剩1个切片，关闭路扩展模式
[动态重分配] 周期246606632：切片0写回完成，自动绑定到域0
[切片管理] 成功绑定切片0 → 安全域0，触发【路扩展模式】

======================== 切片硬件状态 ========================
切片号 | 所属安全域 | 当前状态    | 路扩展 | LRU touched
------------------------------------------------------------------
  0    |   域0      | 正常运行   |  是   |  246606632
  1    |   域0      | 正常运行   |  是   |  246606615
  2    |   域2      | 正常运行   |  否   |  246606614
  3    |   域3      | 正常运行   |  否   |  246606615
==================================================================


**** Debug Statistics at 301000000 Cycles *****
Threads: 4		Fetch Width: 8
No of useful instructions fetched:	443903056 (18.43% proc util.)
No of total instructions fetched:	480113050 (19.94% proc util.)
 includes 64781 misfetch (0.0%), 36145213 (7.5%) wrong-path fetches
 and 0 flushed after failed lock(0.0%)
No of useful instructions issued/executed:	443903027 (18.43% proc util.)
No of total instructions issued/executed:	460965885 (19.14% proc util.)
 includes 17062858 wrong-path (3.7%) insts and 0 flushed (0.0%)
	fp 53170417, 11.53%
	synch 0, 0.00%
	integer 272189411, 59.05%
	load/store 135606057, 29.42%
Avg size of int IQ (before scheduling): 21.57
Avg size of fp IQ (before scheduling): 7.45
No of cycles taken:		301000000
Parallelism [ 0.390, 0.000, 0.538, 0.547,] = 1.475
 IQ conflicts: 6094077 (2.02%), FQ conflicts: 286416 (0.10%) 
 I reg conflicts: 195772940 (65.04%), FP reg conflicts: 25007384 (8.31%)
  Activelist confs: 0 (0.00%), ROB confs: 1005 (0.00%)
  Int unit conflicts: 82536565 (27.42%), FP unit conflicts: 407497 (0.14%)
  Load/store unit conflicts: 33206380 (11.03%)
  MSHR conflicts: 891844799 (296.29%)
----------------------------------------
==== System-wide Cache Statistics ====
Stall for miss queue full 668 cycles (0.00%)
----------------------------------------
==== Statistics for Master ID: 0 ====
Reads: 85489722   Writes: 2004527
ICACHE: size: 64 KB assoc: 2
ICACHE: hits:44143875 misses:479  Hit Ratio: 100.00%
DCACHE: size: 2*16 KB assoc: 2*4
DCACHE: hits:42054395 misses:1295499 writebacks:201986  Hit Ratio: 97.01%
SCACHE: size: 512 KB assoc: 2
SCACHE: hits:64940 misses:1231037  Hit Ratio: 5.01%
3CACHE: size: 4096 KB assoc: 2
3CACHE: hits:171151 misses:1059885  Hit Ratio: 13.90%
3CACHE: dirty items replaced:18067
ITLB: size: 48, misses 26, miss rate 0.00%
DTLB: size: 128, misses 24065, miss rate 0.06%
Avg mem delay: 9.074 cycles
----------------------------------------
==== Statistics for Master ID: 2 ====
Reads: 76947030   Writes: 14621866
ICACHE: size: 64 KB assoc: 2
ICACHE: hits:48998083 misses:6543  Hit Ratio: 99.99%
DCACHE: size: 1*16 KB assoc: 1*4
DCACHE: hits:39997163 misses:2567488 writebacks:1375893  Hit Ratio: 93.97%
SCACHE: size: 512 KB assoc: 2
SCACHE: hits:275697 misses:2297953  Hit Ratio: 10.71%
3CACHE: size: 4096 KB assoc: 2
3CACHE: hits:145065 misses:2152888  Hit Ratio: 6.31%
3CACHE: dirty items replaced:14541
ITLB: size: 48, misses 25, miss rate 0.00%
DTLB: size: 128, misses 95795, miss rate 0.23%
Avg mem delay: 9.074 cycles
----------------------------------------
==== Statistics for Master ID: 3 ====
Reads: 84856369   Writes: 16516073
ICACHE: size: 64 KB assoc: 2
ICACHE: hits:51671512 misses:9058  Hit Ratio: 99.98%
DCACHE: size: 1*16 KB assoc: 1*4
DCACHE: hits:46833030 misses:2859037 writebacks:1418885  Hit Ratio: 94.25%
SCACHE: size: 512 KB assoc: 2
SCACHE: hits:726890 misses:2141010  Hit Ratio: 25.35%
3CACHE: size: 4096 KB assoc: 2
3CACHE: hits:143665 misses:1997345  Hit Ratio: 6.71%
3CACHE: dirty items replaced:14983
ITLB: size: 48, misses 25, miss rate 0.00%
DTLB: size: 128, misses 92297, miss rate 0.19%
Avg mem delay: 9.074 cycles
----------------------------------------
==== Global Resource Utilization ====
STASH: size: 65536 entries, full 670373920, empty 32692, misses 3144, full rate 99.99
icache bank util. 0.054 0.041 0.036 0.044 0.052 0.129 0.060 0.066 
dcache bank util. 0.059 0.069 0.072 0.063 0.078 0.059 0.081 0.067 
L2 bank util. 0.026 0.025 0.026 0.025 0.025 0.025 0.030 0.035 
L1-L2 bus util. = 0.097, L3 util. = 0.173
----------------------------------------

======================== 切片硬件状态 ========================
切片号 | 所属安全域 | 当前状态    | 路扩展 | LRU touched
------------------------------------------------------------------
  0    |   域0      | 正常运行   |  是   |  300999986
  1    |   域0      | 正常运行   |  是   |  300999989
  2    |   域2      | 正常运行   |  否   |  300999994
  3    |   域3      | 正常运行   |  否   |  300999992
==================================================================

branch prediction, hits = 29423537, misses = 1184019, hit rate = 96.13%
return_stack prediction, hits = 1133973, misses = 20, hit rate = 100.00%
jump prediction, hits = 33093937, misses = 20511, hit rate = 99.94%

======================== 切片硬件状态 ========================
切片号 | 所属安全域 | 当前状态    | 路扩展 | LRU touched
------------------------------------------------------------------
  0    |   域0      | 正常运行   |  是   |  330199999
  1    |   域0      | 正常运行   |  是   |  330200000
  2    |   域2      | 正常运行   |  否   |  330200000
  3    |   域3      | 正常运行   |  否   |  330199998
==================================================================

[动态重分配] 周期330200000：预约迁移 冗余域0(1%) -> 切片0 -> 饥饿域3(7%)
[切片剥夺] 周期330200000：切片0（所属域0）进入待剥夺状态，禁止新替换
[切片剥夺] 周期330200000：切片0在途请求已清空，开始执行脏行写回
[切片管理] 周期330200215：原域0仅剩1个切片，关闭路扩展模式
[动态重分配] 周期330200215：切片0写回完成，自动绑定到域3
[切片管理] 成功绑定切片0 → 安全域3，触发【路扩展模式】

======================== 切片硬件状态 ========================
切片号 | 所属安全域 | 当前状态    | 路扩展 | LRU touched
------------------------------------------------------------------
  0    |   域3      | 正常运行   |  是   |  330200215
  1    |   域0      | 正常运行   |  否   |  330200138
  2    |   域2      | 正常运行   |  否   |  330200146
  3    |   域3      | 正常运行   |  是   |  330200153
==================================================================


======================== 切片硬件状态 ========================
切片号 | 所属安全域 | 当前状态    | 路扩展 | LRU touched
------------------------------------------------------------------
  0    |   域3      | 正常运行   |  是   |  332699923
  1    |   域0      | 正常运行   |  否   |  332699988
  2    |   域2      | 正常运行   |  否   |  332699980
  3    |   域3      | 正常运行   |  是   |  332699934
==================================================================

[动态重分配] 周期332700000：预约迁移 冗余域3(3%) -> 切片0 -> 饥饿域0(12%)
[切片剥夺] 周期332700000：切片0（所属域3）进入待剥夺状态，禁止新替换
[切片剥夺] 周期332700000：切片0在途请求已清空，开始执行脏行写回
[切片管理] 周期332700680：原域3仅剩1个切片，关闭路扩展模式
[动态重分配] 周期332700680：切片0写回完成，自动绑定到域0
[切片管理] 成功绑定切片0 → 安全域0，触发【路扩展模式】

======================== 切片硬件状态 ========================
切片号 | 所属安全域 | 当前状态    | 路扩展 | LRU touched
------------------------------------------------------------------
  0    |   域0      | 正常运行   |  是   |  332700680
  1    |   域0      | 正常运行   |  是   |  332700675
  2    |   域2      | 正常运行   |  否   |  332700669
  3    |   域3      | 正常运行   |  否   |  332700666
==================================================================


======================== 切片硬件状态 ========================
切片号 | 所属安全域 | 当前状态    | 路扩展 | LRU touched
------------------------------------------------------------------
  0    |   域0      | 正常运行   |  是   |  336499995
  1    |   域0      | 正常运行   |  是   |  336499996
  2    |   域2      | 正常运行   |  否   |  336499998
  3    |   域3      | 正常运行   |  否   |  336499996
==================================================================

[动态重分配] 周期336500000：预约迁移 冗余域0(1%) -> 切片0 -> 饥饿域2(8%)
[切片剥夺] 周期336500000：切片0（所属域0）进入待剥夺状态，禁止新替换
[切片剥夺] 周期336500236：切片0在途请求已清空，开始执行脏行写回
[切片管理] 周期336500430：原域0仅剩1个切片，关闭路扩展模式
[动态重分配] 周期336500430：切片0写回完成，自动绑定到域2
[切片管理] 成功绑定切片0 → 安全域2，触发【路扩展模式】

======================== 切片硬件状态 ========================
切片号 | 所属安全域 | 当前状态    | 路扩展 | LRU touched
------------------------------------------------------------------
  0    |   域2      | 正常运行   |  是   |  336500430
  1    |   域0      | 正常运行   |  否   |  336500428
  2    |   域2      | 正常运行   |  是   |  336500430
  3    |   域3      | 正常运行   |  否   |  336500430
==================================================================


======================== 切片硬件状态 ========================
切片号 | 所属安全域 | 当前状态    | 路扩展 | LRU touched
------------------------------------------------------------------
  0    |   域2      | 正常运行   |  是   |  343299558
  1    |   域0      | 正常运行   |  否   |  343300000
  2    |   域2      | 正常运行   |  是   |  343300000
  3    |   域3      | 正常运行   |  否   |  343300000
==================================================================

[动态重分配] 周期343300000：预约迁移 冗余域2(1%) -> 切片0 -> 饥饿域3(8%)
[切片剥夺] 周期343300000：切片0（所属域2）进入待剥夺状态，禁止新替换
[切片剥夺] 周期343300000：切片0在途请求已清空，开始执行脏行写回
[切片管理] 周期343330849：原域2仅剩1个切片，关闭路扩展模式
[动态重分配] 周期343330849：切片0写回完成，自动绑定到域3
[切片管理] 成功绑定切片0 → 安全域3，触发【路扩展模式】

======================== 切片硬件状态 ========================
切片号 | 所属安全域 | 当前状态    | 路扩展 | LRU touched
------------------------------------------------------------------
  0    |   域3      | 正常运行   |  是   |  343330849
  1    |   域0      | 正常运行   |  否   |  343330849
  2    |   域2      | 正常运行   |  否   |  343330844
  3    |   域3      | 正常运行   |  是   |  343330848
==================================================================


======================== 切片硬件状态 ========================
切片号 | 所属安全域 | 当前状态    | 路扩展 | LRU touched
------------------------------------------------------------------
  0    |   域3      | 正常运行   |  是   |  343502290
  1    |   域0      | 正常运行   |  否   |  343599944
  2    |   域2      | 正常运行   |  否   |  343599951
  3    |   域3      | 正常运行   |  是   |  343599953
==================================================================

[动态重分配] 周期343600000：预约迁移 冗余域3(0%) -> 切片3 -> 饥饿域2(8%)
[切片剥夺] 周期343600000：切片3（所属域3）进入待剥夺状态，禁止新替换
[切片剥夺] 周期343600000：切片3在途请求已清空，开始执行脏行写回
[切片管理] 周期343600035：原域3仅剩1个切片，关闭路扩展模式
[动态重分配] 周期343600035：切片3写回完成，自动绑定到域2
[切片管理] 成功绑定切片3 → 安全域2，触发【路扩展模式】

======================== 切片硬件状态 ========================
切片号 | 所属安全域 | 当前状态    | 路扩展 | LRU touched
------------------------------------------------------------------
  0    |   域3      | 正常运行   |  否   |  343502290
  1    |   域0      | 正常运行   |  否   |  343599944
  2    |   域2      | 正常运行   |  是   |  343599951
  3    |   域2      | 正常运行   |  是   |  343600035
==================================================================


======================== 切片硬件状态 ========================
切片号 | 所属安全域 | 当前状态    | 路扩展 | LRU touched
------------------------------------------------------------------
  0    |   域3      | 正常运行   |  否   |  349099984
  1    |   域0      | 正常运行   |  否   |  349099984
  2    |   域2      | 正常运行   |  是   |  349099984
  3    |   域2      | 正常运行   |  是   |  349099984
==================================================================

[动态重分配] 周期349100000：预约迁移 冗余域2(0%) -> 切片2 -> 饥饿域0(6%)
[切片剥夺] 周期349100000：切片2（所属域2）进入待剥夺状态，禁止新替换
[切片剥夺] 周期349100000：切片2在途请求已清空，开始执行脏行写回
[切片管理] 周期349100832：原域2仅剩1个切片，关闭路扩展模式
[动态重分配] 周期349100832：切片2写回完成，自动绑定到域0
[切片管理] 成功绑定切片2 → 安全域0，触发【路扩展模式】

======================== 切片硬件状态 ========================
切片号 | 所属安全域 | 当前状态    | 路扩展 | LRU touched
------------------------------------------------------------------
  0    |   域3      | 正常运行   |  否   |  349100816
  1    |   域0      | 正常运行   |  是   |  349100818
  2    |   域0      | 正常运行   |  是   |  349100832
  3    |   域2      | 正常运行   |  否   |  349100818
==================================================================


======================== 切片硬件状态 ========================
切片号 | 所属安全域 | 当前状态    | 路扩展 | LRU touched
------------------------------------------------------------------
  0    |   域3      | 正常运行   |  否   |  356399893
  1    |   域0      | 正常运行   |  是   |  356399890
  2    |   域0      | 正常运行   |  是   |  356399889
  3    |   域2      | 正常运行   |  否   |  356399901
==================================================================

[动态重分配] 周期356400000：预约迁移 冗余域0(1%) -> 切片1 -> 饥饿域2(8%)
[切片剥夺] 周期356400000：切片1（所属域0）进入待剥夺状态，禁止新替换
[切片剥夺] 周期356400036：切片1在途请求已清空，开始执行脏行写回
[切片管理] 周期356400236：原域0仅剩1个切片，关闭路扩展模式
[动态重分配] 周期356400236：切片1写回完成，自动绑定到域2
[切片管理] 成功绑定切片1 → 安全域2，触发【路扩展模式】

======================== 切片硬件状态 ========================
切片号 | 所属安全域 | 当前状态    | 路扩展 | LRU touched
------------------------------------------------------------------
  0    |   域3      | 正常运行   |  否   |  356400230
  1    |   域2      | 正常运行   |  是   |  356400236
  2    |   域0      | 正常运行   |  否   |  356400233
  3    |   域2      | 正常运行   |  是   |  356400236
==================================================================


======================== 切片硬件状态 ========================
切片号 | 所属安全域 | 当前状态    | 路扩展 | LRU touched
------------------------------------------------------------------
  0    |   域3      | 正常运行   |  否   |  356799998
  1    |   域2      | 正常运行   |  是   |  356799999
  2    |   域0      | 正常运行   |  否   |  356800000
  3    |   域2      | 正常运行   |  是   |  356799991
==================================================================

[动态重分配] 周期356800000：预约迁移 冗余域2(2%) -> 切片3 -> 饥饿域3(9%)
[切片剥夺] 周期356800000：切片3（所属域2）进入待剥夺状态，禁止新替换
[切片剥夺] 周期356800000：切片3在途请求已清空，开始执行脏行写回
[切片管理] 周期356800188：原域2仅剩1个切片，关闭路扩展模式
[动态重分配] 周期356800188：切片3写回完成，自动绑定到域3
[切片管理] 成功绑定切片3 → 安全域3，触发【路扩展模式】

======================== 切片硬件状态 ========================
切片号 | 所属安全域 | 当前状态    | 路扩展 | LRU touched
------------------------------------------------------------------
  0    |   域3      | 正常运行   |  是   |  356800089
  1    |   域2      | 正常运行   |  否   |  356800038
  2    |   域0      | 正常运行   |  否   |  356800074
  3    |   域3      | 正常运行   |  是   |  356800188
==================================================================


======================== 切片硬件状态 ========================
切片号 | 所属安全域 | 当前状态    | 路扩展 | LRU touched
------------------------------------------------------------------
  0    |   域3      | 正常运行   |  是   |  361799982
  1    |   域2      | 正常运行   |  否   |  361799832
  2    |   域0      | 正常运行   |  否   |  361799984
  3    |   域3      | 正常运行   |  是   |  361799984
==================================================================

[动态重分配] 周期361800000：预约迁移 冗余域3(0%) -> 切片0 -> 饥饿域0(13%)
[切片剥夺] 周期361800000：切片0（所属域3）进入待剥夺状态，禁止新替换
[切片剥夺] 周期361800000：切片0在途请求已清空，开始执行脏行写回
[切片管理] 周期361802140：原域3仅剩1个切片，关闭路扩展模式
[动态重分配] 周期361802140：切片0写回完成，自动绑定到域0
[切片管理] 成功绑定切片0 → 安全域0，触发【路扩展模式】

======================== 切片硬件状态 ========================
切片号 | 所属安全域 | 当前状态    | 路扩展 | LRU touched
------------------------------------------------------------------
  0    |   域0      | 正常运行   |  是   |  361802140
  1    |   域2      | 正常运行   |  否   |  361802124
  2    |   域0      | 正常运行   |  是   |  361802124
  3    |   域3      | 正常运行   |  否   |  361802123
==================================================================


======================== 切片硬件状态 ========================
切片号 | 所属安全域 | 当前状态    | 路扩展 | LRU touched
------------------------------------------------------------------
  0    |   域0      | 正常运行   |  是   |  392899995
  1    |   域2      | 正常运行   |  否   |  392900000
  2    |   域0      | 正常运行   |  是   |  392899994
  3    |   域3      | 正常运行   |  否   |  392899993
==================================================================

[动态重分配] 周期392900000：预约迁移 冗余域0(2%) -> 切片0 -> 饥饿域2(9%)
[切片剥夺] 周期392900000：切片0（所属域0）进入待剥夺状态，禁止新替换
[切片剥夺] 周期392900164：切片0在途请求已清空，开始执行脏行写回
[切片管理] 周期392900289：原域0仅剩1个切片，关闭路扩展模式
[动态重分配] 周期392900289：切片0写回完成，自动绑定到域2
[切片管理] 成功绑定切片0 → 安全域2，触发【路扩展模式】

======================== 切片硬件状态 ========================
切片号 | 所属安全域 | 当前状态    | 路扩展 | LRU touched
------------------------------------------------------------------
  0    |   域2      | 正常运行   |  是   |  392900289
  1    |   域2      | 正常运行   |  是   |  392900272
  2    |   域0      | 正常运行   |  否   |  392900289
  3    |   域3      | 正常运行   |  否   |  392900283
==================================================================


======================== 切片硬件状态 ========================
切片号 | 所属安全域 | 当前状态    | 路扩展 | LRU touched
------------------------------------------------------------------
  0    |   域2      | 正常运行   |  是   |  397798608
  1    |   域2      | 正常运行   |  是   |  397799961
  2    |   域0      | 正常运行   |  否   |  397799965
  3    |   域3      | 正常运行   |  否   |  397799964
==================================================================

[动态重分配] 周期397800000：预约迁移 冗余域2(1%) -> 切片0 -> 饥饿域3(10%)
[切片剥夺] 周期397800000：切片0（所属域2）进入待剥夺状态，禁止新替换
[切片剥夺] 周期397800000：切片0在途请求已清空，开始执行脏行写回
[切片管理] 周期397840143：原域2仅剩1个切片，关闭路扩展模式
[动态重分配] 周期397840143：切片0写回完成，自动绑定到域3
[切片管理] 成功绑定切片0 → 安全域3，触发【路扩展模式】

======================== 切片硬件状态 ========================
切片号 | 所属安全域 | 当前状态    | 路扩展 | LRU touched
------------------------------------------------------------------
  0    |   域3      | 正常运行   |  是   |  397840143
  1    |   域2      | 正常运行   |  否   |  397840132
  2    |   域0      | 正常运行   |  否   |  397840140
  3    |   域3      | 正常运行   |  是   |  397840140
==================================================================


======================== 切片硬件状态 ========================
切片号 | 所属安全域 | 当前状态    | 路扩展 | LRU touched
------------------------------------------------------------------
  0    |   域3      | 正常运行   |  是   |  398499961
  1    |   域2      | 正常运行   |  否   |  398499923
  2    |   域0      | 正常运行   |  否   |  398499960
  3    |   域3      | 正常运行   |  是   |  398499961
==================================================================

[动态重分配] 周期398500000：预约迁移 冗余域3(2%) -> 切片0 -> 饥饿域2(8%)
[切片剥夺] 周期398500000：切片0（所属域3）进入待剥夺状态，禁止新替换
[切片剥夺] 周期398500000：切片0在途请求已清空，开始执行脏行写回
[切片管理] 周期398502841：原域3仅剩1个切片，关闭路扩展模式
[动态重分配] 周期398502841：切片0写回完成，自动绑定到域2
[切片管理] 成功绑定切片0 → 安全域2，触发【路扩展模式】

======================== 切片硬件状态 ========================
切片号 | 所属安全域 | 当前状态    | 路扩展 | LRU touched
------------------------------------------------------------------
  0    |   域2      | 正常运行   |  是   |  398502841
  1    |   域2      | 正常运行   |  是   |  398502839
  2    |   域0      | 正常运行   |  否   |  398502841
  3    |   域3      | 正常运行   |  否   |  398502840
==================================================================


**** Debug Statistics at 401000000 Cycles *****
Threads: 4		Fetch Width: 8
No of useful instructions fetched:	733951981 (22.88% proc util.)
No of total instructions fetched:	795880730 (24.81% proc util.)
 includes 129744 misfetch (0.0%), 61799005 (7.8%) wrong-path fetches
 and 0 flushed after failed lock(0.0%)
No of useful instructions issued/executed:	733951969 (22.88% proc util.)
No of total instructions issued/executed:	763401437 (23.80% proc util.)
 includes 29449468 wrong-path (3.9%) insts and 0 flushed (0.0%)
	fp 93241773, 12.21%
	synch 0, 0.00%
	integer 446156919, 58.44%
	load/store 224002745, 29.34%
Avg size of int IQ (before scheduling): 21.59
Avg size of fp IQ (before scheduling): 7.91
No of cycles taken:		401000000
Parallelism [ 0.524, 0.000, 0.653, 0.653,] = 1.830
 IQ conflicts: 7956488 (1.98%), FQ conflicts: 286416 (0.07%) 
 I reg conflicts: 212252208 (52.93%), FP reg conflicts: 57418672 (14.32%)
  Activelist confs: 0 (0.00%), ROB confs: 5498 (0.00%)
  Int unit conflicts: 141854156 (35.38%), FP unit conflicts: 1249697 (0.31%)
  Load/store unit conflicts: 43266218 (10.79%)
  MSHR conflicts: 951545832 (237.29%)
----------------------------------------
==== System-wide Cache Statistics ====
Stall for miss queue full 1945 cycles (0.00%)
----------------------------------------
==== Statistics for Master ID: 0 ====
Reads: 149214352   Writes: 5951066
ICACHE: size: 64 KB assoc: 2
ICACHE: hits:75717704 misses:1599  Hit Ratio: 100.00%
DCACHE: size: 1*16 KB assoc: 1*4
DCACHE: hits:76829685 misses:2616655 writebacks:732149  Hit Ratio: 96.71%
SCACHE: size: 512 KB assoc: 2
SCACHE: hits:293600 misses:2324428  Hit Ratio: 11.21%
3CACHE: size: 4096 KB assoc: 2
3CACHE: hits:489493 misses:1834935  Hit Ratio: 21.06%
3CACHE: dirty items replaced:75158
ITLB: size: 48, misses 26, miss rate 0.00%
DTLB: size: 128, misses 48745, miss rate 0.06%
Avg mem delay: 6.800 cycles
----------------------------------------
==== Statistics for Master ID: 2 ====
Reads: 127816167   Writes: 21636084
ICACHE: size: 64 KB assoc: 2
ICACHE: hits:81457025 misses:9862  Hit Ratio: 99.99%
DCACHE: size: 2*16 KB assoc: 2*4
DCACHE: hits:64963243 misses:3023176 writebacks:1618283  Hit Ratio: 95.55%
SCACHE: size: 512 KB assoc: 2
SCACHE: hits:497134 misses:2534849  Hit Ratio: 16.40%
3CACHE: size: 4096 KB assoc: 2
3CACHE: hits:292250 misses:2242599  Hit Ratio: 11.53%
3CACHE: dirty items replaced:35215
ITLB: size: 48, misses 25, miss rate 0.00%
DTLB: size: 128, misses 101259, miss rate 0.15%
Avg mem delay: 6.800 cycles
----------------------------------------
==== Statistics for Master ID: 3 ====
Reads: 138147314   Writes: 23779482
ICACHE: size: 64 KB assoc: 2
ICACHE: hits:85342404 misses:13155  Hit Ratio: 99.98%
DCACHE: size: 1*16 KB assoc: 1*4
DCACHE: hits:72962966 misses:3608826 writebacks:1726300  Hit Ratio: 95.29%
SCACHE: size: 512 KB assoc: 2
SCACHE: hits:1253630 misses:2367796  Hit Ratio: 34.62%
3CACHE: size: 4096 KB assoc: 2
3CACHE: hits:279448 misses:2088348  Hit Ratio: 11.80%
3CACHE: dirty items replaced:37382
ITLB: size: 48, misses 25, miss rate 0.00%
DTLB: size: 128, misses 96487, miss rate 0.13%
Avg mem delay: 6.800 cycles
----------------------------------------
==== Global Resource Utilization ====
STASH: size: 65536 entries, full 1051253634, empty 41932, misses 3936, full rate 100.00
icache bank util. 0.074 0.056 0.052 0.059 0.070 0.132 0.076 0.087 
dcache bank util. 0.070 0.081 0.088 0.075 0.098 0.071 0.099 0.077 
L2 bank util. 0.026 0.026 0.026 0.026 0.025 0.026 0.030 0.034 
L1-L2 bus util. = 0.100, L3 util. = 0.154
----------------------------------------

======================== 切片硬件状态 ========================
切片号 | 所属安全域 | 当前状态    | 路扩展 | LRU touched
------------------------------------------------------------------
  0    |   域2      | 正常运行   |  是   |  400998959
  1    |   域2      | 正常运行   |  是   |  400999940
  2    |   域0      | 正常运行   |  否   |  400999961
  3    |   域3      | 正常运行   |  否   |  400999946
==================================================================

branch prediction, hits = 41675157, misses = 2291304, hit rate = 94.79%
return_stack prediction, hits = 2130230, misses = 20, hit rate = 100.00%
jump prediction, hits = 48606267, misses = 46715, hit rate = 99.90%

======================== 切片硬件状态 ========================
切片号 | 所属安全域 | 当前状态    | 路扩展 | LRU touched
------------------------------------------------------------------
  0    |   域2      | 正常运行   |  是   |  401499869
  1    |   域2      | 正常运行   |  是   |  401499863
  2    |   域0      | 正常运行   |  否   |  401499882
  3    |   域3      | 正常运行   |  否   |  401499865
==================================================================

[动态重分配] 周期401500000：预约迁移 冗余域2(0%) -> 切片0 -> 饥饿域3(8%)
[切片剥夺] 周期401500000：切片0（所属域2）进入待剥夺状态，禁止新替换
[切片剥夺] 周期401500000：切片0在途请求已清空，开始执行脏行写回
[切片管理] 周期401500194：原域2仅剩1个切片，关闭路扩展模式
[动态重分配] 周期401500194：切片0写回完成，自动绑定到域3
[切片管理] 成功绑定切片0 → 安全域3，触发【路扩展模式】

======================== 切片硬件状态 ========================
切片号 | 所属安全域 | 当前状态    | 路扩展 | LRU touched
------------------------------------------------------------------
  0    |   域3      | 正常运行   |  是   |  401500194
  1    |   域2      | 正常运行   |  否   |  401500190
  2    |   域0      | 正常运行   |  否   |  401500194
  3    |   域3      | 正常运行   |  是   |  401500193
==================================================================


======================== 切片硬件状态 ========================
切片号 | 所属安全域 | 当前状态    | 路扩展 | LRU touched
------------------------------------------------------------------
  0    |   域3      | 正常运行   |  是   |  404099934
  1    |   域2      | 正常运行   |  否   |  404099931
  2    |   域0      | 正常运行   |  否   |  404099990
  3    |   域3      | 正常运行   |  是   |  404098520
==================================================================

[动态重分配] 周期404100000：预约迁移 冗余域3(1%) -> 切片0 -> 饥饿域2(7%)
[切片剥夺] 周期404100000：切片0（所属域3）进入待剥夺状态，禁止新替换
[切片剥夺] 周期404100000：切片0在途请求已清空，开始执行脏行写回
[切片管理] 周期404143198：原域3仅剩1个切片，关闭路扩展模式
[动态重分配] 周期404143198：切片0写回完成，自动绑定到域2
[切片管理] 成功绑定切片0 → 安全域2，触发【路扩展模式】

======================== 切片硬件状态 ========================
切片号 | 所属安全域 | 当前状态    | 路扩展 | LRU touched
------------------------------------------------------------------
  0    |   域2      | 正常运行   |  是   |  404143198
  1    |   域2      | 正常运行   |  是   |  404143194
  2    |   域0      | 正常运行   |  否   |  404143193
  3    |   域3      | 正常运行   |  否   |  404143162
==================================================================


======================== 切片硬件状态 ========================
切片号 | 所属安全域 | 当前状态    | 路扩展 | LRU touched
------------------------------------------------------------------
  0    |   域2      | 正常运行   |  是   |  422599991
  1    |   域2      | 正常运行   |  是   |  422599995
  2    |   域0      | 正常运行   |  否   |  422599999
  3    |   域3      | 正常运行   |  否   |  422599992
==================================================================

[动态重分配] 周期422600000：预约迁移 冗余域2(0%) -> 切片0 -> 饥饿域3(7%)
[切片剥夺] 周期422600000：切片0（所属域2）进入待剥夺状态，禁止新替换
[切片剥夺] 周期422600000：切片0在途请求已清空，开始执行脏行写回
[切片管理] 周期422600269：原域2仅剩1个切片，关闭路扩展模式
[动态重分配] 周期422600269：切片0写回完成，自动绑定到域3
[切片管理] 成功绑定切片0 → 安全域3，触发【路扩展模式】

======================== 切片硬件状态 ========================
切片号 | 所属安全域 | 当前状态    | 路扩展 | LRU touched
------------------------------------------------------------------
  0    |   域3      | 正常运行   |  是   |  422600269
  1    |   域2      | 正常运行   |  否   |  422599995
  2    |   域0      | 正常运行   |  否   |  422599999
  3    |   域3      | 正常运行   |  是   |  422599992
==================================================================


======================== 切片硬件状态 ========================
切片号 | 所属安全域 | 当前状态    | 路扩展 | LRU touched
------------------------------------------------------------------
  0    |   域3      | 正常运行   |  是   |  440699999
  1    |   域2      | 正常运行   |  否   |  440699998
  2    |   域0      | 正常运行   |  否   |  440700000
  3    |   域3      | 正常运行   |  是   |  440699593
==================================================================

[动态重分配] 周期440700000：预约迁移 冗余域3(1%) -> 切片0 -> 饥饿域2(9%)
[切片剥夺] 周期440700000：切片0（所属域3）进入待剥夺状态，禁止新替换
[切片剥夺] 周期440700000：切片0在途请求已清空，开始执行脏行写回
[切片管理] 周期440736824：原域3仅剩1个切片，关闭路扩展模式
[动态重分配] 周期440736824：切片0写回完成，自动绑定到域2
[切片管理] 成功绑定切片0 → 安全域2，触发【路扩展模式】

======================== 切片硬件状态 ========================
切片号 | 所属安全域 | 当前状态    | 路扩展 | LRU touched
------------------------------------------------------------------
  0    |   域2      | 正常运行   |  是   |  440736824
  1    |   域2      | 正常运行   |  是   |  440736823
  2    |   域0      | 正常运行   |  否   |  440736824
  3    |   域3      | 正常运行   |  否   |  440736820
==================================================================


======================== 切片硬件状态 ========================
切片号 | 所属安全域 | 当前状态    | 路扩展 | LRU touched
------------------------------------------------------------------
  0    |   域2      | 正常运行   |  是   |  441299875
  1    |   域2      | 正常运行   |  是   |  441299880
  2    |   域0      | 正常运行   |  否   |  441299872
  3    |   域3      | 正常运行   |  否   |  441299878
==================================================================

[动态重分配] 周期441300000：预约迁移 冗余域2(2%) -> 切片0 -> 饥饿域3(9%)
[切片剥夺] 周期441300000：切片0（所属域2）进入待剥夺状态，禁止新替换
[切片剥夺] 周期441300000：切片0在途请求已清空，开始执行脏行写回
[切片管理] 周期441303560：原域2仅剩1个切片，关闭路扩展模式
[动态重分配] 周期441303560：切片0写回完成，自动绑定到域3
[切片管理] 成功绑定切片0 → 安全域3，触发【路扩展模式】

======================== 切片硬件状态 ========================
切片号 | 所属安全域 | 当前状态    | 路扩展 | LRU touched
------------------------------------------------------------------
  0    |   域3      | 正常运行   |  是   |  441303560
  1    |   域2      | 正常运行   |  否   |  441303556
  2    |   域0      | 正常运行   |  否   |  441303559
  3    |   域3      | 正常运行   |  是   |  441303558
==================================================================


======================== 切片硬件状态 ========================
切片号 | 所属安全域 | 当前状态    | 路扩展 | LRU touched
------------------------------------------------------------------
  0    |   域3      | 正常运行   |  是   |  449199983
  1    |   域2      | 正常运行   |  否   |  449199995
  2    |   域0      | 正常运行   |  否   |  449199993
  3    |   域3      | 正常运行   |  是   |  449199996
==================================================================

[动态重分配] 周期449200000：预约迁移 冗余域3(0%) -> 切片0 -> 饥饿域2(7%)
[切片剥夺] 周期449200000：切片0（所属域3）进入待剥夺状态，禁止新替换
[切片剥夺] 周期449200000：切片0在途请求已清空，开始执行脏行写回
[切片管理] 周期449200092：原域3仅剩1个切片，关闭路扩展模式
[动态重分配] 周期449200092：切片0写回完成，自动绑定到域2
[切片管理] 成功绑定切片0 → 安全域2，触发【路扩展模式】

======================== 切片硬件状态 ========================
切片号 | 所属安全域 | 当前状态    | 路扩展 | LRU touched
------------------------------------------------------------------
  0    |   域2      | 正常运行   |  是   |  449200092
  1    |   域2      | 正常运行   |  是   |  449200051
  2    |   域0      | 正常运行   |  否   |  449200051
  3    |   域3      | 正常运行   |  否   |  449200007
==================================================================


======================== 切片硬件状态 ========================
切片号 | 所属安全域 | 当前状态    | 路扩展 | LRU touched
------------------------------------------------------------------
  0    |   域2      | 正常运行   |  是   |  459999431
  1    |   域2      | 正常运行   |  是   |  459999997
  2    |   域0      | 正常运行   |  否   |  459999992
  3    |   域3      | 正常运行   |  否   |  459999998
==================================================================

[动态重分配] 周期460000000：预约迁移 冗余域2(1%) -> 切片0 -> 饥饿域3(8%)
[切片剥夺] 周期460000000：切片0（所属域2）进入待剥夺状态，禁止新替换
[切片剥夺] 周期460000000：切片0在途请求已清空，开始执行脏行写回
[切片管理] 周期460044660：原域2仅剩1个切片，关闭路扩展模式
[动态重分配] 周期460044660：切片0写回完成，自动绑定到域3
[切片管理] 成功绑定切片0 → 安全域3，触发【路扩展模式】

======================== 切片硬件状态 ========================
切片号 | 所属安全域 | 当前状态    | 路扩展 | LRU touched
------------------------------------------------------------------
  0    |   域3      | 正常运行   |  是   |  460044660
  1    |   域2      | 正常运行   |  否   |  460044642
  2    |   域0      | 正常运行   |  否   |  460044660
  3    |   域3      | 正常运行   |  是   |  460044658
==================================================================


======================== 切片硬件状态 ========================
切片号 | 所属安全域 | 当前状态    | 路扩展 | LRU touched
------------------------------------------------------------------
  0    |   域3      | 正常运行   |  是   |  460899943
  1    |   域2      | 正常运行   |  否   |  460899970
  2    |   域0      | 正常运行   |  否   |  460899970
  3    |   域3      | 正常运行   |  是   |  460899969
==================================================================

[动态重分配] 周期460900000：预约迁移 冗余域3(1%) -> 切片0 -> 饥饿域2(8%)
[切片剥夺] 周期460900000：切片0（所属域3）进入待剥夺状态，禁止新替换
[切片剥夺] 周期460900000：切片0在途请求已清空，开始执行脏行写回
[切片管理] 周期460902289：原域3仅剩1个切片，关闭路扩展模式
[动态重分配] 周期460902289：切片0写回完成，自动绑定到域2
[切片管理] 成功绑定切片0 → 安全域2，触发【路扩展模式】

======================== 切片硬件状态 ========================
切片号 | 所属安全域 | 当前状态    | 路扩展 | LRU touched
------------------------------------------------------------------
  0    |   域2      | 正常运行   |  是   |  460902289
  1    |   域2      | 正常运行   |  是   |  460902288
  2    |   域0      | 正常运行   |  否   |  460902289
  3    |   域3      | 正常运行   |  否   |  460902287
==================================================================


======================== 切片硬件状态 ========================
切片号 | 所属安全域 | 当前状态    | 路扩展 | LRU touched
------------------------------------------------------------------
  0    |   域2      | 正常运行   |  是   |  463899835
  1    |   域2      | 正常运行   |  是   |  463899829
  2    |   域0      | 正常运行   |  否   |  463899854
  3    |   域3      | 正常运行   |  否   |  463899840
==================================================================

[动态重分配] 周期463900000：预约迁移 冗余域2(0%) -> 切片0 -> 饥饿域3(8%)
[切片剥夺] 周期463900000：切片0（所属域2）进入待剥夺状态，禁止新替换
[切片剥夺] 周期463900000：切片0在途请求已清空，开始执行脏行写回
[切片管理] 周期463900197：原域2仅剩1个切片，关闭路扩展模式
[动态重分配] 周期463900197：切片0写回完成，自动绑定到域3
[切片管理] 成功绑定切片0 → 安全域3，触发【路扩展模式】

======================== 切片硬件状态 ========================
切片号 | 所属安全域 | 当前状态    | 路扩展 | LRU touched
------------------------------------------------------------------
  0    |   域3      | 正常运行   |  是   |  463900197
  1    |   域2      | 正常运行   |  否   |  463900062
  2    |   域0      | 正常运行   |  否   |  463900109
  3    |   域3      | 正常运行   |  是   |  463900105
==================================================================


======================== 切片硬件状态 ========================
切片号 | 所属安全域 | 当前状态    | 路扩展 | LRU touched
------------------------------------------------------------------
  0    |   域3      | 正常运行   |  是   |  482599958
  1    |   域2      | 正常运行   |  否   |  482599984
  2    |   域0      | 正常运行   |  否   |  482599973
  3    |   域3      | 正常运行   |  是   |  482599975
==================================================================

[动态重分配] 周期482600000：预约迁移 冗余域3(0%) -> 切片0 -> 饥饿域2(8%)
[切片剥夺] 周期482600000：切片0（所属域3）进入待剥夺状态，禁止新替换
[切片剥夺] 周期482600000：切片0在途请求已清空，开始执行脏行写回
[切片管理] 周期482608737：原域3仅剩1个切片，关闭路扩展模式
[动态重分配] 周期482608737：切片0写回完成，自动绑定到域2
[切片管理] 成功绑定切片0 → 安全域2，触发【路扩展模式】

======================== 切片硬件状态 ========================
切片号 | 所属安全域 | 当前状态    | 路扩展 | LRU touched
------------------------------------------------------------------
  0    |   域2      | 正常运行   |  是   |  482608737
  1    |   域2      | 正常运行   |  是   |  482608734
  2    |   域0      | 正常运行   |  否   |  482608737
  3    |   域3      | 正常运行   |  否   |  482608736
==================================================================


======================== 切片硬件状态 ========================
切片号 | 所属安全域 | 当前状态    | 路扩展 | LRU touched
------------------------------------------------------------------
  0    |   域2      | 正常运行   |  是   |  490999999
  1    |   域2      | 正常运行   |  是   |  490999981
  2    |   域0      | 正常运行   |  否   |  491000000
  3    |   域3      | 正常运行   |  否   |  490999995
==================================================================

[动态重分配] 周期491000000：预约迁移 冗余域2(0%) -> 切片0 -> 饥饿域3(8%)
[切片剥夺] 周期491000000：切片0（所属域2）进入待剥夺状态，禁止新替换
[切片剥夺] 周期491000000：切片0在途请求已清空，开始执行脏行写回
[切片管理] 周期491000261：原域2仅剩1个切片，关闭路扩展模式
[动态重分配] 周期491000261：切片0写回完成，自动绑定到域3
[切片管理] 成功绑定切片0 → 安全域3，触发【路扩展模式】

======================== 切片硬件状态 ========================
切片号 | 所属安全域 | 当前状态    | 路扩展 | LRU touched
------------------------------------------------------------------
  0    |   域3      | 正常运行   |  是   |  491000261
  1    |   域2      | 正常运行   |  否   |  491000210
  2    |   域0      | 正常运行   |  否   |  491000256
  3    |   域3      | 正常运行   |  是   |  491000261
==================================================================


======================== 切片硬件状态 ========================
切片号 | 所属安全域 | 当前状态    | 路扩展 | LRU touched
------------------------------------------------------------------
  0    |   域3      | 正常运行   |  是   |  495799952
  1    |   域2      | 正常运行   |  否   |  495799886
  2    |   域0      | 正常运行   |  否   |  495799934
  3    |   域3      | 正常运行   |  是   |  495799940
==================================================================

[动态重分配] 周期495800000：预约迁移 冗余域3(0%) -> 切片0 -> 饥饿域2(6%)
[切片剥夺] 周期495800000：切片0（所属域3）进入待剥夺状态，禁止新替换
[切片剥夺] 周期495800000：切片0在途请求已清空，开始执行脏行写回
[切片管理] 周期495800167：原域3仅剩1个切片，关闭路扩展模式
[动态重分配] 周期495800167：切片0写回完成，自动绑定到域2
[切片管理] 成功绑定切片0 → 安全域2，触发【路扩展模式】

======================== 切片硬件状态 ========================
切片号 | 所属安全域 | 当前状态    | 路扩展 | LRU touched
------------------------------------------------------------------
  0    |   域2      | 正常运行   |  是   |  495800167
  1    |   域2      | 正常运行   |  是   |  495799886
  2    |   域0      | 正常运行   |  否   |  495799934
  3    |   域3      | 正常运行   |  否   |  495799940
==================================================================


======================== 切片硬件状态 ========================
切片号 | 所属安全域 | 当前状态    | 路扩展 | LRU touched
------------------------------------------------------------------
  0    |   域2      | 正常运行   |  是   |  499499504
  1    |   域2      | 正常运行   |  是   |  499499998
  2    |   域0      | 正常运行   |  否   |  499499992
  3    |   域3      | 正常运行   |  否   |  499499997
==================================================================

[动态重分配] 周期499500000：预约迁移 冗余域2(1%) -> 切片0 -> 饥饿域3(9%)
[切片剥夺] 周期499500000：切片0（所属域2）进入待剥夺状态，禁止新替换
[切片剥夺] 周期499500000：切片0在途请求已清空，开始执行脏行写回
[切片管理] 周期499542633：原域2仅剩1个切片，关闭路扩展模式
[动态重分配] 周期499542633：切片0写回完成，自动绑定到域3
[切片管理] 成功绑定切片0 → 安全域3，触发【路扩展模式】

======================== 切片硬件状态 ========================
切片号 | 所属安全域 | 当前状态    | 路扩展 | LRU touched
------------------------------------------------------------------
  0    |   域3      | 正常运行   |  是   |  499542633
  1    |   域2      | 正常运行   |  否   |  499542619
  2    |   域0      | 正常运行   |  否   |  499542633
  3    |   域3      | 正常运行   |  是   |  499542632
==================================================================


======================== 切片硬件状态 ========================
切片号 | 所属安全域 | 当前状态    | 路扩展 | LRU touched
------------------------------------------------------------------
  0    |   域3      | 正常运行   |  是   |  499775817
  1    |   域2      | 正常运行   |  否   |  499899941
  2    |   域0      | 正常运行   |  否   |  499899950
  3    |   域3      | 正常运行   |  是   |  499899940
==================================================================

[动态重分配] 周期499900000：预约迁移 冗余域3(0%) -> 切片3 -> 饥饿域2(9%)
[切片剥夺] 周期499900000：切片3（所属域3）进入待剥夺状态，禁止新替换
[切片剥夺] 周期499900000：切片3在途请求已清空，开始执行脏行写回
[切片管理] 周期499900032：原域3仅剩1个切片，关闭路扩展模式
[动态重分配] 周期499900032：切片3写回完成，自动绑定到域2
[切片管理] 成功绑定切片3 → 安全域2，触发【路扩展模式】

======================== 切片硬件状态 ========================
切片号 | 所属安全域 | 当前状态    | 路扩展 | LRU touched
------------------------------------------------------------------
  0    |   域3      | 正常运行   |  否   |  499775817
  1    |   域2      | 正常运行   |  是   |  499899941
  2    |   域0      | 正常运行   |  否   |  499899950
  3    |   域2      | 正常运行   |  是   |  499900032
==================================================================


**** Debug Statistics at 501000000 Cycles *****
Threads: 4		Fetch Width: 8
No of useful instructions fetched:	979828973 (24.45% proc util.)
No of total instructions fetched:	1056547946 (26.36% proc util.)
 includes 167985 misfetch (0.0%), 76550988 (7.2%) wrong-path fetches
 and 0 flushed after failed lock(0.0%)
No of useful instructions issued/executed:	979828948 (24.45% proc util.)
No of total instructions issued/executed:	1016273093 (25.36% proc util.)
 includes 36444145 wrong-path (3.6%) insts and 0 flushed (0.0%)
	fp 131788385, 12.97%
	synch 0, 0.00%
	integer 584404549, 57.50%
	load/store 300080159, 29.53%
Avg size of int IQ (before scheduling): 19.82
Avg size of fp IQ (before scheduling): 7.45
No of cycles taken:		501000000
Parallelism [ 0.602, 0.000, 0.678, 0.677,] = 1.956
 IQ conflicts: 8111013 (1.62%), FQ conflicts: 286416 (0.06%) 
 I reg conflicts: 217959579 (43.50%), FP reg conflicts: 108868944 (21.73%)
  Activelist confs: 0 (0.00%), ROB confs: 5498 (0.00%)
  Int unit conflicts: 176176684 (35.17%), FP unit conflicts: 1401533 (0.28%)
  Load/store unit conflicts: 50922454 (10.16%)
  MSHR conflicts: 972374442 (194.09%)
----------------------------------------
==== System-wide Cache Statistics ====
Stall for miss queue full 4191 cycles (0.00%)
----------------------------------------
==== Statistics for Master ID: 0 ====
Reads: 215593972   Writes: 7193861
ICACHE: size: 64 KB assoc: 2
ICACHE: hits:107217422 misses:1599  Hit Ratio: 100.00%
DCACHE: size: 1*16 KB assoc: 1*4
DCACHE: hits:112073893 misses:3495144 writebacks:892094  Hit Ratio: 96.98%
SCACHE: size: 512 KB assoc: 2
SCACHE: hits:416565 misses:3079952  Hit Ratio: 11.91%
3CACHE: size: 4096 KB assoc: 2
3CACHE: hits:748126 misses:2331826  Hit Ratio: 24.29%
3CACHE: dirty items replaced:124368
ITLB: size: 48, misses 26, miss rate 0.00%
DTLB: size: 128, misses 61260, miss rate 0.05%
Avg mem delay: 5.749 cycles
----------------------------------------
==== Statistics for Master ID: 2 ====
Reads: 167922718   Writes: 26823882
ICACHE: size: 64 KB assoc: 2
ICACHE: hits:107590852 misses:12814  Hit Ratio: 99.99%
DCACHE: size: 2*16 KB assoc: 2*4
DCACHE: hits:83781221 misses:3363699 writebacks:1803467  Hit Ratio: 96.14%
SCACHE: size: 512 KB assoc: 2
SCACHE: hits:651180 misses:2723347  Hit Ratio: 19.30%
3CACHE: size: 4096 KB assoc: 2
3CACHE: hits:410295 misses:2313052  Hit Ratio: 15.07%
3CACHE: dirty items replaced:51782
ITLB: size: 48, misses 25, miss rate 0.00%
DTLB: size: 128, misses 105450, miss rate 0.12%
Avg mem delay: 5.749 cycles
----------------------------------------
==== Statistics for Master ID: 3 ====
Reads: 180296725   Writes: 29525122
ICACHE: size: 64 KB assoc: 2
ICACHE: hits:112437394 misses:16071  Hit Ratio: 99.99%
DCACHE: size: 1*16 KB assoc: 1*4
DCACHE: hits:93359719 misses:4010068 writebacks:1910980  Hit Ratio: 95.88%
SCACHE: size: 512 KB assoc: 2
SCACHE: hits:1484801 misses:2539933  Hit Ratio: 36.89%
3CACHE: size: 4096 KB assoc: 2
3CACHE: hits:385510 misses:2154423  Hit Ratio: 15.18%
3CACHE: dirty items replaced:54523
ITLB: size: 48, misses 25, miss rate 0.00%
DTLB: size: 128, misses 99715, miss rate 0.10%
Avg mem delay: 5.749 cycles
----------------------------------------
==== Global Resource Utilization ====
STASH: size: 65536 entries, full 1381086298, empty 41935, misses 3936, full rate 100.00
icache bank util. 0.082 0.062 0.058 0.067 0.078 0.130 0.082 0.094 
dcache bank util. 0.074 0.084 0.093 0.079 0.104 0.075 0.104 0.079 
L2 bank util. 0.025 0.025 0.025 0.024 0.024 0.024 0.027 0.030 
L1-L2 bus util. = 0.093, L3 util. = 0.136
----------------------------------------

======================== 切片硬件状态 ========================
切片号 | 所属安全域 | 当前状态    | 路扩展 | LRU touched
------------------------------------------------------------------
  0    |   域3      | 正常运行   |  否   |  500999998
  1    |   域2      | 正常运行   |  是   |  500999999
  2    |   域0      | 正常运行   |  否   |  500999997
  3    |   域2      | 正常运行   |  是   |  500999999
==================================================================

branch prediction, hits = 51414970, misses = 3085728, hit rate = 94.34%
return_stack prediction, hits = 2872427, misses = 20, hit rate = 100.00%
jump prediction, hits = 60741969, misses = 65318, hit rate = 99.89%

======================== 切片硬件状态 ========================
切片号 | 所属安全域 | 当前状态    | 路扩展 | LRU touched
------------------------------------------------------------------
  0    |   域3      | 正常运行   |  否   |  510899993
  1    |   域2      | 正常运行   |  是   |  510899831
  2    |   域0      | 正常运行   |  否   |  510899978
  3    |   域2      | 正常运行   |  是   |  510899825
==================================================================

[动态重分配] 周期510900000：预约迁移 冗余域2(0%) -> 切片1 -> 饥饿域3(6%)
[切片剥夺] 周期510900000：切片1（所属域2）进入待剥夺状态，禁止新替换
[切片剥夺] 周期510900100：切片1在途请求已清空，开始执行脏行写回
[切片管理] 周期510900403：原域2仅剩1个切片，关闭路扩展模式
[动态重分配] 周期510900403：切片1写回完成，自动绑定到域3
[切片管理] 成功绑定切片1 → 安全域3，触发【路扩展模式】

======================== 切片硬件状态 ========================
切片号 | 所属安全域 | 当前状态    | 路扩展 | LRU touched
------------------------------------------------------------------
  0    |   域3      | 正常运行   |  是   |  510900138
  1    |   域3      | 正常运行   |  是   |  510900403
  2    |   域0      | 正常运行   |  否   |  510900134
  3    |   域2      | 正常运行   |  否   |  510900110
==================================================================


======================== 切片硬件状态 ========================
切片号 | 所属安全域 | 当前状态    | 路扩展 | LRU touched
------------------------------------------------------------------
  0    |   域3      | 正常运行   |  是   |  517299973
  1    |   域3      | 正常运行   |  是   |  517299982
  2    |   域0      | 正常运行   |  否   |  517299993
  3    |   域2      | 正常运行   |  否   |  517299988
==================================================================

[动态重分配] 周期517300000：预约迁移 冗余域3(0%) -> 切片0 -> 饥饿域2(7%)
[切片剥夺] 周期517300000：切片0（所属域3）进入待剥夺状态，禁止新替换
[切片剥夺] 周期517300000：切片0在途请求已清空，开始执行脏行写回
[切片管理] 周期517315731：原域3仅剩1个切片，关闭路扩展模式
[动态重分配] 周期517315731：切片0写回完成，自动绑定到域2
[切片管理] 成功绑定切片0 → 安全域2，触发【路扩展模式】

======================== 切片硬件状态 ========================
切片号 | 所属安全域 | 当前状态    | 路扩展 | LRU touched
------------------------------------------------------------------
  0    |   域2      | 正常运行   |  是   |  517315731
  1    |   域3      | 正常运行   |  否   |  517315729
  2    |   域0      | 正常运行   |  否   |  517315721
  3    |   域2      | 正常运行   |  是   |  517315655
==================================================================


======================== 切片硬件状态 ========================
切片号 | 所属安全域 | 当前状态    | 路扩展 | LRU touched
------------------------------------------------------------------
  0    |   域2      | 正常运行   |  是   |  529899997
  1    |   域3      | 正常运行   |  否   |  529899998
  2    |   域0      | 正常运行   |  否   |  529899997
  3    |   域2      | 正常运行   |  是   |  529899995
==================================================================

[动态重分配] 周期529900000：预约迁移 冗余域2(0%) -> 切片0 -> 饥饿域3(6%)
[切片剥夺] 周期529900000：切片0（所属域2）进入待剥夺状态，禁止新替换
[切片剥夺] 周期529900000：切片0在途请求已清空，开始执行脏行写回
[切片管理] 周期529900255：原域2仅剩1个切片，关闭路扩展模式
[动态重分配] 周期529900255：切片0写回完成，自动绑定到域3
[切片管理] 成功绑定切片0 → 安全域3，触发【路扩展模式】

======================== 切片硬件状态 ========================
切片号 | 所属安全域 | 当前状态    | 路扩展 | LRU touched
------------------------------------------------------------------
  0    |   域3      | 正常运行   |  是   |  529900255
  1    |   域3      | 正常运行   |  是   |  529899998
  2    |   域0      | 正常运行   |  否   |  529900051
  3    |   域2      | 正常运行   |  否   |  529900003
==================================================================


======================== 切片硬件状态 ========================
切片号 | 所属安全域 | 当前状态    | 路扩展 | LRU touched
------------------------------------------------------------------
  0    |   域3      | 正常运行   |  是   |  531399924
  1    |   域3      | 正常运行   |  是   |  531399948
  2    |   域0      | 正常运行   |  否   |  531400000
  3    |   域2      | 正常运行   |  否   |  531399995
==================================================================

[动态重分配] 周期531400000：预约迁移 冗余域3(0%) -> 切片0 -> 饥饿域2(7%)
[切片剥夺] 周期531400000：切片0（所属域3）进入待剥夺状态，禁止新替换
[切片剥夺] 周期531400000：切片0在途请求已清空，开始执行脏行写回
[切片管理] 周期531400110：原域3仅剩1个切片，关闭路扩展模式
[动态重分配] 周期531400110：切片0写回完成，自动绑定到域2
[切片管理] 成功绑定切片0 → 安全域2，触发【路扩展模式】

======================== 切片硬件状态 ========================
切片号 | 所属安全域 | 当前状态    | 路扩展 | LRU touched
------------------------------------------------------------------
  0    |   域2      | 正常运行   |  是   |  531400110
  1    |   域3      | 正常运行   |  否   |  531400020
  2    |   域0      | 正常运行   |  否   |  531400069
  3    |   域2      | 正常运行   |  是   |  531400075
==================================================================


======================== 切片硬件状态 ========================
切片号 | 所属安全域 | 当前状态    | 路扩展 | LRU touched
------------------------------------------------------------------
  0    |   域2      | 正常运行   |  是   |  535798976
  1    |   域3      | 正常运行   |  否   |  535799930
  2    |   域0      | 正常运行   |  否   |  535799919
  3    |   域2      | 正常运行   |  是   |  535799909
==================================================================

[动态重分配] 周期535800000：预约迁移 冗余域2(1%) -> 切片0 -> 饥饿域3(8%)
[切片剥夺] 周期535800000：切片0（所属域2）进入待剥夺状态，禁止新替换
[切片剥夺] 周期535800000：切片0在途请求已清空，开始执行脏行写回
[切片管理] 周期535846250：原域2仅剩1个切片，关闭路扩展模式
[动态重分配] 周期535846250：切片0写回完成，自动绑定到域3
[切片管理] 成功绑定切片0 → 安全域3，触发【路扩展模式】

======================== 切片硬件状态 ========================
切片号 | 所属安全域 | 当前状态    | 路扩展 | LRU touched
------------------------------------------------------------------
  0    |   域3      | 正常运行   |  是   |  535846250
  1    |   域3      | 正常运行   |  是   |  535846250
  2    |   域0      | 正常运行   |  否   |  535846250
  3    |   域2      | 正常运行   |  否   |  535846236
==================================================================


======================== 切片硬件状态 ========================
切片号 | 所属安全域 | 当前状态    | 路扩展 | LRU touched
------------------------------------------------------------------
  0    |   域3      | 正常运行   |  是   |  535899997
  1    |   域3      | 正常运行   |  是   |  535900000
  2    |   域0      | 正常运行   |  否   |  535899998
  3    |   域2      | 正常运行   |  否   |  535899996
==================================================================

[动态重分配] 周期535900000：预约迁移 冗余域3(0%) -> 切片1 -> 饥饿域2(7%)
[切片剥夺] 周期535900000：切片1（所属域3）进入待剥夺状态，禁止新替换
[切片剥夺] 周期535900000：切片1在途请求已清空，开始执行脏行写回
[切片管理] 周期535900203：原域3仅剩1个切片，关闭路扩展模式
[动态重分配] 周期535900203：切片1写回完成，自动绑定到域2
[切片管理] 成功绑定切片1 → 安全域2，触发【路扩展模式】

======================== 切片硬件状态 ========================
切片号 | 所属安全域 | 当前状态    | 路扩展 | LRU touched
------------------------------------------------------------------
  0    |   域3      | 正常运行   |  否   |  535900201
  1    |   域2      | 正常运行   |  是   |  535900203
  2    |   域0      | 正常运行   |  否   |  535900202
  3    |   域2      | 正常运行   |  是   |  535900203
==================================================================


======================== 切片硬件状态 ========================
切片号 | 所属安全域 | 当前状态    | 路扩展 | LRU touched
------------------------------------------------------------------
  0    |   域3      | 正常运行   |  否   |  539899996
  1    |   域2      | 正常运行   |  是   |  539899999
  2    |   域0      | 正常运行   |  否   |  539900000
  3    |   域2      | 正常运行   |  是   |  539899999
==================================================================

[动态重分配] 周期539900000：预约迁移 冗余域2(2%) -> 切片1 -> 饥饿域3(9%)
[切片剥夺] 周期539900000：切片1（所属域2）进入待剥夺状态，禁止新替换
[切片剥夺] 周期539900016：切片1在途请求已清空，开始执行脏行写回
[切片管理] 周期539901569：原域2仅剩1个切片，关闭路扩展模式
[动态重分配] 周期539901569：切片1写回完成，自动绑定到域3
[切片管理] 成功绑定切片1 → 安全域3，触发【路扩展模式】

======================== 切片硬件状态 ========================
切片号 | 所属安全域 | 当前状态    | 路扩展 | LRU touched
------------------------------------------------------------------
  0    |   域3      | 正常运行   |  是   |  539901569
  1    |   域3      | 正常运行   |  是   |  539901569
  2    |   域0      | 正常运行   |  否   |  539901563
  3    |   域2      | 正常运行   |  否   |  539901565
==================================================================


======================== 切片硬件状态 ========================
切片号 | 所属安全域 | 当前状态    | 路扩展 | LRU touched
------------------------------------------------------------------
  0    |   域3      | 正常运行   |  是   |  544499885
  1    |   域3      | 正常运行   |  是   |  544499891
  2    |   域0      | 正常运行   |  否   |  544499905
  3    |   域2      | 正常运行   |  否   |  544499889
==================================================================

[动态重分配] 周期544500000：预约迁移 冗余域3(0%) -> 切片0 -> 饥饿域2(9%)
[切片剥夺] 周期544500000：切片0（所属域3）进入待剥夺状态，禁止新替换
[切片剥夺] 周期544500000：切片0在途请求已清空，开始执行脏行写回
[切片管理] 周期544500098：原域3仅剩1个切片，关闭路扩展模式
[动态重分配] 周期544500098：切片0写回完成，自动绑定到域2
[切片管理] 成功绑定切片0 → 安全域2，触发【路扩展模式】

======================== 切片硬件状态 ========================
切片号 | 所属安全域 | 当前状态    | 路扩展 | LRU touched
------------------------------------------------------------------
  0    |   域2      | 正常运行   |  是   |  544500098
  1    |   域3      | 正常运行   |  否   |  544499891
  2    |   域0      | 正常运行   |  否   |  544499905
  3    |   域2      | 正常运行   |  是   |  544499889
==================================================================


======================== 切片硬件状态 ========================
切片号 | 所属安全域 | 当前状态    | 路扩展 | LRU touched
------------------------------------------------------------------
  0    |   域2      | 正常运行   |  是   |  558799964
  1    |   域3      | 正常运行   |  否   |  558799969
  2    |   域0      | 正常运行   |  否   |  558799757
  3    |   域2      | 正常运行   |  是   |  558799998
==================================================================

[动态重分配] 周期558800000：预约迁移 冗余域2(0%) -> 切片0 -> 饥饿域3(6%)
[切片剥夺] 周期558800000：切片0（所属域2）进入待剥夺状态，禁止新替换
[切片剥夺] 周期558800000：切片0在途请求已清空，开始执行脏行写回
[切片管理] 周期558801030：原域2仅剩1个切片，关闭路扩展模式
[动态重分配] 周期558801030：切片0写回完成，自动绑定到域3
[切片管理] 成功绑定切片0 → 安全域3，触发【路扩展模式】

======================== 切片硬件状态 ========================
切片号 | 所属安全域 | 当前状态    | 路扩展 | LRU touched
------------------------------------------------------------------
  0    |   域3      | 正常运行   |  是   |  558801030
  1    |   域3      | 正常运行   |  是   |  558801016
  2    |   域0      | 正常运行   |  否   |  558801000
  3    |   域2      | 正常运行   |  否   |  558801030
==================================================================


======================== 切片硬件状态 ========================
切片号 | 所属安全域 | 当前状态    | 路扩展 | LRU touched
------------------------------------------------------------------
  0    |   域3      | 正常运行   |  是   |  559364008
  1    |   域3      | 正常运行   |  是   |  559399993
  2    |   域0      | 正常运行   |  否   |  559399994
  3    |   域2      | 正常运行   |  否   |  559399994
==================================================================

[动态重分配] 周期559400000：预约迁移 冗余域3(1%) -> 切片0 -> 饥饿域0(23%)
[切片剥夺] 周期559400000：切片0（所属域3）进入待剥夺状态，禁止新替换
[切片剥夺] 周期559400000：切片0在途请求已清空，开始执行脏行写回
[切片管理] 周期559407615：原域3仅剩1个切片，关闭路扩展模式
[动态重分配] 周期559407615：切片0写回完成，自动绑定到域0
[切片管理] 成功绑定切片0 → 安全域0，触发【路扩展模式】

======================== 切片硬件状态 ========================
切片号 | 所属安全域 | 当前状态    | 路扩展 | LRU touched
------------------------------------------------------------------
  0    |   域0      | 正常运行   |  是   |  559407615
  1    |   域3      | 正常运行   |  否   |  559407610
  2    |   域0      | 正常运行   |  是   |  559407611
  3    |   域2      | 正常运行   |  否   |  559407610
==================================================================


======================== 切片硬件状态 ========================
切片号 | 所属安全域 | 当前状态    | 路扩展 | LRU touched
------------------------------------------------------------------
  0    |   域0      | 正常运行   |  是   |  563799991
  1    |   域3      | 正常运行   |  否   |  563799996
  2    |   域0      | 正常运行   |  是   |  563799989
  3    |   域2      | 正常运行   |  否   |  563799999
==================================================================

[动态重分配] 周期563800000：预约迁移 冗余域0(1%) -> 切片0 -> 饥饿域3(8%)
[切片剥夺] 周期563800000：切片0（所属域0）进入待剥夺状态，禁止新替换
[切片剥夺] 周期563800000：切片0在途请求已清空，开始执行脏行写回
[切片管理] 周期563800212：原域0仅剩1个切片，关闭路扩展模式
[动态重分配] 周期563800212：切片0写回完成，自动绑定到域3
[切片管理] 成功绑定切片0 → 安全域3，触发【路扩展模式】

======================== 切片硬件状态 ========================
切片号 | 所属安全域 | 当前状态    | 路扩展 | LRU touched
------------------------------------------------------------------
  0    |   域3      | 正常运行   |  是   |  563800212
  1    |   域3      | 正常运行   |  是   |  563800212
  2    |   域0      | 正常运行   |  否   |  563800212
  3    |   域2      | 正常运行   |  否   |  563800211
==================================================================


======================== 切片硬件状态 ========================
切片号 | 所属安全域 | 当前状态    | 路扩展 | LRU touched
------------------------------------------------------------------
  0    |   域3      | 正常运行   |  是   |  575599254
  1    |   域3      | 正常运行   |  是   |  575599999
  2    |   域0      | 正常运行   |  否   |  575600000
  3    |   域2      | 正常运行   |  否   |  575599998
==================================================================

[动态重分配] 周期575600000：预约迁移 冗余域3(1%) -> 切片0 -> 饥饿域2(9%)
[切片剥夺] 周期575600000：切片0（所属域3）进入待剥夺状态，禁止新替换
[切片剥夺] 周期575600000：切片0在途请求已清空，开始执行脏行写回
[切片管理] 周期575632966：原域3仅剩1个切片，关闭路扩展模式
[动态重分配] 周期575632966：切片0写回完成，自动绑定到域2
[切片管理] 成功绑定切片0 → 安全域2，触发【路扩展模式】

======================== 切片硬件状态 ========================
切片号 | 所属安全域 | 当前状态    | 路扩展 | LRU touched
------------------------------------------------------------------
  0    |   域2      | 正常运行   |  是   |  575632966
  1    |   域3      | 正常运行   |  否   |  575632953
  2    |   域0      | 正常运行   |  否   |  575632966
  3    |   域2      | 正常运行   |  是   |  575632966
==================================================================


======================== 切片硬件状态 ========================
切片号 | 所属安全域 | 当前状态    | 路扩展 | LRU touched
------------------------------------------------------------------
  0    |   域2      | 正常运行   |  是   |  588100000
  1    |   域3      | 正常运行   |  否   |  588099968
  2    |   域0      | 正常运行   |  否   |  588100000
  3    |   域2      | 正常运行   |  是   |  588100000
==================================================================

[动态重分配] 周期588100000：预约迁移 冗余域2(1%) -> 切片0 -> 饥饿域3(7%)
[切片剥夺] 周期588100000：切片0（所属域2）进入待剥夺状态，禁止新替换
[切片剥夺] 周期588100000：切片0在途请求已清空，开始执行脏行写回
[切片管理] 周期588100553：原域2仅剩1个切片，关闭路扩展模式
[动态重分配] 周期588100553：切片0写回完成，自动绑定到域3
[切片管理] 成功绑定切片0 → 安全域3，触发【路扩展模式】

======================== 切片硬件状态 ========================
切片号 | 所属安全域 | 当前状态    | 路扩展 | LRU touched
------------------------------------------------------------------
  0    |   域3      | 正常运行   |  是   |  588100553
  1    |   域3      | 正常运行   |  是   |  588100549
  2    |   域0      | 正常运行   |  否   |  588100543
  3    |   域2      | 正常运行   |  否   |  588100543
==================================================================


======================== 切片硬件状态 ========================
切片号 | 所属安全域 | 当前状态    | 路扩展 | LRU touched
------------------------------------------------------------------
  0    |   域3      | 正常运行   |  是   |  589599869
  1    |   域3      | 正常运行   |  是   |  589599873
  2    |   域0      | 正常运行   |  否   |  589599874
  3    |   域2      | 正常运行   |  否   |  589599879
==================================================================

[动态重分配] 周期589600000：预约迁移 冗余域3(2%) -> 切片1 -> 饥饿域2(9%)
[切片剥夺] 周期589600000：切片1（所属域3）进入待剥夺状态，禁止新替换
[切片剥夺] 周期589600000：切片1在途请求已清空，开始执行脏行写回
[切片管理] 周期589600299：原域3仅剩1个切片，关闭路扩展模式
[动态重分配] 周期589600299：切片1写回完成，自动绑定到域2
[切片管理] 成功绑定切片1 → 安全域2，触发【路扩展模式】

======================== 切片硬件状态 ========================
切片号 | 所属安全域 | 当前状态    | 路扩展 | LRU touched
------------------------------------------------------------------
  0    |   域3      | 正常运行   |  否   |  589600085
  1    |   域2      | 正常运行   |  是   |  589600299
  2    |   域0      | 正常运行   |  否   |  589600097
  3    |   域2      | 正常运行   |  是   |  589600117
==================================================================


======================== 切片硬件状态 ========================
切片号 | 所属安全域 | 当前状态    | 路扩展 | LRU touched
------------------------------------------------------------------
  0    |   域3      | 正常运行   |  否   |  590299994
  1    |   域2      | 正常运行   |  是   |  590299997
  2    |   域0      | 正常运行   |  否   |  590299999
  3    |   域2      | 正常运行   |  是   |  590300000
==================================================================

[动态重分配] 周期590300000：预约迁移 冗余域2(1%) -> 切片1 -> 饥饿域3(7%)
[切片剥夺] 周期590300000：切片1（所属域2）进入待剥夺状态，禁止新替换
[切片剥夺] 周期590300000：切片1在途请求已清空，开始执行脏行写回
[切片管理] 周期590304616：原域2仅剩1个切片，关闭路扩展模式
[动态重分配] 周期590304616：切片1写回完成，自动绑定到域3
[切片管理] 成功绑定切片1 → 安全域3，触发【路扩展模式】

======================== 切片硬件状态 ========================
切片号 | 所属安全域 | 当前状态    | 路扩展 | LRU touched
------------------------------------------------------------------
  0    |   域3      | 正常运行   |  是   |  590304608
  1    |   域3      | 正常运行   |  是   |  590304616
  2    |   域0      | 正常运行   |  否   |  590304616
  3    |   域2      | 正常运行   |  否   |  590304525
==================================================================


======================== 切片硬件状态 ========================
切片号 | 所属安全域 | 当前状态    | 路扩展 | LRU touched
------------------------------------------------------------------
  0    |   域3      | 正常运行   |  是   |  591799907
  1    |   域3      | 正常运行   |  是   |  591799900
  2    |   域0      | 正常运行   |  否   |  591799898
  3    |   域2      | 正常运行   |  否   |  591799916
==================================================================

[动态重分配] 周期591800000：预约迁移 冗余域3(0%) -> 切片0 -> 饥饿域2(6%)
[切片剥夺] 周期591800000：切片0（所属域3）进入待剥夺状态，禁止新替换
[切片剥夺] 周期591800000：切片0在途请求已清空，开始执行脏行写回
[切片管理] 周期591800029：原域3仅剩1个切片，关闭路扩展模式
[动态重分配] 周期591800029：切片0写回完成，自动绑定到域2
[切片管理] 成功绑定切片0 → 安全域2，触发【路扩展模式】

======================== 切片硬件状态 ========================
切片号 | 所属安全域 | 当前状态    | 路扩展 | LRU touched
------------------------------------------------------------------
  0    |   域2      | 正常运行   |  是   |  591800029
  1    |   域3      | 正常运行   |  否   |  591799900
  2    |   域0      | 正常运行   |  否   |  591799898
  3    |   域2      | 正常运行   |  是   |  591799916
==================================================================


======================== 切片硬件状态 ========================
切片号 | 所属安全域 | 当前状态    | 路扩展 | LRU touched
------------------------------------------------------------------
  0    |   域2      | 正常运行   |  是   |  594199976
  1    |   域3      | 正常运行   |  否   |  594200000
  2    |   域0      | 正常运行   |  否   |  594199986
  3    |   域2      | 正常运行   |  是   |  594199989
==================================================================

[动态重分配] 周期594200000：预约迁移 冗余域2(1%) -> 切片0 -> 饥饿域3(7%)
[切片剥夺] 周期594200000：切片0（所属域2）进入待剥夺状态，禁止新替换
[切片剥夺] 周期594200000：切片0在途请求已清空，开始执行脏行写回
[切片管理] 周期594205402：原域2仅剩1个切片，关闭路扩展模式
[动态重分配] 周期594205402：切片0写回完成，自动绑定到域3
[切片管理] 成功绑定切片0 → 安全域3，触发【路扩展模式】

======================== 切片硬件状态 ========================
切片号 | 所属安全域 | 当前状态    | 路扩展 | LRU touched
------------------------------------------------------------------
  0    |   域3      | 正常运行   |  是   |  594205402
  1    |   域3      | 正常运行   |  是   |  594205398
  2    |   域0      | 正常运行   |  否   |  594205402
  3    |   域2      | 正常运行   |  否   |  594205398
==================================================================


======================== 切片硬件状态 ========================
切片号 | 所属安全域 | 当前状态    | 路扩展 | LRU touched
------------------------------------------------------------------
  0    |   域3      | 正常运行   |  是   |  595299991
  1    |   域3      | 正常运行   |  是   |  595299990
  2    |   域0      | 正常运行   |  否   |  595299998
  3    |   域2      | 正常运行   |  否   |  595299996
==================================================================

[动态重分配] 周期595300000：预约迁移 冗余域3(1%) -> 切片0 -> 饥饿域2(8%)
[切片剥夺] 周期595300000：切片0（所属域3）进入待剥夺状态，禁止新替换
[切片剥夺] 周期595300000：切片0在途请求已清空，开始执行脏行写回
[切片管理] 周期595302749：原域3仅剩1个切片，关闭路扩展模式
[动态重分配] 周期595302749：切片0写回完成，自动绑定到域2
[切片管理] 成功绑定切片0 → 安全域2，触发【路扩展模式】

======================== 切片硬件状态 ========================
切片号 | 所属安全域 | 当前状态    | 路扩展 | LRU touched
------------------------------------------------------------------
  0    |   域2      | 正常运行   |  是   |  595302749
  1    |   域3      | 正常运行   |  否   |  595302745
  2    |   域0      | 正常运行   |  否   |  595302746
  3    |   域2      | 正常运行   |  是   |  595302748
==================================================================


**** Debug Statistics at 601000000 Cycles *****
Threads: 4		Fetch Width: 8
No of useful instructions fetched:	1258213721 (26.17% proc util.)
No of total instructions fetched:	1351284394 (28.10% proc util.)
 includes 217448 misfetch (0.0%), 92853225 (6.9%) wrong-path fetches
 and 0 flushed after failed lock(0.0%)
No of useful instructions issued/executed:	1258213693 (26.17% proc util.)
No of total instructions issued/executed:	1302385720 (27.09% proc util.)
 includes 44172027 wrong-path (3.4%) insts and 0 flushed (0.0%)
	fp 175423771, 13.47%
	synch 0, 0.00%
	integer 741302439, 56.92%
	load/store 385659510, 29.61%
Avg size of int IQ (before scheduling): 19.07
Avg size of fp IQ (before scheduling): 7.30
No of cycles taken:		601000000
Parallelism [ 0.673, 0.000, 0.711, 0.709,] = 2.094
 IQ conflicts: 9217751 (1.53%), FQ conflicts: 286416 (0.05%) 
 I reg conflicts: 224742297 (37.39%), FP reg conflicts: 153152700 (25.48%)
  Activelist confs: 0 (0.00%), ROB confs: 6271 (0.00%)
  Int unit conflicts: 219168642 (36.47%), FP unit conflicts: 1623647 (0.27%)
  Load/store unit conflicts: 60580600 (10.08%)
  MSHR conflicts: 1015226835 (168.92%)
----------------------------------------
==== System-wide Cache Statistics ====
Stall for miss queue full 6337 cycles (0.00%)
----------------------------------------
==== Statistics for Master ID: 0 ====
Reads: 290088904   Writes: 8702993
ICACHE: size: 64 KB assoc: 2
ICACHE: hits:142124610 misses:1839  Hit Ratio: 100.00%
DCACHE: size: 1*16 KB assoc: 1*4
DCACHE: hits:152270498 misses:4395242 writebacks:1097669  Hit Ratio: 97.19%
SCACHE: size: 512 KB assoc: 2
SCACHE: hits:510901 misses:3885887  Hit Ratio: 11.62%
3CACHE: size: 4096 KB assoc: 2
3CACHE: hits:1046636 misses:2839250  Hit Ratio: 26.93%
3CACHE: dirty items replaced:172004
ITLB: size: 48, misses 26, miss rate 0.00%
DTLB: size: 128, misses 78712, miss rate 0.05%
Avg mem delay: 5.079 cycles
----------------------------------------
==== Statistics for Master ID: 2 ====
Reads: 212501488   Writes: 32471563
ICACHE: size: 64 KB assoc: 2
ICACHE: hits:136770667 misses:14818  Hit Ratio: 99.99%
DCACHE: size: 2*16 KB assoc: 2*4
DCACHE: hits:104478288 misses:3712304 writebacks:2002131  Hit Ratio: 96.57%
SCACHE: size: 512 KB assoc: 2
SCACHE: hits:787425 misses:2936671  Hit Ratio: 21.14%
3CACHE: size: 4096 KB assoc: 2
3CACHE: hits:560379 misses:2376292  Hit Ratio: 19.08%
3CACHE: dirty items replaced:67196
ITLB: size: 48, misses 25, miss rate 0.00%
DTLB: size: 128, misses 110247, miss rate 0.10%
Avg mem delay: 5.079 cycles
----------------------------------------
==== Statistics for Master ID: 3 ====
Reads: 228169506   Writes: 35859573
ICACHE: size: 64 KB assoc: 2
ICACHE: hits:143204198 misses:18417  Hit Ratio: 99.99%
DCACHE: size: 1*16 KB assoc: 1*4
DCACHE: hits:116290703 misses:4518170 writebacks:2136367  Hit Ratio: 96.26%
SCACHE: size: 512 KB assoc: 2
SCACHE: hits:1805271 misses:2728907  Hit Ratio: 39.81%
3CACHE: size: 4096 KB assoc: 2
3CACHE: hits:512832 misses:2216075  Hit Ratio: 18.79%
3CACHE: dirty items replaced:69187
ITLB: size: 48, misses 25, miss rate 0.00%
DTLB: size: 128, misses 103193, miss rate 0.09%
Avg mem delay: 5.079 cycles
----------------------------------------
==== Global Resource Utilization ====
STASH: size: 65536 entries, full 1751539062, empty 45575, misses 4292, full rate 100.00
icache bank util. 0.090 0.066 0.064 0.075 0.086 0.132 0.088 0.103 
dcache bank util. 0.078 0.089 0.098 0.083 0.111 0.079 0.110 0.083 
L2 bank util. 0.024 0.024 0.024 0.023 0.023 0.023 0.026 0.029 
L1-L2 bus util. = 0.089, L3 util. = 0.124
----------------------------------------

======================== 切片硬件状态 ========================
切片号 | 所属安全域 | 当前状态    | 路扩展 | LRU touched
------------------------------------------------------------------
  0    |   域2      | 正常运行   |  是   |  600999995
  1    |   域3      | 正常运行   |  否   |  600999999
  2    |   域0      | 正常运行   |  否   |  600999998
  3    |   域2      | 正常运行   |  是   |  600999998
==================================================================

branch prediction, hits = 62557188, misses = 3926378, hit rate = 94.09%
return_stack prediction, hits = 3646883, misses = 20, hit rate = 100.00%
jump prediction, hits = 74319328, misses = 88651, hit rate = 99.88%

======================== 切片硬件状态 ========================
切片号 | 所属安全域 | 当前状态    | 路扩展 | LRU touched
------------------------------------------------------------------
  0    |   域2      | 正常运行   |  是   |  609899937
  1    |   域3      | 正常运行   |  否   |  609899937
  2    |   域0      | 正常运行   |  否   |  609899936
  3    |   域2      | 正常运行   |  是   |  609899935
==================================================================

[动态重分配] 周期609900000：预约迁移 冗余域2(0%) -> 切片0 -> 饥饿域3(7%)
[切片剥夺] 周期609900000：切片0（所属域2）进入待剥夺状态，禁止新替换
[切片剥夺] 周期609900000：切片0在途请求已清空，开始执行脏行写回
[切片管理] 周期609905351：原域2仅剩1个切片，关闭路扩展模式
[动态重分配] 周期609905351：切片0写回完成，自动绑定到域3
[切片管理] 成功绑定切片0 → 安全域3，触发【路扩展模式】

======================== 切片硬件状态 ========================
切片号 | 所属安全域 | 当前状态    | 路扩展 | LRU touched
------------------------------------------------------------------
  0    |   域3      | 正常运行   |  是   |  609905351
  1    |   域3      | 正常运行   |  是   |  609905345
  2    |   域0      | 正常运行   |  否   |  609905350
  3    |   域2      | 正常运行   |  否   |  609905350
==================================================================


======================== 切片硬件状态 ========================
切片号 | 所属安全域 | 当前状态    | 路扩展 | LRU touched
------------------------------------------------------------------
  0    |   域3      | 正常运行   |  是   |  613300000
  1    |   域3      | 正常运行   |  是   |  613299759
  2    |   域0      | 正常运行   |  否   |  613299999
  3    |   域2      | 正常运行   |  否   |  613300000
==================================================================

[动态重分配] 周期613300000：预约迁移 冗余域3(1%) -> 切片0 -> 饥饿域2(7%)
[切片剥夺] 周期613300000：切片0（所属域3）进入待剥夺状态，禁止新替换
[切片剥夺] 周期613300000：切片0在途请求已清空，开始执行脏行写回
[切片管理] 周期613329632：原域3仅剩1个切片，关闭路扩展模式
[动态重分配] 周期613329632：切片0写回完成，自动绑定到域2
[切片管理] 成功绑定切片0 → 安全域2，触发【路扩展模式】

======================== 切片硬件状态 ========================
切片号 | 所属安全域 | 当前状态    | 路扩展 | LRU touched
------------------------------------------------------------------
  0    |   域2      | 正常运行   |  是   |  613329632
  1    |   域3      | 正常运行   |  否   |  613329617
  2    |   域0      | 正常运行   |  否   |  613329632
  3    |   域2      | 正常运行   |  是   |  613329630
==================================================================


======================== 切片硬件状态 ========================
切片号 | 所属安全域 | 当前状态    | 路扩展 | LRU touched
------------------------------------------------------------------
  0    |   域2      | 正常运行   |  是   |  613899941
  1    |   域3      | 正常运行   |  否   |  613899954
  2    |   域0      | 正常运行   |  否   |  613899942
  3    |   域2      | 正常运行   |  是   |  613899940
==================================================================

[动态重分配] 周期613900000：预约迁移 冗余域2(1%) -> 切片0 -> 饥饿域3(7%)
[切片剥夺] 周期613900000：切片0（所属域2）进入待剥夺状态，禁止新替换
[切片剥夺] 周期613900000：切片0在途请求已清空，开始执行脏行写回
[切片管理] 周期613903235：原域2仅剩1个切片，关闭路扩展模式
[动态重分配] 周期613903235：切片0写回完成，自动绑定到域3
[切片管理] 成功绑定切片0 → 安全域3，触发【路扩展模式】

======================== 切片硬件状态 ========================
切片号 | 所属安全域 | 当前状态    | 路扩展 | LRU touched
------------------------------------------------------------------
  0    |   域3      | 正常运行   |  是   |  613903235
  1    |   域3      | 正常运行   |  是   |  613903231
  2    |   域0      | 正常运行   |  否   |  613903227
  3    |   域2      | 正常运行   |  否   |  613903233
==================================================================


======================== 切片硬件状态 ========================
切片号 | 所属安全域 | 当前状态    | 路扩展 | LRU touched
------------------------------------------------------------------
  0    |   域3      | 正常运行   |  是   |  616599811
  1    |   域3      | 正常运行   |  是   |  616599880
  2    |   域0      | 正常运行   |  否   |  616599998
  3    |   域2      | 正常运行   |  否   |  616599999
==================================================================

[动态重分配] 周期616600000：预约迁移 冗余域3(1%) -> 切片0 -> 饥饿域2(7%)
[切片剥夺] 周期616600000：切片0（所属域3）进入待剥夺状态，禁止新替换
[切片剥夺] 周期616600000：切片0在途请求已清空，开始执行脏行写回
[切片管理] 周期616631316：原域3仅剩1个切片，关闭路扩展模式
[动态重分配] 周期616631316：切片0写回完成，自动绑定到域2
[切片管理] 成功绑定切片0 → 安全域2，触发【路扩展模式】

======================== 切片硬件状态 ========================
切片号 | 所属安全域 | 当前状态    | 路扩展 | LRU touched
------------------------------------------------------------------
  0    |   域2      | 正常运行   |  是   |  616631316
  1    |   域3      | 正常运行   |  否   |  616631305
  2    |   域0      | 正常运行   |  否   |  616631316
  3    |   域2      | 正常运行   |  是   |  616631316
==================================================================


======================== 切片硬件状态 ========================
切片号 | 所属安全域 | 当前状态    | 路扩展 | LRU touched
------------------------------------------------------------------
  0    |   域2      | 正常运行   |  是   |  623200000
  1    |   域3      | 正常运行   |  否   |  623199997
  2    |   域0      | 正常运行   |  否   |  623200000
  3    |   域2      | 正常运行   |  是   |  623199698
==================================================================

[动态重分配] 周期623200000：预约迁移 冗余域2(1%) -> 切片0 -> 饥饿域3(8%)
[切片剥夺] 周期623200000：切片0（所属域2）进入待剥夺状态，禁止新替换
[切片剥夺] 周期623200000：切片0在途请求已清空，开始执行脏行写回
[切片管理] 周期623224617：原域2仅剩1个切片，关闭路扩展模式
[动态重分配] 周期623224617：切片0写回完成，自动绑定到域3
[切片管理] 成功绑定切片0 → 安全域3，触发【路扩展模式】

======================== 切片硬件状态 ========================
切片号 | 所属安全域 | 当前状态    | 路扩展 | LRU touched
------------------------------------------------------------------
  0    |   域3      | 正常运行   |  是   |  623224617
  1    |   域3      | 正常运行   |  是   |  623224617
  2    |   域0      | 正常运行   |  否   |  623224606
  3    |   域2      | 正常运行   |  否   |  623224604
==================================================================


======================== 切片硬件状态 ========================
切片号 | 所属安全域 | 当前状态    | 路扩展 | LRU touched
------------------------------------------------------------------
  0    |   域3      | 正常运行   |  是   |  625899999
  1    |   域3      | 正常运行   |  是   |  625899993
  2    |   域0      | 正常运行   |  否   |  625899991
  3    |   域2      | 正常运行   |  否   |  625899992
==================================================================

[动态重分配] 周期625900000：预约迁移 冗余域3(0%) -> 切片0 -> 饥饿域2(7%)
[切片剥夺] 周期625900000：切片0（所属域3）进入待剥夺状态，禁止新替换
[切片剥夺] 周期625900000：切片0在途请求已清空，开始执行脏行写回
[切片管理] 周期625900242：原域3仅剩1个切片，关闭路扩展模式
[动态重分配] 周期625900242：切片0写回完成，自动绑定到域2
[切片管理] 成功绑定切片0 → 安全域2，触发【路扩展模式】

======================== 切片硬件状态 ========================
切片号 | 所属安全域 | 当前状态    | 路扩展 | LRU touched
------------------------------------------------------------------
  0    |   域2      | 正常运行   |  是   |  625900242
  1    |   域3      | 正常运行   |  否   |  625900232
  2    |   域0      | 正常运行   |  否   |  625900105
  3    |   域2      | 正常运行   |  是   |  625900127
==================================================================


======================== 切片硬件状态 ========================
切片号 | 所属安全域 | 当前状态    | 路扩展 | LRU touched
------------------------------------------------------------------
  0    |   域2      | 正常运行   |  是   |  628099996
  1    |   域3      | 正常运行   |  否   |  628100000
  2    |   域0      | 正常运行   |  否   |  628100000
  3    |   域2      | 正常运行   |  是   |  628099999
==================================================================

[动态重分配] 周期628100000：预约迁移 冗余域2(0%) -> 切片0 -> 饥饿域3(6%)
[切片剥夺] 周期628100000：切片0（所属域2）进入待剥夺状态，禁止新替换
[切片剥夺] 周期628100000：切片0在途请求已清空，开始执行脏行写回
[切片管理] 周期628100119：原域2仅剩1个切片，关闭路扩展模式
[动态重分配] 周期628100119：切片0写回完成，自动绑定到域3
[切片管理] 成功绑定切片0 → 安全域3，触发【路扩展模式】

======================== 切片硬件状态 ========================
切片号 | 所属安全域 | 当前状态    | 路扩展 | LRU touched
------------------------------------------------------------------
  0    |   域3      | 正常运行   |  是   |  628100119
  1    |   域3      | 正常运行   |  是   |  628100034
  2    |   域0      | 正常运行   |  否   |  628100035
  3    |   域2      | 正常运行   |  否   |  628100033
==================================================================


======================== 切片硬件状态 ========================
切片号 | 所属安全域 | 当前状态    | 路扩展 | LRU touched
------------------------------------------------------------------
  0    |   域3      | 正常运行   |  是   |  631999997
  1    |   域3      | 正常运行   |  是   |  631999975
  2    |   域0      | 正常运行   |  否   |  632000000
  3    |   域2      | 正常运行   |  否   |  632000000
==================================================================

[动态重分配] 周期632000000：预约迁移 冗余域3(0%) -> 切片0 -> 饥饿域2(8%)
[切片剥夺] 周期632000000：切片0（所属域3）进入待剥夺状态，禁止新替换
[切片剥夺] 周期632000000：切片0在途请求已清空，开始执行脏行写回
[切片管理] 周期632000458：原域3仅剩1个切片，关闭路扩展模式
[动态重分配] 周期632000458：切片0写回完成，自动绑定到域2
[切片管理] 成功绑定切片0 → 安全域2，触发【路扩展模式】

======================== 切片硬件状态 ========================
切片号 | 所属安全域 | 当前状态    | 路扩展 | LRU touched
------------------------------------------------------------------
  0    |   域2      | 正常运行   |  是   |  632000458
  1    |   域3      | 正常运行   |  否   |  632000456
  2    |   域0      | 正常运行   |  否   |  632000451
  3    |   域2      | 正常运行   |  是   |  632000454
==================================================================


======================== 切片硬件状态 ========================
切片号 | 所属安全域 | 当前状态    | 路扩展 | LRU touched
------------------------------------------------------------------
  0    |   域2      | 正常运行   |  是   |  647399990
  1    |   域3      | 正常运行   |  否   |  647399990
  2    |   域0      | 正常运行   |  否   |  647399991
  3    |   域2      | 正常运行   |  是   |  647399972
==================================================================

[动态重分配] 周期647400000：预约迁移 冗余域2(1%) -> 切片0 -> 饥饿域3(8%)
[切片剥夺] 周期647400000：切片0（所属域2）进入待剥夺状态，禁止新替换
[切片剥夺] 周期647400000：切片0在途请求已清空，开始执行脏行写回
[切片管理] 周期647409928：原域2仅剩1个切片，关闭路扩展模式
[动态重分配] 周期647409928：切片0写回完成，自动绑定到域3
[切片管理] 成功绑定切片0 → 安全域3，触发【路扩展模式】

======================== 切片硬件状态 ========================
切片号 | 所属安全域 | 当前状态    | 路扩展 | LRU touched
------------------------------------------------------------------
  0    |   域3      | 正常运行   |  是   |  647409928
  1    |   域3      | 正常运行   |  是   |  647409926
  2    |   域0      | 正常运行   |  否   |  647409928
  3    |   域2      | 正常运行   |  否   |  647409924
==================================================================


======================== 切片硬件状态 ========================
切片号 | 所属安全域 | 当前状态    | 路扩展 | LRU touched
------------------------------------------------------------------
  0    |   域3      | 正常运行   |  是   |  656199937
  1    |   域3      | 正常运行   |  是   |  656199939
  2    |   域0      | 正常运行   |  否   |  656199947
  3    |   域2      | 正常运行   |  否   |  656199955
==================================================================

[动态重分配] 周期656200000：预约迁移 冗余域3(0%) -> 切片0 -> 饥饿域2(7%)
[切片剥夺] 周期656200000：切片0（所属域3）进入待剥夺状态，禁止新替换
[切片剥夺] 周期656200000：切片0在途请求已清空，开始执行脏行写回
[切片管理] 周期656200257：原域3仅剩1个切片，关闭路扩展模式
[动态重分配] 周期656200257：切片0写回完成，自动绑定到域2
[切片管理] 成功绑定切片0 → 安全域2，触发【路扩展模式】

======================== 切片硬件状态 ========================
切片号 | 所属安全域 | 当前状态    | 路扩展 | LRU touched
------------------------------------------------------------------
  0    |   域2      | 正常运行   |  是   |  656200257
  1    |   域3      | 正常运行   |  否   |  656199939
  2    |   域0      | 正常运行   |  否   |  656200253
  3    |   域2      | 正常运行   |  是   |  656200251
==================================================================


======================== 切片硬件状态 ========================
切片号 | 所属安全域 | 当前状态    | 路扩展 | LRU touched
------------------------------------------------------------------
  0    |   域2      | 正常运行   |  是   |  664499773
  1    |   域3      | 正常运行   |  否   |  664500000
  2    |   域0      | 正常运行   |  否   |  664500000
  3    |   域2      | 正常运行   |  是   |  664499170
==================================================================

[动态重分配] 周期664500000：预约迁移 冗余域2(1%) -> 切片0 -> 饥饿域3(7%)
[切片剥夺] 周期664500000：切片0（所属域2）进入待剥夺状态，禁止新替换
[切片剥夺] 周期664500000：切片0在途请求已清空，开始执行脏行写回
[切片管理] 周期664541077：原域2仅剩1个切片，关闭路扩展模式
[动态重分配] 周期664541077：切片0写回完成，自动绑定到域3
[切片管理] 成功绑定切片0 → 安全域3，触发【路扩展模式】

======================== 切片硬件状态 ========================
切片号 | 所属安全域 | 当前状态    | 路扩展 | LRU touched
------------------------------------------------------------------
  0    |   域3      | 正常运行   |  是   |  664541077
  1    |   域3      | 正常运行   |  是   |  664541066
  2    |   域0      | 正常运行   |  否   |  664541076
  3    |   域2      | 正常运行   |  否   |  664541059
==================================================================


======================== 切片硬件状态 ========================
切片号 | 所属安全域 | 当前状态    | 路扩展 | LRU touched
------------------------------------------------------------------
  0    |   域3      | 正常运行   |  是   |  664599991
  1    |   域3      | 正常运行   |  是   |  664541573
  2    |   域0      | 正常运行   |  否   |  664599989
  3    |   域2      | 正常运行   |  否   |  664599978
==================================================================

[动态重分配] 周期664600000：预约迁移 冗余域3(1%) -> 切片1 -> 饥饿域2(7%)
[切片剥夺] 周期664600000：切片1（所属域3）进入待剥夺状态，禁止新替换
[切片剥夺] 周期664600000：切片1在途请求已清空，开始执行脏行写回
[切片管理] 周期664610880：原域3仅剩1个切片，关闭路扩展模式
[动态重分配] 周期664610880：切片1写回完成，自动绑定到域2
[切片管理] 成功绑定切片1 → 安全域2，触发【路扩展模式】

======================== 切片硬件状态 ========================
切片号 | 所属安全域 | 当前状态    | 路扩展 | LRU touched
------------------------------------------------------------------
  0    |   域3      | 正常运行   |  否   |  664610880
  1    |   域2      | 正常运行   |  是   |  664610880
  2    |   域0      | 正常运行   |  否   |  664610879
  3    |   域2      | 正常运行   |  是   |  664610880
==================================================================


======================== 切片硬件状态 ========================
切片号 | 所属安全域 | 当前状态    | 路扩展 | LRU touched
------------------------------------------------------------------
  0    |   域3      | 正常运行   |  否   |  665699943
  1    |   域2      | 正常运行   |  是   |  665699959
  2    |   域0      | 正常运行   |  否   |  665699945
  3    |   域2      | 正常运行   |  是   |  665699944
==================================================================

[动态重分配] 周期665700000：预约迁移 冗余域2(2%) -> 切片3 -> 饥饿域3(9%)
[切片剥夺] 周期665700000：切片3（所属域2）进入待剥夺状态，禁止新替换
[切片剥夺] 周期665700000：切片3在途请求已清空，开始执行脏行写回
[切片管理] 周期665704867：原域2仅剩1个切片，关闭路扩展模式
[动态重分配] 周期665704867：切片3写回完成，自动绑定到域3
[切片管理] 成功绑定切片3 → 安全域3，触发【路扩展模式】

======================== 切片硬件状态 ========================
切片号 | 所属安全域 | 当前状态    | 路扩展 | LRU touched
------------------------------------------------------------------
  0    |   域3      | 正常运行   |  是   |  665704864
  1    |   域2      | 正常运行   |  否   |  665704867
  2    |   域0      | 正常运行   |  否   |  665704867
  3    |   域3      | 正常运行   |  是   |  665704867
==================================================================


======================== 切片硬件状态 ========================
切片号 | 所属安全域 | 当前状态    | 路扩展 | LRU touched
------------------------------------------------------------------
  0    |   域3      | 正常运行   |  是   |  671099982
  1    |   域2      | 正常运行   |  否   |  671099982
  2    |   域0      | 正常运行   |  否   |  671099981
  3    |   域3      | 正常运行   |  是   |  671098920
==================================================================

[动态重分配] 周期671100000：预约迁移 冗余域3(1%) -> 切片0 -> 饥饿域2(7%)
[切片剥夺] 周期671100000：切片0（所属域3）进入待剥夺状态，禁止新替换
[切片剥夺] 周期671100000：切片0在途请求已清空，开始执行脏行写回
[切片管理] 周期671115648：原域3仅剩1个切片，关闭路扩展模式
[动态重分配] 周期671115648：切片0写回完成，自动绑定到域2
[切片管理] 成功绑定切片0 → 安全域2，触发【路扩展模式】

======================== 切片硬件状态 ========================
切片号 | 所属安全域 | 当前状态    | 路扩展 | LRU touched
------------------------------------------------------------------
  0    |   域2      | 正常运行   |  是   |  671115648
  1    |   域2      | 正常运行   |  是   |  671115646
  2    |   域0      | 正常运行   |  否   |  671115648
  3    |   域3      | 正常运行   |  否   |  671115646
==================================================================


======================== 切片硬件状态 ========================
切片号 | 所属安全域 | 当前状态    | 路扩展 | LRU touched
------------------------------------------------------------------
  0    |   域2      | 正常运行   |  是   |  675199049
  1    |   域2      | 正常运行   |  是   |  675199987
  2    |   域0      | 正常运行   |  否   |  675199988
  3    |   域3      | 正常运行   |  否   |  675199988
==================================================================

[动态重分配] 周期675200000：预约迁移 冗余域2(1%) -> 切片0 -> 饥饿域3(7%)
[切片剥夺] 周期675200000：切片0（所属域2）进入待剥夺状态，禁止新替换
[切片剥夺] 周期675200000：切片0在途请求已清空，开始执行脏行写回
[切片管理] 周期675219364：原域2仅剩1个切片，关闭路扩展模式
[动态重分配] 周期675219364：切片0写回完成，自动绑定到域3
[切片管理] 成功绑定切片0 → 安全域3，触发【路扩展模式】

======================== 切片硬件状态 ========================
切片号 | 所属安全域 | 当前状态    | 路扩展 | LRU touched
------------------------------------------------------------------
  0    |   域3      | 正常运行   |  是   |  675219364
  1    |   域2      | 正常运行   |  否   |  675219339
  2    |   域0      | 正常运行   |  否   |  675219362
  3    |   域3      | 正常运行   |  是   |  675219364
==================================================================


======================== 切片硬件状态 ========================
切片号 | 所属安全域 | 当前状态    | 路扩展 | LRU touched
------------------------------------------------------------------
  0    |   域3      | 正常运行   |  是   |  679699885
  1    |   域2      | 正常运行   |  否   |  679699909
  2    |   域0      | 正常运行   |  否   |  679699902
  3    |   域3      | 正常运行   |  是   |  679699901
==================================================================

[动态重分配] 周期679700000：预约迁移 冗余域3(3%) -> 切片3 -> 饥饿域2(9%)
[切片剥夺] 周期679700000：切片3（所属域3）进入待剥夺状态，禁止新替换
[切片剥夺] 周期679700000：切片3在途请求已清空，开始执行脏行写回
[切片管理] 周期679701521：原域3仅剩1个切片，关闭路扩展模式
[动态重分配] 周期679701521：切片3写回完成，自动绑定到域2
[切片管理] 成功绑定切片3 → 安全域2，触发【路扩展模式】

======================== 切片硬件状态 ========================
切片号 | 所属安全域 | 当前状态    | 路扩展 | LRU touched
------------------------------------------------------------------
  0    |   域3      | 正常运行   |  否   |  679701508
  1    |   域2      | 正常运行   |  是   |  679701509
  2    |   域0      | 正常运行   |  否   |  679701494
  3    |   域2      | 正常运行   |  是   |  679701521
==================================================================


======================== 切片硬件状态 ========================
切片号 | 所属安全域 | 当前状态    | 路扩展 | LRU touched
------------------------------------------------------------------
  0    |   域3      | 正常运行   |  否   |  684399979
  1    |   域2      | 正常运行   |  是   |  684399943
  2    |   域0      | 正常运行   |  否   |  684399979
  3    |   域2      | 正常运行   |  是   |  684399979
==================================================================

[动态重分配] 周期684400000：预约迁移 冗余域2(0%) -> 切片1 -> 饥饿域0(11%)
[切片剥夺] 周期684400000：切片1（所属域2）进入待剥夺状态，禁止新替换
[切片剥夺] 周期684400000：切片1在途请求已清空，开始执行脏行写回
[切片管理] 周期684400284：原域2仅剩1个切片，关闭路扩展模式
[动态重分配] 周期684400284：切片1写回完成，自动绑定到域0
[切片管理] 成功绑定切片1 → 安全域0，触发【路扩展模式】

======================== 切片硬件状态 ========================
切片号 | 所属安全域 | 当前状态    | 路扩展 | LRU touched
------------------------------------------------------------------
  0    |   域3      | 正常运行   |  否   |  684400281
  1    |   域0      | 正常运行   |  是   |  684400284
  2    |   域0      | 正常运行   |  是   |  684400284
  3    |   域2      | 正常运行   |  否   |  684400284
==================================================================


======================== 切片硬件状态 ========================
切片号 | 所属安全域 | 当前状态    | 路扩展 | LRU touched
------------------------------------------------------------------
  0    |   域3      | 正常运行   |  否   |  690000000
  1    |   域0      | 正常运行   |  是   |  690000000
  2    |   域0      | 正常运行   |  是   |  689999996
  3    |   域2      | 正常运行   |  否   |  689999999
==================================================================

[动态重分配] 周期690000000：预约迁移 冗余域0(2%) -> 切片1 -> 饥饿域3(9%)
[切片剥夺] 周期690000000：切片1（所属域0）进入待剥夺状态，禁止新替换
[切片剥夺] 周期690000000：切片1在途请求已清空，开始执行脏行写回
[切片管理] 周期690000104：原域0仅剩1个切片，关闭路扩展模式
[动态重分配] 周期690000104：切片1写回完成，自动绑定到域3
[切片管理] 成功绑定切片1 → 安全域3，触发【路扩展模式】

======================== 切片硬件状态 ========================
切片号 | 所属安全域 | 当前状态    | 路扩展 | LRU touched
------------------------------------------------------------------
  0    |   域3      | 正常运行   |  是   |  690000104
  1    |   域3      | 正常运行   |  是   |  690000104
  2    |   域0      | 正常运行   |  否   |  690000099
  3    |   域2      | 正常运行   |  否   |  690000051
==================================================================


**** Debug Statistics at 701000000 Cycles *****
Threads: 4		Fetch Width: 8
No of useful instructions fetched:	1575922801 (28.10% proc util.)
No of total instructions fetched:	1689462311 (30.13% proc util.)
 includes 282304 misfetch (0.0%), 113257206 (6.7%) wrong-path fetches
 and 0 flushed after failed lock(0.0%)
No of useful instructions issued/executed:	1575922785 (28.10% proc util.)
No of total instructions issued/executed:	1629688779 (29.06% proc util.)
 includes 53765994 wrong-path (3.3%) insts and 0 flushed (0.0%)
	fp 225243716, 13.82%
	synch 0, 0.00%
	integer 919288295, 56.41%
	load/store 485156768, 29.77%
Avg size of int IQ (before scheduling): 18.80
Avg size of fp IQ (before scheduling): 7.33
No of cycles taken:		701000000
Parallelism [ 0.743, 0.000, 0.754, 0.751,] = 2.248
 IQ conflicts: 10335819 (1.47%), FQ conflicts: 286416 (0.04%) 
 I reg conflicts: 232510882 (33.17%), FP reg conflicts: 189564421 (27.04%)
  Activelist confs: 0 (0.00%), ROB confs: 6977 (0.00%)
  Int unit conflicts: 272598699 (38.89%), FP unit conflicts: 1926771 (0.27%)
  Load/store unit conflicts: 73328480 (10.46%)
  MSHR conflicts: 1067164913 (152.23%)
----------------------------------------
==== System-wide Cache Statistics ====
Stall for miss queue full 9904 cycles (0.00%)
----------------------------------------
==== Statistics for Master ID: 0 ====
Reads: 374651117   Writes: 10411607
ICACHE: size: 64 KB assoc: 2
ICACHE: hits:181505281 misses:2164  Hit Ratio: 100.00%
DCACHE: size: 1*16 KB assoc: 1*4
DCACHE: hits:198260239 misses:5295363 writebacks:1327360  Hit Ratio: 97.40%
SCACHE: size: 512 KB assoc: 2
SCACHE: hits:583634 misses:4713569  Hit Ratio: 11.02%
3CACHE: size: 4096 KB assoc: 2
3CACHE: hits:1385405 misses:3328164  Hit Ratio: 29.39%
3CACHE: dirty items replaced:220339
ITLB: size: 48, misses 26, miss rate 0.00%
DTLB: size: 128, misses 96727, miss rate 0.05%
Avg mem delay: 4.576 cycles
----------------------------------------
==== Statistics for Master ID: 2 ====
Reads: 264237383   Writes: 39435958
ICACHE: size: 64 KB assoc: 2
ICACHE: hits:170400510 misses:18837  Hit Ratio: 99.99%
DCACHE: size: 1*16 KB assoc: 1*4
DCACHE: hits:129144917 misses:4113452 writebacks:2226805  Hit Ratio: 96.91%
SCACHE: size: 512 KB assoc: 2
SCACHE: hits:964604 misses:3163310  Hit Ratio: 23.37%
3CACHE: size: 4096 KB assoc: 2
3CACHE: hits:717554 misses:2445756  Hit Ratio: 22.68%
3CACHE: dirty items replaced:83081
ITLB: size: 48, misses 25, miss rate 0.00%
DTLB: size: 128, misses 115321, miss rate 0.09%
Avg mem delay: 4.576 cycles
----------------------------------------
==== Statistics for Master ID: 3 ====
Reads: 283370374   Writes: 43495536
ICACHE: size: 64 KB assoc: 2
ICACHE: hits:178495744 misses:22707  Hit Ratio: 99.99%
DCACHE: size: 2*16 KB assoc: 2*4
DCACHE: hits:143262226 misses:5088964 writebacks:2381984  Hit Ratio: 96.57%
SCACHE: size: 512 KB assoc: 2
SCACHE: hits:2176063 misses:2931877  Hit Ratio: 42.60%
3CACHE: size: 4096 KB assoc: 2
3CACHE: hits:651631 misses:2280246  Hit Ratio: 22.23%
3CACHE: dirty items replaced:82782
ITLB: size: 48, misses 25, miss rate 0.00%
DTLB: size: 128, misses 106781, miss rate 0.07%
Avg mem delay: 4.576 cycles
----------------------------------------
==== Global Resource Utilization ====
STASH: size: 65536 entries, full 2175341298, empty 49093, misses 4665, full rate 100.00
icache bank util. 0.098 0.070 0.069 0.082 0.094 0.137 0.096 0.112 
dcache bank util. 0.083 0.094 0.105 0.088 0.120 0.084 0.117 0.088 
L2 bank util. 0.023 0.023 0.023 0.023 0.023 0.023 0.025 0.027 
L1-L2 bus util. = 0.088, L3 util. = 0.115
----------------------------------------

======================== 切片硬件状态 ========================
切片号 | 所属安全域 | 当前状态    | 路扩展 | LRU touched
------------------------------------------------------------------
  0    |   域3      | 正常运行   |  是   |  700999941
  1    |   域3      | 正常运行   |  是   |  700999869
  2    |   域0      | 正常运行   |  否   |  700999925
  3    |   域2      | 正常运行   |  否   |  700999940
==================================================================

branch prediction, hits = 75134204, misses = 4950040, hit rate = 93.82%
return_stack prediction, hits = 4655052, misses = 20, hit rate = 100.00%
jump prediction, hits = 90076921, misses = 119061, hit rate = 99.87%

======================== 切片硬件状态 ========================
切片号 | 所属安全域 | 当前状态    | 路扩展 | LRU touched
------------------------------------------------------------------
  0    |   域3      | 正常运行   |  是   |  703699917
  1    |   域3      | 正常运行   |  是   |  703699956
  2    |   域0      | 正常运行   |  否   |  703699956
  3    |   域2      | 正常运行   |  否   |  703699929
==================================================================

[动态重分配] 周期703700000：预约迁移 冗余域3(3%) -> 切片1 -> 饥饿域2(9%)
[切片剥夺] 周期703700000：切片1（所属域3）进入待剥夺状态，禁止新替换
[切片剥夺] 周期703700000：切片1在途请求已清空，开始执行脏行写回
[切片管理] 周期703700605：原域3仅剩1个切片，关闭路扩展模式
[动态重分配] 周期703700605：切片1写回完成，自动绑定到域2
[切片管理] 成功绑定切片1 → 安全域2，触发【路扩展模式】

======================== 切片硬件状态 ========================
切片号 | 所属安全域 | 当前状态    | 路扩展 | LRU touched
------------------------------------------------------------------
  0    |   域3      | 正常运行   |  否   |  703700599
  1    |   域2      | 正常运行   |  是   |  703700605
  2    |   域0      | 正常运行   |  否   |  703700570
  3    |   域2      | 正常运行   |  是   |  703700570
==================================================================


======================== 切片硬件状态 ========================
切片号 | 所属安全域 | 当前状态    | 路扩展 | LRU touched
------------------------------------------------------------------
  0    |   域3      | 正常运行   |  否   |  707399865
  1    |   域2      | 正常运行   |  是   |  707399853
  2    |   域0      | 正常运行   |  否   |  707399852
  3    |   域2      | 正常运行   |  是   |  707399859
==================================================================

[动态重分配] 周期707400000：预约迁移 冗余域2(0%) -> 切片1 -> 饥饿域3(7%)
[切片剥夺] 周期707400000：切片1（所属域2）进入待剥夺状态，禁止新替换
[切片剥夺] 周期707400000：切片1在途请求已清空，开始执行脏行写回
[切片管理] 周期707400038：原域2仅剩1个切片，关闭路扩展模式
[动态重分配] 周期707400038：切片1写回完成，自动绑定到域3
[切片管理] 成功绑定切片1 → 安全域3，触发【路扩展模式】

======================== 切片硬件状态 ========================
切片号 | 所属安全域 | 当前状态    | 路扩展 | LRU touched
------------------------------------------------------------------
  0    |   域3      | 正常运行   |  是   |  707400026
  1    |   域3      | 正常运行   |  是   |  707400038
  2    |   域0      | 正常运行   |  否   |  707400030
  3    |   域2      | 正常运行   |  否   |  707400029
==================================================================


======================== 切片硬件状态 ========================
切片号 | 所属安全域 | 当前状态    | 路扩展 | LRU touched
------------------------------------------------------------------
  0    |   域3      | 正常运行   |  是   |  712899959
  1    |   域3      | 正常运行   |  是   |  712899964
  2    |   域0      | 正常运行   |  否   |  712899960
  3    |   域2      | 正常运行   |  否   |  712899965
==================================================================

[动态重分配] 周期712900000：预约迁移 冗余域3(2%) -> 切片0 -> 饥饿域2(9%)
[切片剥夺] 周期712900000：切片0（所属域3）进入待剥夺状态，禁止新替换
[切片剥夺] 周期712900000：切片0在途请求已清空，开始执行脏行写回
[切片管理] 周期712901193：原域3仅剩1个切片，关闭路扩展模式
[动态重分配] 周期712901193：切片0写回完成，自动绑定到域2
[切片管理] 成功绑定切片0 → 安全域2，触发【路扩展模式】

======================== 切片硬件状态 ========================
切片号 | 所属安全域 | 当前状态    | 路扩展 | LRU touched
------------------------------------------------------------------
  0    |   域2      | 正常运行   |  是   |  712901193
  1    |   域3      | 正常运行   |  否   |  712901179
  2    |   域0      | 正常运行   |  否   |  712901185
  3    |   域2      | 正常运行   |  是   |  712901192
==================================================================


======================== 切片硬件状态 ========================
切片号 | 所属安全域 | 当前状态    | 路扩展 | LRU touched
------------------------------------------------------------------
  0    |   域2      | 正常运行   |  是   |  722698669
  1    |   域3      | 正常运行   |  否   |  722699859
  2    |   域0      | 正常运行   |  否   |  722699863
  3    |   域2      | 正常运行   |  是   |  722699866
==================================================================

[动态重分配] 周期722700000：预约迁移 冗余域2(1%) -> 切片0 -> 饥饿域3(7%)
[切片剥夺] 周期722700000：切片0（所属域2）进入待剥夺状态，禁止新替换
[切片剥夺] 周期722700000：切片0在途请求已清空，开始执行脏行写回
[切片管理] 周期722738461：原域2仅剩1个切片，关闭路扩展模式
[动态重分配] 周期722738461：切片0写回完成，自动绑定到域3
[切片管理] 成功绑定切片0 → 安全域3，触发【路扩展模式】

======================== 切片硬件状态 ========================
切片号 | 所属安全域 | 当前状态    | 路扩展 | LRU touched
------------------------------------------------------------------
  0    |   域3      | 正常运行   |  是   |  722738461
  1    |   域3      | 正常运行   |  是   |  722738451
  2    |   域0      | 正常运行   |  否   |  722738452
  3    |   域2      | 正常运行   |  否   |  722738458
==================================================================


======================== 切片硬件状态 ========================
切片号 | 所属安全域 | 当前状态    | 路扩展 | LRU touched
------------------------------------------------------------------
  0    |   域3      | 正常运行   |  是   |  723699953
  1    |   域3      | 正常运行   |  是   |  723644724
  2    |   域0      | 正常运行   |  否   |  723699955
  3    |   域2      | 正常运行   |  否   |  723699956
==================================================================

[动态重分配] 周期723700000：预约迁移 冗余域3(1%) -> 切片0 -> 饥饿域2(7%)
[切片剥夺] 周期723700000：切片0（所属域3）进入待剥夺状态，禁止新替换
[切片剥夺] 周期723700000：切片0在途请求已清空，开始执行脏行写回
[切片管理] 周期723715239：原域3仅剩1个切片，关闭路扩展模式
[动态重分配] 周期723715239：切片0写回完成，自动绑定到域2
[切片管理] 成功绑定切片0 → 安全域2，触发【路扩展模式】

======================== 切片硬件状态 ========================
切片号 | 所属安全域 | 当前状态    | 路扩展 | LRU touched
------------------------------------------------------------------
  0    |   域2      | 正常运行   |  是   |  723715239
  1    |   域3      | 正常运行   |  否   |  723715173
  2    |   域0      | 正常运行   |  否   |  723715225
  3    |   域2      | 正常运行   |  是   |  723715233
==================================================================


======================== 切片硬件状态 ========================
切片号 | 所属安全域 | 当前状态    | 路扩展 | LRU touched
------------------------------------------------------------------
  0    |   域2      | 正常运行   |  是   |  723999998
  1    |   域3      | 正常运行   |  否   |  723999998
  2    |   域0      | 正常运行   |  否   |  723999993
  3    |   域2      | 正常运行   |  是   |  723999994
==================================================================

[动态重分配] 周期724000000：预约迁移 冗余域2(0%) -> 切片3 -> 饥饿域3(9%)
[切片剥夺] 周期724000000：切片3（所属域2）进入待剥夺状态，禁止新替换
[切片剥夺] 周期724000000：切片3在途请求已清空，开始执行脏行写回
[切片管理] 周期724000218：原域2仅剩1个切片，关闭路扩展模式
[动态重分配] 周期724000218：切片3写回完成，自动绑定到域3
[切片管理] 成功绑定切片3 → 安全域3，触发【路扩展模式】

======================== 切片硬件状态 ========================
切片号 | 所属安全域 | 当前状态    | 路扩展 | LRU touched
------------------------------------------------------------------
  0    |   域2      | 正常运行   |  否   |  724000047
  1    |   域3      | 正常运行   |  是   |  724000115
  2    |   域0      | 正常运行   |  否   |  724000098
  3    |   域3      | 正常运行   |  是   |  724000218
==================================================================


======================== 切片硬件状态 ========================
切片号 | 所属安全域 | 当前状态    | 路扩展 | LRU touched
------------------------------------------------------------------
  0    |   域2      | 正常运行   |  否   |  734299997
  1    |   域3      | 正常运行   |  是   |  734299981
  2    |   域0      | 正常运行   |  否   |  734299980
  3    |   域3      | 正常运行   |  是   |  734299910
==================================================================

[动态重分配] 周期734300000：预约迁移 冗余域3(3%) -> 切片3 -> 饥饿域2(9%)
[切片剥夺] 周期734300000：切片3（所属域3）进入待剥夺状态，禁止新替换
[切片剥夺] 周期734300000：切片3在途请求已清空，开始执行脏行写回
[切片管理] 周期734300278：原域3仅剩1个切片，关闭路扩展模式
[动态重分配] 周期734300278：切片3写回完成，自动绑定到域2
[切片管理] 成功绑定切片3 → 安全域2，触发【路扩展模式】

======================== 切片硬件状态 ========================
切片号 | 所属安全域 | 当前状态    | 路扩展 | LRU touched
------------------------------------------------------------------
  0    |   域2      | 正常运行   |  是   |  734300084
  1    |   域3      | 正常运行   |  否   |  734299981
  2    |   域0      | 正常运行   |  否   |  734300011
  3    |   域2      | 正常运行   |  是   |  734300278
==================================================================


======================== 切片硬件状态 ========================
切片号 | 所属安全域 | 当前状态    | 路扩展 | LRU touched
------------------------------------------------------------------
  0    |   域2      | 正常运行   |  是   |  736999023
  1    |   域3      | 正常运行   |  否   |  736999987
  2    |   域0      | 正常运行   |  否   |  736999987
  3    |   域2      | 正常运行   |  是   |  736999964
==================================================================

[动态重分配] 周期737000000：预约迁移 冗余域2(1%) -> 切片0 -> 饥饿域3(7%)
[切片剥夺] 周期737000000：切片0（所属域2）进入待剥夺状态，禁止新替换
[切片剥夺] 周期737000000：切片0在途请求已清空，开始执行脏行写回
[切片管理] 周期737016579：原域2仅剩1个切片，关闭路扩展模式
[动态重分配] 周期737016579：切片0写回完成，自动绑定到域3
[切片管理] 成功绑定切片0 → 安全域3，触发【路扩展模式】

======================== 切片硬件状态 ========================
切片号 | 所属安全域 | 当前状态    | 路扩展 | LRU touched
------------------------------------------------------------------
  0    |   域3      | 正常运行   |  是   |  737016579
  1    |   域3      | 正常运行   |  是   |  737016578
  2    |   域0      | 正常运行   |  否   |  737016579
  3    |   域2      | 正常运行   |  否   |  737016576
==================================================================


======================== 切片硬件状态 ========================
切片号 | 所属安全域 | 当前状态    | 路扩展 | LRU touched
------------------------------------------------------------------
  0    |   域3      | 正常运行   |  是   |  737199994
  1    |   域3      | 正常运行   |  是   |  737199997
  2    |   域0      | 正常运行   |  否   |  737199990
  3    |   域2      | 正常运行   |  否   |  737199999
==================================================================

[动态重分配] 周期737200000：预约迁移 冗余域3(0%) -> 切片1 -> 饥饿域2(8%)
[切片剥夺] 周期737200000：切片1（所属域3）进入待剥夺状态，禁止新替换
[切片剥夺] 周期737200000：切片1在途请求已清空，开始执行脏行写回
[切片管理] 周期737200281：原域3仅剩1个切片，关闭路扩展模式
[动态重分配] 周期737200281：切片1写回完成，自动绑定到域2
[切片管理] 成功绑定切片1 → 安全域2，触发【路扩展模式】

======================== 切片硬件状态 ========================
切片号 | 所属安全域 | 当前状态    | 路扩展 | LRU touched
------------------------------------------------------------------
  0    |   域3      | 正常运行   |  否   |  737200018
  1    |   域2      | 正常运行   |  是   |  737200281
  2    |   域0      | 正常运行   |  否   |  737200116
  3    |   域2      | 正常运行   |  是   |  737200132
==================================================================


======================== 切片硬件状态 ========================
切片号 | 所属安全域 | 当前状态    | 路扩展 | LRU touched
------------------------------------------------------------------
  0    |   域3      | 正常运行   |  否   |  745299984
  1    |   域2      | 正常运行   |  是   |  745299940
  2    |   域0      | 正常运行   |  否   |  745299983
  3    |   域2      | 正常运行   |  是   |  745299934
==================================================================

[动态重分配] 周期745300000：预约迁移 冗余域2(1%) -> 切片1 -> 饥饿域3(8%)
[切片剥夺] 周期745300000：切片1（所属域2）进入待剥夺状态，禁止新替换
[切片剥夺] 周期745300000：切片1在途请求已清空，开始执行脏行写回
[切片管理] 周期745323089：原域2仅剩1个切片，关闭路扩展模式
[动态重分配] 周期745323089：切片1写回完成，自动绑定到域3
[切片管理] 成功绑定切片1 → 安全域3，触发【路扩展模式】

======================== 切片硬件状态 ========================
切片号 | 所属安全域 | 当前状态    | 路扩展 | LRU touched
------------------------------------------------------------------
  0    |   域3      | 正常运行   |  是   |  745323087
  1    |   域3      | 正常运行   |  是   |  745323089
  2    |   域0      | 正常运行   |  否   |  745323089
  3    |   域2      | 正常运行   |  否   |  745323075
==================================================================


======================== 切片硬件状态 ========================
切片号 | 所属安全域 | 当前状态    | 路扩展 | LRU touched
------------------------------------------------------------------
  0    |   域3      | 正常运行   |  是   |  745799999
  1    |   域3      | 正常运行   |  是   |  745799994
  2    |   域0      | 正常运行   |  否   |  745800000
  3    |   域2      | 正常运行   |  否   |  745799997
==================================================================

[动态重分配] 周期745800000：预约迁移 冗余域3(0%) -> 切片0 -> 饥饿域2(8%)
[切片剥夺] 周期745800000：切片0（所属域3）进入待剥夺状态，禁止新替换
[切片剥夺] 周期745800000：切片0在途请求已清空，开始执行脏行写回
[切片管理] 周期745800032：原域3仅剩1个切片，关闭路扩展模式
[动态重分配] 周期745800032：切片0写回完成，自动绑定到域2
[切片管理] 成功绑定切片0 → 安全域2，触发【路扩展模式】

======================== 切片硬件状态 ========================
切片号 | 所属安全域 | 当前状态    | 路扩展 | LRU touched
------------------------------------------------------------------
  0    |   域2      | 正常运行   |  是   |  745800032
  1    |   域3      | 正常运行   |  否   |  745800028
  2    |   域0      | 正常运行   |  否   |  745800031
  3    |   域2      | 正常运行   |  是   |  745800029
==================================================================


======================== 切片硬件状态 ========================
切片号 | 所属安全域 | 当前状态    | 路扩展 | LRU touched
------------------------------------------------------------------
  0    |   域2      | 正常运行   |  是   |  760199999
  1    |   域3      | 正常运行   |  否   |  760199996
  2    |   域0      | 正常运行   |  否   |  760199999
  3    |   域2      | 正常运行   |  是   |  760199987
==================================================================

[动态重分配] 周期760200000：预约迁移 冗余域2(0%) -> 切片0 -> 饥饿域3(7%)
[切片剥夺] 周期760200000：切片0（所属域2）进入待剥夺状态，禁止新替换
[切片剥夺] 周期760200000：切片0在途请求已清空，开始执行脏行写回
[切片管理] 周期760200053：原域2仅剩1个切片，关闭路扩展模式
[动态重分配] 周期760200053：切片0写回完成，自动绑定到域3
[切片管理] 成功绑定切片0 → 安全域3，触发【路扩展模式】

======================== 切片硬件状态 ========================
切片号 | 所属安全域 | 当前状态    | 路扩展 | LRU touched
------------------------------------------------------------------
  0    |   域3      | 正常运行   |  是   |  760200053
  1    |   域3      | 正常运行   |  是   |  760200012
  2    |   域0      | 正常运行   |  否   |  760200001
  3    |   域2      | 正常运行   |  否   |  760200012
==================================================================


======================== 切片硬件状态 ========================
切片号 | 所属安全域 | 当前状态    | 路扩展 | LRU touched
------------------------------------------------------------------
  0    |   域3      | 正常运行   |  是   |  762700000
  1    |   域3      | 正常运行   |  是   |  762699999
  2    |   域0      | 正常运行   |  否   |  762699993
  3    |   域2      | 正常运行   |  否   |  762700000
==================================================================

[动态重分配] 周期762700000：预约迁移 冗余域3(2%) -> 切片0 -> 饥饿域2(9%)
[切片剥夺] 周期762700000：切片0（所属域3）进入待剥夺状态，禁止新替换
[切片剥夺] 周期762700000：切片0在途请求已清空，开始执行脏行写回
[切片管理] 周期762701119：原域3仅剩1个切片，关闭路扩展模式
[动态重分配] 周期762701119：切片0写回完成，自动绑定到域2
[切片管理] 成功绑定切片0 → 安全域2，触发【路扩展模式】

======================== 切片硬件状态 ========================
切片号 | 所属安全域 | 当前状态    | 路扩展 | LRU touched
------------------------------------------------------------------
  0    |   域2      | 正常运行   |  是   |  762701119
  1    |   域3      | 正常运行   |  否   |  762701118
  2    |   域0      | 正常运行   |  否   |  762701119
  3    |   域2      | 正常运行   |  是   |  762701110
==================================================================


======================== 切片硬件状态 ========================
切片号 | 所属安全域 | 当前状态    | 路扩展 | LRU touched
------------------------------------------------------------------
  0    |   域2      | 正常运行   |  是   |  765599992
  1    |   域3      | 正常运行   |  否   |  765599907
  2    |   域0      | 正常运行   |  否   |  765599982
  3    |   域2      | 正常运行   |  是   |  765599996
==================================================================

[动态重分配] 周期765600000：预约迁移 冗余域2(0%) -> 切片0 -> 饥饿域3(10%)
[切片剥夺] 周期765600000：切片0（所属域2）进入待剥夺状态，禁止新替换
[切片剥夺] 周期765600000：切片0在途请求已清空，开始执行脏行写回
[切片管理] 周期765600188：原域2仅剩1个切片，关闭路扩展模式
[动态重分配] 周期765600188：切片0写回完成，自动绑定到域3
[切片管理] 成功绑定切片0 → 安全域3，触发【路扩展模式】

======================== 切片硬件状态 ========================
切片号 | 所属安全域 | 当前状态    | 路扩展 | LRU touched
------------------------------------------------------------------
  0    |   域3      | 正常运行   |  是   |  765600188
  1    |   域3      | 正常运行   |  是   |  765599907
  2    |   域0      | 正常运行   |  否   |  765600003
  3    |   域2      | 正常运行   |  否   |  765600058
==================================================================


======================== 切片硬件状态 ========================
切片号 | 所属安全域 | 当前状态    | 路扩展 | LRU touched
------------------------------------------------------------------
  0    |   域3      | 正常运行   |  是   |  768799794
  1    |   域3      | 正常运行   |  是   |  768799866
  2    |   域0      | 正常运行   |  否   |  768799864
  3    |   域2      | 正常运行   |  否   |  768799873
==================================================================

[动态重分配] 周期768800000：预约迁移 冗余域3(1%) -> 切片0 -> 饥饿域2(9%)
[切片剥夺] 周期768800000：切片0（所属域3）进入待剥夺状态，禁止新替换
[切片剥夺] 周期768800000：切片0在途请求已清空，开始执行脏行写回
[切片管理] 周期768834092：原域3仅剩1个切片，关闭路扩展模式
[动态重分配] 周期768834092：切片0写回完成，自动绑定到域2
[切片管理] 成功绑定切片0 → 安全域2，触发【路扩展模式】

======================== 切片硬件状态 ========================
切片号 | 所属安全域 | 当前状态    | 路扩展 | LRU touched
------------------------------------------------------------------
  0    |   域2      | 正常运行   |  是   |  768834092
  1    |   域3      | 正常运行   |  否   |  768834092
  2    |   域0      | 正常运行   |  否   |  768834078
  3    |   域2      | 正常运行   |  是   |  768834090
==================================================================


======================== 切片硬件状态 ========================
切片号 | 所属安全域 | 当前状态    | 路扩展 | LRU touched
------------------------------------------------------------------
  0    |   域2      | 正常运行   |  是   |  769999997
  1    |   域3      | 正常运行   |  否   |  769999997
  2    |   域0      | 正常运行   |  否   |  769999997
  3    |   域2      | 正常运行   |  是   |  769999996
==================================================================

[动态重分配] 周期770000000：预约迁移 冗余域2(0%) -> 切片0 -> 饥饿域3(9%)
[切片剥夺] 周期770000000：切片0（所属域2）进入待剥夺状态，禁止新替换
[切片剥夺] 周期770000000：切片0在途请求已清空，开始执行脏行写回
[切片管理] 周期770002651：原域2仅剩1个切片，关闭路扩展模式
[动态重分配] 周期770002651：切片0写回完成，自动绑定到域3
[切片管理] 成功绑定切片0 → 安全域3，触发【路扩展模式】

======================== 切片硬件状态 ========================
切片号 | 所属安全域 | 当前状态    | 路扩展 | LRU touched
------------------------------------------------------------------
  0    |   域3      | 正常运行   |  是   |  770002651
  1    |   域3      | 正常运行   |  是   |  770002648
  2    |   域0      | 正常运行   |  否   |  770002651
  3    |   域2      | 正常运行   |  否   |  770002651
==================================================================


======================== 切片硬件状态 ========================
切片号 | 所属安全域 | 当前状态    | 路扩展 | LRU touched
------------------------------------------------------------------
  0    |   域3      | 正常运行   |  是   |  777799895
  1    |   域3      | 正常运行   |  是   |  777799910
  2    |   域0      | 正常运行   |  否   |  777799899
  3    |   域2      | 正常运行   |  否   |  777799906
==================================================================

[动态重分配] 周期777800000：预约迁移 冗余域3(0%) -> 切片0 -> 饥饿域2(6%)
[切片剥夺] 周期777800000：切片0（所属域3）进入待剥夺状态，禁止新替换
[切片剥夺] 周期777800000：切片0在途请求已清空，开始执行脏行写回
[切片管理] 周期777800146：原域3仅剩1个切片，关闭路扩展模式
[动态重分配] 周期777800146：切片0写回完成，自动绑定到域2
[切片管理] 成功绑定切片0 → 安全域2，触发【路扩展模式】

======================== 切片硬件状态 ========================
切片号 | 所属安全域 | 当前状态    | 路扩展 | LRU touched
------------------------------------------------------------------
  0    |   域2      | 正常运行   |  是   |  777800146
  1    |   域3      | 正常运行   |  否   |  777799910
  2    |   域0      | 正常运行   |  否   |  777799899
  3    |   域2      | 正常运行   |  是   |  777799906
==================================================================


======================== 切片硬件状态 ========================
切片号 | 所属安全域 | 当前状态    | 路扩展 | LRU touched
------------------------------------------------------------------
  0    |   域2      | 正常运行   |  是   |  789800000
  1    |   域3      | 正常运行   |  否   |  789799981
  2    |   域0      | 正常运行   |  否   |  789799989
  3    |   域2      | 正常运行   |  是   |  789799257
==================================================================

[动态重分配] 周期789800000：预约迁移 冗余域2(1%) -> 切片0 -> 饥饿域3(7%)
[切片剥夺] 周期789800000：切片0（所属域2）进入待剥夺状态，禁止新替换
[切片剥夺] 周期789800000：切片0在途请求已清空，开始执行脏行写回
[切片管理] 周期789854571：原域2仅剩1个切片，关闭路扩展模式
[动态重分配] 周期789854571：切片0写回完成，自动绑定到域3
[切片管理] 成功绑定切片0 → 安全域3，触发【路扩展模式】

======================== 切片硬件状态 ========================
切片号 | 所属安全域 | 当前状态    | 路扩展 | LRU touched
------------------------------------------------------------------
  0    |   域3      | 正常运行   |  是   |  789854571
  1    |   域3      | 正常运行   |  是   |  789854567
  2    |   域0      | 正常运行   |  否   |  789854558
  3    |   域2      | 正常运行   |  否   |  789854560
==================================================================


======================== 切片硬件状态 ========================
切片号 | 所属安全域 | 当前状态    | 路扩展 | LRU touched
------------------------------------------------------------------
  0    |   域3      | 正常运行   |  是   |  798899923
  1    |   域3      | 正常运行   |  是   |  798899984
  2    |   域0      | 正常运行   |  否   |  798899924
  3    |   域2      | 正常运行   |  否   |  798899984
==================================================================

[动态重分配] 周期798900000：预约迁移 冗余域3(0%) -> 切片0 -> 饥饿域2(7%)
[切片剥夺] 周期798900000：切片0（所属域3）进入待剥夺状态，禁止新替换
[切片剥夺] 周期798900000：切片0在途请求已清空，开始执行脏行写回
[切片管理] 周期798900158：原域3仅剩1个切片，关闭路扩展模式
[动态重分配] 周期798900158：切片0写回完成，自动绑定到域2
[切片管理] 成功绑定切片0 → 安全域2，触发【路扩展模式】

======================== 切片硬件状态 ========================
切片号 | 所属安全域 | 当前状态    | 路扩展 | LRU touched
------------------------------------------------------------------
  0    |   域2      | 正常运行   |  是   |  798900158
  1    |   域3      | 正常运行   |  否   |  798900156
  2    |   域0      | 正常运行   |  否   |  798900156
  3    |   域2      | 正常运行   |  是   |  798900156
==================================================================


**** Debug Statistics at 801000000 Cycles *****
Threads: 4		Fetch Width: 8
No of useful instructions fetched:	1821696228 (28.43% proc util.)
No of total instructions fetched:	1950669079 (30.44% proc util.)
 includes 320075 misfetch (0.0%), 128652776 (6.6%) wrong-path fetches
 and 0 flushed after failed lock(0.0%)
No of useful instructions issued/executed:	1821696217 (28.43% proc util.)
No of total instructions issued/executed:	1882718372 (29.38% proc util.)
 includes 61022155 wrong-path (3.2%) insts and 0 flushed (0.0%)
	fp 263645726, 14.00%
	synch 0, 0.00%
	integer 1057704333, 56.18%
	load/store 561368313, 29.82%
Avg size of int IQ (before scheduling): 17.99
Avg size of fp IQ (before scheduling): 7.12
No of cycles taken:		801000000
Parallelism [ 0.764, 0.000, 0.757, 0.754,] = 2.274
 IQ conflicts: 10461707 (1.31%), FQ conflicts: 286416 (0.04%) 
 I reg conflicts: 238101637 (29.73%), FP reg conflicts: 241067828 (30.10%)
  Activelist confs: 0 (0.00%), ROB confs: 6977 (0.00%)
  Int unit conflicts: 307107977 (38.34%), FP unit conflicts: 2077064 (0.26%)
  Load/store unit conflicts: 80968835 (10.11%)
  MSHR conflicts: 1087293668 (135.74%)
----------------------------------------
==== System-wide Cache Statistics ====
Stall for miss queue full 12789 cycles (0.00%)
----------------------------------------
==== Statistics for Master ID: 0 ====
Reads: 440848341   Writes: 11649751
ICACHE: size: 64 KB assoc: 2
ICACHE: hits:212953962 misses:2164  Hit Ratio: 100.00%
DCACHE: size: 1*16 KB assoc: 1*4
DCACHE: hits:233373954 misses:6168335 writebacks:1486735  Hit Ratio: 97.42%
SCACHE: size: 512 KB assoc: 2
SCACHE: hits:700389 misses:5469786  Hit Ratio: 11.35%
3CACHE: size: 4096 KB assoc: 2
3CACHE: hits:1645335 misses:3824451  Hit Ratio: 30.08%
3CACHE: dirty items replaced:269727
ITLB: size: 48, misses 26, miss rate 0.00%
DTLB: size: 128, misses 109202, miss rate 0.05%
Avg mem delay: 4.334 cycles
----------------------------------------
==== Statistics for Master ID: 2 ====
Reads: 304437477   Writes: 44641386
ICACHE: size: 64 KB assoc: 2
ICACHE: hits:196585864 misses:21256  Hit Ratio: 99.99%
DCACHE: size: 2*16 KB assoc: 2*4
DCACHE: hits:148032045 misses:4445347 writebacks:2408400  Hit Ratio: 97.08%
SCACHE: size: 512 KB assoc: 2
SCACHE: hits:1109521 misses:3351433  Hit Ratio: 24.87%
3CACHE: size: 4096 KB assoc: 2
3CACHE: hits:840294 misses:2511139  Hit Ratio: 25.07%
3CACHE: dirty items replaced:98841
ITLB: size: 48, misses 25, miss rate 0.00%
DTLB: size: 128, misses 119471, miss rate 0.08%
Avg mem delay: 4.334 cycles
----------------------------------------
==== Statistics for Master ID: 3 ====
Reads: 325868999   Writes: 49281998
ICACHE: size: 64 KB assoc: 2
ICACHE: hits:205771017 misses:25419  Hit Ratio: 99.99%
DCACHE: size: 1*16 KB assoc: 1*4
DCACHE: hits:163825315 misses:5534017 writebacks:2575651  Hit Ratio: 96.73%
SCACHE: size: 512 KB assoc: 2
SCACHE: hits:2454123 misses:3100542  Hit Ratio: 44.18%
3CACHE: size: 4096 KB assoc: 2
3CACHE: hits:759585 misses:2340957  Hit Ratio: 24.50%
3CACHE: dirty items replaced:98083
ITLB: size: 48, misses 25, miss rate 0.00%
DTLB: size: 128, misses 109780, miss rate 0.06%
Avg mem delay: 4.334 cycles
----------------------------------------
==== Global Resource Utilization ====
STASH: size: 65536 entries, full 2505840778, empty 49095, misses 4665, full rate 100.00
icache bank util. 0.099 0.072 0.071 0.084 0.097 0.135 0.097 0.114 
dcache bank util. 0.084 0.095 0.106 0.089 0.121 0.085 0.118 0.088 
L2 bank util. 0.023 0.023 0.023 0.022 0.022 0.022 0.024 0.026 
L1-L2 bus util. = 0.085, L3 util. = 0.108
----------------------------------------

======================== 切片硬件状态 ========================
切片号 | 所属安全域 | 当前状态    | 路扩展 | LRU touched
------------------------------------------------------------------
  0    |   域2      | 正常运行   |  是   |  800999962
  1    |   域3      | 正常运行   |  否   |  800999971
  2    |   域0      | 正常运行   |  否   |  800999982
  3    |   域2      | 正常运行   |  是   |  800999634
==================================================================

branch prediction, hits = 84865581, misses = 5780068, hit rate = 93.62%
return_stack prediction, hits = 5413714, misses = 20, hit rate = 100.00%
jump prediction, hits = 102266830, misses = 137585, hit rate = 99.87%

======================== 切片硬件状态 ========================
切片号 | 所属安全域 | 当前状态    | 路扩展 | LRU touched
------------------------------------------------------------------
  0    |   域2      | 正常运行   |  是   |  801899926
  1    |   域3      | 正常运行   |  否   |  801899925
  2    |   域0      | 正常运行   |  否   |  801899914
  3    |   域2      | 正常运行   |  是   |  801899896
==================================================================

[动态重分配] 周期801900000：预约迁移 冗余域2(0%) -> 切片0 -> 饥饿域3(6%)
[切片剥夺] 周期801900000：切片0（所属域2）进入待剥夺状态，禁止新替换
[切片剥夺] 周期801900000：切片0在途请求已清空，开始执行脏行写回
[切片管理] 周期801900197：原域2仅剩1个切片，关闭路扩展模式
[动态重分配] 周期801900197：切片0写回完成，自动绑定到域3
[切片管理] 成功绑定切片0 → 安全域3，触发【路扩展模式】

======================== 切片硬件状态 ========================
切片号 | 所属安全域 | 当前状态    | 路扩展 | LRU touched
------------------------------------------------------------------
  0    |   域3      | 正常运行   |  是   |  801900197
  1    |   域3      | 正常运行   |  是   |  801899925
  2    |   域0      | 正常运行   |  否   |  801899914
  3    |   域2      | 正常运行   |  否   |  801899896
==================================================================


======================== 切片硬件状态 ========================
切片号 | 所属安全域 | 当前状态    | 路扩展 | LRU touched
------------------------------------------------------------------
  0    |   域3      | 正常运行   |  是   |  807499999
  1    |   域3      | 正常运行   |  是   |  807499994
  2    |   域0      | 正常运行   |  否   |  807500000
  3    |   域2      | 正常运行   |  否   |  807500000
==================================================================

[动态重分配] 周期807500000：预约迁移 冗余域3(4%) -> 切片0 -> 饥饿域2(10%)
[切片剥夺] 周期807500000：切片0（所属域3）进入待剥夺状态，禁止新替换
[切片剥夺] 周期807500000：切片0在途请求已清空，开始执行脏行写回
[切片管理] 周期807501780：原域3仅剩1个切片，关闭路扩展模式
[动态重分配] 周期807501780：切片0写回完成，自动绑定到域2
[切片管理] 成功绑定切片0 → 安全域2，触发【路扩展模式】

======================== 切片硬件状态 ========================
切片号 | 所属安全域 | 当前状态    | 路扩展 | LRU touched
------------------------------------------------------------------
  0    |   域2      | 正常运行   |  是   |  807501780
  1    |   域3      | 正常运行   |  否   |  807501769
  2    |   域0      | 正常运行   |  否   |  807501773
  3    |   域2      | 正常运行   |  是   |  807501776
==================================================================


======================== 切片硬件状态 ========================
切片号 | 所属安全域 | 当前状态    | 路扩展 | LRU touched
------------------------------------------------------------------
  0    |   域2      | 正常运行   |  是   |  810999878
  1    |   域3      | 正常运行   |  否   |  810999886
  2    |   域0      | 正常运行   |  否   |  810999876
  3    |   域2      | 正常运行   |  是   |  810999889
==================================================================

[动态重分配] 周期811000000：预约迁移 冗余域2(0%) -> 切片0 -> 饥饿域3(6%)
[切片剥夺] 周期811000000：切片0（所属域2）进入待剥夺状态，禁止新替换
[切片剥夺] 周期811000000：切片0在途请求已清空，开始执行脏行写回
[切片管理] 周期811000086：原域2仅剩1个切片，关闭路扩展模式
[动态重分配] 周期811000086：切片0写回完成，自动绑定到域3
[切片管理] 成功绑定切片0 → 安全域3，触发【路扩展模式】

======================== 切片硬件状态 ========================
切片号 | 所属安全域 | 当前状态    | 路扩展 | LRU touched
------------------------------------------------------------------
  0    |   域3      | 正常运行   |  是   |  811000086
  1    |   域3      | 正常运行   |  是   |  810999886
  2    |   域0      | 正常运行   |  否   |  810999876
  3    |   域2      | 正常运行   |  否   |  810999889
==================================================================


======================== 切片硬件状态 ========================
切片号 | 所属安全域 | 当前状态    | 路扩展 | LRU touched
------------------------------------------------------------------
  0    |   域3      | 正常运行   |  是   |  813600000
  1    |   域3      | 正常运行   |  是   |  813599987
  2    |   域0      | 正常运行   |  否   |  813599995
  3    |   域2      | 正常运行   |  否   |  813599999
==================================================================

[动态重分配] 周期813600000：预约迁移 冗余域3(0%) -> 切片0 -> 饥饿域2(9%)
[切片剥夺] 周期813600000：切片0（所属域3）进入待剥夺状态，禁止新替换
[切片剥夺] 周期813600000：切片0在途请求已清空，开始执行脏行写回
[切片管理] 周期813601756：原域3仅剩1个切片，关闭路扩展模式
[动态重分配] 周期813601756：切片0写回完成，自动绑定到域2
[切片管理] 成功绑定切片0 → 安全域2，触发【路扩展模式】

======================== 切片硬件状态 ========================
切片号 | 所属安全域 | 当前状态    | 路扩展 | LRU touched
------------------------------------------------------------------
  0    |   域2      | 正常运行   |  是   |  813601756
  1    |   域3      | 正常运行   |  否   |  813601756
  2    |   域0      | 正常运行   |  否   |  813601753
  3    |   域2      | 正常运行   |  是   |  813601754
==================================================================


======================== 切片硬件状态 ========================
切片号 | 所属安全域 | 当前状态    | 路扩展 | LRU touched
------------------------------------------------------------------
  0    |   域2      | 正常运行   |  是   |  822799965
  1    |   域3      | 正常运行   |  否   |  822799959
  2    |   域0      | 正常运行   |  否   |  822799965
  3    |   域2      | 正常运行   |  是   |  822799122
==================================================================

[动态重分配] 周期822800000：预约迁移 冗余域2(1%) -> 切片0 -> 饥饿域3(7%)
[切片剥夺] 周期822800000：切片0（所属域2）进入待剥夺状态，禁止新替换
[切片剥夺] 周期822800000：切片0在途请求已清空，开始执行脏行写回
[切片管理] 周期822834061：原域2仅剩1个切片，关闭路扩展模式
[动态重分配] 周期822834061：切片0写回完成，自动绑定到域3
[切片管理] 成功绑定切片0 → 安全域3，触发【路扩展模式】

======================== 切片硬件状态 ========================
切片号 | 所属安全域 | 当前状态    | 路扩展 | LRU touched
------------------------------------------------------------------
  0    |   域3      | 正常运行   |  是   |  822834061
  1    |   域3      | 正常运行   |  是   |  822834051
  2    |   域0      | 正常运行   |  否   |  822834061
  3    |   域2      | 正常运行   |  否   |  822834060
==================================================================


======================== 切片硬件状态 ========================
切片号 | 所属安全域 | 当前状态    | 路扩展 | LRU touched
------------------------------------------------------------------
  0    |   域3      | 正常运行   |  是   |  823899999
  1    |   域3      | 正常运行   |  是   |  823888438
  2    |   域0      | 正常运行   |  否   |  823899992
  3    |   域2      | 正常运行   |  否   |  823899995
==================================================================

[动态重分配] 周期823900000：预约迁移 冗余域3(1%) -> 切片0 -> 饥饿域2(8%)
[切片剥夺] 周期823900000：切片0（所属域3）进入待剥夺状态，禁止新替换
[切片剥夺] 周期823900000：切片0在途请求已清空，开始执行脏行写回
[切片管理] 周期823943089：原域3仅剩1个切片，关闭路扩展模式
[动态重分配] 周期823943089：切片0写回完成，自动绑定到域2
[切片管理] 成功绑定切片0 → 安全域2，触发【路扩展模式】

======================== 切片硬件状态 ========================
切片号 | 所属安全域 | 当前状态    | 路扩展 | LRU touched
------------------------------------------------------------------
  0    |   域2      | 正常运行   |  是   |  823943089
  1    |   域3      | 正常运行   |  否   |  823943069
  2    |   域0      | 正常运行   |  否   |  823943089
  3    |   域2      | 正常运行   |  是   |  823943088
==================================================================


======================== 切片硬件状态 ========================
切片号 | 所属安全域 | 当前状态    | 路扩展 | LRU touched
------------------------------------------------------------------
  0    |   域2      | 正常运行   |  是   |  824099996
  1    |   域3      | 正常运行   |  否   |  824099998
  2    |   域0      | 正常运行   |  否   |  824100000
  3    |   域2      | 正常运行   |  是   |  824099999
==================================================================

[动态重分配] 周期824100000：预约迁移 冗余域2(0%) -> 切片3 -> 饥饿域3(8%)
[切片剥夺] 周期824100000：切片3（所属域2）进入待剥夺状态，禁止新替换
[切片剥夺] 周期824100000：切片3在途请求已清空，开始执行脏行写回
[切片管理] 周期824100209：原域2仅剩1个切片，关闭路扩展模式
[动态重分配] 周期824100209：切片3写回完成，自动绑定到域3
[切片管理] 成功绑定切片3 → 安全域3，触发【路扩展模式】

======================== 切片硬件状态 ========================
切片号 | 所属安全域 | 当前状态    | 路扩展 | LRU touched
------------------------------------------------------------------
  0    |   域2      | 正常运行   |  否   |  824100043
  1    |   域3      | 正常运行   |  是   |  824100064
  2    |   域0      | 正常运行   |  否   |  824100051
  3    |   域3      | 正常运行   |  是   |  824100209
==================================================================


======================== 切片硬件状态 ========================
切片号 | 所属安全域 | 当前状态    | 路扩展 | LRU touched
------------------------------------------------------------------
  0    |   域2      | 正常运行   |  否   |  826699934
  1    |   域3      | 正常运行   |  是   |  826699997
  2    |   域0      | 正常运行   |  否   |  826699995
  3    |   域3      | 正常运行   |  是   |  826699993
==================================================================

[动态重分配] 周期826700000：预约迁移 冗余域3(3%) -> 切片3 -> 饥饿域2(9%)
[切片剥夺] 周期826700000：切片3（所属域3）进入待剥夺状态，禁止新替换
[切片剥夺] 周期826700000：切片3在途请求已清空，开始执行脏行写回
[切片管理] 周期826700652：原域3仅剩1个切片，关闭路扩展模式
[动态重分配] 周期826700652：切片3写回完成，自动绑定到域2
[切片管理] 成功绑定切片3 → 安全域2，触发【路扩展模式】

======================== 切片硬件状态 ========================
切片号 | 所属安全域 | 当前状态    | 路扩展 | LRU touched
------------------------------------------------------------------
  0    |   域2      | 正常运行   |  是   |  826700636
  1    |   域3      | 正常运行   |  否   |  826700642
  2    |   域0      | 正常运行   |  否   |  826700644
  3    |   域2      | 正常运行   |  是   |  826700652
==================================================================


======================== 切片硬件状态 ========================
切片号 | 所属安全域 | 当前状态    | 路扩展 | LRU touched
------------------------------------------------------------------
  0    |   域2      | 正常运行   |  是   |  826999948
  1    |   域3      | 正常运行   |  否   |  827000000
  2    |   域0      | 正常运行   |  否   |  826999971
  3    |   域2      | 正常运行   |  是   |  826999795
==================================================================

[动态重分配] 周期827000000：预约迁移 冗余域2(0%) -> 切片0 -> 饥饿域3(6%)
[切片剥夺] 周期827000000：切片0（所属域2）进入待剥夺状态，禁止新替换
[切片剥夺] 周期827000000：切片0在途请求已清空，开始执行脏行写回
[切片管理] 周期827000208：原域2仅剩1个切片，关闭路扩展模式
[动态重分配] 周期827000208：切片0写回完成，自动绑定到域3
[切片管理] 成功绑定切片0 → 安全域3，触发【路扩展模式】

======================== 切片硬件状态 ========================
切片号 | 所属安全域 | 当前状态    | 路扩展 | LRU touched
------------------------------------------------------------------
  0    |   域3      | 正常运行   |  是   |  827000208
  1    |   域3      | 正常运行   |  是   |  827000001
  2    |   域0      | 正常运行   |  否   |  826999971
  3    |   域2      | 正常运行   |  否   |  826999795
==================================================================


======================== 切片硬件状态 ========================
切片号 | 所属安全域 | 当前状态    | 路扩展 | LRU touched
------------------------------------------------------------------
  0    |   域3      | 正常运行   |  是   |  835899681
  1    |   域3      | 正常运行   |  是   |  835899913
  2    |   域0      | 正常运行   |  否   |  835899970
  3    |   域2      | 正常运行   |  否   |  835899910
==================================================================

[动态重分配] 周期835900000：预约迁移 冗余域3(1%) -> 切片0 -> 饥饿域2(9%)
[切片剥夺] 周期835900000：切片0（所属域3）进入待剥夺状态，禁止新替换
[切片剥夺] 周期835900000：切片0在途请求已清空，开始执行脏行写回
[切片管理] 周期835943498：原域3仅剩1个切片，关闭路扩展模式
[动态重分配] 周期835943498：切片0写回完成，自动绑定到域2
[切片管理] 成功绑定切片0 → 安全域2，触发【路扩展模式】

======================== 切片硬件状态 ========================
切片号 | 所属安全域 | 当前状态    | 路扩展 | LRU touched
------------------------------------------------------------------
  0    |   域2      | 正常运行   |  是   |  835943498
  1    |   域3      | 正常运行   |  否   |  835943468
  2    |   域0      | 正常运行   |  否   |  835943498
  3    |   域2      | 正常运行   |  是   |  835943496
==================================================================


======================== 切片硬件状态 ========================
切片号 | 所属安全域 | 当前状态    | 路扩展 | LRU touched
------------------------------------------------------------------
  0    |   域2      | 正常运行   |  是   |  836799989
  1    |   域3      | 正常运行   |  否   |  836799908
  2    |   域0      | 正常运行   |  否   |  836799971
  3    |   域2      | 正常运行   |  是   |  836799912
==================================================================

[动态重分配] 周期836800000：预约迁移 冗余域2(2%) -> 切片0 -> 饥饿域3(10%)
[切片剥夺] 周期836800000：切片0（所属域2）进入待剥夺状态，禁止新替换
[切片剥夺] 周期836800124：切片0在途请求已清空，开始执行脏行写回
[切片管理] 周期836801581：原域2仅剩1个切片，关闭路扩展模式
[动态重分配] 周期836801581：切片0写回完成，自动绑定到域3
[切片管理] 成功绑定切片0 → 安全域3，触发【路扩展模式】

======================== 切片硬件状态 ========================
切片号 | 所属安全域 | 当前状态    | 路扩展 | LRU touched
------------------------------------------------------------------
  0    |   域3      | 正常运行   |  是   |  836801581
  1    |   域3      | 正常运行   |  是   |  836801579
  2    |   域0      | 正常运行   |  否   |  836801580
  3    |   域2      | 正常运行   |  否   |  836801581
==================================================================


======================== 切片硬件状态 ========================
切片号 | 所属安全域 | 当前状态    | 路扩展 | LRU touched
------------------------------------------------------------------
  0    |   域3      | 正常运行   |  是   |  850199999
  1    |   域3      | 正常运行   |  是   |  850199996
  2    |   域0      | 正常运行   |  否   |  850200000
  3    |   域2      | 正常运行   |  否   |  850200000
==================================================================

[动态重分配] 周期850200000：预约迁移 冗余域3(0%) -> 切片0 -> 饥饿域2(7%)
[切片剥夺] 周期850200000：切片0（所属域3）进入待剥夺状态，禁止新替换
[切片剥夺] 周期850200000：切片0在途请求已清空，开始执行脏行写回
[切片管理] 周期850200230：原域3仅剩1个切片，关闭路扩展模式
[动态重分配] 周期850200230：切片0写回完成，自动绑定到域2
[切片管理] 成功绑定切片0 → 安全域2，触发【路扩展模式】

======================== 切片硬件状态 ========================
切片号 | 所属安全域 | 当前状态    | 路扩展 | LRU touched
------------------------------------------------------------------
  0    |   域2      | 正常运行   |  是   |  850200230
  1    |   域3      | 正常运行   |  否   |  850200229
  2    |   域0      | 正常运行   |  否   |  850200090
  3    |   域2      | 正常运行   |  是   |  850200118
==================================================================


======================== 切片硬件状态 ========================
切片号 | 所属安全域 | 当前状态    | 路扩展 | LRU touched
------------------------------------------------------------------
  0    |   域2      | 正常运行   |  是   |  855099515
  1    |   域3      | 正常运行   |  否   |  855099998
  2    |   域0      | 正常运行   |  否   |  855099998
  3    |   域2      | 正常运行   |  是   |  855099998
==================================================================

[动态重分配] 周期855100000：预约迁移 冗余域2(1%) -> 切片0 -> 饥饿域0(13%)
[切片剥夺] 周期855100000：切片0（所属域2）进入待剥夺状态，禁止新替换
[切片剥夺] 周期855100000：切片0在途请求已清空，开始执行脏行写回
[切片管理] 周期855107560：原域2仅剩1个切片，关闭路扩展模式
[动态重分配] 周期855107560：切片0写回完成，自动绑定到域0
[切片管理] 成功绑定切片0 → 安全域0，触发【路扩展模式】

======================== 切片硬件状态 ========================
切片号 | 所属安全域 | 当前状态    | 路扩展 | LRU touched
------------------------------------------------------------------
  0    |   域0      | 正常运行   |  是   |  855107560
  1    |   域3      | 正常运行   |  否   |  855107555
  2    |   域0      | 正常运行   |  是   |  855107555
  3    |   域2      | 正常运行   |  否   |  855107554
==================================================================


**** Early Exiting at 875731150 Cycles *****
========================================
 SMTSIM Global Statistics
========================================
Threads: 4		Fetch Width: 8
No of useful instructions fetched:	2000000161 (28.55% proc util.)
No of total instructions fetched:	2142238730 (30.58% proc util.)
 includes 354635 misfetch (0.0%), 141883934 (6.6%) wrong-path fetches
 and 0 flushed after failed lock(0.0%)
No of useful instructions issued/executed:	2000000114 (28.55% proc util.)
No of total instructions issued/executed:	2067310094 (29.51% proc util.)
 includes 67309980 wrong-path (3.3%) insts and 0 flushed (0.0%)
	fp 289185880, 13.99%
	synch 0, 0.00%
	integer 1161660781, 56.19%
	load/store 616463433, 29.82%
Avg size of int IQ (before scheduling): 17.75
Avg size of fp IQ (before scheduling): 7.17
No of cycles taken:		875731150
Parallelism [ 0.768, 0.000, 0.760, 0.756,] = 2.284
 IQ conflicts: 11483268 (1.31%), FQ conflicts: 286416 (0.03%) 
 I reg conflicts: 244886191 (27.96%), FP reg conflicts: 277056211 (31.64%)
  Activelist confs: 0 (0.00%), ROB confs: 7509 (0.00%)
  Int unit conflicts: 335677268 (38.33%), FP unit conflicts: 2164024 (0.25%)
  Load/store unit conflicts: 87111307 (9.95%)
  MSHR conflicts: 1123872059 (128.34%)
----------------------------------------
==== System-wide Cache Statistics ====
Stall for miss queue full 14854 cycles (0.00%)
----------------------------------------
==== Statistics for Master ID: 0 ====
Reads: 485680175   Writes: 12580636
ICACHE: size: 64 KB assoc: 2
ICACHE: hits:234576272 misses:2446  Hit Ratio: 100.00%
DCACHE: size: 2*16 KB assoc: 2*4
DCACHE: hits:256735321 misses:6947095 writebacks:1618439  Hit Ratio: 97.37%
SCACHE: size: 512 KB assoc: 2
SCACHE: hits:775925 misses:6173292  Hit Ratio: 11.17%
3CACHE: size: 4096 KB assoc: 2
3CACHE: hits:1856911 misses:4316380  Hit Ratio: 30.08%
3CACHE: dirty items replaced:317268
ITLB: size: 48, misses 26, miss rate 0.00%
DTLB: size: 128, misses 124861, miss rate 0.05%
Avg mem delay: 4.266 cycles
----------------------------------------
==== Statistics for Master ID: 2 ====
Reads: 334939861   Writes: 48920007
ICACHE: size: 64 KB assoc: 2
ICACHE: hits:216157480 misses:23748  Hit Ratio: 99.99%
DCACHE: size: 1*16 KB assoc: 1*4
DCACHE: hits:162979780 misses:4705325 writebacks:2547433  Hit Ratio: 97.19%
SCACHE: size: 512 KB assoc: 2
SCACHE: hits:1228482 misses:3494126  Hit Ratio: 26.01%
3CACHE: size: 4096 KB assoc: 2
3CACHE: hits:926984 misses:2567142  Hit Ratio: 26.53%
3CACHE: dirty items replaced:112147
ITLB: size: 48, misses 25, miss rate 0.00%
DTLB: size: 128, misses 122626, miss rate 0.07%
Avg mem delay: 4.266 cycles
----------------------------------------
==== Statistics for Master ID: 3 ====
Reads: 357583117   Writes: 53536914
ICACHE: size: 64 KB assoc: 2
ICACHE: hits:225989739 misses:27639  Hit Ratio: 99.99%
DCACHE: size: 1*16 KB assoc: 1*4
DCACHE: hits:179209866 misses:5898464 writebacks:2731552  Hit Ratio: 96.81%
SCACHE: size: 512 KB assoc: 2
SCACHE: hits:2679179 misses:3241247  Hit Ratio: 45.25%
3CACHE: size: 4096 KB assoc: 2
3CACHE: hits:848208 misses:2393039  Hit Ratio: 26.17%
3CACHE: dirty items replaced:111713
ITLB: size: 48, misses 25, miss rate 0.00%
DTLB: size: 128, misses 112709, miss rate 0.06%
Avg mem delay: 4.266 cycles
----------------------------------------
==== Global Resource Utilization ====
STASH: size: 65536 entries, full 2744928312, empty 52830, misses 5035, full rate 100.00
icache bank util. 0.100 0.073 0.072 0.085 0.098 0.134 0.097 0.114 
dcache bank util. 0.084 0.095 0.107 0.089 0.122 0.085 0.118 0.088 
L2 bank util. 0.023 0.023 0.023 0.022 0.022 0.022 0.024 0.026 
L1-L2 bus util. = 0.084, L3 util. = 0.106
----------------------------------------

======================== 切片硬件状态 ========================
切片号 | 所属安全域 | 当前状态    | 路扩展 | LRU touched
------------------------------------------------------------------
  0    |   域0      | 正常运行   |  是   |  875731149
  1    |   域3      | 正常运行   |  否   |  875731149
  2    |   域0      | 正常运行   |  是   |  875731149
  3    |   域2      | 正常运行   |  否   |  875731145
==================================================================

branch prediction, hits = 92115749, misses = 6423126, hit rate = 93.48%
return_stack prediction, hits = 6007004, misses = 20, hit rate = 100.00%
jump prediction, hits = 111433168, misses = 153142, hit rate = 99.86%
total IPC 2.284

=== Results saved to: ./results/mgrid_2_gzip-log_1_gzip-source_1.txt ===
