测试组合（多线程优先）：gcc-integrate.arg2 + gcc-166.arg + gzip-program.arg
执行命令：./smtsim gcc-integrate.arg2 gcc-166.arg gzip-program.arg
==================================================

 function_cannot_inline_p save_for_inline copy_for_inline expand_inline_function动态重分配参数：每10万周期检查，阈值5
Process 0, Thread 0: gcc-integrate
Process 0, Thread 1: gcc-integrate
Process 2, Thread 2: gcc-166
Process 3, Thread 3: gzip-program
[切片调度] 新安全域0无任何切片，尝试分配空闲切片
[切片管理] 成功绑定切片0 → 安全域0

======================== 切片硬件状态 ========================
切片号 | 所属安全域 | 当前状态    | 路扩展 | LRU touched
------------------------------------------------------------------
  0    |   域0      | 正常运行   |  否   |  0
  1    |   域-1     | 切片空闲   |  否   |  0
  2    |   域-1     | 切片空闲   |  否   |  0
  3    |   域-1     | 切片空闲   |  否   |  0
==================================================================

[切片管理] 成功绑定切片1 → 安全域0，触发【路扩展模式】

======================== 切片硬件状态 ========================
切片号 | 所属安全域 | 当前状态    | 路扩展 | LRU touched
------------------------------------------------------------------
  0    |   域0      | 正常运行   |  是   |  0
  1    |   域0      | 正常运行   |  是   |  0
  2    |   域-1     | 切片空闲   |  否   |  0
  3    |   域-1     | 切片空闲   |  否   |  0
==================================================================

[切片调度] 新安全域2无任何切片，尝试分配空闲切片
[切片管理] 成功绑定切片2 → 安全域2

======================== 切片硬件状态 ========================
切片号 | 所属安全域 | 当前状态    | 路扩展 | LRU touched
------------------------------------------------------------------
  0    |   域0      | 正常运行   |  是   |  318
  1    |   域0      | 正常运行   |  是   |  0
  2    |   域2      | 正常运行   |  否   |  0
  3    |   域-1     | 切片空闲   |  否   |  0
==================================================================

[切片管理] 成功绑定切片3 → 安全域2，触发【路扩展模式】

======================== 切片硬件状态 ========================
切片号 | 所属安全域 | 当前状态    | 路扩展 | LRU touched
------------------------------------------------------------------
  0    |   域0      | 正常运行   |  是   |  318
  1    |   域0      | 正常运行   |  是   |  0
  2    |   域2      | 正常运行   |  是   |  0
  3    |   域2      | 正常运行   |  是   |  0
==================================================================

[切片调度] 新安全域3无任何切片，尝试分配空闲切片
[切片调度] 新安全域3未找到空闲切片，尝试剥夺切片
[切片替换] 优先从【路扩展切片】中选择LRU替换目标...
[切片替换] 找到路扩展切片作为受害者：切片1（最后访问：0）
[切片调度] 安全域3触发切片剥夺：从域0剥夺切片1
[切片剥夺] 周期560：切片1（所属域0）进入待剥夺状态，禁止新替换
[切片剥夺] 周期560：切片1在途请求已清空，开始执行脏行写回
[切片剥夺] 周期560：切片1无脏行，直接完成剥夺
[切片管理] 周期560：原域0仅剩1个切片，关闭路扩展模式
[动态重分配] 周期560：切片1写回完成，自动绑定到域3
[切片管理] 成功绑定切片1 → 安全域3

======================== 切片硬件状态 ========================
切片号 | 所属安全域 | 当前状态    | 路扩展 | LRU touched
------------------------------------------------------------------
  0    |   域0      | 正常运行   |  否   |  318
  1    |   域3      | 正常运行   |  否   |  560
  2    |   域2      | 正常运行   |  是   |  435
  3    |   域2      | 正常运行   |  是   |  0
==================================================================

[切片唤醒] 周期560：域3切片就绪，唤醒等待指令

======================== 切片硬件状态 ========================
切片号 | 所属安全域 | 当前状态    | 路扩展 | LRU touched
------------------------------------------------------------------
  0    |   域0      | 正常运行   |  否   |  599990
  1    |   域3      | 正常运行   |  否   |  599994
  2    |   域2      | 正常运行   |  是   |  599868
  3    |   域2      | 正常运行   |  是   |  599986
==================================================================

[动态重分配] 周期600000：预约迁移 冗余域2(1%) -> 切片2 -> 饥饿域3(33%)
[切片剥夺] 周期600000：切片2（所属域2）进入待剥夺状态，禁止新替换
[切片剥夺] 周期600000：切片2在途请求已清空，开始执行脏行写回
[切片管理] 周期605909：原域2仅剩1个切片，关闭路扩展模式
[动态重分配] 周期605909：切片2写回完成，自动绑定到域3
[切片管理] 成功绑定切片2 → 安全域3，触发【路扩展模式】

======================== 切片硬件状态 ========================
切片号 | 所属安全域 | 当前状态    | 路扩展 | LRU touched
------------------------------------------------------------------
  0    |   域0      | 正常运行   |  否   |  605843
  1    |   域3      | 正常运行   |  是   |  605894
  2    |   域3      | 正常运行   |  是   |  605909
  3    |   域2      | 正常运行   |  否   |  605811
==================================================================


**** Debug Statistics at 1000000 Cycles *****
Threads: 4		Fetch Width: 8
No of useful instructions fetched:	519535 (6.49% proc util.)
No of total instructions fetched:	742804 (9.29% proc util.)
 includes 51518 misfetch (6.9%), 171751 (23.1%) wrong-path fetches
 and 0 flushed after failed lock(0.0%)
No of useful instructions issued/executed:	519505 (6.49% proc util.)
No of total instructions issued/executed:	599594 (7.49% proc util.)
 includes 80089 wrong-path (13.4%) insts and 0 flushed (0.0%)
	fp 60, 0.01%
	synch 0, 0.00%
	integer 383881, 64.02%
	load/store 215653, 35.97%
Avg size of int IQ (before scheduling): 40.86
Avg size of fp IQ (before scheduling): 0.01
No of cycles taken:		1000000
Parallelism [ 0.143, 0.000, 0.230, 0.147,] = 0.520
 IQ conflicts: 16422 (1.64%), FQ conflicts: 0 (0.00%) 
 I reg conflicts: 842967 (84.30%), FP reg conflicts: 0 (0.00%)
  Activelist confs: 0 (0.00%), ROB confs: 1007 (0.10%)
  Int unit conflicts: 44251 (4.43%), FP unit conflicts: 2 (0.00%)
  Load/store unit conflicts: 50992 (5.10%)
  MSHR conflicts: 3040796 (304.08%)
----------------------------------------
==== System-wide Cache Statistics ====
Stall for miss queue full 266 cycles (0.00%)
----------------------------------------
==== Statistics for Master ID: 0 ====
Reads: 125430   Writes: 21222
ICACHE: size: 64 KB assoc: 2
ICACHE: hits:71922 misses:2906  Hit Ratio: 96.12%
DCACHE: size: 1*16 KB assoc: 1*4
DCACHE: hits:69985 misses:1839 writebacks:695  Hit Ratio: 97.44%
SCACHE: size: 512 KB assoc: 2
SCACHE: hits:2610 misses:2135  Hit Ratio: 55.01%
3CACHE: size: 4096 KB assoc: 2
3CACHE: hits:313 misses:1822  Hit Ratio: 14.66%
3CACHE: dirty items replaced:4
ITLB: size: 48, misses 152, miss rate 0.20%
DTLB: size: 128, misses 750, miss rate 1.04%
Avg mem delay: 65.524 cycles
----------------------------------------
==== Statistics for Master ID: 2 ====
Reads: 128442   Writes: 27530
ICACHE: size: 64 KB assoc: 2
ICACHE: hits:81265 misses:1680  Hit Ratio: 97.97%
DCACHE: size: 1*16 KB assoc: 1*4
DCACHE: hits:71463 misses:1732 writebacks:871  Hit Ratio: 97.63%
SCACHE: size: 512 KB assoc: 2
SCACHE: hits:758 misses:2486  Hit Ratio: 23.37%
3CACHE: size: 4096 KB assoc: 2
3CACHE: hits:80 misses:2406  Hit Ratio: 3.22%
3CACHE: dirty items replaced:0
ITLB: size: 48, misses 129, miss rate 0.16%
DTLB: size: 128, misses 333, miss rate 0.45%
Avg mem delay: 65.524 cycles
----------------------------------------
==== Statistics for Master ID: 3 ====
Reads: 102266   Writes: 23842
ICACHE: size: 64 KB assoc: 2
ICACHE: hits:55442 misses:228  Hit Ratio: 99.59%
DCACHE: size: 2*16 KB assoc: 2*4
DCACHE: hits:47363 misses:23074 writebacks:22901  Hit Ratio: 67.24%
SCACHE: size: 512 KB assoc: 2
SCACHE: hits:28 misses:23274  Hit Ratio: 0.12%
3CACHE: size: 4096 KB assoc: 2
3CACHE: hits:0 misses:23274  Hit Ratio: 0.00%
3CACHE: dirty items replaced:17
ITLB: size: 48, misses 18, miss rate 0.03%
DTLB: size: 128, misses 5751, miss rate 8.16%
Avg mem delay: 65.524 cycles
----------------------------------------
==== Global Resource Utilization ====
STASH: size: 65536 entries, full 92867403, empty 7117864, misses 837089, full rate 92.11
icache bank util. 0.033 0.023 0.023 0.024 0.025 0.023 0.029 0.047 
dcache bank util. 0.021 0.022 0.040 0.018 0.015 0.017 0.207 0.028 
L2 bank util. 0.009 0.008 0.008 0.008 0.008 0.008 0.284 0.008 
L1-L2 bus util. = 0.167, L3 util. = 0.275
----------------------------------------

======================== 切片硬件状态 ========================
切片号 | 所属安全域 | 当前状态    | 路扩展 | LRU touched
------------------------------------------------------------------
  0    |   域0      | 正常运行   |  否   |  999925
  1    |   域3      | 正常运行   |  是   |  999882
  2    |   域3      | 正常运行   |  是   |  999742
  3    |   域2      | 正常运行   |  否   |  999927
==================================================================

branch prediction, hits = 45505, misses = 9722, hit rate = 82.40%
return_stack prediction, hits = 5151, misses = 13, hit rate = 99.75%
jump prediction, hits = 41034, misses = 11793, hit rate = 77.68%

======================== 切片硬件状态 ========================
切片号 | 所属安全域 | 当前状态    | 路扩展 | LRU touched
------------------------------------------------------------------
  0    |   域0      | 正常运行   |  否   |  25799991
  1    |   域3      | 正常运行   |  是   |  25799600
  2    |   域3      | 正常运行   |  是   |  25799991
  3    |   域2      | 正常运行   |  否   |  25799889
==================================================================

[动态重分配] 周期25800000：预约迁移 冗余域3(12%) -> 切片1 -> 饥饿域0(19%)
[切片剥夺] 周期25800000：切片1（所属域3）进入待剥夺状态，禁止新替换
[切片剥夺] 周期25800000：切片1在途请求已清空，开始执行脏行写回
[切片管理] 周期25801905：原域3仅剩1个切片，关闭路扩展模式
[动态重分配] 周期25801905：切片1写回完成，自动绑定到域0
[切片管理] 成功绑定切片1 → 安全域0，触发【路扩展模式】

======================== 切片硬件状态 ========================
切片号 | 所属安全域 | 当前状态    | 路扩展 | LRU touched
------------------------------------------------------------------
  0    |   域0      | 正常运行   |  是   |  25801891
  1    |   域0      | 正常运行   |  是   |  25801905
  2    |   域3      | 正常运行   |  否   |  25801808
  3    |   域2      | 正常运行   |  否   |  25801882
==================================================================


======================== 切片硬件状态 ========================
切片号 | 所属安全域 | 当前状态    | 路扩展 | LRU touched
------------------------------------------------------------------
  0    |   域0      | 正常运行   |  是   |  27199983
  1    |   域0      | 正常运行   |  是   |  27199997
  2    |   域3      | 正常运行   |  否   |  27199977
  3    |   域2      | 正常运行   |  否   |  27199858
==================================================================

[动态重分配] 周期27200000：预约迁移 冗余域0(2%) -> 切片0 -> 饥饿域3(12%)
[切片剥夺] 周期27200000：切片0（所属域0）进入待剥夺状态，禁止新替换
[切片剥夺] 周期27200000：切片0在途请求已清空，开始执行脏行写回
[切片管理] 周期27200158：原域0仅剩1个切片，关闭路扩展模式
[动态重分配] 周期27200158：切片0写回完成，自动绑定到域3
[切片管理] 成功绑定切片0 → 安全域3，触发【路扩展模式】

======================== 切片硬件状态 ========================
切片号 | 所属安全域 | 当前状态    | 路扩展 | LRU touched
------------------------------------------------------------------
  0    |   域3      | 正常运行   |  是   |  27200158
  1    |   域0      | 正常运行   |  否   |  27200060
  2    |   域3      | 正常运行   |  是   |  27199977
  3    |   域2      | 正常运行   |  否   |  27200023
==================================================================


======================== 切片硬件状态 ========================
切片号 | 所属安全域 | 当前状态    | 路扩展 | LRU touched
------------------------------------------------------------------
  0    |   域3      | 正常运行   |  是   |  30799896
  1    |   域0      | 正常运行   |  否   |  30799998
  2    |   域3      | 正常运行   |  是   |  30786720
  3    |   域2      | 正常运行   |  否   |  30799763
==================================================================

[动态重分配] 周期30800000：预约迁移 冗余域3(12%) -> 切片0 -> 饥饿域2(46%)
[切片剥夺] 周期30800000：切片0（所属域3）进入待剥夺状态，禁止新替换
[切片剥夺] 周期30800120：切片0在途请求已清空，开始执行脏行写回
[切片管理] 周期30807288：原域3仅剩1个切片，关闭路扩展模式
[动态重分配] 周期30807288：切片0写回完成，自动绑定到域2
[切片管理] 成功绑定切片0 → 安全域2，触发【路扩展 __sigismember __sigaddset __sigdelset模式】

======================== 切片硬件状态 ========================
切片号 | 所属安全域 | 当前状态    | 路扩展 | LRU touched
------------------------------------------------------------------
  0    |   域2      | 正常运行   |  是   |  30807288
  1    |   域0      | 正常运行   |  否   |  30807285
  2    |   域3      | 正常运行   |  否   |  30807283
  3    |   域2      | 正常运行   |  是   |  30806945
==================================================================


======================== 切片硬件状态 ========================
切片号 | 所属安全域 | 当前状态    | 路扩展 | LRU touched
------------------------------------------------------------------
  0    |   域2      | 正常运行   |  是   |  30899285
  1    |   域0      | 正常运行   |  否   |  30899935
  2    |   域3      | 正常运行   |  否   |  30899948
  3    |   域2      | 正常运行   |  是   |  30899926
==================================================================

[动态重分配] 周期30900000：预约迁移 冗余域2(6%) -> 切片3 -> 饥饿域3(12%)
[切片剥夺] 周期30900000：切片3（所属域2）进入待剥夺状态，禁止新替换
[切片剥夺] 周期30900000：切片3在途请求已清空，开始执行脏行写回
[切片管理] 周期30900158：原域2仅剩1个切片，关闭路扩展模式
[动态重分配] 周期30900158：切片3写回完成，自动绑定到域3
[切片管理] 成功绑定切片3 → 安全域3，触发【路扩展模式】

======================== 切片硬件状态 ========================
切片号 | 所属安全域 | 当前状态    | 路扩展 | LRU touched
------------------------------------------------------------------
  0    |   域2      | 正常运行   |  否   |  30899285
  1    |   域0      | 正常运行   |  否   |  30899935
  2    |   域3      | 正常运行   |  是   |  30900158
  3    |   域3      | 正常运行   |  是   |  30900158
==================================================================


======================== 切片硬件状态 ========================
切片号 | 所属安全域 | 当前状态    | 路扩展 | LRU touched
------------------------------------------------------------------
  0    |   域2      | 正常运行   |  否   |  38899902
  1    |   域0      | 正常运行   |  否   |  38899924
  2    |   域3      | 正常运行   |  是   |  38899649
  3    |   域3      | 正常运行   |  是   |  38899931
==================================================================

[动态重分配] 周期38900000：预约迁移 冗余域3(12%) -> 切片2 -> 饥饿域2(36%)
[切片剥夺] 周期38900000：切片2（所属域3）进入待剥夺状态，禁止新替换
[切片剥夺] 周期38900000：切片2在途请求已清空，开始执行脏行写回
[切片管理] 周期38904712：原域3仅剩1个切片，关闭路扩展模式
[动态重分配] 周期38904712：切片2写回完成，自动绑定到域2
[切片管理] 成功绑定切片2 → 安全域2，触发【路扩展模式】

======================== 切片硬件状态 ========================
切片号 | 所属安全域 | 当前状态    | 路扩展 | LRU touched
------------------------------------------------------------------
  0    |   域2      | 正常运行   |  是   |  38904699
  1    |   域0      | 正常运行   |  否   |  38904712
  2    |   域2      | 正常运行   |  是   |  38904712
  3    |   域3      | 正常运行   |  否   |  38904710
==================================================================


======================== 切片硬件状态 ========================
切片号 | 所属安全域 | 当前状态    | 路扩展 | LRU touched
------------------------------------------------------------------
  0    |   域2      | 正常运行   |  是   |  39000000
  1    |   域0      | 正常运行   |  否   |  38999992
  2    |   域2      | 正常运行   |  是   |  38999959
  3    |   域3      | 正常运行   |  否   |  38999968
==================================================================

[动态重分配] 周期39000000：预约迁移 冗余域2(1%) -> 切片0 -> 饥饿域3(12%)
[切片剥夺] 周期39000000：切片0（所属域2）进入待剥夺状态，禁止新替换
[切片剥夺] 周期39000000：切片0在途请求已清空，开始执行脏行写回
[切片管理] 周期39000164：原域2仅剩1个切片，关闭路扩展模式
[动态重分配] 周期39000164：切片0写回完成，自动绑定到域3
[切片管理] 成功绑定切片0 → 安全域3，触发【路扩展模式】

======================== 切片硬件状态 ========================
切片号 | 所属安全域 | 当前状态    | 路扩展 | LRU touched
------------------------------------------------------------------
  0    |   域3      | 正常运行   |  是   |  39000164
  1    |   域0      | 正常运行   |  否   |  39000003
  2    |   域2      | 正常运行   |  否   |  39000005
  3    |   域3      | 正常运行   |  是   |  38999968
==================================================================


======================== 切片硬件状态 ========================
切片号 | 所属安全域 | 当前状态    | 路扩展 | LRU touched
------------------------------------------------------------------
  0    |   域3      | 正常运行   |  是   |  41780538
  1    |   域0      | 正常运行   |  否   |  41799570
  2    |   域2      | 正常运行   |  否   |  41799888
  3    |   域3      | 正常运行   |  是   |  41799999
==================================================================

[动态重分配] 周期41800000：预约迁移 冗余域3(12%) -> 切片0 -> 饥饿域2(45%)
[切片剥夺] 周期41800000：切片0（所属域3）进入待剥夺状态，禁止新替换
[切片剥夺] 周期41800000：切片0在途请求已清空，开始执行脏行写回
[切片管理] 周期41804743：原域3仅剩1个切片，关闭路扩展模式
[动态重分配] 周期41804743：切片0写回完成，自动绑定到域2
[切片管理] 成功绑定切片0 → 安全域2，触发【路扩展模式】

======================== 切片硬件状态 ========================
切片号 | 所属安全域 | 当前状态    | 路扩展 | LRU touched
------------------------------------------------------------------
  0    |   域2      | 正常运行   |  是   |  41804743
  1    |   域0      | 正常运行   |  否   |  41804515
  2    |   域2      | 正常运行   |  是   |  41804614
  3    |   域3      | 正常运行   |  否   |  41804732
==================================================================


======================== 切片硬件状态 ========================
切片号 | 所属安全域 | 当前状态    | 路扩展 | LRU touched
------------------------------------------------------------------
  0    |   域2      | 正常运行   |  是   |  41999999
  1    |   域0      | 正常运行   |  否   |  41999997
  2    |   域2      | 正常运行   |  是   |  41999979
  3    |   域3      | 正常运行   |  否   |  41999995
==================================================================

[动态重分配] 周期42000000：预约迁移 冗余域2(0%) -> 切片2 -> 饥饿域3(12%)
[切片剥夺] 周期42000000：切片2（所属域2）进入待剥夺状态，禁止新替换
[切片剥夺] 周期42000000：切片2在途请求已清空，开始执行脏行写回
[切片管理] 周期42000128：原域2仅剩1个切片，关闭路扩展模式
[动态重分配] 周期42000128：切片2写回完成，自动绑定到域3
[切片管理] 成功绑定切片2 → 安全域3，触发【路扩展模式】

======================== 切片硬件状态 ========================
切片号 | 所属安全域 | 当前状态    | 路扩展 | LRU touched
------------------------------------------------------------------
  0    |   域2      | 正常运行   |  否   |  42000128
  1    |   域0      | 正常运行   |  否   |  42000126
  2    |   域3      | 正常运行   |  是   |  42000128
  3    |   域3      | 正常运行   |  是   |  42000128
==================================================================


======================== 切片硬件状态 ========================
切片号 | 所属安全域 | 当前状态    | 路扩展 | LRU touched
------------------------------------------------------------------
  0    |   域2      | 正常运行   |  否   |  42799962
  1    |   域0      | 正常运行   |  否   |  42799958
  2    |   域3      | 正常运行   |  是   |  42788049
  3    |   域3      | 正常运行   |  是   |  42799958
==================================================================

[动态重分配] 周期42800000：预约迁移 冗余域3(12%) -> 切片2 -> 饥饿域2(21%)
[切片剥夺] 周期42800000：切片2（所属域3）进入待剥夺状态，禁止新替换
[切片剥夺] 周期42800000：切片2在途请求已清空，开始执行脏行写回
[切片管理] 周期42803619：原域3仅剩1个切片，关闭路扩展模式
[动态重分配] 周期42803619：切片2写回完成，自动绑定到域2
[切片管理] 成功绑定切片2 → 安全域2，触发【路扩展模式】

======================== 切片硬件状态 ========================
切片号 | 所属安全域 | 当前状态    | 路扩展 | LRU touched
------------------------------------------------------------------
  0    |   域2      | 正常运行   |  是   |  42803608
  1    |   域0      | 正常运行   |  否   |  42803615
  2    |   域2      | 正常运行   |  是   |  42803619
  3    |   域3      | 正常运行   |  否   |  42803615
==================================================================


======================== 切片硬件状态 ========================
切片号 | 所属安全域 | 当前状态    | 路扩展 | LRU touched
------------------------------------------------------------------
  0    |   域2      | 正常运行   |  是   |  43299966
  1    |   域0      | 正常运行   |  否   |  43299965
  2    |   域2      | 正常运行   |  是   |  43299942
  3    |   域3      | 正常运行   |  否   |  43299973
==================================================================

[动态重分配] 周期43300000：预约迁移 冗余域2(6%) -> 切片0 -> 饥饿域3(12%)
[切片剥夺] 周期43300000：切片0（所属域2）进入待剥夺状态，禁止新替换
[切片剥夺] 周期43300000：切片0在途请求已清空，开始执行脏行写回
[切片管理] 周期43300128：原域2仅剩1个切片，关闭路扩展模式
[动态重分配] 周期43300128：切片0写回完成，自动绑定到域3
[切片管理] 成功绑定切片0 → 安全域3，触发【路扩展模式】

======================== 切片硬件状态 ========================
切片号 | 所属安全域 | 当前状态    | 路扩展 | LRU touched
------------------------------------------------------------------
  0    |   域3      | 正常运行   |  是   |  43300128
  1    |   域0      | 正常运行   |  否   |  43299965
  2    |   域2      | 正常运行   |  否   |  43299942
  3    |   域3      | 正常运行   |  是   |  43299973
==================================================================


======================== 切片硬件状态 ========================
切片号 | 所属安全域 | 当前状态    | 路扩展 | LRU touched
------------------------------------------------------------------
  0    |   域3      | 正常运行   |  是   |  43599958
  1    |   域0      | 正常运行   |  否   |  43599963
  2    |   域2      | 正常运行   |  否   |  43599992
  3    |   域3      | 正常运行   |  是   |  43587281
==================================================================

[动态重分配] 周期43600000：预约迁移 冗余域3(12%) -> 切片3 -> 饥饿域2(25%)
[切片剥夺] 周期43600000：切片3（所属域3）进入待剥夺状态，禁止新替换
[切片剥夺] 周期43600000：切片3在途请求已清空，开始执行脏行写回
[切片管理] 周期43605028：原域3仅剩1个切片，关闭路扩展模式
[动态重分配] 周期43605028：切片3写回完成，自动绑定到域2
[切片管理] 成功绑定切片3 → 安全域2，触发【路扩展模式】

======================== 切片硬件状态 ========================
切片号 | 所属安全域 | 当前状态    | 路扩展 | LRU touched
------------------------------------------------------------------
  0    |   域3      | 正常运行   |  否   |  43605026
  1    |   域0      | 正常运行   |  否   |  43605025
  2    |   域2      | 正常运行   |  是   |  43605025
  3    |   域2      | 正常运行   |  是   |  43605028
==================================================================


======================== 切片硬件状态 ========================
切片号 | 所属安全域 | 当前状态    | 路扩展 | LRU touched
------------------------------------------------------------------
  0    |   域3      | 正常运行   |  否   |  43899995
  1    |   域0      | 正常运行   |  否   |  43899988
  2    |   域2      | 正常运行   |  是   |  43899986
  3    |   域2      | 正常运行   |  是   |  43899994
==================================================================

[动态重分配] 周期43900000：预约迁移 冗余域2(1%) -> 切片2 -> 饥饿域3(12%)
[切片剥夺] 周期43900000：切片2（所属域2）进入待剥夺状态，禁止新替换
[切片剥夺] 周期43900000：切片2在途请求已清空，开始执行脏行写回
[切片管理] 周期43900206：原域2仅剩1个切片，关闭路扩展模式
[动态重分配] 周期43900206：切片2写回完成，自动绑定到域3
[切片管理] 成功绑定切片2 → 安全域3，触发【路扩展模式】

======================== 切片硬件状态 ========================
切片号 | 所属安全域 | 当前状态    | 路扩展 | LRU touched
------------------------------------------------------------------
  0    |   域3      | 正常运行   |  是   |  43900040
  1    |   域0      | 正常运行   |  否   |  43899988
  2    |   域3      | 正常运行   |  是   |  43900206
  3    |   域2      | 正常运行   |  否   |  43900029
==================================================================


======================== 切片硬件状态 ========================
切片号 | 所属安全域 | 当前状态    | 路扩展 | LRU touched
------------------------------------------------------------------
  0    |   域3      | 正常运行   |  是   |  43999943
  1    |   域0      | 正常运行   |  否   |  43999998
  2    |   域3      | 正常运行   |  是   |  43994018
  3    |   域2      | 正常运行   |  否   |  43999986
==================================================================

[动态重分配] 周期44000000：预约迁移 冗余域3(12%) -> 切片0 -> 饥饿域2(27%)
[切片剥夺] 周期44000000：切片0（所属域3）进入待剥夺状态，禁止新替换
[切片剥夺] 周期44000164：切片0在途请求已清空，开始执行脏行写回
[切片管理] 周期44008203：原域3仅剩1个切片，关闭路扩展模式
[动态重分配] 周期44008203：切片0写回完成，自动绑定到域2
[切片管理] 成功绑定切片0 → 安全域2，触发【路扩展模式】

======================== 切片硬件状态 ========================
切片号 | 所属安全域 | 当前状态    | 路扩展 | LRU touched
------------------------------------------------------------------
  0    |   域2      | 正常运行   |  是   |  44008203
  1    |   域0      | 正常运行   |  否   |  44008201
  2    |   域3      | 正常运行   |  否   |  44008203
  3    |   域2      | 正常运行   |  是   |  44008094
==================================================================


======================== 切片硬件状态 ========================
切片号 | 所属安全域 | 当前状态    | 路扩展 | LRU touched
------------------------------------------------------------------
  0    |   域2      | 正常运行   |  是   |  44299796
  1    |   域0      | 正常运行   |  否   |  44299928
  2    |   域3      | 正常运行   |  否   |  44299931
  3    |   域2      | 正常运行   |  是   |  44299836
==================================================================

[动态重分配] 周期44300000：预约迁移 冗余域2(2%) -> 切片3 -> 饥饿域3(12%)
[切片剥夺] 周期44300000：切片3（所属域2）进入待剥夺状态，禁止新替换
[切片剥夺] 周期44300060：切片3在途请求已清空，开始执行脏行写回
[切片管理] 周期44300206：原域2仅剩1个切片，关闭路扩展模式
[动态重分配] 周期44300206：切片3写回完成，自动绑定到域3
[切片管理] 成功绑定切片3 → 安全域3，触发【路扩展模式】

======================== 切片硬件状态 ========================
切片号 | 所属安全域 | 当前状态    | 路扩展 | LRU touched
------------------------------------------------------------------
  0    |   域2      | 正常运行   |  否   |  44299796
  1    |   域0      | 正常运行   |  否   |  44299928
  2    |   域3      | 正常运行   |  是   |  44300049
  3    |   域3      | 正常运行   |  是   |  44300206
==================================================================


======================== 切片硬件状态 ========================
切片号 | 所属安全域 | 当前状态    | 路扩展 | LRU touched
------------------------------------------------------------------
  0    |   域2      | 正常运行   |  否   |  48099960
  1    |   域0      | 正常运行   |  否   |  48099992
  2    |   域3      | 正常运行   |  是   |  48099992
  3    |   域3      | 正常运行   |  是   |  48082137
==================================================================

[动态重分配] 周期48100000：预约迁移 冗余域3(12%) -> 切片2 -> 饥饿域2(41%)
[切片剥夺] 周期48100000：切片2（所属域3）进入待剥夺状态，禁止新替换
[切片剥夺] 周期48100172：切片2在途请求已清空，开始执行脏行写回
[切片管理] 周期48105623：原域3仅剩1个切片，关闭路扩展模式
[动态重分配] 周期48105623：切片2写回完成，自动绑定到域2
[切片管理] 成功绑定切片2 → 安全域2，触发【路扩展模式】

======================== 切片硬件状态 ========================
切片号 | 所属安全域 | 当前状态    | 路扩展 | LRU touched
------------------------------------------------------------------
  0    |   域2      | 正常运行   |  是   |  48105489
  1    |   域0      | 正常运行   |  否   |  48105622
  2    |   域2      | 正常运行   |  是   |  48105623
  3    |   域3      | 正常运行   |  否   |  48105615
==================================================================


======================== 切片硬件状态 ========================
切片号 | 所属安全域 | 当前状态    | 路扩展 | LRU touched
------------------------------------------------------------------
  0    |   域2      | 正常运行   |  是   |  48399952
  1    |   域0      | 正常运行   |  否   |  48399978
  2    |   域2      | 正常运行   |  是   |  48399949
  3    |   域3      | 正常运行   |  否   |  48399980
==================================================================

[动态重分配] 周期48400000：预约迁移 冗余域2(1%) -> 切片0 -> 饥饿域3(12%)
[切片剥夺] 周期48400000：切片0（所属域2）进入待剥夺状态，禁止新替换
[切片剥夺] 周期48400000：切片0在途请求已清空，开始执行脏行写回
[切片管理] 周期48400227：原域2仅剩1个切片，关闭路扩展模式
[动态重分配] 周期48400227：切片0写回完成，自动绑定到域3
[切片管理] 成功绑定切片0 → 安全域3，触发【路扩展模式】

======================== 切片硬件状态 ========================
切片号 | 所属安全域 | 当前状态    | 路扩展 | LRU touched
------------------------------------------------------------------
  0    |   域3      | 正常运行   |  是   |  48400227
  1    |   域0      | 正常运行   |  否   |  48400224
  2    |   域2      | 正常运行   |  否   |  48399949
  3    |   域3      | 正常运行   |  是   |  48400227
==================================================================


======================== 切片硬件状态 ========================
切片号 | 所属安全域 | 当前状态    | 路扩展 | LRU touched
------------------------------------------------------------------
  0    |   域3      | 正常运行   |  是   |  48899602
  1    |   域0      | 正常运行   |  否   |  48899985
  2    |   域2      | 正常运行   |  否   |  48899988
  3    |   域3      | 正常运行   |  是   |  48899986
==================================================================

[动态重分配] 周期48900000：预约迁移 冗余域3(12%) -> 切片3 -> 饥饿域2(21%)
[切片剥夺] 周期48900000：切片3（所属域3）进入待剥夺状态，禁止新替换
[切片剥夺] 周期48900200：切片3在途请求已清空，开始执行脏行写回
[切片管理] 周期48905321：原域3仅剩1个切片，关闭路扩展模式
[动态重分配] 周期48905321：切片3写回完成，自动绑定到域2
[切片管理] 成功绑定切片3 → 安全域2，触发【路扩展模式】

======================== 切片硬件状态 ========================
切片号 | 所属安全域 | 当前状态    | 路扩展 | LRU touched
------------------------------------------------------------------
  0    |   域3      | 正常运行   |  否   |  48905320
  1    |   域0      | 正常运行   |  否   |  48905317
  2    |   域2      | 正常运行   |  是   |  48905207
  3    |   域2      | 正常运行   |  是   |  48905321
==================================================================


======================== 切片硬件状态 ========================
切片号 | 所属安全域 | 当前状态    | 路扩展 | LRU touched
------------------------------------------------------------------
  0    |   域3      | 正常运行   |  否   |  49199994
  1    |   域0      | 正常运行   |  否   |  49200000
  2    |   域2      | 正常运行   |  是   |  49199899
  3    |   域2      | 正常运行   |  是   |  49199892
==================================================================

[动态重分配] 周期49200000：预约迁移 冗余域2(1%) -> 切片2 -> 饥饿域3(12%)
[切片剥夺] 周期49200000：切片2（所属域2）进入待剥夺状态，禁止新替换
[切片剥夺] 周期49200000：切片2在途请求已清空，开始执行脏行写回
[切片管理] 周期49200161：原域2仅剩1个切片，关闭路扩展模式
[动态重分配] 周期49200161：切片2写回完成，自动绑定到域3
[切片管理] 成功绑定切片2 → 安全域3，触发【路扩展模式】

======================== 切片硬件状态 ========================
切片号 | 所属安全域 | 当前状态    | 路扩展 | LRU touched
------------------------------------------------------------------
  0    |   域3      | 正常运行   |  是   |  49199994
  1    |   域0      | 正常运行   |  否   |  49200000
  2    |   域3      | 正常运行   |  是   |  49200161
  3    |   域2      | 正常运行   |  否   |  49199892
==================================================================


======================== 切片硬件状态 ========================
切片号 | 所属安全域 | 当前状态    | 路扩展 | LRU touched
------------------------------------------------------------------
  0    |   域3      | 正常运行   |  是   |  49899959
  1    |   域0      | 正常运行   |  否   |  49899819
  2    |   域3      | 正常运行   |  是   |  49890657
  3    |   域2      | 正常运行   |  否   |  49899959
==================================================================

[动态重分配] 周期49900000：预约迁移 冗余域3(12%) -> 切片0 -> 饥饿域2(46%)
[切片剥夺] 周期49900000：切片0（所属域3）进入待剥夺状态，禁止新替换
[切片剥夺] 周期49900104：切片0在途请求已清空，开始执行脏行写回
[切片管理] 周期49908519：原域3仅剩1个切片，关闭路扩展模式
[动态重分配] 周期49908519：切片0写回完成，自动绑定到域2
[切片管理] 成功绑定切片0 → 安全域2，触发【路扩展模式】

======================== 切片硬件状态 ========================
切片号 | 所属安全域 | 当前状态    | 路扩展 | LRU touched
------------------------------------------------------------------
  0    |   域2      | 正常运行   |  是   |  49908519
  1    |   域0      | 正常运行   |  否   |  49908519
  2    |   域3      | 正常运行   |  否   |  49908511
  3    |   域2      | 正常运行   |  是   |  49908517
==================================================================


======================== 切片硬件状态 ========================
切片号 | 所属安全域 | 当前状态    | 路扩展 | LRU touched
------------------------------------------------------------------
  0    |   域2      | 正常运行   |  是   |  49999924
  1    |   域0      | 正常运行   |  否   |  50000000
  2    |   域3      | 正常运行   |  否   |  49999955
  3    |   域2      | 正常运行   |  是   |  49999986
==================================================================

[动态重分配] 周期50000000：预约迁移 冗余域2(2%) -> 切片3 -> 饥饿域3(12%)
[切片剥夺] 周期50000000：切片3（所属域2）进入待剥夺状态，禁止新替换
[切片剥夺] 周期50000000：切片3在途请求已清空，开始执行脏行写回
[切片管理] 周期50000149：原域2仅剩1个切片，关闭路扩展模式
[动态重分配] 周期50000149：切片3写回完成，自动绑定到域3
[切片管理] 成功绑定切片3 → 安全域3，触发【路扩展模式】

======================== 切片硬件状态 ========================
切片号 | 所属安全域 | 当前状态    | 路扩展 | LRU touched
------------------------------------------------------------------
  0    |   域2      | 正常运行   |  否   |  50000147
  1    |   域0      | 正常运行   |  否   |  50000136
  2    |   域3      | 正常运行   |  是   |  50000144
  3    |   域3      | 正常运行   |  是   |  50000149
==================================================================


======================== 切片硬件状态 ========================
切片号 | 所属安全域 | 当前状态    | 路扩展 | LRU touched
------------------------------------------------------------------
  0    |   域2      | 正常运行   |  否   |  50299996
  1    |   域0      | 正常运行   |  否   |  50299985
  2    |   域3      | 正常运行   |  是   |  50300000
  3    |   域3      | 正常运行   |  是   |  50291570
==================================================================

[动态重分配] 周期50300000：预约迁移 冗余域3(12%) -> 切片2 -> 饥饿域2(38%)
[切片剥夺] 周期50300000：切片2（所属域3）进入待剥夺状态，禁止新替换
[切片剥夺] 周期50300196：切片2在途请求已清空，开始执行脏行写回
[切片管理] 周期50305414：原域3仅剩1个切片，关闭路扩展模式
[动态重分配] 周期50305414：切片2写回完成，自动绑定到域2
[切片管理] 成功绑定切片2 → 安全域2，触发【路扩展模式】

======================== 切片硬件状态 ========================
切片号 | 所属安全域 | 当前状态    | 路扩展 | LRU touched
------------------------------------------------------------------
  0    |   域2      | 正常运行   |  是   |  50305396
  1    |   域0      | 正常运行   |  否   |  50305388
  2    |   域2      | 正常运行   |  是   |  50305414
  3    |   域3      | 正常运行   |  否   |  50305406
==================================================================


======================== 切片硬件状态 ========================
切片号 | 所属安全域 | 当前状态    | 路扩展 | LRU touched
------------------------------------------------------------------
  0    |   域2      | 正常运行   |  是   |  51099992
  1    |   域0      | 正常运行   |  否   |  51099998
  2    |   域2      | 正常运行   |  是   |  51099996
  3    |   域3      | 正常运行   |  否   |  51099999
==================================================================

[动态重分配] 周期51100000：预约迁移 冗余域2(1%) -> 切片0 -> 饥饿域3(12%)
[切片剥夺] 周期51100000：切片0（所属域2）进入待剥夺状态，禁止新替换
[切片剥夺] 周期51100000：切片0在途请求已清空，开始执行脏行写回
[切片管理] 周期51100233：原域2仅剩1个切片，关闭路扩展模式
[动态重分配] 周期51100233：切片0写回完成，自动绑定到域3
[切片管理] 成功绑定切片0 → 安全域3，触发【路扩展模式】

======================== 切片硬件状态 ========================
切片号 | 所属安全域 | 当前状态    | 路扩展 | LRU touched
------------------------------------------------------------------
  0    |   域3      | 正常运行   |  是   |  51100233
  1    |   域0      | 正常运行   |  否   |  51100231
  2    |   域2      | 正常运行   |  否   |  51100232
  3    |   域3      | 正常运行   |  是   |  51100232
==================================================================


======================== 切片硬件状态 ========================
切片号 | 所属安全域 | 当前状态    | 路扩展 | LRU touched
------------------------------------------------------------------
  0    |   域3      | 正常运行   |  是   |  51198125
  1    |   域0      | 正常运行   |  否   |  51199997
  2    |   域2      | 正常运行   |  否   |  51200000
  3    |   域3      | 正常运行   |  是   |  51200000
==================================================================

[动态重分配] 周期51200000：预约迁移 冗余域3(12%) -> 切片3 -> 饥饿域2(35%)
[切片剥夺] 周期51200000：切片3（所属域3）进入待剥夺状态，禁止新替换
[切片剥夺] 周期51200248：切片3在途请求已清空，开始执行脏行写回
[切片管理] 周期51205468：原域3仅剩1个切片，关闭路扩展模式
[动态重分配] 周期51205468：切片3写回完成，自动绑定到域2
[切片管理] 成功绑定切片3 → 安全域2，触发【路扩展模式】

======================== 切片硬件状态 ========================
切片号 | 所属安全域 | 当前状态    | 路扩展 | LRU touched
------------------------------------------------------------------
  0    |   域3      | 正常运行   |  否   |  51205467
  1    |   域0      | 正常运行   |  否   |  51205468
  2    |   域2      | 正常运行   |  是   |  51205218
  3    |   域2      | 正常运行   |  是   |  51205468
==================================================================


======================== 切片硬件状态 ========================
切片号 | 所属安全域 | 当前状态    | 路扩展 | LRU touched
------------------------------------------------------------------
  0    |   域3      | 正常运行   |  否   |  51299912
  1    |   域0      | 正常运行   |  否   |  51299863
  2    |   域2      | 正常运行   |  是   |  51299874
  3    |   域2      | 正常运行   |  是   |  51299828
==================================================================

[动态重分配] 周期51300000：预约迁移 冗余域2(2%) -> 切片2 -> 饥饿域3(12%)
[切片剥夺] 周期51300000：切片2（所属域2）进入待剥夺状态，禁止新替换
[切片剥夺] 周期51300000：切片2在途请求已清空，开始执行脏行写回
[切片管理] 周期51300143：原域2仅剩1个切片，关闭路扩展模式
[动态重分配] 周期51300143：切片2写回完成，自动绑定到域3
[切片管理] 成功绑定切片2 → 安全域3，触发【路扩展模式】

======================== 切片硬件状态 ========================
切片号 | 所属安全域 | 当前状态    | 路扩展 | LRU touched
------------------------------------------------------------------
  0    |   域3      | 正常运行   |  是   |  51300116
  1    |   域0      | 正常运行   |  否   |  51300131
  2    |   域3      | 正常运行   |  是   |  51300143
  3    |   域2      | 正常运行   |  否   |  51300141
==================================================================


======================== 切片硬件状态 ========================
切片号 | 所属安全域 | 当前状态    | 路扩展 | LRU touched
------------------------------------------------------------------
  0    |   域3      | 正常运行   |  是   |  51695951
  1    |   域0      | 正常运行   |  否   |  51699999
  2    |   域3      | 正常运行   |  是   |  51699998
  3    |   域2      | 正常运行   |  否   |  51699992
==================================================================

[动态重分配] 周期51700000：预约迁移 冗余域3(12%) -> 切片0 -> 饥饿域2(27%)
[切片剥夺] 周期51700000：切片0（所属域3）进入待剥夺状态，禁止新替换
[切片剥夺] 周期51700000：切片0在途请求已清空，开始执行脏行写回
[切片管理] 周期51704912：原域3仅剩1个切片，关闭路扩展模式
[动态重分配] 周期51704912：切片0写回完成，自动绑定到域2
[切片管理] 成功绑定切片0 → 安全域2，触发【路扩展模式】

======================== 切片硬件状态 ========================
切片号 | 所属安全域 | 当前状态    | 路扩展 | LRU touched
------------------------------------------------------------------
  0    |   域2      | 正常运行   |  是   |  51704912
  1    |   域0      | 正常运行   |  否   |  51704863
  2    |   域3      | 正常运行   |  否   |  51704904
  3    |   域2      | 正常运行   |  是   |  51704893
==================================================================


======================== 切片硬件状态 ========================
切片号 | 所属安全域 | 当前状态    | 路扩展 | LRU touched
------------------------------------------------------------------
  0    |   域2      | 正常运行   |  是   |  51999951
  1    |   域0      | 正常运行   |  否   |  51999950
  2    |   域3      | 正常运行   |  否   |  51999959
  3    |   域2      | 正常运行   |  是   |  51999955
==================================================================

[动态重分配] 周期52000000：预约迁移 冗余域2(2%) -> 切片3 -> 饥饿域3(12%)
[切片剥夺] 周期52000000：切片3（所属域2）进入待剥夺状态，禁止新替换
[切片剥夺] 周期52000000：切片3在途请求已清空，开始执行脏行写回
[切片管理] 周期52000143：原域2仅剩1个切片，关闭路扩展模式
[动态重分配] 周期52000143：切片3写回完成，自动绑定到域3
[切片管理] 成功绑定切片3 → 安全域3，触发【路扩展模式】

======================== 切片硬件状态 ========================
切片号 | 所属安全域 | 当前状态    | 路扩展 | LRU touched
------------------------------------------------------------------
  0    |   域2      | 正常运行   |  否   |  52000051
  1    |   域0      | 正常运行   |  否   |  52000143
  2    |   域3      | 正常运行   |  是   |  52000037
  3    |   域3      | 正常运行   |  是   |  52000143
==================================================================


======================== 切片硬件状态 ========================
切片号 | 所属安全域 | 当前状态    | 路扩展 | LRU touched
------------------------------------------------------------------
  0    |   域2      | 正常运行   |  否   |  55399733
  1    |   域0      | 正常运行   |  否   |  55399964
  2    |   域3      | 正常运行   |  是   |  55383426
  3    |   域3      | 正常运行   |  是   |  55399972
==================================================================

[动态重分配] 周期55400000：预约迁移 冗余域3(12%) -> 切片2 -> 饥饿域2(41%)
[切片剥夺] 周期55400000：切片2（所属域3）进入待剥夺状态，禁止新替换
[切片剥夺] 周期55400000：切片2在途请求已清空，开始执行脏行写回
[切片管理] 周期55404656：原域3仅剩1个切片，关闭路扩展模式
[动态重分配] 周期55404656：切片2写回完成，自动绑定到域2
[切片管理] 成功绑定切片2 → 安全域2，触发【路扩展模式】

======================== 切片硬件状态 ========================
切片号 | 所属安全域 | 当前状态    | 路扩展 | LRU touched
------------------------------------------------------------------
  0    |   域2      | 正常运行   |  是   |  55404637
  1    |   域0      | 正常运行   |  否   |  55404653
  2    |   域2      | 正常运行   |  是   |  55404656
  3    |   域3      | 正常运行   |  否   |  55404648
==================================================================


======================== 切片硬件状态 ========================
切片号 | 所属安全域 | 当前状态    | 路扩展 | LRU touched
------------------------------------------------------------------
  0    |   域2      | 正常运行   |  是   |  55599990
  1    |   域0      | 正常运行   |  否   |  55599987
  2    |   域2      | 正常运行   |  是   |  55599998
  3    |   域3      | 正常运行   |  否   |  55600000
==================================================================

[动态重分配] 周期55600000：预约迁移 冗余域2(2%) -> 切片0 -> 饥饿域3(12%)
[切片剥夺] 周期55600000：切片0（所属域2）进入待剥夺状态，禁止新替换
[切片剥夺] 周期55600000：切片0在途请求已清空，开始执行脏行写回
[切片管理] 周期55600107：原域2仅剩1个切片，关闭路扩展模式
[动态重分配] 周期55600107：切片0写回完成，自动绑定到域3
[切片管理] 成功绑定切片0 → 安全域3，触发【路扩展模式】

======================== 切片硬件状态 ========================
切片号 | 所属安全域 | 当前状态    | 路扩展 | LRU touched
------------------------------------------------------------------
  0    |   域3      | 正常运行   |  是   |  55600107
  1    |   域0      | 正常运行   |  否   |  55600027
  2    |   域2      | 正常运行   |  否   |  55600105
  3    |   域3      | 正常运行   |  是   |  55600040
==================================================================


======================== 切片硬件状态 ========================
切片号 | 所属安全域 | 当前状态    | 路扩展 | LRU touched
------------------------------------------------------------------
  0    |   域3      | 正常运行   |  是   |  56299982
  1    |   域0      | 正常运行   |  否   |  56299987
  2    |   域2      | 正常运行   |  否   |  56299986
  3    |   域3      | 正常运行   |  是   |  56289977
==================================================================

[动态重分配] 周期56300000：预约迁移 冗余域3(12%) -> 切片0 -> 饥饿域0(22%)
[切片剥夺] 周期56300000：切片0（所属域3）进入待剥夺状态，禁止新替换
[切片剥夺] 周期56300088：切片0在途请求已清空，开始执行脏行写回
[切片管理] 周期56304419：原域3仅剩1个切片，关闭路扩展模式
[动态重分配] 周期56304419：切片0写回完成，自动绑定到域0
[切片管理] 成功绑定切片0 → 安全域0，触发【路扩展模式】

======================== 切片硬件状态 ========================
切片号 | 所属安全域 | 当前状态    | 路扩展 | LRU touched
------------------------------------------------------------------
  0    |   域0      | 正常运行   |  是   |  56304419
  1    |   域0      | 正常运行   |  是   |  56304400
  2    |   域2      | 正常运行   |  否   |  56304305
  3    |   域3      | 正常运行   |  否   |  56304410
==================================================================


======================== 切片硬件状态 ========================
切片号 | 所属安全域 | 当前状态    | 路扩展 | LRU touched
------------------------------------------------------------------
  0    |   域0      | 正常运行   |  是   |  56599980
  1    |   域0      | 正常运行   |  是   |  56599997
  2    |   域2      | 正常运行   |  否   |  56599998
  3    |   域3      | 正常运行   |  否   |  56599990
==================================================================

[动态重分配] 周期56600000：预约迁移 冗余域0(2%) -> 切片1 -> 饥饿域3(12%)
[切片剥夺] 周期56600000：切片1（所属域0）进入待剥夺状态，禁止新替换
[切片剥夺] 周期56600000：切片1在途请求已清空，开始执行脏行写回
[切片管理] 周期56600098：原域0仅剩1个切片，关闭路扩展模式
[动态重分配] 周期56600098：切片1写回完成，自动绑定到域3
[切片管理] 成功绑定切片1 → 安全域3，触发【路扩展模式】

======================== 切片硬件状态 ========================
切片号 | 所属安全域 | 当前状态    | 路扩展 | LRU touched
------------------------------------------------------------------
  0    |   域0      | 正常运行   |  否   |  56600010
  1    |   域3      | 正常运行   |  是   |  56600098
  2    |   域2      | 正常运行   |  否   |  56600017
  3    |   域3      | 正常运行   |  是   |  56600098
==================================================================


======================== 切片硬件状态 ========================
切片号 | 所属安全域 | 当前状态    | 路扩展 | LRU touched
------------------------------------------------------------------
  0    |   域0      | 正常运行   |  否   |  57799981
  1    |   域3      | 正常运行   |  是   |  57799945
  2    |   域2      | 正常运行   |  否   |  57799975
  3    |   域3      | 正常运行   |  是   |  57780207
==================================================================

[动态重分配] 周期57800000：预约迁移 冗余域3(12%) -> 切片1 -> 饥饿域2(30%)
[切片剥夺] 周期57800000：切片1（所属域3）进入待剥夺状态，禁止新替换
[切片剥夺] 周期57800124：切片1在途请求已清空，开始执行脏行写回
[切片管理] 周期57804896：原域3仅剩1个切片，关闭路扩展模式
[动态重分配] 周期57804896：切片1写回完成，自动绑定到域2
[切片管理] 成功绑定切片1 → 安全域2，触发【路扩展模式】

======================== 切片硬件状态 ========================
切片号 | 所属安全域 | 当前状态    | 路扩展 | LRU touched
------------------------------------------------------------------
  0    |   域0      | 正常运行   |  否   |  57804849
  1    |   域2      | 正常运行   |  是   |  57804896
  2    |   域2      | 正常运行   |  是   |  57804832
  3    |   域3      | 正常运行   |  否   |  57804888
==================================================================


======================== 切片硬件状态 ========================
切片号 | 所属安全域 | 当前状态    | 路扩展 | LRU touched
------------------------------------------------------------------
  0    |   域0      | 正常运行   |  否   |  57899997
  1    |   域2      | 正常运行   |  是   |  57899943
  2    |   域2      | 正常运行   |  是   |  57899991
  3    |   域3      | 正常运行   |  否   |  57899971
==================================================================

[动态重分配] 周期57900000：预约迁移 冗余域2(2%) -> 切片2 -> 饥饿域0(10%)
[切片剥夺] 周期57900000：切片2（所属域2）进入待剥夺状态，禁止新替换
[切片剥夺] 周期57900000：切片2在途请求已清空，开始执行脏行写回
[切片管理] 周期57900158：原域2仅剩1个切片，关闭路扩展模式
[动态重分配] 周期57900158：切片2写回完成，自动绑定到域0
[切片管理] 成功绑定切片2 → 安全域0，触发【路扩展模式】

======================== 切片硬件状态 ========================
切片号 | 所属安全域 | 当前状态    | 路扩展 | LRU touched
------------------------------------------------------------------
  0    |   域0      | 正常运行   |  是   |  57900072
  1    |   域2      | 正常运行   |  否   |  57900067
  2    |   域0      | 正常运行   |  是   |  57900158
  3    |   域3      | 正常运行   |  否   |  57900003
==================================================================


======================== 切片硬件状态 ========================
切片号 | 所属安全域 | 当前状态    | 路扩展 | LRU touched
------------------------------------------------------------------
  0    |   域0      | 正常运行   |  是   |  58098922
  1    |   域2      | 正常运行   |  否   |  58099998
  2    |   域0      | 正常运行   |  是   |  58099997
  3    |   域3      | 正常运行   |  否   |  58099998
==================================================================

[动态重分配] 周期58100000：预约迁移 冗余域0(3%) -> 切片0 -> 饥饿域3(12%)
[切片剥夺] 周期58100000：切片0（所属域0）进入待剥夺状态，禁止新替换
[切片剥夺] 周期58100000：切片0在途请求已清空，开始执行脏行写回
[切片管理] 周期58103220：原域0仅剩1个切片，关闭路扩展模式
[动态重分配] 周期58103220：切片0写回完成，自动绑定到域3
[切片管理] 成功绑定切片0 → 安全域3，触发【路扩展模式】

======================== 切片硬件状态 ========================
切片号 | 所属安全域 | 当前状态    | 路扩展 | LRU touched
------------------------------------------------------------------
  0    |   域3      | 正常运行   |  是   |  58103220
  1    |   域2      | 正常运行   |  否   |  58103220
  2    |   域0      | 正常运行   |  否   |  58103208
  3    |   域3      | 正常运行   |  是   |  58103217
==================================================================


======================== 切片硬件状态 ========================
切片号 | 所属安全域 | 当前状态    | 路扩展 | LRU touched
------------------------------------------------------------------
  0    |   域3      | 正常运行   |  是   |  59399978
  1    |   域2      | 正常运行   |  否   |  59399905
  2    |   域0      | 正常运行   |  否   |  59399974
  3    |   域3      | 正常运行   |  是   |  59395134
==================================================================

[动态重分配] 周期59400000：预约迁移 冗余域3(12%) -> 切片0 -> 饥饿域2(43%)
[切片剥夺] 周期59400000：切片0（所属域3）进入待剥夺状态，禁止新替换
[切片剥夺] 周期59400132：切片0在途请求已清空，开始执行脏行写回
[切片管理] 周期59405714：原域3仅剩1个切片，关闭路扩展模式
[动态重分配] 周期59405714：切片0写回完成，自动绑定到域2
[切片管理] 成功绑定切片0 → 安全域2，触发【路扩展模式】

======================== 切片硬件状态 ========================
切片号 | 所属安全域 | 当前状态    | 路扩展 | LRU touched
------------------------------------------------------------------
  0    |   域2      | 正常运行   |  是   |  59405714
  1    |   域2      | 正常运行   |  是   |  59405563
  2    |   域0      | 正常运行   |  否   |  59405713
  3    |   域3      | 正常运行   |  否   |  59405708
==================================================================


======================== 切片硬件状态 ========================
切片号 | 所属安全域 | 当前状态    | 路扩展 | LRU touched
------------------------------------------------------------------
  0    |   域2      | 正常运行   |  是   |  59699876
  1    |   域2      | 正常运行   |  是   |  59699934
  2    |   域0      | 正常运行   |  否   |  59699994
  3    |   域3      | 正常运行   |  否   |  59700000
==================================================================

[动态重分配] 周期59700000：预约迁移 冗余域2(1%) -> 切片1 -> 饥饿域3(12%)
[切片剥夺] 周期59700000：切片1（所属域2）进入待剥夺状态，禁止新替换
[切片剥夺] 周期59700000：切片1在途请求已清空，开始执行脏行写回
[切片管理] 周期59700173：原域2仅剩1个切片，关闭路扩展模式
[动态重分配] 周期59700173：切片1写回完成，自动绑定到域3
[切片管理] 成功绑定切片1 → 安全域3，触发【路扩展模式】

======================== 切片硬件状态 ========================
切片号 | 所属安全域 | 当前状态    | 路扩展 | LRU touched
------------------------------------------------------------------
  0    |   域2      | 正常运行   |  否   |  59700167
  1    |   域3      | 正常运行   |  是   |  59700173
  2    |   域0      | 正常运行   |  否   |  59700172
  3    |   域3      | 正常运行   |  是   |  59700173
==================================================================


======================== 切片硬件状态 ========================
切片号 | 所属安全域 | 当前状态    | 路扩展 | LRU touched
------------------------------------------------------------------
  0    |   域2      | 正常运行   |  否   |  60199828
  1    |   域3      | 正常运行   |  是   |  60186677
  2    |   域0      | 正常运行   |  否   |  60199985
  3    |   域3      | 正常运行   |  是   |  60199986
==================================================================

[动态重分配] 周期60200000：预约迁移 冗余域3(12%) -> 切片3 -> 饥饿域2(38%)
[切片剥夺] 周期60200000：切片3（所属域3）进入待剥夺状态，禁止新替换
[切片剥夺] 周期60200132：切片3在途请求已清空，开始执行脏行写回
[切片管理] 周期60205518：原域3仅剩1个切片，关闭路扩展模式
[动态重分配] 周期60205518：切片3写回完成，自动绑定到域2
[切片管理] 成功绑定切片3 → 安全域2，触发【路扩展模式】

======================== 切片硬件状态 ========================
切片号 | 所属安全域 | 当前状态    | 路扩展 | LRU touched
------------------------------------------------------------------
  0    |   域2      | 正常运行   |  是   |  60205503
  1    |   域3      | 正常运行   |  否   |  60205514
  2    |   域0      | 正常运行   |  否   |  60205515
  3    |   域2      | 正常运行   |  是   |  60205518
==================================================================


======================== 切片硬件状态 ========================
切片号 | 所属安全域 | 当前状态    | 路扩展 | LRU touched
------------------------------------------------------------------
  0    |   域2      | 正常运行   |  是   |  60299998
  1    |   域3      | 正常运行   |  否   |  60299999
  2    |   域0      | 正常运行   |  否   |  60299999
  3    |   域2      | 正常运行   |  是   |  60299991
==================================================================

[动态重分配] 周期60300000：预约迁移 冗余域2(1%) -> 切片0 -> 饥饿域3(12%)
[切片剥夺] 周期60300000：切片0（所属域2）进入待剥夺状态，禁止新替换
[切片剥夺] 周期60300000：切片0在途请求已清空，开始执行脏行写回
[切片管理] 周期60300203：原域2仅剩1个切片，关闭路扩展模式
[动态重分配] 周期60300203：切片0写回完成，自动绑定到域3
[切片管理] 成功绑定切片0 → 安全域3，触发【路扩展模式】

======================== 切片硬件状态 ========================
切片号 | 所属安全域 | 当前状态    | 路扩展 | LRU touched
------------------------------------------------------------------
  0    |   域3      | 正常运行   |  是   |  60300203
  1    |   域3      | 正常运行   |  是   |  60300203
  2    |   域0      | 正常运行   |  否   |  60300202
  3    |   域2      | 正常运行   |  否   |  60300196
==================================================================


======================== 切片硬件状态 ========================
切片号 | 所属安全域 | 当前状态    | 路扩展 | LRU touched
------------------------------------------------------------------
  0    |   域3      | 正常运行   |  是   |  60999951
  1    |   域3      | 正常运行   |  是   |  60997693
  2    |   域0      | 正常运行   |  否   |  60999943
  3    |   域2      | 正常运行   |  否   |  60999906
==================================================================

[动态重分配] 周期61000000：预约迁移 冗余域3(12%) -> 切片0 -> 饥饿域2(29%)
[切片剥夺] 周期61000000：切片0（所属域3）进入待剥夺状态，禁止新替换
[切片剥夺] 周期61000208：切片0在途请求已清空，开始执行脏行写回
[切片管理] 周期61004533：原域3仅剩1个切片，关闭路扩展模式
[动态重分配] 周期61004533：切片0写回完成，自动绑定到域2
[切片管理] 成功绑定切片0 → 安全域2，触发【路扩展模式】

======================== 切片硬件状态 ========================
切片号 | 所属安全域 | 当前状态    | 路扩展 | LRU touched
------------------------------------------------------------------
  0    |   域2      | 正常运行   |  是   |  61004533
  1    |   域3      | 正常运行   |  否   |  61004529
  2    |   域0      | 正常运行   |  否   |  61004531
  3    |   域2      | 正常运行   |  是   |  61004532
==================================================================


======================== 切片硬件状态 ========================
切片号 | 所属安全域 | 当前状态    | 路扩展 | LRU touched
------------------------------------------------------------------
  0    |   域2      | 正常运行   |  是   |  61199935
  1    |   域3      | 正常运行   |  否   |  61199938
  2    |   域0      | 正常运行   |  否   |  61199925
  3    |   域2      | 正常运行   |  是   |  61199934
==================================================================

[动态重分配] 周期61200000：预约迁移 冗余域2(2%) -> 切片3 -> 饥饿域3(12%)
[切片剥夺] 周期61200000：切片3（所属域2）进入待剥夺状态，禁止新替换
[切片剥夺] 周期61200000：切片3在途请求已清空，开始执行脏行写回
[切片管理] 周期61200176：原域2仅剩1个切片，关闭路扩展模式
[动态重分配] 周期61200176：切片3写回完成，自动绑定到域3
[切片管理] 成功绑定切片3 → 安全域3，触发【路扩展模式】

======================== 切片硬件状态 ========================
切片号 | 所属安全域 | 当前状态    | 路扩展 | LRU touched
------------------------------------------------------------------
  0    |   域2      | 正常运行   |  否   |  61199935
  1    |   域3      | 正常运行   |  是   |  61200157
  2    |   域0      | 正常运行   |  否   |  61199925
  3    |   域3      | 正常运行   |  是   |  61200176
==================================================================


======================== 切片硬件状态 ========================
切片号 | 所属安全域 | 当前状态    | 路扩展 | LRU touched
------------------------------------------------------------------
  0    |   域2      | 正常运行   |  否   |  61399998
  1    |   域3      | 正常运行   |  是   |  61399999
  2    |   域0      | 正常运行   |  否   |  61399999
  3    |   域3      | 正常运行   |  是   |  61395825
==================================================================

[动态重分配] 周期61400000：预约迁移 冗余域3(12%) -> 切片1 -> 饥饿域2(32%)
[切片剥夺] 周期61400000：切片1（所属域3）进入待剥夺状态，禁止新替换
[切片剥夺] 周期61400164：切片1在途请求已清空，开始执行脏行写回
[切片管理] 周期61404512：原域3仅剩1个切片，关闭路扩展模式
[动态重分配] 周期61404512：切片1写回完成，自动绑定到域2
[切片管理] 成功绑定切片1 → 安全域2，触发【路扩展模式】

======================== 切片硬件状态 ========================
切片号 | 所属安全域 | 当前状态    | 路扩展 | LRU touched
------------------------------------------------------------------
  0    |   域2      | 正常运行   |  是   |  61404512
  1    |   域2      | 正常运行   |  是   |  61404512
  2    |   域0      | 正常运行   |  否   |  61404512
  3    |   域3      | 正常运行   |  否   |  61404509
==================================================================


======================== 切片硬件状态 ========================
切片号 | 所属安全域 | 当前状态    | 路扩展 | LRU touched
------------------------------------------------------------------
  0    |   域2      | 正常运行   |  是   |  61699927
  1    |   域2      | 正常运行   |  是   |  61699920
  2    |   域0      | 正常运行   |  否   |  61699917
  3    |   域3      | 正常运行   |  否   |  61699918
==================================================================

[动态重分配] 周期61700000：预约迁移 冗余域2(6%) -> 切片0 -> 饥饿域3(12%)
[切片剥夺] 周期61700000：切片0（所属域2）进入待剥夺状态，禁止新替换
[切片剥夺] 周期61700000：切片0在途请求已清空，开始执行脏行写回
[切片管理] 周期61700149：原域2仅剩1个切片，关闭路扩展模式
[动态重分配] 周期61700149：切片0写回完成，自动绑定到域3
[切片管理] 成功绑定切片0 → 安全域3，触发【路扩展模式】

======================== 切片硬件状态 ========================
切片号 | 所属安全域 | 当前状态    | 路扩展 | LRU touched
------------------------------------------------------------------
  0    |   域3      | 正常运行   |  是   |  61700149
  1    |   域2      | 正常运行   |  否   |  61700140
  2    |   域0      | 正常运行   |  否   |  61700147
  3    |   域3      | 正常运行   |  是   |  61700145
==================================================================


======================== 切片硬件状态 ========================
切片号 | 所属安全域 | 当前状态    | 路扩展 | LRU touched
------------------------------------------------------------------
  0    |   域3      | 正常运行   |  是   |  62099999
  1    |   域2      | 正常运行   |  否   |  62099997
  2    |   域0      | 正常运行   |  否   |  62100000
  3    |   域3      | 正常运行   |  是   |  62093488
==================================================================

[动态重分配] 周期62100000：预约迁移 冗余域3(12%) -> 切片3 -> 饥饿域2(30%)
[切片剥夺] 周期62100000：切片3（所属域3）进入待剥夺状态，禁止新替换
[切片剥夺] 周期62100000：切片3在途请求已清空，开始执行脏行写回
[切片管理] 周期62104957：原域3仅剩1个切片，关闭路扩展模式
[动态重分配] 周期62104957：切片3写回完成，自动绑定到域2
[切片管理] 成功绑定切片3 → 安全域2，触发【路扩展模式】

======================== 切片硬件状态 ========================
切片号 | 所属安全域 | 当前状态    | 路扩展 | LRU touched
------------------------------------------------------------------
  0    |   域3      | 正常运行   |  否   |  62104949
  1    |   域2      | 正常运行   |  是   |  62104956
  2    |   域0      | 正常运行   |  否   |  62104957
  3    |   域2      | 正常运行   |  是   |  62104957
==================================================================


======================== 切片硬件状态 ========================
切片号 | 所属安全域 | 当前状态    | 路扩展 | LRU touched
------------------------------------------------------------------
  0    |   域3      | 正常运行   |  否   |  62199991
  1    |   域2      | 正常运行   |  是   |  62199897
  2    |   域0      | 正常运行   |  否   |  62199989
  3    |   域2      | 正常运行   |  是   |  62199896
==================================================================

[动态重分配] 周期62200000：预约迁移 冗余域2(6%) -> 切片1 -> 饥饿域3(12%)
[切片剥夺] 周期62200000：切片1（所属域2）进入待剥夺状态，禁止新替换
[切片剥夺] 周期62200028：切片1在途请求已清空，开始执行脏行写回
[切片管理] 周期62200054：原域2仅剩1个切片，关闭路扩展模式
[动态重分配] 周期62200054：切片1写回完成，自动绑定到域3
[切片管理] 成功绑定切片1 → 安全域3，触发【路扩展模式】

======================== 切片硬件状态 ========================
切片号 | 所属安全域 | 当前状态    | 路扩展 | LRU touched
------------------------------------------------------------------
  0    |   域3      | 正常运行   |  是   |  62200029
  1    |   域3      | 正常运行   |  是   |  62200054
  2    |   域0      | 正常运行   |  否   |  62200029
  3    |   域2      | 正常运行   |  否   |  62200054
==================================================================


======================== 切片硬件状态 ========================
切片号 | 所属安全域 | 当前状态    | 路扩展 | LRU touched
------------------------------------------------------------------
  0    |   域3      | 正常运行   |  是   |  62299949
  1    |   域3      | 正常运行   |  是   |  62289303
  2    |   域0      | 正常运行   |  否   |  62299947
  3    |   域2      | 正常运行   |  否   |  62299925
==================================================================

[动态重分配] 周期62300000：预约迁移 冗余域3(12%) -> 切片0 -> 饥饿域2(30%)
[切片剥夺] 周期62300000：切片0（所属域3）进入待剥夺状态，禁止新替换
[切片剥夺] 周期62300124：切片0在途请求已清空，开始执行脏行写回
[切片管理] 周期62305486：原域3仅剩1个切片，关闭路扩展模式
[动态重分配] 周期62305486：切片0写回完成，自动绑定到域2
[切片管理] 成功绑定切片0 → 安全域2，触发【路扩展模式】

======================== 切片硬件状态 ========================
切片号 | 所属安全域 | 当前状态    | 路扩展 | LRU touched
------------------------------------------------------------------
  0    |   域2      | 正常运行   |  是   |  62305486
  1    |   域3      | 正常运行   |  否   |  62305481
  2    |   域0      | 正常运行   |  否   |  62305482
  3    |   域2      | 正常运行   |  是   |  62305485
==================================================================


======================== 切片硬件状态 ========================
切片号 | 所属安全域 | 当前状态    | 路扩展 | LRU touched
------------------------------------------------------------------
  0    |   域2      | 正常运行   |  是   |  62699979
  1    |   域3      | 正常运行   |  否   |  62699986
  2    |   域0      | 正常运行   |  否   |  62699965
  3    |   域2      | 正常运行   |  是   |  62699995
==================================================================

[动态重分配] 周期62700000：预约迁移 冗余域2(1%) -> 切片3 -> 饥饿域3(12%)
[切片剥夺] 周期62700000：切片3（所属域2）进入待剥夺状态，禁止新替换
[切片剥夺] 周期62700000：切片3在途请求已清空，开始执行脏行写回
[切片管理] 周期62700257：原域2仅剩1个切片，关闭路扩展模式
[动态重分配] 周期62700257：切片3写回完成，自动绑定到域3
[切片管理] 成功绑定切片3 → 安全域3，触发【路扩展模式】

======================== 切片硬件状态 ========================
切片号 | 所属安全域 | 当前状态    | 路扩展 | LRU touched
------------------------------------------------------------------
  0    |   域2      | 正常运行   |  否   |  62700254
  1    |   域3      | 正常运行   |  是   |  62700257
  2    |   域0      | 正常运行   |  否   |  62700255
  3    |   域3      | 正常运行   |  是   |  62700257
==================================================================


======================== 切片硬件状态 ========================
切片号 | 所属安全域 | 当前状态    | 路扩展 | LRU touched
------------------------------------------------------------------
  0    |   域2      | 正常运行   |  否   |  63099933
  1    |   域3      | 正常运行   |  是   |  63086934
  2    |   域0      | 正常运行   |  否   |  63100000
  3    |   域3      | 正常运行   |  是   |  63099959
==================================================================

[动态重分配] 周期63100000：预约迁移 冗余域3(12%) -> 切片1 -> 饥饿域2(46%)
[切片剥夺] 周期63100000：切片1（所属域3）进入待剥夺状态，禁止新替换
[切片剥夺] 周期63100000：切片1在途请求已清空，开始执行脏行写回
[切片管理] 周期63106453：原域3仅剩1个切片，关闭路扩展模式
[动态重分配] 周期63106453：切片1写回完成，自动绑定到域2
[切片管理] 成功绑定切片1 → 安全域2，触发【路扩展模式】

======================== 切片硬件状态 ========================
切片号 | 所属安全域 | 当前状态    | 路扩展 | LRU touched
------------------------------------------------------------------
  0    |   域2      | 正常运行   |  是   |  63106435
  1    |   域2      | 正常运行   |  是   |  63106453
  2    |   域0      | 正常运行   |  否   |  63106441
  3    |   域3      | 正常运行   |  否   |  63106445
==================================================================


======================== 切片硬件状态 ========================
切片号 | 所属安全域 | 当前状态    | 路扩展 | LRU touched
------------------------------------------------------------------
  0    |   域2      | 正常运行   |  是   |  63399975
  1    |   域2      | 正常运行   |  是   |  63399994
  2    |   域0      | 正常运行   |  否   |  63399999
  3    |   域3      | 正常运行   |  否   |  63399982
==================================================================

[动态重分配] 周期63400000：预约迁移 冗余域2(2%) -> 切片0 -> 饥饿域3(12%)
[切片剥夺] 周期63400000：切片0（所属域2）进入待剥夺状态，禁止新替换
[切片剥夺] 周期63400000：切片0在途请求已清空，开始执行脏行写回
[切片管理] 周期63400161：原域2仅剩1个切片，关闭路扩展模式
[动态重分配] 周期63400161：切片0写回完成，自动绑定到域3
[切片管理] 成功绑定切片0 → 安全域3，触发【路扩展模式】

======================== 切片硬件状态 ========================
切片号 | 所属安全域 | 当前状态    | 路扩展 | LRU touched
------------------------------------------------------------------
  0    |   域3      | 正常运行   |  是   |  63400161
  1    |   域2      | 正常运行   |  否   |  63400112
  2    |   域0      | 正常运行   |  否   |  63400159
  3    |   域3      | 正常运行   |  是   |  63400052
==================================================================


======================== 切片硬件状态 ========================
切片号 | 所属安全域 | 当前状态    | 路扩展 | LRU touched
------------------------------------------------------------------
  0    |   域3      | 正常运行   |  是   |  63983041
  1    |   域2      | 正常运行   |  否   |  63999958
  2    |   域0      | 正常运行   |  否   |  63999979
  3    |   域3      | 正常运行   |  是   |  63999979
==================================================================

[动态重分配] 周期64000000：预约迁移 冗余域3(12%) -> 切片0 -> 饥饿域2(35%)
[切片剥夺] 周期64000000：切片0（所属域3）进入待剥夺状态，禁止新替换
[切片剥夺] 周期64000000：切片0在途请求已清空，开始执行脏行写回
[切片管理] 周期64005729：原域3仅剩1个切片，关闭路扩展模式
[动态重分配] 周期64005729：切片0写回完成，自动绑定到域2
[切片管理] 成功绑定切片0 → 安全域2，触发【路扩展模式】

======================== 切片硬件状态 ========================
切片号 | 所属安全域 | 当前状态    | 路扩展 | LRU touched
------------------------------------------------------------------
  0    |   域2      | 正常运行   |  是   |  64005729
  1    |   域2      | 正常运行   |  是   |  64005599
  2    |   域0      | 正常运行   |  否   |  64005713
  3    |   域3      | 正常运行   |  否   |  64005721
==================================================================


======================== 切片硬件状态 ========================
切片号 | 所属安全域 | 当前状态    | 路扩展 | LRU touched
------------------------------------------------------------------
  0    |   域2      | 正常运行   |  是   |  64299698
  1    |   域2      | 正常运行   |  是   |  64299979
  2    |   域0      | 正常运行   |  否   |  64299958
  3    |   域3      | 正常运行   |  否   |  64299965
==================================================================

[动态重分配] 周期64300000：预约迁移 冗余域2(1%) -> 切片1 -> 饥饿域3(12%)
[切片剥夺] 周期64300000：切片1（所属域2）进入待剥夺状态，禁止新替换
[切片剥夺] 周期64300000：切片1在途请求已清空，开始执行脏行写回
[切片管理] 周期64300221：原域2仅剩1个切片，关闭路扩展模式
[动态重分配] 周期64300221：切片1写回完成，自动绑定到域3
[切片管理] 成功绑定切片1 → 安全域3，触发【路扩展模式】

======================== 切片硬件状态 ========================
切片号 | 所属安全域 | 当前状态    | 路扩展 | LRU touched
------------------------------------------------------------------
  0    |   域2      | 正常运行   |  否   |  64300088
  1    |   域3      | 正常运行   |  是   |  64300221
  2    |   域0      | 正常运行   |  否   |  64300211
  3    |   域3      | 正常运行   |  是   |  64300207
==================================================================


======================== 切片硬件状态 ========================
切片号 | 所属安全域 | 当前状态    | 路扩展 | LRU touched
------------------------------------------------------------------
  0    |   域2      | 正常运行   |  否   |  65299997
  1    |   域3      | 正常运行   |  是   |  65291029
  2    |   域0      | 正常运行   |  否   |  65299996
  3    |   域3      | 正常运行   |  是   |  65299996
==================================================================

[动态重分配] 周期65300000：预约迁移 冗余域3(12%) -> 切片1 -> 饥饿域2(43%)
[切片剥夺] 周期65300000：切片1（所属域3）进入待剥夺状态，禁止新替换
[切片剥夺] 周期65300000：切片1在途请求已清空，开始执行脏行写回
[切片管理] 周期65302472：原域3仅剩1个切片，关闭路扩展模式
[动态重分配] 周期65302472：切片1写回完成，自动绑定到域2
[切片管理] 成功绑定切片1 → 安全域2，触发【路扩展模式】

======================== 切片硬件状态 ========================
切片号 | 所属安全域 | 当前状态    | 路扩展 | LRU touched
------------------------------------------------------------------
  0    |   域2      | 正常运行   |  是   |  65302424
  1    |   域2      | 正常运行   |  是   |  65302472
  2    |   域0      | 正常运行   |  否   |  65302457
  3    |   域3      | 正常运行   |  否   |  65302422
==================================================================


======================== 切片硬件状态 ========================
切片号 | 所属安全域 | 当前状态    | 路扩展 | LRU touched
------------------------------------------------------------------
  0    |   域2      | 正常运行   |  是   |  65400000
  1    |   域2      | 正常运行   |  是   |  65399912
  2    |   域0      | 正常运行   |  否   |  65399932
  3    |   域3      | 正常运行   |  否   |  65400000
==================================================================

[动态重分配] 周期65400000：预约迁移 冗余域2(2%) -> 切片0 -> 饥饿域3(12%)
[切片剥夺] 周期65400000：切片0（所属域2）进入待剥夺状态，禁止新替换
[切片剥夺] 周期65400000：切片0在途请求已清空，开始执行脏行写回
[切片管理] 周期65400116：原域2仅剩1个切片，� mem_access_latency dl1_access_fn dl2_access_fn il1_access_fn il2_access_fn itlb_access_fn dtlb_access_fn sim_reg_options�闭路扩展模式
[动态重分配] 周期65400116：切片0写回完成，自动绑定到域3
[切片管理] 成功绑定切片0 → 安全域3，触发【路扩展模式】

======================== 切片硬件状态 ========================
切片号 | 所属安全域 | 当前状态    | 路扩展 | LRU touched
------------------------------------------------------------------
  0    |   域3      | 正常运行   |  是   |  65400116
  1    |   域2      | 正常运行   |  否   |  65400108
  2    |   域0      | 正常运行   |  否   |  65399932
  3    |   域3      | 正常运行   |  是   |  65400002
==================================================================


======================== 切片硬件状态 ========================
切片号 | 所属安全域 | 当前状态    | 路扩展 | LRU touched
------------------------------------------------------------------
  0    |   域3      | 正常运行   |  是   |  66400000
  1    |   域2      | 正常运行   |  否   |  66399999
  2    |   域0      | 正常运行   |  否   |  66399999
  3    |   域3      | 正常运行   |  是   |  66389464
==================================================================

[动态重分配] 周期66400000：预约迁移 冗余域3(12%) -> 切片0 -> 饥饿域2(37%)
[切片剥夺] 周期66400000：切片0（所属域3）进入待剥夺状态，禁止新替换
[切片剥夺] 周期66400176：切片0在途请求已清空，开始执行脏行写回
[切片管理] 周期66405091：原域3仅剩1个切片，关闭路扩展模式
[动态重分配] 周期66405091：切片0写回完成，自动绑定到域2
[切片管理] 成功绑定切片0 → 安全域2，触发【路扩展模式】

======================== 切片硬件状态 ========================
切片号 | 所属安全域 | 当前状态    | 路扩展 | LRU touched
------------------------------------------------------------------
  0    |   域2      | 正常运行   |  是   |  66405091
  1    |   域2      | 正常运行   |  是   |  66405075
  2    |   域0      | 正常运行   |  否   |  66405079
  3    |   域3      | 正常运行   |  否   |  66405083
==================================================================


======================== 切片硬件状态 ========================
切片号 | 所属安全域 | 当前状态    | 路扩展 | LRU touched
------------------------------------------------------------------
  0    |   域2      | 正常运行   |  是   |  66500000
  1    |   域2      | 正常运行   |  是   |  66500000
  2    |   域0      | 正常运行   |  否   |  66499999
  3    |   域3      | 正常运行   |  否   |  66499998
==================================================================

[动态重分配] 周期66500000：预约迁移 冗余域2(2%) -> 切片1 -> 饥饿域3(12%)
[切片剥夺] 周期66500000：切片1（所属域2）进入待剥夺状态，禁止新替换
[切片剥夺] 周期66500040：切片1在途请求已清空，开始执行脏行写回
[切片管理] 周期66500177：原域2仅剩1个切片，关闭路扩展模式
[动态重分配] 周期66500177：切片1写回完成，自动绑定到域3
[切片管理] 成功绑定切片1 → 安全域3，触发【路扩展模式】

======================== 切片硬件状态 ========================
切片号 | 所属安全域 | 当前状态    | 路扩展 | LRU touched
------------------------------------------------------------------
  0    |   域2      | 正常运行   |  否   |  66500072
  1    |   域3      | 正常运行   |  是   |  66500177
  2    |   域0      | 正常运行   |  否   |  66500053
  3    |   域3      | 正常运行   |  是   |  66500070
==================================================================


**** Debug Statistics at 101000000 Cycles *****
Threads: 4		Fetch Width: 8
No of useful instructions fetched:	104819028 (12.97% proc util.)
No of total instructions fetched:	145760406 (18.04% proc util.)
 includes 11594200 misfetch (8.0%), 29347178 (20.1%) wrong-path fetches
 and 0 flushed after failed lock(0.0%)
No of useful instructions issued/executed:	104818989 (12.97% proc util.)
No of total instructions issued/executed:	118457564 (14.66% proc util.)
 includes 13638575 wrong-path (11.5%) insts and 0 flushed (0.0%)
	fp 522, 0.00%
	synch 0, 0.00%
	integer 76920599, 64.94%
	load/store 41536443, 35.06%
Avg size of int IQ (before scheduling): 20.79
Avg size of fp IQ (before scheduling): 0.00
No of cycles taken:		101000000
Parallelism [ 0.357, 0.000, 0.329, 0.352,] = 1.038
 IQ conflicts: 242982 (0.24%), FQ conflicts: 0 (0.00%) 
 I reg conflicts: 78136123 (77.36%), FP reg conflicts: 0 (0.00%)
  Activelist confs: 130 (0.00%), ROB confs: 1470 (0.00%)
  Int unit conflicts: 10173850 (10.07%), FP unit conflicts: 6 (0.00%)
  Load/store unit conflicts: 4897683 (4.85%)
  MSHR conflicts: 81112336 (80.31%)
----------------------------------------
==== System-wide Cache Statistics ====
Stall for miss queue full 3194 cycles (0.00%)
----------------------------------------
==== Statistics for Master ID: 0 ====
Reads: 27355763   Writes: 4830507
ICACHE: size: 64 KB assoc: 2
ICACHE: hits:15058147 misses:606250  Hit Ratio: 96.13%
DCACHE: size: 1*16 KB assoc: 1*4
DCACHE: hits:16174470 misses:347601 writebacks:119489  Hit Ratio: 97.90%
SCACHE: size: 512 KB assoc: 2
SCACHE: hits:681005 misses:272648  Hit Ratio: 71.41%
3CACHE: size: 4096 KB assoc: 2
3CACHE: hits:211541 misses:61107  Hit Ratio: 77.59%
3CACHE: dirty items replaced:5148
ITLB: size: 48, misses 56087, miss rate 0.36%
DTLB: size: 128, misses 32682, miss rate 0.20%
Avg mem delay: 9.140 cycles
----------------------------------------
==== Statistics for Master ID: 2 ====
Reads: 23942398   Writes: 4125897
ICACHE: size: 64 KB assoc: 2
ICACHE: hits:13215290 misses:631131  Hit Ratio: 95.44%
DCACHE: size: 1*16 KB assoc: 1*4
DCACHE: hits:13688394 misses:534824 writebacks:95065  Hit Ratio: 96.24%
SCACHE: size: 512 KB assoc: 2
SCACHE: hits:785519 misses:379092  Hit Ratio: 67.45%
3CACHE: size: 4096 KB assoc: 2
3CACHE: hits:284775 misses:94317  Hit Ratio: 75.12%
3CACHE: dirty items replaced:4165
ITLB: size: 48, misses 73676, miss rate 0.53%
DTLB: size: 128, misses 52690, miss rate 0.37%
Avg mem delay: 9.140 cycles
----------------------------------------
==== Statistics for Master ID: 3 ====
Reads: 17786637   Writes: 5268354
ICACHE: size: 64 KB assoc: 2
ICACHE: hits:12331913 misses:908  Hit Ratio: 99.99%
DCACHE: size: 2*16 KB assoc: 2*4
DCACHE: hits:9266955 misses:1458544 writebacks:819522  Hit Ratio: 86.40%
SCACHE: size: 512 KB assoc: 2
SCACHE: hits:239 misses:1455883  Hit Ratio: 0.02%
3CACHE: size: 4096 KB assoc: 2
3CACHE: hits:115 misses:1455768  Hit Ratio: 0.01%
3CACHE: dirty items replaced:42399
ITLB: size: 48, misses 89, miss rate 0.00%
DTLB: size: 128, misses 66031, miss rate 0.62%
Avg mem delay: 9.140 cycles
----------------------------------------
==== Global Resource Utilization ====
STASH: size: 65536 entries, full 242610336, empty 16221665, misses 1625650, full rate 93.15
icache bank util. 0.056 0.045 0.036 0.037 0.041 0.111 0.051 0.074 
dcache bank util. 0.063 0.073 0.065 0.057 0.053 0.055 0.068 0.077 
L2 bank util. 0.035 0.036 0.034 0.033 0.033 0.033 0.040 0.048 
L1-L2 bus util. = 0.137, L3 util. = 0.160
----------------------------------------

======================== 切片硬件状态 ========================
切片号 | 所属安全域 | 当前状态    | 路扩展 | LRU touched
------------------------------------------------------------------
  0    |   域2      | 正常运行   |  否   |  100999906
  1    |   域3      | 正常运行   |  是   |  100999920
  2    |   域0      | 正常运行   |  否   |  100999917
  3    |   域3      | 正常运行   |  是   |  100999185
==================================================================

branch prediction, hits = 12321307, misses = 1910273, hit rate = 86.58%
return_stack prediction, hits = 815517, misses = 681, hit rate = 99.92%
jump prediction, hits = 10106322, misses = 2986001, hit rate = 77.19%

======================== 切片硬件状态 ========================
切片号 | 所属安全域 | 当前状态    | 路扩展 | LRU touched
------------------------------------------------------------------
  0    |   域2      | 正常运行   |  否   |  102099990
  1    |   域3      | 正常运行   |  是   |  102099998
  2    |   域0      | 正常运行   |  否   |  102099967
  3    |   域3      | 正常运行   |  是   |  102099894
==================================================================

[动态重分配] 周期102100000：预约迁移 冗余域3(12%) -> 切片1 -> 饥饿域2(19%)
[切片剥夺] 周期102100000：切片1（所属域3）进入待剥夺状态，禁止新替换
[切片剥夺] 周期102100088：切片1在途请求已清空，开始执行脏行写回
[切片管理] 周期102102100：原域3仅剩1个切片，关闭路扩展模式
[动态重分配] 周期102102100：切片1写回完成，自动绑定到域2
[切片管理] 成功绑定切片1 → 安全域2，触发【路扩展模式】

======================== 切片硬件状态 ========================
切片号 | 所属安全域 | 当前状态    | 路扩展 | LRU touched
------------------------------------------------------------------
  0    |   域2      | 正常运行   |  是   |  102102097
  1    |   域2      | 正常运行   |  是   |  102102100
  2    |   域0      | 正常运行   |  否   |  102102098
  3    |   域3      | 正常运行   |  否   |  102102097
==================================================================


======================== 切片硬件状态 ========================
切片号 | 所属安全域 | 当前状态    | 路扩展 | LRU touched
------------------------------------------------------------------
  0    |   域2      | 正常运行   |  是   |  102199910
  1    |   域2      | 正常运行   |  是   |  102199910
  2    |   域0      | 正常运行   |  否   |  102199936
  3    |   域3      | 正常运行   |  否   |  102199922
==================================================================

[动态重分配] 周期102200000：预约迁移 冗余域2(3%) -> 切片0 -> 饥饿域3(12%)
[切片剥夺] 周期102200000：切片0（所属域2）进入待剥夺状态，禁止新替换
[切片剥夺] 周期102200000：切片0在途请求已清空，开始执行脏行写回
[切片管理] 周期102200137：原域2仅剩1个切片，关闭路扩展模式
[动态重分配] 周期102200137：切片0写回完成，自动绑定到域3
[切片管理] 成功绑定切片0 → 安全域3，触发【路扩展模式】

======================== 切片硬件状态 ========================
切片号 | 所属安全域 | 当前状态    | 路扩展 | LRU touched
------------------------------------------------------------------
  0    |   域3      | 正常运行   |  是   |  102200137
  1    |   域2      | 正常运行   |  否   |  102200128
  2    |   域0      | 正常运行   |  否   |  102200132
  3    |   域3      | 正常运行   |  是   |  102200137
==================================================================


======================== 切片硬件状态 ========================
切片号 | 所属安全域 | 当前状态    | 路扩展 | LRU touched
------------------------------------------------------------------
  0    |   域3      | 正常运行   |  是   |  102788165
  1    |   域2      | 正常运行   |  否   |  102800000
  2    |   域0      | 正常运行   |  否   |  102799997
  3    |   域3      | 正常运行   |  是   |  102799994
==================================================================

[动态重分配] 周期102800000：预约迁移 冗余域3(12%) -> 切片0 -> 饥饿域2(21%)
[切片剥夺] 周期102800000：切片0（所属域3）进入待剥夺状态，禁止新替换
[切片剥夺] 周期102800000：切片0在途请求已清空，开始执行脏行写回
[切片管理] 周期102804937：原域3仅剩1个切片，关闭路扩展模式
[动态重分配] 周期102804937：切片0写回完成，自动绑定到域2
[切片管理] 成功绑定切片0 → 安全域2，触发【路扩展模式】

======================== 切片硬件状态 ========================
切片号 | 所属安全域 | 当前状态    | 路扩展 | LRU touched
------------------------------------------------------------------
  0    |   域2      | 正常运行   |  是   |  102804937
  1    |   域2      | 正常运行   |  是   |  102804936
  2    |   域0      | 正常运行   |  否   |  102804937
  3    |   域3      | 正常运行   |  否   |  102804935
==================================================================


======================== 切片硬件状态 ========================
切片号 | 所属安全域 | 当前状态    | 路扩展 | LRU touched
------------------------------------------------------------------
  0    |   域2      | 正常运行   |  是   |  102899983
  1    |   域2      | 正常运行   |  是   |  102899994
  2    |   域0      | 正常运行   |  否   |  102899999
  3    |   域3      | 正常运行   |  否   |  102899997
==================================================================

[动态重分配] 周期102900000：预约迁移 冗余域2(4%) -> 切片1 -> 饥饿域3(12%)
[切片剥夺] 周期102900000：切片1（所属域2）进入待剥夺状态，禁止新替换
[切片剥夺] 周期102900000：切片1在途请求已清空，开始执行脏行写回
[切片管理] 周期102900131：原域2仅剩1个切片，关闭路扩展模式
[动态重分配] 周期102900131：切片1写回完成，自动绑定到域3
[切片管理] 成功绑定切片1 → 安全域3，触发【路扩展模式】

======================== 切片硬件状态 ========================
切片号 | 所属安全域 | 当前状态    | 路扩展 | LRU touched
------------------------------------------------------------------
  0    |   域2      | 正常运行   |  否   |  102900131
  1    |   域3      | 正常运行   |  是   |  102900131
  2    |   域0      | 正常运行   |  否   |  102900043
  3    |   域3      | 正常运行   |  是   |  102900002
==================================================================


======================== 切片硬件状态 ========================
切片号 | 所属安全域 | 当前状态    | 路扩展 | LRU touched
------------------------------------------------------------------
  0    |   域2      | 正常运行   |  否   |  102999997
  1    |   域3      | 正常运行   |  是   |  102984394
  2    |   域0      | 正常运行   |  否   |  102999986
  3    |   域3      | 正常运行   |  是   |  102999996
==================================================================

[动态重分配] 周期103000000：预约迁移 冗余域3(12%) -> 切片3 -> 饥饿域2(21%)
[切片剥夺] 周期103000000：切片3（所属域3）进入待剥夺状态，禁止新替换
[切片剥夺] 周期103000236：切片3在途请求已清空，开始执行脏行写回
[切片管理] 周期103003256：原域3仅剩1个切片，关闭路扩展模式
[动态重分配] 周期103003256：切片3写回完成，自动绑定到域2
[切片管理] 成功绑定切片3 → 安全域2，触发【路扩展模式】

======================== 切片硬件状态 ========================
切片号 | 所属安全域 | 当前状态    | 路扩展 | LRU touched
------------------------------------------------------------------
  0    |   域2      | 正常运行   |  是   |  103003244
  1    |   域3      | 正常运行   |  否   |  103003253
  2    |   域0      | 正常运行   |  否   |  103003256
  3    |   域2      | 正常运行   |  是   |  103003256
==================================================================


======================== 切片硬件状态 ========================
切片号 | 所属安全域 | 当前状态    | 路扩展 | LRU touched
------------------------------------------------------------------
  0    |   域2      | 正常运行   |  是   |  103799989
  1    |   域3      | 正常运行   |  否   |  103799940
  2    |   域0      | 正常运行   |  否   |  103799953
  3    |   域2      | 正常运行   |  是   |  103799911
==================================================================

[动态重分配] 周期103800000：预约迁移 冗余域2(1%) -> 切片0 -> 饥饿域3(12%)
[切片剥夺] 周期103800000：切片0（所属域2）进入待剥夺状态，禁止新替换
[切片剥夺] 周期103800000：切片0在途请求已清空，开始执行脏行写回
[切片管理] 周期103800164：原域2仅剩1个切片，关闭路扩展模式
[动态重分配] 周期103800164：切片0写回完成，自动绑定到域3
[切片管理] 成功绑定切片0 → 安全域3，触发【路扩展模式】

======================== 切片硬件状态 ========================
切片号 | 所属安全域 | 当前状态    | 路扩展 | LRU touched
------------------------------------------------------------------
  0    |   域3      | 正常运行   |  是   |  103800164
  1    |   域3      | 正常运行   |  是   |  103800164
  2    |   域0      | 正常运行   |  否   |  103800142
  3    |   域2      | 正常运行   |  否   |  103800148
==================================================================


======================== 切片硬件状态 ========================
切片号 | 所属安全域 | 当前状态    | 路扩展 | LRU touched
------------------------------------------------------------------
  0    |   域3      | 正常运行   |  是   |  103885988
  1    |   域3      | 正常运行   |  是   |  103899929
  2    |   域0      | 正常运行   |  否   |  103899989
  3    |   域2      | 正常运行   |  否   |  103899907
==================================================================

[动态重分配] 周期103900000：预约迁移 冗余域3(12%) -> 切片1 -> 饥饿域2(24%)
[切片剥夺] 周期103900000：切片1（所属域3）进入待剥夺状态，禁止新替换
[切片剥夺] 周期103900136：切片1在途请求已清空，开始执行脏行写回
[切片管理] 周期103903674：原域3仅剩1个切片，关闭路扩展模式
[动态重分配] 周期103903674：切片1写回完成，自动绑定到域2
[切片管理] 成功绑定切片1 → 安全域2，触发【路扩展模式】

======================== 切片硬件状态 ========================
切片号 | 所属安全域 | 当前状态    | 路扩展 | LRU touched
------------------------------------------------------------------
  0    |   域3      | 正常运行   |  否   |  103903663
  1    |   域2      | 正常运行   |  是   |  103903674
  2    |   域0      | 正常运行   |  否   |  103903674
  3    |   域2      | 正常运行   |  是   |  103903534
==================================================================


======================== 切片硬件状态 ========================
切片号 | 所属安全域 | 当前状态    | 路扩展 | LRU touched
------------------------------------------------------------------
  0    |   域3      | 正常运行   |  否   |  104099995
  1    |   域2      | 正常运行   |  是   |  104099950
  2    |   域0      | 正常运行   |  否   |  104099995
  3    |   域2      | 正常运行   |  是   |  104099995
==================================================================

[动态重分配] 周期104100000：预约迁移 冗余域2(2%) -> 切片3 -> 饥饿域3(12%)
[切片剥夺] 周期104100000：切片3（所属域2）进入待剥夺状态，禁止新替换
[切片剥夺] 周期104100000：切片3在途请求已清空，开始执行脏行写回
[切片管理] 周期104100098：原域2仅剩1个切片，关闭路扩展模式
[动态重分配] 周期104100098：切片3写回完成，自动绑定到域3
[切片管理] 成功绑定切片3 → 安全域3，触发【路扩展模式】

======================== 切片硬件状态 ========================
切片号 | 所属安全域 | 当前状态    | 路扩展 | LRU touched
------------------------------------------------------------------
  0    |   域3      | 正常运行   |  是   |  104099995
  1    |   域2      | 正常运行   |  否   |  104100095
  2    |   域0      | 正常运行   |  否   |  104100095
  3    |   域3      | 正常运行   |  是   |  104100098
==================================================================


======================== 切片硬件状态 ========================
切片号 | 所属安全域 | 当前状态    | 路扩展 | LRU touched
------------------------------------------------------------------
  0    |   域3      | 正常运行   |  是   |  104599946
  1    |   域2      | 正常运行   |  否   |  104599978
  2    |   域0      | 正常运行   |  否   |  104599913
  3    |   域3      | 正常运行   |  是   |  104589862
==================================================================

[动态重分配] 周期104600000：预约迁移 冗余域3(12%) -> 切片0 -> 饥饿域2(25%)
[切片剥夺] 周期104600000：切片0（所属域3）进入待剥夺状态，禁止新替换
[切片剥夺] 周期104600188：切片0在途请求已清空，开始执行脏行写回
[切片管理] 周期104602555：原域3仅剩1个切片，关闭路扩展模式
[动态重分配] 周期104602555：切片0写回完成，自动绑定到域2
[切片管理] 成功绑定切片0 → 安全域2，触发【路扩展模式】

======================== 切片硬件状态 ========================
切片号 | 所属安全域 | 当前状态    | 路扩展 | LRU touched
------------------------------------------------------------------
  0    |   域2      | 正常运行   |  是   |  104602555
  1    |   域2      | 正常运行   |  是   |  104602543
  2    |   域0      | 正常运行   |  否   |  104602555
  3    |   域3      | 正常运行   |  否   |  104602541
==================================================================


======================== 切片硬件状态 ========================
切片号 | 所属安全域 | 当前状态    | 路扩展 | LRU touched
------------------------------------------------------------------
  0    |   域2      | 正常运行   |  是   |  105199996
  1    |   域2      | 正常运行   |  是   |  105199998
  2    |   域0      | 正常运行   |  否   |  105200000
  3    |   域3      | 正常运行   |  否   |  105199998
==================================================================

[动态重分配] 周期105200000：预约迁移 冗余域2(5%) -> 切片0 -> 饥饿域3(12%)
[切片剥夺] 周期105200000：切片0（所属域2）进入待剥夺状态，禁止新替换
[切片剥夺] 周期105200004：切片0在途请求已清空，开始执行脏行写回
[切片管理] 周期105200084：原域2仅剩1个切片，关闭路扩展模式
[动态重分配] 周期105200084：切片0写回完成，自动绑定到域3
[切片管理] 成功绑定切片0 → 安全域3，触发【路扩展模式】

======================== 切片硬件状态 ========================
切片号 | 所属安全域 | 当前状态    | 路扩展 | LRU touched
------------------------------------------------------------------
  0    |   域3      | 正常运行   |  是   |  105200084
  1    |   域2      | 正常运行   |  否   |  105200072
  2    |   域0      | 正常运行   |  否   |  105200084
  3    |   域3      | 正常运行   |  是   |  105200084
==================================================================


======================== 切片硬件状态 ========================
切片号 | 所属安全域 | 当前状态    | 路扩展 | LRU touched
------------------------------------------------------------------
  0    |   域3      | 正常运行   |  是   |  105284212
  1    |   域2      | 正常运行   |  否   |  105299997
  2    |   域0      | 正常运行   |  否   |  105299989
  3    |   域3      | 正常运行   |  是   |  105299966
==================================================================

[动态重分配] 周期105300000：预约迁移 冗余域3(12%) -> 切片3 -> 饥饿域2(25%)
[切片剥夺] 周期105300000：切片3（所属域3）进入待剥夺状态，禁止新替换
[切片剥夺] 周期105300176：切片3在途请求已清空，开始执行脏行写回
[切片管理] 周期105303409：原域3仅剩1个切片，关闭路扩展模式
[动态重分配] 周期105303409：切片3写回完成，自动绑定到域2
[切片管理] 成功绑定切片3 → 安全域2，触发【路扩展模式】

======================== 切片硬件状态 ========================
切片号 | 所属安全域 | 当前状态    | 路扩展 | LRU touched
------------------------------------------------------------------
  0    |   域3      | 正常运行   |  否   |  105303409
  1    |   域2      | 正常运行   |  是   |  105303394
  2    |   域0      | 正常运行   |  否   |  105303404
  3    |   域2      | 正常运行   |  是   |  105303409
==================================================================


======================== 切片硬件状态 ========================
切片号 | 所属安全域 | 当前状态    | 路扩展 | LRU touched
------------------------------------------------------------------
  0    |   域3      | 正常运行   |  否   |  105700000
  1    |   域2      | 正常运行   |  是   |  105699996
  2    |   域0      | 正常运行   |  否   |  105700000
  3    |   域2      | 正常运行   |  是   |  105699999
==================================================================

[动态重分配] 周期105700000：预约迁移 冗余域2(6%) -> 切片1 -> 饥饿域3(12%)
[切片剥夺] 周期105700000：切片1（所属域2）进入待剥夺状态，禁止新替换
[切片剥夺] 周期105700004：切片1在途请求已清空，开始执行脏行写回
[切片管理] 周期105700037：原域2仅剩1个切片，关闭路扩展模式
[动态重分配] 周期105700037：切片1写回完成，自动绑定到域3
[切片管理] 成功绑定切片1 → 安全域3，触发【路扩展模式】

======================== 切片硬件状态 ========================
切片号 | 所属安全域 | 当前状态    | 路扩展 | LRU touched
------------------------------------------------------------------
  0    |   域3      | 正常运行   |  是   |  105700026
  1    |   域3      | 正常运行   |  是   |  105700037
  2    |   域0      | 正常运行   |  否   |  105700035
  3    |   域2      | 正常运行   |  否   |  105700013
==================================================================


======================== 切片硬件状态 ========================
切片号 | 所属安全域 | 当前状态    | 路扩展 | LRU touched
------------------------------------------------------------------
  0    |   域3      | 正常运行   |  是   |  105799977
  1    |   域3      | 正常运行   |  是   |  105784665
  2    |   域0      | 正常运行   |  否   |  105799976
  3    |   域2      | 正常运行   |  否   |  105799937
==================================================================

[动态重分配] 周期105800000：预约迁移 冗余域3(12%) -> 切片0 -> 饥饿域2(25%)
[切片剥夺] 周期105800000：切片0（所属域3）进入待剥夺状态，禁止新替换
[切片剥夺] 周期105800160：切片0在途请求已清空，开始执行脏行写回
[切片管理] 周期105803540：原域3仅剩1个切片，关闭路扩展模式
[动态重分配] 周期105803540：切片0写回完成，自动绑定到域2
[切片管理] 成功绑定切片0 → 安全域2，触发【路扩展模式】

======================== 切片硬件状态 ========================
切片号 | 所属安全域 | 当前状态    | 路扩展 | LRU touched
------------------------------------------------------------------
  0    |   域2      | 正常运行   |  是   |  105803540
  1    |   域3      | 正常运行   |  否   |  105803526
  2    |   域0      | 正常运行   |  否   |  105803532
  3    |   域2      | 正常运行   |  是   |  105803519
==================================================================


======================== 切片硬件状态 ========================
切片号 | 所属安全域 | 当前状态    | 路扩展 | LRU touched
------------------------------------------------------------------
  0    |   域2      | 正常运行   |  是   |  106299932
  1    |   域3      | 正常运行   |  否   |  106299938
  2    |   域0      | 正常运行   |  否   |  106299936
  3    |   域2      | 正常运行   |  是   |  106299928
==================================================================

[动态重分配] 周期106300000：预约迁移 冗余域2(1%) -> 切片3 -> 饥饿域3(12%)
[切片剥夺] 周期106300000：切片3（所属域2）进入待剥夺状态，禁止新替换
[切片剥夺] 周期106300000：切片3在途请求已清空，开始执行脏行写回
[切片管理] 周期106300164：原域2仅剩1个切片，关闭路扩展模式
[动态重分配] 周期106300164：切片3写回完成，自动绑定到域3
[切片管理] 成功绑定切片3 → 安全域3，触发【路扩展模式】

======================== 切片硬件状态 ========================
切片号 | 所属安全域 | 当前状态    | 路扩展 | LRU touched
------------------------------------------------------------------
  0    |   域2      | 正常运行   |  否   |  106300159
  1    |   域3      | 正常运行   |  是   |  106300164
  2    |   域0      | 正常运行   |  否   |  106299936
  3    |   域3      | 正常运行   |  是   |  106300164
==================================================================


======================== 切片硬件状态 ========================
切片号 | 所属安全域 | 当前状态    | 路扩展 | LRU touched
------------------------------------------------------------------
  0    |   域2      | 正常运行   |  否   |  106499994
  1    |   域3      | 正常运行   |  是   |  106499999
  2    |   域0      | 正常运行   |  否   |  106500000
  3    |   域3      | 正常运行   |  是   |  106489927
==================================================================

[动态重分配] 周期106500000：预约迁移 冗余域3(12%) -> 切片1 -> 饥饿域2(27%)
[切片剥夺] 周期106500000：切片1（所属域3）进入待剥夺状态，禁止新替换
[切片剥夺] 周期106500208：切片1在途请求已清空，开始执行脏行写回
[切片管理] 周期106502724：原域3仅剩1个切片，关闭路扩展模式
[动态重分配] 周期106502724：切片1写回完成，自动绑定到域2
[切片管理] 成功绑定切片1 → 安全域2，触发【路扩展模式】

======================== 切片硬件状态 ========================
切片号 | 所属安全域 | 当前状态    | 路扩展 | LRU touched
------------------------------------------------------------------
  0    |   域2      | 正常运行   |  是   |  106502723
  1    |   域2      | 正常运行   |  是   |  106502724
  2    |   域0      | 正常运行   |  否   |  106502723
  3    |   域3      | 正常运行   |  否   |  106502724
==================================================================


======================== 切片硬件状态 ========================
切片号 | 所属安全域 | 当前状态    | 路扩展 | LRU touched
------------------------------------------------------------------
  0    |   域2      | 正常运行   |  是   |  107400000
  1    |   域2      | 正常运行   |  是   |  107400000
  2    |   域0      | 正常运行   |  否   |  107399999
  3    |   域3      | 正常运行   |  否   |  107399997
==================================================================

[动态重分配] 周期107400000：预约迁移 冗余域2(6%) -> 切片1 -> 饥饿域3(12%)
[切片剥夺] 周期107400000：切片1（所属域2）进入待剥夺状态，禁止新替换
[切片剥夺] 周期107400000：切片1在途请求已清空，开始执行脏行写回
[切片管理] 周期107400059：原域2仅剩1个切片，关闭路扩展模式
[动态重分配] 周期107400059：切片1写回完成，自动绑定到域3
[切片管理] 成功绑定切片1 → 安全域3，触发【路扩展模式】

======================== 切片硬件状态 ========================
切片号 | 所属安全域 | 当前状态    | 路扩展 | LRU touched
------------------------------------------------------------------
  0    |   域2      | 正常运行   |  否   |  107400031
  1    |   域3      | 正常运行   |  是   |  107400059
  2    |   域0      | 正常运行   |  否   |  107400029
  3    |   域3      | 正常运行   |  是   |  107400034
==================================================================


======================== 切片硬件状态 ========================
切片号 | 所属安全域 | 当前状态    | 路扩展 | LRU touched
------------------------------------------------------------------
  0    |   域2      | 正常运行   |  否   |  107500000
  1    |   域3      | 正常运行   |  是   |  107484640
  2    |   域0      | 正常运行   |  否   |  107500000
  3    |   域3      | 正常运行   |  是   |  107499999
==================================================================

[动态重分配] 周期107500000：预约迁移 冗余域3(12%) -> 切片3 -> 饥饿域2(28%)
[切片剥夺] 周期107500000：切片3（所属域3）进入待剥夺状态，禁止新替换
[切片剥夺] 周期107500176：切片3在途请求已清空，开始执行脏行写回
[切片管理] 周期107503834：原域3仅剩1个切片，关闭路扩展模式
[动态重分配] 周期107503834：切片3写回完成，自动绑定到域2
[切片管理] 成功绑定切片3 → 安全域2，触发【路扩展模式】

======================== 切片硬件状态 ========================
切片号 | 所属安全域 | 当前状态    | 路扩展 | LRU touched
------------------------------------------------------------------
  0    |   域2      | 正常运行   |  是   |  107503834
  1    |   域3      | 正常运行   |  否   |  107503833
  2    |   域0      | 正常运行   |  否   |  107503831
  3    |   域2      | 正常运行   |  是   |  107503834
==================================================================


======================== 切片硬件状态 ========================
切片号 | 所属安全域 | 当前状态    | 路扩展 | LRU touched
------------------------------------------------------------------
  0    |   域2      | 正常运行   |  是   |  107999997
  1    |   域3      | 正常运行   |  否   |  107999993
  2    |   域0      | 正常运行   |  否   |  107999937
  3    |   域2      | 正常运行   |  是   |  107999991
==================================================================

[动态重分配] 周期108000000：预约迁移 冗余域2(2%) -> 切片0 -> 饥饿域3(12%)
[切片剥夺] 周期108000000：切片0（所属域2）进入待剥夺状态，禁止新替换
[切片剥夺] 周期108000000：切片0在途请求已清空，开始执行脏行写回
[切片管理] 周期108000134：原域2仅剩1个切片，关闭路扩展模式
[动态重分配] 周期108000134：切片0写回完成，自动绑定到域3
[切片管理] 成功绑定切片0 → 安全域3，触发【路扩展模式】

======================== 切片硬件状态 ========================
切片号 | 所属安全域 | 当前状态    | 路扩展 | LRU touched
------------------------------------------------------------------
  0    |   域3      | 正常运行   |  是   |  108000134
  1    |   域3      | 正常运行   |  是   |  108000029
  2    |   域0      | 正常运行   |  否   |  108000039
  3    |   域2      | 正常运行   |  否   |  108000018
==================================================================


======================== 切片硬件状态 ========================
切片号 | 所属安全域 | 当前状态    | 路扩展 | LRU touched
------------------------------------------------------------------
  0    |   域3      | 正常运行   |  是   |  108195086
  1    |   域3      | 正常运行   |  是   |  108200000
  2    |   域0      | 正常运行   |  否   |  108199996
  3    |   域2      | 正常运行   |  否   |  108199994
==================================================================

[动态重分配] 周期108200000：预约迁移 冗余域3(12%) -> 切片1 -> 饥饿域2(29%)
[切片剥夺] 周期108200000：切片1（所属域3）进入待剥夺状态，禁止新替换
[切片剥夺] 周期108200216：切片1在途请求已清空，开始执行脏行写回
[切片管理] 周期108204053：原域3仅剩1个切片，关闭路扩展模式
[动态重分配] 周期108204053：切片1写回完成，自动绑定到域2
[切片管理] 成功绑定切片1 → 安全域2，触发【路扩展模式】

======================== 切片硬件状态 ========================
切片号 | 所属安全域 | 当前状态    | 路扩展 | LRU touched
------------------------------------------------------------------
  0    |   域3      | 正常运行   |  否   |  108204039
  1    |   域2      | 正常运行   |  是   |  108204053
  2    |   域0      | 正常运行   |  否   |  108204049
  3    |   域2      | 正常运行   |  是   |  108204053
==================================================================


======================== 切片硬件状态 ========================
切片号 | 所属安全域 | 当前状态    | 路扩展 | LRU touched
------------------------------------------------------------------
  0    |   域3      | 正常运行   |  否   |  108400000
  1    |   域2      | 正常运行   |  是   |  108399998
  2    |   域0      | 正常运行   |  否   |  108399999
  3    |   域2      | 正常运行   |  是   |  108399998
==================================================================

[动态重分配] 周期108400000：预约迁移 冗余域2(3%) -> 切片3 -> 饥饿域3(12%)
[切片剥夺] 周期108400000：切片3（所属域2）进入待剥夺状态，禁止新替换
[切片剥夺] 周期108400000：切片3在途请求已清空，开始执行脏行写回
[切片管理] 周期108400137：原域2仅剩1个切片，关闭路扩展模式
[动态重分配] 周期108400137：切片3写回完成，自动绑定到域3
[切片管理] 成功绑定切片3 → 安全域3，触发【路扩展模式】

======================== 切片硬件状态 ========================
切片号 | 所属安全域 | 当前状态    | 路扩展 | LRU touched
------------------------------------------------------------------
  0    |   域3      | 正常运行   |  是   |  108400133
  1    |   域2      | 正常运行   |  否   |  108400137
  2    |   域0      | 正常运行   |  否   |  108400134
  3    |   域3      | 正常运行   |  是   |  108400137
==================================================================


======================== 切片硬件状态 ========================
切片号 | 所属安全域 | 当前状态    | 路扩展 | LRU touched
------------------------------------------------------------------
  0    |   域3      | 正常运行   |  是   |  108599960
  1    |   域2      | 正常运行   |  否   |  108599945
  2    |   域0      | 正常运行   |  否   |  108599926
  3    |   域3      | 正常运行   |  是   |  108587310
==================================================================

[动态重分配] 周期108600000：预约迁移 冗余域3(12%) -> 切片0 -> 饥饿域2(29%)
[切片剥夺] 周期108600000：切片0（所属域3）进入待剥夺状态，禁止新替换
[切片剥夺] 周期108600116：切片0在途请求已清空，开始执行脏行写回
[切片管理] 周期108606885：原域3仅剩1个切片，关闭路扩展模式
[动态重分配] 周期108606885：切片0写回完成，自动绑定到域2
[切片管理] 成功绑定切片0 → 安全域2，触发【路扩展模式】

======================== 切片硬件状态 ========================
切片号 | 所属安全域 | 当前状态    | 路扩展 | LRU touched
------------------------------------------------------------------
  0    |   域2      | 正常运行   |  是   |  108606885
  1    |   域2      | 正常运行   |  是   |  108606885
  2    |   域0      | 正常运行   |  否   |  108606876
  3    |   域3      | 正常运行   |  否   |  108606885
==================================================================


======================== 切片硬件状态 ========================
切片号 | 所属安全域 | 当前状态    | 路扩展 | LRU touched
------------------------------------------------------------------
  0    |   域2      | 正常运行   |  是   |  108799929
  1    |   域2      | 正常运行   |  是   |  108799932
  2    |   域0      | 正常运行   |  否   |  108799934
  3    |   域3      | 正常运行   |  否   |  108799932
==================================================================

[动态重分配] 周期108800000：预约迁移 冗余域2(5%) -> 切片1 -> 饥饿域3(12%)
[切片剥夺] 周期108800000：切片1（所属域2）进入待剥夺状态，禁止新替换
[切片剥夺] 周期108800124：切片1在途请求已清空，开始执行脏行写回
[切片管理] 周期108800252：原域2仅剩1个切片，关闭路扩展模式
[动态重分配] 周期108800252：切片1写回完成，自动绑定到域3
[切片管理] 成功绑定切片1 → 安全域3，触发【路扩展模式】

======================== 切片硬件状态 ========================
切片号 | 所属安全域 | 当前状态    | 路扩展 | LRU touched
------------------------------------------------------------------
  0    |   域2      | 正常运行   |  否   |  108800129
  1    |   域3      | 正常运行   |  是   |  108800252
  2    |   域0      | 正常运行   |  否   |  108800251
  3    |   域3      | 正常运行   |  是   |  108800249
==================================================================


======================== 切片硬件状态 ========================
切片号 | 所属安全域 | 当前状态    | 路扩展 | LRU touched
------------------------------------------------------------------
  0    |   域2      | 正常运行   |  否   |  109000000
  1    |   域3      | 正常运行   |  是   |  108987765
  2    |   域0      | 正常运行   |  否   |  109000000
  3    |   域3      | 正常运行   |  是   |  109000000
==================================================================

[动态重分配] 周期109000000：预约迁移 冗余域3(12%) -> 切片3 -> 饥饿域2(27%)
[切片剥夺] 周期109000000：切片3（所属域3）进入待剥夺状态，禁止新替换
[切片剥夺] 周期109000140：切片3在途请求已清空，开始执行脏行写回
[切片管理] 周期109004638：原域3仅剩1个切片，关闭路扩展模式
[动态重分配] 周期109004638：切片3写回完成，自动绑定到域2
[切片管理] 成功绑定切片3 → 安全域2，触发【路扩展模式】

======================== 切片硬件状态 ========================
切片号 | 所属安全域 | 当前状态    | 路扩展 | LRU touched
------------------------------------------------------------------
  0    |   域2      | 正常运行   |  是   |  109004638
  1    |   域3      | 正常运行   |  否   |  109004634
  2    |   域0      | 正常运行   |  否   |  109004636
  3    |   域2      | 正常运行   |  是   |  109004638
==================================================================


======================== 切片硬件状态 ========================
切片号 | 所属安全域 | 当前状态    | 路扩展 | LRU touched
------------------------------------------------------------------
  0    |   域2      | 正常运行   |  是   |  109299966
  1    |   域3      | 正常运行   |  否   |  109299998
  2    |   域0      | 正常运行   |  否   |  109299994
  3    |   域2      | 正常运行   |  是   |  109300000
==================================================================

[动态重分配] 周期109300000：预约迁移 冗余域2(3%) -> 切片0 -> 饥饿域3(12%)
[切片剥夺] 周期109300000：切片0（所属域2）进入待剥夺状态，禁止新替换
[切片剥夺] 周期109300000：切片0在途请求已清空，开始执行脏行写回
[切片管理] 周期109300116：原域2仅剩1个切片，关闭路扩展模式
[动态重分配] 周期109300116：切片0写回完成，自动绑定到域3
[切片管理] 成功绑定切片0 → 安全域3，触发【路扩展模式】

======================== 切片硬件状态 ========================
切片号 | 所属安全域 | 当前状态    | 路扩展 | LRU touched
------------------------------------------------------------------
  0    |   域3      | 正常运行   |  是   |  109300116
  1    |   域3      | 正常运行   |  是   |  109300113
  2    |   域0      | 正常运行   |  否   |  109300116
  3    |   域2      | 正常运行   |  否   |  109300116
==================================================================


======================== 切片硬件状态 ========================
切片号 | 所属安全域 | 当前状态    | 路扩展 | LRU touched
------------------------------------------------------------------
  0    |   域3      | 正常运行   |  是   |  109386945
  1    |   域3      | 正常运行   |  是   |  109400000
  2    |   域0      | 正常运行   |  否   |  109400000
  3    |   域2      | 正常运行   |  否   |  109400000
==================================================================

[动态重分配] 周期109400000：预约迁移 冗余域3(12%) -> 切片1 -> 饥饿域2(27%)
[切片剥夺] 周期109400000：切片1（所属域3）进入待剥夺状态，禁止新替换
[切片剥夺] 周期109400168：切片1在途请求已清空，开始执行脏行写回
[切片管理] 周期109402653：原域3仅剩1个切片，关闭路扩展模式
[动态重分配] 周期109402653：切片1写回完成，自动绑定到域2
[切片管理] 成功绑定切片1 → 安全域2，触发【路扩展模式】

======================== 切片硬件状态 ========================
切片号 | 所属安全域 | 当前状态    | 路扩展 | LRU touched
------------------------------------------------------------------
  0    |   域3      | 正常运行   |  否   |  109402653
  1    |   域2      | 正常运行   |  是   |  109402653
  2    |   域0      | 正常运行   |  否   |  109402651
  3    |   域2      | 正常运行   |  是   |  109402644
==================================================================


======================== 切片硬件状态 ========================
切片号 | 所属安全域 | 当前状态    | 路扩展 | LRU touched
------------------------------------------------------------------
  0    |   域3      | 正常运行   |  否   |  109699952
  1    |   域2      | 正常运行   |  是   |  109699958
  2    |   域0      | 正常运行   |  否   |  109699957
  3    |   域2      | 正常运行   |  是   |  109699961
==================================================================

[动态重分配] 周期109700000：预约迁移 冗余域2(3%) -> 切片3 -> 饥饿域3(12%)
[切片剥夺] 周期109700000：切片3（所属域2）进入待剥夺状态，禁止新替换
[切片剥夺] 周期109700180：切片3在途请求已清空，开始执行脏行写回
[切片管理] 周期109700311：原域2仅剩1个切片，关闭路扩展模式
[动态重分配] 周期109700311：切片3写回完成，自动绑定到域3
[切片管理] 成功绑定切片3 → 安全域3，触发【路扩展模式】

======================== 切片硬件状态 ========================
切片号 | 所属安全域 | 当前状态    | 路扩展 | LRU touched
------------------------------------------------------------------
  0    |   域3      | 正常运行   |  是   |  109700276
  1    |   域2      | 正常运行   |  否   |  109700309
  2    |   域0      | 正常运行   |  否   |  109700263
  3    |   域3      | 正常运行   |  是   |  109700311
==================================================================


======================== 切片硬件状态 ========================
切片号 | 所属安全域 | 当前状态    | 路扩展 | LRU touched
------------------------------------------------------------------
  0    |   域3      | 正常运行   |  是   |  109899997
  1    |   域2      | 正常运行   |  否   |  109899993
  2    |   域0      | 正常运行   |  否   |  109899999
  3    |   域3      | 正常运行   |  是   |  109890104
==================================================================

[动态重分配] 周期109900000：预约迁移 冗余域3(12%) -> 切片0 -> 饥饿域2(28%)
[切片剥夺] 周期109900000：切片0（所属域3）进入待剥夺状态，禁止新替换
[切片剥夺] 周期109900208：切片0在途请求已清空，开始执行脏行写回
[切片管理] 周期109903270：原域3仅剩1个切片，关闭路扩展模式
[动态重分配] 周期109903270：切片0写回完成，自动绑定到域2
[切片管理] 成功绑定切片0 → 安全域2，触发【路扩展模式】

======================== 切片硬件状态 ========================
切片号 | 所属安全域 | 当前状态    | 路扩展 | LRU touched
------------------------------------------------------------------
  0    |   域2      | 正常运行   |  是   |  109903270
  1    |   域2      | 正常运行   |  是   |  109903261
  2    |   域0      | 正常运行   |  否   |  109903264
  3    |   域3      | 正常运行   |  否   |  109903257
==================================================================


======================== 切片硬件状态 ========================
切片号 | 所属安全域 | 当前状态    | 路扩展 | LRU touched
------------------------------------------------------------------
  0    |   域2      | 正常运行   |  是   |  111099992
  1    |   域2      | 正常运行   |  是   |  111099992
  2    |   域0      | 正常运行   |  否   |  111099999
  3    |   域3      | 正常运行   |  否   |  111099984
==================================================================

[动态重分配] 周期111100000：预约迁移 冗余域2(1%) -> 切片0 -> 饥饿域3(12%)
[切片剥夺] 周期111100000：切片0（所属域2）进入待剥夺状态，禁止新替换
[切片剥夺] 周期111100000：切片0在途请求已清空，开始执行脏行写回
[切片管理] 周期111100041：原域2仅剩1个切片，关闭路扩展模式
[动态重分配] 周期111100041：切片0写回完成，自动绑定到域3
[切片管理] 成功绑定切片0 → 安全域3，触发【路扩展模式】

======================== 切片硬件状态 ========================
切片号 | 所属安全域 | 当前状态    | 路扩展 | LRU touched
------------------------------------------------------------------
  0    |   域3      | 正常运行   |  是   |  111100041
  1    |   域2      | 正常运行   |  否   |  111100036
  2    |   域0      | 正常运行   |  否   |  111100035
  3    |   域3      | 正常运行   |  是   |  111099984
==================================================================


======================== 切片硬件状态 ========================
切片号 | 所属安全域 | 当前状态    | 路扩展 | LRU touched
------------------------------------------------------------------
  0    |   域3      | 正常运行   |  是   |  115999962
  1    |   域2      | 正常运行   |  否   |  115999947
  2    |   域0      | 正常运行   |  否   |  115999940
  3    |   域3      | 正常运行   |  是   |  115984876
==================================================================

[动态重分配] 周期116000000：预约迁移 冗余域3(12%) -> 切片0 -> 饥饿域2(19%)
[切片剥夺] 周期116000000：切片0（所属域3）进入待剥夺状态，禁止新替换
[切片剥夺] 周期116000172：切片0在途请求已清空，开始执行脏行写回
[切片管理] 周期116003430：原域3仅剩1个切片，关闭路扩展模式
[动态重分配] 周期116003430：切片0写回完成，自动绑定到域2
[切片管理] 成功绑定切片0 → 安全域2，触发【路扩展模式】

======================== 切片硬件状态 ========================
切片号 | 所属安全域 | 当前状态    | 路扩展 | LRU touched
------------------------------------------------------------------
  0    |   域2      | 正常运行   |  是   |  116003430
  1    |   域2      | 正常运行   |  是   |  116003429
  2    |   域0      | 正常运行   |  否   |  116003429
  3    |   域3      | 正常运行   |  否   |  116003429
==================================================================


======================== 切片硬件状态 ========================
切片号 | 所属安全域 | 当前状态    | 路扩展 | LRU touched
------------------------------------------------------------------
  0    |   域2      | 正常运行   |  是   |  116099978
  1    |   域2      | 正常运行   |  是   |  116099988
  2    |   域0      | 正常运行   |  否   |  116099990
  3    |   域3      | 正常运行   |  否   |  116099981
==================================================================

[动态重分配] 周期116100000：预约迁移 冗余域2(6%) -> 切片1 -> 饥饿域3(12%)
[切片剥夺] 周期116100000：切片1（所属域2）进入待剥夺状态，禁止新替换
[切片剥夺] 周期116100000：切片1在途请求已清空，开始执行脏行写回
[切片管理] 周期116100152：原域2仅剩1个切片，关闭路扩展模式
[动态重分配] 周期116100152：切片1写回完成，自动绑定到域3
[切片管理] 成功绑定切片1 → 安全域3，触发【路扩展模式】

======================== 切片硬件状态 ========================
切片号 | 所属安全域 | 当前状态    | 路扩展 | LRU touched
------------------------------------------------------------------
  0    |   域2      | 正常运行   |  否   |  116099978
  1    |   域3      | 正常运行   |  是   |  116100152
  2    |   域0      | 正常运行   |  否   |  116099990
  3    |   域3      | 正常运行   |  是   |  116099981
==================================================================


======================== 切片硬件状态 ========================
切片号 | 所属安全域 | 当前状态    | 路扩展 | LRU touched
------------------------------------------------------------------
  0    |   域2      | 正常运行   |  否   |  116199997
  1    |   域3      | 正常运行   |  是   |  116197524
  2    |   域0      | 正常运行   |  否   |  116200000
  3    |   域3      | 正常运行   |  是   |  116199997
==================================================================

[动态重分配] 周期116200000：预约迁移 冗余域3(12%) -> 切片3 -> 饥饿域2(21%)
[切片剥夺] 周期116200000：切片3（所属域3）进入待剥夺状态，禁止新替换
[切片剥夺] 周期116200116：切片3在途请求已清空，开始执行脏行写回
[切片管理] 周期116202312：原域3仅剩1个切片，关闭路扩展模式
[动态重分配] 周期116202312：切片3写回完成，自动绑定到域2
[切片管理] 成功绑定切片3 → 安全域2，触发【路扩展模式】

======================== 切片硬件状态 ========================
切片号 | 所属安全域 | 当前状态    | 路扩展 | LRU touched
------------------------------------------------------------------
  0    |   域2      | 正常运行   |  是   |  116202305
  1    |   域3      | 正常运行   |  否   |  116202309
  2    |   域0      | 正常运行   |  否   |  116202307
  3    |   域2      | 正常运行   |  是   |  116202312
==================================================================


======================== 切片硬件状态 ========================
切片号 | 所属安全域 | 当前状态    | 路扩展 | LRU touched
------------------------------------------------------------------
  0    |   域2      | 正常运行   |  是   |  116599997
  1    |   域3      | 正常运行   |  否   |  116599985
  2    |   域0      | 正常运行   |  否   |  116599999
  3    |   域2      | 正常运行   |  是   |  116599997
==================================================================

[动态重分配] 周期116600000：预约迁移 冗余域2(6%) -> 切片0 -> 饥饿域3(12%)
[切片剥夺] 周期116600000：切片0（所属域2）进入待剥夺状态，禁止新替换
[切片剥夺] 周期116600000：切片0在途请求已清空，开始执行脏行写回
[切片管理] 周期116600149：原域2仅剩1个切片，关闭路扩展模式
[动态重分配] 周期116600149：切片0写回完成，自动绑定到域3
[切片管理] 成功绑定切片0 → 安全域3，触发【路扩展模式】

======================== 切片硬件状态 ========================
切片号 | 所属安全域 | 当前状态    | 路扩展 | LRU touched
------------------------------------------------------------------
  0    |   域3      | 正常运行   |  是   |  116600149
  1    |   域3      | 正常运行   |  是   |  116600008
  2    |   域0      | 正常运行   |  否   |  116599999
  3    |   域2      | 正常运行   |  否   |  116599997
==================================================================


======================== 切片硬件状态 ========================
切片号 | 所属安全域 | 当前状态    | 路扩展 | LRU touched
------------------------------------------------------------------
  0    |   域3      | 正常运行   |  是   |  116796221
  1    |   域3      | 正常运行   |  是   |  116799950
  2    |   域0      | 正常运行   |  否   |  116799998
  3    |   域2      | 正常运行   |  否   |  116799995
==================================================================

[动态重分配] 周期116800000：预约迁移 冗余域3(12%) -> 切片1 -> 饥饿域2(26%)
[切片剥夺] 周期116800000：切片1（所属域3）进入待剥夺状态，禁止新替换
[切片剥夺] 周期116800148：切片1在途请求已清空，开始执行脏行写回
[切片管理] 周期116802947：原域3仅剩1个切片，关闭路扩展模式
[动态重分配] 周期116802947：切片1写回完成，自动绑定到域2
[切片管理] 成功绑定切片1 → 安全域2，触发【路扩展模式】

======================== 切片硬件状态 ========================
切片号 | 所属安全域 | 当前状态    | 路扩展 | LRU touched
------------------------------------------------------------------
  0    |   域3      | 正常运行   |  否   |  116802941
  1    |   域2      | 正常运行   |  是   |  116802947
  2    |   域0      | 正常运行   |  否   |  116802878
  3    |   域2      | 正常运行   |  是   |  116802945
==================================================================


======================== 切片硬件状态 ========================
切片号 | 所属安全域 | 当前状态    | 路扩展 | LRU touched
------------------------------------------------------------------
  0    |   域3      | 正常运行   |  否   |  116900000
  1    |   域2      | 正常运行   |  是   |  116899976
  2    |   域0      | 正常运行   |  否   |  116899998
  3    |   域2      | 正常运行   |  是   |  116900000
==================================================================

[动态重分配] 周期116900000：预约迁移 冗余域2(3%) -> 切片3 -> 饥饿域3(12%)
[切片剥夺] 周期116900000：切片3（所属域2）进入待剥夺状态，禁止新替换
[切片剥夺] 周期116900000：切片3在途请求已清空，开始执行脏行写回
[切片管理] 周期116900188：原域2仅剩1个切片，关闭路扩展模式
[动态重分配] 周期116900188：切片3写回完成，自动绑定到域3
[切片管理] 成功绑定切片3 → 安全域3，触发【路扩展模式】

======================== 切片硬件状态 ========================
切片号 | 所属安全域 | 当前状态    | 路扩展 | LRU touched
------------------------------------------------------------------
  0    |   域3      | 正常运行   |  是   |  116900131
  1    |   域2      | 正常运行   |  否   |  116900130
  2    |   域0      | 正常运行   |  否   |  116900132
  3    |   域3      | 正常运行   |  是   |  116900188
==================================================================


======================== 切片硬件状态 ========================
切片号 | 所属安全域 | 当前状态    | 路扩展 | LRU touched
------------------------------------------------------------------
  0    |   域3      | 正常运行   |  是   |  117499541
  1    |   域2      | 正常运行   |  否   |  117499999
  2    |   域0      | 正常运行   |  否   |  117499993
  3    |   域3      | 正常运行   |  是   |  117499987
==================================================================

[动态重分配] 周期117500000：预约迁移 冗余域3(12%) -> 切片0 -> 饥饿域2(26%)
[切片剥夺] 周期117500000：切片0（所属域3）进入待剥夺状态，禁止新替换
[切片剥夺] 周期117500000：切片0在途请求已清空，开始执行脏行写回
[切片管理] 周期117505980：原域3仅剩1个切片，关闭路扩展模式
[动态重分配] 周期117505980：切片0写回完成，自动绑定到域2
[切片管理] 成功绑定切片0 → 安全域2，触发【路扩展模式】

======================== 切片硬件状态 ========================
切片号 | 所属安全域 | 当前状态    | 路扩展 | LRU touched
------------------------------------------------------------------
  0    |   域2      | 正常运行   |  是   |  117505980
  1    |   域2      | 正常运行   |  是   |  117505941
  2    |   域0      | 正常运行   |  否   |  117505949
  3    |   域3      | 正常运行   |  否   |  117505968
==================================================================


======================== 切片硬件状态 ========================
切片号 | 所属安全域 | 当前状态    | 路扩展 | LRU touched
------------------------------------------------------------------
  0    |   域2      | 正常运行   |  是   |  117699990
  1    |   域2      | 正常运行   |  是   |  117699961
  2    |   域0      | 正常运行   |  否   |  117699995
  3    |   域3      | 正常运行   |  否   |  117699974
==================================================================

[动态重分配] 周期117700000：预约迁移 冗余域2(1%) -> 切片1 -> 饥饿域3(12%)
[切片剥夺] 周期117700000：切片1（所属域2）进入待剥夺状态，禁止新替换
[切片剥夺] 周期117700000：切片1在途请求已清空，开始执行脏行写回
[切片管理] 周期117700125：原域2仅剩1个切片，关闭路扩展模式
[动态重分配] 周期117700125：切片1写回完成，自动绑定到域3
[切片管理] 成功绑定切片1 → 安全域3，触发【路扩展模式】

======================== 切片硬件状态 ========================
切片号 | 所属安全域 | 当前状态    | 路扩展 | LRU touched
------------------------------------------------------------------
  0    |   域2      | 正常运行   |  否   |  117700125
  1    |   域3      | 正常运行   |  是   |  117700125
  2    |   域0      | 正常运行   |  否   |  117700051
  3    |   域3      | 正常运行   |  是   |  117700054
==================================================================


======================== 切片硬件状态 ========================
切片号 | 所属安全域 | 当前状态    | 路扩展 | LRU touched
------------------------------------------------------------------
  0    |   域2      | 正常运行   |  否   |  117799999
  1    |   域3      | 正常运行   |  是   |  117784581
  2    |   域0      | 正常运行   |  否   |  117799987
  3    |   域3      | 正常运行   |  是   |  117799998
==================================================================

[动态重分配] 周期117800000：预约迁移 冗余域3(12%) -> 切片3 -> 饥饿域2(25%)
[切片剥夺] 周期117800000：切片3（所属域3）进入待剥夺状态，禁止新替换
[切片剥夺] 周期117800188：切片3在途请求已清空，开始执行脏行写回
[切片管理] 周期117803743：原域3仅剩1个切片，关闭路扩展模式
[动态重分配] 周期117803743：切片3写回完成，自动绑定到域2
[切片管理] 成功绑定切片3 → 安全域2，触发【路扩展模式】

======================== 切片硬件状态 ========================
切片号 | 所属安全域 | 当前状态    | 路扩展 | LRU touched
------------------------------------------------------------------
  0    |   域2      | 正常运行   |  是   |  117803734
  1    |   域3      | 正常运行   |  否   |  117803738
  2    |   域0      | 正常运行   |  否   |  117803743
  3    |   域2      | 正常运行   |  是   |  117803743
==================================================================


======================== 切片硬件状态 ========================
切片号 | 所属安全域 | 当前状态    | 路扩展 | LRU touched
------------------------------------------------------------------
  0    |   域2      | 正常运行   |  是   |  118999998
  1    |   域3      | 正常运行   |  否   |  118999992
  2    |   域0      | 正常运行   |  否   |  118999994
  3    |   域2      | 正常运行   |  是   |  118999996
==================================================================

[动态重分配] 周期119000000：预约迁移 冗余域2(2%) -> 切片3 -> 饥饿域3(12%)
[切片剥夺] 周期119000000：切片3（所属域2）进入待剥夺状态，禁止新替换
[切片剥夺] 周期119000000：切片3在途请求已清空，开始执行脏行写回
[切片管理] 周期119000128：原域2仅剩1个切片，关闭路扩展模式
[动态重分配] 周期119000128：切片3写回完成，自动绑定到域3
[切片管理] 成功绑定切片3 → 安全域3，触发【路扩展模式】

======================== 切片硬件状态 ========================
切片号 | 所属安全域 | 当前状态    | 路扩展 | LRU touched
------------------------------------------------------------------
  0    |   域2      | 正常运行   |  否   |  119000099
  1    |   域3      | 正常运行   |  是   |  119000056
  2    |   域0      | 正常运行   |  否   |  119000109
  3    |   域3      | 正常运行   |  是   |  119000128
==================================================================


======================== 切片硬件状态 ========================
切片号 | 所属安全域 | 当前状态    | 路扩展 | LRU touched
------------------------------------------------------------------
  0    |   域2      | 正常运行   |  否   |  119199994
  1    |   域3      | 正常运行   |  是   |  119200000
  2    |   域0      | 正常运行   |  否   |  119199999
  3    |   域3      | 正常运行   |  是   |  119185041
==================================================================

[动态重分配] 周期119200000：预约迁移 冗余域3(12%) -> 切片1 -> 饥饿域2(22%)
[切片剥夺] 周期119200000：切片1（所属域3）进入待剥夺状态，禁止新替换
[切片剥夺] 周期119200156：切片1在途请求已清空，开始执行脏行写回
[切片管理] 周期119204297：原域3仅剩1个切片，关闭路扩展模式
[动态重分配] 周期119204297：切片1写回完成，自动绑定到域2
[切片管理] 成功绑定切片1 → 安全域2，触发【路扩展模式】

======================== 切片硬件状态 ========================
切片号 | 所属安全域 | 当前状态    | 路扩展 | LRU touched
------------------------------------------------------------------
  0    |   域2      | 正常运行   |  是   |  119204295
  1    |   域2      | 正常运行   |  是   |  119204297
  2    |   域0      | 正常运行   |  否   |  119204260
  3    |   域3      | 正常运行   |  否   |  119204292
==================================================================


======================== 切片硬件状态 ========================
切片号 | 所属安全域 | 当前状态    | 路扩展 | LRU touched
------------------------------------------------------------------
  0    |   域2      | 正常运行   |  是   |  119499974
  1    |   域2      | 正常运行   |  是   |  119499964
  2    |   域0      | 正常运行   |  否   |  119499981
  3    |   域3      | 正常运行   |  否   |  119499973
==================================================================

[动态重分配] 周期119500000：预约迁移 冗余域2(2%) -> 切片0 -> 饥饿域3(12%)
[切片剥夺] 周期119500000：切片0（所属域2）进入待剥夺状态，禁止新替换
[切片剥夺] 周期119500000：切片0在途请求已清空，开始执行脏行写回
[切片管理] 周期119500140：原域2仅剩1个切片，关闭路扩展模式
[动态重分配] 周期119500140：切片0写回完成，自动绑定到域3
[切片管理] 成功绑定切片0 → 安全域3，触发【路扩展模式】

======================== 切片硬件状态 ========================
切片号 | 所属安全域 | 当前状态    | 路扩展 | LRU touched
------------------------------------------------------------------
  0    |   域3      | 正常运行   |  是   |  119500140
  1    |   域2      | 正常运行   |  否   |  119499964
  2    |   域0      | 正常运行   |  否   |  119499981
  3    |   域3      | 正常运行   |  是   |  119500140
==================================================================


======================== 切片硬件状态 ========================
切片号 | 所属安全域 | 当前状态    | 路扩展 | LRU touched
------------------------------------------------------------------
  0    |   域3      | 正常运行   |  是   |  119584117
  1    |   域2      | 正常运行   |  否   |  119599953
  2    |   域0      | 正常运行   |  否   |  119599954
  3    |   域3      | 正常运行   |  是   |  119599959
==================================================================

[动态重分配] 周期119600000：预约迁移 冗余域3(12%) -> 切片3 -> 饥饿域2(20%)
[切片剥夺] 周期119600000：切片3（所属域3）进入待剥夺状态，禁止新替换
[切片剥夺] 周期119600124：切片3在途请求已清空，开始执行脏行写回
[切片管理] 周期119604834：原域3仅剩1个切片，关闭路扩展模式
[动态重分配] 周期119604834：切片3写回完成，自动绑定到域2
[切片管理] 成功绑定切片3 → 安全域2，触发【路扩展模式】

======================== 切片硬件状态 ========================
切片号 | 所属安全域 | 当前状态    | 路扩展 | LRU touched
------------------------------------------------------------------
  0    |   域3      | 正常运行   |  否   |  119604826
  1    |   域2      | 正常运行   |  是   |  119604834
  2    |   域0      | 正常运行   |  否   |  119604828
  3    |   域2      | 正常运行   |  是   |  119604834
==================================================================


======================== 切片硬件状态 ========================
切片号 | 所属安全域 | 当前状态    | 路扩展 | LRU touched
------------------------------------------------------------------
  0    |   域3      | 正常运行   |  否   |  119899980
  1    |   域2      | 正常运行   |  是   |  119899966
  2    |   域0      | 正常运行   |  否   |  119899980
  3    |   域2      | 正常运行   |  是   |  119899966
==================================================================

[动态重分配] 周期119900000：预约迁移 冗余域2(2%) -> 切片1 -> 饥饿域3(12%)
[切片剥夺] 周期119900000：切片1（所属域2）进入待剥夺状态，禁止新替换
[切片剥夺] 周期119900000：切片1在途请求已清空，开始执行脏行写回
[切片管理] 周期119900152：原域2仅剩1个切片，关闭路扩展模式
[动态重分配] 周期119900152：切片1写回完成，自动绑定到域3
[切片管理] 成功绑定切片1 → 安全域3，触发【路扩展模式】

======================== 切片硬件状态 ========================
切片号 | 所属安全域 | 当前状态    | 路扩展 | LRU touched
------------------------------------------------------------------
  0    |   域3      | 正常运行   |  是   |  119900152
  1    |   域3      | 正常运行   |  是   |  119900152
  2    |   域0      | 正常运行   |  否   |  119900149
  3    |   域2      | 正常运行   |  否   |  119900152
==================================================================


======================== 切片硬件状态 ========================
切片号 | 所属安全域 | 当前状态    | 路扩展 | LRU touched
------------------------------------------------------------------
  0    |   域3      | 正常运行   |  是   |  120099954
  1    |   域3      | 正常运行   |  是   |  120085593
  2    |   域0      | 正常运行   |  否   |  120099952
  3    |   域2      | 正常运行   |  否   |  120099886
==================================================================

[动态重分配] 周期120100000：预约迁移 冗余域3(12%) -> 切片0 -> 饥饿域2(29%)
[切片剥夺] 周期120100000：切片0（所属域3）进入待剥夺状态，禁止新替换
[切片剥夺] 周期120100116：切片0在途请求已清空，开始执行脏行写回
[切片管理] 周期120104277：原域3仅剩1个切片，关闭路扩展模式
[动态重分配] 周期120104277：切片0写回完成，自动绑定到域2
[切片管理] 成功绑定切片0 → 安全域2，触发【路扩展模式】

======================== 切片硬件状态 ========================
切片号 | 所属安全域 | 当前状态    | 路扩展 | LRU touched
------------------------------------------------------------------
  0    |   域2      | 正常运行   |  是   |  120104277
  1    |   域3      | 正常运行   |  否   |  120104264
  2    |   域0      | 正常运行   |  否   |  120104270
  3    |   域2      | 正常运行   |  是   |  120104250
==================================================================


======================== 切片硬件状态 ========================
切片号 | 所属安全域 | 当前状态    | 路扩展 | LRU touched
------------------------------------------------------------------
  0    |   域2      | 正常运行   |  是   |  120299939
  1    |   域3      | 正常运行   |  否   |  120299935
  2    |   域0      | 正常运行   |  否   |  120299969
  3    |   域2      | 正常运行   |  是   |  120299934
==================================================================

[动态重分配] 周期120300000：预约迁移 冗余域2(2%) -> 切片3 -> 饥饿域3(12%)
[切片剥夺] 周期120300000：切片3（所属域2）进入待剥夺状态，禁止新替换
[切片剥夺] 周期120300000：切片3在途请求已清空，开始执行脏行写回
[切片管理] 周期120300110：原域2仅剩1个切片，关闭路扩展模式
[动态重分配] 周期120300110：切片3写回完成，自动绑定到域3
[切片管理] 成功绑定切片3 → 安全域3，触发【路扩展模式】

======================== 切片硬件状态 ========================
切片号 | 所属安全域 | 当前状态    | 路扩展 | LRU touched
------------------------------------------------------------------
  0    |   域2      | 正常运行   |  否   |  120300110
  1    |   域3      | 正常运行   |  是   |  120300107
  2    |   域0      | 正常运行   |  否   |  120300107
  3    |   域3      | 正常运行   |  是   |  120300110
==================================================================


======================== 切片硬件状态 ========================
切片号 | 所属安全域 | 当前状态    | 路扩展 | LRU touched
------------------------------------------------------------------
  0    |   域2      | 正常运行   |  否   |  120499999
  1    |   域3      | 正常运行   |  是   |  120499996
  2    |   域0      | 正常运行   |  否   |  120499980
  3    |   域3      | 正常运行   |  是   |  120489354
==================================================================

[动态重分配] 周期120500000：预约迁移 冗余域3(12%) -> 切片1 -> 饥饿域2(26%)
[切片剥夺] 周期120500000：切片1（所属域3）进入待剥夺状态，禁止新替换
[切片剥夺] 周期120500176：切片1在途请求已清空，开始执行脏行写回
[切片管理] 周期120502516：原域3仅剩1个切片，关闭路扩展模式
[动态重分配] 周期120502516：切片1写回完成，自动绑定到域2
[切片管理] 成功绑定切片1 → 安全域2，触发【路扩展模式】

======================== 切片硬件状态 ========================
切片号 | 所属安全域 | 当前状态    | 路扩展 | LRU touched
------------------------------------------------------------------
  0    |   域2      | 正常运行   |  是   |  120502514
  1    |   域2      | 正常运行   |  是   |  120502516
  2    |   域0      | 正常运行   |  否   |  120502514
  3    |   域3      | 正常运行   |  否   |  120502502
==================================================================


======================== 切片硬件状态 ========================
切片号 | 所属安全域 | 当前状态    | 路扩展 | LRU touched
------------------------------------------------------------------
  0    |   域2      | 正常运行   |  是   |  120699920
  1    |   域2      | 正常运行   |  是   |  120699961
  2    |   域0      | 正常运行   |  否   |  120699959
  3    |   域3      | 正常运行   |  否   |  120699979
==================================================================

[动态重分配] 周期120700000：预约迁移 冗余域2(5%) -> 切片0 -> 饥饿域3(12%)
[切片剥夺] 周期120700000：切片0（所属域2）进入待剥夺状态，禁止新替换
[切片剥夺] 周期120700052：切片0在途请求已清空，开始执行脏行写回
[切片管理] 周期120700180：原域2仅剩1个切片，关闭路扩展模式
[动态重分配] 周期120700180：切片0写回完成，自动绑定到域3
[切片管理] 成功绑定切片0 → 安全域3，触发【路扩展模式】

======================== 切片硬件状态 ========================
切片号 | 所属安全域 | 当前状态    | 路扩展 | LRU touched
------------------------------------------------------------------
  0    |   域3      | 正常运行   |  是   |  120700180
  1    |   域2      | 正常运行   |  否   |  120700105
  2    |   域0      | 正常运行   |  否   |  120700111
  3    |   域3      | 正常运行   |  是   |  120700118
==================================================================


======================== 切片硬件状态 ========================
切片号 | 所属安全域 | 当前状态    | 路扩展 | LRU touched
------------------------------------------------------------------
  0    |   域3      | 正常运行   |  是   |  120892005
  1    |   域2      | 正常运行   |  否   |  120899896
  2    |   域0      | 正常运行   |  否   |  120899924
  3    |   域3      | 正常运行   |  是   |  120899895
==================================================================

[动态重分配] 周期120900000：预约迁移 冗余域3(12%) -> 切片3 -> 饥饿域2(26%)
[切片剥夺] 周期120900000：切片3（所属域3）进入待剥夺状态，禁止新替换
[切片剥夺] 周期120900128：切片3在途请求已清空，开始执行脏行写回
[切片管理] 周期120903443：原域3仅剩1个切片，关闭路扩展模式
[动态重分配] 周期120903443：切片3写回完成，自动绑定到域2
[切片管理] 成功绑定切片3 → 安全域2，触发【路扩展模式】

======================== 切片硬件状态 ========================
切片号 | 所属安全域 | 当前状态    | 路扩展 | LRU touched
------------------------------------------------------------------
  0    |   域3      | 正常运行   |  否   |  120903440
  1    |   域2      | 正常运行   |  是   |  120903441
  2    |   域0      | 正常运行   |  否   |  120903443
  3    |   域2      | 正常运行   |  是   |  120903443
==================================================================


======================== 切片硬件状态 ========================
切片号 | 所属安全域 | 当前状态    | 路扩展 | LRU touched
------------------------------------------------------------------
  0    |   域3      | 正常运行   |  否   |  121199997
  1    |   域2      | 正常运行   |  是   |  121200000
  2    |   域0      | 正常运行   |  否   |  121199999
  3    |   域2      | 正常运行   |  是   |  121199994
==================================================================

[动态重分配] 周期121200000：预约迁移 冗余域2(2%) -> 切片1 -> 饥饿域3(12%)
[切片剥夺] 周期121200000：切片1（所属域2）进入待剥夺状态，禁止新替换
[切片剥夺] 周期121200000：切片1在途请求已清空，开始执行脏行写回
[切片管理] 周期121200140：原域2仅剩1个切片，关闭路扩展模式
[动态重分配] 周期121200140：切片1写回完成，自动绑定到域3
[切片管理] 成功绑定切片1 → 安全域3，触发【路扩展模式】

======================== 切片硬件状态 ========================
切片号 | 所属安全域 | 当前状态    | 路扩展 | LRU touched
------------------------------------------------------------------
  0    |   域3      | 正常运行   |  是   |  121200027
  1    |   域3      | 正常运行   |  是   |  121200140
  2    |   域0      | 正常运行   |  否   |  121200055
  3    |   域2      | 正常运行   |  否   |  121200008
==================================================================


======================== 切片硬件状态 ========================
切片号 | 所属安全域 | 当前状态    | 路扩展 | LRU touched
------------------------------------------------------------------
  0    |   域3      | 正常运行   |  是   |  121300000
  1    |   域3      | 正常运行   |  是   |  121287597
  2    |   域0      | 正常运行   |  否   |  121299995
  3    |   域2      | 正常运行   |  否   |  121299995
==================================================================

[动态重分配] 周期121300000：预约迁移 冗余域3(12%) -> 切片0 -> 饥饿域2(18%)
[切片剥夺] 周期121300000：切片0（所属域3）进入待剥夺状态，禁止新替换
[切片剥夺] 周期121300216：切片0在途请求已清空，开始执行脏行写回
[切片管理] 周期121303190：原域3仅剩1个切片，关闭路扩展模式
[动态重分配] 周期121303190：切片0写回完成，自动绑定到域2
[切片管理] 成功绑定切片0 → 安全域2，触发【路扩展模式】

======================== 切片硬件状态 ========================
切片号 | 所属安全域 | 当前状态    | 路扩展 | LRU touched
------------------------------------------------------------------
  0    |   域2      | 正常运行   |  是   |  121303190
  1    |   域3      | 正常运行   |  否   |  121303186
  2    |   域0      | 正常运行   |  否   |  121303185
  3    |   域2      | 正常运行   |  是   |  121303190
==================================================================


======================== 切片硬件状态 ========================
切片号 | 所属安全域 | 当前状态    | 路扩展 | LRU touched
------------------------------------------------------------------
  0    |   域2      | 正常运行   |  是   |  121599999
  1    |   域3      | 正常运行   |  否   |  121599990
  2    |   域0      | 正常运行   |  否   |  121599982
  3    |   域2      | 正常运行   |  是   |  121599837
==================================================================

[动态重分配] 周期121600000：预约迁移 冗余域2(6%) -> 切片3 -> 饥饿域3(12%)
[切片剥夺] 周期121600000：切片3（所属域2）进入待剥夺状态，禁止新替换
[切片剥夺] 周期121600000：切片3在途请求已清空，开始执行脏行写回
[切片管理] 周期121600110：原域2仅剩1个切片，关闭路扩展模式
[动态重分配] 周期121600110：切片3写回完成，自动绑定到域3
[切片管理] 成功绑定切片3 → 安全域3，触发【路扩展模式】

======================== 切片硬件状态 ========================
切片号 | 所属安全域 | 当前状态    | 路扩展 | LRU touched
------------------------------------------------------------------
  0    |   域2      | 正常运行   |  否   |  121600009
  1    |   域3      | 正常运行   |  是   |  121600108
  2    |   域0      | 正常运行   |  否   |  121600110
  3    |   域3      | 正常运行   |  是   |  121600110
==================================================================


======================== 切片硬件状态 ========================
切片号 | 所属安全域 | 当前状态    | 路扩展 | LRU touched
------------------------------------------------------------------
  0    |   域2      | 正常运行   |  否   |  121899997
  1    |   域3      | 正常运行   |  是   |  121900000
  2    |   域0      | 正常运行   |  否   |  121900000
  3    |   域3      | 正常运行   |  是   |  121889058
==================================================================

[动态重分配] 周期121900000：预约迁移 冗余域3(12%) -> 切片1 -> 饥饿域2(29%)
[切片剥夺] 周期121900000：切片1（所属域3）进入待剥夺状态，禁止新替换
[切片剥夺] 周期121900196：切片1在途请求已清空，开始执行脏行写回
[切片管理] 周期121902653：原域3仅剩1个切片，关闭路扩展模式
[动态重分配] 周期121902653：切片1写回完成，自动绑定到域2
[切片管理] 成功绑定切片1 → 安全域2，触发【路扩展模式】

======================== 切片硬件状态 ========================
切片号 | 所属安全域 | 当前状态    | 路扩展 | LRU touched
------------------------------------------------------------------
  0    |   域2      | 正常运行   |  是   |  121902647
  1    |   域2      | 正常运行   |  是   |  121902653
  2    |   域0      | 正常运行   |  否   |  121902653
  3    |   域3      | 正常运行   |  否   |  121902653
==================================================================


======================== 切片硬件状态 ========================
切片号 | 所属安全域 | 当前状态    | 路扩展 | LRU touched
------------------------------------------------------------------
  0    |   域2      | 正常运行   |  是   |  122199971
  1    |   域2      | 正常运行   |  是   |  122199955
  2    |   域0      | 正常运行   |  否   |  122199997
  3    |   域3      | 正常运行   |  否   |  122199984
==================================================================

[动态重分配] 周期122200000：预约迁移 冗余域2(2%) -> 切片0 -> 饥饿域3(12%)
[切片剥夺] 周期122200000：切片0（所属域2）进入待剥夺状态，禁止新替换
[切片剥夺] 周期122200000：切片0在途请求已清空，开始执行脏行写回
[切片管理] 周期122200155：原域2仅剩1个切片，关闭路扩展模式
[动态重分配] 周期122200155：切片0写回完成，自动绑定到域3
[切片管理] 成功绑定切片0 → 安全域3，触发【路扩展模式】

======================== 切片硬件状态 ========================
切片号 | 所属安全域 | 当前状态    | 路扩展 | LRU touched
------------------------------------------------------------------
  0    |   域3      | 正常运行   |  是   |  122200155
  1    |   域2      | 正常运行   |  否   |  122199955
  2    |   域0      | 正常运行   |  否   |  122200010
  3    |   域3      | 正常运行   |  是   |  122199984
==================================================================


======================== 切片硬件状态 ========================
切片号 | 所属安全域 | 当前状态    | 路扩展 | LRU touched
------------------------------------------------------------------
  0    |   域3      | 正常运行   |  是   |  122285639
  1    |   域2      | 正常运行   |  否   |  122299944
  2    |   域0      | 正常运行   |  否   |  122299933
  3    |   域3      | 正常运行   |  是   |  122299942
==================================================================

[动态重分配] 周期122300000：预约迁移 冗余域3(12%) -> 切片3 -> 饥饿域2(23%)
[切片剥夺] 周期122300000：切片3（所属域3）进入待剥夺状态，禁止新替换
[切片剥夺] 周期122300172：切片3在途请求已清空，开始执行脏行写回
[切片管理] 周期122303893：原域3仅剩1个切片，关闭路扩展模式
[动态重分配] 周期122303893：切片3写回完成，自动绑定到域2
[切片管理] 成功绑定切片3 → 安全域2，触发【路扩展模式】

======================== 切片硬件状态 ========================
切片号 | 所属安全域 | 当前状态    | 路扩展 | LRU touched
------------------------------------------------------------------
  0    |   域3      | 正常运行   |  否   |  122303879
  1    |   域2      | 正常运行   |  是   |  122303893
  2    |   域0      | 正常运行   |  否   |  122303888
  3    |   域2      | 正常运行   |  是   |  122303893
==================================================================


======================== 切片硬件状态 ========================
切片号 | 所属安全域 | 当前状态    | 路扩展 | LRU touched
------------------------------------------------------------------
  0    |   域3      | 正常运行   |  否   |  122600000
  1    |   域2      | 正常运行   |  是   |  122599782
  2    |   域0      | 正常运行   |  否   |  122599997
  3    |   域2      | 正常运行   |  是   |  122599993
==================================================================

[动态重分配] 周期122600000：预约迁移 冗余域2(2%) -> 切片1 -> 饥饿域3(12%)
[切片剥夺] 周期122600000：切片1（所属域2）进入待剥夺状态，禁止新替换
[切片剥夺] 周期122600000：切片1在途请求已清空，开始执行脏行写回
[切片管理] 周期122600131：原域2仅剩1个切片，关闭路扩展模式
[动态重分配] 周期122600131：切片1写回完成，自动绑定到域3
[切片管理] 成功绑定切片1 → 安全域3，触发【路扩展模式】

======================== 切片硬件状态 ========================
切片号 | 所属安全域 | 当前状态    | 路扩展 | LRU touched
------------------------------------------------------------------
  0    |   域3      | 正常运行   |  是   |  122600131
  1    |   域3      | 正常运行   |  是   |  122600131
  2    |   域0      | 正常运行   |  否   |  122600127
  3    |   域2      | 正常运行   |  否   |  122600113
==================================================================


======================== 切片硬件状态 ========================
切片号 | 所属安全域 | 当前状态    | 路扩展 | LRU touched
------------------------------------------------------------------
  0    |   域3      | 正常运行   |  是   |  122799986
  1    |   域3      | 正常运行   |  是   |  122788232
  2    |   域0      | 正常运行   |  否   |  122799992
  3    |   域2      | 正常运行   |  否   |  122799975
==================================================================

[动态重分配] 周期122800000：预约迁移 冗余域3(12%) -> 切片0 -> 饥饿域2(25%)
[切片剥夺] 周期122800000：切片0（所属域3）进入待剥夺状态，禁止新替换
[切片剥夺] 周期122800188：切片0在途请求已清空，开始执行脏行写回
[切片管理] 周期122803183：原域3仅剩1个切片，关闭路扩展模式
[动态重分配] 周期122803183：切片0写回完成，自动绑定到域2
[切片管理] 成功绑定切片0 → 安全域2，触发【路扩展模式】

======================== 切片硬件状态 ========================
切片号 | 所属安全域 | 当前状态    | 路扩展 | LRU touched
------------------------------------------------------------------
  0    |   域2      | 正常运行   |  是   |  122803183
  1    |   域3      | 正常运行   |  否   |  122803183
  2    |   域0      | 正常运行   |  否   |  122803183
  3    |   域2      | 正常运行   |  是   |  122803179
==================================================================


======================== 切片硬件状态 ========================
切片号 | 所属安全域 | 当前状态    | 路扩展 | LRU touched
------------------------------------------------------------------
  0    |   域2      | 正常运行   |  是   |  123099985
  1    |   域3      | 正常运行   |  否   |  123099989
  2    |   域0      | 正常运行   |  否   |  123099992
  3    |   域2      | 正常运行   |  是   |  123099978
==================================================================

[动态重分配] 周期123100000：预约迁移 冗余域2(6%) -> 切片3 -> 饥饿域3(12%)
[切片剥夺] 周期123100000：切片3（所属域2）进入待剥夺状态，禁止新替换
[切片剥夺] 周期123100000：切片3在途请求已清空，开始执行脏行写回
[切片管理] 周期123100116：原域2仅剩1个切片，关闭路扩展模式
[动态重分配] 周期123100116：切片3写回完成，自动绑定到域3
[切片管理] 成功绑定切片3 → 安全域3，触发【路扩展模式】

======================== 切片硬件状态 ========================
切片号 | 所属安全域 | 当前状态    | 路扩展 | LRU touched
------------------------------------------------------------------
  0    |   域2      | 正常运行   |  否   |  123100016
  1    |   域3      | 正常运行   |  是   |  123100111
  2    |   域0      | 正常运行   |  否   |  123100116
  3    |   域3      | 正常运行   |  是   |  123100116
==================================================================


======================== 切片硬件状态 ========================
切片号 | 所属安全域 | 当前状态    | 路扩展 | LRU touched
------------------------------------------------------------------
  0    |   域2      | 正常运行   |  否   |  123299992
  1    |   域3      | 正常运行   |  是   |  123300000
  2    |   域0      | 正常运行   |  否   |  123299993
  3    |   域3      | 正常运行   |  是   |  123289209
==================================================================

[动态重分配] 周期123300000：预约迁移 冗余域3(12%) -> 切片1 -> 饥饿域2(24%)
[切片剥夺] 周期123300000：切片1（所属域3）进入待剥夺状态，禁止新替换
[切片剥夺] 周期123300124：切片1在途请求已清空，开始执行脏行写回
[切片管理] 周期123302394：原域3仅剩1个切片，关闭路扩展模式
[动态重分配] 周期123302394：切片1写回完成，自动绑定到域2
[切片管理] 成功绑定切片1 → 安全域2，触发【路扩展模式】

======================== 切片硬件状态 ========================
切片号 | 所属安全域 | 当前状态    | 路扩展 | LRU touched
------------------------------------------------------------------
  0    |   域2      | 正常运行   |  是   |  123302394
  1    |   域2      | 正常运行   |  是   |  123302394
  2    |   域0      | 正常运行   |  否   |  123302382
  3    |   域3      | 正常运行   |  否   |  123302393
==================================================================


======================== 切片硬件状态 ========================
切片号 | 所属安全域 | 当前状态    | 路扩展 | LRU touched
------------------------------------------------------------------
  0    |   域2      | 正常运行   |  是   |  123699953
  1    |   域2      | 正常运行   |  是   |  123699930
  2    |   域0      | 正常运行   |  否   |  123699943
  3    |   域3      | 正常运行   |  否   |  123699964
==================================================================

[动态重分配] 周期123700000：预约迁移 冗余域2(2%) -> 切片0 -> 饥饿域3(12%)
[切片剥夺] 周期123700000：切片0（所属域2）进入待剥夺状态，禁止新替换
[切片剥夺] 周期123700276：切片0在途请求已清空，开始执行脏行写回
[切片管理] 周期123700431：原域2仅剩1个切片，关闭路扩展模式
[动态重分配] 周期123700431：切片0写回完成，自动绑定到域3
[切片管理] 成功绑定切片0 → 安全域3，触发【路扩展模式】

======================== 切片硬件状态 ========================
切片号 | 所属安全域 | 当前状态    | 路扩展 | LRU touched
------------------------------------------------------------------
  0    |   域3      | 正常运行   |  是   |  123700431
  1    |   域2      | 正常运行   |  否   |  123700431
  2    |   域0      | 正常运行   |  否   |  123700428
  3    |   域3      | 正常运行   |  是   |  123700429
==================================================================


======================== 切片硬件状态 ========================
切片号 | 所属安全域 | 当前状态    | 路扩展 | LRU touched
------------------------------------------------------------------
  0    |   域3      | 正常运行   |  是   |  123784831
  1    |   域2      | 正常运行   |  否   |  123799993
  2    |   域0      | 正常运行   |  否   |  123799998
  3    |   域3      | 正常运行   |  是   |  123799990
==================================================================

[动态重分配] 周期123800000：预约迁移 冗余域3(12%) -> 切片3 -> 饥饿域2(20%)
[切片剥夺] 周期123800000：切片3（所属域3）进入待剥夺状态，禁止新替换
[切片剥夺] 周期123800200：切片3在途请求已清空，开始执行脏行写回
[切片管理] 周期123803577：原域3仅剩1个切片，关闭路扩展模式
[动态重分配] 周期123803577：切片3写回完成，自动绑定到域2
[切片管理] 成功绑定切片3 → 安全域2，触发【路扩展模式】

======================== 切片硬件状态 ========================
切片号 | 所属安全域 | 当前状态    | 路扩展 | LRU touched
------------------------------------------------------------------
  0    |   域3      | 正常运行   |  否   |  123803570
  1    |   域2      | 正常运行   |  是   |  123803573
  2    |   域0      | 正常运行   |  否   |  123803572
  3    |   域2      | 正常运行   |  是   |  123803577
==================================================================


======================== 切片硬件状态 ========================
切片号 | 所属安全域 | 当前状态    | 路扩展 | LRU touched
------------------------------------------------------------------
  0    |   域3      | 正常运行   |  否   |  124299995
  1    |   域2      | 正常运行   |  是   |  124299993
  2    |   域0      | 正常运行   |  否   |  124299999
  3    |   域2      | 正常运行   |  是   |  124299995
==================================================================

[动态重分配] 周期124300000：预约迁移 冗余域2(3%) -> 切片1 -> 饥饿域3(12%)
[切片剥夺] 周期124300000：切片1（所属域2）进入待剥夺状态，禁止新替换
[切片剥夺] 周期124300000：切片1在途请求已清空，开始执行脏行写回
[切片管理] 周期124300167：原域2仅剩1个切片，关闭路扩展模式
[动态重分配] 周期124300167：切片1写回完成，自动绑定到域3
[切片管理] 成功绑定切片1 → 安全域3，触发【路扩展模式】

======================== 切片硬件状态 ========================
切片号 | 所属安全域 | 当前状态    | 路扩展 | LRU touched
------------------------------------------------------------------
  0    |   域3      | 正常运行   |  是   |  124300167
  1    |   域3      | 正常运行   |  是   |  124300167
  2    |   域0      | 正常运行   |  否   |  124300167
  3    |   域2      | 正常运行   |  否   |  124300165
==================================================================


======================== 切片硬件状态 ========================
切片号 | 所属安全域 | 当前状态    | 路扩展 | LRU touched
------------------------------------------------------------------
  0    |   域3      | 正常运行   |  是   |  124399994
  1    |   域3      | 正常运行   |  是   |  124385779
  2    |   域0      | 正常运行   |  否   |  124399996
  3    |   域2      | 正常运行   |  否   |  124399998
==================================================================

[动态重分配] 周期124400000：预约迁移 冗余域3(12%) -> 切片0 -> 饥饿域2(28%)
[切片剥夺] 周期124400000：切片0（所属域3）进入待剥夺状态，禁止新替换
[切片剥夺] 周期124400144：切片0在途请求已清空，开始执行脏行写回
[切片管理] 周期124405628：原域3仅剩1个切片，关闭路扩展模式
[动态重分配] 周期124405628：切片0写回完成，自动绑定到域2
[切片管理] 成功绑定切片0 → 安全域2，触发【路扩展模式】

======================== 切片硬件状态 ========================
切片号 | 所属安全域 | 当前状态    | 路扩展 | LRU touched
------------------------------------------------------------------
  0    |   域2      | 正常运行   |  是   |  124405628
  1    |   域3      | 正常运行   |  否   |  124405617
  2    |   域0      | 正常运行   |  否   |  124405627
  3    |   域2      | 正常运行   |  是   |  124405617
==================================================================


======================== 切片硬件状态 ========================
切片号 | 所属安全域 | 当前状态    | 路扩展 | LRU touched
------------------------------------------------------------------
  0    |   域2      | 正常运行   |  是   |  124999996
  1    |   域3      | 正常运行   |  否   |  124999978
  2    |   域0      | 正常运行   |  否   |  124999999
  3    |   域2      | 正常运行   |  是   |  124999977
==================================================================

[动态重分配] 周期125000000：预约迁移 冗余域2(6%) -> 切片0 -> 饥饿域3(12%)
[切片剥夺] 周期125000000：切片0（所属域2）进入待剥夺状态，禁止新替换
[切片剥夺] 周期125000000：切片0在途请求已清空，开始执行脏行写回
[切片管理] 周期125000188：原域2仅剩1个切片，关闭路扩展模式
[动态重分配] 周期125000188：切片0写回完成，自动绑定到域3
[切片管理] 成功绑定切片0 → 安全域3，触发【路扩展模式】

======================== 切片硬件状态 ========================
切片号 | 所属安全域 | 当前状态    | 路扩展 | LRU touched
------------------------------------------------------------------
  0    |   域3      | 正常运行   |  是   |  125000188
  1    |   域3      | 正常运行   |  是   |  125000069
  2    |   域0      | 正常运行   |  否   |  125000070
  3    |   域2      | 正常运行   |  否   |  125000188
==================================================================


======================== 切片硬件状态 ========================
切片号 | 所属安全域 | 当前状态    | 路扩展 | LRU touched
------------------------------------------------------------------
  0    |   域3      | 正常运行   |  是   |  129789367
  1    |   域3      | 正常运行   |  是   |  129799935
  2    |   域0      | 正常运行   |  否   |  129800000
  3    |   域2      | 正常运行   |  否   |  129799905
==================================================================

[动态重分配] 周期129800000：预约迁移 冗余域3(12%) -> 切片0 -> 饥饿域2(47%)
[切片剥夺] 周期129800000：切片0（所属域3）进入待剥夺状态，禁止新替换
[切片剥夺] 周期129800000：切片0在途请求已清空，开始执行脏行写回
[切片管理] 周期129802933：原域3仅剩1个切片，关闭路扩展模式
[动态重分配] 周期129802933：切片0写回完成，自动绑定到域2
[切片管理] 成功绑定切片0 → 安全域2，触发【路扩展模式】

======================== 切片硬件状态 ========================
切片号 | 所属安全域 | 当前状态    | 路扩展 | LRU touched
------------------------------------------------------------------
  0    |   域2      | 正常运行   |  是   |  129802933
  1    |   域3      | 正常运行   |  否   |  129802920
  2    |   域0      | 正常运行   |  否   |  129802892
  3    |   域2      | 正常运行   |  是   |  129802733
==================================================================


======================== 切片硬件状态 ========================
切片号 | 所属安全域 | 当前状态    | 路扩展 | LRU touched
------------------------------------------------------------------
  0    |   域2      | 正常运行   |  是   |  129900000
  1    |   域3      | 正常运行   |  否   |  129899994
  2    |   域0      | 正常运行   |  否   |  129899999
  3    |   域2      | 正常运行   |  是   |  129899999
==================================================================

[动态重分配] 周期129900000：预约迁移 冗余域2(1%) -> 切片3 -> 饥饿域3(12%)
[切片剥夺] 周期129900000：切片3（所属域2）进入待剥夺状态，禁止新替换
[切片剥夺] 周期129900000：切片3在途请求已清空，开始执行脏行写回
[切片管理] 周期129900098：原域2仅剩1个切片，关闭路扩展模式
[动态重分配] 周期129900098：切片3写回完成，自动绑定到域3
[切片管理] 成功绑定切片3 → 安全域3，触发【路扩展模式】

======================== 切片硬件状态 ========================
切片号 | 所属安全域 | 当前状态    | 路扩展 | LRU touched
------------------------------------------------------------------
  0    |   域2      | 正常运行   |  否   |  129900093
  1    |   域3      | 正常运行   |  是   |  129900098
  2    |   域0      | 正常运行   |  否   |  129900095
  3    |   域3      | 正常运行   |  是   |  129900098
==================================================================


======================== 切片硬件状态 ========================
切片号 | 所属安全域 | 当前状态    | 路扩展 | LRU touched
------------------------------------------------------------------
  0    |   域2      | 正常运行   |  否   |  135699990
  1    |   域3      | 正常运行   |  是   |  135699995
  2    |   域0      | 正常运行   |  否   |  135699990
  3    |   域3      | 正常运行   |  是   |  135689968
==================================================================

[动态重分配] 周期135700000：预约迁移 冗余域3(12%) -> 切片1 -> 饥饿域0(19%)
[切片剥夺] 周期135700000：切片1（所属域3）进入待剥夺状态，禁止新替换
[切片剥夺] 周期135700208：切片1在途请求已清空，开始执行脏行写回
[切片管理] 周期135705329：原域3仅剩1个切片，关闭路扩展模式
[动态重分配] 周期135705329：切片1写回完成，自动绑定到域0
[切片管理] 成功绑定切片1 → 安全域0，触发【路扩展模式】

======================== 切片硬件状态 ========================
切片号 | 所属安全域 | 当前状态    | 路扩展 | LRU touched
------------------------------------------------------------------
  0    |   域2      | 正常运行   |  否   |  135705323
  1    |   域0      | 正常运行   |  是   |  135705329
  2    |   域0      | 正常运行   |  是   |  135705239
  3    |   域3      | 正常运行   |  否   |  135705322
==================================================================


======================== 切片硬件状态 ========================
切片号 | 所属安全域 | 当前状态    | 路扩展 | LRU touched
------------------------------------------------------------------
  0    |   域2      | 正常运行   |  否   |  135999996
  1    |   域0      | 正常运行   |  是   |  135999980
  2    |   域0      | 正常运行   |  是   |  135999999
  3    |   域3      | 正常运行   |  否   |  135999997
==================================================================

[动态重分配] 周期136000000：预约迁移 冗余域0(2%) -> 切片2 -> 饥饿域3(12%)
[切片剥夺] 周期136000000：切片2（所属域0）进入待剥夺状态，禁止新替换
[切片剥夺] 周期136000000：切片2在途请求已清空，开始执行脏行写回
[切片管理] 周期136000097：原域0仅剩1个切片，关闭路扩展模式
[动态重分配] 周期136000097：切片2写回完成，自动绑定到域3
[切片管理] 成功绑定切片2 → 安全域3，触发【路扩展模式】

======================== 切片硬件状态 ========================
切片号 | 所属安全域 | 当前状态    | 路扩展 | LRU touched
------------------------------------------------------------------
  0    |   域2      | 正常运行   |  否   |  136000026
  1    |   域0      | 正常运行   |  否   |  136000046
  2    |   域3      | 正常运行   |  是   |  136000097
  3    |   域3      | 正常运行   |  是   |  136000023
==================================================================


======================== 切片硬件状态 ========================
切片号 | 所属安全域 | 当前状态    | 路扩展 | LRU touched
------------------------------------------------------------------
  0    |   域2      | 正常运行   |  否   |  137799998
  1    |   域0      | 正常运行   |  否   |  137799988
  2    |   域3      | 正常运行   |  是   |  137799994
  3    |   域3      | 正常运行   |  是   |  137791979
==================================================================

[动态重分配] 周期137800000：预约迁移 冗余域3(12%) -> 切片2 -> 饥饿域0(19%)
[切片剥夺] 周期137800000：切片2（所属域3）进入待剥夺状态，禁止新替换
[切片剥夺] 周期137800168：切片2在途请求已清空，开始执行脏行写回
[切片管理] 周期137802400：原域3仅剩1个切片，关闭路扩展模式
[动态重分配] 周期137802400：切片2写回完成，自动绑定到域0
[切片管理] 成功绑定切片2 → 安全域0，触发【路扩展模式】

======================== 切片硬件状态 ========================
切片号 | 所属安全域 | 当前状态    | 路扩展 | LRU touched
------------------------------------------------------------------
  0    |   域2      | 正常运行   |  否   |  137802400
  1    |   域0      | 正常运行   |  是   |  137802398
  2    |   域0      | 正常运行   |  是   |  137802400
  3    |   域3      | 正常运行   |  否   |  137802396
==================================================================


======================== 切片硬件状态 ========================
切片号 | 所属安全域 | 当前状态    | 路扩展 | LRU touched
------------------------------------------------------------------
  0    |   域2      | 正常运行   |  否   |  137999800
  1    |   域0      | 正常运行   |  是   |  137999692
  2    |   域0      | 正常运行   |  是   |  137999933
  3    |   域3      | 正常运行   |  否   |  137999933
==================================================================

[动态重分配] 周期138000000：预约迁移 冗余域0(1%) -> 切片1 -> 饥饿域3(12%)
[切片剥夺] 周期138000000：切片1（所属域0）进入待剥夺状态，禁止新替换
[切片剥夺] 周期138000000：切片1在途请求已清空，开始执行脏行写回
[切片管理] 周期138000299：原域0仅剩1个切片，关闭路扩展模式
[动态重分配] 周期138000299：切片1写回完成，自动绑定到域3
[切片管理] 成功绑定切片1 → 安全域3，触发【路扩展模式】

======================== 切片硬件状态 ========================
切片号 | 所属安全域 | 当前状态    | 路扩展 | LRU touched
------------------------------------------------------------------
  0    |   域2      | 正常运行   |  否   |  138000189
  1    |   域3      | 正常运行   |  是   |  138000299
  2    |   域0      | 正常运行   |  否   |  138000278
  3    |   域3      | 正常运行   |  是   |  138000274
==================================================================


======================== 切片硬件状态 ========================
切片号 | 所属安全域 | 当前状态    | 路扩展 | LRU touched
------------------------------------------------------------------
  0    |   域2      | 正常运行   |  否   |  145800000
  1    |   域3      | 正常运行   |  是   |  145799987
  2    |   域0      | 正常运行   |  否   |  145800000
  3    |   域3      | 正常运行   |  是   |  145799998
==================================================================

[动态重分配] 周期145800000：预约迁移 冗余域3(2%) -> 切片1 -> 饥饿域0(12%)
[切片剥夺] 周期145800000：切片1（所属域3）进入待剥夺状态，禁止新替换
[切片剥夺] 周期145800000：切片1在途请求已清空，开始执行脏行写回
[切片管理] 周期145800290：原域3仅剩1个切片，关闭路扩展模式
[动态重分配] 周期145800290：切片1写回 copy_parm_decls完成，自动绑定到域0
[切片管理] 成功绑定切片1 → 安全域0，触发【路扩展模式】

======================== 切片硬件状态 ========================
切片号 | 所属安全域 | 当前状态    | 路扩展 | LRU touched
------------------------------------------------------------------
  0    |   域2      | 正常运行   |  否   |  145800080
  1    |   域0      | 正常运行   |  是   |  145800290
  2    |   域0      | 正常运行   |  是   |  145800082
  3    |   域3      | 正常运行   |  否   |  145800066
==================================================================


======================== 切片硬件状态 ========================
切片号 | 所属安全域 | 当前状态    | 路扩展 | LRU touched
------------------------------------------------------------------
  0    |   域2      | 正常运行   |  否   |  148499999
  1    |   域0      | 正常运行   |  是   |  148499998
  2    |   域0      | 正常运行   |  是   |  148499997
  3    |   域3      | 正常运行   |  否   |  148500000
==================================================================

[动态重分配] 周期148500000：预约迁移 冗余域0(0%) -> 切片2 -> 饥饿域2(6%)
[切片剥夺] 周期148500000：切片2（所属域0）进入待剥夺状态，禁止新替换
[切片剥夺] 周期148500000：切片2在途请求已清空，开始执行脏行写回
[切片管理] 周期148500269：原域0仅剩1个切片，关闭路扩展模式
[动态重分配] 周期148500269：切片2写回完成，自动绑定到域2
[切片管理] 成功绑定切片2 → 安全域2，触发【路扩展模式】

======================== 切片硬件状态 ========================
切片号 | 所属安全域 | 当前状态    | 路扩展 | LRU touched
------------------------------------------------------------------
  0    |   域2      | 正常运行   |  是   |  148500094
  1    |   域0      | 正常运行   |  否   |  148500076
  2    |   域2      | 正常运行   |  是   |  148500269
  3    |   域3      | 正常运行   |  否   |  148500043
==================================================================


======================== 切片硬件状态 ========================
切片号 | 所属安全域 | 当前状态    | 路扩展 | LRU touched
------------------------------------------------------------------
  0    |   域2      | 正常运行   |  是   |  148600000
  1    |   域0      | 正常运行   |  否   |  148599823
  2    |   域2      | 正常运行   |  是   |  148599980
  3    |   域3      | 正常运行   |  否   |  148599997
==================================================================

[动态重分配] 周期148600000：预约迁移 冗余域2(0%) -> 切片0 -> 饥饿域3(6%)
[切片剥夺] 周期148600000：切片0（所属域2）进入待剥夺状态，禁止新替换
[切片剥夺] 周期148600256：切片0在途请求已清空，开始执行脏行写回
[切片管理] 周期148600537：原域2仅剩1个切片，关闭路扩展模式
[动态重分配] 周期148600537：切片0写回完成，自动绑定到域3
[切片管理] 成功绑定切片0 → 安全域3，触发【路扩展模式】

======================== 切片硬件状态 ========================
切片号 | 所属安全域 | 当前状态    | 路扩展 | LRU touched
------------------------------------------------------------------
  0    |   域3      | 正常运行   |  是   |  148600537
  1    |   域0      | 正常运行   |  否   |  148600411
  2    |   域2      | 正常运行   |  否   |  148600533
  3    |   域3      | 正常运行   |  是   |  148600535
==================================================================


======================== 切片硬件状态 ========================
切片号 | 所属安全域 | 当前状态    | 路扩展 | LRU touched
------------------------------------------------------------------
  0    |   域3      | 正常运行   |  是   |  150500000
  1    |   域0      | 正常运行   |  否   |  150499888
  2    |   域2      | 正常运行   | copy_decl_tree sim_check_options copy_rtx_and_substitute  否   |  150499999
  3    |   域3      | 正常运行   |  是   |  150499994
==================================================================

[动态重分配] 周期150500000：预约迁移 冗余域3(3%) -> 切片0 -> 饥饿域2(12%)
[切片剥夺] 周期150500000：切片0（所属域3）进入待剥夺状态，禁止新替换
[切片剥夺] 周期150500000：切片0在途请求已清空，开始执行脏行写回
[切片管理] 周期150500302：原域3仅剩1个切片，关闭路扩展模式
[动态重分配] 周期150500302：切片0写回完成，自动绑定到域2
[切片管理] 成功绑定切片0 → 安全域2，触发【路扩展模式】

======================== 切片硬件状态 ========================
切片号 | 所属安全域 | 当前状态    | 路扩展 | LRU touched
------------------------------------------------------------------
  0    |   域2      | 正常运行   |  是   |  150500302
  1    |   域0      | 正常运行   |  否   |  150499888
  2    |   域2      | 正常运行   |  是   |  150500075
  3    |   域3      | 正常运行   |  否   |  150500068
==================================================================


======================== 切片硬件状态 ========================
切片号 | 所属安全域 | 当前状态    | 路扩展 | LRU touched
------------------------------------------------------------------
  0    |   域2      | 正常运行   |  是   |  180899993
  1    |   域0      | 正常运行   |  否   |  180899998
  2    |   域2      | 正常运行   |  是   |  180899998
  3    |   域3      | 正常运行   |  否   |  180899998
==================================================================

[动态重分配] 周期180900000：预约迁移 冗余域2(0%) -> 切片0 -> 饥饿域3(6%)
[切片剥夺] 周期180900000：切片0（所属域2）进入待剥夺状态，禁止新替换
[切片剥夺] 周期180900000：切片0在途请求已清空，开始执行脏行写回
[切片管理] 周期180904551：原域2仅剩1个切片，关闭路扩展模式
[动态重分配] 周期180904551：切片0写回完成，自动绑定到域3
[切片管理] 成功绑定切片0 → 安全域3，触发【路扩展模式】

======================== 切片硬件状态 ========================
切片号 | 所属安全域 | 当前状态    | 路扩展 | LRU touched
------------------------------------------------------------------
  0    |   域3      | 正常运行   |  是   |  180904551
  1    |   域0      | 正常运行   |  否   |  180904550
  2    |   域2      | 正常运行   |  否   |  180904543
  3    |   域3      | 正常运行   |  是   |  180904548
==================================================================


======================== 切片硬件状态 ========================
切片号 | 所属安全域 | 当前状态    | 路扩展 | LRU touched
------------------------------------------------------------------
  0    |   域3      | 正常运行   |  是   |  181300000
  1    |   域0      | 正常运行   |  否   |  181299998
  2    |   域2      | 正常运行   |  否   |  181300000
  3    |   域3      | 正常运行   |  是   |  181299995
==================================================================

[动态重分配] 周期181300000：预约迁移 冗余域3(3%) -> 切片3 -> 饥饿域0(12%)
[切片剥夺] 周期181300000：切片3（所属域3）进入待剥夺状态，禁止新替换
[切片剥夺] 周期181300000：切片3在途请求已清空，开始执行脏行写回
[切片管理] 周期181300287：原域3仅剩1个切片，关闭路扩展模式
[动态重分配] 周期181300287：切片3写回完成，自动绑定到域0
[切片管理] 成功绑定切片3 → 安全域0，触发【路扩展模式】

======================== 切片硬件状态 ========================
切片号 | 所属安全域 | 当前状态    | 路扩展 | LRU touched
------------------------------------------------------------------
  0    |   域3      | 正常运行   |  否   |  181300266
  1    |   域0      | 正常运行   |  是   |  181300272
  2    |   域2      | 正常运行   |  否   |  181300242
  3    |   域0      | 正常运行   |  是   |  181300287
==================================================================


======================== 切片硬件状态 ========================
切片号 | 所属安全域 | 当前状态    | 路扩展 | LRU touched
------------------------------------------------------------------
  0    |   域3      | 正常运行   |  否   |  199900000
  1    |   域0      | 正常运行   |  是   |  199899963
  2    |   域2      | 正常运行   |  否   |  199899998
  3    |   域0      | 正常运行   |  是   |  199899891
==================================================================

[动态重分配] 周期199900000：预约迁移 冗余域0(0%) -> 切片1 -> 饥饿域2(6%)
[切片剥夺] 周期199900000：切片1（所属域0）进入待剥夺状态，禁止新替换
[切片剥夺] 周期199900000：切片1在途请求已清空，开始执行脏行写回
[切片管理] 周期199903538：原域0仅剩1个切片，关闭路扩展模式
[动态重分配] 周期199903538：切片1写回完成，自动绑定到域2
[切片管理] 成功绑定切片1 → 安全域2，触发【路扩展模式】

======================== 切片硬件状态 ========================
切片号 | 所属安全域 | 当前状态    | 路扩展 | LRU touched
------------------------------------------------------------------
  0    |   域3      | 正常运行   |  否   |  199903538
  1    |   域2      | 正常运行   |  是   |  199903538
  2    |   域2      | 正常运行   |  是   |  199903537
  3    |   域0      | 正常运行   |  否   |  199903534
==================================================================


**** Debug Statistics at 201000000 Cycles *****
Threads: 4		Fetch Width: 8
No of useful instructions fetched:	337510875 (20.99% proc util.)
No of total instructions fetched:	496677574 (30.89% proc util.)
 includes 28228141 misfetch (5.7%), 130938558 (26.4%) wrong-path fetches
 and 0 flushed after failed lock(0.0%)
No of useful instructions issued/executed:	337510840 (20.99% proc util.)
No of total instructions issued/executed:	401138411 (24.95% proc util.)
 includes 63627571 wrong-path (15.9%) insts and 0 flushed (0.0%)
	fp 21330, 0.01%
	synch 0, 0.00%
	integer 266971454, 66.55%
	load/store 134145627, 33.44%
Avg size of int IQ (before scheduling): 22.49
Avg size of fp IQ (before scheduling): 0.00
No of cycles taken:		201000000
Parallelism [ 0.485, 0.000, 0.486, 0.709,] = 1.679
 IQ conflicts: 1791556 (0.89%), FQ conflicts: 0 (0.00%) 
 I reg conflicts: 121018965 (60.21%), FP reg conflicts: 0 (0.00%)
  Activelist confs: 939 (0.00%), ROB confs: 36241 (0.02%)
  Int unit conflicts: 85741932 (42.66%), FP unit conflicts: 9 (0.00%)
  Load/store unit conflicts: 19343033 (9.62%)
  MSHR conflicts: 129720084 (64.54%)
----------------------------------------
==== System-wide Cache Statistics ====
Stall for miss queue full 7188 cycles (0.00%)
----------------------------------------
==== Statistics for Master ID: 0 ====
Reads: 77803730   Writes: 13057095
ICACHE: size: 64 KB assoc: 2
ICACHE: hits:43689204 misses:1493866  Hit Ratio: 96.69%
DCACHE: size: 1*16 KB assoc: 1*4
DCACHE: hits:44778065 misses:900226 writebacks:268103  Hit Ratio: 98.03%
SCACHE: size: 512 KB assoc: 2
SCACHE: hits:1657075 misses:736481  Hit Ratio: 69.23%
3CACHE: size: 4096 KB assoc: 2
3CACHE: hits:576539 misses:159942  Hit Ratio: 78.28%
3CACHE: dirty items replaced:22157
ITLB: size: 48, misses 120535, miss rate 0.27%
DTLB: size: 128, misses 130046, miss rate 0.28%
Avg mem delay: 4.665 cycles
----------------------------------------
==== Statistics for Master ID: 2 ====
Reads: 76124540   Writes: 12127862
ICACHE: size: 64 KB assoc: 2
ICACHE: hits:43014833 misses:1483127  Hit Ratio: 96.67%
DCACHE: size: 2*16 KB assoc: 2*4
DCACHE: hits:42124501 misses:1632724 writebacks:241482  Hit Ratio: 96.27%
SCACHE: size: 512 KB assoc: 2
SCACHE: hits:2279948 misses:833120  Hit Ratio: 73.24%
3CACHE: size: 4096 KB assoc: 2
3CACHE: hits:659138 misses:173982  Hit Ratio: 79.12%
3CACHE: dirty items replaced:17073
ITLB: size: 48, misses 137265, miss rate 0.31%
DTLB: size: 128, misses 166962, miss rate 0.38%
Avg mem delay: 4.665 cycles
----------------------------------------
==== Statistics for Master ID: 3 ====
Reads: 80948963   Writes: 15007227
ICACHE: size: 64 KB assoc: 2
ICACHE: hits:51510165 misses:18499  Hit Ratio: 99.96%
DCACHE: size: 1*16 KB assoc: 1*4
DCACHE: hits:41574781 misses:2860701 writebacks:1404160  Hit Ratio: 93.56%
SCACHE: size: 512 KB assoc: 2
SCACHE: hits:619222 misses:2252020  Hit Ratio: 21.57%
3CACHE: size: 4096 KB assoc: 2
3CACHE: hits:117622 misses:2134398  Hit Ratio: 5.22%
3CACHE: dirty items replaced:93987
ITLB: size: 48, misses 444, miss rate 0.00%
DTLB: size: 128, misses 130724, miss rate 0.29%
Avg mem delay: 4.665 cycles
----------------------------------------
==== Global Resource Utilization ====
STASH: size: 65536 entries, full 620974738, empty 29019095, misses 2733581, full rate 95.14
icache bank util. 0.091 0.075 0.069 0.075 0.089 0.154 0.093 0.102 
dcache bank util. 0.089 0.100 0.100 0.093 0.104 0.083 0.110 0.096 
L2 bank util. 0.038 0.039 0.037 0.039 0.037 0.036 0.040 0.046 
L1-L2 bus util. = 0.154, L3 util. = 0.123
----------------------------------------

======================== 切片硬件状态 ========================
切片号 | 所属安全域 | 当前状态    | 路扩展 | LRU touched
------------------------------------------------------------------
  0    |   域3      | 正常运行   |  否   |  200999978
  1    |   域2      | 正常运行   |  是   |  200999977
  2    |   域2      | 正常运行   |  是   |  200999979
  3    |   域0      | 正常运行   |  否   |  200999968
==================================================================

branch prediction, hits = 34128805, misses = 6073406, hit rate = 84.89%
return_stack prediction, hits = 3166363, misses = 3043, hit rate = 99.90%
jump prediction, hits = 31903634, misses = 7329556, hit rate = 81.32%

======================== 切片硬件状态 ========================
切片号 | 所属安全域 | 当前状态    | 路扩展 | LRU touched
------------------------------------------------------------------
  0    |   域3      | 正常运行   |  否   |  205700000
  1    |   域2      | 正常运行   |  是   |  205699996
  2    |   域2      | 正常运行   |  是   |  205699996
  3    |   域0      | 正常运行   |  否   |  205699999
==================================================================

[动态重分配] 周期205700000：预约迁移 冗余域2(0%) -> 切片1 -> 饥饿域0(10%)
[切片剥夺] 周期205700000：切片1（所属域2）进入待剥夺状态，禁止新替换
[切片剥夺] 周期205700000：切片1在途请求已清空，开始执行脏行写回
[切片管理] 周期205701205：原域2仅剩1个切片，关闭路扩展模式
[动态重分配] 周期205701205：切片1写回完成，自动绑定到域0
[切片管理] 成功绑定切片1 → 安全域0，触发【路扩展模式】

======================== 切片硬件状态 ========================
切片号 | 所属安全域 | 当前状态    | 路扩展 | LRU touched
------------------------------------------------------------------
  0    |   域3      | 正常运行   |  否   |  205701204
  1    |   域0      | 正常运行   |  是   |  205701205
  2    |   域2      | 正常运行   |  否   |  205701205
  3    |   域0      | 正常运行   |  是   |  205701039
==================================================================


======================== 切片硬件状态 ========================
切片号 | 所属安全域 | 当前状态    | 路扩展 | LRU touched
------------------------------------------------------------------
  0    |   域3      | 正常运行   |  否   |  207299998
  1    |   域0      | 正常运行   |  是   |  207299993
  2    |   域2      | 正常运行   |  否   |  207299990
  3    |   域0      | 正常运行   |  是   |  207299991
==================================================================

[动态重分配] 周期207300000：预约迁移 冗余域0(1%) -> 切片1 -> 饥饿域2(8%)
[切片剥夺] 周期207300000：切片1（所属域0）进入待剥夺状态，禁止新替换
[切片剥夺] 周期207300000：切片1在途请求已清空，开始执行脏行写回
[切片管理] 周期207301250：原域0仅剩1个切片，关闭路扩展模式
[动态重分配] 周期207301250：切片1写回完成，自动绑定到域2
[切片管理] 成功绑定切片1 → 安全域2，触发【路扩展模式】

======================== 切片硬件状态 ========================
切片号 | 所属安全域 | 当前状态    | 路扩展 | LRU touched
------------------------------------------------------------------
  0    |   域3      | 正常运行   |  否   |  207301250
  1    |   域2      | 正常运行   |  是   |  207301250
  2    |   域2      | 正常运行   |  是   |  207301247
  3    |   域0      | 正常运行   |  否   |  207301250
==================================================================


======================== 切片硬件状态 ========================
切片号 | 所属安全域 | 当前状态    | 路扩展 | LRU touched
------------------------------------------------------------------
  0    |   域3      | 正常运行   |  否   |  208100000
  1    |   域2      | 正常运行   |  是   |  208099996
  2    |   域2      | 正常运行   |  是   |  208099985
  3    |   域0      | 正常运行   |  否   |  208099998
==================================================================

[动态重分配] 周期208100000：预约迁移 冗余域2(1%) -> 切片1 -> 饥饿域0(8%)
[切片剥夺] 周期208100000：切片1（所属域2）进入待剥夺状态，禁止新替换
[切片剥夺] 周期208100000：切片1在途请求已清空，开始执行脏行写回
[切片管理] 周期208101232：原域2仅剩1个切片，关闭路扩展模式
[动态重分配] 周期208101232：切片1写回完成，自动绑定到域0
[切片管理] 成功绑定切片1 → 安全域0，触发【路扩展模式】

======================== 切片硬件状态 ========================
切片号 | 所属安全域 | 当前状态    | 路扩展 | LRU touched
------------------------------------------------------------------
  0    |   域3      | 正常运行   |  否   |  208101229
  1    |   域0      | 正常运行   |  是   |  208101232
  2    |   域2      | 正常运行   |  否   |  208101232
  3    |   域0      | 正常运行   |  是   |  208101230
==================================================================


======================== 切片硬件状态 ========================
切片号 | 所属安全域 | 当前状态    | 路扩展 | LRU touched
------------------------------------------------------------------
  0    |   域3      | 正常运行   |  否   |  211199997
  1    |   域0      | 正常运行   |  是   |  211199990
  2    |   域2      | 正常运行   |  否   |  211200000
  3    |   域0      | 正常运行   |  是   |  211200000
==================================================================

[动态重分配] 周期211200000：预约迁移 冗余域0(0%) -> 切片1 -> 饥饿域2(6%)
[切片剥夺] 周期211200000：切片1（所属域0）进入待剥夺状态，禁止新替换
[切片剥夺] 周期211200000：切片1在途请求已清空，开始执行脏行写回
[切片管理] 周期211202121：原域0仅剩1个切片，关闭路扩展模式
[动态重分配] 周期211202121：切片1写回完成，自动绑定到域2
[切片管理] 成功绑定切片1 → 安全域2，触发【路扩展模式】

======================== 切片硬件状态 ========================
切片号 | 所属安全域 | 当前状态    | 路扩展 | LRU touched
------------------------------------------------------------------
  0    |   域3      | 正常运行   |  否   |  211202121
  1    |   域2      | 正常运行   |  是   |  211202121
  2    |   域2      | 正常运行   |  是   |  211202083
  3    |   域0      | 正常运行   |  否   |  211202120
==================================================================


======================== 切片硬件状态 ========================
切片号 | 所属安全域 | 当前状态    | 路扩展 | LRU touched
------------------------------------------------------------------
  0    |   域3      | 正常运行   |  否   |  223500000
  1    |   域2      | 正常运行   |  是   |  223499991
  2    |   域2      | 正常运行   |  是   |  223500000
  3    |   域0      | 正常运行   |  否   |  223499921
==================================================================

[动态重分配] 周期223500000：预约迁移 冗余域2(0%) -> 切片1 -> 饥饿域0(14%)
[切片剥夺] 周期223500000：切片1（所属域2）进入待剥夺状态，禁止新替换
[切片剥夺] 周期223500000：切片1在途请求已清空，开始执行脏行写回
[切片管理] 周期223501564：原域2仅剩1个切片，关闭路扩展模式
[动态重分配] 周期223501564：切片1写回完成，自动绑定到域0
[切片管理] 成功绑定切片1 → 安全域0，触发【路扩展模式】

======================== 切片硬件状态 ========================
切片号 | 所属安全域 | 当前状态    | 路扩展 | LRU touched
------------------------------------------------------------------
  0    |   域3      | 正常运行   |  否   |  223501563
  1    |   域0      | 正常运行   |  是   |  223501564
  2    |   域2      | 正常运行   |  否   |  223501564
  3    |   域0      | 正常运行   |  是   |  223501560
==================================================================


======================== 切片硬件状态 ========================
切片号 | 所属安全域 | 当前状态    | 路扩展 | LRU touched
------------------------------------------------------------------
  0    |   域3      | 正常运行   |  否   |  226999999
  1    |   域0      | 正常运行   |  是   |  226999999
  2    |   域2      | 正常运行   |  否   |  226999999
  3    |   域0      | 正常运行   |  是   |  226999975
==================================================================

[动态重分配] 周期227000000：预约迁移 冗余域0(0%) -> 切片1 -> 饥饿域2(7%)
[切片剥夺] 周期227000000：切片1（所属域0）进入待剥夺状态，禁止新替换
[切片剥夺] 周期227000008：切片1在途请求已清空，开始执行脏行写回
[切片管理] 周期227000401：原域0仅剩1个切片，关闭路扩展模式
[动态重分配] 周期227000401：切片1写回完成，自动绑定到域2
[切片管理] 成功绑定切片1 → 安全域2，触发【路扩展模式】

======================== 切片硬件状态 ========================
切片号 | 所属安全域 | 当前状态    | 路扩展 | LRU touched
------------------------------------------------------------------
  0    |   域3      | 正常运行   |  否   |  227000398
  1    |   域2      | 正常运行   |  是   |  227000401
  2    |   域2      | 正常运行   |  是   |  227000401
  3    |   域0      | 正常运行   |  否   |  227000399
==================================================================


======================== 切片硬件状态 ========================
切片号 | 所属安全域 | 当前状态    | 路扩展 | LRU touched
------------------------------------------------------------------
  0    |   域3      | 正常运行   |  否   |  239999985
  1    |   域2      | 正常运行   |  是   |  239999986
  2    |   域2      | 正常运行   |  是   |  239999986
  3    |   域0      | 正常运行   |  否   |  239999986
==================================================================

[动态重分配] 周期240000000：预约迁移 冗余域2(0%) -> 切片1 -> 饥饿域0(8%)
[切片剥夺] 周期240000000：切片1（所属域2）进入待剥夺状态，禁止新替换
[切片剥夺] 周期240000000：切片1在途请求已清空，开始执行脏行写回
[切片管理] 周期240001447：原域2仅剩1个切片，关闭路扩展模式
[动态重分配] 周期240001447：切片1写回完成，自动绑定到域0
[切片管理] 成功绑定切片1 → 安全域0，触发【路扩展模式】

======================== 切片硬件状态 ========================
切片号 | 所属安全域 | 当前状态    | 路扩展 | LRU touched
------------------------------------------------------------------
  0    |   域3      | 正常运行   |  否   |  240001435
  1    |   域0      | 正常运行   |  是   |  240001447
  2    |   域2      | 正常运行   |  否   |  240001381
  3    |   域0      | 正常运行   |  是   |  240001436
==================================================================


======================== 切片硬件状态 ========================
切片号 | 所属安全域 | 当前状态    | 路扩展 | LRU touched
------------------------------------------------------------------
  0    |   域3      | 正常运行   |  否   |  254399997
  1    |   域0      | 正常运行   |  是   |  254399998
  2    |   域2      | 正常运行   |  否   |  254399999
  3    |   域0      | 正常运行   |  是   |  254399993
==================================================================

[动态重分配] 周期254400000：预约迁移 冗余域0(0%) -> 切片1 -> 饥饿域3(6%)
[切片剥夺] 周期254400000：切片1（所属域0）进入待剥夺状态，禁止新替换
[切片剥夺] 周期254400036：切片1在途请求已清空，开始执行脏行写回
[切片管理] 周期254405403：原域0仅剩1个切片，关闭路扩展模式
[动态重分配] 周期254405403：切片1写回完成，自动绑定到域3
[切片管理] 成功绑定切片1 → 安全域3，触发【路扩展模式】

======================== 切片硬件状态 ========================
切片号 | 所属安全域 | 当前状态    | 路扩展 | LRU touched
------------------------------------------------------------------
  0    |   域3      | 正常运行   |  是   |  254405403
  1    |   域3      | 正常运行   |  是   |  254405403
  2    |   域2      | 正常运行   |  否   |  254405403
  3    copy_address |   域0      | 正常运行   |  否   |  254405401
==================================================================


======================== 切片硬件状态 ========================
切片号 | 所属安全域 | 当前状态    | 路扩展 | LRU touched
------------------------------------------------------------------
  0    |   域3      | 正常运行   |  是   |  256199997
  1    |   域3      | 正常运行   |  是   |  256199996
  2    |   域2      | 正常运行   |  否   |  256199998
  3    |   域0      | 正常运行   |  否   |  256199999
==================================================================

[动态重分配] 周期256200000：预约迁移 冗余域3(0%) -> 切片0 -> 饥饿域0(16%)
[切片剥夺] 周期256200000：切片0（所属域3）进入待剥夺状态，禁止新替换
[切片剥夺] 周期256200000：切片0在途请求已清空，开始执行脏行写回
[切片管理] 周期256201135：原域3仅剩1个切片，关闭路扩展模式
[动态重分配] 周期256201135：切片0写回完成，自动绑定到域0
[切片管理] 成功绑定切片0 → 安全域0，触发【路扩展模式】

======================== 切片硬件状态 ========================
切片号 | 所属安全域 | 当前状态    | 路扩展 | LRU touched
------------------------------------------------------------------
  0    |   域0      | 正常运行   |  是   |  256201135
  1    |   域3      | 正常运行   |  否   |  256201135
  2    |   域2      | 正常运行   |  否   |  256201132
  3    |   域0      | 正常运行   |  是   |  256201133
==================================================================


======================== 切片硬件状态 ========================
切片号 | 所属安全域 | 当前状态    | 路扩展 | LRU touched
------------------------------------------------------------------
  0    |   域0      | 正常运行   |  是   |  275099989
  1    |   域3      | 正常运行   |  否   |  275099997
  2    |   域2      | 正常运行   |  否   |  275099995
  3    |   域0      | 正常运行   |  是   |  275099999
==================================================================

[动态重分配] 周期275100000：预约迁移 冗余域0(1%) -> 切片0 -> 饥饿域3(7%)
[切片剥夺] 周期275100000：切片0（所属域0）进入待剥夺状态，禁止新替换
[切片剥夺] 周期275100000：切片0在途请求已清空，开始执行脏行写回
[切片管理] 周期275100290：原域0仅剩1个切片，关闭路扩展模式
[动态重分配] 周期275100290：切片0写回完成，自动绑定到域3
[切片管理] 成功绑定切片0 → 安全域3，触发【路扩展模式】

======================== 切片硬件状态 ========================
切片号 | 所属安全域 | 当前状态    | 路扩展 | LRU touched
------------------------------------------------------------------
  0    |   域3      | 正常运行   |  是   |  275100290
  1    |   域3      | 正常运行   |  是   |  275100107
  2    |   域2      | 正常运行   |  否   |  275100101
  3    |   域0      | 正常运行   |  否   |  275100097
==================================================================


======================== 切片硬件状态 ========================
切片号 | 所属安全域 | 当前状态    | 路扩展 | LRU touched
------------------------------------------------------------------
  0    |   域3      | 正常运行   |  是   |  275499978
  1    |   域3      | 正常运行   |  是   |  275499998
  2    |   域2      | 正常运行   |  否   |  275500000
  3    |   域0      | 正常运行   |  否   |  275500000
==================================================================

[动态重分配] 周期275500000：预约迁移 冗余域3(2%) -> 切片1 -> 饥饿域2(8%)
[切片剥夺] 周期275500000：切片1（所属域3）进入待剥夺状态，禁止新替换
[切片剥夺] 周期275500000：切片1在途请求已清空，开始执行脏行写回
[切片管理] 周期275500230：原域3仅剩1个切片，关闭路扩展模式
[动态重分配] 周期275500230：切片1写回完成，自动绑定到域2
[切片管理] 成功绑定切片1 → 安全域2，触发【路扩展模式】

======================== 切片硬件状态 ========================
切片号 | 所属安全域 | 当前状态    | 路扩展 | LRU touched
------------------------------------------------------------------
  0    |   域3      | 正常运行   |  否   |  275500069
  1    |   域2      | 正常运行   |  是   |  275500230
  2    |   域2      | 正常运行   |  是   |  275500062
  3    |   域0      | 正常运行   |  否   |  275500002
==================================================================


======================== 切片硬件状态 ========================
切片号 | 所属安全域 | 当前状态    | 路扩展 | LRU touched
------------------------------------------------------------------
  0    |   域3      | 正常运行   |  否   |  278799970
  1    |   域2      | 正常运行   |  是   |  278799694
  2    |   域2      | 正常运行   |  是   |  278799499
  3    |   域0      | 正常运行   |  否   |  278799978
==================================================================

[动态重分配] 周期278800000：预约迁移 冗余域2(0%) -> 切片1 -> 饥饿域0(6%)
[切片剥夺] 周期278800000：切片1（所属域2）进入待剥夺状态，禁止新替换
[切片剥夺] 周期278800000：切片1在途请求已清空，开始执行脏行写回
[切片管理] 周期278804734：原域2仅剩1个切片，关闭路扩展模式
[动态重分配] 周期278804734：切片1写回完成，自动绑定到域0
[切片管理] 成功绑定切片1 → 安全域0，触发【路扩展模式】

======================== 切片硬件状态 ========================
切片号 | 所属安全域 | 当前状态    | 路扩展 | LRU touched
------------------------------------------------------------------
  0    |   域3      | 正常运行   |  否   |  278804734
  1    |   域0      | 正常运行   |  是   |  278804734
  2    |   域2      | 正常运行   |  否   |  278804734
  3    |   域0      | 正常运行   |  是   |  278804729
==================================================================


**** Debug Statistics at 301000000 Cycles *****
Threads: 4		Fetch Width: 8
No of useful instructions fetched:	662799998 (27.52% proc util.)
No of total instructions fetched:	1010920357 (41.98% proc util.)
 includes 57155831 misfetch (5.7%), 290964528 (28.8%) wrong-path fetches
 and 0 flushed after failed lock(0.0%)
No of useful instructions issued/executed:	662799967 (27.52% proc util.)
No of total instructions issued/executed:	803832939 (33.38% proc util.)
 includes 141032972 wrong-path (17.5%) insts and 0 flushed (0.0%)
	fp 24315, 0.00%
	synch 0, 0.00%
	integer 535897555, 66.67%
	load/store 267911069, 33.33%
Avg size of int IQ (before scheduling): 23.95
Avg size of fp IQ (before scheduling): 0.00
No of cycles taken:		301000000
Parallelism [ 0.611, 0.000, 0.595, 0.997,] = 2.202
 IQ conflicts: 3943540 (1.31%), FQ conflicts: 0 (0.00%) 
 I reg conflicts: 138075907 (45.87%), FP reg conflicts: 0 (0.00%)
  Activelist confs: 1804 (0.00%), ROB confs: 174168 (0.06%)
  Int unit conflicts: 223171009 (74.14%), FP unit conflicts: 13 (0.00%)
  Load/store unit conflicts: 44032323 (14.63%)
  MSHR conflicts: 152801823 (50.76%)
----------------------------------------
==== System-wide Cache Statistics ====
Stall for miss queue full 8274 cycles (0.00%)
----------------------------------------
==== Statistics for Master ID: 0 ====
Reads: 152003662   Writes: 25970773
ICACHE: size: 64 KB assoc: 2
ICACHE: hits:86463086 misses:2567495  Hit Ratio: 97.12%
DCACHE: size: 2*16 KB assoc: 2*4
DCACHE: hits:87215478 misses:1729514 writebacks:513559  Hit Ratio: 98.06%
SCACHE: size: 512 KB assoc: 2
SCACHE: hits:2953046 misses:1342825  Hit Ratio: 68.74%
3CACHE: size: 4096 KB assoc: 2
3CACHE: hits:1107375 misses:235449  Hit Ratio: 82.47%
3CACHE: dirty items replaced:49084
ITLB: size: 48, misses 191230, miss rate 0.21%
DTLB: size: 128, misses 278557, miss rate 0.31%
Avg mem delay: 3.131 cycles
----------------------------------------
==== Statistics for Master ID: 2 ====
Reads: 154703694   Writes: 24078093
ICACHE: size: 64 KB assoc: 2
ICACHE: hits:88331162 misses:2859367  Hit Ratio: 96.86%
DCACHE: size: 1*16 KB assoc: 1*4
DCACHE: hits:85130640 misses:2464047 writebacks:524557  Hit Ratio: 97.19%
SCACHE: size: 512 KB assoc: 2
SCACHE: hits:3992698 misses:1327286  Hit Ratio: 75.05%
3CACHE: size: 4096 KB assoc: 2
3CACHE: hits:1122598 misses:204687  Hit Ratio: 84.58%
3CACHE: dirty items replaced:32096
ITLB: size: 48, misses 191445, miss rate 0.21%
DTLB: size: 128, misses 320433, miss rate 0.37%
Avg mem delay: 3.131 cycles
----------------------------------------
==== Statistics for Master ID: 3 ====
Reads: 172613801   Writes: 26876076
ICACHE: size: 64 KB assoc: 2
ICACHE: hits:108757173 misses:52704  Hit Ratio: 99.95%
DCACHE: size: 1*16 KB assoc: 1*4
DCACHE: hits:86801899 misses:3886257 writebacks:1832887  Hit Ratio: 95.71%
SCACHE: size: 512 KB assoc: 2
SCACHE: hits:1445790 misses:2485014  Hit Ratio: 36.78%
3CACHE: size: 4096 KB assoc: 2
3CACHE: hits:317630 misses:2167384  Hit Ratio: 12.78%
3CACHE: dirty items replaced:102961
ITLB: size: 48, misses 954, miss rate 0.00%
DTLB: size: 128, misses 212068, miss rate 0.23%
Avg mem delay: 3.131 cycles
----------------------------------------
==== Global Resource Utilization ====
STASH: size: 65536 entries, full 1178241874, empty 45698718, misses 4203457, full rate 95.94
icache bank util. 0.123 0.103 0.096 0.109 0.135 0.186 0.130 0.134 
dcache bank util. 0.108 0.122 0.127 0.118 0.144 0.118 0.145 0.113 
L2 bank util. 0.039 0.041 0.038 0.041 0.039 0.037 0.040 0.047 
L1-L2 bus util. = 0.164, L3 util. = 0.087
----------------------------------------

======================== 切片硬件状态 ========================
切片号 | 所属安全域 | 当前状态    | 路扩展 | LRU touched
------------------------------------------------------------------
  0    |   域3      | 正常运行   |  否   |  300999997
  1    |   域0      | 正常运行   |  是   |  300999988
  2    |   域2      | 正常运行   |  否   |  300999999
  3    |   域0      | 正常运行   |  是   |  300999994
==================================================================

branch prediction, hits = 61572440, misses = 12480848, hit rate = 83.15%
return_stack prediction, hits = 6547249, misses = 3666, hit rate = 99.94%
jump prediction, hits = 58159961, misses = 14845051, hit rate = 79.67%

======================== 切片硬件状态 ========================
切片号 | 所属安全域 | 当前状态    | 路扩展 | LRU touched
------------------------------------------------------------------
  0    |   域3      | 正常运行   |  否   |  306699996
  1    |   域0      | 正常运行   |  是   |  306699982
  2    |   域2      | 正常运行   |  否   |  306699989
  3    |   域0      | 正常运行   |  是   |  306699979
==================================================================

[动态重分配] 周期306700000：预约迁移 冗余域0(0%) -> 切片1 -> 饥饿域2(6%)
[切片剥夺] 周期306700000：切片1（所属域0）进入待剥夺状态，禁止新替换
[切片剥夺] 周期306700000：切片1在途请求已清空，开始执行脏行写回
[切片管理] 周期306701480：原域0仅剩1个切片，关闭路扩展模式
[动态重分配] 周期306701480：切片1写回完成，自动绑定到域2
[切片管理] 成功绑定切片1 → 安全域2，触发【路扩展模式】

======================== 切片硬件状态 ========================
切片号 | 所属安全域 | 当前状态    | 路扩展 | LRU touched
------------------------------------------------------------------
  0    |   域3      | 正常运行   |  否   |  306701478
  1    |   域2      | 正常运行   |  是   |  306701480
  2    |   域2      | 正常运行   |  是   |  306701477
  3    |   域0      | 正常运行   |  否   |  306701475
==================================================================


======================== 切片硬件状态 ========================
切片号 | 所属安全域 | 当前状态    | 路扩展 | LRU touched
------------------------------------------------------------------
  0    |   域3      | 正常运行   |  否   |  314699999
  1    |   域2      | 正常运行   |  是   |  314700000
  2    |   域2      | 正常运行   |  是   |  314699984
  3    |   域0      | 正常运行   |  否   |  314699972
==================================================================

[动态重分配] 周期314700000：预约迁移 冗余域2(0%) -> 切片1 -> 饥饿域0(6%)
[切片剥夺] 周期314700000：切片1（所属域2）进入待剥夺状态，禁止新替换
[切片剥夺] 周期314700000：切片1在途请求已清空，开始执行脏行写回
[切片管理] 周期314701469：原域2仅剩1个切片，关闭路扩展模式
[动态重分配] 周期314701469：切片1写回完成，自动绑定到域0
[切片管理] 成功绑定切片1 → 安全域0，触发【路扩展模式】

======================== 切片硬件状态 ========================
切片号 | 所属安全域 | 当前状态    | 路扩展 | LRU touched
------------------------------------------------------------------
  0    |   域3      | 正常运行   |  否   |  314701467
  1    |   域0      | 正常运行   |  是   |  314701469
  2    |   域2      | 正常运行   |  否   |  314701465
  3    |   域0      | 正常运行   |  是   |  314701452
==================================================================


======================== 切片硬件状态 ========================
切片号 | 所属安全域 | 当前状态    | 路扩展 | LRU touched
------------------------------------------------------------------
  0    |   域3      | 正常运行   |  否   |  351499997
  1    |   域0      | 正常运行   |  是   |  351500000
  2    |   域2      | 正常运行   |  否   |  351500000
  3    |   域0      | 正常运行   |  是   |  351499998
==================================================================

[动态重分配] 周期351500000：预约迁移 冗余域0(3%) -> 切片1 -> 饥饿域2(10%)
[切片剥夺] 周期351500000：切片1（所属域0）进入待剥夺状态，禁止新替换
[切片剥夺] 周期351500000：切片1在途请求已清空，开始执行脏行写回
[切片管理] 周期351501634：原域0仅剩1个切片，关闭路扩展模式
[动态重分配] 周期351501634：切片1写回完成，自动绑定到域2
[切片管理] 成功绑定切片1 → 安全域2，触发【路扩展模式】

======================== 切片硬件状态 ========================
切片号 | 所属安全域 | 当前状态    | 路扩展 | LRU touched
------------------------------------------------------------------
  0    |   域3      | 正常运行   |  否   |  351501633
  1    |   域2      | 正常运行   |  是   |  351501634
  2    |   域2      | 正常运行   |  是   |  351501634
  3    |   域0      | 正常运行   |  否   |  351501632
==================================================================


======================== 切片硬件状态 ========================
切片号 | 所属安全域 | 当前状态    | 路扩展 | LRU touched
------------------------------------------------------------------
  0    |   域3      | 正常运行   |  否   |  352199995
  1    |   域2      | 正常运行   |  是   |  352199993
  2    |   域2      | 正常运行   |  是   |  352199999
  3    |   域0      | 正常运行   |  否   |  352200000
==================================================================

[动态重分配] 周期352200000：预约迁移 冗余域2(0%) -> 切片2 -> 饥饿域0(6%)
[切片剥夺] 周期352200000：切片2（所属域2）进入待剥夺状态，禁止新替换
[切片剥夺] 周期352200000：切片2在途请求已清空，开始执行脏行写回
[切片管理] 周期352200194：原域2仅剩1个切片，关闭路扩展模式
[动态重分配] 周期352200194：切片2写回完成，自动绑定到域0
[切片管理] 成功绑定切片2 → 安全域0，触发【路扩展模式】

======================== 切片硬件状态 ========================
切片号 | 所属安全域 | 当前状态    | 路扩展 | LRU touched
------------------------------------------------------------------
  0    |   域3      | 正常运行   |  否   |  352200188
  1    |   域2      | 正常运行   |  否   |  352200194
  2    |   域0      | 正常运行   |  是   |  352200194
  3    |   域0      | 正常运行   |  是   |  352200193
==================================================================


======================== 切片硬件状态 ========================
切片号 | 所属安全域 | 当前状态    | 路扩展 | LRU touched
------------------------------------------------------------------
  0    |   域3      | 正常运行   |  否   |  355800000
  1    |   域2      | 正常运行   |  否   |  355800000
  2    |   域0      | 正常运行   |  是   |  355799879
  3    |   域0      | 正常运行   |  是   |  355799933
==================================================================

[动态重分配] 周期355800000：预约迁移 冗余域0(0%) -> 切片3 -> 饥饿域2(7%)
[切片剥夺] 周期355800000：切片3（所属域0）进入待剥夺状态，禁止新替换
[切片剥夺] 周期355800036：切片3在途请求已清空，开始执行脏行写回
[切片管理] 周期355803387：原域0仅剩1个切片，关闭路扩展模式
[动态重分配] 周期355803387：切片3写回完成，自动绑定到域2
[切片管理] 成功绑定切片3 → 安全域2，触发【路扩展模式】

======================== 切片硬件状态 ========================
切片号 | 所属安全域 | 当前状态    | 路扩展 | LRU touched
------------------------------------------------------------------
  0    |   域3      | 正常运行   |  否   |  355803387
  1    |   域2      | 正常运行   |  是   |  355803384
  2    |   域0      | 正常运行   |  否   |  355803372
  3    |   域2      | 正常运行   |  是   |  355803387
==================================================================


======================== 切片硬件状态 ========================
切片号 | 所属安全域 | 当前状态    | 路扩展 | LRU touched
------------------------------------------------------------------
  0    |   域3      | 正常运行   |  否   |  361599998
  1    |   域2      | 正常运行   |  是   |  361599997
  2    |   域0      | 正常运行   |  否   |  361599883
  3    |   域2      | 正常运行   |  是   |  361599974
==================================================================

[动态重分配] 周期361600000：预约迁移 冗余域2(0%) -> 切片1 -> 饥饿域0(6%)
[切片剥夺] 周期361600000：切片1（所属域2）进入待剥夺状态，禁止新替换
[切片剥夺] 周期361600000：切片1在途请求已清空，开始执行脏行写回
[切片管理] 周期361600675：原域2仅剩1个切片，关闭路扩展模式
[动态重分配] 周期361600675：切片1写回完成，自动绑定到域0
[切片管理] 成功绑定切片1 → 安全域0，触发【路扩展模式】

======================== 切片硬件状态 ========================
切片号 | 所属安全域 | 当前状态    | 路扩展 | LRU touched
------------------------------------------------------------------
  0    |   域3      | 正常运行   |  否   |  361600659
  1    |   域0      | 正常运行   |  是   |  361600675
  2    |   域0      | 正常运行   |  是   |  361600674
  3    |   域2      | 正常运行   |  否   |  361600667
==================================================================


======================== 切片硬件状态 ========================
切片号 | 所属安全域 | 当前状态    | 路扩展 | LRU touched
------------------------------------------------------------------
  0    |   域3      | 正常运行   |  否   |  369799998
  1    |   域0      | 正常运行   |  是   |  369799992
  2    |   域0      | 正常运行   |  是   |  369799986
  3    |   域2      | 正常运行   |  否   |  369799826
==================================================================

[动态重分配] 周期369800000：预约迁移 冗余域0(1%) -> 切片1 -> 饥饿域2(10%)
[切片剥夺] 周期369800000：切片1（所属域0）进入待剥夺状态，禁止新替换
[切片剥夺] 周期369800000：切片1在途请求已清空，开始执行脏行写回
[切片管理] 周期369801197：原域0仅剩1个切片，关闭路扩展模式
[动态重分配] 周期369801197：切片1写回完成，自动绑定到域2
[切片管理] 成功绑定切片1 → 安全域2，触发【路扩展模式】

======================== 切片硬件状态 ========================
切片号 | 所属安全域 | 当前状态    | 路扩展 | LRU touched
------------------------------------------------------------------
  0    |   域3      | 正常运行   |  否   |  369801196
  1    |   域2      | 正常运行   |  是   |  369801197
  2    |   域0      | 正常运行   |  否   |  369801196
  3    |   域2      | 正常运行   |  是   |  369801190
==================================================================


======================== 切片硬件状态 ========================
切片号 | 所属安全域 | 当前状态    | 路扩展 | LRU touched
------------------------------------------------------------------
  0    |   域3      | 正常运行   |  否   |  370899997
  1    |   域2      | 正常运行   |  是   |  370899991
  2    |   域0      | 正常运行   |  否   |  370900000
  3    |   域2      | 正常运行   |  是   |  370899993
==================================================================

[动态重分配] 周期370900000：预约迁移 冗余域2(1%) -> 切片3 -> 饥饿域0(8%)
[切片剥夺] 周期370900000：切片3（所属域2）进入待剥夺状态，禁止新替换
[切片剥夺] 周期370900000：切片3在途请求已清空，开始执行脏行写回
[切片管理] 周期370904794：原域2仅剩1个切片，关闭路扩展模式
[动态重分配] 周期370904794：切片3写回完成，自动绑定到域0
[切片管理] 成功绑定切片3 → 安全域0，触发【路扩展模式】

======================== 切片硬件状态 ========================
切片号 | 所属安全域 | 当前状态    | 路扩展 | LRU touched
------------------------------------------------------------------
  0    |   域3      | 正常运行   |  否   |  370904792
  1    |   域2      | 正常运行   |  否   |  370904791
  2    |   域0      | 正常运行   |  是   |  370904744
  3    |   域0      | 正常运行   |  是   |  370904794
==================================================================


======================== 切片硬件状态 ========================
切片号 | 所属安全域 | 当前状态    | 路扩展 | LRU touched
------------------------------------------------------------------
  0    |   域3      | 正常运行   |  否   |  378099997
  1    |   域2      | 正常运行   |  否   |  378100000
  2    |   域0      | 正常运行   |  是   |  378099994
  3    |   域0      | 正常运行   |  是   |  378099995
==================================================================

[动态重分配] 周期378100000：预约迁移 冗余域0(0%) -> 切片3 -> 饥饿域2(6%)
[切片剥夺] 周期378100000：切片3（所属域0）进入待剥夺状态，禁止新替换
[切片剥夺] 周期378100000：切片3在途请求已清空，开始执行脏行写回
[切片管理] 周期378100995：原域0仅剩1个切片，关闭路扩展模式
[动态重分配] 周期378100995：切片3写回完成，自动绑定到域2
[切片管理] 成功绑定切片3 → 安全域2，触发【路扩展模式】

======================== 切片硬件状态 ========================
切片号 | 所属安全域 | 当前状态    | 路扩展 | LRU touched
------------------------------------------------------------------
  0    |   域3      | 正常运行   |  否   |  378100985
  1    |   域2      | 正常运行   |  是   |  378100968
  2    |   域0      | 正常运行   |  否   |  378100982
  3    |   域2      | 正常运行   |  是   |  378100995
==================================================================


======================== 切片硬件状态 ========================
切片号 | 所属安全域 | 当前状态    | 路扩展 | LRU touched
------------------------------------------------------------------
  0    |   域3      | 正常运行   |  否   |  383999999
  1    |   域2      | 正常运行   |  是   |  383999997
  2    |   域0      | 正常运行   |  否   |  383999993
  3    |   域2      | 正常运行   |  是   |  383999992
==================================================================

[动态重分配] 周期384000000：预约迁移 冗余域2(0%) -> 切片1 -> 饥饿域0(7%)
[切片剥夺] 周期384000000：切片1（所属域2）进入待剥夺状态，禁止新替换
[切片剥夺] 周期384000000：切片1在途请求已清空，开始执行脏行写回
[切片管理] 周期384000275：原域2仅剩1个切片，关闭路扩展模式
[动态重分配] 周期384000275：切片1写回完成，自动绑定到域0
[切片管理] 成功绑定切片1 → 安全域0，触发【路扩展模式】

======================== 切片硬件状态 ========================
切片号 | 所属安全域 | 当前状态    | 路扩展 | LRU touched
------------------------------------------------------------------
  0    |   域3      | 正常运行   |  否   |  384000275
  1    |   域0      | 正常运行   |  是   |  384000275
  2    |   域0      | 正常运行   |  是   |  384000275
  3    |   域2      | 正常运行   |  否   |  384000273
==================================================================


======================== 切片硬件状态 ========================
切片号 | 所属安全域 | 当前状态    | 路扩展 | LRU touched
------------------------------------------------------------------
  0    |   域3      | 正常运行   |  否   |  386399914
  1    |   域0      | 正常运行   |  是   |  386399781
  2    |   域0      | 正常运行   |  是   |  386399857
  3    |   域2      | 正常运行   |  否   |  386399914
==================================================================

[动态重分配] 周期386400000：预约迁移 冗余域0(0%) -> 切片1 -> 饥饿域2(6%)
[切片剥夺] 周期386400000：切片1（所属域0）进入待剥夺状态，禁止新替换
[切片剥夺] 周期386400000：切片1在途请求已清空，开始执行脏行写回
[切片管理] 周期386402606：原域0仅剩1个切片，关闭路扩展模式
[动态重分配] 周期386402606：切片1写回完成，自动绑定到域2
[切片管理] 成功绑定切片1 → 安全域2，触发【路扩展模式】

======================== 切片硬件状态 ========================
切片号 | 所属安全域 | 当前状态    | 路扩展 | LRU touched
------------------------------------------------------------------
  0    |   域3      | 正常运行   |  否   |  386402599
  1    |   域2      | 正常运行   |  是   |  386402606
  2    |   域0      | 正常运行   |  否   |  386402606
  3    |   域2      | 正常运行   |  是   |  386402368
==================================================================


======================== 切片硬件状态 ========================
切片号 | 所属安全域 | 当前状态    | 路扩展 | LRU touched
------------------------------------------------------------------
  0    |   域3      | 正常运行   |  否   |  387200000
  1    |   域2      | 正常运行   |  是   |  387199985
  2    |   域0      | 正常运行   |  否   |  387199986
  3    |   域2      | 正常运行   |  是   |  387199996
==================================================================

[动态重分配] 周期387200000：预约迁移 冗余域2(0%) -> 切片3 -> 饥饿域0(8%)
[切片剥夺] 周期387200000：切片3（所属域2）进入待剥夺状态，禁止新替换
[切片剥夺] 周期387200000：切片3在途请求已清空，开始执行脏行写回
[切片管理] 周期387206716：原域2仅剩1个切片，关闭路扩展模式
[动态重分配] 周期387206716：切片3写回完成，自动绑定到域0
[切片管理] 成功绑定切片3 → 安全域0，触发【路扩展模式】

======================== 切片硬件状态 ========================
切片号 | 所属安全域 | 当前状态    | 路扩展 | LRU touched
------------------------------------------------------------------
  0    |   域3      | 正常运行   |  否   |  387206714
  1    |   域2      | 正常运行   |  否   |  387206715
  2    |   域0      | 正常运行   |  是   |  387206583
  3    |   域0      | 正常运行   |  是   |  387206716
==================================================================


======================== 切片硬件状态 ========================
切片号 | 所属安全域 | 当前状态    | 路扩展 | LRU touched
------------------------------------------------------------------
  0    |   域3      | 正常运行   |  否   |  390199989
  1    |   域2      | 正常运行   |  否   |  390199989
  2    |   域0      | 正常运行   |  是   |  390199989
  3    |   域0      | 正常运行   |  是   |  390199989
==================================================================

[动态重分配] 周期390200000：预约迁移 冗余域0(2%) -> 切片2 -> 饥饿域2(11%)
[切片剥夺] 周期390200000：切片2（所属域0）进入待剥夺状态，禁止新替换
[切片剥夺] 周期390200000：切片2在途请求已清空，开始执行脏行写回
[切片管理] 周期390201344：原域0仅剩1个切片，关闭路扩展模式
[动态重分配] 周期390201344：切片2写回完成，自动绑定到域2
[切片管理] 成功绑定切片2 → 安全域2，触发【路扩展模式】

======================== 切片硬件状态 ========================
切片号 | 所属安全域 | 当前状态    | 路扩展 | LRU touched
------------------------------------------------------------------
  0    |   域3      | 正常运行   |  否   |  390201341
  1    |   域2      | 正常运行   |  是   |  390201343
  2    |   域2      | 正常运行   |  是   |  390201344
  3    |   域0      | 正常运行   |  否   |  390201343
==================================================================


======================== 切片硬件状态 ========================
切片号 | 所属安全域 | 当前状态    | 路扩展 | LRU touched
------------------------------------------------------------------
  0    |   域3      | 正常运行   |  否   |  394399991
  1    |   域2      | 正常运行   |  是   |  394400000
  2    |   域2      | 正常运行   |  是   |  394399996
  3    |   域0      | 正常运行   |  否   |  394399997
==================================================================

[动态重分配] 周期394400000：预约迁移 冗余域2(0%) -> 切片1 -> 饥饿域0(6%)
[切片剥夺] 周期394400000：切片1（所属域2）进入待剥夺状态，禁止新替换
[切片剥夺] 周期394400000：切片1在途请求已清空，开始执行脏行写回
[切片管理] 周期394400138：原域2仅剩1个切片，关闭路扩展模式
[动态重分配] 周期394400138：切片1写回完成，自动绑定到域0
[切片管理] 成功绑定切片1 → 安全域0，触发【路扩展模式】

======================== 切片硬件状态 ========================
切片号 | 所属安全域 | 当前状态    | 路扩展 | LRU touched
------------------------------------------------------------------
  0    |   域3      | 正常运行   |  否   |  394400066
  1    |   域0      | 正常运行   |  是   |  394400138
  2    |   域2      | 正常运行   |  否   |  394400027
  3    |   域0      | 正常运行   |  是   |  394400009
==================================================================


======================== 切片硬件状态 ========================
切片号 | 所属安全域 | 当前状态    | 路扩展 | LRU touched
------------------------------------------------------------------
  0    |   域3      | 正常运行   |  否   |  396199998
  1    |   域0      | 正常运行   |  是   |  396199999
  2    |   域2      | 正常运行   |  否   |  396199998
  3    |   域0      | 正常运行   |  是   |  396199988
==================================================================

[动态重分配] 周期396200000：预约迁移 冗余域0(0%) -> 切片1 -> 饥饿域2(8%)
[切片剥夺] 周期396200000：切片1（所属域0）进入待剥夺状态，禁止新替换
[切片剥夺] 周期396200000：切片1在途请求已清空，开始执行脏行写回
[切片管理] 周期396200818：原域0仅剩1个切片，关闭路扩展模式
[动态重分配] 周期396200818：切片1写回完成，自动绑定到域2
[切片管理] 成功绑定切片1 → 安全域2，触发【路扩展模式】

======================== 切片硬件状态 ========================
切片号 | 所属安全域 | 当前状态    | 路扩展 | LRU touched
------------------------------------------------------------------
  0    |   域3      | 正常运行   |  否   |  396200816
  1    |   域2      | 正常运行   |  是   |  396200818
  2    |   域2      | 正常运行   |  是   |  396200816
  3    |   域0      | 正常运行   |  否   |  396200817
==================================================================


======================== 切片硬件状态 ========================
切片号 | 所属安全域 | 当前状态    | 路扩展 | LRU touched
------------------------------------------------------------------
  0    |   域3      | 正常运行   |  否   |  396599994
  1    |   域2      | 正常运行   |  是   |  396600000
  2    |   域2      | 正常运行   |  是   |  396599998
  3    |   域0      | 正常运行   |  否   |  396599997
==================================================================

[动态重分配] 周期396600000：预约迁移 冗余域2(1%) -> 切片2 -> 饥饿域0(7%)
[切片剥夺] 周期396600000：切片2（所属域2）进入待剥夺状态，禁止新替换
[切片剥夺] 周期396600000：切片2在途请求已清空，开始执行脏行写回
[切片管理] 周期396600189：原域2仅剩1个切片，关闭路扩展模式
[动态重分配] 周期396600189：切片2写回完成，自动绑定到域0
[切片管理] 成功绑定切片2 → 安全域0，触发【路扩展模式】

======================== 切片硬件状态 ========================
切片号 | 所属安全域 | 当前状态    | 路扩展 | LRU touched
------------------------------------------------------------------
  0    |   域3      | 正常运行   |  否   |  396600037
  1   sim_aux_config sim_reg_stats  |   域2      | 正常运行   |  否   |  396600188
  2    |   域0      | 正常运行   |  是   |  396600189
  3    |   域0      | 正常运行   |  是   |  396600183
==================================================================


======================== 切片硬件状态 ========================
切片号 | 所属安全域 | 当前状态    | 路扩展 | LRU touched
------------------------------------------------------------------
  0    |   域3      | 正常运行   |  否   |  400499999
  1    |   域2      | 正常运行   |  否   |  400499901
  2    |   域0      | 正常运行   |  是   |  400499990
  3    |   域0      | 正常运行   |  是   |  400499990
==================================================================

[动态重分配] 周期400500000：预约迁移 冗余域0(0%) -> 切片2 -> 饥饿域3(6%)
[切片剥夺] 周期400500000：切片2（所属域0）进入待剥夺状态，禁止新替换
[切片剥夺] 周期400500000：切片2在途请求已清空，开始执行脏行写回
[切片管理] 周期400502416：原域0仅剩1个切片，关闭路扩展模式
[动态重分配] 周期400502416：切片2写回完成，自动绑定到域3
[切片管理] 成功绑定切片2 → 安全域3，触发【路扩展模式】

======================== 切片硬件状态 ========================
切片号 | 所属安全域 | 当前状态    | 路扩展 | LRU touched
------------------------------------------------------------------
  0    |   域3      | 正常运行   |  是   |  400502415
  1    |   域2      | 正常运行   |  否   |  400502113
  2    |   域3      | 正常运行   |  是   |  400502416
  3    |   域0      | 正常运行   |  否   |  400502415
==================================================================


**** Debug Statistics at 401000000 Cycles *****
Threads: 4		Fetch Width: 8
No of useful instructions fetched:	968577985 (30.19% proc util.)
No of total instructions fetched:	1495789781 (46.63% proc util.)
 includes 85649896 misfetch (5.7%), 441561900 (29.5%) wrong-path fetches
 and 0 flushed after failed lock(0.0%)
No of useful instructions issued/executed:	968577978 (30.19% proc util.)
No of total instructions issued/executed:	1183754801 (36.90% proc util.)
 includes 215176823 wrong-path (18.2%) insts and 0 flushed (0.0%)
	fp 30506, 0.00%
	synch 0, 0.00%
	integer 791914560, 66.90%
	load/store 391809735, 33.10%
Avg size of int IQ (before scheduling): 24.22
Avg size of fp IQ (before scheduling): 0.00
No of cycles taken:		401000000
Parallelism [ 0.640, 0.000, 0.635, 1.140,] = 2.415
 IQ conflicts: 5782108 (1.44%), FQ conflicts: 0 (0.00%) 
 I reg conflicts: 157990043 (39.40%), FP reg conflicts: 0 (0.00%)
  Activelist confs: 2626 (0.00%), ROB confs: 561404 (0.14%)
  Int unit conflicts: 334830145 (83.50%), FP unit conflicts: 13 (0.00%)
  Load/store unit conflicts: 65435047 (16.32%)
  MSHR conflicts: 188116169 (46.91%)
----------------------------------------
==== System-wide Cache Statistics ====
Stall for miss queue full 9619 cycles (0.00%)
----------------------------------------
==== Statistics for Master ID: 0 ====
Reads: 217992897   Writes: 37626400
ICACHE: size: 64 KB assoc: 2
ICACHE: hits:125052944 misses:4166366  Hit Ratio: 96.78%
DCACHE: size: 1*16 KB assoc: 1*4
DCACHE: hits:123622804 misses:2779410 writebacks:1060487  Hit Ratio: 97.80%
SCACHE: size: 512 KB assoc: 2
SCACHE: hits:4896061 misses:2047488  Hit Ratio: 70.51%
3CACHE: size: 4096 KB assoc: 2
3CACHE: hits:1777296 misses:270192  Hit Ratio: 86.80%
3CACHE: dirty items replaced:69034
ITLB: size: 48, misses 272786, miss rate 0.21%
DTLB: size: 128, misses 455890, miss rate 0.36%
Avg mem delay: 2.701 cycles
----------------------------------------
==== Statistics for Master ID: 2 ====
Reads: 219978688   Writes: 34436288
ICACHE: size: 64 KB assoc: 2
ICACHE: hits:125354587 misses:4308512  Hit Ratio: 96.68%
DCACHE: size: 1*16 KB assoc: 1*4
DCACHE: hits:121625618 misses:3130509 writebacks:758944  Hit Ratio: 97.49%
SCACHE: size: 512 KB assoc: 2
SCACHE: hits:5497972 misses:1936799  Hit Ratio: 73.95%
3CACHE: size: 4096 KB assoc: 2
3CACHE: hits:1688255 misses:248544  Hit Ratio: 87.17%
3CACHE: dirty items replaced:52604
ITLB: size: 48, misses 283905, miss rate 0.22%
DTLB: size: 128, misses 477452, miss rate 0.38%
Avg mem delay: 2.701 cycles
----------------------------------------
==== Statistics for Master ID: 3 ====
Reads: 266420688   Writes: 39794289
ICACHE: size: 64 KB assoc: 2
ICACHE: hits:166542445 misses:89774  Hit Ratio: 99.95%
DCACHE: size: 2*16 KB assoc: 2*4
DCACHE: hits:134431033 misses:5159881 writebacks:2361600  Hit Ratio: 96.30%
SCACHE: size: 512 KB assoc: 2
SCACHE: hits:2491597 misses:2749900  Hit Ratio: 47.54%
3CACHE: size: 4096 KB assoc: 2
3CACHE: hits:552051 misses:2197849  Hit Ratio: 20.08%
3CACHE: dirty items replaced:114736
ITLB: size: 48, misses 1554, miss rate 0.00%
DTLB: size: 128, misses 300180, miss rate 0.22%
Avg mem delay: 2.701 cycles
----------------------------------------
==== Global Resource Utilization ====
STASH: size: 65536 entries, full 1704599485, empty 61917842, misses 5613235, full rate 96.19
icache bank util. 0.133 0.114 0.106 0.123 0.158 0.201 0.143 0.146 
dcache bank util. 0.122 0.133 0.135 0.126 0.160 0.127 0.161 0.123 
L2 bank util. 0.041 0.044 0.042 0.044 0.042 0.039 0.042 0.047 
L1-L2 bus util. = 0.178, L3 util. = 0.068
----------------------------------------

======================== 切片硬件状态 ========================
切片号 | 所属安全域 | 当前状态    | 路扩展 | LRU touched
------------------------------------------------------------------
  0    |   域3      | 正常运行   |  是   |  400999958
  1    |   域2      | 正常运行   |  否   |  400999870
  2    |   域3      | 正常运行   |  是   |  400999958
  3    |   域0      | 正常运行   |  否   |  400999954
==================================================================

branch prediction, hits = 86605711, misses = 18559697, hit rate = 82.35%
return_stack prediction, hits = 9520289, misses = 4133, hit rate = 99.96%
jump prediction, hits = 81596793, misses = 22088438, hit rate = 78.70%

======================== 切片硬件状态 ========================
切片号 | 所属安全域 | 当前状态    | 路扩展 | LRU touched
------------------------------------------------------------------
  0    |   域3      | 正常运行   |  是   |  408799997
  1    |   域2      | 正常运行   |  否   |  408799900
  2    |   域3      | 正常运行   |  是   |  408799996
  3    |   域0      | 正常运行   |  否   |  408799959
==================================================================

[动态重分配] 周期408800000：预约迁移 冗余域3(0%) -> 切片0 -> 饥饿域2(7%)
[切片剥夺] 周期408800000：切片0（所属域3）进入待剥夺状态，禁止新替换
[切片剥夺] 周期408800000：切片0在途请求已清空，开始执行脏行写回
[切片管理] 周期408800269：原域3仅剩1个切片，关闭路扩展模式
[动态重分配] 周期408800269：切片0写回完成，自动绑定到域2
[切片管理] 成功绑定切片0 → 安全域2，触发【路扩展模式】

======================== 切片硬件状态 ========================
切片号 | 所属安全域 | 当前状态    | 路扩展 | LRU touched
------------------------------------------------------------------
  0    |   域2      | 正常运行   |  是   |  408800269
  1    |   域2      | 正常运行   |  是   |  408800066
  2    |   域3      | 正常运行   |  否   |  408800044
  3    |   域0      | 正常运行   |  否   |  408799959
==================================================================


======================== 切片硬件状态 ========================
切片号 | 所属安全域 | 当前状态    | 路扩展 | LRU touched
------------------------------------------------------------------
  0    |   域2      | 正常运行   |  是   |  413199971
  1    |   域2      | 正常运行   |  是   |  413199982
  2    |   域3      | 正常运行   |  否   |  413200000
  3    |   域0      | 正常运行   |  否   |  413199944
==================================================================

[动态重分配] 周期413200000：预约迁移 冗余域2(0%) -> 切片0 -> 饥饿域0(6%)
[切片剥夺] 周期413200000：切片0（所属域2）进入待剥夺状态，禁止新替换
[切片剥夺] 周期413200000：切片0在途请求已清空，开始执行脏行写回
[切片管理] 周期413204547：原域2仅剩1个切片，关闭路扩展模式
[动态重分配] 周期413204547：切片0写回完成，自动绑定到域0
[切片管理] 成功绑定切片0 → 安全域0，触发【路扩展模式】

======================== 切片硬件状态 ========================
切片号 | 所属安全域 | 当前状态    | 路扩展 | LRU touched
------------------------------------------------------------------
  0    |   域0      | 正常运行   |  是   |  413204547
  1    |   域2      | 正常运行   |  否   |  413204539
  2    |   域3      | 正常运行   |  否   |  413204543
  3    |   域0      | 正常运行   |  是   |  413204371
==================================================================


======================== 切片硬件状态 ========================
切片号 | 所属安全域 | 当前状态    | 路扩展 | LRU touched
------------------------------------------------------------------
  0    |   域0      | 正常运行   |  是   |  416499999
  1    |   域2      | 正常运行   |  否   |  416499995
  2    |   域3      | 正常运行   |  否   |  416500000
  3    |   域0      | 正常运行   |  是   |  416500000
==================================================================

[动态重分配] 周期416500000：预约迁移 冗余域0(1%) -> 切片0 -> 饥饿域2(8%)
[切片剥夺] 周期416500000：切片0（所属域0）进入待剥夺状态，禁止新替换
[切片剥夺] 周期416500200：切片0在途请求已清空，开始执行脏行写回
[切片管理] 周期416500267：原域0仅剩1个切片，关闭路扩展模式
[动态重分配] 周期416500267：切片0写回完成，自动绑定到域2
[切片管理] 成功绑定切片0 → 安全域2，触发【路扩展模式】

======================== 切片硬件状态 ========================
切片号 | 所属安全域 | 当前状态    | 路扩展 | LRU touched
------------------------------------------------------------------
  0    |   域2      | 正常运行   |  是   |  416500267
  1    |   域2      | 正常运行   |  是   |  416500210
  2    |   域3      | 正常运行   |  否   |  416500241
  3    |   域0      | 正常运行   |  否   |  416500245
==================================================================


======================== 切片硬件状态 ========================
切片号 | 所属安全域 | 当前状态    | 路扩展 | LRU touched
------------------------------------------------------------------
  0    |   域2      | 正常运行   |  是   |  418999996
  1    |   域2      | 正常运行   |  是   |  419000000
  2    |   域3      | 正常运行   |  否   |  418999984
  3    |   域0      | 正常运行   |  否   |  418999968
==================================================================

[动态重分配] 周期419000000：预约迁移 冗余域2(10%) -> 切片1 -> 饥饿域0(20%)
[切片剥夺] 周期419000000：切片1（所属域2）进入待剥夺状态，禁止新替换
[切片剥夺] 周期419000000：切片1在途请求已清空，开始执行脏行写回
[切片管理] 周期419000050：原域2仅剩1个切片，关闭路扩展模式
[动态重分配] 周期419000050：切片1写回完成，自动绑定到域0
[切片管理] 成功绑定切片1 → 安全域0，触发【路扩展模式】

======================== 切片硬件状态 ========================
切片号 | 所属安全域 | 当前状态    | 路扩展 | LRU touched
------------------------------------------------------------------
  0    |   域2      | 正常运行   |  否   |  419000048
  1    |   域0      | 正常运行   |  是   |  419000050
  2    |   域3      | 正常运行   |  否   |  419000002
  3    |   域0      | 正常运行   |  是   |  419000019
==================================================================


======================== 切片硬件状态 ========================
切片号 | 所属安全域 | 当前状态    | 路扩展 | LRU touched
------------------------------------------------------------------
  0    |   域2      | 正常运行   |  否   |  419699994
  1    |   域0      | 正常运行   |  是   |  419699978
  2    |   域3      | 正常运行   |  否   |  419699999
  3    |   域0      | 正常运行   |  是   |  419699989
==================================================================

[动态重分配] 周期419700000：预约迁移 冗余域0(1%) -> 切片3 -> 饥饿域2(7%)
[切片剥夺] 周期419700000：切片3（所属域0）进入待剥夺状态，禁止新替换
[切片剥夺] 周期419700000：切片3在途请求已清空，开始执行脏行写回
[切片管理] 周期419700179：原域0仅剩1个切片，关闭路扩展模式
[动态重分配] 周期419700179：切片3写回完成，自动绑定到域2
[切片管理] 成功绑定切片3 → 安全域2，触发【路扩展模式】

======================== 切片硬件状态 ========================
切片号 | 所属安全域 | 当前状态    | 路扩展 | LRU touched
------------------------------------------------------------------
  0    |   域2      | 正常运行   |  是   |  419700147
  1    |   域0      | 正常运行   |  否   |  419700111
  2    |   域3      | 正常运行   |  否   |  419700140
  3    |   域2      | 正常运行   |  是   |  419700179
==================================================================


======================== 切片硬件状态 ========================
切片号 | 所属安全域 | 当前状态    | 路扩展 | LRU touched
------------------------------------------------------------------
  0    |   域2      | 正常运行   |  是   |  420600000
  1    |   域0      | 正常运行   |  否   |  420599999
  2    |   域3      | 正常运行   |  否   |  420599995
  3    |   域2      | 正常运行   |  是   |  420599976
==================================================================

[动态重分配] 周期420600000：预约迁移 冗余域2(0%) -> 切片3 -> 饥饿域0(26%)
[切片剥夺] 周期420600000：切片3（所属域2）进入待剥夺状态，禁止新替换
[切片剥夺] 周期420600000：切片3在途请求已清空，开始执行脏行写回
[切片管理] 周期420603044：原域2仅剩1个切片，关闭路扩展模式
[动态重分配] 周期420603044：切片3写回完成，自动绑定到域0
[切片管理] 成功绑定切片3 → 安全域0，触发【路扩展模式】

======================== 切片硬件状态 ========================
切片号 | 所属安全域 | 当前状态    | 路扩展 | LRU touched
------------------------------------------------------------------
  0    |   域2      | 正常运行   |  否   |  420603036
  1    |   域0      | 正常运行   |  是   |  420603041
  2    |   域3      | 正常运行   |  否   |  420603044
  3    |   域0      | 正常运行   |  是   |  420603044
==================================================================


======================== 切片硬件状态 ========================
切片号 | 所属安全域 | 当前状态    | 路扩展 | LRU touched
------------------------------------------------------------------
  0    |   域2      | 正常运行   |  否   |  432300000
  1    |   域0      | 正常运行   |  是   |  432299988
  2    |   域3      | 正常运行   |  否   |  432299997
  3    |   域0      | 正常运行   |  是   |  432299996
==================================================================

[动态重分配] 周期432300000：预约迁移 冗余域0(0%) -> 切片1 -> 饥饿域3(6%)
[切片剥夺] 周期432300000：切片1（所属域0）进入待剥夺状态，禁止新替换
[切片剥夺] 周期432300000：切片1在途请求已清空，开始执行脏行写回
[切片管理] 周期432306353：原域0仅剩1个切片，关闭路扩展模式
[动态重分配] 周期432306353：切片1写回完成，自动绑定到域3
[切片管理] 成功绑定切片1 → 安全域3，触发【路扩展模式】

======================== 切片硬件状态 ========================
切片号 | 所属安全域 | 当前状态    | 路扩展 | LRU touched
------------------------------------------------------------------
  0    |   域2      | 正常运行   |  否   |  432306352
  1    |   域3      | 正常运行   |  是   |  432306353
  2    |   域3      | 正常运行   |  是   |  432306345
  3    |   域0      | 正常运行   |  否   |  432306353
==================================================================


======================== 切片硬件状态 ========================
切片号 | 所属安全域 | 当前状态    | 路扩展 | LRU touched
------------------------------------------------------------------
  0    |   域2      | 正常运行   |  否   |  432399805
  1    |   域3      | 正常运行   |  是   |  432400000
  2    |   域3      | 正常运行   |  是   |  432399995
  3    |   域0      | 正常运行   |  否   |  432400000
==================================================================

[动态重分配] 周期432400000：预约迁移 冗余域3(0%) -> 切片2 -> 饥饿域0(10%)
[切片剥夺] 周期432400000：切片2（所属域3）进入待剥夺状态，禁止新替换
[切片剥夺] 周期432400000：切片2在途请求已清空，开始执行脏行写回
[切片管理] 周期432400297：原域3仅剩1个切片，关闭路扩展模式
[动态重分配] 周期432400297：切片2写回完成，自动绑定到域0
[切片管理] 成功绑定切片2 → 安全域0，触发【路扩展模式】

======================== 切片硬件状态 ========================
切片号 | 所属安全域 | 当前状态    | 路扩展 | LRU touched
------------------------------------------------------------------
  0    |   域2      | 正常运行   |  否   |  432399805
  1    |   域3      | 正常运行   |  否   |  432400296
  2    |   域0      | 正常运行   |  是   |  432400297
  3    |   域0      | 正常运行   |  是   |  432400297
==================================================================


======================== 切片硬件状态 ========================
切片号 | 所属安全域 | 当前状态    | 路扩展 | LRU touched
------------------------------------------------------------------
  0    |   域2      | 正常运行   |  否   |  434999998
  1    |   域3      | 正常运行   |  否   |  434999999
  2    |   域0      | 正常运行   |  是   |  434999999
  3    |   域0      | 正常运行   |  是   |  434999999
==================================================================

[动态重分配] 周期435000000：预约迁移 冗余域0(2%) -> 切片2 -> 饥饿域2(8%)
[切片剥夺] 周期435000000：切片2（所属域0）进入待剥夺状态，禁止新替换
[切片剥夺] 周期435000064：切片2在途请求已清空，开始执行脏行写回
[切片管理] 周期435000097：原域0仅剩1个切片，关闭路扩展模式
[动态重分配] 周期435000097：切片2写回完成，自动绑定到域2
[切片管理] 成功绑定切片2 → 安全域2，触发【路扩展模式】

======================== 切片硬件状态 ========================
切片号 | 所属安全域 | 当前状态    | 路扩展 | LRU touched
------------------------------------------------------------------
  0    |   域2      | 正常运行   |  是   |  435000092
  1    |   域3      | 正常运行   |  否   |  435000097
  2    |   域2      | 正常运行   |  是   |  435000097
  3    |   域0      | 正常运行   |  否   |  435000097
==================================================================


======================== 切片硬件状态 ========================
切片号 | 所属安全域 | 当前状态    | 路扩展 | LRU touched
------------------------------------------------------------------
  0    |   域2      | 正常运行   |  是   |  436100000
  1    |   域3      | 正常运行   |  否   |  436100000
  2    |   域2      | 正常运行   |  是   |  436099997
  3    |   域0      | 正常运行   |  否   |  436099999
==================================================================

[动态重分配] 周期436100000：预约迁移 冗余域2(3%) -> 切片0 -> 饥饿域0(15%)
[切片剥夺] 周期436100000：切片0（所属域2）进入待剥夺状态，禁止新替换
[切片剥夺] 周期436100000：切片0在途请求已清空，开始执行脏行写回
[切片管理] 周期436100053：原域2仅剩1个切片，关闭路扩展模式
[动态重分配] 周期436100053：切片0写回完成，自动绑定到域0
[切片管理] 成功绑定切片0 → 安全域0，触发【路扩展模式】

======================== 切片硬件状态 ========================
切片号 | 所属安全域 | 当前状态    | 路扩展 | LRU touched
------------------------------------------------------------------
  0    |   域0      | 正常运行   |  是   |  436100053
  1    |   域3      | 正常运行   |  否   |  436100053
  2    |   域2      | 正常运行   |  否   |  436100053
  3    |   域0      | 正常运行   |  是   |  436100036
==================================================================


======================== 切片硬件状态 ========================
切片号 | 所属安全域 | 当前状态    | 路扩展 | LRU touched
------------------------------------------------------------------
  0    |   域0      | 正常运行   |  是   |  437699913
  1    |   域3      | 正常运行   |  否   |  437699912
  2    |   域2      | 正常运行   |  否   |  437699942
  3    |   域0      | 正常运行   |  是   |  437699928
==================================================================

[动态重分配] 周期437700000：预约迁移 冗余域0(1%) -> 切片0 -> 饥饿域2(8%)
[切片剥夺] 周期437700000：切片0（所属域0）进入待剥夺状态，禁止新替换
[切片剥夺] 周期437700000：切片0在途请求已清空，开始执行脏行写回
[切片管理] 周期437700031：原域0仅剩1个切片，关闭路扩展 sim_init sim_aux_stats sim_uninit ruu_init ruu_dumpent ruu_dump lsq_init lsq_dump rslink_init模式
[动态重分配] 周期437700031：切片0写回完成，自动绑定到域2
[切片管理] 成功绑定切片0 → 安全域2，触发【路扩展模式】

======================== 切片硬件状态 ========================
切片号 | 所属安全域 | 当前状态    | 路扩展 | LRU touched
------------------------------------------------------------------
  0    |   域2      | 正常运行   |  是   |  437700031
  1    |   域3      | 正常运行   |  否   |  437700031
  2    |   域2      | 正常运行   |  是   |  437700027
  3    |   域0      | 正常运行   |  否   |  437700026
==================================================================


======================== 切片硬件状态 ========================
切片号 | 所属安全域 | 当前状态    | 路扩展 | LRU touched
------------------------------------------------------------------
  0    |   域2      | 正常运行   |  是   |  438799989
  1    |   域3      | 正常运行   |  否   |  438799995
  2    |   域2      | 正常运行   |  是   |  438799975
  3    |   域0      | 正常运行   |  否   |  438799997
==================================================================

[动态重分配] 周期438800000：预约迁移 冗余域2(2%) -> 切片0 -> 饥饿域0(9%)
[切片剥夺] 周期438800000：切片0（所属域2）进入待剥夺状态，禁止新替换
[切片剥夺] 周期438800000：切片0在途请求已清空，开始执行脏行写回
[切片管理] 周期438800276：原域2仅剩1个切片，关闭路扩展模式
[动态重分配] 周期438800276：切片0写回完成，自动绑定到域0
[切片管理] 成功绑定切片0 → 安全域0，触发【路扩展模式】

======================== 切片硬件状态 ========================
切片号 | 所属安全域 | 当前状态    | 路扩展 | LRU touched
------------------------------------------------------------------
  0    |   域0      | 正常运行   |  是   |  438800276
  1    |   域3      | 正常运行   |  否   |  438800078
  2    |   域2      | 正常运行   |  否   |  438799975
  3    |   域0      | 正常运行   |  是   |  438800077
==================================================================


======================== 切片硬件状态 ========================
切片号 | 所属安全域 | 当前状态    | 路扩展 | LRU touched
------------------------------------------------------------------
  0    |   域0      | 正常运行   |  是   |  466199964
  1    |   域3      | 正常运行   |  否   |  466199998
  2    |   域2      | 正常运行   |  否   |  466199974
  3    |   域0      | 正常运行   |  是   |  466199998
==================================================================

[动态重分配] 周期466200000：预约迁移 冗余域0(4%) -> 切片3 -> 饥饿域2(42%)
[切片剥夺] 周期466200000：切片3（所属域0）进入待剥夺状态，禁止新替换
[切片剥夺] 周期466200008：切片3在途请求已清空，开始执行脏行写回
[切片管理] 周期466201986：原域0仅剩1个切片，关闭路扩展模式
[动态重分配] 周期466201986：切片3写回完成，自动绑定到域2
[切片管理] 成功绑定切片3 → 安全域2，触发【路扩展模式】

======================== 切片硬件状态 ========================
切片号 | 所属安全域 | 当前状态    | 路扩展 | LRU touched
------------------------------------------------------------------
  0    |   域0      | 正常运行   |  否   |  466201985
  1    |   域3      | 正常运行   |  否   |  466201986
  2    |   域2      | 正常运行   |  是   |  466201962
  3    |   域2      | 正常运行   |  是   |  466201986
==================================================================


======================== 切片硬件状态 ========================
切片号 | 所属安全域 | 当前状态    | 路扩展 | LRU touched
------------------------------------------------------------------
  0    |   域0      | 正常运行   |  否   |  470499999
  1    |   域3      | 正常运行   |  否   |  470499998
  2    |   域2      | 正常运行   |  是   |  470499985
  3    |   域2      | 正常运行   |  是   |  470499997
==================================================================

[动态重分配] 周期470500000：预约迁移 冗余域2(0%) -> 切片2 -> 饥饿域0(6%)
[切片剥夺] 周期470500000：切片2（所属域2）进入待剥夺状态，禁止新替换
[切片剥夺] 周期470500028：切片2在途请求已清空，开始执行脏行写回
[切片管理] 周期470503418：原域2仅剩1个切片，关闭路扩展模式
[动态重分配] 周期470503418：切片2写回完成，自动绑定到域0
[切片管理] 成功绑定切片2 → 安全域0，触发【路扩展模式】

======================== 切片硬件状态 ========================
切片号 | 所属安全域 | 当前状态    | 路扩展 | LRU touched
------------------------------------------------------------------
  0    |   域0      | 正常运行   |  是   |  470503417
  1    |   域3      | 正常运行   |  否   |  470503416
  2    |   域0      | 正常运行   |  是   |  470503418
  3    |   域2      | 正常运行   |  否   |  470503405
==================================================================


======================== 切片硬件状态 ========================
切片号 | 所属安全域 | 当前状态    | 路扩展 | LRU touched
------------------------------------------------------------------
  0    |   域0      | 正常运行   |  是   |  471599995
  1    |   域3      | 正常运行   |  否   |  471599996
  2    |   域0      | 正常运行   |  是   |  471599991
  3    |   域2      | 正常运行   |  否   |  471599893
==================================================================

[动态重分配] 周期471600000：预约迁移 冗余域0(0%) -> 切片0 -> 饥饿域3(6%)
[切片剥夺] 周期471600000：切片0（所属域0）进入待剥夺状态，禁止新替换
[切片剥夺] 周期471600000：切片0在途请求已清空，开始执行脏行写回
[切片管理] 周期471601265：原域0仅剩1个切片，关闭路扩展模式
[动态重分配] 周期471601265：切片0写回完成，自动绑定到域3
[切片管理] 成功绑定切片0 → 安全域3，触发【路扩展模式】

======================== 切片硬件状态 ========================
切片号 | 所属安全域 | 当前状态    | 路扩展 | LRU touched
------------------------------------------------------------------
  0    |   域3      | 正常运行   |  是   |  471601265
  1    |   域3      | 正常运行   |  是   |  471601264
  2    |   域0      | 正常运行   |  否   |  471601263
  3    |   域2      | 正常运行   |  否   |  471601265
==================================================================


======================== 切片硬件状态 ========================
切片号 | 所属安全域 | 当前状态    | 路扩展 | LRU touched
------------------------------------------------------------------
  0    |   域3      | 正常运行   |  是   |  476499984
  1    |   域3      | 正常运行   |  是   |  476499980
  2    |   域0      | 正常运行   |  否   |  476499953
  3    |   域2      | 正常运行   |  否   |  476499994
==================================================================

[动态重分配] 周期476500000：预约迁移 冗余域3(2%) -> 切片0 -> 饥饿域0(8%)
[切片剥夺] 周期476500000：切片0（所属域3）进入待剥夺状态，禁止新替换
[切片剥夺] 周期476500000：切片0在途请求已清空，开始执行脏行写回
[切片管理] 周期476500296：原域3仅剩1个切片，关闭路扩展模式
[动态重分配] 周期476500296：切片0写回完成，自动绑定到域0
[切片管理] 成功绑定切片0 → 安全域0，触发【路扩展模式】

======================== 切片硬件状态 ========================
切片号 | 所属安全域 | 当前状态    | 路扩展 | LRU touched
------------------------------------------------------------------
  0    |   域0      | 正常运行   |  是   |  476500296
   ruu_release_fu eventq_init eventq_dump eventq_queue_event eventq_next_event readyq_init readyq_dump readyq_enqueue cv_init cv_dump ruu_commit1    |   域3      | 正常运行   |  否   |  476500264
  2    |   域0      | 正常运行   |  是   |  476499953
  3    |   域2      | 正常运行   |  否   |  476499994
==================================================================


======================== 切片硬件状态 ========================
切片号 | 所属安全域 | 当前状态    | 路扩展 | LRU touched
------------------------------------------------------------------
  0    |   域0      | 正常运行   |  是   |  488499949
  1    |   域3      | 正常运行   |  否   |  488500000
  2    |   域0      | 正常运行   |  是   |  488499724
  3    |   域2      | 正常运行   |  否   |  488499998
==================================================================

[动态重分配] 周期488500000：预约迁移 冗余域0(0%) -> 切片0 -> 饥饿域3(6%)
[切片剥夺] 周期488500000：切片0（所属域0）进入待剥夺状态，禁止新替换
[切片剥夺] 周期488500000：切片0在途请求已清空，开始执行脏行写回
[切片管理] 周期488501597：原域0仅剩1个切片，关闭路扩展模式
[动态重分配] 周期488501597：切片0写回完成，自动绑定到域3
[切片管理] 成功绑定切片0 → 安全域3，触发【路扩展模式】

======================== 切片硬件状态 ========================
切片号 | 所属安全域 | 当前状态    | 路扩展 | LRU touched
------------------------------------------------------------------
  0    |   域3      | 正常运行   |  是   |  488501597
  1    |   域3      | 正常运行   |  是   |  488501597
  2    |   域0      | 正常运行   |  否   |  488501597
  3    |   域2      | 正常运行   |  否   |  488501596
==================================================================


======================== 切片硬件状态 ========================
切片号 | 所属安全域 | 当前状态    | 路扩展 | LRU touched
------------------------------------------------------------------
  0    |   域3      | 正常运行   |  是   |  490799996
  1    |   域3      | 正常运行   |  是   |  490799968
  2    |   域0      | 正常运行   |  否   |  490799997
  3    |   域2      | 正常运行   |  否   |  490800000
==================================================================

[动态重分配] 周期490800000：预约迁移 冗余域3(0%) -> 切片0 -> 饥饿域0(6%)
[切片剥夺] 周期490800000：切片0（所属域3）进入待剥夺状态，禁止新替换
[切片剥夺] 周期490800000：切片0在途请求已清空，开始执行脏行写回
[切片管理] 周期490800381：原域3仅剩1个切片，关闭路扩展模式
[动态重分配] 周期490800381：切片0写回完成，自动绑定到域0
[切片管理] 成功绑定切片0 → 安全域0，触发【路扩展模式】

======================== 切片硬件状态 ========================
切片号 | 所属安全域 | 当前状态    | 路扩展 | LRU touched
------------------------------------------------------------------
  0    |   域0      | 正常运行   |  是   |  490800381
  1    |   域3      | 正常运行   |  否   |  490800380
  2    |   域0      | 正常运行   |  是   |  490800367
  3    |   域2      | 正常运行   |  否   |  490800381
==================================================================


**** Debug Statistics at 501000000 Cycles *****
Threads: 4		Fetch Width: 8
No of useful instructions fetched:	1271888105 (31.73% proc util.)
No of total instructions fetched:	1966558531 (49.07% proc util.)
 includes 106089425 misfetch (5.4%), 588581001 (29.9%) wrong-path fetches
 and 0 flushed after failed lock(0.0%)
No of useful instructions issued/executed:	1271888090 (31.73% proc util.)
No of total instructions issued/executed:	1560763747 (38.94% proc util.)
 includes 288875657 wrong-path (18.5%) insts and 0 flushed (0.0%)
	fp 40077, 0.00%
	synch 0, 0.00%
	integer 1043942737, 66.89%
	load/store 516780933, 33.11%
Avg size of int IQ (before scheduling): 25.05
Avg size of fp IQ (before scheduling): 0.00
No of cycles taken:		501000000
Parallelism [ 0.678, 0.000, 0.651, 1.210,] = 2.539
 IQ conflicts: 9279813 (1.85%), FQ conflicts: 0 (0.00%) 
 I reg conflicts: 179270846 (35.78%), FP reg conflicts: 0 (0.00%)
  Activelist confs: 4112 (0.00%), ROB confs: 1045644 (0.21%)
  Int unit conflicts: 465733639 (92.96%), FP unit conflicts: 13 (0.00%)
  Load/store unit conflicts: 92112165 (18.39%)
  MSHR conflicts: 229294470 (45.77%)
----------------------------------------
==== System-wide Cache Statistics ====
Stall for miss queue full 10669 cycles (0.00%)
----------------------------------------
==== Statistics for Master ID: 0 ====
Reads: 290074173   Writes: 52989608
ICACHE: size: 64 KB assoc: 2
ICACHE: hits:167328862 misses:5149782  Hit Ratio: 97.01%
DCACHE: size: 2*16 KB assoc: 2*4
DCACHE: hits:166391246 misses:4196790 writebacks:1655529  Hit Ratio: 97.54%
SCACHE: size: 512 KB assoc: 2
SCACHE: hits:6503109 misses:2840564  Hit Ratio: 69.60%
3CACHE: size: 4096 KB assoc: 2
3CACHE: hits:2498060 misses:342504  Hit Ratio: 87.94%
3CACHE: dirty items replaced:105422
ITLB: size: 48, misses 327777, miss rate 0.19%
DTLB: size: 128, misses 618884, miss rate 0.36%
Avg mem delay: 2.512 cycles
----------------------------------------
==== Statistics for Master ID: 2 ====
Reads: 281514137   Writes: 43991236
ICACHE: size: 64 KB assoc: 2
ICACHE: hits:160617449 misses:5459209  Hit Ratio: 96.71%
DCACHE: size: 1*16 KB assoc: 1*4
DCACHE: hits:155508664 misses:3924804 writebacks:946201  Hit Ratio: 97.54%
SCACHE: size: 512 KB assoc: 2
SCACHE: hits:6852172 misses:2527087  Hit Ratio: 73.06%
3CACHE: size: 4096 KB assoc: 2
3CACHE: hits:2188598 misses:338489  Hit Ratio: 86.61%
3CACHE: dirty items replaced:94609
ITLB: size: 48, misses 379143, miss rate 0.23%
DTLB: size: 128, misses 622543, miss rate 0.39%
Avg mem delay: 2.512 cycles
----------------------------------------
==== Statistics for Master ID: 3 ====
Reads: 355747384   Writes: 51533647
ICACHE: size: 64 KB assoc: 2
ICACHE: hits:221782220 misses:122491  Hit Ratio: 99.94%
DCACHE: size: 1*16 KB assoc: 1*4
DCACHE: hits:179021857 misses:6362978 writebacks:2839186  Hit Ratio: 96.57%
SCACHE: size: 512 KB assoc: 2
SCACHE: hits:3429957 misses:3046996  Hit Ratio: 52.96%
3CACHE: size: 4096 KB assoc: 2
3CACHE: hits:813135 misses:2233861  Hit Ratio: 26.69%
3CACHE: dirty items replaced:129268
ITLB: size: 48, misses 2021, miss rate 0.00%
DTLB: size: 128, misses 372809, miss rate 0.20%
Avg mem delay: 2.512 cycles
----------------------------------------
==== Global Resource Utilization ====
STASH: size: 65536 entries, full 2214858295, empty 77616995, misses 6966764, full rate 96.32
icache bank util. 0.140 0.118 0.110 0.129 0.171 0.209 0.152 0.153 
dcache bank util. 0.127 0.140 0.145 0.137 0.168 0.129 0.171 0.131 
L2 bank util. 0.043 0.045 0.043 0.045 0.043 0.041 0.043 0.048 
L1-L2 bus util. = 0.183, L3 util. = 0.058
----------------------------------------

======================== 切片硬件状态 ========================
切片号 | 所属安全域 | 当前状态    | 路扩展 | LRU touched
------------------------------------------------------------------
  0    |   域0      | 正常运行   |  是   |  500999983
  1    |   域3      | 正常运行   |  否   |  500999977
  2    |   域0      | 正常运行   |  是   |  500999948
  3    |   域2      | 正常运行   |  否   |  500999888
==================================================================

branch prediction, hits = 112157746, misses = 24087220, hit rate = 82.32%
return_stack prediction, hits = 12560451, misses = 6424, hit rate = 99.95%
jump prediction, hits = 108266210, misses = 27475362, hit rate = 79.76%
 ruu_recover ruu_writeback lsq_refresh ruu_issue rspec_dump tracer_recover tracer_init
======================== 切片硬件状态 ========================
切片号 | 所属安全域 | 当前状态    | 路扩展 | LRU touched
------------------------------------------------------------------
  0    |   域0      | 正常运行   |  是   |  523199984
  1    |   域3      | 正常运行   |  否   |  523199997
  2    |   域0      | 正常运行   |  是   |  523199974
  3    |   域2      | 正常运行   |  否   |  523199963
==================================================================

[动态重分配] 周期523200000：预约迁移 冗余域0(0%) -> 切片0 -> 饥饿域2(21%)
[切片剥夺] 周期523200000：切片0（所属域0）进入待剥夺状态，禁止新替换
[切片剥夺] 周期523200000：切片0在途请求已清空，开始执行脏行写回
[切片管理] 周期523201723：原域0仅剩1个切片，关闭路扩展模式
[动态重分配] 周期523201723：切片0写回完成，自动绑定到域2
[切片管理] 成功绑定切片0 → 安全域2，触发【路扩展模式】

======================== 切片硬件状态 ========================
切片号 | 所属安全域 | 当前状态    | 路扩展 | LRU touched
------------------------------------------------------------------
  0    |   域2      | 正常运行   |  是   |  523201723
  1    |   域3      | 正常运行   |  否   |  523201723
  2    |   域0      | 正常运行   |  否   |  523201712
  3    |   域2      | 正常运行   |  是   |  523201705
==================================================================


======================== 切片硬件状态 ========================
切片号 | 所属安全域 | 当前状态    | 路扩展 | LRU touched
------------------------------------------------------------------
  0    |   域2      | 正常运行   |  是   |  526899998
  1    |   域3      | 正常运行   |  否   |  526900000
  2    |   域0      | 正常运行   |  否   |  526899999
  3    |   域2      | 正常运行   |  是   |  526899999
==================================================================

[动态重分配] 周期526900000：预约迁移 冗余域2(2%) -> 切片3 -> 饥饿域0(8%)
[切片剥夺] 周期526900000：切片3（所属域2）进入待剥夺状态，禁止新替换
[切片剥夺] 周期526900000：切片3在途请求已清空，开始执行脏行写回
[切片管理] 周期526900233：原域2仅剩1个切片，关闭路扩展模式
[动态重分配] 周期526900233：切片3写回完成，自动绑定到域0
[切片管理] 成功绑定切片3 → 安全域0，触发【路扩展模式】

======================== 切片硬件状态 ========================
切片号 | 所属安全域 | 当前状态    | 路扩展 | LRU touched
------------------------------------------------------------------
  0    |   域2      | 正常运行   |  否   |  526900233
  1    |   域3      | 正常运行   |  否   |  526900230
  2    |   域0      | 正常运行   |  是   |  526900054
  3    |   域0      | 正常运行   |  是   |  526900233
==================================================================


======================== 切片硬件状态 ========================
切片号 | 所属安全域 | 当前状态    | 路扩展 | LRU touched
------------------------------------------------------------------
  0    |   域2      | 正常运行   |  否   |  543099984
  1    |   域3      | 正常运行   |  否   |  543099996
  2    |   域0      | 正常运行   |  是   |  543099996
  3    |   域0      | 正常运行   |  是   |  543099995
==================================================================

[动态重分配] 周期543100000：预约迁移 冗余域0(0%) -> 切片2 -> 饥饿域3(6%)
[切片剥夺] 周期543100000：切片2（所属域0）进入待剥夺状态，禁止新替换
[切片剥夺] 周期543100000：切片2在途请求已清空，开始执行脏行写回
[切片管理] 周期543105772：原域0仅剩1个切片，关闭路扩展模式
[动态重分配] 周期543105772：切片2写回完成，自动绑定到域3
[切片管理] 成功绑定切片2 →  spec_mem_access mspec_dump simoo_mem_obj安全域3，触发【路扩展模式】

======================== 切片硬件状态 ========================
切片号 | 所属安全域 | 当前状态    | 路扩展 | LRU touched
------------------------------------------------------------------
  0    |   域2      | 正常运行   |  否   |  543105771
  1    |   域3      | 正常运行   |  是   |  543105772
  2    |   域3      | 正常运行   |  是   |  543105772
  3    |   域0      | 正常运行   |  否   |  543105771
==================================================================


======================== 切片硬件状态 ========================
切片号 | 所属安全域 | 当前状态    | 路扩展 | LRU touched
------------------------------------------------------------------
  0    |   域2      | 正常运行   |  否   |  548899974
  1    |   域3      | 正常运行   |  是   |  548899984
  2    |   域3      | 正常运行   |  是   |  548899997
  3    |   域0      | 正常运行   |  否   |  548900000
==================================================================

[动态重分配] 周期548900000：预约迁移 冗余域3(0%) -> 切片1 -> 饥饿域2(6%)
[切片剥夺] 周期548900000：切片1（所属域3）进入待剥夺状态，禁止新替换
[切片剥夺] 周期548900000：切片1在途请求已清空，开始执行脏行写回
[切片管理] 周期548900312：原域3仅剩1个切片，关闭路扩展模式
[动态重分配] 周期548900312：切片1写回完成，自动绑定到域2
[切片管理] 成功绑定切片1 → 安全域2，触发【路扩展模式】

======================== 切片硬件状态 ========================
切片号 | 所属安全域 | 当前状态    | 路扩展 | LRU touched
------------------------------------------------------------------
  0    |   域2      | 正常运行   |  是   |  548899974
  1    |   域2      | 正常运行   |  是   |  548900312
  2    |   域3      | 正常运行   |  否   |  548900312
  3    |   域0      | 正常运行   |  否   |  548900242
==================================================================


======================== 切片硬件状态 ========================
切片号 | 所属安全域 | 当前状态    | 路扩展 | LRU touched
------------------------------------------------------------------
  0    |   域2      | 正常运行   |  是   |  550799990
  1    |   域2      | 正常运行   |  是   |  550799999
  2    |   域3      | 正常运行   |  否   |  550799999
  3    |   域0      | 正常运行   |  否   |  550800000
==================================================================

[动态重分配] 周期550800000：预约迁移 冗余域2(0%) -> 切片0 -> 饥饿域0(6%)
[切片剥夺] 周期550800000：切片0（所属域2）进入待剥夺状态，禁止新替换
[切片剥夺] 周期550800228：切片0在途请求已清空，开始执行脏行写回
[切片管理] 周期550802149：原域2仅剩1个切片，关闭路扩展模式
[动态重分配] 周期550802149：切片0写回完成，自动绑定到域0
[切片管理] 成功绑定切片0 → 安全域0，触发【路扩展模式】

======================== 切片硬件状态 ========================
切片号 | 所属安全域 | 当前状态    | 路扩展 | LRU touched
------------------------------------------------------------------
  0    |   域0      | 正常运行   |  是   |  550802149
  1    |   域2      | 正常运行   |  否   |  550802148
  2    |   域3      | 正常运行   |  否   |  550802149
  3    |   域0      | 正常运行   |  是   |  550802145
==================================================================


======================== 切片硬件状态 ========================
切片号 | 所属安全域 | 当前状态    | 路扩展 | LRU touched
------------------------------------------------------------------
  0    |   域0      | 正常运行   |  是   |  560399994
  1    |   域2      | 正常运行   |  否   |  560399997
  2    |   域3      | 正常运行   |  否   |  560400000
  3    |   域0      | 正常运行   |  是   |  560400000
==================================================================

[动态重分配] 周期560400000：预约迁移 冗余域0(0%) -> 切片0 -> 饥饿域2(9%)
[切片剥夺] 周期560400000：切片0（所属域0）进入待剥夺状态，禁止新替换
[切片剥夺] 周期560400000：切片0在途请求已清空，开始执行脏行写回
[切片管理] 周期560400780：原域0仅剩1个切片，关闭路扩展模式
[动态重分配] 周期560400780：切片0写回完成，自动绑定到域2
[切片管理] 成功绑定切片0 → 安全域2，触发【路扩展模式】

======================== 切片硬件状态 ========================
切片号 | 所属安全域 | 当前状态    | 路扩展 | LRU touched
------------------------------------------------------------------
  0    |   域2      | 正常运行   |  是   |  560400780
  1    |   域2      | 正常运行   |  是   |  560400730
  2    |   域3      | 正常运行   |  否   |  560400735
  3    |   域0      | 正常运行   |  否   |  560400766
==================================================================


======================== 切片硬件状态 ========================
切片号 | 所属安全域 | 当前状态    | 路扩展 | LRU touched
------------------------------------------------------------------
  0    |   域2      | 正常运行   |  是   |  579899998
  1    |   域2      | 正常运行   |  是   |  579899996
  2    |   域3      | 正常运行   |  否   |  579899995
  3    |   域0      | 正常运行   |  否   |  579899957
==================================================================

[动态重分配] 周期579900000：预约迁移 冗余域2(0%) -> 切片0 -> 饥饿域0(14%)
[切片剥夺] 周期579900000：切片0（所属域2）进入待剥夺状态，禁止新替换
[切片剥夺] 周期579900000：切片0在途请求已清空，开始执行脏行写回
[切片管理] 周期579900182：原域2仅剩1个切片，关闭路扩展模式
[动态重分配] 周期579900182：切片0写回完成，自动绑定到域0
[切片管理] 成功绑定切片0 → 安全域0，触发【路扩展模式】

======================== 切片硬件状态 ========================
切片号 | 所属安全域 | 当前状态    | 路扩展 | LRU touched
------------------------------------------------------------------
  0    |   域0      | 正常运行   |  是   |  579900182
  1    |   域2      | 正常运行   |  否   |  579900182
  2    |   域3      | 正常运行   |  否   |  579900181
  3    |   域0      | 正常运行   |  是   |  579899957
==================================================================


======================== 切片硬件状态 ========================
切片号 | 所属安全域 | 当前状态    | 路扩展 | LRU touched
------------------------------------------------------------------
  0    |   域0      | 正常运行   |  是   |  581699999
  1    |   域2      | 正常运行   |  否   |  581699991
  2    |   域3      | 正常运行   |  否   |  581699998
  3    |   域0      | 正常运行   |  是   |  581699999
==================================================================

[动态重分配] 周期581700000：预约迁移 冗余域0(0%) -> 切片0 -> 饥饿域2(9%)
[切片剥夺] 周期581700000：切片0（所属域0）进入待剥夺状态，禁止新替换
[切片剥夺] 周期581700000：切片0在途请求已清空，开始执行脏行写回
[切片管理] 周期581700209：原域0仅剩1个切片，关闭路扩展模式
[动态重分配] 周期581700209：切片0写回完成，自动绑定到域2
[切片管理] 成功绑定切片0 → 安全域2，触发【路扩展模式】

======================== 切片硬件状态 ========================
切片号 | 所属安全域 | 当前状态    | 路扩展 | LRU touched
------------------------------------------------------------------
  0    |   域2      | 正常运行   |  是   |  581700209
  1    |   域2      | 正常运行   |  是   |  581700064
  2    |   域3      | 正常运行   |  否   |  581700059
  3    ruu_link_idep ruu_install_odep InstSRA InstSRAV InstMULT InstMULTU |   域0      | 正常运行   |  否   |  581700045
==================================================================


**** Debug Statistics at 601000000 Cycles *****
Threads: 4		Fetch Width: 8
No of useful instructions fetched:	1609940486 (33.48% proc util.)
No of total instructions fetched:	2459971615 (51.16% proc util.)
 includes 124970342 misfetch (5.1%), 725060787 (29.5%) wrong-path fetches
 and 0 flushed after failed lock(0.0%)
No of useful instructions issued/executed:	1609940471 (33.48% proc util.)
No of total instructions issued/executed:	1963497171 (40.84% proc util.)
 includes 353556700 wrong-path (18.0%) insts and 0 flushed (0.0%)
	fp 43249, 0.00%
	synch 0, 0.00%
	integer 1318930071, 67.17%
	load/store 644523851, 32.83%
Avg size of int IQ (before scheduling): 25.53
Avg size of fp IQ (before scheduling): 0.00
No of cycles taken:		601000000
Parallelism [ 0.759, 0.000, 0.661, 1.258,] = 2.679
 IQ conflicts: 12615267 (2.10%), FQ conflicts: 0 (0.00%) 
 I reg conflicts: 198483550 (33.03%), FP reg conflicts: 0 (0.00%)
  Activelist confs: 4921 (0.00%), ROB confs: 1224017 (0.20%)
  Int unit conflicts: 663933869 (110.47%), FP unit conflicts: 17 (0.00%)
  Load/store unit conflicts: 113923694 (18.96%)
  MSHR conflicts: 269945740 (44.92%)
----------------------------------------
==== System-wide Cache Statistics ====
Stall for miss queue full 11006 cycles (0.00%)
----------------------------------------
==== Statistics for Master ID: 0 ====
Reads: 371706605   Writes: 64656222
ICACHE: size: 64 KB assoc: 2
ICACHE: hits:213452561 misses:5962272  Hit Ratio: 97.28%
DCACHE: size: 1*16 KB assoc: 1*4
DCACHE: hits:211984491 misses:4966842 writebacks:1978255  Hit Ratio: 97.71%
SCACHE: size: 512 KB assoc: 2
SCACHE: hits:7579608 misses:3346167  Hit Ratio: 69.37%
3CACHE: size: 4096 KB assoc: 2
3CACHE: hits:2914128 misses:432039  Hit Ratio: 87.09%
3CACHE: dirty items replaced:161218
ITLB: size: 48, misses 396164, miss rate 0.18%
DTLB: size: 128, misses 745046, miss rate 0.34%
Avg mem delay: 2.310 cycles
----------------------------------------
==== Statistics for Master ID: 2 ====
Reads: 344529306   Writes: 54059312
ICACHE: size: 64 KB assoc: 2
ICACHE: hits:197159401 misses:6672302  Hit Ratio: 96.73%
DCACHE: size: 2*16 KB assoc: 2*4
DCACHE: hits:190215700 misses:4546198 writebacks:1116715  Hit Ratio: 97.67%
SCACHE: size: 512 KB assoc: 2
SCACHE: hits:8180381 misses:3033136  Hit Ratio: 72.95%
3CACHE: size: 4096 KB assoc: 2
3CACHE: hits:2612689 misses:420447  Hit Ratio: 86.14%
3CACHE: dirty items replaced:133910
ITLB: size: 48, misses 488824, miss rate 0.24%
DTLB: size: 128, misses 747595, miss rate 0.38%
Avg mem delay: 2.310 cycles
----------------------------------------
==== Statistics for Master ID: 3 ====
Reads: 445775000   Writes: 63480062
ICACHE: size: 64 KB assoc: 2
ICACHE: hits:277891989 misses:142007  Hit Ratio: 99.95%
DCACHE: size: 1*16 KB assoc: 1*4
DCACHE: hits:223678349 misses:7551329 writebacks:3301723  Hit Ratio: 96.73%
SCACHE: size: 512 KB assoc: 2
SCACHE: hits:4408224 misses:3276499  Hit Ratio: 57.36%
3CACHE: size: 4096 KB assoc: 2
3CACHE: hits:998893 misses:2277606  Hit Ratio: 30.49%
3CACHE: dirty items replaced:152963
ITLB: size: 48, misses 2531, miss rate 0.00%
DTLB: size: 128, misses 432884, miss rate 0.19%
Avg mem delay: 2.310 cycles
----------------------------------------
==== Global Resource Utilization ====
STASH: size: 65536 entries, full 2750028243, empty 94068773, misses 8383622, full rate 96.41
icache bank util. 0.144 0.127 0.113 0.131 0.175 0.214 0.158 0.168 
dcache bank util. 0.140 0.143 0.150 0.140 0.172 0.133 0.176 0.134 
L2 bank util. 0.042 0.044 0.042 0.044 0.042 0.040 0.042 0.047 
L1-L2 bus util. = 0.181, L3 util. = 0.052
----------------------------------------

======================== 切片硬件状态 ========================
切片号 | 所属安全域 | 当前状态    | 路扩展 | LRU touched
------------------------------------------------------------------
  0    |   域2      | 正常运行   |  是   |  600999964
  1    |   域2      | 正常运行   |  是   |  600999902
  2    |   域3      | 正常运行   |  否   |  600999982
  3    |   域0      | 正常运行   |  否   |  600999995
==================================================================

branch prediction, hits = 142595431, misses = 29548255, hit rate = 82.84%
return_stack prediction, hits = 15221173, misses = 11200, hit rate = 99.93%
jump prediction, hits = 137015218, misses = 32522020, hit rate = 80.82%
 simoo_reg_obj ruu_dispatch
======================== 切片硬件状态 ========================
切片号 | 所属安全域 | 当前状态    | 路扩展 | LRU touched
------------------------------------------------------------------
  0    |   域2      | 正常运行   |  是   |  644999986
  1    |   域2      | 正常运行   |  是   |  644999973
  2    |   域3      | 正常运行   |  否   |  644999996
  3    |   域0      | 正常运行   |  否   |  645000000
==================================================================

[动态重分配] 周期645000000：预约迁移 冗余域2(1%) -> 切片0 -> 饥饿域0(7%)
[切片剥夺] 周期645000000：切片0（所属域2）进入待剥夺状态，禁止新替换
[切片剥夺] 周期645000000：切片0在途请求已清空，开始执行脏行写回
[切片管理] 周期645000158：原域2仅剩1个切片，关闭路扩展模式
[动态重分配] 周期645000158：切片0写回完成，自动绑定到域0
[切片管理] 成功绑定切片0 → 安全域0，触发【路扩展模式】

======================== 切片硬件状态 ========================
切片号 | 所属安全域 | 当前状态    | 路扩展 | LRU touched
------------------------------------------------------------------
  0    |   域0      | 正常运行   |  是   |  645000158
  1    |   域2      | 正常运行   |  否   |  645000026
  2    |   域3      | 正常运行   |  否   |  645000096
  3    |   域0      | 正常运行   |  是   |  645000011
==================================================================


======================== 切片硬件状态 ========================
切片号 | 所属安全域 | 当前状态    | 路扩展 | LRU touched
------------------------------------------------------------------
  0    |   域0      | 正常运行   |  是   |  700799978
  1    |   域2      | 正常运行   |  否   |  700799993
  2    |   域3      | 正常运行   |  否   |  700799991
  3    |   域0      | 正常运行   |  是   |  700799985
==================================================================

[动态重分配] 周期700800000：预约迁移 冗余域0(4%) -> 切片0 -> 饥饿域2(12%)
[切片剥夺] 周期700800000：切片0（所属域0）进入待剥夺状态，禁止新替换
[切片剥夺] 周期700800000：切片0在途请求已清空，开始执行脏行写回
[切片管理] 周期700800065：原域0仅剩1个切片，关闭路扩展模式
[动态重分配] 周期700800065：切片0写回完成，自动绑定到域2
[切片管理] 成功绑定切片0 → 安全域2，触发【路扩展模式】

======================== 切片硬件状态 ========================
切片号 | 所属安全域 | 当前状态    | 路扩展 | LRU touched
------------------------------------------------------------------
  0    |   域2      | 正常运行   |  是   |  700800065
  1    |   域2      | 正常运行   |  是   |  700800065
  2    |   域3      | 正常运行   |  否   |  700800060
  3    |   域0      | 正常运行   |  否   |  700800059
==================================================================


**** Debug Statistics at 701000000 Cycles *****
Threads: 4		Fetch Width: 8
No of useful instructions fetched:	1930173897 (34.42% proc util.)
No of total instructions fetched:	2943720624 (52.49% proc util.)
 includes 145483901 misfetch (4.9%), 868062826 (29.5%) wrong-path fetches
 and 0 flushed after failed lock(0.0%)
No of useful instructions issued/executed:	1930173864 (34.42% proc util.)
No of total instructions issued/executed:	2352330034 (41.95% proc util.)
 includes 422156170 wrong-path (17.9%) insts and 0 flushed (0.0%)
	fp 46927, 0.00%
	synch 0, 0.00%
	integer 1580648971, 67.20%
	load/store 771634136, 32.80%
Avg size of int IQ (before scheduling): 25.80
Avg size of fp IQ (before scheduling): 0.00
No of cycles taken:		701000000
Parallelism [ 0.776, 0.000, 0.670, 1.307,] = 2.753
 IQ conflicts: 15009099 (2.14%), FQ conflicts: 0 (0.00%) 
 I reg conflicts: 218945350 (31.23%), FP reg conflicts: 0 (0.00%)
  Activelist confs: 7759 (0.00%), ROB confs: 1993913 (0.28%)
  Int unit conflicts: 810017790 (115.55%), FP unit conflicts: 17 (0.00%)
  Load/store unit conflicts: 145425545 (20.75%)
  MSHR conflicts: 323280321 (46.12%)
----------------------------------------
==== System-wide Cache Statistics ====
Stall for miss queue full 11006 cycles (0.00%)
----------------------------------------
==== Statistics for Master ID: 0 ====
Reads: 442153272   Writes: 78017285
ICACHE: size: 64 KB assoc: 2
ICACHE: hits:253624612 misses:7139297  Hit Ratio: 97.26%
DCACHE: size: 1*16 KB assoc: 1*4
DCACHE: hits:253488384 misses:5921621 writebacks:2640921  Hit Ratio: 97.72%
SCACHE: size: 512 KB assoc: 2
SCACHE: hits:9257586 misses:3799975  Hit Ratio: 70.90%
3CACHE: size: 4096 KB assoc: 2
3CACHE: hits:3278487 misses:521487  Hit Ratio: 86.28%
3CACHE: dirty items replaced:217428
ITLB: size: 48, misses 509490, miss rate 0.20%
DTLB: size: 128, misses 889756, miss rate 0.34%
Avg mem delay: 2.229 cycles
----------------------------------------
==== Statistics for Master ID: 2 ====
Reads: 408340472   Writes: 64944696
ICACHE: size: 64 KB assoc: 2
ICACHE: hits:233389259 misses:7967379  Hit Ratio: 96.70%
DCACHE: size: 2*16 KB assoc: 2*4
DCACHE: hits:226785262 misses:5148300 writebacks:1275246  Hit Ratio: 97.78%
SCACHE: size: 512 KB assoc: 2
SCACHE: hits:9570182 misses:3540465  Hit Ratio: 73.00%
3CACHE: size: 4096 KB assoc: 2
3CACHE: hits:3023905 misses:516560  Hit Ratio: 85.41%
3CACHE: dirty items replaced:190885
ITLB: size: 48, misses 607194, miss rate 0.25%
DTLB: size: 128, misses 865762, miss rate 0.37%
Avg mem delay: 2.229 cycles
----------------------------------------
==== Statistics for Master ID: 3 ====
Reads: 538452292   Writes: 75616493
ICACHE: size: 64 KB assoc: 2
ICACHE: hits:335390941 misses:160788  Hit Ratio: 99.95%
DCACHE: size: 1*16 KB assoc: 1*4
DCACHE: hits:269920690 misses:8604978 writebacks:3739903  Hit Ratio: 96.91%
SCACHE: size: 512 KB assoc: 2
SCACHE: hits:5249582 misses:3507571  Hit Ratio: 59.95%
3CACHE: size: 4096 KB assoc: 2
3CACHE: hits:1188438 misses:2319133  Hit Ratio: 33.88%
3CACHE: dirty items replaced:170187
ITLB: size: 48, misses 3151, miss rate 0.00%
DTLB: size: 128, misses 490032, miss rate 0.18%
Avg mem delay: 2.229 cycles
----------------------------------------
==== Global Resource Utilization ====
STASH: size: 65536 entries, full 3272161221, empty 112432591, misses 9961654, full rate 96.39
icache bank util. 0.147 0.131 0.117 0.136 0.179 0.216 0.162 0.172 
dcache bank util. 0.144 0.146 0.155 0.142 0.175 0.133 0.181 0.139 
L2 bank util. 0.042 0.044 0.042 0.044 0.042 0.040 0.042 0.047 
L1-L2 bus util. = 0.182, L3 util. = 0.048
----------------------------------------

======================== 切片硬件状态 ========================
切片号 | 所属安全域 | 当前状态    | 路扩展 | LRU touched
------------------------------------------------------------------
  0    |   域2      | 正常运行   |  是   |  700999986
  1    |   域2      | 正常运行   |  是   |  700999999
  2    |   域3      | 正常运行   |  否   |  700999993
  3    |   域0      | 正常运行   |  否   |  700999999
==================================================================

branch prediction, hits = 168129228, misses = 35142962, hit rate = 82.71%
return_stack prediction, hits = 18074750, misses = 16089, hit rate = 99.91%
jump prediction, hits = 162860678, misses = 38035720, hit rate = 81.07%

======================== 切片硬件状态 ========================
切片号 | 所属安全域 | 当前状态    | 路扩展 | LRU touched
------------------------------------------------------------------
  0    |   域2      | 正常运行   |  是   |  708099889
  1    |   域2      | 正常运行   |  是   |  708099887
  2    |   域3      | 正常运行   |  否   |  708099995
  3    |   域0      | 正常运行   |  否   |  708100000
==================================================================

[动态重分配] 周期708100000：预约迁移 冗余域2(1%) -> 切片0 -> 饥饿域0(8%)
[切片剥夺] 周期708100000：切片0（所属域2）进入待剥夺状态，禁止新替换
[切片剥夺] 周期708100000：切片0在途请求已清空，开始执行脏行写回
[切片管理] 周期708100242：原域2仅剩1个切片，关闭路扩展模式
[动态重分配] 周期708100242：切片0写回完成，自动绑定到域0
[切片管理] 成功绑定切片0 → 安全域0，触发【路扩展模式】

======================== 切片硬件状态 ========================
切片号 | 所属安全域 | 当前状态    | 路扩展 | LRU touched
------------------------------------------------------------------
  0    |   域0      | 正常运行   |  是   |  708100242
  1    |   域2      | 正常运行   |  否   |  708100242
  2    |   域3      | 正常运行   |  否   |  708100138
  3    |   域0      | 正常运行   |  是   |  708100121
==================================================================


======================== 切片硬件状态 ========================
切片号 | 所属安全域 | 当前状态    | 路扩展 | LRU touched
------------------------------------------------------------------
  0    |   域0      | 正常运行   |  是   |  714199963
  1    |   域2      | 正常运行   |  否   |  714199961
  2    |   域3      | 正常运行   |  否   |  714199960
  3    |   域0      | 正常运行   |  是   |  714199958
==================================================================

[动态重分配] 周期714200000：预约迁移 冗余域0(0%) -> 切片0 -> 饥饿域2(6%)
[切片剥夺] 周期714200000：切片0（所属域0）进入待剥夺状态，禁止新替换
[切片剥夺] 周期714200136：切片0在途请求已清空，开始执行脏行写回
[切片管理] 周期714200237：原域0仅剩1个切片，关闭路扩展模式
[动态重分配] 周期714200237：切片0写回完成，自动绑定到域2
[切片管理] 成功绑定切片0 → 安全域2，触发【路扩展模式】

======================== 切片硬件状态 ========================
切片号 | 所属安全域 | 当前状态    | 路扩展 | LRU touched
------------------------------------------------------------------
  0    |   域2      | 正常运行   |  是   |  714200237
  1    |   域2      | 正常运行   |  是   |  714200232
  2    |   域3      | 正常运行   |  否   |  714200231
  3    |   域0      | 正常运行   |  否   |  714200231
==================================================================


======================== 切片硬件状态 ========================
切片号 | 所属安全域 | 当前状态    | 路扩展 | LRU touched
------------------------------------------------------------------
  0    |   域2      | 正常运行   |  是   |  714699983
  1    |   域2      | 正常运行   |  是   |  714700000
  2    |   域3      | 正常运行   |  否   |  714699998
  3    |   域0      | 正常运行   |  否   |  714699996
==================================================================

[动态重分配] 周期714700000：预约迁移 冗余域2(0%) -> 切片1 -> 饥饿域3(7%)
[切片剥夺] 周期714700000：切片1（所属域2）进入待剥夺状态，禁止新替换
[切片剥夺] 周期714700000：切片1在途请求已清空，开始执行脏行写回
[切片管理] 周期714700299：原域2仅剩1个切片，关闭路扩展模式
[动态重分配] 周期714700299：切片1写回完成，自动绑定到域3
[切片管理] 成功绑定切片1 → 安全域3，触发【路扩展模式】

======================== 切片硬件状态 ========================
切片号 | 所属安全域 | 当前状态    | 路扩展 | LRU touched
------------------------------------------------------------------
  0    |   域2      | 正常运行   |  否   |  714700048
  1    |   域3      | 正常运行   |  是   |  714700299
  2    |   域3      | 正常运行   |  是   |  714700299
  3    |   域0      | 正常运行   |  否   |  714700299
==================================================================


**** Early Exiting at 720988736 Cycles *****
========================================
 SMTSIM Global Statistics
========================================
Threads: 4		Fetch Width: 8
No of useful instructions fetched:	2000000075 (34.67% proc util.)
No of total instructions fetched:	3039572491 (52.70% proc util.)
 includes 148471090 misfetch (4.9%), 891101326 (29.3%) wrong-path fetches
 and 0 flushed after failed lock(0.0%)
No of useful instructions issued/executed:	2000000053 (34.67% proc util.)
No of total instructions issued/executed:	2433345242 (42.19% proc util.)
 includes 433345189 wrong-path (17.8%) insts and 0 flushed (0.0%)
	fp 60828, 0.00%
	synch 0, 0.00%
	integer 1640204562, 67.41%
	load/store 793079852, 32.59%
Avg size of int IQ (before scheduling): 25.92
Avg size of fp IQ (before scheduling): 0.00
No of cycles taken:		720988736
Parallelism [ 0.792, 0.000, 0.672, 1.309,] = 2.774
 IQ conflicts: 15538109 (2.16%), FQ conflicts: 0 (0.00%) 
 I reg conflicts: 223855361 (31.05%), FP reg conflicts: 0 (0.00%)
  Activelist confs: 7762 (0.00%), ROB confs: 2028470 (0.28%)
  Int unit conflicts: 850663675 (117.99%), FP unit conflicts: 17 (0.00%)
  Load/store unit conflicts: 148522790 (20.60%)
  MSHR conflicts: 331814192 (46.02%)
----------------------------------------
==== System-wide Cache Statistics ====
Stall for miss queue full 11006 cycles (0.00%)
----------------------------------------
==== Statistics for Master ID: 0 ====
Reads: 457660460   Writes: 78901289
ICACHE: size: 64 KB assoc: 2
ICACHE: hits:263883961 misses:7173010  Hit Ratio: 97.35%
DCACHE: size: 1*16 KB assoc: 1*4
DCACHE: hits:259476358 misses:6031806 writebacks:2658172  Hit Ratio: 97.73%
SCACHE: size: 512 KB assoc: 2
SCACHE: hits:9319480 misses:3881950  Hit Ratio: 70.59%
3CACHE: size: 4096 KB assoc: 2
3CACHE: hits:3342096 misses:539854  Hit Ratio: 86.09%
3CACHE: dirty items replaced:227000
ITLB: size: 48, misses 511058, miss rate 0.19%
DTLB: size: 128, misses 915487, miss rate 0.34%
Avg mem delay: 2.213 cycles
----------------------------------------
==== Statistics for Master ID: 2 ====
Reads: 420893739   Writes: 67295258
ICACHE: size: 64 KB assoc: 2
ICACHE: hits:240641064 misses:8163362  Hit Ratio: 96.72%
DCACHE: size: 1*16 KB assoc: 1*4
DCACHE: hits:234092751 misses:5297024 writebacks:1324700  Hit Ratio: 97.79%
SCACHE: size: 512 KB assoc: 2
SCACHE: hits:9807854 misses:3647328  Hit Ratio: 72.89%
3CACHE: size: 4096 KB assoc: 2
3CACHE: hits:3104428 misses:542900  Hit Ratio: 85.12%
3CACHE: dirty items replaced:208399
ITLB: size: 48, misses 624809, miss rate 0.25%
DTLB: size: 128, misses 891357, miss rate 0.37%
Avg mem delay: 2.213 cycles
----------------------------------------
==== Statistics for Master ID: 3 ====
Reads: 554564066   Writes: 77601141
ICACHE: size: 64 KB assoc: 2
ICACHE: hits:345624722 misses:164015  Hit Ratio: 99.95%
DCACHE: size: 2*16 KB assoc: 2*4
DCACHE: hits:277570975 misses:8814107 writebacks:3831976  Hit Ratio: 96.92%
SCACHE: size: 512 KB assoc: 2
SCACHE: hits:5413913 misses:3555596  Hit Ratio: 60.36%
3CACHE: size: 4096 KB assoc: 2
3CACHE: hits:1226642 misses:2328954  Hit Ratio: 34.50%
3CACHE: dirty items replaced:175235
ITLB: size: 48, misses 3226, miss rate 0.00%
DTLB: size: 128, misses 501985, miss rate 0.18%
Avg mem delay: 2.213 cycles
----------------------------------------
==== Global Resource Utilization ====
STASH: size: 65536 entries, full 3375690681, empty 115363578, misses 10220161, full rate 96.41
icache bank util. 0.147 0.131 0.121 0.138 0.178 0.215 0.162 0.172 
dcache bank util. 0.143 0.145 0.155 0.141 0.175 0.134 0.181 0.139 
L2 bank util. 0.042 0.044 0.042 0.044 0.042 0.040 0.041 0.047 
L1-L2 bus util. = 0.181, L3 util. = 0.047
----------------------------------------

======================== 切片硬件状态 ========================
切片号 | 所属安全域 | 当前状态    | 路扩展 | LRU touched
------------------------------------------------------------------
  0    |   域2      | 正常运行   |  否   |  720988688
  1    |   域3      | 正常运行   |  是   |  720988734
  2    |   域3      | 正常运行   |  是   |  720988668
  3    |   域0      | 正常运行   |  否   |  720988734
==================================================================

branch prediction, hits = 175260022, misses = 36018267, hit rate = 82.95%
return_stack prediction, hits = 18590012, misses = 17908, hit rate = 99.90%
jump prediction, hits = 169252514, misses = 38871346, hit rate = 81.32%
total IPC 2.774

=== Results saved to: ./results/gcc-integrate_2_gcc-166_1_gzip-program_1.txt ===
