测试组合（多线程优先）：gcc-166.arg2 + gzip-program.arg + gzip-source.arg
执行命令：./smtsim gcc-166.arg2 gzip-program.arg gzip-source.arg
==================================================

 __sigismember __sigaddset __sigdelset mem_access_latency dl1_access_fn dl2_access_fn il1_access_fn il2_access_fn itlb_access_fn dtlb_access_fn sim_reg_options sim_check_options动态重分配参数：每10万周期检查，阈值5
Process 0, Thread 0: gcc-166
Process 0, Thread 1: gcc-166
Process 2, Thread 2: gzip-program
Process 3, Thread 3: gzip-source
[切片调度] 新安全域2无任何切片，尝试分配空闲切片
[切片管理] 成功绑定切片0 → 安全域2

======================== 切片硬件状态 ========================
切片号 | 所属安全域 | 当前状态    | 路扩展 | LRU touched
------------------------------------------------------------------
  0    |   域2      | 正常运行   |  否   |  0
  1    |   域-1     | 切片空闲   |  否   |  0
  2    |   域-1     | 切片空闲   |  否   |  0
  3    |   域-1     | 切片空闲   |  否   |  0
==================================================================

[切片管理] 成功绑定切片1 → 安全域2，触发【路扩展模式】

======================== 切片硬件状态 ========================
切片号 | 所属安全域 | 当前状态    | 路扩展 | LRU touched
------------------------------------------------------------------
  0    |   域2      | 正常运行   |  是   |  0
  1    |   域2      | 正常运行   |  是   |  0
  2    |   域-1     | 切片空闲   |  否   |  0
  3    |   域-1     | 切片空闲   |  否   |  0
==================================================================

[切片调度] 新安全域3无任何切片，尝试分配空闲切片
[切片管理] 成功绑定切片2 → 安全域3

======================== 切片硬件状态 ========================
切片号 | 所属安全域 | 当前状态    | 路扩展 | LRU touched
------------------------------------------------------------------
  0    |   域2      | 正常运行   |  是   |  753
  1    |   域2      | 正常运行   |  是   |  0
  2    |   域3      | 正常运行   |  否   |  0
  3    |   域-1     | 切片空闲   |  否   |  0
==================================================================

[切片管理] 成功绑定切片3 → 安全域3，触发【路扩展模式】

======================== 切片硬件状态 ========================
切片号 | 所属安全域 | 当前状态    | 路扩展 | LRU touched
------------------------------------------------------------------
  0    |   域2      | 正常运行   |  是   |  753
  1    |   域2      | 正常运行   |  是   |  0
  2    |   域3      | 正常运行   |  是   |  0
  3    |   域3      | 正常运行   |  是   |  0
==================================================================

[切片调度] 新安全域0无任何切片，尝试分配空闲切片
[切片调度] 新安全域0未找到空闲切片，尝试剥夺切片
[切片替换] 优先从【路扩展切片】中选择LRU替换目标...
[切片替换] 找到路扩展切片作为受害者：切片1（最后访问：0）
[切片调度] 安全域0触发切片剥夺：从域2剥夺切片1
[切片剥夺] 周期755：切片1（所属域2）进入待剥夺状态，禁止新替换
[切片剥夺] 周期755：切片1在途请求已清空，开始执行脏行写回
[切片剥夺] 周期755：切片1无脏行，直接完成剥夺
[切片管理] 周期755：原域2仅剩1个切片，关闭路扩展模式
[动态重分配] 周期755：切片1写回完成，自动绑定到域0
[切片管理] 成功绑定切片1 → 安全域0

======================== 切片硬件状态 ========================
切片号 | 所属安全域 | 当前状态    | 路扩展 | LRU touched
------------------------------------------------------------------
  0    |   域2      | 正常运行   |  否   |  755
  1    |   域0      | 正常运行   |  否   |  755
  2    |   域3      | 正常运行   |  是   |  753
  3    |   域3      | 正常运行   |  是   |  0
==================================================================

[切片唤醒] 周期755：域0切片就绪，唤醒等待指令

**** Debug Statistics at 1000000 Cycles *****
Threads: 4		Fetch Width: 8
No of useful instructions fetched:	275331 (3.44% proc util.)
No of total instructions fetched:	375104 (4.69% proc util.)
 includes 32972 misfetch (8.8%), 66801 (17.8%) wrong-path fetches
 and 0 flushed after failed lock(0.0%)
No of useful instructions issued/executed:	275269 (3.44% proc util.)
No of total instructions issued/executed:	304608 (3.81% proc util.)
 includes 29339 wrong-path (9.6%) insts and 0 flushed (0.0%)
	fp 48, 0.02%
	synch 0, 0.00%
	integer 173020, 56.80%
	load/store 131540, 43.18%
Avg size of int IQ (before scheduling): 46.91
Avg size of fp IQ (before scheduling): 0.01
No of cycles taken:		1000000
Parallelism [ 0.107, 0.000, 0.085, 0.083,] = 0.275
 IQ conflicts: 17073 (1.71%), FQ conflicts: 0 (0.00%) 
 I reg conflicts: 883113 (88.31%), FP reg conflicts: 0 (0.00%)
  Activelist confs: 0 (0.00%), ROB confs: 1708 (0.17%)
  Int unit conflicts: 3329 (0.33%), FP unit conflicts: 0 (0.00%)
  Load/store unit conflicts: 60361 (6.04%)
  MSHR conflicts: 5969885 (596.99%)
----------------------------------------
==== System-wide Cache Statistics ====
Stall for miss queue full 0 cycles (0.00%)
----------------------------------------
==== Statistics for Master ID: 0 ====
Reads: 81327   Writes: 15252
ICACHE: size: 64 KB assoc: 2
ICACHE: hits:44693 misses:1492  Hit Ratio: 96.77%
DCACHE: size: 1*16 KB assoc: 1*4
DCACHE: hits:49097 misses:1296 writebacks:412  Hit Ratio: 97.43%
SCACHE: size: 512 KB assoc: 2
SCACHE: hits:1144 misses:1644  Hit Ratio: 41.03%
3CACHE: size: 4096 KB assoc: 2
3CACHE: hits:103 misses:1541  Hit Ratio: 6.27%
3CACHE: dirty items replaced:0
ITLB: size: 48, misses 42, miss rate 0.09%
DTLB: size: 128, misses 776, miss rate 1.54%
Avg mem delay: 117.110 cycles
----------------------------------------
==== Statistics for Master ID: 2 ====
Reads: 57981   Writes: 14039
ICACHE: size: 64 KB assoc: 2
ICACHE: hits:30333 misses:600  Hit Ratio: 98.06%
DCACHE: size: 1*16 KB assoc: 1*4
DCACHE: hits:27825 misses:13262 writebacks:13100  Hit Ratio: 67.72%
SCACHE: size: 512 KB assoc: 2
SCACHE: hits:354 misses:13508  Hit Ratio: 2.55%
3CACHE: size: 4096 KB assoc: 2
3CACHE: hits:37 misses:13468  Hit Ratio: 0.27%
3CACHE: dirty items replaced:1
ITLB: size: 48, misses 18, miss rate 0.06%
DTLB: size: 128, misses 3297, miss rate 8.02%
Avg mem delay: 117.110 cycles
----------------------------------------
==== Statistics for Master ID: 3 ====
Reads: 55878   Writes: 13690
ICACHE: size: 64 KB assoc: 2
ICACHE: hits:29038 misses:604  Hit Ratio: 97.96%
DCACHE: size: 2*16 KB assoc: 2*4
DCACHE: hits:26957 misses:12969 writebacks:12796  Hit Ratio: 67.52%
SCACHE: size: 512 KB assoc: 2
SCACHE: hits:365 misses:13207  Hit Ratio: 2.69%
3CACHE: size: 4096 KB assoc: 2
3CACHE: hits:34 misses:13173  Hit Ratio: 0.26%
3CACHE: dirty items replaced:0
ITLB: size: 48, misses 18, miss rate 0.06%
DTLB: size: 128, misses 3225, miss rate 8.08%
Avg mem delay: 117.110 cycles
----------------------------------------
==== Global Resource Utilization ====
STASH: size: 65536 entries, full 93314613, empty 6339106, misses 761350, full rate 92.93
icache bank util. 0.024 0.007 0.006 0.007 0.008 0.008 0.019 0.036 
dcache bank util. 0.006 0.007 0.032 0.006 0.008 0.014 0.216 0.005 
L2 bank util. 0.005 0.003 0.003 0.004 0.004 0.003 0.317 0.005 
L1-L2 bus util. = 0.170, L3 util. = 0.282
----------------------------------------

======================== 切片硬件状态 ========================
切片号 | 所属安全域 | 当前状态    | 路扩展 | LRU touched
------------------------------------------------------------------
  0    |   域2      | 正常运行   |  否   |  999968
  1    |   域0      | 正常运行   |  否   |  999958
  2    |   域3      | 正常运行   |  是   |  999957
  3    |   域3      | 正常运行   |  是   |  999968
==================================================================

branch prediction, hits = 19084, misses = 3907, hit rate = 83.01%
return_stack prediction, hits = 1850, misses = 18, hit rate = 99.04%
jump prediction, hits = 15576, misses = 5542, hit rate = 73.76%

**** Debug Statistics at 101000000 Cycles *****
Threads: 4		Fetch Width: 8
No of useful instructions fetched:	66275987 (8.20% proc util.)
No of total instructions fetched:	80006368 (9.90% proc util.)
 includes 4485285 misfetch (5.6%), 9245096 (11.6%) wrong-path fetches
 and 0 flushed after failed lock(0.0%)
No of useful instructions issued/executed:	66275955 (8.20% proc util.)
No of total instructions issued/executed:	70022383 (8.67% proc util.)
 includes 3746428 wrong-path (5.4%) insts and 0 flushed (0.0%)
	fp 80, 0.00%
	synch 0, 0.00%
	integer 46334865, 66.17%
	load/store 23687438, 33.83%
Avg size of int IQ (before scheduling): 18.16
Avg size of fp IQ (before scheduling): 0.00
No of cycles taken:		101000000
Parallelism [ 0.225, 0.000, 0.204, 0.227,] = 0.656
 IQ conflicts: 175271 (0.17%), FQ conflicts: 0 (0.00%) 
 I reg conflicts: 89197488 (88.31%), FP reg conflicts: 0 (0.00%)
  Activelist confs: 0 (0.00%), ROB confs: 1708 (0.00%)
  Int unit conflicts: 5406278 (5.35%), FP unit conflicts: 0 (0.00%)
  Load/store unit conflicts: 3636910 (3.60%)
  MSHR conflicts: 146428605 (144.98%)
----------------------------------------
==== System-wide Cache Statistics ====
Stall for miss queue full 0 cycles (0.00%)
----------------------------------------
==== Statistics for Master ID: 0 ====
Reads: 16689997   Writes: 2927345
ICACHE: size: 64 KB assoc: 2
ICACHE: hits:9428182 misses:112582  Hit Ratio: 98.82%
DCACHE: size: 1*16 KB assoc: 1*4
DCACHE: hits:9791016 misses:285561 writebacks:81215  Hit Ratio: 97.17%
SCACHE: size: 512 KB assoc: 2
SCACHE: hits:265879 misses:132264  Hit Ratio: 66.78%
3CACHE: size: 4096 KB assoc: 2
3CACHE: hits:107941 misses:24323  Hit Ratio: 81.61%
3CACHE: dirty items replaced:3060
ITLB: size: 48, misses 137, miss rate 0.00%
DTLB: size: 128, misses 18341, miss rate 0.18%
Avg mem delay: 23.340 cycles
----------------------------------------
==== Statistics for Master ID: 2 ====
Reads: 9410248   Writes: 2787503
ICACHE: size: 64 KB assoc: 2
ICACHE: hits:6429446 misses:8501  Hit Ratio: 99.87%
DCACHE: size: 1*16 KB assoc: 1*4
DCACHE: hits:4924821 misses:834983 writebacks:509544  Hit Ratio: 85.50%
SCACHE: size: 512 KB assoc: 2
SCACHE: hits:7330 misses:836154  Hit Ratio: 0.87%
3CACHE: size: 4096 KB assoc: 2
3CACHE: hits:608 misses:835545  Hit Ratio: 0.07%
3CACHE: dirty items replaced:8043
ITLB: size: 48, misses 58, miss rate 0.00%
DTLB: size: 128, misses 56319, miss rate 0.98%
Avg mem delay: 23.340 cycles
----------------------------------------
==== Statistics for Master ID: 3 ====
Reads: 10349450   Writes: 3812803
ICACHE: size: 64 KB assoc: 2
ICACHE: hits:6343334 misses:8546  Hit Ratio: 99.87%
DCACHE: size: 2*16 KB assoc: 2*4
DCACHE: hits:6719056 misses:1091317 writebacks:637586  Hit Ratio: 86.03%
SCACHE: size: 512 KB assoc: 2
SCACHE: hits:7381 misses:1092482  Hit Ratio: 0.67%
3CACHE: size: 4096 KB assoc: 2
3CACHE: hits:597 misses:1091885  Hit Ratio: 0.05%
3CACHE: dirty items replaced:10581
ITLB: size: 48, misses 58, miss rate 0.00%
DTLB: size: 128, misses 60320, miss rate 0.77%
Avg mem delay: 23.340 cycles
----------------------------------------
==== Global Resource Utilization ====
STASH: size: 65536 entries, full 175783811, empty 8955489, misses 1009017, full rate 94.64
icache bank util. 0.024 0.013 0.012 0.013 0.014 0.087 0.022 0.041 
dcache bank util. 0.035 0.036 0.039 0.035 0.040 0.048 0.050 0.054 
L2 bank util. 0.024 0.024 0.023 0.024 0.024 0.024 0.039 0.054 
L1-L2 bus util. = 0.106, L3 util. = 0.193
----------------------------------------

======================== 切片硬件状态 ========================
切片号 | 所属安全域 | 当前状态    | 路扩展 | LRU touched
------------------------------------------------------------------
  0    |   域2      | 正常运行   |  否   |  100999999
  1    |   域0      | 正常运行   |  否   |  100999999
  2    |   域3      | 正常运行   |  是   |  100999998
  3    |   域3      | 正常运行   |  是   |  100999739
==================================================================

branch prediction, hits = 8982852, misses = 699244, hit rate = 92.78%
return_stack prediction, hits = 350946, misses = 23, hit rate = 99.99%
jump prediction, hits = 8026899, misses = 1055515, hit rate = 88.38%

======================== 切片硬件状态 ========================
切片号 | 所属安全域 | 当前状态    | 路扩展 | LRU touched
------------------------------------------------------------------
  0    |   域2      | 正常运行   |  否   |  192699994
  1    |   域0      | 正常运行   |  否   |  192699997
  2    |   域3      | 正常运行   |  是   |  192700000
  3    |   域3      | 正常运行   |  是   |  192699994
==================================================================

[动态重分配] 周期192700000：预约迁移 冗余域3(0%) -> 切片2 -> 饥饿域2(12%)
[切片剥夺] 周期192700000：切片2（所属域3）进入待剥夺状态，禁止新替换
[切片剥夺] 周期192700000：切片2在途请求已清空，开始执行脏行写回
[切片管理] 周期192700263：原域3仅剩1个切片，关闭路扩展模式
[动态重分配] 周期192700263：切片2写回完成，自动绑定到域2
[切片管理] 成功绑定切片2 → 安全域2，触发【路扩展模式】

======================== 切片硬件状态 ========================
切片号 | 所属安全域 | 当前状态    | 路扩展 | LRU touched
------------------------------------------------------------------
  0    |   域2      | 正常运行   |  是   |  192700245
  1    |   域0      | 正常运行   |  否   |  192700047
  2    |   域2      | 正常运行   |  是   |  192700263
  3    |   域3      | 正常运行   |  否   |  192700245
==================================================================


**** Debug Statistics at 201000000 Cycles *****
Threads: 4		Fetch Width: 8
No of useful instructions fetched:	140890431 (8.76% proc util.)
No of total instructions fetched:	170327460 (10.59% proc util.)
 includes 9522655 misfetch (5.6%), 19914374 (11.7%) wrong-path fetches
 and 0 flushed after failed lock(0.0%)
No of useful instructions issued/executed:	140890405 (8.76% proc util.)
No of total instructions issued/executed:	148947973 (9.26% proc util.)
 includes 8057568 wrong-path (5.4%) insts and 0 flushed (0.0%)
	fp 80, 0.00%
	synch 0, 0.00%
	integer 98240267, 65.96%
	load/store 50707626, 34.04%
Avg size of int IQ (before scheduling): 16.35
Avg size of fp IQ (before scheduling): 0.00
No of cycles taken:		201000000
Parallelism [ 0.238, 0.000, 0.220, 0.244,] = 0.701
 IQ conflicts: 175442 (0.09%), FQ conflicts: 0 (0.00%) 
 I reg conflicts: 176116184 (87.62%), FP reg conflicts: 0 (0.00%)
  Activelist confs: 0 (0.00%), ROB confs: 1708 (0.00%)
  Int unit conflicts: 10826539 (5.39%), FP unit conflicts: 0 (0.00%)
  Load/store unit conflicts: 8410519 (4.18%)
  MSHR conflicts: 262567995 (130.63%)
----------------------------------------
==== System-wide Cache Statistics ====
Stall for miss queue full 0 cycles (0.00%)
----------------------------------------
==== Statistics for Master ID: 0 ====
Reads: 35719863   Writes: 6255194
ICACHE: size: 64 KB assoc: 2
ICACHE: hits:20558272 misses:249347  Hit Ratio: 98.80%
DCACHE: size: 1*16 KB assoc: 1*4
DCACHE: hits:20621447 misses:545990 writebacks:172332  Hit Ratio: 97.42%
SCACHE: size: 512 KB assoc: 2
SCACHE: hits:507841 misses:287496  Hit Ratio: 63.85%
3CACHE: size: 4096 KB assoc: 2
3CACHE: hits:241183 misses:46313  Hit Ratio: 83.89%
3CACHE: dirty items replaced:6955
ITLB: size: 48, misses 237, miss rate 0.00%
DTLB: size: 128, misses 28239, miss rate 0.13%
Avg mem delay: 18.049 cycles
----------------------------------------
==== Statistics for Master ID: 2 ====
Reads: 19488080   Writes: 6700068
ICACHE: size: 64 KB assoc: 2
ICACHE: hits:12591425 misses:11525  Hit Ratio: 99.91%
DCACHE: size: 2*16 KB assoc: 2*4
DCACHE: hits:11772044 misses:1813154 writebacks:998494  Hit Ratio: 86.65%
SCACHE: size: 512 KB assoc: 2
SCACHE: hits:9887 misses:1814792  Hit Ratio: 0.54%
3CACHE: size: 4096 KB assoc: 2
3CACHE: hits:866 misses:1813926  Hit Ratio: 0.05%
3CACHE: dirty items replaced:24242
ITLB: size: 48, misses 74, miss rate 0.00%
DTLB: size: 128, misses 71629, miss rate 0.53%
Avg mem delay: 18.049 cycles
----------------------------------------
==== Statistics for Master ID: 3 ====
Reads: 21783777   Writes: 7276717
ICACHE: size: 64 KB assoc: 2
ICACHE: hits:13175047 misses:12316  Hit Ratio: 99.91%
DCACHE: size: 1*16 KB assoc: 1*4
DCACHE: hits:13894287 misses:1978927 writebacks:1047805  Hit Ratio: 87.53%
SCACHE: size: 512 KB assoc: 2
SCACHE: hits:52355 misses:1938805  Hit Ratio: 2.63%
3CACHE: size: 4096 KB assoc: 2
3CACHE: hits:14360 misses:1924445  Hit Ratio: 0.74%
3CACHE: dirty items replaced:23895
ITLB: size: 48, misses 87, miss rate 0.00%
DTLB: size: 128, misses 88319, miss rate 0.56%
Avg mem delay: 18.049 cycles
----------------------------------------
==== Global Resource Utilization ====
STASH: size: 65536 entries, full 268410966, empty 12131645, misses 1307753, full rate 95.23
icache bank util. 0.023 0.015 0.014 0.015 0.017 0.104 0.019 0.029 
dcache bank util. 0.038 0.040 0.041 0.038 0.043 0.052 0.050 0.047 
L2 bank util. 0.026 0.026 0.025 0.026 0.026 0.026 0.033 0.041 
L1-L2 bus util. = 0.102, L3 util. = 0.188
----------------------------------------

======================== 切片硬件状态 ========================
切片号 | 所属安全域 | 当前状态    | 路扩展 | LRU touched
------------------------------------------------------------------
  0    |   域2      | 正常运行   |  是   |  200999776
  1    |   域0      | 正常运行   |  否   |  200999992
  2    |   域2      | 正常运行   |  是   |  200999999
  3    |   域3      | 正常运行   |  否   |  200999993
==================================================================

branch prediction, hits = 19352066, misses = 1516117, hit rate = 92.73%
return_stack prediction, hits = 782493, misses = 33, hit rate = 100.00%
jump prediction, hits = 17600977, misses = 2296487, hit rate = 88.46%

======================== 切片硬件状态 ========================
切片号 | 所属安全域 | 当前状态    | 路扩展 | LRU touched
------------------------------------------------------------------
  0    |   域2      | 正常运行   |  是   |  219999989
  1    |   域0      | 正常运行   |  否   |  219999982
  2    |   域2      | 正常运行   |  是   |  219999956
  3    |   域3      | 正常运行   |  否   |  219999997
==================================================================

[动态重分配] 周期220000000：预约迁移 冗余域2(0%) -> 切片0 -> 饥饿域3(6%)
[切片剥夺] 周期220000000：切片0（所属域2）进入待剥夺状态，禁止新替换
[切片剥夺] 周期220000000：切片0在途请求已清空，开始执行脏行写回
[切片剥夺] 周期220000000：切片0无脏行，直接完成剥夺
[切片管理] 周期220000001：原域2仅剩1个切片，关闭路扩展模式
[动态重分配] 周期220000001：切片0写回完成，自动绑定到域3
[切片管理] 成功绑定切片0 → 安全域3，触发【路扩展模式】

======================== 切片硬件状态 ========================
切片号 | 所属安全域 | 当前状态    | 路扩展 | LRU touched
------------------------------------------------------------------
  0    |   域3      | 正常运行   |  是   |  220000001
  1    |   域0      | 正常运行   |  否   |  219999982
  2    |   域2      | 正常运行   |  否   |  220000001
  3    |   域3      | 正常运行   |  是   |  219999997
==================================================================


======================== 切片硬件状态 ========================
切片号 | 所属安全域 | 当前状态    | 路扩展 | LRU touched
------------------------------------------------------------------
  0    |   域3      | 正常运行   |  是   |  223199996
  1    |   域0      | 正常运行   |  否   |  223199997
  2    |   域2      | 正常运行   |  否   |  223200000
  3    |   域3      | 正常运行   |  是   |  223199980
==================================================================

[动态重分配] 周期223200000：预约迁移 冗余域3(2%) -> 切片3 -> 饥饿域0(11%)
[切片剥夺] 周期223200000：切片3（所属域3）进入待剥夺状态，禁止新替换
[切片剥夺] 周期223200000：切片3在途请求已清空，开始执行脏行写回
[切片管理] 周期223200302：原域3仅剩1个切片，关闭路扩展模式
[动态重分配] 周期223200302：切片3写回完成，自动绑定到域0
[切片管理] 成功绑定切片3 → 安全域0，触发【路扩展模式】

======================== 切片硬件状态 ========================
切片号 | 所属安全域 | 当前状态    | 路扩展 | LRU touched
------------------------------------------------------------------
  0    |   域3      | 正常运行   |  否   |  223200112
  1    |   域0      | 正常运行   |  是   |  223200299
  2    |   域2      | 正常运行   |  否   |  223200126
  3    |   域0      | 正常运行   |  是   |  223200302
==================================================================


======================== 切片硬件状态 ========================
切片号 | 所属安全域 | 当前状态    | 路扩展 | LRU touched
------------------------------------------------------------------
  0    |   域3      | 正常运行   |  否   |  238399999
  1    |   域0      | 正常运行   |  是   |  238399994
  2    |   域2      | 正常运行   |  否   |  238399997
  3    |   域0      | 正常运行   |  是   |  238399999
==================================================================

[动态重分配] 周期238400000：预约迁移 冗余域0(0%) -> 切片1 -> 饥饿域2(6%)
[切片剥夺] 周期238400000：切片1（所属域0）进入待剥夺状态，禁止新替换
[切片剥夺] 周期238400000：切片1在途请求已清空，开始执行脏行写回
[切片管理] 周期238403438：原域0仅剩1个切片，关闭路扩展模式
[动态重分配] 周期238403438：切片1写回完成，自动绑定到域2
[切片管理] 成功绑定切片1 → 安全域2，触发【路扩展模式】

======================== 切片硬件状态 ========================
切片号 | 所属安全域 | 当前状态    | 路扩展 | LRU touched
------------------------------------------------------------------
  0    |   域3      | 正常运行   |  否   |  238403438
  1    |   域2      | 正常运行   |  是   |  238403438
  2    |   域2      | 正常运行   |  是   |  238403424
  3    |   域0      | 正常运行   |  否   |  238403433
==================================================================


======================== 切片硬件状态 ========================
切片号 | 所属安全域 | 当前状态    | 路扩展 | LRU touched
------------------------------------------------------------------
  0    |   域3      | 正常运行   |  否   |  267499993
  1    |   域2      | 正常运行   |  是   |  267499999
  2    |   域2      | 正常运行   |  是   |  267499998
  3    |   域0      | 正常运行   |  否   |  267500000
==================================================================

[动态重分配] 周期267500000：预约迁移 冗余域2(0%) -> 切片1 -> 饥饿域3(6%)
[切片剥夺] 周期267500000：切片1（所属域2）进入待剥夺状态，禁止新替换
[切片剥夺] 周期267500000：切片1在途请求已清空，开始执行脏行写回
[切片管理] 周期267500240：原域2仅剩1个切片，关闭路扩展模式
[动态重分配] 周期267500240：切片1写回完成，自动绑定到域3
[切片管理] 成功绑定切片1 → 安全域3，触发【路扩展模式】

======================== 切片硬件状态 ========================
切片号 | 所属安全域 | 当前状态    | 路扩展 | LRU touched
------------------------------------------------------------------
  0    |   域3      | 正常运行   |  是   |  267500234
  1    |   域3      | 正常运行   |  是   |  267500240
  2    |   域2      | 正常运行   |  否   |  267500223
  3    |   域0      | 正常运行   |  否   |  267500230
==================================================================


======================== 切片硬件状态 ========================
切片号 | 所属安全域 | 当前状态    | 路扩展 | LRU touched
------------------------------------------------------------------
  0    |   域3      | 正常运行   |  是   |  275399997
  1    |   域3      | 正常运行   |  是   |  275399987
  2    |   域2      | 正常运行   |  否   |  275399973
  3    |   域0      | 正常运行   |  否   |  275399914
==================================================================

[动态重分配] 周期275400000：预约迁移 冗余域3(3%) -> 切片0 -> 饥饿域0(10%)
[切片剥夺] 周期275400000：切片0（所属域3）进入待剥夺状态，禁止新替换
[切片剥夺] 周期275400004：切片0在途请求已清空，开始执行脏行写回
[切片管理] 周期275405504：原域3仅剩1个切片，关闭路扩展模式
[动态重分配] 周期275405504：切片0写回完成，自动绑定到域0
[切片管理] 成功绑定切片0 → 安全域0，触发【路扩展模式】

======================== 切片硬件状态 ========================
切片号 | 所属安全域 | 当前状态    | 路扩展 | LRU touched
------------------------------------------------------------------
  0    |   域0      | 正常运行   |  是   |  275405504
  1    |   域3      | 正常运行   |  否   |  275405503
  2    |   域2      | 正常运行   |  否   |  275405502
  3    |   域0      | 正常运行   |  是   |  275405495
==================================================================


======================== 切片硬件状态 ========================
切片号 | 所属安全域 | 当前状态    | 路扩展 | LRU touched
------------------------------------------------------------------
  0    |   域0      | 正常运行   |  是   |  278500000
  1    |   域3      | 正常运行   |  否   |  278499998
  2    |   域2      | 正常运行   |  否   |  278499999
  3    |   域0      | 正常运行   |  是   |  278499999
==================================================================

[动态重分配] 周期278500000：预约迁移 冗余域0(0%) -> 切片0 -> 饥饿域2(6%)
[切片剥夺] 周期278500000：切片0（所属域0）进入待剥夺状态，禁止新替换
[切片剥夺] 周期278500000：切片0在途请求已清空，开始执行脏行写回
[切片管理] 周期278500287：原域0仅剩1个切片，关闭路扩展模式
[动态重分配] 周期278500287：切片0写回完成，自动绑定到域2
[切片管理] 成功绑定切片0 → 安全域2，触发【路扩展模式】

======================== 切片硬件状态 ========================
切片号 | 所属安全域 | 当前状态    | 路扩展 | LRU touched
------------------------------------------------------------------
  0    |   域2      | 正常运行   |  是   |  278500287
  1    |   域3      | 正常运行   |  否   |  278500284
  2    |   域2      | 正常运行   |  是   |  278500283
  3    |   域0      | 正常运行   |  否   |  278500272
==================================================================


======================== 切片硬件状态 ========================
切片号 | 所属安全域 | 当前状态    | 路扩展 | LRU touched
------------------------------------------------------------------
  0    |   域2      | 正常运行   |  是   |  293499964
  1    |   域3      | 正常运行   |  否   |  293499997
  2    |   域2      | 正常运行   |  是   |  293499999
  3    |   域0      | 正常运行   |  否   |  293499999
==================================================================

[动态重分配] 周期293500000：预约迁移 冗余域2(0%) -> 切片0 -> 饥饿域3(6%)
[切片剥夺] 周期293500000：切片0（所属域2）进入待剥夺状态，禁止新替换
[切片剥夺] 周期293500000：切片0在途请求已清空，开始执行脏行写回
[切片管理] 周期293500550：原域2仅剩1个切片，关闭路扩展模式
[动态重分配] 周期293500550：切片0写回完成，自动绑定到域3
[切片管理] 成功绑定切片0 → 安全域3，触发【路扩展模式】

======================== 切片硬件状态 ========================
切片号 | 所属安全域 | 当前状态    | 路扩展 | LRU touched
------------------------------------------------------------------
  0    |   域3      | 正常运行   |  是   |  293500550
  1    |   域3      | 正常运行   |  是   |  293500542
  2    |   域2      | 正常运行   |  否   |  293500499
  3    |   域0      | 正常运行   |  否   |  293500544
==================================================================


======================== 切片硬件状态 ========================
切片号 | 所属安全域 | 当前状态    | 路扩展 | LRU touched
------------------------------------------------------------------
  0    |   域3      | 正常运行   |  是   |  295699997
  1    |   域3      | 正常运行   |  是   |  295699999
  2    |   域2      | 正常运行   |  否   |  295700000
  3    |   域0      | 正常运行   |  否   |  295700000
==================================================================

[动态重分配] 周期295700000：预约迁移 冗余域3(0%) -> 切片0 -> 饥饿域0(7%)
[切片剥夺] 周期295700000：切片0（所属域3）进入待剥夺状态，禁止新替换
[切片剥夺] 周期295700000：切片0在途请求已清空，开始执行脏行写回
[切片管理] 周期295700269：原域3仅剩1个切片，关闭路扩展模式
[动态重分配] 周期295700269：切片0写回完成，自动绑定到域0
[切片管理] 成功绑定切片0 → 安全域0，触发【路扩展模式】

======================== 切片硬件状态 ========================
切片号 | 所属安全域 | 当前状态    | 路扩展 | LRU touched
------------------------------------------------------------------
  0    |   域0      | 正常运行   |  是   |  295700269
  1    |   域3      | 正常运行   |  否   |  295700080
  2    |   域2      | 正常运行   |  否   |  295700269
  3    |   域0      | 正常运行   |  是   |  295700268
==================================================================


======================== 切片硬件状态 ========================
切片号 | 所属安全域 | 当前状态    | 路扩展 | LRU touched
------------------------------------------------------------------
  0    |   域0      | 正常运行   |  是   |  300000000
  1    |   域3      | 正常运行   |  否   |  299999991
  2    |   域2      | 正常运行   |  否   |  299999991
  3    |   域0      | 正常运行   |  是   |  299999999
==================================================================

[动态重分配] 周期300000000：预约迁移 冗余域0(0%) -> 切片0 -> 饥饿域3(6%)
[切片剥夺] 周期300000000：切片0（所属域0）进入待剥夺状态，禁止新替换
[切片剥夺] 周期300000000：切片0在途请求已清空，开始执行脏行写回
[切片管理] 周期300000278：原域0仅剩1个切片，关闭路扩展模式
[动态重分配] 周期300000278：切片0写回完成，自动绑定到域3
[切片管理] 成功绑定切片0 → 安全域3，触发【路扩展模式】

======================== 切片硬件状态 ========================
切片号 | 所属安全域 | 当前状态    | 路扩展 | LRU touched
------------------------------------------------------------------
  0    |   域3      | 正常运行   |  是   |  300000278
  1    |   域3      | 正常运行   |  是   |  300000095
  2    |   域2      | 正常运行   |  否   |  300000102
  3    |   域0      | 正常运行   |  否   |  300000013
==================================================================


**** Debug Statistics at 301000000 Cycles *****
Threads: 4		Fetch Width: 8
No of useful instructions fetched:	501372598 (20.82% proc util.)
No of total instructions fetched:	670760470 (27.86% proc util.)
 includes 26871354 misfetch (4.0%), 142516518 (21.2%) wrong-path fetches
 and 0 flushed after failed lock(0.0%)
No of useful instructions issued/executed:	501372579 (20.82% proc util.)
No of total instructions issued/executed:	563753217 (23.41% proc util.)
 includes 62380638 wrong-path (11.1%) insts and 0 flushed (0.0%)
	fp 6214, 0.00%
	synch 0, 0.00%
	integer 387920995, 68.81%
	load/store 175826008, 31.19%
Avg size of int IQ (before scheduling): 20.24
Avg size of fp IQ (before scheduling): 0.00
No of cycles taken:		301000000
Parallelism [ 0.493, 0.000, 0.554, 0.619,] = 1.666
 IQ conflicts: 949913 (0.32%), FQ conflicts: 0 (0.00%) 
 I reg conflicts: 199404481 (66.25%), FP reg conflicts: 0 (0.00%)
  Activelist confs: 456 (0.00%), ROB confs: 35597 (0.01%)
  Int unit conflicts: 202164510 (67.16%), FP unit conflicts: 3 (0.00%)
  Load/store unit conflicts: 26945362 (8.95%)
  MSHR conflicts: 288929811 (95.99%)
----------------------------------------
==== System-wide Cache Statistics ====
Stall for miss queue full 350 cycles (0.00%)
----------------------------------------
==== Statistics for Master ID: 0 ====
Reads: 123151204   Writes: 20199086
ICACHE: size: 64 KB assoc: 2
ICACHE: hits:71481034 misses:1003934  Hit Ratio: 98.61%
DCACHE: size: 1*16 KB assoc: 1*4
DCACHE: hits:69398176 misses:1467467 writebacks:498989  Hit Ratio: 97.93%
SCACHE: size: 512 KB assoc: 2
SCACHE: hits:1906074 misses:565005  Hit Ratio: 77.14%
3CACHE: size: 4096 KB assoc: 2
3CACHE: hits:482201 misses:82804  Hit Ratio: 85.34%
3CACHE: dirty items replaced:11397
ITLB: size: 48, misses 9268, miss rate 0.01%
DTLB: size: 128, misses 138619, miss rate 0.20%
Avg mem delay: 5.688 cycles
----------------------------------------
==== Statistics for Master ID: 2 ====
Reads: 92221639   Writes: 16380222
ICACHE: size: 64 KB assoc: 2
ICACHE: hits:58817568 misses:170339  Hit Ratio: 99.71%
DCACHE: size: 1*16 KB assoc: 1*4
DCACHE: hits:46673631 misses:2940502 writebacks:1448881  Hit Ratio: 94.07%
SCACHE: size: 512 KB assoc: 2
SCACHE: hits:842487 misses:2268175  Hit Ratio: 27.08%
3CACHE: size: 4096 KB assoc: 2
3CACHE: hits:127330 misses:2140845  Hit Ratio: 5.61%
3CACHE: dirty items replaced:40077
ITLB: size: 48, misses 275, miss rate 0.00%
DTLB: size: 128, misses 147643, miss rate 0.30%
Avg mem delay: 5.688 cycles
----------------------------------------
==== Statistics for Master ID: 3 ====
Reads: 98963865   Writes: 17892398
ICACHE: size: 64 KB assoc: 2
ICACHE: hits:61651405 misses:168247  Hit Ratio: 99.73%
DCACHE: size: 2*16 KB assoc: 2*4
DCACHE: hits:51998172 misses:3038849 writebacks:1487774  Hit Ratio: 94.48%
SCACHE: size: 512 KB assoc: 2
SCACHE: hits:1062167 misses:2144519  Hit Ratio: 33.12%
3CACHE: size: 4096 KB assoc: 2
3CACHE: hits:172250 misses:1972269  Hit Ratio: 8.03%
3CACHE: dirty items replaced:30262
ITLB: size: 48, misses 328, miss rate 0.00%
DTLB: size: 128, misses 144664, miss rate 0.26%
Avg mem delay: 5.688 cycles
----------------------------------------
==== Global Resource Utilization ====
STASH: size: 65536 entries, full 817279419, empty 23600440, misses 2337217, full rate 96.92
icache bank util. 0.072 0.057 0.050 0.064 0.085 0.161 0.080 0.087 
dcache bank util. 0.069 0.080 0.086 0.075 0.105 0.087 0.112 0.077 
L2 bank util. 0.028 0.029 0.028 0.029 0.029 0.028 0.034 0.040 
L1-L2 bus util. = 0.122, L3 util. = 0.139
----------------------------------------

======================== 切片硬件状态 ========================
切片号 | 所属安全域 | 当前状态    | 路扩展 | LRU touched
------------------------------------------------------------------
  0    |   域3      | 正常运行   |  是   |  300999992
  1    |   域3      | 正常运行   |  是   |  300998745
  2    |   域2      | 正常运行   |  否   |  300999996
  3    |   域0      | 正常运行   |  否   |  300999999
==================================================================

branch prediction, hits = 45331888, misses = 6907247, hit rate = 86.78%
return_stack prediction, hits = 3872371, misses = 246, hit rate = 99.99%
jump prediction, hits = 46250332, misses = 6755937, hit rate = 87.25%
 sim_aux_config sim_reg_stats
======================== 切片硬件状态 ========================
切片号 | 所属安全域 | 当前状态    | 路扩展 | LRU touched
------------------------------------------------------------------
  0    |   域3      | 正常运行   |  是   |  305899995
  1    |   域3      | 正常运行   |  是   |  305899997
  2    |   域2      | 正常运行   |  否   |  305899997
  3    |   域0      | 正常运行   |  否   |  305899990
==================================================================

[动态重分配] 周期305900000：预约迁移 冗余域3(3%) -> 切片0 -> 饥饿域0(26%)
[切片剥夺] 周期305900000：切片0（所属域3）进入待剥夺状态，禁止新替换
[切片剥夺] 周期305900000：切片0在途请求已清空，开始执行脏行写回
[切片管理] 周期305900826：原域3仅剩1个切片，关闭路扩展模式
[动态重分配] 周期305900826：切片0写回完成，自动绑定到域0
[切片管理] 成功绑定切片0 → 安全域0，触发【路扩展模式】

======================== 切片硬件状态 ========================
切片号 | 所属安全域 | 当前状态    | 路扩展 | LRU touched
------------------------------------------------------------------
  0    |   域0      | 正常运行   |  是   |  305900826
  1    |   域3      | 正常运行   |  否   |  305900814
  2    |   域2      | 正常运行   |  否   |  305900825
  3    |   域0      | 正常运行   |  是   |  305900614
==================================================================


======================== 切片硬件状态 ========================
切片号 | 所属安全域 | 当前状态    | 路扩展 | LRU touched
------------------------------------------------------------------
  0    |   域0      | 正常运行   |  是   |  318099991
  1    |   域3      | 正常运行   |  否   |  318099999
  2    |   域2      | 正常运行   |  否   |  318099982
  3    |   域0      | 正常运行   |  是   |  318099838
==================================================================

[动态重分配] 周期318100000：预约迁移 冗余域0(0%) -> 切片0 -> 饥饿域2(6%)
[切片剥夺] 周期318100000：切片0（所属域0）进入待剥夺状态，禁止新替换
[切片剥夺] 周期318100000：切片0在途请求已清空，开始执行脏行写回
[切片管理] 周期318102929：原域0仅剩1个切片，关闭路扩展模式
[动态重分配] 周期318102929：切片0写回完成，自动绑定到域2
[切片管理] 成功绑定切片0 → 安全域2，触发【路扩展模式】

======================== 切片硬件状态 ========================
切片号 | 所属安全域 | 当前状态    | 路扩展 | LRU touched
------------------------------------------------------------------
  0    |   域2      | 正常运行   |  是   |  318102929
  1    |   域3      | 正常运行   |  否   |  318102923
  2    |   域2      | 正常运行   |  是   |  318102920
  3    |   域0      | 正常运行   |  否   |  318102923
==================================================================


======================== 切片硬件状态 ========================
切片号 | 所属安全域 | 当前状态    | 路扩展 | LRU touched
------------------------------------------------------------------
  0    |   域2      | 正常运行   |  是   |  320399999
  1    |   域3      | 正常运行   |  否   |  320400000
  2    |   域2      | 正常运行   |  是   |  320399997
  3    |   域0      | 正常运行   |  否   |  320399987
==================================================================

[动态重分配] 周期320400000：预约迁移 冗余域2(0%) -> 切片0 -> 饥饿域0(7%)
[切片剥夺] 周期320400000：切片0（所属域2）进入待剥夺状态，禁止新替换
[切片剥夺] 周期320400000：切片0在途请求已清空，开始执行脏行写回
[切片管理] 周期320400350：原域2仅剩1个切片，关闭路扩展模式
[动态重分配] 周期320400350：切片0写回完成，自动绑定到域0
[切片管理] 成功绑定切片0 →  sim_init sim_aux_stats sim_uninit ruu_init ruu_dumpent ruu_dump lsq_init安全域0，触发【路扩展模式】

======================== 切片硬件状态 ========================
切片号 | 所属安全域 | 当前状态    | 路扩展 | LRU touched
------------------------------------------------------------------
  0    |   域0      | 正常运行   |  是   |  320400350
  1    |   域3      | 正常运行   |  否   |  320400348
  2    |   域2      | 正常运行   |  否   |  320400349
  3    |   域0      | 正常运行   |  是   |  320400098
==================================================================


======================== 切片硬件状态 ========================
切片号 | 所属安全域 | 当前状态    | 路扩展 | LRU touched
------------------------------------------------------------------
  0    |   域0      | 正常运行   |  是   |  347999999
  1    |   域3      | 正常运行   |  否   |  347999995
  2    |   域2      | 正常运行   |  否   |  347999987
  3    |   域0      | 正常运行   |  是   |  347999999
==================================================================

[动态重分配] 周期348000000：预约迁移 冗余域0(0%) -> 切片0 -> 饥饿域3(6%)
[切片剥夺] 周期348000000：切片0（所属域0）进入待剥夺状态，禁止新替换
[切片剥夺] 周期348000000：切片0在途请求已清空，开始执行脏行写回
[切片管理] 周期348000777：原域0仅剩1个切片，关闭路扩展模式
[动态重分配] 周期348000777：切片0写回完成，自动绑定到域3
[切片管理] 成功绑定切片0 → 安全域3，触发【路扩展模式】

======================== 切片硬件状态 ========================
切片号 | 所属安全域 | 当前状态    | 路扩展 | LRU touched
------------------------------------------------------------------
  0    |   域3      | 正常运行   |  是   |  348000777
  1    |   域3      | 正常运行   |  是   |  348000774
  2    |   域2      | 正常运行   |  否   |  348000764
  3    |   域0      | 正常运行   |  否   |  348000777
==================================================================


======================== 切片硬件状态 ========================
切片号 | 所属安全域 | 当前状态    | 路扩展 | LRU touched
------------------------------------------------------------------
  0    |   域3      | 正常运行   |  是   |  357899990
  1    |   域3      | 正常运行   |  是   |  357899857
  2    |   域2      | 正常运行   |  否   |  357900000
  3    |   域0      | 正常运行   |  否   |  357900000
==================================================================

[动态重分配] 周期357900000：预约迁移 冗余域3(2%) -> 切片1 -> 饥饿域0(10%)
[切片剥夺] 周期357900000：切片1（所属域3）进入待剥夺状态，禁止新替换
[切片剥夺] 周期357900000：切片1在途请求已清空，开始执行脏行写回
[切片管理] 周期357900269：原域3仅剩1个切片，关闭路扩展模式
[动态重分配] 周期357900269：切片1写回完成，自动绑定到域0
[切片管理] 成功绑定切片1 → 安全域0，触发【路扩展模式】

======================== 切片硬件状态 ========================
切片号 | 所属安全域 | 当前状态    | 路扩展 | LRU touched
------------------------------------------------------------------
  0    |   域3      | 正常运行   |  否   |  357900075
  1    |   域0      | 正常运行   |  是   |  357900269
  2    |   域2      | 正常运行   |  否   |  357900082
  3    |   域0      | 正常运行   |  是   |  357900001
==================================================================


======================== 切片硬件状态 ========================
切片号 | 所属安全域 | 当前状态    | 路扩展 | LRU touched
------------------------------------------------------------------
  0    |   域3      | 正常运行   |  否   |  363399998
  1    |   域0      | 正常运行   |  是   |  363399961
  2    |   域2      | 正常运行   |  否   |  363400000
  3    |   域0      | 正常运行   |  是   lsq_dump rslink_init ruu_release_fu eventq_init eventq_dump eventq_queue_event eventq_next_event readyq_init readyq_dump readyq_enqueue |  363399959
==================================================================

[动态重分配] 周期363400000：预约迁移 冗余域0(0%) -> 切片1 -> 饥饿域2(7%)
[切片剥夺] 周期363400000：切片1（所属域0）进入待剥夺状态，禁止新替换
[切片剥夺] 周期363400000：切片1在途请求已清空，开始执行脏行写回
[切片管理] 周期363401228：原域0仅剩1个切片，关闭路扩展模式
[动态重分配] 周期363401228：切片1写回完成，自动绑定到域2
[切片管理] 成功绑定切片1 → 安全域2，触发【路扩展模式】

======================== 切片硬件状态 ========================
切片号 | 所属安全域 | 当前状态    | 路扩展 | LRU touched
------------------------------------------------------------------
  0    |   域3      | 正常运行   |  否   |  363401199
  1    |   域2      | 正常运行   |  是   |  363401228
  2    |   域2      | 正常运行   |  是   |  363401222
  3    |   域0      | 正常运行   |  否   |  363401228
==================================================================


======================== 切片硬件状态 ========================
切片号 | 所属安全域 | 当前状态    | 路扩展 | LRU touched
------------------------------------------------------------------
  0    |   域3      | 正常运行   |  否   |  366599964
  1    |   域2      | 正常运行   |  是   |  366599953
  2    |   域2      | 正常运行   |  是   |  366599695
  3    |   域0      | 正常运行   |  否   |  366599922
==================================================================

[动态重分配] 周期366600000：预约迁移 冗余域2(1%) -> 切片1 -> 饥饿域0(26%)
[切片剥夺] 周期366600000：切片1（所属域2）进入待剥夺状态，禁止新替换
[切片剥夺] 周期366600140：切片1在途请求已清空，开始执行脏行写回
[切片管理] 周期366615737：原域2仅剩1个切片，关闭路扩展模式
[动态重分配] 周期366615737：切片1写回完成，自动绑定到域0
[切片管理] 成功绑定切片1 → 安全域0，触发【路扩展模式】

======================== 切片硬件状态 ========================
切片号 | 所属安全域 | 当前状态    | 路扩展 | LRU touched
------------------------------------------------------------------
  0    |   域3      | 正常运行   |  否   |  366615723
  1    |   域0      | 正常运行   |  是   |  366615737
  2    |   域2      | 正常运行   |  否   |  366615732
  3    |   域0      | 正常运行   |  是   |  366615734
==================================================================


======================== 切片硬件状态 ========================
切片号 | 所属安全域 | 当前状态    | 路扩展 | LRU touched
------------------------------------------------------------------
  0    |   域3      | 正常运行   |  否   |  382099999
  1    |   域0      | 正常运行   |  是   |  382099982
  2    |   域2      | 正常运行   |  否   |  382100000
  3    |   域0      | 正常运行   |  是   |  382099982
==================================================================

[动态重分配] 周期382100000：预约迁移 冗余域0(0%) -> 切片1 -> 饥饿域3(7%)
[切片剥夺] 周期382100000：切片1（所属域0）进入待剥夺状态，禁止新替换
[切片剥夺] 周期382100000：切片1在途请求已清空，开始执行脏行写回
[切片管理] 周期382100239：原域0仅剩1个切片，关闭路扩展模式
[动态重分配] 周期382100239：切片1写回完成，自动绑定到域3
[切片管理] 成功绑定切片1 → 安全域3，触发【路扩展模式】

======================== 切片硬件状态 ========================
切片号 | 所属安全域 | 当前状态    | 路扩展 | LRU touched
------------------------------------------------------------------
  0    |   域3      | 正常运行   |  是   |  382100077
  1    |   域3      | 正常运行   |  是   |  382100239
  2    |   域2      | 正常运行   |  否   |  382100236
  3   cv_init cv_dump ruu_commit ruu_recover ruu_writeback  |   域0      | 正常运行   |  否   |  382100073
==================================================================


======================== 切片硬件状态 ========================
切片号 | 所属安全域 | 当前状态    | 路扩展 | LRU touched
------------------------------------------------------------------
  0    |   域3      | 正常运行   |  是   |  382899997
  1    |   域3      | 正常运行   |  是   |  382899999
  2    |   域2      | 正常运行   |  否   |  382899996
  3    |   域0      | 正常运行   |  否   |  382899998
==================================================================

[动态重分配] 周期382900000：预约迁移 冗余域3(1%) -> 切片1 -> 饥饿域2(7%)
[切片剥夺] 周期382900000：切片1（所属域3）进入待剥夺状态，禁止新替换
[切片剥夺] 周期382900000：切片1在途请求已清空，开始执行脏行写回
[切片管理] 周期382901444：原域3仅剩1个切片，关闭路扩展模式
[动态重分配] 周期382901444：切片1写回完成，自动绑定到域2
[切片管理] 成功绑定切片1 → 安全域2，触发【路扩展模式】

======================== 切片硬件状态 ========================
切片号 | 所属安全域 | 当前状态    | 路扩展 | LRU touched
------------------------------------------------------------------
  0    |   域3      | 正常运行   |  否   |  382901440
  1    |   域2      | 正常运行   |  是   |  382901444
  2    |   域2      | 正常运行   |  是   |  382901444
  3    |   域0      | 正常运行   |  否   |  382901431
==================================================================


======================== 切片硬件状态 ========================
切片号 | 所属安全域 | 当前状态    | 路扩展 | LRU touched
------------------------------------------------------------------
  0    |   域3      | 正常运行   |  否   |  398799999
  1    |   域2      | 正常运行   |  是   |  398799991
  2    |   域2      | 正常运行   |  是   |  398799999
  3    |   域0      | 正常运行   |  否   |  398800000
==================================================================

[动态重分配] 周期398800000：预约迁移 冗余域2(0%) -> 切片1 -> 饥饿域3(7%)
[切片剥夺] 周期398800000：切片1（所属域2）进入待剥夺状态，禁止新替换
[切片剥夺] 周期398800000：切片1在途请求已清空，开始执行脏行写回
[切片管理] 周期398800293：原域2仅剩1个切片，关闭路扩展模式
[动态重分配] 周期398800293：切片1写回完成，自动绑定到域3
[切片管理] 成功绑定切片1 → 安全域3，触发【路扩展模式】

======================== 切片硬件状态 ========================
切片号 | 所属安全域 | 当前状态    | 路扩展 | LRU touched
------------------------------------------------------------------
  0    |   域3      | 正常运行   |  是   |  398800282
  1    |   域3      | 正常运行   |  是   |  398800293
  2    |   域2      | 正常运行   |  否   |  398800286
  3    |   域0      | 正常运行   |  否   |  398800289
==================================================================


======================== 切片硬件状态 ========================
切片号 | 所属安全域 | 当前状态    | 路扩展 | LRU touched
------------------------------------------------------------------
  0    |   域3      | 正常运行   |  是   |  400499938
  1    |   域3      | 正常运行   |  是   |  400499994
  2    |   域2      | 正常运行   |  否   |  400499988
  3    |   域0      | 正常运行   |  否   |  400499876
==================================================================

[动态重分配] 周期400500000：预约迁移 冗余域3(1%) -> 切片0 -> 饥饿域0(18%)
[切片剥夺] 周期400500000：切片0（所属域3）进入待剥夺状态，禁止新替换
[切片剥夺] 周期400500000：切片0在途请求已清空，开始执行脏行写回
[切片管理] 周期400552087：原域3仅剩1个切片，关闭路扩展� lsq_refresh��式
[动态重分配] 周期400552087：切片0写回完成，自动绑定到域0
[切片管理] 成功绑定切片0 → 安全域0，触发【路扩展模式】

======================== 切片硬件状态 ========================
切片号 | 所属安全域 | 当前状态    | 路扩展 | LRU touched
------------------------------------------------------------------
  0    |   域0      | 正常运行   |  是   |  400552087
  1    |   域3      | 正常运行   |  否   |  400552073
  2    |   域2      | 正常运行   |  否   |  400552085
  3    |   域0      | 正常运行   |  是   |  400552030
==================================================================


**** Debug Statistics at 401000000 Cycles *****
Threads: 4		Fetch Width: 8
No of useful instructions fetched:	891156954 (27.78% proc util.)
No of total instructions fetched:	1186471625 (36.98% proc util.)
 includes 37400075 misfetch (3.2%), 257914596 (21.7%) wrong-path fetches
 and 0 flushed after failed lock(0.0%)
No of useful instructions issued/executed:	891156909 (27.78% proc util.)
No of total instructions issued/executed:	1003959145 (31.30% proc util.)
 includes 112802236 wrong-path (11.2%) insts and 0 flushed (0.0%)
	fp 15945, 0.00%
	synch 0, 0.00%
	integer 701326171, 69.86%
	load/store 302617029, 30.14%
Avg size of int IQ (before scheduling): 23.36
Avg size of fp IQ (before scheduling): 0.00
No of cycles taken:		401000000
Parallelism [ 0.597, 0.000, 0.790, 0.836,] = 2.222
 IQ conflicts: 3671714 (0.92%), FQ conflicts: 0 (0.00%) 
 I reg conflicts: 218480355 (54.48%), FP reg conflicts: 0 (0.00%)
  Activelist confs: 564 (0.00%), ROB confs: 66637 (0.02%)
  Int unit conflicts: 435390023 (108.58%), FP unit conflicts: 3 (0.00%)
  Load/store unit conflicts: 45198623 (11.27%)
  MSHR conflicts: 307165133 (76.60%)
----------------------------------------
==== System-wide Cache Statistics ====
Stall for miss queue full 1691 cycles (0.00%)
----------------------------------------
==== Statistics for Master ID: 0 ====
Reads: 198994433   Writes: 32344910
ICACHE: size: 64 KB assoc: 2
ICACHE: hits:115892708 misses:1841951  Hit Ratio: 98.44%
DCACHE: size: 2*16 KB assoc: 2*4
DCACHE: hits:111349012 misses:2256420 writebacks:699101  Hit Ratio: 98.01%
SCACHE: size: 512 KB assoc: 2
SCACHE: hits:3079094 misses:1018528  Hit Ratio: 75.14%
3CACHE: size: 4096 KB assoc: 2
3CACHE: hits:834379 misses:184149  Hit Ratio: 81.92%
3CACHE: dirty items replaced:30558
ITLB: size: 48, misses 64343, miss rate 0.05%
DTLB: size: 128, misses 234390, miss rate 0.21%
Avg mem delay: 3.820 cycles
----------------------------------------
==== Statistics for Master ID: 2 ====
Reads: 176642859   Writes: 27535026
ICACHE: size: 64 KB assoc: 2
ICACHE: hits:111717539 misses:305058  Hit Ratio: 99.73%
DCACHE: size: 1*16 KB assoc: 1*4
DCACHE: hits:88378383 misses:3777535 writebacks:1820213  Hit Ratio: 95.90%
SCACHE: size: 512 KB assoc: 2
SCACHE: hits:1597768 misses:2484195  Hit Ratio: 39.14%
3CACHE: size: 4096 KB assoc: 2
3CACHE: hits:275224 misses:2208971  Hit Ratio: 11.08%
3CACHE: dirty items replaced:53460
ITLB: size: 48, misses 650, miss rate 0.00%
DTLB: size: 128, misses 183030, miss rate 0.20%
Avg mem delay: 3.820 cycles
----------------------------------------
==== Statistics for Master ID: 3 ====
Reads: 180873083   Writes: 29171067
ICACHE: size: 64 KB assoc: 2
ICACHE: hits:113313472 misses:301793  Hit Ratio: 99.73%
DCACHE: size: 1*16 KB assoc: 1*4
DCACHE: hits:92435145 misses:3994711 writebacks:1893718  Hit Ratio: 95.86%
SCACHE: size: 512 KB assoc: 2
SCACHE: hits:1930760 misses:2364773  Hit Ratio: 44.95%
3CACHE: size: 4096 KB assoc: 2
3CACHE: hits:317145 misses:2047628  Hit Ratio: 13.41%
3CACHE: dirty items replaced:45152
ITLB: size: 48, misses 734, miss rate 0.00%
DTLB: size: 128, misses 180110, miss rate 0.19%
Avg mem delay: 3.820 cycles
----------------------------------------
==== Global Resource Utilization ====
STASH: size: 65536 entries, full 1381409517, empty 35505323, misses 3378162, full rate 97.26
icache bank util. 0.101 0.078 0.070 0.089 0.117 0.186 0.112 0.121 
dcache bank util. 0.084 0.100 0.111 0.095 0.140 0.096 0.141 0.094 
L2 bank util. 0.029 0.029 0.029 0.030 0.029 0.029 0.033 0.039 
L1-L2 bus util. = 0.126, L3 util. = 0.111
----------------------------------------

======================== 切片硬件状态 ========================
切片号 | 所属安全域 | 当前状态    | 路扩展 | LRU touched
------------------------------------------------------------------
  0    |   域0      | 正常运行   |  是   |  400999998
  1    |   域3      | 正常运行   |  否   |  400999997
  2    |   域2      | 正常运行   |  否   |  400999998
  3    |   域0      | 正常运行   |  是   |  400999874
==================================================================

branch prediction, hits = 71731762, misses = 11538559, hit rate = 86.14%
return_stack prediction, hits = 6984636, misses = 3177, hit rate = 99.95%
jump prediction, hits = 77342110, misses = 9649358, hit rate = 88.91%
 ruu_issue rspec_dump tracer_recover
======================== 切片硬件状态 ========================
切片号 | 所属安全域 | 当前状态    | 路扩展 | LRU touched
------------------------------------------------------------------
  0    |   域0      | 正常运行   |  是   |  403699990
  1    |   域3      | 正常运行   |  否   |  403699921
  2    |   域2      | 正常运行   |  否   |  403699922
  3    |   域0      | 正常运行   |  是   |  403699887
==================================================================

[动态重分配] 周期403700000：预约迁移 冗余域0(1%) -> 切片3 -> 饥饿域2(7%)
[切片剥夺] 周期403700000：切片3（所属域0）进入待剥夺状态，禁止新替换
[切片剥夺] 周期403700000：切片3在途请求已清空，开始执行脏行写回
[切片管理] 周期403700227：原域0仅剩1个切片，关闭路扩展模式
[动态重分配] 周期403700227：切片3写回完成，自动绑定到域2
[切片管理] 成功绑定切片3 → 安全域2，触发【路扩展模式】

======================== 切片硬件状态 ========================
切片号 | 所属安全域 | 当前状态    | 路扩展 | LRU touched
------------------------------------------------------------------
  0    |   域0      | 正常运行   |  否   |  403700044
  1    |   域3      | 正常运行   |  否   |  403699921
  2    |   域2      | 正常运行   |  是   |  403700015
  3    |   域2      | 正常运行   |  是   |  403700227
==================================================================


======================== 切片硬件状态 ========================
切片号 | 所属安全域 | 当前状态    | 路扩展 | LRU touched
------------------------------------------------------------------
  0    |   域0      | 正常运行   |  否   |  410399964
  1    |   域3      | 正常运行   |  否   |  410399999
  2    |   域2      | 正常运行   |  是   |  410399434
  3    |   域2      | 正常运行   |  是   |  410399916
==================================================================

[动态重分配] 周期410400000：预约迁移 冗余域2(1%) -> 切片2 -> 饥饿域0(8%)
[切片剥夺] 周期410400000：切片2（所属域2）进入待剥夺状态，禁止新替换
[切片剥夺] 周期410400000：切片2在途请求已清空，开始执行脏行写回
[切片管理] 周期410428488：原域2仅剩1个切片，关闭路扩展模式
[动态重分配] 周期410428488：切片2写回完成，自动绑定到域0
[切片管理] 成功绑定切片2 → 安全域0，触发【路扩展模式】

======================== 切片硬件状态 ========================
切片号 | 所属安全域 | 当前状态    | 路扩展 | LRU touched
------------------------------------------------------------------
  0    |   域0      | 正常运行   |  是   |  410428482
  1    |   域3      | 正常运行   |  否   |  410428479
  2    |   域0      | 正常运行   |  是   |  410428488
  3    |   域2      | 正常运行   |  否   |  410428488
==================================================================


======================== 切片硬件状态 ========================
切片号 | 所属安全域 | 当前状态    | 路扩展 | LRU touched
------------------------------------------------------------------
  0    |   域0      | 正常运行   |  是   |  421000000
  1    |   域3      | 正常运行   |  否   |  421000000
  2    |   域0      | 正常运行   |  是   |  420999998
  3    |   域2      | 正常运行   |  否   |  420999998
==================================================================

[动态重分配] 周期421000000：预约迁移 冗余域0(0%) -> 切片0 -> 饥饿域2(6%)
[切片剥夺] 周期421000000：切片0（所属域0）进入待剥夺状态，禁止新替换
[切片剥夺] 周期421000000：切片0在途请求已清空，开始执行脏行写回
[切片管理] 周期421002361：原域0仅剩1个切片，关闭路扩展模式
[动态重分配] 周期421002361：切片0写回完成，自动绑定到域2
[切片管理] 成功绑定切片0 → � tracer_init spec_mem_access mspec_dump simoo_mem_obj��全域2，触发【路扩展模式】

======================== 切片硬件状态 ========================
切片号 | 所属安全域 | 当前状态    | 路扩展 | LRU touched
------------------------------------------------------------------
  0    |   域2      | 正常运行   |  是   |  421002361
  1    |   域3      | 正常运行   |  否   |  421002359
  2    |   域0      | 正常运行   |  否   |  421002359
  3    |   域2      | 正常运行   |  是   |  421002354
==================================================================


======================== 切片硬件状态 ========================
切片号 | 所属安全域 | 当前状态    | 路扩展 | LRU touched
------------------------------------------------------------------
  0    |   域2      | 正常运行   |  是   |  443199997
  1    |   域3      | 正常运行   |  否   |  443199996
  2    |   域0      | 正常运行   |  否   |  443199999
  3    |   域2      | 正常运行   |  是   |  443199928
==================================================================

[动态重分配] 周期443200000：预约迁移 冗余域2(3%) -> 切片0 -> 饥饿域0(9%)
[切片剥夺] 周期443200000：切片0（所属域2）进入待剥夺状态，禁止新替换
[切片剥夺] 周期443200000：切片0在途请求已清空，开始执行脏行写回
[切片管理] 周期443200395：原域2仅剩1个切片，关闭路扩展模式
[动态重分配] 周期443200395：切片0写回完成，自动绑定到域0
[切片管理] 成功绑定切片0 → 安全域0，触发【路扩展模式】

======================== 切片硬件状态 ========================
切片号 | 所属安全域 | 当前状态    | 路扩展 | LRU touched
------------------------------------------------------------------
  0    |   域0      | 正常运行   |  是   |  443200395
  1    |   域3      | 正常运行   |  否   |  443200388
  2    |   域0      | 正常运行   |  是   |  443200393
  3    |   域2      | 正常运行   |  否   |  443200395
==================================================================


======================== 切片硬件状态 ========================
切片号 | 所属安全域 | 当前状态    | 路扩展 | LRU touched
------------------------------------------------------------------
  0    |   域0      | 正常运行   |  是   |  447099977
  1    |   域3      | 正常运行   |  否   |  447100000
  2    |   域0      | 正常运行   |  是   |  447099977
  3    |   域2      | 正常运行   |  否   |  447099996
==================================================================

[动态重分配] 周期447100000：预约迁移 冗余域0(0%) -> 切片0 -> 饥饿域2(6%)
[切片剥夺] 周期447100000：切片0（所属域0）进入待剥夺状态，禁止新替换
[切片剥夺] 周期447100000：切片0在途请求已清空，开始执行脏行写回
[切片管理] 周期447105306：原域0仅剩1个切片，关闭路扩展模式
[动态重分配] 周期447105306：切片0写回完成，自动绑定到域2
[切片管理] 成功绑定切片0 → 安全域2，触发【路扩展模式】

======================== 切片硬件状态 ========================
切片号 | 所属安全域 | 当前状态    | 路扩展 | LRU touched
------------------------------------------------------------------
  0    |   域2      | 正常运行   |  是   |  447105306
  1    |   域3      | 正常运行   |  否   |  447105301
  2    |   域0      | 正常运行   |  否   |  447105306
  3    |   域2      | 正常运行   |  是   |  447105301
==================================================================


======================== 切片硬件状态 ========================
切片号 | 所属安全域 | 当前状态    | 路扩展 | LRU touched
------------------------------------------------------------------
  0    |   域2      | 正常运行   |  是   |  449699991
  1    |   域3      | 正常运行   |  否   |  449699997
  2    |   域0      | 正常运行   |  否   |  449700000
  3    |   域2      | 正常运行   |  是   | ruu_link_idep ruu_install_odep InstSRA InstSRAV InstMULT InstMULTU simoo_reg_obj  449700000
==================================================================

[动态重分配] 周期449700000：预约迁移 冗余域2(0%) -> 切片0 -> 饥饿域0(7%)
[切片剥夺] 周期449700000：切片0（所属域2）进入待剥夺状态，禁止新替换
[切片剥夺] 周期449700000：切片0在途请求已清空，开始执行脏行写回
[切片管理] 周期449700278：原域2仅剩1个切片，关闭路扩展模式
[动态重分配] 周期449700278：切片0写回完成，自动绑定到域0
[切片管理] 成功绑定切片0 → 安全域0，触发【路扩展模式】

======================== 切片硬件状态 ========================
切片号 | 所属安全域 | 当前状态    | 路扩展 | LRU touched
------------------------------------------------------------------
  0    |   域0      | 正常运行   |  是   |  449700278
  1    |   域3      | 正常运行   |  否   |  449700051
  2    |   域0      | 正常运行   |  是   |  449700059
  3    |   域2      | 正常运行   |  否   |  449700050
==================================================================


======================== 切片硬件状态 ========================
切片号 | 所属安全域 | 当前状态    | 路扩展 | LRU touched
------------------------------------------------------------------
  0    |   域0      | 正常运行   |  是   |  455299998
  1    |   域3      | 正常运行   |  否   |  455299998
  2    |   域0      | 正常运行   |  是   |  455300000
  3    |   域2      | 正常运行   |  否   |  455299997
==================================================================

[动态重分配] 周期455300000：预约迁移 冗余域0(0%) -> 切片0 -> 饥饿域3(6%)
[切片剥夺] 周期455300000：切片0（所属域0）进入待剥夺状态，禁止新替换
[切片剥夺] 周期455300000：切片0在途请求已清空，开始执行脏行写回
[切片管理] 周期455303391：原域0仅剩1个切片，关闭路扩展模式
[动态重分配] 周期455303391：切片0写回完成，自动绑定到域3
[切片管理] 成功绑定切片0 → 安全域3，触发【路扩展模式】

======================== 切片硬件状态 ========================
切片号 | 所属安全域 | 当前状态    | 路扩展 | LRU touched
------------------------------------------------------------------
  0    |   域3      | 正常运行   |  是   |  455303391
  1    |   域3      | 正常运行   |  是   |  455303391
  2    |   域0      | 正常运行   |  否   |  455303384
  3    |   域2      | 正常运行   |  否   |  455303391
==================================================================


======================== 切片硬件状态 ========================
切片号 | 所属安全域 | 当前状态    | 路扩展 | LRU touched
------------------------------------------------------------------
  0    |   域3      | 正常运行   |  是   |  484600000
  1    |   域3      | 正常运行   |  是   |  484599999
  2    |   域0      | 正常运行   |  否   |  484599997
  3    |   域2      | 正常运行   |  否   |  484599999
==================================================================

[动态重分配] 周期484600000：预约迁移 冗余域3(0%) -> 切片0 -> 饥饿域0(6%)
[切片剥夺] 周期484600000：切片0（所属域3）进入待剥夺状态，禁止新替换
[切片剥夺] 周期484600000：切片0在途请求已清空，开始执行脏行写回
[切片管理] 周期484600314：原域3仅剩1个切片，关闭路扩展模式
[动态重分配] 周期484600314：切片0写回完成，自动绑定到域0
[切片管理] 成功绑定切片0 → 安全域0，触发【路扩展模式】

======================== 切片硬件状态 ========================
切片号 | 所属安全域 | 当前状态    | 路扩展 | LRU touched
------------------------------------------------------------------
  0    |   域0      | 正常运行   |  是   |  484600314
  1    |   域3      | 正常运行   |  否   |  484600311
  2    |   域0      | 正常运行   |  是   |  484600307
  3    |   域2      | 正常运行   |  否   |  484600313
==================================================================


======================== 切片硬件状态 ========================
切片号 | 所属安全域 | 当前状态    | 路扩展 | LRU touched
------------------------------------------------------------------
  0    |   域0      | 正常运行   |  是   |  487899929
  1    |   域3      | 正常运行   |  否   |  487899956
  2    |   域0      | 正常运行   |  是   |  487899925
  3    |   域2      | 正常运行   |  否   |  487899950
==================================================================

[动态重分配] 周期487900000：预约迁移 冗余域0(0%) -> 切片0 -> 饥饿域2(6%)
[切片剥夺] 周期487900000：切片0（所属域0）进入待剥夺状态，禁止新替换
[切片剥夺] 周期487900000：切片0在途请求已清空，开始执行脏行写回
[切片管理] 周期487901827：原域0仅剩1个切片，关闭路扩展模式
[动态重分配] 周期487901827：切片0写回完成，自动绑定到域2
[切片管理] 成功绑定切片0 → 安全域2，触发【路扩展模式】

======================== 切片硬件状态 ========================
切片号 | 所属安全域 | 当前状态    | 路扩展 | LRU touched
------------------------------------------------------------------
  0    |   域2      | 正常运行   |  是   |  487901827
  1    |   域3      | 正常运行   |  否   |  487901827
  2    |   域0      | 正常运行   |  否   |  487901826
  3    |   域2      | 正常运行   |  是   |  487901820
==================================================================


**** Debug Statistics at 501000000 Cycles *****
Threads: 4		Fetch Width: 8
No of useful instructions fetched:	1269550809 (31.68% proc util.)
No of total instructions fetched:	1701467098 (42.45% proc util.)
 includes 50945108 misfetch (3.0%), 380971181 (22.4%) wrong-path fetches
 and 0 flushed after failed lock(0.0%)
No of useful instructions issued/executed:	1269550771 (31.68% proc util.)
No of total instructions issued/executed:	1437702194 (35.87% proc util.)
 includes 168151423 wrong-path (11.7%) insts and 0 flushed (0.0%)
	fp 19098, 0.00%
	synch 0, 0.00%
	integer 1008636185, 70.16%
	load/store 429046911, 29.84%
Avg size of int IQ (before scheduling): 24.88
Avg size of fp IQ (before scheduling): 0.00
No of cycles taken:		501000000
Parallelism [ 0.653, 0.000, 0.918, 0.962,] = 2.534
 IQ conflicts: 5543052 (1.11%), FQ conflicts: 0 (0.00%) 
 I reg conflicts: 238153702 (47.54%), FP reg conflicts: 0 (0.00%)
  Activelist confs: 714 (0.00%), ROB confs: 82259 (0.02%)
  Int unit conflicts: 646899000 (129.12%), FP unit conflicts: 3 (0.00%)
  Load/store unit conflicts: 63001419 (12.58%)
  MSHR conflicts: 323988998 (64.67%)
----------------------------------------
==== System-wide Cache Statistics ====
Stall for miss queue full 2716 cycles (0.00%)
----------------------------------------
==== Statistics for Master ID: 0 ====
Reads: 276178257   Writes: 44855655
ICACHE: size: 64 KB assoc: 2
ICACHE: hits:160846085 misses:2843501  Hit Ratio: 98.26%
DCACHE: size: 1*16 KB assoc: 1*4
DCACHE: hits:154270746 misses:3074946 writebacks:937294  Hit Ratio: 98.05%
SCACHE: size: 512 KB assoc: 2
SCACHE: hits:4482021 misses:1435059  Hit Ratio: 75.75%
3CACHE: size: 4096 KB assoc: 2
3CACHE: hits:1164767 misses:270292  Hit Ratio: 81.17%
3CACHE: dirty items replaced:49959
ITLB: size: 48, misses 120445, miss rate 0.07%
DTLB: size: 128, misses 327981, miss rate 0.21%
Avg mem delay: 3.091 cycles
----------------------------------------
==== Statistics for Master ID: 2 ====
Reads: 260649359   Writes: 38758630
ICACHE: size: 64 KB assoc: 2
ICACHE: hits:164409912 misses:459163  Hit Ratio: 99.72%
DCACHE: size: 2*16 KB assoc: 2*4
DCACHE: hits:129715449 misses:4824543 writebacks:2266280  Hit Ratio: 96.41%
SCACHE: size: 512 KB assoc: 2
SCACHE: hits:2575360 misses:2707268  Hit Ratio: 48.75%
3CACHE: size: 4096 KB assoc: 2
3CACHE: hits:428325 misses:2278943  Hit Ratio: 15.82%
3CACHE: dirty items replaced:71741
ITLB: size: 48, misses 982, miss rate 0.00%
DTLB: size: 128, misses 223420, miss rate 0.17%
Avg mem delay: 3.091 cycles
----------------------------------------
==== Statistics for Master ID: 3 ====
Reads: 261441257   Writes: 39921219
ICACHE: size: 64 KB assoc: 2
ICACHE: hits:164297886 misses:454805  Hit Ratio: 99.72%
DCACHE: size: 1*16 KB assoc: 1*4
DCACHE: hits:131710537 misses:4900319 writebacks:2280187  Hit Ratio: 96.41%
SCACHE: size: 512 KB assoc: 2
SCACHE: hits:2762689 misses:2591364  Hit Ratio: 51.60%
3CACHE: size: 4096 KB assoc: 2
3CACHE: hits:466949 misses:2124415  Hit Ratio: 18.02%
3CACHE: dirty items replaced:63159
ITLB: size: 48, misses 1144, miss rate 0.00%
DTLB: size: 128, misses 223552, miss rate 0.16%
Avg mem delay: 3.091 cycles
----------------------------------------
==== Global Resource Utilization ====
STASH: size: 65536 entries, full 1944401728, empty 49461719, misses 4596426, full rate 97.30
icache bank util. 0.119 0.092 0.082 0.105 0.137 0.200 0.131 0.142 
dcache bank util. 0.094 0.113 0.129 0.107 0.158 0.100 0.159 0.104 
L2 bank util. 0.030 0.030 0.030 0.031 0.030 0.029 0.033 0.038 
L1-L2 bus util. = 0.132, L3 util. = 0.093
----------------------------------------

======================== 切片硬件状态 ========================
切片号 | 所属安全域 | 当前状态    | 路扩展 | LRU touched
------------------------------------------------------------------
  0    |   域2      | 正常运行   |  是   |  500999996
  1    |   域3      | 正常运行   |  否   |  500999993
  2    |   域0      | 正常运行   |  否   |  500999999
  3    |   域2      | 正常运行   |  是   |  500999986
==================================================================

branch prediction, hits = 96660872, misses = 16533763, hit rate = 85.39%
return_stack prediction, hits = 10007400, misses = 7724, hit rate = 99.92%
jump prediction, hits = 105983491, misses = 13306931, hit rate = 88.84%
 ruu_dispatch
======================== 切片硬件状态 ========================
切片号 | 所属安全域 | 当前状态    | 路扩展 | LRU touched
------------------------------------------------------------------
  0    |   域2      | 正常运行   |  是   |  513999999
  1    |   域3      | 正常运行   |  否   |  514000000
  2    |   域0      | 正常运行   |  否   |  513999984
  3    |   域2      | 正常运行   |  是   |  513999995
==================================================================

[动态重分配] 周期514000000：预约迁移 冗余域2(1%) -> 切片3 -> 饥饿域0(9%)
[切片剥夺] 周期514000000：切片3（所属域2）进入待剥夺状态，禁止新替换
[切片剥夺] 周期514000000：切片3在途请求已清空，开始执行脏行写回
[切片管理] 周期514000429：原域2仅剩1个切片，关闭路扩展模式
[动态重分配] 周期514000429：切片3写回完成，自动绑定到域0
[切片管理] 成功绑定切片3 → 安全域0，触发【路扩展模式】

======================== 切片硬件状态 ========================
切片号 | 所属安全域 | 当前状态    | 路扩展 | LRU touched
------------------------------------------------------------------
  0    |   域2      | 正常运行   |  否   |  514000429
  1    |   域3      | 正常运行   |  否   |  514000426
  2    |   域0      | 正常运行   |  是   |  514000348
  3    |   域0      | 正常运行   |  是   |  514000429
==================================================================


======================== 切片硬件状态 ========================
切片号 | 所属安全域 | 当前状态    | 路扩展 | LRU touched
------------------------------------------------------------------
  0    |   域2      | 正常运行   |  否   |  514599994
  1    |   域3      | 正常运行   |  否   |  514599993
  2    |   域0      | 正常运行   |  是   |  514600000
  3    |   域0      | 正常运行   |  是   |  514599999
==================================================================

[动态重分配] 周期514600000：预约迁移 冗余域0(0%) -> 切片2 -> 饥饿域2(6%)
[切片剥夺] 周期514600000：切片2（所属域0）进入待剥夺状态，禁止新替换
[切片剥夺] 周期514600056：切片2在途请求已清空，开始执行脏行写回
[切片管理] 周期514600280：原域0仅剩1个切片，关闭路扩展模式
[动态重分配] 周期514600280：切片2写回完成，自动绑定到域2
[切片管理] 成功绑定切片2 → 安全域2，触发【路扩展模式】

======================== 切片硬件状态 ========================
切片号 | 所属安全域 | 当前状态    | 路扩展 | LRU touched
------------------------------------------------------------------
  0    |   域2      | 正常运行   |  是   |  514600159
  1    |   域3      | 正常运行   |  否   |  514600167
  2    |   域2      | 正常运行   |  是   |  514600280
  3    |   域0      | 正常运行   |  否   |  514600152
==================================================================


======================== 切片硬件状态 ========================
切片号 | 所属安全域 | 当前状态    | 路扩展 | LRU touched
------------------------------------------------------------------
  0    |   域2      | 正常运行   |  是   |  531199967
  1    |   域3      | 正常运行   |  否   |  531199995
  2    |   域2      | 正常运行   |  是   |  531200000
  3    |   域0      | 正常运行   |  否   |  531199998
==================================================================

[动态重分配] 周期531200000：预约迁移 冗余域2(0%) -> 切片2 -> 饥饿域3(6%)
[切片剥夺] 周期531200000：切片2（所属域2）进入待剥夺状态，禁止新替换
[切片剥夺] 周期531200164：切片2在途请求已清空，开始执行脏行写回
[切片管理] 周期531203599：原域2仅剩1个切片，关闭路扩展模式
[动态重分配] 周期531203599：切片2写回完成，自动绑定到域3
[切片管理] 成功绑定切片2 → 安全域3，触发【路扩展模式】

======================== 切片硬件状态 ========================
切片号 | 所属安全域 | 当前状态    | 路扩展 | LRU touched
------------------------------------------------------------------
  0    |   域2      | 正常运行   |  否   |  531203596
  1    |   域3      | 正常运行   |  是   |  531203594
  2    |   域3      | 正常运行   |  是   |  531203599
  3    |   域0      | 正常运行   |  否   |  531203594
==================================================================


======================== 切片硬件状态 ========================
切片号 | 所属安全域 | 当前状态    | 路扩展 | LRU touched
------------------------------------------------------------------
  0    |   域2      | 正常运行   |  否   |  538099999
  1    |   域3      | 正常运行   |  是   |  538099998
  2    |   域3      | 正常运行   |  是   |  538099986
  3    |   域0      | 正常运行   |  否   |  538099961
==================================================================

[动态重分配] 周期538100000：预约迁移 冗余域3(0%) -> 切片1 -> 饥饿域2(6%)
[切片剥夺] 周期538100000：切片1（所属域3）进入待剥夺状态，禁止新替换
[切片剥夺] 周期538100000：切片1在途请求已清空，开始执行脏行写回
[切片管理] 周期538100282：原域3仅剩1个切片，关闭路扩展模式
[动态重分配] 周期538100282：切片1写回完成，自动绑定到域2
[切片管理] 成功绑定切片1 → 安全域2，触发【路扩展模式】

======================== 切片硬件状态 ========================
切片号 | 所属安全域 | 当前状态    | 路扩展 | LRU touched
------------------------------------------------------------------
  0    |   域2      | 正常运行   |  是   |  538100098
  1    |   域2      | 正常运行   |  是   |  538100282
  2    |   域3      | 正常运行   |  否   |  538100281
  3    |   域0      | 正常运行   |  否   |  538100282
==================================================================


======================== 切片硬件状态 ========================
切片号 | 所属安全域 | 当前状态    | 路扩展 | LRU touched
------------------------------------------------------------------
  0    |   域2      | 正常运行   |  是   |  544899999
  1    |   域2      | 正常运行   |  是   |  544900000
  2    |   域3      | 正常运行   |  否   |  544899998
  3    |   域0      | 正常运行   |  否   |  544899865
==================================================================

[动态重分配] 周期544900000：预约迁移 冗余域2(0%) -> 切片0 -> 饥饿域3(6%)
[切片剥夺] 周期544900000：切片0（所属域2）进入待剥夺状态，禁止新替换
[切片剥夺] 周期544900000：切片0在途请求已清空，开始执行脏行写回
[切片管理] 周期544900254：原域2仅剩1个切片，关闭路扩展模式
[动态重分配] 周期544900254：切片0写回完成，自动绑定到域3
[切片管理] 成功绑定切片0 → 安全域3，触发【路扩展模式】

======================== 切片硬件状态 ========================
切片号 | 所属安全域 | 当前状态    | 路扩展 | LRU touched
------------------------------------------------------------------
  0    |   域3      | 正常运行   |  是   |  544900254
  1    |   域2      | 正常运行   |  否   |  544900253
  2    |   域3      | 正常运行   |  是   |  544900239
  3    |   域0      | 正常运行   |  否   |  544900054
==================================================================


======================== 切片硬件状态 ========================
切片号 | 所属安全域 | 当前状态    | 路扩展 | LRU touched
------------------------------------------------------------------
  0    |   域3      | 正常运行   |  是   |  549699997
  1    |   域2      | 正常运行   |  否   |  549699997
  2    |   域3      | 正常运行   |  是   |  549700000
  3    |   域0      | 正常运行   |  否   |  549700000
==================================================================

[动态重分配] 周期549700000：预约迁移 冗余域3(0%) -> 切片0 -> 饥饿域2(6%)
[切片剥夺] 周期549700000：切片0（所属域3）进入待剥夺状态，禁止新替换
[切片剥夺] 周期549700000：切片0在途请求已清空，开始执行脏行写回
[切片管理] 周期549700149：原域3仅剩1个切片，关闭路扩展模式
[动态重分配] 周期549700149：切片0写回完成，自动绑定到域2
[切片管理] 成功绑定切片0 → 安全域2，触发【路扩展模式】

======================== 切片硬件状态 ========================
切片号 | 所属安全域 | 当前状态    | 路扩展 | LRU touched
------------------------------------------------------------------
  0    |   域2      | 正常运行   |  是   |  549700149
  1    |   域2      | 正常运行   |  是   |  549700016
  2    |   域3      | 正常运行   |  否   |  549700015
  3    |   域0      | 正常运行   |  否   |  549700148
==================================================================


======================== 切片硬件状态 ========================
切片号 | 所属安全域 | 当前状态    | 路扩展 | LRU touched
------------------------------------------------------------------
  0    |   域2      | 正常运行   |  是   |  557899995
  1    |   域2      | 正常运行   |  是   |  557899938
  2    |   域3      | 正常运行   |  否   |  557899960
  3    |   域0      | 正常运行   |  否   |  557899958
==================================================================

[动态重分配] 周期557900000：预约迁移 冗余域2(0%) -> 切片0 -> 饥饿域0(10%)
[切片剥夺] 周期557900000：切片0（所属域2）进入待剥夺状态，禁止新替换
[切片剥夺] 周期557900000：切片0在途请求已清空，开始执行脏行写回
[切片管理] 周期557900305：原域2仅剩1个切片，关闭路扩展模式
[动态重分配] 周期557900305：切片0写回完成，自动绑定到域0
[切片管理] 成功绑定切片0 → 安全域0，触发【路扩展模式】

======================== 切片硬件状态 ========================
切片号 | 所属安全域 | 当前状态    | 路扩展 | LRU touched
------------------------------------------------------------------
  0    |   域0      | 正常运行   |  是   |  557900305
  1    |   域2      | 正常运行   |  否   |  557900062
  2    |   域3      | 正常运行   |  否   |  557900084
  3    |   域0      | 正常运行   |  是   |  557900084
==================================================================


======================== 切片硬件状态 ========================
切片号 | 所属安全域 | 当前状态    | 路扩展 | LRU touched
------------------------------------------------------------------
  0    |   域0      | 正常运行   |  是   |  562899984
  1    |   域2      | 正常运行   |  否   |  562899998
  2    |   域3      | 正常运行   |  否   |  562899997
  3    |   域0      | 正常运行   |  是   |  562899997
==================================================================

[动态重分配] 周期562900000：预约迁移 冗余域0(0%) -> 切片0 -> 饥饿域2(6%)
[切片剥夺] 周期562900000：切片0（所属域0）进入待剥夺状态，禁止新替换
[切片剥夺] 周期562900000：切片0在途请求已清空，开始执行脏行写回
[切片管理] 周期562900308：原域0仅剩1个切片，关闭路扩展模式
[动态重分配] 周期562900308：切片0写回完成，自动绑定到域2
[切片管理] 成功绑定切片0 → 安全域2，触发【路扩展模式】

======================== 切片硬件状态 ========================
切片号 | 所属安全域 | 当前状态    | 路扩展 | LRU touched
------------------------------------------------------------------
  0    |   域2      | 正常运行   |  是   |  562900308
  1    |   域2      | 正常运行   |  是   |  562900119
  2    |   域3      | 正常运行   |  否   |  562900302
  3    |   域0      | 正常运行   |  否   |  562900307
==================================================================


======================== 切片硬件状态 ========================
切片号 | 所属安全域 | 当前状态    | 路扩展 | LRU touched
------------------------------------------------------------------
  0    |   域2      | 正常运行   |  是   |  581799964
  1    |   域2      | 正常运行   |  是   |  581799988
  2    |   域3      | 正常运行   |  否   |  581799963
  3    |   域0      | 正常运行   |  否   |  581799996
==================================================================

[动态重分配] 周期581800000：预约迁移 冗余域2(0%) -> 切片0 -> 饥饿域0(7%)
[切片剥夺] 周期581800000：切片0（所属域2）进入待剥夺状态，禁止新替换
[切片剥夺] 周期581800000：切片0在途请求已清空，开始执行脏行写回
[切片管理] 周期581800386：原域2仅剩1个切片，关闭路扩展模式
[动态重分配] 周期581800386：切片0写回完成，自动绑定到域0
[切片管理] 成功绑定切片0 → 安全域0，触发【路扩展模式】

======================== 切片硬件状态 ========================
切片号 | 所属安全域 | 当前状态    | 路扩展 | LRU touched
------------------------------------------------------------------
  0    |   域0      | 正常运行   |  是   |  581800386
  1    |   域2      | 正常运行   |  否   |  581800371
  2    |   域3      | 正常运行   |  否   |  581800347
  3    |   域0      | 正常运行   |  是   |  581800372
==================================================================


======================== 切片硬件状态 ========================
切片号 | 所属安全域 | 当前状态    | 路扩展 | LRU touched
------------------------------------------------------------------
  0    |   域0      | 正常运行   |  是   |  582799983
  1    |   域2      | 正常运行   |  否   |  582799999
  2    |   域3      | 正常运行   |  否   |  582800000
  3    |   域0      | 正常运行   |  是   |  582799995
==================================================================

[动态重分配] 周期582800000：预约迁移 冗余域0(0%) -> 切片0 -> 饥饿域3(6%)
[切片剥夺] 周期582800000：切片0（所属域0）进入待剥夺状态，禁止新替换
[切片剥夺] 周期582800100：切片0在途请求已清空，开始执行脏行写回
[切片管理] 周期582801551：原域0仅剩1个切片，关闭路扩展模式
[动态重分配] 周期582801551：切片0写回完成，自动绑定到域3
[切片管理] 成功绑定切片0 → 安全域3，触发【路扩展模式】

======================== 切片硬件状态 ========================
切片号 | 所属安全域 | 当前状态    | 路扩展 | LRU touched
------------------------------------------------------------------
  0    |   域3      | 正常运行   |  是   |  582801551
  1    |   域2      | 正常运行   |  否   |  582801549
  2    |   域3      | 正常运行   |  是   |  582801540
  3    |   域0      | 正常运行   |  否   |  582801549
==================================================================


======================== 切片硬件状态 ========================
切片号 | 所属安全域 | 当前状态    | 路扩展 | LRU touched
------------------------------------------------------------------
  0    |   域3      | 正常运行   |  是   |  589299950
  1    |   域2      | 正常运行   |  否   |  589299998
  2    |   域3      | 正常运行   |  是   |  589299950
  3    |   域0      | 正常运行   |  否   |  589300000
==================================================================

[动态重分配] 周期589300000：预约迁移 冗余域3(2%) -> 切片2 -> 饥饿域0(8%)
[切片剥夺] 周期589300000：切片2（所属域3）进入待剥夺状态，禁止新替换
[切片剥夺] 周期589300000：切片2在途请求已清空，开始执行脏行写回
[切片管理] 周期589301341：原域3仅剩1个切片，关闭路扩展模式
[动态重分配] 周期589301341：切片2写回完成，自动绑定到域0
[切片管理] 成功绑定切片2 → 安全域0，触发【路扩展模式】

======================== 切片硬件状态 ========================
切片号 | 所属安全域 | 当前状态    | 路扩展 | LRU touched
------------------------------------------------------------------
  0    |   域3      | 正常运行   |  否   |  589301336
  1    |   域2      | 正常运行   |  否   |  589301339
  2    |   域0      | 正常运行   |  是   |  589301341
  3    |   域0      | 正常运行   |  是   |  589301339
==================================================================


======================== 切片硬件状态 ========================
切片号 | 所属安全域 | 当前状态    | 路扩展 | LRU touched
------------------------------------------------------------------
  0    |   域3      | 正常运行   |  否   |  593000000
  1    |   域2      | 正常运行   |  否   |  592999999
  2    |   域0      | 正常运行   |  是   |  592999990
  3    |   域0      | 正常运行   |  是   |  592999994
==================================================================

[动态重分配] 周期593000000：预约迁移 冗余域0(0%) -> 切片2 -> 饥饿域2(6%)
[切片剥夺] 周期593000000：切片2（所属域0）进入待剥夺状态，禁止新替换
[切片剥夺] 周期593000000：切片2在途请求已清空，开始执行脏行写回
[切片管理] 周期593000266：原域0仅剩1个切片，关闭路扩展模式
[动态重分配] 周期593000266：切片2写回完成，自动绑定到域2
[切片管理] 成功绑定切片2 → 安全域2，触发【路扩展模式】

======================== 切片硬件状态 ========================
切片号 | 所属安全域 | 当前状态    | 路扩展 | LRU touched
------------------------------------------------------------------
  0    |   域3      | 正常运行   |  否   |  593000091
  1    |   域2      | 正常运行   |  是   |  593000092
  2    |   域2      | 正常运行   |  是   |  593000266
  3    |   域0      | 正常运行   |  否   |  593000068
==================================================================


======================== 切片硬件状态 ========================
切片号 | 所属安全域 | 当前状态    | 路扩展 | LRU touched
------------------------------------------------------------------
  0    |   域3      | 正常运行   |  否   |  595099999
  1    |   域2      | 正常运行   |  是   |  595099996
  2    |   域2      | 正常运行   |  是   |  595099996
  3    |   域0      | 正常运行   |  否   |  595100000
==================================================================

[动态重分配] 周期595100000：预约迁移 冗余域2(0%) -> 切片1 -> 饥饿域0(6%)
[切片剥夺] 周期595100000：切片1（所属域2）进入待剥夺状态，禁止新替换
[切片剥夺] 周期595100000：切片1在途请求已清空，开始执行脏行写回
[切片管理] 周期595102413：原域2仅剩1个切片，关闭路扩展模式
[动态重分配] 周期595102413：切片1写回完成，自动绑定到域0
[切片管理] 成功绑定切片1 → 安全域0，触发【路扩展模式】

======================== 切片硬件状态 ========================
切片号 | 所属安全域 | 当前状态    | 路扩展 | LRU touched
------------------------------------------------------------------
  0    |   域3      | 正常运行   |  否   |  595102413
  1    |   域0      | 正常运行   |  是   |  595102413
  2    |   域2      | 正常运行   |  否   |  595102412
  3    |   域0      | 正常运行   |  是   |  595102413
==================================================================


======================== 切片硬件状态 ========================
切片号 | 所属安全域 | 当前状态    | 路扩展 | LRU touched
------------------------------------------------------------------
  0    |   域3      | 正常运行   |  否   |  596999999
  1    |   域0      | 正常运行   |  是   |  596999998
  2    |   域2      | 正常运行   |  否   |  597000000
  3    |   域0      | 正常运行   |  是   |  596999966
==================================================================

[动态重分配] 周期597000000：预约迁移 冗余域0(0%) -> 切片1 -> 饥饿域2(6%)
[切片剥夺] 周期597000000：切片1（所属域0）进入待剥夺状态，禁止新替换
[切片剥夺] 周期597000000：切片1在途请求已清空，开始执行脏行写回
[切片管理] 周期597000289：原域0仅剩1个切片，关闭路扩展模式
[动态重分配] 周期597000289：切片1写回完成，自动绑定到域2
[切片管理] 成功绑定切片1 → 安全域2，触发【路扩展模式】

======================== 切片硬件状态 ========================
切片号 | 所属安全域 | 当前状态    | 路扩展 | LRU touched
------------------------------------------------------------------
  0    |   域3      | 正常运行   |  否   |  597000208
  1    |   域2      | 正常运行   |  是   |  597000289
  2    |   域2      | 正常运行   |  是   |  597000116
  3    |   域0      | 正常运行   |  否   |  597000063
==================================================================


**** Debug Statistics at 601000000 Cycles *****
Threads: 4		Fetch Width: 8
No of useful instructions fetched:	1638952709 (34.09% proc util.)
No of total instructions fetched:	2193381057 (45.62% proc util.)
 includes 62206466 misfetch (2.8%), 492221882 (22.4%) wrong-path fetches
 and 0 flushed after failed lock(0.0%)
No of useful instructions issued/executed:	1638952661 (34.09% proc util.)
No of total instructions issued/executed:	1857827980 (38.64% proc util.)
 includes 218875319 wrong-path (11.8%) insts and 0 flushed (0.0%)
	fp 23000, 0.00%
	synch 0, 0.00%
	integer 1305322160, 70.26%
	load/store 552482820, 29.74%
Avg size of int IQ (before scheduling): 25.95
Avg size of fp IQ (before scheduling): 0.00
No of cycles taken:		601000000
Parallelism [ 0.685, 0.000, 1.000, 1.042,] = 2.727
 IQ conflicts: 7807439 (1.30%), FQ conflicts: 0 (0.00%) 
 I reg conflicts: 260975149 (43.42%), FP reg conflicts: 0 (0.00%)
  Activelist confs: 763 (0.00%), ROB confs: 146385 (0.02%)
  Int unit conflicts: 852462765 (141.84%), FP unit conflicts: 4 (0.00%)
  Load/store unit conflicts: 82422092 (13.71%)
  MSHR conflicts: 357926800 (59.56%)
----------------------------------------
==== System-wide Cache Statistics ====
Stall for miss queue full 3136 cycles (0.00%)
----------------------------------------
==== Statistics for Master ID: 0 ====
Reads: 346566412   Writes: 57563823
ICACHE: size: 64 KB assoc: 2
ICACHE: hits:201551791 misses:3733765  Hit Ratio: 98.18%
DCACHE: size: 1*16 KB assoc: 1*4
DCACHE: hits:194916434 misses:3930069 writebacks:1186408  Hit Ratio: 98.02%
SCACHE: size: 512 KB assoc: 2
SCACHE: hits:5741626 misses:1920383  Hit Ratio: 74.94%
3CACHE: size: 4096 KB assoc: 2
3CACHE: hits:1524440 misses:395943  Hit Ratio: 79.38%
3CACHE: dirty items replaced:88314
ITLB: size: 48, misses 192062, miss rate 0.09%
DTLB: size: 128, misses 419349, miss rate 0.21%
Avg mem delay: 2.715 cycles
----------------------------------------
==== Statistics for Master ID: 2 ====
Reads: 342696517   Writes: 49569917
ICACHE: size: 64 KB assoc: 2
ICACHE: hits:215886704 misses:575325  Hit Ratio: 99.73%
DCACHE: size: 2*16 KB assoc: 2*4
DCACHE: hits:170061165 misses:5744954 writebacks:2649242  Hit Ratio: 96.73%
SCACHE: size: 512 KB assoc: 2
SCACHE: hits:3386295 misses:2932270  Hit Ratio: 53.59%
3CACHE: size: 4096 KB assoc: 2
3CACHE: hits:581226 misses:2351044  Hit Ratio: 19.82%
3CACHE: dirty items replaced:92459
ITLB: size: 48, misses 1334, miss rate 0.00%
DTLB: size: 128, misses 263361, miss rate 0.15%
Avg mem delay: 2.715 cycles
----------------------------------------
==== Statistics for Master ID: 3 ====
Reads: 341076270   Writes: 51109888
ICACHE: size: 64 KB assoc: 2
ICACHE: hits:214414355 misses:566015  Hit Ratio: 99.74%
DCACHE: size: 1*16 KB assoc: 1*4
DCACHE: hits:171386814 misses:5820285 writebacks:2658002  Hit Ratio: 96.72%
SCACHE: size: 512 KB assoc: 2
SCACHE: hits:3563132 misses:2821857  Hit Ratio: 55.80%
3CACHE: size: 4096 KB assoc: 2
3CACHE: hits:618561 misses:2203296  Hit Ratio: 21.92%
3CACHE: dirty items replaced:85314
ITLB: size: 48, misses 1565, miss rate 0.00%
DTLB: size: 128, misses 265382, miss rate 0.15%
Avg mem delay: 2.715 cycles
----------------------------------------
==== Global Resource Utilization ====
STASH: size: 65536 entries, full 2482581838, empty 63438310, misses 5843510, full rate 97.29
icache bank util. 0.128 0.099 0.090 0.114 0.147 0.208 0.143 0.155 
dcache bank util. 0.100 0.121 0.140 0.113 0.172 0.101 0.171 0.111 
L2 bank util. 0.031 0.031 0.030 0.031 0.030 0.030 0.033 0.038 
L1-L2 bus util. = 0.134, L3 util. = 0.082
----------------------------------------

======================== 切片硬件状态 ========================
切片号 | 所属安全域 | 当前状态    | 路扩展 | LRU touched
------------------------------------------------------------------
  0    |   域3      | 正常运行   |  否   |  600999998
  1    |   域2      | 正常运行   |  是   |  600999684
  2    |   域2      | 正常运行   |  是   |  600999997
  3    |   域0      | 正常运行   |  否   |  600999843
==================================================================

branch prediction, hits = 120334645, misses = 20950577, hit rate = 85.17%
return_stack prediction, hits = 13059365, misses = 15720, hit rate = 99.88%
jump prediction, hits = 134212975, misses = 16442835, hit rate = 89.09%

======================== 切片硬件状态 ========================
切片号 | 所属安全域 | 当前状态    | 路扩展 | LRU touched
------------------------------------------------------------------
  0    |   域3      | 正常运行   |  否   |  602599996
  1    |   域2      | 正常运行   |  是   |  602599994
  2    |   域2      | 正常运行   |  是   |  602599994
  3    |   域0      | 正常运行   |  否   |  602600000
==================================================================

[动态重分配] 周期602600000：预约迁移 冗余域2(4%) -> 切片2 -> 饥饿域0(10%)
[切片剥夺] 周期602600000：切片2（所属域2）进入待剥夺状态，禁止新替换
[切片剥夺] 周期602600000：切片2在途请求已清空，开始执行脏行写回
[切片管理] 周期602600853：原域2仅剩1个切片，关闭路扩展模式
[动态重分配] 周期602600853：切片2写回完成，自动绑定到域0
[切片管理] 成功绑定切片2 → 安全域0，触发【路扩展模式】

======================== 切片硬件状态 ========================
切片号 | 所属安全域 | 当前状态    | 路扩展 | LRU touched
------------------------------------------------------------------
  0    |   域3      | 正常运行   |  否   |  602600838
  1    |   域2      | 正常运行   |  否   |  602600796
  2    |   域0      | 正常运行   |  是   |  602600853
  3    |   域0      | 正常运行   |  是   |  602600838
==================================================================


======================== 切片硬件状态 ========================
切片号 | 所属安全域 | 当前状态    | 路扩展 | LRU touched
------------------------------------------------------------------
  0    |   域3      | 正常运行   |  否   |  604999999
  1    |   域2      | 正常运行   |  否   |  604999998
  2    |   域0      | 正常运行   |  是   |  604999930
  3    |   域0      | 正常运行   |  是   |  604999893
==================================================================

[动态重分配] 周期605000000：预约迁移 冗余域0(0%) -> 切片2 -> 饥饿域2(6%)
[切片剥夺] 周期605000000：切片2（所属域0）进入待剥夺状态，禁止新替换
[切片剥夺] 周期605000000：切片2在途请求已清空，开始执行脏行写回
[切片管理] 周期605000317：原域0仅剩1个切片，关闭路扩展模式
[动态重分配] 周期605000317：切片2写回完成，自动绑定到域2
[切片管理] 成功绑定切片2 → 安全域2，触发【路扩展模式】

======================== 切片硬件状态 ========================
切片号 | 所属安全域 | 当前状态    | 路扩展 | LRU touched
------------------------------------------------------------------
  0    |   域3      | 正常运行   |  否   |  605000315
  1    |   域2      | 正常运行   |  是   |  605000317
  2    |   域2      | 正常运行   |  是   |  605000317
  3    |   域0      | 正常运行   |  否   |  605000080
==================================================================


======================== 切片硬件状态 ========================
切片号 | 所属安全域 | 当前状态    | 路扩展 | LRU touched
------------------------------------------------------------------
  0    |   域3      | 正常运行   |  否   |  606499888
  1    |   域2      | 正常运行   |  是   |  606499987
  2    |   域2      | 正常运行   |  是   |  606499989
  3    |   域0      | 正常运行   |  否   |  606499989
==================================================================

[动态重分配] 周期606500000：预约迁移 冗余域2(0%) -> 切片1 -> 饥饿域0(6%)
[切片剥夺] 周期606500000：切片1（所属域2）进入待剥夺状态，禁止新替换
[切片剥夺] 周期606500000：切片1在途请求已清空，开始执行脏行写回
[切片管理] 周期606500560：原域2仅剩1个切片，关闭路扩展模式
[动态重分配] 周期606500560：切片1写回完成，自动绑定到域0
[切片管理] 成功绑定切片1 → 安全域0，触发【路扩展模式】

======================== 切片硬件状态 ========================
切片号 | 所属安全域 | 当前状态    | 路扩展 | LRU touched
------------------------------------------------------------------
  0    |   域3      | 正常运行   |  否   |  606500537
  1    |   域0      | 正常运行   |  是   |  606500560
  2    |   域2      | 正常运行   |  否   |  606500554
  3    |   域0      | 正常运行   |  是   |  606500554
==================================================================


======================== 切片硬件状态 ========================
切片号 | 所属安全域 | 当前状态    | 路扩展 | LRU touched
------------------------------------------------------------------
  0    |   域3      | 正常运行   |  否   |  611800000
  1    |   域0      | 正常运行   |  是   |  611799996
  2    |   域2      | 正常运行   |  否   |  611799997
  3    |   域0      | 正常运行   |  是   |  611799997
==================================================================

[动态重分配] 周期611800000：预约迁移 冗余域0(0%) -> 切片3 -> 饥饿域2(8%)
[切片剥夺] 周期611800000：切片3（所属域0）进入待剥夺状态，禁止新替换
[切片剥夺] 周期611800000：切片3在途请求已清空，开始执行脏行写回
[切片管理] 周期611800311：原域0仅剩1个切片，关闭路扩展模式
[动态重分配] 周期611800311：切片3写回完成，自动绑定到域2
[切片管理] 成功绑定切片3 → 安全域2，触发【路扩展模式】

======================== 切片硬件状态 ========================
切片号 | 所属安全域 | 当前状态    | 路扩展 | LRU touched
------------------------------------------------------------------
  0    |   域3      | 正常运行   |  否   |  611800311
  1    |   域0      | 正常运行   |  否   |  611800306
  2    |   域2      | 正常运行   |  是   |  611800308
  3    |   域2      | 正常运行   |  是   |  611800311
==================================================================


======================== 切片硬件状态 ========================
切片号 | 所属安全域 | 当前状态    | 路扩展 | LRU touched
------------------------------------------------------------------
  0    |   域3      | 正常运行   |  否   |  614799943
  1    |   域0      | 正常运行   |  否   |  614799990
  2    |   域2      | 正常运行   |  是   |  614799989
  3    |   域2      | 正常运行   |  是   |  614798790
==================================================================

[动态重分配] 周期614800000：预约迁移 冗余域2(1%) -> 切片2 -> 饥饿域0(7%)
[切片剥夺] 周期614800000：切片2（所属域2）进入待剥夺状态，禁止新替换
[切片剥夺] 周期614800000：切片2在途请求已清空，开始执行脏行写回
[切片管理] 周期614804694：原域2仅剩1个切片，关闭路扩展模式
[动态重分配] 周期614804694：切片2写回完成，自动绑定到域0
[切片管理] 成功绑定切片2 → 安全域0，触发【路扩展模式】

======================== 切片硬件状态 ========================
切片号 | 所属安全域 | 当前状态    | 路扩展 | LRU touched
------------------------------------------------------------------
  0    |   域3      | 正常运行   |  否   |  614804678
  1    |   域0      | 正常运行   |  是   |  614804680
  2    |   域0      | 正常运行   |  是   |  614804694
  3    |   域2      | 正常运行   |  否   |  614804677
==================================================================


======================== 切片硬件状态 ========================
切片号 | 所属安全域 | 当前状态    | 路扩展 | LRU touched
------------------------------------------------------------------
  0    |   域3      | 正常运行   |  否   |  621299999
  1    |   域0      | 正常运行   |  是   |  621299994
  2    |   域0      | 正常运行   |  是   |  621299997
  3    |   域2      | 正常运行   |  否   |  621299999
==================================================================

[动态重分配] 周期621300000：预约迁移 冗余域0(0%) -> 切片1 -> 饥饿域3(6%)
[切片剥夺] 周期621300000：切片1（所属域0）进入待剥夺状态，禁止新替换
[切片剥夺] 周期621300000：切片1在途请求已清空，开始执行脏行写回
[切片管理] 周期621300296：原域0仅剩1个切片，关闭路扩展模式
[动态重分配] 周期621300296：切片1写回完成，自动绑定到域3
[切片管理] 成功绑定切片1 → 安全域3，触发【路扩展模式】

======================== 切片硬件状态 ========================
切片号 | 所属安全域 | 当前状态    | 路扩展 | LRU touched
------------------------------------------------------------------
  0    |   域3      | 正常运行   |  是   |  621300293
  1    |   域3      | 正常运行   |  是   |  621300296
  2    |   域0      | 正常运行   |  否   |  621300296
  3    |   域2      | 正常运行   |  否   |  621300296
==================================================================


======================== 切片硬件状态 ========================
切片号 | 所属安全域 | 当前状态    | 路扩展 | LRU touched
------------------------------------------------------------------
  0    |   域3      | 正常运行   |  是   |  624799983
  1    |   域3      | 正常运行   |  是   |  624799999
  2    |   域0      | 正常运行   |  否   |  624799999
  3    |   域2      | 正常运行   |  否   |  624799994
==================================================================

[动态重分配] 周期624800000：预约迁移 冗余域3(2%) -> 切片1 -> 饥饿域0(9%)
[切片剥夺] 周期624800000：切片1（所属域3）进入待剥夺状态，禁止新替换
[切片剥夺] 周期624800000：切片1在途请求已清空，开始执行脏行写回
[切片管理] 周期624800299：原域3仅剩1个切片，关闭路扩展模式
[动态重分配] 周期624800299：切片1写回完成，自动绑定到域0
[切片管理] 成功绑定切片1 → 安全域0，触发【路扩展模式】

======================== 切片硬件状态 ========================
切片号 | 所属安全域 | 当前状态    | 路扩展 | LRU touched
------------------------------------------------------------------
  0    |   域3      | 正常运行   |  否   |  624800017
  1    |   域0      | 正常运行   |  是   |  624800299
  2    |   域0      | 正常运行   |  是   |  624800094
  3    |   域2      | 正常运行   |  否   |  624800072
==================================================================


======================== 切片硬件状态 ========================
切片号 | 所属安全域 | 当前状态    | 路扩展 | LRU touched
------------------------------------------------------------------
  0    |   域3      | 正常运行   |  否   |  628200000
  1    |   域0      | 正常运行   |  是   |  628199997
  2    |   域0      | 正常运行   |  是   |  628199995
  3    |   域2      | 正常运行   |  否   |  628199998
==================================================================

[动态重分配] 周期628200000：预约迁移 冗余域0(0%) -> 切片1 -> 饥饿域2(6%)
[切片剥夺] 周期628200000：切片1（所属域0）进入待剥夺状态，禁止新替换
[切片剥夺] 周期628200000：切片1在途请求已清空，开始执行脏行写回
[切片管理] 周期628200290：原域0仅剩1个切片，关闭路扩展模式
[动态重分配] 周期628200290：切片1写回完成，自动绑定到域2
[切片管理] 成功绑定切片1 → 安全域2，触发【路扩展模式】

======================== 切片硬件状态 ========================
切片号 | 所属安全域 | 当前状态    | 路扩展 | LRU touched
------------------------------------------------------------------
  0    |   域3      | 正常运行   |  否   |  628200203
  1    |   域2      | 正常运行   |  是   |  628200290
  2    |   域0      | 正常运行   |  否   |  628200289
  3    |   域2      | 正常运行   |  是   |  628200139
==================================================================


======================== 切片硬件状态 ========================
切片号 | 所属安全域 | 当前状态    | 路扩展 | LRU touched
------------------------------------------------------------------
  0    |   域3      | 正常运行   |  否   |  630999932
  1    |   域2      | 正常运行   |  是   |  630999642
  2    |   域0      | 正常运行   |  否   |  630999997
  3    |   域2      | 正常运行   |  是   |  630999945
==================================================================

[动态重分配] 周期631000000：预约迁移 冗余域2(0%) -> 切片1 -> 饥饿域0(9%)
[切片剥夺] 周期631000000：切片1（所属域2）进入待剥夺状态，禁止新替换
[切片剥夺] 周期631000000：切片1在途请求已清空，开始执行脏行写回
[切片管理] 周期631000350：原域2仅剩1个切片，关闭路扩展模式
[动态重分配] 周期631000350：切片1写回完成，自动绑定到域0
[切片管理] 成功绑定切片1 → 安全域0，触发【路扩展模式】

======================== 切片硬件状态 ========================
切片号 | 所属安全域 | 当前状态    | 路扩展 | LRU touched
------------------------------------------------------------------
  0    |   域3      | 正常运行   |  否   |  631000343
  1    |   域0      | 正常运行   |  是   |  631000350
  2    |   域0      | 正常运行   |  是   |  631000343
  3    |   域2      | 正常运行   |  否   |  631000341
==================================================================


======================== 切片硬件状态 ========================
切片号 | 所属安全域 | 当前状态    | 路扩展 | LRU touched
------------------------------------------------------------------
  0    |   域3      | 正常运行   |  否   |  641599998
  1    |   域0      | 正常运行   |  是   |  641599998
  2    |   域0      | 正常运行   |  是   |  641599998
  3    |   域2      | 正常运行   |  否   |  641599996
==================================================================

[动态重分配] 周期641600000：预约迁移 冗余域0(0%) -> 切片1 -> 饥饿域3(6%)
[切片剥夺] 周期641600000：切片1（所属域0）进入待剥夺状态，禁止新替换
[切片剥夺] 周期641600000：切片1在途请求已清空，开始执行脏行写回
[切片管理] 周期641600302：原域0仅剩1个切片，关闭路扩展模式
[动态重分配] 周期641600302：切片1写回完成，自动绑定到域3
[切片管理] 成功绑定切片1 → 安全域3，触发【路扩展模式】

======================== 切片硬件状态 ========================
切片号 | 所属安全域 | 当前状态    | 路扩展 | LRU touched
------------------------------------------------------------------
  0    |   域3      | 正常运行   |  是   |  641600302
  1    |   域3      | 正常运行   |  是   |  641600302
  2    |   域0      | 正常运行   |  否   |  641600297
  3    |   域2      | 正常运行   |  否   |  641600297
==================================================================


======================== 切片硬件状态 ========================
切片号 | 所属安全域 | 当前状态    | 路扩展 | LRU touched
------------------------------------------------------------------
  0    |   域3      | 正常运行   |  是   |  641799999
  1    |   域3      | 正常运行   |  是   |  641799995
  2    |   域0      | 正常运行   |  否   |  641799996
  3    |   域2      | 正常运行   |  否   |  641800000
==================================================================

[动态重分配] 周期641800000：预约迁移 冗余域3(0%) -> 切片0 -> 饥饿域2(6%)
[切片剥夺] 周期641800000：切片0（所属域3）进入待剥夺状态，禁止新替换
[切片剥夺] 周期641800000：切片0在途请求已清空，开始执行脏行写回
[切片管理] 周期641800089：原域3仅剩1个切片，关闭路扩展模式
[动态重分配] 周期641800089：切片0写回完成，自动绑定到域2
[切片管理] 成功绑定切片0 → 安全域2，触发【路扩展模式】

======================== 切片硬件状态 ========================
切片号 | 所属安全域 | 当前状态    | 路扩展 | LRU touched
------------------------------------------------------------------
  0    |   域2      | 正常运行   |  是   |  641800089
  1    |   域3      | 正常运行   |  否   |  641800039
  2    |   域0      | 正常运行   |  否   |  641800086
  3    |   域2      | 正常运行   |  是   |  641800087
==================================================================


======================== 切片硬件状态 ========================
切片号 | 所属安全域 | 当前状态    | 路扩展 | LRU touched
------------------------------------------------------------------
  0    |   域2      | 正常运行   |  是   |  642300000
  1    |   域3      | 正常运行   |  否   |  642299955
  2    |   域0      | 正常运行   |  否   |  642299999
  3    |   域2      | 正常运行   |  是   |  642299942
==================================================================

[动态重分配] 周期642300000：预约迁移 冗余域2(0%) -> 切片3 -> 饥饿域0(8%)
[切片剥夺] 周期642300000：切片3（所属域2）进入待剥夺状态，禁止新替换
[切片剥夺] 周期642300000：切片3在途请求已清空，开始执行脏行写回
[切片管理] 周期642301901：原域2仅剩1个切片，关闭路扩展模式
[动态重分配] 周期642301901：切片3写回完成，自动绑定到域0
[切片管理] 成功绑定切片3 → 安全域0，触发【路扩展模式】

======================== 切片硬件状态 ========================
切片号 | 所属安全域 | 当前状态    | 路扩展 | LRU touched
------------------------------------------------------------------
  0    |   域2      | 正常运行   |  否   |  642301865
  1    |   域3      | 正常运行   |  否   |  642301876
  2    |   域0      | 正常运行   |  是   |  642301901
  3    |   域0      | 正常运行   |  是   |  642301901
==================================================================


======================== 切片硬件状态 ========================
切片号 | 所属安全域 | 当前状态    | 路扩展 | LRU touched
------------------------------------------------------------------
  0    |   域2      | 正常运行   |  否   |  645500000
  1    |   域3      | 正常运行   |  否   |  645499995
  2    |   域0      | 正常运行   |  是   |  645499975
  3    |   域0      | 正常运行   |  是   |  645499977
==================================================================

[动态重分配] 周期645500000：预约迁移 冗余域0(0%) -> 切片2 -> 饥饿域3(6%)
[切片剥夺] 周期645500000：切片2（所属域0）进入待剥夺状态，禁止新替换
[切片剥夺] 周期645500000：切片2在途请求已清空，开始执行脏行写回
[切片管理] 周期645500284：原域0仅剩1个切片，关闭路扩展模式
[动态重分配] 周期645500284：切片2写回完成，自动绑定到域3
[切片管理] 成功绑定切片2 → 安全域3，触发【路扩展模式】

======================== 切片硬件状态 ========================
切片号 | 所属安全域 | 当前状态    | 路扩展 | LRU touched
------------------------------------------------------------------
  0    |   域2      | 正常运行   |  否   |  645500219
  1    |   域3      | 正常运行   |  是   |  645500174
  2    |   域3      | 正常运行   |  是   |  645500284
  3    |   域0      | 正常运行   |  否   |  645499977
==================================================================


======================== 切片硬件状态 ========================
切片号 | 所属安全域 | 当前状态    | 路扩展 | LRU touched
------------------------------------------------------------------
  0    |   域2      | 正常运行   |  否   |  647000000
  1    |   域3      | 正常运行   |  是   |  646999991
  2    |   域3      | 正常运行   |  是   |  646999996
  3    |   域0      | 正常运行   |  否   |  647000000
==================================================================

[动态重分配] 周期647000000：预约迁移 冗余域3(2%) -> 切片1 -> 饥饿域0(11%)
[切片剥夺] 周期647000000：切片1（所属域3）进入待剥夺状态，禁止新替换
[切片剥夺] 周期647000000：切片1在途请求已清空，开始执行脏行写回
[切片管理] 周期647001633：原域3仅剩1个切片，关闭路扩展模式
[动态重分配] 周期647001633：切片1写回完成，自动绑定到域0
[切片管理] 成功绑定切片1 → 安全域0，触发【路扩展模式】

======================== 切片硬件状态 ========================
切片号 | 所属安全域 | 当前状态    | 路扩展 | LRU touched
------------------------------------------------------------------
  0    |   域2      | 正常运行   |  否   |  647001629
  1    |   域0      | 正常运行   |  是   |  647001633
  2    |   域3      | 正常运行   |  否   |  647001633
  3    |   域0      | 正常运行   |  是   |  647001632
==================================================================


======================== 切片硬件状态 ========================
切片号 | 所属安全域 | 当前状态    | 路扩展 | LRU touched
------------------------------------------------------------------
  0    |   域2      | 正常运行   |  否   |  664599979
  1    |   域0      | 正常运行   |  是   |  664599997
  2    |   域3      | 正常运行   |  否   |  664600000
  3    |   域0      | 正常运行   |  是   |  664599999
==================================================================

[动态重分配] 周期664600000：预约迁移 冗余域0(0%) -> 切片3 -> 饥饿域2(7%)
[切片剥夺] 周期664600000：切片3（所属域0）进入待剥夺状态，禁止新替换
[切片剥夺] 周期664600000：切片3在途请求已清空，开始执行脏行写回
[切片管理] 周期664600281：原域0仅剩1个切片，关闭路扩展模式
[动态重分配] 周期664600281：切片3写回完成，自动绑定到域2
[切片管理] 成功绑定切片3 → 安全域2，触发【路扩展模式】

======================== 切片硬件状态 ========================
切片号 | 所属安全域 | 当前状态    | 路扩展 | LRU touched
------------------------------------------------------------------
  0    |   域2      | 正常运行   |  是   |  664599979
  1    |   域0      | 正常运行   |  否   |  664600134
  2    |   域3      | 正常运行   |  否   |  664600126
  3    |   域2      | 正常运行   |  是   |  664600281
==================================================================


======================== 切片硬件状态 ========================
切片号 | 所属安全域 | 当前状态    | 路扩展 | LRU touched
------------------------------------------------------------------
  0    |   域2      | 正常运行   |  是   |  667799991
  1    |   域0      | 正常运行   |  否   |  667799993
  2    |   域3      | 正常运行   |  否   |  667799969
  3    |   域2      | 正常运行   |  是   |  667796367
==================================================================

[动态重分配] 周期667800000：预约迁移 冗余域2(1%) -> 切片0 -> 饥饿域0(8%)
[切片剥夺] 周期667800000：切片0（所属域2）进入待剥夺状态，禁止新替换
[切片剥夺] 周期667800000：切片0在途请求已清空，开始执行脏行写回
[切片管理] 周期667804811：原域2仅剩1个切片，关闭路扩展模式
[动态重分配] 周期667804811：切片0写回完成，自动绑定到域0
[切片管理] 成功绑定切片0 → 安全域0，触发【路扩展模式】

======================== 切片硬件状态 ========================
切片号 | 所属安全域 | 当前状态    | 路扩展 | LRU touched
------------------------------------------------------------------
  0    |   域0      | 正常运行   |  是   |  667804811
  1    |   域0      | 正常运行   |  是   |  667804811
  2    |   域3      | 正常运行   |  否   |  667804811
  3    |   域2      | 正常运行   |  否   |  667804809
==================================================================


======================== 切片硬件状态 ========================
切片号 | 所属安全域 | 当前状态    | 路扩展 | LRU touched
------------------------------------------------------------------
  0    |   域0      | 正常运行   |  是   |  668299990
  1    |   域0      | 正常运行   |  是   |  668299998
  2    |   域3      | 正常运行   |  否   |  668300000
  3    |   域2      | 正常运行   |  否   |  668300000
==================================================================

[动态重分配] 周期668300000：预约迁移 冗余域0(0%) -> 切片1 -> 饥饿域2(7%)
[切片剥夺] 周期668300000：切片1（所属域0）进入待剥夺状态，禁止新替换
[切片剥夺] 周期668300028：切片1在途请求已清空，开始执行脏行写回
[切片管理] 周期668300333：原域0仅剩1个切片，关闭路扩展模式
[动态重分配] 周期668300333：切片1写回完成，自动绑定到域2
[切片管理] 成功绑定切片1 → 安全域2，触发【路扩展模式】

======================== 切片硬件状态 ========================
切片号 | 所属安全域 | 当前状态    | 路扩展 | LRU touched
------------------------------------------------------------------
  0    |   域0      | 正常运行   |  否   |  668300333
  1    |   域2      | 正常运行   |  是   |  668300333
  2    |   域3      | 正常运行   |  否   |  668300333
  3    |   域2      | 正常运行   |  是   |  668300259
==================================================================


======================== 切片硬件状态 ========================
切片号 | 所属安全域 | 当前状态    | 路扩展 | LRU touched
------------------------------------------------------------------
  0    |   域0      | 正常运行   |  否   |  672099995
  1    |   域2      | 正常运行   |  是   |  672099979
  2    |   域3      | 正常运行   |  否   |  672099988
  3    |   域2      | 正常运行   |  是   |  672099996
==================================================================

[动态重分配] 周期672100000：预约迁移 冗余域2(0%) -> 切片1 -> 饥饿域0(12%)
[切片剥夺] 周期672100000：切片1（所属域2）进入待剥夺状态，禁止新替换
[切片剥夺] 周期672100000：切片1在途请求已清空，开始执行脏行写回
[切片管理] 周期672100431：原域2仅剩1个切片，关闭路扩展模式
[动态重分配] 周期672100431：切片1写回完成，自动绑定到域0
[切片管理] 成功绑定切片1 → 安全域0，触发【路扩展模式】

======================== 切片硬件状态 ========================
切片号 | 所属安全域 | 当前状态    | 路扩展 | LRU touched
------------------------------------------------------------------
  0    |   域0      | 正常运行   |  是   |  672100425
  1    |   域0      | 正常运行   |  是   |  672100431
  2    |   域3      | 正常运行   |  否   |  672100431
  3    |   域2      | 正常运行   |  否   |  672100431
==================================================================


======================== 切片硬件状态 ========================
切片号 | 所属安全域 | 当前状态    | 路扩展 | LRU touched
------------------------------------------------------------------
  0    |   域0      | 正常运行   |  是   |  675299976
  1    |   域0      | 正常运行   |  是   |  675299976
  2    |   域3      | 正常运行   |  否   |  675299987
  3    |   域2      | 正常运行   |  否   |  675299985
==================================================================

[动态重分配] 周期675300000：预约迁移 冗余域0(0%) -> 切片0 -> 饥饿域2(6%)
[切片剥夺] 周期675300000：切片0（所属域0）进入待剥夺状态，禁止新替换
[切片剥夺] 周期675300004：切片0在途请求已清空，开始执行脏行写回
[切片管理] 周期675300258：原域0仅剩1个切片，关闭路扩展模式
[动态重分配] 周期675300258：切片0写回完成，自动绑定到域2
[切片管理] 成功绑定切片0 → 安全域2，触发【路扩展模式】

======================== 切片硬件状态 ========================
切片号 | 所属安全域 | 当前状态    | 路扩展 | LRU touched
------------------------------------------------------------------
  0    |   域2      | 正常运行   |  是   |  675300258
  1    |   域0      | 正常运行   |  否   |  675300255
  2    |   域3      | 正常运行   |  否   |  675300252
  3    |   域2      | 正常运行   |  是   |  675300258
==================================================================


======================== 切片硬件状态 ========================
切片号 | 所属安全域 | 当前状态    | 路扩展 | LRU touched
------------------------------------------------------------------
  0    |   域2      | 正常运行   |  是   |  677499992
  1    |   域0      | 正常运行   |  否   |  677499993
  2    |   域3      | 正常运行   |  否   |  677499991
  3    |   域2      | 正常运行   |  是   |  677499992
==================================================================

[动态重分配] 周期677500000：预约迁移 冗余域2(2%) -> 切片0 -> 饥饿域0(12%)
[切片剥夺] 周期677500000：切片0（所属域2）进入待剥夺状态，禁止新替换
[切片剥夺] 周期677500000：切片0在途请求已清空，开始执行脏行写回
[切片管理] 周期677500555：原域2仅剩1个切片，关闭路扩展模式
[动态重分配] 周期677500555：切片0写回完成，自动绑定到域0
[切片管理] 成功绑定切片0 → 安全域0，触发【路扩展模式】

======================== 切片硬件状态 ========================
切片号 | 所属安全域 | 当前状态    | 路扩展 | LRU touched
------------------------------------------------------------------
  0    |   域0      | 正常运行   |  是   |  677500555
  1    |   域0      | 正常运行   |  是   |  677500541
  2    |   域3      | 正常运行   |  否   |  677500540
  3    |   域2      | 正常运行   |  否   |  677500468
==================================================================


======================== 切片硬件状态 ========================
切片号 | 所属安全域 | 当前状态    | 路扩展 | LRU touched
------------------------------------------------------------------
  0    |   域0      | 正常运行   |  是   |  677999985
  1    |   域0      | 正常运行   |  是   |  677999999
  2    |   域3      | 正常运行   |  否   |  677999998
  3    |   域2      | 正常运行   |  否   |  677999994
==================================================================

[动态重分配] 周期678000000：预约迁移 冗余域0(0%) -> 切片1 -> 饥饿域3(6%)
[切片剥夺] 周期678000000：切片1（所属域0）进入待剥夺状态，禁止新替换
[切片剥夺] 周期678000000：切片1在途请求已清空，开始执行脏行写回
[切片管理] 周期678000302：原域0仅剩1个切片，关闭路扩展模式
[动态重分配] 周期678000302：切片1写回完成，自动绑定到域3
[切片管理] 成功绑定切片1 → 安全域3，触发【路扩展模式】

======================== 切片硬件状态 ========================
切片号 | 所属安全域 | 当前状态    | 路扩展 | LRU touched
------------------------------------------------------------------
  0    |   域0      | 正常运行   |  否   |  678000175
  1    |   域3      | 正常运行   |  是   |  678000302
  2    |   域3      | 正常运行   |  是   |  678000162
  3    |   域2      | 正常运行   |  否   |  678000072
==================================================================


======================== 切片硬件状态 ========================
切片号 | 所属安全域 | 当前状态    | 路扩展 | LRU touched
------------------------------------------------------------------
  0    |   域0      | 正常运行   |  否   |  678799995
  1    |   域3      | 正常运行   |  是   |  678799996
  2    |   域3      | 正常运行   |  是   |  678800000
  3    |   域2      | 正常运行   |  否   |  678799997
==================================================================

[动态重分配] 周期678800000：预约迁移 冗余域3(2%) -> 切片1 -> 饥饿域0(9%)
[切片剥夺] 周期678800000：切片1（所属域3）进入待剥夺状态，禁止新替换
[切片剥夺] 周期678800000：切片1在途请求已清空，开始执行脏行写回
[切片管理] 周期678800613：原域3仅剩1个切片，关闭路扩展模式
[动态重分配] 周期678800613：切片1写回完成，自动绑定到域0
[切片管理] 成功绑定切片1 → 安全域0，触发【路扩展模式】

======================== 切片硬件状态 ========================
切片号 | 所属安全域 | 当前状态    | 路扩展 | LRU touched
------------------------------------------------------------------
  0    |   域0      | 正常运行   |  是   |  678800587
  1    |   域0      | 正常运行   |  是   |  678800613
  2    |   域3      | 正常运行   |  否   |  678800612
  3    |   域2      | 正常运行   |  否   |  678800611
==================================================================


======================== 切片硬件状态 ========================
切片号 | 所属安全域 | 当前状态    | 路扩展 | LRU touched
------------------------------------------------------------------
  0    |   域0      | 正常运行   |  是   |  681199839
  1    |   域0      | 正常运行   |  是   |  681199836
  2    |   域3      | 正常运行   |  否   |  681199987
  3    |   域2      | 正常运行   |  否   |  681199999
==================================================================

[动态重分配] 周期681200000：预约迁移 冗余域0(0%) -> 切片0 -> 饥饿域2(6%)
[切片剥夺] 周期681200000：切片0（所属域0）进入待剥夺状态，禁止新替换
[切片剥夺] 周期681200000：切片0在途请求已清空，开始执行脏行写回
[切片管理] 周期681200236：原域0仅剩1个切片，关闭路扩展模式
[动态重分配] 周期681200236：切片0写回完成，自动绑定到域2
[切片管理] 成功绑定切片0 → 安全域2，触发【路扩展模式】

======================== 切片硬件状态 ========================
切片号 | 所属安全域 | 当前状态    | 路扩展 | LRU touched
------------------------------------------------------------------
  0    |   域2      | 正常运行   |  是   |  681200236
  1    |   域0      | 正常运行   |  否   |  681200007
  2    |   域3      | 正常运行   |  否   |  681200129
  3    |   域2      | 正常运行   |  是   |  681200172
==================================================================


======================== 切片硬件状态 ========================
切片号 | 所属安全域 | 当前状态    | 路扩展 | LRU touched
------------------------------------------------------------------
  0    |   域2      | 正常运行   |  是   |  682399981
  1    |   域0      | 正常运行   |  否   |  682399982
  2    |   域3      | 正常运行   |  否   |  682399981
  3    |   域2      | 正常运行   |  是   |  682399955
==================================================================

[动态重分配] 周期682400000：预约迁移 冗余域2(2%) -> 切片3 -> 饥饿域0(8%)
[切片剥夺] 周期682400000：切片3（所属域2）进入待剥夺状态，禁止新替换
[切片剥夺] 周期682400000：切片3在途请求已清空，开始执行脏行写回
[切片管理] 周期682401351：原域2仅剩1个切片，关闭路扩展模式
[动态重分配] 周期682401351：切片3写回完成，自动绑定到域0
[切片管理] 成功绑定切片3 → 安全域0，触发【路扩展模式】

======================== 切片硬件状态 ========================
切片号 | 所属安全域 | 当前状态    | 路扩展 | LRU touched
------------------------------------------------------------------
  0    |   域2      | 正常运行   |  否   |  682401312
  1    |   域0      | 正常运行   |  是   |  682401338
  2    |   域3      | 正常运行   |  否   |  682401349
  3    |   域0      | 正常运行   |  是   |  682401351
==================================================================


======================== 切片硬件状态 ========================
切片号 | 所属安全域 | 当前状态    | 路扩展 | LRU touched
------------------------------------------------------------------
  0    |   域2      | 正常运行   |  否   |  684499985
  1    |   域0      | 正常运行   |  是   |  684499968
  2    |   域3      | 正常运行   |  否   |  684500000
  3    |   域0      | 正常运行   |  是   |  684499968
==================================================================

[动态重分配] 周期684500000：预约迁移 冗余域0(0%) -> 切片1 -> 饥饿域3(6%)
[切片剥夺] 周期684500000：切片1（所属域0）进入待剥夺状态，禁止新替换
[切片剥夺] 周期684500000：切片1在途请求已清空，开始执行脏行写回
[切片管理] 周期684500300：原域0仅剩1个切片，关闭路扩展模式
[动态重分配] 周期684500300：切片1写回完成，自动绑定到域3
[切片管理] 成功绑定切片1 → 安全域3，触发【路扩展模式】

======================== 切片硬件状态 ========================
切片号 | 所属安全域 | 当前状态    | 路扩展 | LRU touched
------------------------------------------------------------------
  0    |   域2      | 正常运行   |  否   |  684499985
  1    |   域3      | 正常运行   |  是   |  684500300
  2    |   域3      | 正常运行   |  是   |  684500296
  3    |   域0      | 正常运行   |  否   |  684500006
==================================================================


======================== 切片硬件状态 ========================
切片号 | 所属安全域 | 当前状态    | 路扩展 | LRU touched
------------------------------------------------------------------
  0    |   域2      | 正常运行   |  否   |  686799959
  1    |   域3      | 正常运行   |  是   |  686799984
  2    |   域3      | 正常运行   |  是   |  686799984
  3    |   域0      | 正常运行   |  否   |  686799985
==================================================================

[动态重分配] 周期686800000：预约迁移 冗余域3(0%) -> 切片1 -> 饥饿域0(7%)
[切片剥夺] 周期686800000：切片1（所属域3）进入待剥夺状态，禁止新替换
[切片剥夺] 周期686800000：切片1在途请求已清空，开始执行脏行写回
[切片管理] 周期686800251：原域3仅剩1个切片，关闭路扩展模式
[动态重分配] 周期686800251：切片1写回完成，自动绑定到域0
[切片管理] 成功绑定切片1 → 安全域0，触发【路扩展模式】

======================== 切片硬件状态 ========================
切片号 | 所属安全域 | 当前状态    | 路扩展 | LRU touched
------------------------------------------------------------------
  0    |   域2      | 正常运行   |  否   |  686800251
  1    |   域0      | 正常运行   |  是   |  686800251
  2    |   域3      | 正常运行   |  否   |  686800251
  3    |   域0      | 正常运行   |  是   |  686800248
==================================================================


======================== 切片硬件状态 ========================
切片号 | 所属安全域 | 当前状态    | 路扩展 | LRU touched
------------------------------------------------------------------
  0    |   域2      | 正常运行   |  否   |  688599997
  1    |   域0      | 正常运行   |  是   |  688599971
  2    |   域3      | 正常运行   |  否   |  688600000
  3    |   域0      | 正常运行   |  是   |  688599977
==================================================================

[动态重分配] 周期688600000：预约迁移 冗余域0(0%) -> 切片1 -> 饥饿域2(6%)
[切片剥夺] 周期688600000：切片1（所属域0）进入待剥夺状态，禁止新替换
[切片剥夺] 周期688600148：切片1在途请求已清空，开始执行脏行写回
[切片管理] 周期688600820：原域0仅剩1个切片，关闭路扩展模式
[动态重分配] 周期688600820：切片1写回完成，自动绑定到域2
[切片管理] 成功绑定切片1 → 安全域2，触发【路扩展模式】

======================== 切片硬件状态 ========================
切片号 | 所属安全域 | 当前状态    | 路扩展 | LRU touched
------------------------------------------------------------------
  0    |   域2      | 正常运行   |  是   |  688600818
  1    |   域2      | 正常运行   |  是   |  688600820
  2    |   域3      | 正常运行   |  否   |  688600819
  3    |   域0      | 正常运行   |  否   |  688600816
==================================================================


======================== 切片硬件状态 ========================
切片号 | 所属安全域 | 当前状态    | 路扩展 | LRU touched
------------------------------------------------------------------
  0    |   域2      | 正常运行   |  是   |  691699996
  1    |   域2      | 正常运行   |  是   |  691699999
  2    |   域3      | 正常运行   |  否   |  691699999
  3    |   域0      | 正常运行   |  否   |  691699921
==================================================================

[动态重分配] 周期691700000：预约迁移 冗余域2(0%) -> 切片0 -> 饥饿域3(6%)
[切片剥夺] 周期691700000：切片0（所属域2）进入待剥夺状态，禁止新替换
[切片剥夺] 周期691700000：切片0在途请求已清空，开始执行脏行写回
[切片管理] 周期691700206：原域2仅剩1个切片，关闭路扩展模式
[动态重分配] 周期691700206：切片0写回完成，自动绑定到域3
[切片管理] 成功绑定切片0 → 安全域3，触发【路扩展模式】

======================== 切片硬件状态 ========================
切片号 | 所属安全域 | 当前状态    | 路扩展 | LRU touched
------------------------------------------------------------------
  0    |   域3      | 正常运行   |  是   |  691700206
  1    |   域2      | 正常运行   |  否   |  691700112
  2    |   域3      | 正常运行   |  是   |  691700113
  3    |   域0      | 正常运行   |  否   |  691699921
==================================================================


======================== 切片硬件状态 ========================
切片号 | 所属安全域 | 当前状态    | 路扩展 | LRU touched
------------------------------------------------------------------
  0    |   域3      | 正常运行   |  是   |  692099998
  1    |   域2      | 正常运行   |  否   |  692099871
  2    |   域3      | 正常运行   |  是   |  692099889
  3    |   域0      | 正常运行   |  否   |  692100000
==================================================================

[动态重分配] 周期692100000：预约迁移 冗余域3(3%) -> 切片2 -> 饥饿域0(11%)
[切片剥夺] 周期692100000：切片2（所属域3）进入待剥夺状态，禁止新替换
[切片剥夺] 周期692100000：切片2在途请求已清空，开始执行脏行写回
[切片管理] 周期692100308：原域3仅剩1个切片，关闭路扩展模式
[动态重分配] 周期692100308：切片2写回完成，自动绑定到域0
[切片管理] 成功绑定切片2 → 安全域0，触发【路扩展模式】

======================== 切片硬件状态 ========================
切片号 | 所属安全域 | 当前状态    | 路扩展 | LRU touched
------------------------------------------------------------------
  0    |   域3      | 正常运行   |  否   |  692100111
  1    |   域2      | 正常运行   |  否   |  692100110
  2    |   域0      | 正常运行   |  是   |  692100308
  3    |   域0      | 正常运行   |  是   |  692100113
==================================================================


**** Debug Statistics at 701000000 Cycles *****
Threads: 4		Fetch Width: 8
No of useful instructions fetched:	1992461433 (35.53% proc util.)
No of total instructions fetched:	2665224521 (47.53% proc util.)
 includes 74028842 misfetch (2.8%), 598734246 (22.5%) wrong-path fetches
 and 0 flushed after failed lock(0.0%)
No of useful instructions issued/executed:	1992461390 (35.53% proc util.)
No of total instructions issued/executed:	2260214413 (40.30% proc util.)
 includes 267753023 wrong-path (11.8%) insts and 0 flushed (0.0%)
	fp 23339, 0.00%
	synch 0, 0.00%
	integer 1590181108, 70.36%
	load/store 670009966, 29.64%
Avg size of int IQ (before scheduling): 26.74
Avg size of fp IQ (before scheduling): 0.00
No of cycles taken:		701000000
Parallelism [ 0.700, 0.000, 1.050, 1.091,] = 2.842
 IQ conflicts: 11457920 (1.63%), FQ conflicts: 0 (0.00%) 
 I reg conflicts: 285259629 (40.69%), FP reg conflicts: 0 (0.00%)
  Activelist confs: 763 (0.00%), ROB confs: 297882 (0.04%)
  Int unit conflicts: 1034992689 (147.65%), FP unit conflicts: 8 (0.00%)
  Load/store unit conflicts: 104446735 (14.90%)
  MSHR conflicts: 445219266 (63.51%)
----------------------------------------
==== System-wide Cache Statistics ====
Stall for miss queue full 4986 cycles (0.00%)
----------------------------------------
==== Statistics for Master ID: 0 ====
Reads: 411588565   Writes: 70365694
ICACHE: size: 64 KB assoc: 2
ICACHE: hits:239508201 misses:4687630  Hit Ratio: 98.08%
DCACHE: size: 2*16 KB assoc: 2*4
DCACHE: hits:233119662 misses:4641788 writebacks:1506379  Hit Ratio: 98.05%
SCACHE: size: 512 KB assoc: 2
SCACHE: hits:6819050 misses:2507345  Hit Ratio: 73.12%
3CACHE: size: 4096 KB assoc: 2
3CACHE: hits:1981652 misses:525693  Hit Ratio: 79.03%
3CACHE: dirty items replaced:133967
ITLB: size: 48, misses 271696, miss rate 0.11%
DTLB: size: 128, misses 518661, miss rate 0.22%
Avg mem delay: 2.494 cycles
----------------------------------------
==== Statistics for Master ID: 2 ====
Reads: 422517047   Writes: 60017345
ICACHE: size: 64 KB assoc: 2
ICACHE: hits:265936537 misses:685824  Hit Ratio: 99.74%
DCACHE: size: 1*16 KB assoc: 1*4
DCACHE: hits:209150661 misses:6764436 writebacks:3053275  Hit Ratio: 96.87%
SCACHE: size: 512 KB assoc: 2
SCACHE: hits:4282981 misses:3164213  Hit Ratio: 57.51%
3CACHE: size: 4096 KB assoc: 2
3CACHE: hits:746289 misses:2417924  Hit Ratio: 23.59%
3CACHE: dirty items replaced:116333
ITLB: size: 48, misses 1702, miss rate 0.00%
DTLB: size: 128, misses 304820, miss rate 0.14%
Avg mem delay: 2.494 cycles
----------------------------------------
==== Statistics for Master ID: 3 ====
Reads: 417471251   Writes: 61530408
ICACHE: size: 64 KB assoc: 2
ICACHE: hits:262660915 misses:671911  Hit Ratio: 99.74%
DCACHE: size: 1*16 KB assoc: 1*4
DCACHE: hits:208907578 misses:6763081 writebacks:3044815  Hit Ratio: 96.86%
SCACHE: size: 512 KB assoc: 2
SCACHE: hits:4365001 misses:3068164  Hit Ratio: 58.72%
3CACHE: size: 4096 KB assoc: 2
3CACHE: hits:790636 misses:2277528  Hit Ratio: 25.77%
3CACHE: dirty items replaced:111147
ITLB: size: 48, misses 1989, miss rate 0.00%
DTLB: size: 128, misses 307444, miss rate 0.14%
Avg mem delay: 2.494 cycles
----------------------------------------
==== Global Resource Utilization ====
STASH: size: 65536 entries, full 2997585707, empty 78519998, misses 7186566, full rate 97.22
icache bank util. 0.134 0.104 0.094 0.119 0.154 0.212 0.150 0.163 
dcache bank util. 0.103 0.125 0.147 0.116 0.179 0.102 0.178 0.114 
L2 bank util. 0.031 0.031 0.031 0.031 0.030 0.030 0.033 0.038 
L1-L2 bus util. = 0.136, L3 util. = 0.074
----------------------------------------

======================== 切片硬件状态 ========================
切片号 | 所属安全域 | 当前状态    | 路扩展 | LRU touched
------------------------------------------------------------------
  0    |   域3      | 正常运行   |  否   |  700999997
  1    |   域2      | 正常运行   |  否   |  700999998
  2    |   域0      | 正常运行   |  是   |  700999906
  3    |   域0      | 正常运行   |  是   |  700999999
==================================================================

branch prediction, hits = 142571592, misses = 25241306, hit rate = 84.96%
return_stack prediction, hits = 15960875, misses = 25894, hit rate = 99.84%
jump prediction, hits = 160584766, misses = 19667954, hit rate = 89.09%

======================== 切片硬件状态 ========================
切片号 | 所属安全域 | 当前状态    | 路扩展 | LRU touched
------------------------------------------------------------------
  0    |   域3      | 正常运行   |  否   |  701000000
  1    |   域2      | 正常运行   |  否   |  700999998
  2    |   域0      | 正常运行   |  是   |  700999906
  3    |   域0      | 正常运行   |  是   |  701000000
==================================================================

[动态重分配] 周期701000000：预约迁移 冗余域0(0%) -> 切片3 -> 饥饿域3(6%)
[切片剥夺] 周期701000000：切片3（所属域0）进入待剥夺状态，禁止新替换
[切片剥夺] 周期701000000：切片3在途请求已清空，开始执行脏行写回
[切片管理] 周期701001713：原域0仅剩1个切片，关闭路扩展模式
[动态重分配] 周期701001713：切片3写回完成，自动绑定到域3
[切片管理] 成功绑定切片3 → 安全域3，触发【路扩展模式】

======================== 切片硬件状态 ========================
切片号 | 所属安全域 | 当前状态    | 路扩展 | LRU touched
------------------------------------------------------------------
  0    |   域3      | 正常运行   |  是   |  701001711
  1    |   域2      | 正常运行   |  否   |  701001713
  2    |   域0      | 正常运行   |  否   |  701001711
  3    |   域3      | 正常运行   |  是   |  701001713
==================================================================


======================== 切片硬件状态 ========================
切片号 | 所属安全域 | 当前状态    | 路扩展 | LRU touched
------------------------------------------------------------------
  0    |   域3      | 正常运行   |  是   |  701999961
  1    |   域2      | 正常运行   |  否   |  701999962
  2    |   域0      | 正常运行   |  否   |  701999986
  3    |   域3      | 正常运行   |  是   |  701999986
==================================================================

[动态重分配] 周期702000000：预约迁移 冗余域3(2%) -> 切片0 -> 饥饿域0(12%)
[切片剥夺] 周期702000000：切片0（所属域3）进入待剥夺状态，禁止新替换
[切片剥夺] 周期702000188：切片0在途请求已清空，开始执行脏行写回
[切片管理] 周期702001177：原域3仅剩1个切片，关闭路扩展模式
[动态重分配] 周期702001177：切片0写回完成，自动绑定到域0
[切片管理] 成功绑定切片0 → 安全域0，触发【路扩展模式】

======================== 切片硬件状态 ========================
切片号 | 所属安全域 | 当前状态    | 路扩展 | LRU touched
------------------------------------------------------------------
  0    |   域0      | 正常运行   |  是   |  702001177
  1    |   域2      | 正常运行   |  否   |  702001161
  2    |   域0      | 正常运行   |  是   |  702001163
  3    |   域3      | 正常运行   |  否   |  702001069
==================================================================


======================== 切片硬件状态 ========================
切片号 | 所属安全域 | 当前状态    | 路扩展 | LRU touched
------------------------------------------------------------------
  0    |   域0      | 正常运行   |  是   |  702600000
  1    |   域2      | 正常运行   |  否   |  702599999
  2    |   域0      | 正常运行   |  是   |  702600000
  3    |   域3      | 正常运行   |  否   |  702599999
==================================================================

[动态重分配] 周期702600000：预约迁移 冗余域0(0%) -> 切片2 -> 饥饿域2(6%)
[切片剥夺] 周期702600000：切片2（所属域0）进入待剥夺状态，禁止新替换
[切片剥夺] 周期702600024：切片2在途请求已清空，开始执行脏行写回
[切片管理] 周期702600326：原域0仅剩1个切片，关闭路扩展模式
[动态重分配] 周期702600326：切片2写回完成，自动绑定到域2
[切片管理] 成功绑定切片2 → 安全域2，触发【路扩展模式】

======================== 切片硬件状态 ========================
切片号 | 所属安全域 | 当前状态    | 路扩展 | LRU touched
------------------------------------------------------------------
  0    |   域0      | 正常运行   |  否   |  702600325
  1    |   域2      | 正常运行   |  是   |  702600166
  2    |   域2      | 正常运行   |  是   |  702600326
  3    |   域3      | 正常运行   |  否   |  702600143
==================================================================


**** Early Exiting at 703231206 Cycles *****
========================================
 SMTSIM Global Statistics
========================================
Threads: 4		Fetch Width: 8
No of useful instructions fetched:	2000000073 (35.55% proc util.)
No of total instructions fetched:	2675054440 (47.55% proc util.)
 includes 74265444 misfetch (2.8%), 600788923 (22.5%) wrong-path fetches
 and 0 flushed after failed lock(0.0%)
No of useful instructions issued/executed:	2000000018 (35.55% proc util.)
No of total instructions issued/executed:	2268718081 (40.33% proc util.)
 includes 268718063 wrong-path (11.8%) insts and 0 flushed (0.0%)
	fp 23339, 0.00%
	synch 0, 0.00%
	integer 1596244593, 70.36%
	load/store 672450149, 29.64%
Avg size of int IQ (before scheduling): 26.77
Avg size of fp IQ (before scheduling): 0.00
No of cycles taken:		703231206
Parallelism [ 0.701, 0.000, 1.051, 1.092,] = 2.844
 IQ conflicts: 11573780 (1.65%), FQ conflicts: 0 (0.00%) 
 I reg conflicts: 285899542 (40.66%), FP reg conflicts: 0 (0.00%)
  Activelist confs: 763 (0.00%), ROB confs: 303266 (0.04%)
  Int unit conflicts: 1038760081 (147.71%), FP unit conflicts: 8 (0.00%)
  Load/store unit conflicts: 104979618 (14.93%)
  MSHR conflicts: 447520993 (63.64%)
----------------------------------------
==== System-wide Cache Statistics ====
Stall for miss queue full 5151 cycles (0.00%)
----------------------------------------
==== Statistics for Master ID: 0 ====
Reads: 413049953   Writes: 70707693
ICACHE: size: 64 KB assoc: 2
ICACHE: hits:240345619 misses:4703639  Hit Ratio: 98.08%
DCACHE: size: 1*16 KB assoc: 1*4
DCACHE: hits:234047070 misses:4664556 writebacks:1517023  Hit Ratio: 98.05%
SCACHE: size: 512 KB assoc: 2
SCACHE: hits:6840707 misses:2524249  Hit Ratio: 73.05%
3CACHE: size: 4096 KB assoc: 2
3CACHE: hits:1995488 misses:528760  Hit Ratio: 79.05%
3CACHE: dirty items replaced:135701
ITLB: size: 48, misses 273211, miss rate 0.11%
DTLB: size: 128, misses 520622, miss rate 0.22%
Avg mem delay: 2.491 cycles
----------------------------------------
==== Statistics for Master ID: 2 ====
Reads: 424007480   Writes: 60229146
ICACHE: size: 64 KB assoc: 2
ICACHE: hits:266895742 misses:686887  Hit Ratio: 99.74%
DCACHE: size: 2*16 KB assoc: 2*4
DCACHE: hits:209879294 misses:6777769 writebacks:3059598  Hit Ratio: 96.87%
SCACHE: size: 512 KB assoc: 2
SCACHE: hits:4289819 misses:3171771  Hit Ratio: 57.49%
3CACHE: size: 4096 KB assoc: 2
3CACHE: hits:751063 misses:2420708  Hit Ratio: 23.68%
3CACHE: dirty items replaced:117007
ITLB: size: 48, misses 1717, miss rate 0.00%
DTLB: size: 128, misses 305281, miss rate 0.14%
Avg mem delay: 2.491 cycles
----------------------------------------
==== Statistics for Master ID: 3 ====
Reads: 419092513   Writes: 61692065
ICACHE: size: 64 KB assoc: 2
ICACHE: hits:263695854 misses:672776  Hit Ratio: 99.75%
DCACHE: size: 1*16 KB assoc: 1*4
DCACHE: hits:209632043 misses:6785838 writebacks:3054294  Hit Ratio: 96.86%
SCACHE: size: 512 KB assoc: 2
SCACHE: hits:4382248 misses:3074433  Hit Ratio: 58.77%
3CACHE: size: 4096 KB assoc: 2
3CACHE: hits:796067 misses:2278366  Hit Ratio: 25.89%
3CACHE: dirty items replaced:111338
ITLB: size: 48, misses 1993, miss rate 0.00%
DTLB: size: 128, misses 307923, miss rate 0.14%
Avg mem delay: 2.491 cycles
----------------------------------------
==== Global Resource Utilization ====
STASH: size: 65536 entries, full 3008253759, empty 78813248, misses 7213095, full rate 97.22
icache bank util. 0.134 0.104 0.094 0.119 0.154 0.212 0.150 0.163 
dcache bank util. 0.103 0.125 0.147 0.117 0.179 0.102 0.178 0.114 
L2 bank util. 0.031 0.031 0.031 0.031 0.030 0.030 0.033 0.038 
L1-L2 bus util. = 0.136, L3 util. = 0.074
----------------------------------------

======================== 切片硬件状态 ========================
切片号 | 所属安全域 | 当前状态    | 路扩展 | LRU touched
------------------------------------------------------------------
  0    |   域0      | 正常运行   |  否   |  703231050
  1    |   域2      | 正常运行   |  是   |  703231199
  2    |   域2      | 正常运行   |  是   |  703231189
  3    |   域3      | 正常运行   |  否   |  703231205
==================================================================

branch prediction, hits = 143030765, misses = 25318054, hit rate = 84.96%
return_stack prediction, hits = 16017876, misses = 26127, hit rate = 99.84%
jump prediction, hits = 161118880, misses = 19732363, hit rate = 89.09%
total IPC 2.844

=== Results saved to: ./results/gcc-166_2_gzip-program_1_gzip-source_1.txt ===
