测试组合（多线程优先）：gcc-integrate.arg2 + gcc-expr.arg + gzip-source.arg
执行命令：./smtsim gcc-integrate.arg2 gcc-expr.arg gzip-source.arg
==================================================

 function_cannot_inline_p save_for_inline copy_for_inline expand_inline_function动态重分配参数：每10万周期检查，阈值5
Process 0, Thread 0: gcc-integrate
Process 0, Thread 1: gcc-integrate
Process 2, Thread 2: gcc-expr
Process 3, Thread 3: gzip-source
[切片调度] 新安全域0无任何切片，尝试分配空闲切片
[切片管理] 成功绑定切片0 → 安全域0

======================== 切片硬件状态 ========================
切片号 | 所属安全域 | 当前状态    | 路扩展 | LRU touched
------------------------------------------------------------------
  0    |   域0      | 正常运行   |  否   |  0
  1    |   域-1     | 切片空闲   |  否   |  0
  2    |   域-1     | 切片空闲   |  否   |  0
  3    |   域-1     | 切片空闲   |  否   |  0
==================================================================

[切片管理] 成功绑定切片1 → 安全域0，触发【路扩展模式】

======================== 切片硬件状态 ========================
切片号 | 所属安全域 | 当前状态    | 路扩展 | LRU touched
------------------------------------------------------------------
  0    |   域0      | 正常运行   |  是   |  0
  1    |   域0      | 正常运行   |  是   |  0
  2    |   域-1     | 切片空闲   |  否   |  0
  3    |   域-1     | 切片空闲   |  否   |  0
==================================================================

[切片调度] 新安全域2无任何切片，尝试分配空闲切片
[切片管理] 成功绑定切片2 → 安全域2

======================== 切片硬件状态 ========================
切片号 | 所属安全域 | 当前状态    | 路扩展 | LRU touched
------------------------------------------------------------------
  0    |   域0      | 正常运行   |  是   |  318
  1    |   域0      | 正常运行   |  是   |  0
  2    |   域2      | 正常运行   |  否   |  0
  3    |   域-1     | 切片空闲   |  否   |  0
==================================================================

[切片管理] 成功绑定切片3 → 安全域2，触发【路扩展模式】

======================== 切片硬件状态 ========================
切片号 | 所属安全域 | 当前状态    | 路扩展 | LRU touched
------------------------------------------------------------------
  0    |   域0      | 正常运行   |  是   |  318
  1    |   域0      | 正常运行   |  是   |  0
  2    |   域2      | 正常运行   |  是   |  0
  3    |   域2      | 正常运行   |  是   |  0
==================================================================

[切片调度] 新安全域3无任何切片，尝试分配空闲切片
[切片调度] 新安全域3未找到空闲切片，尝试剥夺切片
[切片替换] 优先从【路扩展切片】中选择LRU替换目标...
[切片替换] 找到路扩展切片作为受害者：切片1（最后访问：0）
[切片调度] 安全域3触发切片剥夺：从域0剥夺切片1
[切片剥夺] 周期560：切片1（所属域0）进入待剥夺状态，禁止新替换
[切片剥夺] 周期560：切片1在途请求已清空，开始执行脏行写回
[切片剥夺] 周期560：切片1无脏行，直接完成剥夺
[切片管理] 周期560：原域0仅剩1个切片，关闭路扩展模式
[动态重分配] 周期560：切片1写回完成，自动绑定到域3
[切片管理] 成功绑定切片1 → 安全域3

======================== 切片硬件状态 ========================
切片号 | 所属安全域 | 当前状态    | 路扩展 | LRU touched
------------------------------------------------------------------
  0    |   域0      | 正常运行   |  否   |  318
  1    |   域3      | 正常运行   |  否   |  560
  2    |   域2      | 正常运行   |  是   |  435
  3    |   域2      | 正常运行   |  是   |  0
==================================================================

[切片唤醒] 周期560：域3切片就绪，唤醒等待指令

======================== 切片硬件状态 ========================
切片号 | 所属安全域 | 当前状态    | 路扩展 | LRU touched
------------------------------------------------------------------
  0    |   域0      | 正常运行   |  否   |  599999
  1    |   域3      | 正常运行   |  否   |  599998
  2    |   域2      | 正常运行   |  是   |  599431
  3    |   域2      | 正常运行   |  是   |  599433
==================================================================

[动态重分配] 周期600000：预约迁移 冗余域2(1%) -> 切片2 -> 饥饿域3(33%)
[切片剥夺] 周期600000：切片2（所属域2）进入待剥夺状态，禁止新替换
[切片剥夺] 周期600000：切片2在途请求已清空，开始执行脏行写回
[切片管理] 周期603841：原域2仅剩1个切片，关闭路扩展模式
[动态重分配] 周期603841：切片2写回完成，自动绑定到域3
[切片管理] 成功绑定切片2 → 安全域3，触发【路扩展模式】

======================== 切片硬件状态 ========================
切片号 | 所属安全域 | 当前状态    | 路扩展 | LRU touched
------------------------------------------------------------------
  0    |   域0      | 正常运行   |  否   |  603838
  1    |   域3      | 正常运行   |  是   |  603839
  2    |   域3      | 正常运行   |  是   |  603841
  3    |   域2      | 正常运行   |  否   |  603839
==================================================================


**** Debug Statistics at 1000000 Cycles *****
Threads: 4		Fetch Width: 8
No of useful instructions fetched:	520754 (6.51% proc util.)
No of total instructions fetched:	745902 (9.32% proc util.)
 includes 52319 misfetch (7.0%), 172829 (23.2%) wrong-path fetches
 and 0 flushed after failed lock(0.0%)
No of useful instructions issued/executed:	520728 (6.51% proc util.)
No of total instructions issued/executed:	601664 (7.52% proc util.)
 includes 80936 wrong-path (13.5%) insts and 0 flushed (0.0%)
	fp 61, 0.01%
	synch 0, 0.00%
	integer 385172, 64.02%
	load/store 216431, 35.97%
Avg size of int IQ (before scheduling): 40.90
Avg size of fp IQ (before scheduling): 0.01
No of cycles taken:		1000000
Parallelism [ 0.144, 0.000, 0.230, 0.147,] = 0.521
 IQ conflicts: 16654 (1.67%), FQ conflicts: 0 (0.00%) 
 I reg conflicts: 842452 (84.25%), FP reg conflicts: 0 (0.00%)
  Activelist confs: 0 (0.00%), ROB confs: 1007 (0.10%)
  Int unit conflicts: 43340 (4.33%), FP unit conflicts: 2 (0.00%)
  Load/store unit conflicts: 50709 (5.07%)
  MSHR conflicts: 3067814 (306.78%)
----------------------------------------
==== System-wide Cache Statistics ====
Stall for miss queue full 300 cycles (0.00%)
----------------------------------------
==== Statistics for Master ID: 0 ====
Reads: 126664   Writes: 21515
ICACHE: size: 64 KB assoc: 2
ICACHE: hits:72479 misses:2936  Hit Ratio: 96.11%
DCACHE: size: 1*16 KB assoc: 1*4
DCACHE: hits:70951 misses:1813 writebacks:687  Hit Ratio: 97.51%
SCACHE: size: 512 KB assoc: 2
SCACHE: hits:2619 misses:2130  Hit Ratio: 55.15%
3CACHE: size: 4096 KB assoc: 2
3CACHE: hits:310 misses:1820  Hit Ratio: 14.55%
3CACHE: dirty items replaced:3
ITLB: size: 48, misses 146, miss rate 0.19%
DTLB: size: 128, misses 734, miss rate 1.01%
Avg mem delay: 65.331 cycles
----------------------------------------
==== Statistics for Master ID: 2 ====
Reads: 128584   Writes: 27448
ICACHE: size: 64 KB assoc: 2
ICACHE: hits:81494 misses:1657  Hit Ratio: 98.01%
DCACHE: size: 1*16 KB assoc: 1*4
DCACHE: hits:71331 misses:1724 writebacks:873  Hit Ratio: 97.64%
SCACHE: size: 512 KB assoc: 2
SCACHE: hits:725 misses:2482  Hit Ratio: 22.61%
3CACHE: size: 4096 KB assoc: 2
3CACHE: hits:78 misses:2404  Hit Ratio: 3.14%
3CACHE: dirty items replaced:0
ITLB: size: 48, misses 127, miss rate 0.15%
DTLB: size: 128, misses 332, miss rate 0.45%
Avg mem delay: 65.331 cycles
----------------------------------------
==== Statistics for Master ID: 3 ====
Reads: 102647   Writes: 23843
ICACHE: size: 64 KB assoc: 2
ICACHE: hits:55839 misses:222  Hit Ratio: 99.60%
DCACHE: size: 2*16 KB assoc: 2*4
DCACHE: hits:47356 misses:23072 writebacks:22900  Hit Ratio: 67.24%
SCACHE: size: 512 KB assoc: 2
SCACHE: hits:21 misses:23272  Hit Ratio: 0.09%
3CACHE: size: 4096 KB assoc: 2
3CACHE: hits:0 misses:23272  Hit Ratio: 0.00%
3CACHE: dirty items replaced:14
ITLB: size: 48, misses 18, miss rate 0.03%
DTLB: size: 128, misses 5750, miss rate 8.16%
Avg mem delay: 65.331 cycles
----------------------------------------
==== Global Resource Utilization ====
STASH: size: 65536 entries, full 92870772, empty 7118299, misses 837136, full rate 92.11
icache bank util. 0.034 0.023 0.023 0.024 0.025 0.023 0.029 0.048 
dcache bank util. 0.021 0.022 0.040 0.018 0.015 0.017 0.207 0.028 
L2 bank util. 0.009 0.008 0.008 0.008 0.008 0.008 0.284 0.008 
L1-L2 bus util. = 0.167, L3 util. = 0.275
----------------------------------------

======================== 切片硬件状态 ========================
切片号 | 所属安全域 | 当前状态    | 路扩展 | LRU touched
------------------------------------------------------------------
  0    |   域0      | 正常运行   |  否   |  999371
  1    |   域3      | 正常运行   |  是   |  999991
  2    |   域3      | 正常运行   |  是   |  999984
  3    |   域2      | 正常运行   |  否   |  999673
==================================================================

branch prediction, hits = 45625, misses = 9772, hit rate = 82.36%
return_stack prediction, hits = 5177, misses = 13, hit rate = 99.75%
jump prediction, hits = 41181, misses = 11880, hit rate = 77.61%

======================== 切片硬件状态 ========================
切片号 | 所属安全域 | 当前状态    | 路扩展 | LRU touched
------------------------------------------------------------------
  0    |   域0      | 正常运行   |  否   |  19199996
  1    |   域3      | 正常运行   |  是   |  19199954
  2    |   域3      | 正常运行   |  是   |  19199994
  3    |   域2      | 正常运行   |  否   |  19199903
==================================================================

[动态重分配] 周期19200000：预约迁移 冗余域3(12%) -> 切片1 -> 饥饿域2(24%)
[切片剥夺] 周期19200000：切片1（所属域3）进入待剥夺状态，禁止新替换
[切片剥夺] 周期19200156：切片1在途请求已清空，开始执行脏行写回
[切片管理] 周期19203833：原域3仅剩1个切片，关闭路扩展模式
[动态重分配] 周期19203833：切片1写回完成，自动绑定到域2
[切片管理] 成功绑定切片1 → 安全域2，触发【路扩展模式】

======================== 切片硬件状态 ========================
切片号 | 所属安全域 | 当前状态    | 路扩展 | LRU touched
------------------------------------------------------------------
  0    |   域0      | 正常运行   |  否   |  19203825
  1    |   域2      | 正常运行   |  是   |  19203833
  2    |   域3      | 正常运行   |  否   |  19203823
  3    |   域2      | 正常运行   |  是   |  19203831
==================================================================


======================== 切片硬件状态 ========================
切片号 | 所属安全域 | 当前状态    | 路扩展 | LRU touched
------------------------------------------------------------------
  0    |   域0      | 正常运行   |  否   |  19299988
  1    |   域2      | 正常运行   |  是   |  19299954
  2    |   域3      | 正常运行   |  否   |  19299983
  3    |   域2      | 正常运行   |  是   |  19299911
==================================================================

[动态重分配] 周期19300000：预约迁移 冗余域2(3%) -> 切片3 -> 饥饿域3(12%)
[切片剥夺] 周期19300000：切片3（所属域2）进入待剥夺状态，禁止新替换
[切片剥夺] 周期19300000：切片3在途请求已清空，开始执行脏行写回
[切片管理] 周期19300122：原域2仅剩1个切片，关闭路扩展模式
[动态重分配] 周期19300122：切片3写回完成，自动绑定到域3
[切片管理] 成功绑定切片3 → 安全域3，触发【路扩展模式】

======================== 切片硬件状态 ========================
切片号 | 所属安全域 | 当前状态    | 路扩展 | LRU touched
------------------------------------------------------------------
  0    |   域0      | 正常运行   |  否   |  19299988
  1    |   域2      | 正常运行   |  否   |  19299954
  2    |   域3      | 正常运行   |  是   |  19300122
  3    |   域3      | 正常运行   |  是   |  19300122
==================================================================


======================== 切片硬件状态 ========================
切片号 | 所属安全域 | 当前状态    | 路扩展 | LRU touched
------------------------------------------------------------------
  0    |   域0      | 正常运行   |  否   |  23000000
  1    |   域2      | 正常运行   |  否   |  22999940
  2    |   域3      | 正常运行   |  是   |  22999997
  3    |   域3      | 正常运行   |  是   |  22999231
==================================================================

[动态重分配] 周期23000000：预约迁移 冗余域3(12%) -> 切片2 -> 饥饿域2(20%)
[切片剥夺] 周期23000000：切片2（所属域3）进入待剥夺状态，禁止新替换
[切片剥夺] 周期23000140：切片2在途请求已清空，开始执行脏行写回
[切片管理] 周期23005779：原域3仅剩1个切片，关闭路扩展模式
[动态重分配] 周期23005779：切片2写回完成，自动绑定到域2
[切片管理] 成功绑定切片2 → 安全域2，触发【路扩展模式】

======================== 切片硬件状态 ========================
切片号 | 所属安全域 | 当前状态    | 路扩展 | LRU touched
------------------------------------------------------------------
  0    |   域0      | 正常运行   |  否   |  23005778
  1    |   域2      | 正常运行   |  是   |  23005779
  2    |   域2      | 正常运行   |  是   |  23005779
  3    |   域3      | 正常运行   |  否   |  23005778
==================================================================


======================== 切片硬件状态 ========================
切片号 | 所属安全域 | 当前状态    | 路扩展 | LRU touched
------------------------------------------------------------------
  0    |   域0      | 正常运行   |  否   |  23099999
  1    |   域2      | 正常运行   |  是   |  23099999
  2    |   域2      | 正常运行   |  是   |  23099925
  3    |   域3      | 正常运行   |  否   |  23099996
==================================================================

[动态重分配] 周期23100000：预约迁移 冗余域2(2%) -> 切片1 -> 饥饿域3(12%)
[切片剥夺] 周期23100000：切片1（所属域2）进入待剥夺状态，禁止新替换
[切片剥夺] 周期23100000：切片1在途请求已清空，开始执行脏行写回
[切片管理] 周期23100251：原域2仅剩1个切片，关闭路扩展模式
[动态重分配] 周期23100251：切片1写回完成，自动绑定到域3
[切片管理] 成功绑定切片1 → 安全域3，触发【路扩展模式】

======================== 切片硬件状态 ========================
切片号 | 所属安全域 | 当前状态    | 路扩展 | LRU touched
------------------------------------------------------------------
  0    |   域0      | 正常运行   |  否   |  23100240
  1    |   域3      | 正常运行   |  是   |  23100251
  2    |   域2      | 正常运行   |  否   |  23100248
  3    |   域3      | 正常运行   |  是   |  23100251
==================================================================


======================== 切片硬件状态 ========================
切片号 | 所属安全域 | 当前状态    | 路扩展 | LRU touched
------------------------------------------------------------------
  0    |   域0      | 正常运行   |  否   |  31399999
  1    |   域3      | 正常运行   |  是   |  31400000
  2    |   域2      | 正常运行   |  否   |  31400000
  3    |   域3      | 正常运行   |  是   |  31399974
==================================================================

[动态重分配] 周期31400000：预约迁移 冗余域3(12%) -> 切片1 -> 饥饿域0(18%)
[切片剥夺] 周期31400000：切片1（所属域3）进入待剥夺状态，禁止新替换
[切片剥夺] 周期31400172：切片1在途请求已清空，开始执行脏行写回
[切片管理] 周期31403525：原域3仅剩1个切片，关闭路扩展模式
[动态重分配] 周期31403525：切片1写回完成，自动绑定到域0
[切片管理] 成功绑定切片1 → 安全域0，触发【路扩展模式】

======================== 切片硬件状态 ========================
切片号 | 所属安全域 | 当前状态    | 路扩展 | LRU touched
------------------------------------------------------------------
  0    |   域0      | 正常运行   |  是   |  31403489
  1    |   域0      | 正常运行   |  是   |  31403525
  2    |   域2      | 正常运行   |  否   |  31403494
  3    |   域3      | 正常运行   |  否   |  31403510
==================================================================


======================== 切片硬件状态 ========================
切片号 | 所属安全域 | 当前状态    | 路扩展 | LRU touched
------------------------------------------------------------------
  0    |   域0      | 正常运行   |  是   |  31599931
  1    |   域0      | 正常运行   |  是   |  31599980
  2    |   域2      | 正常运行   |  否   |  31599988
  3    |   域3      | 正常运行   |  否   |  31599984
==================================================================

[动态重分配] 周期31600000：预约迁移 冗余域0(5%) -> 切片0 -> 饥饿域3(12%)
[切片剥夺] 周期31600000：切片0（所属域0）进入待剥夺状态，禁止新替换
[切片剥夺] 周期31600000：切片0在途请求已清空，开始执行脏行写回
[切片管理] 周期31600158：原域0仅剩1个切片，关闭路扩展模式
[动态重分配] 周期31600158：切片0写回完成，自动绑定到域3
[切片管理] 成功绑定切片0 → 安全域3，触发【路扩展模式】

======================== 切片硬件状态 ========================
切片号 | 所属安全域 | 当前状态    | 路扩展 | LRU touched
------------------------------------------------------------------
  0    |   域3      | 正常运行   |  是   |  31600158
  1    |   域0      | 正常运行   |  否   |  31600025
  2    |   域2      | 正常运行   |  否   |  31599988
  3    |   域3      | 正常运行   |  是   |  31599984
==================================================================


======================== 切片硬件状态 ========================
切片号 | 所属安全域 | 当前状态    | 路扩展 | LRU touched
------------------------------------------------------------------
  0    |   域3      | 正常运行   |  是   |  35689606
  1    |   域0      | 正常运行   |  否   |  35699996
  2    |   域2      | 正常运行   |  否   |  35699997
  3    |   域3      | 正常运行   |  是   |  35699996
==================================================================

[动态重分配] 周期35700000：预约迁移 冗余域3(12%) -> 切片0 -> 饥饿域0(20%)
[切片剥夺] 周期35700000：切片0（所属域3）进入待剥夺状态，禁止新替换
[切片剥夺] 周期35700000：切片0在途请求已清空，开始执行脏行写回
[切片管理] 周期35702099：原域3仅剩1个切片，关闭路扩展模式
[动态重分配] 周期35702099：切片0写回完成，自动绑定到域0
[切片管理] 成功绑定切片0 → 安全域0，触发【路扩展模式】

======================== 切片硬件状态 ========================
切片号 | 所属安全域 | 当前状态    | 路扩展 | LRU touched
------------------------------------------------------------------
  0    |   域0      | 正常运行   |  是   |  35702099
  1    |   域0      | 正常运行   |  是   |  35702099
  2    |   域2      | 正常运行   |  否   |  35702085
  3    |   域3      | 正常运行   |  否   |  35702083
==================================================================


======================== 切片硬件状态 ========================
切片号 | 所属安全域 | 当前状态    | 路扩展 | LRU touched
------------------------------------------------------------------
  0    |   域0      | 正常运行   |  是   |  35799981
  1    |   域0      | 正常运行   |  是   |  35800000
  2    |   域2      | 正常运行   |  否   |  35799995
  3    |   域3      | 正常运行   |  否   |  35799992
==================================================================

[动态重分配] 周期35800000：预约迁移 冗余域0(2%) -> 切片1 -> 饥饿域3(12%)
[切片剥夺] 周期35800000：切片1（所属域0）进入待剥夺状态，禁止新替换
[切片剥夺] 周期35800000：切片1在途请求已清空，开始执行脏行写回
[切片管理] 周期35800098：原域0仅剩1个切片，关闭路扩展模式
[动态重分配] 周期35800098：切片1写回完成，自动绑定到域3
[切片管理] 成功绑定切片1 → 安全域3，触发【路扩展模式】

======================== 切片硬件状态 ========================
切片号 | 所属安全域 | 当前状态    | 路扩展 | LRU touched
------------------------------------------------------------------
  0    |   域0      | 正常运行   |  否   |  35800097
  1    |   域3      | 正常运行   |  是   |  35800098
  2    |   域2      | 正常运行   |  否   |  35800036
  3    |   域3      | 正常运行   |  是   |  35800025
==================================================================


======================== 切片硬件状态 ========================
切片号 | 所属安全域 | 当前状态    | 路扩展 | LRU touched
------------------------------------------------------------------
  0    |   域0      | 正常运行   |  否   |  40299989
  1    |   域3      | 正常运行   |  是   |  40299994
  2    |   域2      | 正常运行   |  否   |  40299983
  3    |   域3      | 正常运行   |  是   |  40295381
==================================================================

[动态重分配] 周期40300000：预约迁移 冗余域3(12%) -> 切片1 -> 饥饿域2(36%)
[切片剥夺] 周期40300000：切片1（所属域3）进入待剥夺状态，禁止新替换
[切片剥夺] 周期40300184：切片1在途请求已清空，开始执行脏行写回
[切片管理] 周期40304882：原域3仅剩1个切片，关闭路扩展模式
[动态重分配] 周期40304882：切片1写回完成，自动绑定到域2
[切片管理] 成功绑定切片1 → 安全域2，触发【路扩展模式】

======================== 切片硬件状态 ========================
切片号 | 所属安全域 | 当前状态    | 路扩展 | LRU touched
------------------------------------------------------------------
  0    |   域0      | 正常运行   |  否   |  40304868
  1    |   域2      | 正常运行   |  是   |  40304882
  2    |   域2      | 正常运行   |  是   |  40304753
  3    |   域3      | 正常运行   |  否   |  40304879
==================================================================


======================== 切片硬件状态 ========================
切片号 | 所属安全域 | 当前状态    | 路扩展 | LRU touched
------------------------------------------------------------------
  0    |   域0      | 正常运行   |  否   |  40500000
  1    |   域2      | 正常运行   |  是   |  40499594
  2    |   域2      | 正常运行   |  是   |  40499950
  3    |   域3      | 正常运行   |  否   |  40499952
==================================================================

[动态重分配] 周期40500000：预约迁移 冗余域2(3%) -> 切片2 -> 饥饿域3(12%)
[切片剥夺] 周期40500000：切片2（所属域2）进入待剥夺状态，禁止新替换
[切片剥夺] 周期40500176：切片2在途请求已清空，开始执行脏行写回
[切片管理] 周期40500313：原域2仅剩1个切片，关闭路扩展模式
[动态重分配] 周期40500313：切片2写回完成，自动绑定到域3
[切片管理] 成功绑定切片2 → 安全域3，触发【路扩展模式】

======================== 切片硬件状态 ========================
切片号 | 所属安全域 | 当前状态    | 路扩展 | LRU touched
------------------------------------------------------------------
  0    |   域0      | 正常运行   |  否   |  40500226
  1    |   域2      | 正常运行   |  否   |  40500290
  2    |   域3      | 正常运行   |  是   |  40500313
  3    |   域3      | 正常运行   |  是   |  40500237
==================================================================


======================== 切片硬件状态 ========================
切片号 | 所属安全域 | 当前状态    | 路扩展 | LRU touched
------------------------------------------------------------------
  0    |   域0      | 正常运行   |  否   |  40699991
  1    |   域2      | 正常运行   |  否   |  40699990
  2    |   域3      | 正常运行   |  是   |  40699997
  3    |   域3      | 正常运行   |  是   |  40694403
==================================================================

[动态重分配] 周期40700000：预约迁移 冗余域3(12%) -> 切片3 -> 饥饿域2(24%)
[切片剥夺] 周期40700000：切片3（所属域3）进入待剥夺状态，禁止新替换
[切片剥夺] 周期40700000：切片3在途请求已清空，开始执行脏行写回
[切片管理] 周期40717187：原域3仅剩1个切片，关闭路扩展模式
[动态重分配] 周期40717187：切片3写回完成，自动绑定到域2
[切片管理] 成功绑定切片3 → 安 init_expr_once全域2，触发【路扩展模式】

======================== 切片硬件状态 ========================
切片号 | 所属安全域 | 当前状态    | 路扩展 | LRU touched
------------------------------------------------------------------
  0    |   域0      | 正常运行   |  否   |  40717040
  1    |   域2      | 正常运行   |  是   |  40717037
  2    |   域3      | 正常运行   |  否   |  40717187
  3    |   域2      | 正常运行   |  是   |  40717187
==================================================================


======================== 切片硬件状态 ========================
切片号 | 所属安全域 | 当前状态    | 路扩展 | LRU touched
------------------------------------------------------------------
  0    |   域0      | 正常运行   |  否   |  40999935
  1    |   域2      | 正常运行   |  是   |  40999959
  2    |   域3      | 正常运行   |  否   |  40999970
  3    |   域2      | 正常运行   |  是   |  40999959
==================================================================

[动态重分配] 周期41000000：预约迁移 冗余域2(1%) -> 切片1 -> 饥饿域3(12%)
[切片剥夺] 周期41000000：切片1（所属域2）进入待剥夺状态，禁止新替换
[切片剥夺] 周期41000252：切片1在途请求已清空，开始执行脏行写回
[切片管理] 周期41000416：原域2仅剩1个切片，关闭路扩展模式
[动态重分配] 周期41000416：切片1写回完成，自动绑定到域3
[切片管理] 成功绑定切片1 → 安全域3，触发【路扩展模式】

======================== 切片硬件状态 ========================
切片号 | 所属安全域 | 当前状态    | 路扩展 | LRU touched
------------------------------------------------------------------
  0    |   域0      | 正常运行   |  否   |  41000282
  1    |   域3      | 正常运行   |  是   |  41000416
  2    |   域3      | 正常运行   |  是   |  41000412
  3    |   域2      | 正常运行   |  否   |  41000286
==================================================================


======================== 切片硬件状态 ========================
切片号 | 所属安全域 | 当前状态    | 路扩展 | LRU touched
------------------------------------------------------------------
  0    |   域0      | 正常运行   |  否   |  67299937
  1    |   域3      | 正常运行   |  是   |  67300000
  2    |   域3      | 正常运行   |  是   |  67297786
  3    |   域2      | 正常运行   |  否   |  67299944
==================================================================

[动态重分配] 周期67300000：预约迁移 冗余域3(12%) -> 切片1 -> 饥饿域0(24%)
[切片剥夺] 周期67300000：切片1（所属域3）进入待剥夺状态，禁止新替换
[切片剥夺] 周期67300192：切片1在途请求已清空，开始执行脏行写回
[切片管理] 周期67303882：原域3仅剩1个切片，关闭路扩展模式
[动态重分配] 周期67303882：切片1写回完成，自动绑定到域0
[切片管理] 成功绑定切片1 → 安全域0，触发【路扩展模式】

======================== 切片硬件状态 ========================
切片号 | 所属安全域 | 当前状态    | 路扩展 | LRU touched
------------------------------------------------------------------
  0    |   域0      | 正常运行   |  是   |  67303861
  1    |   域0      | 正常运行   |  是   |  67303882
  2    |   域3      | 正常运行   |  否   |  67303869
  3    |   域2      | 正常运行   |  否   |  67303875
==================================================================


======================== 切片硬件状态 ========================
切片号 | 所属安全域 | 当前状态    | 路扩展 | LRU touched
------------------------------------------------------------------
  0    |   域0      | 正常运行   |  是   |  67499997
  1    |   域0      | 正常运行   |  是   |  67499984
  2    |   域3      | 正常运行   |  否   |  67499992
  3    |   域2      | 正常运行   |  否   |  67499999
==================================================================

[动态重分配] 周期67500000：预约迁移 冗余域0(2%) -> 切片0 -> 饥饿域3(12%)
[切片剥夺] 周期67500000：切片0（所属域0）进入待剥夺状态，禁止新替换
[切片剥夺] 周期67500032：切片0在途请求已清空，开始执行脏行写回
[切片管理] 周期67500130：原域0仅剩1个切片，关闭路扩展模式
[动态重分配] 周期67500130：切片0写回完成，自动绑定到域3
[切片管理] 成功绑定切片0 → 安全域3，触发【路扩展模式】

======================== 切片硬件状态 ========================
切片号 | 所属安全域 | 当前状态    | 路扩展 | LRU touched
------------------------------------------------------------------
  0    |   域3      | 正常运行   |  是   |  67500130
  1    |   域0      | 正常运行   |  否   |  67500130
  2    |   域3      | 正常运行   |  是   |  67500128
  3    |   域2      | 正常运行   |  否   |  67500129
==================================================================


======================== 切片硬件状态 ========================
切片号 | 所属安全域 | 当前状态    | 路扩展 | LRU touched
------------------------------------------------------------------
  0    |   域3      | 正常运行   |  是   |  75498503
  1    |   域0      | 正常运行   |  否   |  75499908
  2    |   域3      | 正常运行   |  是   |  75499925
  3    |   域2      | 正常运行   |  否   |  75499920
==================================================================

[动态重分配] 周期75500000：预约迁移 冗余域3(12%) -> 切片0 -> 饥饿域0(52%)
[切片剥夺] 周期75500000：切片0（所属域3）进入待剥夺状态，禁止新替换
[切片剥夺] 周期75500000：切片0在途请求已清空，开始执行脏行写回
[切片管理] 周期75504618：原域3仅剩1个切片，关闭路扩展模式
[动态重分配] 周期75504618：切片0写回完成，自动绑定到域0
[切片管理] 成功绑定切片0 → 安全域0，触发【路扩展模式】

======================== 切片硬件状态 ========================
切片号 | 所属安全域 | 当前状态    | 路扩展 | LRU touched
------------------------------------------------------------------
  0    |   域0      | 正常运行   |  是   |  75504618
  1    |   域0      | 正常运行   |  是   |  75504573
  2    |   域3      | 正常运行   |  否   |  75504612
  3    |   域2      | 正常运行   |  否   |  75504615
==================================================================


======================== 切片硬件状态 ========================
切片号 | 所属安全域 | 当前状态    | 路扩展 | LRU touched
------------------------------------------------------------------
  0    |   域0      | 正常运行   |  是   |  75599925
  1    |   域0      | 正常运行   |  是   |  75599924
  2    |   域3      | 正常运行   |  否   |  75599927
  3    |   域2      | 正常运行   |  否   |  75599986
==================================================================

[动态重分配] 周期75600000：预约迁移 冗余域0(1%) -> 切片1 -> 饥饿域3(12%)
[切片剥夺] 周期75600000：切片1（所属域0）进入待剥夺状态，禁止新替换
[切片剥夺] 周期75600000：切片1在途请求已清空，开始执行脏行写回
[切片管理] 周期75600146：原域0仅剩1个切片，关闭路扩展模式
[动态重分配] 周期75600146：切片1写回完成，自动绑定到域3
[切片管理] 成功绑定切片1 → 安全域3，触发【路扩展模式】

======================== 切片硬件状态 ========================
切片号 | 所属安全域 | 当前状态    | 路扩展 | LRU touched
------------------------------------------------------------------
  0    |   域0      | 正常运行   |  否   |  75600047
  1    |   域3      | 正常运行   |  是   |  75600146
  2    |   域3      | 正常运行   |  是   |  75600045
  3    |   域2      | 正常运行   |  否   |  75600061
============ init_expr save_expr_status restore_expr_status enqueue_insn protect_from_queue======================================================


**** Debug Statistics at 101000000 Cycles *****
Threads: 4		Fetch Width: 8
No of useful instructions fetched:	100530458 (12.44% proc util.)
No of total instructions fetched:	135491531 (16.77% proc util.)
 includes 10593531 misfetch (7.8%), 24367542 (18.0%) wrong-path fetches
 and 0 flushed after failed lock(0.0%)
No of useful instructions issued/executed:	100530427 (12.44% proc util.)
No of total instructions issued/executed:	111264257 (13.77% proc util.)
 includes 10733830 wrong-path (9.6%) insts and 0 flushed (0.0%)
	fp 2005, 0.00%
	synch 0, 0.00%
	integer 71093972, 63.90%
	load/store 40168280, 36.10%
Avg size of int IQ (before scheduling): 16.15
Avg size of fp IQ (before scheduling): 0.00
No of cycles taken:		101000000
Parallelism [ 0.327, 0.000, 0.321, 0.348,] = 0.995
 IQ conflicts: 150296 (0.15%), FQ conflicts: 0 (0.00%) 
 I reg conflicts: 80383015 (79.59%), FP reg conflicts: 0 (0.00%)
  Activelist confs: 87 (0.00%), ROB confs: 1332 (0.00%)
  Int unit conflicts: 7700735 (7.62%), FP unit conflicts: 3 (0.00%)
  Load/store unit conflicts: 4567378 (4.52%)
  MSHR conflicts: 85543507 (84.70%)
----------------------------------------
==== System-wide Cache Statistics ====
Stall for miss queue full 1158 cycles (0.00%)
----------------------------------------
==== Statistics for Master ID: 0 ====
Reads: 24337769   Writes: 4333500
ICACHE: size: 64 KB assoc: 2
ICACHE: hits:13345617 misses:560883  Hit Ratio: 95.97%
DCACHE: size: 1*16 KB assoc: 1*4
DCACHE: hits:14451890 misses:313029 writebacks:101348  Hit Ratio: 97.88%
SCACHE: size: 512 KB assoc: 2
SCACHE: hits:582494 misses:291268  Hit Ratio: 66.67%
3CACHE: size: 4096 KB assoc: 2
3CACHE: hits:230184 misses:61084  Hit Ratio: 79.03%
3CACHE: dirty items replaced:5439
ITLB: size: 48, misses 50480, miss rate 0.36%
DTLB: size: 128, misses 26425, miss rate 0.18%
Avg mem delay: 10.769 cycles
----------------------------------------
==== Statistics for Master ID: 2 ====
Reads: 22470973   Writes: 3882234
ICACHE: size: 64 KB assoc: 2
ICACHE: hits:12348045 misses:546000  Hit Ratio: 95.77%
DCACHE: size: 1*16 KB assoc: 1*4
DCACHE: hits:13111621 misses:347919 writebacks:77108  Hit Ratio: 97.42%
SCACHE: size: 512 KB assoc: 2
SCACHE: hits:597493 misses:296048  Hit Ratio: 66.87%
3CACHE: size: 4096 KB assoc: 2
3CACHE: hits:195074 misses:100974  Hit Ratio: 65.89%
3CACHE: dirty items replaced:5612
ITLB: size: 48, misses 63136, miss rate 0.49%
DTLB: size: 128, misses 25152, miss rate 0.19%
Avg mem delay: 10.769 cycles
----------------------------------------
==== Statistics for Master ID: 3 ====
Reads: 17436733   Writes: 5844659
ICACHE: size: 64 KB assoc: 2
ICACHE: hits:11406064 misses:743  Hit Ratio: 99.99%
DCACHE: size: 2*16 KB assoc: 2*4
DCACHE: hits:10275326 misses:1600279 writebacks:891546  Hit Ratio: 86.52%
SCACHE: size: 512 KB assoc: 2
SCACHE: hits:181 misses:1599820  Hit Ratio: 0.01%
3CACHE: size: 4096 KB assoc: 2
3CACHE: hits:101 misses:1599719  Hit Ratio: 0.01%
3CACHE: dirty items replaced:54041
ITLB: size: 48, misses 79, miss rate 0.00%
DTLB: size: 128, misses 68264, miss rate 0.57%
Avg mem delay: 10.769 cycles
----------------------------------------
==== Global Resource Utilization ====
STASH: size: 65536 entries, full 230925293, empty 14975032, misses 1523861, full rate 93.33
icache bank util. 0.042 0.040 0.034 0.035 0.038 0.143 0.037 0.043 
dcache bank util. 0.060 0.065 0.062 0.057 0.054 0.055 0.068 0.075 
L2 bank util. 0.033 0.034 0.033 0.033 0.033 0.032 0.040 0.047 
L1-L2 bus util. = 0.132, L3 util. = 0.174
----------------------------------------

======================== 切片硬件状态 ========================
切片号 | 所属安全域 | 当前状态    | 路扩展 | LRU touched
------------------------------------------------------------------
  0    |   域0      | 正常运行   |  否   |  100999899
  1    |   域3      | 正常运行   |  是   |  100999929
  2    |   域3      | 正常运行   |  是   |  100999612
  3    |   域2      | 正常运行   |  否   |  100999921
==================================================================

branch prediction, hits = 12677284, misses = 1805283, hit rate = 87.53%
return_stack prediction, hits = 809605, misses = 657, hit rate = 99.92%
jump prediction, hits = 10705253, misses = 2824391, hit rate = 79.12%
 queued_subexp_p emit_queue init_queue convert_move
======================== 切片硬件状态 ========================
切片号 | 所属安全域 | 当前状态    | 路扩展 | LRU touched
------------------------------------------------------------------
  0    |   域0      | 正常运行   |  否   |  132599983
  1    |   域3      | 正常运行   |  是   |  132599978
  2    |   域3      | 正常运行   |  是   |  132599972
  3    |   域2      | 正常运行   |  否   |  132599978
==================================================================

[动态重分配] 周期132600000：预约迁移 冗余域3(0%) -> 切片1 -> 饥饿域0(13%)
[切片剥夺] 周期132600000：切片1（所属域3）进入待剥夺状态，禁止新替换
[切片剥夺] 周期132600000：切片1在途请求已清空，开始执行脏行写回
[切片管理] 周期132602991：原域3仅剩1个切片，关闭路扩展模式
[动态重分配] 周期132602991：切片1写回完成，自动绑定到域0
[切片管理] 成功绑定切片1 → 安全域0，触发【路扩展模式】

======================== 切片硬件状态 ========================
切片号 | 所属安全域 | 当前状态    | 路扩展 | LRU touched
------------------------------------------------------------------
  0    |   域0      | 正常运行   |  是   |  132602859
  1    |   域0      | 正常运行   |  是   |  132602991
  2    |   域3      | 正常运行   |  否   |  132602983
  3    |   域2      | 正常运行   |  否   |  132602987
==================================================================


======================== 切片硬件状态 ========================
切片号 | 所属安全域 | 当前状态    | 路扩展 | LRU touched
------------------------------------------------------------------
  0    |   域0      | 正常运行   |  是   |  136599754
  1    |   域0      | 正常运行   |  是   |  136599877
  2    |   域3      | 正常运行   |  否   |  136599835
  3    |   域2      | 正常运行   |  否   |  136599885
==================================================================

[动态重分配] 周期136600000：预约迁移 冗余域0(0%) -> 切片0 -> 饥饿域2(7%)
[切片剥夺] 周期136600000：切片0（所属域0）进入待剥夺状态，禁止新替换
[切片剥夺] 周期136600000：切片0在途请求已清空，开始执行脏行写回
[切片管理] 周期136600185：原域0仅剩1个切片，关闭路扩展模式
[动态重分配] 周期136600185：切片0写回完成，自动绑定到域2
[切片管理] 成功绑定切片0 → 安全域2，触发【路扩展模式】

======================== 切片硬件状态 ========================
切片号 | 所属安全域 | 当前状态    | 路扩展 | LRU touched
------------------------------------------------------------------
  0    |   域2      | 正常运行   |  是   |  136600185
  1    |   域0      | 正常运行   |  否   |  136600127
  2    |   域3      | 正常运行   |  否   |  136600126
  3    |   域2      | 正常运行   |  是   |  136600146
==================================================================


======================== 切片硬件状态 ========================
切片号 | 所属安全域 | 当前状态    | 路扩展 | LRU touched
------------------------------------------------------------------
  0    |   域2      | 正常运行   |  是   |  139599987
  1    |   域0      | 正常运行   |  否   |  139599997
  2    |   域3      | 正常运行   |  否   |  139599998
  3    |   域2      | 正常运行   |  是   |  139599998
==================================================================

[动态重分配] 周期139600000：预约迁移 冗余域2(2%) -> 切片0 -> 饥饿域0(11%)
[切片剥夺] 周期139600000：切片0（所属域2）进入待剥夺状态，禁止新替换
[切片剥夺] 周期139600000：切片0在途请求已清空，开始执行脏行写回
[切片管理] 周期139600284：原域2仅剩1个切片，关闭路扩展模式
[动态重分配] 周期139600284：切片0写回完成，自动绑定到域0
[切片管理] 成功绑定切片0 → copy_parm_decls copy_decl_tree copy_rtx_and_substitute 安全域0，触发【路扩展模式】

======================== 切片硬件状态 ========================
切片号 | 所属安全域 | 当前状态    | 路扩展 | LRU touched
------------------------------------------------------------------
  0    |   域0      | 正常运行   |  是   |  139600284
  1    |   域0      | 正常运行   |  是   |  139600089
  2    |   域3      | 正常运行   |  否   |  139600073
  3    |   域2      | 正常运行   |  否   |  139600072
==================================================================


======================== 切片硬件状态 ========================
切片号 | 所属安全域 | 当前状态    | 路扩展 | LRU touched
------------------------------------------------------------------
  0    |   域0      | 正常运行   |  是   |  175699997
  1    |   域0      | 正常运行   |  是   |  175699997
  2    |   域3      | 正常运行   |  否   |  175699998
  3    |   域2      | 正常运行   |  否   |  175700000
==================================================================

[动态重分配] 周期175700000：预约迁移 冗余域0(2%) -> 切片0 -> 饥饿域2(11%)
[切片剥夺] 周期175700000：切片0（所属域0）进入待剥夺状态，禁止新替换
[切片剥夺] 周期175700000：切片0在途请求已清空，开始执行脏行写回
[切片管理] 周期175700149：原域0仅剩1个切片，关闭路扩展模式
[动态重分配] 周期175700149：切片0写回完成，自动绑定到域2
[切片管理] 成功绑定切片0 → 安全域2，触发【路扩展模式】

======================== 切片硬件状态 ========================
切片号 | 所属安全域 | 当前状态    | 路扩展 | LRU touched
------------------------------------------------------------------
  0    |   域2      | 正常运行   |  是   |  175700149
  1    |   域0      | 正常运行   |  否   |  175700149
  2    |   域3      | 正常运行   |  否   |  175700033
  3    |   域2      | 正常运行   |  是   |  175700053
==================================================================


======================== 切片硬件状态 ========================
切片号 | 所属安全域 | 当前状态    | 路扩展 | LRU touched
------------------------------------------------------------------
  0    |   域2      | 正常运行   |  是   |  197699992
  1    |   域0      | 正常运行   |  否   |  197700000
  2    |   域3      | 正常运行   |  否   |  197700000
  3    |   域2      | 正常运行   |  是   |  197699995
==================================================================

[动态重分配] 周期197700000：预约迁移 冗余域2(1%) -> 切片0 -> 饥饿域0(7%)
[切片剥夺] 周期197700000：切片0（所属域2）进入待剥夺状态，禁止新替换
[切片剥夺] 周期197700000：切片0在途请求已清空，开始执行脏行写回
[切片管理] 周期197701885：原域2仅剩1个切片，关闭路扩展模式
[动态重分配] 周期197701885：切片0写回完成，自动绑定到域0
[切片管理] 成功绑定切片0 → 安全域0，触发【路扩展模式】

======================== 切片硬件状态 ========================
切片号 | 所属安全域 | 当前状态    | 路扩展 | LRU touched
------------------------------------------------------------------
  0    |   域0      | 正常运行   |  是   |  197701885
  1    |   域0      | 正常运行   |  是   |  197701884
  2    |   域3      | 正常运行   |  否   |  197701884
  3    |   域2      | 正常运行   |  否   |  197701885
==================================================================


**** Debug Statistics at 201000000 Cycles *****
Threads: 4		Fetch Width: 8
No of useful instructions fetched:	377623591 (23.48% proc util.)
No of total instructions fetched:	565887259 (35.19% proc util.)
 includes 34481296 misfetch (6.1%), 153782372 (27.2%) wrong-path fetches
 and 0 flushed after failed lock(0.0%)
No of useful instructions issued/executed:	377623564 (23.48% proc util.)
No of total instructions issued/executed:	452361370 (28.13% proc util.)
 includes 74737806 wrong-path (16.5%) insts and 0 flushed (0.0%)
	fp 5004, 0.00%
	synch 0, 0.00%
	integer 299427525, 66.19%
	load/store 152928841, 33.81%
Avg size of int IQ (before scheduling): 20.56
Avg size of fp IQ (before scheduling): 0.00
No of cycles taken:		201000000
Parallelism [ 0.513, 0.000, 0.504, 0.861,] = 1.879
 IQ conflicts: 1715977 (0.85%), FQ conflicts: 0 (0.00%) 
 I reg conflicts: 110532611 (54.99%), FP reg conflicts: 0 (0.00%)
  Activelist confs: 561 (0.00%), ROB confs: 64765 (0.03%)
  Int unit conflicts: 110597724 (55.02%), FP unit conflicts: 9 (0.00%)
  Load/store unit conflicts: 23300277 (11.59%)
  MSHR conflicts: 114346224 (56.89%)
----------------------------------------
==== System-wide Cache Statistics ====
Stall for miss queue full 1330 cycles (0.00%)
----------------------------------------
==== Statistics for Master ID: 0 ====
Reads: 84585376   Writes: 14098684
ICACHE: size: 64 KB assoc: 2
ICACHE: hits:47572953 misses:1730898  Hit Ratio: 96.49%
DCACHE: size: 2*16 KB assoc: 2*4
DCACHE: hits:48439537 misses:940926 writebacks:301057  Hit Ratio: 98.09%
SCACHE: size: 512 KB assoc: 2
SCACHE: hits:1888087 misses:783482  Hit Ratio: 70.67%
3CACHE: size: 4096 KB assoc: 2
3CACHE: hits:640266 misses:143216  Hit Ratio: 81.72%
3CACHE: dirty items replaced:23598
ITLB: size: 48, misses 136275, miss rate 0.28%
DTLB: size: 128, misses 145456, miss rate 0.29%
Avg mem delay: 4.213 cycles
----------------------------------------
==== Statistics for Master ID: 2 ====
Reads: 85158587   Writes: 14283188
ICACHE: size: 64 KB assoc: 2
ICACHE: hits:47839706 misses:1839896  Hit Ratio: 96.30%
DCACHE: size: 1*16 KB assoc: 1*4
DCACHE: hits:48709702 misses:1053074 writebacks:323096  Hit Ratio: 97.88%
SCACHE: size: 512 KB assoc: 2
SCACHE: hits:2107224 misses:785143  Hit Ratio: 72.85%
3CACHE: size: 4096 KB assoc: 2
3CACHE: hits:610250 misses:174893  Hit Ratio: 77.72%
3CACHE: dirty items replaced:21006
ITLB: size: 48, misses 140089, miss rate 0.28%
DTLB: size: 128, misses 131819, miss rate 0.26%
Avg mem delay: 4.213 cycles
----------------------------------------
==== Statistics for Master ID: 3 ====
Reads: 97083360   Writes: 17284891
ICACHE: size: 64 KB assoc: 2
ICACHE: hits:60910662 misses:30184  Hit Ratio: 99.95%
DCACHE: size: 1*16 KB assoc: 1*4
DCACHE: hits:50473399 misses:2955135 writebacks:1449329  Hit Ratio: 94.47%
SCACHE: size: 512 KB assoc: 2
SCACHE: hits:854622 misses:2129567  Hit Ratio: 28.64%
3CACHE: size: 4096 KB assoc: 2
3CACHE: hits:179150 misses:1950417  Hit Ratio: 8.41%
3CACHE: dirty items replaced:80842
ITLB: size: 48, misses 650, miss rate 0.00%
DTLB: size: 128, misses 141814, miss rate 0.27%
Avg mem delay: 4.213 cycles
----------------------------------------
==== Global Resource Utilization ====
STASH: size: 65536 entries, full 696046672, empty 30382720, misses 2854935, full rate 95.44
icache bank util. 0.100 0.087 0.080 0.092 0.108 0.177 0.100 0.105 
dcache bank util. 0.094 0.105 0.112 0.107 0.122 0.097 0.127 0.101 
L2 bank util. 0.038 0.040 0.038 0.039 0.039 0.037 0.041 0.045 
L1-L2 bus util. = 0.159, L3 util. = 0.113
----------------------------------------

======================== 切片硬件状态 ========================
切片号 | 所属安全域 | 当前状态    | 路扩展 | LRU touched
------------------------------------------------------------------
  0    |   域0      | 正常运行   |  是   |  200999995
  1    |   域0      | 正常运行   |  是   |  200999996
  2    |   域3      | 正常运行   |  否   |  200999999
  3    |   域2      | 正常运行   |  否   |  200999994
==================================================================

branch prediction, hits = 35890532, misses = 6871717, hit rate = 83.93%
return_stack prediction, hits = 3529000, misses = 2888, hit rate = 99.92%
jump prediction, hits = 32612305, misses = 9013221, hit rate = 78.35%

======================== 切片硬件状态 ========================
切片号 | 所属安全域 | 当前状态    | 路扩展 | LRU touched
------------------------------------------------------------------
  0    |   域0      | 正常运行   |  是   |  211399999
  1    |   域0      | 正常运行   |  是   |  211399987
  2    |   域3      | 正常运行   |  否   |  211399981
  3    |   域2      | 正常运行   |  否   |  211400000
==================================================================

[动态重分配] 周期211400000：预约迁移 冗余域0(0%) -> 切片0 -> 饥饿域2(15%)
[切片剥夺] 周期211400000：切片0（所属域0）进入待剥夺状态，禁止新替换
[切片剥夺] 周期211400000：切片0在途请求已清空，开始执行脏行写回
[切片管理] 周期211403386：原域0仅剩1个切片，关闭路扩展模式
[动态重分配] 周期211403386：切片0写回完成，自动绑定到域2
[切片管理] 成功绑定切片0 → 安全域2，触发【路扩展模式】

======================== 切片硬件状态 ========================
切片号 | 所属安全域 | 当前状态    | 路扩展 | LRU touched
------------------------------------------------------------------
  0    |   域2      | 正常运行   |  是   |  211403386
  1    |   域0      | 正常运行   |  否   |  211403386
  2    |   域3      | 正常运行   |  否   |  211403383
  3    |   域2      | 正常运行   |  是   |  211403384
==================================================================


======================== 切片硬件状态 ========================
切片号 | 所属安全域 | 当前状态    | 路扩展 | LRU touched
------------------------------------------------------------------
  0    |   域2      | 正常运行   |  是   |  213399999
  1    |   域0      | 正常运行   |  否   |  213400000
  2    |   域3      | 正常运行   |  否   |  213399998
  3    |   域2      | 正常运行   |  是   |  213399998
==================================================================

[动态重分配] 周期213400000：预约迁移 冗余域2(0%) -> 切片0 -> 饥饿域3(6%)
[切片剥夺] 周期213400000：切片0（所属域2）进入待剥夺状态，禁止新替换
[切片剥夺] 周期213400104：切片0在途请求已清空，开始执行脏行写回
[切片管理] 周期213400324：原域2仅剩1个切片，关闭路扩展模式
[动态重分配] 周期213400324：切片0写回完成，自动绑定到域3
[切片管理] 成功绑定切片0 → 安全域3，触发【路扩展模式】

======================== 切片硬件状态 ========================
切片号 | 所属安全域 | 当前状态    | 路扩展 | LRU touched
------------------------------------------------------------------
  0    |   域3      | 正常运行   |  是   |  213400324
  1    |   域0      | 正常运行   |  否   |  213400158
  2    |   域3      | 正常运行   |  是   |  213400317
  3    |   域2      | 正常运行   |  否   |  213400307
==================================================================


======================== 切片硬件状态 ========================
切片号 | 所属安全域 | 当前状态    | 路扩展 | LRU touched
------------------------------------------------------------------
  0    |   域3      | 正常运行   |  是   |  214199999
  1    |   域0      | 正常运行   |  否   |  214200000
  2    |   域3      | 正常运行   |  是   |  214199995
  3    |   域2      | 正常运行   |  否   |  214199998
==================================================================

[动态重分配] 周期214200000：预约迁移 冗余域3(0%) -> 切片2 -> 饥饿域0(6%)
[切片剥夺] 周期214200000：切片2（所属域3）进入待剥夺状态，禁止新替换
[切片剥夺] 周期214200000：切片2在途请求已清空，开始执行脏行写回
[切片管理] 周期214200017：原域3仅剩1个切片，关闭路扩展模式
[动态重分配] 周期214200017：切片2写回完成，自动绑定到域0
[切片管理] 成功绑定切片2 → 安全域0，触发【路扩展模式】

======================== 切片硬件状态 ========================
切片号 | 所属安全域 | 当前状态    | 路扩展 | LRU touched
------------------------------------------------------------------
  0    |   域3      | 正常运行   |  否   |  214200012
  1    |   域0      | 正常运行   |  是   |  214200017
  2    |   域0      | 正常运行   |  是   |  214200017
  3    |   域2      | 正常运行   |  否   |  214200015
==================================================================


======================== 切片硬件状态 ========================
切片号 | 所属安全域 | 当前状态    | 路扩展 | LRU touched
------------------------------------------------------------------
  0    |   域3      | 正常运行   |  否   |  216199998
  1    |   域0      | 正常运行   |  是   |  216199999
  2    |   域0      | 正常运行   |  是   |  216199999
  3    |   域2      | 正常运行   |  否   |  216199982
==================================================================

[动态重分配] 周期216200000：预约迁移 冗余域0(0%) -> 切片1 -> 饥饿域2(6%)
[切片剥夺] 周期216200000：切片1（所属域0）进入待剥夺状态，禁止新替换
[切片剥夺] 周期216200000：切片1在途请求已清空，开始执行脏行写回
[切片管理] 周期216200318：原域0仅剩1个切片，关闭路扩展模式
[动态重分配] 周期216200318：切片1写回完成，自动绑定到域2
[切片管理] 成功绑定切片1 → 安全域2，触发【路扩展模式】

======================== 切片硬件状态 ========================
切片号 | 所属安全域 | 当前状态    | 路扩展 | LRU touched
------------------------------------------------------------------
  0    |   域3      | 正常运行   |  否   |  216200281
  1    |   域2      | 正常运行   |  是   |  216200318
  2    |   域0      | 正常运行   |  否   |  216200230
  3    |   域2      | 正常运行   |  是   |  216200131
==================================================================


======================== 切片硬件状态 ========================
切片号 | 所属安全域 | 当前状态    | 路扩展 | LRU touched
------------------------------------------------------------------
  0    |   域3      | 正常运行   |  否   |  217599998
  1    |   域2      | 正常运行   |  是   |  217599893
  2    |   域0      | 正常运行   |  否   |  217599997
  3    |   域2      | 正常运行   |  是   |  217599894
==================================================================

[动态重分配] 周期217600000：预约迁移 冗余域2(0%) -> 切片1 -> 饥饿域0(7%)
[切片剥夺] 周期217600000：切片1（所属域2）进入待剥夺状态，禁止新替换
[切片剥夺] 周期217600000：切片1在途请求已清空，开始执行脏行写回
[切片管理] 周期217603547：原域2仅剩1个切片，关闭路扩展模式
[动态重分配] 周期217603547：切片1写回完成，自动绑定到域0
[切片管理] 成功绑定切片1 → 安全域0，触发【路扩展模式】

======================== 切片硬件状态 ========================
切片号 | 所属安全域 | 当前状态    | 路扩展 | LRU touched
------------------------------------------------------------------
  0    |   域3      | 正常运行   |  否   |  217603537
  1    |   域0      | 正常运行   |  是   |  217603547
  2    |   域0      | 正常运行   |  是   |  217603514
  3    |   域2      | 正常运行   |  否   |  217603531
==================================================================


======================== 切片硬件状态 ========================
切片号 | 所属安全域 | 当前状态    | 路扩展 | LRU touched
------------------------------------------------------------------
  0    |   域3      | 正常运行   |  否   |  231099999
  1    |   域0      | 正常运行   |  是   |  231099977
  2    |   域0      | 正常运行   |  是   |  231099999
  3    |   域2      | 正常运行   |  否   |  231100000
==================================================================

[动态重分配] 周期231100000：预约迁移 冗余域0(0%) -> 切片1 -> 饥饿域2(7%)
[切片剥夺] 周期231100000：切片1（所属域0）进入待剥夺状态，禁止新替换
[切片剥夺] 周期231100000：切片1在途请求已清空，开始执行脏行写回
[切片管理] 周期231106265：原域0仅剩1个切片，关闭路扩展模式
[动态重分配] 周期231106265：切片1写回完成，自动绑定到域2
[切片管理] 成功绑定切片1 → 安全域2，触发【路扩展模式】

======================== 切片硬件状态 ========================
切片号 | 所属安全域 | 当前状态    | 路扩展 | LRU touched
------------------------------------------------------------------
  0    |   域3      | 正常运行   |  否   |  231106265
  1    |   域2      | 正常运行   |  是   |  231106265
  2    |   域0      | 正常运行   |  否   |  231106265
  3    |   域2      | 正常运行   |  是   |  231106248
==================================================================


======================== 切片硬件状态 ========================
切片号 | 所属安全域 | 当前状态    | 路扩展 | LRU touched
------------------------------------------------------------------
  0    |   域3      | 正常运行   |  否   |  236899997
  1    |   域2      | 正常运行   |  是   |  236899996
  2    |   域0      | 正常运行   |  否   |  236899997
  3    |   域2      | 正常运行   |  是   |  236899998
==================================================================

[动态重分配] 周期236900000：预约迁移 冗余域2(0%) -> 切片1 -> 饥饿域3(6%)
[切片剥夺] 周期236900000：切片1（所属域2）进入待剥夺状态，禁止新替换
[切片剥夺] 周期236900000：切片1在途请求已清空，开始执行脏行写回
[切片管理] 周期236900119：原域2仅剩1个切片，关闭路扩展模式
[动态重分配] 周期236900119：切片1写回完成，自动绑定到域3
[切片管理] 成功绑定切片1 → 安全域3，触发【路扩展模式】

======================== 切片硬件状态 ========================
切片号 | 所属安全域 | 当前状态    | 路扩展 | LRU touched
------------------------------------------------------------------
  0    |   域3      | 正常运行   |  是   |  236900114
  1    |   域3      | 正常运行   |  是   |  236900119
  2    |   域0      | 正常运行   |  否   |  236900119
  3    |   域2      | 正常运行   |  否   |  236900118
==================================================================


======================== 切片硬件状态 ========================
切片号 | 所属安全域 | 当前状态    | 路扩展 | LRU touched
------------------------------------------------------------------
  0    |   域3      | 正常运行   |  是   |  238199819
  1    |   域3      | 正常运行   |  是   |  238199997
  2    |   域0      | 正常运行   |  否   |  238199999
  3    |   域2      | 正常运行   |  否   |  238199999
==================================================================

[动态重分配] 周期238200000：预约迁移 冗余域3(1%) -> 切片0 -> 饥饿域0(7%)
[切片剥夺] 周期238200000：切片0（所属域3）进入待剥夺状态，禁止新替换
[切片剥夺] 周期238200000：切片0在途请求已清空，开始执行脏行写回
[切片管理] 周期238222644：原域3仅剩1个切片，关闭路扩展模式
[动态重分配] 周期238222644：切片0写回完成，自动绑定到域0
[切片管理] 成功绑定切片0 → 安全域0，触发【路扩展模式】

======================== 切片硬件状态 ========================
切片号 | 所属安全域 | 当前状态    | 路扩展 | LRU touched
------------------------------------------------------------------
  0    |   域0      | 正常运行   |  是   |  238222644
  1    |   域3      | 正常运行   |  否   |  238222639
  2    |   域0      | 正常运行   |  是   |  238222573
  3    |   域2      | 正常运行   |  否   |  238222644
==================================================================


======================== 切片硬件状态 ========================
切片号 | 所属安全域 | 当前状态    | 路扩展 | LRU touched
------------------------------------------------------------------
  0    |   域0      | 正常运行   |  是   |  240999998
  1    |   域3      | 正常运行   |  否   |  240999996
  2    |   域0      | 正常运行   |  是   |  240999980
  3    |   域2      | 正常运行   |  否   |  240999994
==================================================================

[动态重分配] 周期241000000：预约迁移 冗余域0(0%) -> 切片0 -> 饥饿域3(6%)
[切片剥夺] 周期241000000：切片0（所属域0）进入待剥夺状态，禁止新替换
[切片剥夺] 周期241000000：切片0在途请求已清空，开始执行脏行写回
[切片管理] 周期241000302：原域0仅剩1个切片，关闭路扩展模式
[动态重分配] 周期241000302：切片0写回完成，自动绑定到域3
[切片管理] 成功绑定切片0 → 安全域3，触发【路扩展模式】

======================== 切片硬件状态 ========================
切片号 | 所属安全域 | 当前状态    | 路扩展 | LRU touched
------------------------------------------------------------------
  0    |   域3      | 正常运行   |  是   |  241000302
  1    |   域3      | 正常运行   |  是   |  241000172
  2    |   域0      | 正常运行   |  否   |  241000299
  3    |   域2      | 正常运行   |  否   |  241000059
==================================================================


======================== 切片硬件状态 ========================
切片号 | 所属安全域 | 当前状态    | 路扩展 | LRU touched
------------------------------------------------------------------
  0    |   域3      | 正常运行   |  是   |  246299925
  1    |   域3      | 正常运行   |  是   |  246300000
  2    |   域0      | 正常运行   |  否   |  246299985
  3    |   域2      | 正常运行   |  否   |  246299999
==================================================================

[动态重分配] 周期246300000：预约迁移 冗余域3(0%) -> 切片0 -> 饥饿域0(8%)
[切片剥夺] 周期246300000：切片0（所属域3）进入待剥夺状态，禁止新替换
[切片剥夺] 周期246300000：切片0在途请求已清空，开始执行脏行写回
[切片管理] 周期246300260：原域3仅剩1个切片，关闭路扩展模式
[动态重分配] 周期246300260：切片0写回完成，自动绑定到域0
[切片管理] 成功绑定切片0 → 安全域0，触发【路扩展模式】

======================== 切片硬件状态 ========================
切片号 | 所属安全域 | 当前状态    | 路扩展 | LRU touched
------------------------------------------------------------------
  0    |   域0      | 正常运行   |  是   |  246300260
  1    |   域3      | 正常运行   |  否   |  246300260
  2    |   域0      | 正常运行   |  是   |  246300002
  3    |   域2      | 正常运行   |  否   |  246300260
==================================================================


======================== 切片硬件状态 ========================
切片号 | 所属安全域 | 当前状态    | 路扩展 | LRU touched
------------------------------------------------------------------
  0    |   域0      | 正常运行   |  是   |  249199971
  1    |   域3      | 正常运行   |  否   |  249199980
  2    |   域0      | 正常运行   |  是   |  249199971
  3    |   域2      | 正常运行   |  否   |  249199972
==================================================================

[动态重分配] 周期249200000：预约迁移 冗余域0(0%) -> 切片0 -> 饥饿域3(6%)
[切片剥夺] 周期249200000：切片0（所属域0）进入待剥夺状态，禁止新替换
[切片剥夺] 周期249200000：切片0在途请求已清空，开始执行脏行写回
[切片管理] 周期249200167：原域0仅剩1个切片，关闭路扩展模� copy_address��
[动态重分配] 周期249200167：切片0写回完成，自动绑定到域3
[切片管理] 成功绑定切片0 → 安全域3，触发【路扩展模式】

======================== 切片硬件状态 ========================
切片号 | 所属安全域 | 当前状态    | 路扩展 | LRU touched
------------------------------------------------------------------
  0    |   域3      | 正常运行   |  是   |  249200167
  1    |   域3      | 正常运行   |  是   |  249199980
  2    |   域0      | 正常运行   |  否   |  249199971
  3    |   域2      | 正常运行   |  否   |  249199972
==================================================================


======================== 切片硬件状态 ========================
切片号 | 所属安全域 | 当前状态    | 路扩展 | LRU touched
------------------------------------------------------------------
  0    |   域3      | 正常运行   |  是   |  249499996
  1    |   域3      | 正常运行   |  是   |  249499972
  2    |   域0      | 正常运行   |  否   |  249499986
  3    |   域2      | 正常运行   |  否   |  249499994
==================================================================

[动态重分配] 周期249500000：预约迁移 冗余域3(3%) -> 切片1 -> 饥饿域2(14%)
[切片剥夺] 周期249500000：切片1（所属域3）进入待剥夺状态，禁止新替换
[切片剥夺] 周期249500000：切片1在途请求已清空，开始执行脏行写回
[切片管理] 周期249500314：原域3仅剩1个切片，关闭路扩展模式
[动态重分配] 周期249500314：切片1写回完成，自动绑定到域2
[切片管理] 成功绑定切片1 → 安全域2，触发【路扩展模式】

======================== 切片硬件状态 ========================
切片号 | 所属安全域 | 当前状态    | 路扩展 | LRU touched
------------------------------------------------------------------
  0    |   域3      | 正常运行   |  否   |  249500314
  1    |   域2      | 正常运行   |  是   |  249500314
  2    |   域0      | 正常运行   |  否   |  249500152
  3    |   域2      | 正常运行   |  是   |  249500154
==================================================================


======================== 切片硬件状态 ========================
切片号 | 所属安全域 | 当前状态    | 路扩展 | LRU touched
------------------------------------------------------------------
  0    |   域3      | 正常运行   |  否   |  252499998
  1    |   域2      | 正常运行   |  是   |  252499990
  2    |   域0      | 正常运行   |  否   |  252499998
  3    |   域2      | 正常运行   |  是   |  252499998
==================================================================

[动态重分配] 周期252500000：预约迁移 冗余域2(0%) -> 切片1 -> 饥饿域0(6%)
[切片剥夺] 周期252500000：切片1（所属域2）进入待剥夺状态，禁止新替换
[切片剥夺] 周期252500104：切片1在途请求已清空，开始执行脏行写回
[切片管理] 周期252500223：原域2仅剩1个切片，关闭路扩展模式
[动态重分配] 周期252500223：切片1写回完成，自动绑定到域0
[切片管理] 成功绑定切片1 → 安全域0，触发【路扩展模式】

======================== 切片硬件状态 ========================
切片号 | 所属安全域 | 当前状态    | 路扩展 | LRU touched
------------------------------------------------------------------
  0    |   域3      | 正常运行   |  否   |  252500138
  1    |   域0      | 正常运行   |  是   |  252500223
  2    |   域0      | 正常运行   |  是   |  252500160
  3    |   域2      | 正常运行   |  否   |  252500153
==================================================================


======================== 切片硬件状态 ========================
切片号 | 所属安全域 | 当前状态    | 路扩展 | LRU touched
------------------------------------------------------------------
  0    |   域3      | 正常运行   |  否   |  258299997
  1    |   域0      | 正常运行   |  是   convert_to_mode |  258299991
  2    |   域0      | 正常运行   |  是   |  258299999
  3    |   域2      | 正常运行   |  否   |  258299987
==================================================================

[动态重分配] 周期258300000：预约迁移 冗余域0(1%) -> 切片1 -> 饥饿域2(15%)
[切片剥夺] 周期258300000：切片1（所属域0）进入待剥夺状态，禁止新替换
[切片剥夺] 周期258300000：切片1在途请求已清空，开始执行脏行写回
[切片管理] 周期258300296：原域0仅剩1个切片，关闭路扩展模式
[动态重分配] 周期258300296：切片1写回完成，自动绑定到域2
[切片管理] 成功绑定切片1 → 安全域2，触发【路扩展模式】

======================== 切片硬件状态 ========================
切片号 | 所属安全域 | 当前状态    | 路扩展 | LRU touched
------------------------------------------------------------------
  0    |   域3      | 正常运行   |  否   |  258300070
  1    |   域2      | 正常运行   |  是   |  258300296
  2    |   域0      | 正常运行   |  否   |  258300047
  3    |   域2      | 正常运行   |  是   |  258299987
==================================================================


======================== 切片硬件状态 ========================
切片号 | 所属安全域 | 当前状态    | 路扩展 | LRU touched
------------------------------------------------------------------
  0    |   域3      | 正常运行   |  否   |  258899998
  1    |   域2      | 正常运行   |  是   |  258899994
  2    |   域0      | 正常运行   |  否   |  258899993
  3    |   域2      | 正常运行   |  是   |  258899955
==================================================================

[动态重分配] 周期258900000：预约迁移 冗余域2(0%) -> 切片1 -> 饥饿域3(6%)
[切片剥夺] 周期258900000：切片1（所属域2）进入待剥夺状态，禁止新替换
[切片剥夺] 周期258900000：切片1在途请求已清空，开始执行脏行写回
[切片管理] 周期258900212：原域2仅剩1个切片，关闭路扩展模式
[动态重分配] 周期258900212：切片1写回完成，自动绑定到域3
[切片管理] 成功绑定切片1 → 安全域3，触发【路扩展模式】

======================== 切片硬件状态 ========================
切片号 | 所属安全域 | 当前状态    | 路扩展 | LRU touched
------------------------------------------------------------------
  0    |   域3      | 正常运行   |  是   |  258900041
  1    |   域3      | 正常运行   |  是   |  258900212
  2    |   域0      | 正常运行   |  否   |  258900034
  3    |   域2      | 正常运行   |  否   |  258900035
==================================================================


======================== 切片硬件状态 ========================
切片号 | 所属安全域 | 当前状态    | 路扩展 | LRU touched
------------------------------------------------------------------
  0    |   域3      | 正常运行   |  是   |  263399999
  1    |   域3      | 正常运行   |  是   |  263400000
  2    |   域0      | 正常运行   |  否   |  263400000
  3    |   域2      | 正常运行   |  否   |  263399973
==================================================================

[动态重分配] 周期263400000：预约迁移 冗余域3(0%) -> 切片0 -> 饥饿域0(6%)
[切片剥夺] 周期263400000：切片0（所属域3）进入待剥夺状态，禁止新替换
[切片剥夺] 周期263400000：切片0在途请求已清空，开始执行脏行写回
[切片管理] 周期263400227：原域3仅剩1个切片，关闭路扩展模式
[动态重分配] 周期263400227：切片0写回完成，自动绑定到域0
[切片管理] 成功绑定切片0 → 安全域0，触发【路扩展模式】

======================== 切片硬件状态 ========================
切片号 | 所属安全域 | 当前状态    | 路扩展 | LRU touched
------------------------------------------------------------------
  0    |   域0      | 正常运行   |  是   |  263400227
  1    |   域3      | 正常运行   |  否   |  263400058
  2    |   域0      | 正常运行   |  是   |  263400070
  3    |   域2      | 正常运行   |  否   |  263399973
==================================================================


======================== 切片硬件状态 ========================
切片号 | 所属安全域 | 当前状态    | 路扩展 | LRU touched
------------------------------------------------------------------
  0    |   域0      | 正常运行   |  是   |  266699975
  1    |   域3      | 正常运行   |  否   |  266699924
  2    |   域0      | 正常运行   |  是   |  266699916
  3    |   域2      | 正常运行   |  否   |  266699824
==================================================================

[动态重分配] 周期266700000：预约迁移 冗余域0(1%) -> 切片2 -> 饥饿域2(7%)
[切片剥夺] 周期266700000：切片2（所属域0）进入待剥夺状态，禁止新替换
[切片剥夺] 周期266700168：切片2在途请求已清空，开始执行脏行写回
[切片管理] 周期266705141：原域0仅剩1个切片，关闭路扩展模式
[动态重分配] 周期266705141：切片2写回完成，自动绑定到域2
[切片管理] 成功绑定切片2 → 安全域2，触发【路扩展模式】

======================== 切片硬件状态 ========================
切片号 | 所属安全域 | 当前状态    | 路扩展 | LRU touched
------------------------------------------------------------------
  0    |   域0      | 正常运行   |  否   |  266705127
  1    |   域3      | 正常运行   |  否   |  266705126
  2    |   域2      | 正常运行   |  是   |  266705141
  3    |   域2      | 正常运行   |  是   |  266705101
==================================================================


======================== 切片硬件状态 ========================
切片号 | 所属安全域 | 当前状态    | 路扩展 | LRU touched
------------------------------------------------------------------
  0    |   域0      | 正常运行   |  否   |  266799922
  1    |   域3      | 正常运行   |  否   |  266799947
  2    |   域2      | 正常运行   |  是   |  266799931
  3    |   域2      | 正常运行   |  是   |  266799933
==================================================================

[动态重分配] 周期266800000：预约迁移 冗余域2(2%) -> 切片3 -> 饥饿域3(9%)
[切片剥夺] 周期266800000：切片3（所属域2）进入待剥夺状态，禁止新替换
[切片剥夺] 周期266800000：切片3在途请求已清空，开始执行脏行写回
[切片管理] 周期266800248：原域2仅剩1个切片，关闭路扩展模式
[动态重分配] 周期266800248：切片3写回完成，自动绑定到域3
[切片管理] 成功绑定切片3 → 安全域3，触发【路扩展模式】

======================== 切片硬件状态 ========================
切片号 | 所属安全域 | 当前状态    | 路扩展 | LRU touched
------------------------------------------------------------------
  0    |   域0      | 正常运行   |  否   |  266800244
  1    |   域3      | 正常运行   |  是   |  266800248
  2    |   域2      | 正常运行   |  否   |  266800246
  3    |   域3      | 正常运行   |  是   |  266800248
==================================================================


======================== 切片硬件状态 ========================
切片号 | 所属安全域 | 当前状态    | 路扩展 | LRU touched
------------------------------------------------------------------
  0    |   域0      | 正常运行   |  否   |  266999993
  1    |   域3      | 正常运行   |  是   |  266999995
  2    |   域2      | 正常运行   |  否   |  266999901
  3    |   域3      | 正常运行   |  是   |  266926926
==================================================================

[动态重分配] 周期267000000：预约迁移 冗余域3(0%) -> 切片1 -> 饥饿域2(31%)
[切片剥夺] 周期267000000：切片1（所属域3）进入待剥夺状态，禁止新替换
[切片剥夺] 周期267000000：切片1在途请求已清空，开始执行脏行写回
[切片管理] 周期267000119：原域3仅剩1个切片，关闭路扩展模式
[动态重分配] 周期267000119：切片1写回完成，自动绑定到域2
[切片管理] 成功绑定切片1 → 安全域2，触发【路扩展模式】

======================== 切片硬件状态 ========================
切片号 | 所属安全域 | 当前状态    | 路扩展 | LRU touched
------------------------------------------------------------------
  0    |   域0      | 正常运行   |  否   |  266999993
  1    |   域2      | 正常运行   |  是   |  267000119
  2    |   域2      | 正常运行   |  是   |  267000003
  3    |   域3      | 正常运行   |  否   |  267000008
==================================================================


======================== 切片硬件状态 ========================
切片号 | 所属安全域 | 当前状态    | 路扩展 | LRU touched
------------------------------------------------------------------
  0    |   域0      | 正常运行   |  否   |  268700000
  1    |   域2      | 正常运行   |  是   |  268699995
  2    |   域2      | 正常运行   |  是   |  268699975
  3    |   域3      | 正常运行   |  否   |  268700000
==================================================================

[动态重分配] 周期268700000：预约迁移 冗余域2(1%) -> 切片1 -> 饥饿域0(7%)
[切片剥夺] 周期268700000：切片1（所属域2）进入待剥夺状态，禁止新替换
[切片剥夺] 周期268700000：切片1在途请求已清空，开始执行脏行写回
[切片管理] 周期268700032：原域2仅剩1个切片，关闭路扩展模式
[动态重分配] 周期268700032：切片1写回完成，自动绑定到域0
[切片管理] 成功绑定切片1 → 安全域0，触发【路扩展模式】

======================== 切片硬件状态 ========================
切片号 | 所属安全域 | 当前状态    | 路扩展 | LRU touched
------------------------------------------------------------------
  0    |   域0      | 正常运行   |  是   |  268700025
  1    |   域0      | 正常运行   |  是   |  268700032
  2    |   域2      | 正常运行   |  否   |  268700032
  3    |   域3      | 正常运行   |  否   |  268700031
==================================================================


======================== 切片硬件状态 ========================
切片号 | 所属安全域 | 当前状态    | 路扩展 | LRU touched
------------------------------------------------------------------
  0    |   域0      | 正常运行   |  是   |  269399588
  1    |   域0      | 正常运行   |  是   |  269399608
  2    |   域2      | 正常运行   |  否   |  269399996
  3    |   域3      | 正常运行   |  否   |  269399999
==================================================================

[动态重分配] 周期269400000：预约迁移 冗余域0(1%) -> 切片0 -> 饥饿域2(8%)
[切片剥夺] 周期269400000：切片0（所属域0）进入待剥夺状态，禁止新替换
[切片剥夺] 周期269400000：切片0在途请求已清空，开始执行脏行写回
[切片管理] 周期269400293：原域0仅剩1个切片，关闭路扩展模式
[动态重分配] 周期269400293：切片0写回完成，自动绑定到域2
[切片管理] 成功绑定切片0 → 安全域2，触发【路扩展模式】

======================== 切片硬件状态 ========================
切片号 | 所属安全域 | 当前状态    | 路扩展 | LRU touched
------------------------------------------------------------------
  0    |   域2      | 正常运行   |  是   |  269400293
  1    |   域0      | 正常运行   |  否   |  269399608
  2    |   域2      | 正常运行   |  是   |  269400045
  3    |   域3      | 正常运行   |  否   |  269400155
==================================================================


======================== 切片硬件状态 ========================
切片号 | 所属安全域 | 当前状态    | 路扩展 | LRU touched
------------------------------------------------------------------
  0    |   域2      | 正常运行   |  是   |  271499997
  1    |   域0      | 正常运行   |  否   |  271500000
  2    |   域2      | 正常运行   |  是   |  271499997
  3    |   域3      | 正常运行   |  否   |  271499999
==================================================================

[动态重分配] 周期271500000：预约迁移 冗余域2(0%) -> 切片0 -> 饥饿域3(6%)
[切片剥夺] 周期271500000：切片0（所属域2）进入待剥夺状态，禁止新替换
[切片剥夺] 周期271500000：切片0在途请求已清空，开始执行脏行写回
[切片管理] 周期271502155：原域2仅剩1个切片，关闭路扩展模式
[动态重分配] 周期271502155：切片0写回完成，自动绑定到域3
[切片管理] 成功绑定切片0 → 安全域3，触发【路扩展模式】

======================== 切片硬件状态 ========================
切片号 | 所属安全域 | 当前状态    | 路扩展 | LRU touched
------------------------------------------------------------------
  0    |   域3      | 正常运行   |  是   |  271502155
  1    |   域0      | 正常运行   |  否   |  271502151
  2    |   域2      | 正常运行   |  否   |  271501971
  3    |   域3      | 正常运行   |  是   |  271502148
==================================================================


======================== 切片硬件状态 ========================
切片号 | 所属安全域 | 当前状态    | 路扩展 | LRU touched
------------------------------------------------------------------
  0    |   域3      | 正常运行   |  是   |  275599963
  1    |   域0      | 正常运行   |  否   |  275599973
  2    |   域2      | 正常运行   |  否   |  275599998
  3    |   域3      | 正常运行   |  是   |  275599652
==================================================================

[动态重分配] 周期275600000：预约迁移 冗余域3(4%) -> 切片0 -> 饥饿域0(15%)
[切片剥夺] 周期275600000：切片0（所属域3）进入待剥夺状态，禁止新替换
[切片剥夺] 周期275600016：切片0在途请求已清空，开始执行脏行写回
[切片管理] 周期275605864：原域3仅剩1个切片，关闭路扩展模式
[动态重分配] 周期275605864：切片0写回完成，自动绑定到域0
[切片管理] 成功绑定切片0 → 安全域0，触发【路扩展模式】

======================== 切片硬件状态 ========================
切片号 | 所属安全域 | 当前状态    | 路扩展 | LRU touched
------------------------------------------------------------------
  0    |   域0      | 正常运行   |  是   |  275605864
  1    |   域0      | 正常运行   |  是   |  275605830
  2    |   域2      | 正常运行   |  否   |  275605861
  3    |   域3      | 正常运行   |  否   |  275605861
==================================================================


**** Debug Statistics at 301000000 Cycles *****
Threads: 4		Fetch Width: 8
No of useful instructions fetched:	713159035 (29.62% proc util.)
No of total instructions fetched:	1067419489 (44.33% proc util.)
 includes 58104624 misfetch (5.4%), 296155830 (27.7%) wrong-path fetches
 and 0 flushed after failed lock(0.0%)
No of useful instructions issued/executed:	713159018 (29.62% proc util.)
No of total instructions issued/executed:	856577537 (35.57% proc util.)
 includes 143418519 wrong-path (16.7%) insts and 0 flushed (0.0%)
	fp 9107, 0.00%
	synch 0, 0.00%
	integer 571006777, 66.66%
	load/store 285561653, 33.34%
Avg size of int IQ (before scheduling): 23.42
Avg size of fp IQ (before scheduling): 0.00
No of cycles taken:		301000000
Parallelism [ 0.632, 0.000, 0.631, 1.107,] = 2.369
 IQ conflicts: 4717442 (1.57%), FQ conflicts: 0 (0.00%) 
 I reg conflicts: 129116610 (42.90%), FP reg conflicts: 0 (0.00%)
  Activelist confs: 1093 (0.00%), ROB confs: 243434 (0.08%)
  Int unit conflicts: 276176421 (91.75%), FP unit conflicts: 9 (0.00%)
  Load/store unit conflicts: 49256475 (16.36%)
  MSHR conflicts: 144666472 (48.06%)
----------------------------------------
==== System-wide Cache Statistics ====
Stall for miss queue full 2766 cycles (0.00%)
----------------------------------------
==== Statistics for Master ID: 0 ====
Reads: 157685945   Writes: 27025956
ICACHE: size: 64 KB assoc: 2
ICACHE: hits:89764040 misses:2761077  Hit Ratio: 97.02%
DCACHE: size: 2*16 KB assoc: 2*4
DCACHE: hits:90417158 misses:1770799 writebacks:574331  Hit Ratio: 98.08%
SCACHE: size: 512 KB assoc: 2
SCACHE: hits:3118927 misses:1411776  Hit Ratio: 68.84%
3CACHE: size: 4096 KB assoc: 2
3CACHE: hits:1174360 misses:237416  Hit Ratio: 83.18%
3CACHE: dirty items replaced:62227
ITLB: size: 48, misses 199554, miss rate 0.22%
DTLB: size: 128, misses 265898, miss rate 0.29%
Avg mem delay: 2.993 cycles
----------------------------------------
==== Statistics for Master ID: 2 ====
Reads: 160692873   Writes: 26563202
ICACHE: size: 64 KB assoc: 2
ICACHE: hits:90972068 misses:2979178  Hit Ratio: 96.83%
DCACHE: size: 1*16 KB assoc: 1*4
DCACHE: hits:91443018 misses:1862932 writebacks:589076  Hit Ratio: 98.00%
SCACHE: size: 512 KB assoc: 2
SCACHE: hits:3570425 misses:1270564  Hit Ratio: 73.75%
3CACHE: size: 4096 KB assoc: 2
3CACHE: hits:1024451 misses:246113  Hit Ratio: 80.63%
3CACHE: dirty items replaced:49877
ITLB: size: 48, misses 203412, miss rate 0.22%
DTLB: size: 128, misses 241609, miss rate 0.26%
Avg mem delay: 2.993 cycles
----------------------------------------
==== Statistics for Master ID: 3 ====
Reads: 185992792   Writes: 29794880
ICACHE: size: 64 KB assoc: 2
ICACHE: hits:116290158 misses:63671  Hit Ratio: 99.95%
DCACHE: size: 1*16 KB assoc: 1*4
DCACHE: hits:95409584 misses:4026074 writebacks:1894688  Hit Ratio: 95.95%
SCACHE: size: 512 KB assoc: 2
SCACHE: hits:1705871 misses:2382058  Hit Ratio: 41.73%
3CACHE: size: 4096 KB assoc: 2
3CACHE: hits:381323 misses:2000735  Hit Ratio: 16.01%
3CACHE: dirty items replaced:99199
ITLB: size: 48, misses 1259, miss rate 0.00%
DTLB: size: 128, misses 195692, miss rate 0.20%
Avg mem delay: 2.993 cycles
----------------------------------------
==== Global Resource Utilization ====
STASH: size: 65536 entries, full 1239333498, empty 43781366, misses 4020909, full rate 96.29
icache bank util. 0.128 0.111 0.104 0.119 0.142 0.194 0.128 0.137 
dcache bank util. 0.119 0.129 0.137 0.129 0.154 0.113 0.153 0.119 
L2 bank util. 0.039 0.041 0.040 0.041 0.039 0.037 0.041 0.043 
L1-L2 bus util. = 0.165, L3 util. = 0.083
----------------------------------------

======================== 切片硬件状态 ========================
切片号 | 所属安全域 | 当前状态    | 路扩展 | LRU touched
------------------------------------------------------------------
  0    |   域0      | 正常运行   |  是   |  300999990
  1    |   域0      | 正常运行   |  是   |  300999990
  2    |   域2      | 正常运行   |  否   |  300999998
  3    |   域3      | 正常运行   |  否   |  300999997
==================================================================

branch prediction, hits = 64305623, misses = 12183669, hit rate = 84.07%
return_stack prediction, hits = 6633888, misses = 3959, hit rate = 99.94%
jump prediction, hits = 59774048, misses = 15213910, hit rate = 79.71%

======================== 切片硬件状态 ========================
切片号 | 所属安全域 | 当前状态    | 路扩展 | LRU touched
------------------------------------------------------------------
  0    |   域0      | 正常运行   |  是   |  307499987
  1    |   域0      | 正常运行   |  是   |  307499999
  2    |   域2      | 正常运行   |  否   |  307499994
  3    |   域3      | 正常运行   |  否   |  307499987
==================================================================

[动态重分配] 周期307500000：预约迁移 冗余域0(2%) -> 切片1 -> 饥饿域2(13%)
[切片剥夺] 周期307500000：切片1（所属域0）进入待剥夺状态，禁止新替换
[切片剥夺] 周期307500000：切片1在途请求已清空，开始执行脏行写回
[切片管理] 周期307501594：原域0仅剩1个切片，关闭路扩展模式
[动态重分配] 周期307501594：切片1写回完成，自动绑定到域2
[切片管理] 成功绑定切片1 → 安全域2，触发【路扩展模式】

======================== 切片硬件状态 ========================
切片号 | 所属安全域 | 当前状态    | 路扩展 | LRU touched
------------------------------------------------------------------
  0    |   域0      | 正常运行   |  否   |  307501579
  1    |   域2      | 正常运行   |  是   |  307501594
  2    |   域2      | 正常运行   |  是   |  307501594
  3    |   域3      | 正常运行   |  否   |  307501580
==================================================================


======================== 切片硬件状态 ========================
切片号 | 所属安全域 | 当前状态    | 路扩展 | LRU touched
------------------------------------------------------------------
  0    |   域0      | 正常运行   |  否   |  309399964
  1    |   域2      | 正常运行   |  是   |  309399943
  2    |   域2      | 正常运行   |  是   |  309399943
  3    |   域3      | 正常运行   |  否   |  309399997
==================================================================

[动态重分配] 周期309400000：预约迁移 冗余域2(2%) -> 切片2 -> 饥饿域0(8%)
[切片剥夺] 周期309400000：切片2（所属域2）进入待剥夺状态，禁止新替换
[切片剥夺] 周期309400308：切片2在途请求已清空，开始执行脏行写回
[切片管理] 周期309403282：原域2仅剩1个切片，关闭路扩展模式
[动态重分配] 周期309403282：切片2写回完成，自动绑定到域0
[切片管理] 成功绑定切片2 → 安全域0，触发【路扩展模式】

======================== 切片硬件状态 ========================
切片号 | 所属安全域 | 当前状态    | 路扩展 | LRU touched
------------------------------------------------------------------
  0    |   域0      | 正常运行   |  是   |  309403165
  1    |   域2      | 正常运行   |  否   |  309403278
  2    |   域0      | 正常运行   |  是   |  309403282
  3    |   域3      | 正常运行   |  否   |  309403282
==================================================================


======================== 切片硬件状态 ========================
切片号 | 所属安全域 | 当前状态    | 路扩展 | LRU touched
------------------------------------------------------------------
  0    |   域0      | 正常运行   |  是   |  310099738
  1    |   域2      | 正常运行   |  否   |  310099943
  2    |   域0      | 正常运行   |  是   |  310099786
  3    |   域3      | 正常运行   |  否   |  310099788
==================================================================

[动态重分配] 周期310100000：预约迁移 冗余域0(2%) -> 切片0 -> 饥饿域2(18%)
[切片剥夺] 周期310100000：切片0（所属域0）进入待剥夺状态，禁止新替换
[切片剥夺] 周期310100000：切片0在途请求已清空，开始执行脏行写回
[切片管理] 周期310104336：原域0仅剩1个切片，关闭路扩展模式
[动态重分配] 周期310104336：切片0写回完成，自动绑定到域2
[切片管理] 成功绑定切片0 → 安全域2，触发【路扩展模式】

======================== 切片硬件状态 ========================
切片号 | 所属安全域 | 当前状态    | 路扩展 | LRU touched
------------------------------------------------------------------
  0    |   域2      | 正常运行   |  是   |  310104336
  1    |   域2      | 正常运行   |  是   |  310104335
  2    |   域0      | 正常运行   |  否   |  310104335
  3    |   域3      | 正常运行   |  否   |  310104334
==================================================================


======================== 切片硬件状态 ========================
切片号 | 所属安全域 | 当前状态    | 路扩展 | LRU touched
------------------------------------------------------------------
  0    |   域2      | 正常运行   |  是   |  311500000
  1    |   域2      | 正常运行   |  是   |  311499998
  2    |   域0      | 正常运行   |  否   |  311499997
  3    |   域3      | 正常运行   |  否   |  311499999
==================================================================

[动态重分配] 周期311500000：预约迁移 冗余域2(0%) -> 切片0 -> 饥饿域0(6%)
[切片剥夺] 周期311500000：切片0（所属域2）进入待剥夺状态，禁止新替换
[切片剥夺] 周期311500000：切片0在途请求已清空，开始执行脏行写回
[切片管理] 周期311501032：原域2仅剩1个切片，关闭路扩展模式
[动态重分配] 周期311501032：切片0写回完成，自动绑定到域0
[切片管理] 成功绑定切片0 → 安全域0，触发【路扩展模式】

======================== 切片硬件状态 ========================
切片号 | 所属安全域 | 当前状态    | 路扩展 | LRU touched
------------------------------------------------------------------
  0    |   域0      | 正常运行   |  是   |  311501032
  1    |   域2      | 正常运行   |  否   |  311501016
  2    |   域0      | 正常运行   |  是   |  311501021
  3    |   域3      | 正常运行   |  否   |  311501010
==================================================================


======================== 切片硬件状态 ========================
切片号 | 所属安全域 | 当前状态    | 路扩展 | LRU touched
------------------------------------------------------------------
  0    |   域0      | 正常运行   |  是   |  347399927
  1    |   域2      | 正常运行   |  否   |  347399998
  2    |   域0      | 正常运行   |  是   |  347399929
  3    |   域3      | 正常运行   |  否   |  347400000
==================================================================

[动态重分配] 周期347400000：预约迁移 冗余域0(0%) -> 切片0 -> 饥饿域2(11%)
[切片剥夺] 周期347400000：切片0（所属域0）进入待剥夺状态，禁止新替换
[切片剥夺] 周期347400168：切片0在途请求已清空，开始执行脏行写回
[切片管理] 周期347403370：原域0仅剩1个切片，关闭路扩展模式
[动态重分配] 周期347403370：切片0写回完成，自动绑定到域2
[切片管理] 成功绑定切片0 → 安全域2，触发【路扩展模式】

======================== 切片硬件状态 ========================
切片号 | 所属安全域 | 当前状态    | 路扩展 | LRU touched
------------------------------------------------------------------
  0    |   域2      | 正常运行   |  是   |  347403370
  1    |   域2      | 正常运行   |  是   |  347403363
  2    |   域0      | 正常运行   |  否   |  347403370
  3    |   域3      | 正常运行   |  否   |  347403367
==================================================================


======================== 切片硬件状态 ========================
切片号 | 所属安全域 | 当前状态    | 路扩展 | LRU touched
------------------------------------------------------------------
  0    |   域2      | 正常运行   |  是   |  352499946
  1    |   域2      | 正常运行   |  是   |  352499988
  2    |   域0      | 正常运行   |  否   |  352499938
  3    |   域3      | 正常运行   |  否   |  352499951
==================================================================

[动态重分配] 周期352500000：预约迁移 冗余域2(0%) -> 切片0 -> 饥饿域0(6%)
[切片剥夺] 周期352500000：切片0（所属域2）进入待剥夺状态，禁止新替换
[切片剥夺] 周期352500020：切片0在途请求已清空，开始执行脏行写回
[切片管理] 周期352500924：原域2仅剩1个切片，关闭路扩展模式
[动态重分配] 周期352500924：切片0写回完成，自动绑定到域0
[切片管理] 成功绑定切片0 → 安全域0，触发【路扩展模式】

======================== 切片硬件状态 ========================
切片号 | 所属安全域 | 当前状态    | 路扩展 | LRU touched
------------------------------------------------------------------
  0    |   域0      | 正常运行   |  是   |  352500924
  1    |   域2      | 正常运行   |  否   |  352500918
  2    |   域0      | 正常运行   |  是   |  352500910
  3    |   域3      | 正常运行   |  否   |  352500924
==================================================================


======================== 切片硬件状态 ========================
切片号 | 所属安全域 | 当前状态    | 路扩展 | LRU touched
------------------------------------------------------------------
  0    |   域0      | 正常运行   |  是   |  352899997
  1    |   域2      | 正常运行   |  否   |  352900000
  2    |   域0      | 正常运行   |  是   |  352899980
  3    |   域3      | 正常运行   |  否   |  352899998
==================================================================

[动态重分配] 周期352900000：预约迁移 冗余域0(4%) -> 切片2 -> 饥饿域2(16%)
[切片剥夺] 周期352900000：切片2（所属域0）进入待剥夺状态，禁止新替换
[切片剥夺] 周期352900000：切片2在途请求已清空，开始执行脏行写回
[切片管理] 周期352900356：原域0仅剩1个切片，关闭路扩展模式
[动态重分配] 周期352900356：切片2写回完成，自动绑定到域2
[切片管理] 成功绑定切片2 → 安全域2，触发【路扩展模式】

======================== 切片硬件状态 ========================
切片号 | 所属安全域 | 当前状态    | 路扩展 | LRU touched
------------------------------------------------------------------
  0    |   域0      | 正常运行   |  否   |  352900355
  1    |   域2      | 正常运行   |  是   |  352900053
  2    |   域2      | 正常运行   |  是   |  352900356
  3    |   域3      | 正常运行   |  否   |  352900353
==================================================================


======================== 切片硬件状态 ========================
切片号 | 所属安全域 | 当前状态    | 路扩展 | LRU touched
------------------------------------------------------------------
  0    |   域0      | 正常运行   |  否   |  354499998
  1    |   域2      | 正常运行   |  是   |  354499997
  2    |   域2      | 正常运行   |  是   |  354499997
  3    |   域3      | 正常运行   |  否   |  354499992
==================================================================

[动态重分配] 周期354500000：预约迁移 冗余域2(0%) -> 切片1 -> 饥饿域0(6%)
[切片剥夺] 周期354500000：切片1（所属域2）进入待剥夺状态，禁止新替换
[切片剥夺] 周期354500000：切片1在途请求已清空，开始执行脏行写回
[切片管理] 周期354500391：原域2仅剩1个切片，关闭路扩展模式
[动态重分配] 周期354500391：切片1写回完成，自动绑定到域0
[切片管理] 成功绑定切片1 → 安全域0，触发【路扩展模式】

======================== 切片硬件状态 ========================
切片号 | 所属安全域 | 当前状态    | 路扩展 | LRU touched
------------------------------------------------------------------
  0    |   域0      | 正常运行   |  是   |  354500391
  1    |   域0      | 正常运行   |  是   |  354500391
  2    |   域2      | 正常运行   |  否   |  354500388
  3    |   域3      | 正常运行   |  否   |  354500390
==================================================================


======================== 切片硬件状态 ========================
切片号 | 所属安全域 | 当前状态    | 路扩展 | LRU touched
------------------------------------------------------------------
  0    |   域0      | 正常运行   |  是   |  371099970
  1    |   域0      | 正常运行   |  是   |  371099709
  2    |   域2      | 正常运行   |  否   |  371099997
  3    |   域3      | 正常运行   |  否   |  371099998
==================================================================

[动态重分配] 周期371100000：预约迁移 冗余域0(0%) -> 切片0 -> 饥饿域2(7%)
[切片剥夺] 周期371100000：切片0（所属域0）进入待剥夺状态，禁止新替换
[切片剥夺] 周期371100000：切片0在途请求已清空，开始执行脏行写回
[切片管理] 周期371103256：原域0仅剩1个切片，关闭路扩展模式
[动态重分配] 周期371103256：切片0写回完成，自动绑定到域2
[切片管理] 成功绑定切片0 → 安全域2，触发【路扩展模式】

======================== 切片硬件状态 ========================
切片号 | 所属安全域 | 当前状态    | 路扩展 | LRU touched
------------------------------------------------------------------
  0    |   域2      | 正常运行   |  是   |  371103256
  1    |   域0      | 正常运行   |  否   |  371103256
  2    |   域2      | 正常运行   |  是   |  371103246
  3    |   域3      | 正常运行   |  否   |  371103254
==================================================================


======================== 切片硬件状态 ========================
切片号 | 所属安全域 | 当前状态    | 路扩展 | LRU touched
------------------------------------------------------------------
  0    |   域2      | 正常运行   |  是   |  373199983
  1    |   域0      | 正常运行   |  否   |  373199994
  2    |   域2      | 正常运行   |  是   |  373200000
  3    |   域3      | 正常运行   |  否   |  373199994
==================================================================

[动态重分配] 周期373200000：预约迁移 冗余域2(0%) -> 切片0 -> 饥饿域0(7%)
[切片剥夺] 周期373200000：切片0（所属域2）进入待剥夺状态，禁止新替换
[切片剥夺] 周期373200000：切片0在途请求已清空，开始执行脏行写回
[切片管理] 周期373204868：原域2仅剩1个切片，关闭路扩展模式
[动态重分配] 周期373204868：切片0写回完成，自动绑定到域0
[切片管理] 成功绑定切片0 → 安全域0，触发【路扩展模式】

======================== 切片硬件状态 ========================
切片号 | 所属安全域 | 当前状态    | 路扩展 | LRU touched
------------------------------------------------------------------
  0    |   域0      | 正常运行   |  是   |  373204868
  1    |   域0      | 正常运行   |  是   |  373204864
  2    |   域2      | 正常运行   |  否   |  373204859
  3    |   域3      | 正常运行   |  否   |  373204868
==================================================================


======================== 切片硬件状态 ========================
切片号 | 所属安全域 | 当前状态    | 路扩展 | LRU touched
------------------------------------------------------------------
  0    |   域0      | 正常运行   |  是   |  384099998
  1    |   域0      | 正常运行   |  是   |  384099998
  2    |   域2      | 正常运行   |  否   |  384100000
  3    |   域3      | 正常运行   |  否   |  384099999
==================================================================

[动态重分配] 周期384100000：预约迁移 冗余域0(0%) -> 切片0 -> 饥饿域2(7%)
[切片剥夺] 周期384100000：切片0（所属域0）进入待剥夺状态，禁止新替换
[切片剥夺] 周期384100000：切片0在途请求已清空，开始执行脏行写回
[切片管理] 周期384102233：原域0仅剩1个切片，关闭路扩展模式
[动态重分配] 周期384102233：切片0写回完成，自动绑定到域2
[切片管理] 成功绑定切片0 → 安全域2，触发【路扩展模式】

======================== 切片硬件状态 ========================
切片号 | 所属安全域 | 当前状态    | 路扩展 | LRU touched
------------------------------------------------------------------
  0    |   域2      | 正常运行   |  是   |  384102233
  1    |   域0      | 正常运行   |  否   |  384102228
  2    |   域2      | 正常运行   |  是   |  384102233
  3    |   域3      | 正常运行   |  否   |  384102231
==================================================================


======================== 切片硬件状态 ========================
切片号 | 所属安全域 | 当前状态    | 路扩展 | LRU touched
------------------------------------------------------------------
  0    |   域2      | 正常运行   |  是   |  386099998
  1    |   域0      | 正常运行   |  否   |  386100000
  2    |   域2      | 正常运行   |  是   |  386099995
  3    |   域3      | 正常运行   |  否   |  386099998
==================================================================

[动态重分配] 周期386100000：预约迁移 冗余域2(0%) -> 切片0 -> 饥饿域3(6%)
[切片剥夺] 周期386100000：切片0（所属域2）进入待剥夺状态，禁止新替换
[切片剥夺] 周期386100000：切片0在途请求已清空，开始执行脏行写回
[切片管理] 周期386100275：原域2仅剩1个切片，关闭路扩展模式
[动态重分配] 周期386100275：切片0写回完成，自动绑定到域3
[切片管理] 成功绑定切片0 → 安全域3，触发【路扩展模式】

======================== 切片硬件状态 ========================
切片号 | 所属安全域 | 当前状态    | 路扩展 | LRU touched
------------------------------------------------------------------
  0    |   域3      | 正常运行   |  是   |  386100275
  1    |   域0      | 正常运行   |  否   |  386100275
  2    |   域2      | 正常运行   |  否   |  386100270
  3    |   域3      | 正常运行   |  是   |  386100272
==================================================================


======================== 切片硬件状态 ========================
切片号 | 所属安全域 | 当前状态    | 路扩展 | LRU touched
------------------------------------------------------------------
  0    |   域3      | 正常运行   |  是   |  392100000
  1    |   域0      | 正常运行   |  否   |  392100000
  2    |   域2      | 正常运行   |  否   |  392099999
  3    |   域3      | 正常运行   |  是   |  392099998
==================================================================

[动态重分配] 周期392100000：预约迁移 冗余域3(0%) -> 切片0 -> 饥饿域0(7%)
[切片剥夺] 周期392100000：切片0（所属域3）进入待剥夺状态，禁止新替换
[切片剥夺] 周期392100000：切片0在途请求已清空，开始执行脏行写回
[切片管理] 周期392100257：原域3仅剩1个切片，关闭路扩展模式
[动态重分配] 周期392100257：切片0写回完成，自动绑定到域0
[切片管理] 成功绑定切片0 → 安全域0，触发【路扩展模式】

======================== 切片硬件状态 ========================
切片号 | 所属安全域 | 当前状态    | 路扩展 | LRU touched
------------------------------------------------------------------
  0    |   域0      | 正常运行   |  是   |  392100257
  1    |   域0      | 正常运行   |  是   |  392100257
  2    |   域2      | 正常运行   |  否   |  392100143
  3    |   域3      | 正常运行   |  否   |  392100092
==================================================================


======================== 切片硬件状态 ========================
切片号 | 所属安全域 | 当前状态    | 路扩展 | LRU touched
------------------------------------------------------------------
  0    |   域0      | 正常运行   |  是   |  392799999
  1    |   域0      | 正常运行   |  是   |  392799992
  2    |   域2      | 正常运行   |  否   |  392799999
  3    |   域3      | 正常运行   |  否   |  392799997
==================================================================

[动态重分配] 周期392800000：预约迁移 冗余域0(2%) -> 切片0 -> 饥饿域2(13%)
[切片剥夺] 周期392800000：切片0（所属域0）进入待剥夺状态，禁止新替换
[切片剥夺] 周期392800000：切片0在途请求已清空，开始执行脏行写回
[切片管理] 周期392802419：原域0仅剩1个切片，关闭路扩展模式
[动态重分配] 周期392802419：切片0写回完成，自动绑定到域2
[切片管理] 成功绑定切片0 → 安全域2，触发【路扩展模式】

======================== 切片硬件状态 ========================
切片号 | 所属安全域 | 当前状态    | 路扩展 | LRU touched
------------------------------------------------------------------
  0    |   域2      | 正常运行   |  是   |  392802419
  1    |   域0      | 正常运行   |  否   |  392802419
  2    |   域2      | 正常运行   |  是   |  392802419
  3    |   域3      | 正常运行   |  否   |  392802417
==================================================================


======================== 切片硬件状态 ========================
切片号 | 所属安全域 | 当前状态    | 路扩展 | LRU touched
------------------------------------------------------------------
  0    |   域2      | 正常运行   |  是   |  394699968
  1    |   域0      | 正常运行   |  否   |  394699815
  2    |   域2      | 正常运行   |  是   |  394699968
  3    |   域3      | 正常运行   |  否   |  394700000
==================================================================

[动态重分配] 周期394700000：预约迁移 冗余域2(1%) -> 切片0 -> 饥饿域0(8%)
[切片剥夺] 周期394700000：切片0（所属域2）进入待剥夺状态，禁止新替换
[切片剥夺] 周期394700000：切片0在途请求已清空，开始执行脏行写回
[切片管理] 周期394700278：原域2仅剩1个切片，关闭路扩展模式
[动态重分配] 周期394700278：切片0写回完成，自动绑定到域0
[切片管理] 成功绑定切片0 → 安全域0，触发【路扩展模式】

======================== 切片硬件状态 ========================
切片号 | 所属安全域 | 当前状态    | 路扩展 | LRU touched
------------------------------------------------------------------
  0    |   域0      | 正常运行   |  是   |  394700278
  1    |   域0      | 正常运行   |  是   |  394700278
  2    |   域2      | 正常运行   |  否   |  394700212
  3    |   域3      | 正常运行   |  否   |  394700276
==================================================================


**** Debug Statistics at 401000000 Cycles *****
Threads: 4		Fetch Width: 8
No of useful instructions fetched:	1041056910 (32.45% proc util.)
No of total instructions fetched:	1571130602 (48.98% proc util.)
 includes 86924048 misfetch (5.5%), 443149644 (28.2%) wrong-path fetches
 and 0 flushed after failed lock(0.0%)
No of useful instructions issued/executed:	1041056892 (32.45% proc util.)
No of total instructions issued/executed:	1254656125 (39.11% proc util.)
 includes 213599233 wrong-path (17.0%) insts and 0 flushed (0.0%)
	fp 10685, 0.00%
	synch 0, 0.00%
	integer 840231655, 66.97%
	load/store 414413785, 33.03%
Avg size of int IQ (before scheduling): 24.25
Avg size of fp IQ (before scheduling): 0.00
No of cycles taken:		401000000
Parallelism [ 0.666, 0.000, 0.686, 1.244,] = 2.596
 IQ conflicts: 6743758 (1.68%), FQ conflicts: 0 (0.00%) 
 I reg conflicts: 147091674 (36.68%), FP reg conflicts: 0 (0.00%)
  Activelist confs: 3981 (0.00%), ROB confs: 689469 (0.17%)
  Int unit conflicts: 408208986 (101.80%), FP unit conflicts: 10 (0.00%)
  Load/store unit conflicts: 72578624 (18.10%)
  MSHR conflicts: 183088399 (45.66%)
----------------------------------------
==== System-wide Cache Statistics ====
Stall for miss queue full 4106 cycles (0.00%)
----------------------------------------
==== Statistics for Master ID: 0 ====
Reads: 227168468   Writes: 39404683
ICACHE: size: 64 KB assoc: 2
ICACHE: hits:130474042 misses:4355074  Hit Ratio: 96.77%
DCACHE: size: 2*16 KB assoc: 2*4
DCACHE: hits:128879566 misses:2866541 writebacks:1145869  Hit Ratio: 97.82%
SCACHE: size: 512 KB assoc: 2
SCACHE: hits:5129451 misses:2090092  Hit Ratio: 71.05%
3CACHE: size: 4096 KB assoc: 2
3CACHE: hits:1814843 misses:275249  Hit Ratio: 86.83%
3CACHE: dirty items replaced:84033
ITLB: size: 48, misses 275138, miss rate 0.20%
DTLB: size: 128, misses 426820, miss rate 0.32%
Avg mem delay: 2.595 cycles
----------------------------------------
==== Statistics for Master ID: 2 ====
Reads: 233063503   Writes: 38130227
ICACHE: size: 64 KB assoc: 2
ICACHE: hits:132029146 misses:4357791  Hit Ratio: 96.80%
DCACHE: size: 1*16 KB assoc: 1*4
DCACHE: hits:132144740 misses:2664012 writebacks:872351  Hit Ratio: 98.02%
SCACHE: size: 512 KB assoc: 2
SCACHE: hits:5182189 misses:1837655  Hit Ratio: 73.82%
3CACHE: size: 4096 KB assoc: 2
3CACHE: hits:1543961 misses:293694  Hit Ratio: 84.02%
3CACHE: dirty items replaced:74341
ITLB: size: 48, misses 280796, miss rate 0.21%
DTLB: size: 128, misses 374370, miss rate 0.28%
Avg mem delay: 2.595 cycles
----------------------------------------
==== Statistics for Master ID: 3 ====
Reads: 277802377   Writes: 42503682
ICACHE: size: 64 KB assoc: 2
ICACHE: hits:173374876 misses:97498  Hit Ratio: 99.94%
DCACHE: size: 1*16 KB assoc: 1*4
DCACHE: hits:141711082 misses:5124500 writebacks:2348780  Hit Ratio: 96.51%
SCACHE: size: 512 KB assoc: 2
SCACHE: hits:2590540 misses:2629560  Hit Ratio: 49.63%
3CACHE: size: 4096 KB assoc: 2
3CACHE: hits:593681 misses:2035879  Hit Ratio: 22.58%
3CACHE: dirty items replaced:112198
ITLB: size: 48, misses 1901, miss rate 0.00%
DTLB: size: 128, misses 268975, miss rate 0.18%
Avg mem delay: 2.595 cycles
----------------------------------------
==== Global Resource Utilization ====
STASH: size: 65536 entries, full 1782854505, empty 59595464, misses 5397176, full rate 96.48
icache bank util. 0.141 0.123 0.116 0.132 0.163 0.206 0.141 0.152 
dcache bank util. 0.134 0.143 0.146 0.133 0.169 0.122 0.167 0.130 
L2 bank util. 0.041 0.044 0.043 0.044 0.042 0.040 0.042 0.044 
L1-L2 bus util. = 0.178, L3 util. = 0.065
----------------------------------------

======================== 切片硬件状态 ========================
切片号 | 所属安全域 | 当前状态    | 路扩展 | LRU touched
------------------------------------------------------------------
  0    |   域0      | 正常运行   |  是   |  400999999
  1    |   域0      | 正常运行   |  是   |  400999994
  2    |   域2      | 正常运行   |  否   |  400999996
  3    |   域3      | 正常运行   |  否   |  400999997
==================================================================

branch prediction, hits = 91617890, misses = 18135439, hit rate = 83.48%
return_stack prediction, hits = 9543938, misses = 4638, hit rate = 99.95%
jump prediction, hits = 84335561, misses = 22607398, hit rate = 78.86%
 move_by_pieces move_by_pieces_ninsns move_by_pieces_1 emit_block_move
======================== 切片硬件状态 ========================
切片号 | 所属安全域 | 当前状态    | 路扩展 | LRU touched
------------------------------------------------------------------
  0    |   域0      | 正常运行   |  是   |  402499999
  1    |   域0      | 正常运行   |  是   |  402500000
  2    |   域2      | 正常运行   |  否   |  402499995
  3    |   域3      | 正常运行   |  否   |  402499997
==================================================================

[动态重分配] 周期402500000：预约迁移 冗余域0(1%) -> 切片0 -> 饥饿域2(11%)
[切片剥夺] 周期402500000：切片0（所属域0）进入待剥夺状态，禁止新替换
[切片剥夺] 周期402500000：切片0在途请求已清空，开始执行脏行写回
[切片管理] 周期402500045：原域0仅剩1个切片，关闭路扩展模式
[动态重分配] 周期402500045：切片0写回完成，自动绑定到域2
[切片管理] 成功绑定切片0 → 安全域2，触发【路扩展模式】

======================== 切片硬件状态 ========================
切片号 | 所属安全域 | 当前状态    | 路扩展 | LRU touched
------------------------------------------------------------------
  0    |   域2      | 正常运行   |  是   |  402500045
  1    |   域0      | 正常运行   |  否   |  402500044
  2    |   域2      | 正常运行   |  是   |  402500045
  3    |   域3      | 正常运行   |  否   |  402500043
==================================================================


======================== 切片硬件状态 ========================
切片号 | 所属安全域 | 当前状态    | 路扩展 | LRU touched
------------------------------------------------------------------
  0    |   域2      | 正常运行   |  是   |  403899948
  1    |   域0      | 正常运行   |  否   |  403899983
  2    |   域2      | 正常运行   |  是   |  403900000
  3    |   域3      | 正常运行   |  否   |  403899999
==================================================================

[动态重分配] 周期403900000：预约迁移 冗余域2(1%) -> 切片0 -> 饥饿域0(25%)
[切片剥夺] 周期403900000：切片0（所属域2）进入待剥夺状态，禁止新替换
[切片剥夺] 周期403900000：切片0在途请求已清空，开始执行脏行写回
[切片管理] 周期403900206：原域2仅剩1个切片，关闭路扩展模式
[动态重分配] 周期403900206：切片0写回完成，自动绑定到域0
[切片管理] 成功绑定切片0 → 安全域0，触发【路扩展模式】

======================== 切片硬件状态 ========================
切片号 | 所属安全域 | 当前状态    | 路扩展 | LRU touched
------------------------------------------------------------------
  0    |   域0      | 正常运行   |  是   |  403900206
  1    |   域0      | 正常运行   |  是   |  403900177
  2    |   域2      | 正常运行   |  否   |  403900204
  3    |   域3      | 正常运行   |  否   |  403900206
==================================================================


======================== 切片硬件状态 ========================
切片号 | 所属安全域 | 当前状态    | 路扩展 | LRU touched
------------------------------------------------------------------
  0    |   域0      | 正常运行   |  是   |  433199961
  1    |   域0      | 正常运行   |  是   |  433199980
  2    |   域2      | 正常运行   |  否   |  433199943
  3    |   域3      | 正常运行   |  否   |  433199994
==================================================================

[动态重分配] 周期433200000：预约迁移 冗余域0(5%) -> 切片1 -> 饥饿域2(37%)
[切片剥夺] 周期433200000：切片1（所属域0）进入待剥夺状态，禁止新替换
[切片剥夺] 周期433200184：切片1在途请求已清空，开始执行脏行写回
[切片管理] 周期433200214：原域0仅剩1个切片，关闭路扩展模式
[动态重分配] 周期433200214：切片1写回完成，自动绑定到域2
[切片管理] 成功绑定切片1 → 安全域2，触发【路扩展模式】

======================== 切片硬件状态 ========================
切片号 | 所属安全域 | 当前状态    | 路扩展 | LRU touched
------------------------------------------------------------------
  0    |   域0      | 正常运行   |  否   |  433200203
  1    |   域2      | 正常运行   |  是   |  433200214
  2    |   域2      | 正常运行   |  是   |  433200193
  3    |   域3      | 正常运行   |  否   |  433200211
==================================================================


======================== 切片硬件状态 ========================
切片号 | 所属安全域 | 当前状态    | 路扩展 | LRU touched
------------------------------------------------------------------
  0    |   域0      | 正常运行   |  否   |  433699994
  1    |   域2      | 正常运行   |  是   |  433700000
  2    |   域2      | 正常运行   |  是   |  433699999
  3    |   域3      | 正常运行   |  否   |  433699997
==================================================================

[动态重分配] 周期433700000：预约迁移 冗余域2(1%) -> 切片2 -> 饥饿域0(11%)
[切片剥夺] 周期433700000：切片2（所属域2）进入待剥夺状态，禁止新替换
[切片剥夺] 周期433700016：切片2在途请求已清空，开始执行脏行写回
[切片管理] 周期433707515：原域2仅剩1个切片，关闭路扩展模式
[动态重分配] 周期433707515：切片2写回完成，自动绑定到域0
[切片管理] 成功绑定切片2 → 安全域0，触发【路扩展模式】

======================== 切片硬件状态 ========================
切片号 | 所属安全域 | 当前状态    | 路扩展 | LRU touched
------------------------------------------------------------------
  0    |   域0      | 正常运行   |  是   |  433707489
  1    |   域2      | 正常运行   |  否   |  433707462
  2    |   域0      | 正常运行   |  是   |  433707515
  3    |   域3      | 正常运行   |  否   |  433707500
==================================================================


======================== 切片硬件状态 ========================
切片号 | 所属安全域 | 当前状态    | 路扩展 | LRU touched
------------------------------------------------------------------
  0    |   域0      | 正常运行   |  是   |  436899748
  1    |   域2      | 正常运行   |  否   |  436899954
  2    |   域0      | 正常运行   |  是   |  436899999
  3    |   域3      | 正常运行   |  否   |  436899983
==================================================================

[动态重分配] 周期436900000：预约迁移 冗余域0(3%) -> 切片0 -> 饥饿域2(22%)
[切片剥夺] 周期436900000：切片0（所属域0）进入待剥夺状态，禁止新替换
[切片剥夺] 周期436900000：切片0在途请求已清空，开始执行脏行写回
[切片管理] 周期436900914：原域0仅剩1个切片，关闭路扩展模式
[动态重分配] 周期436900914：切片0写回完成，自动绑定到域2
[切片管理] 成功绑定切片0 → 安全域2，触发【路扩展模式】

======================== 切片硬件状态 ========================
切片号 | 所属安全域 | 当前状态    | 路扩展 | LRU touched
------------------------------------------------------------------
  0    |   域2      | 正常运行   |  是   |  436900914
  1    |   域2      | 正常运行   |  是   |  436900906
  2    |   域0      | 正常运行   |  否   |  436900892
  3    |   域3      | 正常运行   |  否   |  436900914
==================================================================


======================== 切片硬件状态 ========================
切片号 | 所属安全域 | 当前状态    | 路扩展 | LRU touched
------------------------------------------------------------------
  0    |   域2      | 正常运行   |  是   |  442600000
  1    |   域2      | 正常运行   |  是   |  442599998
  2    |   域0      | 正常运行   |  否   |  442599999
  3    |   域3      | 正常运行   |  否   |  442599979
==================================================================

[动态重分配] 周期442600000：预约迁移 冗余域2(0%) -> 切片0 -> 饥饿域3(6%)
[切片剥夺] 周期442600000：切片0（所属域2）进入待剥夺状态，禁止新替换
[切片剥夺] 周期442600000：切片0在途请求已清空，开始执行脏行写回
[切片管理] 周期442600762：原域2仅剩1个切片，关闭路扩展模式
[动态重分配] 周期442600762：切片0写回完成，自动绑定到域3
[切片管理] 成功绑定切片0 → 安全域3，触发【路扩展模式】

======================== 切片硬件状态 ========================
切片号 | 所属安全域 | 当前状态    | 路扩展 | LRU touched
------------------------------------------------------------------
  0    |   域3      | 正常运行   |  是   |  442600762
  1    |   域2      | 正常运行   |  否   |  442600760
  2    |   域0      | 正常运行   |  否   |  442600762
  3    |   域3      | 正常运行   |  是   |  442600753
==================================================================


======================== 切片硬件状态 ========================
切片号 | 所属安全域 | 当前状态    | 路扩展 | LRU touched
------------------------------------------------------------------
  0    |   域3      | 正常运行   |  是   |  442699999
  1    |   域2      | 正常运行   |  否   |  442699987
  2    |   域0      | 正常运行   |  否   |  442700000
  3    |   域3      | 正常运行   |  是   |  442699996
==================================================================

[动态重分配] 周期442700000：预约迁移 冗余域3(0%) -> 切片3 -> 饥饿域2(6%)
[切片剥夺] 周期442700000：切片3（所属域3）进入待剥夺状态，禁止新替换
[切片剥夺] 周期442700000：切片3在途请求已清空，开始执行脏行写回
[切片管理] 周期442700623：原域3仅剩1个切片，关闭路扩展模式
[动态重分配] 周期442700623：切片3写回完成，自动绑定到域2
[切片管理] 成功绑定切片3 → 安全域2，触发【路扩展模式】

======================== 切片硬件状态 ========================
切片号 | 所属安全域 | 当前状态    | 路扩展 | LRU touched
------------------------------------------------------------------
  0    |   域3      | 正常运行   |  否   |  442700622
  1    |   域2      | 正常运行   |  是   |  442700622
  2    |   域0      | 正常运行   |  否   |  442700623
  3    |   域2      | 正常运行   |  是   |  442700623
==================================================================


======================== 切片硬件状态 ========================
切片号 | 所属安全域 | 当前状态    | 路扩展 | LRU touched
------------------------------------------------------------------
  0    |   域3      | 正常运行   |  否   |  446599995
  1    |   域2      | 正常运行   |  是   |  446600000
  2    |   域0      | 正常运行   |  否   |  446599957
  3    |   域2      | 正常运行   |  是   |  446599999
==================================================================

[动态重分配] 周期446600000：预约迁移 冗余域2(1%) -> 切片1 -> 饥饿域0(9%)
[切片剥夺] 周期446600000：切片1（所属域2）进入待剥夺状态，禁止新替换
[切片剥夺] 周期446600096：切片1在途请求已清空，开始执行脏行写回
[切片管理] 周期446602657：原域2仅剩1个切片，关闭路扩展模式
[动态重分配] 周期446602657：切片1写回完成，自动绑定到域0
[切片管理] 成功绑定切片1 → 安全域0，触发【路扩展模式】

======================== 切片硬件状态 ========================
切片号 | 所属安全域 | 当前状态    | 路扩展 | LRU touched
------------------------------------------------------------------
  0    |   域3      | 正常运行   |  否   |  446602657
  1    |   域0      | 正常运行   |  是   |  446602657
  2    |   域0      | 正常运行   |  是   |  446602606
  3    |   域2      | 正常运行   |  否   |  446602653
==================================================================


======================== 切片硬件状态 ========================
切片号 | 所属安全域 | 当前状态    | 路扩展 | LRU touched
------------------------------------------------------------------
  0    |   域3      | 正常运行   |  否   |  490700000
  1    |   域0      | 正常运行   |  是   |  490699986
  2    |   域0      | 正常运行   |  是   |  490699985
  3    |   域2      | 正常运行   |  否   |  490700000
==================================================================

[动态重分配] 周期490700000：预约迁移 冗余域0(0%) -> 切片2 -> 饥饿域2(6%)
[切片剥夺] 周期490700000：切片2（所属域0）进入待剥夺状态，禁止新替换
[切片剥夺] 周期490700000：切片2在途请求已清空，开始执行脏行写回
[切片管理] 周期490702658：原域0仅剩1个切片，关闭路扩展模式
[动态重分配] 周期490702658：切片2写回完成，自动绑定到域2
[切片管理] 成功绑定切片2 → 安全域2，触发【路扩展模式】

======================== 切片硬件状态 ========================
切片号 | 所属安全域 | 当前状态    | 路扩展 | LRU touched
------------------------------------------------------------------
  0    |   域3      | 正常运行   |  否   |  490702657
  1    |   域0      | 正常运行   |  否   |  490702649
  2    |   域2      | 正常运行   |  是   |  490702658
  3    |   域2      | 正常运行   |  是   |  490702653
==================================================================


======================== 切片硬件状态 ========================
切片号 | 所属安全域 | 当前状态    | 路扩展 | LRU touched
------------------------------------------------------------------
  0    |   域3      | 正常运行   |  否   |  491800000
  1    |   域0      | 正常运行   |  否   |  491800000
  2    |   域2      | 正常运行   |  是   |  491799998
  3    |   域2      | 正常运行   |  是   |  491799993
==================================================================

[动态重分配] 周期491800000：预约迁移 冗余域2(0%) -> 切片2 -> 饥饿域0(6%)
[切片剥夺] 周期491800000：切片2（所属域2）进入待剥夺状态，禁止新替换
[切片剥夺] 周期491800000：切片2在途请求已清空，开始执行脏行写回
[切片管理] 周期491801575：原域2仅剩1个切片，关闭路扩展模式
[动态重分配] 周期491801575：切片2写回完成，自动绑定到域0
[切片管理] 成功绑定切片2 → 安全域0，触发【路扩展模式】

======================== 切片硬件状态 ========================
切片号 | 所属安全域 | 当前状态    | 路扩展 | LRU touched
------------------------------------------------------------------
  0    |   域3      | 正常运行   |  否   |  491801575
  1    |   域0      | 正常运行   |  是   |  491801542
  2    |   域0      | 正常运行   |  是   |  491801575
  3    |   域2      | 正常运行   |  否   |  491801573
==================================================================


======================== 切片硬件状态 ========================
切片号 | 所属安全域 | 当前状态    | 路扩展 | LRU touched
------------------------------------------------------------------
  0    |   域3      | 正常运行   |  否   |  497299995
  1    |   域0      | 正常运行   |  是   |  497299986
  2    |   域0      | 正常运行   |  是   |  497300000
  3    |   域2      | 正常运行   |  否   |  497299989
==================================================================

[动态重分配] 周期497300000：预约迁移 冗余域0(0%) -> 切片1 -> 饥饿域2(9%)
[切片剥夺] 周期497300000：切片1（所属域0）进入待剥夺状态，禁止新替换
[切片剥夺] 周期497300000：切片1在途请求已清空，开始执行脏行写回
[切片管理] 周期497302034：原域0仅剩1个切片，关闭路扩展模式
[动态重分配] 周期497302034：切片1写回完成，自动绑定到域2
[切片管理] 成功绑定切片1 → 安全域2，触发【路扩展模式】

======================== 切片硬件状态 ========================
切片号 | 所属安全域 | 当前状态    | 路扩展 | LRU touched
------------------------------------------------------------------
  0    |   域3      | 正常运行   |  否   |  497302025
  1    |   域2      | 正常运行   |  是   |  497302034
  2    |   域0      | 正常运行   |  否   |  497302017
  3    |   域2      | 正常运行   |  是   |  497302033
==================================================================


**** Debug Statistics at 501000000 Cycles *****
Threads: 4		Fetch Width: 8
No of useful instructions fetched:	1345184131 (33.56% proc util.)
No of total instructions fetched:	2025762011 (50.54% proc util.)
 includes 109289370 misfetch (5.4%), 571288510 (28.2%) wrong-path fetches
 and 0 flushed after failed lock(0.0%)
No of useful instructions issued/executed:	1345184112 (33.56% proc util.)
No of total instructions issued/executed:	1622456769 (40.48% proc util.)
 includes 277272657 wrong-path (17.1%) insts and 0 flushed (0.0%)
	fp 11191, 0.00%
	synch 0, 0.00%
	integer 1085497772, 66.90%
	load/store 536947806, 33.09%
Avg size of int IQ (before scheduling): 25.43
Avg size of fp IQ (before scheduling): 0.00
No of cycles taken:		501000000
Parallelism [ 0.688, 0.000, 0.688, 1.309,] = 2.685
 IQ conflicts: 11684916 (2.33%), FQ conflicts: 0 (0.00%) 
 I reg conflicts: 169672593 (33.87%), FP reg conflicts: 0 (0.00%)
  Activelist confs: 7686 (0.00%), ROB confs: 1189784 (0.24%)
  Int unit conflicts: 530353651 (105.86%), FP unit conflicts: 14 (0.00%)
  Load/store unit conflicts: 100411159 (20.04%)
  MSHR conflicts: 242647075 (48.43%)
----------------------------------------
==== System-wide Cache Statistics ====
Stall for miss queue full 5072 cycles (0.00%)
----------------------------------------
==== Statistics for Master ID: 0 ====
Reads: 292695527   Writes: 53747033
ICACHE: size: 64 KB assoc: 2
ICACHE: hits:168582433 misses:5456409  Hit Ratio: 96.86%
DCACHE: size: 1*16 KB assoc: 1*4
DCACHE: hits:168237385 misses:4168794 writebacks:1682563  Hit Ratio: 97.58%
SCACHE: size: 512 KB assoc: 2
SCACHE: hits:6629922 misses:2992820  Hit Ratio: 68.90%
3CACHE: size: 4096 KB assoc: 2
3CACHE: hits:2637299 misses:355521  Hit Ratio: 88.12%
3CACHE: dirty items replaced:127240
ITLB: size: 48, misses 323515, miss rate 0.19%
DTLB: size: 128, misses 574608, miss rate 0.33%
Avg mem delay: 2.460 cycles
----------------------------------------
==== Statistics for Master ID: 2 ====
Reads: 294472779   Writes: 49099075
ICACHE: size: 64 KB assoc: 2
ICACHE: hits:167048035 misses:5604375  Hit Ratio: 96.75%
DCACHE: size: 2*16 KB assoc: 2*4
DCACHE: hits:167364568 misses:3557487 writebacks:1194668  Hit Ratio: 97.92%
SCACHE: size: 512 KB assoc: 2
SCACHE: hits:6553852 misses:2605399  Hit Ratio: 71.55%
3CACHE: size: 4096 KB assoc: 2
3CACHE: hits:2226735 misses:378664  Hit Ratio: 85.47%
3CACHE: dirty items replaced:115366
ITLB: size: 48, misses 346711, miss rate 0.20%
DTLB: size: 128, misses 508636, miss rate 0.30%
Avg mem delay: 2.460 cycles
----------------------------------------
==== Statistics for Master ID: 3 ====
Reads: 364132028   Writes: 54740650
ICACHE: size: 64 KB assoc: 2
ICACHE: hits:226461047 misses:134883  Hit Ratio: 99.94%
DCACHE: size: 1*16 KB assoc: 1*4
DCACHE: hits:186039590 misses:6239166 writebacks:2794929  Hit Ratio: 96.76%
SCACHE: size: 512 KB assoc: 2
SCACHE: hits:3458422 misses:2913618  Hit Ratio: 54.27%
3CACHE: size: 4096 KB assoc: 2
3CACHE: hits:834330 misses:2079288  Hit Ratio: 28.64%
3CACHE: dirty items replaced:136072
ITLB: size: 48, misses 2460, miss rate 0.00%
DTLB: size: 128, misses 333326, miss rate 0.17%
Avg mem delay: 2.460 cycles
----------------------------------------
==== Global Resource Utilization ====
STASH: size: 65536 entries, full 2275074186, empty 72016673, misses 6484925, full rate 96.66
icache bank util. 0.146 0.126 0.118 0.136 0.172 0.210 0.147 0.157 
dcache bank util. 0.135 0.144 0.153 0.141 0.176 0.125 0.176 0.137 
L2 bank util. 0.043 0.046 0.045 0.046 0.044 0.042 0.044 0.045 
L1-L2 bus util. = 0.185, L3 util. = 0.056
----------------------------------------

======================== 切片硬件状态 ========================
切片号 | 所属安全域 | 当前状态    | 路扩展 | LRU touched
------------------------------------------------------------------
  0    |   域3      | 正常运行   |  否   |  500999998
  1    |   域2      | 正常运行   |  是   |  500999999
  2    |   域0      | 正常运行   |  否   |  500999993
  3    |   域2      | 正常运行   |  是   |  500999999
==================================================================

branch prediction, hits = 117174832, misses = 22835272, hit rate = 83.69%
return_stack prediction, hits = 12369603, misses = 5578, hit rate = 99.95%
jump prediction, hits = 109377581, misses = 28320328, hit rate = 79.43%

======================== 切片硬件状态 ========================
切片号 | 所属安全域 | 当前状态    | 路扩展 | LRU touched
------------------------------------------------------------------
  0    |   域3      | 正常运行   |  否   |  501699997
  1    |   域2      | 正常运行   |  是   |  501699998
  2    |   域0      | 正常运行   |  否   |  501699991
  3    |   域2      | 正常运行   |  是   |  501699997
==================================================================

[动态重分配] 周期501700000：预约迁移 冗余域2(0%) -> 切片1 -> 饥饿域0(7%)
[切片剥夺] 周期501700000：切片1（所属域2）进入待剥夺状态，禁止新替换
[切片剥夺] 周期501700000：切片1在途请求已清空，开始执行脏行写回
[切片管理] 周期501702492：原域2仅剩1个切片，关闭路扩展模式
[动态重分配] 周期501702492：切片1写回完成，自动绑定到域0
[切片管理] 成功绑定切片1 → 安全域0，触发【路扩展模式】

======================== 切片硬件状态 ========================
切片号 | 所属安全域 | 当前状态    | 路扩展 | LRU touched
------------------------------------------------------------------
  0    |   域3      | 正常运行   |  否   |  501702491
  1    |   域0      | 正常运行   |  是   |  501702492
  2    |   域0      | 正常运行   |  是   |  501702458
  3    |   域2      | 正常运行   |  否   |  501702492
==================================================================


======================== 切片硬件状态 ========================
切片号 | 所属安全域 | 当前状态    | 路扩展 | LRU touched
------------------------------------------------------------------
  0    |   域3      | 正常运行   |  否   |  537499998
  1    |   域0      | 正常运行   |  是   |  537499895
  2    |   域0      | 正常运行   |  是   |  537499919
  3    |   域2      | 正常运行   |  否   |  537499994
==================================================================

[动态重分配] 周期537500000：预约迁移 冗余域0(0%) -> 切片1 -> 饥饿域3(7%)
[切片剥夺] 周期537500000：切片1（所属域0）进入待剥夺状态，禁止新替换
[切片剥夺] 周期537500000：切片1在途请求已清空，开始执行脏行写回
[切片管理] 周期537502621：原域0仅剩1个切片，关闭路扩展模式
[动态重分配] 周期537502621：切片1写回完成，自动绑定到域3
[切片管理] 成功绑定切片1 → 安全域3，触发【路扩展模式】

======================== 切片硬件状态 ========================
切片号 | 所属安全域 | 当前状态    | 路扩展 | LRU touched
------------------------------------------------------------------
  0    |   域3      | 正常运行   |  是   |  537502618
  1    |   域3      | 正常运行   |  是   |  537502621
  2    |   域0      | 正常运行   |  否   |  537502619
  3    |   域2      | 正常运行   |  否   |  537502621
==================================================================


======================== 切片硬件状态 ========================
切片号 | 所属安全域 | 当前状态    | 路扩展 | LRU touched
------------------------------------------------------------------
  0    |   域3      | 正常运行   |  是   |  548200000
  1    |   域3      | 正常运行   |  是   |  548199998
  2    |   域0      | 正常运行   |  否   |  548199997
  3    |   域2      | 正常运行   |  否   |  548199971
==================================================================

[动态重分配] 周期548200000：预约迁移 冗余域3(0%) -> 切片0 -> 饥饿域2(17%)
[切片剥夺] 周期548200000：切片0（所属域3）进入待剥夺状态，禁止新替换
[切片剥夺] 周期548200044：切片0在途请求已清空，开始执行脏行写回
[切片管理] 周期548200244：原域3仅剩1个切片，关闭路扩展模式
[动态重分配] 周期548200244：切片0写回完成，自动绑定到域2
[切片管理] 成功绑定切片0 → 安全域2，触发【路扩展模式】

======================== 切片硬件状态 ========================
切片号 | 所属安全域 | 当前状态    | 路扩展 | LRU touched
------------------------------------------------------------------
  0    |   域2      | 正常运行   |  是   |  548200244
  1    |   域3      | 正常运行   |  否   |  548200204
  2    |   域0      | 正常运行   |  否   |  548200243
  3    |   域2      | 正常运行   |  是   |  548200221
==================================================================


======================== 切片硬件状态 ========================
切片号 | 所属安全域 | 当前状态    | 路扩展 | LRU touched
------------------------------------------------------------------
  0    |   域2      | 正常运行   |  是   |  554200000
  1    |   域3      | 正常运行   |  否   |  554199999
  2    |   域0      | 正常运行   |  否   |  554200000
  3    |   域2      | 正常运行   |  是   |  554199966
==================================================================

[动态重分配] 周期554200000：预约迁移 冗余域2(0%) -> 切片0 -> 饥饿域3(6%)
[切片剥夺] 周期554200000：切片0（所属域2）进入待剥夺状态，禁止新替换
[切片剥夺] 周期554200000：切片0在途请求已清空，开始执行脏行写回
[切片管理] 周期554201148：原域2仅剩1个切片，关闭路扩展模式
[动态重分配] 周期554201148：切片0写回完成，自动绑定到域3
[切片管理] 成功绑定切片0 → 安全域3，触发【路扩展模式】

======================== 切片硬件状态 ========================
切片号 | 所属安全域 | 当前状态    | 路扩展 | LRU touched
------------------------------------------------------------------
  0    |   域3      | 正常运行   |  是   |  554201148
  1    |   域3      | 正常运行   |  是   |  554201146
  2    |   域0      | 正常运行   |  否   |  554201148
  3    |   域2      | 正常运行   |  否   |  554201148
==================================================================


======================== 切片硬件状态 ========================
切片号 | 所属安全域 | 当前状态    | 路扩展 | LRU touched
------------------------------------------------------------------
  0    |   域3      | 正常运行   |  是   |  555299998
  1    |   域3      | 正常运行   |  是   |  555299996
  2    |   域0      | 正常运行   |  否   |  555299999
  3    |   域2      | 正常运行   |  否   |  555299999
==================================================================

[动态重分配] 周期555300000：预约迁移 冗余域3(3%) -> 切片1 -> 饥饿域2(13%)
[切片剥夺] 周期555300000：切片1（所属域3）进入待剥夺状态，禁止新替换
[切片剥夺] 周期555300000：切片1在途请求已清空，开始执行脏行写回
[切片管理] 周期555300299：原域3仅剩1个切片，关闭路扩展模式
[动态重分配] 周期555300299：切片1写回完成，自动绑定到域2
[切片管理] 成功绑定切片1 → 安全域2，触发【路扩展模式】

======================== 切片硬件状态 ========================
切片号 | 所属安全域 | 当前状态    | 路扩展 | LRU touched
------------------------------------------------------------------
  0    |   域3      | 正常运行   |  否   |  555300004
  1    |   域2      | 正常运行   |  是   |  555300299
  2    |   域0      | 正常运行   |  否   |  555300299
  3    |   域2      | 正常运行   |  是   |  555300044
==================================================================


======================== 切片硬件状态 ========================
切片号 | 所属安全域 | 当前状态    | 路扩展 | LRU touched
------------------------------------------------------------------
  0    |   域3      | 正常运行   |  否   |  563199788
  1    |   域2      | 正常运行   |  是   |  563200000
  2    |   域0      | 正常运行   |  否   |  563199998
  3    |   域2      | 正常运行   |  是   |  563200000
==================================================================

[动态重分配] 周期563200000：预约迁移 冗余域2(0%) -> 切片1 -> 饥饿域3(6%)
[切片剥夺] 周期563200000：切片1（所属域2）进入待剥夺状态，禁止新替换
[切片剥夺] 周期563200000：切片1在途请求已清空，开始执行脏行写回
[切片管理] 周期563201421：原域2仅剩1个切片，关闭路扩展模式
[动态重分配] 周期563201421：切片1写回完成，自动绑定到域3
[切片管理] 成功绑定切片1 → 安全域3，触发【路扩展模式】

======================== 切片硬件状态 ========================
切片号 | 所属安全域 | 当前状态    | 路扩展 | LRU touched
------------------------------------------------------------------
  0    |   域3      | 正常运行   |  是   |  563201420
  1    |   域3      | 正常运行   |  是   |  563201421
  2    |   域0      | 正常运行   |  否   |  563201419
  3    |   域2      | 正常运行   |  否   |  563201420
==================================================================


======================== 切片硬件状态 ========================
切片号 | 所属安全域 | 当前状态    | 路扩展 | LRU touched
------------------------------------------------------------------
  0    |   域3      | 正常运行   |  是   |  575599981
  1    |   域3      | 正常运行   |  是   |  575599972
  2    |   域0      | 正常运行   |  否   |  575599545
  3    |   域2      | 正常运行   |  否   |  575600000
==================================================================

[动态重分配] 周期575600000：预约迁移 冗余域3(1%) -> 切片0 -> 饥饿域0(7%)
[切片剥夺] 周期575600000：切片0（所属域3）进入待剥夺状态，禁止新替换
[切片剥夺] 周期575600000：切片0在途请求已清空，开始执行脏行写回
[切片管理] 周期575623500：原域3仅剩1个切片，关闭路扩展模式
[动态重分配] 周期575623500：切片0写回完成，自动绑定到域0
[切片管理] 成功绑定切片0 → 安全域0，触发【路扩展模式】

======================== 切片硬件状态 ========================
切片号 | 所属安全域 | 当前状态    | 路扩展 | LRU touched
------------------------------------------------------------------
  0    |   域0      | 正常运行   |  是   |  575623500
  1    |   域3      | 正常运行   |  否   |  575623487
  2    |   域0      | 正常运行   |  是   |  575623485
  3    |   域2      | 正常运行   |  否   |  575623500
==================================================================


======================== 切片硬件状态 ========================
切片号 | 所属安全域 | 当前状态    | 路扩展 | LRU touched
------------------------------------------------------------------
  0    |   域0      | 正常运行   |  是   |  584399925
  1    |   域3      | 正常运行   |  否   |  584399997
  2    |   域0      | 正常运行   |  是   |  584399925
  3    |   域2      | 正常运行   |  否   |  584399953
==================================================================

[动态重分配] 周期584400000：预约迁移 冗余域0(0%) -> 切片0 -> 饥饿域2(7%)
[切片剥夺] 周期584400000：切片0（所属域0）进入待剥夺状态，禁止新替换
[切片剥夺] 周期584400000：切片0在途请求已清空，开始执行脏行写回
[切片管理] 周期584400664：原域0仅剩1个切片，关闭路扩展模式
[动态重分配] 周期584400664：切片0写回完成，自动绑定到域2
[切片管理] 成功绑定切片0 → 安全域2，触发【路扩展模式】

======================== 切片硬件状态 ========================
切片号 | 所属安全域 | 当前状态    | 路扩展 | LRU touched
------------------------------------------------------------------
  0    |   域2      | 正常运行   |  是   |  584400664
  1    |   域3      | 正常运行   |  否   |  584400662
  2    |   域0      | 正常运行   |  否   |  584400536
  3    |   域2      | 正常运行   |  是   |  584400609
==================================================================


**** Debug Statistics at 601000000 Cycles *****
Threads: 4		Fetch Width: 8
No of useful instructions fetched:	1703810374 (35.44% proc util.)
No of total instructions fetched:	2535207948 (52.73% proc util.)
 includes 132968859 misfetch (5.2%), 698428715 (27.5%) wrong-path fetches
 and 0 flushed after failed lock(0.0%)
No of useful instructions issued/executed:	1703810327 (35.44% proc util.)
No of total instructions issued/executed:	2040333636 (42.44% proc util.)
 includes 336523309 wrong-path (16.5%) insts and 0 flushed (0.0%)
	fp 11330, 0.00%
	synch 0, 0.00%
	integer 1368865232, 67.09%
	load/store 671457074, 32.91%
Avg size of int IQ (before scheduling): 26.06
Avg size of fp IQ (before scheduling): 0.00
No of cycles taken:		601000000
Parallelism [ 0.763, 0.000, 0.717, 1.355,] = 2.835
 IQ conflicts: 14798836 (2.46%), FQ conflicts: 0 (0.00%) 
 I reg conflicts: 187539523 (31.20%), FP reg conflicts: 0 (0.00%)
  Activelist confs: 10152 (0.00%), ROB confs: 1441679 (0.24%)
  Int unit conflicts: 744406563 (123.86%), FP unit conflicts: 16 (0.00%)
  Load/store unit conflicts: 127207352 (21.17%)
  MSHR conflicts: 297957077 (49.58%)
----------------------------------------
==== System-wide Cache Statistics ====
Stall for miss queue full 6056 cycles (0.00%)
----------------------------------------
==== Statistics for Master ID: 0 ====
Reads: 370229108   Writes: 64821213
ICACHE: size: 64 KB assoc: 2
ICACHE: hits:211894738 misses:6423379  Hit Ratio: 97.06%
DCACHE: size: 1*16 KB assoc: 1*4
DCACHE: hits:211875508 misses:4859404 writebacks:1964449  Hit Ratio: 97.76%
SCACHE: size: 512 KB assoc: 2
SCACHE: hits:7730457 misses:3549617  Hit Ratio: 68.53%
3CACHE: size: 4096 KB assoc: 2
3CACHE: hits:3114517 misses:435100  Hit Ratio: 87.74%
3CACHE: dirty items replaced:179072
ITLB: size: 48, misses 391401, miss rate 0.18%
DTLB: size: 128, misses 697935, miss rate 0.32%
Avg mem delay: 2.294 cycles
----------------------------------------
==== Statistics for Master ID: 2 ====
Reads: 371257164   Writes: 63027844
ICACHE: size: 64 KB assoc: 2
ICACHE: hits:211779428 misses:6751343  Hit Ratio: 96.91%
DCACHE: size: 2*16 KB assoc: 2*4
DCACHE: hits:210919728 misses:4837503 writebacks:1738929  Hit Ratio: 97.76%
SCACHE: size: 512 KB assoc: 2
SCACHE: hits:8395006 misses:3190846  Hit Ratio: 72.46%
3CACHE: size: 4096 KB assoc: 2
3CACHE: hits:2764074 misses:426772  Hit Ratio: 86.63%
3CACHE: dirty items replaced:146507
ITLB: size: 48, misses 391843, miss rate 0.18%
DTLB: size: 128, misses 641123, miss rate 0.30%
Avg mem delay: 2.294 cycles
----------------------------------------
==== Statistics for Master ID: 3 ====
Reads: 451700244   Writes: 66965338
ICACHE: size: 64 KB assoc: 2
ICACHE: hits:281198230 misses:162901  Hit Ratio: 99.94%
DCACHE: size: 1*16 KB assoc: 1*4
DCACHE: hits:230034854 misses:7272018 writebacks:3220348  Hit Ratio: 96.94%
SCACHE: size: 512 KB assoc: 2
SCACHE: hits:4278728 misses:3153769  Hit Ratio: 57.57%
3CACHE: size: 4096 KB assoc: 2
3CACHE: hits:1035421 misses:2118348  Hit Ratio: 32.83%
3CACHE: dirty items replaced:158223
ITLB: size: 48, misses 2981, miss rate 0.00%
DTLB: size: 128, misses 392271, miss rate 0.17%
Avg mem delay: 2.294 cycles
----------------------------------------
==== Global Resource Utilization ====
STASH: size: 65536 entries, full 2827854937, empty 83751254, misses 7516044, full rate 96.87
icache bank util. 0.151 0.135 0.121 0.139 0.178 0.215 0.152 0.170 
dcache bank util. 0.148 0.145 0.157 0.144 0.181 0.131 0.183 0.145 
L2 bank util. 0.043 0.046 0.045 0.046 0.044 0.042 0.043 0.044 
L1-L2 bus util. = 0.186, L3 util. = 0.050
----------------------------------------

======================== 切片硬件状态 ========================
切片号 | 所属安全域 | 当前状态    | 路扩展 | LRU touched
------------------------------------------------------------------
  0    |   域2      | 正常运行   |  是   |  600999999
  1    |   域3      | 正常运行   |  否   |  600999996
  2    |   域0      | 正常运行   |  否   |  600999960
  3    |   域2      | 正常运行   |  是   |  600999999
==================================================================

branch prediction, hits = 150442318, misses = 27935587, hit rate = 84.34%
return_stack prediction, hits = 15014278, misses = 5984, hit rate = 99.96%
jump prediction, hits = 138693912, misses = 34418019, hit rate = 80.12%

======================== 切片硬件状态 ========================
切片号 | 所属安全域 | 当前状态    | 路扩展 | LRU touched
------------------------------------------------------------------
  0    |   域2      | 正常运行   |  是   |  640799996
  1    |   域3      | 正常运行   |  否   |  640799995
  2    |   域0      | 正常运行   |  否   |  640799999
  3    |   域2      | 正常运行   |  是   |  640799998
==================================================================

[动态重分配] 周期640800000：预约迁移 冗余域2(0%) -> 切片3 -> 饥饿域0(6%)
[切片剥夺] 周期640800000：切片3（所属域2）进入待剥夺状态，禁止新替换
[切片剥夺] 周期640800028：切片3在途请求已清空，开始执行脏行写回
[切片管理] 周期640800312：原域2仅剩1个切片，关闭路扩展模式
[动态重分配] 周期640800312：切片3写回完成，自动绑定到域0
[切片管理] 成功绑定切片3 → 安全域0，触发【路扩展模式】

======================== 切片硬件状态 ========================
切片号 | 所属安全域 | 当前状态    | 路扩展 | LRU touched
------------------------------------------------------------------
  0    |   域2      | 正常运行   |  否   |  640800131
  1    |   域3      | 正常运行   |  否   |  640800107
  2    |   域0      | 正常运行   |  是   |  640800076
  3    |   域0      | 正常运行   |  是   |  640800312
==================================================================


======================== 切片硬件状态 ========================
切片号 | 所属安全域 | 当前状态    | 路扩展 | LRU touched
------------------------------------------------------------------
  0    |   域2      | 正常运行   |  否   |  659499984
  1    |   域3      | 正常运行   |  否   |  659499994
  2    |   域0      | 正常运行   |  是   |  659499979
  3    |   域0      | 正常运行   |  是   |  659500000
==================================================================

[动态重分配] 周期659500000：预约迁移 冗余域0(0%) -> 切片2 -> 饥饿域2(18%)
[切片剥夺] 周期659500000：切片2（所属域0）进入待剥夺状态，禁止新替换
[切片剥夺] 周期659500000：切片2在途请求已清空，开始执行脏行写回
[切片管理] 周期659502057：原域0仅剩1个切片，关闭路扩展模式
[动态重分配] 周期659502057：切片2写回完成，自动绑定到域2
[切片管理] 成功绑定切片2 → 安全域2，触发【路扩展模式】

======================== 切片硬件状态 ========================
切片号 | 所属安全域 | 当前状态    | 路扩展 | LRU touched
------------------------------------------------------------------
  0    |   域2      | 正常运行   |  是   |  659502015
  1    |   域3      | 正常运行   |  否   |  659502052
  2    |   域2      | 正常运行   |  是   |  659502057
  3    |   域0      | 正常运行   |  否   |  659502057
==================================================================


======================== 切片硬件状态 ========================
切片号 | 所属安全域 | 当前状态    | 路扩展 | LRU touched
------------------------------------------------------------------
  0    |   域2      | 正常运行   |  是   |  659799952
  1    |   域3      | 正常运行   |  否   |  659799957
  2    |   域2      | 正常运行   |  是   |  659799982
  3    |   域0      | 正常运行   |  否   |  659799946
==================================================================

[动态重分配] 周期659800000：预约迁移 冗余域2(0%) -> 切片0 -> 饥饿域0(8%)
[切片剥夺] 周期659800000：切片0（所属域2）进入待剥夺状态，禁止新替换
[切片剥夺] 周期659800060：切片0在途请求已清空，开始执行脏行写回
[切片管理] 周期659800281：原域2仅剩1个切片，关闭路扩展模式
[动态重分配] 周期659800281：切片0写回完成，自动绑定到域0
[切片管理] 成功绑定切片0 → 安全域0，触发【路扩展模式】

======================== 切片硬件状态 ========================
切片号 | 所属安全域 | 当前状态    | 路扩展 | LRU touched
------------------------------------------------------------------
  0    |   域0      | 正常运行   |  是   |  659800281
  1    |   域3      | 正常运行   |  否   |  659800279
  2    |   域2      | 正常运行   |  否   |  659800281
  3    |   域0      | 正常运行   |  是   |  659800106
==================================================================


**** Early Exiting at 684321167 Cycles *****
========================================
 SMTSIM Global Statistics
========================================
Threads: 4		Fetch Width: 8
No of useful instructions fetched:	2000000043 (36.53% proc util.)
No of total instructions fetched:	2961956486 (54.10% proc util.)
 includes 150835749 misfetch (5.1%), 811120694 (27.4%) wrong-path fetches
 and 0 flushed after failed lock(0.0%)
No of useful instructions issued/executed:	2000000024 (36.53% proc util.)
No of total instructions issued/executed:	2388316774 (43.63% proc util.)
 includes 388316750 wrong-path (16.3%) insts and 0 flushed (0.0%)
	fp 11376, 0.00%
	synch 0, 0.00%
	integer 1604535152, 67.18%
	load/store 783770246, 32.82%
Avg size of int IQ (before scheduling): 26.45
Avg size of fp IQ (before scheduling): 0.00
No of cycles taken:		684321167
Parallelism [ 0.782, 0.000, 0.754, 1.387,] = 2.923
 IQ conflicts: 17259627 (2.52%), FQ conflicts: 0 (0.00%) 
 I reg conflicts: 202114432 (29.54%), FP reg conflicts: 0 (0.00%)
  Activelist confs: 13134 (0.00%), ROB confs: 1945575 (0.28%)
  Int unit conflicts: 922418278 (134.79%), FP unit conflicts: 16 (0.00%)
  Load/store unit conflicts: 156440330 (22.86%)
  MSHR conflicts: 351164549 (51.32%)
----------------------------------------
==== System-wide Cache Statistics ====
Stall for miss queue full 6127 cycles (0.00%)
----------------------------------------
==== Statistics for Master ID: 0 ====
Reads: 431006355   Writes: 76839538
ICACHE: size: 64 KB assoc: 2
ICACHE: hits:246791985 misses:7421953  Hit Ratio: 97.08%
DCACHE: size: 2*16 KB assoc: 2*4
DCACHE: hits:247881537 misses:5753245 writebacks:2617934  Hit Ratio: 97.73%
SCACHE: size: 512 KB assoc: 2
SCACHE: hits:9274552 misses:3897819  Hit Ratio: 70.41%
3CACHE: size: 4096 KB assoc: 2
3CACHE: hits:3393544 misses:504273  Hit Ratio: 87.06%
3CACHE: dirty items replaced:228100
ITLB: size: 48, misses 479535, miss rate 0.19%
DTLB: size: 128, misses 818969, miss rate 0.32%
Avg mem delay: 2.223 cycles
----------------------------------------
==== Statistics for Master ID: 2 ====
Reads: 437407224   Writes: 72895375
ICACHE: size: 64 KB assoc: 2
ICACHE: hits:249309618 misses:7691530  Hit Ratio: 97.01%
DCACHE: size: 1*16 KB assoc: 1*4
DCACHE: hits:247862297 misses:5442305 writebacks:1985196  Hit Ratio: 97.85%
SCACHE: size: 512 KB assoc: 2
SCACHE: hits:9569644 misses:3561039  Hit Ratio: 72.88%
3CACHE: size: 4096 KB assoc: 2
3CACHE: hits:3087603 misses:473436  Hit Ratio: 86.71%
3CACHE: dirty items replaced:183345
ITLB: size: 48, misses 460907, miss rate 0.18%
DTLB: size: 128, misses 741808, miss rate 0.29%
Avg mem delay: 2.223 cycles
----------------------------------------
==== Statistics for Master ID: 3 ====
Reads: 525705895   Writes: 77180261
ICACHE: size: 64 KB assoc: 2
ICACHE: hits:327730003 misses:176236  Hit Ratio: 99.95%
DCACHE: size: 1*16 KB assoc: 1*4
DCACHE: hits:266860110 misses:8122228 writebacks:3576581  Hit Ratio: 97.05%
SCACHE: size: 512 KB assoc: 2
SCACHE: hits:4952386 misses:3343656  Hit Ratio: 59.70%
3CACHE: size: 4096 KB assoc: 2
3CACHE: hits:1191419 misses:2152237  Hit Ratio: 35.63%
3CACHE: dirty items replaced:175692
ITLB: size: 48, misses 3489, miss rate 0.00%
DTLB: size: 128, misses 436231, miss rate 0.16%
Avg mem delay: 2.223 cycles
----------------------------------------
==== Global Resource Utilization ====
STASH: size: 65536 entries, full 3287410071, empty 96241867, misses 8585043, full rate 96.91
icache bank util. 0.155 0.140 0.124 0.143 0.181 0.217 0.155 0.178 
dcache bank util. 0.156 0.147 0.161 0.145 0.184 0.134 0.189 0.149 
L2 bank util. 0.043 0.046 0.045 0.045 0.044 0.042 0.043 0.044 
L1-L2 bus util. = 0.188, L3 util. = 0.046
----------------------------------------

======================== 切片硬件状态 ========================
切片号 | 所属安全域 | 当前状态    | 路扩展 | LRU touched
------------------------------------------------------------------
  0    |   域0      | 正常运行   |  是   |  684321165
  1    |   域3      | 正常运行   |  否   |  684321164
  2    |   域2      | 正常运行   |  否   |  684321162
  3    |   域0      | 正常运行   |  是   |  684321166
==================================================================

branch prediction, hits = 176063318, misses = 32570121, hit rate = 84.39%
return_stack prediction, hits = 17141153, misses = 6797, hit rate = 99.96%
jump prediction, hits = 162408689, misses = 39142492, hit rate = 80.58%
total IPC 2.923

=== Results saved to: ./results/gcc-integrate_2_gcc-expr_1_gzip-source_1.txt ===
