测试组合（多线程优先）：equake.arg2 + gcc-166.arg + gzip-source.arg
执行命令：./smtsim equake.arg2 gcc-166.arg gzip-source.arg
==================================================

equake: Reading nodes.
动态重分配参数：每10万周期检查，阈值5
Process 0, Thread 0: equake
Process 0, Thread 1: equake
Process 2, Thread 2: gcc-166
Process 3, Thread 3: gzip-source
[切片调度] 新安全域2无任何切片，尝试分配空闲切片
[切片管理] 成功绑定切片0 → 安全域2

======================== 切片硬件状态 ========================
切片号 | 所属安全域 | 当前状态    | 路扩展 | LRU touched
------------------------------------------------------------------
  0    |   域2      | 正常运行   |  否   |  0
  1    |   域-1     | 切片空闲   |  否   |  0
  2    |   域-1     | 切片空闲   |  否   |  0
  3    |   域-1     | 切片空闲   |  否   |  0
==================================================================

[切片管理] 成功绑定切片1 → 安全域2，触发【路扩展模式】

======================== 切片硬件状态 ========================
切片号 | 所属安全域 | 当前状态    | 路扩展 | LRU touched
------------------------------------------------------------------
  0    |   域2      | 正常运行   |  是   |  0
  1    |   域2      | 正常运行   |  是   |  0
  2    |   域-1     | 切片空闲   |  否   |  0
  3    |   域-1     | 切片空闲   |  否   |  0
==================================================================

[切片调度] 新安全域3无任何切片，尝试分配空闲切片
[切片管理] 成功绑定切片2 → 安全域3

======================== 切片硬件状态 ========================
切片号 | 所属安全域 | 当前状态    | 路扩展 | LRU touched
------------------------------------------------------------------
  0    |   域2      | 正常运行   |  是   |  435
  1    |   域2      | 正常运行   |  是   |  0
  2    |   域3      | 正常运行   |  否   |  0
  3    |   域-1     | 切片空闲   |  否   |  0
==================================================================

[切片管理] 成功绑定切片3 → 安全域3，触发【路扩展模式】

======================== 切片硬件状态 ========================
切片号 | 所属安全域 | 当前状态    | 路扩展 | LRU touched
------------------------------------------------------------------
  0    |   域2      | 正常运行   |  是   |  435
  1    |   域2      | 正常运行   |  是   |  0
  2    |   域3      | 正常运行   |  是   |  0
  3    |   域3      | 正常运行   |  是   |  0
==================================================================

[切片调度] 新安全域0无任何切片，尝试分配空闲切片
[切片调度] 新安全域0未找到空闲切片，尝试剥夺切片
[切片替换] 优先从【路扩展切片】中选择LRU替换目标...
[切片替换] 找到路扩展切片作为受害者：切片1（最后访问：0）
[切片调度] 安全域0触发切片剥夺：从域2剥夺切片1
[切片剥夺] 周期826：切片1（所属域2）进入待剥夺状态，禁止新替换
[切片剥夺] 周期826：切片1在途请求已清空，开始执行脏行写回
[切片剥夺] 周期826：切片1无脏行，直接完成剥夺
[切片管理] 周期826：原域2仅剩1个切片，关闭路扩展模式
[动态重分配] 周期826：切片1写回完成，自动绑定到域0
[切片管理] 成功绑定切片1 → 安全域0

======================== 切片硬件状态 ========================
切片号 | 所属安全域 | 当前状态    | 路扩展 | LRU touched
------------------------------------------------------------------
  0    |   域2      | 正常运行   |  否   |  435
  1    |   域0      | 正常运行   |  否   |  826
  2    |   域3      | 正常运行   |  是   |  826
  3    |   域3      | 正常运行   |  是   |  0
==================================================================

[切片唤醒] 周期826：域0切片就绪，唤醒等待指令

**** Debug Statistics at 1000000 Cycles *****
Threads: 4		Fetch Width: 8
No of useful instructions fetched:	935623 (11.70% proc util.)
No of total instructions fetched:	1233319 (15.42% proc util.)
 includes 105031 misfetch (8.5%), 192665 (15.6%) wrong-path fetches
 and 0 flushed after failed lock(0.0%)
No of useful instructions issued/executed:	935606 (11.70% proc util.)
No of total instructions issued/executed:	1024954 (12.81% proc util.)
 includes 89348 wrong-path (8.7%) insts and 0 flushed (0.0%)
	fp 1145, 0.11%
	synch 0, 0.00%
	integer 681697, 66.51%
	load/store 342112, 33.38%
Avg size of int IQ (before scheduling): 38.31
Avg size of fp IQ (before scheduling): 0.01
No of cycles taken:		1000000
Parallelism [ 0.467, 0.000, 0.322, 0.147,] = 0.936
 IQ conflicts: 14005 (1.40%), FQ conflicts: 0 (0.00%) 
 I reg conflicts: 767168 (76.72%), FP reg conflicts: 0 (0.00%)
  Activelist confs: 0 (0.00%), ROB confs: 1058 (0.11%)
  Int unit conflicts: 124690 (12.47%), FP unit conflicts: 0 (0.00%)
  Load/store unit conflicts: 56905 (5.69%)
  MSHR conflicts: 2697541 (269.75%)
----------------------------------------
==== System-wide Cache Statistics ====
Stall for miss queue full 0 cycles (0.00%)
----------------------------------------
==== Statistics for Master ID: 0 ====
Reads: 278839   Writes: 48151
ICACHE: size: 64 KB assoc: 2
ICACHE: hits:170079 misses:742  Hit Ratio: 99.57%
DCACHE: size: 1*16 KB assoc: 1*4
DCACHE: hits:155566 misses:602 writebacks:23  Hit Ratio: 99.61%
SCACHE: size: 512 KB assoc: 2
SCACHE: hits:928 misses:416  Hit Ratio: 69.05%
3CACHE: size: 4096 KB assoc: 2
3CACHE: hits:23 misses:393  Hit Ratio: 5.53%
3CACHE: dirty items replaced:0
ITLB: size: 48, misses 17, miss rate 0.01%
DTLB: size: 128, misses 64, miss rate 0.04%
Avg mem delay: 38.761 cycles
----------------------------------------
==== Statistics for Master ID: 2 ====
Reads: 195909   Writes: 48816
ICACHE: size: 64 KB assoc: 2
ICACHE: hits:128109 misses:1729  Hit Ratio: 98.67%
DCACHE: size: 1*16 KB assoc: 1*4
DCACHE: hits:112122 misses:2765 writebacks:1846  Hit Ratio: 97.59%
SCACHE: size: 512 KB assoc: 2
SCACHE: hits:970 misses:3524  Hit Ratio: 21.58%
3CACHE: size: 4096 KB assoc: 2
3CACHE: hits:42 misses:3482  Hit Ratio: 1.19%
3CACHE: dirty items replaced:0
ITLB: size: 48, misses 101, miss rate 0.08%
DTLB: size: 128, misses 407, miss rate 0.35%
Avg mem delay: 38.761 cycles
----------------------------------------
==== Statistics for Master ID: 3 ====
Reads: 111696   Writes: 23972
ICACHE: size: 64 KB assoc: 2
ICACHE: hits:64631 misses:209  Hit Ratio: 99.68%
DCACHE: size: 2*16 KB assoc: 2*4
DCACHE: hits:47633 misses:23195 writebacks:23018  Hit Ratio: 67.25%
SCACHE: size: 512 KB assoc: 2
SCACHE: hits:11 misses:23390  Hit Ratio: 0.05%
3CACHE: size: 4096 KB assoc: 2
3CACHE: hits:0 misses:23390  Hit Ratio: 0.00%
3CACHE: dirty items replaced:0
ITLB: size: 48, misses 18, miss rate 0.03%
DTLB: size: 128, misses 5781, miss rate 8.16%
Avg mem delay: 38.761 cycles
----------------------------------------
==== Global Resource Utilization ====
STASH: size: 65536 entries, full 101337626, empty 27580, misses 2340, full rate 99.97
icache bank util. 0.060 0.044 0.044 0.037 0.033 0.035 0.049 0.071 
dcache bank util. 0.030 0.054 0.065 0.042 0.028 0.022 0.222 0.033 
L2 bank util. 0.007 0.007 0.006 0.008 0.006 0.006 0.283 0.007 
L1-L2 bus util. = 0.162, L3 util. = 0.273
----------------------------------------

======================== 切片硬件状态 ========================
切片号 | 所属安全域 | 当前状态    | 路扩展 | LRU touched
------------------------------------------------------------------
  0    |   域2      | 正常运行   |  否   |  999981
  1    |   域0      | 正常运行   |  否   |  999987
  2    |   域3      | 正常运行   |  是   |  999998
  3    |   域3      | 正常运行   |  是   |  999628
==================================================================

branch prediction, hits = 99674, misses = 9715, hit rate = 91.12%
return_stack prediction, hits = 18429, misses = 14, hit rate = 99.92%
jump prediction, hits = 91019, misses = 20461, hit rate = 81.65%
 __sigismember __sigaddset __sigdelset
======================== 切片硬件状态 ========================
切片号 | 所属安全域 | 当前状态    | 路扩展 | LRU touched
------------------------------------------------------------------
  0    |   域2      | 正常运行   |  否   |  27099764
  1    |   域0      | 正常运行   |  否   |  27099900
  2    |   域3      | 正常运行   |  是   |  27099384
  3    |   域3      | 正常运行   |  是   |  27100000
==================================================================

[动态重分配] 周期27100000：预约迁移 冗余域3(12%) -> 切片2 -> 饥饿域2(46%)
[切片剥夺] 周期27100000：切片2（所属域3）进入待剥夺状态，禁止新替换
[切片剥夺] 周期27100000：切片2在途请求已清空，开始执行脏行写回
[切片管理] 周期27104190：原域3仅剩1个切片，关闭路扩展模式
[动态重分配] 周期27104190：切片2写回完成，自动绑定到域2
[切片管理] 成功绑定切片2 → 安全域2，触发【路扩展模式】

======================== 切片硬件状态 ========================
切片号 | 所属安全域 | 当前状态    | 路扩展 | LRU touched
------------------------------------------------------------------
  0    |   域2      | 正常运行   |  是   |  27104143
  1    |   域0      | 正常运行   |  否   |  27104186
  2    |   域2      | 正常运行   |  是   |  27104190
  3    |   域3      | 正常运行   |  否   |  27104190
==================================================================


======================== 切片硬件状态 ========================
切片号 | 所属安全域 | 当前状态    | 路扩展 | LRU touched
------------------------------------------------------------------
  0    |   域2      | 正常运行   |  是   |  27299920
  1    |   域0      | 正常运行   |  否   |  27299901
  2    |   域2      | 正常运行   |  是   |  27299896
  3    |   域3      | 正常运行   |  否   |  27299961
==================================================================

[动态重分配] 周期27300000：预约迁移 冗余域2(1%) -> 切片0 -> 饥饿域3(12%)
[切片剥夺] 周期27300000：切片0（所属域2）进入待剥夺状态，禁止新替换
[切片剥夺] 周期27300000：切片0在途请求已清空，开始执行脏行写回
[切片管理] 周期27300179：原域2仅剩1个切片，关闭路扩展模式
[动态重分配] 周期27300179：切片0写回完成，自动绑定到域3
[切片管理] 成功绑定切片0 → 安全域3，触发【路扩展模式】

======================== 切片硬件状态 ========================
切片号 | 所属安全域 | 当前状态    | 路扩展 | LRU touched
------------------------------------------------------------------
  0    |   域3      | 正常运行   |  是   |  27300179
  1    |   域0      | 正常运行   |  否   |  27300066
  2    |   域2      | 正常运行   |  否   |  27300073
  3    |   域3      | 正常运行   |  是   |  27300081
==================================================================


======================== 切片硬件状态 ========================
切片号 | 所属安全域 | 当前状态    | 路扩展 | LRU touched
------------------------------------------------------------------
  0    |   域3      | 正常运行   |  是   |  31499971
  1    |   域0      | 正常运行   |  否   |  31499970
  2    |   域2      | 正常运行   |  否   |  31499736
  3    |   域3      | 正常运行   |  是   |  31488964
==================================================================

[动态重分配] 周期31500000：预约迁移 冗余域3(12%) -> 切片0 -> 饥饿域2(43%)
[切片剥夺] 周期31500000：切片0（所属域3）进入待剥夺状态，禁止新替换
[切片剥夺] 周期31500204：切片0在途请求已清空，开始执行脏行写回
[切片管理] 周期31504761：原域3仅剩1个切片，关闭路扩展模式
[动态重分配] 周期31504761：切片0写回完成，自动绑定到域2
[切片管理] 成功绑定切片0 → 安全域2，触发【路扩展模式】

======================== 切片硬件状态 ========================
切片号 | 所属安全域 | 当前状态    | 路扩展 | LRU touched
------------------------------------------------------------------
  0    |   域2      | 正常运行   |  是   |  31504761
  1    |   域0      | 正常运行   |  否   |  31504759
  2    |   域2      | 正常运行   |  是   |  31504758
  3    |   域3      | 正常运行   |  否   |  31504749
==================================================================


======================== 切片硬件状态 ========================
切片号 | 所属安全域 | 当前状态    | 路扩展 | LRU touched
------------------------------------------------------------------
  0    |   域2      | 正常运行   |  是   |  31599994
  1    |   域0      | 正常运行   |  否   |  31600000
  2    |   域2      | 正常运行   |  是   |  31599978
  3    |   域3      | 正常运行   |  否   |  31599991
==================================================================

[动态重分配] 周期31600000：预约迁移 冗余域2(2%) -> 切片2 -> 饥饿域3(12%)
[切片剥夺] 周期31600000：切片2（所属域2）进入待剥夺状态，禁止新替换
[切片剥夺] 周期31600000：切片2在途请求已清空，开始执行脏行写回
[切片管理] 周期31600173：原域2仅剩1个切片，关闭路扩展模式
[动态重分配] 周期31600173：切片2写回完成，自动绑定到域3
[切片管理] 成功绑定切片2 → 安全域3，触发【路扩展模式】

======================== 切片硬件状态 ========================
切片号 | 所属安全域 | 当前状态    | 路扩展 | LRU touched
------------------------------------------------------------------
  0    |   域2      | 正常运行   |  否   |  31600169
  1    |   域0      | 正常运行   |  否   |  31600162
  2    |   域3      | 正常运行   |  是   |  31600173
  3    |   域3      | 正常运行   |  是   |  31600164
==================================================================


======================== 切片硬件状态 ========================
切片号 | 所属安全域 | 当前状态    | 路扩展 | LRU touched
------------------------------------------------------------------
  0    |   域2      | 正常运行   |  否   |  36399988
  1    |   域0      | 正常运行   |  否   |  36399988
  2    |   域3      | 正常运行   |  是   |  36399977
  3    |   域3      | 正常运行   |  是   |  36391772
==================================================================

[动态重分配] 周期36400000：预约迁移 冗余域3(12%) -> 切片2 -> 饥饿域2(44%)
[切片剥夺] 周期36400000：切片2（所属域3）进入待剥夺状态，禁止新替换
[切片剥夺] 周期36400132：切片2在途请求已清空，开始执行脏行写回
[切片管理] 周期36406611：原域3仅剩1个切片，关闭路扩展模式
[动态重分配] 周期36406611：切片2写回完成，自动绑定到域2
[切片管理] 成功绑定切片2 → 安全域2，触发【路扩展模式】

======================== 切片硬件状态 ========================
切片号 | 所属安全域 | 当前状态    | 路扩展 | LRU touched
------------------------------------------------------------------
  0    |   域2      | 正常运行   |  是   |  36406445
  1    |   域0      | 正常运行   |  否   |  36406458
  2    |   域2      | 正常运行   |  是   |  36406611
  3    |   域3      | 正常运行   |  否   |  36406599
==================================================================


======================== 切片硬件状态 ========================
切片号 | 所属安全域 | 当前状态    | 路扩展 | LRU touched
------------------------------------------------------------------
  0    |   域2      | 正常运行   |  是   |  36499919
  1    |   域0      | 正常运行   |  否   |  36499853
  2    |   域2      | 正常运行   |  是   |  36499927
  3    |   域3      | 正常运行   |  否   |  36499927
==================================================================

[动态重分配] 周期36500000：预约迁移 冗余域2(4%) -> 切片0 -> 饥饿域3(12%)
[切片剥夺] 周期36500000：切片0（所属域2）进入待剥夺状态，禁止新替换
[切片剥夺] 周期36500000：切片0在途请求已清空，开始执行脏行写回
[切片管理] 周期36500128：原域2仅剩1个切片，关闭路扩展模式
[动态重分配] 周期36500128：切片0写回完成，自动绑定到域3
[切片管理] 成功绑定切片0 → 安全域3，触发【路扩展模式】

======================== 切片硬件状态 ========================
切片号 | 所属安全域 | 当前状态    | 路扩展 | LRU touched
------------------------------------------------------------------
  0    |   域3      | 正常运行   |  是   |  36500128
  1    |   域0      | 正常运行   |  否   |  36499853
  2    |   域2      | 正常运行   |  否   |  36500126
  3    |   域3      | 正常运行   |  是   |  36500124
==================================================================


======================== 切片硬件状态 ========================
切片号 | 所属安全域 | 当前状态    | 路扩展 | LRU touched
------------------------------------------------------------------
  0    |   域3      | 正常运行   |  是   |  37099340
  1    |   域0      | 正常运行   |  否   |  37099955
  2    |   域2      | 正常运行   |  否   |  37099957
  3    |   域3      | 正常运行   |  是   |  37099956
==================================================================

[动态重分配] 周期37100000：预约迁移 冗余域3(12%) -> 切片0 -> 饥饿域2(28%)
[切片剥夺] 周期37100000：切片0（所属域3）进入待剥夺状态，禁止新替换
[切片剥夺] 周期37100000：切片0在途请求已清空，开始执行脏行写回
[切片管理] 周期37105542：原域3仅剩1个切片，关闭路扩展模式
[动态重分配] 周期37105542：切片0写回完成，自动绑定到域2
[切片管理] 成功绑定切片0 → 安全域2，触发【路扩展模式】

======================== 切片硬件状态 ========================
切片号 | 所属安全域 | 当前状态    | 路扩展 | LRU touched
------------------------------------------------------------------
  0    |   域2      | 正常运行   |  是   |  37105542
  1    |   域0      | 正常运行   |  否   |  37105536
  2    |   域2      | 正常运行   |  是   |  37105530
  3    |   域3      | 正常运行   |  否   |  37105534
==================================================================


======================== 切片硬件状态 ========================
切片号 | 所属安全域 | 当前状态    | 路扩展 | LRU touched
------------------------------------------------------------------
  0    |   域2      | 正常运行   |  是   |  37499899
  1    |   域0      | 正常运行   |  否   |  37499939
  2    |   域2      | 正常运行   |  是   |  37499898
  3    |   域3      | 正常运行   |  否   |  37499983
==================================================================

[动态重分配] 周期37500000：预约迁移 冗余域2(6%) -> 切片2 -> 饥饿域3(12%)
[切片剥夺] 周期37500000：切片2（所属域2）进入待剥夺状态，禁止新替换
[切片剥夺] 周期37500008：切片2在途请求已清空，开始执行脏行写回
[切片管理] 周期37500127：原域2仅剩1个切片，关闭路扩展模式
[动态重分配] 周期37500127：切片2写回完成，自动绑定到域3
[切片管理] 成功绑定切片2 → 安全域3，触发【路扩展模式】

======================== 切片硬件状态 ========================
切片号 | 所属安全域 | 当前状态    | 路扩展 | LRU touched
------------------------------------------------------------------
  0    |   域2      | 正常运行   |  否   |  37500037
  1    |   域0      | 正常运行   |  否   |  37500037
  2    |   域3      | 正常运行   |  是   |  37500127
  3    |   域3      | 正常运行   |  是   |  37500042
==================================================================


======================== 切片硬件状态 ========================
切片号 | 所属安全域 | 当前状态    | 路扩展 | LRU touched
------------------------------------------------------------------
  0    |   域2      | 正常运行   |  否   |  37599857
  1    |   域0      | 正常运行   |  否   |  37599881
  2    |   域3      | 正常运行   |  是   |  37590618
  3    |   域3      | 正常运行   |  是   |  37599965
==================================================================

[动态重分配] 周期37600000：预约迁移 冗余域3(12%) -> 切片3 -> 饥饿域2(18%)
[切片剥夺] 周期37600000：切片3（所属域3）进入待剥夺状态，禁止新替换
[切片剥夺] 周期37600188：切片3在途请求已清空，开始执行脏行写回
[切片管理] 周期37603905：原域3仅剩1个切片，关闭路扩展模式
[动态重分配] 周期37603905：切片3写回完成，自动绑定到域2
[切片管理] 成功绑定切片3 → 安全域2，触发【路扩展模式】

======================== 切片硬件状态 ========================
切片号 | 所属安全域 | 当前状态    | 路扩展 | LRU touched
------------------------------------------------------------------
  0    |   域2      | 正常运行   |  是   |  37603904
  1    |   域0      | 正常运行   |  否   |  37603887
  2    |   域3      | 正常运行   |  否   |  37603903
  3    |   域2      | 正常运行   |  是   |  37603905
==================================================================


======================== 切片硬件状态 ========================
切片号 | 所属安全域 | 当前状态    | 路扩展 | LRU touched
------------------------------------------------------------------
  0    |   域2      | 正常运行   |  是   |  37899996
  1    |   域0      | 正常运行   |  否   |  37899984
  2    |   域3      | 正常运行   |  否   |  37899996
  3    |   域2      | 正常运行   |  是   |  37899995
==================================================================

[动态重分配] 周期37900000：预约迁移 冗余域2(2%) -> 切片0 -> 饥饿域3(12%)
[切片剥夺] 周期37900000：切片0（所属域2）进入待剥夺状态，禁止新替换
[切片剥夺] 周期37900000：切片0在途请求已清空，开始执行脏行写回
[切片管理] 周期37900149：原域2仅剩1个切片，关闭路扩展模式
[动态重分配] 周期37900149：切片0写回完成，自动绑定到域3
[切片管理] 成功绑定切片0 → 安全域3，触发【路扩展模式】

======================== 切片硬件状态 ========================
切片号 | 所属安全域 | 当前状态    | 路扩展 | LRU touched
------------------------------------------------------------------
  0    |   域3      | 正常运行   |  是   |  37900149
  1    |   域0      | 正常运行   |  否   |  37899984
  2    |   域3      | 正常运行   |  是   |  37900136
  3    |   域2      | 正常运行   |  否   |  37900132
==================================================================


======================== 切片硬件状态 ========================
切片号 | 所属安全域 | 当前状态    | 路扩展 | LRU touched
------------------------------------------------------------------
  0    |   域3      | 正常运行   |  是   |  40799953
  1    |   域0      | 正常运行   |  否   |  40799952
  2    |   域3      | 正常运行   |  是   |  40786684
  3    |   域2      | 正常运行   |  否   |  40799912
==================================================================

[动态重分配] 周期40800000：预约迁移 冗余域3(12%) -> 切片0 -> 饥饿域2(23%)
[切片剥夺] 周期40800000：切片0（所属域3）进入待剥夺状态，禁止新替换
[切片剥夺] 周期40800164：切片0在途请求已清空，开始执行脏行写回
[切片管理] 周期40806165：原域3仅剩1个切片，关闭路扩展模式
[动态重分配] 周期40806165：切片0写回完成，自动绑定到域2
[切片管理] 成功绑定切片0 → 安全域2，触发【路扩展模式】

======================== 切片硬件状态 ========================
切片号 | 所属安全域 | 当前状态    | 路扩展 | LRU touched
------------------------------------------------------------------
  0    |   域2      | 正常运行   |  是   |  40806165
  1    |   域0      | 正常运行   |  否   |  40806157
  2    |   域3      | 正常运行   |  否   |  40806154
  3    |   域2      | 正常运行   |  是   |  40805985
==================================================================


======================== 切片硬件状态 ========================
切片号 | 所属安全域 | 当前状态    | 路扩展 | LRU touched
------------------------------------------------------------------
  0    |   域2      | 正常运行   |  是   |  40999944
  1    |   域0      | 正常运行   |  否   |  40999999
  2    |   域3      | 正常运行   |  否   |  40999990
  3    |   域2      | 正常运行   |  是   |  40999951
==================================================================

[动态重分配] 周期41000000：预约迁移 冗余域2(1%) -> 切片3 -> 饥饿域3(12%)
[切片剥夺] 周期41000000：切片3（所属域2）进入待剥夺状态，禁止新替换
[切片剥夺] 周期41000000：切片3在途请求已清空，开始执行脏行写回
[切片管理] 周期41000218：原域2仅剩1个切片，关闭路扩展模式
[动态重分配] 周期41000218：切片3写回完成，自动绑定到域3
[切片管理] 成功绑定切片3 → 安全域3，触发【路扩展模式】

======================== 切片硬件状态 ========================
切片号 | 所属安全域 | 当前状态    | 路扩展 | LRU touched
------------------------------------------------------------------
  0    |   域2      | 正常运行   |  否   |  40999944
  1    |   域0      | 正常运行   |  否   |  41000001
  2    |   域3      | 正常运行   |  是   |  41000005
  3    |   域3      | 正常运行   |  是   |  41000218
==================================================================


======================== 切片硬件状态 ========================
切片号 | 所属安全域 | 当前状态    | 路扩展 | LRU touched
------------------------------------------------------------------
  0    |   域2      | 正常运行   |  否   |  41399991
  1    |   域0      | 正常运行   |  否   |  41399997
  2    |   域3      | 正常运行   |  是   |  41387346
  3    |   域3      | 正常运行   |  是   |  41399978
==================================================================

[动态重分配] 周期41400000：预约迁移 冗余域3(12%) -> 切片2 -> 饥饿域2(28%)
[切片剥夺] 周期41400000：切片2（所属域3）进入待剥夺状态，禁止新替换
[切片剥夺] 周期41400000：切片2在途请求已清空，开始执行脏行写回
[切片管理] 周期41405049：原域3仅剩1个切片，关闭路扩展模式
[动态重分配] 周期41405049：切片2写回完成，自动绑定到域2
[切片管理] 成功绑定切片2 → 安全域2，触发【路扩展模式】

======================== 切片硬件状态 ========================
切片号 | 所属安全域 | 当前状态    | 路扩展 | LRU touched
------------------------------------------------------------------
  0    |   域2      | 正常运行   |  是   |  41405034
  1    |   域0      | 正常运行   |  否   |  41405041
  2    |   域2      | 正常运行   |  是   |  41405049
  3    |   域3      | 正常运行   |  否   |  41405041
==================================================================


======================== 切片硬件状态 ========================
切片号 | 所属安全域 | 当前状态    | 路扩展 | LRU touched
------------------------------------------------------------------
  0    |   域2      | 正常运行   |  是   |  41599989
  1    |   域0      | 正常运行   |  否   |  41600000
  2    |   域2      | 正常运行   |  是   |  41599995
  3    |   域3      | 正常运行   |  否   |  41599996
==================================================================

[动态重分配] 周期41600000：预约迁移 冗余域2(1%) -> 切片0 -> 饥饿域3(12%)
[切片剥夺] 周期41600000：切片0（所属域2）进入待剥夺状态，禁止新替换
[切片剥夺] 周期41600000：切片0在途请求已清空，开始执行脏行写回
[切片管理] 周期41600198：原域2仅剩1个切片，关闭路扩展模式
[动态重分配] 周期41600198：切片0写回完成，自动绑定到域3
[切片管理] 成功绑定切片0 → 安全域3，触发【路扩展模式】

======================== 切片硬件状态 ========================
切片号 | 所属安全域 | 当前状态    | 路扩展 | LRU touched
------------------------------------------------------------------
  0    |   域3      | 正常运行   |  是   |  41600198
  1    |   域0      | 正常运行   |  否   |  41600192
  2    |   域2      | 正常运行   |  否   |  41599995
  3    |   域3      | 正常运行   |  是   |  41600198
==================================================================


======================== 切片硬件状态 ========================
切片号 | 所属安全域 | 当前状态    | 路扩展 | LRU touched
------------------------------------------------------------------
  0    |   域3      | 正常运行   |  是   |  42099998
  1    |   域0      | 正常运行   |  否   |  42099993
  2    |   域2      | 正常运行   |  否   |  42099996
  3    |   域3      | 正常运行   |  是   |  42089326
==================================================================

[动态重分配] 周期42100000：预约迁移 冗余域3(12%) -> 切片3 -> 饥饿域2(28%)
[切片剥夺] 周期42100000：切片3（所属域3）进入待剥夺状态，禁止新替换
[切片剥夺] 周期42100000：切片3在途请求已清空，开始执行脏行写回
[切片管理] 周期42104222：原域3仅剩1个切片，关闭路扩展模式
[动态重分配] 周期42104222：切片3写回完成，自动绑定到域2
[切片管理] 成功绑定切片3 → 安全域2，触发【路扩展模式】

======================== 切片硬件状态 ========================
切片号 | 所属安全域 | 当前状态    | 路扩展 | LRU touched
------------------------------------------------------------------
  0    |   域3      | 正常运行   |  否   |  42104209
  1    |   域0      | 正常运行   |  否   |  42104215
  2    |   域2      | 正常运行   |  是   |  42104222
  3    |   域2      | 正常运行   |  是   |  42104222
==================================================================


======================== 切片硬件状态 ========================
切片号 | 所属安全域 | 当前状态    | 路扩展 | LRU touched
------------------------------------------------------------------
  0    |   域3      | 正常运行   |  否   |  42199949
  1    |   域0      | 正常运行   |  否   |  42199942
  2    |   域2      | 正常运行   |  是   |  42199936
  3    |   域2      | 正常运行   |  是   |  42199569
==================================================================

[动态重分配] 周期42200000：预约迁移 冗余域2(1%) -> 切片2 -> 饥饿域3(12%)
[切片剥夺] 周期42200000：切片2（所属域2）进入待剥夺状态，禁止新替换
[切片剥夺] 周期42200000：切片2在途请求已清空，开始执行脏行写回
[切片管理] 周期42200155：原域2仅剩1个切片，关闭路扩展模式
[动态重分配] 周期42200155：切片2写回完成，自动绑定到域3
[切片管理] 成功绑定切片2 → 安全域3，触发【路扩展模式】

======================== 切片硬件状态 ========================
切片号 | 所属安全域 | 当前状态    | 路扩展 | LRU touched
------------------------------------------------------------------
  0    |   域3      | 正常运行   |  是   |  42199949
  1    |   域0      | 正常运行   |  否   |  42199942
  2    |   域3      | 正常运行   |  是   |  42200155
  3    |   域2      | 正常运行   |  否   |  42199569
==================================================================


======================== 切片硬件状态 ========================
切片号 | 所属安全域 | 当前状态    | 路扩展 | LRU touched
------------------------------------------------------------------
  0    |   域3      | 正常运行   |  是   |  42399993
  1    |   域0      | 正常运行   |  否   |  42399997
  2    |   域3      | 正常运行   |  是   |  42397547
  3    |   域2      | 正常运行   |  否   |  42399979
==================================================================

[动态重分配] 周期42400000：预约迁移 冗余域3(12%) -> 切片0 -> 饥饿域2(33%)
[切片剥夺] 周期42400000：切片0（所属域3）进入待剥夺状态，禁止新替换
[切片剥夺] 周期42400228：切片0在途请求已清空，开始执行脏行写回
[切片管理] 周期42405168：原域3仅剩1个切片，关闭路扩展模式
[动态重分配] 周期42405168：切片0写回完成，自动绑定到域2
[切片管理] 成功绑定切片0 → 安全域2，触发【路扩展模式】

======================== 切片硬件状态 ========================
切片号 | 所属安全域 | 当前状态    | 路扩展 | LRU touched
------------------------------------------------------------------
  0    |   域2      | 正常运行   |  是   |  42405168
  1    |   域0      | 正常运行   |  否   |  42405152
  2    |   域3      | 正常运行   |  否   |  42405155
  3    |   域2      | 正常运行   |  是   |  42405161
==================================================================


======================== 切片硬件状态 ========================
切片号 | 所属安全域 | 当前状态    | 路扩展 | LRU touched
------------------------------------------------------------------
  0    |   域2      | 正常运行   |  是   |  42999889
  1    |   域0      | 正常运行   |  否   |  42999906
  2    |   域3      | 正常运行   |  否   |  42999915
  3    |   域2      | 正常运行   |  是   |  42999897
==================================================================

[动态重分配] 周期43000000：预约迁移 冗余域2(1%) -> 切片0 -> 饥饿域3(12%)
[切片剥夺] 周期43000000：切片0（所属域2）进入待剥夺状态，禁止新替换
[切片剥夺] 周期43000000：切片0在途请求已清空，开始执行脏行写回
[切片管理] 周期43000233：原域2仅剩1个切片，关闭路扩展模式
[动态重分配] 周期43000233：切片0写回完成，自动绑定到域3
[切片管理] 成功绑定切片0 → 安全域3，触发【路扩展模式】

======================== 切片硬件状态 ========================
切片号 | 所属安全域 | 当前状态    | 路扩展 | LRU touched
------------------------------------------------------------------
  0    |   域3      | 正常运行   |  是   |  43000233
  1    |   域0      | 正常运行   |  否   |  43000034
  2    |   域3      | 正常运行   |  是   |  43000048
  3    |   域2      | 正常运行   |  否   |  43000230
==================================================================


======================== 切片硬件状态 ========================
切片号 | 所属安全域 | 当前状态    | 路扩展 | LRU touched
------------------------------------------------------------------
  0    |   域3      | 正常运行   |  是   |  43092713
  1    |   域0      | 正常运行   |  否   |  43099996
  2    |   域3      | 正常运行   |  是   |  43100000
  3    |   域2      | 正常运行   |  否   |  43099991
==================================================================

[动态重分配] 周期43100000：预约迁移 冗余域3(12%) -> 切片2 -> 饥饿域2(22%)
[切片剥夺] 周期43100000：切片2（所属域3）进入待剥夺状态，禁止新替换
[切片剥夺] 周期43100216：切片2在途请求已清空，开始执行脏行写回
[切片管理] 周期43105376：原域3仅剩1个切片，关闭路扩展模式
[动态重分配] 周期43105376：切片2写回完成，自动绑定到域2
[切片管理] 成功绑定切片2 → 安全域2，触发【路扩展模式】

======================== 切片硬件状态 ========================
切片号 | 所属安全域 | 当前状态    | 路扩展 | LRU touched
------------------------------------------------------------------
  0    |   域3      | 正常运行   |  否   |  43105373
  1    |   域0      | 正常运行   |  否   |  43105367
  2    |   域2      | 正常运行   |  是   |  43105376
  3    |   域2      | 正常运行   |  是   |  43105323
==================================================================


======================== 切片硬件状态 ========================
切片号 | 所属安全域 | 当前状态    | 路扩展 | LRU touched
------------------------------------------------------------------
  0    |   域3      | 正常运行   |  否   |  43799993
  1    |   域0      | 正常运行   |  否   |  43799996
  2    |   域2      | 正常运行   |  是   |  43799999
  3    |   域2      | 正常运行   |  是   |  43799999
==================================================================

[动态重分配] 周期43800000：预约迁移 冗余域2(0%) -> 切片2 -> 饥饿域3(12%)
[切片剥夺] 周期43800000：切片2（所属域2）进入待剥夺状态，禁止新替换
[切片剥夺] 周期43800000：切片2在途请求已清空，开始执行脏行写回
[切片管理] 周期43800203：原域2仅剩1个切片，关闭路扩展模式
[动态重分配] 周期43800203：切片2写回完成，自动绑定到域3
[切片管理] 成功绑定切片2 → 安全域3，触发【路扩展模式】

======================== 切片硬件状态 ========================
切片号 | 所属安全域 | 当前状态    | 路扩展 | LRU touched
------------------------------------------------------------------
  0    |   域3      | 正常运行   |  是   |  43800008
  1    |   域0      | 正常运行   |  否   |  43800041
  2    |   域3      | 正常运行   |  是   |  43800203
  3    |   域2      | 正常运行   |  否   |  43800049
==================================================================


======================== 切片硬件状态 ========================
切片号 | 所属安全域 | 当前状态    | 路扩展 | LRU touched
------------------------------------------------------------------
  0    |   域3      | 正常运行   |  是   |  46289622
  1    |   域0      | 正常运行   |  否   |  46299937
  2    |   域3      | 正常运行   |  是   |  46299946
  3    |   域2      | 正常运行   |  否   |  46299924
==================================================================

[动态重分配] 周期46300000：预约迁移 冗余域3(12%) -> 切片0 -> 饥饿域2(47%)
[切片剥夺] 周期46300000：切片0（所属域3）进入待剥夺状态，禁止新替换
[切片剥夺] 周期46300000：切片0在途请求已清空，开始执行脏行写回
[切片管理] 周期46305899：原域3仅剩1个切片，关闭路扩展模式
[动态重分配] 周期46305899：切片0写回完成，自动绑定到域2
[切片管理] 成功绑定切片0 → 安全域2，触发【路扩展模式】

======================== 切片硬件状态 ========================
切片号 | 所属安全域 | 当前状态    | 路扩展 | LRU touched
------------------------------------------------------------------
  0    |   域2      | 正常运行   |  是   |  46305899
  1    |   域0      | 正常运行   |  否   |  46305883
  2    |   域3      | 正常运行   |  否   |  46305887
  3    |   域2      | 正常运行   |  是   |  46305696
==================================================================


======================== 切片硬件状态 ========================
切片号 | 所属安全域 | 当前状态    | 路扩展 | LRU touched
------------------------------------------------------------------
  0    |   域2      | 正常运行   |  是   |  46599992
  1    |   域0      | 正常运行   |  否   |  46600000
  2    |   域3      | 正常运行   |  否   |  46599960
  3    |   域2      | 正常运行   |  是   |  46599990
==================================================================

[动态重分配] 周期46600000：预约迁移 冗余域2(4%) -> 切片3 -> 饥饿域3(12%)
[切片剥夺] 周期46600000：切片3（所属域2）进入待剥夺状态，禁止新替换
[切片剥夺] 周期46600000：切片3在途请求已清空，开始执行脏行写回
[切片管理] 周期46600134：原域2仅剩1个切片，关闭路扩展模式
[动态重分配] 周期46600134：切片3写回完成，自动绑定到域3
[切片管理] 成功绑定切片3 → 安全域3，触发【路扩展模式】

======================== 切片硬件状态 ========================
切片号 | 所属安全域 | 当前状态    | 路扩展 | LRU touched
------------------------------------------------------------------
  0    |   域2      | 正常运行   |  否   |  46600132
  1    |   域0      | 正常运行   |  否   |  46600133
  2    |   域3      | 正常运行   |  是   |  46600036
  3    |   域3      | 正常运行   |  是   |  46600134
==================================================================


======================== 切片硬件状态 ========================
切片号 | 所属安全域 | 当前状态    | 路扩展 | LRU touched
------------------------------------------------------------------
  0    |   域2      | 正常运行   |  否   |  48399919
  1    |   域0      | 正常运行   |  否   |  48399999
  2    |   域3      | 正常运行   |  是   |  48399984
  3    |   域3      | 正常运行   |  是   |  48395517
==================================================================

[动态重分配] 周期48400000：预约迁移 冗余域3(12%) -> 切片2 -> 饥饿域2(46%)
[切片剥夺] 周期48400000：切片2（所属域3）进入待剥夺状态，禁止新替换
[切片剥夺] 周期48400204：切片2在途请求已清空，开始执行脏行写回
[切片管理] 周期48405730：原域3仅剩1个切片，关闭路扩展模式
[动态重分配] 周期48405730：切片2写回完成，自动绑定到域2
[切片管理] 成功绑定切片2 → 安全域2，触发【路扩展模式】

======================== 切片硬件状态 ========================
切片号 | 所属安全域 | 当前状态    | 路扩展 | LRU touched
------------------------------------------------------------------
  0    |   域2      | 正常运行   |  是   |  48405715
  1    |   域0      | 正常运行   |  否   |  48405604
  2    |   域2      | 正常运行   |  是   |  48405730
  3    |   域3      | 正常运行   |  否   |  48405718
==================================================================


======================== 切片硬件状态 ========================
切片号 | 所属安全域 | 当前状态    | 路扩展 | LRU touched
------------------------------------------------------------------
  0    |   域2      | 正常运行   |  是   |  48499975
  1    |   域0      | 正常运行   |  否   |  48499955
  2    |   域2      | 正常运行   |  是   |  48500000
  3    |   域3      | 正常运行   |  否   |  48499960
==================================================================

[动态重分配] 周期48500000：预约迁移 冗余域2(4%) -> 切片0 -> 饥饿域3(12%)
[切片剥夺] 周期48500000：切片0（所属域2）进入待剥夺状态，禁止新替换
[切片剥夺] 周期48500000：切片0在途请求已清空，开始执行脏行写回
[切片管理] 周期48500148：原域2仅剩1个切片，关闭路扩展模式
[动态重分配] 周期48500148：切片0写回完成，自动绑定到域3
[切片管理] 成功绑定切片0 → 安全域3，触发【路扩展模式】

======================== 切片硬件状态 ========================
切片号 | 所属安全域 | 当前状态    | 路扩展 | LRU touched
------------------------------------------------------------------
  0    |   域3      | 正常运行   |  是   |  48500148
  1    |   域0      | 正常运行   |  否   |  48500107
  2    |   域2      | 正常运行   |  否   |  48500130
  3    |   域3      | 正常运行   |  是   |  48500114
==================================================================


======================== 切片硬件状态 ========================
切片号 | 所属安全域 | 当前状态    | 路扩展 | LRU touched
------------------------------------------------------------------
  0    |   域3      | 正常运行   |  是   |  50092995
  1    |   域0      | 正常运行   |  否   |  50099939
  2    |   域2      | 正常运行   |  否   |  50099864
  3    |   域3      | 正常运行   |  是   |  50099953
==================================================================

[动态重分配] 周期50100000：预约迁移 冗余域3(12%) -> 切片0 -> 饥饿域2(22%)
[切片剥夺] 周期50100000：切片0（所属域3）进入待剥夺状态，禁止新替换
[切片剥夺] 周期50100000：切片0在途请求已清空，开始执行脏行写回
[切片管理] 周期50105348：原域3仅剩1个切片，关闭路扩展模式
[动态重分配] 周期50105348：切片0写回完成，自动绑定到域2
[切片管理] 成功绑定切片0 → 安全域2，触发【路扩展模式】

======================== 切片硬件状态 ========================
切片号 | 所属安全域 | 当前状态    | 路扩展 | LRU touched
------------------------------------------------------------------
  0    |   域2      | 正常运行   |  是   |  50105348
  1    |   域0      | 正常运行   |  否   |  50105347
  2    |   域2      | 正常运行   |  是   |  50105325
  3    |   域3      | 正常运行   |  否   |  50105336
==================================================================


======================== 切片硬件状态 ========================
切片号 | 所属安全域 | 当前状态    | 路扩展 | LRU touched
------------------------------------------------------------------
  0    |   域2      | 正常运行   |  是   |  50499983
  1    |   域0      | 正常运行   |  否   |  50499997
  2    |   域2      | 正常运行   |  是   |  50500000
  3    |   域3      | 正常运行   |  否   |  50500000
==================================================================

[动态重分配] 周期50500000：预约迁移 冗余域2(1%) -> 切片2 -> 饥饿域3(12%)
[切片剥夺] 周期50500000：切片2（所属域2）进入待剥夺状态，禁止新替换
[切片剥夺] 周期50500000：切片2在途请求已清空，开始执行脏行写回
[切片管理] 周期50500200：原域2仅剩1个切片，关闭路扩展模式
[动态重分配] 周期50500200：切片2写回完成，自动绑定到域3
[切片管理] 成功绑定切片2 → 安全域3，触发【路扩展模式】

======================== 切片硬件状态 ========================
切片号 | 所属安全域 | 当前状态    | 路扩展 | LRU touched
------------------------------------------------------------------
  0    |   域2      | 正常运行   |  否   |  50500134
  1    |   域0      | 正常运行   |  否   |  50500199
  2    |   域3      | 正常运行   |  是   |  50500200
  3    |   域3      | 正常运行   |  是   |  50500200
==================================================================


======================== 切片硬件状态 ========================
切片号 | 所属安全域 | 当前状态    | 路扩展 | LRU touched
------------------------------------------------------------------
  0    |   域2      | 正常运行   |  否   |  50899960
  1    |   域0      | 正常运行   |  否   |  50900000
  2    |   域3      | 正常运行   |  是   |  50897909
  3    |   域3      | 正常运行   |  是   |  50899995
==================================================================

[动态重分配] 周期50900000：预约迁移 冗余域3(12%) -> 切片3 -> 饥饿域2(22%)
[切片剥夺] 周期50900000：切片3（所属域3）进入待剥夺状态，禁止新替换
[切片剥夺] 周期50900192：切片3在途请求已清空，开始执行脏行写回
[切片管理] 周期50906064：原域3仅剩1个切片，关闭路扩展模式
[动态重分配] 周期50906064：切片3写回完成，自动绑定到域2
[切片管理] 成功绑定切片3 → 安全域2，触发【路扩展模式】

======================== 切片硬件状态 ========================
切片号 | 所属安全域 | 当前状态    | 路扩展 | LRU touched
------------------------------------------------------------------
  0    |   域2      | 正常运行   |  是   |  50906053
  1    |   域0      | 正常运行   |  否   |  50906058
  2    |   域3      | 正常运行   |  否   |  50906051
  3    |   域2      | 正常运行   |  是   |  50906064
==================================================================


======================== 切片硬件状态 ========================
切片号 | 所属安全域 | 当前状态    | 路扩展 | LRU touched
------------------------------------------------------------------
  0    |   域2      | 正常运行   |  是   |  51099994
  1    |   域0      | 正常运行   |  否   |  51099996
  2    |   域3      | 正常运行   |  否   |  51099979
  3    |   域2      | 正常运行   |  是   |  51099996
==================================================================

[动态重分配] 周期51100000：预约迁移 冗余域2(0%) -> 切片0 -> 饥饿域3(12%)
[切片剥夺] 周期51100000：切片0（所属域2）进入待剥夺状态，禁止新替换
[切片剥夺] 周期51100000：切片0在途请求已清空，开始执行脏行写回
[切片管理] 周期51100194：原域2仅剩1个切片，关闭路扩展模式
[动态重分配] 周期51100194：切片0写回完成，自动绑定到域3
[切片管理] 成功绑定切片0 → 安全域3，触发【路扩展模式】

======================== 切片硬件状态 ========================
切片号 | 所属安全域 | 当前状态    | 路扩展 | LRU touched
------------------------------------------------------------------
  0    |   域3      | 正常运行   |  是   |  51100194
  1    |   域0      | 正常运行   |  否   |  51100193
  2    |   域3      | 正常运行   |  是   |  51100193
  3    |   域2      | 正常运行   |  否   |  51100181
==================================================================


======================== 切片硬件状态 ========================
切片号 | 所属安全域 | 当前状态    | 路扩展 | LRU touched
------------------------------------------------------------------
  0    |   域3      | 正常运行   |  是   |  51888025
  1    |   域0      | 正常运行   |  否   |  51899991
  2    |   域3      | 正常运行   |  是   |  51899932
  3    |   域2      | 正常运行   |  否   |  51899997
==================================================================

[动态重分配] 周期51900000：预约迁移 冗余域3(12%) -> 切片0 -> 饥饿域2(29%)
[切片剥夺] 周期51900000：切片0（所属域3）进入待剥夺状态，禁止新替换
[切片剥夺] 周期51900000：切片0在途请求已清空，开始执行脏行写回
[切片管理] 周期51904586：原域3仅剩1个切片，关闭路扩展模式
[动态重分配] 周期51904586：切片0写回完成，自动绑定到域2
[切片管理] 成功绑定切片0 → 安全域2，触发【路扩展模式】

======================== 切片硬件状态 ========================
切片号 | 所属安全域 | 当前状态    | 路扩展 | LRU touched
------------------------------------------------------------------
  0    |   域2      | 正常运行   |  是   |  51904586
  1    |   域0      | 正常运行   |  否   |  51904565
  2    |   域3      | 正常运行   |  否   |  51904574
  3    |   域2      | 正常运行   |  是   |  51904570
==================================================================


======================== 切片硬件状态 ========================
切片号 | 所属安全域 | 当前状态    | 路扩展 | LRU touched
------------------------------------------------------------------
  0    |   域2      | 正常运行   |  是   |  51999895
  1    |   域0      | 正常运行   |  否   |  51999987
  2    |   域3      | 正常运行   |  否   |  51999989
  3    |   域2      | 正常运行   |  是   |  51999996
==================================================================

[动态重分配] 周期52000000：预约迁移 冗余域2(1%) -> 切片3 -> 饥饿域3(12%)
[切片剥夺] 周期52000000：切片3（所属域2）进入待剥夺状态，禁止新替换
[切片剥夺] 周期52000000：切片3在途请求已清空，开始执行脏行写回
[切片管理] 周期52000152：原域2仅剩1个切片，关闭路扩展模式
[动态重分配] 周期52000152：切片3写回完成，自动绑定到域3
[切片管理] 成功绑定切片3 → 安全域3，触发【路扩展模式】

======================== 切片硬件状态 ========================
切片号 | 所属安全域 | 当前状态    | 路扩展 | LRU touched
------------------------------------------------------------------
  0    |   域2      | 正常运行   |  否   |  52000003
  1    |   域0      | 正常运行   |  否   |  52000042
  2    |   域3      | 正常运行   |  是   |  51999989
  3    |   域3      | 正常运行   |  是   |  52000152
==================================================================


======================== 切片硬件状态 ========================
切片号 | 所属安全域 | 当前状态    | 路扩展 | LRU touched
------------------------------------------------------------------
  0    |   域2      | 正常运行   |  否   |  52199961
  1    |   域0      | 正常运行   |  否   |  52199992
  2    |   域3      | 正常运行   |  是   |  52199995
  3    |   域3      | 正常运行   |  是   |  52199540
==================================================================

[动态重分配] 周期52200000：预约迁移 冗余域3(12%) -> 切片2 -> 饥饿域2(23%)
[切片剥夺] 周期52200000：切片2（所属域3）进入待剥夺状态，禁止新替换
[切片剥夺] 周期52200124：切片2在途请求已清空，开始执行脏行写回
[切片管理] 周期52204035：原域3仅剩1个切片，关闭路扩展模式
[动态重分配] 周期52204035：切片2写回完成，自动绑定到域2
[切片管理] 成功绑定切片2 → 安全域2，触发【路扩展模式】

======================== 切片硬件状态 ========================
切片号 | 所属安全域 | 当前状态    | 路扩展 | LRU touched
------------------------------------------------------------------
  0    |   域2      | 正常运行   |  是   |  52204029
  1    |   域0      | 正常运行   |  否   |  52204016
  2    |   域2      | 正常运行   |  是   |  52204035
  3    |   域3      | 正常运行   |  否   |  52204021
==================================================================


======================== 切片硬件状态 ========================
切片号 | 所属安全域 | 当前状态    | 路扩展 | LRU touched
------------------------------------------------------------------
  0    |   域2      | 正常运行   |  是   |  52499968
  1    |   域0      | 正常运行   |  否   |  52499967
  2    |   域2      | 正常运行   |  是   |  52499958
  3    |   域3      | 正常运行   |  否   |  52499970
==================================================================

[动态重分配] 周期52500000：预约迁移 冗余域2(5%) -> 切片0 -> 饥饿域3(12%)
[切片剥夺] 周期52500000：切片0（所属域2）进入待剥夺状态，禁止新替换
[切片剥夺] 周期52500000：切片0在途请求已清空，开始执行脏行写回
[切片管理] 周期52500155：原域2仅剩1个切片，关闭路扩展模式
[动态重分配] 周期52500155：切片0写回完成，自动绑定到域3
[切片管理] 成功绑定切片0 → 安全域3，触发【路扩展模式】

======================== 切片硬件状态 ========================
切片号 | 所属安全域 | 当前状态    | 路扩展 | LRU touched
------------------------------------------------------------------
  0    |   域3      | 正常运行   |  是   |  52500155
  1    |   域0      | 正常运行   |  否   |  52500118
  2    |   域2      | 正常运行   |  否   |  52500119
  3    |   域3      | 正常运行   |  是   |  52500121
==================================================================


======================== 切片硬件状态 ========================
切片号 | 所属安全域 | 当前状态    | 路扩展 | LRU touched
------------------------------------------------------------------
  0    |   域3      | 正常运行   |  是   |  53090354
  1    |   域0      | 正常运行   |  否   |  53099999
  2    |   域2      | 正常运行   |  否   |  53099924
  3    |   域3      | 正常运行   |  是   |  53099921
==================================================================

[动态重分配] 周期53100000：预约迁移 冗余域3(12%) -> 切片0 -> 饥饿域2(30%)
[切片剥夺] 周期53100000：切片0（所属域3）进入待剥夺状态，禁止新替换
[切片剥夺] 周期53100000：切片0在途请求已清空，开始执行脏行写回
[切片管理] 周期53104160：原域3仅剩1个切片，关闭路扩展模式
[动态重分配] 周期53104160：切片0写回完成，自动绑定到域2
[切片管理] 成功绑定切片0 → 安全域2，触发【路扩展模式】

======================== 切片硬件状态 ========================
切片号 | 所属安全域 | 当前状态    | 路扩展 | LRU touched
------------------------------------------------------------------
  0    |   域2      | 正常运行   |  是   |  53104160
  1    |   域0      | 正常运行   |  否   |  53104158
  2    |   域2      | 正常运行   |  是   |  53104031
  3    |   域3      | 正常运行   |  否   |  53104153
==================================================================


======================== 切片硬件状态 ========================
切片号 | 所属安全域 | 当前状态    | 路扩展 | LRU touched
------------------------------------------------------------------
  0    |   域2      | 正常运行   |  是   |  53399994
  1    |   域0      | 正常运行   |  否   |  53399999
  2    |   域2      | 正常运行   |  是   |  53399993
  3    |   域3      | 正常运行   |  否   |  53399888
==================================================================

[动态重分配] 周期53400000：预约迁移 冗余域2(2%) -> 切片2 -> 饥饿域3(12%)
[切片剥夺] 周期53400000：切片2（所属域2）进入待剥夺状态，禁止新替换
[切片剥夺] 周期53400000：切片2在途请求已清空，开始执行脏行写回
[切片管理] 周期53400170：原域2仅剩1个切片，关闭路扩展模式
[动态重分配] 周期53400170：切片2写回完成，自动绑定到域3
[切片管理] 成功绑定切片2 → 安全域3，触发【路扩展模式】

======================== 切片硬件状态 ========================
切片号 | 所属安全域 | 当前状态    | 路扩展 | LRU touched
------------------------------------------------------------------
  0    |   域2      | 正常运行   |  否   |  53400006
  1    |   域0      | 正常运行   |  否   |  53399999
  2    |   域3      | 正常运行   |  是   |  53400170
  3    |   域3      | 正常运行   |  是   |  53400064
==================================================================


======================== 切片硬件状态 ========================
切片号 | 所属安全域 | 当前状态    | 路扩展 | LRU touched
------------------------------------------------------------------
  0    |   域2      | 正常运行   |  否   |  53999865
  1    |   域0      | 正常运行   |  否   |  53999995
  2    |   域3      | 正常运行   |  是   |  53999996
  3    |   域3      | 正常运行   |  是   |  53987495
==================================================================

[动态重分配] 周期54000000：预约迁移 冗余域3(12%) -> 切片2 -> 饥饿域2(46%)
[切片剥夺] 周期54000000：切片2（所属域3）进入待剥夺状态，禁止新替换
[切片剥夺] 周期54000200：切片2在途请求已清空，开始执行脏行写回
[切片管理] 周期54005116：原域3仅剩1个切片，关闭路扩展模式
[动态重分配] 周期54005116：切片2写回完成，自动绑定到域2
[切片管理] 成功绑定切片2 → 安全域2，触发【路扩展模式】

======================== 切片硬件状态 ========================
切片号 | 所属安全域 | 当前状态    | 路扩展 | LRU touched
------------------------------------------------------------------
  0    |   域2      | 正常运行   |  是   |  54005030
  1    |   域0      | 正常运行   |  否   |  54005093
  2    |   域2      | 正常运行   |  是   |  54005116
  3    |   域3      | 正常运行   |  否   |  54005106
==================================================================


======================== 切片硬件状态 ========================
切片号 | 所属安全域 | 当前状态    | 路扩展 | LRU touched
------------------------------------------------------------------
  0    |   域2      | 正常运行   |  是   |  54299999
  1    |   域0      | 正常运行   |  否   |  54300000
  2    |   域2      | 正常运行   |  是   |  54299997
  3    |   域3      | 正常运行   |  否   |  54299989
==================================================================

[动态重分配] 周期54300000：预约迁移 冗余域2(2%) -> 切片0 -> 饥饿域3(12%)
[切片剥夺] 周期54300000：切片0（所属域2）进入待剥夺状态，禁止新替换
[切片剥夺] 周期54300000：切片0在途请求已清空，开始执行脏行写回
[切片管理] 周期54300161：原域2仅剩1个切片，关闭路扩展模式
[动态重分配] 周期54300161：切片0写回完成，自动绑定到域3
[切片管理] 成功绑定切片0 → 安全域3，触发【路扩展模式】

======================== 切片硬件状态 ========================
切片号 | 所属安全域 | 当前状态    | 路扩展 | LRU touched
------------------------------------------------------------------
  0    |   域3      | 正常运行   |  是   |  54300161
  1    |   域0      | 正常运行   |  否   |  54300161
  2    |   域2      | 正常运行   |  否   |  54300160
  3    |   域3      | 正常运行   |  是   |  54300150
==================================================================


======================== 切片硬件状态 ========================
切片号 | 所属安全域 | 当前状态    | 路扩展 | LRU touched
------------------------------------------------------------------
  0    |   域3      | 正常运行   |  是   |  54899999
  1    |   域0      | 正常运行   |  否   |  54899998
  2    |   域2      | 正常运行   |  否   |  54899932
  3    |   域3      | 正常运行   |  是   |  54897605
==================================================================

[动态重分配] 周期54900000：预约迁移 冗余域3(12%) -> 切片0 -> 饥饿域2(21%)
[切片剥夺] 周期54900000：切片0（所属域3）进入待剥夺状态，禁止新替换
[切片剥夺] 周期54900140：切片0在途请求已清空，开始执行脏行写回
[切片管理] 周期54905285：原域3仅剩1个切片，关闭路扩展模式
[动态重分配] 周期54905285：切片0写回完成，自动绑定到域2
[切片管理] 成功绑定切片0 → 安全域2，触发【路扩展模式】

======================== 切片硬件状态 ========================
切片号 | 所属安全域 | 当前状态    | 路扩展 | LRU touched
------------------------------------------------------------------
  0    |   域2      | 正常运行   |  是   |  54905285
  1    |   域0      | 正常运行   |  否   |  54905284
  2    |   域2      | 正常运行   |  是   |  54905261
  3    |   域3      | 正常运行   |  否   |  54905272
==================================================================


======================== 切片硬件状态 ========================
切片号 | 所属安全域 | 当前状态    | 路扩展 | LRU touched
------------------------------------------------------------------
  0    |   域2      | 正常运行   |  是   |  55199993
  1    |   域0      | 正常运行   |  否   |  55199992
  2    |   域2      | 正常运行   |  是   |  55199990
  3    |   域3      | 正常运行   |  否   |  55199996
==================================================================

[动态重分配] 周期55200000：预约迁移 冗余域2(1%) -> 切片2 -> 饥饿域3(12%)
[切片剥夺] 周期55200000：切片2（所属域2）进入待剥夺状态，禁止新替换
[切片剥夺] 周期55200000：切片2在途请求已清空，开始执行脏行写回
[切片管理] 周期55200221：原域2仅剩1个切片，关闭路扩展模式
[动态重分配] 周期55200221：切片2写回完成，自动绑定到域3
[切片管理] 成功绑定切片2 → 安全域3，触发【路扩展模式】

======================== 切片硬件状态 ========================
切片号 | 所属安全域 | 当前状态    | 路扩展 | LRU touched
------------------------------------------------------------------
  0    |   域2      | 正常运行   |  否   |  55200041
  1    |   域0      | 正常运行   |  否   |  55200221
  2    |   域3      | 正常运行   |  是   |  55200221
  3    |   域3      | 正常运行   |  是   |  55200221
==================================================================


======================== 切片硬件状态 ========================
切片号 | 所属安全域 | 当前状态    | 路扩展 | LRU touched
------------------------------------------------------------------
  0    |   域2      | 正常运行   |  否   |  56199970
  1    |   域0      | 正常运行   |  否   |  56200000
  2    |   域3      | 正常运行   |  是   |  56199984
  3    |   域3      | 正常运行   |  是   |  56182799
==================================================================

[动态重分配] 周期56200000：预约迁移 冗余域3(12%) -> 切片2 -> 饥饿域2(26%)
[切片剥夺] 周期56200000：切片2（所属域3）进入待剥夺状态，禁止新替换
[切片剥夺] 周期56200184：切片2在途请求已清空，开始执行脏行写回
[切片管理] 周期56204985：原域3仅剩1个切片，关闭路扩展模式
[动态重分配] 周期56204985：切片2写回完成，自动绑定到域2
[切片管理] 成功绑定切片2 → 安全域2，触发【路扩展模式】

======================== 切片硬件状态 ========================
切片号 | 所属安全域 | 当前状态    | 路扩展 | LRU touched
------------------------------------------------------------------
  0    |   域2      | 正常运行   |  是   |  56204962
  1    |   域0      | 正常运行   |  否   |  56204917
  2    |   域2      | 正常运行   |  是   |  56204985
  3    |   域3      | 正常运行   |  否   |  56204973
==================================================================


======================== 切片硬件状态 ========================
切片号 | 所属安全域 | 当前状态    | 路扩展 | LRU touched
------------------------------------------------------------------
  0    |   域2      | 正常运行   |  是   |  56399990
  1    |   域0      | 正常运行   |  否   |  56399975
  2    |   域2      | 正常运行   |  是   |  56399993
  3    |   域3      | 正常运行   |  否   |  56399915
==================================================================

[动态重分配] 周期56400000：预约迁移 冗余域2(1%) -> 切片0 -> 饥饿域3(12%)
[切片剥夺] 周期56400000：切片0（所属域2）进入待剥夺状态，禁止新替换
[切片剥夺] 周期56400000：切片0在途请求已清空，开始执行脏行写回
[切片管理] 周期56400209：原域2仅剩1个切片，关闭路扩展模式
[动态重分配] 周期56400209：切片0写回完成，自动绑定到域3
[切片管理] 成功绑定切片0 → 安全域3，触发【路扩展模式】

======================== 切片硬件状态 ========================
切片号 | 所属安全域 | 当前状态    | 路扩展 | LRU touched
------------------------------------------------------------------
  0    |   域3      | 正常运行   |  是   |  56400209
  1    |   域0      | 正常运行   |  否   |  56400013
  2    |   域2      | 正常运行   |  否   mem_access_latency dl1_access_fn dl2_access_fn il1_access_fn il2_access_fn itlb_access_fn dtlb_access_fn sim_reg_options |  56400041
  3    |   域3      | 正常运行   |  是   |  56399915
==================================================================


======================== 切片硬件状态 ========================
切片号 | 所属安全域 | 当前状态    | 路扩展 | LRU touched
------------------------------------------------------------------
  0    |   域3      | 正常运行   |  是   |  57199998
  1    |   域0      | 正常运行   |  否   |  57199991
  2    |   域2      | 正常运行   |  否   |  57199927
  3    |   域3      | 正常运行   |  是   |  57187362
==================================================================

[动态重分配] 周期57200000：预约迁移 冗余域3(12%) -> 切片0 -> 饥饿域2(47%)
[切片剥夺] 周期57200000：切片0（所属域3）进入待剥夺状态，禁止新替换
[切片剥夺] 周期57200196：切片0在途请求已清空，开始执行脏行写回
[切片管理] 周期57205936：原域3仅剩1个切片，关闭路扩展模式
[动态重分配] 周期57205936：切片0写回完成，自动绑定到域2
[切片管理] 成功绑定切片0 → 安全域2，触发【路扩展模式】

======================== 切片硬件状态 ========================
切片号 | 所属安全域 | 当前状态    | 路扩展 | LRU touched
------------------------------------------------------------------
  0    |   域2      | 正常运行   |  是   |  57205936
  1    |   域0      | 正常运行   |  否   |  57205920
  2    |   域2      | 正常运行   |  是   |  57205905
  3    |   域3      | 正常运行   |  否   |  57205929
==================================================================


======================== 切片硬件状态 ========================
切片号 | 所属安全域 | 当前状态    | 路扩展 | LRU touched
------------------------------------------------------------------
  0    |   域2      | 正常运行   |  是   |  57399994
  1    |   域0      | 正常运行   |  否   |  57400000
  2    |   域2      | 正常运行   |  是   |  57399999
  3    |   域3      | 正常运行   |  否   |  57400000
==================================================================

[动态重分配] 周期57400000：预约迁移 冗余域2(1%) -> 切片2 -> 饥饿域3(12%)
[切片剥夺] 周期57400000：切片2（所属域2）进入待剥夺状态，禁止新替换
[切片剥夺] 周期57400000：切片2在途请求已清空，开始执行脏行写回
[切片管理] 周期57400215：原域2仅剩1个切片，关闭路扩展模式
[动态重分配] 周期57400215：切片2写回完成，自动绑定到域3
[切片管理] 成功绑定切片2 → 安全域3，触发【路扩展模式】

======================== 切片硬件状态 ========================
切片号 | 所属安全域 | 当前状态    | 路扩展 | LRU touched
------------------------------------------------------------------
  0    |   域2      | 正常运行   |  否   |  57400027
  1    |   域0      | 正常运行   |  否   |  57400211
  2    |   域3      | 正常运行   |  是   |  57400215
  3    |   域3      | 正常运行   |  是   |  57400068
==================================================================


======================== 切片硬件状态 ========================
切片号 | 所属安全域 | 当前状态    | 路扩展 | LRU touched
------------------------------------------------------------------
  0    |   域2      | 正常运行   |  否   |  83900000
  1    |   域0      | 正常运行   |  否   |  83899993
  2    |   域3      | 正常运行   |  是   |  83899987
  3    |   域3      | 正常运行   |  是   |  83899881
==================================================================

[动态重分配] 周期83900000：预约迁移 冗余域3(12%) -> 切片2 -> 饥饿域2(21%)
[切片剥夺] 周期83900000：切片2（所属域3）进入待剥夺状态，禁止新替换
[切片剥夺] 周期83900144：切片2在途请求已清空，开始执行脏行写回
[切片管理] 周期83903147：原域3仅剩1个切片，关闭路扩展模式
[动态重分配] 周期83903147：切片2写回完成，自动绑定到域2
[切片管理] 成功绑定切片2 → 安全域2，触发【路扩展模式】

======================== 切片硬件状态 ========================
切片号 | 所属安全域 | 当前状态    | 路扩展 | LRU touched
------------------------------------------------------------------
  0    |   域2      | 正常运行   |  是   |  83903141
  1    |   域0      | 正常运行   |  否   |  83903140
  2    |   域2      | 正常运行   |  是   |  83903147
  3    |   域3      | 正常运行   |  否   |  83903101
==================================================================


======================== 切片硬件状态 ========================
切片号 | 所属安全域 | 当前状态    | 路扩展 | LRU touched
------------------------------------------------------------------
  0    |   域2      | 正常运行   |  是   |  83999992
  1    |   域0      | 正常运行   |  否   |  83999997
  2    |   域2      | 正常运行   |  是   |  83999991
  3    |   域3      | 正常运行   |  否   |  83999983
==================================================================

[动态重分配] 周期84000000：预约迁移 冗余域2(5%) -> 切片0 -> 饥饿域3(12%)
[切片剥夺] 周期84000000：切片0（所属域2）进入待剥夺状态，禁止新替换
[切片剥夺] 周期84000000：切片0在途请求已清空，开始执行脏行写回
[切片管理] 周期84000092：原域2仅剩1个切片，关闭路扩展模式
[动态重分配] 周期84000092：切片0写回完成，自动绑定到域3
[切片管理] 成功绑定切片0 → 安全域3，触发【路扩展模式】

======================== 切片硬件状态 ========================
切片号 | 所属安全域 | 当前状态    | 路扩展 | LRU touched
------------------------------------------------------------------
  0    |   域3      | 正常运行   |  是   |  84000092
  1    |   域0      | 正常运行   |  否   |  84000012
  2    |   域2      | 正常运行   |  否   |  84000090
  3    |   域3      | 正常运行   |  是   |  83999983
==================================================================


======================== 切片硬件状态 ========================
切片号 | 所属安全域 | 当前状态    | 路扩展 | LRU touched
------------------------------------------------------------------
  0    |   域3      | 正常运行   |  是   |  84083257
  1    |   域0      | 正常运行   |  否   |  84099985
  2    |   域2      | 正常运行   |  否   |  84099976
  3    |   域3      | 正常运行   |  是   |  84099994
==================================================================

[动态重分配] 周期84100000：预约迁移 冗余域3(12%) -> 切片3 -> 饥饿域2(21%)
[切片剥夺] 周期84100000：切片3（所属域3）进入待剥夺状态，禁止新替换
[切片剥夺] 周期84100188：切片3在途请求已清空，开始执行脏行写回
[切片管理] 周期84104292：原域3仅剩1个切片，关闭路扩展模式
[动态重分配] 周期84104292：切片3写回完成，自动绑定到域2
[切片管理] 成功绑定切片3 → 安全域2，触发【路扩展模式】

======================== 切片硬件状态 ========================
切片号 | 所属安全域 | 当前状态    | 路扩展 | LRU touched
------------------------------------------------------------------
  0    |   域3      | 正常运行   |  否   |  84104287
  1    |   域0      | 正常运行   |  否   |  84104241
  2    |   域2      | 正常运行   |  是   |  84104235
  3    |   域2      | 正常运行   |  是   |  84104292
==================================================================


======================== 切片硬件状态 ========================
切片号 | 所属安全域 | 当前状态    | 路扩展 | LRU touched
------------------------------------------------------------------
  0    |   域3      | 正常运行   |  否   |  84899996
  1    |   域0      | 正常运行   |  否   |  84899996
  2    |   域2      | 正常运行   |  是   |  84899983
  3    |   域2      | 正常运行   |  是   |  84899984
==================================================================

[动态重分配] 周期84900000：预约迁移 冗余域2(5%) -> 切片3 -> 饥饿域3(12%)
[切片剥夺] 周期84900000：切片3（所属域2）进入待剥夺状态，禁止新替换
[切片剥夺] 周期84900000：切片3在途请求已清空，开始执行脏行写回
[切片管理] 周期84900086：原域2仅剩1个切片，关闭路扩展模式
[动态重分配] 周期84900086：切片3写回完成，自动绑定到域3
[切片管理] 成功绑定切片3 → 安全域3，触发【路扩展模式】

======================== 切片硬件状态 ========================
切片号 | 所属安全域 | 当前状态    | 路扩展 | LRU touched
------------------------------------------------------------------
  0    |   域3      | 正常运行   |  是   |  84900086
  1    |   域0      | 正常运行   |  否   |  84900080
  2    |   域2      | 正常运行   |  否   |  84900081
  3    |   域3      | 正常运行   |  是   |  84900086
==================================================================


======================== 切片硬件状态 ========================
切片号 | 所属安全域 | 当前状态    | 路扩展 | LRU touched
------------------------------------------------------------------
  0    |   域3      | 正常运行   |  是   |  84999267
  1    |   域0      | 正常运行   |  否   |  85000000
  2    |   域2      | 正常运行   |  否   |  84999999
  3    |   域3      | 正常运行   |  是   |  84999997
==================================================================

[动态重分配] 周期85000000：预约迁移 冗余域3(12%) -> 切片0 -> 饥饿域2(24%)
[切片剥夺] 周期85000000：切片0（所属域3）进入待剥夺状态，禁止新替换
[切片剥夺] 周期85000000：切片0在途请求已清空，开始执行脏行写回
[切片管理] 周期85003592：原域3仅剩1个切片，关闭路扩展模式
[动态重分配] 周期85003592：切片0写回完成，自动绑定到域2
[切片管理] 成功绑定切片0 → 安全域2，触发【路扩展模式】

======================== 切片硬件状态 ========================
切片号 | 所属安全域 | 当前状态    | 路扩展 | LRU touched
------------------------------------------------------------------
  0    |   域2      | 正常运行   |  是   |  85003592
  1    |   域0      | 正常运行   |  否   |  85003572
  2    |   域2      | 正常运行   |  是   |  85003578
  3    |   域3      | 正常运行   |  否   |  85003572
==================================================================


======================== 切片硬件状态 ========================
切片号 | 所属安全域 | 当前状态    | 路扩展 | LRU touched
------------------------------------------------------------------
  0    |   域2      | 正常运行   |  是   |  85099988
  1    |   域0      | 正常运行   |  否   |  85099990
  2    |   域2      | 正常运行   |  是   |  85099990
  3    |   域3      | 正常运行   |  否   |  85100000
==================================================================

[动态重分配] 周期85100000：预约迁移 冗余域2(6%) -> 切片2 -> 饥饿域3(12%)
[切片剥夺] 周期85100000：切片2（所属域2）进入待剥夺状态，禁止新替换
[切片剥夺] 周期85100000：切片2在途请求已清空，开始执行脏行写回
[切片管理] 周期85100056：原域2仅剩1个切片，关闭路扩展模式
[动态重分配] 周期85100056：切片2写回完成，自动绑定到域3
[切片管理] 成功绑定切片2 → 安全域3，触发【路扩展模式】

======================== 切片硬件状态 ========================
切片号 | 所属安全域 | 当前状态    | 路扩展 | LRU touched
------------------------------------------------------------------
  0    |   域2      | 正常运行   |  否   |  85100008
  1    |   域0      | 正常运行   |  否   |  85100011
  2    |   域3      | 正常运行   |  是   |  85100056
  3    |   域3      | 正常运行   |  是   |  85100018
==================================================================


======================== 切片硬件状态 ========================
切片号 | 所属安全域 | 当前状态    | 路扩展 | LRU touched
------------------------------------------------------------------
  0    |   域2      | 正常运行   |  否   |  85499927
  1    |   域0      | 正常运行   |  否   |  85499933
  2    |   域3      | 正常运行   |  是   |  85500000
  3    |   域3      | 正常运行   |  是   |  85498880
==================================================================

[动态重分配] 周期85500000：预约迁移 冗余域3(12%) -> 切片3 -> 饥饿域2(23%)
[切片剥夺] 周期85500000：切片3（所属域3）进入待剥夺状态，禁止新替换
[切片剥夺] 周期85500000：切片3在途请求已清空，开始执行脏行写回
[切片管理] 周期85504174：原域3仅剩1个切片，关闭路扩展模式
[动态重分配] 周期85504174：切片3写回完成，自动绑定到域2
[切片管理] 成功绑定切片3 → 安全域2，触发【路扩展模式】

======================== 切片硬件状态 ========================
切片号 | 所属安全域 | 当前状态    | 路扩展 | LRU touched
------------------------------------------------------------------
  0    |   域2      | 正常运行   |  是   |  85504126
  1    |   域0      | 正常运行   |  否   |  85504173
  2    |   域3      | 正常运行   |  否   |  85504169
  3    |   域2      | 正常运行   |  是   |  85504174
==================================================================


======================== 切片硬件状态 ========================
切片号 | 所属安全域 | 当前状态    | 路扩展 | LRU touched
------------------------------------------------------------------
  0    |   域2      | 正常运行   |  是   |  85899959
  1    |   域0      | 正常运行   |  否   |  85899965
  2    |   域3      | 正常运行   |  否   |  85899966
  3    |   域2      | 正常运行   |  是   |  85899955
==================================================================

[动态重分配] 周期85900000：预约迁移 冗余域2(2%) -> 切片0 -> 饥饿域3(12%)
[切片剥夺] 周期85900000：切片0（所属域2）进入待剥夺状态，禁止新替换
[切片剥夺] 周期85900000：切片0在途请求已清空，开始执行脏行写回
[切片管理] 周期85900125：原域2仅剩1个切片，关闭路扩展模式
[动态重分配] 周期85900125：切片0写回完成，自动绑定到域3
[切片管理] 成功绑定切片0 → 安全域3，触发【路扩展模式】

======================== 切片硬件状态 ========================
切片号 | 所属安全域 | 当前状态    | 路扩展 | LRU touched
------------------------------------------------------------------
  0    |   域3      | 正常运行   |  是   |  85900125
  1    |   域0      | 正常运行   |  否   |  85900125
  2    |   域3      | 正常运行   |  是   |  85900125
  3    |   域2      | 正常运行   |  否   |  85900119
==================================================================


======================== 切片硬件状态 ========================
切片号 | 所属安全域 | 当前状态    | 路扩展 | LRU touched
------------------------------------------------------------------
  0    |   域3      | 正常运行   |  是   |  85999986
  1    |   域0      | 正常运行   |  否   |  85999981
  2    |   域3      | 正常运行   |  是   |  85998936
  3    |   域2      | 正常运行   |  否   |  85999979
==================================================================

[动态重分配] 周期86000000：预约迁移 冗余域3(12%) -> 切片2 -> 饥饿域2(27%)
[切片剥夺] 周期86000000：切片2（所属域3）进入待剥夺状态，禁止新替换
[切片剥夺] 周期86000000：切片2在途请求已清空，开始执行脏行写回
[切片管理] 周期86005936：原域3仅剩1个切片，关闭路扩展模式
[动态重分配] 周期86005936：切片2写回完成，自动绑定到域2
[切片管理] 成功绑定切片2 → 安全域2，触发【路扩展模式】

======================== 切片硬件状态 ========================
切片号 | 所属安全域 | 当前状态    | 路扩展 | LRU touched
------------------------------------------------------------------
  0    |   域3      | 正常运行   |  否   |  86005924
  1    |   域0      | 正常运行   |  否   |  86005925
  2    |   域2      | 正常运行   |  是   |  86005936
  3    |   域2      | 正常运行   |  是   |  86005922
==================================================================


======================== 切片硬件状态 ========================
切片号 | 所属安全域 | 当前状态    | 路扩展 | LRU touched
------------------------------------------------------------------
  0    |   域3      | 正常运行   |  否   |  86399946
  1    |   域0      | 正常运行   |  否   |  86399982
  2    |   域2      | 正常运行   |  是   |  86399999
  3    |   域2      | 正常运行   |  是   |  86399983
==================================================================

[动态重分配] 周期86400000：预约迁移 冗余域2(6%) -> 切片3 -> 饥饿域3(12%)
[切片剥夺] 周期86400000：切片3（所属域2）进入待剥夺状态，禁止新替换
[切片剥夺] 周期86400000：切片3在途请求已清空，开始执行脏行写回
[切片管理] 周期86400065：原域2仅剩1个切片，关闭路扩展模式
[动态重分配] 周期86400065：切片3写回完成，自动绑定到域3
[切片管理] 成功绑定切片3 → 安全域3，触发【路扩展模式】

======================== 切片硬件状态 ========================
切片号 | 所属安全域 | 当前状态    | 路扩展 | LRU touched
------------------------------------------------------------------
  0    |   域3      | 正常运行   |  是   |  86400012
  1    |   域0      | 正常运行   |  否   |  86400024
  2    |   域2      | 正常运行   |  否   |  86400032
  3    |   域3      | 正常运行   |  是   |  86400065
==================================================================


======================== 切片硬件状态 ========================
切片号 | 所属安全域 | 当前状态    | 路扩展 | LRU touched
------------------------------------------------------------------
  0    |   域3      | 正常运行   |  是   |  86499354
  1    |   域0      | 正常运行   |  否   |  86499993
  2    |   域2      | 正常运行   |  否   |  86499994
  3    |   域3      | 正常运行   |  是   |  86499982
==================================================================

[动态重分配] 周期86500000：预约迁移 冗余域3(12%) -> 切片0 -> 饥饿域2(27%)
[切片剥夺] 周期86500000：切片0（所属域3）进入待剥夺状态，禁止新替换
[切片剥夺] 周期86500000：切片0在途请求已清空，开始执行脏行写回
[切片管理] 周期86503008：原域3仅剩1个切片，关闭路扩展模式
[动态重分配] 周期86503008：切片0写回完成，自动绑定到域2
[切片管理] 成功绑定切片0 → 安全域2，触发【路扩展模式】

======================== 切片硬件状态 ========================
切片号 | 所属安全域 | 当前状态    | 路扩展 | LRU touched
------------------------------------------------------------------
  0    |   域2      | 正常运行   |  是   |  86503008
  1    |   域0      | 正常运行   |  否   |  86502922
  2    |   域2      | 正常运行   |  是   |  86503006
  3    |   域3      | 正常运行   |  否   |  86502989
==================================================================


======================== 切片硬件状态 ========================
切片号 | 所属安全域 | 当前状态    | 路扩展 | LRU touched
------------------------------------------------------------------
  0    |   域2      | 正常运行   |  是   |  86899873
  1    |   域0      | 正常运行   |  否   |  86899996
  2    |   域2      | 正常运行   |  是   |  86899864
  3    |   域3      | 正常运行   |  否   |  86899987
==================================================================

[动态重分配] 周期86900000：预约迁移 冗余域2(2%) -> 切片2 -> 饥饿域3(12%)
[切片剥夺] 周期86900000：切片2（所属域2）进入待剥夺状态，禁止新替换
[切片剥夺] 周期86900000：切片2在途请求已清空，开始执行脏行写回
[切片管理] 周期86900152：原域2仅剩1个切片，关闭路扩展模式
[动态重分配] 周期86900152：切片2写回完成，自动绑定到域3
[切片管理] 成功绑定切片2 → 安全域3，触发【路扩展模式】

======================== 切片硬件状态 ========================
切片号 | 所属安全域 | 当前状态    | 路扩展 | LRU touched
------------------------------------------------------------------
  0    |   域2      | 正常运行   |  否   |  86900152
  1    |   域0      | 正常运行   |  否   |  86900152
  2    |   域3      | 正常运行   |  是   |  86900152
  3    |   域3      | 正常运行   |  是   |  86900149
==================================================================


======================== 切片硬件状态 ========================
切片号 | 所属安全域 | 当前状态    | 路扩展 | LRU touched
------------------------------------------------------------------
  0    |   域2      | 正常运行   |  否   |  87100000
  1    |   域0      | 正常运行   |  否   |  87099993
  2    |   域3      | 正常运行   |  是   |  87083739
  3    |   域3      | 正常运行   |  是   |  87099982
==================================================================

[动态重分配] 周期87100000：预约迁移 冗余域3(12%) -> 切片3 -> 饥饿域2(24%)
[切片剥夺] 周期87100000：切片3（所属域3）进入待剥夺状态，禁止新替换
[切片剥夺] 周期87100172：切片3在途请求已清空，开始执行脏行写回
[切片管理] 周期87103401：原域3仅剩1个切片，关闭路扩展模式
[动态重分配] 周期87103401：切片3写回完成，自动绑定到域2
[切片管理] 成功绑定切片3 → 安全域2，触发【路扩展模式】

======================== 切片硬件状态 ========================
切片号 | 所属安全域 | 当前状态    | 路扩展 | LRU touched
------------------------------------------------------------------
  0    |   域2      | 正常运行   |  是   |  87103379
  1    |   域0      | 正常运行   |  否   |  87103391
  2    |   域3      | 正常运行   |  否   |  87103389
  3    |   域2      | 正常运行   |  是   |  87103401
==================================================================


======================== 切片硬件状态 ========================
切片号 | 所属安全域 | 当前状态    | 路扩展 | LRU touched
------------------------------------------------------------------
  0    |   域2      | 正常运行   |  是   |  87599975
  1    |   域0      | 正常运行   |  否   |  87600000
  2    |   域3      | 正常运行   |  否   |  87599985
  3    |   域2      | 正常运行   |  是   |  87600000
==================================================================

[动态重分配] 周期87600000：预约迁移 冗余域2(3%) -> 切片0 -> 饥饿域3(12%)
[切片剥夺] 周期87600000：切片0（所属域2）进入待剥夺状态，禁止新替换
[切片剥夺] 周期87600000：切片0在途请求已清空，开始执行脏行写回
[切片管理] 周期87600167：原域2仅剩1个切片，关闭路扩展模式
[动态重分配] 周期87600167：切片0写回完成，自动绑定到域3
[切片管理] 成功绑定切片0 → 安全域3，触发【路扩展模式】

======================== 切片硬件状态 ========================
切片号 | 所属安全域 | 当前状态    | 路扩展 | LRU touched
------------------------------------------------------------------
  0    |   域3      | 正常运行   |  是   |  87600167
  1    |   域0      | 正常运行   |  否   |  87600167
  2    |   域3      | 正常运行   |  是   |  87600036
  3    |   域2      | 正常运行   |  否   |  87600164
==================================================================


======================== 切片硬件状态 ========================
切片号 | 所属安全域 | 当前状态    | 路扩展 | LRU touched
------------------------------------------------------------------
  0    |   域3      | 正常运行   |  是   |  87683427
  1    |   域0      | 正常运行   |  否   |  87699983
  2    |   域3      | 正常运行   |  是   |  87699999
  3    |   域2      | 正常运行   |  否   |  87699995
==================================================================

[动态重分配] 周期87700000：预约迁移 冗余域3(12%) -> 切片2 -> 饥饿域2(26%)
[切片剥夺] 周期87700000：切片2（所属域3）进入待剥夺状态，禁止新替换
[切片剥夺] 周期87700192：切片2在途请求已清空，开始执行脏行写回
[切片管理] 周期87702618：原域3仅剩1个切片，关闭路扩展模式
[动态重分配] 周期87702618：切片2写回完成，自动绑定到域2
[切片管理] 成功绑定切片2 → 安全域2，触发【路扩展模式】

======================== 切片硬件状态 ========================
切片号 | 所属安全域 | 当前状态    | 路扩展 | LRU touched
------------------------------------------------------------------
  0    |   域3      | 正常运行   |  否   |  87702606
  1    |   域0      | 正常运行   |  否   |  87702615
  2    |   域2      | 正常运行   |  是   |  87702618
  3    |   域2      | 正常运行   |  是   |  87702607
==================================================================


======================== 切片硬件状态 ========================
切片号 | 所属安全域 | 当前状态    | 路扩展 | LRU touched
------------------------------------------------------------------
  0    |   域3      | 正常运行   |  否   |  87900000
  1    |   域0      | 正常运行   |  否   |  87900000
  2    |   域2      | 正常运行   |  是   |  87899998
  3    |   域2      | 正常运行   |  是   |  87899995
==================================================================

[动态重分配] 周期87900000：预约迁移 冗余域2(2%) -> 切片3 -> 饥饿域3(12%)
[切片剥夺] 周期87900000：切片3（所属域2）进入待剥夺状态，禁止新替换
[切片剥夺] 周期87900000：切片3在途请求已清空，开始执行脏行写回
[切片管理] 周期87900118：原域2仅剩1个切片，关闭路扩展模式
[动态重分配] 周期87900118：切片3写回完成，自动绑定到域3
[切片管理] 成功绑定切片3 → 安全域3，触发【路扩展模式】

======================== 切片硬件状态 ========================
切片号 | 所属安全域 | 当前状态    | 路扩展 | LRU touched
------------------------------------------------------------------
  0    |   域3      | 正常运行   |  是   |  87900118
  1    |   域0      | 正常运行   |  否   |  87900117
  2    |   域2      | 正常运行   |  否   |  87899998
  3    |   域3      | 正常运行   |  是   |  87900118
==================================================================


======================== 切片硬件状态 ========================
切片号 | 所属安全域 | 当前状态    | 路扩展 | LRU touched
------------------------------------------------------------------
  0    |   域3      | 正常运行   |  是   |  88299992
  1    |   域0      | 正常运行   |  否   |  88299998
  2    |   域2      | 正常运行   |  否   |  88299987
  3    |   域3      | 正常运行   |  是   |  88283927
==================================================================

[动态重分配] 周期88300000：预约迁移 冗余域3(12%) -> 切片0 -> 饥饿域2(27%)
[切片剥夺] 周期88300000：切片0（所属域3）进入待剥夺状态，禁止新替换
[切片剥夺] 周期88300176：切片0在途请求已清空，开始执行脏行写回
[切片管理] 周期88303204：原域3仅剩1个切片，关闭路扩展模式
[动态重分配] 周期88303204：切片0写回完成，自动绑定到域2
[切片管理] 成功绑定切片0 → 安全域2，触发【路扩展模式】

======================== 切片硬件状态 ========================
切片号 | 所属安全域 | 当前状态    | 路扩展 | LRU touched
------------------------------------------------------------------
  0    |   域2      | 正常运行   |  是   |  88303204
  1    |   域0      | 正常运行   |  否   |  88303200
  2    |   域2      | 正常运行   |  是   |  88303195
  3    |   域3      | 正常运行   |  否   |  88303196
==================================================================


======================== 切片硬件状态 ========================
切片号 | 所属安全域 | 当前状态    | 路扩展 | LRU touched
------------------------------------------------------------------
  0    |   域2      | 正常运行   |  是   |  88499982
  1    |   域0      | 正常运行   |  否   |  88499986
  2    |   域2      | 正常运行   |  是   |  88499998
  3    |   域3      | 正常运行   |  否   |  88499991
==================================================================

[动态重分配] 周期88500000：预约迁移 冗余域2(4%) -> 切片2 -> 饥饿域3(12%)
[切片剥夺] 周期88500000：切片2（所属域2）进入待剥夺状态，禁止新替换
[切片剥夺] 周期88500000：切片2在途请求已清空，开始执行脏行写回
[切片管理] 周期88500113：原域2仅剩1个切片，关闭路扩展模式
[动态重分配] 周期88500113：切片2写回完成，自动绑定到域3
[切片管理] 成功绑定切片2 → 安全域3，触发【路扩展模式】

======================== 切片硬件状态 ========================
切片号 | 所属安全域 | 当前状态    | 路扩展 | LRU touched
------------------------------------------------------------------
  0    |   域2      | 正常运行   |  否   |  88500048
  1    |   域0      | 正常运行   |  否   |  88500045
  2    |   域3      | 正常运行   |  是   |  88500113
  3    |   域3      | 正常运行   |  是   |  88500113
==================================================================


======================== 切片硬件状态 ========================
切片号 | 所属安全域 | 当前状态    | 路扩展 | LRU touched
------------------------------------------------------------------
  0    |   域2      | 正常运行   |  否   |  88700000
  1    |   域0      | 正常运行   |  否   |  88699997
  2    |   域3      | 正常运行   |  是   |  88686961
  3    |   域3      | 正常运行   |  是   |  88699995
==================================================================

[动态重分配] 周期88700000：预约迁移 冗余域3(12%) -> 切片3 -> 饥饿域2(29%)
[切片剥夺] 周期88700000：切片3（所属域3）进入待剥夺状态，禁止新替换
[切片剥夺] 周期88700176：切片3在途请求已清空，开始执行脏行写回
[切片管理] 周期88704879：原域3仅剩1个切片，关闭路扩展模式
[动态重分配] 周期88704879：切片3写回完成，自动绑定到域2
[切片管理] 成功绑定切片3 → 安全域2，触发【路扩展模式】

======================== 切片硬件状态 ========================
切片号 | 所属安全域 | 当前状态    | 路扩展 | LRU touched
------------------------------------------------------------------
  0    |   域2      | 正常运行   |  是   |  88704877
  1    |   域0      | 正常运行   |  否   |  88704873
  2    |   域3      | 正常运行   |  否   |  88704869
  3    |   域2      | 正常运行   |  是   |  88704879
==================================================================


======================== 切片硬件状态 ========================
切片号 | 所属安全域 | 当前状态    | 路扩展 | LRU touched
------------------------------------------------------------------
  0    |   域2      | 正常运行   |  是   |  88899797
  1    |   域0      | 正常运行   |  否   |  88899999
  2    |   域3      | 正常运行   |  否   |  88900000
  3    |   域2      | 正常运行   |  是   |  88899800
==================================================================

[动态重分配] 周期88900000：预约迁移 冗余域2(3%) -> 切片0 -> 饥饿域3(12%)
[切片剥夺] 周期88900000：切片0（所属域2）进入待剥夺状态，禁止新替换
[切片剥夺] 周期88900000：切片0在途请求已清空，开始执行脏行写回
[切片管理] 周期88900146：原域2仅剩1个切片，关闭路扩展模式
[动态重分配] 周期88900146：切片0写回完成，自动绑定到域3
[切片管理] 成功绑定切片0 → 安全域3，触发【路扩展模式】

======================== 切片硬件状态 ========================
切片号 | 所属安全域 | 当前状态    | 路扩展 | LRU touched
------------------------------------------------------------------
  0    |   域3      | 正常运行   |  是   |  88900146
  1    |   域0      | 正常运行   |  否   |  88900140
  2    |   域3      | 正常运行   |  是   |  88900146
  3    |   域2      | 正常运行   |  否   |  88899800
==================================================================


======================== 切片硬件状态 ========================
切片号 | 所属安全域 | 当前状态    | 路扩展 | LRU touched
------------------------------------------------------------------
  0    |   域3      | 正常运行   |  是   |  89090454
  1    |   域0      | 正常运行   |  否   |  89099986
  2    |   域3      | 正常运行   |  是   |  89099994
  3    |   域2      | 正常运行   |  否   |  89099988
==================================================================

[动态重分配] 周期89100000：预约迁移 冗余域3(12%) -> 切片2 -> 饥饿域2(28%)
[切片剥夺] 周期89100000：切片2（所属域3）进入待剥夺状态，禁止新替换
[切片剥夺] 周期89100192：切片2在途请求已清空，开始执行脏行写回
[切片管理] 周期89103936：原域3仅剩1个切片，关闭路扩展模式
[动态重分配] 周期89103936：切片2写回完成，自动绑定到域2
[切片管理] 成功绑定切片2 → 安全域2，触发【路扩展模式】

======================== 切片硬件状态 ========================
切片号 | 所属安全域 | 当前状态    | 路扩展 | LRU touched
------------------------------------------------------------------
  0    |   域3      | 正常运行   |  否   |  89103936
  1    |   域0      | 正常运行   |  否   |  89103932
  2    |   域2      | 正常运行   |  是   |  89103936
  3    |   域2      | 正常运行   |  是   |  89103931
==================================================================


======================== 切片硬件状态 ========================
切片号 | 所属安全域 | 当前状态    | 路扩展 | LRU touched
------------------------------------------------------------------
  0    |   域3      | 正常运行   |  否   |  89299981
  1    |   域0      | 正常运行   |  否   |  89299994
  2    |   域2      | 正常运行   |  是   |  89299954
  3    |   域2      | 正常运行   |  是   |  89299961
==================================================================

[动态重分配] 周期89300000：预约迁移 冗余域2(6%) -> 切片3 -> 饥饿域3(12%)
[切片剥夺] 周期89300000：切片3（所属域2）进入待剥夺状态，禁止新替换
[切片剥夺] 周期89300000：切片3在途请求已清空，开始执行脏行写回
[切片管理] 周期89300111：原域2仅剩1个切片，关闭路扩展模式
[动态重分配] 周期89300111：切片3写回完成，自动绑定到域3
[切片管理] 成功绑定切片3 → 安全域3，触发【路扩展模式】

======================== 切片硬件状态 ========================
切片号 | 所属安全域 | 当前状态    | 路扩展 | LRU touched
------------------------------------------------------------------
  0    |   域3      | 正常运行   |  是   |  89300011
  1    |   域0      | 正常运行   |  否   |  89299994
  2    |   域2      | 正常运行   |  否   |  89299954
  3    |   域3      | 正常运行   |  是   |  89300111
==================================================================


======================== 切片硬件状态 ========================
切片号 | 所属安全域 | 当前状态    | 路扩展 | LRU touched
------------------------------------------------------------------
  0    |   域3      | 正常运行   |  是   |  89499989
  1    |   域0      | 正常运行   |  否   |  89499955
  2    |   域2      | 正常运行   |  否   |  89499980
  3    |   域3      | 正常运行   |  是   |  89490232
==================================================================

[动态重分配] 周期89500000：预约迁移 冗余域3(12%) -> 切片0 -> 饥饿域2(29%)
[切片剥夺] 周期89500000：切片0（所属域3）进入待剥夺状态，禁止新替换
[切片剥夺] 周期89500196：切片0在途请求已清空，开始执行脏行写回
[切片管理] 周期89505160：原域3仅剩1个切片，关闭路扩展模式
[动态重分配] 周期89505160：切片0写回完成，自动绑定到域2
[切片管理] 成功绑定切片0 → 安全域2，触发【路扩展模式】

======================== 切片硬件状态 ========================
切片号 | 所属安全域 | 当前状态    | 路扩展 | LRU touched
------------------------------------------------------------------
  0    |   域2      | 正常运行   |  是   |  89505160
  1    |   域0      | 正常运行   |  否   |  89505154
  2    |   域2      | 正常运行   |  是   |  89505149
  3    |   域3      | 正常运行   |  否   |  89505152
==================================================================


======================== 切片硬件状态 ========================
切片号 | 所属安全域 | 当前状态    | 路扩展 | LRU touched
------------------------------------------------------------------
  0    |   域2      | 正常运行   |  是   |  89799997
  1    |   域0      | 正常运行   |  否   |  89799995
  2    |   域2      | 正常运行   |  是   |  89799999
  3    |   域3      | 正常运行   |  否   |  89799998
==================================================================

[动态重分配] 周期89800000：预约迁移 冗余域2(3%) -> 切片2 -> 饥饿域3(12%)
[切片剥夺] 周期89800000：切片2（所属域2）进入待剥夺状态，禁止新替换
[切片剥夺] 周期89800008：切片2在途请求已清空，开始执行脏行写回
[切片管理] 周期89800130：原域2仅剩1个切片，关闭路扩展模式
[动态重分配] 周期89800130：切片2写回完成，自动绑定到域3
[切片管理] 成功绑定切片2 → 安全域3，触发【路扩展模式】

======================== 切片硬件状态 ========================
切片号 | 所属安全域 | 当前状态    | 路扩展 | LRU touched
------------------------------------------------------------------
  0    |   域2      | 正常运行   |  否   |  89800112
  1    |   域0      | 正常运行   |  否   |  89800129
  2    |   域3      | 正常运行   |  是   |  89800130
  3    |   域3      | 正常运行   |  是   |  89800108
==================================================================


======================== 切片硬件状态 ========================
切片号 | 所属安全域 | 当前状态    | 路扩展 | LRU touched
------------------------------------------------------------------
  0    |   域2      | 正常运行   |  否   |  89899978
  1    |   域0      | 正常运行   |  否   |  89899999
  2    |   域3      | 正常运行   |  是   |  89886680
  3    |   域3      | 正常运行   |  是   |  89899972
==================================================================

[动态重分配] 周期89900000：预约迁移 冗余域3(12%) -> 切片3 -> 饥饿域2(30%)
[切片剥夺] 周期89900000：切片3（所属域3）进入待剥夺状态，禁止新替换
[切片剥夺] 周期89900144：切片3在途请求已清空，开始执行脏行写回
[切片管理] 周期89905006：原域3仅剩1个切片，关闭路扩展模式
[动态重分配] 周期89905006：切片3写回完成，自动绑定到域2
[切片管理] 成功绑定切片3 → 安全域2，触发【路扩展模式】

======================== 切片硬件状态 ========================
切片号 | 所属安全域 | 当前状态    | 路扩展 | LRU touched
------------------------------------------------------------------
  0    |   域2      | 正常运行   |  是   |  89904998
  1    |   域0      | 正常运行   |  否   |  89905005
  2    |   域3      | 正常运行   |  否   |  89905002
  3    |   域2      | 正常运行   |  是   |  89905006
==================================================================


======================== 切片硬件状态 ========================
切片号 | 所属安全域 | 当前状态    | 路扩展 | LRU touched
------------------------------------------------------------------
  0    |   域2      | 正常运行   |  是   |  90199977
  1    |   域0      | 正常运行   |  否   |  90199993
  2    |   域3      | 正常运行   |  否   |  90199951
  3    |   域2      | 正常运行   |  是   |  90199993
==================================================================

[动态重分配] 周期90200000：预约迁移 冗余域2(2%) -> 切片0 -> 饥饿域3(12%)
[切片剥夺] 周期90200000：切片0（所属域2）进入待剥夺状态，禁止新替换
[切片剥夺] 周期90200000：切片0在途请求已清空，开始执行脏行写回
[切片管理] 周期90200173：原域2仅剩1个切片，关闭路扩展模式
[动态重分配] 周期90200173：切片0写回完成，自动绑定到域3
[切片管理] 成功绑定切片0 → 安全域3，触发【路扩展模式】

======================== 切片硬件状态 ========================
切片号 | 所属安全域 | 当前状态    | 路扩展 | LRU touched
------------------------------------------------------------------
  0    |   域3      | 正常运行   |  是   |  90200173
  1    |   域0      | 正常运行   |  否   |  90200170
  2    |   域3      | 正常运行   |  是   |  90199951
  3    |   域2      | 正常运行   |  否   |  90200167
==================================================================


======================== 切片硬件状态 ========================
切片号 | 所属安全域 | 当前状态    | 路扩展 | LRU touched
------------------------------------------------------------------
  0    |   域3      | 正常运行   |  是   |  90388444
  1    |   域0      | 正常运行   |  否   |  90399997
  2    |   域3      | 正常运行   |  是   |  90400000
  3    |   域2      | 正常运行   |  否   |  90399992
==================================================================

[动态重分配] 周期90400000：预约迁移 冗余域3(12%) -> 切片2 -> 饥饿域2(29%)
[切片剥夺] 周期90400000：切片2（所属域3）进入待剥夺状态，禁止新替换
[切片剥夺] 周期90400204：切片2在途请求已清空，开始执行脏行写回
[切片管理] 周期90403866：原域3仅剩1个切片，关闭路扩展模式
[动态重分配] 周期90403866：切片2写回完成，自动绑定到域2
[切片管理] 成功绑定切片2 → 安全域2，触发【路扩展模式】

======================== 切片硬件状态 ========================
切片号 | 所属安全域 | 当前状态    | 路扩展 | LRU touched
------------------------------------------------------------------
  0    |   域3      | 正常运行   |  否   |  90403859
  1    |   域0      | 正常运行   |  否   |  90403864
  2    |   域2      | 正常运行   |  是   |  90403866
  3    |   域2      | 正常运行   |  是   |  90403850
==================================================================


======================== 切片硬件状态 ========================
切片号 | 所属安全域 | 当前状态    | 路扩展 | LRU touched
------------------------------------------------------------------
  0    |   域3      | 正常运行   |  否   |  90599933
  1    |   域0      | 正常运行   |  否   |  90599945
  2    |   域2      | 正常运行   |  是   |  90599919
  3    |   域2      | 正常运行   |  是   |  90599952
==================================================================

[动态重分配] 周期90600000：预约迁移 冗余域2(3%) -> 切片3 -> 饥饿域3(12%)
[切片剥夺] 周期90600000：切片3（所属域2）进入待剥夺状态，禁止新替换
[切片剥夺] 周期90600000：切片3在途请求已清空，开始执行脏行写回
[切片管理] 周期90600131：原域2仅剩1个切片，关闭路扩展模式
[动态重分配] 周期90600131：切片3写回完成，自动绑定到域3
[切片管理] 成功绑定切片3 → 安全域3，触发【路扩展模式】

======================== 切片硬件状态 ========================
切片号 | 所属安全域 | 当前状态    | 路扩展 | LRU touched
------------------------------------------------------------------
  0    |   域3      | 正常运行   |  是   |  90600111
  1    |   域0      | 正常运行   |  否   |  90600102
  2    |   域2      | 正常运行   |  否   |  90600128
  3    |   域3      | 正常运行   |  是   |  90600131
==================================================================


======================== 切片硬件状态 ========================
切片号 | 所属安全域 | 当前状态    | 路扩展 | LRU touched
------------------------------------------------------------------
  0    |   域3      | 正常运行   |  是   |  90799980
  1    |   域0      | 正常运行   |  否   |  90799989
  2    |   域2      | 正常运行   |  否   |  90799995
  3    |   域3      | 正常运行   |  是   |  90788861
==================================================================

[动态重分配] 周期90800000：预约迁移 冗余域3(12%) -> 切片0 -> 饥饿域2(30%)
[切片剥夺] 周期90800000：切片0（所属域3）进入待剥夺状态，禁止新替换
[切片剥夺] 周期90800164：切片0在途请求已清空，开始执行脏行写回
[切片管理] 周期90804413：原域3仅剩1个切片，关闭路扩展模式
[动态重分配] 周期90804413：切片0写回完成，自动绑定到域2
[切片管理] 成功绑定切片0 → 安全域2，触发【路扩展模式】

======================== 切片硬件状态 ========================
切片号 | 所属安全域 | 当前状态    | 路扩展 | LRU touched
------------------------------------------------------------------
  0    |   域2      | 正常运行   |  是   |  90804413
  1    |   域0      | 正常运行   |  否   |  90804402
  2    |   域2      | 正常运行   |  是   |  90804411
  3    |   域3      | 正常运行   |  否   |  90804407
==================================================================


======================== 切片硬件状态 ========================
切片号 | 所属安全域 | 当前状态    | 路扩展 | LRU touched
------------------------------------------------------------------
  0    |   域2      | 正常运行   |  是   |  91099900
  1    |   域0      | 正常运行   |  否   |  91099968
  2    |   域2      | 正常运行   |  是   |  91099968
  3    |   域3      | 正常运行   |  否   |  91099902
==================================================================

[动态重分配] 周期91100000：预约迁移 冗余域2(6%) -> 切片2 -> 饥饿域3(12%)
[切片剥夺] 周期91100000：切片2（所属域2）进入待剥夺状态，禁止新替换
[切片剥夺] 周期91100008：切片2在途请求已清空，开始执行脏行写回
[切片管理] 周期91100043：原域2仅剩1个切片，关闭路扩展模式
[动态重分配] 周期91100043：切片2写回完成，自动绑定到域3
[切片管理] 成功绑定切片2 → 安全域3，触发【路扩展模式】

======================== 切片硬件状态 ========================
切片号 | 所属安全域 | 当前状态    | 路扩展 | LRU touched
------------------------------------------------------------------
  0    |   域2      | 正常运行   |  否   |  91099900
  1    |   域0      | 正常运行   |  否   |  91100006
  2    |   域3      | 正常运行   |  是   |  91100043
  3    |   域3      | 正常运行   |  是   |  91100007
==================================================================


======================== 切片硬件状态 ========================
切片号 | 所属安全域 | 当前状态    | 路扩展 | LRU touched
------------------------------------------------------------------
  0    |   域2      | 正常运行   |  否   |  91199997
  1    |   域0      | 正常运行   |  否   |  91199998
  2    |   域3      | 正常运行   |  是   |  91187267
  3    |   域3      | 正常运行   |  是   |  91200000
==================================================================

[动态重分配] 周期91200000：预约迁移 冗余域3(12%) -> 切片3 -> 饥饿域2(30%)
[切片剥夺] 周期91200000：切片3（所属域3）进入待剥夺状态，禁止新替换
[切片剥夺] 周期91200208：切片3在途请求已清空，开始执行脏行写回
[切片管理] 周期91206682：原域3仅剩1个切片，关闭路扩展模式
[动态重分配] 周期91206682：切片3写回完成，自动绑定到域2
[切片管理] 成功绑定切片3 → 安全域2，触发【路扩展模式】

======================== 切片硬件状态 ========================
切片号 | 所属安全域 | 当前状态    | 路扩展 | LRU touched
------------------------------------------------------------------
  0    |   域2      | 正常运行   |  是   |  91206673
  1    |   域0      | 正常运行   |  否   |  91206659
  2    |   域3      | 正常运行   |  否   |  91206670
  3    |   域2      | 正常运行   |  是   |  91206682
==================================================================


======================== 切片硬件状态 ========================
切片号 | 所属安全域 | 当前状态    | 路扩展 | LRU touched
------------------------------------------------------------------
  0    |   域2      | 正常运行   |  是   |  91499903
  1    |   域0      | 正常运行   |  否   |  91499921
  2    |   域3      | 正常运行   |  否   |  91499997
  3    |   域2      | 正常运行   |  是   |  91499912
==================================================================

[动态重分配] 周期91500000：预约迁移 冗余域2(1%) -> 切片0 -> 饥饿域3(12%)
[切片剥夺] 周期91500000：切片0（所属域2）进入待剥夺状态，禁止新替换
[切片剥夺] 周期91500080：切片0在途请求已清空，开始执行脏行写回
[切片管理] 周期91500133：原域2仅剩1个切片，关闭路扩展模式
[动态重分配] 周期91500133：切片0写回完成，自动绑定到域3
[切片管理] 成功绑定切片0 → 安全域3，触发【路扩展模式】

======================== 切片硬件状态 ========================
切片号 | 所属安全域 | 当前状态    | 路扩展 | LRU touched
------------------------------------------------------------------
  0    |   域3      | 正常运行   |  是   |  91500133
  1    |   域0      | 正常运行   |  否   |  91500133
  2    |   域3      | 正常运行   |  是   |  91500131
  3    |   域2      | 正常运行   |  否   |  91500133
==================================================================


======================== 切片硬件状态 ========================
切片号 | 所属安全域 | 当前状态    | 路扩展 | LRU touched
------------------------------------------------------------------
  0    |   域3      | 正常运行   |  是   |  91999966
  1    |   域0      | 正常运行   |  否   |  91999995
  2    |   域3      | 正常运行   |  是   |  91988604
  3    |   域2      | 正常运行   |  否   |  91999990
==================================================================

[动态重分配] 周期92000000：预约迁移 冗余域3(12%) -> 切片2 -> 饥饿域2(20%)
[切片剥夺] 周期92000000：切片2（所属域3）进入待剥夺状态，禁止新替换
[切片剥夺] 周期92000000：切片2在途请求已清空，开始执行脏行写回
[切片管理] 周期92006922：原域3仅剩1个切片，关闭路扩展模式
[动态重分配] 周期92006922：切片2写回完成，自动绑定到域2
[切片管理] 成功绑定切片2 → 安全域2，触发【路扩展模式】

======================== 切片硬件状态 ========================
切片号 | 所属安全域 | 当前状态    | 路扩展 | LRU touched
------------------------------------------------------------------
  0    |   域3      | 正常运行   |  否   |  92006915
  1    |   域0      | 正常运行   |  否   |  92006917
  2    |   域2      | 正常运行   |  是   |  92006922
  3    |   域2      | 正常运行   |  是   |  92006916
==================================================================


======================== 切片硬件状态 ========================
切片号 | 所属安全域 | 当前状态    | 路扩展 | LRU touched
------------------------------------------------------------------
  0    |   域3      | 正常运行   |  否   |  92099999
  1    |   域0      | 正常运行   |  否   |  92099999
  2    |   域2      | 正常运行   |  是   |  92099995
  3    |   域2      | 正常运行   |  是   |  92099952
==================================================================

[动态重分配] 周期92100000：预约迁移 冗余域2(3%) -> 切片3 -> 饥饿域3(12%)
[切片剥夺] 周期92100000：切片3（所属域2）进入待剥夺状态，禁止新替换
[切片剥夺] 周期92100000：切片3在途请求已清空，开始执行脏行写回
[切片管理] 周期92100023：原域2仅剩1个切片，关闭路扩展模式
[动态重分配] 周期92100023：切片3写回完成，自动绑定到域3
[切片管理] 成功绑定切片3 → 安全域3，触发【路扩展模式】

======================== 切片硬件状态 ========================
切片号 | 所属安全域 | 当前状态    | 路扩展 | LRU touched
------------------------------------------------------------------
  0    |   域3      | 正常运行   |  是   |  92100020
  1    |   域0      | 正常运行   |  否   |  92100022
  2    |   域2      | 正常运行   |  否   |  92100022
  3    |   域3      | 正常运行   |  是   |  92100023
==================================================================


======================== 切片硬件状态 ========================
切片号 | 所属安全域 | 当前状态    | 路扩展 | LRU touched
------------------------------------------------------------------
  0    |   域3      | 正常运行   |  是   |  95093234
  1    |   域0      | 正常运行   |  否   |  95099974
  2    |   域2      | 正常运行   |  否   |  95099977
  3    |   域3      | 正常运行   |  是   |  95099975
==================================================================

[动态重分配] 周期95100000：预约迁移 冗余域3(12%) -> 切片0 -> 饥饿域2(20%)
[切片剥夺] 周期95100000：切片0（所属域3）进入待剥夺状态，禁止新替换
[切片剥夺] 周期95100000：切片0在途请求已清空，开始执行脏行写回
[切片管理] 周期95104303：原域3仅剩1个切片，关闭路扩展模式
[动态重分配] 周期95104303：切片0写回完成，自动绑定到域2
[切片管理] 成功绑定切片0 → 安全域2，触发【路扩展模式】

======================== 切片硬件状态 ========================
切片号 | 所属安全域 | 当前状态    | 路扩展 | LRU touched
------------------------------------------------------------------
  0    |   域2      | 正常运行   |  是   |  95104303
  1    |   域0      | 正常运行   |  否   |  95104297
  2    |   域2      | 正常运行   |  是   |  95104300
  3    |   域3      | 正常运行   |  否   |  95104292
==================================================================


======================== 切片硬件状态 ========================
切片号 | 所属安全域 | 当前状态    | 路扩展 | LRU touched
------------------------------------------------------------------
  0    |   域2      | 正常运行   |  是   |  95199997
  1    |   域0      | 正常运行   |  否   |  95199998
  2    |   域2      | 正常运行   |  是   |  95200000
  3    |   域3      | 正常运行   |  否   |  95199925
==================================================================

[动态重分配] 周期95200000：预约迁移 冗余域2(4%) -> 切片2 -> 饥饿域3(12%)
[切片剥夺] 周期95200000：切片2（所属域2）进入待剥夺状态，禁止新替换
[切片剥夺] 周期95200000：切片2在途请求已清空，开始执行脏行写回
[切片管理] 周期95200092：原域2仅剩1个切片，关闭路扩展模式
[动态重分配] 周期95200092：切片2写回完成，自动绑定到域3
[切片管理] 成功绑定切片2 → 安全域3，触发【路扩展模式】

======================== 切片硬件状态 ========================
切片号 | 所属安全域 | 当前状态    | 路扩展 | LRU touched
------------------------------------------------------------------
  0    |   域2      | 正常运行   |  否   |  95200089
  1    |   域0      | 正常运行   |  否   |  95200089
  2    |   域3      | 正常运行   |  是   |  95200092
  3    |   域3      | 正常运行   |  是   |  95200092
==================================================================


======================== 切片硬件状态 ========================
切片号 | 所属安全域 | 当前状态    | 路扩展 | LRU touched
------------------------------------------------------------------
  0    |   域2      | 正常运行   |  否   |  95799999
  1    |   域0      | 正常运行   |  否   |  95799992
  2    |   域3      | 正常运行   |  是   |  95799964
  3    |   域3      | 正常运行   |  是   |  95789733
==================================================================

[动态重分配] 周期95800000：预约迁移 冗余域3(12%) -> 切片2 -> 饥饿域2(20%)
[切片剥夺] 周期95800000：切片2（所属域3）进入待剥夺状态，禁止新替换
[切片剥夺] 周期95800124：切片2在途请求已清空，开始执行脏行写回
[切片管理] 周期95804202：原域3仅剩1个切片，关闭路扩展模式
[动态重分配] 周期95804202：切片2写回完成，自动绑定到域2
[切片管理] 成功绑定切片2 → 安全域2，触发【路扩展模式】

======================== 切片硬件状态 ========================
切片号 | 所属安全域 | 当前状态    | 路扩展 | LRU touched
------------------------------------------------------------------
  0    |   域2      | 正常运行   |  是   |  95804192
  1    |   域0      | 正常运行   |  否   |  95804202
  2    |   域2      | 正常运行   |  是   |  95804202
  3    |   域3      | 正常运行   |  否   |  95804190
==================================================================


======================== 切片硬件状态 ========================
切片号 | 所属安全域 | 当前状态    | 路扩展 | LRU touched
------------------------------------------------------------------
  0    |   域2      | 正常运行   |  是   |  95899989
  1    |   域0      | 正常运行   |  否   |  95899932
  2    |   域2      | 正常运行   |  是   |  95899925
  3    |   域3      | 正常运行   |  否   |  95899939
==================================================================

[动态重分配] 周期95900000：预约迁移 冗余域2(4%) -> 切片0 -> 饥饿域3(12%)
[切片剥夺] 周期95900000：切片0（所属域2）进入待剥夺状态，禁止新替换
[切片剥夺] 周期95900000：切片0在途请求已清空，开始执行脏行写回
[切片管理] 周期95900146：原域2仅剩1个切片，关闭路扩展模式
[动态重分配] 周期95900146：切片0写回完成，自动绑定到域3
[切片管理] 成功绑定切片0 → 安全域3，触发【路扩展模式】

======================== 切片硬件状态 ========================
切片号 | 所属安全域 | 当前状态    | 路扩展 | LRU touched
------------------------------------------------------------------
  0    |   域3      | 正常运行   |  是   |  95900146
  1    |   域0      | 正常运行   |  否   |  95900140
  2    |   域2      | 正常运行   |  否   |  95900141
  3    |   域3      | 正常运行   |  是   |  95900146
==================================================================


======================== 切片硬件状态 ========================
切片号 | 所属安全域 | 当前状态    | 路扩展 | LRU touched
------------------------------------------------------------------
  0    |   域3      | 正常运行   |  是   |  96099978
  1    |   域0      | 正常运行   |  否   |  96099994
  2    |   域2      | 正常运行   |  否   |  96099999
  3    |   域3      | 正常运行   |  是   |  96098316
==================================================================

[动态重分配] 周期96100000：预约迁移 冗余域3(12%) -> 切片3 -> 饥饿域2(18%)
[切片剥夺] 周期96100000：切片3（所属域3）进入待剥夺状态，禁止新替换
[切片剥夺] 周期96100000：切片3在途请求已清空，开始执行脏行写回
[切片管理] 周期96103837：原域3仅剩1个切片，关闭路扩展模式
[动态重分配] 周期96103837：切片3写回完成，自动绑定到域2
[切片管理] 成功绑定切片3 → 安全域2，触发【路扩展模式】

======================== 切片硬件状态 ========================
切片号 | 所属安全域 | 当前状态    | 路扩展 | LRU touched
------------------------------------------------------------------
  0    |   域3      | 正常运行   |  否   |  96103825
  1    |   域0      | 正常运行   |  否   |  96103832
  2    |   域2      | 正常运行   |  是   |  96103835
  3    |   域2      | 正常运行   |  是   |  96103837
==================================================================


======================== 切片硬件状态 ========================
切片号 | 所属安全域 | 当前状态    | 路扩展 | LRU touched
------------------------------------------------------------------
  0    |   域3      | 正常运行   |  否   |  96399990
  1    |   域0      | 正常运行   |  否   |  96399995
  2    |   域2      | 正常运行   |  是   |  96399997
  3    |   域2      | 正常运行   |  是   |  96400000
==================================================================

[动态重分配] 周期96400000：预约迁移 冗余域2(6%) -> 切片2 -> 饥饿域3(12%)
[切片剥夺] 周期96400000：切片2（所属域2）进入待剥夺状态，禁止新替换
[切片剥夺] 周期96400000：切片2在途请求已清空，开始执行脏行写回
[切片管理] 周期96400146：原域2仅剩1个切片，关闭路扩展模式
[动态重分配] 周期96400146：切片2写回完成，自动绑定到域3
[切片管理] 成功绑定切片2 → 安全域3，触发【路扩展模式】

======================== 切片硬件状态 ========================
切片号 | 所属安全域 | 当前状态    | 路扩展 | LRU touched
------------------------------------------------------------------
  0    |   域3      | 正常运行   |  是   |  96400014
  1    |   域0      | 正常运行   |  否   |  96400142
  2    |   域3      | 正常运行   |  是   |  96400146
  3    |   域2      | 正常运行   |  否   |  96400006
==================================================================


======================== 切片硬件状态 ========================
切片号 | 所属安全域 | 当前状态    | 路扩展 | LRU touched
------------------------------------------------------------------
  0    |   域3      | 正常运行   |  是   |  96795238
  1    |   域0      | 正常运行   |  否   |  96799967
  2    |   域3      | 正常运行   |  是   |  96799989
  3    |   域2      | 正常运行   |  否   |  96799987
==================================================================

[动态重分配] 周期96800000：预约迁移 冗余域3(12%) -> 切片0 -> 饥饿域2(24%)
[切片剥夺] 周期96800000：切片0（所属域3）进入待剥夺状态，禁止新替换
[切片剥夺] 周期96800000：切片0在途请求已清空，开始执行脏行写回
[切片管理] 周期96804056：原域3仅剩1个切片，关闭路扩展模式
[动态重分配] 周期96804056：切片0写回完成，自动绑定到域2
[切片管理] 成功绑定切片0 → 安全域2，触发【路扩展模式】

======================== 切片硬件状态 ========================
切片号 | 所属安全域 | 当前状态    | 路扩展 | LRU touched
------------------------------------------------------------------
  0    |   域2      | 正常运行   |  是   |  96804056
  1    |   域0      | 正常运行   |  否   |  96804051
  2    |   域3      | 正常运行   |  否   |  96804049
  3    |   域2      | 正常运行   |  是   |  96804048
==================================================================


======================== 切片硬件状态 ========================
切片号 | 所属安全域 | 当前状态    | 路扩展 | LRU touched
------------------------------------------------------------------
  0    |   域2      | 正常运行   |  是   |  96899994
  1    |   域0      | 正常运行   |  否   |  96899993
  2    |   域3      | 正常运行   |  否   |  96899991
  3    |   域2      | 正常运行   |  是   |  96899969
==================================================================

[动态重分配] 周期96900000：预约迁移 冗余域2(2%) -> 切片3 -> 饥饿域3(12%)
[切片剥夺] 周期96900000：切片3（所属域2）进入待剥夺状态，禁止新替换
[切片剥夺] 周期96900000：切片3在途请求已清空，开始执行脏行写回
[切片管理] 周期96900152：原域2仅剩1个切片，关闭路扩展模式
[动态重分配] 周期96900152：切片3写回完成，自动绑定到域3
[切片管理] 成功绑定切片3 → 安全域3，触发【路扩展模式】

======================== 切片硬件状态 ========================
切片号 | 所属安全域 | 当前状态    | 路扩展 | LRU touched
------------------------------------------------------------------
  0    |   域2      | 正常运行   |  否   |  96900048
  1    |   域0      | 正常运行   |  否   |  96900046
  2    |   域3      | 正常运行   |  是   |  96899991
  3    |   域3      | 正常运行   |  是   |  96900152
==================================================================


======================== 切片硬件状态 ========================
切片号 | 所属安全域 | 当前状态    | 路扩展 | LRU touched
------------------------------------------------------------------
  0    |   域2      | 正常运行   |  否   |  96999999
  1    |   域0      | 正常运行   |  否   |  96999992
  2    |   域3      | 正常运行   |  是   |  96998696
  3    |   域3      | 正常运行   |  是   |  96999986
==================================================================

[动态重分配] 周期97000000：预约迁移 冗余域3(12%) -> 切片2 -> 饥饿域2(26%)
[切片剥夺] 周期97000000：切片2（所属域3）进入待剥夺状态，禁止新替换
[切片剥夺] 周期97000000：切片2在途请求已清空，开始执行脏行写回
[切片管理] 周期97003926：原域3仅剩1个切片，关闭路扩展模式
[动态重分配] 周期97003926：切片2写回完成，自动绑定到域2
[切片管理] 成功绑定切片2 → 安全域2，触发【路扩展模式】

======================== 切片硬件状态 ========================
切片号 | 所属安全域 | 当前状态    | 路扩展 | LRU touched
------------------------------------------------------------------
  0    |   域2      | 正常运行   |  是   |  97003921
  1    |   域0      | 正常运行   |  否   |  97003926
  2    |   域2      | 正常运行   |  是   |  97003926
  3    |   域3      | 正常运行   |  否   |  97003919
==================================================================


======================== 切片硬件状态 ========================
切片号 | 所属安全域 | 当前状态    | 路扩展 | LRU touched
------------------------------------------------------------------
  0    |   域2      | 正常运行   |  是   |  97499983
  1    |   域0      | 正常运行   |  否   |  97499988
  2    |   域2      | 正常运行   |  是   |  97499992
  3    |   域3      | 正常运行   |  否   |  97499998
==================================================================

[动态重分配] 周期97500000：预约迁移 冗余域2(5%) -> 切片0 -> 饥饿域3(12%)
[切片剥夺] 周期97500000：切片0（所属域2）进入待剥夺状态，禁止新替换
[切片剥夺] 周期97500000：切片0在途请求已清空，开始执行脏行写回
[切片管理] 周期97500068：原域2仅剩1个切片，关闭路扩展模式
[动态重分配] 周期97500068：切片0写回完成，自动绑定到域3
[切片管理] 成功绑定切片0 → 安全域3，触发【路扩展模式】

======================== 切片硬件状态 ========================
切片号 | 所属安全域 | 当前状态    | 路扩展 | LRU touched
------------------------------------------------------------------
  0    |   域3      | 正常运行   |  是   |  97500068
  1    |   域0      | 正常运行   |  否   |  97500068
  2    |   域2      | 正常运行   |  否   |  97500056
  3    |   域3      | 正常运行   |  是   |  97500067
==================================================================


======================== 切片硬件状态 ========================
切片号 | 所属安全域 | 当前状态    | 路扩展 | LRU touched
------------------------------------------------------------------
  0    |   域3      | 正常运行   |  是   |  97599985
  1    |   域0      | 正常运行   |  否   |  97599997
  2    |   域2      | 正常运行   |  否   |  97599995
  3    |   域3      | 正常运行   |  是   |  97598758
==================================================================

[动态重分配] 周期97600000：预约迁移 冗余域3(12%) -> 切片3 -> 饥饿域2(27%)
[切片剥夺] 周期97600000：切片3（所属域3）进入待剥夺状态，禁止新替换
[切片剥夺] 周期97600000：切片3在途请求已清空，开始执行脏行写回
[切片管理] 周期97605004：原域3仅剩1个切片，关闭路扩展模式
[动态重分配] 周期97605004：切片3写回完成，自动绑定到域2
[切片管理] 成功绑定切片3 → 安全域2，触发【路扩展模式】

======================== 切片硬件状态 ========================
切片号 | 所属安全域 | 当前状态    | 路扩展 | LRU touched
------------------------------------------------------------------
  0    |   域3      | 正常运行   |  否   |  97605000
  1    |   域0      | 正常运行   |  否   |  97605004
  2    |   域2      | 正常运行   |  是   |  97605004
  3    |   域2      | 正常运行   |  是   |  97605004
==================================================================


======================== 切片硬件状态 ========================
切片号 | 所属安全域 | 当前状态    | 路扩展 | LRU touched
------------------------------------------------------------------
  0    |   域3      | 正常运行   |  否   |  98499988
  1    |   域0      | 正常运行   |  否   |  98499944
  2    |   域2      | 正常运行   |  是   |  98499998
  3    |   域2      | 正常运行   |  是   |  98499996
==================================================================

[动态重分配] 周期98500000：预约迁移 冗余域2(2%) -> 切片2 -> 饥饿域3(12%)
[切片剥夺] 周期98500000：切片2（所属域2）进入待剥夺状态，禁止新替换
[切片剥夺] 周期98500000：切片2在途请求已清空，开始执行脏行写回
[切片管理] 周期98500155：原域2仅剩1个切片，关闭路扩展模式
[动态重分配] 周期98500155：切片2写回完成，自动绑定到域3
[切片管理] 成功绑定切片2 → 安全域3，触发【路扩展模式】

======================== 切片硬件状态 ========================
切片号 | 所属安全域 | 当前状态    | 路扩展 | LRU touched
------------------------------------------------------------------
  0    |   域3      | 正常运行   |  是   |  98500003
  1    |   域0      | 正常运行   |  否   |  98499944
  2    |   域3      | 正常运行   |  是   |  98500155
  3    |   域2      | 正常运行   |  否   |  98500014
==================================================================


======================== 切片硬件状态 ========================
切片号 | 所属安全域 | 当前状态    | 路扩展 | LRU touched
------------------------------------------------------------------
  0    |   域3      | 正常运行   |  是   |  98699988
  1    |   域0      | 正常运行   |  否   |  98699994
  2    |   域3      | 正常运行   |  是   |  98683536
  3    |   域2      | 正常运行   |  否   |  98699987
==================================================================

[动态重分配] 周期98700000：预约迁移 冗余域3(12%) -> 切片0 -> 饥饿域2(27%)
[切片剥夺] 周期98700000：切片0（所属域3）进入待剥夺状态，禁止新替换
[切片剥夺] 周期98700180：切片0在途请求已清空，开始执行脏行写回
[切片管理] 周期98702546：原域3仅剩1个切片，关闭路扩展模式
[动态重分配] 周期98702546：切片0写回完成，自动绑定到域2
[切片管理] 成功绑定切片0 → 安全域2，触发【路扩展模式】

======================== 切片硬件状态 ========================
切片号 | 所属安全域 | 当前状态    | 路扩展 | LRU touched
------------------------------------------------------------------
  0    |   域2      | 正常运行   |  是   |  98702546
  1    |   域0      | 正常运行   |  否   |  98702545
  2    |   域3      | 正常运行   |  否   |  98702546
  3    |   域2      | 正常运行   |  是   |  98702546
==================================================================


======================== 切片硬件状态 ========================
切片号 | 所属安全域 | 当前状态    | 路扩展 | LRU touched
------------------------------------------------------------------
  0    |   域2      | 正常运行   |  是   |  98899989
  1    |   域0      | 正常运行   |  否   |  98900000
  2    |   域3      | 正常运行   |  否   |  98899998
  3    |   域2      | 正常运行   |  是   |  98899994
==================================================================

[动态重分配] 周期98900000：预约迁移 冗余域2(4%) -> 切片3 -> 饥饿域3(12%)
[切片剥夺] 周期98900000：切片3（所属域2）进入待剥夺状态，禁止新替换
[切片剥夺] 周期98900004：切片3在途请求已清空，开始执行脏行写回
[切片管理] 周期98900030：原域2仅剩1个切片，关闭路扩展模式
[动态重分配] 周期98900030：切片3写回完成，自动绑定到域3
[切片管理] 成功绑定切片3 → 安全域3，触发【路扩展模式】

======================== 切片硬件状态 ========================
切片号 | 所属安全域 | 当前状态    | 路扩展 | LRU touched
------------------------------------------------------------------
  0    |   域2      | 正常运行   |  否   |  98900008
  1    |   域0      | 正常运行   |  否   |  98900016
  2    |   域3      | 正常运行   |  是   |  98900010
  3    |   域3      | 正常运行   |  是   |  98900030
==================================================================


======================== 切片硬件状态 ========================
切片号 | 所属安全域 | 当前状态    | 路扩展 | LRU touched
------------------------------------------------------------------
  0    |   域2      | 正常运行   |  否   |  99100000
  1    |   域0      | 正常运行   |  否   |  99099912
  2    |   域3      | 正常运行   |  是   |  99098658
  3    |   域3      | 正常运行   |  是   |  99099990
==================================================================

[动态重分配] 周期99100000：预约迁移 冗余域3(12%) -> 切片2 -> 饥饿域2(23%)
[切片剥夺] 周期99100000：切片2（所属域3）进入待剥夺状态，禁止新替换
[切片剥夺] 周期99100000：切片2在途请求已清空，开始执行脏行写回
[切片管理] 周期99104526：原域3仅剩1个切片，关闭路扩展模式
[动态重分配] 周期99104526：切片2写回完成，自动绑定到域2
[切片管理] 成功绑定切片2 → 安全域2，触发【路扩展模式】

======================== 切片硬件状态 ========================
切片号 | 所属安全域 | 当前状态    | 路扩展 | LRU touched
------------------------------------------------------------------
  0    |   域2      | 正常运行   |  是   |  99104516
  1    |   域0      | 正常运行   |  否   |  99104525
  2    |   域2      | 正常运行   |  是   |  99104526
  3    |   域3      | 正常运行   |  否   |  99104514
==================================================================


======================== 切片硬件状态 ========================
切片号 | 所属安全域 | 当前状态    | 路扩展 | LRU touched
------------------------------------------------------------------
  0    |   域2      | 正常运行   |  是   |  99499997
  1    |   域0      | 正常运行   |  否   |  99500000
  2    |   域2      | 正常运行   |  是   |  99499999
  3    |   域3      | 正常运行   |  否   |  99499992
==================================================================

[动态重分配] 周期99500000：预约迁移 冗余域2(2%) -> 切片0 -> 饥饿域3(12%)
[切片剥夺] 周期99500000：切片0（所属域2）进入待剥夺状态，禁止新替换
[切片剥夺] 周期99500000：切片0在途请求已清空，开始执行脏行写回
[切片管理] 周期99500170：原域2仅剩1个切片，关闭路扩展模式
[动态重分配] 周期99500170：切片0写回完成，自动绑定到域3
[切片管理] 成功绑定切片0 → 安全域3，触发【路扩展模式】

======================== 切片硬件状态 ========================
切片号 | 所属安全域 | 当前状态    | 路扩展 | LRU touched
------------------------------------------------------------------
  0    |   域3      | 正常运行   |  是   |  99500170
  1    |   域0      | 正常运行   |  否   |  99500167
  2    |   域2      | 正常运行   |  否   |  99500166
  3    |   域3      | 正常运行   |  是   |  99500151
==================================================================


======================== 切片硬件状态 ========================
切片号 | 所属安全域 | 当前状态    | 路扩展 | LRU touched
------------------------------------------------------------------
  0    |   域3      | 正常运行   |  是   |  99583232
  1    |   域0      | 正常运行   |  否   |  99599951
  2    |   域2      | 正常运行   |  否   |  99599932
  3    |   域3      | 正常运行   |  是   |  99599962
==================================================================

[动态重分配] 周期99600000：预约迁移 冗余域3(12%) -> 切片3 -> 饥饿域2(28%)
[切片剥夺] 周期99600000：切片3（所属域3）进入待剥夺状态，禁止新替换
[切片剥夺] 周期99600188：切片3在途请求已清空，开始执行脏行写回
[切片管理] 周期99604774：原域3仅剩1个切片，关闭路扩展模式
[动态重分配] 周期99604774：切片3写回完成，自动绑定到域2
[切片管理] 成功绑定切片3 → 安全域2，触发【路扩展模式】

======================== 切片硬件状态 ========================
切片号 | 所属安全域 | 当前状态    | 路扩展 | LRU touched
------------------------------------------------------------------
  0    |   域3      | 正常运行   |  否   |  99604774
  1    |   域0      | 正常运行   |  否   |  99604768
  2    |   域2      | 正常运行   |  是   |  99604773
  3    |   域2      | 正常运行   |  是   |  99604774
==================================================================


======================== 切片硬件状态 ========================
切片号 | 所属安全域 | 当前状态    | 路扩展 | LRU touched
------------------------------------------------------------------
  0    |   域3      | 正常运行   |  否   |  99799975
  1    |   域0      | 正常运行   |  否   |  99799931
  2    |   域2      | 正常运行   |  是   |  99799938
  3    |   域2      | 正常运行   |  是   |  99799934
==================================================================

[动态重分配] 周期99800000：预约迁移 冗余域2(5%) -> 切片2 -> 饥饿域3(12%)
[切片剥夺] 周期99800000：切片2（所属域2）进入待剥夺状态，禁止新替换
[切片剥夺] 周期99800060：切片2在途请求已清空，开始执行脏行写回
[切片管理] 周期99800197：原域2仅剩1个切片，关闭路扩展模式
[动态重分配] 周期99800197：切片2写回完成，自动绑定到域3
[切片管理] 成功绑定切片2 → 安全域3，触发【路扩展模式】

======================== 切片硬件状态 ========================
切片号 | 所属安全域 | 当前状态    | 路扩展 | LRU touched
------------------------------------------------------------------
  0    |   域3      | 正常运行   |  是   |  99800194
  1    |   域0      | 正常运行   |  否   |  99800189
  2    |   域3      | 正常运行   |  是   |  99800197
  3    |   域2      | 正常运行   |  否   |  99800197
==================================================================


======================== 切片硬件状态 ========================
切片号 | 所属安全域 | 当前状态    | 路扩展 | LRU touched
------------------------------------------------------------------
  0    |   域3      | 正常运行   |  是   |  100299999
  1    |   域0      | 正常运行   |  否   |  100300000
  2    |   域3      | 正常运行   |  是   |  100283644
  3    |   域2      | 正常运行   |  否   |  100299996
==================================================================

[动态重分配] 周期100300000：预约迁移 冗余域3(12%) -> 切片0 -> 饥饿域2(31%)
[切片剥夺] 周期100300000：切片0（所属域3）进入待剥夺状态，禁止新替换
[切片剥夺] 周期100300160：切片0在途请求已清空，开始执行脏行写回
[切片管理] 周期100304464：原域3仅剩1个切片，关闭路扩展模式
[动态重分配] 周期100304464：切片0写回完成，自动绑定到域2
[切片管理] 成功绑定切片0 → 安全域2，触发【路扩展模式】

======================== 切片硬件状态 ========================
切片号 | 所属安全域 | 当前状态    | 路扩展 | LRU touched
------------------------------------------------------------------
  0    |   域2      | 正常运行   |  是   |  100304464
  1    |   域0      | 正常运行   |  否   |  100304456
  2    |   域3      | 正常运行   |  否   |  100304463
  3    |   域2      | 正常运行   |  是   |  100304450
==================================================================


======================== 切片硬件状态 ========================
切片号 | 所属安全域 | 当前状态    | 路扩展 | LRU touched
------------------------------------------------------------------
  0    |   域2      | 正常运行   |  是   |  100499997
  1    |   域0      | 正常运行   |  否   |  100499989
  2    |   域3      | 正常运行   |  否   |  100499993
  3    |   域2      | 正常运行   |  是   |  100500000
==================================================================

[动态重分配] 周期100500000：预约迁移 冗余域2(3%) -> 切片3 -> 饥饿域3(12%)
[切片剥夺] 周期100500000：切片3（所属域2）进入待剥夺状态，禁止新替换
[切片剥夺] 周期100500000：切片3在途请求已清空，开始执行脏行写回
[切片管理] 周期100500167：原域2仅剩1个切片，关闭路扩展模式
[动态重分配] 周期100500167：切片3写回完成，自动绑定到域3
[切片管理] 成功绑定切片3 → 安全域3，触发【路扩展模式】

======================== 切片硬件状态 ========================
切片号 | 所属安全域 | 当前状态    | 路扩展 | LRU touched
------------------------------------------------------------------
  0    |   域2      | 正常运行   |  否   |  100500014
  1    |   域0      | 正常运行   |  否   |  100500087
  2    |   域3      | 正常运行   |  是   |  100500033
  3    |   域3      | 正常运行   |  是   |  100500167
==================================================================


======================== 切片硬件状态 ========================
切片号 | 所属安全域 | 当前状态    | 路扩展 | LRU touched
------------------------------------------------------------------
  0    |   域2      | 正常运行   |  否   |  100699985
  1    |   域0      | 正常运行   |  否   |  100699993
  2    |   域3      | 正常运行   |  是   |  100699989
  3    |   域3      | 正常运行   |  是   |  100686558
==================================================================

[动态重分配] 周期100700000：预约迁移 冗余域3(12%) -> 切片2 -> 饥饿域2(29%)
[切片剥夺] 周期100700000：切片2（所属域3）进入待剥夺状态，禁止新替换
[切片剥夺] 周期100700136：切片2在途请求已清空，开始执行脏行写回
[切片管理] 周期100704056：原域3仅剩1个切片，关闭路扩展模式
[动态重分配] 周期100704056：切片2写回完成，自动绑定到域2
[切片管理] 成功绑定切片2 → 安全域2，触发【路扩展模式】

======================== 切片硬件状态 ========================
切片号 | 所属安全域 | 当前状态    | 路扩展 | LRU touched
------------------------------------------------------------------
  0    |   域2      | 正常运行   |  是   |  100704054
  1    |   域0      | 正常运行   |  否   |  100704052
  2    |   域2      | 正常运行   |  是   |  100704056
  3    |   域3      | 正常运行   |  否   |  100704055
==================================================================


======================== 切片硬件状态 ========================
切片号 | 所属安全域 | 当前状态    | 路扩展 | LRU touched
------------------------------------------------------------------
  0    |   域2      | 正常运行   |  是   |  100899982
  1    |   域0      | 正常运行   |  否   |  100899982
  2    |   域2      | 正常运行   |  是   |  100899934
  3    |   域3      | 正常运行   |  否   |  100899985
==================================================================

[动态重分配] 周期100900000：预约迁移 冗余域2(3%) -> 切片0 -> 饥饿域3(12%)
[切片剥夺] 周期100900000：切片0（所属域2）进入待剥夺状态，禁止新替换
[切片剥夺] 周期100900128：切片0在途请求已清空，开始执行脏行写回
[切片管理] 周期100900280：原域2仅剩1个切片，关闭路扩展模式
[动态重分配] 周期100900280：切片0写回完成，自动绑定到域3
[切片管理] 成功绑定切片0 → 安全域3，触发【路扩展模式】

======================== 切片硬件状态 ========================
切片号 | 所属安全域 | 当前状态    | 路扩展 | LRU touched
------------------------------------------------------------------
  0    |   域3      | 正常运行   |  是   |  100900280
  1    |   域0      | 正常运行   |  否   |  100900184
  2    |   域2      | 正常运行   |  否   |  100900216
  3    |   域3      | 正常运行   |  是   |  100900106
==================================================================


**** Debug Statistics at 101000000 Cycles *****
Threads: 4		Fetch Width: 8
No of useful instructions fetched:	139282999 (17.24% proc util.)
No of total instructions fetched:	177689005 (21.99% proc util.)
 includes 16457241 misfetch (9.3%), 21948765 (12.4%) wrong-path fetches
 and 0 flushed after failed lock(0.0%)
No of useful instructions issued/executed:	139282981 (17.24% proc util.)
No of total instructions issued/executed:	149438056 (18.49% proc util.)
 includes 10155075 wrong-path (6.8%) insts and 0 flushed (0.0%)
	fp 128990, 0.09%
	synch 0, 0.00%
	integer 99512729, 66.59%
	load/store 49796337, 33.32%
Avg size of int IQ (before scheduling): 16.63
Avg size of fp IQ (before scheduling): 0.00
No of cycles taken:		101000000
Parallelism [ 0.615, 0.000, 0.413, 0.351,] = 1.379
 IQ conflicts: 54996 (0.05%), FQ conflicts: 0 (0.00%) 
 I reg conflicts: 74332746 (73.60%), FP reg conflicts: 0 (0.00%)
  Activelist confs: 0 (0.00%), ROB confs: 1058 (0.00%)
  Int unit conflicts: 9536340 (9.44%), FP unit conflicts: 0 (0.00%)
  Load/store unit conflicts: 3694485 (3.66%)
  MSHR conflicts: 64784890 (64.14%)
----------------------------------------
==== System-wide Cache Statistics ====
Stall for miss queue full 5241 cycles (0.00%)
----------------------------------------
==== Statistics for Master ID: 0 ====
Reads: 35849845   Writes: 6275767
ICACHE: size: 64 KB assoc: 2
ICACHE: hits:21829094 misses:180280  Hit Ratio: 99.18%
DCACHE: size: 1*16 KB assoc: 1*4
DCACHE: hits:20050815 misses:65422 writebacks:6441  Hit Ratio: 99.67%
SCACHE: size: 512 KB assoc: 2
SCACHE: hits:217420 misses:28282  Hit Ratio: 88.49%
3CACHE: size: 4096 KB assoc: 2
3CACHE: hits:16789 misses:11493  Hit Ratio: 59.36%
3CACHE: dirty items replaced:49
ITLB: size: 48, misses 1254, miss rate 0.01%
DTLB: size: 128, misses 1186, miss rate 0.01%
Avg mem delay: 8.296 cycles
----------------------------------------
==== Statistics for Master ID: 2 ====
Reads: 30026242   Writes: 4909415
ICACHE: size: 64 KB assoc: 2
ICACHE: hits:16781505 misses:510774  Hit Ratio: 97.05%
DCACHE: size: 1*16 KB assoc: 1*4
DCACHE: hits:16631427 misses:1014010 writebacks:119899  Hit Ratio: 94.25%
SCACHE: size: 512 KB assoc: 2
SCACHE: hits:1194793 misses:327931  Hit Ratio: 78.46%
3CACHE: size: 4096 KB assoc: 2
3CACHE: hits:229601 misses:98330  Hit Ratio: 70.02%
3CACHE: dirty items replaced:1800
ITLB: size: 48, misses 51651, miss rate 0.30%
DTLB: size: 128, misses 50592, miss rate 0.29%
Avg mem delay: 8.296 cycles
----------------------------------------
==== Statistics for Master ID: 3 ====
Reads: 18662492   Writes: 5899406
ICACHE: size: 64 KB assoc: 2
ICACHE: hits:12577121 misses:692  Hit Ratio: 99.99%
DCACHE: size: 2*16 KB assoc: 2*4
DCACHE: hits:10371128 misses:1619225 writebacks:898401  Hit Ratio: 86.50%
SCACHE: size: 512 KB assoc: 2
SCACHE: hits:160 misses:1613489  Hit Ratio: 0.01%
3CACHE: size: 4096 KB assoc: 2
3CACHE: hits:81 misses:1613407  Hit Ratio: 0.01%
3CACHE: dirty items replaced:15306
ITLB: size: 48, misses 69, miss rate 0.00%
DTLB: size: 128, misses 68478, miss rate 0.57%
Avg mem delay: 8.296 cycles
----------------------------------------
==== Global Resource Utilization ====
STASH: size: 65536 entries, full 288295517, empty 5841815, misses 511094, full rate 97.84
icache bank util. 0.069 0.057 0.051 0.043 0.042 0.163 0.054 0.055 
dcache bank util. 0.062 0.100 0.093 0.082 0.062 0.054 0.077 0.072 
L2 bank util. 0.032 0.034 0.032 0.033 0.030 0.030 0.038 0.047 
L1-L2 bus util. = 0.131, L3 util. = 0.171
----------------------------------------

======================== 切片硬件状态 ========================
切片号 | 所属安全域 | 当前状态    | 路扩展 | LRU touched
------------------------------------------------------------------
  0    |   域3      | 正常运行   |  是   |  100985199
  1    |   域0      | 正常运行   |  否   |  100999970
  2    |   域2      | 正常运行   |  否   |  100999993
  3    |   域3      | 正常运行   |  是   |  100999974
==================================================================

branch prediction, hits = 18158170, misses = 1532087, hit rate = 92.22%
return_stack prediction, hits = 2363383, misses = 580, hit rate = 99.98%
jump prediction, hits = 15829843, misses = 3920561, hit rate = 80.15%

======================== 切片硬件状态 ========================
切片号 | 所属安全域 | 当前状态    | 路扩展 | LRU touched
------------------------------------------------------------------
  0    |   域3      | 正常运行   |  是   |  101086397
  1    |   域0      | 正常运行   |  否   |  101099996
  2    |   域2      | 正常运行   |  否   |  101099991
  3    |   域3      | 正常运行   |  是   |  101099993
==================================================================

[动态重分配] 周期101100000：预约迁移 冗余域3(12%) -> 切片3 -> 饥饿域2(28%)
[切片剥夺] 周期101100000：切片3（所属域3）进入待剥夺状态，禁止新替换
[切片剥夺] 周期101100172：切片3在途请求已清空，开始执行脏行写回
[切片管理] 周期101103172：原域3仅剩1个切片，关闭路扩展模式
[动态重分配] 周期101103172：切片3写回完成，自动绑定到域2
[切片管理] 成功绑定切片3 → 安全域2，触发【路扩展模式】

======================== 切片硬件状态 ========================
切片号 | 所属安全域 | 当前状态    | 路扩展 | LRU touched
------------------------------------------------------------------
  0    |   域3      | 正常运行   |  否   |  101103169
  1    |   域0      | 正常运行   |  否   |  101103159
  2    |   域2      | 正常运行   |  是   |  101103172
  3    |   域2      | 正常运行   |  是   |  101103172
==================================================================


======================== 切片硬件状态 ========================
切片号 | 所属安全域 | 当前状态    | 路扩展 | LRU touched
------------------------------------------------------------------
  0    |   域3      | 正常运行   |  否   |  101299997
  1    |   域0      | 正常运行   |  否   |  101300000
  2    |   域2      | 正常运行   |  是   |  101299928
  3    |   域2      | 正常运行   |  是   |  101299982
==================================================================

[动态重分配] 周期101300000：预约迁移 冗余域2(2%) -> 切片2 -> 饥饿域3(12%)
[切片剥夺] 周期101300000：切片2（所属域2）进入待剥夺状态，禁止新替换
[切片剥夺] 周期101300000：切片2在途请求已清空，开始执行脏行写回
[切片管理] 周期101300185：原域2仅剩1个切片，关闭路扩展模式
[动态重分配] 周期101300185：切片2写回完成，自动绑定到域3
[切片管理] 成功绑定切片2 → 安全域3，触发【路扩展模式】

======================== 切片硬件状态 ========================
切片号 | 所属安全域 | 当前状态    | 路扩展 | LRU touched
------------------------------------------------------------------
  0    |   域3      | 正常运行   |  是   |  101300054
  1    |   域0      | 正常运行   |  否   |  101300047
  2    |   域3      | 正常运行   |  是   |  101300185
  3    |   域2      | 正常运行   |  否   |  101299982
==================================================================


======================== 切片硬件状态 ========================
切片号 | 所属安全域 | 当前状态    | 路扩展 | LRU touched
------------------------------------------------------------------
  0    |   域3      | 正常运行   |  是   |  101499999
  1    |   域0      | 正常运行   |  否   |  101499999
  2    |   域3      | 正常运行   |  是   |  101490976
  3    |   域2      | 正常运行   |  否   |  101499998
==================================================================

[动态重分配] 周期101500000：预约迁移 冗余域3(12%) -> 切片0 -> 饥饿域2(29%)
[切片剥夺] 周期101500000：切片0（所属域3）进入待剥夺状态，禁止新替换
[切片剥夺] 周期101500212：切片0在途请求已清空，开始执行脏行写回
[切片管理] 周期101505421：原域3仅剩1个切片，关闭路扩展模式
[动态重分配] 周期101505421：切片0写回完成，自动绑定到域2
[切片管理] 成功绑定切片0 → 安全域2，触发【路扩展模式】

======================== 切片硬件状态 ========================
切片号 | 所属安全域 | 当前状态    | 路扩展 | LRU touched
------------------------------------------------------------------
  0    |   域2      | 正常运行   |  是   |  101505421
  1    |   域0      | 正常运行   |  否   |  101505415
  2    |   域3      | 正常运行   |  否   |  101505415
  3    |   域2      | 正常运行   |  是   |  101505419
==================================================================


======================== 切片硬件状态 ========================
切片号 | 所属安全域 | 当前状态    | 路扩展 | LRU touched
------------------------------------------------------------------
  0    |   域2      | 正常运行   |  是   |  103299964
  1    |   域0      | 正常运行   |  否   |  103299999
  2    |   域3      | 正常运行   |  否   |  103299995
  3    |   域2      | 正常运行   |  是   |  103299958
==================================================================

[动态重分配] 周期103300000：预约迁移 冗余域2(2%) -> 切片3 -> 饥饿域3(12%)
[切片剥夺] 周期103300000：切片3（所属域2）进入待剥夺状态，禁止新替换
[切片剥夺] 周期103300116：切片3在途请求已清空，开始执行脏行写回
[切片管理] 周期103300202：原域2仅剩1个切片，关闭路扩展模式
[动态重分配] 周期103300202：切片3写回完成，自动绑定到域3
[切片管理] 成功绑定切片3 → 安全域3，触发【路扩展模式】

======================== 切片硬件状态 ========================
切片号 | 所属安全域 | 当前状态    | 路扩展 | LRU touched
------------------------------------------------------------------
  0    |   域2      | 正常运行   |  否   |  103300202
  1    |   域0      | 正常运行   |  否   |  103300200
  2    |   域3      | 正常运行   |  是   |  103300122
  3    |   域3      | 正常运行   |  是   |  103300202
==================================================================


======================== 切片硬件状态 ========================
切片号 | 所属安全域 | 当前状态    | 路扩展 | LRU touched
------------------------------------------------------------------
  0    |   域2      | 正常运行   |  否   |  108299825
  1    |   域0      | 正常运行   |  否   |  108299991
  2    |   域3      | 正常运行   |  是   |  108299987
  3    |   域3      | 正常运行   |  是   |  108284156
==================================================================

[动态重分配] 周期108300000：预约迁移 冗余域3(12%) -> 切片2 -> 饥饿域2(18%)
[切片剥夺] 周期108300000：切片2（所属域3）进入待剥夺状态，禁止新替换
[切片剥夺] 周期108300236：切片2在途请求已清空，开始执行脏行写回
[切片管理] 周期108305657：原域3仅剩1个切片，关闭路扩展模式
[动态重分配] 周期108305657：切片2写回完成，自动绑定到域2
[切片管理] 成功绑定切片2 → 安全域2，触发【路扩展模式】

======================== 切片硬件状态 ========================
切片号 | 所属安全域 | 当前状态    | 路扩展 | LRU touched
------------------------------------------------------------------
  0    |   域2      | 正常运行   |  是   |  108305603
  1    |   域0      | 正常运行   |  否   |  108305616
  2    |   域2      | 正常运行   |  是   |  108305657
  3    |   域3      | 正常运行   |  否   |  108305645
==================================================================


======================== 切片硬件状态 ========================
切片号 | 所属安全域 | 当前状态    | 路扩展 | LRU touched
------------------------------------------------------------------
  0    |   域2      | 正常运行   |  是   |  108399990
  1    |   域0      | 正常运行   |  否   |  108400000
  2    |   域2      | 正常运行   |  是   |  108399959
  3    |   域3      | 正常运行   |  sim_check_options 否   |  108399952
==================================================================

[动态重分配] 周期108400000：预约迁移 冗余域2(1%) -> 切片0 -> 饥饿域3(12%)
[切片剥夺] 周期108400000：切片0（所属域2）进入待剥夺状态，禁止新替换
[切片剥夺] 周期108400000：切片0在途请求已清空，开始执行脏行写回
[切片管理] 周期108400131：原域2仅剩1个切片，关闭路扩展模式
[动态重分配] 周期108400131：切片0写回完成，自动绑定到域3
[切片管理] 成功绑定切片0 → 安全域3，触发【路扩展模式】

======================== 切片硬件状态 ========================
切片号 | 所属安全域 | 当前状态    | 路扩展 | LRU touched
------------------------------------------------------------------
  0    |   域3      | 正常运行   |  是   |  108400131
  1    |   域0      | 正常运行   |  否   |  108400000
  2    |   域2      | 正常运行   |  否   |  108400005
  3    |   域3      | 正常运行   |  是   |  108399952
==================================================================


======================== 切片硬件状态 ========================
切片号 | 所属安全域 | 当前状态    | 路扩展 | LRU touched
------------------------------------------------------------------
  0    |   域3      | 正常运行   |  是   |  127099755
  1    |   域0      | 正常运行   |  否   |  127100000
  2    |   域2      | 正常运行   |  否   |  127099999
  3    |   域3      | 正常运行   |  是   |  127099996
==================================================================

[动态重分配] 周期127100000：预约迁移 冗余域3(1%) -> 切片0 -> 饥饿域2(8%)
[切片剥夺] 周期127100000：切片0（所属域3）进入待剥夺状态，禁止新替换
[切片剥夺] 周期127100000：切片0在途请求已清空，开始执行脏行写回
[切片管理] 周期127130495：原域3仅剩1个切片，关闭路扩展模式
[动态重分配] 周期127130495：切片0写回完成，自动绑定到域2
[切片管理] 成功绑定切片0 → 安全域2，触发【路扩展模式】

======================== 切片硬件状态 ========================
切片号 | 所属安全域 | 当前状态    | 路扩展 | LRU touched
------------------------------------------------------------------
  0    |   域2      | 正常运行   |  是   |  127130495
  1    |   域0      | 正常运行   |  否   |  127130494
  2    |   域2      | 正常运行   |  是   |  127130484
  3    |   域3      | 正常运行   |  否   |  127130484
==================================================================


======================== 切片硬件状态 ========================
切片号 | 所属安全域 | 当前状态    | 路扩展 | LRU touched
------------------------------------------------------------------
  0    |   域2      | 正常运行   |  是   |  157199981
  1    |   域0      | 正常运行   |  否   |  157199998
  2    |   域2      | 正常运行   |  是   |  157199999
  3    |   域3      | 正常运行   |  否   |  157199997
==================================================================

[动态重分配] 周期157200000：预约迁移 冗余域2(0%) -> 切片0 -> 饥饿域3(6%)
[切片剥夺] 周期157200000：切片0（所属域2）进入待剥夺状态，禁止新替换
[切片剥夺] 周期157200000：切片0在途请求已清空，开始执行脏行写回
[切片管理] 周期157203671：原域2仅剩1个切片，关闭路扩展模式
[动态重分配] 周期157203671：切片0写回完成，自动绑定到域3
[切片管理] 成功绑定切片0 → 安全域3，触发【路扩展模式】

======================== 切片硬件状态 ========================
切片号 | 所属安全域 | 当前状态    | 路扩展 | LRU touched
------------------------------------------------------------------
  0    |   域3      | 正常运行   |  是   |  157203671
  1    |   域0      | 正常运行   |  否   |  157203670
  2    |   域2      | 正常运行   |  否   |  157203671equake: Reading elements.

  3    |   域3      | 正常运行   |  是   |  157203668
==================================================================


======================== 切片硬件状态 ========================
切片号 | 所属安全域 | 当前状态    | 路扩展 | LRU touched
------------------------------------------------------------------
  0    |   域3      | 正常运行   |  是   |  165999995
  1    |   域0      | 正常运行   |  否   |  166000000
  2    |   域2      | 正常运行   |  否   |  166000000
  3    |   域3      | 正常运行   |  是   |  165999558
==================================================================

[动态重分配] 周期166000000：预约迁移 冗余域3(1%) -> 切片0 -> 饥饿域2(9%)
[切片剥夺] 周期166000000：切片0（所属域3）进入待剥夺状态，禁止新替换
[切片剥夺] 周期166000000：切片0在途请求已清空，开始执行脏行写回
[切片管理] 周期166019612：原域3仅剩1个切片，关闭路扩展模式
[动态重分配] 周期166019612：切片0写回完成，自动绑定到域2
[切片管理] 成功绑定切片0 → 安全域2，触发【路扩展模式】

======================== 切片硬件状态 ========================
切片号 | 所属安全域 | 当前状态    | 路扩展 | LRU touched
------------------------------------------------------------------
  0    |   域2      | 正常运行   |  是   |  166019612
  1    |   域0      | 正常运行   |  否   |  166019610
  2    |   域2      | 正常运行   |  是   |  166019612
  3    |   域3      | 正常运行   |  否   |  166019598
==================================================================


======================== 切片硬件状态 ========================
切片号 | 所属安全域 | 当前状态    | 路扩展 | LRU touched
------------------------------------------------------------------
  0    |   域2      | 正常运行   |  是   |  177499995
  1    |   域0      | 正常运行   |  否   |  177499989
  2    |   域2      | 正常运行   |  是   |  177499996
  3    |   域3      | 正常运行   |  否   |  177499995
==================================================================

[动态重分配] 周期177500000：预约迁移 冗余域2(0%) -> 切片0 -> 饥饿域3(6%)
[切片剥夺] 周期177500000：切片0（所属域2）进入待剥夺状态，禁止新替换
[切片剥夺] 周期177500000：切片0在途请求已清空，开始执行脏行写回
[切片管理] 周期177502904：原域2仅剩1个切片，关闭路扩展模式
[动态重分配] 周期177502904：切片0写回完成，自动绑定到域3
[切片管理] 成功绑定切片0 → 安全域3，触发【路扩展模式】

======================== 切片硬件状态 ========================
切片号 | 所属安全域 | 当前状态    | 路扩展 | LRU touched
------------------------------------------------------------------
  0    |   域3      | 正常运行   |  是   |  177502904
  1    |   域0      | 正常运行   |  否   |  177502904
  2    |   域2      | 正常运行   |  否   |  177502898
  3    |   域3      | 正常运行   |  是   |  177502903
==================================================================


======================== 切片硬件状态 ========================
切片号 | 所属安全域 | 当前状态    | 路扩展 | LRU touched
------------------------------------------------------------------
  0    |   域3      | 正常运行   |  是   |  187899989
  1    |   域0      | 正常运行   |  否   |  187899996
  2    |   域2      | 正常运行   |  否   |  187899994
  3    |   域3      | 正常运行   |  是   |  187900000
==================================================================

[动态重分配] 周期187900000：预约迁移 冗余域3(0%) -> 切片0 -> 饥饿域2(6%)
[切片剥夺] 周期187900000：切片0（所属域3）进入待剥夺状态，禁止新替换
[切片剥夺] 周期187900000：切片0在途请求已清空，开始执行脏行写回
[切片管理] 周期187902345：原域3仅剩1个切片，关闭路扩展模式
[动态重分配] 周期187902345：切片0写回完成，自动绑定到域2
[切片管理] 成功绑定切片0 → 安全域2，触发【路扩展模式】

======================== 切片硬件状态 ========================
切片号 | 所属安全域 | 当前状态    | 路扩展 | LRU touched
------------------------------------------------------------------
  0    |   域2      | 正常运行   |  是   |  187902345
  1    |   域0      | 正常运行   |  否   |  187902345
  2    |   域2      | 正常运行   |  是   |  187902343
  3    |   域3      | 正常运行   |  否   |  187902345
==================================================================


======================== 切片硬件状态 ========================
切片号 | 所属安全域 | 当前状态    | 路扩展 | LRU touched
------------------------------------------------------------------
  0    |   域2      | 正常运行   |  是   |  189899939
  1    |   域0      | 正常运行   |  否   |  189899984
  2    |   域2      | 正常运行   |  是   |  189899958
  3    |   域3      | 正常运行   |  否   |  189899965
==================================================================

[动态重分配] 周期189900000：预约迁移 冗余域2(0%) -> 切片0 -> 饥饿域3(6%)
[切片剥夺] 周期189900000：切片0（所属域2）进入待剥夺状态，禁止新替换
[切片剥夺] 周期189900000：切片0在途请求已清空，开始执行脏行写回
[切片管理] 周期189903896：原域2仅剩1个切片，关闭路扩展模式
[动态重分配] 周期189903896：切片0写回完成，自动绑定到域3
[切片管理] 成功绑定切片0 → 安全域3，触发【路扩展模式】

======================== 切片硬件状态 ========================
切片号 | 所属安全域 | 当前状态    | 路扩展 | LRU touched
------------------------------------------------------------------
  0    |   域3      | 正常运行   |  是   |  189903896
  1    |   域0      | 正常运行   |  否   |  189903896
  2    |   域2      | 正常运行   |  否   |  189903893
  3    |   域3      | 正常运行   |  是   |  189903895
==================================================================


**** Debug Statistics at 201000000 Cycles *****
Threads: 4		Fetch Width: 8
No of useful instructions fetched:	493862408 (30.71% proc util.)
No of total instructions fetched:	665824511 (41.41% proc util.)
 includes 48816066 misfetch (7.3%), 123146037 (18.5%) wrong-path fetches
 and 0 flushed after failed lock(0.0%)
No of useful instructions issued/executed:	493862381 (30.71% proc util.)
No of total instructions issued/executed:	549265084 (34.16% proc util.)
 includes 55402703 wrong-path (10.1%) insts and 0 flushed (0.0%)
	fp 389223, 0.07%
	synch 0, 0.00%
	integer 373791488, 68.05%
	load/store 175084373, 31.88%
Avg size of int IQ (before scheduling): 19.23
Avg size of fp IQ (before scheduling): 0.01
No of cycles taken:		201000000
Parallelism [ 1.005, 0.000, 0.637, 0.814,] = 2.457
 IQ conflicts: 618213 (0.31%), FQ conflicts: 0 (0.00%) 
 I reg conflicts: 98831827 (49.17%), FP reg conflicts: 0 (0.00%)
  Activelist confs: 21 (0.00%), ROB confs: 22451 (0.01%)
  Int unit conflicts: 178624333 (88.87%), FP unit conflicts: 3 (0.00%)
  Load/store unit conflicts: 22529992 (11.21%)
  MSHR conflicts: 81387828 (40.49%)
----------------------------------------
==== System-wide Cache Statistics ====
Stall for miss queue full 7091 cycles (0.00%)
----------------------------------------
==== Statistics for Master ID: 0 ====
Reads: 122642805   Writes: 21670993
ICACHE: size: 64 KB assoc: 2
ICACHE: hits:75864986 misses:593839  Hit Ratio: 99.22%
DCACHE: size: 1*16 KB assoc: 1*4
DCACHE: hits:67591130 misses:263842 writebacks:115969  Hit Ratio: 99.61%
SCACHE: size: 512 KB assoc: 2
SCACHE: hits:702327 misses:155354  Hit Ratio: 81.89%
3CACHE: size: 4096 KB assoc: 2
3CACHE: hits:34452 misses:120902  Hit Ratio: 22.18%
3CACHE: dirty items replaced:12957
ITLB: size: 48, misses 2014, miss rate 0.00%
DTLB: size: 128, misses 5698, miss rate 0.01%
Avg mem delay: 3.237 cycles
----------------------------------------
==== Statistics for Master ID: 2 ====
Reads: 103143899   Writes: 16002822
ICACHE: size: 64 KB assoc: 2
ICACHE: hits:59591333 misses:1452015  Hit Ratio: 97.62%
DCACHE: size: 1*16 KB assoc: 1*4
DCACHE: hits:56225065 misses:1880927 writebacks:322145  Hit Ratio: 96.76%
SCACHE: size: 512 KB assoc: 2
SCACHE: hits:2736946 misses:593377  Hit Ratio: 82.18%
3CACHE: size: 4096 KB assoc: 2
3CACHE: hits:444443 misses:148934  Hit Ratio: 74.90%
3CACHE: dirty items replaced:9394
ITLB: size: 48, misses 95410, miss rate 0.16%
DTLB: size: 128, misses 111699, miss rate 0.19%
Avg mem delay: 3.237 cycles
----------------------------------------
==== Statistics for Master ID: 3 ====
Reads: 91586087   Writes: 16238657
ICACHE: size: 64 KB assoc: 2
ICACHE: hits:59002815 misses:23056  Hit Ratio: 99.96%
DCACHE: size: 2*16 KB assoc: 2*4
DCACHE: hits:46047749 misses:2758411 writebacks:1379592  Hit Ratio: 94.35%
SCACHE: size: 512 KB assoc: 2
SCACHE: hits:739021 misses:2035159  Hit Ratio: 26.64%
3CACHE: size: 4096 KB assoc: 2
3CACHE: hits:90599 misses:1944560  Hit Ratio: 4.45%
3CACHE: dirty items replaced:26884
ITLB: size: 48, misses 424, miss rate 0.00%
DTLB: size: 128, misses 102307, miss rate 0.21%
Avg mem delay: 3.237 cycles
----------------------------------------
==== Global Resource Utilization ====
STASH: size: 65536 entries, full 822856750, empty 15113772, misses 1330880, full rate 98.04
icache bank util. 0.135 0.113 0.107 0.105 0.116 0.194 0.118 0.120 
dcache bank util. 0.089 0.144 0.149 0.136 0.129 0.096 0.133 0.094 
L2 bank util. 0.030 0.033 0.032 0.033 0.028 0.028 0.033 0.038 
L1-L2 bus util. = 0.131, L3 util. = 0.110
----------------------------------------

======================== 切片硬件状态 ========================
切片号 | 所属安全域 | 当前状态    | 路扩展 | LRU touched
------------------------------------------------------------------
  0    |   域3      | 正常运行   |  是   |  200999997
  1    |   域0      | 正常运行   |  否   |  200999999
  2    |   域2      | 正常运行   |  否   |  200999997
  3    |   域3      | 正常运行   |  是   |  200998353
==================================================================

branch prediction, hits = 53143431, misses = 6169017, hit rate = 89.60%
return_stack prediction, hits = 8654918, misses = 1631, hit rate = 99.98%
jump prediction, hits = 48981784, misses = 11905603, hit rate = 80.45%

======================== 切片硬件状态 ========================
切片号 | 所属安全域 | 当前状态    | 路扩展 | LRU touched
------------------------------------------------------------------
  0    |   域3      | 正常运行   |  是   |  228799992
  1    |   域0      | 正常运行   |  否   |  228800000
  2    |   域2      | 正常运行   |  否   |  228800000
  3    |   域3      | 正常运行   |  是   |  228799997
==================================================================

[动态重分配] 周期228800000：预约迁移 冗余域3(2%) -> 切片0 -> 饥饿域2(12%)
[切片剥夺] 周期228800000：切片0（所属域3）进入待剥夺状态，禁止新替换
[切片剥夺] 周期228800000：切片0在途请求已清空，开始执行脏行写回
[切片管理] 周期228800394：原域3仅剩1个切片，关闭路扩展模式
[动态重分配] 周期228800394：切片0写回完成，自动绑定到域2
[切片管理] 成功绑定切片0 → 安全域2，触发【路扩展模式】

======================== 切片硬件状态 ========================
切片号 | 所属安全域 | 当前状态    | 路扩展 | LRU touched
------------------------------------------------------------------
  0    |   域2      | 正常运行   |  是   |  228800394
  1    |   域0      | 正常运行   |  否   |  228800394
  2    |   域2      | 正常运行   |  是   |  228800394
  3    |   域3      | 正常运行   |  否   |  228800392
==================================================================


**** Debug Statistics at 301000000 Cycles *****
Threads: 4		Fetch Width: 8
No of useful instructions fetched:	943162636 (39.17% proc util.)
No of total instructions fetched:	1275524607 (52.97% proc util.)
 includes 89955251 misfetch (7.1%), 242406720 (19.0%) wrong-path fetches
 and 0 flushed after failed lock(0.0%)
No of useful instructions issued/executed:	943162620 (39.17% proc util.)
No of total instructions issued/executed:	1050961968 (43.64% proc util.)
 includes 107799348 wrong-path (10.3%) insts and 0 flushed (0.0%)
	fp 489598, 0.05%
	synch 0, 0.00%
	integer 718870615, 68.40%
	load/store 331601755, 31.55%
Avg size of int IQ (before scheduling): 20.87
Avg size of fp IQ (before scheduling): 0.01
No of cycles taken:		301000000
Parallelism [ 1.274, 0.000, 0.770, 1.089,] = 3.133
 IQ conflicts: 998773 (0.33%), FQ conflicts: 0 (0.00%) 
 I reg conflicts: 104251728 (34.64%), FP reg conflicts: 0 (0.00%)
  Activelist confs: 66 (0.00%), ROB confs: 53672 (0.02%)
  Int unit conflicts: 425032902 (141.21%), FP unit conflicts: 3 (0.00%)
  Load/store unit conflicts: 48599525 (16.15%)
  MSHR conflicts: 98039429 (32.57%)
----------------------------------------
==== System-wide Cache Statistics ====
Stall for miss queue full 7123 cycles (0.00%)
----------------------------------------
==== Statistics for Master ID: 0 ====
Reads: 231650468   Writes: 40704279
ICACHE: size: 64 KB assoc: 2
ICACHE: hits:143882095 misses:1101930  Hit Ratio: 99.24%
DCACHE: size: 1*16 KB assoc: 1*4
DCACHE: hits:127083625 misses:287096 writebacks:127488  Hit Ratio: 99.77%
SCACHE: size: 512 KB assoc: 2
SCACHE: hits:1206487 misses:182539  Hit Ratio: 86.86%
3CACHE: size: 4096 KB assoc: 2
3CACHE: hits:46869 misses:135670  Hit Ratio: 25.68%
3CACHE: dirty items replaced:14389
ITLB: size: 48, misses 2217, miss rate 0.00%
DTLB: size: 128, misses 7670, miss rate 0.01%
Avg mem delay: 2.118 cycles
----------------------------------------
==== Statistics for Master ID: 2 ====
Reads: 194723244   Writes: 30462312
ICACHE: size: 64 KB assoc: 2
ICACHE: hits:112868971 misses:2762250  Hit Ratio: 97.61%
DCACHE: size: 2*16 KB assoc: 2*4
DCACHE: hits:107016198 misses:2540756 writebacks:583108  Hit Ratio: 97.68%
SCACHE: size: 512 KB assoc: 2
SCACHE: hits:4481193 misses:819194  Hit Ratio: 84.54%
3CACHE: size: 4096 KB assoc: 2
3CACHE: hits:644128 misses:175066  Hit Ratio: 78.63%
3CACHE: dirty items replaced:15979
ITLB: size: 48, misses 145937, miss rate 0.13%
DTLB: size: 128, misses 168720, miss rate 0.15%
Avg mem delay: 2.118 cycles
----------------------------------------
==== Statistics for Master ID: 3 ====
Reads: 183016766   Writes: 28407289
ICACHE: size: 64 KB assoc: 2
ICACHE: hits:117310933 misses:68639  Hit Ratio: 99.94%
DCACHE: size: 1*16 KB assoc: 1*4
DCACHE: hits:90188846 misses:3863028 writebacks:1844338  Hit Ratio: 95.89%
SCACHE: size: 512 KB assoc: 2
SCACHE: hits:1767454 misses:2156822  Hit Ratio: 45.04%
3CACHE: size: 4096 KB assoc: 2
3CACHE: hits:182290 misses:1974532  Hit Ratio: 8.45%
3CACHE: dirty items replaced:30625
ITLB: size: 48, misses 934, miss rate 0.00%
DTLB: size: 128, misses 120672, miss rate 0.13%
Avg mem delay: 2.118 cycles
----------------------------------------
==== Global Resource Utilization ====
STASH: size: 65536 entries, full 1490634441, empty 27925418, misses 2467773, full rate 98.00
icache bank util. 0.181 0.154 0.146 0.143 0.152 0.211 0.151 0.158 
dcache bank util. 0.101 0.169 0.187 0.163 0.165 0.124 0.172 0.111 
L2 bank util. 0.030 0.033 0.032 0.031 0.027 0.027 0.029 0.035 
L1-L2 bus util. = 0.131, L3 util. = 0.076
----------------------------------------

======================== 切片硬件状态 ========================
切片号 | 所属安全域 | 当前状态    | 路扩展 | LRU touched
------------------------------------------------------------------
  0    |   域2      | 正常运行   |  是   |  300999987
  1    |   域0      | 正常运行   |  否   |  300999999
  2    |   域2      | 正常运行   |  是   |  300999998
  3    |   域3      | 正常运行   |  否   |  300999999
==================================================================

branch prediction, hits = 98050067, misses = 11511344, hit rate = 89.49%
return_stack prediction, hits = 17258803, misses = 1854, hit rate = 99.99%
jump prediction, hits = 89911229, misses = 22079471, hit rate = 80.28%
 sim_aux_config sim_reg_stats
======================== 切片硬件状态 ========================
切片号 | 所属安全域 | 当前状态    | 路扩展 | LRU touched
------------------------------------------------------------------
  0    |   域2      | 正常运行   |  是   |  328299991
  1    |   域0      | 正常运行   |  否   |  328299998
  2    |   域2      | 正常运行   |  是   |  328299998
  3    |   域3      | 正常运行   |  否   |  328299999
==================================================================

[动态重分配] 周期328300000：预约迁移 冗余域2(0%) -> 切片0 -> 饥饿域3(6%)
[切片剥夺] 周期328300000：切片0（所属域2）进入待剥夺状态，禁止新替换
[切片剥夺] 周期328300000：切片0在途请求已清空，开始执行脏行写回
[切片管理] 周期328302551：原域2仅剩1个切片，关闭路扩展模式
[动态重分配] 周期328302551：切片0写回完成，自动绑定到域3
[切片管理] 成功绑定切片0 → 安全域3，触发【路扩展模式】

======================== 切片硬件状态 ========================
切片号 | 所属安全域 | 当前状态    | 路扩展 | LRU touched
------------------------------------------------------------------
  0    |   域3      | 正常运行   |  是   |  328302551
  1    |   域0      | 正常运行   |  否   |  328302551
  2    |   域2      | 正常运行   |  否   |  328302551
  3    |   域3      | 正常运行   |  是   |  328302550
==================================================================


======================== 切片硬件状态 ========================
切片号 | 所属安全域 | 当前状态    | 路扩展 | LRU touched
------------------------------------------------------------------
  0    |   域3      | 正常运行   |  是   |  332099996
  1    |   域0      | 正常运行   |  否   |  332100000
  2    |   域2      | 正常运行   |  否   |  332099998
  3    |   域3      | 正常运行   |  是   |  332099999
==================================================================

[动态重分配] 周期332100000：预约迁移 冗余域3(0%) -> 切片0 -> 饥饿域2(8%)
[切片剥夺] 周期332100000：切片0（所属域3）进入待剥夺状态，禁止新替换
[切片剥夺] 周期332100000：切片0在途请求已清空，开始执行脏行写回
[切片管理] 周期332100257：原域3仅剩1个切片，关闭路扩展模式
[动态重分配] 周期332100257：切片0写回完成，自动绑定到域2
[切片管理] 成功绑定切片0 → 安全域2，触发【路扩展模式】

======================== 切片硬件状态 ========================
切片号 | 所属安全域 | 当前状态    | 路扩展 | LRU touched
------------------------------------------------------------------
  0    |   域2      | 正常运行   |  是   |  332100257
  1    |   域0      | 正常运行   |  否   |  332100075
  2    |   域2      | 正常运行   |  是   |  332100032
  3    |   域3      | 正常运行   |  否   |  332100080
==================================================================


======================== 切片硬件状态 ========================
切片号 | 所属安全域 | 当前状态    | 路扩展 | LRU touched
------------------------------------------------------------------
  0    |   域2      | 正常运行   |  是   |  351099949
  1    |   域0      | 正常运行   |  否   |  351099928
  2    |   域2      | 正常运行   |  是   |  351099949
  3    |   域3      | 正常运行   |  否   |  351099952
==================================================================

[动态重分配] 周期351100000：预约迁移 冗余域2(0%) -> 切片0 -> 饥饿域3(6%)
[切片剥夺] 周期351100000：切片0（所属域2）进入待剥夺状态，禁止新替换
[切片剥夺] 周期351100000：切片0在途请求已清空，开始执行脏行写回
[切片管理] 周期351100188：原域2仅剩1个切片，关闭路扩展模式
[动态重分配] 周期351100188：切片0写回完成，自动绑定到域3
[切片管理] 成功绑定切片0 → � sim_init sim_aux_stats sim_uninit ruu_init ruu_dumpent ruu_dump lsq_init lsq_dump rslink_init ruu_release_fu eventq_init eventq_dump eventq_queue_event eventq_next_event readyq_init readyq_dump readyq_enqueue cv_init cv_dump ruu_commit ruu_recover��全域3，触发【路扩展模式】

======================== 切片硬件状态 ========================
切片号 | 所属安全域 | 当前状态    | 路扩展 | LRU touched
------------------------------------------------------------------
  0    |   域3      | 正常运行   |  是   |  351100188
  1    |   域0      | 正常运行   |  否   |  351100185
  2    |   域2      | 正常运行   |  否   |  351100188
  3    |   域3      | 正常运行   |  是   |  351100188
==================================================================


======================== 切片硬件状态 ========================
切片号 | 所属安全域 | 当前状态    | 路扩展 | LRU touched
------------------------------------------------------------------
  0    |   域3      | 正常运行   |  是   |  364399999
  1    |   域0      | 正常运行   |  否   |  364400000
  2    |   域2      | 正常运行   |  否   |  364399946
  3    |   域3      | 正常运行   |  是   |  364399969
==================================================================

[动态重分配] 周期364400000：预约迁移 冗余域3(0%) -> 切片0 -> 饥饿域2(23%)
[切片剥夺] 周期364400000：切片0（所属域3）进入待剥夺状态，禁止新替换
[切片剥夺] 周期364400000：切片0在途请求已清空，开始执行脏行写回
[切片管理] 周期364404320：原域3仅剩1个切片，关闭路扩展模式
[动态重分配] 周期364404320：切片0写回完成，自动绑定到域2
[切片管理] 成功绑定切片0 → 安全域2，触发【路扩展模式】

======================== 切片硬件状态 ========================
切片号 | 所属安全域 | 当前状态    | 路扩展 | LRU touched
------------------------------------------------------------------
  0    |   域2      | 正常运行   |  是   |  364404320
  1    |   域0      | 正常运行   |  否   |  364404319
  2    |   域2      | 正常运行   |  是   |  364404253
  3    |   域3      | 正常运行   |  否   |  364404320
==================================================================


**** Debug Statistics at 401000000 Cycles *****
Threads: 4		Fetch Width: 8
No of useful instructions fetched:	1392758074 (43.42% proc util.)
No of total instructions fetched:	1862362875 (58.05% proc util.)
 includes 119607132 misfetch (6.4%), 349997669 (18.8%) wrong-path fetches
 and 0 flushed after failed lock(0.0%)
No of useful instructions issued/executed:	1392758028 (43.42% proc util.)
No of total instructions issued/executed:	1548289953 (48.26% proc util.)
 includes 155531925 wrong-path (10.0%) insts and 0 flushed (0.0%)
	fp 607475, 0.04%
	synch 0, 0.00%
	integer 1064193098, 68.73%
	load/store 483489380, 31.23%
Avg size of int IQ (before scheduling): 22.41
Avg size of fp IQ (before scheduling): 0.01
No of cycles taken:		401000000
Parallelism [ 1.423, 0.000, 0.818, 1.233,] = 3.473
 IQ conflicts: 2091094 (0.52%), FQ conflicts: 0 (0.00%) 
 I reg conflicts: 112394103 (28.03%), FP reg conflicts: 0 (0.00%)
  Activelist confs: 238 (0.00%), ROB confs: 103685 (0.03%)
  Int unit conflicts: 702411611 (175.16%), FP unit conflicts: 5 (0.00%)
  Load/store unit conflicts: 73685632 (18.38%)
  MSHR conflicts: 113090086 (28.20%)
----------------------------------------
==== System-wide Cache Statistics ====
Stall for miss queue full 7316 cycles (0.00%)
----------------------------------------
==== Statistics for Master ID: 0 ====
Reads: 342541785   Writes: 60391438
ICACHE: size: 64 KB assoc: 2
ICACHE: hits:212630425 misses:1455378  Hit Ratio: 99.32%
DCACHE: size: 1*16 KB assoc: 1*4
DCACHE: hits:188536406 misses:311013 writebacks:139267  Hit Ratio: 99.84%
SCACHE: size: 512 KB assoc: 2
SCACHE: hits:1554954 misses:211437  Hit Ratio: 88.03%
3CACHE: size: 4096 KB assoc: 2
3CACHE: hits:59230 misses:152207  Hit Ratio: 28.01%
3CACHE: dirty items replaced:17039
ITLB: size: 48, misses 2459, miss rate 0.00%
DTLB: size: 128, misses 9235, miss rate 0.00%
Avg mem delay: 1.740 cycles
----------------------------------------
==== Statistics for Master ID: 2 ====
Reads: 273903753   Writes: 42782339
ICACHE: size: 64 KB assoc: 2
ICACHE: hits:159241983 misses:3730936  Hit Ratio: 97.71%
DCACHE: size: 2*16 KB assoc: 2*4
DCACHE: hits:150471311 misses:3244685 writebacks:744366  Hit Ratio: 97.89%
SCACHE: size: 512 KB assoc: 2
SCACHE: hits:5785021 misses:1187777  Hit Ratio: 82.97%
3CACHE: size: 4096 KB assoc: 2
3CACHE: hits:940465 misses:247312  Hit Ratio: 79.18%
3CACHE: dirty items replaced:34992
ITLB: size: 48, misses 229413, miss rate 0.14%
DTLB: size: 128, misses 234440, miss rate 0.15%
Avg mem delay: 1.740 cycles
----------------------------------------
==== Statistics for Master ID: 3 ====
Reads: 275143348   Writes: 40981758
ICACHE: size: 64 KB assoc: 2
ICACHE: hits:175909554 misses:93295  Hit Ratio: 99.95%
DCACHE: size: 1*16 KB assoc: 1*4
DCACHE: hits:135241241 misses:4888595 writebacks:2277370  Hit Ratio: 96.51%
SCACHE: size: 512 KB assoc: 2
SCACHE: hits:2663809 misses:2310502  Hit Ratio: 53.55%
3CACHE: size: 4096 KB assoc: 2
3CACHE: hits:296808 misses:2013694  Hit Ratio: 12.85%
3CACHE: dirty items replaced:41752
ITLB: size: 48, misses 1427, miss rate 0.00%
DTLB: size: 128, misses 136040, miss rate 0.10%
Avg mem delay: 1.740 cycles
----------------------------------------
==== Global Resource Utilization ====
STASH: size: 65536 entries, full 2132811537, empty 39412745, misses 3457961, full rate 98.03
icache bank util. 0.202 0.171 0.164 0.159 0.166 0.215 0.166 0.176 
dcache bank util. 0.107 0.181 0.207 0.179 0.181 0.127 0.188 0.120 
L2 bank util. 0.029 0.032 0.031 0.029 0.025 0.025 0.027 0.032 
L1-L2 bus util. = 0.126, L3 util. = 0.060
----------------------------------------

======================== 切片硬件状态 ========================
切片号 | 所属安全域 | 当前状态    | 路扩展 | LRU touched
------------------------------------------------------------------
  0    |   域2      | 正常运行   |  是   |  400999989
  1    |   域0      | 正常运行   |  否   |  400999999
  2    |   域2      | 正常运行   |  是   |  400999993
  3    |   域3      | 正常运行   |  否   |  400999999
==================================================================

branch prediction, hits = 142843109, misses = 15929930, hit rate = 89.97%
return_stack prediction, hits = 25854316, misses = 4466, hit rate = 99.98%
jump prediction, hits = 133990879, misses = 29325992, hit rate = 82.04%
 ruu_writeback lsq_refresh ruu_issue rspec_dump tracer_recover tracer_init spec_mem_access mspec_dump simoo_mem_obj ruu_link_idep ruu_install_odep InstSRA InstSRAV InstMULT InstMULTU simoo_reg_obj
======================== 切片硬件状态 ========================
切片号 | 所属安全域 | 当前状态    | 路扩展 | LRU touched
------------------------------------------------------------------
  0    |   域2      | 正常运行   |  是   |  493199990
  1    |   域0      | 正常运行   |  否   |  493200000
  2    |   域2      | 正常运行   |  是   |  493199988
  3    |   域3      | 正常运行   |  否   |  493200000
==================================================================

[动态重分配] 周期493200000：预约迁移 冗余域2(0%) -> 切片0 -> 饥饿域3(6%)
[切片剥夺] 周期493200000：切片0（所属域2）进入待剥夺状态，禁止新替换
[切片剥夺] 周期493200000：切片0在途请求已清空，开始执行脏行写回
[切片管理] 周期493201199：原域2仅剩1个切片，关闭路扩展模式
[动态重分配] 周期493201199：切片0写回完成，自动绑定到域3
[切片管理] 成功绑定切片0 → 安全域3，触发【路扩展模式】

======================== 切片硬件状态 ========================
切片号 | 所属安全域 | 当前状态    | 路扩展 | LRU touched
------------------------------------------------------------------
  0    |   域3      | 正常运行   |  是   |  493201199
  1    |   域0      | 正常运行   |  否   |  493201198
  2    |   域2      | 正常运行   |  否   |  493201198
  3    |   域3      | 正常运行   |  是   |  493201199
==================================================================


**** Debug Statistics at 501000000 Cycles *****
Threads: 4		Fetch Width: 8
No of useful instructions fetched:	1834243611 (45.76% proc util.)
No of total instructions fetched:	2446433798 (61.04% proc util.)
 includes 152712424 misfetch (6.2%), 459477763 (18.8%) wrong-path fetches
 and 0 flushed after failed lock(0.0%)
No of useful instructions issued/executed:	1834243574 (45.76% proc util.)
No of total instructions issued/executed:	2038979241 (50.87% proc util.)
 includes 204735667 wrong-path (10.0%) insts and 0 flushed (0.0%)
	fp 710121, 0.03%
	synch 0, 0.00%
	integer 1404430007, 68.88%
	load/store 633839113, 31.09%
Avg size of int IQ (before scheduling): 23.11
Avg size of fp IQ (before scheduling): 0.01
No of cycles taken:		501000000
Parallelism [ 1.513, 0.000, 0.829, 1.319,] = 3.661
 IQ conflicts: 2959239 (0.59%), FQ conflicts: 0 (0.00%) 
 I reg conflicts: 120758251 (24.10%), FP reg conflicts: 0 (0.00%)
  Activelist confs: 331 (0.00%), ROB confs: 127544 (0.03%)
  Int unit conflicts: 947685558 (189.16%), FP unit conflicts: 7 (0.00%)
  Load/store unit conflicts: 97279288 (19.42%)
  MSHR conflicts: 127867064 (25.52%)
----------------------------------------
==== System-wide Cache Statistics ====
Stall for miss queue full 7387 cycles (0.00%)
----------------------------------------
==== Statistics for Master ID: 0 ====
Reads: 453586735   Writes: 79976276
ICACHE: size: 64 KB assoc: 2
ICACHE: hits:281437875 misses:1853209  Hit Ratio: 99.35%
DCACHE: size: 1*16 KB assoc: 1*4
DCACHE: hits:249937405 misses:334521 writebacks:150696  Hit Ratio: 99.87%
SCACHE: size: 512 KB assoc: 2
SCACHE: hits:1947688 misses:240042  Hit Ratio: 89.03%
3CACHE: size: 4096 KB assoc: 2
3CACHE: hits:71287 misses:168755  Hit Ratio: 29.70%
3CACHE: dirty items replaced:21055
ITLB: size: 48, misses 2687, miss rate 0.00%
DTLB: size: 128, misses 11011, miss rate 0.00%
Avg mem delay: 1.541 cycles
----------------------------------------
==== Statistics for Master ID: 2 ====
Reads: 349657241   Writes: 55031066
ICACHE: size: 64 KB assoc: 2
ICACHE: hits:203225766 misses:5020839  Hit Ratio: 97.59%
DCACHE: size: 1*16 KB assoc: 1*4
DCACHE: hits:192698238 misses:3746406 writebacks:897743  Hit Ratio: 98.09%
SCACHE: size: 512 KB assoc: 2
SCACHE: hits:7220409 misses:1543893  Hit Ratio: 82.38%
3CACHE: size: 4096 KB assoc: 2
3CACHE: hits:1232486 misses:311407  Hit Ratio: 79.83%
3CACHE: dirty items replaced:54321
ITLB: size: 48, misses 339388, miss rate 0.16%
DTLB: size: 128, misses 292781, miss rate 0.15%
Avg mem delay: 1.541 cycles
----------------------------------------
==== Statistics for Master ID: 3 ====
Reads: 368211663   Writes: 53366393
ICACHE: size: 64 KB assoc: 2
ICACHE: hits:235312634 misses:124512  Hit Ratio: 99.95%
DCACHE: size: 2*16 KB assoc: 2*4
DCACHE: hits:180114526 misses:6033963 writebacks:2744620  Hit Ratio: 96.76%
SCACHE: size: 512 KB assoc: 2
SCACHE: hits:3689219 misses:2461677  Hit Ratio: 59.98%
3CACHE: size: 4096 KB assoc: 2
3CACHE: hits:407213 misses:2054464  Hit Ratio: 16.54%
3CACHE: dirty items replaced:52156
ITLB: size: 48, misses 1981, miss rate 0.00%
DTLB: size: 128, misses 152322, miss rate 0.08%
Avg mem delay: 1.541 cycles
----------------------------------------
==== Global Resource Utilization ====
STASH: size: 65536 entries, full 2770773271, empty 53672960, misses 4691666, full rate 97.94
icache bank util. 0.215 0.182 0.175 0.168 0.173 0.217 0.176 0.187 
dcache bank util. 0.110 0.189 0.222 0.187 0.189 0.127 0.197 0.126 
L2 bank util. 0.029 0.032 0.030 0.029 0.025 0.025 0.026 0.031 
L1-L2 bus util. = 0.125, L3 util. = 0.051
----------------------------------------

======================== 切片硬件状态 ========================
切片号 | 所属安全域 | 当前状态    | 路扩展 | LRU touched
------------------------------------------------------------------
  0    |   域3      | 正常运行   |  是   |  500999994
  1    |   域0      | 正常运行   |  否   |  500999999
  2    |   域2      | 正常运行   |  否   |  500999996
  3    |   域3      | 正常运行   |  是   |  500999891
==================================================================

branch prediction, hits = 186226361, misses = 20560801, hit rate = 90.06%
return_stack prediction, hits = 34413574, misses = 9326, hit rate = 99.97%
jump prediction, hits = 175857738, misses = 37400990, hit rate = 82.46%
 ruu_dispatch
======================== 切片硬件状态 ========================
切片号 | 所属安全域 | 当前状态    | 路扩展 | LRU touched
------------------------------------------------------------------
  0    |   域3      | 正常运行   |  是   |  517499804
  1    |   域0      | 正常运行   |  否   |  517499879
  2    |   域2      | 正常运行   |  否   |  517499878
  3    |   域3      | 正常运行   |  是   |  517499880
==================================================================

[动态重分配] 周期517500000：预约迁移 冗余域3(1%) -> 切片0 -> 饥饿域2(7%)
[切片剥夺] 周期517500000：切片0（所属域3）进入待剥夺状态，禁止新替换
[切片剥夺] 周期517500036：切片0在途请求已清空，开始执行脏行写回
[切片管理] 周期517508040：原域3仅剩1个切片，关闭路扩展模式
[动态重分配] 周期517508040：切片0写回完成，自动绑定到域2
[切片管理] 成功绑定切片0 → 安全域2，触发【路扩展模式】

======================== 切片硬件状态 ========================
切片号 | 所属安全域 | 当前状态    | 路扩展 | LRU touched
------------------------------------------------------------------
  0    |   域2      | 正常运行   |  是   |  517508040
  1    |   域0      | 正常运行   |  否   |  517508038
  2    |   域2      | 正常运行   |  是   |  517508040
  3    |   域3      | 正常运行   |  否   |  517508037
==================================================================


======================== 切片硬件状态 ========================
切片号 | 所属安全域 | 当前状态    | 路扩展 | LRU touched
------------------------------------------------------------------
  0    |   域2      | 正常运行   |  是   |  534300000
  1    |   域0      | 正常运行   |  否   |  534300000
  2    |   域2      | 正常运行   |  是   |  534299999
  3    |   域3      | 正常运行   |  否   |  534299996
==================================================================

[动态重分配] 周期534300000：预约迁移 冗余域2(0%) -> 切片2 -> 饥饿域3(6%)
[切片剥夺] 周期534300000：切片2（所属域2）进入待剥夺状态，禁止新替换
[切片剥夺] 周期534300000：切片2在途请求已清空，开始执行脏行写回
[切片管理] 周期534300487：原域2仅剩1个切片，关闭路扩展模式
[动态重分配] 周期534300487：切片2写回完成，自动绑定到域3
[切片管理] 成功绑定切片2 → 安全域3，触发【路扩展模式】

======================== 切片硬件状态 ========================
切片号 | 所属安全域 | 当前状态    | 路扩展 | LRU touched
------------------------------------------------------------------
  0    |   域2      | 正常运行   |  否   |  534300487
  1    |   域0      | 正常运行   |  否   |  534300486
  2    |   域3      | 正常运行   |  是   |  534300487
  3    |   域3      | 正常运行   |  是   |  534300485
==================================================================


**** Early Exiting at 537613678 Cycles *****
========================================
 SMTSIM Global Statistics
========================================
Threads: 4		Fetch Width: 8
No of useful instructions fetched:	2000000049 (46.50% proc util.)
No of total instructions fetched:	2662125704 (61.90% proc util.)
 includes 163947592 misfetch (6.2%), 498178063 (18.7%) wrong-path fetches
 and 0 flushed after failed lock(0.0%)
No of useful instructions issued/executed:	2000000029 (46.50% proc util.)
No of total instructions issued/executed:	2221812472 (51.66% proc util.)
 includes 221812443 wrong-path (10.0%) insts and 0 flushed (0.0%)
	fp 749640, 0.03%
	synch 0, 0.00%
	integer 1530965346, 68.91%
	load/store 690097486, 31.06%
Avg size of int IQ (before scheduling): 23.36
Avg size of fp IQ (before scheduling): 0.01
No of cycles taken:		537613678
Parallelism [ 1.538, 0.000, 0.837, 1.345,] = 3.720
 IQ conflicts: 3218217 (0.60%), FQ conflicts: 0 (0.00%) 
 I reg conflicts: 123692463 (23.01%), FP reg conflicts: 0 (0.00%)
  Activelist confs: 626 (0.00%), ROB confs: 144665 (0.03%)
  Int unit conflicts: 1051225062 (195.54%), FP unit conflicts: 7 (0.00%)
  Load/store unit conflicts: 106896423 (19.88%)
  MSHR conflicts: 134940530 (25.10%)
----------------------------------------
==== System-wide Cache Statistics ====
Stall for miss queue full 7885 cycles (0.00%)
----------------------------------------
==== Statistics for Master ID: 0 ====
Reads: 494410833   Writes: 87141479
ICACHE: size: 64 KB assoc: 2
ICACHE: hits:306793885 misses:2001270  Hit Ratio: 99.35%
DCACHE: size: 1*16 KB assoc: 1*4
DCACHE: hits:272414056 misses:343100 writebacks:154811  Hit Ratio: 99.87%
SCACHE: size: 512 KB assoc: 2
SCACHE: hits:2094307 misses:250063  Hit Ratio: 89.33%
3CACHE: size: 4096 KB assoc: 2
3CACHE: hits:75399 misses:174664  Hit Ratio: 30.15%
3CACHE: dirty items replaced:23329
ITLB: size: 48, misses 2745, miss rate 0.00%
DTLB: size: 128, misses 11607, miss rate 0.00%
Avg mem delay: 1.487 cycles
----------------------------------------
==== Statistics for Master ID: 2 ====
Reads: 377865469   Writes: 59688295
ICACHE: size: 64 KB assoc: 2
ICACHE: hits:219502859 misses:5416906  Hit Ratio: 97.59%
DCACHE: size: 1*16 KB assoc: 1*4
DCACHE: hits:208650398 misses:3986648 writebacks:966456  Hit Ratio: 98.13%
SCACHE: size: 512 KB assoc: 2
SCACHE: hits:7739453 misses:1661054  Hit Ratio: 82.33%
3CACHE: size: 4096 KB assoc: 2
3CACHE: hits:1325726 misses:335328  Hit Ratio: 79.81%
3CACHE: dirty items replaced:62614
ITLB: size: 48, misses 384744, miss rate 0.17%
DTLB: size: 128, misses 311110, miss rate 0.15%
Avg mem delay: 1.487 cycles
----------------------------------------
==== Statistics for Master ID: 3 ====
Reads: 402889034   Writes: 58230682
ICACHE: size: 64 KB assoc: 2
ICACHE: hits:257315824 misses:132083  Hit Ratio: 99.95%
DCACHE: size: 2*16 KB assoc: 2*4
DCACHE: hits:197302224 misses:6377412 writebacks:2893134  Hit Ratio: 96.87%
SCACHE: size: 512 KB assoc: 2
SCACHE: hits:3987980 misses:2513688  Hit Ratio: 61.34%
3CACHE: size: 4096 KB assoc: 2
3CACHE: hits:445636 misses:2068052  Hit Ratio: 17.73%
3CACHE: dirty items replaced:57722
ITLB: size: 48, misses 2202, miss rate 0.00%
DTLB: size: 128, misses 157740, miss rate 0.08%
Avg mem delay: 1.487 cycles
----------------------------------------
==== Global Resource Utilization ====
STASH: size: 65536 entries, full 3006752126, empty 58311508, misses 5094982, full rate 97.93
icache bank util. 0.219 0.185 0.178 0.171 0.175 0.218 0.178 0.191 
dcache bank util. 0.111 0.190 0.225 0.189 0.193 0.127 0.200 0.128 
L2 bank util. 0.029 0.031 0.030 0.028 0.025 0.025 0.026 0.031 
L1-L2 bus util. = 0.124, L3 util. = 0.048
----------------------------------------

======================== 切片硬件状态 ========================
切片号 | 所属安全域 | 当前状态    | 路扩展 | LRU touched
------------------------------------------------------------------
  0    |   域2      | 正常运行   |  否   |  537613674
  1    |   域0      | 正常运行   |  否   |  537613675
  2    |   域3      | 正常运行   |  是   |  537613677
  3    |   域3      | 正常运行   |  是   |  537613675
==================================================================

branch prediction, hits = 202512710, misses = 22127253, hit rate = 90.15%
return_stack prediction, hits = 37575786, misses = 11314, hit rate = 99.97%
jump prediction, hits = 191787803, misses = 40144242, hit rate = 82.69%
total IPC 3.720

=== Results saved to: ./results/equake_2_gcc-166_1_gzip-source_1.txt ===
