测试组合（多线程优先）：gcc-integrate.arg2 + gcc-expr.arg + gzip-program.arg
执行命令：./smtsim gcc-integrate.arg2 gcc-expr.arg gzip-program.arg
==================================================

 function_cannot_inline_p save_for_inline copy_for_inline expand_inline_function动态重分配参数：每10万周期检查，阈值5
Process 0, Thread 0: gcc-integrate
Process 0, Thread 1: gcc-integrate
Process 2, Thread 2: gcc-expr
Process 3, Thread 3: gzip-program
[切片调度] 新安全域0无任何切片，尝试分配空闲切片
[切片管理] 成功绑定切片0 → 安全域0

======================== 切片硬件状态 ========================
切片号 | 所属安全域 | 当前状态    | 路扩展 | LRU touched
------------------------------------------------------------------
  0    |   域0      | 正常运行   |  否   |  0
  1    |   域-1     | 切片空闲   |  否   |  0
  2    |   域-1     | 切片空闲   |  否   |  0
  3    |   域-1     | 切片空闲   |  否   |  0
==================================================================

[切片管理] 成功绑定切片1 → 安全域0，触发【路扩展模式】

======================== 切片硬件状态 ========================
切片号 | 所属安全域 | 当前状态    | 路扩展 | LRU touched
------------------------------------------------------------------
  0    |   域0      | 正常运行   |  是   |  0
  1    |   域0      | 正常运行   |  是   |  0
  2    |   域-1     | 切片空闲   |  否   |  0
  3    |   域-1     | 切片空闲   |  否   |  0
==================================================================

[切片调度] 新安全域2无任何切片，尝试分配空闲切片
[切片管理] 成功绑定切片2 → 安全域2

======================== 切片硬件状态 ========================
切片号 | 所属安全域 | 当前状态    | 路扩展 | LRU touched
------------------------------------------------------------------
  0    |   域0      | 正常运行   |  是   |  318
  1    |   域0      | 正常运行   |  是   |  0
  2    |   域2      | 正常运行   |  否   |  0
  3    |   域-1     | 切片空闲   |  否   |  0
==================================================================

[切片管理] 成功绑定切片3 → 安全域2，触发【路扩展模式】

======================== 切片硬件状态 ========================
切片号 | 所属安全域 | 当前状态    | 路扩展 | LRU touched
------------------------------------------------------------------
  0    |   域0      | 正常运行   |  是   |  318
  1    |   域0      | 正常运行   |  是   |  0
  2    |   域2      | 正常运行   |  是   |  0
  3    |   域2      | 正常运行   |  是   |  0
==================================================================

[切片调度] 新安全域3无任何切片，尝试分配空闲切片
[切片调度] 新安全域3未找到空闲切片，尝试剥夺切片
[切片替换] 优先从【路扩展切片】中选择LRU替换目标...
[切片替换] 找到路扩展切片作为受害者：切片1（最后访问：0）
[切片调度] 安全域3触发切片剥夺：从域0剥夺切片1
[切片剥夺] 周期560：切片1（所属域0）进入待剥夺状态，禁止新替换
[切片剥夺] 周期560：切片1在途请求已清空，开始执行脏行写回
[切片剥夺] 周期560：切片1无脏行，直接完成剥夺
[切片管理] 周期560：原域0仅剩1个切片，关闭路扩展模式
[动态重分配] 周期560：切片1写回完成，自动绑定到域3
[切片管理] 成功绑定切片1 → 安全域3

======================== 切片硬件状态 ========================
切片号 | 所属安全域 | 当前状态    | 路扩展 | LRU touched
------------------------------------------------------------------
  0    |   域0      | 正常运行   |  否   |  318
  1    |   域3      | 正常运行   |  否   |  560
  2    |   域2      | 正常运行   |  是   |  435
  3    |   域2      | 正常运行   |  是   |  0
==================================================================

[切片唤醒] 周期560：域3切片就绪，唤醒等待指令

======================== 切片硬件状态 ========================
切片号 | 所属安全域 | 当前状态    | 路扩展 | LRU touched
------------------------------------------------------------------
  0    |   域0      | 正常运行   |  否   |  599999
  1    |   域3      | 正常运行   |  否   |  599998
  2    |   域2      | 正常运行   |  是   |  599431
  3    |   域2      | 正常运行   |  是   |  599433
==================================================================

[动态重分配] 周期600000：预约迁移 冗余域2(1%) -> 切片2 -> 饥饿域3(33%)
[切片剥夺] 周期600000：切片2（所属域2）进入待剥夺状态，禁止新替换
[切片剥夺] 周期600000：切片2在途请求已清空，开始执行脏行写回
[切片管理] 周期603841：原域2仅剩1个切片，关闭路扩展模式
[动态重分配] 周期603841：切片2写回完成，自动绑定到域3
[切片管理] 成功绑定切片2 → 安全域3，触发【路扩展模式】

======================== 切片硬件状态 ========================
切片号 | 所属安全域 | 当前状态    | 路扩展 | LRU touched
------------------------------------------------------------------
  0    |   域0      | 正常运行   |  否   |  603838
  1    |   域3      | 正常运行   |  是   |  603839
  2    |   域3      | 正常运行   |  是   |  603841
  3    |   域2      | 正常运行   |  否   |  603839
==================================================================


**** Debug Statistics at 1000000 Cycles *****
Threads: 4		Fetch Width: 8
No of useful instructions fetched:	520754 (6.51% proc util.)
No of total instructions fetched:	745902 (9.32% proc util.)
 includes 52319 misfetch (7.0%), 172829 (23.2%) wrong-path fetches
 and 0 flushed after failed lock(0.0%)
No of useful instructions issued/executed:	520728 (6.51% proc util.)
No of total instructions issued/executed:	601664 (7.52% proc util.)
 includes 80936 wrong-path (13.5%) insts and 0 flushed (0.0%)
	fp 61, 0.01%
	synch 0, 0.00%
	integer 385172, 64.02%
	load/store 216431, 35.97%
Avg size of int IQ (before scheduling): 40.90
Avg size of fp IQ (before scheduling): 0.01
No of cycles taken:		1000000
Parallelism [ 0.144, 0.000, 0.230, 0.147,] = 0.521
 IQ conflicts: 16654 (1.67%), FQ conflicts: 0 (0.00%) 
 I reg conflicts: 842452 (84.25%), FP reg conflicts: 0 (0.00%)
  Activelist confs: 0 (0.00%), ROB confs: 1007 (0.10%)
  Int unit conflicts: 43340 (4.33%), FP unit conflicts: 2 (0.00%)
  Load/store unit conflicts: 50709 (5.07%)
  MSHR conflicts: 3067814 (306.78%)
----------------------------------------
==== System-wide Cache Statistics ====
Stall for miss queue full 300 cycles (0.00%)
----------------------------------------
==== Statistics for Master ID: 0 ====
Reads: 126664   Writes: 21515
ICACHE: size: 64 KB assoc: 2
ICACHE: hits:72479 misses:2936  Hit Ratio: 96.11%
DCACHE: size: 1*16 KB assoc: 1*4
DCACHE: hits:70951 misses:1813 writebacks:687  Hit Ratio: 97.51%
SCACHE: size: 512 KB assoc: 2
SCACHE: hits:2619 misses:2130  Hit Ratio: 55.15%
3CACHE: size: 4096 KB assoc: 2
3CACHE: hits:310 misses:1820  Hit Ratio: 14.55%
3CACHE: dirty items replaced:3
ITLB: size: 48, misses 146, miss rate 0.19%
DTLB: size: 128, misses 734, miss rate 1.01%
Avg mem delay: 65.331 cycles
----------------------------------------
==== Statistics for Master ID: 2 ====
Reads: 128584   Writes: 27448
ICACHE: size: 64 KB assoc: 2
ICACHE: hits:81494 misses:1657  Hit Ratio: 98.01%
DCACHE: size: 1*16 KB assoc: 1*4
DCACHE: hits:71331 misses:1724 writebacks:873  Hit Ratio: 97.64%
SCACHE: size: 512 KB assoc: 2
SCACHE: hits:725 misses:2482  Hit Ratio: 22.61%
3CACHE: size: 4096 KB assoc: 2
3CACHE: hits:78 misses:2404  Hit Ratio: 3.14%
3CACHE: dirty items replaced:0
ITLB: size: 48, misses 127, miss rate 0.15%
DTLB: size: 128, misses 332, miss rate 0.45%
Avg mem delay: 65.331 cycles
----------------------------------------
==== Statistics for Master ID: 3 ====
Reads: 102647   Writes: 23843
ICACHE: size: 64 KB assoc: 2
ICACHE: hits:55839 misses:222  Hit Ratio: 99.60%
DCACHE: size: 2*16 KB assoc: 2*4
DCACHE: hits:47356 misses:23072 writebacks:22900  Hit Ratio: 67.24%
SCACHE: size: 512 KB assoc: 2
SCACHE: hits:21 misses:23272  Hit Ratio: 0.09%
3CACHE: size: 4096 KB assoc: 2
3CACHE: hits:0 misses:23272  Hit Ratio: 0.00%
3CACHE: dirty items replaced:14
ITLB: size: 48, misses 18, miss rate 0.03%
DTLB: size: 128, misses 5750, miss rate 8.16%
Avg mem delay: 65.331 cycles
----------------------------------------
==== Global Resource Utilization ====
STASH: size: 65536 entries, full 92870772, empty 7118299, misses 837136, full rate 92.11
icache bank util. 0.034 0.023 0.023 0.024 0.025 0.023 0.029 0.048 
dcache bank util. 0.021 0.022 0.040 0.018 0.015 0.017 0.207 0.028 
L2 bank util. 0.009 0.008 0.008 0.008 0.008 0.008 0.284 0.008 
L1-L2 bus util. = 0.167, L3 util. = 0.275
----------------------------------------

======================== 切片硬件状态 ========================
切片号 | 所属安全域 | 当前状态    | 路扩展 | LRU touched
------------------------------------------------------------------
  0    |   域0      | 正常运行   |  否   |  999371
  1    |   域3      | 正常运行   |  是   |  999991
  2    |   域3      | 正常运行   |  是   |  999984
  3    |   域2      | 正常运行   |  否   |  999673
==================================================================

branch prediction, hits = 45625, misses = 9772, hit rate = 82.36%
return_stack prediction, hits = 5177, misses = 13, hit rate = 99.75%
jump prediction, hits = 41181, misses = 11880, hit rate = 77.61%

======================== 切片硬件状态 ========================
切片号 | 所属安全域 | 当前状态    | 路扩展 | LRU touched
------------------------------------------------------------------
  0    |   域0      | 正常运行   |  否   |  17099968
  1    |   域3      | 正常运行   |  是   |  17099756
  2    |   域3      | 正常运行   |  是   |  17099934
  3    |   域2      | 正常运行   |  否   |  17099973
==================================================================

[动态重分配] 周期17100000：预约迁移 冗余域3(12%) -> 切片1 -> 饥饿域2(24%)
[切片剥夺] 周期17100000：切片1（所属域3）进入待剥夺状态，禁止新替换
[切片剥夺] 周期17100000：切片1在途请求已清空，开始执行脏行写回
[切片管理] 周期17105003：原域3仅剩1个切片，关闭路扩展模式
[动态重分配] 周期17105003：切片1写回完成，自动绑定到域2
[切片管理] 成功绑定切片1 → 安全域2，触发【路扩展模式】

======================== 切片硬件状态 ========================
切片号 | 所属安全域 | 当前状态    | 路扩展 | LRU touched
------------------------------------------------------------------
  0    |   域0      | 正常运行   |  否   |  17105001
  1    |   域2      | 正常运行   |  是   |  17105003
  2    |   域3      | 正常运行   |  否   |  17105000
  3    |   域2      | 正常运行   |  是   |  17104987
==================================================================


======================== 切片硬件状态 ========================
切片号 | 所属安全域 | 当前状态    | 路扩展 | LRU touched
------------------------------------------------------------------
  0    |   域0      | 正常运行   |  否   |  17199973
  1    |   域2      | 正常运行   |  是   |  17199978
  2    |   域3      | 正常运行   |  否   |  17199992
  3    |   域2      | 正常运行   |  是   |  17199978
==================================================================

[动态重分配] 周期17200000：预约迁移 冗余域2(2%) -> 切片3 -> 饥饿域3(12%)
[切片剥夺] 周期17200000：切片3（所属域2）进入待剥夺状态，禁止新替换
[切片剥夺] 周期17200000：切片3在途请求已清空，开始执行脏行写回
[切片管理] 周期17200143：原域2仅剩1个切片，关闭路扩展模式
[动态重分配] 周期17200143：切片3写回完成，自动绑定到域3
[切片管理] 成功绑定切片3 → 安全域3，触发【路扩展模式】

======================== 切片硬件状态 ========================
切片号 | 所属安全域 | 当前状态    | 路扩展 | LRU touched
------------------------------------------------------------------
  0    |   域0      | 正常运行   |  否   |  17199973
  1    |   域2      | 正常运行   |  否   |  17200141
  2    |   域3      | 正常运行   |  是   |  17200001
  3    |   域3      | 正常运行   |  是   |  17200143
==================================================================


======================== 切片硬件状态 ========================
切片号 | 所属安全域 | 当前状态    | 路扩展 | LRU touched
------------------------------------------------------------------
  0    |   域0      | 正常运行   |  否   |  25899999
  1    |   域2      | 正常运行   |  否   |  25899997
  2    |   域3      | 正常运行   |  是   |  25893506
  3    |   域3      | 正常运行   |  是   |  25899960
==================================================================

[动态重分配] 周期25900000：预约迁移 冗余域3(12%) -> 切片2 -> 饥饿域0(19%)
[切片剥夺] 周期25900000：切片2（所属域3）进入待剥夺状态，禁止新替换
[切片剥夺] 周期25900000：切片2在途请求已清空，开始执行脏行写回
[切片管理] 周期25902266：原域3仅剩1个切片，关闭路扩展模式
[动态重分配] 周期25902266：切片2写回完成，自动绑定到域0
[切片管理] 成功绑定切片2 → 安全域0，触发【路扩展模式】

======================== 切片硬件状态 ========================
切片号 | 所属安全域 | 当前状态    | 路扩展 | LRU touched
------------------------------------------------------------------
  0    |   域0      | 正常运行   |  是   |  25902130
  1    |   域2      | 正常运行   |  否   |  25902257
  2    |   域0      | 正常运行   |  是   |  25902266
  3    |   域3      | 正常运行   |  否   |  25902262
==================================================================


======================== 切片硬件状态 ========================
切片号 | 所属安全域 | 当前状态    | 路扩展 | LRU touched
------------------------------------------------------------------
  0    |   域0      | 正常运行   |  是   |  26000000
  1    |   域2      | 正常运行   |  否   |  25999997
  2    |   域0      | 正常运行   |  是   |  25999982
  3    |   域3      | 正常运行   |  否   |  26000000
==================================================================

[动态重分配] 周期26000000：预约迁移 冗余域0(2%) -> 切片0 -> 饥饿域3(12%)
[切片剥夺] 周期26000000：切片0（所属域0）进入待剥夺状态，禁止新替换
[切片剥夺] 周期26000000：切片0在途请求已清空，开始执行脏行写回
[切片管理] 周期26000128：原域0仅剩1个切片，关闭路扩展模式
[动态重分配] 周期26000128：切片0写回完成，自动绑定到域3
[切片管理] 成功绑定切片0 → 安全域3，触发【路扩展模式】

======================== 切片硬件状态 ========================
切片号 | 所属安全域 | 当前状态    | 路扩展 | LRU touched
------------------------------------------------------------------
  0    |   域3      | 正常运行   |  是   |  26000128
  1    |   域2      | 正常运行   |  否   |  26000125
  2    |   域0      | 正常运行   |  否   |  26000126
  3    |   域3      | 正常运行   |  是   |  26000003
==================================================================


======================== 切片硬件状态 ========================
切片号 | 所属安全域 | 当前状态    | 路扩展 | LRU touched
------------------------------------------------------------------
  0    |   域3      | 正常运行   |  是   |  33399994
  1    |   域2      | 正常运行   |  否   |  33399902
  2    |   域0      | 正常运行   |  否   |  33399999
  3    |   域3      | 正常运行   |  是   |  33393007
==================================================================

[动态重分配] 周期33400000：预约迁移 冗余域3(12%) -> 切片0 -> 饥饿域2(33%)
[切片剥夺] 周期33400000：切片0（所属域3）进入待剥夺状态，禁止新替换
[切片剥夺] 周期33400012：切片0在途请求已清空，开始执行脏行写回
[切片管理] 周期33408309：原域3仅剩1个切片，关闭路扩展模式
[动态重分配] 周期33408309：切片0写回完成，自动绑定到域2
[切片管理] 成功绑定切片0 → 安全域2，触发【路扩展模式】

======================== 切片硬件状态 ========================
切片号 | 所属安全域 | 当前状态    | 路扩展 | LRU touched
------------------------------------------------------------------
  0    |   域2      | 正常运行   |  是   |  33408309
  1    |   域2      | 正常运行   |  是   |  33408203
  2    |   域0      | 正常运行   |  否   |  33408305
  3    |   域3      | 正常运行   |  否   |  33408304
==================================================================


======================== 切片硬件状态 ========================
切片号 | 所属安全域 | 当前状态    | 路扩展 | LRU touched
------------------------------------------------------------------
  0    |   域2      | 正常运行   |  是   |  33599925
  1    |   域2      | 正常运行   |  是   |  33599929
  2    |   域0      | 正常运行   |  否   |  33599888
  3    |   域3      | 正常运行   |  否   |  33599929
==================================================================

[动态重分配] 周期33600000：预约迁移 冗余域2(1%) -> 切片1 -> 饥饿域3(12%)
[切片剥夺] 周期33600000：切片1（所属域2）进入待剥夺状态，禁止新替换
[切片剥夺] 周期33600116：切片1在途请求已清空，开始执行脏行写回
[切片管理] 周期33600286：原域2仅剩1个切片，关闭路扩展模式
[动态重分配] 周期33600286：切片1写回完成，自动绑定到域3
[切片管理] 成功绑定切片1 → 安全域3，触发【路扩展模式】

======================== 切片硬件状态 ========================
切片号 | 所属安全域 | 当前状态    | 路扩展 | LRU touched
------------------------------------------------------------------
  0    |   域2      | 正常运行   |  否   |  33599925
  1    |   域3      | 正常运行   |  是   |  33600286
  2    |   域0      | 正常运行   |  否   |  33599888
  3    |   域3      | 正常运行   |  是   |  33600099
==================================================================


======================== 切片硬件状态 ========================
切片号 | 所属安全域 | 当前状态    | 路扩展 | LRU touched
------------------------------------------------------------------
  0    |   域2      | 正常运行   |  否   |  33699978
  1    |   域3      | 正常运行   |  是   |  33687252
  2    |   域0      | 正常运行   |  否   |  33699984
  3    |   域3      | 正常运行   |  是   |  33699993
==================================================================

[动态重分配] 周期33700000：预约迁移 冗余域3(12%) -> 切片3 -> 饥饿域2(22%)
[切片剥夺] 周期33700000：切片3（所属域3）进入待剥夺状态，禁止新替换
[切片剥夺] 周期33700192：切片3在途请求已清空，开始执行脏行写回
[切片管理] 周期33705151：原域3仅剩1个切片，关闭路扩展模式
[动态重分配] 周期33705151：切片3写回完成，自动绑定到域2
[切片管理] 成功绑定切片3 → 安全域2，触发【路扩展模式】

======================== 切片硬件状态 ========================
切片号 | 所属安全域 | 当前状态    | 路扩展 | LRU touched
------------------------------------------------------------------
  0    |   域2      | 正常运行   |  是   |  33705069
  1    |   域3      | 正常运行   |  否   |  33705143
  2    |   域0      | 正常运行   |  否   |  33705071
  3    |   域2      | 正常运行   |  是   |  33705151
==================================================================


======================== 切片硬件状态 ========================
切片号 | 所属安全域 | 当前状态    | 路扩展 | LRU touched
------------------------------------------------------------------
  0    |   域2      | 正常运行   |  是   |  33999972
  1    |   域3      | 正常运行   |  否   |  33999981
  2    |   域0      | 正常运行   |  否   |  33999988
  3    |   域2      | 正常运行   |  是   |  33999978
==================================================================

[动态重分配] 周期34000000：预约迁移 冗余域2(0%) -> 切片0 -> 饥饿域3(12%)
[切片剥夺] 周期34000000：切片0（所属域2）进入待剥夺状态，禁止新替换
[切片剥夺] 周期34000280：切片0在途请求已清空，开始执行脏行写回
[切片管理] 周期34000486：原域2仅剩1个切片，关闭路扩展模式
[动态重分配] 周期34000486：切片0写回完成，自动绑定到域3
[切片管理] 成功绑定切片0 → 安全域3，触发【路扩展模式】

======================== 切片硬件状态 ========================
切片号 | 所属安全域 | 当前状态    | 路扩展 | LRU touched
------------------------------------------------------------------
  0    |   域3      | 正常运行   |  是   |  34000486
  1    |   域3      | 正常运行   |  是   |  34000443
  2    |   域0      | 正常运行   |  否   |  34000398
  3    |   域2      | 正常运行   |  否   |  34000331
======================================== init_expr_once init_expr save_expr_status restore_expr_status enqueue_insn protect_from_queue==========================


======================== 切片硬件状态 ========================
切片号 | 所属安全域 | 当前状态    | 路扩展 | LRU touched
------------------------------------------------------------------
  0    |   域3      | 正常运行   |  是   |  58099966
  1    |   域3      | 正常运行   |  是   |  58099964
  2    |   域0      | 正常运行   |  否   |  58099969
  3    |   域2      | 正常运行   |  否   |  58099976
==================================================================

[动态重分配] 周期58100000：预约迁移 冗余域3(12%) -> 切片0 -> 饥饿域0(23%)
[切片剥夺] 周期58100000：切片0（所属域3）进入待剥夺状态，禁止新替换
[切片剥夺] 周期58100164：切片0在途请求已清空，开始执行脏行写回
[切片管理] 周期58104247：原域3仅剩1个切片，关闭路扩展模式
[动态重分配] 周期58104247：切片0写回完成，自动绑定到域0
[切片管理] 成功绑定切片0 → 安全域0，触发【路扩展模式】

======================== 切片硬件状态 ========================
切片号 | 所属安全域 | 当前状态    | 路扩展 | LRU touched
------------------------------------------------------------------
  0    |   域0      | 正常运行   |  是   |  58104247
  1    |   域3      | 正常运行   |  否   |  58104246
  2    |   域0      | 正常运行   |  是   |  58104230
  3    |   域2      | 正常运行   |  否   |  58104247
==================================================================


======================== 切片硬件状态 ========================
切片号 | 所属安全域 | 当前状态    | 路扩展 | LRU touched
------------------------------------------------------------------
  0    |   域0      | 正常运行   |  是   |  58399999
  1    |   域3      | 正常运行   |  否   |  58399993
  2    |   域0      | 正常运行   |  是   |  58399789
  3    |   域2      | 正常运行   |  否   |  58400000
==================================================================

[动态重分配] 周期58400000：预约迁移 冗余域0(2%) -> 切片2 -> 饥饿域3(12%)
[切片剥夺] 周期58400000：切片2（所属域0）进入待剥夺状态，禁止新替换
[切片剥夺] 周期58400000：切片2在途请求已清空，开始执行脏行写回
[切片管理] 周期58400110：原域0仅剩1个切片，关闭路扩展模式
[动态重分配] 周期58400110：切片2写回完成，自动绑定到域3
[切片管理] 成功绑定切片2 → 安全域3，触发【路扩展模式】

======================== 切片硬件状态 ========================
切片号 | 所属安全域 | 当前状态    | 路扩展 | LRU touched
------------------------------------------------------------------
  0    |   域0      | 正常运行   |  否   |  58400108
  1    |   域3      | 正常运行   |  是   |  58400031
  2    |   域3      | 正常运行   |  是   |  58400110
  3    |   域2      | 正常运行   |  否   |  58400014
==================================================================


**** Debug Statistics at 101000000 Cycles *****
Threads: 4		Fetch Width: 8
No of useful instructions fetched:	110190243 (13.64% proc util.)
No of total instructions fetched:	153459888 (18.99% proc util.)
 includes 12278317 misfetch (8.0%), 30991328 (20.2%) wrong-path fetches
 and 0 flushed after failed lock(0.0%)
No of useful instructions issued/executed:	110190220 (13.64% proc util.)
No of total instructions issued/executed:	124274713 (15.38% proc util.)
 includes 14084493 wrong-path (11.3%) insts and 0 flushed (0.0%)
	fp 1998, 0.00%
	synch 0, 0.00%
	integer 80500110, 64.78%
	load/store 43772605, 35.22%
Avg size of int IQ (before scheduling): 20.07
Avg size of fp IQ (before scheduling): 0.00
No of cycles taken:		101000000
Parallelism [ 0.373, 0.000, 0.361, 0.357,] = 1.091
 IQ conflicts: 367860 (0.36%), FQ conflicts: 0 (0.00%) 
 I reg conflicts: 76895263 (76.13%), FP reg conflicts: 0 (0.00%)
  Activelist confs: 0 (0.00%), ROB confs: 1360 (0.00%)
  Int unit conflicts: 11079867 (10.97%), FP unit conflicts: 4 (0.00%)
  Load/store unit conflicts: 5510773 (5.46%)
  MSHR conflicts: 78020702 (77.25%)
----------------------------------------
==== System-wide Cache Statistics ====
Stall for miss queue full 828 cycles (0.00%)
----------------------------------------
==== Statistics for Master ID: 0 ====
Reads: 28480945   Writes: 5044598
ICACHE: size: 64 KB assoc: 2
ICACHE: hits:15711988 misses:622928  Hit Ratio: 96.19%
DCACHE: size: 1*16 KB assoc: 1*4
DCACHE: hits:16825533 misses:365165 writebacks:129377  Hit Ratio: 97.88%
SCACHE: size: 512 KB assoc: 2
SCACHE: hits:700569 misses:287453  Hit Ratio: 70.91%
3CACHE: size: 4096 KB assoc: 2
3CACHE: hits:219411 misses:68042  Hit Ratio: 76.33%
3CACHE: dirty items replaced:5952
ITLB: size: 48, misses 54331, miss rate 0.33%
DTLB: size: 128, misses 29944, miss rate 0.17%
Avg mem delay: 8.531 cycles
----------------------------------------
==== Statistics for Master ID: 2 ====
Reads: 26191887   Writes: 4472487
ICACHE: size: 64 KB assoc: 2
ICACHE: hits:14450152 misses:621054  Hit Ratio: 95.88%
DCACHE: size: 1*16 KB assoc: 1*4
DCACHE: hits:15213527 misses:379974 writebacks:86490  Hit Ratio: 97.56%
SCACHE: size: 512 KB assoc: 2
SCACHE: hits:692156 misses:308539  Hit Ratio: 69.17%
3CACHE: size: 4096 KB assoc: 2
3CACHE: hits:205840 misses:102699  Hit Ratio: 66.71%
3CACHE: dirty items replaced:5757
ITLB: size: 48, misses 68159, miss rate 0.45%
DTLB: size: 128, misses 27540, miss rate 0.18%
Avg mem delay: 8.531 cycles
----------------------------------------
==== Statistics for Master ID: 3 ====
Reads: 18187326   Writes: 5359200
ICACHE: size: 64 KB assoc: 2
ICACHE: hits:12641928 misses:889  Hit Ratio: 99.99%
DCACHE: size: 2*16 KB assoc: 2*4
DCACHE: hits:9425780 misses:1478566 writebacks:830880  Hit Ratio: 86.44%
SCACHE: size: 512 KB assoc: 2
SCACHE: hits:223 misses:1478594  Hit Ratio: 0.02%
3CACHE: size: 4096 KB assoc: 2
3CACHE: hits:124 misses:1478470  Hit Ratio: 0.01%
3CACHE: dirty items replaced:53433
ITLB: size: 48, misses 89, miss rate 0.00%
DTLB: size: 128, misses 66385, miss rate 0.61%
Avg mem delay: 8.531 cycles
----------------------------------------
==== Global Resource Utilization ====
STASH: size: 65536 entries, full 251117955, empty 15976350, misses 1606136, full rate 93.46
icache bank util. 0.057 0.046 0.040 0.042 0.045 0.117 0.052 0.075 
dcache bank util. 0.066 0.070 0.066 0.061 0.057 0.059 0.072 0.080 
L2 bank util. 0.033 0.034 0.033 0.033 0.033 0.032 0.040 0.047 
L1-L2 bus util. = 0.134, L3 util. = 0.163
----------------------------------------

======================== 切片硬件状态 ========================
切片号 | 所属安全域 | 当前状态    | 路扩展 | LRU touched
------------------------------------------------------------------
  0    |   域0      | 正常运行   |  否   |  100999959
  1    |   域3      | 正常运行   |  是   |  100999957
  2    |   域3      | 正常运行   |  是   |  100998430
  3    |   域2      | 正常运行   |  否   |  100999876
==================================================================

branch prediction, hits = 13066410, misses = 2043994, hit rate = 86.47%
return_stack prediction, hits = 915559, misses = 734, hit rate = 99.92%
jump prediction, hits = 10700194, misses = 3135850, hit rate = 77.34%
 queued_subexp_p emit_queue init_queue convert_move
======================== 切片硬件状态 ========================
切片号 | 所属安全域 | 当前状态    | 路扩展 | LRU touched
------------------------------------------------------------------
  0    |   域0      | 正常运行   |  否   |  137599956
  1    |   域3      | 正常运行   |  是   |  137599878
  2    |   域3      | 正常运行   |  是   |  137599927
  3    |   域2      | 正常运行   |  否   |  137599857
==================================================================

[动态重分配] 周期137600000：预约迁移 冗余域3(12%) -> 切片1 -> 饥饿域0(25%)
[切片剥夺] 周期137600000：切片1（所属域3）进入待剥夺状态，禁止新替换
[切片剥夺] 周期137600064：切片1在途请求已清空，开始执行脏行写回
[切片管理] 周期137603738：原域3仅剩1个切片，关闭路扩展模式
[动态重分配] 周期137603738：切片1写回完成，自动绑定到域0
[切片管理] 成功绑定切片1 → 安全域0，触发【路扩展模式】

======================== 切片硬件状态 ========================
切片号 | 所属安全域 | 当前状态    | 路扩展 | LRU touched
------------------------------------------------------------------
  0    |   域0      | 正常运行   |  是   |  137603645
  1    |   域0      | 正常运行   |  是   |  137603738
  2    |   域3      | 正常运行   |  否   |  137603725
  3    |   域2      | 正常运行   |  否   |  137603724
==================================================================


======================== 切片硬件状态 ========================
切片号 | 所属安全域 | 当前状态    | 路扩展 | LRU touched
------------------------------------------------------------------
  0    |   域0      | 正常运行   |  是   |  137799933
  1    |   域0      | 正常运行   |  是   |  137799983
  2    |   域3      | 正常运行   |  否   |  137799994
  3    |   域2      | 正常运行   |  否   |  137799958
==================================================================

[动态重分配] 周期137800000：预约迁移 冗余域0(2%) -> 切片0 -> 饥饿域3(12%)
[切片剥夺] 周期137800000：切片0（所属域0）进入待剥夺状态，禁止新替换
[切片剥夺] 周期137800000：切片0在途请求已清空，开始执行脏行写回
[切片管理] 周期137800116：原域0仅剩1个切片，关闭路扩展模式
[动态重分配] 周期137800116：切片0写回完成，自动绑定到域3
[切片管理] 成功绑定切片0 → 安全域3，触发【路扩展模式】

======================== 切片硬件状态 ========================
切片号 | 所属安全域 | 当前状态    | 路扩展 | LRU touched
------------------------------------------------------------------
  0    |   域3      | 正常运行   |  是   |  137800116
  1    |   域0      | 正常运行   |  否   |  137800115
  2    |   域3      | 正常运行   |  是   |  137799994
  3    |   域2      | 正常运行   |  否   |  137799958
==================================================================


======================== 切片硬件状态 ========================
切片号 | 所属安全域 | 当前状态    | 路扩展 | LRU touched
------------------------------------------------------------------
  0    |   域3      | 正常运行   |  是   |  140099942
  1    |   域0      | 正常运行   |  否   |  140099981
  2    |   域3      | 正常运行   |  是   |  140099940
  3    |   域2      | 正常运行   |  否   |  140099978
==================================================================

[动态重分配] 周期140100000：预约迁移 冗余域3(25%) -> 切片2 -> 饥饿域2(45%)
[切片剥夺] 周期140100000：切片2（所属域3）进入待剥夺状态，禁止新替换
[切片剥夺] 周期140100156：切片2在途请求已清空，开始执行脏行写回
[切片管理] 周期140100185：原域3仅剩1个切片，关闭路扩展模式
[动态重分配] 周期140100185：切片2写回完成，自动绑定到域2
[切片管理] 成功绑定切片2  copy_parm_decls copy_decl_tree copy_rtx_and_substitute→ 安全域2，触发【路扩展模式】

======================== 切片硬件状态 ========================
切片号 | 所属安全域 | 当前状态    | 路扩展 | LRU touched
------------------------------------------------------------------
  0    |   域3      | 正常运行   |  否   |  140100163
  1    |   域0      | 正常运行   |  否   |  140100140
  2    |   域2      | 正常运行   |  是   |  140100185
  3    |   域2      | 正常运行   |  是   |  140100184
==================================================================


======================== 切片硬件状态 ========================
切片号 | 所属安全域 | 当前状态    | 路扩展 | LRU touched
------------------------------------------------------------------
  0    |   域3      | 正常运行   |  否   |  140299997
  1    |   域0      | 正常运行   |  否   |  140299992
  2    |   域2      | 正常运行   |  是   |  140299992
  3    |   域2      | 正常运行   |  是   |  140300000
==================================================================

[动态重分配] 周期140300000：预约迁移 冗余域2(3%) -> 切片3 -> 饥饿域3(25%)
[切片剥夺] 周期140300000：切片3（所属域2）进入待剥夺状态，禁止新替换
[切片剥夺] 周期140300000：切片3在途请求已清空，开始执行脏行写回
[切片管理] 周期140300230：原域2仅剩1个切片，关闭路扩展模式
[动态重分配] 周期140300230：切片3写回完成，自动绑定到域3
[切片管理] 成功绑定切片3 → 安全域3，触发【路扩展模式】

======================== 切片硬件状态 ========================
切片号 | 所属安全域 | 当前状态    | 路扩展 | LRU touched
------------------------------------------------------------------
  0    |   域3      | 正常运行   |  是   |  140300225
  1    |   域0      | 正常运行   |  否   |  140300220
  2    |   域2      | 正常运行   |  否   |  140300228
  3    |   域3      | 正常运行   |  是   |  140300230
==================================================================


======================== 切片硬件状态 ========================
切片号 | 所属安全域 | 当前状态    | 路扩展 | LRU touched
------------------------------------------------------------------
  0    |   域3      | 正常运行   |  是   |  147000000
  1    |   域0      | 正常运行   |  否   |  146999997
  2    |   域2      | 正常运行   |  否   |  146999985
  3    |   域3      | 正常运行   |  是   |  146999979
==================================================================

[动态重分配] 周期147000000：预约迁移 冗余域3(2%) -> 切片0 -> 饥饿域0(13%)
[切片剥夺] 周期147000000：切片0（所属域3）进入待剥夺状态，禁止新替换
[切片剥夺] 周期147000000：切片0在途请求已清空，开始执行脏行写回
[切片管理] 周期147000275：原域3仅剩1个切片，关闭路扩展模式
[动态重分配] 周期147000275：切片0写回完成，自动绑定到域0
[切片管理] 成功绑定切片0 → 安全域0，触发【路扩展模式】

======================== 切片硬件状态 ========================
切片号 | 所属安全域 | 当前状态    | 路扩展 | LRU touched
------------------------------------------------------------------
  0    |   域0      | 正常运行   |  是   |  147000275
  1    |   域0      | 正常运行   |  是   |  146999997
  2    |   域2      | 正常运行   |  否   |  146999985
  3    |   域3      | 正常运行   |  否   |  147000061
==================================================================


======================== 切片硬件状态 ========================
切片号 | 所属安全域 | 当前状态    | 路扩展 | LRU touched
------------------------------------------------------------------
  0    |   域0      | 正常运行   |  是   |  181299999
  1    |   域0      | 正常运行   |  是   |  181299983
  2    |   域2      | 正常运行   |  否   |  181299999
  3    |   域3      | 正常运行   |  否   |  181299996
==================================================================

[动态重分配] 周期181300000：预约迁移 冗余域0(1%) -> 切片0 -> 饥饿域2(10%)
[切片剥夺] 周期181300000：切片0（所属域0）进入待剥夺状态，禁止新替换
[切片剥夺] 周期181300000：切片0在途请求已清空，开始执行脏行写回
[切片管理] 周期181300303：原域0仅剩1个切片，关闭路扩展模式
[动态重分配] 周期181300303：切片0写回完成，自动绑定到域2
[切片管理] 成功绑定切片0 → 安全域2，触发【路扩展模式】

======================== 切片硬件状态 ========================
切片号 | 所属安全域 | 当前状态    | 路扩展 | LRU touched
------------------------------------------------------------------
  0    |   域2      | 正常运行   |  是   |  181300303
  1    |   域0      | 正常运行   |  否   |  181300055
  2    |   域2      | 正常运行   |  是   |  181300302
  3    |   域3      | 正常运行   |  否   |  181300302
==================================================================


======================== 切片硬件状态 ========================
切片号 | 所属安全域 | 当前状态    | 路扩展 | LRU touched
------------------------------------------------------------------
  0    |   域2      | 正常运行   |  是   |  182599997
  1    |   域0      | 正常运行   |  否   |  182600000
  2    |   域2      | 正常运行   |  是   |  182599995
  3    |   域3      | 正常运行   |  否   |  182599992
==================================================================

[动态重分配] 周期182600000：预约迁移 冗余域2(2%) -> 切片2 -> 饥饿域0(10%)
[切片剥夺] 周期182600000：切片2（所属域2）进入待剥夺状态，禁止新替换
[切片剥夺] 周期182600000：切片2在途请求已清空，开始执行脏行写回
[切片管理] 周期182608254：原域2仅剩1个切片，关闭路扩展模式
[动态重分配] 周期182608254：切片2写回完成，自动绑定到域0
[切片管理] 成功绑定切片2 → 安全域0，触发【路扩展模式】

======================== 切片硬件状态 ========================
切片号 | 所属安全域 | 当前状态    | 路扩展 | LRU touched
------------------------------------------------------------------
  0    |   域2      | 正常运行   |  否   |  182608251
  1    |   域0      | 正常运行   |  是   |  182608254
  2    |   域0      | 正常运行   |  是   |  182608254
  3    |   域3      | 正常运行   |  否   |  182608253
==================================================================


======================== 切片硬件状态 ========================
切片号 | 所属安全域 | 当前状态    | 路扩展 | LRU touched
------------------------------------------------------------------
  0    |   域2      | 正常运行   |  否   |  183099993
  1    |   域0      | 正常运行   |  是   |  183099972
  2    |   域0      | 正常运行   |  是   |  183100000
  3    |   域3      | 正常运行   |  否   |  183099974
==================================================================

[动态重分配] 周期183100000：预约迁移 冗余域0(2%) -> 切片1 -> 饥饿域2(9%)
[切片剥夺] 周期183100000：切片1（所属域0）进入待剥夺状态，禁止新替换
[切片剥夺] 周期183100144：切片1在途请求已清空，开始执行脏行写回
[切片管理] 周期183100389：原域0仅剩1个切片，关闭路扩展模式
[动态重分配] 周期183100389：切片1写回完成，自动绑定到域2
[切片管理] 成功绑定切片1 → 安全域2，触发【路扩展模式】

======================== 切片硬件状态 ========================
切片号 | 所属安全域 | 当前状态    | 路扩展 | LRU touched
------------------------------------------------------------------
  0    |   域2      | 正常运行   |  是   |  183100250
  1    |   域2      | 正常运行   |  是   |  183100389
  2    |   域0      | 正常运行   |  否   |  183100181
  3    |   域3      | 正常运行   |  否   |  183100254
==================================================================


**** Debug Statistics at 201000000 Cycles *****
Threads: 4		Fetch Width: 8
No of useful instructions fetched:	337551550 (20.99% proc util.)
No of total instructions fetched:	511969146 (31.84% proc util.)
 includes 32976400 misfetch (6.4%), 141441196 (27.6%) wrong-path fetches
 and 0 flushed after failed lock(0.0%)
No of useful instructions issued/executed:	337551522 (20.99% proc util.)
No of total instructions issued/executed:	405527183 (25.22% proc util.)
 includes 67975661 wrong-path (16.8%) insts and 0 flushed (0.0%)
	fp 4906, 0.00%
	synch 0, 0.00%
	integer 267643271, 66.00%
	load/store 137879006, 34.00%
Avg size of int IQ (before scheduling): 21.57
Avg size of fp IQ (before scheduling): 0.00
No of cycles taken:		201000000
Parallelism [ 0.480, 0.000, 0.484, 0.715,] = 1.679
 IQ conflicts: 1708137 (0.85%), FQ conflicts: 0 (0.00%) 
 I reg conflicts: 118675910 (59.04%), FP reg conflicts: 0 (0.00%)
  Activelist confs: 775 (0.00%), ROB confs: 30811 (0.02%)
  Int unit conflicts: 83454805 (41.52%), FP unit conflicts: 6 (0.00%)
  Load/store unit conflicts: 20595804 (10.25%)
  MSHR conflicts: 135505867 (67.42%)
----------------------------------------
==== System-wide Cache Statistics ====
Stall for miss queue full 1208 cycles (0.00%)
----------------------------------------
==== Statistics for Master ID: 0 ====
Reads: 77476667   Writes: 12944947
ICACHE: size: 64 KB assoc: 2
ICACHE: hits:43414562 misses:1654893  Hit Ratio: 96.33%
DCACHE: size: 1*16 KB assoc: 1*4
DCACHE: hits:44490608 misses:861827 writebacks:275668  Hit Ratio: 98.10%
SCACHE: size: 512 KB assoc: 2
SCACHE: hits:1789742 misses:726702  Hit Ratio: 71.12%
3CACHE: size: 4096 KB assoc: 2
3CACHE: hits:570488 misses:156213  Hit Ratio: 78.50%
3CACHE: dirty items replaced:23575
ITLB: size: 48, misses 132865, miss rate 0.29%
DTLB: size: 128, misses 125552, miss rate 0.28%
Avg mem delay: 4.434 cycles
----------------------------------------
==== Statistics for Master ID: 2 ====
Reads: 80707158   Writes: 13668507
ICACHE: size: 64 KB assoc: 2
ICACHE: hits:45241558 misses:1767248  Hit Ratio: 96.24%
DCACHE: size: 2*16 KB assoc: 2*4
DCACHE: hits:46362463 misses:1004977 writebacks:302459  Hit Ratio: 97.88%
SCACHE: size: 512 KB assoc: 2
SCACHE: hits:1996412 misses:775232  Hit Ratio: 72.03%
3CACHE: size: 4096 KB assoc: 2
3CACHE: hits:579970 misses:195262  Hit Ratio: 74.81%
3CACHE: dirty items replaced:22056
ITLB: size: 48, misses 136911, miss rate 0.29%
DTLB: size: 128, misses 114579, miss rate 0.24%
Avg mem delay: 4.434 cycles
----------------------------------------
==== Statistics for Master ID: 3 ====
Reads: 83021015   Writes: 15097959
ICACHE: size: 64 KB assoc: 2
ICACHE: hits:53257112 misses:25594  Hit Ratio: 99.95%
DCACHE: size: 1*16 KB assoc: 1*4
DCACHE: hits:41961444 misses:2875678 writebacks:1411295  Hit Ratio: 93.59%
SCACHE: size: 512 KB assoc: 2
SCACHE: hits:650677 misses:2249740  Hit Ratio: 22.43%
3CACHE: size: 4096 KB assoc: 2
3CACHE: hits:119550 misses:2130190  Hit Ratio: 5.31%
3CACHE: dirty items replaced:106159
ITLB: size: 48, misses 480, miss rate 0.00%
DTLB: size: 128, misses 137918, miss rate 0.31%
Avg mem delay: 4.434 cycles
----------------------------------------
==== Global Resource Utilization ====
STASH: size: 65536 entries, full 637779685, empty 29162427, misses 2748081, full rate 95.24
icache bank util. 0.091 0.077 0.071 0.080 0.095 0.160 0.094 0.105 
dcache bank util. 0.086 0.094 0.100 0.097 0.109 0.090 0.113 0.096 
L2 bank util. 0.037 0.038 0.037 0.039 0.038 0.035 0.039 0.045 
L1-L2 bus util. = 0.152, L3 util. = 0.123
----------------------------------------

======================== 切片硬件状态 ========================
切片号 | 所属安全域 | 当前状态    | 路扩展 | LRU touched
------------------------------------------------------------------
  0    |   域2      | 正常运行   |  是   |  200999984
  1    |   域2      | 正常运行   |  是   |  200999996
  2    |   域0      | 正常运行   |  否   |  200999985
  3    |   域3      | 正常运行   |  否   |  200999996
==================================================================

branch prediction, hits = 33303803, misses = 6632269, hit rate = 83.39%
return_stack prediction, hits = 3150992, misses = 2846, hit rate = 99.91%
jump prediction, hits = 29782963, misses = 8540600, hit rate = 77.71%

======================== 切片硬件状态 ========================
切片号 | 所属安全域 | 当前状态    | 路扩展 | LRU touched
------------------------------------------------------------------
  0    |   域2      | 正常运行   |  是   |  206799972
  1    |   域2      | 正常运行   |  是   |  206800000
  2    |   域0      | 正常运行   |  否   |  206799992
  3    |   域3      | 正常运行   |  否   |  206799997
==================================================================

[动态重分配] 周期206800000：预约迁移 冗余域2(0%) -> 切片0 -> 饥饿域0(10%)
[切片剥夺] 周期206800000：切片0（所属域2）进入待剥夺状态，禁止新替换
[切片剥夺] 周期206800000：切片0在途请求已清空，开始执行脏行写回
[切片管理] 周期206803611：原域2仅剩1个切片，关闭路扩展模式
[动态重分配] 周期206803611：切片0写回完成，自动绑定到域0
[切片管理] 成功绑定切片0 → 安全域0，触发【路扩展模式】

======================== 切片硬件状态 ========================
切片号 | 所属安全域 | 当前状态    | 路扩展 | LRU touched
------------------------------------------------------------------
  0    |   域0      | 正常运行   |  是   |  206803611
  1    |   域2      | 正常运行   |  否   |  206803574
  2    |   域0      | 正常运行   |  是   |  206803595
  3    |   域3      | 正常运行   |  否   |  206803595
==================================================================


======================== 切片硬件状态 ========================
切片号 | 所属安全域 | 当前状态    | 路扩展 | LRU touched
------------------------------------------------------------------
  0    |   域0      | 正常运行   |  是   |  216199999
  1    |   域2      | 正常运行   |  否   |  216200000
  2    |   域0      | 正常运行   |  是   |  216199988
  3    |   域3      | 正常运行   |  否   |  216200000
==================================================================

[动态重分配] 周期216200000：预约迁移 冗余域0(0%) -> 切片0 -> 饥饿域2(13%)
[切片剥夺] 周期216200000：切片0（所属域0）进入待剥夺状态，禁止新替换
[切片剥夺] 周期216200000：切片0在途请求已清空，开始执行脏行写回
[切片管理] 周期216201975：原域0仅剩1个切片，关闭路扩展模式
[动态重分配] 周期216201975：切片0写回完成，自动绑定到域2
[切片管理] 成功绑定切片0 → 安全域2，触发【路扩展模式】

======================== 切片硬件状态 ========================
切片号 | 所属安全域 | 当前状态    | 路扩展 | LRU touched
------------------------------------------------------------------
  0    |   域2      | 正常运行   |  是   |  216201975
  1    |   域2      | 正常运行   |  是   |  216201971
  2    |   域0      | 正常运行   |  否   |  216201861
  3    |   域3      | 正常运行   |  否   |  216201975
==================================================================


======================== 切片硬件状态 ========================
切片号 | 所属安全域 | 当前状态    | 路扩展 | LRU touched
------------------------------------------------------------------
  0    |   域2      | 正常运行   |  是   |  221899988
  1    |   域2      | 正常运行   |  是   |  221899985
  2    |   域0      | 正常运行   |  否   |  221899994
  3    |   域3      | 正常运行   |  否   |  221900000
==================================================================

[动态重分配] 周期221900000：预约迁移 冗余域2(1%) -> 切片0 -> 饥饿域0(13%)
[切片剥夺] 周期221900000：切片0（所属域2）进入待剥夺状态，禁止新替换
[切片剥夺] 周期221900000：切片0在途请求已清空，开始执行脏行写回
[切片管理] 周期221906567：原域2仅剩1个切片，关闭路扩展模式
[动态重分配] 周期221906567：切片0写回完成，自动绑定到域0
[切片管理] 成功绑定切片0 → 安全域0，触发【路扩展模式】

======================== 切片硬件状态 ========================
切片号 | 所属安全域 | 当前状态    | 路扩展 | LRU touched
------------------------------------------------------------------
  0    |   域0      | 正常运行   |  是   |  221906567
  1    |   域2      | 正常运行   |  否   |  221906567
  2    |   域0      | 正常运行   |  是   |  221906566
  3    |   域3      | 正常运行   |  否   |  221906565
==================================================================


======================== 切片硬件状态 ========================
切片号 | 所属安全域 | 当前状态    | 路扩展 | LRU touched
------------------------------------------------------------------
  0    |   域0      | 正常运行   |  是   |  235200000
  1    |   域2      | 正常运行   |  否   |  235199999
  2    |   域0      | 正常运行   |  是   |  235199979
  3    |   域3      | 正常运行   |  否   |  235199997
==================================================================

[动态重分配] 周期235200000：预约迁移 冗余域0(0%) -> 切片0 -> 饥饿域2(7%)
[切片剥夺] 周期235200000：切片0（所属域0）进入待剥夺状态，禁止新替换
[切片剥夺] 周期235200000：切片0在途请求已清空，开始执行脏行写回
[切片管理] 周期235200337：原域0仅剩1个切片，关闭路扩展模式
[动态重分配] 周期235200337：切片0写回完成，自动绑定到域2
[切片管理] 成功绑定切片0 → 安全域2，触发【路扩展模式】

======================== 切片硬件状态 ========================
切片号 | 所属安全域 | 当前状态    | 路扩展 | LRU touched
------------------------------------------------------------------
  0    |   域2      | 正常运行   |  是   |  235200337
  1    |   域2      | 正常运行   |  是   |  235200329
  2    |   域0      | 正常运行   |  否   |  235200327
  3    |   域3      | 正常运行   |  否   |  235200327
==================================================================


======================== 切片硬件状态 ========================
切片号 | 所属安全域 | 当前状态    | 路扩展 | LRU touched
------------------------------------------------------------------
  0    |   域2      | 正常运行   |  是   |  237999956
  1    |   域2      | 正常运行   |  是   |  237999959
  2    |   域0      | 正常运行   |  否   |  237999959
  3    |   域3      | 正常运行   |  否   |  237999958
==================================================================

[动态重分配] 周期238000000：预约迁移 冗余域2(0%) -> 切片0 -> 饥饿域0(8%)
[切片剥夺] 周期238000000：切片0（所属域2）进入待剥夺状态，禁止新替换
[切片剥夺] 周期238000000：切片0在途请求已清空，开始执行脏行写回
[切片管理] 周期238002675：原域2仅剩1个切片，关闭路扩展模式
[动态重分配] 周期238002675：切片0写回完成，自动绑定到域0
[切片管理] 成功绑定切片0 → 安全域0，触发【路扩展模式】

======================== 切片硬件状态 ========================
切片号 | 所属安全域 | 当前状态    | 路扩展 | LRU touched
------------------------------------------------------------------
  0    |   域0      | 正常运行   |  是   |  238002675
  1    |   域2      | 正常运行   |  否   |  238002660
  2    |   域0      | 正常运行   |  是   |  238002661
  3    |   域3      | 正常运行   |  否   |  238002660
==================================================================


======================== 切片硬件状态 ========================
切片号 | 所属安全域 | 当前状态    | 路扩展 | LRU touched
------------------------------------------------------------------
  0    |   域0      | 正常运行   |  是   |  250500000
  1    |   域2      | 正常运行   |  否   |  250499999
  2    |   域0      | 正常运行   |  是   |  250499997
  3    |   域3      | 正常运行   |  否   |  250499999
==================================================================

[动态重分配] 周期250500000：预约迁移 冗余域0(0%) -> 切片0 -> 饥饿域3(6%)
[切片剥夺] 周期250500000：切片0（所属域0）进入待剥夺状态，禁止新替换
[切片剥夺] 周期250500000：切片0在途请求已清空，开始执行脏行写回
[切片管理] 周期250500284：原域0仅剩1个切片，关闭路扩展模式
[动态重分配] 周期250500284：切片0写回完成，自动绑定到域3
[切片管理] 成功绑定切片0 → 安全域3，触发【路扩展模式】

======================== 切片硬件状态 ========================
切片号 | 所属安全域 | 当前状态    | 路扩展 | LRU touched
------------------------------------------------------------------
  0    |   域3      | 正常运行   |  是   |  250500284
  1    |   域2      | 正常运行   |  否   |  250500284
  2    |   域0      | 正常运行   |  否   |  250500284
  3    |   域3      | 正常运行   |  是   |  250500284
==================================================================


======================== 切片硬件状态 ========================
切片号 | 所属安全域 | 当前状态    | 路扩展 | LRU touched
------------------------------------------------------------------
  0    |   域3      | 正常运行   |  是   |  250899919
  1    |   域2      | 正常运行   |  否   |  250899884
  2    |   域0      | 正常运行   |  否   |  250899938
  3    |   域3      | 正常运行   |  是   |  250899933
==================================================================

[动态重分配] 周期250900000：预约迁移 冗余域3(1%) -> 切片3 -> 饥饿域0(7%)
[切片剥夺] 周期250900000：切片3（所属域3）进入待剥夺状态，禁止新替换
[切片剥夺] 周期250900000：切片3在途请求已清空，开始执行脏行写回
[切片管理] 周期250901549：原域3仅剩1个切片，关闭路扩展模式
[动态重分配] 周期250901549：切片3写回完成，自动绑定到域0
[切片管理] 成功绑定切片3 → 安全域0，触发【路扩展模式】

======================== 切片硬件状态 ========================
切片号 | 所属安全域 | 当前状态    | 路扩展 | LRU touched
------------------------------------------------------------------
  0    |   域3      | 正常运行   |  否   |  250901548
  1    |   域2      | 正常运行   |  否   |  250901549
  2    |   域0      | 正常运行   |  是   |  250901545
  3    |   域0      | 正常运行   |  是   |  250901549
==================================================================


======================== 切片硬件状态 ========================
切片号 | 所属安全域 | 当前状态    | 路扩展 | LRU touched
------------------------------------------------------------------
  0    |   域3      | 正常运行   |  否   |  254100000
  1    |   域2      | 正常运行   |  否   |  254099995
  2    |   域0      | 正常运行   |  是   |  254099994
  3    |   域0      | 正常运行   |  是   |  254099993
==================================================================

[动态重分配] 周期254100000：预约迁移 冗余域0(1%) -> 切片3 -> 饥饿域2(23%)
[切片剥夺] 周期254100000：切片3（所属域0）进入待剥夺状态，禁止新替换
[切片剥夺] 周期254100000：切片3在途请求已清空，开始执行脏行写回
[切片管理] 周期254100155：原域0仅剩1个切片，关闭路扩展模式
[动态重分配] 周期254100155：切片3写回完成，自动绑定到域2
[切片管理] 成功绑定切片3 → 安全域2，触发【路扩展模式】

======================== 切片硬件状态 ========================
切片号 | 所属安全域 | 当前状态    | 路扩展 | LRU touched
------------------------------------------------------------------
  0    |   域3      | 正常运行   |  否   |  254100051
  1    |   域2      | 正常运行   |  是   |  254100039
  2    |   域0      | 正常运行   |  否   |  254100049
  3    |   域2      | 正常运行   |  是   |  254100155
==================================================================


======================== 切片硬件状态 ========================
切片号 | 所属安全域 | 当前状态    | 路扩展 | LRU touched
------------------------------------------------------------------
  0    |   域3      | 正常运行   |  否   |  254999999
  1    |   域2      | 正常运行   |  是   |  254999987
  2    |   域0      | 正常运行   |  否   |  255000000
  3    |   域2      | 正常运行   |  是   |  254999997
==================================================================

[动态重分配] 周期255000000：预约迁移 冗余域2(2%) -> 切片1 -> 饥饿域0(12%)
[切片剥夺] 周期255000000：切片1（所属域2）进入待剥夺状态，禁止新替换
[切片剥夺] 周期255000000：切片1在途请求已清空，开始执行脏行写回
[切片管理] 周期255000065：原域2仅剩1个切片，关闭路扩展模式
[动态重分配] 周期255000065：切片1写回完成，自动绑定到域0
[切片管理] 成功绑定切片1 → 安全域0，触发【路扩展模式】

======================== 切片硬件状态 ========================
切片号 | 所属安全域 | 当前状态    | 路扩展 | LRU touched
------------------------------------------------------------------
  0    |   域3      | 正常运行   |  否   |  255000065
  1    |   域0      | 正常运行   |  是   |  255000065
  2    |   域0      | 正常运行   |  是   |  255000058
  3    |   域2      | 正常运行   |  否   |  255000050
==================================================================


======================== 切片硬件状态 ========================
切片号 | 所属安全域 | 当前状态    | 路扩展 | LRU touched
------------------------------------------------------------------
  0    |   域3      | 正常运行   |  否   |  255599997
  1    |   域0      | 正常运行   |  是   |  255599813
  2    |   域0      | 正常运行   |  是   |  255600000
  3    |   域2      | 正常运行   |  否   |  255599951
==================================================================

[动态重分配] 周期255600000：预约迁移 冗余域0(0%) -> 切片1 -> 饥饿域2(7%)
[切片剥夺] 周期255600000：切片1（所属域0）进入待剥夺状态，禁止新替换
[切片剥夺] 周期255600000：切片1在途请求已清空，开始执行脏行写回
[切片管理] 周期255600209：原域0仅剩1个切片，关闭路扩展模式
[动态重分配] 周期255600209：切片1写回完成，自动绑定到域2
[切片管理] 成功绑定切片1 → 安全域2，触发【路扩展模式】

======================== 切片硬件状态 ========================
切片号 | 所属安全域 | 当前状态    | 路扩展 | LRU touched
------------------------------------------------------------------
  0    |   域3      | 正常运行   |  否   |  255600208
  1    |   域2      | 正常运行   |  是   |  255600209
  2    |   域0      | 正常运行   |  否   |  255600209
  3    |   域2      | 正常运行   |  是   |  255600061
==================================================================


======================== 切片硬件状态 ========================
切片号 | 所属安全域 | 当前状态    | 路扩展 | LRU touched
------------------------------------------------------------------
  0    |   域3      | 正常运行   |  否   |  259899998
  1    |   域2      | 正常运行   |  是   |  259899999
  2    |   域0      | 正常运行   |  否   |  259899989
  3    |   域2      | 正常运行   |  是   |  259900000
==================================================================

[动态重分配] 周期259900000：预约迁移 冗余域2(0%) -> 切片3 -> 饥饿域0(10%)
[切片剥夺] 周期259900000：切片3（所属域2）进入待剥夺状态，禁止新替换
[切片剥夺] 周期259900000：切片3在途请求已清空，开始执行脏行写回
[切片管理] 周期259900173：原域2仅剩1个切片，关闭路扩� copy_address convert_to_mode�模式
[动态重分配] 周期259900173：切片3写回完成，自动绑定到域0
[切片管理] 成功绑定切片3 → 安全域0，触发【路扩展模式】

======================== 切片硬件状态 ========================
切片号 | 所属安全域 | 当前状态    | 路扩展 | LRU touched
------------------------------------------------------------------
  0    |   域3      | 正常运行   |  否   |  259900044
  1    |   域2      | 正常运行   |  否   |  259900041
  2    |   域0      | 正常运行   |  是   |  259900003
  3    |   域0      | 正常运行   |  是   |  259900173
==================================================================


======================== 切片硬件状态 ========================
切片号 | 所属安全域 | 当前状态    | 路扩展 | LRU touched
------------------------------------------------------------------
  0    |   域3      | 正常运行   |  否   |  262300000
  1    |   域2      | 正常运行   |  否   |  262299963
  2    |   域0      | 正常运行   |  是   |  262299778
  3    |   域0      | 正常运行   |  是   |  262298271
==================================================================

[动态重分配] 周期262300000：预约迁移 冗余域0(2%) -> 切片2 -> 饥饿域2(9%)
[切片剥夺] 周期262300000：切片2（所属域0）进入待剥夺状态，禁止新替换
[切片剥夺] 周期262300000：切片2在途请求已清空，开始执行脏行写回
[切片管理] 周期262300275：原域0仅剩1个切片，关闭路扩展模式
[动态重分配] 周期262300275：切片2写回完成，自动绑定到域2
[切片管理] 成功绑定切片2 → 安全域2，触发【路扩展模式】

======================== 切片硬件状态 ========================
切片号 | 所属安全域 | 当前状态    | 路扩展 | LRU touched
------------------------------------------------------------------
  0    |   域3      | 正常运行   |  否   |  262300050
  1    |   域2      | 正常运行   |  是   |  262299963
  2    |   域2      | 正常运行   |  是   |  262300275
  3    |   域0      | 正常运行   |  否   |  262298271
==================================================================


======================== 切片硬件状态 ========================
切片号 | 所属安全域 | 当前状态    | 路扩展 | LRU touched
------------------------------------------------------------------
  0    |   域3      | 正常运行   |  否   |  274799999
  1    |   域2      | 正常运行   |  是   |  274799957
  2    |   域2      | 正常运行   |  是   |  274799968
  3    |   域0      | 正常运行   |  否   |  274799995
==================================================================

[动态重分配] 周期274800000：预约迁移 冗余域2(1%) -> 切片1 -> 饥饿域3(7%)
[切片剥夺] 周期274800000：切片1（所属域2）进入待剥夺状态，禁止新替换
[切片剥夺] 周期274800000：切片1在途请求已清空，开始执行脏行写回
[切片管理] 周期274800203：原域2仅剩1个切片，关闭路扩展模式
[动态重分配] 周期274800203：切片1写回完成，自动绑定到域3
[切片管理] 成功绑定切片1 → 安全域3，触发【路扩展模式】

======================== 切片硬件状态 ========================
切片号 | 所属安全域 | 当前状态    | 路扩展 | LRU touched
------------------------------------------------------------------
  0    |   域3      | 正常运行   |  是   |  274800096
  1    |   域3      | 正常运行   |  是   |  274800203
  2    |   域2      | 正常运行   |  否   |  274799968
  3    |   域0      | 正常运行   |  否   |  274800134
==================================================================


======================== 切片硬件状态 ========================
切片号 | 所属安全域 | 当前状态    | 路扩展 | LRU touched
------------------------------------------------------------------
  0    |   域3      | 正常运行   |  是   |  275199986
  1    |   域3      | 正常运行   |  是   |  275199998
  2    |   域2      | 正常运行   |  否   |  275199912
  3    |   域0      | 正常运行   |  否   |  275200000
==================================================================

[动态重分配] 周期275200000：预约迁移 冗余域3(2%) -> 切片0 -> 饥饿域2(11%)
[切片剥夺] 周期275200000：切片0（所属域3）进入待剥夺状态，禁止新替换
[切片剥夺] 周期275200000：切片0在途请求已清空，开始执行脏行写回
[切片管理] 周期275200305：原域3仅剩1个切片，关闭路扩展模式
[动态重分配] 周期275200305：切片0写回完成，自动绑定到域2
[切片管理] 成功绑定切片0 → 安全域2，触发【路扩展模式】

======================== 切片硬件状态 ========================
切片号 | 所属安全域 | 当前状态    | 路扩展 | LRU touched
------------------------------------------------------------------
  0    |   域2      | 正常运行   |  是   |  275200305
  1    |   域3      | 正常运行   |  否   |  275200305
  2    |   域2      | 正常运行   |  是   |  275199912
  3    |   域0      | 正常运行   |  否   |  275200133
==================================================================


======================== 切片硬件状态 ========================
切片号 | 所属安全域 | 当前状态    | 路扩展 | LRU touched
------------------------------------------------------------------
  0    |   域2      | 正常运行   |  是   |  282800000
  1    |   域3      | 正常运行   |  否   |  282799998
  2    |   域2      | 正常运行   |  是   |  282799991
  3    |   域0      | 正常运行   |  否   |  282799995
==================================================================

[动态重分配] 周期282800000：预约迁移 冗余域2(0%) -> 切片0 -> 饥饿域0(21%)
[切片剥夺] 周期282800000：切片0（所属域2）进入待剥夺状态，禁止新替换
[切片剥夺] 周期282800000：切片0在途请求已清空，开始执行脏行写回
[切片管理] 周期282802525：原域2仅剩1个切片，关闭路扩展模式
[动态重分配] 周期282802525：切片0写回完成，自动绑定到域0
[切片管理] 成功绑定切片0 → 安全域0，触发【路扩展模式】

======================== 切片硬件状态 ========================
切片号 | 所属安全域 | 当前状态    | 路扩展 | LRU touched
------------------------------------------------------------------
  0    |   域0      | 正常运行   |  是   |  282802525
  1    |   域3      | 正常运行   |  否   |  282802523
  2    |   域2      | 正常运行   |  否   |  282802525
  3    |   域0      | 正常运行   |  是   |  282802512
==================================================================


**** Debug Statistics at 301000000 Cycles *****
Threads: 4		Fetch Width: 8
No of useful instructions fetched:	676287421 (28.09% proc util.)
No of total instructions fetched:	1025320257 (42.58% proc util.)
 includes 57060056 misfetch (5.6%), 291972780 (28.5%) wrong-path fetches
 and 0 flushed after failed lock(0.0%)
No of useful instructions issued/executed:	676287390 (28.09% proc util.)
No of total instructions issued/executed:	816570083 (33.91% proc util.)
 includes 140282693 wrong-path (17.2%) insts and 0 flushed (0.0%)
	fp 9034, 0.00%
	synch 0, 0.00%
	integer 543181604, 66.52%
	load/store 273379445, 33.48%
Avg size of int IQ (before scheduling): 23.76
Avg size of fp IQ (before scheduling): 0.00
No of cycles taken:		301000000
Parallelism [ 0.617, 0.000, 0.627, 1.003,] = 2.247
 IQ conflicts: 4280287 (1.42%), FQ conflicts: 0 (0.00%) 
 I reg conflicts: 135647544 (45.07%), FP reg conflicts: 0 (0.00%)
  Activelist confs: 1469 (0.00%), ROB confs: 194877 (0.06%)
  Int unit conflicts: 249087001 (82.75%), FP unit conflicts: 7 (0.00%)
  Load/store unit conflicts: 47201333 (15.68%)
  MSHR conflicts: 162363188 (53.94%)
----------------------------------------
==== System-wide Cache Statistics ====
Stall for miss queue full 2300 cycles (0.00%)
----------------------------------------
==== Statistics for Master ID: 0 ====
Reads: 152740900   Writes: 26227028
ICACHE: size: 64 KB assoc: 2
ICACHE: hits:86849183 misses:2669539  Hit Ratio: 97.02%
DCACHE: size: 2*16 KB assoc: 2*4
DCACHE: hits:87729819 misses:1720192 writebacks:522866  Hit Ratio: 98.08%
SCACHE: size: 512 KB assoc: 2
SCACHE: hits:3054811 misses:1334115  Hit Ratio: 69.60%
3CACHE: size: 4096 KB assoc: 2
3CACHE: hits:1085101 misses:249014  Hit Ratio: 81.33%
3CACHE: dirty items replaced:59524
ITLB: size: 48, misses 192890, miss rate 0.22%
DTLB: size: 128, misses 248642, miss rate 0.28%
Avg mem delay: 2.987 cycles
----------------------------------------
==== Statistics for Master ID: 2 ====
Reads: 158968431   Writes: 26294167
ICACHE: size: 64 KB assoc: 2
ICACHE: hits:90121628 misses:2905534  Hit Ratio: 96.88%
DCACHE: size: 1*16 KB assoc: 1*4
DCACHE: hits:90487701 misses:1749080 writebacks:559862  Hit Ratio: 98.10%
SCACHE: size: 512 KB assoc: 2
SCACHE: hits:3428169 misses:1225100  Hit Ratio: 73.67%
3CACHE: size: 4096 KB assoc: 2
3CACHE: hits:960126 misses:264974  Hit Ratio: 78.37%
3CACHE: dirty items replaced:48334
ITLB: size: 48, misses 197152, miss rate 0.21%
DTLB: size: 128, misses 228241, miss rate 0.25%
Avg mem delay: 2.987 cycles
----------------------------------------
==== Statistics for Master ID: 3 ====
Reads: 174198596   Writes: 27010417
ICACHE: size: 64 KB assoc: 2
ICACHE: hits:110064173 misses:67776  Hit Ratio: 99.94%
DCACHE: size: 1*16 KB assoc: 1*4
DCACHE: hits:87179741 misses:3898405 writebacks:1841861  Hit Ratio: 95.72%
SCACHE: size: 512 KB assoc: 2
SCACHE: hits:1483152 misses:2481946  Hit Ratio: 37.41%
3CACHE: size: 4096 KB assoc: 2
3CACHE: hits:310689 misses:2171257  Hit Ratio: 12.52%
3CACHE: dirty items replaced:117802
ITLB: size: 48, misses 962, miss rate 0.00%
DTLB: size: 128, misses 195847, miss rate 0.22%
Avg mem delay: 2.987 cycles
----------------------------------------
==== Global Resource Utilization ====
STASH: size: 65536 entries, full 1195657977, empty 42958905, misses 3949244, full rate 96.22
icache bank util. 0.121 0.104 0.097 0.111 0.138 0.190 0.130 0.137 
dcache bank util. 0.113 0.123 0.130 0.126 0.144 0.108 0.147 0.118 
L2 bank util. 0.038 0.039 0.037 0.040 0.039 0.036 0.039 0.045 
L1-L2 bus util. = 0.159, L3 util. = 0.089
----------------------------------------

======================== 切片硬件状态 ========================
切片号 | 所属安全域 | 当前状态    | 路扩展 | LRU touched
------------------------------------------------------------------
  0    |   域0      | 正常运行   |  是   |  300999998
  1    |   域3      | 正常运行   |  否   |  300999998
  2    |   域2      | 正常运行   |  否   |  300999997
  3    |   域0      | 正常运行   |  是   |  300999991
==================================================================

branch prediction, hits = 62656299, misses = 12320927, hit rate = 83.57%
return_stack prediction, hits = 6433675, misses = 3942, hit rate = 99.94%
jump prediction, hits = 58327222, misses = 14942029, hit rate = 79.61%

======================== 切片硬件状态 ========================
切片号 | 所属安全域 | 当前状态    | 路扩展 | LRU touched
------------------------------------------------------------------
  0    |   域0      | 正常运行   |  是   |  309300000
  1    |   域3      | 正常运行   |  否   |  309300000
  2    |   域2      | 正常运行   |  否   |  309299999
  3    |   域0      | 正常运行   |  是   |  309300000
==================================================================

[动态重分配] 周期309300000：预约迁移 冗余域0(0%) -> 切片0 -> 饥饿域2(9%)
[切片剥夺] 周期309300000：切片0（所属域0）进入待剥夺状态，禁止新替换
[切片剥夺] 周期309300000：切片0在途请求已清空，开始执行脏行写回
[切片管理] 周期309302474：原域0仅剩1个切片，关闭路扩展模式
[动态重分配] 周期309302474：切片0写回完成，自动绑定到域2
[切片管理] 成功绑定切片0 → 安全域2，触发【路扩展模式】

======================== 切片硬件状态 ========================
切片号 | 所属安全域 | 当前状态    | 路扩展 | LRU touched
------------------------------------------------------------------
  0    |   域2      | 正常运行   |  是   |  309302474
  1    |   域3      | 正常运行   |  否   |  309302474
  2    |   域2      | 正常运行   |  是   |  309302473
  3    |   域0      | 正常运行   |  否   |  309302474
==================================================================


======================== 切片硬件状态 ========================
切片号 | 所属安全域 | 当前状态    | 路扩展 | LRU touched
------------------------------------------------------------------
  0    |   域2      | 正常运行   |  是   |  312899885
  1    |   域3      | 正常运行   |  否   |  312899998
  2    |   域2      | 正常运行   |  是   |  312899931
  3    |   域0      | 正常运行   |  否   |  312900000
==================================================================

[动态重分配] 周期312900000：预约迁移 冗余域2(1%) -> 切片0 -> 饥饿域0(8%)
[切片剥夺] 周期312900000：切片0（所属域2）进入待剥夺状态，禁止新替换
[切片剥夺] 周期312900000：切片0在途请求已清空，开始执行脏行写回
[切片管理] 周期312900694：原域2仅剩1个切片，关闭路扩展模式
[动态重分配] 周期312900694：切片0写回完成，自动绑定到域0
[切片管理] 成功绑定切片0 → 安全域0，触发【路扩展模式】

======================== 切片硬件状态 ========================
切片号 | 所属安全域 | 当前状态    | 路扩展 | LRU touched
------------------------------------------------------------------
  0    |   域0      | 正常运行   |  是   |  312900694
  1    |   域3      | 正常运行   |  否   |  312900694
  2    |   域2      | 正常运行   |  否   |  312900692
  3    |   域0      | 正常运行   |  是   |  312900686
==================================================================


======================== 切片硬件状态 ========================
切片号 | 所属安全域 | 当前状态    | 路扩展 | LRU touched
------------------------------------------------------------------
  0    |   域0      | 正常运行   |  是   |  350499996
  1    |   域3      | 正常运行   |  否   |  350500000
  2    |   域2      | 正常运行   |  否   |  350499978
  3    |   域0      | 正常运行   |  是   |  350499999
==================================================================

[动态重分配] 周期350500000：预约迁移 冗余域0(1%) -> 切片3 -> 饥饿域2(25%)
[切片剥夺] 周期350500000：切片3（所属域0）进入待剥夺状态，禁止新替换
[切片剥夺] 周期350500028：切片3在途请求已清空，开始执行脏行写回
[切片管理] 周期350501315：原域0仅剩1个切片，关闭路扩展模式
[动态重分配] 周期350501315：切片3写回完成，自动绑定到域2
[切片管理] 成功绑定切片3 → 安全域2，触发【路扩展模式】

======================== 切片硬件状态 ========================
切片号 | 所属安全域 | 当前状态    | 路扩展 | LRU touched
------------------------------------------------------------------
  0    |   域0      | 正常运行   |  否   |  350501308
  1    |   域3      | 正常运行   |  否   |  350501313
  2    |   域2      | 正常运行   |  是   |  350501306
  3    |   域2      | 正常运行   |  是   |  350501315
==================================================================


======================== 切片硬件状态 ========================
切片号 | 所属安全域 | 当前状态    | 路扩展 | LRU touched
------------------------------------------------------------------
  0    |   域0      | 正常运行   |  否   |  356700000
  1    |   域3      | 正常运行   |  否   |  356699984
  2    |   域2      | 正常运行   |  是   |  356700000
  3    |   域2      | 正常运行   |  是   |  356699979
==================================================================

[动态重分配] 周期356700000：预约迁移 冗余域2(0%) -> 切片2 -> 饥饿域0(7%)
[切片剥夺] 周期356700000：切片2（所属域2）进入待剥夺状态，禁止新替换
[切片剥夺] 周期356700000：切片2在途请求已清空，开始执行脏行写回
[切片管理] 周期356700224：原域2仅剩1个切片，关闭路扩展模式
[动态重分配] 周期356700224：切片2写回完成，自动绑定到域0
[切片管理] 成功绑定切片2 → 安全域0，触发【路扩展模式】

======================== 切片硬件状态 ========================
切片号 | 所属安全域 | 当前状态    | 路扩展 | LRU touched
------------------------------------------------------------------
  0    |   域0      | 正常运行   |  是   |  356700222
  1    |   域3      | 正常运行   |  否   |  356700222
  2    |   域0      | 正常运行   |  是   |  356700224
  3    |   域2      | 正常运行   |  否   |  356700149
==================================================================


======================== 切片硬件状态 ========================
切片号 | 所属安全域 | 当前状态    | 路扩展 | LRU touched
------------------------------------------------------------------
  0    |   域0      | 正常运行   |  是   |  387899917
  1    |   域3      | 正常运行   |  否   |  387899999
  2    |   域0      | 正常运行   |  是   |  387900000
  3    |   域2      | 正常运行   |  否   |  387900000
==================================================================

[动态重分配] 周期387900000：预约迁移 冗余域0(0%) -> 切片0 -> 饥饿域2(8%)
[切片剥夺] 周期387900000：切片0（所属域0）进入待剥夺状态，禁止新替换
[切片剥夺] 周期387900044：切片0在途请求已清空，开始执行脏行写回
[切片管理] 周期387901825：原域0仅剩1个切片，关闭路扩展模式
[动态重分配] 周期387901825：切片0写回完成，自动绑定到域2
[切片管理] 成功绑定切片0 → 安全域2，触发【路扩展模式】

======================== 切片硬件状态 ========================
切片号 | 所属安全域 | 当前状态    | 路扩展 | LRU touched
------------------------------------------------------------------
  0    |   域2      | 正常运行   |  是   |  387901825
  1    |   域3      | 正常运行   |  否   |  387901825
  2    |   域0      | 正常运行   |  否   |  387901824
  3    |   域2      | 正常运行   |  是   |  387901631
==================================================================


======================== 切片硬件状态 ========================
切片号 | 所属安全域 | 当前状态    | 路扩展 | LRU touched
------------------------------------------------------------------
  0    |   域2      | 正常运行   |  是   |  390499998
  1    |   域3      | 正常运行   |  否   |  390499975
  2    |   域0      | 正常运行   |  否   |  390499936
  3    |   域2      | 正常运行   |  是   |  390499968
==================================================================

[动态重分配] 周期390500000：预约迁移 冗余域2(0%) -> 切片0 -> 饥饿域0(6%)
[切片剥夺] 周期390500000：切片0（所属域2）进入待剥夺状态，禁止新替换
[切片剥夺] 周期390500000：切片0在途请求已清空，开始执行脏行写回
[切片管理] 周期390500293：原域2仅剩1个切片，关闭路扩展模式
[动态重分配] 周期390500293：切片0写回完成，自动绑定到域0
[切片管理] 成功绑定切片0 → 安全域0，触发【路扩展模式】

======================== 切片硬件状态 ========================
切片号 | 所属安全域 | 当前状态    | 路扩展 | LRU touched
------------------------------------------------------------------
  0    |   域0      | 正常运行   |  是   |  390500293
  1    |   域3      | 正常运行   |  否   |  390500002
  2    |   域0      | 正常运行   |  是   |  390499936
  3    |   域2      | 正常运行   |  否   |  390499968
==================================================================


======================== 切片硬件状态 ========================
切片号 | 所属安全域 | 当前状态    | 路扩展 | LRU touched
------------------------------------------------------------------
  0    |   域0      | 正常运行   |  是   |  396699990
  1    |   域3      | 正常运行   |  否   |  396700000
  2    |   域0      | 正常运行   |  是   |  396700000
  3    |   域2      | 正常运行   |  否   |  396699986
==================================================================

[动态重分配] 周期396700000：预约迁移 冗余域0(0%) -> 切片0 -> 饥饿域2(7%)
[切片剥夺] 周期396700000：切片0（所属域0）进入待剥夺状态，禁止新替换
[切片剥夺] 周期396700000：切片0在途请求已清空，开始执行脏行写回
[切片管理] 周期396701018：原域0仅剩1个切片，关闭路扩展模式
[动态重分配] 周期396701018：切片0写回完成，自动绑定到域2
[切片管理] 成功绑定切片0 → 安全域2，触发【路扩展模式】

======================== 切片硬件状态 ========================
切片号 | 所属安全域 | 当前状态    | 路扩展 | LRU touched
------------------------------------------------------------------
  0    |   域2      | 正常运行   |  是   |  396701018
  1    |   域3      | 正常运行   |  否   |  396701018
  2    |   域0      | 正常运行   |  否   |  396701017
  3    |   域2      | 正常运行   |  是   |  396701011
==================================================================


**** Debug Statistics at 401000000 Cycles *****
Threads: 4		Fetch Width: 8
No of useful instructions fetched:	989110476 (30.83% proc util.)
No of total instructions fetched:	1520351784 (47.39% proc util.)
 includes 85298108 misfetch (5.6%), 445943200 (29.3%) wrong-path fetches
 and 0 flushed after failed lock(0.0%)
No of useful instructions issued/executed:	989110458 (30.83% proc util.)
No of total instructions issued/executed:	1204873009 (37.56% proc util.)
 includes 215762551 wrong-path (17.9%) insts and 0 flushed (0.0%)
	fp 10661, 0.00%
	synch 0, 0.00%
	integer 803893897, 66.72%
	load/store 400968451, 33.28%
Avg size of int IQ (before scheduling): 24.07
Avg size of fp IQ (before scheduling): 0.00
No of cycles taken:		401000000
Parallelism [ 0.649, 0.000, 0.677, 1.141,] = 2.467
 IQ conflicts: 6015472 (1.50%), FQ conflicts: 0 (0.00%) 
 I reg conflicts: 154450176 (38.52%), FP reg conflicts: 0 (0.00%)
  Activelist confs: 4161 (0.00%), ROB confs: 641609 (0.16%)
  Int unit conflicts: 369766135 (92.21%), FP unit conflicts: 8 (0.00%)
  Load/store unit conflicts: 69727468 (17.39%)
  MSHR conflicts: 195125726 (48.66%)
----------------------------------------
==== System-wide Cache Statistics ====
Stall for miss queue full 2886 cycles (0.00%)
----------------------------------------
==== Statistics for Master ID: 0 ====
Reads: 220227177   Writes: 38132398
ICACHE: size: 64 KB assoc: 2
ICACHE: hits:126390970 misses:4256286  Hit Ratio: 96.74%
DCACHE: size: 1*16 KB assoc: 1*4
DCACHE: hits:124955369 misses:2758307 writebacks:1069612  Hit Ratio: 97.84%
SCACHE: size: 512 KB assoc: 2
SCACHE: hits:4989706 misses:2023528  Hit Ratio: 71.15%
3CACHE: size: 4096 KB assoc: 2
3CACHE: hits:1738036 misses:285492  Hit Ratio: 85.89%
3CACHE: dirty items replaced:81703
ITLB: size: 48, misses 271300, miss rate 0.21%
DTLB: size: 128, misses 424722, miss rate 0.33%
Avg mem delay: 2.591 cycles
----------------------------------------
==== Statistics for Master ID: 2 ====
Reads: 229482123   Writes: 37610905
ICACHE: size: 64 KB assoc: 2
ICACHE: hits:130054132 misses:4294890  Hit Ratio: 96.80%
DCACHE: size: 2*16 KB assoc: 2*4
DCACHE: hits:130206035 misses:2539587 writebacks:854760  Hit Ratio: 98.09%
SCACHE: size: 512 KB assoc: 2
SCACHE: hits:5034309 misses:1798551  Hit Ratio: 73.68%
3CACHE: size: 4096 KB assoc: 2
3CACHE: hits:1487956 misses:310595  Hit Ratio: 82.73%
3CACHE: dirty items replaced:71928
ITLB: size: 48, misses 276080, miss rate 0.21%
DTLB: size: 128, misses 372247, miss rate 0.28%
Avg mem delay: 2.591 cycles
----------------------------------------
==== Statistics for Master ID: 3 ====
Reads: 267532024   Writes: 39816800
ICACHE: size: 64 KB assoc: 2
ICACHE: hits:167736240 misses:107456  Hit Ratio: 99.94%
DCACHE: size: 1*16 KB assoc: 1*4
DCACHE: hits:134342438 misses:5163772 writebacks:2366067  Hit Ratio: 96.30%
SCACHE: size: 512 KB assoc: 2
SCACHE: hits:2526307 misses:2743838  Hit Ratio: 47.94%
3CACHE: size: 4096 KB assoc: 2
3CACHE: hits:541987 misses:2201851  Hit Ratio: 19.75%
3CACHE: dirty items replaced:132438
ITLB: size: 48, misses 1515, miss rate 0.00%
DTLB: size: 128, misses 281102, miss rate 0.20%
Avg mem delay: 2.591 cycles
----------------------------------------
==== Global Resource Utilization ====
STASH: size: 65536 entries, full 1733232803, empty 58487826, misses 5302893, full rate 96.45
icache bank util. 0.132 0.116 0.108 0.125 0.162 0.206 0.144 0.151 
dcache bank util. 0.129 0.139 0.140 0.132 0.159 0.118 0.163 0.128 
L2 bank util. 0.040 0.043 0.041 0.044 0.042 0.039 0.041 0.046 
L1-L2 bus util. = 0.175, L3 util. = 0.070
----------------------------------------

======================== 切片硬件状态 ========================
切片号 | 所属安全域 | 当前状态    | 路扩展 | LRU touched
------------------------------------------------------------------
  0    |   域2      | 正常运行   |  是   |  400999993
  1    |   域3      | 正常运行   |  否   |  400999994
  2    |   域0      | 正常运行   |  否   |  400999998
  3    |   域2      | 正常运行   |  是   |  400999999
==================================================================

branch prediction, hits = 88689693, misses = 18550330, hit rate = 82.70%
return_stack prediction, hits = 9421864, misses = 4607, hit rate = 99.95%
jump prediction, hits = 82545280, misses = 22239109, hit rate = 78.78%

======================== 切片硬件状态 ========================
切片号 | 所属安全域 | 当前状态    | 路扩展 | LRU touched
------------------------------------------------------------------
  0    |   域2      | 正常运行   |  是   |  402699848
  1    |   域3      | 正常运行   |  否   |  402700000
  2    |   域0      | 正常运行   |  否   |  402699992
  3    |   域2      | 正常运行   |  是   |  402699996
==================================================================

[动态重分配] 周期402700000：预约迁移 冗余域2(0%) -> 切片0 -> 饥饿域0(8%)
[切片剥夺] 周期402700000：切片0（所属域2）进入待剥夺状态，禁止新替换
[切片剥夺] 周期402700000：切片0在途请求已清空，开始执行脏行写回
[切片管理] 周期402700242：原域2仅剩1个切片，关闭路扩展模式
[动态重分配] 周期402700242：切片0写回完成，自动绑定到域0
[切片管理] 成功绑定切片0 → 安全域0，触发【路扩展模式】

======================== 切片硬件状态 ========================
切片号 | 所属安全域 | 当前状态    | 路扩展 | LRU touched
------------------------------------------------------------------
  0    |   域0      | 正常运行   |  是   |  402700242
  1    |   域3      | 正常运行   |  否   |  402700209
  2    |   域0      | 正常运行   |  是   |  402700204
  3    |   域2      | 正常运行   |  否   |  402700211
==================================================================


======================== 切片硬件状态 ========================
切片号 | 所属安全域 | 当前状态    | 路扩展 | LRU touched
------------------------------------------------------------------
  0    |   域0      | 正常运行   |  是   |  406799998
  1    |   域3      | 正常运行   |  否   |  406799939
  2    |   域0      | 正常运行   |  是   |  406799999
  3    |   域2      | 正常运行   |  否   |  406799998
==================================================================

[动态重分配] 周期406800000：预约迁移 冗余域0(1%) -> 切片0 -> 饥饿域2(8%)
[切片剥夺] 周期406800000：切片0（所属域0）进入待剥夺状态，禁止新替换
[切片剥夺] 周期406800000：切片0在途请求已清空，开始执行脏行写回
[切片管理] 周期406802459：原域0仅剩1个切片，关闭路扩展模式
[动态重分配] 周期406802459：切片0写回完成，自动绑定到域2
[切片管理] 成功绑定切片0 → 安全域2，触发【路扩展模式】

======================== 切片硬件状态 ========================
切片号 | 所属安全域 | 当前状态    | 路扩展 | LRU touched
------------------------------------------------------------------
  0    |   域2      | 正常运行   |  是   |  406802459
  1    |   域3      | 正常运行   |  否   |  406802459
  2    |   域0      | 正常运行   |  否   |  406802459
  3    |   域2      | 正常运行   |  是   |  406802457
==================================================================


======================== 切片硬件状态 ========================
切片号 | 所属安全域 | 当前状态    | 路扩展 | LRU touched
------------------------------------------------------------------
  0    |   域2      | 正常运行   |  是   |  407899955
  1    |   域3      | 正常运行   |  否   |  407899999
  2    |   域0      | 正常运行   |  否   |  407899995
  3    |   域2      | 正常运行   |  是   |  407899964
==================================================================

[动态重分配] 周期407900000：预约迁移 冗余域2(0%) -> 切片3 -> 饥饿域0(6%)
[切片剥夺] 周期407900000：切片3（所属域2）进入待剥夺状态，禁止新替换
[切片剥夺] 周期407900000：切片3在途请求已清空，开始执行脏行写回
[切片管理] 周期407900257：原域2仅剩1个切片，关闭路扩展模式
[动态重分配] 周期407900257：切片3写回完成，自动绑定到域0
[切片管理] 成功绑定切片3 → � move_by_pieces move_by_pieces_ninsns move_by_pieces_1 emit_block_move��全域0，触发【路扩展模式】

======================== 切片硬件状态 ========================
切片号 | 所属安全域 | 当前状态    | 路扩展 | LRU touched
------------------------------------------------------------------
  0    |   域2      | 正常运行   |  否   |  407900257
  1    |   域3      | 正常运行   |  否   |  407900217
  2    |   域0      | 正常运行   |  是   |  407900211
  3    |   域0      | 正常运行   |  是   |  407900257
==================================================================


======================== 切片硬件状态 ========================
切片号 | 所属安全域 | 当前状态    | 路扩展 | LRU touched
------------------------------------------------------------------
  0    |   域2      | 正常运行   |  否   |  410299850
  1    |   域3      | 正常运行   |  否   |  410299949
  2    |   域0      | 正常运行   |  是   |  410299944
  3    |   域0      | 正常运行   |  是   |  410299947
==================================================================

[动态重分配] 周期410300000：预约迁移 冗余域0(1%) -> 切片2 -> 饥饿域2(29%)
[切片剥夺] 周期410300000：切片2（所属域0）进入待剥夺状态，禁止新替换
[切片剥夺] 周期410300000：切片2在途请求已清空，开始执行脏行写回
[切片管理] 周期410300059：原域0仅剩1个切片，关闭路扩展模式
[动态重分配] 周期410300059：切片2写回完成，自动绑定到域2
[切片管理] 成功绑定切片2 → 安全域2，触发【路扩展模式】

======================== 切片硬件状态 ========================
切片号 | 所属安全域 | 当前状态    | 路扩展 | LRU touched
------------------------------------------------------------------
  0    |   域2      | 正常运行   |  是   |  410300058
  1    |   域3      | 正常运行   |  否   |  410299949
  2    |   域2      | 正常运行   |  是   |  410300059
  3    |   域0      | 正常运行   |  否   |  410299947
==================================================================


======================== 切片硬件状态 ========================
切片号 | 所属安全域 | 当前状态    | 路扩展 | LRU touched
------------------------------------------------------------------
  0    |   域2      | 正常运行   |  是   |  412499999
  1    |   域3      | 正常运行   |  否   |  412500000
  2    |   域2      | 正常运行   |  是   |  412499997
  3    |   域0      | 正常运行   |  否   |  412499995
==================================================================

[动态重分配] 周期412500000：预约迁移 冗余域2(2%) -> 切片0 -> 饥饿域0(12%)
[切片剥夺] 周期412500000：切片0（所属域2）进入待剥夺状态，禁止新替换
[切片剥夺] 周期412500000：切片0在途请求已清空，开始执行脏行写回
[切片管理] 周期412500252：原域2仅剩1个切片，关闭路扩展模式
[动态重分配] 周期412500252：切片0写回完成，自动绑定到域0
[切片管理] 成功绑定切片0 → 安全域0，触发【路扩展模式】

======================== 切片硬件状态 ========================
切片号 | 所属安全域 | 当前状态    | 路扩展 | LRU touched
------------------------------------------------------------------
  0    |   域0      | 正常运行   |  是   |  412500252
  1    |   域3      | 正常运行   |  否   |  412500214
  2    |   域2      | 正常运行   |  否   |  412500080
  3    |   域0      | 正常运行   |  是   |  412500053
==================================================================


======================== 切片硬件状态 ========================
切片号 | 所属安全域 | 当前状态    | 路扩展 | LRU touched
------------------------------------------------------------------
  0    |   域0      | 正常运行   |  是   |  437599989
  1    |   域3      | 正常运行   |  否   |  437599988
  2    |   域2      | 正常运行   |  否   |  437599979
  3    |   域0      | 正常运行   |  是   |  437599851
==================================================================

[动态重分配] 周期437600000：预约迁移 冗余域0(2%) -> 切片0 -> 饥饿域2(41%)
[切片剥夺] 周期437600000：切片0（所属域0）进入待剥夺状态，禁止新替换
[切片剥夺] 周期437600044：切片0在途请求已清空，开始执行脏行写回
[切片管理] 周期437600265：原域0仅剩1个切片，关闭路扩展模式
[动态重分配] 周期437600265：切片0写回完成，自动绑定到域2
[切片管理] 成功绑定切片0 → 安全域2，触发【路扩展模式】

======================== 切片硬件状态 ========================
切片号 | 所属安全域 | 当前状态    | 路扩展 | LRU touched
------------------------------------------------------------------
  0    |   域2      | 正常运行   |  是   |  437600265
  1    |   域3      | 正常运行   |  否   |  437600090
  2    |   域2      | 正常运行   |  是   |  437600073
  3    |   域0      | 正常运行   |  否   |  437600093
==================================================================


======================== 切片硬件状态 ========================
切片号 | 所属安全域 | 当前状态    | 路扩展 | LRU touched
------------------------------------------------------------------
  0    |   域2      | 正常运行   |  是   |  439099984
  1    |   域3      | 正常运行   |  否   |  439099973
  2    |   域2      | 正常运行   |  是   |  439099972
  3    |   域0      | 正常运行   |  否   |  439099971
==================================================================

[动态重分配] 周期439100000：预约迁移 冗余域2(1%) -> 切片0 -> 饥饿域0(20%)
[切片剥夺] 周期439100000：切片0（所属域2）进入待剥夺状态，禁止新替换
[切片剥夺] 周期439100000：切片0在途请求已清空，开始执行脏行写回
[切片管理] 周期439100104：原域2仅剩1个切片，关闭路扩展模式
[动态重分配] 周期439100104：切片0写回完成，自动绑定到域0
[切片管理] 成功绑定切片0 → 安全域0，触发【路扩展模式】

======================== 切片硬件状态 ========================
切片号 | 所属安全域 | 当前状态    | 路扩展 | LRU touched
------------------------------------------------------------------
  0    |   域0      | 正常运行   |  是   |  439100104
  1    |   域3      | 正常运行   |  否   |  439100094
  2    |   域2      | 正常运行   |  否   |  439100102
  3    |   域0      | 正常运行   |  是   |  439100006
==================================================================


======================== 切片硬件状态 ========================
切片号 | 所属安全域 | 当前状态    | 路扩展 | LRU touched
------------------------------------------------------------------
  0    |   域0      | 正常运行   |  是   |  440099997
  1    |   域3      | 正常运行   |  否   |  440099998
  2    |   域2      | 正常运行   |  否   |  440100000
  3    |   域0      | 正常运行   |  是   |  440099998
==================================================================

[动态重分配] 周期440100000：预约迁移 冗余域0(1%) -> 切片3 -> 饥饿域3(7%)
[切片剥夺] 周期440100000：切片3（所属域0）进入待剥夺状态，禁止新替换
[切片剥夺] 周期440100000：切片3在途请求已清空，开始执行脏行写回
[切片管理] 周期440100134：原域0仅剩1个切片，关闭路扩展模式
[动态重分配] 周期440100134：切片3写回完成，自动绑定到域3
[切片管理] 成功绑定切片3 → 安全域3，触发【路扩展模式】

======================== 切片硬件状态 ========================
切片号 | 所属安全域 | 当前状态    | 路扩展 | LRU touched
------------------------------------------------------------------
  0    |   域0      | 正常运行   |  否   |  440100047
  1    |   域3      | 正常运行   |  是   |  440100133
  2    |   域2      | 正常运行   |  否   |  440100127
  3    |   域3      | 正常运行   |  是   |  440100134
==================================================================


======================== 切片硬件状态 ========================
切片号 | 所属安全域 | 当前状态    | 路扩展 | LRU touched
------------------------------------------------------------------
  0    |   域0      | 正常运行   |  否   |  440999920
  1    |   域3      | 正常运行   |  是   |  440999995
  2    |   域2      | 正常运行   |  否   |  441000000
  3    |   域3      | 正常运行   |  是   |  440999976
==================================================================

[动态重分配] 周期441000000：预约迁移 冗余域3(1%) -> 切片3 -> 饥饿域0(22%)
[切片剥夺] 周期441000000：切片3（所属域3）进入待剥夺状态，禁止新替换
[切片剥夺] 周期441000000：切片3在途请求已清空，开始执行脏行写回
[切片管理] 周期441004147：原域3仅剩1个切片，关闭路扩展模式
[动态重分配] 周期441004147：切片3写回完成，自动绑定到域0
[切片管理] 成功绑定切片3 → 安全域0，触发【路扩展模式】

======================== 切片硬件状态 ========================
切片号 | 所属安全域 | 当前状态    | 路扩展 | LRU touched
------------------------------------------------------------------
  0    |   域0      | 正常运行   |  是   |  441004077
  1    |   域3      | 正常运行   |  否   |  441004144
  2    |   域2      | 正常运行   |  否   |  441004147
  3    |   域0      | 正常运行   |  是   |  441004147
==================================================================


======================== 切片硬件状态 ========================
切片号 | 所属安全域 | 当前状态    | 路扩展 | LRU touched
------------------------------------------------------------------
  0    |   域0      | 正常运行   |  是   |  441299996
  1    |   域3      | 正常运行   |  否   |  441300000
  2    |   域2      | 正常运行   |  否   |  441299965
  3    |   域0      | 正常运行   |  是   |  441300000
==================================================================

[动态重分配] 周期441300000：预约迁移 冗余域0(7%) -> 切片0 -> 饥饿域2(23%)
[切片剥夺] 周期441300000：切片0（所属域0）进入待剥夺状态，禁止新替换
[切片剥夺] 周期441300012：切片0在途请求已清空，开始执行脏行写回
[切片管理] 周期441300036：原域0仅剩1个切片，关闭路扩展模式
[动态重分配] 周期441300036：切片0写回完成，自动绑定到域2
[切片管理] 成功绑定切片0 → 安全域2，触发【路扩展模式】

======================== 切片硬件状态 ========================
切片号 | 所属安全域 | 当前状态    | 路扩展 | LRU touched
------------------------------------------------------------------
  0    |   域2      | 正常运行   |  是   |  441300036
  1    |   域3      | 正常运行   |  否   |  441300036
  2    |   域2      | 正常运行   |  是   |  441299965
  3    |   域0      | 正常运行   |  否   |  441300016
==================================================================


======================== 切片硬件状态 ========================
切片号 | 所属安全域 | 当前状态    | 路扩展 | LRU touched
------------------------------------------------------------------
  0    |   域2      | 正常运行   |  是   |  442699954
  1    |   域3      | 正常运行   |  否   |  442699949
  2    |   域2      | 正常运行   |  是   |  442699954
  3    |   域0      | 正常运行   |  否   |  442699831
==================================================================

[动态重分配] 周期442700000：预约迁移 冗余域2(18%) -> 切片2 -> 饥饿域0(47%)
[切片剥夺] 周期442700000：切片2（所属域2）进入待剥夺状态，禁止新替换
[切片剥夺] 周期442700000：切片2在途请求已清空，开始执行脏行写回
[切片管理] 周期442700065：原域2仅剩1个切片，关闭路扩展模式
[动态重分配] 周期442700065：切片2写回完成，自动绑定到域0
[切片管理] 成功绑定切片2 → 安全域0，触发【路扩展模式】

======================== 切片硬件状态 ========================
切片号 | 所属安全域 | 当前状态    | 路扩展 | LRU touched
------------------------------------------------------------------
  0    |   域2      | 正常运行   |  否   |  442699954
  1    |   域3      | 正常运行   |  否   |  442700065
  2    |   域0      | 正常运行   |  是   |  442700065
  3    |   域0      | 正常运行   |  是   |  442699831
==================================================================


======================== 切片硬件状态 ========================
切片号 | 所属安全域 | 当前状态    | 路扩展 | LRU touched
------------------------------------------------------------------
  0    |   域2      | 正常运行   |  否   |  444400000
  1    |   域3      | 正常运行   |  否   |  444399999
  2    |   域0      | 正常运行   |  是   |  444399995
  3    |   域0      | 正常运行   |  是   |  444399999
==================================================================

[动态重分配] 周期444400000：预约迁移 冗余域0(2%) -> 切片2 -> 饥饿域2(8%)
[切片剥夺] 周期444400000：切片2（所属域0）进入待剥夺状态，禁止新替换
[切片剥夺] 周期444400000：切片2在途请求已清空，开始执行脏行写回
[切片管理] 周期444400197：原域0仅剩1个切片，关闭路扩展模式
[动态重分配] 周期444400197：切片2写回完成，自动绑定到域2
[切片管理] 成功绑定切片2 → 安全域2，触发【路扩展模式】

======================== 切片硬件状态 ========================
切片号 | 所属安全域 | 当前状态    | 路扩展 | LRU touched
------------------------------------------------------------------
  0    |   域2      | 正常运行   |  是   |  444400194
  1    |   域3      | 正常运行   |  否   |  444400196
  2    |   域2      | 正常运行   |  是   |  444400197
  3    |   域0      | 正常运行   |  否   |  444400037
==================================================================


======================== 切片硬件状态 ========================
切片号 | 所属安全域 | 当前状态    | 路扩展 | LRU touched
------------------------------------------------------------------
  0    |   域2      | 正常运行   |  是   |  444799928
  1    |   域3      | 正常运行   |  否   |  444799956
  2    |   域2      | 正常运行   |  是   |  444799956
  3    |   域0      | 正常运行   |  否   |  444799972
==================================================================

[动态重分配] 周期444800000：预约迁移 冗余域2(2%) -> 切片0 -> 饥饿域0(17%)
[切片剥夺] 周期444800000：切片0（所属域2）进入待剥夺状态，禁止新替换
[切片剥夺] 周期444800000：切片0在途请求已清空，开始执行脏行写回
[切片管理] 周期444800192：原域2仅剩1个切片，关闭路扩展模式
[动态重分配] 周期444800192：切片0写回完成，自动绑定到域0
[切片管理] 成功绑定切片0 → 安全域0，触发【路扩展模式】

======================== 切片硬件状态 ========================
切片号 | 所属安全域 | 当前状态    | 路扩展 | LRU touched
------------------------------------------------------------------
  0    |   域0      | 正常运行   |  是   |  444800192
  1    |   域3      | 正常运行   |  否   |  444800066
  2    |   域2      | 正常运行   |  否   |  444800061
  3    |   域0      | 正常运行   |  是   |  444800190
==================================================================


======================== 切片硬件状态 ========================
切片号 | 所属安全域 | 当前状态    | 路扩展 | LRU touched
------------------------------------------------------------------
  0    |   域0      | 正常运行   |  是   |  446899908
  1    |   域3      | 正常运行   |  否   |  446899999
  2    |   域2      | 正常运行   |  否   |  446899998
  3    |   域0      | 正常运行   |  是   |  446899999
==================================================================

[动态重分配] 周期446900000：预约迁移 冗余域0(0%) -> 切片0 -> 饥饿域2(6%)
[切片剥夺] 周期446900000：切片0（所属域0）进入待剥夺状态，禁止新替换
[切片剥夺] 周期446900048：切片0在途请求已清空，开始执行脏行写回
[切片管理] 周期446901957：原域0仅剩1个切片，关闭路扩展模式
[动态重分配] 周期446901957：切片0写回完成，自动绑定到域2
[切片管理] 成功绑定切片0 → 安全域2，触发【路扩展模式】

======================== 切片硬件状态 ========================
切片号 | 所属安全域 | 当前状态    | 路扩展 | LRU touched
------------------------------------------------------------------
  0    |   域2      | 正常运行   |  是   |  446901957
  1    |   域3      | 正常运行   |  否   |  446901957
  2    |   域2      | 正常运行   |  是   |  446901957
  3    |   域0      | 正常运行   |  否   |  446901956
==================================================================


======================== 切片硬件状态 ========================
切片号 | 所属安全域 | 当前状态    | 路扩展 | LRU touched
------------------------------------------------------------------
  0    |   域2      | 正常运行   |  是   |  457200000
  1    |   域3      | 正常运行   |  否   |  457199999
  2    |   域2      | 正常运行   |  是   |  457199833
  3    |   域0      | 正常运行   |  否   |  457199996
==================================================================

[动态重分配] 周期457200000：预约迁移 冗余域2(1%) -> 切片0 -> 饥饿域0(8%)
[切片剥夺] 周期457200000：切片0（所属域2）进入待剥夺状态，禁止新替换
[切片剥夺] 周期457200044：切片0在途请求已清空，开始执行脏行写回
[切片管理] 周期457202960：原域2仅剩1个切片，关闭路扩展模式
[动态重分配] 周期457202960：切片0写回完成，自动绑定到域0
[切片管理] 成功绑定切片0 → 安全域0，触发【路扩展模式】

======================== 切片硬件状态 ========================
切片号 | 所属安全域 | 当前状态    | 路扩展 | LRU touched
------------------------------------------------------------------
  0    |   域0      | 正常运行   |  是   |  457202960
  1    |   域3      | 正常运行   |  否   |  457202958
  2    |   域2      | 正常运行   |  否   |  457202958
  3    |   域0      | 正常运行   |  是   |  457202957
==================================================================


======================== 切片硬件状态 ========================
切片号 | 所属安全域 | 当前状态    | 路扩展 | LRU touched
------------------------------------------------------------------
  0    |   域0      | 正常运行   |  是   |  464399999
  1    |   域3      | 正常运行   |  否   |  464399998
  2    |   域2      | 正常运行   |  否   |  464400000
  3    |   域0      | 正常运行   |  是   |  464399995
==================================================================

[动态重分配] 周期464400000：预约迁移 冗余域0(0%) -> 切片0 -> 饥饿域2(6%)
[切片剥夺] 周期464400000：切片0（所属域0）进入待剥夺状态，禁止新替换
[切片剥夺] 周期464400000：切片0在途请求已清空，开始执行脏行写回
[切片管理] 周期464401414：原域0仅剩1个切片，关闭路扩展模式
[动态重分配] 周期464401414：切片0写回完成，自动绑定到域2
[切片管理] 成功绑定切片0 → 安全域2，触发【路扩展模式】

======================== 切片硬件状态 ========================
切片号 | 所属安全域 | 当前状态    | 路扩展 | LRU touched
------------------------------------------------------------------
  0    |   域2      | 正常运行   |  是   |  464401414
  1    |   域3      | 正常运行   |  否   |  464401408
  2    |   域2      | 正常运行   |  是   |  464401412
  3    |   域0      | 正常运行   |  否   |  464401408
==================================================================


======================== 切片硬件状态 ========================
切片号 | 所属安全域 | 当前状态    | 路扩展 | LRU touched
------------------------------------------------------------------
  0    |   域2      | 正常运行   |  是   |  466299996
  1    |   域3      | 正常运行   |  否   |  466299994
  2    |   域2      | 正常运行   |  是   |  466299987
  3    |   域0      | 正常运行   |  否   |  466299995
==================================================================

[动态重分配] 周期466300000：预约迁移 冗余域2(0%) -> 切片0 -> 饥饿域0(7%)
[切片剥夺] 周期466300000：切片0（所属域2）进入待剥夺状态，禁止新替换
[切片剥夺] 周期466300000：切片0在途请求已清空，开始执行脏行写回
[切片管理] 周期466301977：原域2仅剩1个切片，关闭路扩展模式
[动态重分配] 周期466301977：切片0写回完成，自动绑定到域0
[切片管理] 成功绑定切片0 → 安全域0，触发【路扩展模式】

======================== 切片硬件状态 ========================
切片号 | 所属安全域 | 当前状态    | 路扩展 | LRU touched
------------------------------------------------------------------
  0    |   域0      | 正常运行   |  是   |  466301977
  1    |   域3      | 正常运行   |  否   |  466301964
  2    |   域2      | 正常运行   |  否   |  466301974
  3    |   域0      | 正常运行   |  是   |  466301746
==================================================================


======================== 切片硬件状态 ========================
切片号 | 所属安全域 | 当前状态    | 路扩展 | LRU touched
------------------------------------------------------------------
  0    |   域0      | 正常运行   |  是   |  471299998
  1    |   域3      | 正常运行   |  否   |  471300000
  2    |   域2      | 正常运行   |  否   |  471300000
  3    |   域0      | 正常运行   |  是   |  471299992
==================================================================

[动态重分配] 周期471300000：预约迁移 冗余域0(0%) -> 切片0 -> 饥饿域2(6%)
[切片剥夺] 周期471300000：切片0（所属域0）进入待剥夺状态，禁止新替换
[切片剥夺] 周期471300304：切片0在途请求已清空，开始执行脏行写回
[切片管理] 周期471302227：原域0仅剩1个切片，关闭路扩展模式
[动态重分配] 周期471302227：切片0写回完成，自动绑定到域2
[切片管理] 成功绑定切片0 → 安全域2，触发【路扩展模式】

======================== 切片硬件状态 ========================
切片号 | 所属安全域 | 当前状态    | 路扩展 | LRU touched
------------------------------------------------------------------
  0    |   域2      | 正常运行   |  是   |  471302227
  1    |   域3      | 正常运行   |  否   |  471302227
  2    |   域2      | 正常运行   |  是   |  471302128
  3    |   域0      | 正常运行   |  否   |  471302227
==================================================================


======================== 切片硬件状态 ========================
切片号 | 所属安全域 | 当前状态    | 路扩展 | LRU touched
------------------------------------------------------------------
  0    |   域2      | 正常运行   |  是   |  472800000
  1    |   域3      | 正常运行   |  否   |  472799999
  2    |   域2      | 正常运行   |  是   |  472799998
  3    |   域0      | 正常运行   |  否   |  472800000
==================================================================

[动态重分配] 周期472800000：预约迁移 冗余域2(0%) -> 切片0 -> 饥饿域0(6%)
[切片剥夺] 周期472800000：切片0（所属域2）进入待剥夺状态，禁止新替换
[切片剥夺] 周期472800000：切片0在途请求已清空，开始执行脏行写回
[切片管理] 周期472800780：原域2仅剩1个切片，关闭路扩展模式
[动态重分配] 周期472800780：切片0写回完成，自动绑定到域0
[切片管理] 成功绑定切片0 → 安全域0，触发【路扩展模式】

======================== 切片硬件状态 ========================
切片号 | 所属安全域 | 当前状态    | 路扩展 | LRU touched
------------------------------------------------------------------
  0    |   域0      | 正常运行   |  是   |  472800780
  1    |   域3      | 正常运行   |  否   |  472800768
  2    |   域2      | 正常运行   |  否   |  472800772
  3    |   域0      | 正常运行   |  是   |  472800773
==================================================================


**** Debug Statistics at 501000000 Cycles *****
Threads: 4		Fetch Width: 8
No of useful instructions fetched:	1281918447 (31.98% proc util.)
No of total instructions fetched:	1972239170 (49.21% proc util.)
 includes 106587360 misfetch (5.4%), 583733363 (29.6%) wrong-path fetches
 and 0 flushed after failed lock(0.0%)
No of useful instructions issued/executed:	1281918422 (31.98% proc util.)
No of total instructions issued/executed:	1567811081 (39.12% proc util.)
 includes 285892659 wrong-path (18.2%) insts and 0 flushed (0.0%)
	fp 11073, 0.00%
	synch 0, 0.00%
	integer 1044912228, 66.65%
	load/store 522887780, 33.35%
Avg size of int IQ (before scheduling): 25.02
Avg size of fp IQ (before scheduling): 0.00
No of cycles taken:		501000000
Parallelism [ 0.673, 0.000, 0.680, 1.205,] = 2.559
 IQ conflicts: 10554917 (2.11%), FQ conflicts: 0 (0.00%) 
 I reg conflicts: 177416542 (35.41%), FP reg conflicts: 0 (0.00%)
  Activelist confs: 7031 (0.00%), ROB confs: 1096386 (0.22%)
  Int unit conflicts: 487005355 (97.21%), FP unit conflicts: 9 (0.00%)
  Load/store unit conflicts: 97077176 (19.38%)
  MSHR conflicts: 248060419 (49.51%)
----------------------------------------
==== System-wide Cache Statistics ====
Stall for miss queue full 3964 cycles (0.00%)
----------------------------------------
==== Statistics for Master ID: 0 ====
Reads: 285593876   Writes: 52469575
ICACHE: size: 64 KB assoc: 2
ICACHE: hits:164446370 misses:5323481  Hit Ratio: 96.86%
DCACHE: size: 2*16 KB assoc: 2*4
DCACHE: hits:164245499 misses:4050168 writebacks:1595854  Hit Ratio: 97.59%
SCACHE: size: 512 KB assoc: 2
SCACHE: hits:6454792 misses:2916790  Hit Ratio: 68.88%
3CACHE: size: 4096 KB assoc: 2
3CACHE: hits:2551180 misses:365609  Hit Ratio: 87.47%
3CACHE: dirty items replaced:124862
ITLB: size: 48, misses 317941, miss rate 0.19%
DTLB: size: 128, misses 582126, miss rate 0.35%
Avg mem delay: 2.465 cycles
----------------------------------------
==== Statistics for Master ID: 2 ====
Reads: 290845961   Writes: 48416584
ICACHE: size: 64 KB assoc: 2
ICACHE: hits:165226496 misses:5486022  Hit Ratio: 96.79%
DCACHE: size: 1*16 KB assoc: 1*4
DCACHE: hits:165127108 misses:3425285 writebacks:1168635  Hit Ratio: 97.97%
SCACHE: size: 512 KB assoc: 2
SCACHE: hits:6355875 misses:2553066  Hit Ratio: 71.34%
3CACHE: size: 4096 KB assoc: 2
3CACHE: hits:2155126 misses:397940  Hit Ratio: 84.41%
3CACHE: dirty items replaced:113968
ITLB: size: 48, misses 341284, miss rate 0.20%
DTLB: size: 128, misses 515218, miss rate 0.31%
Avg mem delay: 2.465 cycles
----------------------------------------
==== Statistics for Master ID: 3 ====
Reads: 354739161   Writes: 51445038
ICACHE: size: 64 KB assoc: 2
ICACHE: hits:221307347 misses:149488  Hit Ratio: 99.93%
DCACHE: size: 1*16 KB assoc: 1*4
DCACHE: hits:178330965 misses:6397636 writebacks:2849945  Hit Ratio: 96.54%
SCACHE: size: 512 KB assoc: 2
SCACHE: hits:3510097 misses:3035789  Hit Ratio: 53.62%
3CACHE: size: 4096 KB assoc: 2
3CACHE: hits:799071 misses:2236718  Hit Ratio: 26.32%
3CACHE: dirty items replaced:148347
ITLB: size: 48, misses 1999, miss rate 0.00%
DTLB: size: 128, misses 356353, miss rate 0.19%
Avg mem delay: 2.465 cycles
----------------------------------------
==== Global Resource Utilization ====
STASH: size: 65536 entries, full 2225802310, empty 70528250, misses 6357289, full rate 96.66
icache bank util. 0.137 0.118 0.111 0.129 0.173 0.213 0.152 0.155 
dcache bank util. 0.131 0.142 0.147 0.140 0.167 0.121 0.173 0.136 
L2 bank util. 0.042 0.045 0.042 0.045 0.044 0.041 0.042 0.047 
L1-L2 bus util. = 0.182, L3 util. = 0.060
----------------------------------------

======================== 切片硬件状态 ========================
切片号 | 所属安全域 | 当前状态    | 路扩展 | LRU touched
------------------------------------------------------------------
  0    |   域0      | 正常运行   |  是   |  500999992
  1    |   域3      | 正常运行   |  否   |  500999997
  2    |   域2      | 正常运行   |  否   |  500999965
  3    |   域0      | 正常运行   |  是   |  500999993
==================================================================

branch prediction, hits = 113692381, misses = 23577556, hit rate = 82.82%
return_stack prediction, hits = 12324376, misses = 5543, hit rate = 99.96%
jump prediction, hits = 107906308, misses = 27801925, hit rate = 79.51%

======================== 切片硬件状态 ========================
切片号 | 所属安全域 | 当前状态    | 路扩展 | LRU touched
------------------------------------------------------------------
  0    |   域0      | 正常运行   |  是   |  503899999
  1    |   域3      | 正常运行   |  否   |  503900000
  2    |   域2      | 正常运行   |  否   |  503899991
  3    |   域0      | 正常运行   |  是   |  503899996
==================================================================

[动态重分配] 周期503900000：预约迁移 冗余域0(3%) -> 切片3 -> 饥饿域2(9%)
[切片剥夺] 周期503900000：切片3（所属域0）进入待剥夺状态，禁止新替换
[切片剥夺] 周期503900000：切片3在途请求已清空，开始执行脏行写回
[切片管理] 周期503903062：原域0仅剩1个切片，关闭路扩展模式
[动态重分配] 周期503903062：切片3写回完成，自动绑定到域2
[切片管理] 成功绑定切片3 → 安全域2，触发【路扩展模式】

======================== 切片硬件状态 ========================
切片号 | 所属安全域 | 当前状态    | 路扩展 | LRU touched
------------------------------------------------------------------
  0    |   域0      | 正常运行   |  否   |  503903060
  1    |   域3      | 正常运行   |  否   |  503903062
  2    |   域2      | 正常运行   |  是   |  503903042
  3    |   域2      | 正常运行   |  是   |  503903062
==================================================================


======================== 切片硬件状态 ========================
切片号 | 所属安全域 | 当前状态    | 路扩展 | LRU touched
------------------------------------------------------------------
  0    |   域0      | 正常运行   |  否   |  505499847
  1    |   域3      | 正常运行   |  否   |  505499999
  2    |   域2      | 正常运行   |  是   |  505499995
  3    |   域2      | 正常运行   |  是   |  505500000
==================================================================

[动态重分配] 周期505500000：预约迁移 冗余域2(0%) -> 切片2 -> 饥饿域0(7%)
[切片剥夺] 周期505500000：切片2（所属域2）进入待剥夺状态，禁止新替换
[切片剥夺] 周期505500000：切片2在途请求已清空，开始执行脏行写回
[切片管理] 周期505501936：原域2仅剩1个切片，关闭路扩展模式
[动态重分配] 周期505501936：切片2写回完成，自动绑定到域0
[切片管理] 成功绑定切片2 → 安全域0，触发【路扩展模式】

======================== 切片硬件状态 ========================
切片号 | 所属安全域 | 当前状态    | 路扩展 | LRU touched
------------------------------------------------------------------
  0    |   域0      | 正常运行   |  是   |  505501851
  1    |   域3      | 正常运行   |  否   |  505501936
  2    |   域0      | 正常运行   |  是   |  505501936
  3    |   域2      | 正常运行   |  否   |  505501935
==================================================================


======================== 切片硬件状态 ========================
切片号 | 所属安全域 | 当前状态    | 路扩展 | LRU touched
------------------------------------------------------------------
  0    |   域0      | 正常运行   |  是   |  556999999
  1    |   域3      | 正常运行   |  否   |  556999998
  2    |   域0      | 正常运行   |  是   |  557000000
  3    |   域2      | 正常运行   |  否   |  556999987
==================================================================

[动态重分配] 周期557000000：预约迁移 冗余域0(1%) -> 切片0 -> 饥饿域2(25%)
[切片剥夺] 周期557000000：切片0（所属域0）进入待剥夺状态，禁止新替换
[切片剥夺] 周期557000000：切片0在途请求已清空，开始执行脏行写回
[切片管理] 周期557006384：原域0仅剩1个切片，关闭路扩展模式
[动态重分配] 周期557006384：切片0写回完成，自动绑定到域2
[切片管理] 成功绑定切片0 → 安全域2，触发【路扩展模式】

======================== 切片硬件状态 ========================
切片号 | 所属安全域 | 当前状态    | 路扩展 | LRU touched
------------------------------------------------------------------
  0    |   域2      | 正常运行   |  是   |  557006384
  1    |   域3      | 正常运行   |  否   |  557006383
  2    |   域0      | 正常运行   |  否   |  557006384
  3    |   域2      | 正常运行   |  是   |  557006369
==================================================================


======================== 切片硬件状态 ========================
切片号 | 所属安全域 | 当前状态    | 路扩展 | LRU touched
------------------------------------------------------------------
  0    |   域2      | 正常运行   |  是   |  587699996
  1    |   域3      | 正常运行   |  否   |  587699995
  2    |   域0      | 正常运行   |  否   |  587699844
  3    |   域2      | 正常运行   |  是   |  587699998
==================================================================

[动态重分配] 周期587700000：预约迁移 冗余域2(0%) -> 切片0 -> 饥饿域0(25%)
[切片剥夺] 周期587700000：切片0（所属域2）进入待剥夺状态，禁止新替换
[切片剥夺] 周期587700000：切片0在途请求已清空，开始执行脏行写回
[切片管理] 周期587704678：原域2仅剩1个切片，关闭路扩展模式
[动态重分配] 周期587704678：切片0写回完成，自动绑定到域0
[切片管理] 成功绑定切片0 → 安全域0，触发【路扩展模式】

======================== 切片硬件状态 ========================
切片号 | 所属安全域 | 当前状态    | 路扩展 | LRU touched
------------------------------------------------------------------
  0    |   域0      | 正常运行   |  是   |  587704678
  1    |   域3      | 正常运行   |  否   |  587704669
  2    |   域0      | 正常运行   |  是   |  587704659
  3    |   域2      | 正常运行   |  否   |  587704677
==================================================================


======================== 切片硬件状态 ========================
切片号 | 所属安全域 | 当前状态    | 路扩展 | LRU touched
------------------------------------------------------------------
  0    |   域0      | 正常运行   |  是   |  592899624
  1    |   域3      | 正常运行   |  否   |  592900000
  2    |   域0      | 正常运行   |  是   |  592899385
  3    |   域2      | 正常运行   |  否   |  592899999
==================================================================

[动态重分配] 周期592900000：预约迁移 冗余域0(1%) -> 切片0 -> 饥饿域2(7%)
[切片剥夺] 周期592900000：切片0（所属域0）进入待剥夺状态，禁止新替换
[切片剥夺] 周期592900000：切片0在途请求已清空，开始执行脏行写回
[切片管理] 周期592906711：原域0仅剩1个切片，关闭路扩展模式
[动态重分配] 周期592906711：切片0写回完成，自动绑定到域2
[切片管理] 成功绑定切片0 → 安全域2，触发【路扩展模式】

======================== 切片硬件状态 ========================
切片号 | 所属安全域 | 当前状态    | 路扩展 | LRU touched
------------------------------------------------------------------
  0    |   域2      | 正常运行   |  是   |  592906711
  1    |   域3      | 正常运行   |  否   |  592906708
  2    |   域0      | 正常运行   |  否   |  592906711
  3    |   域2      | 正常运行   |  是   |  592906710
==================================================================


**** Debug Statistics at 601000000 Cycles *****
Threads: 4		Fetch Width: 8
No of useful instructions fetched:	1625733358 (33.81% proc util.)
No of total instructions fetched:	2472058012 (51.42% proc util.)
 includes 129488648 misfetch (5.2%), 716836006 (29.0%) wrong-path fetches
 and 0 flushed after failed lock(0.0%)
No of useful instructions issued/executed:	1625733285 (33.81% proc util.)
No of total instructions issued/executed:	1974988212 (41.08% proc util.)
 includes 349254927 wrong-path (17.7%) insts and 0 flushed (0.0%)
	fp 11225, 0.00%
	synch 0, 0.00%
	integer 1320215897, 66.85%
	load/store 654761090, 33.15%
Avg size of int IQ (before scheduling): 25.50
Avg size of fp IQ (before scheduling): 0.00
No of cycles taken:		601000000
Parallelism [ 0.751, 0.000, 0.705, 1.249,] = 2.705
 IQ conflicts: 13756431 (2.29%), FQ conflicts: 0 (0.00%) 
 I reg conflicts: 195971147 (32.61%), FP reg conflicts: 0 (0.00%)
  Activelist confs: 9681 (0.00%), ROB confs: 1371002 (0.23%)
  Int unit conflicts: 682045790 (113.49%), FP unit conflicts: 13 (0.00%)
  Load/store unit conflicts: 122912431 (20.45%)
  MSHR conflicts: 302420542 (50.32%)
----------------------------------------
==== System-wide Cache Statistics ====
Stall for miss queue full 4635 cycles (0.00%)
----------------------------------------
==== Statistics for Master ID: 0 ====
Reads: 362915592   Writes: 63709831
ICACHE: size: 64 KB assoc: 2
ICACHE: hits:207944584 misses:6243330  Hit Ratio: 97.09%
DCACHE: size: 1*16 KB assoc: 1*4
DCACHE: hits:207624326 misses:4815706 writebacks:1930524  Hit Ratio: 97.73%
SCACHE: size: 512 KB assoc: 2
SCACHE: hits:7529763 misses:3526750  Hit Ratio: 68.10%
3CACHE: size: 4096 KB assoc: 2
3CACHE: hits:3084860 misses:441890  Hit Ratio: 87.47%
3CACHE: dirty items replaced:175160
ITLB: size: 48, misses 369747, miss rate 0.17%
DTLB: size: 128, misses 715560, miss rate 0.34%
Avg mem delay: 2.309 cycles
----------------------------------------
==== Statistics for Master ID: 2 ====
Reads: 364601406   Writes: 61805163
ICACHE: size: 64 KB assoc: 2
ICACHE: hits:208136416 misses:6631571  Hit Ratio: 96.91%
DCACHE: size: 2*16 KB assoc: 2*4
DCACHE: hits:207038725 misses:4602460 writebacks:1663338  Hit Ratio: 97.83%
SCACHE: size: 512 KB assoc: 2
SCACHE: hits:8058834 misses:3172594  Hit Ratio: 71.75%
3CACHE: size: 4096 KB assoc: 2
3CACHE: hits:2729278 misses:443316  Hit Ratio: 86.03%
3CACHE: dirty items replaced:143132
ITLB: size: 48, misses 384670, miss rate 0.18%
DTLB: size: 128, misses 659814, miss rate 0.31%
Avg mem delay: 2.309 cycles
----------------------------------------
==== Statistics for Master ID: 3 ====
Reads: 442293761   Writes: 62887414
ICACHE: size: 64 KB assoc: 2
ICACHE: hits:275942828 misses:189874  Hit Ratio: 99.93%
DCACHE: size: 1*16 KB assoc: 1*4
DCACHE: hits:221430457 misses:7619253 writebacks:3325691  Hit Ratio: 96.67%
SCACHE: size: 512 KB assoc: 2
SCACHE: hits:4534499 misses:3273390  Hit Ratio: 58.08%
3CACHE: size: 4096 KB assoc: 2
3CACHE: hits:1005808 misses:2267582  Hit Ratio: 30.73%
3CACHE: dirty items replaced:167901
ITLB: size: 48, misses 2429, miss rate 0.00%
DTLB: size: 128, misses 428930, miss rate 0.19%
Avg mem delay: 2.309 cycles
----------------------------------------
==== Global Resource Utilization ====
STASH: size: 65536 entries, full 2771564548, empty 81418377, misses 7320912, full rate 96.90
icache bank util. 0.141 0.127 0.114 0.132 0.181 0.220 0.157 0.167 
dcache bank util. 0.144 0.143 0.151 0.145 0.171 0.128 0.181 0.144 
L2 bank util. 0.042 0.045 0.043 0.046 0.044 0.041 0.042 0.047 
L1-L2 bus util. = 0.185, L3 util. = 0.052
----------------------------------------

======================== 切片硬件状态 ========================
切片号 | 所属安全域 | 当前状态    | 路扩展 | LRU touched
------------------------------------------------------------------
  0    |   域2      | 正常运行   |  是   |  600999895
  1    |   域3      | 正常运行   |  否   |  600999987
  2    |   域0      | 正常运行   |  否   |  600999991
  3    |   域2      | 正常运行   |  是   |  600999905
==================================================================

branch prediction, hits = 146173781, misses = 28947835, hit rate = 83.47%
return_stack prediction, hits = 14987880, misses = 5869, hit rate = 99.96%
jump prediction, hits = 137235369, misses = 33758007, hit rate = 80.26%

======================== 切片硬件状态 ========================
切片号 | 所属安全域 | 当前状态    | 路扩展 | LRU touched
------------------------------------------------------------------
  0    |   域2      | 正常运行   |  是   |  612399998
  1    |   域3      | 正常运行   |  否   |  612400000
  2    |   域0      | 正常运行   |  否   |  612399907
  3    |   域2      | 正常运行   |  是   |  612399968
==================================================================

[动态重分配] 周期612400000：预约迁移 冗余域2(0%) -> 切片0 -> 饥饿域3(6%)
[切片剥夺] 周期612400000：切片0（所属域2）进入待剥夺状态，禁止新替换
[切片剥夺] 周期612400000：切片0在途请求已清空，开始执行脏行写回
[切片管理] 周期612401110：原域2仅剩1个切片，关闭路扩展模式
[动态重分配] 周期612401110：切片0写回完成，自动绑定到域3
[切片管理] 成功绑定切片0 → 安全域3，触发【路扩展模式】

======================== 切片硬件状态 ========================
切片号 | 所属安全域 | 当前状态    | 路扩展 | LRU touched
------------------------------------------------------------------
  0    |   域3      | 正常运行   |  是   |  612401110
  1    |   域3      | 正常运行   |  是   |  612401110
  2    |   域0      | 正常运行   |  否   |  612401078
  3    |   域2      | 正常运行   |  否   |  612401059
==================================================================


======================== 切片硬件状态 ========================
切片号 | 所属安全域 | 当前状态    | 路扩展 | LRU touched
------------------------------------------------------------------
  0    |   域3      | 正常运行   |  是   |  644299318
  1    |   域3      | 正常运行   |  是   |  644299999
  2    |   域0      | 正常运行   |  否   |  644299555
  3    |   域2      | 正常运行   |  否   |  644300000
==================================================================

[动态重分配] 周期644300000：预约迁移 冗余域3(1%) -> 切片0 -> 饥饿域2(18%)
[切片剥夺] 周期644300000：切片0（所属域3）进入待剥夺状态，禁止新替换
[切片剥夺] 周期644300000：切片0在途请求已清空，开始执行脏行写回
[切片管理] 周期644318393：原域3仅剩1个切片，关闭路扩展模式
[动态重分配] 周期644318393：切片0写回完成，自动绑定到域2
[切片管理] 成功绑定切片0 → 安全域2，触发【路扩展模式】

======================== 切片硬件状态 ========================
切片号 | 所属安全域 | 当前状态    | 路扩展 | LRU touched
------------------------------------------------------------------
  0    |   域2      | 正常运行   |  是   |  644318393
  1    |   域3      | 正常运行   |  否   |  644318361
  2    |   域0      | 正常运行   |  否   |  644318391
  3    |   域2      | 正常运行   |  是   |  644318379
==================================================================


======================== 切片硬件状态 ========================
切片号 | 所属安全域 | 当前状态    | 路扩展 | LRU touched
------------------------------------------------------------------
  0    |   域2      | 正常运行   |  是   |  650499999
  1    |   域3      | 正常运行   |  否   |  650499998
  2    |   域0      | 正常运行   |  否   |  650499994
  3    |   域2      | 正常运行   |  是   |  650499995
==================================================================

[动态重分配] 周期650500000：预约迁移 冗余域2(0%) -> 切片0 -> 饥饿域3(6%)
[切片剥夺] 周期650500000：切片0（所属域2）进入待剥夺状态，禁止新替换
[切片剥夺] 周期650500000：切片0在途请求已清空，开始执行脏行写回
[切片管理] 周期650500302：原域2仅剩1个切片，关闭路扩展模式
[动态重分配] 周期650500302：切片0写回完成，自动绑定到域3
[切片管理] 成功绑定切片0 → 安全域3，触发【路扩展模式】

======================== 切片硬件状态 ========================
切片号 | 所属安全域 | 当前状态    | 路扩展 | LRU touched
------------------------------------------------------------------
  0    |   域3      | 正常运行   |  是   |  650500302
  1    |   域3      | 正常运行   |  是   |  650500302
  2    |   域0      | 正常运行   |  否   |  650500298
  3    |   域2      | 正常运行   |  否   |  650500298
==================================================================


======================== 切片硬件状态 ========================
切片号 | 所属安全域 | 当前状态    | 路扩展 | LRU touched
------------------------------------------------------------------
  0    |   域3      | 正常运行   |  是   |  652999943
  1    |   域3      | 正常运行   |  是   |  652999940
  2    |   域0      | 正常运行   |  否   |  652999948
  3    |   域2      | 正常运行   |  否   |  652999999
==================================================================

[动态重分配] 周期653000000：预约迁移 冗余域3(1%) -> 切片0 -> 饥饿域0(7%)
[切片剥夺] 周期653000000：切片0（所属域3）进入待剥夺状态，禁止新替换
[切片剥夺] 周期653000000：切片0在途请求已清空，开始执行脏行写回
[切片管理] 周期653020528：原域3仅剩1个切片，关闭路扩展模式
[动态重分配] 周期653020528：切片0写回完成，自动绑定到域0
[切片管理] 成功绑定切片0 → 安全域0，触发【路扩展模式】

======================== 切片硬件状态 ========================
切片号 | 所属安全域 | 当前状态    | 路扩展 | LRU touched
------------------------------------------------------------------
  0    |   域0      | 正常运行   |  是   |  653020528
  1    |   域3      | 正常运行   |  否   |  653020521
  2    |   域0      | 正常运行   |  是   |  653020435
  3    |   域2      | 正常运行   |  否   |  653020527
==================================================================


======================== 切片硬件状态 ========================
切片号 | 所属安全域 | 当前状态    | 路扩展 | LRU touched
------------------------------------------------------------------
  0    |   域0      | 正常运行   |  是   |  668999991
  1    |   域3      | 正常运行   |  否   |  668999989
  2    |   域0      | 正常运行   |  是   |  668999996
  3    |   域2      | 正常运行   |  否   |  668999958
==================================================================

[动态重分配] 周期669000000：预约迁移 冗余域0(0%) -> 切片0 -> 饥饿域2(27%)
[切片剥夺] 周期669000000：切片0（所属域0）进入待剥夺状态，禁止新替换
[切片剥夺] 周期669000000：切片0在途请求已清空，开始执行脏行写回
[切片管理] 周期669007373：原域0仅剩1个切片，关闭路扩展模式
[动态重分配] 周期669007373：切片0写回完成，自动绑定到域2
[切片管理] 成功绑定切片0 → 安全域2，触发【路扩展模式】

======================== 切片硬件状态 ========================
切片号 | 所属安全域 | 当前状态    | 路扩展 | LRU touched
------------------------------------------------------------------
  0    |   域2      | 正常运行   |  是   |  669007373
  1    |   域3      | 正常运行   |  否   |  669007373
  2    |   域0      | 正常运行   |  否   |  669007373
  3    |   域2      | 正常运行   |  是   |  669007312
==================================================================


======================== 切片硬件状态 ========================
切片号 | 所属安全域 | 当前状态    | 路扩展 | LRU touched
------------------------------------------------------------------
  0    |   域2      | 正常运行   |  是   |  670899994
  1    |   域3      | 正常运行   |  否   |  670899999
  2    |   域0      | 正常运行   |  否   |  670900000
  3    |   域2      | 正常运行   |  是   |  670899996
==================================================================

[动态重分配] 周期670900000：预约迁移 冗余域2(1%) -> 切片0 -> 饥饿域0(8%)
[切片剥夺] 周期670900000：切片0（所属域2）进入待剥夺状态，禁止新替换
[切片剥夺] 周期670900016：切片0在途请求已清空，开始执行脏行写回
[切片管理] 周期670900237：原域2仅剩1个切片，关闭路扩展模式
[动态重分配] 周期670900237：切片0写回完成，自动绑定到域0
[切片管理] 成功绑定切片0 → 安全域0，触发【路扩展模式】

======================== 切片硬件状态 ========================
切片号 | 所属安全域 | 当前状态    | 路扩展 | LRU touched
------------------------------------------------------------------
  0    |   域0      | 正常运行   |  是   |  670900237
  1    |   域3      | 正常运行   |  否   |  670900114
  2    |   域0      | 正常运行   |  是   |  670900100
  3    |   域2      | 正常运行   |  否   |  670900097
==================================================================


======================== 切片硬件状态 ========================
切片号 | 所属安全域 | 当前状态    | 路扩展 | LRU touched
------------------------------------------------------------------
  0    |   域0      | 正常运行   |  是   |  699199998
  1    |   域3      | 正常运行   |  否   |  699199999
  2    |   域0      | 正常运行   |  是   |  699199995
  3    |   域2      | 正常运行   |  否   |  699199985
==================================================================

[动态重分配] 周期699200000：预约迁移 冗余域0(0%) -> 切片0 -> 饥饿域3(6%)
[切片剥夺] 周期699200000：切片0（所属域0）进入待剥夺状态，禁止新替换
[切片剥夺] 周期699200000：切片0在途请求已清空，开始执行脏行写回
[切片管理] 周期699200149：原域0仅剩1个切片，关闭路扩展模式
[动态重分配] 周期699200149：切片0写回完成，自动绑定到域3
[切片管理] 成功绑定切片0 → 安全域3，触发【路扩展模式】

======================== 切片硬件状态 ========================
切片号 | 所属安全域 | 当前状态    | 路扩展 | LRU touched
------------------------------------------------------------------
  0    |   域3      | 正常运行   |  是   |  699200149
  1    |   域3      | 正常运行   |  是   |  699200148
  2    |   域0      | 正常运行   |  否   |  699200147
  3    |   域2      | 正常运行   |  否   |  699199985
==================================================================


**** Debug Statistics at 701000000 Cycles *****
Threads: 4		Fetch Width: 8
No of useful instructions fetched:	1972346045 (35.17% proc util.)
No of total instructions fetched:	2987751710 (53.28% proc util.)
 includes 151433644 misfetch (5.1%), 863972021 (28.9%) wrong-path fetches
 and 0 flushed after failed lock(0.0%)
No of useful instructions issued/executed:	1972346033 (35.17% proc util.)
No of total instructions issued/executed:	2389789604 (42.61% proc util.)
 includes 417443571 wrong-path (17.5%) insts and 0 flushed (0.0%)
	fp 11279, 0.00%
	synch 0, 0.00%
	integer 1600320256, 66.96%
	load/store 789458069, 33.03%
Avg size of int IQ (before scheduling): 25.76
Avg size of fp IQ (before scheduling): 0.00
No of cycles taken:		701000000
Parallelism [ 0.771, 0.000, 0.743, 1.299,] = 2.814
 IQ conflicts: 16144700 (2.30%), FQ conflicts: 0 (0.00%) 
 I reg conflicts: 212547629 (30.32%), FP reg conflicts: 0 (0.00%)
  Activelist confs: 12304 (0.00%), ROB confs: 1964970 (0.28%)
  Int unit conflicts: 881650492 (125.77%), FP unit conflicts: 14 (0.00%)
  Load/store unit conflicts: 155732613 (22.22%)
  MSHR conflicts: 354769732 (50.61%)
----------------------------------------
==== System-wide Cache Statistics ====
Stall for miss queue full 6054 cycles (0.00%)
----------------------------------------
==== Statistics for Master ID: 0 ====
Reads: 435291577   Writes: 77401762
ICACHE: size: 64 KB assoc: 2
ICACHE: hits:249380596 misses:7498504  Hit Ratio: 97.08%
DCACHE: size: 1*16 KB assoc: 1*4
DCACHE: hits:250048854 misses:5768137 writebacks:2596874  Hit Ratio: 97.75%
SCACHE: size: 512 KB assoc: 2
SCACHE: hits:9324994 misses:3938895  Hit Ratio: 70.30%
3CACHE: size: 4096 KB assoc: 2
3CACHE: hits:3423891 misses:515004  Hit Ratio: 86.93%
3CACHE: dirty items replaced:227941
ITLB: size: 48, misses 484720, miss rate 0.19%
DTLB: size: 128, misses 867145, miss rate 0.34%
Avg mem delay: 2.210 cycles
----------------------------------------
==== Statistics for Master ID: 2 ====
Reads: 442745959   Writes: 73559510
ICACHE: size: 64 KB assoc: 2
ICACHE: hits:252643666 misses:7848514  Hit Ratio: 96.99%
DCACHE: size: 1*16 KB assoc: 1*4
DCACHE: hits:250393446 misses:5422749 writebacks:1993507  Hit Ratio: 97.88%
SCACHE: size: 512 KB assoc: 2
SCACHE: hits:9648351 misses:3620006  Hit Ratio: 72.72%
3CACHE: size: 4096 KB assoc: 2
3CACHE: hits:3124898 misses:495108  Hit Ratio: 86.32%
3CACHE: dirty items replaced:183004
ITLB: size: 48, misses 477830, miss rate 0.18%
DTLB: size: 128, misses 790792, miss rate 0.31%
Avg mem delay: 2.210 cycles
----------------------------------------
==== Statistics for Master ID: 3 ====
Reads: 535269683   Writes: 74994543
ICACHE: size: 64 KB assoc: 2
ICACHE: hits:334101328 misses:209790  Hit Ratio: 99.94%
DCACHE: size: 2*16 KB assoc: 2*4
DCACHE: hits:267416372 misses:8538485 writebacks:3717815  Hit Ratio: 96.91%
SCACHE: size: 512 KB assoc: 2
SCACHE: hits:5258415 misses:3488110  Hit Ratio: 60.12%
3CACHE: size: 4096 KB assoc: 2
3CACHE: hits:1187020 misses:2301090  Hit Ratio: 34.03%
3CACHE: dirty items replaced:185439
ITLB: size: 48, misses 3014, miss rate 0.00%
DTLB: size: 128, misses 491159, miss rate 0.18%
Avg mem delay: 2.210 cycles
----------------------------------------
==== Global Resource Utilization ====
STASH: size: 65536 entries, full 3329629605, empty 97150909, misses 8668150, full rate 96.92
icache bank util. 0.145 0.133 0.117 0.137 0.187 0.224 0.162 0.176 
dcache bank util. 0.153 0.146 0.155 0.146 0.174 0.130 0.189 0.151 
L2 bank util. 0.042 0.045 0.043 0.046 0.044 0.041 0.042 0.047 
L1-L2 bus util. = 0.187, L3 util. = 0.047
----------------------------------------

======================== 切片硬件状态 ========================
切片号 | 所属安全域 | 当前状态    | 路扩展 | LRU touched
------------------------------------------------------------------
  0    |   域3      | 正常运行   |  是   |  700999999
  1    |   域3      | 正常运行   |  是   |  700999995
  2    |   域0      | 正常运行   |  否   |  700999997
  3    |   域2      | 正常运行   |  否   |  700999996
==================================================================

branch prediction, hits = 176163493, misses = 35041884, hit rate = 83.41%
return_stack prediction, hits = 17713705, misses = 6977, hit rate = 99.96%
jump prediction, hits = 165679846, misses = 39659065, hit rate = 80.69%

======================== 切片硬件状态 ========================
切片号 | 所属安全域 | 当前状态    | 路扩展 | LRU touched
------------------------------------------------------------------
  0    |   域3      | 正常运行   |  是   |  702899997
  1    |   域3      | 正常运行   |  是   |  702899995
  2    |   域0      | 正常运行   |  否   |  702899990
  3    |   域2      | 正常运行   |  否   |  702899996
==================================================================

[动态重分配] 周期702900000：预约迁移 冗余域3(1%) -> 切片0 -> 饥饿域0(7%)
[切片剥夺] 周期702900000：切片0（所属域3）进入待剥夺状态，禁止新替换
[切片剥夺] 周期702900000：切片0在途请求已清空，开始执行脏行写回
[切片管理] 周期702902255：原域3仅剩1个切片，关闭路扩展模式
[动态重分配] 周期702902255：切片0写回完成，自动绑定到域0
[切片管理] 成功绑定切片0 → 安全域0，触发【路扩展模式】

======================== 切片硬件状态 ========================
切片号 | 所属安全域 | 当前状态    | 路扩展 | LRU touched
------------------------------------------------------------------
  0    |   域0      | 正常运行   |  是   |  702902255
  1    |   域3      | 正常运行   |  否   |  702902252
  2    |   域0      | 正常运行   |  是   |  702902237
  3    |   域2      | 正常运行   |  否   |  702902254
==================================================================


**** Early Exiting at 710154088 Cycles *****
========================================
 SMTSIM Global Statistics
========================================
Threads: 4		Fetch Width: 8
No of useful instructions fetched:	2000000030 (35.20% proc util.)
No of total instructions fetched:	3030477960 (53.34% proc util.)
 includes 153064453 misfetch (5.1%), 877413477 (29.0%) wrong-path fetches
 and 0 flushed after failed lock(0.0%)
No of useful instructions issued/executed:	2000000010 (35.20% proc util.)
No of total instructions issued/executed:	2424047288 (42.67% proc util.)
 includes 424047278 wrong-path (17.5%) insts and 0 flushed (0.0%)
	fp 22612, 0.00%
	synch 0, 0.00%
	integer 1623706950, 66.98%
	load/store 800317726, 33.02%
Avg size of int IQ (before scheduling): 25.79
Avg size of fp IQ (before scheduling): 0.00
No of cycles taken:		710154088
Parallelism [ 0.773, 0.000, 0.743, 1.301,] = 2.816
 IQ conflicts: 16359530 (2.30%), FQ conflicts: 0 (0.00%) 
 I reg conflicts: 214869653 (30.26%), FP reg conflicts: 0 (0.00%)
  Activelist confs: 12304 (0.00%), ROB confs: 1972842 (0.28%)
  Int unit conflicts: 893364641 (125.80%), FP unit conflicts: 14 (0.00%)
  Load/store unit conflicts: 157523362 (22.18%)
  MSHR conflicts: 356990069 (50.27%)
----------------------------------------
==== System-wide Cache Statistics ====
Stall for miss queue full 6140 cycles (0.00%)
----------------------------------------
==== Statistics for Master ID: 0 ====
Reads: 442372975   Writes: 78190656
ICACHE: size: 64 KB assoc: 2
ICACHE: hits:253664985 misses:7531854  Hit Ratio: 97.12%
DCACHE: size: 2*16 KB assoc: 2*4
DCACHE: hits:253526517 misses:5843027 writebacks:2605306  Hit Ratio: 97.75%
SCACHE: size: 512 KB assoc: 2
SCACHE: hits:9365424 misses:4006704  Hit Ratio: 70.04%
3CACHE: size: 4096 KB assoc: 2
3CACHE: hits:3479576 misses:527127  Hit Ratio: 86.84%
3CACHE: dirty items replaced:235278
ITLB: size: 48, misses 486344, miss rate 0.19%
DTLB: size: 128, misses 885578, miss rate 0.34%
Avg mem delay: 2.206 cycles
----------------------------------------
==== Statistics for Master ID: 2 ====
Reads: 448508037   Writes: 74456389
ICACHE: size: 64 KB assoc: 2
ICACHE: hits:255844573 misses:7980563  Hit Ratio: 96.98%
DCACHE: size: 1*16 KB assoc: 1*4
DCACHE: hits:253685146 misses:5457050 writebacks:2001856  Hit Ratio: 97.89%
SCACHE: size: 512 KB assoc: 2
SCACHE: hits:9790614 misses:3644093  Hit Ratio: 72.88%
3CACHE: size: 4096 KB assoc: 2
3CACHE: hits:3144174 misses:499919  Hit Ratio: 86.28%
3CACHE: dirty items replaced:186932
ITLB: size: 48, misses 492536, miss rate 0.19%
DTLB: size: 128, misses 806113, miss rate 0.31%
Avg mem delay: 2.206 cycles
----------------------------------------
==== Statistics for Master ID: 3 ====
Reads: 543008097   Writes: 76021508
ICACHE: size: 64 KB assoc: 2
ICACHE: hits:338917074 misses:211717  Hit Ratio: 99.94%
DCACHE: size: 1*16 KB assoc: 1*4
DCACHE: hits:271272043 misses:8630641 writebacks:3760148  Hit Ratio: 96.92%
SCACHE: size: 512 KB assoc: 2
SCACHE: hits:5330362 misses:3510125  Hit Ratio: 60.29%
3CACHE: size: 4096 KB assoc: 2
3CACHE: hits:1204472 misses:2305653  Hit Ratio: 34.31%
3CACHE: dirty items replaced:187737
ITLB: size: 48, misses 3052, miss rate 0.00%
DTLB: size: 128, misses 498453, miss rate 0.18%
Avg mem delay: 2.206 cycles
----------------------------------------
==== Global Resource Utilization ====
STASH: size: 65536 entries, full 3376077853, empty 98539868, misses 8784635, full rate 96.92
icache bank util. 0.145 0.133 0.118 0.137 0.187 0.224 0.163 0.176 
dcache bank util. 0.153 0.146 0.155 0.146 0.175 0.130 0.189 0.151 
L2 bank util. 0.042 0.045 0.043 0.045 0.044 0.041 0.042 0.047 
L1-L2 bus util. = 0.186, L3 util. = 0.047
----------------------------------------

======================== 切片硬件状态 ========================
切片号 | 所属安全域 | 当前状态    | 路扩展 | LRU touched
------------------------------------------------------------------
  0    |   域0      | 正常运行   |  是   |  710153985
  1    |   域3      | 正常运行   |  否   |  710154082
  2    |   域0      | 正常运行   |  是   |  710153989
  3    |   域2      | 正常运行   |  否   |  710154084
==================================================================

branch prediction, hits = 178452354, misses = 35576651, hit rate = 83.38%
return_stack prediction, hits = 17982295, misses = 7145, hit rate = 99.96%
jump prediction, hits = 167985133, misses = 40125187, hit rate = 80.72%
total IPC 2.816

=== Results saved to: ./results/gcc-integrate_2_gcc-expr_1_gzip-program_1.txt ===
