测试组合（多线程优先）：gcc-166.arg2 + gcc-200.arg + gzip-program.arg
执行命令：./smtsim gcc-166.arg2 gcc-200.arg gzip-program.arg
==================================================

 __sigismember __sigaddset __sigdelset mem_access_latency dl1_access_fn dl2_access_fn il1_access_fn il2_access_fn itlb_access_fn dtlb_access_fn sim_reg_options sim_check_options动态重分配参数：每10万周期检查，阈值5
Process 0, Thread 0: gcc-166
Process 0, Thread 1: gcc-166
Process 2, Thread 2: gcc-200
Process 3, Thread 3: gzip-program
[切片调度] 新安全域2无任何切片，尝试分配空闲切片
[切片管理] 成功绑定切片0 → 安全域2

======================== 切片硬件状态 ========================
切片号 | 所属安全域 | 当前状态    | 路扩展 | LRU touched
------------------------------------------------------------------
  0    |   域2      | 正常运行   |  否   |  0
  1    |   域-1     | 切片空闲   |  否   |  0
  2    |   域-1     | 切片空闲   |  否   |  0
  3    |   域-1     | 切片空闲   |  否   |  0
==================================================================

[切片管理] 成功绑定切片1 → 安全域2，触发【路扩展模式】

======================== 切片硬件状态 ========================
切片号 | 所属安全域 | 当前状态    | 路扩展 | LRU touched
------------------------------------------------------------------
  0    |   域2      | 正常运行   |  是   |  0
  1    |   域2      | 正常运行   |  是   |  0
  2    |   域-1     | 切片空闲   |  否   |  0
  3    |   域-1     | 切片空闲   |  否   |  0
==================================================================

[切片调度] 新安全域3无任何切片，尝试分配空闲切片
[切片管理] 成功绑定切片2 → 安全域3

======================== 切片硬件状态 ========================
切片号 | 所属安全域 | 当前状态    | 路扩展 | LRU touched
------------------------------------------------------------------
  0    |   域2      | 正常运行   |  是   |  435
  1    |   域2      | 正常运行   |  是   |  0
  2    |   域3      | 正常运行   |  否   |  0
  3    |   域-1     | 切片空闲   |  否   |  0
==================================================================

[切片管理] 成功绑定切片3 → 安全域3，触发【路扩展模式】

======================== 切片硬件状态 ========================
切片号 | 所属安全域 | 当前状态    | 路扩展 | LRU touched
------------------------------------------------------------------
  0    |   域2      | 正常运行   |  是   |  435
  1    |   域2      | 正常运行   |  是   |  0
  2    |   域3      | 正常运行   |  是   |  0
  3    |   域3      | 正常运行   |  是   |  0
==================================================================

[切片调度] 新安全域0无任何切片，尝试分配空闲切片
[切片调度] 新安全域0未找到空闲切片，尝试剥夺切片
[切片替换] 优先从【路扩展切片】中选择LRU替换目标...
[切片替换] 找到路扩展切片作为受害者：切片1（最后访问：0）
[切片调度] 安全域0触发切片剥夺：从域2剥夺切片1
[切片剥夺] 周期833：切片1（所属域2）进入待剥夺状态，禁止新替换
[切片剥夺] 周期833：切片1在途请求已清空，开始执行脏行写回
[切片剥夺] 周期833：切片1无脏行，直接完成剥夺
[切片管理] 周期833：原域2仅剩1个切片，关闭路扩展模式
[动态重分配] 周期833：切片1写回完成，自动绑定到域0
[切片管理] 成功绑定切片1 → 安全域0

======================== 切片硬件状态 ========================
切片号 | 所属安全域 | 当前状态    | 路扩展 | LRU touched
------------------------------------------------------------------
  0    |   域2      | 正常运行   |  否   |  832
  1    |   域0      | 正常运行   |  否   |  833
  2    |   域3      | 正常运行   |  是   |  833
  3    |   域3      | 正常运行   |  是   |  0
==================================================================

[切片唤醒] 周期833：域0切片就绪，唤醒等待指令

**** Debug Statistics at 1000000 Cycles *****
Threads: 4		Fetch Width: 8
No of useful instructions fetched:	567019 (7.09% proc util.)
No of total instructions fetched:	837353 (10.47% proc util.)
 includes 72514 misfetch (8.7%), 197820 (23.6%) wrong-path fetches
 and 0 flushed after failed lock(0.0%)
No of useful instructions issued/executed:	566988 (7.09% proc util.)
No of total instructions issued/executed:	656796 (8.21% proc util.)
 includes 89808 wrong-path (13.7%) insts and 0 flushed (0.0%)
	fp 65, 0.01%
	synch 0, 0.00%
	integer 418141, 63.66%
	load/store 238590, 36.33%
Avg size of int IQ (before scheduling): 40.17
Avg size of fp IQ (before scheduling): 0.00
No of cycles taken:		1000000
Parallelism [ 0.182, 0.000, 0.239, 0.146,] = 0.567
 IQ conflicts: 16955 (1.70%), FQ conflicts: 0 (0.00%) 
 I reg conflicts: 823758 (82.38%), FP reg conflicts: 0 (0.00%)
  Activelist confs: 0 (0.00%), ROB confs: 450 (0.04%)
  Int unit conflicts: 50286 (5.03%), FP unit conflicts: 0 (0.00%)
  Load/store unit conflicts: 55112 (5.51%)
  MSHR conflicts: 3029975 (303.00%)
----------------------------------------
==== System-wide Cache Statistics ====
Stall for miss queue full 0 cycles (0.00%)
----------------------------------------
==== Statistics for Master ID: 0 ====
Reads: 157708   Writes: 25492
ICACHE: size: 64 KB assoc: 2
ICACHE: hits:89557 misses:2731  Hit Ratio: 97.04%
DCACHE: size: 1*16 KB assoc: 1*4
DCACHE: hits:88997 misses:1914 writebacks:642  Hit Ratio: 97.89%
SCACHE: size: 512 KB assoc: 2
SCACHE: hits:2648 misses:1997  Hit Ratio: 57.01%
3CACHE: size: 4096 KB assoc: 2
3CACHE: hits:313 misses:1684  Hit Ratio: 15.67%
3CACHE: dirty items replaced:4
ITLB: size: 48, misses 93, miss rate 0.10%
DTLB: size: 128, misses 986, miss rate 1.08%
Avg mem delay: 58.205 cycles
----------------------------------------
==== Statistics for Master ID: 2 ====
Reads: 135500   Writes: 29150
ICACHE: size: 64 KB assoc: 2
ICACHE: hits:85981 misses:1840  Hit Ratio: 97.90%
DCACHE: size: 1*16 KB assoc: 1*4
DCACHE: hits:75172 misses:1657 writebacks:935  Hit Ratio: 97.84%
SCACHE: size: 512 KB assoc: 2
SCACHE: hits:964 misses:2533  Hit Ratio: 27.57%
3CACHE: size: 4096 KB assoc: 2
3CACHE: hits:76 misses:2457  Hit Ratio: 3.00%
3CACHE: dirty items replaced:0
ITLB: size: 48, misses 129, miss rate 0.15%
DTLB: size: 128, misses 364, miss rate 0.47%
Avg mem delay: 58.205 cycles
----------------------------------------
==== Statistics for Master ID: 3 ====
Reads: 108738   Writes: 23764
ICACHE: size: 64 KB assoc: 2
ICACHE: hits:62052 misses:219  Hit Ratio: 99.65%
DCACHE: size: 2*16 KB assoc: 2*4
DCACHE: hits:47239 misses:22992 writebacks:22815  Hit Ratio: 67.26%
SCACHE: size: 512 KB assoc: 2
SCACHE: hits:18 misses:23193  Hit Ratio: 0.08%
3CACHE: size: 4096 KB assoc: 2
3CACHE: hits:0 misses:23193  Hit Ratio: 0.00%
3CACHE: dirty items replaced:6
ITLB: size: 48, misses 18, miss rate 0.03%
DTLB: size: 128, misses 5730, miss rate 8.16%
Avg mem delay: 58.205 cycles
----------------------------------------
==== Global Resource Utilization ====
STASH: size: 65536 entries, full 93803295, empty 6363975, misses 763439, full rate 92.94
icache bank util. 0.040 0.027 0.026 0.027 0.026 0.024 0.034 0.054 
dcache bank util. 0.025 0.027 0.040 0.018 0.021 0.030 0.207 0.022 
L2 bank util. 0.009 0.008 0.008 0.009 0.008 0.008 0.283 0.008 
L1-L2 bus util. = 0.167, L3 util. = 0.273
----------------------------------------

======================== 切片硬件状态 ========================
切片号 | 所属安全域 | 当前状态    | 路扩展 | LRU touched
------------------------------------------------------------------
  0    |   域2      | 正常运行   |  否   |  999998
  1    |   域0      | 正常运行   |  否   |  999992
  2    |   域3      | 正常运行   |  是   |  999988
  3    |   域3      | 正常运行   |  是   |  999961
==================================================================

branch prediction, hits = 51495, misses = 11431, hit rate = 81.83%
return_stack prediction, hits = 6083, misses = 13, hit rate = 99.79%
jump prediction, hits = 44132, misses = 15155, hit rate = 74.44%
 abend_ adia_ adib_ ambm6_
======================== 切片硬件状态 ========================
切片号 | 所属安全域 | 当前状态    | 路扩展 | LRU touched
------------------------------------------------------------------
  0    |   域2      | 正常运行   |  否   |  96599850
  1    |   域0      | 正常运行   |  否   |  96599792
  2    |   域3      | 正常运行   |  是   |  96599874
  3    |   域3      | 正常运行   |  是   |  96599880
==================================================================

[动态重分配] 周期96600000：预约迁移 冗余域3(12%) -> 切片2 -> 饥饿域2(18%)
[切片剥夺] 周期96600000：切片2（所属域3）进入待剥夺状态，禁止新替换
[切片剥夺] 周期96600068：切片2在途请求已清空，开始执行脏行写回
[切片管理] 周期96605913：原域3仅剩1个切片，关闭路扩展模式
[动态重分配] 周期96605913：切片2写回完成，自动绑定到域2
[切片管理] 成功绑定切片2 → 安全域2，触发【路扩展模式】

======================== 切片硬件状态 ========================
切片号 | 所属安全域 | 当前状态    | 路扩展 | LRU touched
------------------------------------------------------------------
  0    |   域2      | 正常运行   |  是   |  96605719
  1    |   域0      | 正常运行   |  否   |  96605774
  2    |   域2      | 正常运行   |  是   |  96605913
  3    |   域3      | 正常运行   |  否   |  96605908
==================================================================


======================== 切片硬件状态 ========================
切片号 | 所属安全域 | 当前状态    | 路扩展 | LRU touched
------------------------------------------------------------------
  0    |   域2      | 正常运行   |  是   |  96699997
  1    |   域0      | 正常运行   |  否   |  96699998
  2    |   域2      | 正常运行   |  是   |  96700000
  3    |   域3      | 正常运行   |  否   |  96699964
==================================================================

[动态重分配] 周期96700000：预约迁移 冗余域2(2%) -> 切片0 -> 饥饿域3(12%)
[切片剥夺] 周期96700000：切片0（所属域2）进入待剥夺状态，禁止新替换
[切片剥夺] 周期96700000：切片0在途请求已清空，开始执行脏行写回
[切片管理] 周期96700200：原域2仅剩1个切片，关闭路扩展模式
[动态重分配] 周期96700200：切片0写回完成，自动绑定到域3
[切片管理] 成功绑定切片0 → 安全域3，触发【路扩展模式】

======================== 切片硬件状态 ========================
切片号 | 所属安全域 | 当前状态    | 路扩展 | LRU touched
------------------------------------------------------------------
  0    |   域3      | 正常运行   |  是   |  96700200
  1    |   域0      | 正常运行   |  否   |  96700198
  2    |   域2      | 正常运行   |  否   |  96700194
  3    |   域3      | 正常运行   |  是   |  96700194
==================================================================


======================== 切片硬件状态 ========================
切片号 | 所属安全域 | 当前状态    | 路扩展 | LRU touched
------------------------------------------------------------------
  0    |   域3      | 正常运行   |  是   |  98286250
  1    |   域0      | 正常运行   |  否   |  98299997
  2    |   域2      | 正常运行   |  否   |  98300000
  3    |   域3      | 正常运行   |  是   |  98299988
==================================================================

[动态重分配] 周期98300000：预约迁移 冗余域3(12%) -> 切片0 -> 饥饿域2(20%)
[切片剥夺] 周期98300000：切片0（所属域3）进入待剥夺状态，禁止新替换
[切片剥夺] 周期98300000：切片0在途请求已清空，开始执行脏行写回
[切片管理] 周期98302808：原域3仅剩1个切片，关闭路扩展模式
[动态重分配] 周期98302808：切片0写回完成，自动绑定到域2
[切片管理] 成功绑定切片0 → 安全域2，触发【路扩展模式】

======================== 切片硬件状态 ========================
切片号 | 所属安全域 | 当前状态    | 路扩展 | LRU touched
------------------------------------------------------------------
  0    |   域2      | 正常运行   |  是   |  98302808
  1    |   域0      | 正常运行   |  否   |  98302807
  2    |   域2      | 正常运行   |  是   |  98302796
  3    |   域3      | 正常运行   |  否   |  98302798
==================================================================


======================== 切片硬件状态 ========================
切片号 | 所属安全域 | 当前状态    | 路扩展 | LRU touched
------------------------------------------------------------------
  0    |   域2      | 正常运行   |  是   |  98399836
  1    |   域0      | 正常运行   |  否   |  98399923
  2    |   域2      | 正常运行   |  是   |  98399924
  3    |   域3      | 正常运行   |  否   |  98399952
==================================================================

[动态重分配] 周期98400000：预约迁移 冗余域2(4%) -> 切片2 -> 饥饿域3(12%)
[切片剥夺] 周期98400000：切片2（所属域2）进入待剥夺状态，禁止新替换
[切片剥夺] 周期98400000：切片2在途请求已清空，开始执行脏行写回
[切片管理] 周期98400116：原域2仅剩1个切片，关闭路扩展模式
[动态重分配] 周期98400116：切片2写回完成，自动绑定到域3
[切片管理] 成功绑定切片2 → 安全域3，触发【路扩展模式】

======================== 切片硬件状态 ========================
切片号 | 所属安全域 | 当前状态    | 路扩展 | LRU touched
------------------------------------------------------------------
  0    |   域2      | 正常运行   |  否   |  98399836
  1    |   域0      | 正常运行   |  否   |  98399923
  2    |   域3      | 正常运行   |  是   |  98400116
  3    |   域3      | 正常运行   |  是   |  98399952
==================================================================


**** Debug Statistics at 101000000 Cycles *****
Threads: 4		Fetch Width: 8
No of useful instructions fetched:	99689808 (12.34% proc util.)
No of total instructions fetched:	143471748 (17.76% proc util.)
 includes 13435468 misfetch (9.4%), 30346472 (21.2%) wrong-path fetches
 and 0 flushed after failed lock(0.0%)
No of useful instructions issued/executed:	99689787 (12.34% proc util.)
No of total instructions issued/executed:	113401249 (14.03% proc util.)
 includes 13711462 wrong-path (12.1%) insts and 0 flushed (0.0%)
	fp 1988, 0.00%
	synch 0, 0.00%
	integer 73644896, 64.94%
	load/store 39754365, 35.06%
Avg size of int IQ (before scheduling): 19.78
Avg size of fp IQ (before scheduling): 0.00
No of cycles taken:		101000000
Parallelism [ 0.330, 0.000, 0.299, 0.358,] = 0.987
 IQ conflicts: 180136 (0.18%), FQ conflicts: 0 (0.00%) 
 I reg conflicts: 78446617 (77.67%), FP reg conflicts: 0 (0.00%)
  Activelist confs: 0 (0.00%), ROB confs: 794 (0.00%)
  Int unit conflicts: 8865095 (8.78%), FP unit conflicts: 0 (0.00%)
  Load/store unit conflicts: 5008188 (4.96%)
  MSHR conflicts: 81754704 (80.95%)
----------------------------------------
==== System-wide Cache Statistics ====
Stall for miss queue full 232 cycles (0.00%)
----------------------------------------
==== Statistics for Master ID: 0 ====
Reads: 26894414   Writes: 4406610
ICACHE: size: 64 KB assoc: 2
ICACHE: hits:14946961 misses:627711  Hit Ratio: 95.97%
DCACHE: size: 1*16 KB assoc: 1*4
DCACHE: hits:15289989 misses:436362 writebacks:123061  Hit Ratio: 97.23%
SCACHE: size: 512 KB assoc: 2
SCACHE: hits:744545 misses:319528  Hit Ratio: 69.97%
3CACHE: size: 4096 KB assoc: 2
3CACHE: hits:277786 misses:41742  Hit Ratio: 86.94%
3CACHE: dirty items replaced:6722
ITLB: size: 48, misses 40957, miss rate 0.26%
DTLB: size: 128, misses 33201, miss rate 0.21%
Avg mem delay: 9.601 cycles
----------------------------------------
==== Statistics for Master ID: 2 ====
Reads: 22037476   Writes: 3908968
ICACHE: size: 64 KB assoc: 2
ICACHE: hits:12232774 misses:730126  Hit Ratio: 94.37%
DCACHE: size: 1*16 KB assoc: 1*4
DCACHE: hits:12584539 misses:399100 writebacks:89602  Hit Ratio: 96.93%
SCACHE: size: 512 KB assoc: 2
SCACHE: hits:759834 misses:369297  Hit Ratio: 67.29%
3CACHE: size: 4096 KB assoc: 2
3CACHE: hits:270040 misses:99257  Hit Ratio: 73.12%
3CACHE: dirty items replaced:8403
ITLB: size: 48, misses 73781, miss rate 0.57%
DTLB: size: 128, misses 36630, miss rate 0.28%
Avg mem delay: 9.601 cycles
----------------------------------------
==== Statistics for Master ID: 3 ====
Reads: 18184666   Writes: 5371834
ICACHE: size: 64 KB assoc: 2
ICACHE: hits:12626452 misses:861  Hit Ratio: 99.99%
DCACHE: size: 2*16 KB assoc: 2*4
DCACHE: hits:9448086 misses:1481356 writebacks:832465  Hit Ratio: 86.45%
SCACHE: size: 512 KB assoc: 2
SCACHE: hits:217 misses:1481745  Hit Ratio: 0.01%
3CACHE: size: 4096 KB assoc: 2
3CACHE: hits:91 misses:1481654  Hit Ratio: 0.01%
3CACHE: dirty items replaced:34668
ITLB: size: 48, misses 85, miss rate 0.00%
DTLB: size: 128, misses 66439, miss rate 0.61%
Avg mem delay: 9.601 cycles
----------------------------------------
==== Global Resource Utilization ====
STASH: size: 65536 entries, full 241078179, empty 15446129, misses 1565104, full rate 93.41
icache bank util. 0.055 0.042 0.038 0.041 0.042 0.113 0.050 0.068 
dcache bank util. 0.057 0.060 0.059 0.054 0.061 0.073 0.065 0.063 
L2 bank util. 0.034 0.036 0.034 0.035 0.034 0.034 0.042 0.050 
L1-L2 bus util. = 0.140, L3 util. = 0.161
----------------------------------------

======================== 切片硬件状态 ========================
切片号 | 所属安全域 | 当前状态    | 路扩展 | LRU touched
------------------------------------------------------------------
  0    |   域2      | 正常运行   |  否   |  100999967
  1    |   域0      | 正常运行   |  否   |  100999930
  2    |   域3      | 正常运行   |  是   |  100991277
  3    |   域3      | 正常运行   |  是   |  100999969
==================================================================

branch prediction, hits = 11961178, misses = 2092144, hit rate = 85.11%
return_stack prediction, hits = 915166, misses = 1095, hit rate = 99.88%
jump prediction, hits = 9608990, misses = 3300496, hit rate = 74.43%
 analie6_
======================== 切片硬件状态 ========================
切片号 | 所属安全域 | 当前状态    | 路扩展 | LRU touched
------------------------------------------------------------------
  0    |   域2      | 正常运行   |  否   |  148999940
  1    |   域0      | 正常运行   |  否   |  149000000
  2    |   域3      | 正常运行   |  是   |  148999997
  3    |   域3      | 正常运行   |  是   |  148999998
==================================================================

[动态重分配] 周期149000000：预约迁移 冗余域3(0%) -> 切片2 -> 饥饿域2(6%)
[切片剥夺] 周期149000000：切片2（所属域3）进入待剥夺状态，禁止新替换
[切片剥夺] 周期149000000：切片2在途请求已清空，开始执行脏行写回
[切片管理] 周期149001285：原域3仅剩1个切片，关闭路扩展模式
[动态重分配] 周期149001285：切片2写回完成，自动绑定到域2
[切片管理] 成功绑定切片2 → 安全域2，触发【路扩展模式】

======================== 切片硬件状态 ========================
切片号 | 所属安全域 | 当前状态    | 路扩展 | LRU touched
------------------------------------------------------------------
  0    |   域2      | 正常运行   |  是   |  149001271
  1    |   域0      | 正常运行   |  否   |  149001285
  2    |   域2      | 正常运行   |  是   |  149001285
  3    |   域3      | 正常运行   |  否   |  149001283
==================================================================


======================== 切片硬件状态 ========================
切片号 | 所属安全域 | 当前状态    | 路扩展 | LRU touched
------------------------------------------------------------------
  0    |   域2      | 正常运行   |  是   |  154899753
  1    |   域0      | 正常运行   |  否   |  154899997
  2    |   域2      | 正常运行   |  是   |  154899992
  3    |   域3      | 正常运行   |  否   |  154899997
==================================================================

[动态重分配] 周期154900000：预约迁移 冗余域2(0%) -> 切片0 -> 饥饿域3(6%)
[切片剥夺] 周期154900000：切片0（所属域2）进入待剥夺状态，禁止新替换
[切片剥夺] 周期154900000：切片0在途请求已清空，开始执行脏行写回
[切片管理] 周期154900200：原域2仅剩1个切片，关闭路扩展模式
[动态重分配] 周期154900200：切片0写回完成，自动绑定到域3
[切片管理] 成功绑定切片0 → 安全域3，触发【路扩展模式】

======================== 切片硬件状态 ========================
切片号 | 所属安全域 | 当前状态    | 路扩展 | LRU touched
------------------------------------------------------------------
  0    |   域3      | 正常运行   |  是   |  154900200
  1    |   域0      | 正常运行   |  否   |  154900200
  2    |   域2      | 正常运行   |  否   |  154900194
  3    |   域3      | 正常运行   |  是   |  154900196
==================================================================


======================== 切片硬件状态 ========================
切片号 | 所属安全域 | 当前状态    | 路扩展 | LRU touched
------------------------------------------------------------------
  0    |   域3      | 正常运行   |  是   |  158899997
  1    |   域0      | 正常运行   |  否   |  158899996
  2    |   域2      | 正常运行   |  否   |  158899916
  3    |   域3      | 正常运行   |  是   |  158900000
==================================================================

[动态重分配] 周期158900000：预约迁移 冗余域3(0%) -> 切片0 -> 饥饿域2(6%)
[切片剥夺] 周期158900000：切片0（所属域3）进入待剥夺状态，禁止新替换
[切片剥夺] 周期158900000：切片0在途请求已清空，开始执行脏行写回
[切片管理] 周期158900023：原域3仅剩1个切片，关闭路扩展模式
[动态重分配] 周期158900023：切片0写回完成，自动绑定到域2
[切片管理] 成功绑定切片0 → 安全域2，触发【路扩展模式】

======================== 切片硬件状态 ========================
切片号 | 所属安全域 | 当前状态    | 路扩展 | LRU touched
------------------------------------------------------------------
  0    |   域2      | 正常运行   |  是   |  158900023
  1    |   域0      | 正常运行   |  否   |  158900015
  2    |   域2      | 正常运行   |  是   |  158899916
  3    |   域3      | 正常运行   |  否   |  158900017
==================================================================


======================== 切片硬件状态 ========================
切片号 | 所属安全域 | 当前状态    | 路扩展 | LRU touched
------------------------------------------------------------------
  0    |   域2      | 正常运行   |  是   |  159799996
  1    |   域0      | 正常运行   |  否   |  159799991
  2    |   域2      | 正常运行   |  是   |  159799998
  3    |   域3      | 正常运行   |  否   |  159800000
==================================================================

[动态重分配] 周期159800000：预约迁移 冗余域2(1%) -> 切片2 -> 饥饿域0(13%)
[切片剥夺] 周期159800000：切片2（所属域2）进入待剥夺状态，禁止新替换
[切片剥夺] 周期159800000：切片2在途请求已清空，开始执行脏行写回
[切片管理] 周期159800630：原域2仅剩1个切片，关闭路扩展模式
[动态重分配] 周期159800630：切片2写回完成，自动绑定到域0
[切片管理] 成功绑定切片2 → 安全域0，触发【路扩展模式】

======================== 切片硬件状态 ========================
切片号 | 所属安全域 | 当前状态    | 路扩展 | LRU touched
------------------------------------------------------------------
  0    |   域2      | 正常运行   |  否   |  159800630
  1    |   域0      | 正常运行   |  是   |  159800630
  2    |   域0      | 正常运行   |  是   |  159800630
  3    |   域3      | 正常运行   |  否   |  159800626
==================================================================


======================== 切片硬件状态 ========================
切片号 | 所属安全域 | 当前状态    | 路扩展 | LRU touched
------------------------------------------------------------------
  0    |   域2      | 正常运行   |  否   |  159899992
  1    |   域0      | 正常运行   |  是   |  159900000
  2    |   域0      | 正常运行   |  是   |  159899972
  3    |   域3      | 正常运行   |  否   |  159899983
==================================================================

[动态重分配] 周期159900000：预约迁移 冗余域0(1%) -> 切片1 -> 饥饿域2(7%)
[切片剥夺] 周期159900000：切片1（所属域0）进入待剥夺状态，禁止新替换
[切片剥夺] 周期159900000：切片1在途请求已清空，开始执行脏行写回
[切片管理] 周期159900107：原域0仅剩1个切片，关闭路扩展模式
[动态重分配] 周期159900107：切片1写回完成，自动绑定到域2
[切片管理] 成功绑定切片1 → 安全域2，触发【路扩展模式】

======================== 切片硬件状态 ========================
切片号 | 所属安全域 | 当前状态    | 路扩展 | LRU touched
------------------------------------------------------------------
  0    |   域2      | 正常运行   |  是   |  159900004
  1    |   域2      | 正常运行   |  是   |  159900107
  2    |   域0      | 正常运行   |  否   |  159900102
  3    |   域3      | 正常运行   |  否   |  159900013
==================================================================


======================== 切片硬件状态 ========================
切片号 | 所属安全域 | 当前状态    | 路扩展 | LRU touched
------------------------------------------------------------------
  0    |   域2      | 正常运行   |  是   |  160099989
  1    |   域2      | 正常运行   |  是   |  160099986
  2    |   域0      | 正常运行   |  否   |  160099990
  3    |   域3      | 正常运行   |  否   |  160099997
==================================================================

[动态重分配] 周期160100000：预约迁移 冗余域2(1%) -> 切片0 -> 饥饿域0(17%)
[切片剥夺] 周期160100000：切片0（所属域2）进入待剥夺状态，禁止新替换
[切片剥夺] 周期160100000：切片0在途请求已清空，开始执行脏行写回
[切片管理] 周期160100251：原域2仅剩1个切片，关闭路扩展模式
[动态重分配] 周期160100251：切片0写回完成，自动绑定到域0
[切片管理] 成功绑定切片0 → 安全域0，触发【路扩展模式】

======================== 切片硬件状态 ========================
切片号 | 所属安全域 | 当前状态    | 路扩展 | LRU touched
------------------------------------------------------------------
  0    |   域0      | 正常运行   |  是   |  160100251
  1    |   域2      | 正常运行   |  否   |  160100002
  2    |   域0      | 正常运行   |  是   |  160100232
  3    |   域3      | 正常运行   |  否   |  160100239
==================================================================


======================== 切片硬件状态 ========================
切片号 | 所属安全域 | 当前状态    | 路扩展 | LRU touched
------------------------------------------------------------------
  0    |   域0      | 正常运行   |  是   |  161199999
  1    |   域2      | 正常运行   |  否   |  161200000
  2    |   域0      | 正常运行   |  是   |  161199981
  3    |   域3      | 正常运行   |  否   |  161199999
==================================================================

[动态重分配] 周期161200000：预约迁移 冗余域0(1%) -> 切片0 -> 饥饿域2(7%)
[切片剥夺] 周期161200000：切片0（所属域0）进入待剥夺状态，禁止新替换
[切片剥夺] 周期161200272：切片0在途请求已清空，开始执行脏行写回
[切片管理] 周期161200475：原域0仅剩1个切片，关闭路扩展模式
[动态重分配] 周期161200475：切片0写回完成，自动绑定到域2
[切片管理] 成功绑定切片0 → 安全域2，触发【路扩展模式】

======================== 切片硬件状态 ========================
切片号 | 所属安全域 | 当前状态    | 路扩展 | LRU touched
------------------------------------------------------------------
  0    |   域2      | 正常运行   |  是   |  161200475
  1    |   域2      | 正常运行   |  是   |  161200377
  2    |   域0      | 正常运行   |  否   |  161200454
  3    |   域3      | 正常运行   |  否   |  161200448
==================================================================


======================== 切片硬件状态 ========================
切片号 | 所属安全域 | 当前状态    | 路扩展 | LRU touched
------------------------------------------------------------------
  0    |   域2      | 正常运行   |  是   |  161500000
  1    |   域2      | 正常运行   |  是   |  161499995
  2    |   域0      | 正常运行   |  否   |  161499925
  3    |   域3      | 正常运行   |  否   |  161499997
==================================================================

[动态重分配] 周期161500000：预约迁移 冗余域2(0%) -> 切片1 -> 饥饿域0(7%)
[切片剥夺] 周期161500000：切片1（所属域2）进入待剥夺状态，禁止新替换
[切片剥夺] 周期161500000：切片1在途请求已清空，开始执行脏行写回
[切片管理] 周期161500296：原域2仅剩1个切片，关闭路扩展模式
[动态重分配] 周期161500296：切片1写回完成，自动绑定到域0
[切片管理] 成功绑定切片1 → 安全域0，触发【路扩展模式】

======================== 切片硬件状态 ========================
切片号 | 所属安全域 | 当前状态    | 路扩展 | LRU touched
------------------------------------------------------------------
  0    |   域2      | 正常运行   |  否   |  161500294
  1    |   域0      | 正常运行   |  是   |  161500296
  2    |   域0      | 正常运行   |  是   |  161499925
  3    betalf_ |   域3      | 正常运行   |  否   |  161500294
==================================================================


======================== 切片硬件状态 ========================
切片号 | 所属安全域 | 当前状态    | 路扩展 | LRU touched
------------------------------------------------------------------
  0    |   域2      | 正常运行   |  否   |  164800000
  1    |   域0      | 正常运行   |  是   |  164799775
  2    |   域0      | 正常运行   |  是   |  164799773
  3    |   域3      | 正常运行   |  否   |  164799998
==================================================================

[动态重分配] 周期164800000：预约迁移 冗余域0(0%) -> 切片1 -> 饥饿域3(6%)
[切片剥夺] 周期164800000：切片1（所属域0）进入待剥夺状态，禁止新替换
[切片剥夺] 周期164800000：切片1在途请求已清空，开始执行脏行写回
[切片管理] 周期164802984：原域0仅剩1个切片，关闭路扩展模式
[动态重分配] 周期164802984：切片1写回完成，自动绑定到域3
[切片管理] 成功绑定切片1 → 安全域3，触发【路扩展模式】

======================== 切片硬件状态 ========================
切片号 | 所属安全域 | 当前状态    | 路扩展 | LRU touched
------------------------------------------------------------------
  0    |   域2      | 正常运行   |  否   |  164802983
  1    |   域3      | 正常运行   |  是   |  164802984
  2    |   域0      | 正常运行   |  否   |  164802979
  3    |   域3      | 正常运行   |  是   |  164802984
==================================================================


======================== 切片硬件状态 ========================
切片号 | 所属安全域 | 当前状态    | 路扩展 | LRU touched
------------------------------------------------------------------
  0    |   域2      | 正常运行   |  否   |  166500000
  1    |   域3      | 正常运行   |  是   |  166500000
  2    |   域0      | 正常运行   |  否   |  166499996
  3    |   域3      | 正常运行   |  是   |  166499947
==================================================================

[动态重分配] 周期166500000：预约迁移 冗余域3(1%) -> 切片1 -> 饥饿域2(8%)
[切片剥夺] 周期166500000：切片1（所属域3）进入待剥夺状态，禁止新替换
[切片剥夺] 周期166500000：切片1在途请求已清空，开始执行脏行写回
[切片管理] 周期166501393：原域3仅剩1个切片，关闭路扩展模式
[动态重分配] 周期166501393：切片1写回完成，自动绑定到域2
[切片管理] 成功绑定切片1 → 安全域2，触发【路扩展模式】

======================== 切片硬件状态 ========================
切片号 | 所属安全域 | 当前状态    | 路扩展 | LRU touched
------------------------------------------------------------------
  0    |   域2      | 正常运行   |  是   |  166501393
  1    |   域2      | 正常运行   |  是   |  166501393
  2    |   域0      | 正常运行   |  否   |  166501388
  3    |   域3      | 正常运行   |  否   |  166501393
==================================================================


======================== 切片硬件状态 ========================
切片号 | 所属安全域 | 当前状态    | 路扩展 | LRU touched
------------------------------------------------------------------
  0    |   域2      | 正常运行   |  是   |  188099866
  1    |   域2      | 正常运行   |  是   |  188099859
  2    |   域0      | 正常运行   |  否   |  188099972
  3    |   域3      | 正常运行   |  否   |  188099997
==================================================================

[动态重分配] 周期188100000：预约迁移 冗余域2(0%) -> 切片0 -> 饥饿域0(6%)
[切片剥夺] 周期188100000：切片0（所属域2）进入待剥夺状态，禁止新替换
[切片剥夺] 周期188100000：切片0在途请求已清空，开始执行脏行写回
[切片管理] 周期188102106：原域2仅剩1个切片，关闭路扩展模式
[动态重分配] 周期188102106：切片0写回完成，自动绑定到域0
[切片管理] 成功绑定切片0 → 安全域0，触发【路扩展模式】

======================== 切片硬件状态 ========================
切片号 | 所属安全域 | 当前状态    | 路扩展 | LRU touched
------------------------------------------------------------------
  0    |   域0      | 正常运行   |  是   |  188102106
  1    |   域2      | 正常运行   |  否   |  188102104
  2    |   域0      | 正常运行   |  是   |  188102101
  3    |   域3      | 正常运行   |  否   |  188102106
==================================================================


**** Debug Statistics at 201000000 Cycles *****
Threads: 4		Fetch Width: 8
No of useful instructions fetched:	330930372 (20.58% proc util.)
No of total instructions fetched:	510676789 (31.76% proc util.)
 includes 36233947 misfetch (7.1%), 143512470 (28.1%) wrong-path fetches
 and 0 flushed after failed lock(0.0%)
No of useful instructions issued/executed:	330930317 (20.58% proc util.)
No of total instructions issued/executed:	399315783 (24.83% proc util.)
 includes 68385466 wrong-path (17.1%) insts and 0 flushed (0.0%)
	fp 13325, 0.00%
	synch 0, 0.00%
	integer 263579717, 66.01%
	load/store 135722741, 33.99%
Avg size of int IQ (before scheduling): 21.32
Avg size of fp IQ (before scheduling): 0.00
No of cycles taken:		201000000
Parallelism [ 0.476, 0.000, 0.451, 0.719,] = 1.646
 IQ conflicts: 1146744 (0.57%), FQ conflicts: 0 (0.00%) 
 I reg conflicts: 119413879 (59.41%), FP reg conflicts: 0 (0.00%)
  Activelist confs: 215 (0.00%), ROB confs: 66462 (0.03%)
  Int unit conflicts: 85555386 (42.56%), FP unit conflicts: 4 (0.00%)
  Load/store unit conflicts: 21109589 (10.50%)
  MSHR conflicts: 138374496 (68.84%)
----------------------------------------
==== System-wide Cache Statistics ====
Stall for miss queue full 673 cycles (0.00%)
----------------------------------------
==== Statistics for Master ID: 0 ====
Reads: 84827009   Writes: 13572990
ICACHE: size: 64 KB assoc: 2
ICACHE: hits:48037781 misses:1788028  Hit Ratio: 96.41%
DCACHE: size: 2*16 KB assoc: 2*4
DCACHE: hits:47487907 misses:1086496 writebacks:348875  Hit Ratio: 97.76%
SCACHE: size: 512 KB assoc: 2
SCACHE: hits:2143825 misses:730485  Hit Ratio: 74.59%
3CACHE: size: 4096 KB assoc: 2
3CACHE: hits:649378 misses:81107  Hit Ratio: 88.90%
3CACHE: dirty items replaced:17229
ITLB: size: 48, misses 99493, miss rate 0.20%
DTLB: size: 128, misses 147437, miss rate 0.30%
Avg mem delay: 4.581 cycles
----------------------------------------
==== Statistics for Master ID: 2 ====
Reads: 71984162   Writes: 12173581
ICACHE: size: 64 KB assoc: 2
ICACHE: hits:40504528 misses:1777161  Hit Ratio: 95.80%
DCACHE: size: 1*16 KB assoc: 1*4
DCACHE: hits:40861830 misses:1014804 writebacks:246469  Hit Ratio: 97.58%
SCACHE: size: 512 KB assoc: 2
SCACHE: hits:1969943 misses:821441  Hit Ratio: 70.57%
3CACHE: size: 4096 KB assoc: 2
3CACHE: hits:643964 misses:177477  Hit Ratio: 78.39%
3CACHE: dirty items replaced:23707
ITLB: size: 48, misses 166978, miss rate 0.39%
DTLB: size: 128, misses 152061, miss rate 0.36%
Avg mem delay: 4.581 cycles
----------------------------------------
==== Statistics for Master ID: 3 ====
Reads: 83316668   Writes: 15083956
ICACHE: size: 64 KB assoc: 2
ICACHE: hits:53508363 misses:21755  Hit Ratio: 99.96%
DCACHE: size: 1*16 KB assoc: 1*4
DCACHE: hits:42025473 misses:2845522 writebacks:1401975  Hit Ratio: 93.66%
SCACHE: size: 512 KB assoc: 2
SCACHE: hits:619757 misses:2247031  Hit Ratio: 21.62%
3CACHE: size: 4096 KB assoc: 2
3CACHE: hits:120948 misses:2126083  Hit Ratio: 5.38%
3CACHE: dirty items replaced:73938
ITLB: size: 48, misses 450, miss rate 0.00%
DTLB: size: 128, misses 150481, miss rate 0.34%
Avg mem delay: 4.581 cycles
----------------------------------------
==== Global Resource Utilization ====
STASH: size: 65536 entries, full 636291115, empty 30356418, misses 2870688, full rate 95.04
icache bank util. 0.094 0.078 0.071 0.082 0.096 0.159 0.094 0.103 
dcache bank util. 0.084 0.092 0.094 0.086 0.110 0.109 0.114 0.088 
L2 bank util. 0.038 0.040 0.038 0.040 0.038 0.036 0.041 0.047 
L1-L2 bus util. = 0.157, L3 util. = 0.119
----------------------------------------

======================== 切片硬件状态 ========================
切片号 | 所属安全域 | 当前状态    | 路扩展 | LRU touched
------------------------------------------------------------------
  0    |   域0      | 正常运行   |  是   |  200999969
  1    |   域2      | 正常运行   |  否   |  200999998
  2    |   域0      | 正常运行   |  是   |  200999994
  3    |   域3      | 正常运行   |  否   |  200999997
==================================================================

branch prediction, hits = 32692685, misses = 7011500, hit rate = 82.34%
return_stack prediction, hits = 3367702, misses = 3031, hit rate = 99.91%
jump prediction, hits = 29040550, misses = 9121118, hit rate = 76.10%

======================== 切片硬件状态 ========================
切片号 | 所属安全域 | 当前状态    | 路扩展 | LRU touched
------------------------------------------------------------------
  0    |   域0      | 正常运行   |  是   |  208599995
  1    |   域2      | 正常运行   |  否   |  208599907
  2    |   域0      | 正常运行   |  是   |  208599966
  3    |   域3      | 正常运行   |  否   |  208599899
==================================================================

[动态重分配] 周期208600000：预约迁移 冗余域0(0%) -> 切片0 -> 饥饿域2(6%)
[切片剥夺] 周期208600000：切片0（所属域0）进入待剥夺状态，禁止新替换
[切片剥夺] 周期208600000：切片0在途请求已清空，开始执行脏行写回
[切片管理] 周期208606419：原域0仅剩1个切片，关闭路扩展模式
[动态重分配] 周期208606419：切片0写回完成，自动绑定到域2
[切片管理] 成功绑定切片0 → 安全域2，触发【路扩展模式】

======================== 切片硬件状态 ========================
切片号 | 所属安全域 | 当前状态    | 路扩展 | LRU touched
------------------------------------------------------------------
  0    |   域2      | 正常运行   |  是   |  208606419
  1    |   域2      | 正常运行   |  是   |  208606419
  2    |   域0      | 正常运行   |  否   |  208606416
  3    |   域3      | 正常运行   |  否   |  208606419
==================================================================


======================== 切片硬件状态 ========================
切片号 | 所属安全域 | 当前状态    | 路扩展 | LRU touched
------------------------------------------------------------------
  0    |   域2      | 正常运行   |  是   |  230199998
  1    |   域2      | 正常运行   |  是   |  230199999
  2    |   域0      | 正常运行   |  否   |  230199995
  3    |   域3      | 正常运行   |  否   |  230200000
==================================================================

[动态重分配] 周期230200000：预约迁移 冗余域2(0%) -> 切片0 -> 饥饿域3(6%)
[切片剥夺] 周期230200000：切片0（所属域2）进入待剥夺状态，禁止新替换
[切片剥夺] 周期230200000：切片0在途请求已清空，开始执行脏行写回
[切片管理] 周期230200323：原域2仅剩1个切片，关闭路扩展模式
[动态重分配] 周期230200323：切片0写回完成，自动绑定到域3
[切片管理] 成功绑定切片0 → 安全域3，触发【路扩展模式】

======================== 切片硬件状态 ========================
切片号 | 所属安全域 | 当前状态    | 路扩展 | LRU touched
------------------------------------------------------------------
  0    |   域3      | 正常运行   |  是   |  230200323
  1    |   域2      | 正常运行   |  否   |  230200323
  2    |   域0      | 正常运行   |  否   |  230200321
  3    |   域3      | 正常运行   |  是   |  230200323
==================================================================


======================== 切片硬件状态 ========================
切片号 | 所属安全域 | 当前状态    | 路扩展 | LRU touched
------------------------------------------------------------------
  0    |   域3      | 正常运行   |  是   |  232299991
  1    |   域2      | 正常运行   |  否   |  232299997
  2    |   域0      | 正常运行   |  否   |  232299999
  3    |   域3      | 正常运行   |  是   |  232299999
==================================================================

[动态重分配] 周期232300000：预约迁移 冗余域3(0%) -> 切片0 -> 饥饿域0(7%)
[切片剥夺] 周期232300000：切片0（所属域3）进入待剥夺状态，禁止新替换
[切片剥夺] 周期232300000：切片0在途请求已清空，开始执行脏行写回
[切片管理] 周期232301399：原域3仅剩1个切片，关闭路扩展模式
[动态重分配] 周期232301399：切片0写回完成，自动绑定到域0
[切片管理] 成功绑定切片0 → 安全域0，触发【路扩展模式】

======================== 切片硬件状态 ========================
切片号 | 所属安全域 | 当前状态    | 路扩展 | LRU touched
------------------------------------------------------------------
  0    |   域0      | 正常运行   |  是   |  232301399
  1    |   域2      | 正常运行   |  否   |  232301397
  2    |   域0      | 正常运行   |  是   |  232301399
  3    |   域3      | 正常运行   |  否   |  232301398
==================================================================


======================== 切片硬件状态 ========================
切片号 | 所属安全域 | 当前状态    | 路扩展 | LRU touched
------------------------------------------------------------------
  0    |   域0      | 正常运行   |  是   |  235599999
  1    |   域2      | 正常运行   |  否   |  235599983
  2    |   域0      | 正常运行   |  是   |  235599994
  3    |   域3      | 正常运行   |  否   |  235599997
==================================================================

[动态重分配] 周期235600000：预约迁移 冗余域0(0%) -> 切片0 -> 饥饿域3(6%)
[切片剥夺] 周期235600000：切片0（所属域0）进入待剥夺状态，禁止新替换
[切片剥夺] 周期235600000：切片0在途请求已清空，开始执行脏行写回
[切片管理] 周期235600411：原域0仅剩1个切片，关闭路扩展模式
[动态重分配] 周期235600411：切片0写回完成，自动绑定到域3
[切片管理] 成功绑定切片0 → 安全域3，触发【路扩展模式】

======================== 切片硬件状态 ========================
切片号 | 所属安全域 | 当前状态    | 路扩展 | LRU touched
------------------------------------------------------------------
  0    |   域3      | 正常运行   |  是   |  235600411
  1    |   域2      | 正常运行   |  否   |  235600409
  2    |   域0      | 正常运行   |  否   |  235600411
  3    |   域3      | 正常运行   |  是   |  235600408
==================================================================


======================== 切片硬件状态 ========================
切片号 | 所属安全域 | 当前状态    | 路扩展 | LRU touched
------------------------------------------------------------------
  0    |   域3      | 正常运行   |  是   |  236399997
  1    |   域2      | 正常运行   |  否   |  236399999
  2    |   域0      | 正常运行   |  否   |  236399993
  3    |   域3      | 正常运行   |  是   |  236399983
==================================================================

[动态重分配] 周期236400000：预约迁移 冗余域3(0%) -> 切片0 -> 饥饿域0(8%)
[切片剥夺] 周期236400000：切片0（所属域3）进入待剥夺状态，禁止新替换
[切片剥夺] 周期236400000：切片0在途请求已清空，开始执行脏行写回
[切片管理] 周期236400035：原域3仅剩1个切片，关闭路扩展模式
[动态重分配] 周期236400035：切片0写回完成，自动绑定到域0
[切片管理] 成功绑定切片0 → 安全域0，触发【路扩展模式】

======================== 切片硬件状态 ========================
切片号 | 所属安全域 | 当前状态    | 路扩展 | LRU touched
------------------------------------------------------------------
  0    |   域0      | 正常运行   |  是   |  236400035
  1    |   域2      | 正常运行   |  否   |  236400024
  2    |   域0      | 正常运行   |  是   |  236400034
  3    |   域3      | 正常运行   |  否   |  236400020
==================================================================


======================== 切片硬件状态 ========================
切片号 | 所属安全域 | 当前状态    | 路扩展 | LRU touched
------------------------------------------------------------------
  0    |   域0      | 正常运行   |  是   |  247899988
  1    |   域2      | 正常运行   |  否   |  247899958
  2    |   域0      | 正常运行   |  是   |  247899999
  3    |   域3      | 正常运行   |  否   |  247899996
==================================================================

[动态重分配] 周期247900000：预约迁移 冗余域0(0%) -> 切片0 -> 饥饿域2(6%)
[切片剥夺] 周期247900000：切片0（所属域0）进入待剥夺状态，禁止新替换
[切片剥夺] 周期247900000：切片0在途请求已清空，开始执行脏行写回
[切片管理] 周期247900421：原域0仅剩1个切片，关闭路扩展模式
[动态重分配] 周期247900421：切片0写回完成，自动绑定到域2
[切片管理] 成功绑定切片0 → 安全域2，触发【路扩展模式】

======================== 切片硬件状态 ========================
切片号 | 所属安全域 | 当前状态    | 路扩展 | LRU touched
------------------------------------------------------------------
  0    |   域2      | 正常运行   |  是   |  247900421
  1    |   域2      | 正常运行   |  是   |  247900383
  2    |   域0      | 正常运行   |  否   |  247900420
  3    |   域3      | 正常运行   |  否   |  247900420
==================================================================


======================== 切片硬件状态 ========================
切片号 | 所属安全域 | 当前状态    | 路扩展 | LRU touched
------------------------------------------------------------------
  0    |   域2      | 正常运行   |  是   |  249599959
  1    |   域2      | 正常运行   |  是   |  249599958
  2    |   域0      | 正常运行   |  否   |  249599993
  3    |   域3      | 正常运行   |  否   |  249599999
==================================================================

[动态重分配] 周期249600000：预约迁移 冗余域2(0%) -> 切片0 -> 饥饿域0(8%)
[切片剥夺] 周期249600000：切片0（所属域2）进入待剥夺状态，禁止新替换
[切片剥夺] 周期249600000：切片0在途请求已清空，开始执行脏行写回
[切片管理] 周期249600670：原域2仅剩1个切片，关闭路扩展模式
[动态重分配] 周期249600670：切片0写回完成，自动绑定到域0
[切片管理] 成功绑定切片0 → 安全域0，触发【路扩展模式】

======================== 切片硬件状态 ========================
切片号 | 所属安全域 | 当前状态    | 路扩展 | LRU touched
------------------------------------------------------------------
  0    |   域0      | 正常运行   |  是   |  249600670
  1    |   域2      | 正常运行   |  否   |  249600668
  2    |   域0      | 正常运行   |  是   |  249600670
  3    |   域3      | 正常运行   |  否   |  249600670
==================================================================


======================== 切片硬件状态 ========================
切片号 | 所属安全域 | 当前状态    | 路扩展 | LRU touched
------------------------------------------------------------------
  0    |   域0      | 正常运行   |  是   |  255899999
  1    |   域2      | 正常运行   |  否   |  255900000
  2    |   域0      | 正常运行   |  是   |  255899971
  3    |   域3      | 正常运行   |  否   |  255899987
==================================================================

[动态重分配] 周期255900000：预约迁移 冗余域0(0%) -> 切片0 -> 饥饿域3(6%)
[切片剥夺] 周期255900000：切片0（所属域0）进入待剥夺状态，禁止新替换
[切片剥夺] 周期255900000：切片0在途请求已清空，开始执行脏行写回
[切片管理] 周期255900104：原域0仅剩1个切片，关闭路扩展模式
[动态重分配] 周期255900104：切片0写回完成，自动绑定到域3
[切片管理] 成功绑定切片0 → 安全域3，触发【路扩展模式】

======================== 切片硬件状态 ========================
切片号 | 所属安全域 | 当前状态    | 路扩展 | LRU touched
------------------------------------------------------------------
  0    |   域3      | 正常运行   |  是   |  255900104
  1    |   域2      | 正常运行   |  否   |  255900048
  2    |   域0      | 正常运行   |  否   |  255900018
  3    |   域3      | 正常运行   |  是   |  255900039
==================================================================


======================== 切片硬件状态 ========================
切片号 | 所属安全域 | 当前状态    | 路扩展 | LRU touched
------------------------------------------------------------------
  0    |   域3      | 正常运行   |  是   |  257799998
  1    |   域2      | 正常运行   |  否   |  257800000
  2    |   域0      | 正常运行   |  否   |  257799981
  3    |   域3      | 正常运行   |  是   |  257799999
==================================================================

[动态重分配] 周期257800000：预约迁移 冗余域3(2%) -> 切片0 -> 饥饿域2(8%)
[切片剥夺] 周期257800000：切片0（所属域3）进入待剥夺状态，禁止新替换
[切片剥夺] 周期257800036：切片0在途请求已清空，开始执行脏行写回
[切片管理] 周期257800344：原域3仅剩1个切片，关闭路扩展模式
[动态重分配] 周期257800344：切片0写回完成，自动绑定到域2
[切片管理] 成功绑定切片0 → 安全域2，触发【路扩展模式】

======================== 切片硬件状态 ========================
切片号 | 所属安全域 | 当前状态    | 路扩展 | LRU touched
------------------------------------------------------------------
  0    |   域2      | 正常运行   |  是   |  257800344
  1    |   域2      | 正常运行   |  是   |  257800341
  2    |   域0      | 正常运行   |  否   |  257800224
  3    |   域3      | 正常运行   |  否   |  257800337
==================================================================


======================== 切片硬件状态 ========================
切片号 | 所属安全域 | 当前状态    | 路扩展 | LRU touched
------------------------------------------------------------------
  0    |   域2      | 正常运行   |  是   |  262099968
  1    |   域2      | 正常运行   |  是   |  262100000
  2    |   域0      | 正常运行   |  否   |  262099999
  3    |   域3      | 正常运行   |  否   |  262099995
==================================================================

[动态重分配] 周期262100000：预约迁移 冗余域2(0%) -> 切片1 -> 饥饿域3(6%)
[切片剥夺] 周期262100000：切片1（所属域2）进入待剥夺状态，禁止新替换
[切片剥夺] 周期262100000：切片1在途请求已清空，开始执行脏行写回
[切片管理] 周期262100293：原域2仅剩1个切片，关闭路扩展模式
[动态重分配] 周期262100293：切片1写回完成，自动绑定到域3
[切片管理] 成功绑定切片1 → 安全域3，触发【路扩展模式】

======================== 切片硬件状态 ========================
切片号 | 所属安全域 | 当前状态    | 路扩展 | LRU touched
------------------------------------------------------------------
  0    |   域2      | 正常运行   |  否   |  262100243
  1    |   域3      | 正常运行   |  是   |  262100293
  2    |   域0      | 正常运行   |  否   |  262100254
  3    |   域3      | 正常运行   |  是   |  262100268
==================================================================


======================== 切片硬件状态 ========================
切片号 | 所属安全域 | 当前状态    | 路扩展 | LRU touched
------------------------------------------------------------------
  0    |   域2      | 正常运行   |  否   |  268799991
  1    |   域3      | 正常运行   |  是   |  268799998
  2    |   域0      | 正常运行   |  否   |  268800000
  3    |   域3      | 正常运行   |  是   |  268799997
==================================================================

[动态重分配] 周期268800000：预约迁移 冗余域3(2%) -> 切片1 -> 饥饿域0(12%)
[切片剥夺] 周期268800000：切片1（所属域3）进入待剥夺状态，禁止新替换
[切片剥夺] 周期268800000：切片1在途请求已清空，开始执行脏行写回
[切片管理] 周期268800261：原域3仅剩1个切片，关闭路扩展模式
[动态重分配] 周期268800261：切片1写回完成，自动绑定到域0
[切片管理] 成功绑定切片1 → 安全域0，触发【路扩展模式】

======================== 切片硬件状态 ========================
切片号 | 所属安全域 | 当前状态    | 路扩展 | LRU touched
------------------------------------------------------------------
  0    |   域2      | 正常运行   |  否   |  268800040
  1    |   域0      | 正常运行   |  是   |  268800261
  2    |   域0      | 正常运行   |  是   |  268800238
  3    |   域3      | 正常运行   |  否   |  268800243
==================================================================


======================== 切片硬件状态 ========================
切片号 | 所属安全域 | 当前状态    | 路扩展 | LRU touched
------------------------------------------------------------------
  0    |   域2      | 正常运行   |  否   |  270799998
  1    |   域0      | 正常运行   |  是   |  270799983
  2    |   域0      | 正常运行   |  是   |  270800000
  3    |   域3      | 正常运行   |  否   |  270799994
==================================================================

[动态重分配] 周期270800000：预约迁移 冗余域0(0%) -> 切片2 -> 饥饿域2(9%)
[切片剥夺] 周期270800000：切片2（所属域0）进入待剥夺状态，禁止新替换
[切片剥夺] 周期270800004：切片2在途请求已清空，开始执行脏行写回
[切片管理] 周期270800177：原域0仅剩1个切片，关闭路扩展模式
[动态重分配] 周期270800177：切片2写回完成，自动绑定到域2
[切片管理] 成功绑定切片2 → 安全域2，触发【路扩展模式】

======================== 切片硬件状态 ========================
切片号 | 所属安全域 | 当前状态    | 路扩展 | LRU touched
------------------------------------------------------------------
  0    |   域2      | 正常运行   |  是   |  270800175
  1    |   域0      | 正常运行   |  否   |  270800176
  2    |   域2      | 正常运行   |  是   |  270800177
  3    |   域3      | 正常运行   |  否   |  270800174
==================================================================


======================== 切片硬件状态 ========================
切片号 | 所属安全域 | 当前状态    | 路扩展 | LRU touched
------------------------------------------------------------------
  0    |   域2      | 正常运行   |  是   |  274599949
  1    |   域0      | 正常运行   |  否   |  274599991
  2    |   域2      | 正常运行   |  是   |  274599951
  3    |   域3      | 正常运行   |  否   |  274599959
==================================================================

[动态重分配] 周期274600000：预约迁移 冗余域2(2%) -> 切片0 -> 饥饿域0(16%)
[切片剥夺] 周期274600000：切片0（所属域2）进入待剥夺状态，禁止新替换
[切片剥夺] 周期274600192：切片0在途请求已清空，开始执行脏行写回
[切片管理] 周期274606459：原域2仅剩1个切片，关闭路扩展模式
[动态重分配] 周期274606459：切片0写回完成，自动绑定到域0
[切片管理] 成功绑定切片0 → 安全域0，触发【路扩展模式】

======================== 切片硬件状态 ========================
切片号 | 所属安全域 | 当前状态    | 路扩展 | LRU touched
------------------------------------------------------------------
  0    |   域0      | 正常运行   |  是   |  274606459
  1    |   域0      | 正常运行   |  是   |  274606458
  2    |   域2      | 正常运行   |  否   |  274606457
  3    |   域3      | 正常运行   |  否   |  274606458
==================================================================


======================== 切片硬件状态 ========================
切片号 | 所属安全域 | 当前状态    | 路扩展 | LRU touched
------------------------------------------------------------------
  0    |   域0      | 正常运行   |  是   |  276399991
  1    |   域0      | 正常运行   |  是   sim_aux_config sim_reg_stats block_ |  276399998
  2    |   域2      | 正常运行   |  否   |  276399999
  3    |   域3      | 正常运行   |  否   |  276400000
==================================================================

[动态重分配] 周期276400000：预约迁移 冗余域0(1%) -> 切片1 -> 饥饿域2(22%)
[切片剥夺] 周期276400000：切片1（所属域0）进入待剥夺状态，禁止新替换
[切片剥夺] 周期276400000：切片1在途请求已清空，开始执行脏行写回
[切片管理] 周期276400188：原域0仅剩1个切片，关闭路扩展模式
[动态重分配] 周期276400188：切片1写回完成，自动绑定到域2
[切片管理] 成功绑定切片1 → 安全域2，触发【路扩展模式】

======================== 切片硬件状态 ========================
切片号 | 所属安全域 | 当前状态    | 路扩展 | LRU touched
------------------------------------------------------------------
  0    |   域0      | 正常运行   |  否   |  276400035
  1    |   域2      | 正常运行   |  是   |  276400188
  2    |   域2      | 正常运行   |  是   |  276400188
  3    |   域3      | 正常运行   |  否   |  276400186
==================================================================


======================== 切片硬件状态 ========================
切片号 | 所属安全域 | 当前状态    | 路扩展 | LRU touched
------------------------------------------------------------------
  0    |   域0      | 正常运行   |  否   |  284099951
  1    |   域2      | 正常运行   |  是   |  284099998
  2    |   域2      | 正常运行   |  是   |  284099998
  3    |   域3      | 正常运行   |  否   |  284099999
==================================================================

[动态重分配] 周期284100000：预约迁移 冗余域2(0%) -> 切片1 -> 饥饿域0(6%)
[切片剥夺] 周期284100000：切片1（所属域2）进入待剥夺状态，禁止新替换
[切片剥夺] 周期284100000：切片1在途请求已清空，开始执行脏行写回
[切片管理] 周期284100247：原域2仅剩1个切片，关闭路扩展模式
[动态重分配] 周期284100247：切片1写回完成，自动绑定到域0
[切片管理] 成功绑定切片1 → 安全域0，触发【路扩展模式】

======================== 切片硬件状态 ========================
切片号 | 所属安全域 | 当前状态    | 路扩展 | LRU touched
------------------------------------------------------------------
  0    |   域0      | 正常运行   |  是   |  284100247
  1    |   域0      | 正常运行   |  是   |  284100247
  2    |   域2      | 正常运行   |  否   |  284100244
  3    |   域3      | 正常运行   |  否   |  284100241
==================================================================


======================== 切片硬件状态 ========================
切片号 | 所属安全域 | 当前状态    | 路扩展 | LRU touched
------------------------------------------------------------------
  0    |   域0      | 正常运行   |  是   |  295100000
  1    |   域0      | 正常运行   |  是   |  295099998
  2    |   域2      | 正常运行   |  否   |  295099999
  3    |   域3      | 正常运行   |  否   |  295099995
==================================================================

[动态重分配] 周期295100000：预约迁移 冗余域0(5%) -> 切片0 -> 饥饿域2(22%)
[切片剥夺] 周期295100000：切片0（所属域0）进入待剥夺状态，禁止新替换
[切片剥夺] 周期295100000：切片0在途请求已清空，开始执行脏行写回
[切片管理] 周期295100161：原域0仅剩1个切片，关闭路扩展模式
[动态重分配] 周期295100161：切片0写回完成，自动绑定到域2
[切片管理] 成功绑定切片0 → 安全域2，触发【路扩展模式】

======================== 切片硬件状态 ========================
切片号 | 所属安全域 | 当前状态    | 路扩展 | LRU touched
------------------------------------------------------------------
  0    |   域2      | 正常运行   |  是   |  295100161
  1    |   域0      | 正常运行   |  否   |  295100072
  2    |   域2      | 正常运行   |  是   |  295100044
  3    |   域3      | 正常运行   |  否   |  295100051
==================================================================


======================== 切片硬件状态 ========================
切片号 | 所属安全域 | 当前状态    | 路扩展 | LRU touched
------------------------------------------------------------------
  0    |   域2      | 正常运行   |  是   |  295199882
  1    |   域0      | 正常运行   |  否   |  295199998
  2    |   域2      | 正常运行   |  是   |  295199997
  3    |   域3      | 正常运行   |  否   |  295199999
==================================================================

[动态重分配] 周期295200000：预约迁移 冗余域2(1%) -> 切片2 -> 饥饿域0(10%)
[切片剥夺] 周期295200000：切片2（所属域2）进入待剥夺状态，禁止新替换
[切片剥夺] 周期295200000：切片2在途请求已清空，开始执行脏行写回
[切片管理] 周期295200050：原域2仅剩1个切片，关闭路扩展模式
[动态重分配] 周期295200050：切片2写回完成，自动绑定到域0
[切片管理] 成功绑定切片2 → 安全域0，触发【路扩展模式】

======================== 切片硬件状态 ========================
切片号 | 所属安全域 | 当前状态    | 路扩展 | LRU touched
------------------------------------------------------------------
  0    |   域2      | 正常运行   |  否   |  295200050
  1    |   域0      | 正常运行   |  是   |  295200017
  2    |   域0      | 正常运行   |  是   |  295200050
  3    |   域3      | 正常运行   |  否   |  295200049
==================================================================


======================== 切片硬件状态 ========================
切片号 | 所属安全域 | 当前状态    | 路扩展 | LRU touched
------------------------------------------------------------------
  0    |   域2      | 正常运行   |  否   |  295599989
  1    |   域0      | 正常运行   |  是   |  295599992
  2    |   域0      | 正常运行   |  是   |  295599995
  3    |   域3      | 正常运行   |  否   |  295600000
==================================================================

[动态重分配] 周期295600000：预约迁移 冗余域0(0%) -> 切片1 -> 饥饿域2(6%)
[切片剥夺] 周期295600000：切片1（所属域0）进入待剥夺状态，禁止新替换
[切片剥夺] 周期295600000：切片1在途请求已清空，开始执行脏行写回
[切片管理] 周期295602318：原域0仅剩1个切片，关闭路扩展模式
[动态重分配] 周期295602318：切片1写回完成，自动绑定到域2
[切片管理] 成功绑定切片1 → 安全域2，触发【路扩展模式】

======================== 切片硬件状态 ========================
切片号 | 所属安全域 | 当前状态    | 路扩展 | LRU touched
------------------------------------------------------------------
  0    |   域2      | 正常运行   |  是   |  295602311
  1    |   域2      | 正常运行   |  是   |  295602318
  2    |   域0      | 正常运行   |  否   |  295602302
  3    |   域3      | 正常运行   |  否   |  295602317
==================================================================


======================== 切片硬件状态 ========================
切片号 | 所属安全域 | 当前状态    | 路扩展 | LRU touched
------------------------------------------------------------------
  0    |   域2      | 正常运行   |  是   |  298100000
  1    |   域2      | 正常运行   |  是   |  298099992
  2    |   域0      | 正常运行   |  否   |  298099999
  3    |   域3      | 正常运行   |  否   |  298099996
==================================================================

[动态重分配] 周期298100000：预约迁移 冗余域2(0%) -> 切片0 -> 饥饿域0(7%)
[切片剥夺] 周期298100000：切片0（所属域2）进入待剥夺状态，禁止新替换
[切片剥夺] 周期298100000：切片0在途请求已清空，开始执行脏行写回
[切片管理] 周期298103221：原域2仅剩1个切片，关闭路扩展模式
[动态重分配] 周期298103221：切片0写回完成，自动绑定到域0
[切片管理] 成功绑定切片0 → 安全域0，触发【路扩展模式】

======================== 切片硬件状态 ========================
切片号 | 所属安全域 | 当前状态    | 路扩展 | LRU touched
------------------------------------------------------------------
  0    |   域0      | 正常运行   |  是   |  298103221
  1    |   域2      | 正常运行   |  否   |  298103220
  2    |   域0      | 正常运行   |  是   |  298103208
  3    |   域3      | 正常运行   |  否   |  298103221
==================================================================


======================== 切片硬件状态 ========================
切片号 | 所属安全域 | 当前状态    | 路扩展 | LRU touched
------------------------------------------------------------------
  0    |   域0      | 正常运行   |  是   |  299099999
  1    |   域2      | 正常运行   |  否   |  299100000
  2    |   域0      | 正常运行   |  是   |  299099997
  3    |   域3      | 正常运行   |  否   |  299099996
==================================================================

[动态重分配] 周期299100000：预约迁移 冗余域0(0%) -> 切片0 -> 饥饿域2(7%)
[切片剥夺] 周期299100000：切片0（所属域0）进入待剥夺状态，禁止新替换
[切片剥夺] 周期299100000：切片0在途请求已清空，开始执行脏行写回
[切片管理] 周期299100731：原域0仅剩1个切片，关闭路扩展模式
[动态重分配] 周期299100731：切片0写回完成，自动绑定到域2
[切片管理] 成功绑定切片0 → 安全域2，触发【路扩展模式】

======================== 切片硬件状态 ========================
切片号 | 所属安全域 | 当前状态    | 路扩展 | LRU touched
------------------------------------------------------------------
  0    |   域2      | 正常运行   |  是   |  299100731
  1    |   域2      | 正常运行   |  是   |  299100722
  2    |   域0      | 正常运行   |  否   |  299100726
  3    |   域3      | 正常运行   |  否   |  299100730
==================================================================


**** Debug Statistics at 301000000 Cycles *****
Threads: 4		Fetch Width: 8
No of useful instructions fetched:	666927771 (27.70% proc util.)
No of total instructions fetched:	1017120472 (42.24% proc util.)
 includes 60208748 misfetch (5.9%), 289983953 (28.5%) wrong-path fetches
 and 0 flushed after failed lock(0.0%)
No of useful instructions issued/executed:	666927748 (27.70% proc util.)
No of total instructions issued/executed:	805462024 (33.45% proc util.)
 includes 138534276 wrong-path (17.2%) insts and 0 flushed (0.0%)
	fp 46308, 0.01%
	synch 0, 0.00%
	integer 538719920, 66.88%
	load/store 266695796, 33.11%
Avg size of int IQ (before scheduling): 23.40
Avg size of fp IQ (before scheduling): 0.00
No of cycles taken:		301000000
Parallelism [ 0.598, 0.000, 0.591, 1.026,] = 2.216
 IQ conflicts: 3256457 (1.08%), FQ conflicts: 0 (0.00%) 
 I reg conflicts: 137229305 (45.59%), FP reg conflicts: 0 (0.00%)
  Activelist confs: 846 (0.00%), ROB confs: 252379 (0.08%)
  Int unit conflicts: 244721943 (81.30%), FP unit conflicts: 6 (0.00%)
  Load/store unit conflicts: 45661216 (15.17%)
  MSHR conflicts: 166723668 (55.39%)
----------------------------------------
==== System-wide Cache Statistics ====
Stall for miss queue full 1672 cycles (0.00%)
----------------------------------------
==== Statistics for Master ID: 0 ====
Reads: 157344193   Writes: 25093821
ICACHE: size: 64 KB assoc: 2
ICACHE: hits:89551802 misses:3070332  Hit Ratio: 96.69%
DCACHE: size: 1*16 KB assoc: 1*4
DCACHE: hits:87990484 misses:1826388 writebacks:577814  Hit Ratio: 97.97%
SCACHE: size: 512 KB assoc: 2
SCACHE: hits:3696291 misses:1199435  Hit Ratio: 75.50%
3CACHE: size: 4096 KB assoc: 2
3CACHE: hits:1053108 misses:146327  Hit Ratio: 87.80%
3CACHE: dirty items replaced:38387
ITLB: size: 48, misses 189125, miss rate 0.20%
DTLB: size: 128, misses 282692, miss rate 0.31%
Avg mem delay: 3.080 cycles
----------------------------------------
==== Statistics for Master ID: 2 ====
Reads: 143481703   Writes: 24096516
ICACHE: size: 64 KB assoc: 2
ICACHE: hits:81466218 misses:2954260  Hit Ratio: 96.50%
DCACHE: size: 2*16 KB assoc: 2*4
DCACHE: hits:81387658 misses:1771393 writebacks:478077  Hit Ratio: 97.87%
SCACHE: size: 512 KB assoc: 2
SCACHE: hits:3381499 misses:1342844  Hit Ratio: 71.58%
3CACHE: size: 4096 KB assoc: 2
3CACHE: hits:1096965 misses:245878  Hit Ratio: 81.69%
3CACHE: dirty items replaced:44672
ITLB: size: 48, misses 264567, miss rate 0.31%
DTLB: size: 128, misses 292373, miss rate 0.35%
Avg mem delay: 3.080 cycles
----------------------------------------
==== Statistics for Master ID: 3 ====
Reads: 177837834   Writes: 27397990
ICACHE: size: 64 KB assoc: 2
ICACHE: hits:112114825 misses:50849  Hit Ratio: 99.95%
DCACHE: size: 1*16 KB assoc: 1*4
DCACHE: hits:89174011 misses:3896928 writebacks:1849888  Hit Ratio: 95.81%
SCACHE: size: 512 KB assoc: 2
SCACHE: hits:1472325 misses:2474663  Hit Ratio: 37.30%
3CACHE: size: 4096 KB assoc: 2
3CACHE: hits:316393 misses:2158270  Hit Ratio: 12.79%
3CACHE: dirty items replaced:81538
ITLB: size: 48, misses 1014, miss rate 0.00%
DTLB: size: 128, misses 218010, miss rate 0.23%
Avg mem delay: 3.080 cycles
----------------------------------------
==== Global Resource Utilization ====
STASH: size: 65536 entries, full 1186006031, empty 46500964, misses 4266475, full rate 95.90
icache bank util. 0.123 0.105 0.097 0.113 0.134 0.185 0.129 0.136 
dcache bank util. 0.109 0.116 0.121 0.113 0.143 0.127 0.147 0.112 
L2 bank util. 0.038 0.041 0.039 0.041 0.039 0.036 0.040 0.046 
L1-L2 bus util. = 0.164, L3 util. = 0.085
----------------------------------------

======================== 切片硬件状态 ========================
切片号 | 所属安全域 | 当前状态    | 路扩展 | LRU touched
------------------------------------------------------------------
  0    |   域2      | 正常运行   |  是   |  300999995
  1    |   域2      | 正常运行   |  是   |  300999999
  2    |   域0      | 正常运行   |  否   |  300999939
  3    |   域3      | 正常运行   |  否   |  300999997
==================================================================

branch prediction, hits = 61209498, misses = 12720457, hit rate = 82.79%
return_stack prediction, hits = 6643788, misses = 5489, hit rate = 99.92%
jump prediction, hits = 56889825, misses = 15268650, hit rate = 78.84%

======================== 切片硬件状态 ========================
切片号 | 所属安全域 | 当前状态    | 路扩展 | LRU touched
------------------------------------------------------------------
  0    |   域2      | 正常运行   |  是   |  313599977
  1    |   域2      | 正常运行   |  是   |  313599976
  2    |   域0      | 正常运行   |  否   |  313599988
  3    |   域3      | 正常运行   |  否   |  313599998
==================================================================

[动态重分配] 周期313600000：预约迁移 冗余域2(1%) -> 切片1 -> 饥饿域0(7%)
[切片剥夺] 周期313600000：切片1（所属域2）进入待剥夺状态，禁止新替换
[切片剥夺] 周期313600000：切片1在途请求已清空，开始执行脏行写回
[切片管理] 周期313601309：原域2仅剩1个切片，关闭路扩展模式
[动态重分配] 周期313601309：切片1写回完成，自动绑定到域0
[切片管理] 成功绑定切片1 → 安全域0，触发【路扩展模式】

======================== 切片硬件状态 ========================
切片号 | 所属安全域 | 当前状态    | 路扩展 | LRU touched
------------------------------------------------------------------
  0    |   域2      | 正常运行   |  否   |  313601308
  1    |   域0      | 正常运行   |  是   |  313601309
  2    |   域0      | 正常运行   |  是   |  313601307
  3    |   域3      | 正常运行   |  否   |  313601307
==================================================================


======================== 切片硬件状态 ========================
切片号 | 所属安全域 | 当前状态    | 路扩展 | LRU touched
------------------------------------------------------------------
  0    |   域2      | 正常运行   |  否   |  315599999
  1    |   域0      | 正常运行   |  是   |  315599969
  2    |   域0      | 正常运行   |  是   |  315599997
  3    |   域3      | 正常运行   |  否   |  315599999
==================================================================

[动态重分配] 周期315600000：预约迁移 冗余域0(4%) -> 切片2 -> 饥饿域2(12%)
[切片剥夺] 周期315600000：切片2（所属域0）进入待剥夺状态，禁止新替换
[切片剥夺] 周期315600000：切片2在途请求已清空，开始执行脏行写回
[切片管理] 周期315600043：原域0仅剩1个切片，关闭路扩展模式
[动态重分配] 周期315600043：切片2写回完成，自动绑定到域2
[切片管理] 成功绑定切片2 → 安全域2，触发【路扩展模式】

======================== 切片硬件状态 ========================
切片号 | 所属安全域 | 当前状态    | 路扩展 | LRU touched
------------------------------------------------------------------
  0    |   域2      | 正常运行   |  是   |  315599999
  1    |   域0      | 正常运行   |  否   |  315599969
  2    |   域2      | 正常运行   |  是   |  315600043
  3    |   域3      | 正常运行   |  否   |  315599999
==================================================================


======================== 切片硬件状态 ========================
切片号 | 所属安全域 | 当前状态    | 路扩展 | LRU touched
------------------------------------------------------------------
  0    |   域2      | 正常运行   |  是   |  316399995
  1    |   域0      | 正常运行   |  否   |  316399993
  2    |   域2      | 正常运行   |  是   |  316400000
  3    |   域3      | 正常运行   |  否   |  316399997
==================================================================

[动态重分配] 周期316400000：预约迁移 冗余域2(1%) -> 切片0 -> 饥饿域0(8%)
[切片剥夺] 周期316400000：切片0（所属域2）进入待剥夺状态，禁止新替换
[切片剥夺] 周期316400000：切片0在途请求已清空，开始执行脏行写回
[切片管理] 周期316400321：原域2仅剩1个切片，关闭路扩展模式
[动态重分配] 周期316400321：切片0写回完成，自动绑定到域0
[切片管理] 成功绑定切片0 →  sim_init sim_aux_stats sim_uninit安全域0，触发【路扩展模式】

======================== 切片硬件状态 ========================
切片号 | 所属安全域 | 当前状态    | 路扩展 | LRU touched
------------------------------------------------------------------
  0    |   域0      | 正常运行   |  是   |  316400321
  1    |   域0      | 正常运行   |  是   |  316400301
  2    |   域2      | 正常运行   |  否   |  316400100
  3    |   域3      | 正常运行   |  否   |  316400321
==================================================================


======================== 切片硬件状态 ========================
切片号 | 所属安全域 | 当前状态    | 路扩展 | LRU touched
------------------------------------------------------------------
  0    |   域0      | 正常运行   |  是   |  325900000
  1    |   域0      | 正常运行   |  是   |  325900000
  2    |   域2      | 正常运行   |  否   |  325899969
  3    |   域3      | 正常运行   |  否   |  325899999
==================================================================

[动态重分配] 周期325900000：预约迁移 冗余域0(0%) -> 切片0 -> 饥饿域2(6%)
[切片剥夺] 周期325900000：切片0（所属域0）进入待剥夺状态，禁止新替换
[切片剥夺] 周期325900000：切片0在途请求已清空，开始执行脏行写回
[切片管理] 周期325901355：原域0仅剩1个切片，关闭路扩展模式
[动态重分配] 周期325901355：切片0写回完成，自动绑定到域2
[切片管理] 成功绑定切片0 → 安全域2，触发【路扩展模式】

======================== 切片硬件状态 ========================
切片号 | 所属安全域 | 当前状态    | 路扩展 | LRU touched
------------------------------------------------------------------
  0    |   域2      | 正常运行   |  是   |  325901355
  1    |   域0      | 正常运行   |  否   |  325901355
  2    |   域2      | 正常运行   |  是   |  325901253
  3    |   域3      | 正常运行   |  否   |  325901354
==================================================================


======================== 切片硬件状态 ========================
切片号 | 所属安全域 | 当前状态    | 路扩展 | LRU touched
------------------------------------------------------------------
  0    |   域2      | 正常运行   |  是   |  329599999
  1    |   域0      | 正常运行   |  否   |  329599999
  2    |   域2      | 正常运行   |  是   |  329599821
  3    |   域3      | 正常运行   |  否   |  329599994
==================================================================

[动态重分配] 周期329600000：预约迁移 冗余域2(0%) -> 切片0 -> 饥饿域3(6%)
[切片剥夺] 周期329600000：切片0（所属域2）进入待剥夺状态，禁止新替换
[切片剥夺] 周期329600000：切片0在途请求已清空，开始执行脏行写回
[切片管理] 周期329601181：原域2仅剩1个切片，关闭路扩展模式
[动态重分配] 周期329601181：切片0写回完成，自动绑定到域3
[切片管理] 成功绑定切片0 → 安全域3，触发【路扩展模式】

======================== 切片硬件状态 ========================
切片号 | 所属安全域 | 当前状态    | 路扩展 | LRU touched
------------------------------------------------------------------
  0    |   域3      | 正常运行   |  是   |  329601181
  1    |   域0      | 正常运行   |  否   |  329601180
  2    |   域2      | 正常运行   |  否   |  329601181
  3    |   域3      | 正常运行   |  是   |  329601169
==================================================================


======================== 切片硬件状态 ========================
切片号 | 所属安全域 | 当前状态    | 路扩展 | LRU touched
------------------------------------------------------------------
  0    |   域3      | 正常运行   |  是   |  331899919
  1    |   域0      | 正常运行   |  否   |  331899858
  2    |   域2      | 正常运行   |  否   |  331899898
  3    |   域3      | 正常运行   |  是    ruu_init ruu_dumpent ruu_dump lsq_init lsq_dump|  331899920
==================================================================

[动态重分配] 周期331900000：预约迁移 冗余域3(4%) -> 切片0 -> 饥饿域0(34%)
[切片剥夺] 周期331900000：切片0（所属域3）进入待剥夺状态，禁止新替换
[切片剥夺] 周期331900000：切片0在途请求已清空，开始执行脏行写回
[切片管理] 周期331902386：原域3仅剩1个切片，关闭路扩展模式
[动态重分配] 周期331902386：切片0写回完成，自动绑定到域0
[切片管理] 成功绑定切片0 → 安全域0，触发【路扩展模式】

======================== 切片硬件状态 ========================
切片号 | 所属安全域 | 当前状态    | 路扩展 | LRU touched
------------------------------------------------------------------
  0    |   域0      | 正常运行   |  是   |  331902386
  1    |   域0      | 正常运行   |  是   |  331902372
  2    |   域2      | 正常运行   |  否   |  331902379
  3    |   域3      | 正常运行   |  否   |  331902372
==================================================================


======================== 切片硬件状态 ========================
切片号 | 所属安全域 | 当前状态    | 路扩展 | LRU touched
------------------------------------------------------------------
  0    |   域0      | 正常运行   |  是   |  338099693
  1    |   域0      | 正常运行   |  是   |  338099984
  2    |   域2      | 正常运行   |  否   |  338099993
  3    |   域3      | 正常运行   |  否   |  338099995
==================================================================

[动态重分配] 周期338100000：预约迁移 冗余域0(0%) -> 切片1 -> 饥饿域2(9%)
[切片剥夺] 周期338100000：切片1（所属域0）进入待剥夺状态，禁止新替换
[切片剥夺] 周期338100232：切片1在途请求已清空，开始执行脏行写回
[切片管理] 周期338100857：原域0仅剩1个切片，关闭路扩展模式
[动态重分配] 周期338100857：切片1写回完成，自动绑定到域2
[切片管理] 成功绑定切片1 → 安全域2，触发【路扩展模式】

======================== 切片硬件状态 ========================
切片号 | 所属安全域 | 当前状态    | 路扩展 | LRU touched
------------------------------------------------------------------
  0    |   域0      | 正常运行   |  否   |  338100843
  1    |   域2      | 正常运行   |  是   |  338100857
  2    |   域2      | 正常运行   |  是   |  338100843
  3    |   域3      | 正常运行   |  否   |  338100843
==================================================================


======================== 切片硬件状态 ========================
切片号 | 所属安全域 | 当前状态    | 路扩展 | LRU touched
------------------------------------------------------------------
  0    |   域0      | 正常运行   |  否   |  342399971
  1    |   域2      | 正常运行   |  是   |  342399997
  2    |   域2      | 正常运行   |  是   |  342399999
  3    |   域3      | 正常运行   |  否   |  342399994
==================================================================

[动态重分配] 周期342400000：预约迁移 冗余域2(0%) -> 切片1 -> 饥饿域0(26%)
[切片剥夺] 周期342400000：切片1（所属域2）进入待剥夺状态，禁止新替换
[切片剥夺] 周期342400000：切片1在途请求已清空，开始执行脏行写回
[切片管理] 周期342400173：原域2仅剩1个切片，关闭路扩展模式
[动态重分配] 周期342400173：切片1写回完成，自动绑定到域0
[切片管理] 成功绑定切片1 → 安全域0，触发【路扩展模式】

======================== 切片硬件状态 ========================
切片号 | 所属安全域 | 当前状态    | 路扩展 | LRU touched
------------------------------------------------------------------
  0    |   域0      | 正常运行   |  是   |  342400082
  1    |   域0      | 正常运行   |  是   |  342400173
  2    |   域2      | 正常运行   |  否   |  342400037
  3   rslink_init ruu_release_fu eventq_init eventq_dump eventq_queue_event blockdis_ eventq_next_event readyq_init readyq_dump readyq_enqueue  |   域3      | 正常运行   |  否   |  342400087
==================================================================


======================== 切片硬件状态 ========================
切片号 | 所属安全域 | 当前状态    | 路扩展 | LRU touched
------------------------------------------------------------------
  0    |   域0      | 正常运行   |  是   |  343999993
  1    |   域0      | 正常运行   |  是   |  344000000
  2    |   域2      | 正常运行   |  否   |  343999998
  3    |   域3      | 正常运行   |  否   |  343999997
==================================================================

[动态重分配] 周期344000000：预约迁移 冗余域0(0%) -> 切片0 -> 饥饿域3(6%)
[切片剥夺] 周期344000000：切片0（所属域0）进入待剥夺状态，禁止新替换
[切片剥夺] 周期344000000：切片0在途请求已清空，开始执行脏行写回
[切片管理] 周期344002092：原域0仅剩1个切片，关闭路扩展模式
[动态重分配] 周期344002092：切片0写回完成，自动绑定到域3
[切片管理] 成功绑定切片0 → 安全域3，触发【路扩展模式】

======================== 切片硬件状态 ========================
切片号 | 所属安全域 | 当前状态    | 路扩展 | LRU touched
------------------------------------------------------------------
  0    |   域3      | 正常运行   |  是   |  344002092
  1    |   域0      | 正常运行   |  否   |  344002092
  2    |   域2      | 正常运行   |  否   |  344002089
  3    |   域3      | 正常运行   |  是   |  344002087
==================================================================


======================== 切片硬件状态 ========================
切片号 | 所属安全域 | 当前状态    | 路扩展 | LRU touched
------------------------------------------------------------------
  0    |   域3      | 正常运行   |  是   |  349999996
  1    |   域0      | 正常运行   |  否   |  350000000
  2    |   域2      | 正常运行   |  否   |  349999939
  3    |   域3      | 正常运行   |  是   |  350000000
==================================================================

[动态重分配] 周期350000000：预约迁移 冗余域3(0%) -> 切片0 -> 饥饿域2(6%)
[切片剥夺] 周期350000000：切片0（所属域3）进入待剥夺状态，禁止新替换
[切片剥夺] 周期350000000：切片0在途请求已清空，开始执行脏行写回
[切片管理] 周期350002269：原域3仅剩1个切片，关闭路扩展模式
[动态重分配] 周期350002269：切片0写回完成，自动绑定到域2
[切片管理] 成功绑定切片0 → 安全域2，触发【路扩展模式】

======================== 切片硬件状态 ========================
切片号 | 所属安全域 | 当前状态    | 路扩展 | LRU touched
------------------------------------------------------------------
  0    |   域2      | 正常运行   |  是   |  350002269
  1    |   域0      | 正常运行   |  否   |  350002257
  2    |   域2      | 正常运行   |  是   |  350002260
  3    |   域3      | 正常运行   |  否   |  350002266
==================================================================


======================== 切片硬件状态 ========================
切片号 | 所属安全域 | 当前状态    | 路扩展 | LRU touched
------------------------------------------------------------------
  0    |   域2      | 正常运行   |  是   |  361599790
  1    |   域0      | 正常运行   |  否   |  361599716
  2    |   域2      | 正常运行   |  是   |  361599788
  3    |   域3      | 正常运行   |  否   |  361599803
==================================================================

[动态重分配] 周期361600000：预约迁移 冗余域2(0%) -> 切片0 -> 饥饿域0(6%)
[切片剥夺] 周期361600000：切片0（所属域2）进入待剥夺状态，禁止新替换
[切片剥夺] 周期361600000：切片0在途请求已清空，开始执行脏行写回
[切片管理] 周期361614215：原域2仅剩1个切片，关闭路扩展� cv_init cv_dump ruu_commit ruu_recover ruu_writeback�式
[动态重分配] 周期361614215：切片0写回完成，自动绑定到域0
[切片管理] 成功绑定切片0 → 安全域0，触发【路扩展模式】

======================== 切片硬件状态 ========================
切片号 | 所属安全域 | 当前状态    | 路扩展 | LRU touched
------------------------------------------------------------------
  0    |   域0      | 正常运行   |  是   |  361614215
  1    |   域0      | 正常运行   |  是   |  361614202
  2    |   域2      | 正常运行   |  否   |  361614075
  3    |   域3      | 正常运行   |  否   |  361614208
==================================================================


======================== 切片硬件状态 ========================
切片号 | 所属安全域 | 当前状态    | 路扩展 | LRU touched
------------------------------------------------------------------
  0    |   域0      | 正常运行   |  是   |  365099994
  1    |   域0      | 正常运行   |  是   |  365100000
  2    |   域2      | 正常运行   |  否   |  365099999
  3    |   域3      | 正常运行   |  否   |  365099999
==================================================================

[动态重分配] 周期365100000：预约迁移 冗余域0(0%) -> 切片0 -> 饥饿域3(6%)
[切片剥夺] 周期365100000：切片0（所属域0）进入待剥夺状态，禁止新替换
[切片剥夺] 周期365100000：切片0在途请求已清空，开始执行脏行写回
[切片管理] 周期365105004：原域0仅剩1个切片，关闭路扩展模式
[动态重分配] 周期365105004：切片0写回完成，自动绑定到域3
[切片管理] 成功绑定切片0 → 安全域3，触发【路扩展模式】

======================== 切片硬件状态 ========================
切片号 | 所属安全域 | 当前状态    | 路扩展 | LRU touched
------------------------------------------------------------------
  0    |   域3      | 正常运行   |  是   |  365105004
  1    |   域0      | 正常运行   |  否   |  365105001
  2    |   域2      | 正常运行   |  否   |  365105004
  3    |   域3      | 正常运行   |  是   |  365105001
==================================================================


======================== 切片硬件状态 ========================
切片号 | 所属安全域 | 当前状态    | 路扩展 | LRU touched
------------------------------------------------------------------
  0    |   域3      | 正常运行   |  是   |  367699995
  1    |   域0      | 正常运行   |  否   |  367699998
  2    |   域2      | 正常运行   |  否   |  367699997
  3    |   域3      | 正常运行   |  是   |  367698845
==================================================================

[动态重分配] 周期367700000：预约迁移 冗余域3(1%) -> 切片0 -> 饥饿域2(13%)
[切片剥夺] 周期367700000：切片0（所属域3）进入待剥夺状态，禁止新替换
[切片剥夺] 周期367700000：切片0在途请求已清空，开始执行脏行写回
[切片管理] 周期367713945：原域3仅剩1个切片，关闭路扩展模式
[动态重分配] 周期367713945：切片0写回完成，自动绑定到域2
[切片管理] 成功绑定切片0 → 安全域2，触发【路扩展模式】

======================== 切片硬件状态 ========================
切片号 | 所属安全域 | 当前状态    | 路扩展 | LRU touched
------------------------------------------------------------------
  0    |   域2      | 正常运行   |  是   |  367713945
  1    |   域0      | 正常运行   |  否   |  367713940
  2    |   域2      | 正常运行   |  是   |  367713945
  3    |   域3      | 正常运行   |  否   |  367713943
==================================================================


======================== 切片硬件状态 ========================
切片号 | 所属安全域 | 当前状态    | 路扩展 | LRU touched
------------------------------------------------------------------
  0    |   域2      | 正常运行   |  是   |  385199980
  1    |   域0      | 正常运行   |  否 lsq_refresh ruu_issue   |  385199974
  2    |   域2      | 正常运行   |  是   |  385199937
  3    |   域3      | 正常运行   |  否   |  385199929
==================================================================

[动态重分配] 周期385200000：预约迁移 冗余域2(4%) -> 切片0 -> 饥饿域0(19%)
[切片剥夺] 周期385200000：切片0（所属域2）进入待剥夺状态，禁止新替换
[切片剥夺] 周期385200000：切片0在途请求已清空，开始执行脏行写回
[切片管理] 周期385200101：原域2仅剩1个切片，关闭路扩展模式
[动态重分配] 周期385200101：切片0写回完成，自动绑定到域0
[切片管理] 成功绑定切片0 → 安全域0，触发【路扩展模式】

======================== 切片硬件状态 ========================
切片号 | 所属安全域 | 当前状态    | 路扩展 | LRU touched
------------------------------------------------------------------
  0    |   域0      | 正常运行   |  是   |  385200101
  1    |   域0      | 正常运行   |  是   |  385199974
  2    |   域2      | 正常运行   |  否   |  385200021
  3    |   域3      | 正常运行   |  否   |  385200037
==================================================================


======================== 切片硬件状态 ========================
切片号 | 所属安全域 | 当前状态    | 路扩展 | LRU touched
------------------------------------------------------------------
  0    |   域0      | 正常运行   |  是   |  385699939
  1    |   域0      | 正常运行   |  是   |  385699630
  2    |   域2      | 正常运行   |  否   |  385699857
  3    |   域3      | 正常运行   |  否   |  385699988
==================================================================

[动态重分配] 周期385700000：预约迁移 冗余域0(1%) -> 切片1 -> 饥饿域2(7%)
[切片剥夺] 周期385700000：切片1（所属域0）进入待剥夺状态，禁止新替换
[切片剥夺] 周期385700000：切片1在途请求已清空，开始执行脏行写回
[切片管理] 周期385700230：原域0仅剩1个切片，关闭路扩展模式
[动态重分配] 周期385700230：切片1写回完成，自动绑定到域2
[切片管理] 成功绑定切片1 → 安全域2，触发【路扩展模式】

======================== 切片硬件状态 ========================
切片号 | 所属安全域 | 当前状态    | 路扩展 | LRU touched
------------------------------------------------------------------
  0    |   域0      | 正常运行   |  否   |  385699939
  1    |   域2      | 正常运行   |  是   |  385700230
  2    |   域2      | 正常运行   |  是   |  385699857
  3    |   域3      | 正常运行   |  否   |  385699988
==================================================================


======================== 切片硬件状态 ========================
切片号 | 所属安全域 | 当前状态    | 路扩展 | LRU touched
------------------------------------------------------------------
  0    |   域0      | 正常运行   |  否   |  395399998
  1    |   域2      | 正常运行   |  是   |  395399998
  2    |   域2      | 正常运行   |  是   |  395399996
  3    |   域3      | 正常运行   |  否   |  395400000
==================================================================

[动态重分配] 周期395400000：预约迁移 冗余域2(0%) -> 切片1 -> 饥饿域0(20%)
[切片剥夺] 周期395400000：切片1（所属域2）进入待剥夺状态，禁止新替换
[切片剥夺] 周期395400000：切片1在途请求已清空，开始执行脏行写回
[切片管理] 周期395400248：原域2仅剩1个切片，关闭路扩展模式
[动态重分配] 周期395400248：切片1写回完成，自动绑定到域0
[切片管理] 成功绑定切片1 → 安全域0，触发【路扩展模式】

======================== 切片硬件状态 ========================
切片号 | 所属安全域 | 当前状态    | 路扩展 | LRU touched
------------------------------------------------------------------
  0    |   域0      | 正常运行   |  是   |  395400247
   rspec_dump tracer_recover1    |   域0      | 正常运行   |  是   |  395400248
  2    |   域2      | 正常运行   |  否   |  395400078
  3    |   域3      | 正常运行   |  否   |  395400074
==================================================================


======================== 切片硬件状态 ========================
切片号 | 所属安全域 | 当前状态    | 路扩展 | LRU touched
------------------------------------------------------------------
  0    |   域0      | 正常运行   |  是   |  400299889
  1    |   域0      | 正常运行   |  是   |  400299892
  2    |   域2      | 正常运行   |  否   |  400299997
  3    |   域3      | 正常运行   |  否   |  400299997
==================================================================

[动态重分配] 周期400300000：预约迁移 冗余域0(0%) -> 切片0 -> 饥饿域2(6%)
[切片剥夺] 周期400300000：切片0（所属域0）进入待剥夺状态，禁止新替换
[切片剥夺] 周期400300000：切片0在途请求已清空，开始执行脏行写回
[切片管理] 周期400301308：原域0仅剩1个切片，关闭路扩展模式
[动态重分配] 周期400301308：切片0写回完成，自动绑定到域2
[切片管理] 成功绑定切片0 → 安全域2，触发【路扩展模式】

======================== 切片硬件状态 ========================
切片号 | 所属安全域 | 当前状态    | 路扩展 | LRU touched
------------------------------------------------------------------
  0    |   域2      | 正常运行   |  是   |  400301308
  1    |   域0      | 正常运行   |  否   |  400301305
  2    |   域2      | 正常运行   |  是   |  400301307
  3    |   域3      | 正常运行   |  否   |  400301308
==================================================================


**** Debug Statistics at 401000000 Cycles *****
Threads: 4		Fetch Width: 8
No of useful instructions fetched:	972977976 (30.33% proc util.)
No of total instructions fetched:	1474608380 (45.97% proc util.)
 includes 77618925 misfetch (5.3%), 424011479 (28.8%) wrong-path fetches
 and 0 flushed after failed lock(0.0%)
No of useful instructions issued/executed:	972977957 (30.33% proc util.)
No of total instructions issued/executed:	1179130669 (36.76% proc util.)
 includes 206152712 wrong-path (17.5%) insts and 0 flushed (0.0%)
	fp 65409, 0.01%
	synch 0, 0.00%
	integer 791214424, 67.10%
	load/store 387850836, 32.89%
Avg size of int IQ (before scheduling): 24.67
Avg size of fp IQ (before scheduling): 0.01
No of cycles taken:		401000000
Parallelism [ 0.616, 0.000, 0.663, 1.148,] = 2.426
 IQ conflicts: 6897388 (1.72%), FQ conflicts: 0 (0.00%) 
 I reg conflicts: 160557787 (40.04%), FP reg conflicts: 0 (0.00%)
  Activelist confs: 2781 (0.00%), ROB confs: 407730 (0.10%)
  Int unit conflicts: 378809007 (94.47%), FP unit conflicts: 8 (0.00%)
  Load/store unit conflicts: 67031690 (16.72%)
  MSHR conflicts: 189296284 (47.21%)
----------------------------------------
==== System-wide Cache Statistics ====
Stall for miss queue full 3012 cycles (0.00%)
----------------------------------------
==== Statistics for Master ID: 0 ====
Reads: 214867059   Writes: 34178171
ICACHE: size: 64 KB assoc: 2
ICACHE: hits:122672010 misses:4224453  Hit Ratio: 96.67%
DCACHE: size: 1*16 KB assoc: 1*4
DCACHE: hits:119642823 misses:2507660 writebacks:747013  Hit Ratio: 97.95%
SCACHE: size: 512 KB assoc: 2
SCACHE: hits:4952350 misses:1778045  Hit Ratio: 73.58%
3CACHE: size: 4096 KB assoc: 2
3CACHE: hits:1522393 misses:255652  Hit Ratio: 85.62%
3CACHE: dirty items replaced:82985
ITLB: size: 48, misses 302293, miss rate 0.24%
DTLB: size: 128, misses 434171, miss rate 0.36%
Avg mem delay: 2.701 cycles
----------------------------------------
==== Statistics for Master ID: 2 ====
Reads: 214946100   Writes: 36327542
ICACHE: size: 64 KB assoc: 2
ICACHE: hits:122566751 misses:3821033  Hit Ratio: 96.98%
DCACHE: size: 2*16 KB assoc: 2*4
DCACHE: hits:122113502 misses:2774297 writebacks:684424  Hit Ratio: 97.78%
SCACHE: size: 512 KB assoc: 2
SCACHE: hits:4790192 misses:1803197  Hit Ratio: 72.65%
3CACHE: size: 4096 KB assoc: 2
3CACHE: hits:1485016 misses:318181  Hit Ratio: 82.35%
3CACHE: dirty items replaced:78511
ITLB: size: 48, misses 344062, miss rate 0.27%
DTLB: size: 128, misses 517308, miss rate 0.41%
Avg mem delay: 2.701 cycles
----------------------------------------
==== Statistics for Master ID: 3 ====
Reads: 267441650   Writes: 39856108
ICACHE: size: 64 KB assoc: 2
ICACHE: hits:167248045 misses:74895  Hit Ratio: 99.96%
DCACHE: size: 1*16 KB assoc: 1*4
DCACHE: hits:134887981 misses:5088078 writebacks:2344744  Hit Ratio: 96.37%
SCACHE: size: 512 KB assoc: 2
SCACHE: hits:2431311 misses:2730421  Hit Ratio: 47.10%
3CACHE: size: 4096 KB assoc: 2
3CACHE: hits:527098 misses:2203322  Hit Ratio: 19.30%
3CACHE: dirty items replaced:98226
ITLB: size: 48, misses 1545, miss rate 0.00%
DTLB: size: 128, misses 291294, miss rate 0.21%
Avg mem delay: 2.701 cycles
----------------------------------------
==== Global Resource Utilization ====
STASH: size: 65536 entries, full 1681719879, empty 64247817, misses 5793813, full rate 96.00
icache bank util. 0.134 0.114 0.106 0.126 0.150 0.190 0.142 0.149 
dcache bank util. 0.116 0.128 0.137 0.125 0.157 0.128 0.161 0.119 
L2 bank util. 0.039 0.041 0.039 0.041 0.039 0.037 0.040 0.045 
L1-L2 bus util. = 0.167, L3 util. = 0.069
----------------------------------------

======================== 切片硬件状态 ========================
切片号 | 所属安全域 | 当前状态    | 路扩展 | LRU touched
------------------------------------------------------------------
  0    |   域2      | 正常运行   |  是   |  400999998
  1    |   域0      | 正常运行   |  否   |  400999999
  2    |   域2      | 正常运行   |  是   |  400999998
  3    |   域3      | 正常运行   |  否   |  400999984
==================================================================

branch prediction, hits = 87131300, misses = 17741808, hit rate = 83.08%
return_stack prediction, hits = 10002495, misses = 10691, hit rate = 99.89%
jump prediction, hits = 84293265, misses = 19901817, hit rate = 80.90%
 tracer_init spec_mem_access mspec_dump simoo_mem_obj caconv_ calrms_
======================== 切片硬件状态 ========================
切片号 | 所属安全域 | 当前状态    | 路扩展 | LRU touched
------------------------------------------------------------------
  0    |   域2      | 正常运行   |  是   |  404600000
  1    |   域0      | 正常运行   |  否   |  404599998
  2    |   域2      | 正常运行   |  是   |  404599993
  3    |   域3      | 正常运行   |  否   |  404599996
==================================================================

[动态重分配] 周期404600000：预约迁移 冗余域2(0%) -> 切片0 -> 饥饿域3(6%)
[切片剥夺] 周期404600000：切片0（所属域2）进入待剥夺状态，禁止新替换
[切片剥夺] 周期404600112：切片0在途请求已清空，开始执行脏行写回
[切片管理] 周期404600198：原域2仅剩1个切片，关闭路扩展模式
[动态重分配] 周期404600198：切片0写回完成，自动绑定到域3
[切片管理] 成功绑定切片0 → 安全域3，触发【路扩展模式】

======================== 切片硬件状态 ========================
切片号 | 所属安全域 | 当前状态    | 路扩展 | LRU touched
------------------------------------------------------------------
  0    |   域3      | 正常运行   |  是   |  404600198
  1    |   域0      | 正常运行   |  否   |  404600196
  2    |   域2      | 正常运行   |  否   |  404600194
  3    |   域3      | 正常运行   |  是   |  404600196
==================================================================


======================== 切片硬件状态 ========================
切片号 | 所属安全域 | 当前状态    | 路扩展 | LRU touched
------------------------------------------------------------------
  0    |   域3      | 正常运行   |  是   |  427999957
  1    |   域0      | 正常运行   |  否   |  428000000
  2    |   域2      | 正常运行   |  否   |  428000000
  3    |   域3      | 正常运行   |  是   |  427999999
==================================================================

[动态重分配] 周期428000000：预约迁移 冗余域3(1%) -> 切片0 -> 饥饿域2(10%)
[切片剥夺] 周期428000000：切片0（所属域3）进入待剥夺状态，禁止新替换
[切片剥夺] 周期428000000：切片0在途请求已清空，开始执行脏行写回
[切片管理] 周期428009157：原域3仅剩1个切片，关闭路扩展模式
[动态重分配] 周期428009157：切片0写回完成，自动绑定到域2
[切片管理] 成功绑定切片0 → 安全域2，触发【路扩展模式】

======================== 切片硬件状态 ========================
切片号 | 所属安全域 | 当前状态    | 路扩展 | LRU touched
------------------------------------------------------------------
  0    |   域2      | 正常运行   |  是   |  428009157
  1    |   域0      | 正常运行   |  否   |  428009157
  2    |   域2      | 正常运行   |  是   |  428009157
  3    |   域3      | 正常运行   |  否   |  428009148
==================================================================


======================== 切片硬件状态 ========================
切片号 | 所属安全域 | 当前状态    | 路扩展 | LRU touched
------------------------------------------------------------------
  0    |   域2      | 正常运行   |  是   |  434399955
  1    |   域0      | 正常运行   |  否   |  434399676
  2    |   域2      | 正常运行   |  是   |  434399999
  3    |   域3      | 正常运行   |  否   |  434400000
==================================================================

[动态重分配] 周期434400000：预约迁移 冗余域2(1%) -> 切片2 -> 饥饿域0(10%)
[切片剥夺] 周期434400000：切片2（所属域2）进入待剥夺状态，禁止新替换
[切片剥夺] 周期434400000：切片2在途请求已清空，开始执行脏行写回
[切片管理] 周期434400275：原域2仅剩1个切片，关闭路扩展模式
[动态重分配] 周期434400275：切片2写回完成，自动绑定到域0
[切片管理] 成功绑定切片2 → chroma_ ruu_link_idep ruu_install_odep InstSRA InstSRAV 安全域0，触发【路扩展模式】

======================== 切片硬件状态 ========================
切片号 | 所属安全域 | 当前状态    | 路扩展 | LRU touched
------------------------------------------------------------------
  0    |   域2      | 正常运行   |  否   |  434399955
  1    |   域0      | 正常运行   |  是   |  434399676
  2    |   域0      | 正常运行   |  是   |  434400275
  3    |   域3      | 正常运行   |  否   |  434400092
==================================================================


======================== 切片硬件状态 ========================
切片号 | 所属安全域 | 当前状态    | 路扩展 | LRU touched
------------------------------------------------------------------
  0    |   域2      | 正常运行   |  否   |  453000000
  1    |   域0      | 正常运行   |  是   |  452999991
  2    |   域0      | 正常运行   |  是   |  452999998
  3    |   域3      | 正常运行   |  否   |  452999999
==================================================================

[动态重分配] 周期453000000：预约迁移 冗余域0(2%) -> 切片1 -> 饥饿域2(16%)
[切片剥夺] 周期453000000：切片1（所属域0）进入待剥夺状态，禁止新替换
[切片剥夺] 周期453000000：切片1在途请求已清空，开始执行脏行写回
[切片管理] 周期453000098：原域0仅剩1个切片，关闭路扩展模式
[动态重分配] 周期453000098：切片1写回完成，自动绑定到域2
[切片管理] 成功绑定切片1 → 安全域2，触发【路扩展模式】

======================== 切片硬件状态 ========================
切片号 | 所属安全域 | 当前状态    | 路扩展 | LRU touched
------------------------------------------------------------------
  0    |   域2      | 正常运行   |  是   |  453000095
  1    |   域2      | 正常运行   |  是   |  453000098
  2    |   域0      | 正常运行   |  否   |  453000088
  3    |   域3      | 正常运行   |  否   |  453000088
==================================================================


======================== 切片硬件状态 ========================
切片号 | 所属安全域 | 当前状态    | 路扩展 | LRU touched
------------------------------------------------------------------
  0    |   域2      | 正常运行   |  是   |  464000000
  1    |   域2      | 正常运行   |  是   |  463999997
  2    |   域0      | 正常运行   |  否   |  463999989
  3    |   域3      | 正常运行   |  否   |  463999998
==================================================================

[动态重分配] 周期464000000：预约迁移 冗余域2(0%) -> 切片0 -> 饥饿域3(6%)
[切片剥夺] 周期464000000：切片0（所属域2）进入待剥夺状态，禁止新替换
[切片剥夺] 周期464000000：切片0在途请求已清空，开始执行脏行写回
[切片管理] 周期464005317：原域2仅剩1个切片，关闭路扩展模式
[动态重分配] 周期464005317：切片0写回完成，自动绑定到域3
[切片管理] 成功绑定切片0 → 安全域3，触发【路扩展模式】

======================== 切片硬件状态 ========================
切片号 | 所属安全域 | 当前状态    | 路扩展 | LRU touched
------------------------------------------------------------------
  0    |   域3      | 正常运行   |  是   |  464005317
  1    |   域2      | 正常运行   |  否   |  464005310
  2    |   域0      | 正常运行   |  否   |  464005290
  3    |   域3      | 正常运行   |  是   |  464005315
==================================================================


======================== 切片硬件状态 ========================
切片号 | 所属安全域 | 当前状态    | 路扩展 | LRU touched
------------------------------------------------------------------
  0    |   域3      | 正常运行   |  是   |  468999997
  1    |   域2      | 正常运行   |  否   |  469000000
  2    |   域0      | 正常运行   |  否   |  469000000
  3    |   域3      | 正常运行   |  是  InstMULT  |  468999999
==================================================================

[动态重分配] 周期469000000：预约迁移 冗余域3(2%) -> 切片3 -> 饥饿域2(8%)
[切片剥夺] 周期469000000：切片3（所属域3）进入待剥夺状态，禁止新替换
[切片剥夺] 周期469000000：切片3在途请求已清空，开始执行脏行写回
[切片管理] 周期469000284：原域3仅剩1个切片，关闭路扩展模式
[动态重分配] 周期469000284：切片3写回完成，自动绑定到域2
[切片管理] 成功绑定切片3 → 安全域2，触发【路扩展模式】

======================== 切片硬件状态 ========================
切片号 | 所属安全域 | 当前状态    | 路扩展 | LRU touched
------------------------------------------------------------------
  0    |   域3      | 正常运行   |  否   |  469000104
  1    |   域2      | 正常运行   |  是   |  469000183
  2    |   域0      | 正常运行   |  否   |  469000180
  3    |   域2      | 正常运行   |  是   |  469000284
==================================================================


======================== 切片硬件状态 ========================
切片号 | 所属安全域 | 当前状态    | 路扩展 | LRU touched
------------------------------------------------------------------
  0    |   域3      | 正常运行   |  否   |  472299998
  1    |   域2      | 正常运行   |  是   |  472299995
  2    |   域0      | 正常运行   |  否   |  472299906
  3    |   域2      | 正常运行   |  是   |  472299998
==================================================================

[动态重分配] 周期472300000：预约迁移 冗余域2(1%) -> 切片1 -> 饥饿域0(7%)
[切片剥夺] 周期472300000：切片1（所属域2）进入待剥夺状态，禁止新替换
[切片剥夺] 周期472300000：切片1在途请求已清空，开始执行脏行写回
[切片管理] 周期472300242：原域2仅剩1个切片，关闭路扩展模式
[动态重分配] 周期472300242：切片1写回完成，自动绑定到域0
[切片管理] 成功绑定切片1 → 安全域0，触发【路扩展模式】

======================== 切片硬件状态 ========================
切片号 | 所属安全域 | 当前状态    | 路扩展 | LRU touched
------------------------------------------------------------------
  0    |   域3      | 正常运行   |  否   |  472300242
  1    |   域0      | 正常运行   |  是   |  472300242
  2    |   域0      | 正常运行   |  是   |  472299906
  3    |   域2      | 正常运行   |  否   |  472300225
==================================================================


======================== 切片硬件状态 ========================
切片号 | 所属安全域 | 当前状态    | 路扩展 | LRU touched
------------------------------------------------------------------
  0    |   域3      | 正常运行   |  否   |  474599999
  1    |   域0      | 正常运行   |  是   |  474599986
  2    |   域0      | 正常运行   |  是   |  474599910
  3    |   域2      | 正常运行   |  否   |  474600000
==================================================================

[动态重分配] 周期474600000：预约迁移 冗余域0(1%) -> 切片1 -> 饥饿域2(10%)
[切片剥夺] 周期474600000：切片1（所属域0）进入待剥夺状态，禁止新替换
[切片剥夺] 周期474600000：切片1在途请求已清空，开始执行脏行写回
[切片管理] 周期474601188：原域0仅剩1个切片，关闭路扩展模式
[动态重分配] 周期474601188：切片1写回完成，自动绑定到域2
[切片管理] 成功绑定切片1 → 安全域2，触发【路扩展模式】

======================== 切片硬件状态 ========================
切片号 | 所属安全域 | 当前状态    | 路扩展 | LRU touched
------------------------------------------------------------------
  0    |   域3      | 正常运行   |  否   |  474601188
  1    |   域2      | 正常运行   |  是   |  474601188
  2    |   域0      | 正常运行   |  否   |  474601165
  3  InstMULTU   |   域2      | 正常运行   |  是   |  474601185
==================================================================


======================== 切片硬件状态 ========================
切片号 | 所属安全域 | 当前状态    | 路扩展 | LRU touched
------------------------------------------------------------------
  0    |   域3      | 正常运行   |  否   |  475900000
  1    |   域2      | 正常运行   |  是   |  475899991
  2    |   域0      | 正常运行   |  否   |  475899999
  3    |   域2      | 正常运行   |  是   |  475899993
==================================================================

[动态重分配] 周期475900000：预约迁移 冗余域2(0%) -> 切片1 -> 饥饿域0(7%)
[切片剥夺] 周期475900000：切片1（所属域2）进入待剥夺状态，禁止新替换
[切片剥夺] 周期475900000：切片1在途请求已清空，开始执行脏行写回
[切片管理] 周期475904193：原域2仅剩1个切片，关闭路扩展模式
[动态重分配] 周期475904193：切片1写回完成，自动绑定到域0
[切片管理] 成功绑定切片1 → 安全域0，触发【路扩展模式】

======================== 切片硬件状态 ========================
切片号 | 所属安全域 | 当前状态    | 路扩展 | LRU touched
------------------------------------------------------------------
  0    |   域3      | 正常运行   |  否   |  475904189
  1    |   域0      | 正常运行   |  是   |  475904193
  2    |   域0      | 正常运行   |  是   |  475904192
  3    |   域2      | 正常运行   |  否   |  475904182
==================================================================


======================== 切片硬件状态 ========================
切片号 | 所属安全域 | 当前状态    | 路扩展 | LRU touched
------------------------------------------------------------------
  0    |   域3      | 正常运行   |  否   |  479999904
  1    |   域0      | 正常运行   |  是   |  479999880
  2    |   域0      | 正常运行   |  是   |  479999899
  3    |   域2      | 正常运行   |  否   |  479999894
==================================================================

[动态重分配] 周期480000000：预约迁移 冗余域0(0%) -> 切片1 -> 饥饿域3(6%)
[切片剥夺] 周期480000000：切片1（所属域0）进入待剥夺状态，禁止新替换
[切片剥夺] 周期480000028：切片1在途请求已清空，开始执行脏行写回
[切片管理] 周期480000261：原域0仅剩1个切片，关闭路扩展模式
[动态重分配] 周期480000261：切片1写回完成，自动绑定到域3
[切片管理] 成功绑定切片1 → 安全域3，触发【路扩展模式】

======================== 切片硬件状态 ========================
切片号 | 所属安全域 | 当前状态    | 路扩展 | LRU touched
------------------------------------------------------------------
  0    |   域3      | 正常运行   |  是   |  480000261
  1    |   域3      | 正常运行   |  是   |  480000261
  2    |   域0      | 正常运行   |  否   |  480000055
  3    |   域2      | 正常运行   |  否   |  480000038
==================================================================


======================== 切片硬件状态 ========================
切片号 | 所属安全域 | 当前状态    | 路扩展 | LRU touched
------------------------------------------------------------------
  0    |   域3      | 正常运行   |  是   |  480599997
  1    |   域3      | 正常运行   |  是   |  480599991
  2    |   域0      | 正常运行   |  否   |  480599997
  3    |   域2      | 正常运行   |  否   |  480600000
==================================================================

[动态重分配] 周期480600000：预约迁移 冗余域3(0%) -> 切片0 -> 饥饿域0(7%)
[切片剥夺] 周期480600000：切片0（所属域3）进入待剥夺状态，禁止新替换
[切片剥夺] 周期480600000：切片0在途请求已清空，开始执行脏行写回
[切片管理] 周期480600203：原域3仅剩1个切片，关闭路扩展� simoo_reg_obj��式
[动态重分配] 周期480600203：切片0写回完成，自动绑定到域0
[切片管理] 成功绑定切片0 → 安全域0，触发【路扩展模式】

======================== 切片硬件状态 ========================
切片号 | 所属安全域 | 当前状态    | 路扩展 | LRU touched
------------------------------------------------------------------
  0    |   域0      | 正常运行   |  是   |  480600203
  1    |   域3      | 正常运行   |  否   |  480600092
  2    |   域0      | 正常运行   |  是   |  480600006
  3    |   域2      | 正常运行   |  否   |  480600114
==================================================================


======================== 切片硬件状态 ========================
切片号 | 所属安全域 | 当前状态    | 路扩展 | LRU touched
------------------------------------------------------------------
  0    |   域0      | 正常运行   |  是   |  482799994
  1    |   域3      | 正常运行   |  否   |  482800000
  2    |   域0      | 正常运行   |  是   |  482799980
  3    |   域2      | 正常运行   |  否   |  482799997
==================================================================

[动态重分配] 周期482800000：预约迁移 冗余域0(1%) -> 切片0 -> 饥饿域2(8%)
[切片剥夺] 周期482800000：切片0（所属域0）进入待剥夺状态，禁止新替换
[切片剥夺] 周期482800000：切片0在途请求已清空，开始执行脏行写回
[切片管理] 周期482800614：原域0仅剩1个切片，关闭路扩展模式
[动态重分配] 周期482800614：切片0写回完成，自动绑定到域2
[切片管理] 成功绑定切片0 → 安全域2，触发【路扩展模式】

======================== 切片硬件状态 ========================
切片号 | 所属安全域 | 当前状态    | 路扩展 | LRU touched
------------------------------------------------------------------
  0    |   域2      | 正常运行   |  是   |  482800614
  1    |   域3      | 正常运行   |  否   |  482800614
  2    |   域0      | 正常运行   |  否   |  482800607
  3    |   域2      | 正常运行   |  是   |  482800614
==================================================================


======================== 切片硬件状态 ========================
切片号 | 所属安全域 | 当前状态    | 路扩展 | LRU touched
------------------------------------------------------------------
  0    |   域2      | 正常运行   |  是   |  486299997
  1    |   域3      | 正常运行   |  否   |  486300000
  2    |   域0      | 正常运行   |  否   |  486300000
  3    |   域2      | 正常运行   |  是   |  486299994
==================================================================

[动态重分配] 周期486300000：预约迁移 冗余域2(0%) -> 切片0 -> 饥饿域0(6%)
[切片剥夺] 周期486300000：切片0（所属域2）进入待剥夺状态，禁止新替换
[切片剥夺] 周期486300000：切片0在途请求已清空，开始执行脏行写回
[切片管理] 周期486300278：原域2仅剩1个切片，关闭路扩展模式
[动态重分配] 周期486300278：切片0写回完成，自动绑定到域0
[切片管理] 成功绑定切片0 → 安全域0，触发【路扩展模式】

======================== 切片硬件状态 ========================
切片号 | 所属安全域 | 当前状态    | 路扩展 | LRU touched
------------------------------------------------------------------
  0    |   域0      | 正常运行   |  是   |  486300278
  1    |   域3      | 正常运行   |  否   |  486300052
  2    |   域0      | 正常运行   |  是   |  486300097
  3    |   域2      | 正常运行   |  否   |  486300068
==================================================================


======================== 切片硬件状态 ========================
切片号 | 所属安全域 | 当前状态    | 路扩展 | LRU touched
------------------------------------------------------------------
  0    |   域0      | 正常运行   |  是   |  494100000
  1    |   域3      | 正常运行   |  否   |  494099994
  2    |   域0      | 正常运行   |  是   |  494099997
  3    |   域2      | 正常运行   |  否   |  494099996
==================================================================

[动态重分配] 周期494100000：预约迁移 冗余域0(0%) -> 切片0 -> 饥饿域2(9%)
[切片剥夺] 周期494100000：切片0（所属域0）进入待剥夺状态，禁止新替换
[切片剥夺] 周期494100000：切片0在途请求已清空，开始执行脏行写回
[切片管理] 周期494102543：原域0仅剩1个切片，关闭路扩展模式
[动态重分配] 周期494102543：切片0写回完成，自动绑定到域2
[切片管理] 成功绑定切片0 → 安全域2，触发【路扩展模式】

======================== 切片硬件状态 ========================
切片号 | 所属安全域 | 当前状态    | 路扩展 | LRU touched
------------------------------------------------------------------
  0    |   域2      | 正常运行   |  是   |  494102543
  1    |   域3      | 正常运行   |  否   |  494102535
  2    |   域0      | 正常运行   |  否   |  494102531
  3    |   域2      | 正常运行   |  是   |  494102540
==================================================================


======================== 切片硬件状态 ========================
切片号 | 所属安全域 | 当前状态    | 路扩展 | LRU touched
------------------------------------------------------------------
  0    |   域2      | 正常运行   |  是   |  498299998
  1    |   域3      | 正常运行   |  否   |  498299999
  2    |   域0      | 正常运行   |  否   |  498299999
  3    |   域2      | 正常运行   |  是   |  498299991
==================================================================

[动态重分配] 周期498300000：预约迁移 冗余域2(0%) -> 切片0 -> 饥饿域3(6%)
[切片剥夺] 周期498300000：切片0（所属域2）进入待剥夺状态，禁止新替换
[切片剥夺] 周期498300136：切片0在途请求已清空，开始执行脏行写回
[切片管理] 周期498300285：原域2仅剩1个切片，关闭路扩展模式
[动态重分配] 周期498300285：切片0写回完成，自动绑定到域3
[切片管理] 成功绑定切片0 → 安全域3，触发【路扩展模式】

======================== 切片硬件状态 ========================
切片号 | 所属安全域 | 当前状态    | 路扩展 | LRU touched
------------------------------------------------------------------
  0    |   域3      | 正常运行   |  是   |  498300285
  1    |   域3      | 正常运行   |  是   |  498300283
  2    |   域0      | 正常运行   |  否   |  498300279
  3    |   域2      | 正常运行   |  否   |  498300284
==================================================================


**** Debug Statistics at 501000000 Cycles *****
Threads: 4		Fetch Width: 8
No of useful instructions fetched:	1289240638 (32.17% proc util.)
No of total instructions fetched:	1973665757 (49.24% proc util.)
 includes 100978200 misfetch (5.1%), 583446919 (29.6%) wrong-path fetches
 and 0 flushed after failed lock(0.0%)
No of useful instructions issued/executed:	1289240617 (32.17% proc util.)
No of total instructions issued/executed:	1573508197 (39.26% proc util.)
 includes 284267580 wrong-path (18.1%) insts and 0 flushed (0.0%)
	fp 87277, 0.01%
	synch 0, 0.00%
	integer 1057202808, 67.19%
	load/store 516218112, 32.81%
Avg size of int IQ (before scheduling): 24.98
Avg size of fp IQ (before scheduling): 0.01
No of cycles taken:		501000000
Parallelism [ 0.641, 0.000, 0.697, 1.236,] = 2.573
 IQ conflicts: 8791414 (1.75%), FQ conflicts: 0 (0.00%) 
 I reg conflicts: 179151685 (35.76%), FP reg conflicts: 0 (0.00%)
  Activelist confs: 3785 (0.00%), ROB confs: 531705 (0.11%)
  Int unit conflicts: 515279437 (102.85%), FP unit conflicts: 11 (0.00%)
  Load/store unit conflicts: 89072118 (17.78%)
  MSHR conflicts: 212192455 (42.35%)
----------------------------------------
==== System-wide Cache Statistics ====
Stall for miss queue full 3989 cycles (0.00%)
----------------------------------------
==== Statistics for Master ID: 0 ====
Reads: 282751641   Writes: 44984389
ICACHE: size: 64 KB assoc: 2
ICACHE: hits:161525717 misses:5615343  Hit Ratio: 96.64%
DCACHE: size: 1*16 KB assoc: 1*4
DCACHE: hits:157432112 misses:3165013 writebacks:934854  Hit Ratio: 98.03%
SCACHE: size: 512 KB assoc: 2
SCACHE: hits:6540791 misses:2237409  Hit Ratio: 74.51%
3CACHE: size: 4096 KB assoc: 2
3CACHE: hits:1906475 misses:330934  Hit Ratio: 85.21%
3CACHE: dirty items replaced:119442
ITLB: size: 48, misses 420732, miss rate 0.25%
DTLB: size: 128, misses 566364, miss rate 0.35%
Avg mem delay: 2.416 cycles
----------------------------------------
==== Statistics for Master ID: 2 ====
Reads: 286307372   Writes: 47689130
ICACHE: size: 64 KB assoc: 2
ICACHE: hits:163347287 misses:5022617  Hit Ratio: 97.02%
DCACHE: size: 1*16 KB assoc: 1*4
DCACHE: hits:162096153 misses:3532989 writebacks:906108  Hit Ratio: 97.87%
SCACHE: size: 512 KB assoc: 2
SCACHE: hits:6275414 misses:2277648  Hit Ratio: 73.37%
3CACHE: size: 4096 KB assoc: 2
3CACHE: hits:1877593 misses:400055  Hit Ratio: 82.44%
3CACHE: dirty items replaced:120361
ITLB: size: 48, misses 456058, miss rate 0.27%
DTLB: size: 128, misses 667827, miss rate 0.40%
Avg mem delay: 2.416 cycles
----------------------------------------
==== Statistics for Master ID: 3 ====
Reads: 363372346   Writes: 52469759
ICACHE: size: 64 KB assoc: 2
ICACHE: hits:226832435 misses:104390  Hit Ratio: 99.95%
DCACHE: size: 2*16 KB assoc: 2*4
DCACHE: hits:182586461 misses:6320470 writebacks:2831751  Hit Ratio: 96.65%
SCACHE: size: 512 KB assoc: 2
SCACHE: hits:3450131 misses:2973078  Hit Ratio: 53.71%
3CACHE: size: 4096 KB assoc: 2
3CACHE: hits:729245 misses:2243832  Hit Ratio: 24.53%
3CACHE: dirty items replaced:116339
ITLB: size: 48, misses 2130, miss rate 0.00%
DTLB: size: 128, misses 360985, miss rate 0.19%
Avg mem delay: 2.416 cycles
----------------------------------------
==== Global Resource Utilization ====
STASH: size: 65536 entries, full 2221720426, empty 84315955, misses 7512644, full rate 96.03
icache bank util. 0.143 0.122 0.113 0.135 0.161 0.199 0.154 0.160 
dcache bank util. 0.123 0.135 0.147 0.133 0.167 0.131 0.172 0.127 
L2 bank util. 0.040 0.042 0.040 0.042 0.039 0.037 0.040 0.045 
L1-L2 bus util. = 0.170, L3 util. = 0.059
----------------------------------------

======================== 切片硬件状态 ========================
切片号 | 所属安全域 | 当前状态    | 路扩展 | LRU touched
------------------------------------------------------------------
  0    |   域3      | 正常运行   |  是   |  500999913
  1    |   域3      | 正常运行   |  是   |  500999913
  2    |   域0      | 正常运行   |  否   |  500999999
  3    |   域2      | 正常运行   |  否   |  500999990
==================================================================

branch prediction, hits = 112398316, misses = 23961677, hit rate = 82.43%
return_stack prediction, hits = 13191314, misses = 15883, hit rate = 99.88%
jump prediction, hits = 109842029, misses = 26109507, hit rate = 80.79%
 cinvar_
======================== 切片硬件状态 ========================
切片号 | 所属安全域 | 当前状态    | 路扩展 | LRU touched
------------------------------------------------------------------
  0    |   域3      | 正常运行   |  是   |  505399955
  1    |   域3      | 正常运行   |  是   |  505399955
  2    |   域0      | 正常运行   |  否   |  505399994
  3    |   域2      | 正常运行   |  否   |  505400000
==================================================================

[动态重分配] 周期505400000：预约迁移 冗余域3(0%) -> 切片0 -> 饥饿域0(7%)
[切片剥夺] 周期505400000：切片0（所属域3）进入待剥夺状态，禁止新替换
[切片剥夺] 周期505400036：切片0在途请求已清空，开始执行脏行写回
[切片管理] 周期505403123：原域3仅剩1个切片，关闭路扩展模式
[动态重分配] 周期505403123：切片0写回完成，自动绑定到域0
[切片管理] 成功绑定切片0 → 安全域0，触发【路扩展模式】

======================== 切片硬件状态 ========================
切片号 | 所属安全域 | 当前状态    | 路扩展 | LRU touched
------------------------------------------------------------------
  0    |   域0      | 正常运行   |  是   |  505403123
  1    |   域3      | 正常运行   |  否   |  505403095
  2    |   域0      | 正常运行   |  是   |  505403110
  3    |   域2      | 正常运行   |  否   |  505403123
==================================================================


======================== 切片硬件状态 ========================
切片号 | 所属安全域 | 当前状态    | 路扩展 | LRU touched
------------------------------------------------------------------
  0    |   域0      | 正常运行   |  是   |  510999998
  1    |   域3      | 正常运行   |  否   |  510999998
  2    |   域0      | 正常运行   |  是   |  510999988
  3    |   域2      | 正常运行   |  否   |  510999980
==================================================================

[动态重分配] 周期511000000：预约迁移 冗余域0(0%) -> 切片0 -> 饥饿域2(8%)
[切片剥夺] 周期511000000：切片0（所属域0）进入待剥夺状态，禁止新替换
[切片剥夺] 周期511000000：切片0在途请求已清空，开始执行脏行写回
[切片管理] 周期511000254：原域0仅剩1个切片，关闭路扩展模式
[动态重分配] 周期511000254：切片0写回完成，自动绑定到域2
[切片管理] 成功绑定切片0 → 安全域2，触发【路扩展模式】

======================== 切片硬件状态 ========================
切片号 | 所属安全域 | 当前状态    | 路扩展 | LRU touched
------------------------------------------------------------------
  0    |   域2      | 正常运行   |  是   |  511000254
  1    |   域3      | 正常运行   |  否   |  511000189
  2    |   域0      | 正常运行   |  否   |  511000254
  3    |   域2      | 正常运行   |  是   |  511000179
==================================================================


======================== 切片硬件状态 ========================
切片号 | 所属安全域 | 当前状态    | 路扩展 | LRU touched
------------------------------------------------------------------
  0    |   域2      | 正常运行   |  是   |  518999966
  1    |   域3      | 正常运行   |  否   |  518999998
  2    |   域0      | 正常运行   |  否   |  518999841
  3    |   域2      | 正常运行   |  是   |  518999996
==================================================================

[动态重分配] 周期519000000：预约迁移 冗余域2(0%) -> 切片0 -> 饥饿域0(6%)
[切片剥夺] 周期519000000：切片0（所属域2）进入待剥夺状态，禁止新替换
[切片剥夺] 周期519000000：切片0在途请求已清空，开始执行脏行写回
[切片管理] 周期519002106：原域2仅剩1个切片，关闭路扩展模式
[动态重分配] 周期519002106：切片0写回完成，自动绑定到域0
[切片管理] 成功绑定切片0 → � ruu_dispatch clor6_��全域0，触发【路扩展模式】

======================== 切片硬件状态 ========================
切片号 | 所属安全域 | 当前状态    | 路扩展 | LRU touched
------------------------------------------------------------------
  0    |   域0      | 正常运行   |  是   |  519002106
  1    |   域3      | 正常运行   |  否   |  519002106
  2    |   域0      | 正常运行   |  是   |  519002101
  3    |   域2      | 正常运行   |  否   |  519002099
==================================================================


======================== 切片硬件状态 ========================
切片号 | 所属安全域 | 当前状态    | 路扩展 | LRU touched
------------------------------------------------------------------
  0    |   域0      | 正常运行   |  是   |  546399979
  1    |   域3      | 正常运行   |  否   |  546399996
  2    |   域0      | 正常运行   |  是   |  546399902
  3    |   域2      | 正常运行   |  否   |  546399963
==================================================================

[动态重分配] 周期546400000：预约迁移 冗余域0(0%) -> 切片0 -> 饥饿域2(7%)
[切片剥夺] 周期546400000：切片0（所属域0）进入待剥夺状态，禁止新替换
[切片剥夺] 周期546400000：切片0在途请求已清空，开始执行脏行写回
[切片管理] 周期546400320：原域0仅剩1个切片，关闭路扩展模式
[动态重分配] 周期546400320：切片0写回完成，自动绑定到域2
[切片管理] 成功绑定切片0 → 安全域2，触发【路扩展模式】

======================== 切片硬件状态 ========================
切片号 | 所属安全域 | 当前状态    | 路扩展 | LRU touched
------------------------------------------------------------------
  0    |   域2      | 正常运行   |  是   |  546400320
  1    |   域3      | 正常运行   |  否   |  546400058
  2    |   域0      | 正常运行   |  否   |  546400020
  3    |   域2      | 正常运行   |  是   |  546400319
==================================================================


======================== 切片硬件状态 ========================
切片号 | 所属安全域 | 当前状态    | 路扩展 | LRU touched
------------------------------------------------------------------
  0    |   域2      | 正常运行   |  是   |  567699996
  1    |   域3      | 正常运行   |  否   |  567699997
  2    |   域0      | 正常运行   |  否   |  567699999
  3    |   域2      | 正常运行   |  是   |  567699996
==================================================================

[动态重分配] 周期567700000：预约迁移 冗余域2(0%) -> 切片0 -> 饥饿域3(6%)
[切片剥夺] 周期567700000：切片0（所属域2）进入待剥夺状态，禁止新替换
[切片剥夺] 周期567700000：切片0在途请求已清空，开始执行脏行写回
[切片管理] 周期567700999：原域2仅剩1个切片，关闭路扩展模式
[动态重分配] 周期567700999：切片0写回完成，自动绑定到域3
[切片管理] 成功绑定切片0 → 安全域3，触发【路扩展模式】

======================== 切片硬件状态 ========================
切片号 | 所属安全域 | 当前状态    | 路扩展 | LRU touched
------------------------------------------------------------------
  0    |   域3      | 正常运行   |  是   |  567700999
  1    |   域3      | 正常运行   |  是   |  567700995
  2    |   域0      | 正常运行   |  否   |  567700994
  3    |   域2      | 正常运行   |  否   |  567700997
==================================================================


======================== 切片硬件状态 ========================
切片号 | 所属安全域 | 当前状态    | 路扩展 | LRU touched
------------------------------------------------------------------
  0    |   域3      | 正常运行   |  是   |  581899980
  1    |   域3      | 正常运行   |  是   |  581898655
  2    |   域0      | 正常运行   |  否   |  581899982
  3    |   域2      | 正常运行   |  否   |  581899934
==================================================================

[动态重分配] 周期581900000：预约迁移 冗余域3(1%) -> 切片0 -> 饥饿域2(8%)
[切片剥夺] 周期581900000：切片0（所属域3）进入待剥夺状态，禁止新替换
[切片剥夺] 周期581900000：切片0在途请求已清空，开始执行脏行写回
[切片管理] 周期581904484：原域3仅剩1个切片，关闭路扩展模式
[动态重分配] 周期581904484：切片0写回完成，自动绑定到域2
[切片管理] 成功绑定切片0 → 安全域2，触发【路扩展模式】

======================== 切片硬件状态 ========================
切片号 | 所属安全域 | 当前状态    | 路扩展 | LRU touched
------------------------------------------------------------------
  0    |   域2      | 正常运行   |  是   |  581904484
  1    |   域3      | 正常运行   |  否   |  581904472
  2    |   域0      | 正常运行   |  否   |  581904474
  3    |   域2      | 正常运行   |  是   |  581904427
==================================================================


======================== 切片硬件状态 ========================
切片号 | 所属安全域 | 当前状态    | 路扩展 | LRU touched
------------------------------------------------------------------
  0    |   域2      | 正常运行   |  是   |  582099962
  1    |   域3      | 正常运行   |  否   |  582099989
  2    |   域0      | 正常运行   |  否   |  582099988
  3    |   域2      | 正常运行   |  是   |  582099967
==================================================================

[动态重分配] 周期582100000：预约迁移 冗余域2(1%) -> 切片3 -> 饥饿域0(7%)
[切片剥夺] 周期582100000：切片3（所属域2）进入待剥夺状态，禁止新替换
[切片剥夺] 周期582100024：切片3在途请求已清空，开始执行脏行写回
[切片管理] 周期582100146：原域2仅剩1个切片，关闭路扩展模式
[动态重分配] 周期582100146：切片3写回完成，自动绑定到域0
[切片管理] 成功绑定切片3 → 安全域0，触发【路扩展模式】

======================== 切片硬件状态 ========================
切片号 | 所属安全域 | 当前状态    | 路扩展 | LRU touched
------------------------------------------------------------------
  0    |   域2      | 正常运行   |  否   |  582100057
  1    |   域3      | 正常运行   |  否   |  582100073
  2    |   域0      | 正常运行   |  是   |  582100073
  3    |   域0      | 正常运行   |  是   |  582100146
==================================================================


======================== 切片硬件状态 ========================
切片号 | 所属安全域 | 当前状态    | 路扩展 | LRU touched
------------------------------------------------------------------
  0    |   域2      | 正常运行   |  否   |  582499996
  1    |   域3      | 正常运行   |  否   |  582500000
  2    |   域0      | 正常运行   |  是   |  582499947
  3    |   域0      | 正常运行   |  是   |  582499997
==================================================================

[动态重分配] 周期582500000：预约迁移 冗余域0(0%) -> 切片2 -> 饥饿域3(7%)
[切片剥夺] 周期582500000：切片2（所属域0）进入待剥夺状态，禁止新替换
[切片剥夺] 周期582500000：切片2在途请求已清空，开始执行脏行写回
[切片管理] 周期582500305：原域0仅剩1个切片，关闭路扩展模式
[动态重分配] 周期582500305：切片2写回完成，自动绑定到域3
[切片管理] 成功绑定切片2 → 安全域3，触发【路扩展模式】

======================== 切片硬件状态 ========================
切片号 | 所属安全域 | 当前状态    | 路扩展 | LRU touched
------------------------------------------------------------------
  0    |   域2      | 正常运行   |  否   |  582500079
  1    |   域3      | 正常运行   |  是   |  582500214
  2    |   域3      | 正常运行   |  是   |  582500305
  3    |   域0      | 正常运行   |  否   |  582500164
==================================================================


======================== 切片硬件状态 ========================
切片号 | 所属安全域 | 当前状态    | 路扩展 | LRU touched
------------------------------------------------------------------
  0    |   域2      | 正常运行   |  否   |  583799998
  1    |   域3      | 正常运行   |  是   |  583799998
  2    |   域3      | 正常运行   |  是   |  583799992
  3    |   域0      | 正常运行   |  否   |  583799945
==================================================================

[动态重分配] 周期583800000：预约迁移 冗余域3(2%) -> 切片2 -> 饥饿域2(14%)
[切片剥夺] 周期583800000：切片2（所属域3）进入待剥夺状态，禁止新替换
[切片剥夺] 周期583800000：切片2在途请求已清空，开始执行脏行写回
[切片管理] 周期583801407：原域3仅剩1个切片，关闭路扩展模式
[动态重分配] 周期583801407：切片2写回完成，自动绑定到域2
[切片管理] 成功绑定切片2 → 安全域2，触发【路扩展模式】

======================== 切片硬件状态 ========================
切片号 | 所属安全域 | 当前状态    | 路扩展 | LRU touched
------------------------------------------------------------------
  0    |   域2      | 正常运行   |  是   |  583801407
  1    |   域3      | 正常运行   |  否   |  583801405
  2    |   域2      | 正常运行   |  是   |  583801407
  3    |   域0      | 正常运行   |  否   |  583801384
==================================================================


======================== 切片硬件状态 ========================
切片号 | 所属安全域 | 当前状态    | 路扩展 | LRU touched
------------------------------------------------------------------
  0    |   域2      | 正常运行   |  是   |  592999998
  1    |   域3      | 正常运行   |  否   |  593000000
  2    |   域2      | 正常运行   |  是   |  592999996
  3    |   域0      | 正常运行   |  否   |  592999998
==================================================================

[动态重分配] 周期593000000：预约迁移 冗余域2(0%) -> 切片0 -> 饥饿域3(6%)
[切片剥夺] 周期593000000：切片0（所属域2）进入待剥夺状态，禁止新替换
[切片剥夺] 周期593000000：切片0在途请求已清空，开始执行脏行写回
[切片管理] 周期593003041：原域2仅剩1个切片，关闭路扩展模式
[动态重分配] 周期593003041：切片0写回完成，自动绑定到域3
[切片管理] 成功绑定切片0 → 安全域3，触发【路扩展模式】

======================== 切片硬件状态 ========================
切片号 | 所属安全域 | 当前状态    | 路扩展 | LRU touched
------------------------------------------------------------------
  0    |   域3      | 正常运行   |  是   |  593003041
  1    |   域3      | 正常运行   |  是   |  593003041
  2    |   域2      | 正常运行   |  否   |  593003041
  3    |   域0      | 正常运行   |  否   |  593002988
==================================================================


======================== 切片硬件状态 ========================
切片号 | 所属安全域 | 当前状态    | 路扩展 | LRU touched
------------------------------------------------------------------
  0    |   域3      | 正常运行   |  是   |  600499999
  1    |   域3      | 正常运行   |  是   |  600499997
  2    |   域2      | 正常运行   |  否   |  600499996
  3    |   域0      | 正常运行   |  否   |  600500000
==================================================================

[动态重分配] 周期600500000：预约迁移 冗余域3(0%) -> 切片0 -> 饥饿域0(7%)
[切片剥夺] 周期600500000：切片0（所属域3）进入待剥夺状态，禁止新替换
[切片剥夺] 周期600500000：切片0在途请求已清空，开始执行脏行写回
[切片管理] 周期600500275：原域3仅剩1个切片，关闭路扩展模式
[动态重分配] 周期600500275：切片0写回完成，自动绑定到域0
[切片管理] 成功绑定切片0 → 安全域0，触发【路扩展模式】

======================== 切片硬件状态 ========================
切片号 | 所属安全域 | 当前状态    | 路扩展 | LRU touched
------------------------------------------------------------------
  0    |   域0      | 正常运行   |  是   |  600500275
  1    |   域3      | 正常运行   |  否   |  600500268
  2    |   域2      | 正常运行   |  否   |  600500009
  3    |   域0      | 正常运行   |  是   |  600500273
==================================================================


**** Debug Statistics at 601000000 Cycles *****
Threads: 4		Fetch Width: 8
No of useful instructions fetched:	1583188975 (32.93% proc util.)
No of total instructions fetched:	2435527545 (50.66% proc util.)
 includes 122249488 misfetch (5.0%), 730089082 (30.0%) wrong-path fetches
 and 0 flushed after failed lock(0.0%)
No of useful instructions issued/executed:	1583188955 (32.93% proc util.)
No of total instructions issued/executed:	1940683858 (40.36% proc util.)
 includes 357494903 wrong-path (18.4%) insts and 0 flushed (0.0%)
	fp 94455, 0.00%
	synch 0, 0.00%
	integer 1304657602, 67.23%
	load/store 635931801, 32.77%
Avg size of int IQ (before scheduling): 25.37
Avg size of fp IQ (before scheduling): 0.01
No of cycles taken:		601000000
Parallelism [ 0.649, 0.000, 0.699, 1.286,] = 2.634
 IQ conflicts: 11594422 (1.93%), FQ conflicts: 0 (0.00%) 
 I reg conflicts: 202251246 (33.65%), FP reg conflicts: 0 (0.00%)
  Activelist confs: 4549 (0.00%), ROB confs: 718487 (0.12%)
  Int unit conflicts: 635040278 (105.66%), FP unit conflicts: 11 (0.00%)
  Load/store unit conflicts: 110588243 (18.40%)
  MSHR conflicts: 242437104 (40.34%)
----------------------------------------
==== System-wide Cache Statistics ====
Stall for miss queue full 4993 cycles (0.00%)
----------------------------------------
==== Statistics for Master ID: 0 ====
Reads: 342713860   Writes: 55397251
ICACHE: size: 64 KB assoc: 2
ICACHE: hits:195449293 misses:6850565  Hit Ratio: 96.61%
DCACHE: size: 2*16 KB assoc: 2*4
DCACHE: hits:192027894 misses:3785788 writebacks:1117414  Hit Ratio: 98.07%
SCACHE: size: 512 KB assoc: 2
SCACHE: hits:7855970 misses:2777953  Hit Ratio: 73.88%
3CACHE: size: 4096 KB assoc: 2
3CACHE: hits:2324725 misses:453228  Hit Ratio: 83.68%
3CACHE: dirty items replaced:189273
ITLB: size: 48, misses 543175, miss rate 0.27%
DTLB: size: 128, misses 691566, miss rate 0.35%
Avg mem delay: 2.285 cycles
----------------------------------------
==== Statistics for Master ID: 2 ====
Reads: 350603248   Writes: 58341508
ICACHE: size: 64 KB assoc: 2
ICACHE: hits:200299699 misses:6193015  Hit Ratio: 97.00%
DCACHE: size: 1*16 KB assoc: 1*4
DCACHE: hits:198058553 misses:4396442 writebacks:1160896  Hit Ratio: 97.83%
SCACHE: size: 512 KB assoc: 2
SCACHE: hits:7735862 misses:2850641  Hit Ratio: 73.07%
3CACHE: size: 4096 KB assoc: 2
3CACHE: hits:2347582 misses:503059  Hit Ratio: 82.35%
3CACHE: dirty items replaced:178104
ITLB: size: 48, misses 557941, miss rate 0.27%
DTLB: size: 128, misses 815123, miss rate 0.40%
Avg mem delay: 2.285 cycles
----------------------------------------
==== Statistics for Master ID: 3 ====
Reads: 455473869   Writes: 64648613
ICACHE: size: 64 KB assoc: 2
ICACHE: hits:283635828 misses:128483  Hit Ratio: 99.95%
DCACHE: size: 1*16 KB assoc: 1*4
DCACHE: hits:228896971 misses:7463428 writebacks:3284648  Hit Ratio: 96.84%
SCACHE: size: 512 KB assoc: 2
SCACHE: hits:4368781 misses:3220902  Hit Ratio: 57.56%
3CACHE: size: 4096 KB assoc: 2
3CACHE: hits:922698 misses:2298204  Hit Ratio: 28.65%
3CACHE: dirty items replaced:148909
ITLB: size: 48, misses 2729, miss rate 0.00%
DTLB: size: 128, misses 430486, miss rate 0.18%
Avg mem delay: 2.285 cycles
----------------------------------------
==== Global Resource Utilization ====
STASH: size: 65536 entries, full 2721181714, empty 104008942, misses 9213345, full rate 96.01
icache bank util. 0.147 0.126 0.117 0.138 0.166 0.201 0.158 0.165 
dcache bank util. 0.126 0.138 0.152 0.137 0.173 0.129 0.176 0.130 
L2 bank util. 0.040 0.042 0.040 0.042 0.040 0.037 0.040 0.045 
L1-L2 bus util. = 0.172, L3 util. = 0.054
----------------------------------------

======================== 切片硬件状态 ========================
切片号 | 所属安全域 | 当前状态    | 路扩展 | LRU touched
------------------------------------------------------------------
  0    |   域0      | 正常运行   |  是   |  600999991
  1    |   域3      | 正常运行   |  否   |  600999999
  2    |   域2      | 正常运行   |  否   |  600999995
  3    |   域0      | 正常运行   |  是   |  600999999
==================================================================

branch prediction, hits = 135299311, misses = 29392996, hit rate = 82.15%
return_stack prediction, hits = 16207739, misses = 23133, hit rate = 99.86%
jump prediction, hits = 133644592, misses = 31710086, hit rate = 80.82%

======================== 切片硬件状态 ========================
切片号 | 所属安全域 | 当前状态    | 路扩展 | LRU touched
------------------------------------------------------------------
  0    |   域0      | 正常运行   |  是   |  609400000
  1    |   域3      | 正常运行   |  否   |  609399999
  2    |   域2      | 正常运行   |  否   |  609399993
  3    |   域0      | 正常运行   |  是   |  609399999
==================================================================

[动态重分配] 周期609400000：预约迁移 冗余域0(0%) -> 切片0 -> 饥饿域2(6%)
[切片剥夺] 周期609400000：切片0（所属域0）进入待剥夺状态，禁止新替换
[切片剥夺] 周期609400000：切片0在途请求已清空，开始执行脏行写回
[切片管理] 周期609400287：原域0仅剩1个切片，关闭路扩展模式
[动态重分配] 周期609400287：切片0写回完成，自动绑定到域2
[切片管理] 成功绑定切片0 → 安全域2，触发【路扩展模式】

======================== 切片硬件状态 ========================
切片号 | 所属安全域 | 当前状态    | 路扩展 | LRU touched
------------------------------------------------------------------
  0    |   域2      | 正常运行   |  是   |  609400287
  1    |   域3      | 正常运行   |  否   |  609400287
  2    |   域2      | 正常运行   |  是   |  609400287
  3    |   域0      | 正常运行   |  否   |  609400141
==================================================================


======================== 切片硬件状态 ========================
切片号 | 所属安全域 | 当前状态    | 路扩展 | LRU touched
------------------------------------------------------------------
  0    |   域2      | 正常运行   |  是   |  611600000
  1    |   域3      | 正常运行   |  否   |  611600000
  2    |   域2      | 正常运行   |  是   |  611599999
  3    |   域0      | 正常运行   |  否   |  611599987
==================================================================

[动态重分配] 周期611600000：预约迁移 冗余域2(0%) -> 切片0 -> 饥饿域3(6%)
[切片剥夺] 周期611600000：切片0（所属域2）进入待剥夺状态，禁止新替换
[切片剥夺] 周期611600000：切片0在途请求已清空，开始执行脏行写回
[切片管理] 周期611600266：原域2仅剩1个切片，关闭路扩展模式
[动态重分配] 周期611600266：切片0写回完成，自动绑定到域3
[切片管理] 成功绑定切片0 → 安全域3，触发【路扩展模式】

======================== 切片硬件状态 ========================
切片号 | 所属安全域 | 当前状态    | 路扩展 | LRU touched
------------------------------------------------------------------
  0    |   域3      | 正常运行   |  是   |  611600266
  1    |   域3      | 正常运行   |  是   |  611600261
  2    |   域2      | 正常运行   |  否   |  611600065
  3    |   域0      | 正常运行   |  否   |  611600090
==================================================================


======================== 切片硬件状态 ========================
切片号 | 所属安全域 | 当前状态    | 路扩展 | LRU touched
------------------------------------------------------------------
  0    |   域3      | 正常运行   |  是   |  615099727
  1    |   域3      | 正常运行   |  是   |  615099982
  2    |   域2      | 正常运行   |  否   |  615099908
  3    |   域0      | 正常运行   |  否   |  615099981
==================================================================

[动态重分配] 周期615100000：预约迁移 冗余域3(2%) -> 切片1 -> 饥饿域2(22%)
[切片剥夺] 周期615100000：切片1（所属域3）进入待剥夺状态，禁止新替换
[切片剥夺] 周期615100000：切片1在途请求已清空，开始执行脏行写回
[切片管理] 周期615100278：原域3仅剩1个切片，关闭路扩展模式
[动态重分配] 周期615100278：切片1写回完成，自动绑定到域2
[切片管理] 成功绑定切片1 → 安全域2，触发【路扩展模式】

======================== 切片硬件状态 ========================
切片号 | 所属安全域 | 当前状态    | 路扩展 | LRU touched
------------------------------------------------------------------
  0    |   域3      | 正常运行   |  否   |  615100274
  1    |   域2      | 正常运行   |  是   |  615100278
  2    |   域2      | 正常运行   |  是   |  615100277
  3    |   域0      | 正常运行   |  否   |  615100271
==================================================================


======================== 切片硬件状态 ========================
切片号 | 所属安全域 | 当前状态    | 路扩展 | LRU touched
------------------------------------------------------------------
  0    |   域3      | 正常运行   |  否   |  616400000
  1    |   域2      | 正常运行   |  是   |  616400000
  2    |   域2      | 正常运行   |  是   |  616399999
  3    |   域0      | 正常运行   |  否   |  616399988
==================================================================

[动态重分配] 周期616400000：预约迁移 冗余域2(0%) -> 切片1 -> 饥饿域0(8%)
[切片剥夺] 周期616400000：切片1（所属域2）进入待剥夺状态，禁止新替换
[切片剥夺] 周期616400000：切片1在途请求已清空，开始执行脏行写回
[切片管理] 周期616401691：原域2仅剩1个切片，关闭路扩展模式
[动态重分配] 周期616401691：切片1写回完成，自动绑定到域0
[切片管理] 成功绑定切片1 → 安全域0，触发【路扩展模式】

======================== 切片硬件状态 ========================
切片号 | 所属安全域 | 当前状态    | 路扩展 | LRU touched
------------------------------------------------------------------
  0    |   域3      | 正常运行   |  否   |  616401691
  1    |   域0      | 正常运行   |  是   |  616401691
  2    |   域2      | 正常运行   |  否   |  616401660
  3    |   域0      | 正常运行   |  是   |  616401544
==================================================================


======================== 切片硬件状态 ========================
切片号 | 所属安全域 | 当前状态    | 路扩展 | LRU touched
------------------------------------------------------------------
  0    |   域3      | 正常运行   |  否   |  630599996
  1    |   域0      | 正常运行   |  是   |  630599999
  2    |   域2      | 正常运行   |  否   |  630599999
  3    |   域0      | 正常运行   |  是   |  630600000
==================================================================

[动态重分配] 周期630600000：预约迁移 冗余域0(0%) -> 切片1 -> 饥饿域2(7%)
[切片剥夺] 周期630600000：切片1（所属域0）进入待剥夺状态，禁止新替换
[切片剥夺] 周期630600000：切片1在途请求已清空，开始执行脏行写回
[切片管理] 周期630601791：原域0仅剩1个切片，关闭路扩展模式
[动态重分配] 周期630601791：切片1写回完成，自动绑定到域2
[切片管理] 成功绑定切片1 → 安全域2，触发【路扩展模式】

======================== 切片硬件状态 ========================
切片号 | 所属安全域 | 当前状态    | 路扩展 | LRU touched
------------------------------------------------------------------
  0    |   域3      | 正常运行   |  否   |  630601788
  1    |   域2      | 正常运行   |  是   |  630601791
  2    |   域2      | 正常运行   |  是   |  630601787
  3    |   域0      | 正常运行   |  否   |  630601788
==================================================================


======================== 切片硬件状态 ========================
切片号 | 所属安全域 | 当前状态    | 路扩展 | LRU touched
------------------------------------------------------------------
  0    |   域3      | 正常运行   |  否   |  637999995
  1    |   域2      | 正常运行   |  是   |  637999997
  2    |   域2      | 正常运行   |  是   |  637999995
  3    |   域0      | 正常运行   |  否   |  637999998
==================================================================

[动态重分配] 周期638000000：预约迁移 冗余域2(0%) -> 切片1 -> 饥饿域0(8%)
[切片剥夺] 周期638000000：切片1（所属域2）进入待剥夺状态，禁止新替换
[切片剥夺] 周期638000000：切片1在途请求已清空，开始执行脏行写回
[切片管理] 周期638000165：原域2仅剩1个切片，关闭路扩展模式
[动态重分配] 周期638000165：切片1写回完成，自动绑定到域0
[切片管理] 成功绑定切片1 → 安全域0，触发【路扩展模式】

======================== 切片硬件状态 ========================
切片号 | 所属安全域 | 当前状态    | 路扩展 | LRU touched
------------------------------------------------------------------
  0    |   域3      | 正常运行   |  否   |  637999995
  1    |   域0      | 正常运行   |  是   |  638000165
  2    |   域2      | 正常运行   |  否   |  638000165
  3    |   域0      | 正常运行   |  是   |  638000138
==================================================================


======================== 切片硬件状态 ========================
切片号 | 所属安全域 | 当前状态    | 路扩展 | LRU touched
------------------------------------------------------------------
  0    |   域3      | 正常运行   |  否   |  639600000
  1    |   域0      | 正常运行   |  是   |  639599999
  2    |   域2      | 正常运行   |  否   |  639599999
  3    |   域0      | 正常运行   |  是   |  639600000
==================================================================

[动态重分配] 周期639600000：预约迁移 冗余域0(0%) -> 切片1 -> 饥饿域3(6%)
[切片剥夺] 周期639600000：切片1（所属域0）进入待剥夺状态，禁止新替换
[切片剥夺] 周期639600000：切片1在途请求已清空，开始执行脏行写回
[切片管理] 周期639600284：原域0仅剩1个切片，关闭路扩展模式
[动态重分配] 周期639600284：切片1写回完成，自动绑定到域3
[切片管理] 成功绑定切片1 → 安全域3，触发【路扩展模式】

======================== 切片硬件状态 ========================
切片号 | 所属安全域 | 当前状态    | 路扩展 | LRU touched
------------------------------------------------------------------
  0    |   域3      | 正常运行   |  是   |  639600284
  1    |   域3      | 正常运行   |  是   |  639600284
  2    |   域2      | 正常运行   |  否   |  639600278
  3    |   域0      | 正常运行   |  否   |  639600278
==================================================================


======================== 切片硬件状态 ========================
切片号 | 所属安全域 | 当前状态    | 路扩展 | LRU touched
------------------------------------------------------------------
  0    |   域3      | 正常运行   |  是   |  641900000
  1    |   域3      | 正常运行   |  是   |  641898504
  2    |   域2      | 正常运行   |  否   |  641899978
  3    |   域0      | 正常运行   |  否   |  641899987
==================================================================

[动态重分配] 周期641900000：预约迁移 冗余域3(1%) -> 切片0 -> 饥饿域2(8%)
[切片剥夺] 周期641900000：切片0（所属域3）进入待剥夺状态，禁止新替换
[切片剥夺] 周期641900040：切片0在途请求已清空，开始执行脏行写回
[切片管理] 周期641923271：原域3仅剩1个切片，关闭路扩展模式
[动态重分配] 周期641923271：切片0写回完成，自动绑定到域2
[切片管理] 成功绑定切片0 → 安全域2，触发【路扩展模式】

======================== 切片硬件状态 ========================
切片号 | 所属安全域 | 当前状态    | 路扩展 | LRU touched
------------------------------------------------------------------
  0    |   域2      | 正常运行   |  是   |  641923271
  1    |   域3      | 正常运行   |  否   |  641923262
  2    |   域2      | 正常运行   |  是   |  641923264
  3    |   域0      | 正常运行   |  否   |  641923048
==================================================================


======================== 切片硬件状态 ========================
切片号 | 所属安全域 | 当前状态    | 路扩展 | LRU touched
------------------------------------------------------------------
  0    |   域2      | 正常运行   |  是   |  642099933
  1    |   域3      | 正常运行   |  否   |  642099993
  2    |   域2      | 正常运行   |  是   |  642099994
  3    |   域0      | 正常运行   |  否   |  642100000
==================================================================

[动态重分配] 周期642100000：预约迁移 冗余域2(3%) -> 切片2 -> 饥饿域0(9%)
[切片剥夺] 周期642100000：切片2（所属域2）进入待剥夺状态，禁止新替换
[切片剥夺] 周期642100028：切片2在途请求已清空，开始执行脏行写回
[切片管理] 周期642100231：原域2仅剩1个切片，关闭路扩展模式
[动态重分配] 周期642100231：切片2写回完成，自动绑定到域0
[切片管理] 成功绑定切片2 → 安全域0，触发【路扩展模式】

======================== 切片硬件状态 ========================
切片号 | 所属安全域 | 当前状态    | 路扩展 | LRU touched
------------------------------------------------------------------
  0    |   域2      | 正常运行   |  否   |  642100056
  1    |   域3      | 正常运行   |  否   |  642100186
  2    |   域0      | 正常运行   |  是   |  642100231
  3    |   域0      | 正常运行   |  是   |  642100190
==================================================================


======================== 切片硬件状态 ========================
切片号 | 所属安全域 | 当前状态    | 路扩展 | LRU touched
------------------------------------------------------------------
  0    |   域2      | 正常运行   |  否   |  642299951
  1    |   域3      | 正常运行   |  否   |  642299979
  2    |   域0      | 正常运行   |  是   |  642299994
  3    |   域0      | 正常运行   |  是   |  642299977
==================================================================

[动态重分配] 周期642300000：预约迁移 冗余域0(0%) -> 切片3 -> 饥饿域3(7%)
[切片剥夺] 周期642300000：切片3（所属域0）进入待剥夺状态，禁止新替换
[切片剥夺] 周期642300000：切片3在途请求已清空，开始执行脏行写回
[切片管理] 周期642300461：原域0仅剩1个切片，关闭路扩展模式
[动态重分配] 周期642300461：切片3写回完成，自动绑定到域3
[切片管理] 成功绑定切片3 → 安全域3，触发【路扩展模式】

======================== 切片硬件状态 ========================
切片号 | 所属安全域 | 当前状态    | 路扩展 | LRU touched
------------------------------------------------------------------
  0    |   域2      | 正常运行   |  否   |  642300461
  1    |   域3      | 正常运行   |  是   |  642300457
  2    |   域0      | 正常运行   |  否   |  642300461
  3    |   域3      | 正常运行   |  是   |  642300461
==================================================================


======================== 切片硬件状态 ========================
切片号 | 所属安全域 | 当前状态    | 路扩展 | LRU touched
------------------------------------------------------------------
  0    |   域2      | 正常运行   |  否   |  643899996
  1    |   域3      | 正常运行   |  是   |  643899816
  2    |   域0      | 正常运行   |  否   |  643900000
  3    |   域3      | 正常运行   |  是   |  643899994
==================================================================

[动态重分配] 周期643900000：预约迁移 冗余域3(1%) -> 切片1 -> 饥饿域0(10%)
[切片剥夺] 周期643900000：切片1（所属域3）进入待剥夺状态，禁止新替换
[切片剥夺] 周期643900000：切片1在途请求已清空，开始执行脏行写回
[切片管理] 周期643907648：原域3仅剩1个切片，关闭路扩展模式
[动态重分配] 周期643907648：切片1写回完成，自动绑定到域0
[切片管理] 成功绑定切片1 → 安全域0，触发【路扩展模式】

======================== 切片硬件状态 ========================
切片号 | 所属安全域 | 当前状态    | 路扩展 | LRU touched
------------------------------------------------------------------
  0    |   域2      | 正常运行   |  否   |  643907648
  1    |   域0      | 正常运行   |  是   |  643907648
  2    |   域0      | 正常运行   |  是   |  643907647
  3    |   域3      | 正常运行   |  否   |  643907643
==================================================================


======================== 切片硬件状态 ========================
切片号 | 所属安全域 | 当前状态    | 路扩展 | LRU touched
------------------------------------------------------------------
  0    |   域2      | 正常运行   |  否   |  644499967
  1    |   域0      | 正常运行   |  是   |  644499968
  2    |   域0      | 正常运行   |  是   |  644499965
  3    |   域3      | 正常运行   |  否   |  644499968
==================================================================

[动态重分配] 周期644500000：预约迁移 冗余域0(0%) -> 切片2 -> 饥饿域2(6%)
[切片剥夺] 周期644500000：切片2（所属域0）进入待剥夺状态，禁止新替换
[切片剥夺] 周期644500000：切片2在途请求已清空，开始执行脏行写回
[切片管理] 周期644501662：原域0仅剩1个切片，关闭路扩展模式
[动态重分配] 周期644501662：切片2写回完成，自动绑定到域2
[切片管理] 成功绑定切片2 → 安全域2，触发【路扩展模式】

======================== 切片硬件状态 ========================
切片号 | 所属安全域 | 当前状态    | 路扩展 | LRU touched
------------------------------------------------------------------
  0    |   域2      | 正常运行   |  是   |  644501545
  1    |   域0      | 正常运行   |  否   |  644501658
  2    |   域2      | 正常运行   |  是   |  644501662
  3    |   域3      | 正常运行   |  否   |  644501660
==================================================================


======================== 切片硬件状态 ========================
切片号 | 所属安全域 | 当前状态    | 路扩展 | LRU touched
------------------------------------------------------------------
  0    |   域2      | 正常运行   |  是   |  646099999
  1    |   域0      | 正常运行   |  否   |  646100000
  2    |   域2      | 正常运行   |  是   |  646099999
  3    |   域3      | 正常运行   |  否   |  646099999
==================================================================

[动态重分配] 周期646100000：预约迁移 冗余域2(0%) -> 切片0 -> 饥饿域0(9%)
[切片剥夺] 周期646100000：切片0（所属域2）进入待剥夺状态，禁止新替换
[切片剥夺] 周期646100000：切片0在途请求已清空，开始执行脏行写回
[切片管理] 周期646100146：原域2仅剩1个切片，关闭路扩展模式
[动态重分配] 周期646100146：切片0写回完成，自动绑定到域0
[切片管理] 成功绑定切片0 → 安全域0，触发【路扩展模式】

======================== 切片硬件状态 ========================
切片号 | 所属安全域 | 当前状态    | 路扩展 | LRU touched
------------------------------------------------------------------
  0    |   域0      | 正常运行   |  是   |  646100146
  1    |   域0      | 正常运行   |  是   |  646100142
  2    |   域2      | 正常运行   |  否   |  646100146
  3    |   域3      | 正常运行   |  否   |  646100128
==================================================================


======================== 切片硬件状态 ========================
切片号 | 所属安全域 | 当前状态    | 路扩展 | LRU touched
------------------------------------------------------------------
  0    |   域0      | 正常运行   |  是   |  646599980
  1    |   域0      | 正常运行   |  是   |  646599897
  2    |   域2      | 正常运行   |  否   |  646599998
  3    |   域3      | 正常运行   |  否   |  646600000
==================================================================

[动态重分配] 周期646600000：预约迁移 冗余域0(0%) -> 切片1 -> 饥饿域2(7%)
[切片剥夺] 周期646600000：切片1（所属域0）进入待剥夺状态，禁止新替换
[切片剥夺] 周期646600000：切片1在途请求已清空，开始执行脏行写回
[切片管理] 周期646600309：原域0仅剩1个切片，关闭路扩展模式
[动态重分配] 周期646600309：切片1写回完成，自动绑定到域2
[切片管理] 成功绑定切片1 → 安全域2，触发【路扩展模式】

======================== 切片硬件状态 ========================
切片号 | 所属安全域 | 当前状态    | 路扩展 | LRU touched
------------------------------------------------------------------
  0    |   域0      | 正常运行   |  否   |  646600262
  1    |   域2      | 正常运行   |  是   |  646600309
  2    |   域2      | 正常运行   |  是   |  646600287
  3    |   域3      | 正常运行   |  否   |  646600265
==================================================================


======================== 切片硬件状态 ========================
切片号 | 所属安全域 | 当前状态    | 路扩展 | LRU touched
------------------------------------------------------------------
  0    |   域0      | 正常运行   |  否   |  647799998
  1    |   域2      | 正常运行   |  是   |  647799997
  2    |   域2      | 正常运行   |  是   |  647800000
  3    |   域3      | 正常运行   |  否   |  647799996
==================================================================

[动态重分配] 周期647800000：预约迁移 冗余域2(0%) -> 切片1 -> 饥饿域0(10%)
[切片剥夺] 周期647800000：切片1（所属域2）进入待剥夺状态，禁止新替换
[切片剥夺] 周期647800000：切片1在途请求已清空，开始执行脏行写回
[切片管理] 周期647800401：原域2仅剩1个切片，关闭路扩展模式
[动态重分配] 周期647800401：切片1写回完成，自动绑定到域0
[切片管理] 成功绑定切片1 → 安全域0，触发【路扩展模式】

======================== 切片硬件状态 ========================
切片号 | 所属安全域 | 当前状态    | 路扩展 | LRU touched
------------------------------------------------------------------
  0    |   域0      | 正常运行   |  是   |  647800346
  1    |   域0      | 正常运行   |  是   |  647800401
  2    |   域2      | 正常运行   |  否   |  647800400
  3    |   域3      | 正常运行   |  否   |  647800394
==================================================================


======================== 切片硬件状态 ========================
切片号 | 所属安全域 | 当前状态    | 路扩展 | LRU touched
------------------------------------------------------------------
  0    |   域0      | 正常运行   |  是   |  653899998
  1    |   域0      | 正常运行   |  是   |  653899997
  2    |   域2      | 正常运行   |  否   |  653899996
  3    |   域3      | 正常运行   |  否   |  653899998
==================================================================

[动态重分配] 周期653900000：预约迁移 冗余域0(0%) -> 切片0 -> 饥饿域2(6%)
[切片剥夺] 周期653900000：切片0（所属域0）进入待剥夺状态，禁止新替换
[切片剥夺] 周期653900000：切片0在途请求已清空，开始执行脏行写回
[切片管理] 周期653900309：原域0仅剩1个切片，关闭路扩展模式
[动态重分配] 周期653900309：切片0写回完成，自动绑定到域2
[切片管理] 成功绑定切片0 → 安全域2，触发【路扩展模式】

======================== 切片硬件状态 ========================
切片号 | 所属安全域 | 当前状态    | 路扩展 | LRU touched
------------------------------------------------------------------
  0    |   域2      | 正常运行   |  是   |  653900309
  1   clorb_  |   域0      | 正常运行   |  否   |  653900294
  2    |   域2      | 正常运行   |  是   |  653900291
  3    |   域3      | 正常运行   |  否   |  653900292
==================================================================


======================== 切片硬件状态 ========================
切片号 | 所属安全域 | 当前状态    | 路扩展 | LRU touched
------------------------------------------------------------------
  0    |   域2      | 正常运行   |  是   |  670500000
  1    |   域0      | 正常运行   |  否   |  670499999
  2    |   域2      | 正常运行   |  是   |  670500000
  3    |   域3      | 正常运行   |  否   |  670499998
==================================================================

[动态重分配] 周期670500000：预约迁移 冗余域2(1%) -> 切片0 -> 饥饿域0(8%)
[切片剥夺] 周期670500000：切片0（所属域2）进入待剥夺状态，禁止新替换
[切片剥夺] 周期670500000：切片0在途请求已清空，开始执行脏行写回
[切片管理] 周期670500289：原域2仅剩1个切片，关闭路扩展模式
[动态重分配] 周期670500289：切片0写回完成，自动绑定到域0
[切片管理] 成功绑定切片0 → 安全域0，触发【路扩展模式】

======================== 切片硬件状态 ========================
切片号 | 所属安全域 | 当前状态    | 路扩展 | LRU touched
------------------------------------------------------------------
  0    |   域0      | 正常运行   |  是   |  670500289
  1    |   域0      | 正常运行   |  是   |  670500080
  2    |   域2      | 正常运行   |  否   |  670500077
  3    |   域3      | 正常运行   |  否   |  670500088
==================================================================


======================== 切片硬件状态 ========================
切片号 | 所属安全域 | 当前状态    | 路扩展 | LRU touched
------------------------------------------------------------------
  0    |   域0      | 正常运行   |  是   |  678299999
  1    |   域0      | 正常运行   |  是   |  678299997
  2    |   域2      | 正常运行   |  否   |  678299981
  3    |   域3      | 正常运行   |  否   |  678300000
==================================================================

[动态重分配] 周期678300000：预约迁移 冗余域0(0%) -> 切片0 -> 饥饿域2(9%)
[切片剥夺] 周期678300000：切片0（所属域0）进入待剥夺状态，禁止新替换
[切片剥夺] 周期678300212：切片0在途请求已清空，开始执行脏行写回
[切片管理] 周期678300627：原域0仅剩1个切片，关闭路扩展模式
[动态重分配] 周期678300627：切片0写回完成，自动绑定到域2
[切片管理] 成功绑定切片0 → 安全域2，触发【路扩展模式】

======================== 切片硬件状态 ========================
切片号 | 所属安全域 | 当前状态    | 路扩展 | LRU touched
------------------------------------------------------------------
  0    |   域2      | 正常运行   |  是   |  678300627
  1    |   域0      | 正常运行   |  否   |  678300624
  2    |   域2      | 正常运行   |  是   |  678300620
  3    |   域3      | 正常运行   |  否   |  678300627
==================================================================


======================== 切片硬件状态 ========================
切片号 | 所属安全域 | 当前状态    | 路扩展 | LRU touched
------------------------------------------------------------------
  0    |   域2      | 正常运行   |  是   |  678999998
  1    |   域0      | 正常运行   |  否   |  678999968
  2    |   域2      | 正常运行   |  是   |  678999997
  3    |   域3      | 正常运行   |  否   |  678999998
==================================================================

[动态重分配] 周期679000000：预约迁移 冗余域2(1%) -> 切片2 -> 饥饿域0(11%)
[切片剥夺] 周期679000000：切片2（所属域2）进入待剥夺状态，禁止新替换
[切片剥夺] 周期679000000：切片2在途请求已清空，开始执行脏行写回
[切片管理] 周期679000289：原域2仅剩1个切片，关闭路扩展模式
[动态重分配] 周期679000289：切片2写回完成，自动绑定到域0
[切片管理] 成功绑定切片2 → 安全域0，触发【路扩展模式】

======================== 切片硬件状态 ========================
切片号 | 所属安全域 | 当前状态    | 路扩展 | LRU touched
------------------------------------------------------------------
  0    |   域2      | 正常运行   |  否   |  679000074
  1    |   域0      | 正常运行   |  是   |  679000041
  2    |   域0      | 正常运行   |  是   |  679000289
  3    |   域3      | 正常运行   |  否   |  679000103
==================================================================


======================== 切片硬件状态 ========================
切片号 | 所属安全域 | 当前状态    | 路扩展 | LRU touched
------------------------------------------------------------------
  0    |   域2      | 正常运行   |  否   |  679999998
  1    |   域0      | 正常运行   |  是   |  679999998
  2    |   域0      | 正常运行   |  是   |  679999999
  3    |   域3      | 正常运行   |  否   |  679999996
==================================================================

[动态重分配] 周期680000000：预约迁移 冗余域0(0%) -> 切片1 -> 饥饿域2(6%)
[切片剥夺] 周期680000000：切片1（所属域0）进入待剥夺状态，禁止新替换
[切片剥夺] 周期680000000：切片1在途请求已清空，开始执行脏行写回
[切片管理] 周期680000335：原域0仅剩1个切片，关闭路扩展模式
[动态重分配] 周期680000335：切片1写回完成，自动绑定到域2
[切片管理] 成功绑定切片1 → 安全域2，触发【路扩展模式】

======================== 切片硬件状态 ========================
切片号 | 所属安全域 | 当前状态    | 路扩展 | LRU touched
------------------------------------------------------------------
  0    |   域2      | 正常运行   |  是   |  680000084
  1    |   域2      | 正常运行   |  是   |  680000335
  2    |   域0      | 正常运行   |  否   |  680000048
  3    |   域3      | 正常运行   |  否   |  680000072
==================================================================


======================== 切片硬件状态 ========================
切片号 | 所属安全域 | 当前状态    | 路扩展 | LRU touched
------------------------------------------------------------------
  0    |   域2      | 正常运行   |  是   |  684699999
  1    |   域2      | 正常运行   |  是   |  684700000
  2    |   域0      | 正常运行   |  否   |  684699891
  3    |   域3      | 正常运行   |  否   |  684699999
==================================================================

[动态重分配] 周期684700000：预约迁移 冗余域2(0%) -> 切片0 -> 饥饿域0(8%)
[切片剥夺] 周期684700000：切片0（所属域2）进入待剥夺状态，禁止新替换
[切片剥夺] 周期684700000：切片0在途请求已清空，开始执行脏行写回
[切片管理] 周期684702677：原域2仅剩1个切片，关闭路扩展模式
[动态重分配] 周期684702677：切片0写回完成，自动绑定到域0
[切片管理] 成功绑定切片0 → 安全域0，触发【路扩展模式】

======================== 切片硬件状态 ========================
切片号 | 所属安全域 | 当前状态    | 路扩展 | LRU touched
------------------------------------------------------------------
  0    |   域0      | 正常运行   |  是   |  684702677
  1    |   域2      | 正常运行   |  否   |  684702663
  2    |   域0      | 正常运行   |  是   |  684702668
  3    |   域3      | 正常运行   |  否   |  684702670
==================================================================


======================== 切片硬件状态 ========================
切片号 | 所属安全域 | 当前状态    | 路扩展 | LRU touched
------------------------------------------------------------------
  0    |   域0      | 正常运行   |  是   |  690099989
  1    |   域2      | 正常运行   |  否   |  690099998
  2    |   域0      | 正常运行   |  是   |  690099908
  3    |   域3      | 正常运行   |  否   |  690099997
==================================================================

[动态重分配] 周期690100000：预约迁移 冗余域0(0%) -> 切片0 -> 饥饿域2(7%)
[切片剥夺] 周期690100000：切片0（所属域0）进入待剥夺状态，禁止新替换
[切片剥夺] 周期690100000：切片0在途请求已清空，开始执行脏行写回
[切片管理] 周期690100329：原域0仅剩1个切片，关闭路扩展模式
[动态重分配] 周期690100329：切片0写回完成，自动绑定到域2
[切片管理] 成功绑定切片0 → 安全域2，触发【路扩展模式】

======================== 切片硬件状态 ========================
切片号 | 所属安全域 | 当前状态    | 路扩展 | LRU touched
------------------------------------------------------------------
  0    |   域2      | 正常运行   |  是   |  690100329
  1    |   域2      | 正常运行   |  是   |  690100326
  2    |   域0      | 正常运行   |  否   |  690100325
  3    |   域3      | 正常运行   |  否   |  690100329
==================================================================


======================== 切片硬件状态 ========================
切片号 | 所属安全域 | 当前状态    | 路扩展 | LRU touched
------------------------------------------------------------------
  0    |   域2      | 正常运行   |  是   |  693199998
  1    |   域2      | 正常运行   |  是   |  693199808
  2    |   域0      | 正常运行   |  否   |  693200000
  3    |   域3      | 正常运行   |  否   |  693199998
==================================================================

[动态重分配] 周期693200000：预约迁移 冗余域2(0%) -> 切片1 -> 饥饿域0(10%)
[切片剥夺] 周期693200000：切片1（所属域2）进入待剥夺状态，禁止新替换
[切片剥夺] 周期693200000：切片1在途请求已清空，开始执行脏行写回
[切片管理] 周期693200287：原域2仅剩1个切片，关闭路扩展模式
[动态重分配] 周期693200287：切片1写回完成，自动绑定到域0
[切片管理] 成功绑定切片1 → 安全域0，触发【路扩展模式】

======================== 切片硬件状态 ========================
切片号 | 所属安全域 | 当前状态    | 路扩展 | LRU touched
------------------------------------------------------------------
  0    |   域2      | 正常运行   |  否   |  693200287
  1    |   域0      | 正常运行   |  是   |  693200287
  2    |   域0      | 正常运行   |  是   |  693200287
  3    |   域3      | 正常运行   |  否   |  693200287
==================================================================


======================== 切片硬件状态 ========================
切片号 | 所属安全域 | 当前状态    | 路扩展 | LRU touched
------------------------------------------------------------------
  0    |   域2      | 正常运行   |  否   |  695199862
  1    |   域0      | 正常运行   |  是   |  695199966
  2    |   域0      | 正常运行   |  是   |  695199982
  3    |   域3      | 正常运行   |  否   |  695199999
==================================================================

[动态重分配] 周期695200000：预约迁移 冗余域0(0%) -> 切片2 -> 饥饿域2(6%)
[切片剥夺] 周期695200000：切片2（所属域0）进入待剥夺状态，禁止新替换
[切片剥夺] 周期695200296：切片2在途请求已清空，开始执行脏行写回
[切片管理] 周期695200563：原域0仅剩1个切片，关闭路扩展模式
[动态重分配] 周期695200563：切片2写回完成，自动绑定到域2
[切片管理] 成功绑定切片2 → 安全域2，触发【路扩展模式】

======================== 切片硬件状态 ========================
切片号 | 所属安全域 | 当前状态    | 路扩展 | LRU touched
------------------------------------------------------------------
  0    |   域2      | 正常运行   |  是   |  695200307
  1    |   域0      | 正常运行   |  否   |  695200360
  2    |   域2      | 正常运行   |  是   |  695200563
  3    |   域3      | 正常运行   |  否   |  695200370
==================================================================


**** Debug Statistics at 701000000 Cycles *****
Threads: 4		Fetch Width: 8
No of useful instructions fetched:	1888003650 (33.67% proc util.)
No of total instructions fetched:	2893491559 (51.60% proc util.)
 includes 143245688 misfetch (5.0%), 862242221 (29.8%) wrong-path fetches
 and 0 flushed after failed lock(0.0%)
No of useful instructions issued/executed:	1888003596 (33.67% proc util.)
No of total instructions issued/executed:	2310375892 (41.20% proc util.)
 includes 422372296 wrong-path (18.3%) insts and 0 flushed (0.0%)
	fp 107092, 0.00%
	synch 0, 0.00%
	integer 1555623172, 67.33%
	load/store 754645628, 32.66%
Avg size of int IQ (before scheduling): 25.80
Avg size of fp IQ (before scheduling): 0.01
No of cycles taken:		701000000
Parallelism [ 0.647, 0.000, 0.720, 1.326,] = 2.693
 IQ conflicts: 15632012 (2.23%), FQ conflicts: 0 (0.00%) 
 I reg conflicts: 225274876 (32.14%), FP reg conflicts: 0 (0.00%)
  Activelist confs: 5344 (0.00%), ROB confs: 938240 (0.13%)
  Int unit conflicts: 765714383 (109.23%), FP unit conflicts: 11 (0.00%)
  Load/store unit conflicts: 134427494 (19.18%)
  MSHR conflicts: 313921497 (44.78%)
----------------------------------------
==== System-wide Cache Statistics ====
Stall for miss queue full 6274 cycles (0.00%)
----------------------------------------
==== Statistics for Master ID: 0 ====
Reads: 397826469   Writes: 65645026
ICACHE: size: 64 KB assoc: 2
ICACHE: hits:227010373 misses:8180575  Hit Ratio: 96.52%
DCACHE: size: 1*16 KB assoc: 1*4
DCACHE: hits:223846103 misses:4437972 writebacks:1361092  Hit Ratio: 98.06%
SCACHE: size: 512 KB assoc: 2
SCACHE: hits:9266242 misses:3348775  Hit Ratio: 73.45%
3CACHE: size: 4096 KB assoc: 2
3CACHE: hits:2778701 misses:570073  Hit Ratio: 82.98%
3CACHE: dirty items replaced:259315
ITLB: size: 48, misses 684840, miss rate 0.29%
DTLB: size: 128, misses 819705, miss rate 0.36%
Avg mem delay: 2.182 cycles
----------------------------------------
==== Statistics for Master ID: 2 ====
Reads: 420530185   Writes: 69399098
ICACHE: size: 64 KB assoc: 2
ICACHE: hits:240515624 misses:7177953  Hit Ratio: 97.10%
DCACHE: size: 2*16 KB assoc: 2*4
DCACHE: hits:237086406 misses:5153145 writebacks:1387024  Hit Ratio: 97.87%
SCACHE: size: 512 KB assoc: 2
SCACHE: hits:8998659 misses:3328594  Hit Ratio: 73.00%
3CACHE: size: 4096 KB assoc: 2
3CACHE: hits:2738145 misses:590449  Hit Ratio: 82.26%
3CACHE: dirty items replaced:230968
ITLB: size: 48, misses 658416, miss rate 0.27%
DTLB: size: 128, misses 950317, miss rate 0.39%
Avg mem delay: 2.182 cycles
----------------------------------------
==== Statistics for Master ID: 3 ====
Reads: 545396963   Writes: 76608793
ICACHE: size: 64 KB assoc: 2
ICACHE: hits:339195610 misses:147520  Hit Ratio: 99.96%
DCACHE: size: 1*16 KB assoc: 1*4
DCACHE: hits:274219832 misses:8445540 writebacks:3703642  Hit Ratio: 97.01%
SCACHE: size: 512 KB assoc: 2
SCACHE: hits:5124092 misses:3466222  Hit Ratio: 59.65%
3CACHE: size: 4096 KB assoc: 2
3CACHE: hits:1120747 misses:2345475  Hit Ratio: 32.33%
3CACHE: dirty items replaced:174923
ITLB: size: 48, misses 3341, miss rate 0.00%
DTLB: size: 128, misses 489290, miss rate 0.17%
Avg mem delay: 2.182 cycles
----------------------------------------
==== Global Resource Utilization ====
STASH: size: 65536 entries, full 3215609212, empty 123470589, misses 10890866, full rate 95.99
icache bank util. 0.150 0.128 0.119 0.141 0.169 0.202 0.161 0.169 
dcache bank util. 0.129 0.141 0.156 0.139 0.175 0.128 0.179 0.133 
L2 bank util. 0.040 0.042 0.040 0.041 0.039 0.037 0.040 0.045 
L1-L2 bus util. = 0.171, L3 util. = 0.050
----------------------------------------

======================== 切片硬件状态 ========================
切片号 | 所属安全域 | 当前状态    | 路扩展 | LRU touched
------------------------------------------------------------------
  0    |   域2      | 正常运行   |  是   |  700999895
  1    |   域0      | 正常运行   |  否   |  700999995
  2    |   域2      | 正常运行   |  是   |  700999897
  3    |   域3      | 正常运行   |  否   |  700999993
==================================================================

branch prediction, hits = 159509356, misses = 34442154, hit rate = 82.24%
return_stack prediction, hits = 19196015, misses = 32381, hit rate = 99.83%
jump prediction, hits = 157926919, misses = 37184181, hit rate = 80.94%

======================== 切片硬件状态 ========================
切片号 | 所属安全域 | 当前状态    | 路扩展 | LRU touched
------------------------------------------------------------------
  0    |   域2      | 正常运行   |  是   |  701099999
  1    |   域0      | 正常运行   |  否   |  701099861
  2    |   域2      | 正常运行   |  是   |  701099997
  3    |   域3      | 正常运行   |  否   |  701099999
==================================================================

[动态重分配] 周期701100000：预约迁移 冗余域2(0%) -> 切片0 -> 饥饿域0(12%)
[切片剥夺] 周期701100000：切片0（所属域2）进入待剥夺状态，禁止新替换
[切片剥夺] 周期701100000：切片0在途请求已清空，开始执行脏行写回
[切片管理] 周期701102288：原域2仅剩1个切片，关闭路扩展模式
[动态重分配] 周期701102288：切片0写回完成，自动绑定到域0
[切片管理] 成功绑定切片0 → 安全域0，触发【路扩展模式】

======================== 切片硬件状态 ========================
切片号 | 所属安全域 | 当前状态    | 路扩展 | LRU touched
------------------------------------------------------------------
  0    |   域0      | 正常运行   |  是   |  701102288
  1    |   域0      | 正常运行   |  是   |  701102288
  2    |   域2      | 正常运行   |  否   |  701102284
  3    |   域3      | 正常运行   |  否   |  701102282
==================================================================


======================== 切片硬件状态 ========================
切片号 | 所属安全域 | 当前状态    | 路扩展 | LRU touched
------------------------------------------------------------------
  0    |   域0      | 正常运行   |  是   |  719399962
  1    |   域0      | 正常运行   |  是   |  719399964
  2    |   域2      | 正常运行   |  否   |  719399963
  3    |   域3      | 正常运行   |  否   |  719399999
==================================================================

[动态重分配] 周期719400000：预约迁移 冗余域0(0%) -> 切片0 -> 饥饿域3(6%)
[切片剥夺] 周期719400000：切片0（所属域0）进入待剥夺状态，禁止新替换
[切片剥夺] 周期719400000：切片0在途请求已清空，开始执行脏行写回
[切片管理] 周期719400272：原域0仅剩1个切片，关闭路扩展模式
[动态重分配] 周期719400272：切片0写回完成，自动绑定到域3
[切片管理] 成功绑定切片0 → 安全域3，触发【路扩展模式】

======================== 切片硬件状态 ========================
切片号 | 所属安全域 | 当前状态    | 路扩展 | LRU touched
------------------------------------------------------------------
  0    |   域3      | 正常运行   |  是   |  719400272
  1    |   域0      | 正常运行   |  否   |  719400050
  2    |   域2      | 正常运行   |  否   |  719399963
  3    |   域3      | 正常运行   |  是   |  719400086
==================================================================


======================== 切片硬件状态 ========================
切片号 | 所属安全域 | 当前状态    | 路扩展 | LRU touched
------------------------------------------------------------------
  0    |   域3      | 正常运行   |  是   |  720800000
  1    |   域0      | 正常运行   |  否   |  720800000
  2    |   域2      | 正常运行   |  否   |  720799983
  3    |   域3      | 正常运行   |  是   |  720799997
==================================================================

[动态重分配] 周期720800000：预约迁移 冗余域3(3%) -> 切片0 -> 饥饿域2(11%)
[切片剥夺] 周期720800000：切片0（所属域3）进入待剥夺状态，禁止新替换
[切片剥夺] 周期720800000：切片0在途请求已清空，开始执行脏行写回
[切片管理] 周期720800290：原域3仅剩1个切片，关闭路扩展模式
[动态重分配] 周期720800290：切片0写回完成，自动绑定到域2
[切片管理] 成功绑定切片0 → clorb2_ 安全域2，触发【路扩展模式】

======================== 切片硬件状态 ========================
切片号 | 所属安全域 | 当前状态    | 路扩展 | LRU touched
------------------------------------------------------------------
  0    |   域2      | 正常运行   |  是   |  720800290
  1    |   域0      | 正常运行   |  否   |  720800278
  2    |   域2      | 正常运行   |  是   |  720799983
  3    |   域3      | 正常运行   |  否   |  720800160
==================================================================


======================== 切片硬件状态 ========================
切片号 | 所属安全域 | 当前状态    | 路扩展 | LRU touched
------------------------------------------------------------------
  0    |   域2      | 正常运行   |  是   |  724299975
  1    |   域0      | 正常运行   |  否   |  724299975
  2    |   域2      | 正常运行   |  是   |  724299944
  3    |   域3      | 正常运行   |  否   |  724299999
==================================================================

[动态重分配] 周期724300000：预约迁移 冗余域2(1%) -> 切片0 -> 饥饿域0(9%)
[切片剥夺] 周期724300000：切片0（所属域2）进入待剥夺状态，禁止新替换
[切片剥夺] 周期724300000：切片0在途请求已清空，开始执行脏行写回
[切片管理] 周期724300296：原域2仅剩1个切片，关闭路扩展模式
[动态重分配] 周期724300296：切片0写回完成，自动绑定到域0
[切片管理] 成功绑定切片0 → 安全域0，触发【路扩展模式】

======================== 切片硬件状态 ========================
切片号 | 所属安全域 | 当前状态    | 路扩展 | LRU touched
------------------------------------------------------------------
  0    |   域0      | 正常运行   |  是   |  724300296
  1    |   域0      | 正常运行   |  是   |  724300294
  2    |   域2      | 正常运行   |  否   |  724300206
  3    |   域3      | 正常运行   |  否   |  724300235
==================================================================


======================== 切片硬件状态 ========================
切片号 | 所属安全域 | 当前状态    | 路扩展 | LRU touched
------------------------------------------------------------------
  0    |   域0      | 正常运行   |  是   |  733199993
  1    |   域0      | 正常运行   |  是   |  733199693
  2    |   域2      | 正常运行   |  否   |  733199988
  3    |   域3      | 正常运行   |  否   |  733199991
==================================================================

[动态重分配] 周期733200000：预约迁移 冗余域0(0%) -> 切片0 -> 饥饿域2(8%)
[切片剥夺] 周期733200000：切片0（所属域0）进入待剥夺状态，禁止新替换
[切片剥夺] 周期733200000：切片0在途请求已清空，开始执行脏行写回
[切片管理] 周期733200571：原域0仅剩1个切片，关闭路扩展模式
[动态重分配] 周期733200571：切片0写回完成，自动绑定到域2
[切片管理] 成功绑定切片0 → 安全域2，触发【路扩展模式】

======================== 切片硬件状态 ========================
切片号 | 所属安全域 | 当前状态    | 路扩展 | LRU touched
------------------------------------------------------------------
  0    |   域2      | 正常运行   |  是   |  733200571
  1    |   域0      | 正常运行   |  否   |  733200571
  2    |   域2      | 正常运行   |  是   |  733200550
  3    |   域3      | 正常运行   |  否   |  733200570
==================================================================


======================== 切片硬件状态 ========================
切片号 | 所属安全域 | 当前状态    | 路扩展 | LRU touched
------------------------------------------------------------------
  0    |   域2      | 正常运行   |  是   |  733499971
  1    |   域0      | 正常运行   |  否   |  733499996
  2    |   域2      | 正常运行   |  是   |  733499944
  3    |   域3      | 正常运行   |  否   |  733499996
==================================================================

[动态重分配] 周期733500000：预约迁移 冗余域2(2%) -> 切片2 -> 饥饿域0(12%)
[切片剥夺] 周期733500000：切片2（所属域2）进入待剥夺状态，禁止新替换
[切片剥夺] 周期733500344：切片2在途请求已清空，开始执行脏行写回
[切片管理] 周期733500727：原域2仅剩1个切片，关闭路扩展模式
[动态重分配] 周期733500727：切片2写回完成，自动绑定到域0
[切片管理] 成功绑定切片2 → 安全域0，触发【路扩展模式】

======================== 切片硬件状态 ========================
切片号 | 所属安全域 | 当前状态    | 路扩展 | LRU touched
------------------------------------------------------------------
  0    |   域2      | 正常运行   |  否   |  733500722
  1    |   域0      | 正常运行   |  是   |  733500723
  2    |   域0      | 正常运行   |  是   |  733500727
  3    |   域3      | 正常运行   |  否   |  733500719
==================================================================


======================== 切片硬件状态 ========================
切片号 | 所属安全域 | 当前状态    | 路扩展 | LRU touched
------------------------------------------------------------------
  0    |   域2      | 正常运行   |  否   |  733699962
  1    |   域0      | 正常运行   |  是   |  733700000
  2    |   域0      | 正常运行   |  是   |  733699991
  3    |   域3      | 正常运行   |  否   |  733699995
==================================================================

[动态重分配] 周期733700000：预约迁移 冗余域0(0%) -> 切片1 -> 饥饿域2(10%)
[切片剥夺] 周期733700000：切片1（所属域0）进入待剥夺状态，禁止新替换
[切片剥夺] 周期733700000：切片1在途请求已清空，开始执行脏行写回
[切片管理] 周期733700503：原域0仅剩1个切片，关闭路扩展模式
[动态重分配] 周期733700503：切片1写回完成，自动绑定到域2
[切片管理] 成功绑定切片1 → 安全域2，触发【路扩展模式】

======================== 切片硬件状态 ========================
切片号 | 所属安全域 | 当前状态    | 路扩展 | LRU touched
------------------------------------------------------------------
  0    |   域2      | 正常运行   |  是   |  733700503
  1    |   域2      | 正常运行   |  是   |  733700503
  2    |   域0      | 正常运行   |  否   |  733700500
  3    |   域3      | 正常运行   |  否   |  733700501
==================================================================


======================== 切片硬件状态 ========================
切片号 | 所属安全域 | 当前状态    | 路扩展 | LRU touched
------------------------------------------------------------------
  0    |   域2      | 正常运行   |  是   |  738399981
  1    |   域2      | 正常运行   |  是   |  738399983
  2    |   域0      | 正常运行   |  否   |  738399983
  3    |   域3      | 正常运行   |  否   |  738399984
==================================================================

[动态重分配] 周期738400000：预约迁移 冗余域2(0%) -> 切片0 -> 饥饿域0(12%)
[切片剥夺] 周期738400000：切片0（所属域2）进入待剥夺状态，禁止新替换
[切片剥夺] 周期738400000：切片0在途请求已清空，开始执行脏行写回
[切片管理] 周期738401982：原域2仅剩1个切片，关闭路扩展模式
[动态重分配] 周期738401982：切片0写回完成，自动绑定到域0
[切片管理] 成功绑定切片0 → 安全域0，触发【路扩展模式】

======================== 切片硬件状态 ========================
切片号 | 所属安全域 | 当前状态    | 路扩展 | LRU touched
------------------------------------------------------------------
  0    |   域0      | 正常运行   |  是   |  738401982
  1    |   域2      | 正常运行   |  否   |  738401968
  2    |   域0      | 正常运行   |  是   |  738401968
  3    |   域3      | 正常运行   |  否   |  738401941
==================================================================


**** Early Exiting at 740406387 Cycles *****
========================================
 SMTSIM Global Statistics
========================================
Threads: 4		Fetch Width: 8
No of useful instructions fetched:	2000000075 (33.77% proc util.)
No of total instructions fetched:	3067153773 (51.78% proc util.)
 includes 151400694 misfetch (4.9%), 915753004 (29.9%) wrong-path fetches
 and 0 flushed after failed lock(0.0%)
No of useful instructions issued/executed:	2000000035 (33.77% proc util.)
No of total instructions issued/executed:	2449386473 (41.35% proc util.)
 includes 449386438 wrong-path (18.3%) insts and 0 flushed (0.0%)
	fp 111955, 0.00%
	synch 0, 0.00%
	integer 1649447304, 67.34%
	load/store 799827214, 32.65%
Avg size of int IQ (before scheduling): 25.89
Avg size of fp IQ (before scheduling): 0.01
No of cycles taken:		740406387
Parallelism [ 0.645, 0.000, 0.721, 1.335,] = 2.701
 IQ conflicts: 17278241 (2.33%), FQ conflicts: 0 (0.00%) 
 I reg conflicts: 235070838 (31.75%), FP reg conflicts: 0 (0.00%)
  Activelist confs: 5775 (0.00%), ROB confs: 1036140 (0.14%)
  Int unit conflicts: 808629277 (109.21%), FP unit conflicts: 12 (0.00%)
  Load/store unit conflicts: 144238515 (19.48%)
  MSHR conflicts: 353300127 (47.72%)
----------------------------------------
==== System-wide Cache Statistics ====
Stall for miss queue full 6555 cycles (0.00%)
----------------------------------------
==== Statistics for Master ID: 0 ====
Reads: 418445633   Writes: 69677184
ICACHE: size: 64 KB assoc: 2
ICACHE: hits:238834314 misses:8699452  Hit Ratio: 96.49%
DCACHE: size: 2*16 KB assoc: 2*4
DCACHE: hits:235926248 misses:4666627 writebacks:1469235  Hit Ratio: 98.06%
SCACHE: size: 512 KB assoc: 2
SCACHE: hits:9756781 misses:3605472  Hit Ratio: 73.02%
3CACHE: size: 4096 KB assoc: 2
3CACHE: hits:2979463 misses:626009  Hit Ratio: 82.64%
3CACHE: dirty items replaced:294580
ITLB: size: 48, misses 740293, miss rate 0.30%
DTLB: size: 128, misses 873593, miss rate 0.36%
Avg mem delay: 2.156 cycles
----------------------------------------
==== Statistics for Master ID: 2 ====
Reads: 445711444   Writes: 73424569
ICACHE: size: 64 KB assoc: 2
ICACHE: hits:254956593 misses:7598932  Hit Ratio: 97.11%
DCACHE: size: 1*16 KB assoc: 1*4
DCACHE: hits:251160781 misses:5423968 writebacks:1465709  Hit Ratio: 97.89%
SCACHE: size: 512 KB assoc: 2
SCACHE: hits:9506578 misses:3512061  Hit Ratio: 73.02%
3CACHE: size: 4096 KB assoc: 2
3CACHE: hits:2885026 misses:627035  Hit Ratio: 82.15%
3CACHE: dirty items replaced:253695
ITLB: size: 48, misses 702415, miss rate 0.27%
DTLB: size: 128, misses 1003350, miss rate 0.39%
Avg mem delay: 2.156 cycles
----------------------------------------
==== Statistics for Master ID: 3 ====
Reads: 580704726   Writes: 81477380
ICACHE: size: 64 KB assoc: 2
ICACHE: hits:360891949 misses:155775  Hit Ratio: 99.96%
DCACHE: size: 1*16 KB assoc: 1*4
DCACHE: hits:292175332 misses:8961887 writebacks:3908748  Hit Ratio: 97.02%
SCACHE: size: 512 KB assoc: 2
SCACHE: hits:5540245 misses:3574580  Hit Ratio: 60.78%
3CACHE: size: 4096 KB assoc: 2
3CACHE: hits:1210192 misses:2364388  Hit Ratio: 33.86%
3CACHE: dirty items replaced:185661
ITLB: size: 48, misses 3571, miss rate 0.00%
DTLB: size: 128, misses 514275, miss rate 0.17%
Avg mem delay: 2.156 cycles
----------------------------------------
==== Global Resource Utilization ====
STASH: size: 65536 entries, full 3403421576, empty 131239172, misses 11558542, full rate 95.97
icache bank util. 0.150 0.129 0.120 0.142 0.170 0.202 0.162 0.170 
dcache bank util. 0.129 0.141 0.157 0.139 0.176 0.128 0.179 0.133 
L2 bank util. 0.041 0.042 0.040 0.041 0.039 0.037 0.040 0.045 
L1-L2 bus util. = 0.172, L3 util. = 0.049
----------------------------------------

======================== 切片硬件状态 ========================
切片号 | 所属安全域 | 当前状态    | 路扩展 | LRU touched
------------------------------------------------------------------
  0    |   域0      | 正常运行   |  是   |  740406373
  1    |   域2      | 正常运行   |  否   |  740406373
  2    |   域0      | 正常运行   |  是   |  740406386
  3    |   域3      | 正常运行   |  否   |  740406384
==================================================================

branch prediction, hits = 167931038, misses = 36449040, hit rate = 82.17%
return_stack prediction, hits = 20355004, misses = 36502, hit rate = 99.82%
jump prediction, hits = 166652389, misses = 39308362, hit rate = 80.91%
total IPC 2.701

=== Results saved to: ./results/gcc-166_2_gcc-200_1_gzip-program_1.txt ===
