测试组合（多线程优先）：mgrid.arg2 + gzip-graphic.arg + gzip-log.arg
执行命令：./smtsim mgrid.arg2 gzip-graphic.arg gzip-log.arg
==================================================

动态重分配参数：每10万周期检查，阈值5
Process 0, Thread 0: mgrid
Process 0, Thread 1: mgrid
Process 2, Thread 2: gzip-graphic
Process 3, Thread 3: gzip-log
[切片调度] 新安全域2无任何切片，尝试分配空闲切片
[切片管理] 成功绑定切片0 → 安全域2

======================== 切片硬件状态 ========================
切片号 | 所属安全域 | 当前状态    | 路扩展 | LRU touched
------------------------------------------------------------------
  0    |   域2      | 正常运行   |  否   |  0
  1    |   域-1     | 切片空闲   |  否   |  0
  2    |   域-1     | 切片空闲   |  否   |  0
  3    |   域-1     | 切片空闲   |  否   |  0
==================================================================

[切片管理] 成功绑定切片1 → 安全域2，触发【路扩展模式】

======================== 切片硬件状态 ========================
切片号 | 所属安全域 | 当前状态    | 路扩展 | LRU touched
------------------------------------------------------------------
  0    |   域2      | 正常运行   |  是   |  0
  1    |   域2      | 正常运行   |  是   |  0
  2    |   域-1     | 切片空闲   |  否   |  0
  3    |   域-1     | 切片空闲   |  否   |  0
==================================================================

[切片调度] 新安全域3无任何切片，尝试分配空闲切片
[切片管理] 成功绑定切片2 → 安全域3

======================== 切片硬件状态 ========================
切片号 | 所属安全域 | 当前状态    | 路扩展 | LRU touched
------------------------------------------------------------------
  0    |   域2      | 正常运行   |  是   |  753
  1    |   域2      | 正常运行   |  是   |  0
  2    |   域3      | 正常运行   |  否   |  0
  3    |   域-1     | 切片空闲   |  否   |  0
==================================================================

[切片管理] 成功绑定切片3 → 安全域3，触发【路扩展模式】

======================== 切片硬件状态 ========================
切片号 | 所属安全域 | 当前状态    | 路扩展 | LRU touched
------------------------------------------------------------------
  0    |   域2      | 正常运行   |  是   |  753
  1    |   域2      | 正常运行   |  是   |  0
  2    |   域3      | 正常运行   |  是   |  0
  3    |   域3      | 正常运行   |  是   |  0
==================================================================

[切片调度] 新安全域0无任何切片，尝试分配空闲切片
[切片调度] 新安全域0未找到空闲切片，尝试剥夺切片
[切片替换] 优先从【路扩展切片】中选择LRU替换目标...
[切片替换] 找到路扩展切片作为受害者：切片1（最后访问：0）
[切片调度] 安全域0触发切片剥夺：从域2剥夺切片1
[切片剥夺] 周期1072：切片1（所属域2）进入待剥夺状态，禁止新替换
[切片剥夺] 周期1072：切片1在途请求已清空，开始执行脏行写回
[切片剥夺] 周期1072：切片1无脏行，直接完成剥夺
[切片管理] 周期1072：原域2仅剩1个切片，关闭路扩展模式
[动态重分配] 周期1072：切片1写回完成，自动绑定到域0
[切片管理] 成功绑定切片1 → 安全域0

======================== 切片硬件状态 ========================
切片号 | 所属安全域 | 当前状态    | 路扩展 | LRU touched
------------------------------------------------------------------
  0    |   域2      | 正常运行   |  否   |  958
  1    |   域0      | 正常运行   |  否   |  1072
  2    |   域3      | 正常运行   |  是   |  1072
  3    |   域3      | 正常运行   |  是   |  0
==================================================================

[切片唤醒] 周期1072：域0切片就绪，唤醒等待指令

**** Debug Statistics at 1000000 Cycles *****
Threads: 4		Fetch Width: 8
No of useful instructions fetched:	386631 (4.83% proc util.)
No of total instructions fetched:	392052 (4.90% proc util.)
 includes 2487 misfetch (0.6%), 2934 (0.7%) wrong-path fetches
 and 0 flushed after failed lock(0.0%)
No of useful instructions issued/executed:	386573 (4.83% proc util.)
No of total instructions issued/executed:	387930 (4.85% proc util.)
 includes 1357 wrong-path (0.3%) insts and 0 flushed (0.0%)
	fp 93561, 24.12%
	synch 0, 0.00%
	integer 127400, 32.84%
	load/store 166969, 43.04%
Avg size of int IQ (before scheduling): 52.87
Avg size of fp IQ (before scheduling): 8.16
No of cycles taken:		1000000
Parallelism [ 0.221, 0.000, 0.083, 0.082,] = 0.387
 IQ conflicts: 219823 (21.98%), FQ conflicts: 0 (0.00%) 
 I reg conflicts: 660891 (66.09%), FP reg conflicts: 44419 (4.44%)
  Activelist confs: 0 (0.00%), ROB confs: 338 (0.03%)
  Int unit conflicts: 2159 (0.22%), FP unit conflicts: 127 (0.01%)
  Load/store unit conflicts: 254658 (25.47%)
  MSHR conflicts: 12990443 (1299.04%)
----------------------------------------
==== System-wide Cache Statistics ====
Stall for miss queue full 0 cycles (0.00%)
----------------------------------------
==== Statistics for Master ID: 0 ====
Reads: 146272   Writes: 3017
ICACHE: size: 64 KB assoc: 2
ICACHE: hits:61671 misses:39  Hit Ratio: 99.94%
DCACHE: size: 1*16 KB assoc: 1*4
DCACHE: hits:85375 misses:2203 writebacks:415  Hit Ratio: 97.48%
SCACHE: size: 512 KB assoc: 2
SCACHE: hits:199 misses:2043  Hit Ratio: 8.88%
3CACHE: size: 4096 KB assoc: 2
3CACHE: hits:0 misses:2043  Hit Ratio: 0.00%
3CACHE: dirty items replaced:0
ITLB: size: 48, misses 2, miss rate 0.00%
DTLB: size: 128, misses 57, miss rate 0.07%
Avg mem delay: 92.117 cycles
----------------------------------------
==== Statistics for Master ID: 2 ====
Reads: 61915   Writes: 13669
ICACHE: size: 64 KB assoc: 2
ICACHE: hits:35457 misses:202  Hit Ratio: 99.43%
DCACHE: size: 1*16 KB assoc: 1*4
DCACHE: hits:27012 misses:12913 writebacks:12759  Hit Ratio: 67.66%
SCACHE: size: 512 KB assoc: 2
SCACHE: hits:7 misses:13107  Hit Ratio: 0.05%
3CACHE: size: 4096 KB assoc: 2
3CACHE: hits:0 misses:13105  Hit Ratio: 0.00%
3CACHE: dirty items replaced:0
ITLB: size: 48, misses 18, miss rate 0.05%
DTLB: size: 128, misses 3212, miss rate 8.05%
Avg mem delay: 92.117 cycles
----------------------------------------
==== Statistics for Master ID: 3 ====
Reads: 60816   Writes: 13532
ICACHE: size: 64 KB assoc: 2
ICACHE: hits:34689 misses:197  Hit Ratio: 99.44%
DCACHE: size: 2*16 KB assoc: 2*4
DCACHE: hits:26650 misses:12812 writebacks:12644  Hit Ratio: 67.53%
SCACHE: size: 512 KB assoc: 2
SCACHE: hits:8 misses:13001  Hit Ratio: 0.06%
3CACHE: size: 4096 KB assoc: 2
3CACHE: hits:0 misses:13001  Hit Ratio: 0.00%
3CACHE: dirty items replaced:0
ITLB: size: 48, misses 18, miss rate 0.05%
DTLB: size: 128, misses 3185, miss rate 8.07%
Avg mem delay: 92.117 cycles
----------------------------------------
==== Global Resource Utilization ====
STASH: size: 65536 entries, full 100510598, empty 19611, misses 2172, full rate 99.98
icache bank util. 0.024 0.008 0.011 0.010 0.009 0.008 0.022 0.042 
dcache bank util. 0.012 0.013 0.038 0.012 0.012 0.012 0.216 0.012 
L2 bank util. 0.003 0.003 0.003 0.003 0.003 0.003 0.308 0.003 
L1-L2 bus util. = 0.163, L3 util. = 0.281
----------------------------------------

======================== 切片硬件状态 ========================
切片号 | 所属安全域 | 当前状态    | 路扩展 | LRU touched
------------------------------------------------------------------
  0    |   域2      | 正常运行   |  否   |  999990
  1    |   域0      | 正常运行   |  否   |  999947
  2    |   域3      | 正常运行   |  是   |  999955
  3    |   域3      | 正常运行   |  是   |  999860
==================================================================

branch prediction, hits = 9999, misses = 195, hit rate = 98.09%
return_stack prediction, hits = 158, misses = 18, hit rate = 89.77%
jump prediction, hits = 9681, misses = 568, hit rate = 94.46%

**** Debug Statistics at 101000000 Cycles *****
Threads: 4		Fetch Width: 8
No of useful instructions fetched:	81906422 (10.14% proc util.)
No of total instructions fetched:	81976853 (10.15% proc util.)
 includes 3827 misfetch (0.0%), 66604 (0.1%) wrong-path fetches
 and 0 flushed after failed lock(0.0%)
No of useful instructions issued/executed:	81906403 (10.14% proc util.)
No of total instructions issued/executed:	81924904 (10.14% proc util.)
 includes 18501 wrong-path (0.0%) insts and 0 flushed (0.0%)
	fp 15463103, 18.87%
	synch 0, 0.00%
	integer 37907775, 46.27%
	load/store 28554026, 34.85%
Avg size of int IQ (before scheduling): 24.44
Avg size of fp IQ (before scheduling): 3.94
No of cycles taken:		101000000
Parallelism [ 0.362, 0.000, 0.220, 0.229,] = 0.811
 IQ conflicts: 3493729 (3.46%), FQ conflicts: 0 (0.00%) 
 I reg conflicts: 79416114 (78.63%), FP reg conflicts: 4514770 (4.47%)
  Activelist confs: 0 (0.00%), ROB confs: 338 (0.00%)
  Int unit conflicts: 1500957 (1.49%), FP unit conflicts: 34061 (0.03%)
  Load/store unit conflicts: 12724508 (12.60%)
  MSHR conflicts: 462110974 (457.54%)
----------------------------------------
==== System-wide Cache Statistics ====
Stall for miss queue full 0 cycles (0.00%)
----------------------------------------
==== Statistics for Master ID: 0 ====
Reads: 26480990   Writes: 498621
ICACHE: size: 64 KB assoc: 2
ICACHE: hits:12494177 misses:71  Hit Ratio: 100.00%
DCACHE: size: 1*16 KB assoc: 1*4
DCACHE: hits:14150265 misses:335097 writebacks:63429  Hit Ratio: 97.69%
SCACHE: size: 512 KB assoc: 2
SCACHE: hits:18545 misses:316623  Hit Ratio: 5.53%
3CACHE: size: 4096 KB assoc: 2
3CACHE: hits:37716 misses:278907  Hit Ratio: 11.91%
3CACHE: dirty items replaced:0
ITLB: size: 48, misses 2, miss rate 0.00%
DTLB: size: 128, misses 5344, miss rate 0.04%
Avg mem delay: 21.836 cycles
----------------------------------------
==== Statistics for Master ID: 2 ====
Reads: 10420795   Writes: 3282794
ICACHE: size: 64 KB assoc: 2
ICACHE: hits:6952897 misses:333  Hit Ratio: 100.00%
DCACHE: size: 1*16 KB assoc: 1*4
DCACHE: hits:5791557 misses:958802 writebacks:571460  Hit Ratio: 85.80%
SCACHE: size: 512 KB assoc: 2
SCACHE: hits:28 misses:959107  Hit Ratio: 0.00%
3CACHE: size: 4096 KB assoc: 2
3CACHE: hits:21 misses:959086  Hit Ratio: 0.00%
3CACHE: dirty items replaced:0
ITLB: size: 48, misses 19, miss rate 0.00%
DTLB: size: 128, misses 58248, miss rate 0.86%
Avg mem delay: 21.836 cycles
----------------------------------------
==== Statistics for Master ID: 3 ====
Reads: 10583886   Writes: 3566880
ICACHE: size: 64 KB assoc: 2
ICACHE: hits:6832149 misses:316  Hit Ratio: 100.00%
DCACHE: size: 2*16 KB assoc: 2*4
DCACHE: hits:6288467 misses:1029834 writebacks:606848  Hit Ratio: 85.93%
SCACHE: size: 512 KB assoc: 2
SCACHE: hits:27 misses:1030123  Hit Ratio: 0.00%
3CACHE: size: 4096 KB assoc: 2
3CACHE: hits:20 misses:1030103  Hit Ratio: 0.00%
3CACHE: dirty items replaced:0
ITLB: size: 48, misses 19, miss rate 0.00%
DTLB: size: 128, misses 59354, miss rate 0.81%
Avg mem delay: 21.836 cycles
----------------------------------------
==== Global Resource Utilization ====
STASH: size: 65536 entries, full 204347713, empty 20618, misses 2250, full rate 99.99
icache bank util. 0.026 0.018 0.018 0.020 0.018 0.085 0.028 0.047 
dcache bank util. 0.044 0.045 0.048 0.044 0.044 0.044 0.054 0.064 
L2 bank util. 0.025 0.025 0.025 0.025 0.025 0.025 0.040 0.054 
L1-L2 bus util. = 0.106, L3 util. = 0.225
----------------------------------------

======================== 切片硬件状态 ========================
切片号 | 所属安全域 | 当前状态    | 路扩展 | LRU touched
------------------------------------------------------------------
  0    |   域2      | 正常运行   |  否   |  100999889
  1    |   域0      | 正常运行   |  否   |  100999889
  2    |   域3      | 正常运行   |  是   |  100999890
  3    |   域3      | 正常运行   |  是   |  100999604
==================================================================

branch prediction, hits = 7074695, misses = 4302, hit rate = 99.94%
return_stack prediction, hits = 437, misses = 20, hit rate = 95.62%
jump prediction, hits = 7066513, misses = 952, hit rate = 99.99%

**** Debug Statistics at 201000000 Cycles *****
Threads: 4		Fetch Width: 8
No of useful instructions fetched:	159628492 (9.93% proc util.)
No of total instructions fetched:	159748209 (9.93% proc util.)
 includes 4402 misfetch (0.0%), 115315 (0.1%) wrong-path fetches
 and 0 flushed after failed lock(0.0%)
No of useful instructions issued/executed:	159628432 (9.93% proc util.)
No of total instructions issued/executed:	159658485 (9.93% proc util.)
 includes 30053 wrong-path (0.0%) insts and 0 flushed (0.0%)
	fp 28237851, 17.69%
	synch 0, 0.00%
	integer 75078594, 47.02%
	load/store 56342040, 35.29%
Avg size of int IQ (before scheduling): 20.32
Avg size of fp IQ (before scheduling): 3.35
No of cycles taken:		201000000
Parallelism [ 0.332, 0.000, 0.229, 0.233,] = 0.794
 IQ conflicts: 3493882 (1.74%), FQ conflicts: 0 (0.00%) 
 I reg conflicts: 166987024 (83.08%), FP reg conflicts: 4824533 (2.40%)
  Activelist confs: 0 (0.00%), ROB confs: 338 (0.00%)
  Int unit conflicts: 2619531 (1.30%), FP unit conflicts: 48179 (0.02%)
  Load/store unit conflicts: 24923003 (12.40%)
  MSHR conflicts: 878026324 (436.83%)
----------------------------------------
==== System-wide Cache Statistics ====
Stall for miss queue full 0 cycles (0.00%)
----------------------------------------
==== Statistics for Master ID: 0 ====
Reads: 49769178   Writes: 910559
ICACHE: size: 64 KB assoc: 2
ICACHE: hits:24229026 misses:211  Hit Ratio: 100.00%
DCACHE: size: 1*16 KB assoc: 1*4
DCACHE: hits:25848472 misses:602027 writebacks:115750  Hit Ratio: 97.72%
SCACHE: size: 512 KB assoc: 2
SCACHE: hits:21411 misses:580827  Hit Ratio: 3.56%
3CACHE: size: 4096 KB assoc: 2
3CACHE: hits:50186 misses:530641  Hit Ratio: 8.64%
3CACHE: dirty items replaced:0
ITLB: size: 48, misses 2, miss rate 0.00%
DTLB: size: 128, misses 9495, miss rate 0.04%
Avg mem delay: 19.018 cycles
----------------------------------------
==== Statistics for Master ID: 2 ====
Reads: 20044307   Writes: 7228041
ICACHE: size: 64 KB assoc: 2
ICACHE: hits:12611532 misses:496  Hit Ratio: 100.00%
DCACHE: size: 1*16 KB assoc: 1*4
DCACHE: hits:12707802 misses:1952518 writebacks:1063693  Hit Ratio: 86.68%
SCACHE: size: 512 KB assoc: 2
SCACHE: hits:137 misses:1952877  Hit Ratio: 0.01%
3CACHE: size: 4096 KB assoc: 2
3CACHE: hits:24 misses:1952853  Hit Ratio: 0.00%
3CACHE: dirty items replaced:0
ITLB: size: 48, misses 19, miss rate 0.00%
DTLB: size: 128, misses 76068, miss rate 0.52%
Avg mem delay: 19.018 cycles
----------------------------------------
==== Statistics for Master ID: 3 ====
Reads: 20213135   Writes: 7511262
ICACHE: size: 64 KB assoc: 2
ICACHE: hits:12492719 misses:463  Hit Ratio: 100.00%
DCACHE: size: 2*16 KB assoc: 2*4
DCACHE: hits:13206087 misses:2025128 writebacks:1098837  Hit Ratio: 86.70%
SCACHE: size: 512 KB assoc: 2
SCACHE: hits:120 misses:2025471  Hit Ratio: 0.01%
3CACHE: size: 4096 KB assoc: 2
3CACHE: hits:25 misses:2025446  Hit Ratio: 0.00%
3CACHE: dirty items replaced:0
ITLB: size: 48, misses 19, miss rate 0.00%
DTLB: size: 128, misses 77748, miss rate 0.51%
Avg mem delay: 19.018 cycles
----------------------------------------
==== Global Resource Utilization ====
STASH: size: 65536 entries, full 299342475, empty 20806, misses 2262, full rate 99.99
icache bank util. 0.019 0.019 0.017 0.020 0.018 0.102 0.022 0.028 
dcache bank util. 0.046 0.046 0.048 0.046 0.046 0.046 0.051 0.056 
L2 bank util. 0.027 0.027 0.027 0.027 0.027 0.027 0.034 0.042 
L1-L2 bus util. = 0.102, L3 util. = 0.224
----------------------------------------

======================== 切片硬件状态 ========================
切片号 | 所属安全域 | 当前状态    | 路扩展 | LRU touched
------------------------------------------------------------------
  0    |   域2      | 正常运行   |  否   |  200999773
  1    |   域0      | 正常运行   |  否   |  200999940
  2    |   域3      | 正常运行   |  是   |  200999941
  3    |   域3      | 正常运行   |  是   |  200999930
==================================================================

branch prediction, hits = 15379401, misses = 7643, hit rate = 99.95%
return_stack prediction, hits = 507, misses = 20, hit rate = 96.20%
jump prediction, hits = 15364687, misses = 1099, hit rate = 99.99%

======================== 切片硬件状态 ========================
切片号 | 所属安全域 | 当前状态    | 路扩展 | LRU touched
------------------------------------------------------------------
  0    |   域2      | 正常运行   |  否   |  205699993
  1    |   域0      | 正常运行   |  否   |  205699999
  2    |   域3      | 正常运行   |  是   |  205699921
  3    |   域3      | 正常运行   |  是   |  205699988
==================================================================

[动态重分配] 周期205700000：预约迁移 冗余域3(14%) -> 切片2 -> 饥饿域2(25%)
[切片剥夺] 周期205700000：切片2（所属域3）进入待剥夺状态，禁止新替换
[切片剥夺] 周期205700096：切片2在途请求已清空，开始执行脏行写回
[切片管理] 周期205700218：原域3仅剩1个切片，关闭路扩展模式
[动态重分配] 周期205700218：切片2写回完成，自动绑定到域2
[切片管理] 成功绑定切片2 → 安全域2，触发【路扩展模式】

======================== 切片硬件状态 ========================
切片号 | 所属安全域 | 当前状态    | 路扩展 | LRU touched
------------------------------------------------------------------
  0    |   域2      | 正常运行   |  是   |  205700048
  1    |   域0      | 正常运行   |  否   |  205700214
  2    |   域2      | 正常运行   |  是   |  205700218
  3    |   域3      | 正常运行   |  否   |  205700218
==================================================================


======================== 切片硬件状态 ========================
切片号 | 所属安全域 | 当前状态    | 路扩展 | LRU touched
------------------------------------------------------------------
  0    |   域2      | 正常运行   |  是   |  230299968
  1    |   域0      | 正常运行   |  否   |  230299968
  2    |   域2      | 正常运行   |  是   |  230299914
  3    |   域3      | 正常运行   |  否   |  230299968
==================================================================

[动态重分配] 周期230300000：预约迁移 冗余域2(0%) -> 切片0 -> 饥饿域3(9%)
[切片剥夺] 周期230300000：切片0（所属域2）进入待剥夺状态，禁止新替换
[切片剥夺] 周期230300000：切片0在途请求已清空，开始执行脏行写回
[切片管理] 周期230302086：原域2仅剩1个切片，关闭路扩展模式
[动态重分配] 周期230302086：切片0写回完成，自动绑定到域3
[切片管理] 成功绑定切片0 → 安全域3，触发【路扩展模式】

======================== 切片硬件状态 ========================
切片号 | 所属安全域 | 当前状态    | 路扩展 | LRU touched
------------------------------------------------------------------
  0    |   域3      | 正常运行   |  是   |  230302086
  1    |   域0      | 正常运行   |  否   |  230302083
  2    |   域2      | 正常运行   |  否   |  230302085
  3    |   域3      | 正常运行   |  是   |  230302084
==================================================================


======================== 切片硬件状态 ========================
切片号 | 所属安全域 | 当前状态    | 路扩展 | LRU touched
------------------------------------------------------------------
  0    |   域3      | 正常运行   |  是   |  233199909
  1    |   域0      | 正常运行   |  否   |  233199933
  2    |   域2      | 正常运行   |  否   |  233199917
  3    |   域3      | 正常运行   |  是   |  233199921
==================================================================

[动态重分配] 周期233200000：预约迁移 冗余域3(0%) -> 切片0 -> 饥饿域2(6%)
[切片剥夺] 周期233200000：切片0（所属域3）进入待剥夺状态，禁止新替换
[切片剥夺] 周期233200000：切片0在途请求已清空，开始执行脏行写回
[切片管理] 周期233200023：原域3仅剩1个切片，关闭路扩展模式
[动态重分配] 周期233200023：切片0写回完成，自动绑定到域2
[切片管理] 成功绑定切片0 → 安全域2，触发【路扩展模式】

======================== 切片硬件状态 ========================
切片号 | 所属安全域 | 当前状态    | 路扩展 | LRU touched
------------------------------------------------------------------
  0    |   域2      | 正常运行   |  是   |  233200023
  1    |   域0      | 正常运行   |  否   |  233199933
  2    |   域2      | 正常运行   |  是   |  233199917
  3    |   域3      | 正常运行   |  否   |  233199921
==================================================================


======================== 切片硬件状态 ========================
切片号 | 所属安全域 | 当前状态    | 路扩展 | LRU touched
------------------------------------------------------------------
  0    |   域2      | 正常运行   |  是   |  236297889
  1    |   域0      | 正常运行   |  否   |  236299960
  2    |   域2      | 正常运行   |  是   |  236299960
  3    |   域3      | 正常运行   |  否   |  236299959
==================================================================

[动态重分配] 周期236300000：预约迁移 冗余域2(1%) -> 切片0 -> 饥饿域0(31%)
[切片剥夺] 周期236300000：切片0（所属域2）进入待剥夺状态，禁止新替换
[切片剥夺] 周期236300000：切片0在途请求已清空，开始执行脏行写回
[切片管理] 周期236306592：原域2仅剩1个切片，关闭路扩展模式
[动态重分配] 周期236306592：切片0写回完成，自动绑定到域0
[切片管理] 成功绑定切片0 → 安全域0，触发【路扩展模式】

======================== 切片硬件状态 ========================
切片号 | 所属安全域 | 当前状态    | 路扩展 | LRU touched
------------------------------------------------------------------
  0    |   域0      | 正常运行   |  是   |  236306592
  1    |   域0      | 正常运行   |  是   |  236306587
  2    |   域2      | 正常运行   |  否   |  236306578
  3    |   域3      | 正常运行   |  否   |  236306587
==================================================================


**** Debug Statistics at 301000000 Cycles *****
Threads: 4		Fetch Width: 8
No of useful instructions fetched:	457233676 (18.99% proc util.)
No of total instructions fetched:	498776088 (20.71% proc util.)
 includes 69016 misfetch (0.0%), 41473396 (8.3%) wrong-path fetches
 and 0 flushed after failed lock(0.0%)
No of useful instructions issued/executed:	457233624 (18.99% proc util.)
No of total instructions issued/executed:	478801909 (19.88% proc util.)
 includes 21568285 wrong-path (4.5%) insts and 0 flushed (0.0%)
	fp 55719981, 11.64%
	synch 0, 0.00%
	integer 281002768, 58.69%
	load/store 142079160, 29.67%
Avg size of int IQ (before scheduling): 22.65
Avg size of fp IQ (before scheduling): 8.13
No of cycles taken:		301000000
Parallelism [ 0.410, 0.000, 0.551, 0.558,] = 1.519
 IQ conflicts: 5772369 (1.92%), FQ conflicts: 301428 (0.10%) 
 I reg conflicts: 188326344 (62.57%), FP reg conflicts: 28986638 (9.63%)
  Activelist confs: 0 (0.00%), ROB confs: 988 (0.00%)
  Int unit conflicts: 87395635 (29.04%), FP unit conflicts: 385008 (0.13%)
  Load/store unit conflicts: 32831647 (10.91%)
  MSHR conflicts: 926023726 (307.65%)
----------------------------------------
==== System-wide Cache Statistics ====
Stall for miss queue full 608 cycles (0.00%)
----------------------------------------
==== Statistics for Master ID: 0 ====
Reads: 90026198   Writes: 2089492
ICACHE: size: 64 KB assoc: 2
ICACHE: hits:46375880 misses:1275  Hit Ratio: 100.00%
DCACHE: size: 2*16 KB assoc: 2*4
DCACHE: hits:44304664 misses:1433870 writebacks:212459  Hit Ratio: 96.87%
SCACHE: size: 512 KB assoc: 2
SCACHE: hits:64715 misses:1370429  Hit Ratio: 4.51%
3CACHE: size: 4096 KB assoc: 2
3CACHE: hits:204460 misses:1165968  Hit Ratio: 14.92%
3CACHE: dirty items replaced:17631
ITLB: size: 48, misses 26, miss rate 0.00%
DTLB: size: 128, misses 26309, miss rate 0.06%
Avg mem delay: 8.866 cycles
----------------------------------------
==== Statistics for Master ID: 2 ====
Reads: 89608273   Writes: 17332664
ICACHE: size: 64 KB assoc: 2
ICACHE: hits:54577139 misses:9761  Hit Ratio: 99.98%
DCACHE: size: 1*16 KB assoc: 1*4
DCACHE: hits:49201936 misses:3152476 writebacks:1545472  Hit Ratio: 93.98%
SCACHE: size: 512 KB assoc: 2
SCACHE: hits:948073 misses:2213789  Hit Ratio: 29.98%
3CACHE: size: 4096 KB assoc: 2
3CACHE: hits:133754 misses:2080035  Hit Ratio: 6.04%
3CACHE: dirty items replaced:13643
ITLB: size: 48, misses 25, miss rate 0.00%
DTLB: size: 128, misses 92050, miss rate 0.18%
Avg mem delay: 8.866 cycles
----------------------------------------
==== Statistics for Master ID: 3 ====
Reads: 80090926   Writes: 14936759
ICACHE: size: 64 KB assoc: 2
ICACHE: hits:51033848 misses:7292  Hit Ratio: 99.99%
DCACHE: size: 1*16 KB assoc: 1*4
DCACHE: hits:41368874 misses:2617711 writebacks:1399706  Hit Ratio: 94.05%
SCACHE: size: 512 KB assoc: 2
SCACHE: hits:293806 misses:2331157  Hit Ratio: 11.19%
3CACHE: size: 4096 KB assoc: 2
3CACHE: hits:167391 misses:2163765  Hit Ratio: 7.18%
3CACHE: dirty items replaced:12355
ITLB: size: 48, misses 27, miss rate 0.00%
DTLB: size: 128, misses 96724, miss rate 0.22%
Avg mem delay: 8.866 cycles
----------------------------------------
==== Global Resource Utilization ====
STASH: size: 65536 entries, full 696947101, empty 33163, misses 3183, full rate 99.99
icache bank util. 0.056 0.041 0.036 0.045 0.059 0.131 0.065 0.073 
dcache bank util. 0.062 0.074 0.075 0.068 0.080 0.061 0.087 0.069 
L2 bank util. 0.027 0.027 0.027 0.027 0.027 0.027 0.032 0.037 
L1-L2 bus util. = 0.103, L3 util. = 0.180
----------------------------------------

======================== 切片硬件状态 ========================
切片号 | 所属安全域 | 当前状态    | 路扩展 | LRU touched
------------------------------------------------------------------
  0    |   域0      | 正常运行   |  是   |  300999997
  1    |   域0      | 正常运行   |  是   |  300999996
  2    |   域2      | 正常运行   |  否   |  300999997
  3    |   域3      | 正常运行   |  否   |  300999990
==================================================================

branch prediction, hits = 30045313, misses = 1240642, hit rate = 96.03%
return_stack prediction, hits = 1362615, misses = 20, hit rate = 100.00%
jump prediction, hits = 34497920, misses = 21291, hit rate = 99.94%

======================== 切片硬件状态 ========================
切片号 | 所属安全域 | 当前状态    | 路扩展 | LRU touched
------------------------------------------------------------------
  0    |   域0      | 正常运行   |  是   |  326100000
  1    |   域0      | 正常运行   |  是   |  326100000
  2    |   域2      | 正常运行   |  否   |  326100000
  3    |   域3      | 正常运行   |  否   |  326099999
==================================================================

[动态重分配] 周期326100000：预约迁移 冗余域0(1%) -> 切片0 -> 饥饿域3(7%)
[切片剥夺] 周期326100000：切片0（所属域0）进入待剥夺状态，禁止新替换
[切片剥夺] 周期326100000：切片0在途请求已清空，开始执行脏行写回
[切片管理] 周期326100184：原域0仅剩1个切片，关闭路扩展模式
[动态重分配] 周期326100184：切片0写回完成，自动绑定到域3
[切片管理] 成功绑定切片0 → 安全域3，触发【路扩展模式】

======================== 切片硬件状态 ========================
切片号 | 所属安全域 | 当前状态    | 路扩展 | LRU touched
------------------------------------------------------------------
  0    |   域3      | 正常运行   |  是   |  326100184
  1    |   域0      | 正常运行   |  否   |  326100181
  2    |   域2      | 正常运行   |  否   |  326100181
  3    |   域3      | 正常运行   |  是   |  326100012
==================================================================


======================== 切片硬件状态 ========================
切片号 | 所属安全域 | 当前状态    | 路扩展 | LRU touched
------------------------------------------------------------------
  0    |   域3      | 正常运行   |  是   |  338599955
  1    |   域0      | 正常运行   |  否   |  338599979
  2    |   域2      | 正常运行   |  否   |  338599956
  3    |   域3      | 正常运行   |  是   |  338599956
==================================================================

[动态重分配] 周期338600000：预约迁移 冗余域3(0%) -> 切片0 -> 饥饿域0(6%)
[切片剥夺] 周期338600000：切片0（所属域3）进入待剥夺状态，禁止新替换
[切片剥夺] 周期338600000：切片0在途请求已清空，开始执行脏行写回
[切片管理] 周期338600388：原域3仅剩1个切片，关闭路扩展模式
[动态重分配] 周期338600388：切片0写回完成，自动绑定到域0
[切片管理] 成功绑定切片0 → 安全域0，触发【路扩展模式】

======================== 切片硬件状态 ========================
切片号 | 所属安全域 | 当前状态    | 路扩展 | LRU touched
------------------------------------------------------------------
  0    |   域0      | 正常运行   |  是   |  338600388
  1    |   域0      | 正常运行   |  是   |  338600373
  2    |   域2      | 正常运行   |  否   |  338600374
  3    |   域3      | 正常运行   |  否   |  338600376
==================================================================


======================== 切片硬件状态 ========================
切片号 | 所属安全域 | 当前状态    | 路扩展 | LRU touched
------------------------------------------------------------------
  0    |   域0      | 正常运行   |  是   |  347799998
  1    |   域0      | 正常运行   |  是   |  347799998
  2    |   域2      | 正常运行   |  否   |  347799995
  3    |   域3      | 正常运行   |  否   |  347799997
==================================================================

[动态重分配] 周期347800000：预约迁移 冗余域0(1%) -> 切片0 -> 饥饿域3(7%)
[切片剥夺] 周期347800000：切片0（所属域0）进入待剥夺状态，禁止新替换
[切片剥夺] 周期347800000：切片0在途请求已清空，开始执行脏行写回
[切片管理] 周期347800212：原域0仅剩1个切片，关闭路扩展模式
[动态重分配] 周期347800212：切片0写回完成，自动绑定到域3
[切片管理] 成功绑定切片0 → 安全域3，触发【路扩展模式】

======================== 切片硬件状态 ========================
切片号 | 所属安全域 | 当前状态    | 路扩展 | LRU touched
------------------------------------------------------------------
  0    |   域3      | 正常运行   |  是   |  347800212
  1    |   域0      | 正常运行   |  否   |  347800210
  2    |   域2      | 正常运行   |  否   |  347800209
  3    |   域3      | 正常运行   |  是   |  347800209
==================================================================


======================== 切片硬件状态 ========================
切片号 | 所属安全域 | 当前状态    | 路扩展 | LRU touched
------------------------------------------------------------------
  0    |   域3      | 正常运行   |  是   |  351100000
  1    |   域0      | 正常运行   |  否   |  351100000
  2    |   域2      | 正常运行   |  否   |  351100000
  3    |   域3      | 正常运行   |  是   |  351097225
==================================================================

[动态重分配] 周期351100000：预约迁移 冗余域3(1%) -> 切片0 -> 饥饿域0(10%)
[切片剥夺] 周期351100000：切片0（所属域3）进入待剥夺状态，禁止新替换
[切片剥夺] 周期351100000：切片0在途请求已清空，开始执行脏行写回
[切片管理] 周期351105501：原域3仅剩1个切片，关闭路扩展模式
[动态重分配] 周期351105501：切片0写回完成，自动绑定到域0
[切片管理] 成功绑定切片0 → 安全域0，触发【路扩展模式】

======================== 切片硬件状态 ========================
切片号 | 所属安全域 | 当前状态    | 路扩展 | LRU touched
------------------------------------------------------------------
  0    |   域0      | 正常运行   |  是   |  351105501
  1    |   域0      | 正常运行   |  是   |  351105491
  2    |   域2      | 正常运行   |  否   |  351105495
  3    |   域3      | 正常运行   |  否   |  351105499
==================================================================


======================== 切片硬件状态 ========================
切片号 | 所属安全域 | 当前状态    | 路扩展 | LRU touched
------------------------------------------------------------------
  0    |   域0      | 正常运行   |  是   |  382699939
  1    |   域0      | 正常运行   |  是   |  382699948
  2    |   域2      | 正常运行   |  否   |  382699945
  3    |   域3      | 正常运行   |  否   |  382699947
==================================================================

[动态重分配] 周期382700000：预约迁移 冗余域0(2%) -> 切片0 -> 饥饿域3(9%)
[切片剥夺] 周期382700000：切片0（所属域0）进入待剥夺状态，禁止新替换
[切片剥夺] 周期382700000：切片0在途请求已清空，开始执行脏行写回
[切片管理] 周期382700113：原域0仅剩1个切片，关闭路扩展模式
[动态重分配] 周期382700113：切片0写回完成，自动绑定到域3
[切片管理] 成功绑定切片0 → 安全域3，触发【路扩展模式】

======================== 切片硬件状态 ========================
切片号 | 所属安全域 | 当前状态    | 路扩展 | LRU touched
------------------------------------------------------------------
  0    |   域3      | 正常运行   |  是   |  382700113
  1    |   域0      | 正常运行   |  否   |  382699948
  2    |   域2      | 正常运行   |  否   |  382699945
  3    |   域3      | 正常运行   |  是   |  382699947
==================================================================


======================== 切片硬件状态 ========================
切片号 | 所属安全域 | 当前状态    | 路扩展 | LRU touched
------------------------------------------------------------------
  0    |   域3      | 正常运行   |  是   |  383499998
  1    |   域0      | 正常运行   |  否   |  383499996
  2    |   域2      | 正常运行   |  否   |  383500000
  3    |   域3      | 正常运行   |  是   |  383499939
==================================================================

[动态重分配] 周期383500000：预约迁移 冗余域3(2%) -> 切片0 -> 饥饿域2(9%)
[切片剥夺] 周期383500000：切片0（所属域3）进入待剥夺状态，禁止新替换
[切片剥夺] 周期383500000：切片0在途请求已清空，开始执行脏行写回
[切片管理] 周期383501042：原域3仅剩1个切片，关闭路扩展模式
[动态重分配] 周期383501042：切片0写回完成，自动绑定到域2
[切片管理] 成功绑定切片0 → 安全域2，触发【路扩展模式】

======================== 切片硬件状态 ========================
切片号 | 所属安全域 | 当前状态    | 路扩展 | LRU touched
------------------------------------------------------------------
  0    |   域2      | 正常运行   |  是   |  383501042
  1    |   域0      | 正常运行   |  否   |  383501033
  2    |   域2      | 正常运行   |  是   |  383501039
  3    |   域3      | 正常运行   |  否   |  383501032
==================================================================


======================== 切片硬件状态 ========================
切片号 | 所属安全域 | 当前状态    | 路扩展 | LRU touched
------------------------------------------------------------------
  0    |   域2      | 正常运行   |  是   |  389799925
  1    |   域0      | 正常运行   |  否   |  389799944
  2    |   域2      | 正常运行   |  是   |  389799928
  3    |   域3      | 正常运行   |  否   |  389799930
==================================================================

[动态重分配] 周期389800000：预约迁移 冗余域2(0%) -> 切片0 -> 饥饿域3(6%)
[切片剥夺] 周期389800000：切片0（所属域2）进入待剥夺状态，禁止新替换
[切片剥夺] 周期389800000：切片0在途请求已清空，开始执行脏行写回
[切片管理] 周期389802376：原域2仅剩1个切片，关闭路扩展模式
[动态重分配] 周期389802376：切片0写回完成，自动绑定到域3
[切片管理] 成功绑定切片0 → 安全域3，触发【路扩展模式】

======================== 切片硬件状态 ========================
切片号 | 所属安全域 | 当前状态    | 路扩展 | LRU touched
------------------------------------------------------------------
  0    |   域3      | 正常运行   |  是   |  389802376
  1    |   域0      | 正常运行   |  否   |  389802362
  2    |   域2      | 正常运行   |  否   |  389802357
  3    |   域3      | 正常运行   |  是   |  389802326
==================================================================


======================== 切片硬件状态 ========================
切片号 | 所属安全域 | 当前状态    | 路扩展 | LRU touched
------------------------------------------------------------------
  0    |   域3      | 正常运行   |  是   |  395599892
  1    |   域0      | 正常运行   |  否   |  395599883
  2    |   域2      | 正常运行   |  否   |  395599895
  3    |   域3      | 正常运行   |  是   |  395599184
==================================================================

[动态重分配] 周期395600000：预约迁移 冗余域3(1%) -> 切片0 -> 饥饿域2(9%)
[切片剥夺] 周期395600000：切片0（所属域3）进入待剥夺状态，禁止新替换
[切片剥夺] 周期395600000：切片0在途请求已清空，开始执行脏行写回
[切片管理] 周期395638308：原域3仅剩1个切片，关闭路扩展模式
[动态重分配] 周期395638308：切片0写回完成，自动绑定到域2
[切片管理] 成功绑定切片0 → 安全域2，触发【路扩展模式】

======================== 切片硬件状态 ========================
切片号 | 所属安全域 | 当前状态    | 路扩展 | LRU touched
------------------------------------------------------------------
  0    |   域2      | 正常运行   |  是   |  395638308
  1    |   域0      | 正常运行   |  否   |  395638308
  2    |   域2      | 正常运行   |  是   |  395638308
  3    |   域3      | 正常运行   |  否   |  395638292
==================================================================


**** Debug Statistics at 401000000 Cycles *****
Threads: 4		Fetch Width: 8
No of useful instructions fetched:	750905665 (23.41% proc util.)
No of total instructions fetched:	820817600 (25.59% proc util.)
 includes 109930 misfetch (0.0%), 69802005 (8.5%) wrong-path fetches
 and 0 flushed after failed lock(0.0%)
No of useful instructions issued/executed:	750905625 (23.41% proc util.)
No of total instructions issued/executed:	787042733 (24.53% proc util.)
 includes 36137108 wrong-path (4.6%) insts and 0 flushed (0.0%)
	fp 97189322, 12.35%
	synch 0, 0.00%
	integer 455194073, 57.84%
	load/store 234659338, 29.82%
Avg size of int IQ (before scheduling): 22.00
Avg size of fp IQ (before scheduling): 8.18
No of cycles taken:		401000000
Parallelism [ 0.548, 0.000, 0.658, 0.667,] = 1.873
 IQ conflicts: 7320491 (1.83%), FQ conflicts: 301428 (0.08%) 
 I reg conflicts: 203102555 (50.65%), FP reg conflicts: 61715639 (15.39%)
  Activelist confs: 0 (0.00%), ROB confs: 5900 (0.00%)
  Int unit conflicts: 148363813 (37.00%), FP unit conflicts: 1240343 (0.31%)
  Load/store unit conflicts: 43761123 (10.91%)
  MSHR conflicts: 979459580 (244.25%)
----------------------------------------
==== System-wide Cache Statistics ====
Stall for miss queue full 1772 cycles (0.00%)
----------------------------------------
==== Statistics for Master ID: 0 ====
Reads: 156017538   Writes: 6078429
ICACHE: size: 64 KB assoc: 2
ICACHE: hits:78948493 misses:2289  Hit Ratio: 100.00%
DCACHE: size: 1*16 KB assoc: 1*4
DCACHE: hits:80444753 misses:2700587 writebacks:748384  Hit Ratio: 96.75%
SCACHE: size: 512 KB assoc: 2
SCACHE: hits:292069 misses:2410651  Hit Ratio: 10.81%
3CACHE: size: 4096 KB assoc: 2
3CACHE: hits:522607 misses:1888043  Hit Ratio: 21.68%
3CACHE: dirty items replaced:74922
ITLB: size: 48, misses 26, miss rate 0.00%
DTLB: size: 128, misses 50202, miss rate 0.06%
Avg mem delay: 6.553 cycles
----------------------------------------
==== Statistics for Master ID: 2 ====
Reads: 147164346   Writes: 25480019
ICACHE: size: 64 KB assoc: 2
ICACHE: hits:90394251 misses:15368  Hit Ratio: 99.98%
DCACHE: size: 2*16 KB assoc: 2*4
DCACHE: hits:78145014 misses:4090214 writebacks:1932120  Hit Ratio: 95.03%
SCACHE: size: 512 KB assoc: 2
SCACHE: hits:1657949 misses:2447151  Hit Ratio: 40.39%
3CACHE: size: 4096 KB assoc: 2
3CACHE: hits:294055 misses:2153096  Hit Ratio: 12.02%
3CACHE: dirty items replaced:31280
ITLB: size: 48, misses 25, miss rate 0.00%
DTLB: size: 128, misses 95604, miss rate 0.12%
Avg mem delay: 6.553 cycles
----------------------------------------
==== Statistics for Master ID: 3 ====
Reads: 131165564   Writes: 21886250
ICACHE: size: 64 KB assoc: 2
ICACHE: hits:83760480 misses:12063  Hit Ratio: 99.99%
DCACHE: size: 1*16 KB assoc: 1*4
DCACHE: hits:66211507 misses:3068529 writebacks:1639538  Hit Ratio: 95.57%
SCACHE: size: 512 KB assoc: 2
SCACHE: hits:510106 misses:2569720  Hit Ratio: 16.56%
3CACHE: size: 4096 KB assoc: 2
3CACHE: hits:319935 misses:2249785  Hit Ratio: 12.45%
3CACHE: dirty items replaced:30839
ITLB: size: 48, misses 27, miss rate 0.00%
DTLB: size: 128, misses 102237, miss rate 0.15%
Avg mem delay: 6.553 cycles
----------------------------------------
==== Global Resource Utilization ====
STASH: size: 65536 entries, full 1089810194, empty 41981, misses 3963, full rate 100.00
icache bank util. 0.074 0.054 0.049 0.061 0.080 0.139 0.084 0.092 
dcache bank util. 0.073 0.087 0.092 0.081 0.101 0.073 0.107 0.079 
L2 bank util. 0.028 0.027 0.027 0.027 0.027 0.027 0.031 0.035 
L1-L2 bus util. = 0.106, L3 util. = 0.157
----------------------------------------

======================== 切片硬件状态 ========================
切片号 | 所属安全域 | 当前状态    | 路扩展 | LRU touched
------------------------------------------------------------------
  0    |   域2      | 正常运行   |  是   |  400999998
  1    |   域0      | 正常运行   |  否   |  400999988
  2    |   域2      | 正常运行   |  是   |  400999985
  3    |   域3      | 正常运行   |  否   |  400999999
==================================================================

branch prediction, hits = 42343242, misses = 2392423, hit rate = 94.65%
return_stack prediction, hits = 2636596, misses = 20, hit rate = 100.00%
jump prediction, hits = 51051181, misses = 36637, hit rate = 99.93%

======================== 切片硬件状态 ========================
切片号 | 所属安全域 | 当前状态    | 路扩展 | LRU touched
------------------------------------------------------------------
  0    |   域2      | 正常运行   |  是   |  405499987
  1    |   域0      | 正常运行   |  否   |  405499993
  2    |   域2      | 正常运行   |  是   |  405499999
  3    |   域3      | 正常运行   |  否   |  405499997
==================================================================

[动态重分配] 周期405500000：预约迁移 冗余域2(0%) -> 切片0 -> 饥饿域3(6%)
[切片剥夺] 周期405500000：切片0（所属域2）进入待剥夺状态，禁止新替换
[切片剥夺] 周期405500000：切片0在途请求已清空，开始执行脏行写回
[切片管理] 周期405510181：原域2仅剩1个切片，关闭路扩展模式
[动态重分配] 周期405510181：切片0写回完成，自动绑定到域3
[切片管理] 成功绑定切片0 → 安全域3，触发【路扩展模式】

======================== 切片硬件状态 ========================
切片号 | 所属安全域 | 当前状态    | 路扩展 | LRU touched
------------------------------------------------------------------
  0    |   域3      | 正常运行   |  是   |  405510181
  1    |   域0      | 正常运行   |  否   |  405510181
  2    |   域2      | 正常运行   |  否   |  405510181
  3    |   域3      | 正常运行   |  是   |  405510181
==================================================================


======================== 切片硬件状态 ========================
切片号 | 所属安全域 | 当前状态    | 路扩展 | LRU touched
------------------------------------------------------------------
  0    |   域3      | 正常运行   |  是   |  410799933
  1    |   域0      | 正常运行   |  否   |  410799957
  2    |   域2      | 正常运行   |  否   |  410799980
  3    |   域3      | 正常运行   |  是   |  410799937
==================================================================

[动态重分配] 周期410800000：预约迁移 冗余域3(0%) -> 切片0 -> 饥饿域2(6%)
[切片剥夺] 周期410800000：切片0（所属域3）进入待剥夺状态，禁止新替换
[切片剥夺] 周期410800000：切片0在途请求已清空，开始执行脏行写回
[切片管理] 周期410800605：原域3仅剩1个切片，关闭路扩展模式
[动态重分配] 周期410800605：切片0写回完成，自动绑定到域2
[切片管理] 成功绑定切片0 → 安全域2，触发【路扩展模式】

======================== 切片硬件状态 ========================
切片号 | 所属安全域 | 当前状态    | 路扩展 | LRU touched
------------------------------------------------------------------
  0    |   域2      | 正常运行   |  是   |  410800605
  1    |   域0      | 正常运行   |  否   |  410800600
  2    |   域2      | 正常运行   |  是   |  410800597
  3    |   域3      | 正常运行   |  否   |  410800600
==================================================================


======================== 切片硬件状态 ========================
切片号 | 所属安全域 | 当前状态    | 路扩展 | LRU touched
------------------------------------------------------------------
  0    |   域2      | 正常运行   |  是   |  418399926
  1    |   域0      | 正常运行   |  否   |  418399928
  2    |   域2      | 正常运行   |  是   |  418399927
  3    |   域3      | 正常运行   |  否   |  418399941
==================================================================

[动态重分配] 周期418400000：预约迁移 冗余域2(0%) -> 切片0 -> 饥饿域3(8%)
[切片剥夺] 周期418400000：切片0（所属域2）进入待剥夺状态，禁止新替换
[切片剥夺] 周期418400000：切片0在途请求已清空，开始执行脏行写回
[切片管理] 周期418404353：原域2仅剩1个切片，关闭路扩展模式
[动态重分配] 周期418404353：切片0写回完成，自动绑定到域3
[切片管理] 成功绑定切片0 → 安全域3，触发【路扩展模式】

======================== 切片硬件状态 ========================
切片号 | 所属安全域 | 当前状态    | 路扩展 | LRU touched
------------------------------------------------------------------
  0    |   域3      | 正常运行   |  是   |  418404353
  1    |   域0      | 正常运行   |  否   |  418404353
  2    |   域2      | 正常运行   |  否   |  418404352
  3    |   域3      | 正常运行   |  是   |  418404352
==================================================================


======================== 切片硬件状态 ========================
切片号 | 所属安全域 | 当前状态    | 路扩展 | LRU touched
------------------------------------------------------------------
  0    |   域3      | 正常运行   |  是   |  438699993
  1    |   域0      | 正常运行   |  否   |  438699999
  2    |   域2      | 正常运行   |  否   |  438699999
  3    |   域3      | 正常运行   |  是   |  438699995
==================================================================

[动态重分配] 周期438700000：预约迁移 冗余域3(0%) -> 切片0 -> 饥饿域2(6%)
[切片剥夺] 周期438700000：切片0（所属域3）进入待剥夺状态，禁止新替换
[切片剥夺] 周期438700000：切片0在途请求已清空，开始执行脏行写回
[切片管理] 周期438700026：原域3仅剩1个切片，关闭路扩展模式
[动态重分配] 周期438700026：切片0写回完成，自动绑定到域2
[切片管理] 成功绑定切片0 → 安全域2，触发【路扩展模式】

======================== 切片硬件状态 ========================
切片号 | 所属安全域 | 当前状态    | 路扩展 | LRU touched
------------------------------------------------------------------
  0    |   域2      | 正常运行   |  是   |  438700026
  1    |   域0      | 正常运行   |  否   |  438700026
  2    |   域2      | 正常运行   |  是   |  438700025
  3    |   域3      | 正常运行   |  否   |  438700020
==================================================================


======================== 切片硬件状态 ========================
切片号 | 所属安全域 | 当前状态    | 路扩展 | LRU touched
------------------------------------------------------------------
  0    |   域2      | 正常运行   |  是   |  447299979
  1    |   域0      | 正常运行   |  否   |  447299993
  2    |   域2      | 正常运行   |  是   |  447299969
  3    |   域3      | 正常运行   |  否   |  447299986
==================================================================

[动态重分配] 周期447300000：预约迁移 冗余域2(0%) -> 切片0 -> 饥饿域3(8%)
[切片剥夺] 周期447300000：切片0（所属域2）进入待剥夺状态，禁止新替换
[切片剥夺] 周期447300000：切片0在途请求已清空，开始执行脏行写回
[切片管理] 周期447305996：原域2仅剩1个切片，关闭路扩展模式
[动态重分配] 周期447305996：切片0写回完成，自动绑定到域3
[切片管理] 成功绑定切片0 → 安全域3，触发【路扩展模式】

======================== 切片硬件状态 ========================
切片号 | 所属安全域 | 当前状态    | 路扩展 | LRU touched
------------------------------------------------------------------
  0    |   域3      | 正常运行   |  是   |  447305996
  1    |   域0      | 正常运行   |  否   |  447305991
  2    |   域2      | 正常运行   |  否   |  447305992
  3    |   域3      | 正常运行   |  是   |  447305996
==================================================================


======================== 切片硬件状态 ========================
切片号 | 所属安全域 | 当前状态    | 路扩展 | LRU touched
------------------------------------------------------------------
  0    |   域3      | 正常运行   |  是   |  453099971
  1    |   域0      | 正常运行   |  否   |  453100000
  2    |   域2      | 正常运行   |  否   |  453099998
  3    |   域3      | 正常运行   |  是   |  453100000
==================================================================

[动态重分配] 周期453100000：预约迁移 冗余域3(0%) -> 切片0 -> 饥饿域2(7%)
[切片剥夺] 周期453100000：切片0（所属域3）进入待剥夺状态，禁止新替换
[切片剥夺] 周期453100000：切片0在途请求已清空，开始执行脏行写回
[切片管理] 周期453100197：原域3仅剩1个切片，关闭路扩展模式
[动态重分配] 周期453100197：切片0写回完成，自动绑定到域2
[切片管理] 成功绑定切片0 → 安全域2，触发【路扩展模式】

======================== 切片硬件状态 ========================
切片号 | 所属安全域 | 当前状态    | 路扩展 | LRU touched
------------------------------------------------------------------
  0    |   域2      | 正常运行   |  是   |  453100197
  1    |   域0      | 正常运行   |  否   |  453100150
  2    |   域2      | 正常运行   |  是   |  453100154
  3    |   域3      | 正常运行   |  否   |  453100031
==================================================================


======================== 切片硬件状态 ========================
切片号 | 所属安全域 | 当前状态    | 路扩展 | LRU touched
------------------------------------------------------------------
  0    |   域2      | 正常运行   |  是   |  454499817
  1    |   域0      | 正常运行   |  否   |  454499855
  2    |   域2      | 正常运行   |  是   |  454499871
  3    |   域3      | 正常运行   |  否   |  454499897
==================================================================

[动态重分配] 周期454500000：预约迁移 冗余域2(0%) -> 切片2 -> 饥饿域3(6%)
[切片剥夺] 周期454500000：切片2（所属域2）进入待剥夺状态，禁止新替换
[切片剥夺] 周期454500000：切片2在途请求已清空，开始执行脏行写回
[切片管理] 周期454500242：原域2仅剩1个切片，关闭路扩展模式
[动态重分配] 周期454500242：切片2写回完成，自动绑定到域3
[切片管理] 成功绑定切片2 → 安全域3，触发【路扩展模式】

======================== 切片硬件状态 ========================
切片号 | 所属安全域 | 当前状态    | 路扩展 | LRU touched
------------------------------------------------------------------
  0    |   域2      | 正常运行   |  否   |  454500056
  1    |   域0      | 正常运行   |  否   |  454500065
  2    |   域3      | 正常运行   |  是   |  454500242
  3    |   域3      | 正常运行   |  是   |  454500075
==================================================================


======================== 切片硬件状态 ========================
切片号 | 所属安全域 | 当前状态    | 路扩展 | LRU touched
------------------------------------------------------------------
  0    |   域2      | 正常运行   |  否   |  456199996
  1    |   域0      | 正常运行   |  否   |  456199992
  2    |   域3      | 正常运行   |  是   |  456199990
  3    |   域3      | 正常运行   |  是   |  456199978
==================================================================

[动态重分配] 周期456200000：预约迁移 冗余域3(0%) -> 切片2 -> 饥饿域2(6%)
[切片剥夺] 周期456200000：切片2（所属域3）进入待剥夺状态，禁止新替换
[切片剥夺] 周期456200128：切片2在途请求已清空，开始执行脏行写回
[切片管理] 周期456200166：原域3仅剩1个切片，关闭路扩展模式
[动态重分配] 周期456200166：切片2写回完成，自动绑定到域2
[切片管理] 成功绑定切片2 → 安全域2，触发【路扩展模式】

======================== 切片硬件状态 ========================
切片号 | 所属安全域 | 当前状态    | 路扩展 | LRU touched
------------------------------------------------------------------
  0    |   域2      | 正常运行   |  是   |  456200012
  1    |   域0      | 正常运行   |  否   |  456200010
  2    |   域2      | 正常运行   |  是   |  456200166
  3    |   域3      | 正常运行   |  否   |  456200135
==================================================================


======================== 切片硬件状态 ========================
切片号 | 所属安全域 | 当前状态    | 路扩展 | LRU touched
------------------------------------------------------------------
  0    |   域2      | 正常运行   |  是   |  474499910
  1    |   域0      | 正常运行   |  否   |  474499906
  2    |   域2      | 正常运行   |  是   |  474499904
  3    |   域3      | 正常运行   |  否   |  474499911
==================================================================

[动态重分配] 周期474500000：预约迁移 冗余域2(0%) -> 切片0 -> 饥饿域3(6%)
[切片剥夺] 周期474500000：切片0（所属域2）进入待剥夺状态，禁止新替换
[切片剥夺] 周期474500000：切片0在途请求已清空，开始执行脏行写回
[切片管理] 周期474506146：原域2仅剩1个切片，关闭路扩展模式
[动态重分配] 周期474506146：切片0写回完成，自动绑定到域3
[切片管理] 成功绑定切片0 → 安全域3，触发【路扩展模式】

======================== 切片硬件状态 ========================
切片号 | 所属安全域 | 当前状态    | 路扩展 | LRU touched
------------------------------------------------------------------
  0    |   域3      | 正常运行   |  是   |  474506146
  1    |   域0      | 正常运行   |  否   |  474506146
  2    |   域2      | 正常运行   |  否   |  474506146
  3    |   域3      | 正常运行   |  是   |  474506146
==================================================================


======================== 切片硬件状态 ========================
切片号 | 所属安全域 | 当前状态    | 路扩展 | LRU touched
------------------------------------------------------------------
  0    |   域3      | 正常运行   |  是   |  478599999
  1    |   域0      | 正常运行   |  否   |  478600000
  2    |   域2      | 正常运行   |  否   |  478600000
  3    |   域3      | 正常运行   |  是   |  478599997
==================================================================

[动态重分配] 周期478600000：预约迁移 冗余域3(2%) -> 切片0 -> 饥饿域2(9%)
[切片剥夺] 周期478600000：切片0（所属域3）进入待剥夺状态，禁止新替换
[切片剥夺] 周期478600000：切片0在途请求已清空，开始执行脏行写回
[切片管理] 周期478604566：原域3仅剩1个切片，关闭路扩展模式
[动态重分配] 周期478604566：切片0写回完成，自动绑定到域2
[切片管理] 成功绑定切片0 → 安全域2，触发【路扩展模式】

======================== 切片硬件状态 ========================
切片号 | 所属安全域 | 当前状态    | 路扩展 | LRU touched
------------------------------------------------------------------
  0    |   域2      | 正常运行   |  是   |  478604566
  1    |   域0      | 正常运行   |  否   |  478604559
  2    |   域2      | 正常运行   |  是   |  478604483
  3    |   域3      | 正常运行   |  否   |  478604566
==================================================================


======================== 切片硬件状态 ========================
切片号 | 所属安全域 | 当前状态    | 路扩展 | LRU touched
------------------------------------------------------------------
  0    |   域2      | 正常运行   |  是   |  488999999
  1    |   域0      | 正常运行   |  否   |  488999995
  2    |   域2      | 正常运行   |  是   |  488999998
  3    |   域3      | 正常运行   |  否   |  489000000
==================================================================

[动态重分配] 周期489000000：预约迁移 冗余域2(0%) -> 切片0 -> 饥饿域3(8%)
[切片剥夺] 周期489000000：切片0（所属域2）进入待剥夺状态，禁止新替换
[切片剥夺] 周期489000000：切片0在途请求已清空，开始执行脏行写回
[切片管理] 周期489005240：原域2仅剩1个切片，关闭路扩展模式
[动态重分配] 周期489005240：切片0写回完成，自动绑定到域3
[切片管理] 成功绑定切片0 → 安全域3，触发【路扩展模式】

======================== 切片硬件状态 ========================
切片号 | 所属安全域 | 当前状态    | 路扩展 | LRU touched
------------------------------------------------------------------
  0    |   域3      | 正常运行   |  是   |  489005240
  1    |   域0      | 正常运行   |  否   |  489005240
  2    |   域2      | 正常运行   |  否   |  489005238
  3    |   域3      | 正常运行   |  是   |  489005231
==================================================================


======================== 切片硬件状态 ========================
切片号 | 所属安全域 | 当前状态    | 路扩展 | LRU touched
------------------------------------------------------------------
  0    |   域3      | 正常运行   |  是   |  490000000
  1    |   域0      | 正常运行   |  否   |  490000000
  2    |   域2      | 正常运行   |  否   |  489999999
  3    |   域3      | 正常运行   |  是   |  489999998
==================================================================

[动态重分配] 周期490000000：预约迁移 冗余域3(2%) -> 切片0 -> 饥饿域2(8%)
[切片剥夺] 周期490000000：切片0（所属域3）进入待剥夺状态，禁止新替换
[切片剥夺] 周期490000000：切片0在途请求已清空，开始执行脏行写回
[切片管理] 周期490003388：原域3仅剩1个切片，关闭路扩展模式
[动态重分配] 周期490003388：切片0写回完成，自动绑定到域2
[切片管理] 成功绑定切片0 → 安全域2，触发【路扩展模式】

======================== 切片硬件状态 ========================
切片号 | 所属安全域 | 当前状态    | 路扩展 | LRU touched
------------------------------------------------------------------
  0    |   域2      | 正常运行   |  是   |  490003388
  1    |   域0      | 正常运行   |  否   |  490003386
  2    |   域2      | 正常运行   |  是   |  490003388
  3    |   域3      | 正常运行   |  否   |  490003381
==================================================================


======================== 切片硬件状态 ========================
切片号 | 所属安全域 | 当前状态    | 路扩展 | LRU touched
------------------------------------------------------------------
  0    |   域2      | 正常运行   |  是   |  499999936
  1    |   域0      | 正常运行   |  否   |  499999953
  2    |   域2      | 正常运行   |  是   |  499999945
  3    |   域3      | 正常运行   |  否   |  499999940
==================================================================

[动态重分配] 周期500000000：预约迁移 冗余域2(0%) -> 切片0 -> 饥饿域3(8%)
[切片剥夺] 周期500000000：切片0（所属域2）进入待剥夺状态，禁止新替换
[切片剥夺] 周期500000000：切片0在途请求已清空，开始执行脏行写回
[切片管理] 周期500000200：原域2仅剩1个切片，关闭路扩展模式
[动态重分配] 周期500000200：切片0写回完成，自动绑定到域3
[切片管理] 成功绑定切片0 → 安全域3，触发【路扩展模式】

======================== 切片硬件状态 ========================
切片号 | 所属安全域 | 当前状态    | 路扩展 | LRU touched
------------------------------------------------------------------
  0    |   域3      | 正常运行   |  是   |  500000200
  1    |   域0      | 正常运行   |  否   |  499999953
  2    |   域2      | 正常运行   |  否   |  499999945
  3    |   域3      | 正常运行   |  是   |  499999940
==================================================================


**** Debug Statistics at 501000000 Cycles *****
Threads: 4		Fetch Width: 8
No of useful instructions fetched:	995896611 (24.85% proc util.)
No of total instructions fetched:	1083968764 (27.05% proc util.)
 includes 133285 misfetch (0.0%), 87938868 (8.1%) wrong-path fetches
 and 0 flushed after failed lock(0.0%)
No of useful instructions issued/executed:	995896600 (24.85% proc util.)
No of total instructions issued/executed:	1041402015 (25.98% proc util.)
 includes 45505415 wrong-path (4.4%) insts and 0 flushed (0.0%)
	fp 135777848, 13.04%
	synch 0, 0.00%
	integer 592976392, 56.94%
	load/store 312647775, 30.02%
Avg size of int IQ (before scheduling): 19.99
Avg size of fp IQ (before scheduling): 7.64
No of cycles taken:		501000000
Parallelism [ 0.620, 0.000, 0.677, 0.690,] = 1.988
 IQ conflicts: 7389335 (1.47%), FQ conflicts: 301428 (0.06%) 
 I reg conflicts: 208749013 (41.67%), FP reg conflicts: 112395157 (22.43%)
  Activelist confs: 0 (0.00%), ROB confs: 5900 (0.00%)
  Int unit conflicts: 181232454 (36.17%), FP unit conflicts: 1389411 (0.28%)
  Load/store unit conflicts: 51584697 (10.30%)
  MSHR conflicts: 997856332 (199.17%)
----------------------------------------
==== System-wide Cache Statistics ====
Stall for miss queue full 2405 cycles (0.00%)
----------------------------------------
==== Statistics for Master ID: 0 ====
Reads: 222546184   Writes: 7322512
ICACHE: size: 64 KB assoc: 2
ICACHE: hits:110557725 misses:2289  Hit Ratio: 100.00%
DCACHE: size: 1*16 KB assoc: 1*4
DCACHE: hits:115736732 misses:3572105 writebacks:908353  Hit Ratio: 97.01%
SCACHE: size: 512 KB assoc: 2
SCACHE: hits:400207 misses:3174031  Hit Ratio: 11.20%
3CACHE: size: 4096 KB assoc: 2
3CACHE: hits:793275 misses:2380756  Hit Ratio: 24.99%
3CACHE: dirty items replaced:121606
ITLB: size: 48, misses 26, miss rate 0.00%
DTLB: size: 128, misses 62732, miss rate 0.05%
Avg mem delay: 5.570 cycles
----------------------------------------
==== Statistics for Master ID: 2 ====
Reads: 192374458   Writes: 31568951
ICACHE: size: 64 KB assoc: 2
ICACHE: hits:119148891 misses:19466  Hit Ratio: 99.98%
DCACHE: size: 1*16 KB assoc: 1*4
DCACHE: hits:99965030 misses:4811238 writebacks:2220939  Hit Ratio: 95.41%
SCACHE: size: 512 KB assoc: 2
SCACHE: hits:2198259 misses:2631229  Hit Ratio: 45.52%
3CACHE: size: 4096 KB assoc: 2
3CACHE: hits:422169 misses:2209060  Hit Ratio: 16.04%
3CACHE: dirty items replaced:45636
ITLB: size: 48, misses 25, miss rate 0.00%
DTLB: size: 128, misses 97811, miss rate 0.09%
Avg mem delay: 5.570 cycles
----------------------------------------
==== Statistics for Master ID: 3 ====
Reads: 171399356   Writes: 27122020
ICACHE: size: 64 KB assoc: 2
ICACHE: hits:109941985 misses:15615  Hit Ratio: 99.99%
DCACHE: size: 2*16 KB assoc: 2*4
DCACHE: hits:85153327 misses:3411662 writebacks:1826866  Hit Ratio: 96.15%
SCACHE: size: 512 KB assoc: 2
SCACHE: hits:664098 misses:2761966  Hit Ratio: 19.38%
3CACHE: size: 4096 KB assoc: 2
3CACHE: hits:448357 misses:2313609  Hit Ratio: 16.23%
3CACHE: dirty items replaced:44538
ITLB: size: 48, misses 27, miss rate 0.00%
DTLB: size: 128, misses 106667, miss rate 0.12%
Avg mem delay: 5.570 cycles
----------------------------------------
==== Global Resource Utilization ====
STASH: size: 65536 entries, full 1425594767, empty 41982, misses 3963, full rate 100.00
icache bank util. 0.079 0.059 0.055 0.069 0.091 0.139 0.090 0.097 
dcache bank util. 0.076 0.091 0.096 0.085 0.107 0.076 0.112 0.081 
L2 bank util. 0.026 0.026 0.026 0.026 0.026 0.026 0.029 0.032 
L1-L2 bus util. = 0.101, L3 util. = 0.138
----------------------------------------

======================== 切片硬件状态 ========================
切片号 | 所属安全域 | 当前状态    | 路扩展 | LRU touched
------------------------------------------------------------------
  0    |   域3      | 正常运行   |  是   |  500999911
  1    |   域0      | 正常运行   |  否   |  500999935
  2    |   域2      | 正常运行   |  否   |  500999930
  3    |   域3      | 正常运行   |  是   |  500999911
==================================================================

branch prediction, hits = 52041753, misses = 3265818, hit rate = 94.10%
return_stack prediction, hits = 3606743, misses = 20, hit rate = 100.00%
jump prediction, hits = 64024873, misses = 47450, hit rate = 99.93%

======================== 切片硬件状态 ========================
切片号 | 所属安全域 | 当前状态    | 路扩展 | LRU touched
------------------------------------------------------------------
  0    |   域3      | 正常运行   |  是   |  505999873
  1    |   域0      | 正常运行   |  否   |  505999878
  2    |   域2      | 正常运行   |  否   |  505999882
  3    |   域3      | 正常运行   |  是   |  505999874
==================================================================

[动态重分配] 周期506000000：预约迁移 冗余域3(0%) -> 切片0 -> 饥饿域2(6%)
[切片剥夺] 周期506000000：切片0（所属域3）进入待剥夺状态，禁止新替换
[切片剥夺] 周期506000000：切片0在途请求已清空，开始执行脏行写回
[切片管理] 周期506001104：原域3仅剩1个切片，关闭路扩展模式
[动态重分配] 周期506001104：切片0写回完成，自动绑定到域2
[切片管理] 成功绑定切片0 → 安全域2，触发【路扩展模式】

======================== 切片硬件状态 ========================
切片号 | 所属安全域 | 当前状态    | 路扩展 | LRU touched
------------------------------------------------------------------
  0    |   域2      | 正常运行   |  是   |  506001104
  1    |   域0      | 正常运行   |  否   |  506001090
  2    |   域2      | 正常运行   |  是   |  506001104
  3    |   域3      | 正常运行   |  否   |  506001103
==================================================================


======================== 切片硬件状态 ========================
切片号 | 所属安全域 | 当前状态    | 路扩展 | LRU touched
------------------------------------------------------------------
  0    |   域2      | 正常运行   |  是   |  525100000
  1    |   域0      | 正常运行   |  否   |  525099986
  2    |   域2      | 正常运行   |  是   |  525099996
  3    |   域3      | 正常运行   |  否   |  525099999
==================================================================

[动态重分配] 周期525100000：预约迁移 冗余域2(0%) -> 切片0 -> 饥饿域3(8%)
[切片剥夺] 周期525100000：切片0（所属域2）进入待剥夺状态，禁止新替换
[切片剥夺] 周期525100000：切片0在途请求已清空，开始执行脏行写回
[切片管理] 周期525100059：原域2仅剩1个切片，关闭路扩展模式
[动态重分配] 周期525100059：切片0写回完成，自动绑定到域3
[切片管理] 成功绑定切片0 → 安全域3，触发【路扩展模式】

======================== 切片硬件状态 ========================
切片号 | 所属安全域 | 当前状态    | 路扩展 | LRU touched
------------------------------------------------------------------
  0    |   域3      | 正常运行   |  是   |  525100059
  1    |   域0      | 正常运行   |  否   |  525100059
  2    |   域2      | 正常运行   |  否   |  525100013
  3    |   域3      | 正常运行   |  是   |  525100059
==================================================================


======================== 切片硬件状态 ========================
切片号 | 所属安全域 | 当前状态    | 路扩展 | LRU touched
------------------------------------------------------------------
  0    |   域3      | 正常运行   |  是   |  533799857
  1    |   域0      | 正常运行   |  否   |  533799868
  2    |   域2      | 正常运行   |  否   |  533799847
  3    |   域3      | 正常运行   |  是   |  533799851
==================================================================

[动态重分配] 周期533800000：预约迁移 冗余域3(0%) -> 切片0 -> 饥饿域2(6%)
[切片剥夺] 周期533800000：切片0（所属域3）进入待剥夺状态，禁止新替换
[切片剥夺] 周期533800000：切片0在途请求已清空，开始执行脏行写回
[切片管理] 周期533800016：原域3仅剩1个切片，关闭路扩展模式
[动态重分配] 周期533800016：切片0写回完成，自动绑定到域2
[切片管理] 成功绑定切片0 → 安全域2，触发【路扩展模式】

======================== 切片硬件状态 ========================
切片号 | 所属安全域 | 当前状态    | 路扩展 | LRU touched
------------------------------------------------------------------
  0    |   域2      | 正常运行   |  是   |  533800016
  1    |   域0      | 正常运行   |  否   |  533800016
  2    |   域2      | 正常运行   |  是   |  533800014
  3    |   域3      | 正常运行   |  否   |  533800013
==================================================================


======================== 切片硬件状态 ========================
切片号 | 所属安全域 | 当前状态    | 路扩展 | LRU touched
------------------------------------------------------------------
  0    |   域2      | 正常运行   |  是   |  536197069
  1    |   域0      | 正常运行   |  否   |  536199983
  2    |   域2      | 正常运行   |  是   |  536199993
  3    |   域3      | 正常运行   |  否   |  536199990
==================================================================

[动态重分配] 周期536200000：预约迁移 冗余域2(1%) -> 切片0 -> 饥饿域3(8%)
[切片剥夺] 周期536200000：切片0（所属域2）进入待剥夺状态，禁止新替换
[切片剥夺] 周期536200000：切片0在途请求已清空，开始执行脏行写回
[切片管理] 周期536246776：原域2仅剩1个切片，关闭路扩展模式
[动态重分配] 周期536246776：切片0写回完成，自动绑定到域3
[切片管理] 成功绑定切片0 → 安全域3，触发【路扩展模式】

======================== 切片硬件状态 ========================
切片号 | 所属安全域 | 当前状态    | 路扩展 | LRU touched
------------------------------------------------------------------
  0    |   域3      | 正常运行   |  是   |  536246776
  1    |   域0      | 正常运行   |  否   |  536246776
  2    |   域2      | 正常运行   |  否   |  536246761
  3    |   域3      | 正常运行   |  是   |  536246773
==================================================================


======================== 切片硬件状态 ========================
切片号 | 所属安全域 | 当前状态    | 路扩展 | LRU touched
------------------------------------------------------------------
  0    |   域3      | 正常运行   |  是   |  537299968
  1    |   域0      | 正常运行   |  否   |  537299969
  2    |   域2      | 正常运行   |  否   |  537299980
  3    |   域3      | 正常运行   |  是   |  537299964
==================================================================

[动态重分配] 周期537300000：预约迁移 冗余域3(2%) -> 切片0 -> 饥饿域2(8%)
[切片剥夺] 周期537300000：切片0（所属域3）进入待剥夺状态，禁止新替换
[切片剥夺] 周期537300000：切片0在途请求已清空，开始执行脏行写回
[切片管理] 周期537303167：原域3仅剩1个切片，关闭路扩展模式
[动态重分配] 周期537303167：切片0写回完成，自动绑定到域2
[切片管理] 成功绑定切片0 → 安全域2，触发【路扩展模式】

======================== 切片硬件状态 ========================
切片号 | 所属安全域 | 当前状态    | 路扩展 | LRU touched
------------------------------------------------------------------
  0    |   域2      | 正常运行   |  是   |  537303167
  1    |   域0      | 正常运行   |  否   |  537303162
  2    |   域2      | 正常运行   |  是   |  537303163
  3    |   域3      | 正常运行   |  否   |  537303155
==================================================================


======================== 切片硬件状态 ========================
切片号 | 所属安全域 | 当前状态    | 路扩展 | LRU touched
------------------------------------------------------------------
  0    |   域2      | 正常运行   |  是   |  541799874
  1    |   域0      | 正常运行   |  否   |  541799874
  2    |   域2      | 正常运行   |  是   |  541799879
  3    |   域3      | 正常运行   |  否   |  541799871
==================================================================

[动态重分配] 周期541800000：预约迁移 冗余域2(0%) -> 切片0 -> 饥饿域3(9%)
[切片剥夺] 周期541800000：切片0（所属域2）进入待剥夺状态，禁止新替换
[切片剥夺] 周期541800000：切片0在途请求已清空，开始执行脏行写回
[切片管理] 周期541807925：原域2仅剩1个切片，关闭路扩展模式
[动态重分配] 周期541807925：切片0写回完成，自动绑定到域3
[切片管理] 成功绑定切片0 → 安全域3，触发【路扩展模式】

======================== 切片硬件状态 ========================
切片号 | 所属安全域 | 当前状态    | 路扩展 | LRU touched
------------------------------------------------------------------
  0    |   域3      | 正常运行   |  是   |  541807925
  1    |   域0      | 正常运行   |  否   |  541807924
  2    |   域2      | 正常运行   |  否   |  541807923
  3    |   域3      | 正常运行   |  是   |  541807925
==================================================================


======================== 切片硬件状态 ========================
切片号 | 所属安全域 | 当前状态    | 路扩展 | LRU touched
------------------------------------------------------------------
  0    |   域3      | 正常运行   |  是   |  546299891
  1    |   域0      | 正常运行   |  否   |  546299894
  2    |   域2      | 正常运行   |  否   |  546299893
  3    |   域3      | 正常运行   |  是   |  546299894
==================================================================

[动态重分配] 周期546300000：预约迁移 冗余域3(0%) -> 切片0 -> 饥饿域2(6%)
[切片剥夺] 周期546300000：切片0（所属域3）进入待剥夺状态，禁止新替换
[切片剥夺] 周期546300000：切片0在途请求已清空，开始执行脏行写回
[切片管理] 周期546304427：原域3仅剩1个切片，关闭路扩展模式
[动态重分配] 周期546304427：切片0写回完成，自动绑定到域2
[切片管理] 成功绑定切片0 → 安全域2，触发【路扩展模式】

======================== 切片硬件状态 ========================
切片号 | 所属安全域 | 当前状态    | 路扩展 | LRU touched
------------------------------------------------------------------
  0    |   域2      | 正常运行   |  是   |  546304427
  1    |   域0      | 正常运行   |  否   |  546304427
  2    |   域2      | 正常运行   |  是   |  546304424
  3    |   域3      | 正常运行   |  否   |  546304426
==================================================================


======================== 切片硬件状态 ========================
切片号 | 所属安全域 | 当前状态    | 路扩展 | LRU touched
------------------------------------------------------------------
  0    |   域2      | 正常运行   |  是   |  549299907
  1    |   域0      | 正常运行   |  否   |  549299999
  2    |   域2      | 正常运行   |  是   |  549295611
  3    |   域3      | 正常运行   |  否   |  549299996
==================================================================

[动态重分配] 周期549300000：预约迁移 冗余域2(1%) -> 切片0 -> 饥饿域0(31%)
[切片剥夺] 周期549300000：切片0（所属域2）进入待剥夺状态，禁止新替换
[切片剥夺] 周期549300000：切片0在途请求已清空，开始执行脏行写回
[切片管理] 周期549306527：原域2仅剩1个切片，关闭路扩展模式
[动态重分配] 周期549306527：切片0写回完成，自动绑定到域0
[切片管理] 成功绑定切片0 → 安全域0，触发【路扩展模式】

======================== 切片硬件状态 ========================
切片号 | 所属安全域 | 当前状态    | 路扩展 | LRU touched
------------------------------------------------------------------
  0    |   域0      | 正常运行   |  是   |  549306527
  1    |   域0      | 正常运行   |  是   |  549306513
  2    |   域2      | 正常运行   |  否   |  549306511
  3    |   域3      | 正常运行   |  否   |  549306512
==================================================================


======================== 切片硬件状态 ========================
切片号 | 所属安全域 | 当前状态    | 路扩展 | LRU touched
------------------------------------------------------------------
  0    |   域0      | 正常运行   |  是   |  554699997
  1    |   域0      | 正常运行   |  是   |  554700000
  2    |   域2      | 正常运行   |  否   |  554700000
  3    |   域3      | 正常运行   |  否   |  554699997
==================================================================

[动态重分配] 周期554700000：预约迁移 冗余域0(1%) -> 切片0 -> 饥饿域3(8%)
[切片剥夺] 周期554700000：切片0（所属域0）进入待剥夺状态，禁止新替换
[切片剥夺] 周期554700000：切片0在途请求已清空，开始执行脏行写回
[切片管理] 周期554700185：原域0仅剩1个切片，关闭路扩展模式
[动态重分配] 周期554700185：切片0写回完成，自动绑定到域3
[切片管理] 成功绑定切片0 → 安全域3，触发【路扩展模式】

======================== 切片硬件状态 ========================
切片号 | 所属安全域 | 当前状态    | 路扩展 | LRU touched
------------------------------------------------------------------
  0    |   域3      | 正常运行   |  是   |  554700185
  1    |   域0      | 正常运行   |  否   |  554700185
  2    |   域2      | 正常运行   |  否   |  554700185
  3    |   域3      | 正常运行   |  是   |  554700183
==================================================================


======================== 切片硬件状态 ========================
切片号 | 所属安全域 | 当前状态    | 路扩展 | LRU touched
------------------------------------------------------------------
  0    |   域3      | 正常运行   |  是   |  567299833
  1    |   域0      | 正常运行   |  否   |  567299880
  2    |   域2      | 正常运行   |  否   |  567299885
  3    |   域3      | 正常运行   |  是   |  567299254
==================================================================

[动态重分配] 周期567300000：预约迁移 冗余域3(1%) -> 切片0 -> 饥饿域2(7%)
[切片剥夺] 周期567300000：切片0（所属域3）进入待剥夺状态，禁止新替换
[切片剥夺] 周期567300020：切片0在途请求已清空，开始执行脏行写回
[切片管理] 周期567328168：原域3仅剩1个切片，关闭路扩展模式
[动态重分配] 周期567328168：切片0写回完成，自动绑定到域2
[切片管理] 成功绑定切片0 → 安全域2，触发【路扩展模式】

======================== 切片硬件状态 ========================
切片号 | 所属安全域 | 当前状态    | 路扩展 | LRU touched
------------------------------------------------------------------
  0    |   域2      | 正常运行   |  是   |  567328168
  1    |   域0      | 正常运行   |  否   |  567328160
  2    |   域2      | 正常运行   |  是   |  567328157
  3    |   域3      | 正常运行   |  否   |  567328167
==================================================================


======================== 切片硬件状态 ========================
切片号 | 所属安全域 | 当前状态    | 路扩展 | LRU touched
------------------------------------------------------------------
  0    |   域2      | 正常运行   |  是   |  568113850
  1    |   域0      | 正常运行   |  否   |  568199999
  2    |   域2      | 正常运行   |  是   |  568199999
  3    |   域3      | 正常运行   |  否   |  568199998
==================================================================

[动态重分配] 周期568200000：预约迁移 冗余域2(1%) -> 切片0 -> 饥饿域3(7%)
[切片剥夺] 周期568200000：切片0（所属域2）进入待剥夺状态，禁止新替换
[切片剥夺] 周期568200000：切片0在途请求已清空，开始执行脏行写回
[切片管理] 周期568220847：原域2仅剩1个切片，关闭路扩展模式
[动态重分配] 周期568220847：切片0写回完成，自动绑定到域3
[切片管理] 成功绑定切片0 → 安全域3，触发【路扩展模式】

======================== 切片硬件状态 ========================
切片号 | 所属安全域 | 当前状态    | 路扩展 | LRU touched
------------------------------------------------------------------
  0    |   域3      | 正常运行   |  是   |  568220847
  1    |   域0      | 正常运行   |  否   |  568220832
  2    |   域2      | 正常运行   |  否   |  568220846
  3    |   域3      | 正常运行   |  是   |  568220845
==================================================================


======================== 切片硬件状态 ========================
切片号 | 所属安全域 | 当前状态    | 路扩展 | LRU touched
------------------------------------------------------------------
  0    |   域3      | 正常运行   |  是   |  568299886
  1    |   域0      | 正常运行   |  否   |  568299887
  2    |   域2      | 正常运行   |  否   |  568299899
  3    |   域3      | 正常运行   |  是   |  568299896
==================================================================

[动态重分配] 周期568300000：预约迁移 冗余域3(0%) -> 切片3 -> 饥饿域2(8%)
[切片剥夺] 周期568300000：切片3（所属域3）进入待剥夺状态，禁止新替换
[切片剥夺] 周期568300000：切片3在途请求已清空，开始执行脏行写回
[切片管理] 周期568300215：原域3仅剩1个切片，关闭路扩展模式
[动态重分配] 周期568300215：切片3写回完成，自动绑定到域2
[切片管理] 成功绑定切片3 → 安全域2，触发【路扩展模式】

======================== 切片硬件状态 ========================
切片号 | 所属安全域 | 当前状态    | 路扩展 | LRU touched
------------------------------------------------------------------
  0    |   域3      | 正常运行   |  否   |  568299886
  1    |   域0      | 正常运行   |  否   |  568299887
  2    |   域2      | 正常运行   |  是   |  568299899
  3    |   域2      | 正常运行   |  是   |  568300215
==================================================================


======================== 切片硬件状态 ========================
切片号 | 所属安全域 | 当前状态    | 路扩展 | LRU touched
------------------------------------------------------------------
  0    |   域3      | 正常运行   |  否   |  573400000
  1    |   域0      | 正常运行   |  否   |  573399996
  2    |   域2      | 正常运行   |  是   |  573399997
  3    |   域2      | 正常运行   |  是   |  573399862
==================================================================

[动态重分配] 周期573400000：预约迁移 冗余域2(0%) -> 切片2 -> 饥饿域3(7%)
[切片剥夺] 周期573400000：切片2（所属域2）进入待剥夺状态，禁止新替换
[切片剥夺] 周期573400000：切片2在途请求已清空，开始执行脏行写回
[切片管理] 周期573408922：原域2仅剩1个切片，关闭路扩展模式
[动态重分配] 周期573408922：切片2写回完成，自动绑定到域3
[切片管理] 成功绑定切片2 → 安全域3，触发【路扩展模式】

======================== 切片硬件状态 ========================
切片号 | 所属安全域 | 当前状态    | 路扩展 | LRU touched
------------------------------------------------------------------
  0    |   域3      | 正常运行   |  是   |  573408919
  1    |   域0      | 正常运行   |  否   |  573408921
  2    |   域3      | 正常运行   |  是   |  573408922
  3    |   域2      | 正常运行   |  否   |  573408919
==================================================================


======================== 切片硬件状态 ========================
切片号 | 所属安全域 | 当前状态    | 路扩展 | LRU touched
------------------------------------------------------------------
  0    |   域3      | 正常运行   |  是   |  575899253
  1    |   域0      | 正常运行   |  否   |  575900000
  2    |   域3      | 正常运行   |  是   |  575899998
  3    |   域2      | 正常运行   |  否   |  575899996
==================================================================

[动态重分配] 周期575900000：预约迁移 冗余域3(1%) -> 切片0 -> 饥饿域2(7%)
[切片剥夺] 周期575900000：切片0（所属域3）进入待剥夺状态，禁止新替换
[切片剥夺] 周期575900000：切片0在途请求已清空，开始执行脏行写回
[切片管理] 周期575926300：原域3仅剩1个切片，关闭路扩展模式
[动态重分配] 周期575926300：切片0写回完成，自动绑定到域2
[切片管理] 成功绑定切片0 → 安全域2，触发【路扩展模式】

======================== 切片硬件状态 ========================
切片号 | 所属安全域 | 当前状态    | 路扩展 | LRU touched
------------------------------------------------------------------
  0    |   域2      | 正常运行   |  是   |  575926300
  1    |   域0      | 正常运行   |  否   |  575926299
  2    |   域3      | 正常运行   |  否   |  575926287
  3    |   域2      | 正常运行   |  是   |  575926298
==================================================================


======================== 切片硬件状态 ========================
切片号 | 所属安全域 | 当前状态    | 路扩展 | LRU touched
------------------------------------------------------------------
  0    |   域2      | 正常运行   |  是   |  582499974
  1    |   域0      | 正常运行   |  否   |  582500000
  2    |   域3      | 正常运行   |  否   |  582499998
  3    |   域2      | 正常运行   |  是   |  582499986
==================================================================

[动态重分配] 周期582500000：预约迁移 冗余域2(0%) -> 切片0 -> 饥饿域3(6%)
[切片剥夺] 周期582500000：切片0（所属域2）进入待剥夺状态，禁止新替换
[切片剥夺] 周期582500000：切片0在途请求已清空，开始执行脏行写回
[切片管理] 周期582502266：原域2仅剩1个切片，关闭路扩展模式
[动态重分配] 周期582502266：切片0写回完成，自动绑定到域3
[切片管理] 成功绑定切片0 → 安全域3，触发【路扩展模式】

======================== 切片硬件状态 ========================
切片号 | 所属安全域 | 当前状态    | 路扩展 | LRU touched
------------------------------------------------------------------
  0    |   域3      | 正常运行   |  是   |  582502266
  1    |   域0      | 正常运行   |  否   |  582502264
  2    |   域3      | 正常运行   |  是   |  582502265
  3    |   域2      | 正常运行   |  否   |  582502256
==================================================================


======================== 切片硬件状态 ========================
切片号 | 所属安全域 | 当前状态    | 路扩展 | LRU touched
------------------------------------------------------------------
  0    |   域3      | 正常运行   |  是   |  586199965
  1    |   域0      | 正常运行   |  否   |  586199957
  2    |   域3      | 正常运行   |  是   |  586199956
  3    |   域2      | 正常运行   |  否   |  586199968
==================================================================

[动态重分配] 周期586200000：预约迁移 冗余域3(0%) -> 切片0 -> 饥饿域2(8%)
[切片剥夺] 周期586200000：切片0（所属域3）进入待剥夺状态，禁止新替换
[切片剥夺] 周期586200000：切片0在途请求已清空，开始执行脏行写回
[切片管理] 周期586200023：原域3仅剩1个切片，关闭路扩展模式
[动态重分配] 周期586200023：切片0写回完成，自动绑定到域2
[切片管理] 成功绑定切片0 → 安全域2，触发【路扩展模式】

======================== 切片硬件状态 ========================
切片号 | 所属安全域 | 当前状态    | 路扩展 | LRU touched
------------------------------------------------------------------
  0    |   域2      | 正常运行   |  是   |  586200023
  1    |   域0      | 正常运行   |  否   |  586199957
  2    |   域3      | 正常运行   |  否   |  586199956
  3    |   域2      | 正常运行   |  是   |  586199968
==================================================================


**** Debug Statistics at 601000000 Cycles *****
Threads: 4		Fetch Width: 8
No of useful instructions fetched:	1284414431 (26.71% proc util.)
No of total instructions fetched:	1393670555 (28.99% proc util.)
 includes 156167 misfetch (0.0%), 109099957 (7.8%) wrong-path fetches
 and 0 flushed after failed lock(0.0%)
No of useful instructions issued/executed:	1284414358 (26.71% proc util.)
No of total instructions issued/executed:	1340849638 (27.89% proc util.)
 includes 56435280 wrong-path (4.2%) insts and 0 flushed (0.0%)
	fp 180794725, 13.48%
	synch 0, 0.00%
	integer 755044890, 56.31%
	load/store 405010023, 30.21%
Avg size of int IQ (before scheduling): 19.12
Avg size of fp IQ (before scheduling): 7.47
No of cycles taken:		601000000
Parallelism [ 0.693, 0.000, 0.715, 0.729,] = 2.137
 IQ conflicts: 8332820 (1.39%), FQ conflicts: 301428 (0.05%) 
 I reg conflicts: 215671186 (35.89%), FP reg conflicts: 153668735 (25.57%)
  Activelist confs: 0 (0.00%), ROB confs: 6244 (0.00%)
  Int unit conflicts: 225647422 (37.55%), FP unit conflicts: 1628399 (0.27%)
  Load/store unit conflicts: 62408717 (10.38%)
  MSHR conflicts: 1036607877 (172.48%)
----------------------------------------
==== System-wide Cache Statistics ====
Stall for miss queue full 5132 cycles (0.00%)
----------------------------------------
==== Statistics for Master ID: 0 ====
Reads: 299508281   Writes: 8876256
ICACHE: size: 64 KB assoc: 2
ICACHE: hits:146683912 misses:2510  Hit Ratio: 100.00%
DCACHE: size: 1*16 KB assoc: 1*4
DCACHE: hits:157230528 misses:4467800 writebacks:1119524  Hit Ratio: 97.24%
SCACHE: size: 512 KB assoc: 2
SCACHE: hits:477890 misses:3992205  Hit Ratio: 10.69%
3CACHE: size: 4096 KB assoc: 2
3CACHE: hits:1110158 misses:2882047  Hit Ratio: 27.81%
3CACHE: dirty items replaced:167917
ITLB: size: 48, misses 26, miss rate 0.00%
DTLB: size: 128, misses 80285, miss rate 0.05%
Avg mem delay: 4.895 cycles
----------------------------------------
==== Statistics for Master ID: 2 ====
Reads: 246363864   Writes: 38886560
ICACHE: size: 64 KB assoc: 2
ICACHE: hits:153265798 misses:23448  Hit Ratio: 99.98%
DCACHE: size: 2*16 KB assoc: 2*4
DCACHE: hits:126281253 misses:5682265 writebacks:2565621  Hit Ratio: 95.69%
SCACHE: size: 512 KB assoc: 2
SCACHE: hits:2881871 misses:2821502  Hit Ratio: 50.53%
3CACHE: size: 4096 KB assoc: 2
3CACHE: hits:558155 misses:2263347  Hit Ratio: 19.78%
3CACHE: dirty items replaced:57241
ITLB: size: 48, misses 25, miss rate 0.00%
DTLB: size: 128, misses 100125, miss rate 0.08%
Avg mem delay: 4.895 cycles
----------------------------------------
==== Statistics for Master ID: 3 ====
Reads: 218431012   Writes: 33453549
ICACHE: size: 64 KB assoc: 2
ICACHE: hits:140514809 misses:19306  Hit Ratio: 99.99%
DCACHE: size: 1*16 KB assoc: 1*4
DCACHE: hits:107585840 misses:3766717 writebacks:2027463  Hit Ratio: 96.62%
SCACHE: size: 512 KB assoc: 2
SCACHE: hits:807605 misses:2976307  Hit Ratio: 21.34%
3CACHE: size: 4096 KB assoc: 2
3CACHE: hits:597057 misses:2379250  Hit Ratio: 20.06%
3CACHE: dirty items replaced:57664
ITLB: size: 48, misses 27, miss rate 0.00%
DTLB: size: 128, misses 111543, miss rate 0.10%
Avg mem delay: 4.895 cycles
----------------------------------------
==== Global Resource Utilization ====
STASH: size: 65536 entries, full 1817825700, empty 45438, misses 4317, full rate 100.00
icache bank util. 0.086 0.062 0.059 0.077 0.102 0.145 0.098 0.105 
dcache bank util. 0.081 0.096 0.103 0.090 0.115 0.082 0.120 0.085 
L2 bank util. 0.026 0.025 0.025 0.025 0.025 0.025 0.028 0.031 
L1-L2 bus util. = 0.098, L3 util. = 0.125
----------------------------------------

======================== 切片硬件状态 ========================
切片号 | 所属安全域 | 当前状态    | 路扩展 | LRU touched
------------------------------------------------------------------
  0    |   域2      | 正常运行   |  是   |  600998781
  1    |   域0      | 正常运行   |  否   |  600999999
  2    |   域3      | 正常运行   |  否   |  600999998
  3    |   域2      | 正常运行   |  是   |  600999992
==================================================================

branch prediction, hits = 63563514, misses = 4233403, hit rate = 93.76%
return_stack prediction, hits = 4788707, misses = 20, hit rate = 100.00%
jump prediction, hits = 79535065, misses = 56937, hit rate = 99.93%

======================== 切片硬件状态 ========================
切片号 | 所属安全域 | 当前状态    | 路扩展 | LRU touched
------------------------------------------------------------------
  0    |   域2      | 正常运行   |  是   |  603699996
  1    |   域0      | 正常运行   |  否   |  603699994
  2    |   域3      | 正常运行   |  否   |  603699998
  3    |   域2      | 正常运行   |  是   |  603699998
==================================================================

[动态重分配] 周期603700000：预约迁移 冗余域2(0%) -> 切片0 -> 饥饿域3(7%)
[切片剥夺] 周期603700000：切片0（所属域2）进入待剥夺状态，禁止新替换
[切片剥夺] 周期603700000：切片0在途请求已清空，开始执行脏行写回
[切片管理] 周期603703633：原域2仅剩1个切片，关闭路扩展模式
[动态重分配] 周期603703633：切片0写回完成，自动绑定到域3
[切片管理] 成功绑定切片0 → 安全域3，触发【路扩展模式】

======================== 切片硬件状态 ========================
切片号 | 所属安全域 | 当前状态    | 路扩展 | LRU touched
------------------------------------------------------------------
  0    |   域3      | 正常运行   |  是   |  603703633
  1    |   域0      | 正常运行   |  否   |  603703632
  2    |   域3      | 正常运行   |  是   |  603703628
  3    |   域2      | 正常运行   |  否   |  603703633
==================================================================


======================== 切片硬件状态 ========================
切片号 | 所属安全域 | 当前状态    | 路扩展 | LRU touched
------------------------------------------------------------------
  0    |   域3      | 正常运行   |  是   |  607099999
  1    |   域0      | 正常运行   |  否   |  607099989
  2    |   域3      | 正常运行   |  是   |  607099993
  3    |   域2      | 正常运行   |  否   |  607099992
==================================================================

[动态重分配] 周期607100000：预约迁移 冗余域3(0%) -> 切片0 -> 饥饿域2(6%)
[切片剥夺] 周期607100000：切片0（所属域3）进入待剥夺状态，禁止新替换
[切片剥夺] 周期607100000：切片0在途请求已清空，开始执行脏行写回
[切片管理] 周期607100128：原域3仅剩1个切片，关闭路扩展模式
[动态重分配] 周期607100128：切片0写回完成，自动绑定到域2
[切片管理] 成功绑定切片0 → 安全域2，触发【路扩展模式】

======================== 切片硬件状态 ========================
切片号 | 所属安全域 | 当前状态    | 路扩展 | LRU touched
------------------------------------------------------------------
  0    |   域2      | 正常运行   |  是   |  607100128
  1    |   域0      | 正常运行   |  否   |  607099989
  2    |   域3      | 正常运行   |  否   |  607100005
  3    |   域2      | 正常运行   |  是   |  607099992
==================================================================


======================== 切片硬件状态 ========================
切片号 | 所属安全域 | 当前状态    | 路扩展 | LRU touched
------------------------------------------------------------------
  0    |   域2      | 正常运行   |  是   |  612600000
  1    |   域0      | 正常运行   |  否   |  612600000
  2    |   域3      | 正常运行   |  否   |  612599996
  3    |   域2      | 正常运行   |  是   |  612599991
==================================================================

[动态重分配] 周期612600000：预约迁移 冗余域2(0%) -> 切片0 -> 饥饿域3(6%)
[切片剥夺] 周期612600000：切片0（所属域2）进入待剥夺状态，禁止新替换
[切片剥夺] 周期612600000：切片0在途请求已清空，开始执行脏行写回
[切片管理] 周期612603749：原域2仅剩1个切片，关闭路扩展模式
[动态重分配] 周期612603749：切片0写回完成，自动绑定到域3
[切片管理] 成功绑定切片0 → 安全域3，触发【路扩展模式】

======================== 切片硬件状态 ========================
切片号 | 所属安全域 | 当前状态    | 路扩展 | LRU touched
------------------------------------------------------------------
  0    |   域3      | 正常运行   |  是   |  612603749
  1    |   域0      | 正常运行   |  否   |  612603749
  2    |   域3      | 正常运行   |  是   |  612603749
  3    |   域2      | 正常运行   |  否   |  612603749
==================================================================


======================== 切片硬件状态 ========================
切片号 | 所属安全域 | 当前状态    | 路扩展 | LRU touched
------------------------------------------------------------------
  0    |   域3      | 正常运行   |  是   |  619299220
  1    |   域0      | 正常运行   |  否   |  619299991
  2    |   域3      | 正常运行   |  是   |  619300000
  3    |   域2      | 正常运行   |  否   |  619299999
==================================================================

[动态重分配] 周期619300000：预约迁移 冗余域3(1%) -> 切片0 -> 饥饿域2(7%)
[切片剥夺] 周期619300000：切片0（所属域3）进入待剥夺状态，禁止新替换
[切片剥夺] 周期619300000：切片0在途请求已清空，开始执行脏行写回
[切片管理] 周期619330883：原域3仅剩1个切片，关闭路扩展模式
[动态重分配] 周期619330883：切片0写回完成，自动绑定到域2
[切片管理] 成功绑定切片0 → 安全域2，触发【路扩展模式】

======================== 切片硬件状态 ========================
切片号 | 所属安全域 | 当前状态    | 路扩展 | LRU touched
------------------------------------------------------------------
  0    |   域2      | 正常运行   |  是   |  619330883
  1    |   域0      | 正常运行   |  否   |  619330882
  2    |   域3      | 正常运行   |  否   |  619330877
  3    |   域2      | 正常运行   |  是   |  619330878
==================================================================


======================== 切片硬件状态 ========================
切片号 | 所属安全域 | 当前状态    | 路扩展 | LRU touched
------------------------------------------------------------------
  0    |   域2      | 正常运行   |  是   |  622099985
  1    |   域0      | 正常运行   |  否   |  622100000
  2    |   域3      | 正常运行   |  否   |  622100000
  3    |   域2      | 正常运行   |  是   |  622099999
==================================================================

[动态重分配] 周期622100000：预约迁移 冗余域2(0%) -> 切片0 -> 饥饿域3(8%)
[切片剥夺] 周期622100000：切片0（所属域2）进入待剥夺状态，禁止新替换
[切片剥夺] 周期622100000：切片0在途请求已清空，开始执行脏行写回
[切片管理] 周期622107246：原域2仅剩1个切片，关闭路扩展模式
[动态重分配] 周期622107246：切片0写回完成，自动绑定到域3
[切片管理] 成功绑定切片0 → 安全域3，触发【路扩展模式】

======================== 切片硬件状态 ========================
切片号 | 所属安全域 | 当前状态    | 路扩展 | LRU touched
------------------------------------------------------------------
  0    |   域3      | 正常运行   |  是   |  622107246
  1    |   域0      | 正常运行   |  否   |  622107243
  2    |   域3      | 正常运行   |  是   |  622107245
  3    |   域2      | 正常运行   |  否   |  622107245
==================================================================


======================== 切片硬件状态 ========================
切片号 | 所属安全域 | 当前状态    | 路扩展 | LRU touched
------------------------------------------------------------------
  0    |   域3      | 正常运行   |  是   |  628599980
  1    |   域0      | 正常运行   |  否   |  628599958
  2    |   域3      | 正常运行   |  是   |  628599340
  3    |   域2      | 正常运行   |  否   |  628599987
==================================================================

[动态重分配] 周期628600000：预约迁移 冗余域3(1%) -> 切片0 -> 饥饿域2(7%)
[切片剥夺] 周期628600000：切片0（所属域3）进入待剥夺状态，禁止新替换
[切片剥夺] 周期628600048：切片0在途请求已清空，开始执行脏行写回
[切片管理] 周期628615961：原域3仅剩1个切片，关闭路扩展模式
[动态重分配] 周期628615961：切片0写回完成，自动绑定到域2
[切片管理] 成功绑定切片0 → 安全域2，触发【路扩展模式】

======================== 切片硬件状态 ========================
切片号 | 所属安全域 | 当前状态    | 路扩展 | LRU touched
------------------------------------------------------------------
  0    |   域2      | 正常运行   |  是   |  628615961
  1    |   域0      | 正常运行   |  否   |  628615961
  2    |   域3      | 正常运行   |  否   |  628615960
  3    |   域2      | 正常运行   |  是   |  628615961
==================================================================


======================== 切片硬件状态 ========================
切片号 | 所属安全域 | 当前状态    | 路扩展 | LRU touched
------------------------------------------------------------------
  0    |   域2      | 正常运行   |  是   |  633099990
  1    |   域0      | 正常运行   |  否   |  633100000
  2    |   域3      | 正常运行   |  否   |  633100000
  3    |   域2      | 正常运行   |  是   |  633100000
==================================================================

[动态重分配] 周期633100000：预约迁移 冗余域2(0%) -> 切片0 -> 饥饿域3(6%)
[切片剥夺] 周期633100000：切片0（所属域2）进入待剥夺状态，禁止新替换
[切片剥夺] 周期633100000：切片0在途请求已清空，开始执行脏行写回
[切片管理] 周期633110551：原域2仅剩1个切片，关闭路扩展模式
[动态重分配] 周期633110551：切片0写回完成，自动绑定到域3
[切片管理] 成功绑定切片0 → 安全域3，触发【路扩展模式】

======================== 切片硬件状态 ========================
切片号 | 所属安全域 | 当前状态    | 路扩展 | LRU touched
------------------------------------------------------------------
  0    |   域3      | 正常运行   |  是   |  633110551
  1    |   域0      | 正常运行   |  否   |  633110548
  2    |   域3      | 正常运行   |  是   |  633110548
  3    |   域2      | 正常运行   |  否   |  633110545
==================================================================


======================== 切片硬件状态 ========================
切片号 | 所属安全域 | 当前状态    | 路扩展 | LRU touched
------------------------------------------------------------------
  0    |   域3      | 正常运行   |  是   |  636299969
  1    |   域0      | 正常运行   |  否   |  636299961
  2    |   域3      | 正常运行   |  是   |  636299958
  3    |   域2      | 正常运行   |  否   |  636299968
==================================================================

[动态重分配] 周期636300000：预约迁移 冗余域3(0%) -> 切片0 -> 饥饿域2(7%)
[切片剥夺] 周期636300000：切片0（所属域3）进入待剥夺状态，禁止新替换
[切片剥夺] 周期636300000：切片0在途请求已清空，开始执行脏行写回
[切片管理] 周期636308018：原域3仅剩1个切片，关闭路扩展模式
[动态重分配] 周期636308018：切片0写回完成，自动绑定到域2
[切片管理] 成功绑定切片0 → 安全域2，触发【路扩展模式】

======================== 切片硬件状态 ========================
切片号 | 所属安全域 | 当前状态    | 路扩展 | LRU touched
------------------------------------------------------------------
  0    |   域2      | 正常运行   |  是   |  636308018
  1    |   域0      | 正常运行   |  否   |  636308018
  2    |   域3      | 正常运行   |  否   |  636308017
  3    |   域2      | 正常运行   |  是   |  636308010
==================================================================


======================== 切片硬件状态 ========================
切片号 | 所属安全域 | 当前状态    | 路扩展 | LRU touched
------------------------------------------------------------------
  0    |   域2      | 正常运行   |  是   |  650699998
  1    |   域0      | 正常运行   |  否   |  650699997
  2    |   域3      | 正常运行   |  否   |  650699993
  3    |   域2      | 正常运行   |  是   |  650699964
==================================================================

[动态重分配] 周期650700000：预约迁移 冗余域2(0%) -> 切片0 -> 饥饿域3(8%)
[切片剥夺] 周期650700000：切片0（所属域2）进入待剥夺状态，禁止新替换
[切片剥夺] 周期650700000：切片0在途请求已清空，开始执行脏行写回
[切片管理] 周期650701816：原域2仅剩1个切片，关闭路扩展模式
[动态重分配] 周期650701816：切片0写回完成，自动绑定到域3
[切片管理] 成功绑定切片0 → 安全域3，触发【路扩展模式】

======================== 切片硬件状态 ========================
切片号 | 所属安全域 | 当前状态    | 路扩展 | LRU touched
------------------------------------------------------------------
  0    |   域3      | 正常运行   |  是   |  650701816
  1    |   域0      | 正常运行   |  否   |  650701814
  2    |   域3      | 正常运行   |  是   |  650701816
  3    |   域2      | 正常运行   |  否   |  650701816
==================================================================


======================== 切片硬件状态 ========================
切片号 | 所属安全域 | 当前状态    | 路扩展 | LRU touched
------------------------------------------------------------------
  0    |   域3      | 正常运行   |  是   |  671899904
  1    |   域0      | 正常运行   |  否   |  671899941
  2    |   域3      | 正常运行   |  是   |  671899940
  3    |   域2      | 正常运行   |  否   |  671899921
==================================================================

[动态重分配] 周期671900000：预约迁移 冗余域3(0%) -> 切片0 -> 饥饿域2(6%)
[切片剥夺] 周期671900000：切片0（所属域3）进入待剥夺状态，禁止新替换
[切片剥夺] 周期671900000：切片0在途请求已清空，开始执行脏行写回
[切片管理] 周期671900305：原域3仅剩1个切片，关闭路扩展模式
[动态重分配] 周期671900305：切片0写回完成，自动绑定到域2
[切片管理] 成功绑定切片0 → 安全域2，触发【路扩展模式】

======================== 切片硬件状态 ========================
切片号 | 所属安全域 | 当前状态    | 路扩展 | LRU touched
------------------------------------------------------------------
  0    |   域2      | 正常运行   |  是   |  671900305
  1    |   域0      | 正常运行   |  否   |  671900305
  2    |   域3      | 正常运行   |  否   |  671900291
  3    |   域2      | 正常运行   |  是   |  671900303
==================================================================


======================== 切片硬件状态 ========================
切片号 | 所属安全域 | 当前状态    | 路扩展 | LRU touched
------------------------------------------------------------------
  0    |   域2      | 正常运行   |  是   |  674799875
  1    |   域0      | 正常运行   |  否   |  674799971
  2    |   域3      | 正常运行   |  否   |  674799971
  3    |   域2      | 正常运行   |  是   |  674799954
==================================================================

[动态重分配] 周期674800000：预约迁移 冗余域2(5%) -> 切片3 -> 饥饿域0(31%)
[切片剥夺] 周期674800000：切片3（所属域2）进入待剥夺状态，禁止新替换
[切片剥夺] 周期674800000：切片3在途请求已清空，开始执行脏行写回
[切片管理] 周期674801498：原域2仅剩1个切片，关闭路扩展模式
[动态重分配] 周期674801498：切片3写回完成，自动绑定到域0
[切片管理] 成功绑定切片3 → 安全域0，触发【路扩展模式】

======================== 切片硬件状态 ========================
切片号 | 所属安全域 | 当前状态    | 路扩展 | LRU touched
------------------------------------------------------------------
  0    |   域2      | 正常运行   |  否   |  674801476
  1    |   域0      | 正常运行   |  是   |  674801492
  2    |   域3      | 正常运行   |  否   |  674801496
  3    |   域0      | 正常运行   |  是   |  674801498
==================================================================


======================== 切片硬件状态 ========================
切片号 | 所属安全域 | 当前状态    | 路扩展 | LRU touched
------------------------------------------------------------------
  0    |   域2      | 正常运行   |  否   |  682199897
  1    |   域0      | 正常运行   |  是   |  682199890
  2    |   域3      | 正常运行   |  否   |  682199897
  3    |   域0      | 正常运行   |  是   |  682199907
==================================================================

[动态重分配] 周期682200000：预约迁移 冗余域0(2%) -> 切片1 -> 饥饿域3(8%)
[切片剥夺] 周期682200000：切片1（所属域0）进入待剥夺状态，禁止新替换
[切片剥夺] 周期682200000：切片1在途请求已清空，开始执行脏行写回
[切片管理] 周期682200128：原域0仅剩1个切片，关闭路扩展模式
[动态重分配] 周期682200128：切片1写回完成，自动绑定到域3
[切片管理] 成功绑定切片1 → 安全域3，触发【路扩展模式】

======================== 切片硬件状态 ========================
切片号 | 所属安全域 | 当前状态    | 路扩展 | LRU touched
------------------------------------------------------------------
  0    |   域2      | 正常运行   |  否   |  682199897
  1    |   域3      | 正常运行   |  是   |  682200128
  2    |   域3      | 正常运行   |  是   |  682199897
  3    |   域0      | 正常运行   |  否   |  682199907
==================================================================


======================== 切片硬件状态 ========================
切片号 | 所属安全域 | 当前状态    | 路扩展 | LRU touched
------------------------------------------------------------------
  0    |   域2      | 正常运行   |  否   |  694500000
  1    |   域3      | 正常运行   |  是   |  694500000
  2    |   域3      | 正常运行   |  是   |  694499997
  3    |   域0      | 正常运行   |  否   |  694499996
==================================================================

[动态重分配] 周期694500000：预约迁移 冗余域3(2%) -> 切片1 -> 饥饿域2(9%)
[切片剥夺] 周期694500000：切片1（所属域3）进入待剥夺状态，禁止新替换
[切片剥夺] 周期694500000：切片1在途请求已清空，开始执行脏行写回
[切片管理] 周期694502636：原域3仅剩1个切片，关闭路扩展模式
[动态重分配] 周期694502636：切片1写回完成，自动绑定到域2
[切片管理] 成功绑定切片1 → 安全域2，触发【路扩展模式】

======================== 切片硬件状态 ========================
切片号 | 所属安全域 | 当前状态    | 路扩展 | LRU touched
------------------------------------------------------------------
  0    |   域2      | 正常运行   |  是   |  694502635
  1    |   域2      | 正常运行   |  是   |  694502636
  2    |   域3      | 正常运行   |  否   |  694502635
  3    |   域0      | 正常运行   |  否   |  694502633
==================================================================


======================== 切片硬件状态 ========================
切片号 | 所属安全域 | 当前状态    | 路扩展 | LRU touched
------------------------------------------------------------------
  0    |   域2      | 正常运行   |  是   |  694899984
  1    |   域2      | 正常运行   |  是   |  694726929
  2    |   域3      | 正常运行   |  否   |  694899984
  3    |   域0      | 正常运行   |  否   |  694899997
==================================================================

[动态重分配] 周期694900000：预约迁移 冗余域2(0%) -> 切片0 -> 饥饿域3(7%)
[切片剥夺] 周期694900000：切片0（所属域2）进入待剥夺状态，禁止新替换
[切片剥夺] 周期694900000：切片0在途请求已清空，开始执行脏行写回
[切片管理] 周期694900032：原域2仅剩1个切片，关闭路扩展模式
[动态重分配] 周期694900032：切片0写回完成，自动绑定到域3
[切片管理] 成功绑定切片0 → 安全域3，触发【路扩展模式】

======================== 切片硬件状态 ========================
切片号 | 所属安全域 | 当前状态    | 路扩展 | LRU touched
------------------------------------------------------------------
  0    |   域3      | 正常运行   |  是   |  694900032
  1    |   域2      | 正常运行   |  否   |  694726929
  2    |   域3      | 正常运行   |  是   |  694899984
  3    |   域0      | 正常运行   |  否   |  694899997
==================================================================


**** Debug Statistics at 701000000 Cycles *****
Threads: 4		Fetch Width: 8
No of useful instructions fetched:	1590872433 (28.37% proc util.)
No of total instructions fetched:	1723467228 (30.73% proc util.)
 includes 184338 misfetch (0.0%), 132410457 (7.7%) wrong-path fetches
 and 0 flushed after failed lock(0.0%)
No of useful instructions issued/executed:	1590872414 (28.37% proc util.)
No of total instructions issued/executed:	1659631188 (29.59% proc util.)
 includes 68758774 wrong-path (4.1%) insts and 0 flushed (0.0%)
	fp 228794219, 13.79%
	synch 0, 0.00%
	integer 927761499, 55.90%
	load/store 503075470, 30.31%
Avg size of int IQ (before scheduling): 18.64
Avg size of fp IQ (before scheduling): 7.43
No of cycles taken:		701000000
Parallelism [ 0.755, 0.000, 0.750, 0.765,] = 2.269
 IQ conflicts: 9184612 (1.31%), FQ conflicts: 301428 (0.04%) 
 I reg conflicts: 223465495 (31.88%), FP reg conflicts: 190990435 (27.25%)
  Activelist confs: 0 (0.00%), ROB confs: 6244 (0.00%)
  Int unit conflicts: 274275647 (39.13%), FP unit conflicts: 1907525 (0.27%)
  Load/store unit conflicts: 74324700 (10.60%)
  MSHR conflicts: 1080969691 (154.20%)
----------------------------------------
==== System-wide Cache Statistics ====
Stall for miss queue full 6723 cycles (0.00%)
----------------------------------------
==== Statistics for Master ID: 0 ====
Reads: 381166944   Writes: 10526181
ICACHE: size: 64 KB assoc: 2
ICACHE: hits:184809344 misses:2801  Hit Ratio: 100.00%
DCACHE: size: 1*16 KB assoc: 1*4
DCACHE: hits:201523713 misses:5357519 writebacks:1341340  Hit Ratio: 97.41%
SCACHE: size: 512 KB assoc: 2
SCACHE: hits:537865 misses:4822201  Hit Ratio: 10.03%
3CACHE: size: 4096 KB assoc: 2
3CACHE: hits:1448612 misses:3373589  Hit Ratio: 30.04%
3CACHE: dirty items replaced:215936
ITLB: size: 48, misses 26, miss rate 0.00%
DTLB: size: 128, misses 98030, miss rate 0.05%
Avg mem delay: 4.455 cycles
----------------------------------------
==== Statistics for Master ID: 2 ====
Reads: 304003210   Writes: 46723029
ICACHE: size: 64 KB assoc: 2
ICACHE: hits:189654735 misses:27961  Hit Ratio: 99.99%
DCACHE: size: 1*16 KB assoc: 1*4
DCACHE: hits:154416345 misses:6630254 writebacks:2940563  Hit Ratio: 95.88%
SCACHE: size: 512 KB assoc: 2
SCACHE: hits:3627369 misses:3027790  Hit Ratio: 54.50%
3CACHE: size: 4096 KB assoc: 2
3CACHE: hits:704398 misses:2323392  Hit Ratio: 23.26%
3CACHE: dirty items replaced:72321
ITLB: size: 48, misses 25, miss rate 0.00%
DTLB: size: 128, misses 103349, miss rate 0.06%
Avg mem delay: 4.455 cycles
----------------------------------------
==== Statistics for Master ID: 3 ====
Reads: 268442283   Writes: 39818860
ICACHE: size: 64 KB assoc: 2
ICACHE: hits:173087178 misses:23341  Hit Ratio: 99.99%
DCACHE: size: 2*16 KB assoc: 2*4
DCACHE: hits:130979893 misses:4173730 writebacks:2254987  Hit Ratio: 96.91%
SCACHE: size: 512 KB assoc: 2
SCACHE: hits:987221 misses:3206851  Hit Ratio: 23.54%
3CACHE: size: 4096 KB assoc: 2
3CACHE: hits:761533 misses:2445318  Hit Ratio: 23.75%
3CACHE: dirty items replaced:71668
ITLB: size: 48, misses 27, miss rate 0.00%
DTLB: size: 128, misses 116695, miss rate 0.09%
Avg mem delay: 4.455 cycles
----------------------------------------
==== Global Resource Utilization ====
STASH: size: 65536 entries, full 2234900437, empty 48859, misses 4660, full rate 100.00
icache bank util. 0.092 0.064 0.063 0.083 0.111 0.150 0.105 0.113 
dcache bank util. 0.085 0.102 0.109 0.095 0.122 0.086 0.127 0.089 
L2 bank util. 0.025 0.025 0.025 0.025 0.025 0.025 0.027 0.030 
L1-L2 bus util. = 0.097, L3 util. = 0.116
----------------------------------------

======================== 切片硬件状态 ========================
切片号 | 所属安全域 | 当前状态    | 路扩展 | LRU touched
------------------------------------------------------------------
  0    |   域3      | 正常运行   |  是   |  700999907
  1    |   域2      | 正常运行   |  否   |  700999902
  2    |   域3      | 正常运行   |  是   |  700999834
  3    |   域0      | 正常运行   |  否   |  700999896
==================================================================

branch prediction, hits = 75952425, misses = 5252896, hit rate = 93.53%
return_stack prediction, hits = 6015086, misses = 20, hit rate = 100.00%
jump prediction, hits = 96039693, misses = 68742, hit rate = 99.93%

======================== 切片硬件状态 ========================
切片号 | 所属安全域 | 当前状态    | 路扩展 | LRU touched
------------------------------------------------------------------
  0    |   域3      | 正常运行   |  是   |  702599911
  1    |   域2      | 正常运行   |  否   |  702599911
  2    |   域3      | 正常运行   |  是   |  702599917
  3    |   域0      | 正常运行   |  否   |  702599933
==================================================================

[动态重分配] 周期702600000：预约迁移 冗余域3(0%) -> 切片0 -> 饥饿域2(6%)
[切片剥夺] 周期702600000：切片0（所属域3）进入待剥夺状态，禁止新替换
[切片剥夺] 周期702600000：切片0在途请求已清空，开始执行脏行写回
[切片管理] 周期702600020：原域3仅剩1个切片，关闭路扩展模式
[动态重分配] 周期702600020：切片0写回完成，自动绑定到域2
[切片管理] 成功绑定切片0 → 安全域2，触发【路扩展模式】

======================== 切片硬件状态 ========================
切片号 | 所属安全域 | 当前状态    | 路扩展 | LRU touched
------------------------------------------------------------------
  0    |   域2      | 正常运行   |  是   |  702600020
  1    |   域2      | 正常运行   |  是   |  702599911
  2    |   域3      | 正常运行   |  否   |  702599917
  3    |   域0      | 正常运行   |  否   |  702599933
==================================================================


======================== 切片硬件状态 ========================
切片号 | 所属安全域 | 当前状态    | 路扩展 | LRU touched
------------------------------------------------------------------
  0    |   域2      | 正常运行   |  是   |  710599964
  1    |   域2      | 正常运行   |  是   |  710599964
  2    |   域3      | 正常运行   |  否   |  710599969
  3    |   域0      | 正常运行   |  否   |  710599965
==================================================================

[动态重分配] 周期710600000：预约迁移 冗余域2(0%) -> 切片0 -> 饥饿域3(8%)
[切片剥夺] 周期710600000：切片0（所属域2）进入待剥夺状态，禁止新替换
[切片剥夺] 周期710600000：切片0在途请求已清空，开始执行脏行写回
[切片管理] 周期710614519：原域2仅剩1个切片，关闭路扩展模式
[动态重分配] 周期710614519：切片0写回完成，自动绑定到域3
[切片管理] 成功绑定切片0 → 安全域3，触发【路扩展模式】

======================== 切片硬件状态 ========================
切片号 | 所属安全域 | 当前状态    | 路扩展 | LRU touched
------------------------------------------------------------------
  0    |   域3      | 正常运行   |  是   |  710614519
  1    |   域2      | 正常运行   |  否   |  710614518
  2    |   域3      | 正常运行   |  是   |  710614519
  3    |   域0      | 正常运行   |  否   |  710614505
==================================================================


======================== 切片硬件状态 ========================
切片号 | 所属安全域 | 当前状态    | 路扩展 | LRU touched
------------------------------------------------------------------
  0    |   域3      | 正常运行   |  是   |  715099862
  1    |   域2      | 正常运行   |  否   |  715099862
  2    |   域3      | 正常运行   |  是   |  715099849
  3    |   域0      | 正常运行   |  否   |  715099857
==================================================================

[动态重分配] 周期715100000：预约迁移 冗余域3(0%) -> 切片0 -> 饥饿域2(6%)
[切片剥夺] 周期715100000：切片0（所属域3）进入待剥夺状态，禁止新替换
[切片剥夺] 周期715100000：切片0在途请求已清空，开始执行脏行写回
[切片管理] 周期715102617：原域3仅剩1个切片，关闭路扩展模式
[动态重分配] 周期715102617：切片0写回完成，自动绑定到域2
[切片管理] 成功绑定切片0 → 安全域2，触发【路扩展模式】

======================== 切片硬件状态 ========================
切片号 | 所属安全域 | 当前状态    | 路扩展 | LRU touched
------------------------------------------------------------------
  0    |   域2      | 正常运行   |  是   |  715102617
  1    |   域2      | 正常运行   |  是   |  715102614
  2    |   域3      | 正常运行   |  否   |  715102615
  3    |   域0      | 正常运行   |  否   |  715102609
==================================================================


======================== 切片硬件状态 ========================
切片号 | 所属安全域 | 当前状态    | 路扩展 | LRU touched
------------------------------------------------------------------
  0    |   域2      | 正常运行   |  是   |  723599942
  1    |   域2      | 正常运行   |  是   |  723599959
  2    |   域3      | 正常运行   |  否   |  723599958
  3    |   域0      | 正常运行   |  否   |  723599956
==================================================================

[动态重分配] 周期723600000：预约迁移 冗余域2(0%) -> 切片0 -> 饥饿域3(9%)
[切片剥夺] 周期723600000：切片0（所属域2）进入待剥夺状态，禁止新替换
[切片剥夺] 周期723600184：切片0在途请求已清空，开始执行脏行写回
[切片管理] 周期723604301：原域2仅剩1个切片，关闭路扩展模式
[动态重分配] 周期723604301：切片0写回完成，自动绑定到域3
[切片管理] 成功绑定切片0 → 安全域3，触发【路扩展模式】

======================== 切片硬件状态 ========================
切片号 | 所属安全域 | 当前状态    | 路扩展 | LRU touched
------------------------------------------------------------------
  0    |   域3      | 正常运行   |  是   |  723604301
  1    |   域2      | 正常运行   |  否   |  723604296
  2    |   域3      | 正常运行   |  是   |  723604298
  3    |   域0      | 正常运行   |  否   |  723604292
==================================================================


======================== 切片硬件状态 ========================
切片号 | 所属安全域 | 当前状态    | 路扩展 | LRU touched
------------------------------------------------------------------
  0    |   域3      | 正常运行   |  是   |  735199892
  1    |   域2      | 正常运行   |  否   |  735199898
  2    |   域3      | 正常运行   |  是   |  735199905
  3    |   域0      | 正常运行   |  否   |  735199917
==================================================================

[动态重分配] 周期735200000：预约迁移 冗余域3(0%) -> 切片0 -> 饥饿域2(6%)
[切片剥夺] 周期735200000：切片0（所属域3）进入待剥夺状态，禁止新替换
[切片剥夺] 周期735200000：切片0在途请求已清空，开始执行脏行写回
[切片管理] 周期735200041：原域3仅剩1个切片，关闭路扩展模式
[动态重分配] 周期735200041：切片0写回完成，自动绑定到域2
[切片管理] 成功绑定切片0 → 安全域2，触发【路扩展模式】

======================== 切片硬件状态 ========================
切片号 | 所属安全域 | 当前状态    | 路扩展 | LRU touched
------------------------------------------------------------------
  0    |   域2      | 正常运行   |  是   |  735200041
  1    |   域2      | 正常运行   |  是   |  735199898
  2    |   域3      | 正常运行   |  否   |  735199905
  3    |   域0      | 正常运行   |  否   |  735199917
==================================================================


======================== 切片硬件状态 ========================
切片号 | 所属安全域 | 当前状态    | 路扩展 | LRU touched
------------------------------------------------------------------
  0    |   域2      | 正常运行   |  是   |  736499865
  1    |   域2      | 正常运行   |  是   |  736499876
  2    |   域3      | 正常运行   |  否   |  736499883
  3    |   域0      | 正常运行   |  否   |  736499872
==================================================================

[动态重分配] 周期736500000：预约迁移 冗余域2(0%) -> 切片0 -> 饥饿域3(6%)
[切片剥夺] 周期736500000：切片0（所属域2）进入待剥夺状态，禁止新替换
[切片剥夺] 周期736500000：切片0在途请求已清空，开始执行脏行写回
[切片管理] 周期736504072：原域2仅剩1个切片，关闭路扩展模式
[动态重分配] 周期736504072：切片0写回完成，自动绑定到域3
[切片管理] 成功绑定切片0 → 安全域3，触发【路扩展模式】

======================== 切片硬件状态 ========================
切片号 | 所属安全域 | 当前状态    | 路扩展 | LRU touched
------------------------------------------------------------------
  0    |   域3      | 正常运行   |  是   |  736504072
  1    |   域2      | 正常运行   |  否   |  736504071
  2    |   域3      | 正常运行   |  是   |  736504059
  3    |   域0      | 正常运行   |  否   |  736504072
==================================================================


======================== 切片硬件状态 ========================
切片号 | 所属安全域 | 当前状态    | 路扩展 | LRU touched
------------------------------------------------------------------
  0    |   域3      | 正常运行   |  是   |  741099991
  1    |   域2      | 正常运行   |  否   |  741100000
  2    |   域3      | 正常运行   |  是   |  741099998
  3    |   域0      | 正常运行   |  否   |  741100000
==================================================================

[动态重分配] 周期741100000：预约迁移 冗余域3(0%) -> 切片0 -> 饥饿域2(6%)
[切片剥夺] 周期741100000：切片0（所属域3）进入待剥夺状态，禁止新替换
[切片剥夺] 周期741100000：切片0在途请求已清空，开始执行脏行写回
[切片管理] 周期741100212：原域3仅剩1个切片，关闭路扩展模式
[动态重分配] 周期741100212：切片0写回完成，自动绑定到域2
[切片管理] 成功绑定切片0 → 安全域2，触发【路扩展模式】

======================== 切片硬件状态 ========================
切片号 | 所属安全域 | 当前状态    | 路扩展 | LRU touched
------------------------------------------------------------------
  0    |   域2      | 正常运行   |  是   |  741100212
  1    |   域2      | 正常运行   |  是   |  741100111
  2    |   域3      | 正常运行   |  否   |  741100037
  3    |   域0      | 正常运行   |  否   |  741100110
==================================================================


======================== 切片硬件状态 ========================
切片号 | 所属安全域 | 当前状态    | 路扩展 | LRU touched
------------------------------------------------------------------
  0    |   域2      | 正常运行   |  是   |  743799993
  1    |   域2      | 正常运行   |  是   |  743798976
  2    |   域3      | 正常运行   |  否   |  743799999
  3    |   域0      | 正常运行   |  否   |  743800000
==================================================================

[动态重分配] 周期743800000：预约迁移 冗余域2(1%) -> 切片0 -> 饥饿域3(8%)
[切片剥夺] 周期743800000：切片0（所属域2）进入待剥夺状态，禁止新替换
[切片剥夺] 周期743800000：切片0在途请求已清空，开始执行脏行写回
[切片管理] 周期743844373：原域2仅剩1个切片，关闭路扩展模式
[动态重分配] 周期743844373：切片0写回完成，自动绑定到域3
[切片管理] 成功绑定切片0 → 安全域3，触发【路扩展模式】

======================== 切片硬件状态 ========================
切片号 | 所属安全域 | 当前状态    | 路扩展 | LRU touched
------------------------------------------------------------------
  0    |   域3      | 正常运行   |  是   |  743844373
  1    |   域2      | 正常运行   |  否   |  743844337
  2    |   域3      | 正常运行   |  是   |  743844369
  3    |   域0      | 正常运行   |  否   |  743844369
==================================================================


======================== 切片硬件状态 ========================
切片号 | 所属安全域 | 当前状态    | 路扩展 | LRU touched
------------------------------------------------------------------
  0    |   域3      | 正常运行   |  是   |  744075905
  1    |   域2      | 正常运行   |  否   |  744199998
  2    |   域3      | 正常运行   |  是   |  744199996
  3    |   域0      | 正常运行   |  否   |  744200000
==================================================================

[动态重分配] 周期744200000：预约迁移 冗余域3(0%) -> 切片2 -> 饥饿域2(8%)
[切片剥夺] 周期744200000：切片2（所属域3）进入待剥夺状态，禁止新替换
[切片剥夺] 周期744200000：切片2在途请求已清空，开始执行脏行写回
[切片管理] 周期744200032：原域3仅剩1个切片，关闭路扩展模式
[动态重分配] 周期744200032：切片2写回完成，自动绑定到域2
[切片管理] 成功绑定切片2 → 安全域2，触发【路扩展模式】

======================== 切片硬件状态 ========================
切片号 | 所属安全域 | 当前状态    | 路扩展 | LRU touched
------------------------------------------------------------------
  0    |   域3      | 正常运行   |  否   |  744200015
  1    |   域2      | 正常运行   |  是   |  744200031
  2    |   域2      | 正常运行   |  是   |  744200032
  3    |   域0      | 正常运行   |  否   |  744200032
==================================================================


======================== 切片硬件状态 ========================
切片号 | 所属安全域 | 当前状态    | 路扩展 | LRU touched
------------------------------------------------------------------
  0    |   域3      | 正常运行   |  否   |  756599966
  1    |   域2      | 正常运行   |  是   |  756599975
  2    |   域2      | 正常运行   |  是   |  756599981
  3    |   域0      | 正常运行   |  否   |  756599997
==================================================================

[动态重分配] 周期756600000：预约迁移 冗余域2(0%) -> 切片1 -> 饥饿域3(7%)
[切片剥夺] 周期756600000：切片1（所属域2）进入待剥夺状态，禁止新替换
[切片剥夺] 周期756600000：切片1在途请求已清空，开始执行脏行写回
[切片管理] 周期756600065：原域2仅剩1个切片，关闭路扩展模式
[动态重分配] 周期756600065：切片1写回完成，自动绑定到域3
[切片管理] 成功绑定切片1 → 安全域3，触发【路扩展模式】

======================== 切片硬件状态 ========================
切片号 | 所属安全域 | 当前状态    | 路扩展 | LRU touched
------------------------------------------------------------------
  0    |   域3      | 正常运行   |  是   |  756600062
  1    |   域3      | 正常运行   |  是   |  756600065
  2    |   域2      | 正常运行   |  否   |  756600048
  3    |   域0      | 正常运行   |  否   |  756600065
==================================================================


======================== 切片硬件状态 ========================
切片号 | 所属安全域 | 当前状态    | 路扩展 | LRU touched
------------------------------------------------------------------
  0    |   域3      | 正常运行   |  是   |  760199856
  1    |   域3      | 正常运行   |  是   |  760199854
  2    |   域2      | 正常运行   |  否   |  760199868
  3    |   域0      | 正常运行   |  否   |  760199853
==================================================================

[动态重分配] 周期760200000：预约迁移 冗余域3(0%) -> 切片0 -> 饥饿域2(6%)
[切片剥夺] 周期760200000：切片0（所属域3）进入待剥夺状态，禁止新替换
[切片剥夺] 周期760200000：切片0在途请求已清空，开始执行脏行写回
[切片管理] 周期760202267：原域3仅剩1个切片，关闭路扩展模式
[动态重分配] 周期760202267：切片0写回完成，自动绑定到域2
[切片管理] 成功绑定切片0 → 安全域2，触发【路扩展模式】

======================== 切片硬件状态 ========================
切片号 | 所属安全域 | 当前状态    | 路扩展 | LRU touched
------------------------------------------------------------------
  0    |   域2      | 正常运行   |  是   |  760202267
  1    |   域3      | 正常运行   |  否   |  760202263
  2    |   域2      | 正常运行   |  是   |  760202265
  3    |   域0      | 正常运行   |  否   |  760202267
==================================================================


======================== 切片硬件状态 ========================
切片号 | 所属安全域 | 当前状态    | 路扩展 | LRU touched
------------------------------------------------------------------
  0    |   域2      | 正常运行   |  是   |  768500000
  1    |   域3      | 正常运行   |  否   |  768499998
  2    |   域2      | 正常运行   |  是   |  768499272
  3    |   域0      | 正常运行   |  否   |  768499997
==================================================================

[动态重分配] 周期768500000：预约迁移 冗余域2(1%) -> 切片0 -> 饥饿域3(8%)
[切片剥夺] 周期768500000：切片0（所属域2）进入待剥夺状态，禁止新替换
[切片剥夺] 周期768500000：切片0在途请求已清空，开始执行脏行写回
[切片管理] 周期768523620：原域2仅剩1个切片，关闭路扩展模式
[动态重分配] 周期768523620：切片0写回完成，自动绑定到域3
[切片管理] 成功绑定切片0 → 安全域3，触发【路扩展模式】

======================== 切片硬件状态 ========================
切片号 | 所属安全域 | 当前状态    | 路扩展 | LRU touched
------------------------------------------------------------------
  0    |   域3      | 正常运行   |  是   |  768523620
  1    |   域3      | 正常运行   |  是   |  768523620
  2    |   域2      | 正常运行   |  否   |  768523602
  3    |   域0      | 正常运行   |  否   |  768523619
==================================================================


======================== 切片硬件状态 ========================
切片号 | 所属安全域 | 当前状态    | 路扩展 | LRU touched
------------------------------------------------------------------
  0    |   域3      | 正常运行   |  是   |  768752796
  1    |   域3      | 正常运行   |  是   |  768899998
  2    |   域2      | 正常运行   |  否   |  768899998
  3    |   域0      | 正常运行   |  否   |  768900000
==================================================================

[动态重分配] 周期768900000：预约迁移 冗余域3(0%) -> 切片1 -> 饥饿域2(7%)
[切片剥夺] 周期768900000：切片1（所属域3）进入待剥夺状态，禁止新替换
[切片剥夺] 周期768900000：切片1在途请求已清空，开始执行脏行写回
[切片管理] 周期768900041：原域3仅剩1个切片，关闭路扩展模式
[动态重分配] 周期768900041：切片1写回完成，自动绑定到域2
[切片管理] 成功绑定切片1 → 安全域2，触发【路扩展模式】

======================== 切片硬件状态 ========================
切片号 | 所属安全域 | 当前状态    | 路扩展 | LRU touched
------------------------------------------------------------------
  0    |   域3      | 正常运行   |  否   |  768900014
  1    |   域2      | 正常运行   |  是   |  768900041
  2    |   域2      | 正常运行   |  是   |  768900040
  3    |   域0      | 正常运行   |  否   |  768900026
==================================================================


======================== 切片硬件状态 ========================
切片号 | 所属安全域 | 当前状态    | 路扩展 | LRU touched
------------------------------------------------------------------
  0    |   域3      | 正常运行   |  否   |  778599998
  1    |   域2      | 正常运行   |  是   |  778599962
  2    |   域2      | 正常运行   |  是   |  778599999
  3    |   域0      | 正常运行   |  否   |  778599969
==================================================================

[动态重分配] 周期778600000：预约迁移 冗余域2(0%) -> 切片1 -> 饥饿域3(6%)
[切片剥夺] 周期778600000：切片1（所属域2）进入待剥夺状态，禁止新替换
[切片剥夺] 周期778600000：切片1在途请求已清空，开始执行脏行写回
[切片管理] 周期778602457：原域2仅剩1个切片，关闭路扩展模式
[动态重分配] 周期778602457：切片1写回完成，自动绑定到域3
[切片管理] 成功绑定切片1 → 安全域3，触发【路扩展模式】

======================== 切片硬件状态 ========================
切片号 | 所属安全域 | 当前状态    | 路扩展 | LRU touched
------------------------------------------------------------------
  0    |   域3      | 正常运行   |  是   |  778602452
  1    |   域3      | 正常运行   |  是   |  778602457
  2    |   域2      | 正常运行   |  否   |  778602454
  3    |   域0      | 正常运行   |  否   |  778602443
==================================================================


======================== 切片硬件状态 ========================
切片号 | 所属安全域 | 当前状态    | 路扩展 | LRU touched
------------------------------------------------------------------
  0    |   域3      | 正常运行   |  是   |  782999893
  1    |   域3      | 正常运行   |  是   |  782999887
  2    |   域2      | 正常运行   |  否   |  782999894
  3    |   域0      | 正常运行   |  否   |  782999888
==================================================================

[动态重分配] 周期783000000：预约迁移 冗余域3(0%) -> 切片0 -> 饥饿域2(6%)
[切片剥夺] 周期783000000：切片0（所属域3）进入待剥夺状态，禁止新替换
[切片剥夺] 周期783000000：切片0在途请求已清空，开始执行脏行写回
[切片管理] 周期783000155：原域3仅剩1个切片，关闭路扩展模式
[动态重分配] 周期783000155：切片0写回完成，自动绑定到域2
[切片管理] 成功绑定切片0 → 安全域2，触发【路扩展模式】

======================== 切片硬件状态 ========================
切片号 | 所属安全域 | 当前状态    | 路扩展 | LRU touched
------------------------------------------------------------------
  0    |   域2      | 正常运行   |  是   |  783000155
  1    |   域3      | 正常运行   |  否   |  783000143
  2    |   域2      | 正常运行   |  是   |  783000155
  3    |   域0      | 正常运行   |  否   |  783000155
==================================================================


======================== 切片硬件状态 ========================
切片号 | 所属安全域 | 当前状态    | 路扩展 | LRU touched
------------------------------------------------------------------
  0    |   域2      | 正常运行   |  是   |  792599997
  1    |   域3      | 正常运行   |  否   |  792599994
  2    |   域2      | 正常运行   |  是   |  792599991
  3    |   域0      | 正常运行   |  否   |  792600000
==================================================================

[动态重分配] 周期792600000：预约迁移 冗余域2(0%) -> 切片0 -> 饥饿域3(6%)
[切片剥夺] 周期792600000：切片0（所属域2）进入待剥夺状态，禁止新替换
[切片剥夺] 周期792600000：切片0在途请求已清空，开始执行脏行写回
[切片管理] 周期792613992：原域2仅剩1个切片，关闭路扩展模式
[动态重分配] 周期792613992：切片0写回完成，自动绑定到域3
[切片管理] 成功绑定切片0 → 安全域3，触发【路扩展模式】

======================== 切片硬件状态 ========================
切片号 | 所属安全域 | 当前状态    | 路扩展 | LRU touched
------------------------------------------------------------------
  0    |   域3      | 正常运行   |  是   |  792613992
  1    |   域3      | 正常运行   |  是   |  792613986
  2    |   域2      | 正常运行   |  否   |  792613992
  3    |   域0      | 正常运行   |  否   |  792613991
==================================================================


**** Debug Statistics at 801000000 Cycles *****
Threads: 4		Fetch Width: 8
No of useful instructions fetched:	1834802545 (28.63% proc util.)
No of total instructions fetched:	1985607176 (30.99% proc util.)
 includes 206288 misfetch (0.0%), 150598343 (7.6%) wrong-path fetches
 and 0 flushed after failed lock(0.0%)
No of useful instructions issued/executed:	1834802526 (28.63% proc util.)
No of total instructions issued/executed:	1913121122 (29.86% proc util.)
 includes 78318596 wrong-path (4.1%) insts and 0 flushed (0.0%)
	fp 267152158, 13.96%
	synch 0, 0.00%
	integer 1065072241, 55.67%
	load/store 580896723, 30.36%
Avg size of int IQ (before scheduling): 17.78
Avg size of fp IQ (before scheduling): 7.19
No of cycles taken:		801000000
Parallelism [ 0.774, 0.000, 0.750, 0.766,] = 2.291
 IQ conflicts: 9249088 (1.15%), FQ conflicts: 301428 (0.04%) 
 I reg conflicts: 229081031 (28.60%), FP reg conflicts: 241834348 (30.19%)
  Activelist confs: 0 (0.00%), ROB confs: 6244 (0.00%)
  Int unit conflicts: 307066056 (38.34%), FP unit conflicts: 2055664 (0.26%)
  Load/store unit conflicts: 82055814 (10.24%)
  MSHR conflicts: 1097730991 (137.05%)
----------------------------------------
==== System-wide Cache Statistics ====
Stall for miss queue full 8360 cycles (0.00%)
----------------------------------------
==== Statistics for Master ID: 0 ====
Reads: 447300418   Writes: 11762797
ICACHE: size: 64 KB assoc: 2
ICACHE: hits:216230967 misses:2801  Hit Ratio: 100.00%
DCACHE: size: 1*16 KB assoc: 1*4
DCACHE: hits:236608296 misses:6221403 writebacks:1500407  Hit Ratio: 97.44%
SCACHE: size: 512 KB assoc: 2
SCACHE: hits:641441 misses:5582510  Hit Ratio: 10.31%
3CACHE: size: 4096 KB assoc: 2
3CACHE: hits:1717136 misses:3865374  Hit Ratio: 30.76%
3CACHE: dirty items replaced:265610
ITLB: size: 48, misses 26, miss rate 0.00%
DTLB: size: 128, misses 110490, miss rate 0.05%
Avg mem delay: 4.231 cycles
----------------------------------------
==== Statistics for Master ID: 2 ====
Reads: 349388844   Writes: 52813748
ICACHE: size: 64 KB assoc: 2
ICACHE: hits:218448912 misses:31289  Hit Ratio: 99.99%
DCACHE: size: 1*16 KB assoc: 1*4
DCACHE: hits:176353767 misses:7372844 writebacks:3237190  Hit Ratio: 95.99%
SCACHE: size: 512 KB assoc: 2
SCACHE: hits:4189868 misses:3210045  Hit Ratio: 56.62%
3CACHE: size: 4096 KB assoc: 2
3CACHE: hits:831887 misses:2378158  Hit Ratio: 25.92%
3CACHE: dirty items replaced:88508
ITLB: size: 48, misses 25, miss rate 0.00%
DTLB: size: 128, misses 105299, miss rate 0.06%
Avg mem delay: 4.231 cycles
----------------------------------------
==== Statistics for Master ID: 3 ====
Reads: 308525077   Writes: 45022948
ICACHE: size: 64 KB assoc: 2
ICACHE: hits:199177271 misses:26241  Hit Ratio: 99.99%
DCACHE: size: 2*16 KB assoc: 2*4
DCACHE: hits:149823537 misses:4524359 writebacks:2444493  Hit Ratio: 97.07%
SCACHE: size: 512 KB assoc: 2
SCACHE: hits:1148254 misses:3398963  Hit Ratio: 25.25%
3CACHE: size: 4096 KB assoc: 2
3CACHE: hits:892195 misses:2506768  Hit Ratio: 26.25%
3CACHE: dirty items replaced:85602
ITLB: size: 48, misses 27, miss rate 0.00%
DTLB: size: 128, misses 120982, miss rate 0.08%
Avg mem delay: 4.231 cycles
----------------------------------------
==== Global Resource Utilization ====
STASH: size: 65536 entries, full 2569582202, empty 48859, misses 4660, full rate 100.00
icache bank util. 0.093 0.066 0.064 0.086 0.114 0.149 0.106 0.113 
dcache bank util. 0.086 0.102 0.110 0.096 0.123 0.087 0.128 0.089 
L2 bank util. 0.025 0.025 0.024 0.024 0.024 0.024 0.026 0.029 
L1-L2 bus util. = 0.095, L3 util. = 0.109
----------------------------------------

======================== 切片硬件状态 ========================
切片号 | 所属安全域 | 当前状态    | 路扩展 | LRU touched
------------------------------------------------------------------
  0    |   域3      | 正常运行   |  是   |  800999842
  1    |   域3      | 正常运行   |  是   |  800999847
  2    |   域2      | 正常运行   |  否   |  800999851
  3    |   域0      | 正常运行   |  否   |  800999999
==================================================================

branch prediction, hits = 85649078, misses = 6119400, hit rate = 93.33%
return_stack prediction, hits = 6994078, misses = 20, hit rate = 100.00%
jump prediction, hits = 109002280, misses = 78891, hit rate = 99.93%

======================== 切片硬件状态 ========================
切片号 | 所属安全域 | 当前状态    | 路扩展 | LRU touched
------------------------------------------------------------------
  0    |   域3      | 正常运行   |  是   |  802699996
  1    |   域3      | 正常运行   |  是   |  802699542
  2    |   域2      | 正常运行   |  否   |  802699998
  3    |   域0      | 正常运行   |  否   |  802699998
==================================================================

[动态重分配] 周期802700000：预约迁移 冗余域3(1%) -> 切片0 -> 饥饿域2(9%)
[切片剥夺] 周期802700000：切片0（所属域3）进入待剥夺状态，禁止新替换
[切片剥夺] 周期802700000：切片0在途请求已清空，开始执行脏行写回
[切片管理] 周期802739931：原域3仅剩1个切片，关闭路扩展模式
[动态重分配] 周期802739931：切片0写回完成，自动绑定到域2
[切片管理] 成功绑定切片0 → 安全域2，触发【路扩展模式】

======================== 切片硬件状态 ========================
切片号 | 所属安全域 | 当前状态    | 路扩展 | LRU touched
------------------------------------------------------------------
  0    |   域2      | 正常运行   |  是   |  802739931
  1    |   域3      | 正常运行   |  否   |  802739917
  2    |   域2      | 正常运行   |  是   |  802739931
  3    |   域0      | 正常运行   |  否   |  802739931
==================================================================


======================== 切片硬件状态 ========================
切片号 | 所属安全域 | 当前状态    | 路扩展 | LRU touched
------------------------------------------------------------------
  0    |   域2      | 正常运行   |  是   |  802988792
  1    |   域3      | 正常运行   |  否   |  802999907
  2    |   域2      | 正常运行   |  是   |  802999936
  3    |   域0      | 正常运行   |  否   |  802999890
==================================================================

[动态重分配] 周期803000000：预约迁移 冗余域2(0%) -> 切片2 -> 饥饿域3(8%)
[切片剥夺] 周期803000000：切片2（所属域2）进入待剥夺状态，禁止新替换
[切片剥夺] 周期803000000：切片2在途请求已清空，开始执行脏行写回
[切片管理] 周期803000209：原域2仅剩1个切片，关闭路扩展模式
[动态重分配] 周期803000209：切片2写回完成，自动绑定到域3
[切片管理] 成功绑定切片2 → 安全域3，触发【路扩展模式】

======================== 切片硬件状态 ========================
切片号 | 所属安全域 | 当前状态    | 路扩展 | LRU touched
------------------------------------------------------------------
  0    |   域2      | 正常运行   |  否   |  802988792
  1    |   域3      | 正常运行   |  是   |  802999907
  2    |   域3      | 正常运行   |  是   |  803000209
  3    |   域0      | 正常运行   |  否   |  802999890
==================================================================


======================== 切片硬件状态 ========================
切片号 | 所属安全域 | 当前状态    | 路扩展 | LRU touched
------------------------------------------------------------------
  0    |   域2      | 正常运行   |  否   |  804399972
  1    |   域3      | 正常运行   |  是   |  804399981
  2    |   域3      | 正常运行   |  是   |  804399965
  3    |   域0      | 正常运行   |  否   |  804399972
==================================================================

[动态重分配] 周期804400000：预约迁移 冗余域3(0%) -> 切片1 -> 饥饿域2(6%)
[切片剥夺] 周期804400000：切片1（所属域3）进入待剥夺状态，禁止新替换
[切片剥夺] 周期804400000：切片1在途请求已清空，开始执行脏行写回
[切片管理] 周期804407860：原域3仅剩1个切片，关闭路扩展模式
[动态重分配] 周期804407860：切片1写回完成，自动绑定到域2
[切片管理] 成功绑定切片1 → 安全域2，触发【路扩展模式】

======================== 切片硬件状态 ========================
切片号 | 所属安全域 | 当前状态    | 路扩展 | LRU touched
------------------------------------------------------------------
  0    |   域2      | 正常运行   |  是   |  804407859
  1    |   域2      | 正常运行   |  是   |  804407860
  2    |   域3      | 正常运行   |  否   |  804407860
  3    |   域0      | 正常运行   |  否   |  804407860
==================================================================


======================== 切片硬件状态 ========================
切片号 | 所属安全域 | 当前状态    | 路扩展 | LRU touched
------------------------------------------------------------------
  0    |   域2      | 正常运行   |  是   |  820799995
  1    |   域2      | 正常运行   |  是   |  820799997
  2    |   域3      | 正常运行   |  否   |  820799996
  3    |   域0      | 正常运行   |  否   |  820799999
==================================================================

[动态重分配] 周期820800000：预约迁移 冗余域2(0%) -> 切片0 -> 饥饿域3(6%)
[切片剥夺] 周期820800000：切片0（所属域2）进入待剥夺状态，禁止新替换
[切片剥夺] 周期820800000：切片0在途请求已清空，开始执行脏行写回
[切片管理] 周期820806263：原域2仅剩1个切片，关闭路扩展模式
[动态重分配] 周期820806263：切片0写回完成，自动绑定到域3
[切片管理] 成功绑定切片0 → 安全域3，触发【路扩展模式】

======================== 切片硬件状态 ========================
切片号 | 所属安全域 | 当前状态    | 路扩展 | LRU touched
------------------------------------------------------------------
  0    |   域3      | 正常运行   |  是   |  820806263
  1    |   域2      | 正常运行   |  否   |  820806263
  2    |   域3      | 正常运行   |  是   |  820806226
  3    |   域0      | 正常运行   |  否   |  820806263
==================================================================


======================== 切片硬件状态 ========================
切片号 | 所属安全域 | 当前状态    | 路扩展 | LRU touched
------------------------------------------------------------------
  0    |   域3      | 正常运行   |  是   |  839399997
  1    |   域2      | 正常运行   |  否   |  839400000
  2    |   域3      | 正常运行   |  是   |  839400000
  3    |   域0      | 正常运行   |  否   |  839399998
==================================================================

[动态重分配] 周期839400000：预约迁移 冗余域3(2%) -> 切片2 -> 饥饿域2(9%)
[切片剥夺] 周期839400000：切片2（所属域3）进入待剥夺状态，禁止新替换
[切片剥夺] 周期839400000：切片2在途请求已清空，开始执行脏行写回
[切片管理] 周期839403021：原域3仅剩1个切片，关闭路扩展模式
[动态重分配] 周期839403021：切片2写回完成，自动绑定到域2
[切片管理] 成功绑定切片2 → 安全域2，触发【路扩展模式】

======================== 切片硬件状态 ========================
切片号 | 所属安全域 | 当前状态    | 路扩展 | LRU touched
------------------------------------------------------------------
  0    |   域3      | 正常运行   |  否   |  839403019
  1    |   域2      | 正常运行   |  是   |  839403019
  2    |   域2      | 正常运行   |  是   |  839403021
  3    |   域0      | 正常运行   |  否   |  839403020
==================================================================


======================== 切片硬件状态 ========================
切片号 | 所属安全域 | 当前状态    | 路扩展 | LRU touched
------------------------------------------------------------------
  0    |   域3      | 正常运行   |  否   |  845799988
  1    |   域2      | 正常运行   |  是   |  845799982
  2    |   域2      | 正常运行   |  是   |  845799991
  3    |   域0      | 正常运行   |  否   |  845799977
==================================================================

[动态重分配] 周期845800000：预约迁移 冗余域2(4%) -> 切片2 -> 饥饿域0(19%)
[切片剥夺] 周期845800000：切片2（所属域2）进入待剥夺状态，禁止新替换
[切片剥夺] 周期845800124：切片2在途请求已清空，开始执行脏行写回
[切片管理] 周期845800950：原域2仅剩1个切片，关闭路扩展模式
[动态重分配] 周期845800950：切片2写回完成，自动绑定到域0
[切片管理] 成功绑定切片2 → 安全域0，触发【路扩展模式】

======================== 切片硬件状态 ========================
切片号 | 所属安全域 | 当前状态    | 路扩展 | LRU touched
------------------------------------------------------------------
  0    |   域3      | 正常运行   |  否   |  845800948
  1    |   域2      | 正常运行   |  否   |  845800947
  2    |   域0      | 正常运行   |  是   |  845800950
  3    |   域0      | 正常运行   |  是   |  845800945
==================================================================


**** Early Exiting at 869969937 Cycles *****
========================================
 SMTSIM Global Statistics
========================================
Threads: 4		Fetch Width: 8
No of useful instructions fetched:	2000000211 (28.74% proc util.)
No of total instructions fetched:	2165752129 (31.12% proc util.)
 includes 226354 misfetch (0.0%), 165525564 (7.6%) wrong-path fetches
 and 0 flushed after failed lock(0.0%)
No of useful instructions issued/executed:	2000000127 (28.74% proc util.)
No of total instructions issued/executed:	2086106571 (29.97% proc util.)
 includes 86106444 wrong-path (4.1%) insts and 0 flushed (0.0%)
	fp 290088274, 13.91%
	synch 0, 0.00%
	integer 1162412216, 55.72%
	load/store 633606081, 30.37%
Avg size of int IQ (before scheduling): 17.58
Avg size of fp IQ (before scheduling): 7.28
No of cycles taken:		869969937
Parallelism [ 0.775, 0.000, 0.753, 0.770,] = 2.299
 IQ conflicts: 10143656 (1.17%), FQ conflicts: 301428 (0.03%) 
 I reg conflicts: 235834910 (27.11%), FP reg conflicts: 273842637 (31.48%)
  Activelist confs: 0 (0.00%), ROB confs: 6531 (0.00%)
  Int unit conflicts: 334955136 (38.50%), FP unit conflicts: 2130143 (0.24%)
  Load/store unit conflicts: 88352600 (10.16%)
  MSHR conflicts: 1133236744 (130.26%)
----------------------------------------
==== System-wide Cache Statistics ====
Stall for miss queue full 9184 cycles (0.00%)
----------------------------------------
==== Statistics for Master ID: 0 ====
Reads: 487812356   Writes: 12610650
ICACHE: size: 64 KB assoc: 2
ICACHE: hits:235889998 misses:3040  Hit Ratio: 100.00%
DCACHE: size: 2*16 KB assoc: 2*4
DCACHE: hits:257561890 misses:6968330 writebacks:1620618  Hit Ratio: 97.37%
SCACHE: size: 512 KB assoc: 2
SCACHE: hits:699207 misses:6271910  Hit Ratio: 10.03%
3CACHE: size: 4096 KB assoc: 2
3CACHE: hits:1928664 misses:4343246  Hit Ratio: 30.75%
3CACHE: dirty items replaced:311256
ITLB: size: 48, misses 26, miss rate 0.00%
DTLB: size: 128, misses 125805, miss rate 0.05%
Avg mem delay: 4.183 cycles
----------------------------------------
==== Statistics for Master ID: 2 ====
Reads: 381426165   Writes: 57300096
ICACHE: size: 64 KB assoc: 2
ICACHE: hits:238515690 misses:33642  Hit Ratio: 99.99%
DCACHE: size: 1*16 KB assoc: 1*4
DCACHE: hits:192284951 misses:7896499 writebacks:3450913  Hit Ratio: 96.06%
SCACHE: size: 512 KB assoc: 2
SCACHE: hits:4564747 misses:3360873  Hit Ratio: 57.59%
3CACHE: size: 4096 KB assoc: 2
3CACHE: hits:939942 misses:2420931  Hit Ratio: 27.97%
3CACHE: dirty items replaced:99553
ITLB: size: 48, misses 25, miss rate 0.00%
DTLB: size: 128, misses 107912, miss rate 0.05%
Avg mem delay: 4.183 cycles
----------------------------------------
==== Statistics for Master ID: 3 ====
Reads: 337443402   Writes: 49142490
ICACHE: size: 64 KB assoc: 2
ICACHE: hits:217658956 misses:28130  Hit Ratio: 99.99%
DCACHE: size: 1*16 KB assoc: 1*4
DCACHE: hits:164141817 misses:4760870 writebacks:2572189  Hit Ratio: 97.18%
SCACHE: size: 512 KB assoc: 2
SCACHE: hits:1248961 misses:3536158  Hit Ratio: 26.10%
3CACHE: size: 4096 KB assoc: 2
3CACHE: hits:974884 misses:2561274  Hit Ratio: 27.57%
3CACHE: dirty items replaced:97584
ITLB: size: 48, misses 27, miss rate 0.00%
DTLB: size: 128, misses 124866, miss rate 0.07%
Avg mem delay: 4.183 cycles
----------------------------------------
==== Global Resource Utilization ====
STASH: size: 65536 entries, full 2795276044, empty 52547, misses 5019, full rate 100.00
icache bank util. 0.094 0.067 0.065 0.087 0.115 0.148 0.106 0.113 
dcache bank util. 0.086 0.102 0.110 0.096 0.124 0.087 0.128 0.089 
L2 bank util. 0.025 0.024 0.024 0.024 0.024 0.024 0.026 0.028 
L1-L2 bus util. = 0.094, L3 util. = 0.107
----------------------------------------

======================== 切片硬件状态 ========================
切片号 | 所属安全域 | 当前状态    | 路扩展 | LRU touched
------------------------------------------------------------------
  0    |   域3      | 正常运行   |  否   |  869969933
  1    |   域2      | 正常运行   |  否   |  869969936
  2    |   域0      | 正常运行   |  是   |  869969934
  3    |   域0      | 正常运行   |  是   |  869969929
==================================================================

branch prediction, hits = 92368174, misses = 6765239, hit rate = 93.18%
return_stack prediction, hits = 7728965, misses = 20, hit rate = 100.00%
jump prediction, hits = 118179490, misses = 86895, hit rate = 99.93%
total IPC 2.299

=== Results saved to: ./results/mgrid_2_gzip-graphic_1_gzip-log_1.txt ===
