测试组合（多线程优先）：gcc-scilab.arg2 + gcc-200.arg + gzip-graphic.arg
执行命令：./smtsim gcc-scilab.arg2 gcc-200.arg gzip-graphic.arg
==================================================

 dgelq2_ dgelqf_动态重分配参数：每10万周期检查，阈值5
Process 0, Thread 0: gcc-scilab
Process 0, Thread 1: gcc-scilab
Process 2, Thread 2: gcc-200
Process 3, Thread 3: gzip-graphic
[切片调度] 新安全域2无任何切片，尝试分配空闲切片
[切片管理] 成功绑定切片0 → 安全域2

======================== 切片硬件状态 ========================
切片号 | 所属安全域 | 当前状态    | 路扩展 | LRU touched
------------------------------------------------------------------
  0    |   域2      | 正常运行   |  否   |  0
  1    |   域-1     | 切片空闲   |  否   |  0
  2    |   域-1     | 切片空闲   |  否   |  0
  3    |   域-1     | 切片空闲   |  否   |  0
==================================================================

[切片管理] 成功绑定切片1 → 安全域2，触发【路扩展模式】

======================== 切片硬件状态 ========================
切片号 | 所属安全域 | 当前状态    | 路扩展 | LRU touched
------------------------------------------------------------------
  0    |   域2      | 正常运行   |  是   |  0
  1    |   域2      | 正常运行   |  是   |  0
  2    |   域-1     | 切片空闲   |  否   |  0
  3    |   域-1     | 切片空闲   |  否   |  0
==================================================================

[切片调度] 新安全域3无任何切片，尝试分配空闲切片
[切片管理] 成功绑定切片2 → 安全域3

======================== 切片硬件状态 ========================
切片号 | 所属安全域 | 当前状态    | 路扩展 | LRU touched
------------------------------------------------------------------
  0    |   域2      | 正常运行   |  是   |  435
  1    |   域2      | 正常运行   |  是   |  0
  2    |   域3      | 正常运行   |  否   |  0
  3    |   域-1     | 切片空闲   |  否   |  0
==================================================================

[切片管理] 成功绑定切片3 → 安全域3，触发【路扩展模式】

======================== 切片硬件状态 ========================
切片号 | 所属安全域 | 当前状态    | 路扩展 | LRU touched
------------------------------------------------------------------
  0    |   域2      | 正常运行   |  是   |  435
  1    |   域2      | 正常运行   |  是   |  0
  2    |   域3      | 正常运行   |  是   |  0
  3    |   域3      | 正常运行   |  是   |  0
==================================================================

[切片调度] 新安全域0无任何切片，尝试分配空闲切片
[切片调度] 新安全域0未找到空闲切片，尝试剥夺切片
[切片替换] 优先从【路扩展切片】中选择LRU替换目标...
[切片替换] 找到路扩展切片作为受害者：切片1（最后访问：0）
[切片调度] 安全域0触发切片剥夺：从域2剥夺切片1
[切片剥夺] 周期519：切片1（所属域2）进入待剥夺状态，禁止新替换
[切片剥夺] 周期519：切片1在途请求已清空，开始执行脏行写回
[切片剥夺] 周期519：切片1无脏行，直接完成剥夺
[切片管理] 周期519：原域2仅剩1个切片，关闭路扩展模式
[动态重分配] 周期519：切片1写回完成，自动绑定到域0
[切片管理] 成功绑定切片1 → 安全域0

======================== 切片硬件状态 ========================
切片号 | 所属安全域 | 当前状态    | 路扩展 | LRU touched
------------------------------------------------------------------
  0    |   域2      | 正常运行   |  否   |  435
  1    |   域0      | 正常运行   |  否   |  519
  2    |   域3      | 正常运行   |  是   |  511
  3    |   域3      | 正常运行   |  是   |  0
==================================================================

[切片唤醒] 周期519：域0切片就绪，唤醒等待指令

**** Debug Statistics at 1000000 Cycles *****
Threads: 4		Fetch Width: 8
No of useful instructions fetched:	698806 (8.74% proc util.)
No of total instructions fetched:	966513 (12.08% proc util.)
 includes 34138 misfetch (3.5%), 233569 (24.2%) wrong-path fetches
 and 0 flushed after failed lock(0.0%)
No of useful instructions issued/executed:	698750 (8.73% proc util.)
No of total instructions issued/executed:	818829 (10.24% proc util.)
 includes 120079 wrong-path (14.7%) insts and 0 flushed (0.0%)
	fp 57, 0.01%
	synch 0, 0.00%
	integer 523294, 63.91%
	load/store 295478, 36.09%
Avg size of int IQ (before scheduling): 40.24
Avg size of fp IQ (before scheduling): 0.00
No of cycles taken:		1000000
Parallelism [ 0.266, 0.000, 0.292, 0.141,] = 0.699
 IQ conflicts: 24141 (2.41%), FQ conflicts: 0 (0.00%) 
 I reg conflicts: 803530 (80.35%), FP reg conflicts: 0 (0.00%)
  Activelist confs: 0 (0.00%), ROB confs: 1066 (0.11%)
  Int unit conflicts: 101331 (10.13%), FP unit conflicts: 0 (0.00%)
  Load/store unit conflicts: 63391 (6.34%)
  MSHR conflicts: 2434045 (243.40%)
----------------------------------------
==== System-wide Cache Statistics ====
Stall for miss queue full 0 cycles (0.00%)
----------------------------------------
==== Statistics for Master ID: 0 ====
Reads: 217712   Writes: 37295
ICACHE: size: 64 KB assoc: 2
ICACHE: hits:126339 misses:564  Hit Ratio: 99.56%
DCACHE: size: 1*16 KB assoc: 1*4
DCACHE: hits:125601 misses:2502 writebacks:291  Hit Ratio: 98.05%
SCACHE: size: 512 KB assoc: 2
SCACHE: hits:940 misses:2126  Hit Ratio: 30.66%
3CACHE: size: 4096 KB assoc: 2
3CACHE: hits:66 misses:2060  Hit Ratio: 3.10%
3CACHE: dirty items replaced:0
ITLB: size: 48, misses 11, miss rate 0.01%
DTLB: size: 128, misses 538, miss rate 0.42%
Avg mem delay: 43.822 cycles
----------------------------------------
==== Statistics for Master ID: 2 ====
Reads: 167434   Writes: 38132
ICACHE: size: 64 KB assoc: 2
ICACHE: hits:105398 misses:1537  Hit Ratio: 98.56%
DCACHE: size: 1*16 KB assoc: 1*4
DCACHE: hits:96657 misses:1974 writebacks:1180  Hit Ratio: 98.00%
SCACHE: size: 512 KB assoc: 2
SCACHE: hits:753 misses:2758  Hit Ratio: 21.45%
3CACHE: size: 4096 KB assoc: 2
3CACHE: hits:59 misses:2699  Hit Ratio: 2.14%
3CACHE: dirty items replaced:0
ITLB: size: 48, misses 72, miss rate 0.07%
DTLB: size: 128, misses 348, miss rate 0.35%
Avg mem delay: 43.822 cycles
----------------------------------------
==== Statistics for Master ID: 3 ====
Reads: 101912   Writes: 22937
ICACHE: size: 64 KB assoc: 2
ICACHE: hits:56885 misses:216  Hit Ratio: 99.62%
DCACHE: size: 2*16 KB assoc: 2*4
DCACHE: hits:45563 misses:22185 writebacks:22012  Hit Ratio: 67.25%
SCACHE: size: 512 KB assoc: 2
SCACHE: hits:16 misses:22380  Hit Ratio: 0.07%
3CACHE: size: 4096 KB assoc: 2
3CACHE: hits:1 misses:22379  Hit Ratio: 0.00%
3CACHE: dirty items replaced:0
ITLB: size: 48, misses 18, miss rate 0.03%
DTLB: size: 128, misses 5529, miss rate 8.16%
Avg mem delay: 43.822 cycles
----------------------------------------
==== Global Resource Utilization ====
STASH: size: 65536 entries, full 94631876, empty 5752370, misses 693231, full rate 93.62
icache bank util. 0.040 0.036 0.033 0.032 0.027 0.031 0.041 0.058 
dcache bank util. 0.039 0.028 0.040 0.023 0.031 0.029 0.213 0.042 
L2 bank util. 0.008 0.008 0.007 0.008 0.008 0.007 0.271 0.007 
L1-L2 bus util. = 0.157, L3 util. = 0.271
----------------------------------------

======================== 切片硬件状态 ========================
切片号 | 所属安全域 | 当前状态    | 路扩展 | LRU touched
------------------------------------------------------------------
  0    |   域2      | 正常运行   |  否   |  999925
  1    |   域0      | 正常运行   |  否   |  999998
  2    |   域3      | 正常运行   |  是   |  999995
  3    |   域3      | 正常运行   |  是   |  999961
==================================================================

branch prediction, hits = 71646, misses = 10992, hit rate = 86.70%
return_stack prediction, hits = 9549, misses = 13, hit rate = 99.86%
jump prediction, hits = 73415, misses = 8049, hit rate = 90.12%

======================== 切片硬件状态 ========================
切片号 | 所属安全域 | 当前状态    | 路扩展 | LRU touched
------------------------------------------------------------------
  0    |   域2      | 正常运行   |  否   |  23399997
  1    |   域0      | 正常运行   |  否   |  23399993
  2    |   域3      | 正常运行   |  是   |  23399989
  3    |   域3      | 正常运行   |  是   |  23399988
==================================================================

[动态重分配] 周期23400000：预约迁移 冗余域3(12%) -> 切片2 -> 饥饿域0(23%)
[切片剥夺] 周期23400000：切片2（所属域3）进入待剥夺状态，禁止新替换
[切片剥夺] 周期23400192：切片2在途请求已清空，开始执行脏行写回
[切片管理] 周期23403223：原域3仅剩1个切片，关闭路扩展模式
[动态重分配] 周期23403223：切片2写回完成，自动绑定到域0
[切片管理] 成功绑定切片2 → 安全域0，触发【路扩展模式】

======================== 切片硬件状态 ========================
切片号 | 所属安全域 | 当前状态    | 路扩展 | LRU touched
------------------------------------------------------------------
  0    |   域2      | 正常运行   |  否   |  23403203
  1    |   域0      | 正常运行   |  是   |  23403214
  2    |   域0      | 正常运行   |  是   |  23403223
  3    |   域3      | 正常运行   |  否   |  23403200
==================================================================


======================== 切片硬件状态 ========================
切片号 | 所属安全域 | 当前状态    | 路扩展 | LRU touched
------------------------------------------------------------------
  0    |   域2      | 正常运行   |  否   |  23500000
  1    |   域0      | 正常运行   |  是   |  23499998
  2    |   域0      | 正常运行   |  是   |  23499993
  3    |   域3      | 正常运行   |  否   |  23499979
==================================================================

[动态重分配] 周期23500000：预约迁移 冗余域0(6%) -> 切片1 -> 饥饿域3(12%)
[切片剥夺] 周期23500000：切片1（所属域0）进入待剥夺状态，禁止新替换
[切片剥夺] 周期23500000：切片1在途请求已清空，开始执行脏行写回
[切片管理] 周期23500215：原域0仅剩1个切片，关闭路扩展模式
[动态重分配] 周期23500215：切片1写回完成，自动绑定到域3
[切片管理] 成功绑定切片1 → 安全域3，触发【路扩展模式】

======================== 切片硬件状态 ========================
切片号 | 所属安全域 | 当前状态    | 路扩展 | LRU touched
------------------------------------------------------------------
  0    |   域2      | 正常运行   |  否   |  23500101
  1    |   域3      | 正常运行   |  是   |  23500215
  2    |   域0      | 正常运行   |  否   |  23500084
  3    |   域3      | 正常运行   |  是   |  23500084
==================================================================


======================== 切片硬件状态 ========================
切片号 | 所属安全域 | 当前状态    | 路扩展 | LRU touched
------------------------------------------------------------------
  0    |   域2      | 正常运行   |  否   |  24599971
  1    |   域3      | 正常运行   |  是   |  24587513
  2    |   域0      | 正常运行   |  否   |  24599997
  3    |   域3      | 正常运行   |  是   |  24599995
==================================================================

[动态重分配] 周期24600000：预约迁移 冗余域3(12%) -> 切片1 -> 饥饿域0(20%)
[切片剥夺] 周期24600000：切片1（所属域3）进入待剥夺状态，禁止新替换
[切片剥夺] 周期24600000：切片1在途请求已清空，开始执行脏行写回
[切片管理] 周期24602643：原域3仅剩1个切片，关闭路扩展模式
[动态重分配] 周期24602643：切片1写回完成，自动绑定到域0
[切片管理] 成功绑定切片1 → 安全域0，触发【路扩展 abend_ adia_模式】

======================== 切片硬件状态 ========================
切片号 | 所属安全域 | 当前状态    | 路扩展 | LRU touched
------------------------------------------------------------------
  0    |   域2      | 正常运行   |  否   |  24602516
  1    |   域0      | 正常运行   |  是   |  24602643
  2    |   域0      | 正常运行   |  是   |  24602634
  3    |   域3      | 正常运行   |  否   |  24602636
==================================================================


======================== 切片硬件状态 ========================
切片号 | 所属安全域 | 当前状态    | 路扩展 | LRU touched
------------------------------------------------------------------
  0    |   域2      | 正常运行   |  否   |  24799978
  1    |   域0      | 正常运行   |  是   |  24799967
  2    |   域0      | 正常运行   |  是   |  24799963
  3    |   域3      | 正常运行   |  否   |  24799976
==================================================================

[动态重分配] 周期24800000：预约迁移 冗余域0(1%) -> 切片2 -> 饥饿域3(12%)
[切片剥夺] 周期24800000：切片2（所属域0）进入待剥夺状态，禁止新替换
[切片剥夺] 周期24800000：切片2在途请求已清空，开始执行脏行写回
[切片管理] 周期24800242：原域0仅剩1个切片，关闭路扩展模式
[动态重分配] 周期24800242：切片2写回完成，自动绑定到域3
[切片管理] 成功绑定切片2 → 安全域3，触发【路扩展模式】

======================== 切片硬件状态 ========================
切片号 | 所属安全域 | 当前状态    | 路扩展 | LRU touched
------------------------------------------------------------------
  0    |   域2      | 正常运行   |  否   |  24800007
  1    |   域0      | 正常运行   |  否   |  24799967
  2    |   域3      | 正常运行   |  是   |  24800242
  3    |   域3      | 正常运行   |  是   |  24799976
==================================================================


======================== 切片硬件状态 ========================
切片号 | 所属安全域 | 当前状态    | 路扩展 | LRU touched
------------------------------------------------------------------
  0    |   域2      | 正常运行   |  否   |  31299872
  1    |   域0      | 正常运行   |  否   |  31299885
  2    |   域3      | 正常运行   |  是   |  31299868
  3    |   域3      | 正常运行   |  是   |  31299887
==================================================================

[动态重分配] 周期31300000：预约迁移 冗余域3(12%) -> 切片2 -> 饥饿域0(28%)
[切片剥夺] 周期31300000：切片2（所属域3）进入待剥夺状态，禁止新替换
[切片剥夺] 周期31300032：切片2在途请求已清空，开始执行脏行写回
[切片管理] 周期31303540：原域3仅剩1个切片，关闭路扩展模式
[动态重分配] 周期31303540：切片2写回完成，自动绑定到域0
[切片管理] 成功绑定切片2 → 安全域0，触发【路扩展模式】

======================== 切片硬件状态 ========================
切片号 | 所属安全域 | 当前状态    | 路扩展 | LRU touched
------------------------------------------------------------------
  0    |   域2      | 正常运行   |  否   |  31303537
  1    |   域0      | 正常运行   |  是   |  31303530
  2    |   域0      | 正常运行   |  是   |  31303540
  3    |   域3      | 正常运行   |  否   |  31303537
==================================================================


======================== 切片硬件状态 ========================
切片号 | 所属安全域 | 当前状态    | 路扩展 | LRU touched
------------------------------------------------------------------
  0    |   域2      | 正常运行   |  否   |  31399793
  1    |   域0      | 正常运行   |  是   |  31399925
  2    |   域0      | 正常运行   |  是   |  31399925
  3    |   域3      | 正常运行   |  否   |  31399929
==================================================================

[动态重分配] 周期31400000：预约迁移 冗余域0(3%) -> 切片1 -> 饥饿域3(12%)
[切片剥夺] 周期31400000：切片1（所属域0）进入待剥夺状态，禁止新替换
[切片剥夺] 周期31400000：切片1在途请求已清空，开始执行脏行写回
[切片管理] 周期31400134：原域0仅剩1个切片，关闭路扩展模式
[动态重分配] 周期31400134：切片1写回完成，自动绑定到域3
[切片管理] 成功绑定切片1 → 安全域3，触发【路扩展模式】

======================== 切片硬件状态 ========================
切片号 | 所属安全域 | 当前状态    | 路扩展 | LRU touched
------------------------------------------------------------------
  0    |   域2      | 正常运行   |  否   |  31399793
  1    |   域3      | 正常运行   |  是   |  31400134
  2    |   域0      | 正常运行   |  否   |  31400132
  3    |   域3      | 正常运行   |  是   |  31399929
==================================================================


======================== 切片硬件状态 ========================
切片号 | 所属安全域 | 当前状态    | 路扩展 | LRU touched
------------------------------------------------------------------
  0    |   域2      | 正常运行   |  否   |  31799907
  1    |   域3      | 正常运行   |  是   |  31793042
  2    |   域0      | 正常运行   |  否   |  31799997
  3    |   域3      | 正常运行   |  是   |  31799985
==================================================================

[动态重分配] 周期31800000：预约迁移 冗余域3(12%) -> 切片3 -> 饥饿域0(35%)
[切片剥夺] 周期31800000：切片3（所属域3）进入待剥夺状态，禁止新替换
[切片剥夺] 周期31800164：切片3在途请求已清空，开始执行脏行写回
[切片管理] 周期31804197：原域3仅剩1个切片，关闭路扩展模式
[动态重分配] 周期31804197：切片3写回完成，自动绑定到域0
[切片管理] 成功绑定切片3 → 安全域0，触发【路扩展模式】

======================== 切片硬件状态 ========================
切片号 | 所属安全域 | 当前状态    | 路扩展 | LRU touched
------------------------------------------------------------------
  0    |   域2      | 正常运行   |  否   |  31804075
  1    |   域3      | 正常运行   |  否   |  31804191
  2    |   域0      | 正常运行   |  是   |  31804194
  3    |   域0      | 正常运行   |  是   |  31804197
==================================================================


======================== 切片硬件状态 ========================
切片号 | 所属安全域 | 当前状态    | 路扩展 | LRU touched
------------------------------------------------------------------
  0    |   域2      | 正常运行   |  否   |  31900000
  1    |   域3      | 正常运行   |  否   |  31899967
  2    |   域0      | 正常运行   |  是   |  31900000
  3    |   域0      | 正常运行   |  是   |  31899993
==================================================================

[动态重分配] 周期31900000：预约迁移 冗余域0(5%) -> 切片2 -> 饥饿域3(12%)
[切片剥夺] 周期31900000：切片2（所属域0）进入待剥夺状态，禁止新替换
[切片剥夺] 周期31900040：切片2在途请求已清空，开始执行脏行写回
[切片管理] 周期31900068：原域0仅剩1个切片，关闭路扩展模式
[动态重分配] 周期31900068：切片2写回完成，自动绑定到域3
[切片管理] 成功绑定切片2 → 安全域3，触发【路扩展模式】

======================== 切片硬件状态 ========================
切片号 | 所属安全域 | 当前状态    | 路扩展 | LRU touched
------------------------------------------------------------------
  0    |   域2      | 正常运行   |  否   |  31900062
  1    |   域3      | 正常运行   |  是   |  31900054
  2    |   域3      | 正常运行   |  是   |  31900068
  3    |   域0      | 正常运行   |  否   |  31900067
======================================== dgels_ adib_ ambm6_==========================


======================== 切片硬件状态 ========================
切片号 | 所属安全域 | 当前状态    | 路扩展 | LRU touched
------------------------------------------------------------------
  0    |   域2      | 正常运行   |  否   |  72299999
  1    |   域3      | 正常运行   |  是   |  72299911
  2    |   域3      | 正常运行   |  是   |  72299406
  3    |   域0      | 正常运行   |  否   |  72299996
==================================================================

[动态重分配] 周期72300000：预约迁移 冗余域3(12%) -> 切片1 -> 饥饿域0(28%)
[切片剥夺] 周期72300000：切片1（所属域3）进入待剥夺状态，禁止新替换
[切片剥夺] 周期72300104：切片1在途请求已清空，开始执行脏行写回
[切片管理] 周期72310963：原域3仅剩1个切片，关闭路扩展模式
[动态重分配] 周期72310963：切片1写回完成，自动绑定到域0
[切片管理] 成功绑定切片1 → 安全域0，触发【路扩展模式】

======================== 切片硬件状态 ========================
切片号 | 所属安全域 | 当前状态    | 路扩展 | LRU touched
------------------------------------------------------------------
  0    |   域2      | 正常运行   |  否   |  72310948
  1    |   域0      | 正常运行   |  是   |  72310963
  2    |   域3      | 正常运行   |  否   |  72310963
  3    |   域0      | 正常运行   |  是   |  72310953
==================================================================


======================== 切片硬件状态 ========================
切片号 | 所属安全域 | 当前状态    | 路扩展 | LRU touched
------------------------------------------------------------------
  0    |   域2      | 正常运行   |  否   |  72899996
  1    |   域0      | 正常运行   |  是   |  72899986
  2    |   域3      | 正常运行   |  否   |  72899990
  3    |   域0      | 正常运行   |  是   |  72899965
==================================================================

[动态重分配] 周期72900000：预约迁移 冗余域0(1%) -> 切片3 -> 饥饿域3(12%)
[切片剥夺] 周期72900000：切片3（所属域0）进入待剥夺状态，禁止新替换
[切片剥夺] 周期72900176：切片3在途请求已清空，开始执行脏行写回
[切片管理] 周期72904677：原域0仅剩1个切片，关闭路扩展模式
[动态重分配] 周期72904677：切片3写回完成，自动绑定到域3
[切片管理] 成功绑定切片3 → 安全域3，触发【路扩展模式】

======================== 切片硬件状态 ========================
切片号 | 所属安全域 | 当前状态    | 路扩展 | LRU touched
------------------------------------------------------------------
  0    |   域2      | 正常运行   |  否   |  72904623
  1    |   域0      | 正常运行   |  否   |  72904676
  2    |   域3      | 正常运行   |  是   |  72904667
  3    |   域3      | 正常运行   |  是   |  72904677
==================================================================


======================== 切片硬件状态 ========================
切片号 | 所属安全域 | 当前状态    | 路扩展 | LRU touched
------------------------------------------------------------------
  0    |   域2      | 正常运行   |  否   |  77300000
  1    |   域0      | 正常运行   |  否   |  77299999
  2    |   域3      | 正常运行   |  是   |  77300000
  3    |   域3      | 正常运行   |  是   |  77283703
==================================================================

[动态重分配] 周期77300000：预约迁移 冗余域3(12%) -> 切片2 -> 饥饿域2(25%)
[切片剥夺] 周期77300000：切片2（所属域3）进入待剥夺状态，禁止新替换
[切片剥夺] 周期77300136：切片2在途请求已清空，开始执行脏行写回
[切片管理] 周期77301808：原域3仅剩1个切片，关闭路扩展模式
[动态重分配] 周期77301808：切片2写回完成，自动绑定到域2
[切片管理] 成功绑定切片2 → 安全域2，触发【路扩展模式】

======================== 切片硬件状态 ========================
切片号 | 所属安全域 | 当前状态    | 路扩展 | LRU touched
------------------------------------------------------------------
  0    |   域2      | 正常运行   |  是   |  77301643
  1    |   域0      | 正常运行   |  否   |  77301714
  2    |   域2      | 正常运行   |  是   |  77301808
  3    |   域3      | 正常运行   |  否   |  77301795
==================================================================


======================== 切片硬件状态 ========================
切片号 | 所属安全域 | 当前状态    | 路扩展 | LRU touched
------------------------------------------------------------------
  0    |   域2      | 正常运行   |  是   |  77400000
  1    |   域0      | 正常运行   |  否   |  77400000
  2    |   域2      | 正常运行   |  是   |  77399987
  3    |   域3      | 正常运行   |  否   |  77399996
==================================================================

[动态重分配] 周期77400000：预约迁移 冗余域2(1%) -> 切片0 -> 饥饿域3(12%)
[切片剥夺] 周期77400000：切片0（所属域2）进入待剥夺状态，禁止新替换
[切片剥夺] 周期77400000：切片0在途请求已清空，开始执行脏行写回
[切片管理] 周期77400098：原域2仅剩1个切片，关闭路扩展模式
[动态重分配] 周期77400098：切片0写回完成，自动绑定到域3
[切片管理] 成功绑定切片0 → 安全域3，触发【路扩展模式】

======================== 切片硬件状态 ========================
切片号 | 所属安全域 | 当前状态    | 路扩展 | LRU touched
------------------------------------------------------------------
  0    |   域3      | 正常运行   |  是   |  77400098
  1    |   域0      | 正常运行   |  否   |  77400095
  2    |   域2      | 正常运行   |  否   |  77400095
  3    |   域3      | 正常运行   |  是   |  77400062
==================================================================


======================== 切片硬件状态 ========================
切片号 | 所属安全域 | 当前状态    | 路扩展 | LRU touched
------------------------------------------------------------------
  0    |   域3      | 正常运行   |  是   |  78099981
  1    |   域0      | 正常运行   |  否   |  78099972
  2    |   域2      | 正常运行   |  否   |  78099989
  3    |   域3      | 正常运行   |  是   |  78097257
==================================================================

[动态重分配] 周期78100000：预约迁移 冗余域3(12%) -> 切片0 -> 饥饿域0(32%)
[切片剥夺] 周期78100000：切片0（所属域3）进入待剥夺状态，禁止新替换
[切片剥夺] 周期78100208：切片0在途请求已清空，开始执行脏行写回
[切片管理] 周期78102587：原域3仅剩1个切片，关闭路扩展模式
[动态重分配] 周期78102587：切片0写回完成，自动绑定到域0
[切片管理] 成功绑定切片0 → 安全域0，触发【路扩展模式】

======================== 切片硬件状态 ========================
切片号 | 所属安全域 | 当前状态    | 路扩展 | LRU touched
------------------------------------------------------------------
  0    |   域0      | 正常运行   |  是   |  78102587
  1    |   域0      | 正常运行   |  是   |  78102576
  2    |   域2      | 正常运行   |  否   |  78102582
  3    |   域3      | 正常运行   |  否   |  78102573
==================================================================


======================== 切片硬件状态 ========================
切片号 | 所属安全域 | 当前状态    | 路扩展 | LRU touched
------------------------------------------------------------------
  0    |   域0      | 正常运行   |  是   |  78399988
  1    |   域0      | 正常运行   |  是   |  78399946
  2    |   域2      | 正常运行   |  否   |  78399938
  3    |   域3      | 正常运行   |  否   |  78399957
==================================================================

[动态重分配] 周期78400000：预约迁移 冗余域0(4%) -> 切片1 -> 饥饿域3(12%)
[切片剥夺] 周期78400000：切片1（所属域0）进入待剥夺状态，禁止新替换
[切片剥夺] 周期78400000：切片1在途请求已清空，开始执行脏行写回
[切片管理] 周期78400236：原域0仅剩1个切片，关闭路扩展模式
[动态重分配] 周期78400236：切片1写回完成，自动绑定到域3
[切片管理] 成功绑定切片1 → 安全域3，触发【路扩展模式】

======================== 切片硬件状态 ========================
切片号 | 所属安全域 | 当前状态    | 路扩展 | LRU touched
------------------------------------------------------------------
  0    |   域0      | 正常运行   |  否   |  78400163
  1    |   域3      | 正常运行   |  是   |  78400236
  2    |   域2      | 正常运行   |  否   |  78400176
  3    |   域3      | 正常运行   |  是   |  78400180
==================================================================


======================== 切片硬件状态 ========================
切片号 | 所属安全域 | 当前状态    | 路扩展 | LRU touched
------------------------------------------------------------------
  0    |   域0      | 正常运行   |  否   |  79599948
  1    |   域3      | 正常运行   |  是   |  79591274
  2    |   域2      | 正常运行   |  否   |  79599960
  3    |   域3      | 正常运行   |  是   |  79599967
==================================================================

[动态重分配] 周期79600000：预约迁移 冗余域3(12%) -> 切片1 -> 饥饿域0(30%)
[切片剥夺] 周期79600000：切片1（所属域3）进入待剥夺状态，禁止新替换
[切片剥夺] 周期79600000：切片1在途请求已清空，开始执行脏行写回
[切片管理] 周期79604793：原域3仅剩1个切片，关闭路扩展模式
[动态重分配] 周期79604793：切片1写回完成，自动绑定到域0
[切片管理] 成功绑定切片1 → 安全域0，触发【路扩展模式】

======================== 切片硬件状态 ========================
切片号 | 所属安全域 | 当前状态    | 路扩展 | LRU touched
------------------------------------------------------------------
  0    |   域0      | 正常运行   |  是   |  79604782
  1    |   域0      | 正常运行   |  是   |  79604793
  2    |   域2      | 正常运行   |  否   |  79604786
  3    |   域3      | 正常运行   |  否   |  79604787
==================================================================


======================== 切片硬件状态 ========================
切片号 | 所属安全域 | 当前状态    | 路扩展 | LRU touched
------------------------------------------------------------------
  0    |   域0      | 正常运行   |  是   |  80199996
  1    |   域0      | 正常运行   |  是   |  80199963
  2    |   域2      | 正常运行   |  否   |  80199999
  3    |   域3      | 正常运行   |  否   |  80199993
==================================================================

[动态重分配] 周期80200000：预约迁移 冗余域0(5%) -> 切片0 -> 饥饿域3(12%)
[切片剥夺] 周期80200000：切片0（所属域0）进入待剥夺状态，禁止新替换
[切片剥夺] 周期80200016：切片0在途请求已清空，开始执行脏行写回
[切片管理] 周期80200093：原域0仅剩1个切片，关闭路扩展模式
[动态重分配] 周期80200093：切片0写回完成，自动绑定到域3
[切片管理] 成功绑定切片0 → 安全域3，触发【路扩展模式】

======================== 切片硬件状态 ========================
切片号 | 所属安全域 | 当前状态    | 路扩展 | LRU touched
------------------------------------------------------------------
  0    |   域3      | 正常运行   |  是   |  80200093
  1    |   域0      | 正常运行   |  否   |  80200029
  2    |   域2      | 正常运行   |  否   |  80200037
  3    |   域3      | 正常运行   |  是   |  80200044
==================================================================


======================== 切片硬件状态 ========================
切片号 | 所属安全域 | 当前状态    | 路扩展 | LRU touched
------------------------------------------------------------------
  0    |   域3      | 正常运行   |  是   |  81999980
  1    |   域0      | 正常运行   |  否   |  81999965
  2    |   域2      | 正常运行   |  否   |  81999970
  3    |   域3      | 正常运行   |  是   |  81994476
==================================================================

[动态重分配] 周期82000000：预约迁移 冗余域3(12%) -> 切片0 -> 饥饿域0(56%)
[切片剥夺] 周期82000000：切片0（所属域3）进入待剥夺状态，禁止新替换
[切片剥夺] 周期82000196：切片0在途请求已清空，开始执行脏行写回
[切片管理] 周期82003490：原域3仅剩1个切片，关闭路扩展模式
[动态重分配] 周期82003490：切片0写回完成，自动绑定到域0
[切片管理] 成功绑定切片0 → 安全域0，触发【路扩展模式】

======================== 切片硬件状态 ========================
切片号 | 所属安全域 | 当前状态    | 路扩展 | LRU touched
------------------------------------------------------------------
  0    |   域0      | 正常运行   |  是   |  82003490
  1    |   域0      | 正常运行   |  是   |  82003483
  2    |   域2      | 正常运行   |  否   |  82003476
  3    |   域3      | 正常运行   |  否   |  82003488
==================================================================


======================== 切片硬件状态 ========================
切片号 | 所属安全域 | 当前状态    | 路扩展 | LRU touched
------------------------------------------------------------------
  0    |   域0      | 正常运行   |  是   |  82200000
  1    |   域0      | 正常运行   |  是   |  82199998
  2    |   域2      | 正常运行   |  否   |  82200000
  3    |   域3      | 正常运行   |  否   |  82199987
==================================================================

[动态重分配] 周期82200000：预约迁移 冗余域0(2%) -> 切片1 -> 饥饿域3(12%)
[切片剥夺] 周期82200000：切片1（所属域0）进入待剥夺状态，禁止新替换
[切片剥夺] 周期82200000：切片1在途请求已清空，开始执行脏行写回
[切片管理] 周期82200149：原域0仅剩1个切片，关闭路扩展模式
[动态重分配] 周期82200149：切片1写回完成，自动绑定到域3
[切片管理] 成功绑定切片1 → 安全域3，触发【路扩展模式】

======================== 切片硬件状态 ========================
切片号 | 所属安全域 | 当前状态    | 路扩展 | LRU touched
------------------------------------------------------------------
  0    |   域0      | 正常运行   |  否   |  82200145
  1    |   域3      | 正常运行   |  是   |  82200149
  2    |   域2      | 正常运行   |  否   |  82200145
  3    |   域3      | 正常运行   |  是   |  82200149
==================================================================


======================== 切片硬件状态 ========================
切片号 | 所属安全域 | 当前状态    | 路扩展 | LRU touched
------------------------------------------------------------------
  0    |   域0      | 正常运行   |  否   |  85099929
  1    |   域3      | 正常运行   |  是   |  85084056
  2    |   域2      | 正常运行   |  否   |  85099891
  3    |   域3      | 正常运行   |  是   |  85099948
==================================================================

[动态重分配] 周期85100000：预约迁移 冗余域3(12%) -> 切片1 -> 饥饿域0(23%)
[切片剥夺] 周期85100000：切片1（所属域3）进入待剥夺状态，禁止新替换
[切片剥夺] 周期85100000：切片1在途请求已清空，开始执行脏行写回
[切片管理] 周期85106624：原域3仅剩1个切片，关闭路扩展模式
[动态重分配] 周期85106624：切片1写回完成，自动绑定到域0
[切片管理] 成功绑定切片1 → 安全域0，触发【路扩展模式】

======================== 切片硬件状态 ========================
切片号 | 所属安全域 | 当前状态    | 路扩展 | LRU touched
------------------------------------------------------------------
  0    |   域0      | 正常运行   |  是   |  85106613
  1    |   域0      | 正常运行   |  是   |  85106624
  2    |   域2      | 正常运行   |  否   |  85106618
  3    |   域3      | 正常运行   |  否   |  85106621
==================================================================


======================== 切片硬件状态 ========================
切片号 | 所属安全域 | 当前状态    | 路扩展 | LRU touched
------------------------------------------------------------------
  0    |   域0      | 正常运行   |  是   |  85299999
  1    |   域0      | 正常运行   |  是   |  85299975
  2    |   域2      | 正常运行   |  否   |  85299990
  3    |   域3      | 正常运行   |  否   |  85299966
==================================================================

[动态重分配] 周期85300000：预约迁移 冗余域0(1%) -> 切片0 -> 饥饿域3(12%)
[切片剥夺] 周期85300000：切片0（所属域0）进入待剥夺状态，禁止新替换
[切片剥夺] 周期85300000：切片0在途请求已清空，开始执行脏行写回
[切片管理] 周期85302110：原域0仅剩1个切片，关闭路扩展模式
[动态重分配] 周期85302110：切片0写回完成，自动绑定到域3
[切片管理] 成功绑定切片0 → 安全域3，触发【路扩展模式】

======================== 切片硬件状态 ========================
切片号 | 所属安全域 | 当前状态    | 路扩展 | LRU touched
------------------------------------------------------------------
  0    |   域3      | 正常运行   |  是   |  85302110
  1    |   域0      | 正常运行   |  否   |  85302102
  2    |   域2      | 正常运行   |  否   |  85302096
  3    |   域3      | 正常运行   |  是   |  85302101
==================================================================


======================== 切片硬件状态 ========================
切片号 | 所属安全域 | 当前状态    | 路扩展 | LRU touched
------------------------------------------------------------------
  0    |   域3      | 正常运行   |  是   |  91695271
  1    |   域0      | 正常运行   |  否   |  91699924
  2    |   域2      | 正常运行   |  否   |  91699831
  3    |   域3      | 正常运行   |  是   |  91699996
==================================================================

[动态重分配] 周期91700000：预约迁移 冗余域3(12%) -> 切片0 -> 饥饿域2(18%)
[切片剥夺] 周期91700000：切片0（所属域3）进入待剥夺状态，禁止新替换
[切片剥夺] 周期91700000：切片0在途请求已清空，开始执行脏行写回
[切片管理] 周期91703839：原域3仅剩1个切片，关闭路扩展模式
[动态重分配] 周期91703839：切片0写回完成，自动绑定到域2
[切片管理] 成功绑定切片0 → 安全域2，触发【路扩展模式】

======================== 切片硬件状态 ========================
切片号 | 所属安全域 | 当前状态    | 路扩展 | LRU touched
------------------------------------------------------------------
  0    |   域2      | 正常运行   |  是   |  91703839
  1    |   域0      | 正常运行   |  否   |  91703739
  2    |   域2      | 正常运行   |  是   |  91703662
  3    |   域3      | 正常运行   |  否   |  91703830
==================================================================


======================== 切片硬件状态 ========================
切片号 | 所属安全域 | 当前状态    | 路扩展 | LRU touched
------------------------------------------------------------------
  0    |   域2      | 正常运行   |  是   |  91799650
  1    |   域0      | 正常运行   |  否   |  91799999
  2    |   域2      | 正常运行   |  是   |  91799979
  3    |   域3      | 正常运行   |  否   |  91799985
==================================================================

[动态重分配] 周期91800000：预约迁移 冗余域2(2%) -> 切片2 -> 饥饿域3(12%)
[切片剥夺] 周期91800000：切片2（所属域2）进入待剥夺状态，禁止新替换
[切片剥夺] 周期91800000：切片2在途请求已清空，开始执行脏行写回
[切片管理] 周期91800194：原域2仅剩1个切片，关闭路扩展模式
[动态重分配] 周期91800194：切片2写回完成，自动绑定到域3
[切片管理] 成功绑定切片2 → 安全域3，触发【路扩展模式】

======================== 切片硬件状态 ========================
切片号 | 所属安全域 | 当前状态    | 路扩展 | LRU touched
------------------------------------------------------------------
  0    |   域2      | 正常运行   |  否   |  91799650
  1    |   域0      | 正常运行   |  否   |  91800006
  2    |   域3      | 正常运行   |  是   |  91800194
  3    |   域3      | 正常运行   |  是   |  91799985
==================================================================


======================== 切片硬件状态 ========================
切片号 | 所属安全域 | 当前状态    | 路扩展 | LRU touched
------------------------------------------------------------------
  0    |   域2      | 正常运行   |  否   |  93399998
  1    |   域0      | 正常运行   |  否   |  93399999
  2    |   域3      | 正常运行   |  是   |  93400000
  3    |   域3      | 正常运行   |  是   |  93387700
==================================================================

[动态重分配] 周期93400000：预约迁移 冗余域3(12%) -> 切片2 -> 饥饿域2(20%)
[切片剥夺] 周期93400000：切片2（所属域3）进入待剥夺状态，禁止新替换
[切片剥夺] 周期93400296：切片2在途请求已清空，开始执行脏行写回
[切片管理] 周期93401641：原域3仅剩1个切片，关闭路扩展模式
[动态重分配] 周期93401641：切片2写回完成，自动绑定到域2
[切片管理] 成功绑定切片2 → 安全域2，触发【路扩展模式】

======================== 切片硬件状态 ========================
切片号 | 所属安全域 | 当前状态    | 路扩展 | LRU touched
------------------------------------------------------------------
  0    |   域2      | 正常运行   |  是   |  93401638
  1    |   域0      | 正常运行   |  否   |  93401641
  2    |   域2      | 正常运行   |  是   |  93401641
  3    |   域3      | 正常运行   |  否   |  93401638
==================================================================


======================== 切片硬件状态 ========================
切片号 | 所属安全域 | 当前状态    | 路扩展 | LRU touched
------------------------------------------------------------------
  0    |   域2      | 正常运行   |  是   |  93499936
  1    |   域0      | 正常运行   |  否   |  93499937
  2    |   域2      | 正常运行   |  是   |  93499975
  3    |   域3      | 正常运行   |  否   |  93499968
==================================================================

[动态重分配] 周期93500000：预约迁移 冗余域2(2%) -> 切片0 -> 饥饿域3(12%)
[切片剥夺] 周期93500000：切片0（所属域2）进入待剥夺状态，禁止新替换
[切片剥夺] 周期93500000：切片0在途请求已清空，开始执行脏行写回
[切片管理] 周期93500212：原域2仅剩1个切片，关闭路扩展模式
[动态重分配] 周期93500212：切片0写回完成，自动绑定到域3
[切片管理] 成功绑定切片0 → 安全域3，触发【路扩展模式】

======================== 切片硬件状态 ========================
切片号 | 所属安全域 | 当前状态    | 路扩展 | LRU touched
------------------------------------------------------------------
  0    |   域3      | 正常运行   |  是   |  93500212
  1    |   域0      | 正常运行   |  否   |  93499937
  2    |   域2      | 正常运行   |  否   |  93500009
  3    |   域3      | 正常运行   |  是   |  93500009
==================================================================


**** Debug Statistics at 101000000 Cycles *****
Threads: 4		Fetch Width: 8
No of useful instructions fetched:	105778533 (13.09% proc util.)
No of total instructions fetched:	142585906 (17.65% proc util.)
 includes 9476432 misfetch (6.6%), 27330941 (19.2%) wrong-path fetches
 and 0 flushed after failed lock(0.0%)
No of useful instructions issued/executed:	105778520 (13.09% proc util.)
No of total instructions issued/executed:	118735674 (14.70% proc util.)
 includes 12957154 wrong-path (10.9%) insts and 0 flushed (0.0%)
	fp 6575, 0.01%
	synch 0, 0.00%
	integer 76693276, 64.59%
	load/store 42035823, 35.40%
Avg size of int IQ (before scheduling): 21.84
Avg size of fp IQ (before scheduling): 0.00
No of cycles taken:		101000000
Parallelism [ 0.369, 0.000, 0.325, 0.354,] = 1.047
 IQ conflicts: 383302 (0.38%), FQ conflicts: 0 (0.00%) 
 I reg conflicts: 78637544 (77.86%), FP reg conflicts: 0 (0.00%)
  Activelist confs: 0 (0.00%), ROB confs: 2125 (0.00%)
  Int unit conflicts: 10680992 (10.58%), FP unit conflicts: 0 (0.00%)
  Load/store unit conflicts: 6615762 (6.55%)
  MSHR conflicts: 139840039 (138.46%)
----------------------------------------
==== System-wide Cache Statistics ====
Stall for miss queue full 1571 cycles (0.00%)
----------------------------------------
==== Statistics for Master ID: 0 ====
Reads: 26598296   Writes: 5048783
ICACHE: size: 64 KB assoc: 2
ICACHE: hits:14722921 misses:446205  Hit Ratio: 97.06%
DCACHE: size: 1*16 KB assoc: 1*4
DCACHE: hits:15998768 misses:479779 writebacks:136793  Hit Ratio: 97.09%
SCACHE: size: 512 KB assoc: 2
SCACHE: hits:508339 misses:417049  Hit Ratio: 54.93%
3CACHE: size: 4096 KB assoc: 2
3CACHE: hits:312804 misses:104245  Hit Ratio: 75.00%
3CACHE: dirty items replaced:8767
ITLB: size: 48, misses 43957, miss rate 0.29%
DTLB: size: 128, misses 34110, miss rate 0.21%
Avg mem delay: 9.273 cycles
----------------------------------------
==== Statistics for Master ID: 2 ====
Reads: 23591045   Writes: 4332986
ICACHE: size: 64 KB assoc: 2
ICACHE: hits:13089190 misses:579520  Hit Ratio: 95.76%
DCACHE: size: 1*16 KB assoc: 1*4
DCACHE: hits:13819378 misses:436098 writebacks:96879  Hit Ratio: 96.94%
SCACHE: size: 512 KB assoc: 2
SCACHE: hits:665221 misses:350242  Hit Ratio: 65.51%
3CACHE: size: 4096 KB assoc: 2
3CACHE: hits:243417 misses:106825  Hit Ratio: 69.50%
3CACHE: dirty items replaced:8567
ITLB: size: 48, misses 63614, miss rate 0.47%
DTLB: size: 128, misses 34077, miss rate 0.24%
Avg mem delay: 9.273 cycles
----------------------------------------
==== Statistics for Master ID: 3 ====
Reads: 17838163   Writes: 5531090
ICACHE: size: 64 KB assoc: 2
ICACHE: hits:12121183 misses:722  Hit Ratio: 99.99%
DCACHE: size: 2*16 KB assoc: 2*4
DCACHE: hits:9726464 misses:1522418 writebacks:852370  Hit Ratio: 86.47%
SCACHE: size: 512 KB assoc: 2
SCACHE: hits:108 misses:1521498  Hit Ratio: 0.01%
3CACHE: size: 4096 KB assoc: 2
3CACHE: hits:157 misses:1521341  Hit Ratio: 0.01%
3CACHE: dirty items replaced:65922
ITLB: size: 48, misses 73, miss rate 0.00%
DTLB: size: 128, misses 67039, miss rate 0.60%
Avg mem delay: 9.273 cycles
----------------------------------------
==== Global Resource Utilization ====
STASH: size: 65536 entries, full 239908599, empty 14674020, misses 1466911, full rate 93.70
icache bank util. 0.051 0.040 0.038 0.040 0.040 0.122 0.045 0.061 
dcache bank util. 0.062 0.066 0.067 0.066 0.065 0.059 0.065 0.071 
L2 bank util. 0.035 0.034 0.034 0.034 0.034 0.033 0.041 0.049 
L1-L2 bus util. = 0.135, L3 util. = 0.172
----------------------------------------

======================== 切片硬件状态 ========================
切片号 | 所属安全域 | 当前状态    | 路扩展 | LRU touched
------------------------------------------------------------------
  0    |   域3      | 正常运行   |  是   |  100999974
  1    |   域0      | 正常运行   |  否   |  100999997
  2    |   域2      | 正常运行   |  否   |  100999995
  3    |   域3      | 正常运行   |  是   |  100987818
==================================================================

branch prediction, hits = 12904195, misses = 1644597, hit rate = 88.70%
return_stack prediction, hits = 959809, misses = 2284, hit rate = 99.76%
jump prediction, hits = 11299551, misses = 2452826, hit rate = 82.16%

======================== 切片硬件状态 ========================
切片号 | 所属安全域 | 当前状态    | 路扩展 | LRU touched
------------------------------------------------------------------
  0    |   域3      | 正常运行   |  是   |  131599989
  1    |   域0      | 正常运行   |  否   |  131599976
  2    |   域2      | 正常运行   |  否   |  131599999
  3    |   域3      | 正常运行   |  是   |  131600000
==================================================================

[动态重分配] 周期131600000：预约迁移 冗余域3(0%) -> 切片0 -> 饥饿域2(8%)
[切片剥夺] 周期131600000：切片0（所属域3）进入待剥夺状态，禁止新替换
[切片剥夺] 周期131600000：切片0在途请求已清空，开始执行脏行写回
[切片剥夺] 周期131600000：切片0无脏行，直接完成剥夺
[切片管理] 周期131600001：原域3仅剩1个切片，关闭路扩展模式
[动态重分配] 周期131600001：切片0写回完成，自动绑定到域2
[切片管理] 成功绑定切片0 → 安全域2，触发【路扩展模式】

======================== 切片硬件状态 ========================
切片号 | 所属安全域 | 当前状态    | 路扩展 | LRU touched
------------------------------------------------------------------
  0    |   域2      | 正常运行   |  是   |  131600001
  1    |   域0      | 正常运行   |  否   |  131599976
  2    |   域2      | 正常运行   |  是   |  131599999
  3    |   域3      | 正常运行   |  否   |  131600001
==================================================================


======================== 切片硬件状态 ========================
切片号 | 所属安全域 | 当前状态    | 路扩展 | LRU touched
------------------------------------------------------------------
  0    |   域2      | 正常运行   |  是   |  131999999
  1    |   域0      | 正常运行   |  否   |  132000000
  2    |   域2      | 正常运行   |  是   |  131999994
  3    |   域3      | 正常运行   |  否   |  131999996
==================================================================

[动态重分配] 周期132000000：预约迁移 冗余域2(0%) -> 切片2 -> 饥饿域0(8%)
[切片剥夺] 周期132000000：切片2（所属域2）进入待剥夺状态，禁止新替换
[切片剥夺] 周期132000000：切片2在途请求已清空，开始执行脏行写回
[切片管理] 周期132001162：原域2仅剩1个切片，关闭路扩展模式
[动态重分配] 周期132001162：切片2写回完成，自动绑定到域0
[切片管理] 成功绑定切片2 → 安全域0，触发【路扩展模式】

======================== 切片硬件状态 ========================
切片号 | 所属安全域 | 当前状态    | 路扩展 | LRU touched
------------------------------------------------------------------
  0    |   域2      | 正常运行   |  否   |  132001150
  1    |   域0      | 正常运行   |  是   |  132001162
  2    |   域0      | 正常运行   |  是   |  132001162
  3    |   域3      | 正常运行   |  否   |  132001160
==================================================================


======================== 切片硬件状态 ========================
切片号 | 所属安全域 | 当前状态    | 路扩展 | LRU touched
------------------------------------------------------------------
  0    |   域2      | 正常运行   |  否   |  144199974
  1    |   域0      | 正常运行   |  是   |  144199966
  2    |   域0      | 正常运行   |  是   |  144200000
  3    |   域3      | 正常运行   |  否   |  144199999
==================================================================

[动态重分配] 周期144200000：预约迁移 冗余域0(0%) -> 切片1 -> 饥饿域2(10%)
[切片剥夺] 周期144200000：切片1（所属域0）进入待剥夺状态，禁止新替换
[切片剥夺] 周期144200000：切片1在途请求已清空，开始执行脏行写回
[切片管理] 周期144202686：原域0仅剩1个切片，关闭路扩展模式
[动态重分配] 周期144202686：切片1写 analie6_回完成，自动绑定到域2
[切片管理] 成功绑定切片1 → 安全域2，触发【路扩展模式】

======================== 切片硬件状态 ========================
切片号 | 所属安全域 | 当前状态    | 路扩展 | LRU touched
------------------------------------------------------------------
  0    |   域2      | 正常运行   |  是   |  144202668
  1    |   域2      | 正常运行   |  是   |  144202686
  2    |   域0      | 正常运行   |  否   |  144202685
  3    |   域3      | 正常运行   |  否   |  144202682
==================================================================


======================== 切片硬件状态 ========================
切片号 | 所属安全域 | 当前状态    | 路扩展 | LRU touched
------------------------------------------------------------------
  0    |   域2      | 正常运行   |  是   |  147499998
  1    |   域2      | 正常运行   |  是   |  147499998
  2    |   域0      | 正常运行   |  否   |  147499991
  3    |   域3      | 正常运行   |  否   |  147499996
==================================================================

[动态重分配] 周期147500000：预约迁移 冗余域2(0%) -> 切片0 -> 饥饿域0(6%)
[切片剥夺] 周期147500000：切片0（所属域2）进入待剥夺状态，禁止新替换
[切片剥夺] 周期147500000：切片0在途请求已清空，开始执行脏行写回
[切片管理] 周期147500200：原域2仅剩1个切片，关闭路扩展模式
[动态重分配] 周期147500200：切片0写回完成，自动绑定到域0
[切片管理] 成功绑定切片0 → 安全域0，触发【路扩展模式】

======================== 切片硬件状态 ========================
切片号 | 所属安全域 | 当前状态    | 路扩展 | LRU touched
------------------------------------------------------------------
  0    |   域0      | 正常运行   |  是   |  147500200
  1    |   域2      | 正常运行   |  否   |  147500200
  2    |   域0      | 正常运行   |  是   |  147500122
  3    |   域3      | 正常运行   |  否   |  147500200
==================================================================


======================== 切片硬件状态 ========================
切片号 | 所属安全域 | 当前状态    | 路扩展 | LRU touched
------------------------------------------------------------------
  0    |   域0      | 正常运行   |  是   |  152999884
  1    |   域2      | 正常运行   |  否   |  152999815
  2    |   域0      | 正常运行   |  是   |  152999887
  3    |   域3      | 正常运行   |  否   |  153000000
==================================================================

[动态重分配] 周期153000000：预约迁移 冗余域0(0%) -> 切片0 -> 饥饿域2(6%)
[切片剥夺] 周期153000000：切片0（所属域0）进入待剥夺状态，禁止新替换
[切片剥夺] 周期153000000：切片0在途请求已清空，开始执行脏行写回
[切片管理] 周期153002697：原域0仅剩1个切片，关闭路扩展模式
[动态重分配] 周期153002697：切片0写回完成，自动绑定到域2
[切片管理] 成功绑定切片0 → 安全域2，触发【路扩展模式】

======================== 切片硬件状态 ========================
切片号 | 所属安全域 | 当前状态    | 路扩展 | LRU touched
------------------------------------------------------------------
  0    |   域2      | 正常运行   |  是   |  153002697
  1    |   域2      | 正常运行   |  是   |  153002696
  2    |   域0      | 正常运行   |  否   |  153002685
  3    |   域3      | 正常运行   |  否   |  153002689
==================================================================


======================== 切片硬件状态 ========================
切片号 | 所属安全域 | 当前状态    | 路扩展 | LRU touched
------------------------------------------------------------------
  0    |   域2      | 正常运行   |  是   |  155799942
  1    |   域2      | 正常运行   |  是   |  155799998
  2    |   域0      | 正常运行   |  否   |  155799996
  3    |   域3      | 正常运行   |  否   |  155799998
==================================================================

[动态重分配] 周期155800000：预约迁移 冗余域2(0%) -> 切片0 -> 饥饿域0(8%)
[切片剥夺] 周期155800000：切片0（所属域2）进入待剥夺状态，禁止新替换
[切片剥夺] 周期155800000：切片0在途请求已清空，开始执行脏行写回
[切片管理] 周期155800282：原域2仅剩1个切片，关闭路扩展模式
[动态重分配] 周期155800282：切片0写回完成，自动绑定到域0
[切片管理] 成功绑定切片0 → 安全域0，触发【路扩展模式】

======================== 切片硬件状态 ========================
切片号 | 所属安全域 | 当前状态    | 路扩展 | LRU touched
------------------------------------------------------------------
  0    |   域0      | 正常运行   |  是   |  155800282
  1    |   域2      | 正常运行   |  否   |  155800084
  2    |   域0      | 正常运行   |  是   |  155800062
  3    |   域3      | 正常运行   |  否   |  155800084
==================================================================


======================== 切片硬件状态 ========================
切片号 | 所属安全域 | 当前状态    | 路扩展 | LRU touched
------------------------------------------------------------------
  0    |   域0      | 正常运行   |  是   |  160799995
  1    |   域2      | 正常运行   |  否   |  160799992
  2    |   域0      | 正常运行   |  是   |  160800000
  3    |   域3      | 正常运行   |  否   |  160799999
==================================================================

[动态重分配] 周期160800000：预约迁移 冗余域0(0%) -> 切片0 -> 饥饿域2(6%)
[切片剥夺] 周期160800000：切片0（所属域0）进入待剥夺状态，禁止新替换
[切片剥夺] 周期160800000：切片0在途请求已清空，开始执行脏行写回
[切片管理] 周期160801758：原域0仅剩1个切片，关闭路扩展模式
[动态重分配] 周期160801758：切片0写回完成，自动绑定到域2
[切片管理] 成功绑定切片0 → 安全域2，触发【路扩展模式】

======================== 切片硬件状态 ========================
切片号 | 所属安全域 | 当前状态    | 路扩展 | LRU touched
------------------------------------------------------------------
  0    |   域2      | 正常运行   |  是   |  160801758
  1    |   域2      | 正常运行   |  是   |  160801756
  2    |   域0      | 正常运行   |  否   |  160801749
  3    |   域3      | 正常运行   |  否   |  160801756
==================================================================


======================== 切片硬件状态 ========================
切片号 | 所属安全域 | 当前状态    | 路扩展 | LRU touched
------------------------------------------------------------------
  0    |   域2      | 正常运行   |  是   |  161499977
  1    |   域2      | 正常运行   |  是   |  161499959
  2    |   域0      | 正常运行   |  否   |  161499843
  3    |   域3      | 正常运行   |  否   |  161499958
==================================================================

[动态重分配] 周期161500000：预约迁移 冗余域2(0%) -> 切片0 -> 饥饿域0(7%)
[切片剥夺] 周期161500000：切片0（所属域2）进入待剥夺状态，禁止新替换
[切片剥夺] 周期161500000：切片0在途请求已清空，开始执行脏行写回
[切片管理] 周期161500224：原域2仅剩1个切片，关闭路扩展模式
[动态重分配] 周期161500224：切片0写回完成，自动绑定到域0
[切片管理] 成功绑定切片0 → 安全域0，触发【路扩展模式】

======================== 切片硬件状态 ========================
切片号 | 所属安全域 | 当前状态    | 路扩展 | LRU touched
------------------------------------------------------------------
  0    |   域0      | 正常运行   |  是   |  161500224
  1    |   域2      | 正常运行   |  否   |  161500 betalf_087
  2    |   域0      | 正常运行   |  是   |  161500029
  3    |   域3      | 正常运行   |  否   |  161500224
==================================================================


======================== 切片硬件状态 ========================
切片号 | 所属安全域 | 当前状态    | 路扩展 | LRU touched
------------------------------------------------------------------
  0    |   域0      | 正常运行   |  是   |  176599937
  1    |   域2      | 正常运行   |  否   |  176599992
  2    |   域0      | 正常运行   |  是   |  176599986
  3    |   域3      | 正常运行   |  否   |  176599999
==================================================================

[动态重分配] 周期176600000：预约迁移 冗余域0(3%) -> 切片0 -> 饥饿域2(34%)
[切片剥夺] 周期176600000：切片0（所属域0）进入待剥夺状态，禁止新替换
[切片剥夺] 周期176600000：切片0在途请求已清空，开始执行脏行写回
[切片管理] 周期176601733：原域0仅剩1个切片，关闭路扩展模式
[动态重分配] 周期176601733：切片0写回完成，自动绑定到域2
[切片管理] 成功绑定切片0 → 安全域2，触发【路扩展模式】

======================== 切片硬件状态 ========================
切片号 | 所属安全域 | 当前状态    | 路扩展 | LRU touched
------------------------------------------------------------------
  0    |   域2      | 正常运行   |  是   |  176601733
  1    |   域2      | 正常运行   |  是   |  176601690
  2    |   域0      | 正常运行   |  否   |  176601732
  3    |   域3      | 正常运行   |  否   |  176601719
==================================================================


======================== 切片硬件状态 ========================
切片号 | 所属安全域 | 当前状态    | 路扩展 | LRU touched
------------------------------------------------------------------
  0    |   域2      | 正常运行   |  是   |  195199995
  1    |   域2      | 正常运行   |  是   |  195199993
  2    |   域0      | 正常运行   |  否   |  195199997
  3    |   域3      | 正常运行   |  否   |  195199999
==================================================================

[动态重分配] 周期195200000：预约迁移 冗余域2(0%) -> 切片0 -> 饥饿域0(6%)
[切片剥夺] 周期195200000：切片0（所属域2）进入待剥夺状态，禁止新替换
[切片剥夺] 周期195200000：切片0在途请求已清空，开始执行脏行写回
[切片管理] 周期195201354：原域2仅剩1个切片，关闭路扩展模式
[动态重分配] 周期195201354：切片0写回完成，自动绑定到域0
[切片管理] 成功绑定切片0 → 安全域0，触发【路扩展模式】

======================== 切片硬件状态 ========================
切片号 | 所属安全域 | 当前状态    | 路扩展 | LRU touched
------------------------------------------------------------------
  0    |   域0      | 正常运行   |  是   |  195201354
  1    |   域2      | 正常运行   |  否   |  195201352
  2    |   域0      | 正常运行   |  是   |  195201351
  3    |   域3      | 正常运行   |  否   |  195201351
==================================================================


**** Debug Statistics at 201000000 Cycles *****
Threads: 4		Fetch Width: 8
No of useful instructions fetched:	347391402 (21.60% proc util.)
No of total instructions fetched:	518147701 (32.22% proc util.)
 includes 30817766 misfetch (5.9%), 139938533 (27.0%) wrong-path fetches
 and 0 flushed after failed lock(0.0%)
No of useful instructions issued/executed:	347391393 (21.60% proc util.)
No of total instructions issued/executed:	418449775 (26.02% proc util.)
 includes 71058382 wrong-path (17.0%) insts and 0 flushed (0.0%)
	fp 17848, 0.00%
	synch 0, 0.00%
	integer 274482753, 65.60%
	load/store 143949174, 34.40%
Avg size of int IQ (before scheduling): 22.91
Avg size of fp IQ (before scheduling): 0.00
No of cycles taken:		201000000
Parallelism [ 0.503, 0.000, 0.464, 0.761,] = 1.728
 IQ conflicts: 1899866 (0.95%), FQ conflicts: 0 (0.00%) 
 I reg conflicts: 117032213 (58.22%), FP reg conflicts: 0 (0.00%)
  Activelist confs: 559 (0.00%), ROB confs: 137593 (0.07%)
  Int unit conflicts: 95266101 (47.40%), FP unit conflicts: 7 (0.00%)
  Load/store unit conflicts: 25315269 (12.59%)
  MSHR conflicts: 199046031 (99.03%)
----------------------------------------
==== System-wide Cache Statistics ====
Stall for miss queue full 2179 cycles (0.00%)
----------------------------------------
==== Statistics for Master ID: 0 ====
Reads: 86011797   Writes: 14874950
ICACHE: size: 64 KB assoc: 2
ICACHE: hits:48500990 misses:1512850  Hit Ratio: 96.98%
DCACHE: size: 2*16 KB assoc: 2*4
DCACHE: hits:49583857 misses:1290167 writebacks:425428  Hit Ratio: 97.46%
SCACHE: size: 512 KB assoc: 2
SCACHE: hits:1824771 misses:977128  Hit Ratio: 65.13%
3CACHE: size: 4096 KB assoc: 2
3CACHE: hits:815482 misses:161645  Hit Ratio: 83.46%
3CACHE: dirty items replaced:26452
ITLB: size: 48, misses 98012, miss rate 0.20%
DTLB: size: 128, misses 182162, miss rate 0.36%
Avg mem delay: 4.428 cycles
----------------------------------------
==== Statistics for Master ID: 2 ====
Reads: 73751410   Writes: 12582922
ICACHE: size: 64 KB assoc: 2
ICACHE: hits:41419570 misses:1648760  Hit Ratio: 96.17%
DCACHE: size: 1*16 KB assoc: 1*4
DCACHE: hits:42215635 misses:1050984 writebacks:262648  Hit Ratio: 97.57%
SCACHE: size: 512 KB assoc: 2
SCACHE: hits:1826001 misses:873126  Hit Ratio: 67.65%
3CACHE: size: 4096 KB assoc: 2
3CACHE: hits:691964 misses:181162  Hit Ratio: 79.25%
3CACHE: dirty items replaced:25530
ITLB: size: 48, misses 155551, miss rate 0.36%
DTLB: size: 128, misses 173041, miss rate 0.40%
Avg mem delay: 4.428 cycles
----------------------------------------
==== Statistics for Master ID: 3 ====
Reads: 88624505   Writes: 16419485
ICACHE: size: 64 KB assoc: 2
ICACHE: hits:55545136 misses:25683  Hit Ratio: 99.95%
DCACHE: size: 1*16 KB assoc: 1*4
DCACHE: hits:46378652 misses:3096053 writebacks:1512479  Hit Ratio: 93.74%
SCACHE: size: 512 KB assoc: 2
SCACHE: hits:910930 misses:2209272  Hit Ratio: 29.19%
3CACHE: size: 4096 KB assoc: 2
3CACHE: hits:182263 misses:2027009  Hit Ratio: 8.25%
3CACHE: dirty items replaced:117401
ITLB: size: 48, misses 503, miss rate 0.00%
DTLB: size: 128, misses 154573, miss rate 0.31%
Avg mem delay: 4.428 cycles
----------------------------------------
==== Global Resource Utilization ====
STASH: size: 65536 entries, full 647375944, empty 28898189, misses 2710294, full rate 95.34
icache bank util. 0.093 0.076 0.069 0.083 0.105 0.164 0.095 0.101 
dcache bank util. 0.091 0.101 0.102 0.104 0.123 0.090 0.117 0.100 
L2 bank util. 0.040 0.041 0.039 0.041 0.040 0.038 0.043 0.047 
L1-L2 bus util. = 0.162, L3 util. = 0.118
----------------------------------------

======================== 切片硬件状态 ========================
切片号 | 所属安全域 | 当前状态    | 路扩展 | LRU touched
------------------------------------------------------------------
  0    |   域0      | 正常运行   |  是   |  200999988
  1    |   域2      | 正常运行   |  否   |  200999995
  2    |   域0      | 正常运行   |  是   |  200999994
  3    |   域3      | 正常运行   |  否   |  200999993
==================================================================

branch prediction, hits = 34301397, misses = 6175132, hit rate = 84.74%
return_stack prediction, hits = 3628958, misses = 4158, hit rate = 99.89%
jump prediction, hits = 32062895, misses = 7918120, hit rate = 80.20%

======================== 切片硬件状态 ========================
切片号 | 所属安全域 | 当前状态    | 路扩展 | LRU touched
------------------------------------------------------------------
  0    |   域0      | 正常运行   |  是   |  203300000
  1    |   域2      | 正常运行   |  否   |  203300000
  2    |   域0      | 正常运行   |  是   |  203300000
  3    |   域3      | 正常运行   |  否   |  203299995
==================================================================

[动态重分配] 周期203300000：预约迁移 冗余域0(0%) -> 切片0 -> 饥饿域2(8%)
[切片剥夺] 周期203300000：切片0（所属域0）进入待剥夺状态，禁止新替换
[切片剥夺] 周期203300000：切片0在途请求已清空，开始执行脏行写回
[切片管理] 周期203302871：原域0仅剩1个切片，关闭路扩展模式
[动态重分配] 周期203302871：切片0写回完成，自动绑定到域2
[切片管理] 成功绑定切片0 → 安全域2，触发【路扩展模式】

======================== 切片硬件状态 ========================
切片号 | 所属安全域 | 当前状态    | 路扩展 | LRU touched
------------------------------------------------------------------
  0    |   域2      | 正常运行   |  是   |  203302871
  1    |   域2      | 正常运行   |  是   |  203302861
  2    |   域0      | 正常运行   |  否   |  203302869
  3    |   域3      | 正常运行   |  否   |  203302870
==================================================================


======================== 切片硬件状态 ========================
切片号 | 所属安全域 | 当前状态    | 路扩展 | LRU touched
------------------------------------------------------------------
  0    |   域2      | 正常运行   |  是   |  214399928
  1    |   域2      | 正常运行   |  是   |  214399924
  2    |   域0      | 正常运行   |  否   |  214399974
  3    |   域3      | 正常运行   |  否   |  214399998
==================================================================

[动态重分配] 周期214400000：预约迁移 冗余域2(0%) -> 切片0 -> 饥饿域0(6%)
[切片剥夺] 周期214400000：切片0（所属域2）进入待剥夺状态，禁止新替换
[切片剥夺] 周期214400000：切片0在途请求已清空，开始执行脏行写回
[切片管理] 周期214401695：原域2仅剩1个切片，关闭路扩展模式
[动态重分配] 周期214401695：切片0写回完成，自动绑定到域0
[切片管理] 成功绑定切片0 → 安全域0，触发【路扩展模式】

======================== 切片硬件状态 ========================
切片号 | 所属安全域 | 当前状态    | 路扩展 | LRU touched
------------------------------------------------------------------
  0    |   域0      | 正常运行   |  是   |  214401695
  1    |   域2      | 正常运行   |  否   |  214401694
  2    |   域0      | 正常运行   |  是   |  214401684
  3    |   域3      | 正常运行   |  否   |  214401693
==================================================================


======================== 切片硬件状态 ========================
切片号 | 所属安全域 | 当前状态    | 路扩展 | LRU touched
------------------------------------------------------------------
  0    |   域0      | 正常运行   |  是   |  222799997
  1    |   域2      | 正常运行   |  否   |  222799991
  2    |   域0      | 正常运行   |  是   |  222799998
  3    |   域3      | 正常运行   |  否   |  222800000
==================================================================

[动态重分配] 周期222800000：预约迁移 冗余域0(0%) -> 切片2 -> 饥饿域2(7%)
[切片剥夺] 周期222800000：切片2（所属域0）进入待剥夺状态，禁止新替换
[切片剥夺] 周期222800000：切片2在途请求已清空，开始执行脏行写回
[切片管理] 周期222800245：原域0仅剩1个切片，关闭路扩展模式
[动态重分配] 周期222800245：切片2写回完成，自动绑定到域2
[切片管理] 成功绑定切片2 → 安全域2，触发【路扩展模式】

======================== 切片硬件状态 ========================
切片号 | 所属安全域 | 当前状态    | 路扩展 | LRU touched
------------------------------------------------------------------
  0    |   域0      | 正常运行   |  否   |  222800082
  1    |   域2      | 正常运行   |  是   |  222800213
  2    |   域2      | 正常运行   |  是   |  222800245
  3    |   域3      | 正常运行   |  否   |  222800046
==================================================================


======================== 切片硬件状态 ========================
切片号 | 所属安全域 | 当前状态    | 路扩展 | LRU touched
------------------------------------------------------------------
  0    |   域0      | 正常运行   |  否   |  230799998
  1    |   域2      | 正常运行   |  是   |  230799996
  2    |   域2      | 正常运行   |  是   |  230799988
  3    |   域3      | 正常运行   |  否   |  230799997
==================================================================

[动态重分配] 周期230800000：预约迁移 冗余域2(0%) -> 切片1 -> 饥饿域3(6%)
[切片剥夺] 周期230800000：切片1（所属域2）进入待剥夺状态，禁止新替换
[切片剥夺] 周期230800000：切片1在途请求已清空，开始执行脏行写回
[切片管理] 周期230800272：原域2仅剩1个切片，关闭路扩展模式
[动态重分配] 周期230800272：切片1写回完成，自动绑定到域3
[切片管理] 成功绑定切片1 → 安全域3，触发【路扩展模式】

======================== 切片硬件状态 ========================
切片号 | 所属安全域 | 当前状态    | 路扩展 | LRU touched
------------------------------------------------------------------
  0    |   域0      | 正常运行   |  否   |  230800272
  1    |   域3      | 正常运行   |  是   |  230800272
  2    |   域2      | 正常运行   |  否   |  230800105
  3    |   域3      | 正常运行   |  是   |  230800272
==================================================================


======================== 切片硬件状态 ========================
切片号 | 所属安全域 | 当前状态    | 路扩展 | LRU touched
------------------------------------------------------------------
  0    |   域0      | 正常运行   |  否   |  231499967
  1    |   域3      | 正常运行   |  是   |  231499987
  2    |   域2      | 正常运行   |  否   |  231499997
  3    |   域3      | 正常运行   |  是   |  231499994
==================================================================

[动态重分配] 周期231500000：预约迁移 冗余域3(4%) -> 切片1 -> 饥饿域0(18%)
[切片剥夺] 周期231500000：切片1（所属域3）进入待剥夺状态，禁止新替换
[切片剥夺] 周期231500000：切片1在途请求已清空，开始执行脏行写回
[切片管理] 周期231500287：原域3仅剩1个切片，关闭路扩展模式
[动态重分配] 周期231500287：切片1写回完成，自动绑定到域0
[切片管理] 成功绑定切片1 → 安全域0，触发【路扩展模式】

======================== 切片硬件状态 ========================
切片号 | 所属安全域 | 当前状态    | 路扩展 | LRU touched
------------------------------------------------------------------
  0    |   域0      | 正常运行   |  是   |  231500037
  1    |   域0      | 正常运行   |  是   |  231500287
  2    |   域2      | 正常运行   |  否   |  231500001
  3    |   域3      | 正常运行   |  否   |  231500003
==================================================================


======================== 切片硬件状态 ========================
切片号 | 所属安全域 | 当前状态    | 路扩展 | LRU touched
------------------------------------------------------------------
  0    |   域0      | 正常运行   |  是   |  243099893
  1    |   域0      | 正常运行   |  是   |  243099952
  2    |   域2      | 正常运行   |  否   |  243099954
  3    |   域3      | 正常运行   |  否   |  243099952
==================================================================

[动态重分配] 周期243100000：预约迁移 冗余域0(0%) -> 切片0 -> 饥饿域2(9%)
[切片剥夺] 周期243100000：切片0（所属域0）进入待剥夺状态，禁止新替换
[切片剥夺] 周期243100000：切片0在途请求已清空，开始执行脏行写回
[切片管理] 周期243102052：原域0仅剩1个切片，关闭路扩展模式
[动态重分配] 周期243102052：切片0写回完成，自动绑定到域2
[切片管理] 成功绑定切片0 → 安全域2，触发【路扩展模式】

======================== 切片硬件状态 ========================
切片号 | 所属安全域 | 当前状态    | 路扩展 | LRU touched
------------------------------------------------------------------
  0    |   域2      | 正常运行   |  是   |  243102052
  1    |   域0      | 正常运行   |  否   |  243102051
  2    |   域2      | 正常运行   |  是   |  243102052
  3    |   域3      | 正常运行   |  否   |  243102052
==================================================================


======================== 切片硬件状态 ========================
切片号 | 所属安全域 | 当前状态    | 路扩展 | LRU touched
------------------------------------------------------------------
  0    |   域2      | 正常运行   |  是   |  257599979
  1    |   域0      | 正常运行   |  否   |  257599979
  2    |   域2      | 正常运行   |  是   |  257599977
  3    |   域3      | 正常运行   |  否   |  257599977
==================================================================

[动态重分配] 周期257600000：预约迁移 冗余域2(0%) -> 切片0 -> 饥饿域0(8%)
[切片剥夺] 周期257600000：切片0（所属域2）进入待剥夺状态，禁止新替换
[切片剥夺] 周期257600000：切片0在途请求已清空，开始执行脏行写回
[切片管理] 周期257600952：原域2仅剩1个切片，关闭路扩展模式
[动态重分配] 周期257600952：切片0写回完成，自动绑定到域0
[切片管理] 成功绑定切片0 → 安全域0，触发【路扩展模式】

======================== 切片硬件状态 ========================
切片号 | 所属安全域 | 当前状态    | 路扩展 | LRU touched
------------------------------------------------------------------
  0    |   域0      | 正常运行   |  是   |  257600952
  1    |   域0      | 正常运行   |  是   |  257600938
  2    |   域2      | 正常运行   |  否   |  257600918
  3    |   域3      | 正常运行   |  否   |  257600915
==================================================================


======================== 切片硬件状态 ========================
切片号 | 所属安全域 | 当前状态    | 路扩展 | LRU touched
------------------------------------------------------------------
  0    |   域0      | 正常运行   |  是   |  262499993
  1    |   域0      | 正常运行   |  是   |  262499982
  2    |   域2      | 正常运行   |  否   |  262499997
  3    |   域3      | 正常运行   |  否   |  262499998
==================================================================

[动态重分配] 周期262500000：预约迁移 冗余域0(0%) -> 切片0 -> 饥饿域3(6%)
[切片剥夺] 周期262500000：切片0（所属域0）进入待剥夺状态，禁止新替换
[切片剥夺] 周期262500000：切片0在途请求已清空，开始执行脏行写回
[切片管理] 周期262502090：原域0仅剩1个切片，关闭路扩展模式
[动态重分配] 周期262502090：切片0写回完成，自动绑定到域3
[切片管理] 成功绑定切片0 → 安全域3，触发【路扩展模式】

======================== 切片硬件状态 ========================
切片号 | 所属安全域 | 当前状态    | 路扩展 | LRU touched
------------------------------------------------------------------
  0    |   域3      | 正常运行   |  是   |  262502090
  1    |   域0      | 正常运行   |  否   |  262502089
  2    |   域2      | 正常运行   |  否   |  262502089
  3     block_|   域3      | 正常运行   |  是   |  262502086
==================================================================


======================== 切片硬件状态 ========================
切片号 | 所属安全域 | 当前状态    | 路扩展 | LRU touched
------------------------------------------------------------------
  0    |   域3      | 正常运行   |  是   |  263300000
  1    |   域0      | 正常运行   |  否   |  263299993
  2    |   域2      | 正常运行   |  否   |  263299993
  3    |   域3      | 正常运行   |  是   |  263299984
==================================================================

[动态重分配] 周期263300000：预约迁移 冗余域3(0%) -> 切片0 -> 饥饿域0(6%)
[切片剥夺] 周期263300000：切片0（所属域3）进入待剥夺状态，禁止新替换
[切片剥夺] 周期263300000：切片0在途请求已清空，开始执行脏行写回
[切片管理] 周期263300017：原域3仅剩1个切片，关闭路扩展模式
[动态重分配] 周期263300017：切片0写回完成，自动绑定到域0
[切片管理] 成功绑定切片0 → 安全域0，触发【路扩展模式】

======================== 切片硬件状态 ========================
切片号 | 所属安全域 | 当前状态    | 路扩展 | LRU touched
------------------------------------------------------------------
  0    |   域0      | 正常运行   |  是   |  263300017
  1    |   域0      | 正常运行   |  是   |  263300007
  2    |   域2      | 正常运行   |  否   |  263300015
  3    |   域3      | 正常运行   |  否   |  263300017
==================================================================


======================== 切片硬件状态 ========================
切片号 | 所属安全域 | 当前状态    | 路扩展 | LRU touched
------------------------------------------------------------------
  0    |   域0      | 正常运行   |  是   |  266000000
  1    |   域0      | 正常运行   |  是   |  265999999
  2    |   域2      | 正常运行   |  否   |  265999987
  3    |   域3      | 正常运行   |  否   |  265999999
==================================================================

[动态重分配] 周期266000000：预约迁移 冗余域0(1%) -> 切片0 -> 饥饿域2(8%)
[切片剥夺] 周期266000000：切片0（所属域0）进入待剥夺状态，禁止新替换
[切片剥夺] 周期266000032：切片0在途请求已清空，开始执行脏行写回
[切片管理] 周期266000453：原域0仅剩1个切片，关闭路扩展模式
[动态重分配] 周期266000453：切片0写回完成，自动绑定到域2
[切片管理] 成功绑定切片0 → 安全域2，触发【路扩展模式】

======================== 切片硬件状态 ========================
切片号 | 所属安全域 | 当前状态    | 路扩展 | LRU touched
------------------------------------------------------------------
  0    |   域2      | 正常运行   |  是   |  266000453
  1    |   域0      | 正常运行   |  否   |  266000453
  2    |   域2      | 正常运行   |  是   |  266000450
  3    |   域3      | 正常运行   |  否   |  266000452
==================================================================


======================== 切片硬件状态 ========================
切片号 | 所属安全域 | 当前状态    | 路扩展 | LRU touched
------------------------------------------------------------------
  0    |   域2      | 正常运行   |  是   |  280399478
  1    |   域0      | 正常运行   |  否   |  280400000
  2    |   域2      | 正常运行   |  是   |  280399966
  3    |   域3      | 正常运行   |  否   |  280399998
==================================================================

[动态重分配] 周期280400000：预约迁移 冗余域2(0%) -> 切片0 -> 饥饿域3(6%)
[切片剥夺] 周期280400000：切片0（所属域2）进入待剥夺状态，禁止新替换
[切片剥夺] 周期280400000：切片0在途请求已清空，开始执行脏行写回
[切片管理] 周期280405372：原域2仅剩1个切片，关闭路扩展模式
[动态重分配] 周期280405372：切片0写回完成，自动绑定到域3
[切片管理] 成功绑定切片0 → 安全域3，触发【路扩展模式】

======================== 切片硬件状态 ========================
切片号 | 所属安全域 | 当前状态    | 路扩展 | LRU touched
------------------------------------------------------------------
  0    |   域3      | 正常运行   |  是   |  280405372
  1    |   域0      | 正常运行   |  否   |  280405370
  2    |   域2      | 正常运行   |  否   |  280405291
  3    |   域3      | 正常运行   |  是   |  280405371
==================================================================


======================== 切片硬件状态 ========================
切片号 | 所属安全域 | 当前状态    | 路扩展 | LRU touched
------------------------------------------------------------------
  0    |   域3      | 正常运行   |  是   |  286399974
  1    |   域0      | 正常运行   |  否   |  286399969
  2    |   域2      | 正常运行   |  否   |  286399826
  3    |   域3      | 正常运行   |  是   |  286399987
==================================================================

[动态重分配] 周期286400000：预约迁移 冗余域3(1%) -> 切片0 -> 饥饿域0(7%)
[切片剥夺] 周期286400000：切片0（所属域3）进入待剥夺状态，禁止新替换
[切片剥夺] 周期286400012：切片0在途请求已清空，开始执行脏行写回
[切片管理] 周期286422734：原域3仅剩1个切片，关闭路扩展模式
[动态重分配] 周期286422734：切片0写回完成，自动绑定到域0
[切片管理] 成功绑定切片0 → 安全域0，触发【路扩展模式】

======================== 切片硬件状态 ========================
切片号 | 所属安全域 | 当前状态    | 路扩展 | LRU touched
------------------------------------------------------------------
  0    |   域0      | 正常运行   |  是   |  286422734
  1    |   域0      | 正常运行   |  是   |  286422727
  2    |   域2      | 正常运行   |  否   |  286422734
  3    |   域3      | 正常运行   |  否   |  286422729
==================================================================


======================== 切片硬件状态 ========================
切片号 | 所属安全域 | 当前状态    | 路扩展 | LRU touched
------------------------------------------------------------------
  0    |   域0      | 正常运行   |  是   |  288800000
  1    |   域0      | 正常运行   |  是   |  288799989
  2    |   域2      | 正常运行   |  否   |  288800000
  3    |   域3      | 正常运行   |  否   |  288799997
==================================================================

[动态重分配] 周期288800000：预约迁移 冗余域0(0%) -> 切片0 -> 饥饿域2(9%)
[切片剥夺] 周期288800000：切片0（所属域0）进入待剥夺状态，禁止新替换
[切片剥夺] 周期288800000：切片0在途请求已清空，开始执行脏行写回
[切片管理] 周期288800431：原域0仅剩1个切片，关闭路扩展模式
[动态重分配] 周期288800431：切片0写回完成，自动绑定到域2
[切片管理] 成功绑定切片0 → 安全域2，触发【路扩展模式】

======================== 切片硬件状态 ========================
切片号 | 所属安全域 | 当前状态    | 路扩展 | LRU touched
------------------------------------------------------------------
  0    |   域2      | 正常运行   |  是   |  288800431
  1    |   域0      | 正常运行   |  否   |  288800429
  2    |   域2      | 正常运行   |  是   |  288800423
  3    |   域3      | 正常运行   |  否   |  288800412
==================================================================


**** Debug Statistics at 301000000 Cycles *****
Threads: 4		Fetch Width: 8
No of useful instructions fetched:	686269532 (28.50% proc util.)
No of total instructions fetched:	1015841418 (42.19% proc util.)
 includes 50527104 misfetch (5.0%), 279044782 (27.5%) wrong-path fetches
 and 0 flushed after failed lock(0.0%)
No of useful instructions issued/executed:	686269498 (28.50% proc util.)
No of total instructions issued/executed:	827245095 (34.35% proc util.)
 includes 140975597 wrong-path (17.0%) insts and 0 flushed (0.0%)
	fp 60980, 0.01%
	synch 0, 0.00%
	integer 549201208, 66.39%
	load/store 277982907, 33.60%
Avg size of int IQ (before scheduling): 24.22
Avg size of fp IQ (before scheduling): 0.01
No of cycles taken:		301000000
Parallelism [ 0.660, 0.000, 0.602, 1.018,] = 2.280
 IQ conflicts: 3740342 (1.24%), FQ conflicts: 0 (0.00%) 
 I reg conflicts: 136593232 (45.38%), FP reg conflicts: 0 (0.00%)
  Activelist confs: 2279 (0.00%), ROB confs: 343791 (0.11%)
  Int unit conflicts: 284735275 (94.60%), FP unit conflicts: 18 (0.00%)
  Load/store unit conflicts: 52244194 (17.36%)
  MSHR conflicts: 230885803 (76.71%)
----------------------------------------
==== System-wide Cache Statistics ====
Stall for miss queue full 3285 cycles (0.00%)
----------------------------------------
==== Statistics for Master ID: 0 ====
Reads: 161873923   Writes: 26585869
ICACHE: size: 64 KB assoc: 2
ICACHE: hits:91931755 misses:2499525  Hit Ratio: 97.35%
DCACHE: size: 1*16 KB assoc: 1*4
DCACHE: hits:92056463 misses:1973800 writebacks:688126  Hit Ratio: 97.90%
SCACHE: size: 512 KB assoc: 2
SCACHE: hits:3036649 misses:1434922  Hit Ratio: 67.91%
3CACHE: size: 4096 KB assoc: 2
3CACHE: hits:1214095 misses:220827  Hit Ratio: 84.61%
3CACHE: dirty items replaced:50498
ITLB: size: 48, misses 181481, miss rate 0.19%
DTLB: size: 128, misses 338845, miss rate 0.36%
Avg mem delay: 3.100 cycles
----------------------------------------
==== Statistics for Master ID: 2 ====
Reads: 145511905   Writes: 24575625
ICACHE: size: 64 KB assoc: 2
ICACHE: hits:82637019 misses:2666699  Hit Ratio: 96.87%
DCACHE: size: 2*16 KB assoc: 2*4
DCACHE: hits:82971626 misses:1813243 writebacks:479409  Hit Ratio: 97.86%
SCACHE: size: 512 KB assoc: 2
SCACHE: hits:3113181 misses:1365702  Hit Ratio: 69.51%
3CACHE: size: 4096 KB assoc: 2
3CACHE: hits:1119845 misses:245857  Hit Ratio: 82.00%
3CACHE: dirty items replaced:48612
ITLB: size: 48, misses 239814, miss rate 0.28%
DTLB: size: 128, misses 352544, miss rate 0.42%
Avg mem delay: 3.100 cycles
----------------------------------------
==== Statistics for Master ID: 3 ====
Reads: 181852327   Writes: 29607411
ICACHE: size: 64 KB assoc: 2
ICACHE: hits:112780980 misses:54207  Hit Ratio: 99.95%
DCACHE: size: 1*16 KB assoc: 1*4
DCACHE: hits:94011970 misses:4614462 writebacks:2124477  Hit Ratio: 95.32%
SCACHE: size: 512 KB assoc: 2
SCACHE: hits:2211323 misses:2455464  Hit Ratio: 47.38%
3CACHE: size: 4096 KB assoc: 2
3CACHE: hits:397867 misses:2057597  Hit Ratio: 16.20%
3CACHE: dirty items replaced:126514
ITLB: size: 48, misses 993, miss rate 0.00%
DTLB: size: 128, misses 227620, miss rate 0.23%
Avg mem delay: 3.100 cycles
----------------------------------------
==== Global Resource Utilization ====
STASH: size: 65536 entries, full 1191591392, empty 43082473, misses 3935762, full rate 96.20
icache bank util. 0.117 0.103 0.093 0.114 0.145 0.189 0.127 0.135 
dcache bank util. 0.117 0.124 0.128 0.128 0.152 0.113 0.157 0.120 
L2 bank util. 0.040 0.042 0.040 0.042 0.041 0.038 0.042 0.045 
L1-L2 bus util. = 0.169, L3 util. = 0.084
----------------------------------------

======================== 切片硬件状态 ========================
切片号 | 所属安全域 | 当前状态    | 路扩展 | LRU touched
------------------------------------------------------------------
  0    |   域2      | 正常运行   |  是   |  300999983
  1    |   域0      | 正常运行   |  否   |  300999995
  2    |   域2      | 正常运行   |  是   |  300999998
  3    |   域3      | 正常运行   |  否   |  300999999
==================================================================

branch prediction, hits = 63814326, misses = 11426838, hit rate = 84.81%
return_stack prediction, hits = 6953167, misses = 6290, hit rate = 99.91%
jump prediction, hits = 61639853, misses = 13123163, hit rate = 82.45%

======================== 切片硬件状态 ========================
切片号 | 所属安全域 | 当前状态    | 路扩展 | LRU touched
------------------------------------------------------------------
  0    |   域2      | 正常运行   |  是   |  301999527
  1    |   域0      | 正常运行   |  否   |  301999994
  2    |   域2      | 正常运行   |  是   |  301999527
  3    |   域3      | 正常运行   |  否   |  301999994
==================================================================

[动态重分配] 周期302000000：预约迁移 冗余域2(3%) -> 切片2 -> 饥饿域0(10%)
[切片剥夺] 周期302000000：切片2（所属域2）进入待剥夺状态，禁止新替换
[切片剥夺] 周期302000000：切片2在途请求已清空，开始执行脏行写回
[切片管理] 周期302000155：原域2仅剩1个切片，关闭路扩展模式
[动态重分配] 周期302000155：切片2写回完成，自动绑定到域0
[切片管理] 成功绑定切片2 → 安全域0，触发【路扩展模式】

======================== 切片硬件状态 ========================
切片号 | 所属安全域 | 当前状态    | 路扩展 | LRU touched
------------------------------------------------------------------
  0    |   域2      | 正常运行   |  否   |  302000149
  1    |   域0      | 正常运行   |  是   |  302000155
  2    |   域0      | 正常运行   |  是   |  302000155
  3    |   域3      | 正常运行   |  否   |  302000154
==================================================================


======================== 切片硬件状态 ========================
切片号 | 所属安全域 | 当前状态    | 路扩展 | LRU touched
------------------------------------------------------------------
  0    |   域2      | 正常运行   |  否   |  302199999
  1    |   域0      | 正常运行   |  是   |  302199999
  2    |   域0      | 正常运行   |  是   |  302199988
  3    |   域3      | 正常运行   |  否   |  302199995
==================================================================

[动态重分配] 周期302200000：预约迁移 冗余域0(0%) -> 切片1 -> 饥饿域2(7%)
[切片剥夺] 周期302200000：切片1（所属域0）进入待剥夺状态，禁止新替换
[切片剥夺] 周期302200000：切片1在途请求已清空，开始执行脏行写回
[切片管理] 周期302203958：原域0仅剩1个切片，关闭路扩展模式
[动态重分配] 周期302203958：切片1写回完成，自动绑定到域2
[切片管理] 成功绑定切片1 → 安全域2，触发【路扩展模式】

======================== 切片硬件状态 ========================
切片号 | 所属安全域 | 当前状态    | 路扩展 | LRU touched
------------------------------------------------------------------
  0    |   域2      | 正常运行   |  是   |  302203951
  1    |   域2      | 正常运行   |  是   |  302203958
  2    |   域0      | 正常运行   |  否   |  302203958
  3    |   域3      | 正常运行   |  否   |  302203958
==================================================================


======================== 切片硬件状态 ========================
切片号 | 所属安全域 | 当前状态    | 路扩展 | LRU touched
------------------------------------------------------------------
  0    |   域2      | 正常运行   |  是   |  313099993
  1    |   域2      | 正常运行   |  是   |  313099994
  2    |   域0      | 正常运行   |  否   |  313099962
  3    |   域3      | 正常运行   |  否   |  313099998
==================================================================

[动态重分配] 周期313100000：预约迁移 冗余域2(0%) -> 切片0 -> 饥饿域3(6%)
[切片剥夺] 周期313100000：切片0（所属域2）进入待剥夺状态，禁止新替换
[切片剥夺] 周期313100000：切片0在途请求已清空，开始执行脏行写回
[切片管理] 周期313100308：原域2仅剩1个切片，关闭路扩展模式
[动态重分配] 周期313100308：切片0写回完成，自动绑定到域3
[切片管理] 成功绑定切片0 → 安全域3，触发【路扩展模式】

======================== 切片硬件状态 ========================
切片号 | 所属安全域 | 当前状态    | 路扩展 | LRU touched
------------------------------------------------------------------
  0    |   域3      | 正常运行   |  是   |  313100308
  1    |   域2      | 正常运行   |  否   |  313100146
  2    |   域0      | 正常运行   |  否   |  313100308
  3    |   域3      | 正常运行   |  是   |  313100308
==================================================================


======================== 切片硬件状态 ========================
切片号 | 所属安全域 | 当前状态    | 路扩展 | LRU touched
------------------------------------------------------------------
  0    |   域3      | 正常运行   |  是   |  314499983
  1    |   域2      | 正常运行   |  否   |  314500000
  2    |   域0      | 正常运行   |  否   |  314499949
  3    |   域3      | 正常运行   |  是   |  314500000
==================================================================

[动态重分配] 周期314500000：预约迁移 冗余域3(4%) -> 切片3 -> 饥饿域0(20%)
[切片剥夺] 周期314500000：切片3（所属域3）进入待剥夺状态，禁止新替换
[切片剥夺] 周期314500000：切片3在途请求已清空，开始执行脏行写回
[切片管理] 周期314500789：原域3仅剩1个切片，关闭路扩展模式
[动态重分配] 周期314500789：切片3写回完成，自动绑定到域0
[切片管理] 成功绑定切片3 → 安全域0，触发【路扩展模式】

======================== 切片硬件状态 ========================
切片号 | 所属安全域 | 当前状态    | 路扩展 | LRU touched
------------------------------------------------------------------
  0    |   域3      | 正常运行   |  否   |  314500778
  1    |   域2      | 正常运行   |  否   |  314500780
  2    |   域0      | 正常运行   |  是   |  314500775
  3    |   域0      | 正常运行   |  是   |  314500789
==================================================================


======================== 切片硬件状态 ========================
切片号 | 所属安全域 | 当前状态    | 路扩展 | LRU touched
------------------------------------------------------------------
  0    |   域3      | 正常运行   |  否   |  322399991
  1    |   域2      | 正常运行   |  否   |  322399998
  2    |   域0      | 正常运行   |  是   |  322399937
  3    |   域0      | 正常运行   |  是   |  322399996
==================================================================

[动态重分配] 周期322400000：预约迁移 冗余域0(1%) -> 切片2 -> 饥饿域2(12%)
[切片剥夺] 周期322400000：切片2（所属域0）进入待剥夺状态，禁止新替换
[切片剥夺] 周期322400000：切片2在途请求已清空，开始执行脏行写回
[切片管理] 周期322400056：原域0仅剩1个切片，关闭路扩展模式
[动态重分配] 周期322400056：切片2写回完成，自动绑定到域2
[切片管理] 成功绑定切片2 → 安全域2，触发【路扩展模式】

======================== 切片硬件状态 ========================
切片号 | 所属安全域 | 当前状态    | 路扩展 | LRU touched
------------------------------------------------------------------
  0    |   域3      | 正常运行   |  否   |  322400031
  1    |   域2      | 正常运行   |  是   |  322400056
  2    |   域2      | 正常运行   |  是   |  322400056
  3    |   域0      | 正常运行   |  否   |  322400056
==================================================================


======================== 切片硬件状态 ========================
切片号 | 所属安全域 | 当前状态    | 路扩展 | LRU touched
------------------------------------------------------------------
  0    |   域3      | 正常运行   |  否   |  324699999
  1    |   域2      | 正常运行   |  是   |  324699969
  2    |   域2      | 正常运行   |  是   |  324700000
  3    |   域0      | 正常运行   |  否   |  324699974
==================================================================

[动态重分配] 周期324700000：预约迁移 冗余域2(3%) -> 切片1 -> 饥饿域0(14%)
[切片剥夺] 周期324700000：切片1（所属域2）进入待剥夺状态，禁止新替换
[切片剥夺] 周期324700000：切片1在途请求已清空，开始执行脏行写回
[切片管理] 周期324702286：原域2仅剩1个切片，关闭路扩展模式
[动态重分配] 周期324702286：切片1写回完成，自动绑定到域0
[切片管理] 成功绑定切片1 → 安全域0，触发【路扩展模式】

======================== 切片硬件状态 ========================
切片号 | 所属安全域 | 当前状态    | 路扩展 | LRU touched
------------------------------------------------------------------
  0    |   域3      | 正常运行   |  否   |  324702286
  1    |   域0      | 正常运行   |  是   |  324702286
  2    |   域2      | 正常运行   |  否   |  324702286
  3    |   域0      | 正常运行   |  是   |  324702286
==================================================================


======================== 切片硬件状态 ========================
切片号 | 所属安全域 | 当前状态    | 路扩展 | LRU touched
------------------------------------------------------------------
  0    |   域3      | 正常运行   |  否   |  324999977
  1    |   域0      | 正常运行   |  是   |  324999952
  2    |   域2      | 正常运行   |  否   |  325000000
  3    |   域0      | 正常运行   |  是   |  324999952
==================================================================

[动态重分配] 周期325000000：预约迁移 冗余域0(4%) -> 切片3 -> 饥饿域2(10%)
[切片剥夺] 周期325000000：切片3（所属域0）进入待剥夺状态，禁止新替换
[切片剥夺] 周期325000000：切片3在途请求已清空，开始执行脏行写回
[切片管理] 周期325000161：原域0仅剩1个切片，关闭路扩展模式
[动态重分配] 周期325000161：切片3写回完成，自动绑定到域2
[切片管理] 成功绑定切片3 → 安全域2，触发【路扩展模式】

======================== 切片硬件状态 ========================
切片号 | 所属安全域 | 当前状态    | 路扩展 | LRU touched
------------------------------------------------------------------
  0    |   域3      | 正常运行   |  否   |  325000140
  1    |   域0      | 正常运行   |  否   |  325000155
  2    |   域2      | 正常运行   |  是   |  325000112
  3    |   域2      | 正常运行   |  是   |  325000161
==================================================================


======================== 切片硬件状态 ========================
切片号 | 所属安全域 | 当前状态    | 路扩展 | LRU touched
------------------------------------------------------------------
  0    |   域3      | 正常运行   |  否   |  325300000
  1    |   域0      | 正常运行   |  否   |  325299998
  2    |   域2      | 正常运行   |  是   |  325299998
  3    |   域2      | 正常运行   |  是   |  325299993
==================================================================

[动态重分配] 周期325300000：预约迁移 冗余域2(0%) -> 切片2 -> 饥饿域0(6%)
[切片剥夺] 周期325300000：切片2（所属域2）进入待剥夺状态，禁止新替换
[切片剥夺] 周期325300000：切片2在途请求已清空，开始执行脏行写回
[切片管理] 周期325300189：原域2仅剩1个切片，关闭路扩展模式
[动态重分配] 周期325300189：切片2写回完成，自动绑定到域0
[切片管理] 成功绑定切片2 → 安全域0，触发【路扩展模式】

======================== 切片硬件状态 ========================
切片号 | 所属安全域 | 当前状态    | 路扩展 | LRU touched
------------------------------------------------------------------
  0    |   域3      | 正常运行   |  否   |  325300189
  1    |   域0      | 正常运行   |  是   |  325300187
  2    |   域0      | 正常运行   |  是   |  325300189
  3 dgemm_    |   域2      | 正常运行   |  否   |  325300169
==================================================================


======================== 切片硬件状态 ========================
切片号 | 所属安全域 | 当前状态    | 路扩展 | LRU touched
------------------------------------------------------------------
  0    |   域3      | 正常运行   |  否   |  334800000
  1    |   域0      | 正常运行   |  是   |  334799985
  2    |   域0      | 正常运行   |  是   |  334799987
  3    |   域2      | 正常运行   |  否   |  334799813
==================================================================

[动态重分配] 周期334800000：预约迁移 冗余域0(1%) -> 切片1 -> 饥饿域2(10%)
[切片剥夺] 周期334800000：切片1（所属域0）进入待剥夺状态，禁止新替换
[切片剥夺] 周期334800000：切片1在途请求已清空，开始执行脏行写回
[切片管理] 周期334800257：原域0仅剩1个切片，关闭路扩展模式
[动态重分配] 周期334800257：切片1写回完成，自动绑定到域2
[切片管理] 成功绑定切片1 → 安全域2，触发【路扩展模式】

======================== 切片硬件状态 ========================
切片号 | 所属安全域 | 当前状态    | 路扩展 | LRU touched
------------------------------------------------------------------
  0    |   域3      | 正常运行   |  否   |  334800052
  1    |   域2      | 正常运行   |  是   |  334800257
  2    |   域0      | 正常运行   |  否   |  334799987
  3    |   域2      | 正常运行   |  是   |  334799813
==================================================================


======================== 切片硬件状态 ========================
切片号 | 所属安全域 | 当前状态    | 路扩展 | LRU touched
------------------------------------------------------------------
  0    |   域3      | 正常运行   |  否   |  341699978
  1    |   域2      | 正常运行   |  是   |  341699979
  2    |   域0      | 正常运行   |  否   |  341699960
  3    |   域2      | 正常运行   |  是   |  341699978
==================================================================

[动态重分配] 周期341700000：预约迁移 冗余域2(3%) -> 切片1 -> 饥饿域0(14%)
[切片剥夺] 周期341700000：切片1（所属域2）进入待剥夺状态，禁止新替换
[切片剥夺] 周期341700376：切片1在途请求已清空，开始执行脏行写回
[切片管理] 周期341704755：原域2仅剩1个切片，关闭路扩展模式
[动态重分配] 周期341704755：切片1写回完成，自动绑定到域0
[切片管理] 成功绑定切片1 → 安全域0，触发【路扩展模式】

======================== 切片硬件状态 ========================
切片号 | 所属安全域 | 当前状态    | 路扩展 | LRU touched
------------------------------------------------------------------
  0    |   域3      | 正常运行   |  否   |  341704741
  1    |   域0      | 正常运行   |  是   |  341704755
  2    |   域0      | 正常运行   |  是   |  341704741
  3    |   域2      | 正常运行   |  否   |  341704741
==================================================================


======================== 切片硬件状态 ========================
切片号 | 所属安全域 | 当前状态    | 路扩展 | LRU touched
------------------------------------------------------------------
  0    |   域3      | 正常运行   |  否   |  347599996
  1    |   域0      | 正常运行   |  是   |  347599932
  2    |   域0      | 正常运行   |  是   |  347599916
  3    |   域2      | 正常运行   |  否   |  347599629
==================================================================

[动态重分配] 周期347600000：预约迁移 冗余域0(1%) -> 切片1 -> 饥饿域2(8%)
[切片剥夺] 周期347600000：切片1（所属域0）进入待剥夺状态，禁止新替换
[切片剥夺] 周期347600000：切片1在途请求已清空，开始执行脏行写回
[切片管理] 周期347601529：原域0仅剩1个切片，关闭路扩� blockdis_��模式
[动态重分配] 周期347601529：切片1写回完成，自动绑定到域2
[切片管理] 成功绑定切片1 → 安全域2，触发【路扩展模式】

======================== 切片硬件状态 ========================
切片号 | 所属安全域 | 当前状态    | 路扩展 | LRU touched
------------------------------------------------------------------
  0    |   域3      | 正常运行   |  否   |  347601529
  1    |   域2      | 正常运行   |  是   |  347601529
  2    |   域0      | 正常运行   |  否   |  347601520
  3    |   域2      | 正常运行   |  是   |  347601373
==================================================================


======================== 切片硬件状态 ========================
切片号 | 所属安全域 | 当前状态    | 路扩展 | LRU touched
------------------------------------------------------------------
  0    |   域3      | 正常运行   |  否   |  355800000
  1    |   域2      | 正常运行   |  是   |  355799995
  2    |   域0      | 正常运行   |  否   |  355800000
  3    |   域2      | 正常运行   |  是   |  355799998
==================================================================

[动态重分配] 周期355800000：预约迁移 冗余域2(0%) -> 切片1 -> 饥饿域0(7%)
[切片剥夺] 周期355800000：切片1（所属域2）进入待剥夺状态，禁止新替换
[切片剥夺] 周期355800000：切片1在途请求已清空，开始执行脏行写回
[切片管理] 周期355800284：原域2仅剩1个切片，关闭路扩展模式
[动态重分配] 周期355800284：切片1写回完成，自动绑定到域0
[切片管理] 成功绑定切片1 → 安全域0，触发【路扩展模式】

======================== 切片硬件状态 ========================
切片号 | 所属安全域 | 当前状态    | 路扩展 | LRU touched
------------------------------------------------------------------
  0    |   域3      | 正常运行   |  否   |  355800264
  1    |   域0      | 正常运行   |  是   |  355800284
  2    |   域0      | 正常运行   |  是   |  355800280
  3    |   域2      | 正常运行   |  否   |  355800263
==================================================================


======================== 切片硬件状态 ========================
切片号 | 所属安全域 | 当前状态    | 路扩展 | LRU touched
------------------------------------------------------------------
  0    |   域3      | 正常运行   |  否   |  364799956
  1    |   域0      | 正常运行   |  是   |  364799959
  2    |   域0      | 正常运行   |  是   |  364799958
  3    |   域2      | 正常运行   |  否   |  364799920
==================================================================

[动态重分配] 周期364800000：预约迁移 冗余域0(1%) -> 切片1 -> 饥饿域2(15%)
[切片剥夺] 周期364800000：切片1（所属域0）进入待剥夺状态，禁止新替换
[切片剥夺] 周期364800000：切片1在途请求已清空，开始执行脏行写回
[切片管理] 周期364810013：原域0仅剩1个切片，关闭路扩展模式
[动态重分配] 周期364810013：切片1写回完成，自动绑定到域2
[切片管理] 成功绑定切片1 → 安全域2，触发【路扩展模式】

======================== 切片硬件状态 ========================
切片号 | 所属安全域 | 当前状态    | 路扩展 | LRU touched
------------------------------------------------------------------
  0    |   域3      | 正常运行   |  否   |  364810001
  1    |   域2      | 正常运行   |  是   |  364810013
  2    |   域0      | 正常运行   |  否   |  364810003
  3    |   域2      | 正常运行   |  是   |  364809992
==================================================================


======================== 切片硬件状态 ========================
切片号 | 所属安全域 | 当前状态    | 路扩展 | LRU touched
------------------------------------------------------------------
  0    |   域3      | 正常运行   |  否   |  366899997
  1    |   域2      | 正常运行   |  是   |  366900000
  2    |   域0      | 正常运行   |  否   |  366899994
  3    |   域2      | 正常运行   |  是   |  366899999
==================================================================

[动态重分配] 周期366900000：预约迁移 冗余域2(1%) -> 切片3 -> 饥饿域0(7%)
[切片剥夺] 周期366900000：切片3（所属域2）进入待剥夺状态，禁止新替换
[切片剥夺] 周期366900000：切片3在途请求已清空，开始执行脏行写回
[切片管理] 周期366900287：原域2仅剩1个切片，关闭路扩展模式
[动态重分配] 周期366900287：切片3写回完成，自动绑定到域0
[切片管理] 成功绑定切片3 → 安全域0，触发【路扩展模式】

======================== 切片硬件状态 ========================
切片号 | 所属安全域 | 当前状态    | 路扩展 | LRU touched
------------------------------------------------------------------
  0    |   域3      | 正常运行   |  否   |  366900284
  1    |   域2      | 正常运行   |  否   |  366900285
  2    |   域0      | 正常运行   |  是   |  366900287
  3    |   域0      | 正常运行   |  是   |  366900287
==================================================================


======================== 切片硬件状态 ========================
切片号 | 所属安全域 | 当前状态    | 路扩展 | LRU touched
------------------------------------------------------------------
  0    |   域3      | 正常运行   |  否   |  367099980
  1    |   域2      | 正常运行   |  否   |  367099999
  2    |   域0      | 正常运行   |  是   |  367100000
  3    |   域0      | 正常运行   |  是   |  367100000
==================================================================

[动态重分配] 周期367100000：预约迁移 冗余域0(7%) -> 切片2 -> 饥饿域2(32%)
[切片剥夺] 周期367100000：切片2（所属域0）进入待剥夺状态，禁止新替换
[切片剥夺] 周期367100000：切片2在途请求已清空，开始执行脏行写回
[切片管理] 周期367102887：原域0仅剩1个切片，关闭路扩展模式
[动态重分配] 周期367102887：切片2写回完成，自动绑定到域2
[切片管理] 成功绑定切片2 → 安全域2，触发【路扩展模式】

======================== 切片硬件状态 ========================
切片号 | 所属安全域 | 当前状态    | 路扩展 | LRU touched
------------------------------------------------------------------
  0    |   域3      | 正常运行   |  否   |  367102883
  1    |   域2      | 正常运行   |  是   |  367102875
  2    |   域2      | 正常运行   |  是   |  367102887
  3    |   域0      | 正常运行   |  否   |  367102887
==================================================================


======================== 切片硬件状态 ========================
切片号 | 所属安全域 | 当前状态    | 路扩展 | LRU touched
------------------------------------------------------------------
  0    |   域3      | 正常运行   |  否   |  381299999
  1    |   域2      | 正常运行   |  是   |  381299919
  2    |   域2      | 正常运行   |  是   |  381299957
  3    |   域0      | 正常运行   |  否   |  381299857
==================================================================

[动态重分配] 周期381300000：预约迁移 冗余域2(3%) -> 切片2 -> 饥饿域0(10%)
[切片剥夺] 周期381300000：切片2（所属域2）进入待剥夺状态，禁止新替换
[切片剥夺] 周期381300000：切片2在途请求已清空，开始执行脏行写回
[切片管理] 周期381300098：原域2仅剩1个切片，关闭路扩展模式
[动态重分配] 周期381300098：切片2写回完成，自动绑定到域0
[切片管理] 成功绑定切片2 → 安全域0，触发【路扩展模式】

======================== 切片硬件状态 ========================
切片号 | 所属安全域 | 当前状态    | 路扩展 | LRU touched
------------------------------------------------------------------
  0    |   域3      | 正常运行   |  否   |  381300055
  1    |   域2      | 正常运行   |  否   |  381300053
  2    |   域0      | 正常运行   |  是   |  381300098
  3    |   域0      | 正常运行   |  是   |  381299857
==================================================================


======================== 切片硬件状态 ========================
切片号 | 所属安全域 | 当前状态    | 路扩展 | LRU touched
------------------------------------------------------------------
  0    |   域3      | 正常运行   |  否   |  381399993
  1    |   域2      | 正常运行   |  否   |  381399978
  2    |   域0      | 正常运行   |  是   |  381399890
  3    |   域0      | 正常运行   |  是   |  381399808
==================================================================

[动态重分配] 周期381400000：预约迁移 冗余域0(0%) -> 切片3 -> 饥饿域2(7%)
[切片剥夺] 周期381400000：切片3（所属域0）进入待剥夺状态，禁止新替换
[切片剥夺] 周期381400000：切片3在途请求已清空，开始执行脏行写回
[切片管理] 周期381405022：原域0仅剩1个切片，关闭路扩展模式
[动态重分配] 周期381405022：切片3写回完成，自动绑定到域2
[切片管理] 成功绑定切片3 → 安全域2，触发【路扩展模式】

======================== 切片硬件状态 ========================
切片号 | 所属安全域 | 当前状态    | 路扩展 | LRU touched
------------------------------------------------------------------
  0    |   域3      | 正常运行   |  否   |  381405019
  1    |   域2      | 正常运行   |  是   |  381405015
  2    |   域0      | 正常运行   |  否   |  381405022
  3    |   域2      | 正常运行   |  是   |  381405022
==================================================================


======================== 切片硬件状态 ========================
切片号 | 所属安全域 | 当前状态    | 路扩展 | LRU touched
------------------------------------------------------------------
  0    |   域3      | 正常运行   |  否   |  398100000
  1    |   域2      | 正常运行   |  是   |  398099949
  2    |   域0      | 正常运行   |  否   |  398099999
  3    |   域2      | 正常运行   |  是   |  398099950
==================================================================

[动态重分配] 周期398100000：预约迁移 冗余域2(0%) -> 切片1 -> 饥饿域0(9%)
[切片剥夺] 周期398100000：切片1（所属域2）进入待剥夺状态，禁止新替换
[切片剥夺] 周期398100000：切片1在途请求已清空，开始执行脏行写回
[切片管理] 周期398102522：原域2仅剩1个切片，关闭路扩展模式
[动态重分配] 周期398102522：切片1写回完成，自动绑定到域0
[切片管理] 成功绑定切片1 → 安全域0，触发【路扩展模式】

======================== 切片硬件状态 ========================
切片号 | 所属安全域 | 当前状态    | 路扩展 | LRU touched
------------------------------------------------------------------
  0    |   域3      | 正常运行   |  否   |  398102518
  1    |   域0      | 正常运行   |  是   |  398102522
  2    |   域0      | 正常运行   |  是   |  398102522
  3    |   域2      | 正常运行   |  否   |  398102522
==================================================================


======================== 切片硬件状态 ========================
切片号 | 所属安全域 | 当前状态    | 路扩展 | LRU touched
------------------------------------------------------------------
  0    |   域3      | 正常运行   |  否   |  400399999
  1    |   域0      | 正常运行   |  是   |  400399999
  2    |   域0      | 正常运行   |  是   |  400399999
  3    |   域2      | 正常运行   |  否   |  400400000
==================================================================

[动态重分配] 周期400400000：预约迁移 冗余域0(1%) -> 切片1 -> 饥饿域2(9%)
[切片剥夺] 周期400400000：切片1（所属域0）进入待剥夺状态，禁止新替换
[切片剥夺] 周期400400000：切片1在途请求已清空，开始执行脏行写回
[切片管理] 周期400402096：原域0仅剩1个切片，关闭路扩展模式
[动态重分配] 周期400402096：切片1写回完成，自动绑定到域2
[切片管理] 成功绑定切片1 → 安全域2，触发【路扩展模式】

======================== 切片硬件状态 ========================
切片号 | 所属安全域 | 当前状态    | 路扩展 | LRU touched
------------------------------------------------------------------
  0    |   域3      | 正常运行   |  否   |  400402096
  1    |   域2      | 正常运行   |  是   |  400402096
  2    |   域0      | 正常运行   |  否   |  400402095
  3    |   域2      | 正常运行   |  是   |  400402094
==================================================================


**** Debug Statistics at 401000000 Cycles *****
Threads: 4		Fetch Width: 8
No of useful instructions fetched:	1010381178 (31.50% proc util.)
No of total instructions fetched:	1488189892 (46.39% proc util.)
 includes 67992138 misfetch (4.6%), 409816576 (27.5%) wrong-path fetches
 and 0 flushed after failed lock(0.0%)
No of useful instructions issued/executed:	1010381169 (31.50% proc util.)
No of total instructions issued/executed:	1219726682 (38.02% proc util.)
 includes 209345513 wrong-path (17.2%) insts and 0 flushed (0.0%)
	fp 74471, 0.01%
	synch 0, 0.00%
	integer 810029667, 66.41%
	load/store 409622544, 33.58%
Avg size of int IQ (before scheduling): 25.08
Avg size of fp IQ (before scheduling): 0.01
No of cycles taken:		401000000
Parallelism [ 0.719, 0.000, 0.669, 1.132,] = 2.520
 IQ conflicts: 6203716 (1.55%), FQ conflicts: 0 (0.00%) 
 I reg conflicts: 158964701 (39.64%), FP reg conflicts: 0 (0.00%)
  Activelist confs: 3607 (0.00%), ROB confs: 595146 (0.15%)
  Int unit conflicts: 446557866 (111.36%), FP unit conflicts: 19 (0.00%)
  Load/store unit conflicts: 80359034 (20.04%)
  MSHR conflicts: 259723848 (64.77%)
----------------------------------------
==== System-wide Cache Statistics ====
Stall for miss queue full 5207 cycles (0.00%)
----------------------------------------
==== Statistics for Master ID: 0 ====
Reads: 235242322   Writes: 39620554
ICACHE: size: 64 KB assoc: 2
ICACHE: hits:134173740 misses:3358243  Hit Ratio: 97.56%
DCACHE: size: 1*16 KB assoc: 1*4
DCACHE: hits:134430286 misses:2903424 writebacks:1058990  Hit Ratio: 97.89%
SCACHE: size: 512 KB assoc: 2
SCACHE: hits:4358979 misses:1899869  Hit Ratio: 69.65%
3CACHE: size: 4096 KB assoc: 2
3CACHE: hits:1608454 misses:291415  Hit Ratio: 84.66%
3CACHE: dirty items replaced:86229
ITLB: size: 48, misses 255829, miss rate 0.19%
DTLB: size: 128, misses 514194, miss rate 0.37%
Avg mem delay: 2.730 cycles
----------------------------------------
==== Statistics for Master ID: 2 ====
Reads: 215722288   Writes: 36634195
ICACHE: size: 64 KB assoc: 2
ICACHE: hits:123100591 misses:3487196  Hit Ratio: 97.25%
DCACHE: size: 2*16 KB assoc: 2*4
DCACHE: hits:123002423 misses:2768241 writebacks:685818  Hit Ratio: 97.80%
SCACHE: size: 512 KB assoc: 2
SCACHE: hits:4454840 misses:1798629  Hit Ratio: 71.24%
3CACHE: size: 4096 KB assoc: 2
3CACHE: hits:1488055 misses:310574  Hit Ratio: 82.73%
3CACHE: dirty items replaced:81843
ITLB: size: 48, misses 313222, miss rate 0.25%
DTLB: size: 128, misses 607349, miss rate 0.48%
Avg mem delay: 2.730 cycles
----------------------------------------
==== Statistics for Master ID: 3 ====
Reads: 271002968   Writes: 42134129
ICACHE: size: 64 KB assoc: 2
ICACHE: hits:167279235 misses:82797  Hit Ratio: 99.95%
DCACHE: size: 1*16 KB assoc: 1*4
DCACHE: hits:139611594 misses:6165460 writebacks:2725971  Hit Ratio: 95.77%
SCACHE: size: 512 KB assoc: 2
SCACHE: hits:3539955 misses:2706312  Hit Ratio: 56.67%
3CACHE: size: 4096 KB assoc: 2
3CACHE: hits:622289 misses:2084023  Hit Ratio: 22.99%
3CACHE: dirty items replaced:141300
ITLB: size: 48, misses 1482, miss rate 0.00%
DTLB: size: 128, misses 321500, miss rate 0.22%
Avg mem delay: 2.730 cycles
----------------------------------------
==== Global Resource Utilization ====
STASH: size: 65536 entries, full 1708931511, empty 57384917, misses 5184441, full rate 96.47
icache bank util. 0.128 0.111 0.101 0.130 0.167 0.199 0.143 0.149 
dcache bank util. 0.127 0.139 0.146 0.141 0.165 0.121 0.174 0.128 
L2 bank util. 0.041 0.042 0.041 0.042 0.041 0.039 0.042 0.044 
L1-L2 bus util. = 0.174, L3 util. = 0.067
----------------------------------------

======================== 切片硬件状态 ========================
切片号 | 所属安全域 | 当前状态    | 路扩展 | LRU touched
------------------------------------------------------------------
  0    |   域3      | 正常运行   |  否   |  400999999
  1    |   域2      | 正常运行   |  是   |  400999979
  2    |   域0      | 正常运行   |  否   |  400999994
  3    |   域2      | 正常运行   |  是   |  400999995
==================================================================

branch prediction, hits = 92891826, misses = 16166834, hit rate = 85.18%
return_stack prediction, hits = 10760613, misses = 9787, hit rate = 99.91%
jump prediction, hits = 92639508, misses = 17809769, hit rate = 83.88%
 dgemv_
======================== 切片硬件状态 ========================
切片号 | 所属安全域 | 当前状态    | 路扩展 | LRU touched
------------------------------------------------------------------
  0    |   域3      | 正常运行   |  否   |  401499805
  1    |   域2      | 正常运行   |  是   |  401499992
  2    |   域0      | 正常运行   |  否   |  401500000
  3    |   域2      | 正常运行   |  是   |  401499992
==================================================================

[动态重分配] 周期401500000：预约迁移 冗余域2(0%) -> 切片1 -> 饥饿域0(21%)
[切片剥夺] 周期401500000：切片1（所属域2）进入待剥夺状态，禁止新替换
[切片剥夺] 周期401500000：切片1在途请求已清空，开始执行脏行写回
[切片管理] 周期401500643：原域2仅剩1个切片，关闭路扩展模式
[动态重分配] 周期401500643：切片1写回完成，自动绑定到域0
[切片管理] 成功绑定切片1 → 安全域0，触发【路扩展模式】

======================== 切片硬件状态 ========================
切片号 | 所属安全域 | 当前状态    | 路扩展 | LRU touched
------------------------------------------------------------------
  0    |   域3      | 正常运行   |  否   |  401500635
  1    |   域0      | 正常运行   |  是   |  401500643
  2    |   域0      | 正常运行   |  是   |  401500640
  3    |   域2      | 正常运行   |  否   |  401500642
==================================================================


======================== 切片硬件状态 ========================
切片号 | 所属安全域 | 当前状态    | 路扩展 | LRU touched
------------------------------------------------------------------
  0    |   域3      | 正常运行   |  否   |  410499993
  1    |   域0      | 正常运行   |  是   |  410499971
  2    |   域0      | 正常运行   |  是   |  410499856
  3    |   域2      | 正常运行   |  否   |  410499994
==================================================================

[动态重分配] 周期410500000：预约迁移 冗余域0(1%) -> 切片1 -> 饥饿域2(9%)
[切片剥夺] 周期410500000：切片1（所属域0）进入待剥夺状态，禁止新替换
[切片剥夺] 周期410500000：切片1在途请求已清空，开始执行脏行写回
[切片管理] 周期410500251：原域0仅剩1个切片，关闭路扩展模式
[动态重分配] 周期410500251：切片1写回完成，自动绑定到域2
[切片管理] 成功绑定切片1 → 安全域2，触发【路扩展模式】

======================== 切片硬件状态 ========================
切片号 | 所属安全域 | 当前状态    | 路扩展 | LRU touched
------------------------------------------------------------------
  0    |   域3      | 正常运行   |  否   |  410500251
  1    |   域2      | 正常运行   |  是   |  410500251
  2    |   域0      | 正常运行   |  否   |  410500251
  3    |   域2      | 正常运行   |  是   |  410500246
==================================================================


======================== 切片硬件状态 ========================
切片号 | 所属安全域 | 当前状态    | 路扩展 | LRU touched
------------------------------------------------------------------
  0    |   域3      | 正常运行   |  否   |  416999999
  1    |   域2      | 正常运行   |  是   |  417000000
  2    |   域0      | 正常运行   |  否   |  416999991
  3    |   域2      | 正常运行   |  是   |  416999998
==================================================================

[动态重分配] 周期417000000：预约迁移 冗余域2(1%) -> 切片3 -> 饥饿域0(7%)
[切片剥夺] 周期417000000：切片3（所属域2）进入待剥夺状态，禁止新替换
[切片剥夺] 周期417000000：切片3在途请求已清空，开始执行脏行写回
[切片管理] 周期417000259：原域2仅剩1个切片，关闭路扩展模式
[动态重分配] 周期417000259：切片3写回完成，自动绑定到域0
[切片管理] 成功绑定切片3 →  caconv_ calrms_ chroma_安全域0，触发【路扩展模式】

======================== 切片硬件状态 ========================
切片号 | 所属安全域 | 当前状态    | 路扩展 | LRU touched
------------------------------------------------------------------
  0    |   域3      | 正常运行   |  否   |  417000254
  1    |   域2      | 正常运行   |  否   |  417000252
  2    |   域0      | 正常运行   |  是   |  417000212
  3    |   域0      | 正常运行   |  是   |  417000259
==================================================================


======================== 切片硬件状态 ========================
切片号 | 所属安全域 | 当前状态    | 路扩展 | LRU touched
------------------------------------------------------------------
  0    |   域3      | 正常运行   |  否   |  422200000
  1    |   域2      | 正常运行   |  否   |  422199993
  2    |   域0      | 正常运行   |  是   |  422199999
  3    |   域0      | 正常运行   |  是   |  422199992
==================================================================

[动态重分配] 周期422200000：预约迁移 冗余域0(0%) -> 切片2 -> 饥饿域2(8%)
[切片剥夺] 周期422200000：切片2（所属域0）进入待剥夺状态，禁止新替换
[切片剥夺] 周期422200000：切片2在途请求已清空，开始执行脏行写回
[切片管理] 周期422202201：原域0仅剩1个切片，关闭路扩展模式
[动态重分配] 周期422202201：切片2写回完成，自动绑定到域2
[切片管理] 成功绑定切片2 → 安全域2，触发【路扩展模式】

======================== 切片硬件状态 ========================
切片号 | 所属安全域 | 当前状态    | 路扩展 | LRU touched
------------------------------------------------------------------
  0    |   域3      | 正常运行   |  否   |  422202201
  1    |   域2      | 正常运行   |  是   |  422202199
  2    |   域2      | 正常运行   |  是   |  422202201
  3    |   域0      | 正常运行   |  否   |  422202187
==================================================================


======================== 切片硬件状态 ========================
切片号 | 所属安全域 | 当前状态    | 路扩展 | LRU touched
------------------------------------------------------------------
  0    |   域3      | 正常运行   |  否   |  427499897
  1    |   域2      | 正常运行   |  是   |  427499568
  2    |   域2      | 正常运行   |  是   |  427499576
  3    |   域0      | 正常运行   |  否   |  427499894
==================================================================

[动态重分配] 周期427500000：预约迁移 冗余域2(3%) -> 切片2 -> 饥饿域0(12%)
[切片剥夺] 周期427500000：切片2（所属域2）进入待剥夺状态，禁止新替换
[切片剥夺] 周期427500224：切片2在途请求已清空，开始执行脏行写回
[切片管理] 周期427503318：原域2仅剩1个切片，关闭路扩展模式
[动态重分配] 周期427503318：切片2写回完成，自动绑定到域0
[切片管理] 成功绑定切片2 → 安全域0，触发【路扩展模式】

======================== 切片硬件状态 ========================
切片号 | 所属安全域 | 当前状态    | 路扩展 | LRU touched
------------------------------------------------------------------
  0    |   域3      | 正常运行   |  否   |  427503316
  1    |   域2      | 正常运行   |  否   |  427503255
  2    |   域0      | 正常运行   |  是   |  427503318
  3    |   域0      | 正常运行   |  是   |  427503318
==================================================================


======================== 切片硬件状态 ========================
切片号 | 所属安全域 | 当前状态    | 路扩展 | LRU touched
------------------------------------------------------------------
  0    |   域3      | 正常运行   |  否   |  449599996
  1    |   域2      | 正常运行   |  否   |  449599963
  2    |   域0      | 正常运行   |  是   |  449600000
  3    |   域0      | 正常运行   |  是   |  449599999
==================================================================

[动态重分配] 周期449600000：预约迁移 冗余域0(0%) -> 切片2 -> 饥饿域3(6%)
[切片剥夺] 周期449600000：切片2（所属域0）进入待剥夺状态，禁止新替换
[切片剥夺] 周期449600004：切片2在途请求已清空，开始执行脏行写回
[切片管理] 周期449600201：原域0仅剩1个切片，关闭路扩展模式
[动态重分配] 周期449600201：切片2写回完成，自动绑定到域3
[切片管理] 成功绑定切片2 → 安全域3，触发【路扩展模式】

======================== 切片硬件状态 ========================
切片号 | 所属安全域 | 当前状态    | 路扩展 | LRU touched
------------------------------------------------------------------
  0    |   域3      | 正常运行   |  是   |  449600114
  1    |   域2      | 正常运行   |  否   |  449599963
  2    |   域3      | 正常运行   |  是   |  449600201
  3    |   域0      | 正常运行   |  否   |  449600199
==================================================================


======================== 切片硬件状态 ========================
切片号 | 所属安全域 | 当前状态    | 路扩展 | LRU touched
------------------------------------------------------------------
  0    |   域3      | 正常运行   |  是   |  450099993
  1    |   域2      | 正常运行   |  否   |  450099853
  2    |   域3      | 正常运行   |  是   |  450100000
  3    |   域0      | 正常运行   |  否   |  450099998
==================================================================

[动态重分配] 周期450100000：预约迁移 冗余域3(4%) -> 切片0 -> 饥饿域2(34%)
[切片剥夺] 周期450100000：切片0（所属域3）进入待剥夺状态，禁止新替换
[切片剥夺] 周期450100000：切片0在途请求已清空，开始执行脏行写回
[切片管理] 周期450100296：原域3仅剩1个切片，关闭路扩展模式
[动态重分配] 周期450100296：切片0写回完成，自动绑定到域2
[切片管理] 成功绑定切片0 → 安全域2，触发【路扩展模式】

======================== 切片硬件状态 ========================
切片号 | 所属安全域 | 当前状态    | 路扩展 | LRU touched
------------------------------------------------------------------
  0    |   域2      | 正常运行   |  是   |  450100296
  1    |   域2      | 正常运行   |  是   |  450100266
  2    |   域3      | 正常运行   |  否   |  450100294
  3    |   域0      | 正常运行   |  否   |  450100295
==================================================================


======================== 切片硬件状态 ========================
切片号 | 所属安全域 | 当前状态    | 路扩展 | LRU touched
------------------------------------------------------------------
  0    |   域2      | 正常运行   |  是   |  458299998
  1    |   域2      | 正常运行   |  是   |  458299998
  2    |   域3      | 正常运行   |  否   |  458300000
  3    |   域0      | 正常运行   |  否   |  458299930
==================================================================

[动态重分配] 周期458300000：预约迁移 冗余域2(1%) -> 切片0 -> 饥饿域0(7%)
[切片剥夺] 周期458300000：切片0（所属域2）进入待剥夺状态，禁止新替换
[切片剥夺] 周期458300104：切片0在途请求已清空，开始执行脏行写回
[切片管理] 周期458302064：原域2仅剩1个切片，关闭路扩展模式
[动态重分配] 周期458302064：切片0写回完成，自动绑定到域0
[切片管理] 成功绑定切片0 → 安全域0，触发【路扩展模式】

======================== 切片硬件状态 ========================
切片号 | 所属安全域 | 当前状态    | 路扩展 | LRU touched
------------------------------------------------------------------
  0    |   域0      | 正常运行   |  是   |  458302064
  1    |   域2      | 正常运行   |  否   |  458302064
  2    |   域3      | 正常运行   |  否   |  458302060
  3   dgeqr2_  |   域0      | 正常运行   |  是   |  458302055
==================================================================


======================== 切片硬件状态 ========================
切片号 | 所属安全域 | 当前状态    | 路扩展 | LRU touched
------------------------------------------------------------------
  0    |   域0      | 正常运行   |  是   |  462199971
  1    |   域2      | 正常运行   |  否   |  462199999
  2    |   域3      | 正常运行   |  否   |  462199999
  3    |   域0      | 正常运行   |  是   |  462199998
==================================================================

[动态重分配] 周期462200000：预约迁移 冗余域0(0%) -> 切片3 -> 饥饿域3(6%)
[切片剥夺] 周期462200000：切片3（所属域0）进入待剥夺状态，禁止新替换
[切片剥夺] 周期462200000：切片3在途请求已清空，开始执行脏行写回
[切片管理] 周期462200176：原域0仅剩1个切片，关闭路扩展模式
[动态重分配] 周期462200176：切片3写回完成，自动绑定到域3
[切片管理] 成功绑定切片3 → 安全域3，触发【路扩展模式】

======================== 切片硬件状态 ========================
切片号 | 所属安全域 | 当前状态    | 路扩展 | LRU touched
------------------------------------------------------------------
  0    |   域0      | 正常运行   |  否   |  462200174
  1    |   域2      | 正常运行   |  否   |  462200007
  2    |   域3      | 正常运行   |  是   |  462200174
  3    |   域3      | 正常运行   |  是   |  462200176
==================================================================


======================== 切片硬件状态 ========================
切片号 | 所属安全域 | 当前状态    | 路扩展 | LRU touched
------------------------------------------------------------------
  0    |   域0      | 正常运行   |  否   |  465599947
  1    |   域2      | 正常运行   |  否   |  465599999
  2    |   域3      | 正常运行   |  是   |  465600000
  3    |   域3      | 正常运行   |  是   |  465599999
==================================================================

[动态重分配] 周期465600000：预约迁移 冗余域3(0%) -> 切片2 -> 饥饿域2(6%)
[切片剥夺] 周期465600000：切片2（所属域3）进入待剥夺状态，禁止新替换
[切片剥夺] 周期465600000：切片2在途请求已清空，开始执行脏行写回
[切片管理] 周期465602497：原域3仅剩1个切片，关闭路扩展模式
[动态重分配] 周期465602497：切片2写回完成，自动绑定到域2
[切片管理] 成功绑定切片2 → 安全域2，触发【路扩展模式】

======================== 切片硬件状态 ========================
切片号 | 所属安全域 | 当前状态    | 路扩展 | LRU touched
------------------------------------------------------------------
  0    |   域0      | 正常运行   |  否   |  465602472
  1    |   域2      | 正常运行   |  是   |  465602494
  2    |   域2      | 正常运行   |  是   |  465602497
  3    |   域3      | 正常运行   |  否   |  465602495
==================================================================


======================== 切片硬件状态 ========================
切片号 | 所属安全域 | 当前状态    | 路扩展 | LRU touched
------------------------------------------------------------------
  0    |   域0      | 正常运行   |  否   |  486099999
  1    |   域2      | 正常运行   |  是   |  486100000
  2    |   域2      | 正常运行   |  是   |  486100000
  3    |   域3      | 正常运行   |  否   |  486099997
==================================================================

[动态重分配] 周期486100000：预约迁移 冗余域2(0%) -> 切片1 -> 饥饿域0(6%)
[切片剥夺] 周期486100000：切片1（所属域2）进入待剥夺状态，禁止新替换
[切片剥夺] 周期486100000：切片1在途请求已清空，开始执行脏行写回
[切片管理] 周期486100278：原域2仅剩1个切片，关闭路扩展� dgeqrf_�式
[动态重分配] 周期486100278：切片1写回完成，自动绑定到域0
[切片管理] 成功绑定切片1 → 安全域0，触发【路扩展模式】

======================== 切片硬件状态 ========================
切片号 | 所属安全域 | 当前状态    | 路扩展 | LRU touched
------------------------------------------------------------------
  0    |   域0      | 正常运行   |  是   |  486100274
  1    |   域0      | 正常运行   |  是   |  486100278
  2    |   域2      | 正常运行   |  否   |  486100262
  3    |   域3      | 正常运行   |  否   |  486100211
==================================================================


======================== 切片硬件状态 ========================
切片号 | 所属安全域 | 当前状态    | 路扩展 | LRU touched
------------------------------------------------------------------
  0    |   域0      | 正常运行   |  是   |  492599996
  1    |   域0      | 正常运行   |  是   |  492599990
  2    |   域2      | 正常运行   |  否   |  492600000
  3    |   域3      | 正常运行   |  否   |  492599999
==================================================================

[动态重分配] 周期492600000：预约迁移 冗余域0(1%) -> 切片0 -> 饥饿域2(8%)
[切片剥夺] 周期492600000：切片0（所属域0）进入待剥夺状态，禁止新替换
[切片剥夺] 周期492600000：切片0在途请求已清空，开始执行脏行写回
[切片管理] 周期492601319：原域0仅剩1个切片，关闭路扩展模式
[动态重分配] 周期492601319：切片0写回完成，自动绑定到域2
[切片管理] 成功绑定切片0 → 安全域2，触发【路扩展模式】

======================== 切片硬件状态 ========================
切片号 | 所属安全域 | 当前状态    | 路扩展 | LRU touched
------------------------------------------------------------------
  0    |   域2      | 正常运行   |  是   |  492601319
  1    |   域0      | 正常运行   |  否   |  492601314
  2    |   域2      | 正常运行   |  是   |  492601315
  3    |   域3      | 正常运行   |  否   |  492601310
==================================================================


======================== 切片硬件状态 ========================
切片号 | 所属安全域 | 当前状态    | 路扩展 | LRU touched
------------------------------------------------------------------
  0    |   域2      | 正常运行   |  是   |  495500000
  1    |   域0      | 正常运行   |  否   |  495499995
  2    |   域2      | 正常运行   |  是   |  495499998
  3    |   域3      | 正常运行   |  否   |  495499999
==================================================================

[动态重分配] 周期495500000：预约迁移 冗余域2(0%) -> 切片0 -> 饥饿域0(6%)
[切片剥夺] 周期495500000：切片0（所属域2）进入待剥夺状态，禁止新替换
[切片剥夺] 周期495500000：切片0在途请求已清空，开始执行脏行写回
[切片管理] 周期495501708：原域2仅剩1个切片，关闭路扩展模式
[动态重分配] 周期495501708：切片0写回完成，自动绑定到域0
[切片管理] 成功绑定切片0 → 安全域0，触发【路扩展模式】

======================== 切片硬件状态 ========================
切片号 | 所属安全域 | 当前状态    | 路扩展 | LRU touched
------------------------------------------------------------------
  0    |   域0      | 正常运行   |  是   |  495501708
  1    |   域0      | 正常运行   |  是   |  495501702
  2    |   域2      | 正常运行   |  否   |  495501708
  3    |   域3      | 正常运行   |  否   |  495501694
==================================================================


======================== 切片硬件状态 ========================
切片号 | 所属安全域 | 当前状态    | 路扩展 | LRU touched
------------------------------------------------------------------
  0    |   域0      | 正常运行   |  是   |  498099996
  1    |   域0      | 正常运行   |  是   |  498099999
  2    |   域2      | 正常运行   |  否   |  498100000
  3    |   域3      | 正常运行   |  否   |  498099995
==================================================================

[动态重分配] 周期498100000：预约迁移 冗余域0(0%) -> 切片0 -> 饥饿域3(6%)
[切片剥夺] 周期498100000：切片0（所属域0）进入待剥夺状态，禁止新替换
[切片剥夺] 周期498100000：切片0在途请求已清空，开始执行脏行写回
[切片管理] 周期498102466：原域0仅剩1个切片，关闭路扩展模式
[动态重分配] 周期498102466：切片0写回完成，自动绑定到域3
[切片管理] 成功绑定切片0 → 安全域3，触发【路扩展模式】

======================== 切片硬件状态 ========================
切片号 | 所属安全域 | 当前状态    | 路扩展 | LRU touched
------------------------------------------------------------------
  0    |   域3      | 正常运行   |  是   |  498102466
  1    |   域0      | 正常运行   |  否   |  498102464
  2    |   域2      | 正常运行   |  否   |  498102466
  3    |   域3      | 正常运行   |  是   |  498102463
==================================================================


**** Debug Statistics at 501000000 Cycles *****
Threads: 4		Fetch Width: 8
No of useful instructions fetched:	1324539635 (33.05% proc util.)
No of total instructions fetched:	1966505504 (49.06% proc util.)
 includes 88429792 misfetch (4.5%), 553536077 (28.1%) wrong-path fetches
 and 0 flushed after failed lock(0.0%)
No of useful instructions issued/executed:	1324539610 (33.05% proc util.)
No of total instructions issued/executed:	1607972233 (40.12% proc util.)
 includes 283432623 wrong-path (17.6%) insts and 0 flushed (0.0%)
	fp 100485, 0.01%
	synch 0, 0.00%
	integer 1069512330, 66.51%
	load/store 538359418, 33.48%
Avg size of int IQ (before scheduling): 25.27
Avg size of fp IQ (before scheduling): 0.01
No of cycles taken:		501000000
Parallelism [ 0.736, 0.000, 0.700, 1.208,] = 2.644
 IQ conflicts: 7952925 (1.59%), FQ conflicts: 0 (0.00%) 
 I reg conflicts: 180766857 (36.08%), FP reg conflicts: 0 (0.00%)
  Activelist confs: 5693 (0.00%), ROB confs: 800827 (0.16%)
  Int unit conflicts: 589413690 (117.65%), FP unit conflicts: 22 (0.00%)
  Load/store unit conflicts: 104074196 (20.77%)
  MSHR conflicts: 281659540 (56.22%)
----------------------------------------
==== System-wide Cache Statistics ====
Stall for miss queue full 5976 cycles (0.00%)
----------------------------------------
==== Statistics for Master ID: 0 ====
Reads: 305250375   Writes: 51073056
ICACHE: size: 64 KB assoc: 2
ICACHE: hits:174192683 misses:4407983  Hit Ratio: 97.53%
DCACHE: size: 1*16 KB assoc: 1*4
DCACHE: hits:174074695 misses:3651467 writebacks:1263970  Hit Ratio: 97.95%
SCACHE: size: 512 KB assoc: 2
SCACHE: hits:5677416 misses:2378636  Hit Ratio: 70.47%
3CACHE: size: 4096 KB assoc: 2
3CACHE: hits:1985568 misses:393068  Hit Ratio: 83.48%
3CACHE: dirty items replaced:147811
ITLB: size: 48, misses 346975, miss rate 0.19%
DTLB: size: 128, misses 672232, miss rate 0.38%
Avg mem delay: 2.490 cycles
----------------------------------------
==== Statistics for Master ID: 2 ====
Reads: 284743191   Writes: 47611683
ICACHE: size: 64 KB assoc: 2
ICACHE: hits:162590351 misses:4561692  Hit Ratio: 97.27%
DCACHE: size: 1*16 KB assoc: 1*4
DCACHE: hits:161749534 misses:3455898 writebacks:891347  Hit Ratio: 97.91%
SCACHE: size: 512 KB assoc: 2
SCACHE: hits:5749646 misses:2265343  Hit Ratio: 71.74%
3CACHE: size: 4096 KB assoc: 2
3CACHE: hits:1868436 misses:396907  Hit Ratio: 82.48%
3CACHE: dirty items replaced:131403
ITLB: size: 48, misses 412926, miss rate 0.25%
DTLB: size: 128, misses 771689, miss rate 0.47%
Avg mem delay: 2.490 cycles
----------------------------------------
==== Statistics for Master ID: 3 ====
Reads: 363554748   Writes: 54926377
ICACHE: size: 64 KB assoc: 2
ICACHE: hits:223914394 misses:114091  Hit Ratio: 99.95%
DCACHE: size: 2*16 KB assoc: 2*4
DCACHE: hits:186656431 misses:7798396 writebacks:3362542  Hit Ratio: 95.99%
SCACHE: size: 512 KB assoc: 2
SCACHE: hits:4940430 misses:2969870  Hit Ratio: 62.46%
3CACHE: size: 4096 KB assoc: 2
3CACHE: hits:837107 misses:2132763  Hit Ratio: 28.19%
3CACHE: dirty items replaced:172865
ITLB: size: 48, misses 2041, miss rate 0.00%
DTLB: size: 128, misses 390676, miss rate 0.20%
Avg mem delay: 2.490 cycles
----------------------------------------
==== Global Resource Utilization ====
STASH: size: 65536 entries, full 2231105218, empty 74168878, misses 6629359, full rate 96.51
icache bank util. 0.136 0.117 0.107 0.138 0.178 0.206 0.153 0.157 
dcache bank util. 0.131 0.147 0.153 0.147 0.173 0.126 0.184 0.133 
L2 bank util. 0.041 0.043 0.041 0.042 0.041 0.039 0.042 0.044 
L1-L2 bus util. = 0.177, L3 util. = 0.058
----------------------------------------

======================== 切片硬件状态 ========================
切片号 | 所属安全域 | 当前状态    | 路扩展 | LRU touched
------------------------------------------------------------------
  0    |   域3      | 正常运行   |  是   |  500999993
  1    |   域0      | 正常运行   |  否   |  500999997
  2    |   域2      | 正常运行   |  否   |  500999999
  3    |   域3      | 正常运行   |  是   |  500999999
==================================================================

branch prediction, hits = 118966046, misses = 21491963, hit rate = 84.70%
return_stack prediction, hits = 14194251, misses = 13298, hit rate = 99.91%
jump prediction, hits = 119953674, misses = 23261440, hit rate = 83.76%

======================== 切片硬件状态 ========================
切片号 | 所属安全域 | 当前状态    | 路扩展 | LRU touched
------------------------------------------------------------------
  0    |   域3      | 正常运行   |  是   |  501400000
  1    |   域0      | 正常运行   |  否   |  501399997
  2    |   域2      | 正常运行   |  否   |  501400000
  3    |   域3      | 正常运行   |  是   |  501399992
==================================================================

[动态重分配] 周期501400000：预约迁移 冗余域3(0%) -> 切片0 -> 饥饿域2(6%)
[切片剥夺] 周期501400000：切片0（所属域3）进入待剥夺状态，禁止新替换
[切片剥夺] 周期501400000：切片0在途请求已清空，开始执行脏行写回
[切片管理] 周期501410266：原域3仅剩1个切片，关闭路扩展模式
[动态重分配] 周期501410266：切片0写回完成，自动绑定到域2
[切片管理] 成功绑定切片0 → 安全域2，触发【路扩展模式】

======================== 切片硬件状态 ========================
切片号 | 所属安全域 | 当前状态    | 路扩展 | LRU touched
------------------------------------------------------------------
  0    |   域2      | 正常运行   |  是   |  501410266
  1    |   域0      | 正常运行   |  否   |  501410256
  2    |   域2      | 正常运行   |  是   |  501410266
  3    |   域3      | 正常运行   |  否   |  501410266
==================================================================


======================== 切片硬件状态 ========================
切片号 | 所属安全域 | 当前状态    | 路扩展 | LRU touched
------------------------------------------------------------------
  0    |   域2      | 正常运行   |  是   |  502000000
  1    |   域0      | 正常运行   |  否   |  502000000
  2    |   域2      | 正常运行   |  是   |  501999999
  3    |   域3      | 正常运行   |  否   |  501999999
==================================================================

[动态重分配] 周期502000000：预约迁移 冗余域2(0%) -> 切片2 -> 饥饿域0(6%)
[切片剥夺] 周期502000000：切片2（所属域2）进入待剥夺状态，禁止新替换
[切片剥夺] 周期502000000：切片2在途请求已清空，开始执行脏行写回
[切片管理] 周期502000326：原域2仅剩1个切片，关闭路扩展模式
[动态重分配] 周期502000326：切片2写回完成，自动绑定到域0
[切片管理] 成功绑定切片2 → 安全域0，触发【路扩展模式】

======================== 切片硬件状态 ========================
切片号 | 所属安全域 | 当前状态    | 路扩展 | LRU touched
------------------------------------------------------------------
  0    |   域2      | 正常运行   |  否   |  502000320
  1    |   域0      | 正常运行   |  是   |  502000111
  2    |   域0      | 正常运行   |  是   |  502000326
  3    |   域3      | 正常运行   |  否   |  502000326
==================================================================


======================== 切片硬件状态 ========================
切片号 | 所属安全域 | 当前状态    | 路扩展 | LRU touched
------------------------------------------------------------------
  0    |   域2      | 正常运行   |  否   |  510400000
  1    |   域0      | 正常运行   |  是   |  510399918
  2    |   域0      | 正常运行   |  是   |  510399921
  3    |   域3      | 正常运行   |  否   |  510400000
==================================================================

[动态重分配] 周期510400000：预约迁移 冗余域0(0%) -> 切片2 -> 饥饿域2(8%)
[切片剥夺] 周期510400000：切片2（所属域0）进入待剥夺状态，禁止新替换
[切片剥夺] 周期510400000：切片2在途请求已清空，开始执行脏行写回
[切片管理] 周期510402912：原域0仅剩1个切片，关闭路扩展模式
[动态重分配] 周期510402912：切片2写回完成，自动绑定到域2
[切片管理] 成功绑定切片2 → � cinvar_ clor6_��全域2，触发【路扩展模式】

======================== 切片硬件状态 ========================
切片号 | 所属安全域 | 当前状态    | 路扩展 | LRU touched
------------------------------------------------------------------
  0    |   域2      | 正常运行   |  是   |  510402899
  1    |   域0      | 正常运行   |  否   |  510402902
  2    |   域2      | 正常运行   |  是   |  510402912
  3    |   域3      | 正常运行   |  否   |  510402898
==================================================================


======================== 切片硬件状态 ========================
切片号 | 所属安全域 | 当前状态    | 路扩展 | LRU touched
------------------------------------------------------------------
  0    |   域2      | 正常运行   |  是   |  521699998
  1    |   域0      | 正常运行   |  否   |  521699949
  2    |   域2      | 正常运行   |  是   |  521699992
  3    |   域3      | 正常运行   |  否   |  521699999
==================================================================

[动态重分配] 周期521700000：预约迁移 冗余域2(0%) -> 切片0 -> 饥饿域0(6%)
[切片剥夺] 周期521700000：切片0（所属域2）进入待剥夺状态，禁止新替换
[切片剥夺] 周期521700000：切片0在途请求已清空，开始执行脏行写回
[切片管理] 周期521703906：原域2仅剩1个切片，关闭路扩展模式
[动态重分配] 周期521703906：切片0写回完成，自动绑定到域0
[切片管理] 成功绑定切片0 → 安全域0，触发【路扩展模式】

======================== 切片硬件状态 ========================
切片号 | 所属安全域 | 当前状态    | 路扩展 | LRU touched
------------------------------------------------------------------
  0    |   域0      | 正常运行   |  是   |  521703906
  1    |   域0      | 正常运行   |  是   |  521703772
  2    |   域2      | 正常运行   |  否   |  521703904
  3    |   域3      | 正常运行   |  否   |  521703905
==================================================================


======================== 切片硬件状态 ========================
切片号 | 所属安全域 | 当前状态    | 路扩展 | LRU touched
------------------------------------------------------------------
  0    |   域0      | 正常运行   |  是   |  549399936
  1    |   域0      | 正常运行   |  是   |  549399949
  2    |   域2      | 正常运行   |  否   |  549399883
  3    |   域3      | 正常运行   |  否   |  549399956
==================================================================

[动态重分配] 周期549400000：预约迁移 冗余域0(0%) -> 切片0 -> 饥饿域2(35%)
[切片剥夺] 周期549400000：切片0（所属域0）进入待剥夺状态，禁止新替换
[切片剥夺] 周期549400000：切片0在途请求已清空，开始执行脏行写回
[切片管理] 周期549400197：原域0仅剩1个切片，关闭路扩展模式
[动态重分配] 周期549400197：切片0写回完成，自动绑定到域2
[切片管理] 成功绑定切片0 → 安全域2，触发【路扩展模式】

======================== 切片硬件状态 ========================
切片号 | 所属安全域 | 当前状态    | 路扩展 | LRU touched
------------------------------------------------------------------
  0    |   域2      | 正常运行   |  是   |  549400197
  1    |   域0      | 正常运行   |  否   |  549399949
  2    |   域2      | 正常运行   |  是   |  549400084
  3    |   域3      | 正常运行   |  否   |  549400089
==================================================================


======================== 切片硬件状态 ========================
切片号 | 所属安全域 | 当前状态    | 路扩展 | LRU touched
------------------------------------------------------------------
  0    |   域2      | 正常运行   |  是   |  565199991
  1    |   域0      | 正常运行   |  否   |  565200000
  2    |   域2      | 正常运行   |  是   |  565199997
  3    |   域3      | 正常运行   |  否   |  565200000
==================================================================

[动态重分配] 周期565200000：预约迁移 冗余域2(0%) -> 切片2 -> 饥饿域0(8%)
[切片剥夺] 周期565200000：切片2（所属域2）进入待剥夺状态，禁止新替换
[切片剥夺] 周期565200000：切片2在途请求已清空，开始执行脏行写回
[切片管理] 周期565202430：原域2仅剩1个切片，关闭路扩展模式
[动态重分配] 周期565202430：切片2写回完成，自动绑定到域0
[切片管理] 成功绑定切片2 → 安全域0，触发【路扩展模式】

======================== 切片硬件状态 ========================
切片号 | 所属安全域 | 当前状态    | 路扩展 | LRU touched
------------------------------------------------------------------
  0    |   域2      | 正常运行   |  否   |  565202430
  1    |   域0      | 正常运行   |  是   |  565202269
  2    |   域0      | 正常运行   |  是   |  565202430
  3    |   域3      | 正常运行   |  否   |  565202430
==================================================================


======================== 切片硬件状态 ========================
切片号 | 所属安全域 | 当前状态    | 路扩展 | LRU touched
------------------------------------------------------------------
  0    |   域2      | 正常运行   |  否   |  570600000
  1    |   域0      | 正常运行   |  是   |  570599953
  2    |   域0      | 正常运行   |  是   |  570599943
  3    |   域3      | 正常运行   |  否   |  570599999
==================================================================

[动态重分配] 周期570600000：预约迁移 冗余域0(0%) -> 切片1 -> 饥饿域2(6%)
[切片剥夺] 周期570600000：切片1（所属域0）进入待剥夺状态，禁止新替换
[切片剥夺] 周期570600000：切片1在途请求已清空，开始执行脏行写回
[切片管理] 周期570600133：原域0仅剩1个切片，关闭路扩展模式
[动态重分配] 周期570600133：切片1写回完成，自动绑定到域2
[切片管理] 成功绑定切片1 → 安全域2，触发【路扩展模式】

======================== 切片硬件状态 ========================
切片号 | 所属安全域 | 当前状态    | 路扩展 | LRU touched
------------------------------------------------------------------
  0    |   域2      | 正常运行   |  是   |  570600133
  1    |   域2      | 正常运行   |  是   |  570600133
  2    |   域0      | 正常运行   |  否   |  570599943
  3    |   域3      | 正常运行   |  否   |  570600131
==================================================================


======================== 切片硬件状态 ========================
切片号 | 所属安全域 | 当前状态    | 路扩展 | LRU touched
------------------------------------------------------------------
  0    |   域2      | 正常运行   |  是   |  584699998
  1    |   域2      | 正常运行   |  是   |  584700000
  2    |   域0      | 正常运行   |  否   |  584699997
  3    |   域3      | 正常运行   |  否   |  584700000
==================================================================

[动态重分配] 周期584700000：预约迁移 冗余域2(2%) -> 切片0 -> 饥饿域0(17%)
[切片剥夺] 周期584700000：切片0（所属域2）进入待剥夺状态，禁止新替换
[切片剥夺] 周期584700000：切片0在途请求已清空，开始执行脏行写回
[切片管理] 周期584701059：原域2仅剩1个切片，关闭路扩展模式
[动态重分配] 周期584701059：切片0写回完成，自动绑定到域0
[切片管理] 成功绑定切片0 → 安全域0，触发【路扩展模式】

======================== 切片硬件状态 ========================
切片号 | 所属安全域 | 当前状态    | 路扩展 | LRU touched
------------------------------------------------------------------
  0    |   域0      | 正常运行   |  是   |  584701059
  1    |   域2      | 正常运行   |  否   |  584701043
  2    |   域0      | 正常运行   |  是   |  584701057
  3    dger_ |   域3      | 正常运行   |  否   |  584701059
==================================================================


======================== 切片硬件状态 ========================
切片号 | 所属安全域 | 当前状态    | 路扩展 | LRU touched
------------------------------------------------------------------
  0    |   域0      | 正常运行   |  是   |  586400000
  1    |   域2      | 正常运行   |  否   |  586400000
  2    |   域0      | 正常运行   |  是   |  586399987
  3    |   域3      | 正常运行   |  否   |  586399999
==================================================================

[动态重分配] 周期586400000：预约迁移 冗余域0(0%) -> 切片0 -> 饥饿域2(7%)
[切片剥夺] 周期586400000：切片0（所属域0）进入待剥夺状态，禁止新替换
[切片剥夺] 周期586400000：切片0在途请求已清空，开始执行脏行写回
[切片管理] 周期586400206：原域0仅剩1个切片，关闭路扩展模式
[动态重分配] 周期586400206：切片0写回完成，自动绑定到域2
[切片管理] 成功绑定切片0 → 安全域2，触发【路扩展模式】

======================== 切片硬件状态 ========================
切片号 | 所属安全域 | 当前状态    | 路扩展 | LRU touched
------------------------------------------------------------------
  0    |   域2      | 正常运行   |  是   |  586400206
  1    |   域2      | 正常运行   |  是   |  586400202
  2    |   域0      | 正常运行   |  否   |  586400204
  3    |   域3      | 正常运行   |  否   |  586400205
==================================================================


======================== 切片硬件状态 ========================
切片号 | 所属安全域 | 当前状态    | 路扩展 | LRU touched
------------------------------------------------------------------
  0    |   域2      | 正常运行   |  是   |  588299914
  1    |   域2      | 正常运行   |  是   |  588299915
  2    |   域0      | 正常运行   |  否   |  588299873
  3    |   域3      | 正常运行   |  否   |  588299917
==================================================================

[动态重分配] 周期588300000：预约迁移 冗余域2(0%) -> 切片0 -> 饥饿域0(10%)
[切片剥夺] 周期588300000：切片0（所属域2）进入待剥夺状态，禁止新替换
[切片剥夺] 周期588300000：切片0在途请求已清空，开始执行脏行写回
[切片管理] 周期588302794：原域2仅剩1个切片，关闭路扩展模式
[动态重分配] 周期588302794：切片0写回完成，自动绑定到域0
[切片管理] 成功绑定切片0 → 安全域0，触发【路扩展模式】

======================== 切片硬件状态 ========================
切片号 | 所属安全域 | 当前状态    | 路扩展 | LRU touched
------------------------------------------------------------------
  0    |   域0      | 正常运行   |  是   |  588302794
  1    |   域2      | 正常运行   |  否   |  588302779
  2    |   域0      | 正常运行   |  是   |  588302535
  3    |   域3      | 正常运行   |  否   |  588302788
==================================================================


**** Debug Statistics at 601000000 Cycles *****
Threads: 4		Fetch Width: 8
No of useful instructions fetched:	1633624963 (33.98% proc util.)
No of total instructions fetched:	2451712053 (50.99% proc util.)
 includes 112488609 misfetch (4.6%), 705598481 (28.8%) wrong-path fetches
 and 0 flushed after failed lock(0.0%)
No of useful instructions issued/executed:	1633624918 (33.98% proc util.)
No of total instructions issued/executed:	1995621753 (41.51% proc util.)
 includes 361996835 wrong-path (18.1%) insts and 0 flushed (0.0%)
	fp 106508, 0.01%
	synch 0, 0.00%
	integer 1327050502, 66.50%
	load/store 668464743, 33.50%
Avg size of int IQ (before scheduling): 25.28
Avg size of fp IQ (before scheduling): 0.01
No of cycles taken:		601000000
Parallelism [ 0.752, 0.000, 0.703, 1.262,] = 2.718
 IQ conflicts: 9610105 (1.60%), FQ conflicts: 0 (0.00%) 
 I reg conflicts: 201252451 (33.49%), FP reg conflicts: 0 (0.00%)
  Activelist confs: 6607 (0.00%), ROB confs: 957516 (0.16%)
  Int unit conflicts: 721274957 (120.01%), FP unit conflicts: 24 (0.00%)
  Load/store unit conflicts: 128285026 (21.35%)
  MSHR conflicts: 301362258 (50.14%)
----------------------------------------
==== System-wide Cache Statistics ====
Stall for miss queue full 6731 cycles (0.00%)
----------------------------------------
==== Statistics for Master ID: 0 ====
Reads: 379478213   Writes: 62761755
ICACHE: size: 64 KB assoc: 2
ICACHE: hits:216464580 misses:5605808  Hit Ratio: 97.48%
DCACHE: size: 2*16 KB assoc: 2*4
DCACHE: hits:215882978 misses:4290291 writebacks:1467113  Hit Ratio: 98.05%
SCACHE: size: 512 KB assoc: 2
SCACHE: hits:7086908 misses:2805501  Hit Ratio: 71.64%
3CACHE: size: 4096 KB assoc: 2
3CACHE: hits:2356512 misses:448989  Hit Ratio: 84.00%
3CACHE: dirty items replaced:180075
ITLB: size: 48, misses 435389, miss rate 0.20%
DTLB: size: 128, misses 837890, miss rate 0.38%
Avg mem delay: 2.353 cycles
----------------------------------------
==== Statistics for Master ID: 2 ====
Reads: 350022242   Writes: 58484101
ICACHE: size: 64 KB assoc: 2
ICACHE: hits:200048936 misses:5814176  Hit Ratio: 97.18%
DCACHE: size: 1*16 KB assoc: 1*4
DCACHE: hits:198307744 misses:4338718 writebacks:1151433  Hit Ratio: 97.86%
SCACHE: size: 512 KB assoc: 2
SCACHE: hits:7311158 misses:2838504  Hit Ratio: 72.03%
3CACHE: size: 4096 KB assoc: 2
3CACHE: hits:2364220 misses:474284  Hit Ratio: 83.29%
3CACHE: dirty items replaced:175563
ITLB: size: 48, misses 514040, miss rate 0.25%
DTLB: size: 128, misses 962253, miss rate 0.47%
Avg mem delay: 2.353 cycles
----------------------------------------
==== Statistics for Master ID: 3 ====
Reads: 457820315   Writes: 68283851
ICACHE: size: 64 KB assoc: 2
ICACHE: hits:281601905 misses:146962  Hit Ratio: 99.95%
DCACHE: size: 1*16 KB assoc: 1*4
DCACHE: hits:234969294 misses:9388331 writebacks:3995360  Hit Ratio: 96.16%
SCACHE: size: 512 KB assoc: 2
SCACHE: hits:6291512 misses:3241455  Hit Ratio: 66.00%
3CACHE: size: 4096 KB assoc: 2
3CACHE: hits:1075632 misses:2165823  Hit Ratio: 33.18%
3CACHE: dirty items replaced:187549
ITLB: size: 48, misses 2616, miss rate 0.00%
DTLB: size: 128, misses 477561, miss rate 0.20%
Avg mem delay: 2.353 cycles
----------------------------------------
==== Global Resource Utilization ====
STASH: size: 65536 entries, full 2760243332, empty 92034916, misses 8176748, full rate 96.50
icache bank util. 0.141 0.122 0.111 0.143 0.187 0.211 0.160 0.163 
dcache bank util. 0.135 0.151 0.159 0.153 0.181 0.127 0.190 0.138 
L2 bank util. 0.042 0.043 0.042 0.043 0.042 0.039 0.042 0.044 
L1-L2 bus util. = 0.181, L3 util. = 0.051
----------------------------------------

======================== 切片硬件状态 ========================
切片号 | 所属安全域 | 当前状态    | 路扩展 | LRU touched
------------------------------------------------------------------
  0    |   域0      | 正常运行   |  是   |  600999903
  1    |   域2      | 正常运行   |  否   |  600999986
  2    |   域0      | 正常运行   |  是   |  600999951
  3    |   域3      | 正常运行   |  否   |  600999999
==================================================================

branch prediction, hits = 144363400, misses = 27263500, hit rate = 84.11%
return_stack prediction, hits = 17678815, misses = 16102, hit rate = 99.91%
jump prediction, hits = 145991583, misses = 29567582, hit rate = 83.16%

======================== 切片硬件状态 ========================
切片号 | 所属安全域 | 当前状态    | 路扩展 | LRU touched
------------------------------------------------------------------
  0    |   域0      | 正常运行   |  是   |  606199997
  1    |   域2      | 正常运行   |  否   |  606199957
  2    |   域0      | 正常运行   |  是   |  606199912
  3    |   域3      | 正常运行   |  否   |  606199999
==================================================================

[动态重分配] 周期606200000：预约迁移 冗余域0(2%) -> 切片2 -> 饥饿域2(8%)
[切片剥夺] 周期606200000：切片2（所属域0）进入待剥夺状态，禁止新替换
[切片剥夺] 周期606200000：切片2在途请求已清空，开始执行脏行写回
[切片管理] 周期606200083：原域0仅剩1个切片，关闭路扩展模式
[动态重分配] 周期606200083：切片2写回完成，自动绑定到域2
[切片管理] 成功绑定切片2 → 安全域2，触发【路扩展模式】

======================== 切片硬件状态 ========================
切片号 | 所属安全域 | 当前状态    | 路扩展 | LRU touched
------------------------------------------------------------------
  0    |   域0      | 正常运行   |  否   |  606200071
  1    |   域2      | 正常运行   |  是   |  606200081
  2    |   域2      | 正常运行   |  是   |  606200083
  3    |   域3      | 正常运行   |  否   |  606200082
==================================================================


======================== 切片硬件状态 ========================
切片号 | 所属安全域 | 当前状态    | 路扩展 | LRU touched
------------------------------------------------------------------
  0    |   域0      | 正常运行   |  否   |  609199995
  1    |   域2      | 正常运行   |  是   |  609200000
  2    |   域2      | 正常运行   |  是   |  609200000
  3    |   域3      | 正常运行   |  否   |  609200000
==================================================================

[动态重分配] 周期609200000：预约迁移 冗余域2(0%) -> 切片1 -> 饥饿域3(6%)
[切片剥夺] 周期609200000：切片1（所属域2）进入待剥夺状态，禁止新替换
[切片剥夺] 周期609200000：切片1在途请求已清空，开始执行脏行写回
[切片管理] 周期609200299：原域2仅剩1个切片，关闭路扩展模式
[动态重分配] 周期609200299：切片1写回完成，自动绑定到域3
[切片管理] 成功绑定切片1 → 安全域3，触发【路扩展模式】

======================== 切片硬件状态 ========================
切片号 | 所属安全域 | 当前状态    | 路扩展 | LRU touched
------------------------------------------------------------------
  0    |   域0      | 正常运行   |  否   |  609200201
  1    |   域3      | 正常运行   |  是   |  609200299
  2    |   域2      | 正常运行   |  否   |  609200164
  3    |   域3      | 正常运行   |  是   |  609200148
==================================================================


======================== 切片硬件状态 ========================
切片号 | 所属安全域 | 当前状态    | 路扩展 | LRU touched
------------------------------------------------------------------
  0    |   域0      | 正常运行   |  否   |  611199863
  1    |   域3      | 正常运行   |  是   |  611199865
  2    |   域2      | 正常运行   |  否   |  611199723
  3    |   域3      | 正常运行   |  是   |  611199875
==================================================================

[动态重分配] 周期611200000：预约迁移 冗余域3(5%) -> 切片1 -> 饥饿域2(22%)
[切片剥夺] 周期611200000：切片1（所属域3）进入待剥夺状态，禁止新替换
[切片剥夺] 周期611200008：切片1在途请求已清空，开始执行脏行写回
[切片管理] 周期611200509：原域3仅剩1个切片，关闭路扩展模式
[动态重分配] 周期611200509：切片1写回完成，自动绑定到域2
[切片管理] 成功绑定切片1 →  dlabad_ dlacon_安全域2，触发【路扩展模式】

======================== 切片硬件状态 ========================
切片号 | 所属安全域 | 当前状态    | 路扩展 | LRU touched
------------------------------------------------------------------
  0    |   域0      | 正常运行   |  否   |  611200509
  1    |   域2      | 正常运行   |  是   |  611200509
  2    |   域2      | 正常运行   |  是   |  611200343
  3    |   域3      | 正常运行   |  否   |  611200506
==================================================================


======================== 切片硬件状态 ========================
切片号 | 所属安全域 | 当前状态    | 路扩展 | LRU touched
------------------------------------------------------------------
  0    |   域0      | 正常运行   |  否   |  612899998
  1    |   域2      | 正常运行   |  是   |  612899997
  2    |   域2      | 正常运行   |  是   |  612899996
  3    |   域3      | 正常运行   |  否   |  612900000
==================================================================

[动态重分配] 周期612900000：预约迁移 冗余域2(0%) -> 切片1 -> 饥饿域3(6%)
[切片剥夺] 周期612900000：切片1（所属域2）进入待剥夺状态，禁止新替换
[切片剥夺] 周期612900000：切片1在途请求已清空，开始执行脏行写回
[切片管理] 周期612900281：原域2仅剩1个切片，关闭路扩展模式
[动态重分配] 周期612900281：切片1写回完成，自动绑定到域3
[切片管理] 成功绑定切片1 → 安全域3，触发【路扩展模式】

======================== 切片硬件状态 ========================
切片号 | 所属安全域 | 当前状态    | 路扩展 | LRU touched
------------------------------------------------------------------
  0    |   域0      | 正常运行   |  否   |  612900266
  1    |   域3      | 正常运行   |  是   |  612900281
  2    |   域2      | 正常运行   |  否   |  612900055
  3    |   域3      | 正常运行   |  是   |  612900266
==================================================================


======================== 切片硬件状态 ========================
切片号 | 所属安全域 | 当前状态    | 路扩展 | LRU touched
------------------------------------------------------------------
  0    |   域0      | 正常运行   |  否   |  615099999
  1    |   域3      | 正常运行   |  是   |  615100000
  2    |   域2      | 正常运行   |  否   |  615099994
  3    |   域3      | 正常运行   |  是   |  615100000
==================================================================

[动态重分配] 周期615100000：预约迁移 冗余域3(0%) -> 切片1 -> 饥饿域0(6%)
[切片剥夺] 周期615100000：切片1（所属域3）进入待剥夺状态，禁止新替换
[切片剥夺] 周期615100000：切片1在途请求已清空，开始执行脏行写回
[切片管理] 周期615107598：原域3仅剩1个切片，关闭路扩展模式
[动态重分配] 周期615107598：切片1写回完成，自动绑定到域0
[切片管理] 成功绑定切片1 → 安全域0，触发【路扩展模式】

======================== 切片硬件状态 ========================
切片号 | 所属安全域 | 当前状态    | 路扩展 | LRU touched
------------------------------------------------------------------
  0    |   域0      | 正常运行   |  是   |  615107474
  1    |   域0      | 正常运行   |  是   |  615107598
  2    |   域2      | 正常运行   |  否   |  615107598
  3    |   域3      | 正常运行   |  否   |  615107598
==================================================================


======================== 切片硬件状态 ========================
切片号 | 所属安全域 | 当前状态    | 路扩展 | LRU touched
------------------------------------------------------------------
  0    |   域0      | 正常运行   |  是   |  625599913
  1    |   域0      | 正常运行   |  是   |  625599910
  2    |   域2      | 正常运行   |  否   |  625599945
  3    |   域3      | 正常运行   |  否   |  625599945
==================================================================

[动态重分配] 周期625600000：预约迁移 冗余域0(1%) -> 切片0 -> 饥饿域2(11%)
[切片剥夺] 周期625600000：切片0（所属域0）进入待剥夺状态，禁止新替换
[切片剥夺] 周期625600268：切片0在途请求已清空，开始执行脏行写回
[切片管理] 周期625600903：原域0仅剩1个切片，关闭路扩展模式
[动态重分配] 周期625600903：切片0写回完成，自动绑定到域2
[切片管理] 成功绑定切片0 → 安全域2，触发【路扩展模式】

======================== 切片硬件状态 ========================
切片号 | 所属安全域 | 当前状态    | 路扩展 | LRU touched
------------------------------------------------------------------
  0    |   域2      | 正常运行   |  是   |  625600903
  1    |   域0      | 正常运行   |  否   |  625600900
  2    |   域2      | 正常运行   |  是   |  625600902
  3    |   域3      | 正常运行   |  否   |  625600900
==================================================================


======================== 切片硬件状态 ========================
切片号 | 所属安全域 | 当前状态    | 路扩展 | LRU touched
------------------------------------------------------------------
  0    |   域2      | 正常运行   |  是   |  633699996
  1    |   域0      | 正常运行   |  否   |  633700000
  2    |   域2      | 正常运行   |  是   |  633699999
  3    |   域3      | 正常运行   |  否   |  633699998
==================================================================

[动态重分配] 周期633700000：预约迁移 冗余域2(0%) -> 切片0 -> 饥饿域0(7%)
[切片剥夺] 周期633700000：切片0（所属域2）进入待剥夺状态，禁止新替换
[切片剥夺] 周期633700000：切片0在途请求已清空，开始执行脏行写回
[切片管理] 周期633700107：原域2仅剩1个切片，关闭路扩展模式
[动态重分配] 周期633700107：切片0写回完成，自动绑定到域0
[切片管理] 成功绑定切片0 → 安全域0，触发【路扩展模式】

======================== 切片硬件状态 ========================
切片号 | 所属安全域 | 当前状态    | 路扩展 | LRU touched
------------------------------------------------------------------
  0    |   域0      | 正常运行   |  是   |  633700107
  1    |   域0      | 正常运行   |  是   |  633700076
  2    |   域2      | 正常运行   |  否   |  633700079
  3    |   域3      | 正常运行   |  否   |  633700064
==================================================================


======================== 切片硬件状态 ========================
切片号 | 所属安全域 | 当前状态    | 路扩展 | LRU touched
------------------------------------------------------------------
  0    |   域0      | 正常运行   |  是   |  636299995
  1    |   域0      | 正常运行   |  是   |  636300000
  2    |   域2      | 正常运行   |  否   |  636299991
  3    |   域3      | 正常运行   |  否   |  636299999
==================================================================

[动态重分配] 周期636300000：预约迁移 冗余域0(0%) -> 切片0 -> 饥饿域2(8%)
[切片剥夺] 周期636300000：切片0（所属域0）进入待剥夺状态，禁止新替换
[切片剥夺] 周期636300000：切片0在途请求已清空，开始执行脏行写回
[切片管理] 周期636302971：原域0仅剩1个切片，关闭路扩展模式
[动态重分配] 周期636302971：切片0写回完成，自动绑定到域2
[切片管理] 成功绑定切片0 → 安全域2，触发【路扩展模式】

======================== 切片硬件状态 ========================
切片号 | 所属安全域 | 当前状态    | 路扩展 | LRU touched
------------------------------------------------------------------
  0    |   域2      | 正常运行   |  是   |  636302971
  1    |   域0      | 正常运行   |  否   |  636302970
  2    |   域2      | 正常运行   |  是   |  636302964
  3    |   域3      | 正常运行   |  否   |  636302970
==================================================================


======================== 切片硬件状态 ========================
切片号 | 所属安全域 | 当前状态    | 路扩展 | LRU touched
------------------------------------------------------------------
  0    |   域2      | 正常运行   |  是   |  639199997
  1    |   域0      | 正常运行   |  否   |  639199895
  2    |   域2      | 正常运行   |  是   |  639199696
  3    |   域3      | 正常运行   |  否   |  639199998
==================================================================

[动态重分配] 周期639200000：预约迁移 冗余域2(1%) -> 切片0 -> 饥饿域0(9%)
[切片剥夺] 周期639200000：切片0（所属域2）进入待剥夺状态，禁止新替换
[切片剥夺] 周期639200000：切片0在途请求已清空，开始执行脏行写回
[切片管理] 周期639200086：原域2仅剩1个切片，关闭路扩展模式
[动态重分配] 周期639200086：切片0写回完成，自动绑定到域0
[切片管理] 成功绑定切片0 → 安全域0，触发【路扩展模式】

======================== 切片硬件状态 ========================
切片号 | 所属安全域 | 当前状态    | 路扩展 | LRU touched
------------------------------------------------------------------
  0    |   域0      | 正常运行   |  是   |  639200086
  1    |   域0      | 正常运行   |  是   |  639199895
  2    |   域2      | 正常运行   |  否   |  639200045
  3    |   域3      | 正常运行   |  否   |  639200048
==================================================================


======================== 切片硬件状态 ========================
切片号 | 所属安全域 | 当前状态    | 路扩展 | LRU touched
------------------------------------------------------------------
  0    |   域0      | 正常运行   |  是   |  640199795
  1    |   域0      | 正常运行   |  是   |  640199973
  2    |   域2      | 正常运行   |  否   |  640199886
  3    |   域3      | 正常运行   |  否   |  640199972
==================================================================

[动态重分配] 周期640200000：预约迁移 冗余域0(1%) -> 切片1 -> 饥饿域2(8%)
[切片剥夺] 周期640200000：切片1（所属域0）进入待剥夺状态，禁止新替换
[切片剥夺] 周期640200164：切片1在途请求已清空，开始执行脏行写回
[切片管理] 周期640203919：原域0仅剩1个切片，关闭路扩展模式
[动态重分配] 周期640203919：切片1写回完成，自动绑定到域2
[切片管理] 成功绑定切片1 → 安全域2，触发【路扩展模式】

======================== 切片硬件状态 ========================
切片号 | 所属安全域 | 当前状态    | 路扩展 | LRU touched
------------------------------------------------------------------
  0    |   域0      | 正常运行   |  否   |  640203904
  1    |   域2      | 正常运行   |  是   |  640203919
  2    |   域2      | 正常运行   |  是   |  640203915
  3    |   域3      | 正常运行   |  否   |  640203909
==================================================================


======================== 切片硬件状态 ========================
切片号 | 所属安全域 | 当前状态    | 路扩展 | LRU touched
------------------------------------------------------------------
  0    |   域0      | 正常运行   |  否   |  644199967
  1    |   域2      | 正常运行   |  是   |  644199995
  2    |   域2      | 正常运行   |  是   |  644200000
  3    |   域3      | 正常运行   |  否   |  644199999
==================================================================

[动态重分配] 周期644200000：预约迁移 冗余域2(0%) -> 切片1 -> 饥饿域0(6%)
[切片剥夺] 周期644200000：切片1（所属域2）进入待剥夺状态，禁止新替换
[切片剥夺] 周期644200000：切片1在途请求已清空，开始执行脏行写回
[切片管理] 周期644200323：原域2仅剩1个切片，关闭路扩展模 dlae2_ clorb_ dlaev2_式
[动态重分配] 周期644200323：切片1写回完成，自动绑定到域0
[切片管理] 成功绑定切片1 → 安全域0，触发【路扩展模式】

======================== 切片硬件状态 ========================
切片号 | 所属安全域 | 当前状态    | 路扩展 | LRU touched
------------------------------------------------------------------
  0    |   域0      | 正常运行   |  是   |  644200068
  1    |   域0      | 正常运行   |  是   |  644200323
  2    |   域2      | 正常运行   |  否   |  644200054
  3    |   域3      | 正常运行   |  否   |  644200067
==================================================================


======================== 切片硬件状态 ========================
切片号 | 所属安全域 | 当前状态    | 路扩展 | LRU touched
------------------------------------------------------------------
  0    |   域0      | 正常运行   |  是   |  647499852
  1    |   域0      | 正常运行   |  是   |  647499901
  2    |   域2      | 正常运行   |  否   |  647499901
  3    |   域3      | 正常运行   |  否   |  647499699
==================================================================

[动态重分配] 周期647500000：预约迁移 冗余域0(1%) -> 切片0 -> 饥饿域2(12%)
[切片剥夺] 周期647500000：切片0（所属域0）进入待剥夺状态，禁止新替换
[切片剥夺] 周期647500000：切片0在途请求已清空，开始执行脏行写回
[切片管理] 周期647500140：原域0仅剩1个切片，关闭路扩展模式
[动态重分配] 周期647500140：切片0写回完成，自动绑定到域2
[切片管理] 成功绑定切片0 → 安全域2，触发【路扩展模式】

======================== 切片硬件状态 ========================
切片号 | 所属安全域 | 当前状态    | 路扩展 | LRU touched
------------------------------------------------------------------
  0    |   域2      | 正常运行   |  是   |  647500140
  1    |   域0      | 正常运行   |  否   |  647499901
  2    |   域2      | 正常运行   |  是   |  647499901
  3    |   域3      | 正常运行   |  否   |  647499699
==================================================================


======================== 切片硬件状态 ========================
切片号 | 所属安全域 | 当前状态    | 路扩展 | LRU touched
------------------------------------------------------------------
  0    |   域2      | 正常运行   |  是   |  677899979
  1    |   域0      | 正常运行   |  否   |  677899993
  2    |   域2      | 正常运行   |  是   |  677899997
  3    |   域3      | 正常运行   |  否   |  677899998
==================================================================

[动态重分配] 周期677900000：预约迁移 冗余域2(0%) -> 切片0 -> 饥饿域0(9%)
[切片剥夺] 周期677900000：切片0（所属域2）进入待剥夺状态，禁止新替换
[切片剥夺] 周期677900000：切片0在途请求已清空，开始执行脏行写回
[切片管理] 周期677901538：原域2仅剩1个切片，关闭路扩展模式
[动态重分配] 周期677901538：切片0写回完成，自动绑定到域0
[切片管理] 成功绑定切片0 → 安全域0，触发【路扩展模式】

======================== 切片硬件状态 ========================
切片号 | 所属安全域 | 当前状态    | 路扩展 | LRU touched
------------------------------------------------------------------
  0    |   域0      | 正常运行   |  是   |  677901538
  1    |   域0      | 正常运行   |  是   |  677901538
  2    |   域2      | 正常运行   |  否   |  677901537
  3    |   域3      | 正常运行   |  否   |  677901538
==================================================================


======================== 切片硬件状态 ========================
切片号 | 所属安全域 | 当前状态    | 路扩展 | LRU touched
------------------------------------------------------------------
  0    |   域0      | 正常运行   |  是   |  682199994
  1    |   域0      | 正常运行   |  是   |  682199997
  2    |   域2      | 正常运行   |  否   |  682200000
  3    |   域3      | 正常运行   |  否   |  682200000
==================================================================

[动态重分配] 周期682200000：预约迁移 冗余域0(0%) -> 切片0 -> 饥饿域2(8%)
[切片剥夺] 周期682200000：切片0（所属域0）进入待剥夺状态，禁止新替换
[切片剥夺] 周期682200000：切片0在途请求已清空，开始执行脏行写回
[切片管理] 周期682201236：原域0仅剩1个切片，关闭路扩展模式
[动态重分配] 周期682201236：切片0写回完成，自动绑定到域2
[切片管理] 成功绑定切片0 → 安全域2，触发【路扩展模式】

======================== 切片硬件状态 ========================
切片号 | 所属安全域 | 当前状态    | 路扩展 | LRU touched
------------------------------------------------------------------
  0    |   域2      | 正常运行   |  是   |  682201236
  1    |   域0      | 正常运行   |  否   |  682201227
  2    |   域2      | 正常运行   |  是   |  682201236
  3    |   域3      | 正常运行   |  否   |  682201235
==================================================================


======================== 切片硬件状态 ========================
切片号 | 所属安全域 | 当前状态    | 路扩展 | LRU touched
------------------------------------------------------------------
  0    |   域2      | 正常运行   |  是   |  690299968
  1    |   域0      | 正常运行   |  否   |  690299997
  2    |   域2      | 正常运行   |  是   |  690299995
  3    |   域3      | 正常运行   |  否   |  690299999
==================================================================

[动态重分配] 周期690300000：预约迁移 冗余域2(0%) -> 切片2 -> 饥饿域0(6%)
[切片剥夺] 周期690300000：切片2（所属域2）进入待剥夺状态，禁止新替换
[切片剥夺] 周期690300000：切片2在途请求已清空，开始执行脏行写回
[切片管理] 周期690301291：原域2仅剩1个切片，关闭路扩展模式
[动态重分配] 周期690301291：切片2写回完成，自动绑定到域0
[切片管理] 成功绑定切片2 → 安全域0，触发【路扩展模式】

======================== 切片硬件状态 ========================
切片号 | 所属安全域 | 当前状态    | 路扩展 | LRU touched
------------------------------------------------------------------
  0    |   域2      | 正常运行   |  否   |  690301286
  1    |   域0      | 正常运行   |  是   |  690301289
  2    |   域0      | 正常运行   |  是   |  690301291
  3    |   域3      | 正常运行   |  否   |  690301288
==================================================================


======================== 切片硬件状态 ========================
切片号 | 所属安全域 | 当前状态    | 路扩展 | LRU touched
------------------------------------------------------------------
  0    |   域2      | 正常运行   |  否   |  690999999
  1    |   域0      | 正常运行   |  是   |  690999999
  2    |   域0      | 正常运行   |  是   |  690999996
  3    |   域3      | 正常运行   |  否   |  691000000
==================================================================

[动态重分配] 周期691000000：预约迁移 冗余域0(0%) -> 切片1 -> 饥饿域3(6%)
[切片剥夺] 周期691000000：切片1（所属域0）进入待剥夺状态，禁止新替换
[切片剥夺] 周期691000000：切片1在途请求已清空，开始执行脏行写回
[切片管理] 周期691000313：原域0仅剩1个切片，关闭路扩展模式
[动态重分配] 周期691000313：切片1写回完成，自动绑定到域3
[切片管理] 成功绑定切片1 → 安全域3，触发【路扩展模式】

======================== 切片硬件状态 ========================
切片号 | 所属安全域 | 当前状态    | 路扩展 | LRU touched
------------------------------------------------------------------
  0    |   域2      | 正常运行   |  否   |  691000106
  1    |   域3      | 正常运行   |  是   |  691000313
  2    |   域0      | 正常运行   |  否   |  691000300
  3    |   域3      | 正常运行   |  是   |  691000313
==================================================================


======================== 切片硬件状态 ========================
切片号 | 所属安全域 | 当前状态    | 路扩展 | LRU touched
------------------------------------------------------------------
  0    |   域2      | 正常运行   |  否   |  692599998
  1    |   域3      | 正常运行   |  是   |  692599995
  2    |   域0      | 正常运行   |  否   |  692599999
  3    |   域3      | 正常运行   |  是   |  692599997
==================================================================

[动态重分配] 周期692600000：预约迁移 冗余域3(0%) -> 切片1 -> 饥饿域2(7%)
[切片剥夺] 周期692600000：切片1（所属域3）进入待剥夺状态，禁止新替换
[切片剥夺] 周期692600000：切片1在途请求已清空，开始执行脏行写回
[切片管理] 周期692604297：原域3仅剩1个切片，关闭路扩展模式
[动态重分配] 周期692604297：切片1写回完成，自动绑定到域2
[切片管理] 成功绑定切片1 → 安全域2，触发【路扩展模式】

======================== 切片硬件状态 ========================
切片号 | 所属安全域 | 当前状态    | 路扩展 | LRU touched
------------------------------------------------------------------
  0    |   域2      | 正常运行   |  是   |  692604297
  1    |   域2      | 正常运行   |  是   |  692604297
  2    |   域0      | 正常运行   |  否   |  692604297
  3    |   域3      | 正常运行   |  否   |  692604293
==================================================================


**** Debug Statistics at 701000000 Cycles *****
Threads: 4		Fetch Width: 8
No of useful instructions fetched:	1963441424 (35.01% proc util.)
No of total instructions fetched:	2953464881 (52.67% proc util.)
 includes 134492809 misfetch (4.6%), 855530648 (29.0%) wrong-path fetches
 and 0 flushed after failed lock(0.0%)
No of useful instructions issued/executed:	1963441396 (35.01% proc util.)
No of total instructions issued/executed:	2401000318 (42.81% proc util.)
 includes 437558922 wrong-path (18.2%) insts and 0 flushed (0.0%)
	fp 131253, 0.01%
	synch 0, 0.00%
	integer 1598100381, 66.56%
	load/store 802768684, 33.43%
Avg size of int IQ (before scheduling): 25.37
Avg size of fp IQ (before scheduling): 0.01
No of cycles taken:		701000000
Parallelism [ 0.765, 0.000, 0.729, 1.307,] = 2.801
 IQ conflicts: 11244057 (1.60%), FQ conflicts: 0 (0.00%) 
 I reg conflicts: 219694822 (31.34%), FP reg conflicts: 0 (0.00%)
  Activelist confs: 7718 (0.00%), ROB confs: 1126907 (0.16%)
  Int unit conflicts: 880825223 (125.65%), FP unit conflicts: 30 (0.00%)
  Load/store unit conflicts: 153611414 (21.91%)
  MSHR conflicts: 324058069 (46.23%)
----------------------------------------
==== System-wide Cache Statistics ====
Stall for miss queue full 7838 cycles (0.00%)
----------------------------------------
==== Statistics for Master ID: 0 ====
Reads: 452891634   Writes: 74569172
ICACHE: size: 64 KB assoc: 2
ICACHE: hits:258419770 misses:6746334  Hit Ratio: 97.46%
DCACHE: size: 1*16 KB assoc: 1*4
DCACHE: hits:257305203 misses:4993903 writebacks:1683012  Hit Ratio: 98.10%
SCACHE: size: 512 KB assoc: 2
SCACHE: hits:8477562 misses:3258270  Hit Ratio: 72.24%
3CACHE: size: 4096 KB assoc: 2
3CACHE: hits:2737297 misses:520973  Hit Ratio: 84.01%
3CACHE: dirty items replaced:223580
ITLB: size: 48, misses 525690, miss rate 0.20%
DTLB: size: 128, misses 979209, miss rate 0.37%
Avg mem delay: 2.229 cycles
----------------------------------------
==== Statistics for Master ID: 2 ====
Reads: 422337156   Writes: 69989389
ICACHE: size: 64 KB assoc: 2
ICACHE: hits:241713809 misses:6834978  Hit Ratio: 97.25%
DCACHE: size: 2*16 KB assoc: 2*4
DCACHE: hits:238744314 misses:5037273 writebacks:1367006  Hit Ratio: 97.93%
SCACHE: size: 512 KB assoc: 2
SCACHE: hits:8534488 misses:3333934  Hit Ratio: 71.91%
3CACHE: size: 4096 KB assoc: 2
3CACHE: hits:2781760 misses:552174  Hit Ratio: 83.44%
3CACHE: dirty items replaced:222513
ITLB: size: 48, misses 608176, miss rate 0.24%
DTLB: size: 128, misses 1125385, miss rate 0.46%
Avg mem delay: 2.229 cycles
----------------------------------------
==== Statistics for Master ID: 3 ====
Reads: 553944571   Writes: 81934643
ICACHE: size: 64 KB assoc: 2
ICACHE: hits:340543685 misses:176776  Hit Ratio: 99.95%
DCACHE: size: 1*16 KB assoc: 1*4
DCACHE: hits:284182094 misses:10979348 writebacks:4638704  Hit Ratio: 96.28%
SCACHE: size: 512 KB assoc: 2
SCACHE: hits:7657123 misses:3496311  Hit Ratio: 68.65%
3CACHE: size: 4096 KB assoc: 2
3CACHE: hits:1297308 misses:2199003  Hit Ratio: 37.11%
3CACHE: dirty items replaced:205197
ITLB: size: 48, misses 3177, miss rate 0.00%
DTLB: size: 128, misses 545704, miss rate 0.18%
Avg mem delay: 2.229 cycles
----------------------------------------
==== Global Resource Utilization ====
STASH: size: 65536 entries, full 3308367335, empty 108528884, misses 9593649, full rate 96.55
icache bank util. 0.146 0.126 0.115 0.148 0.193 0.215 0.166 0.168 
dcache bank util. 0.139 0.155 0.164 0.156 0.185 0.130 0.195 0.141 
L2 bank util. 0.042 0.044 0.042 0.043 0.042 0.040 0.042 0.044 
L1-L2 bus util. = 0.182, L3 util. = 0.047
----------------------------------------

======================== 切片硬件状态 ========================
切片号 | 所属安全域 | 当前状态    | 路扩展 | LRU touched
------------------------------------------------------------------
  0    |   域2      | 正常运行   |  是   |  700999997
  1    |   域2      | 正常运行   |  是   |  700999993
  2    |   域0      | 正常运行   |  否   |  700999998
  3    |   域3      | 正常运行   |  否   |  700999999
==================================================================

branch prediction, hits = 171853490, misses = 32908553, hit rate = 83.93%
return_stack prediction, hits = 21201109, misses = 18718, hit rate = 99.91%
jump prediction, hits = 174155270, misses = 35350788, hit rate = 83.13%
 dlamch_
======================== 切片硬件状态 ========================
切片号 | 所属安全域 | 当前状态    | 路扩展 | LRU touched
------------------------------------------------------------------
  0    |   域2      | 正常运行   |  是   |  702499999
  1    |   域2      | 正常运行   |  是   |  702499993
  2    |   域0      | 正常运行   |  否   |  702499995
  3    |   域3      | 正常运行   |  否   |  702499991
==================================================================

[动态重分配] 周期702500000：预约迁移 冗余域2(0%) -> 切片0 -> 饥饿域3(6%)
[切片剥夺] 周期702500000：切片0（所属域2）进入待剥夺状态，禁止新替换
[切片剥夺] 周期702500000：切片0在途请求已清空，开始执行脏行写回
[切片管理] 周期702500170：原域2仅剩1个切片，关闭路扩展模式
[动态重分配] 周期702500170：切片0写回完成，自动绑定到域3
[切片管理] 成功绑定切片0 → 安全域3，触发【路扩展模式】

======================== 切片硬件状态 ========================
切片号 | 所属安全域 | 当前状态    | 路扩展 | LRU touched
------------------------------------------------------------------
  0    |   域3      | 正常运行   |  是   |  702500170
  1    |   域2      | 正常运行   |  否   |  702500122
  2    |   域0      | 正常运行   |  否   |  702500169
  3    |   域3      | 正常运行   |  是   |  702500069
==================================================================


======================== 切片硬件状态 ========================
切片号 | 所属安全域 | 当前状态    | 路扩展 | LRU touched
------------------------------------------------------------------
  0    |   域3      | 正常运行   |  是   |  707499998
  1    |   域2      | 正常运行   |  否   |  707499998
  2    |   域0      | 正常运行   |  否   |  707499999
  3    |   域3      | 正常运行   |  是   |  707499998
==================================================================

[动态重分配] 周期707500000：预约迁移 冗余域3(0%) -> 切片3 -> 饥饿域0(7%)
[切片剥夺] 周期707500000：切片3（所属域3）进入待剥夺状态，禁止新替换
[切片剥夺] 周期707500000：切片3在途请求已清空，开始执行脏行写回
[切片管理] 周期707505129：原域3仅剩1个切片，关闭路扩展模式
[动态重分配] 周期707505129：切片3写回完成，自动绑定到域0
[切片管理] 成功绑定切片3 → 安全域0，触发【路扩展模式】

======================== 切片硬件状态 ========================
切片号 | 所属安全域 | 当前状态    | 路扩展 | LRU touched
------------------------------------------------------------------
  0    |   域3      | 正常运行   |  否   |  707505127
  1    |   域2      | 正常运行   |  否   |  707505128
  2    |   域0      | 正常运行   |  是   |  707505129
  3    |   域0      | 正常运行   |  是   |  707505129
==================================================================


======================== 切片硬件状态 ========================
切片号 | 所属安全域 | 当前状态    | 路扩展 | LRU touched
------------------------------------------------------------------
  0    |   域3      | 正常运行   |  否   |  711299998
  1    |   域2      | 正常运行   |  否   |  711299999
  2    |   域0      | 正常运行   |  是   |  711299997
  3    |   域0      | 正常运行   |  是   |  711299988
==================================================================

[动态重分配] 周期711300000：预约迁移 冗余域0(0%) -> 切片2 -> 饥饿域2(12%)
[切片剥夺] 周期711300000：切片2（所属域0）进入待剥夺状态，禁止新替换
[切片剥夺] 周期711300000：切片2在途请求已清空，开始执行脏行写回
[切片管理] 周期711302306：原域0仅剩1个切片，关闭路扩展模式
[动态重分配] 周期711302306：切片2写回完成，自动绑定到域2
[切片管理] 成功绑定切片2 → 安全域2，触发【路扩展模式】

======================== 切片硬件状态 ========================
切片号 | 所属安全域 | 当前状态    | 路扩展 | LRU touched
------------------------------------------------------------------
  0    |   域3      | 正常运行   |  否   |  711302306
  1    |   域2      | 正常运行   |  是   |  711302305
  2    |   域2      | 正常运行   |  是   |  711302306
  3    |   域0      | 正常运行   |  否   |  711302304
==================================================================


**** Early Exiting at 712115657 Cycles *****
========================================
 SMTSIM Global Statistics
========================================
Threads: 4		Fetch Width: 8
No of useful instructions fetched:	2000000085 (35.11% proc util.)
No of total instructions fetched:	3009353054 (52.82% proc util.)
 includes 136746515 misfetch (4.5%), 872606454 (29.0%) wrong-path fetches
 and 0 flushed after failed lock(0.0%)
No of useful instructions issued/executed:	2000000061 (35.11% proc util.)
No of total instructions issued/executed:	2446259134 (42.94% proc util.)
 includes 446259073 wrong-path (18.2%) insts and 0 flushed (0.0%)
	fp 135966, 0.01%
	synch 0, 0.00%
	integer 1628508643, 66.57%
	load/store 817614525, 33.42%
Avg size of int IQ (before scheduling): 25.38
Avg size of fp IQ (before scheduling): 0.01
No of cycles taken:		712115657
Parallelism [ 0.765, 0.000, 0.734, 1.310,] = 2.809
 IQ conflicts: 11386759 (1.60%), FQ conflicts: 0 (0.00%) 
 I reg conflicts: 221870437 (31.16%), FP reg conflicts: 0 (0.00%)
  Activelist confs: 7816 (0.00%), ROB confs: 1143176 (0.16%)
  Int unit conflicts: 898484386 (126.17%), FP unit conflicts: 30 (0.00%)
  Load/store unit conflicts: 156220911 (21.94%)
  MSHR conflicts: 325947563 (45.77%)
----------------------------------------
==== System-wide Cache Statistics ====
Stall for miss queue full 8201 cycles (0.00%)
----------------------------------------
==== Statistics for Master ID: 0 ====
Reads: 460619596   Writes: 75767581
ICACHE: size: 64 KB assoc: 2
ICACHE: hits:262889093 misses:6872372  Hit Ratio: 97.45%
DCACHE: size: 1*16 KB assoc: 1*4
DCACHE: hits:261549330 misses:5080935 writebacks:1704712  Hit Ratio: 98.09%
SCACHE: size: 512 KB assoc: 2
SCACHE: hits:8635814 misses:3312939  Hit Ratio: 72.27%
3CACHE: size: 4096 KB assoc: 2
3CACHE: hits:2782643 misses:530296  Hit Ratio: 83.99%
3CACHE: dirty items replaced:229622
ITLB: size: 48, misses 534218, miss rate 0.20%
DTLB: size: 128, misses 998166, miss rate 0.37%
Avg mem delay: 2.220 cycles
----------------------------------------
==== Statistics for Master ID: 2 ====
Reads: 431724490   Writes: 71440308
ICACHE: size: 64 KB assoc: 2
ICACHE: hits:247159145 misses:6906421  Hit Ratio: 97.28%
DCACHE: size: 2*16 KB assoc: 2*4
DCACHE: hits:243965214 misses:5137897 writebacks:1395379  Hit Ratio: 97.94%
SCACHE: size: 512 KB assoc: 2
SCACHE: hits:8661726 misses:3378713  Hit Ratio: 71.94%
3CACHE: size: 4096 KB assoc: 2
3CACHE: hits:2817718 misses:560995  Hit Ratio: 83.40%
3CACHE: dirty items replaced:227710
ITLB: size: 48, misses 612734, miss rate 0.24%
DTLB: size: 128, misses 1143316, miss rate 0.46%
Avg mem delay: 2.220 cycles
----------------------------------------
==== Statistics for Master ID: 3 ====
Reads: 564083698   Writes: 83238683
ICACHE: size: 64 KB assoc: 2
ICACHE: hits:346822664 misses:179885  Hit Ratio: 99.95%
DCACHE: size: 1*16 KB assoc: 1*4
DCACHE: hits:289159695 misses:11162982 writebacks:4712459  Hit Ratio: 96.28%
SCACHE: size: 512 KB assoc: 2
SCACHE: hits:7816281 misses:3523740  Hit Ratio: 68.93%
3CACHE: size: 4096 KB assoc: 2
3CACHE: hits:1321251 misses:2202489  Hit Ratio: 37.50%
3CACHE: dirty items replaced:207023
ITLB: size: 48, misses 3224, miss rate 0.00%
DTLB: size: 128, misses 554320, miss rate 0.18%
Avg mem delay: 2.220 cycles
----------------------------------------
==== Global Resource Utilization ====
STASH: size: 65536 entries, full 3369259409, empty 110471562, misses 9761101, full rate 96.55
icache bank util. 0.146 0.127 0.116 0.149 0.194 0.216 0.166 0.169 
dcache bank util. 0.139 0.156 0.164 0.157 0.186 0.131 0.195 0.141 
L2 bank util. 0.042 0.044 0.042 0.043 0.042 0.040 0.042 0.044 
L1-L2 bus util. = 0.182, L3 util. = 0.046
----------------------------------------

======================== 切片硬件状态 ========================
切片号 | 所属安全域 | 当前状态    | 路扩展 | LRU touched
------------------------------------------------------------------
  0    |   域3      | 正常运行   |  否   |  712115656
  1    |   域2      | 正常运行   |  是   |  712115654
  2    |   域2      | 正常运行   |  是   |  712115656
  3    |   域0      | 正常运行   |  否   |  712115656
==================================================================

branch prediction, hits = 174976343, misses = 33545360, hit rate = 83.91%
return_stack prediction, hits = 21594893, misses = 19105, hit rate = 99.91%
jump prediction, hits = 177409488, misses = 35955871, hit rate = 83.15%
total IPC 2.809

=== Results saved to: ./results/gcc-scilab_2_gcc-200_1_gzip-graphic_1.txt ===
