测试组合（多线程优先）：gcc-166.arg2 + gcc-scilab.arg + gzip-log.arg
执行命令：./smtsim gcc-166.arg2 gcc-scilab.arg gzip-log.arg
==================================================

 __sigismember __sigaddset __sigdelset mem_access_latency dl1_access_fn dl2_access_fn il1_access_fn il2_access_fn itlb_access_fn dtlb_access_fn sim_reg_options sim_check_options动态重分配参数：每10万周期检查，阈值5
Process 0, Thread 0: gcc-166
Process 0, Thread 1: gcc-166
Process 2, Thread 2: gcc-scilab
Process 3, Thread 3: gzip-log
[切片调度] 新安全域2无任何切片，尝试分配空闲切片
[切片管理] 成功绑定切片0 → 安全域2

======================== 切片硬件状态 ========================
切片号 | 所属安全域 | 当前状态    | 路扩展 | LRU touched
------------------------------------------------------------------
  0    |   域2      | 正常运行   |  否   |  0
  1    |   域-1     | 切片空闲   |  否   |  0
  2    |   域-1     | 切片空闲   |  否   |  0
  3    |   域-1     | 切片空闲   |  否   |  0
==================================================================

[切片管理] 成功绑定切片1 → 安全域2，触发【路扩展模式】

======================== 切片硬件状态 ========================
切片号 | 所属安全域 | 当前状态    | 路扩展 | LRU touched
------------------------------------------------------------------
  0    |   域2      | 正常运行   |  是   |  0
  1    |   域2      | 正常运行   |  是   |  0
  2    |   域-1     | 切片空闲   |  否   |  0
  3    |   域-1     | 切片空闲   |  否   |  0
==================================================================

[切片调度] 新安全域3无任何切片，尝试分配空闲切片
[切片管理] 成功绑定切片2 → 安全域3

======================== 切片硬件状态 ========================
切片号 | 所属安全域 | 当前状态    | 路扩展 | LRU touched
------------------------------------------------------------------
  0    |   域2      | 正常运行   |  是   |  435
  1    |   域2      | 正常运行   |  是   |  0
  2    |   域3      | 正常运行   |  否   |  0
  3    |   域-1     | 切片空闲   |  否   |  0
==================================================================

[切片管理] 成功绑定切片3 → 安全域3，触发【路扩展模式】

======================== 切片硬件状态 ========================
切片号 | 所属安全域 | 当前状态    | 路扩展 | LRU touched
------------------------------------------------------------------
  0    |   域2      | 正常运行   |  是   |  435
  1    |   域2      | 正常运行   |  是   |  0
  2    |   域3      | 正常运行   |  是   |  0
  3    |   域3      | 正常运行   |  是   |  0
==================================================================

[切片调度] 新安全域0无任何切片，尝试分配空闲切片
[切片调度] 新安全域0未找到空闲切片，尝试剥夺切片
[切片替换] 优先从【路扩展切片】中选择LRU替换目标...
[切片替换] 找到路扩展切片作为受害者：切片1（最后访问：0）
[切片调度] 安全域0触发切片剥夺：从域2剥夺切片1
[切片剥夺] 周期833：切片1（所属域2）进入待剥夺状态，禁止新替换
[切片剥夺] 周期833：切片1在途请求已清空，开始执行脏行写回
[切片剥夺] 周期833：切片1无脏行，直接完成剥夺
[切片管理] 周期833：原域2仅剩1个切片，关闭路扩展模式
[动态重分配] 周期833：切片1写回完成，自动绑定到域0
[切片管理] 成功绑定切片1 → 安全域0

======================== 切片硬件状态 ========================
切片号 | 所属安全域 | 当前状态    | 路扩展 | LRU touched
------------------------------------------------------------------
  0    |   域2      | 正常运行   |  否   |  832
  1    |   域0      | 正常运行   |  否   |  833
  2    |   域3      | 正常运行   |  是   |  833
  3    |   域3      | 正常运行   |  是   |  0
==================================================================

[切片唤醒] 周期833：域0切片就绪，唤醒等待指令

**** Debug Statistics at 1000000 Cycles *****
Threads: 4		Fetch Width: 8
No of useful instructions fetched:	570588 (7.13% proc util.)
No of total instructions fetched:	841353 (10.52% proc util.)
 includes 72593 misfetch (8.6%), 198172 (23.6%) wrong-path fetches
 and 0 flushed after failed lock(0.0%)
No of useful instructions issued/executed:	570556 (7.13% proc util.)
No of total instructions issued/executed:	660624 (8.26% proc util.)
 includes 90068 wrong-path (13.6%) insts and 0 flushed (0.0%)
	fp 64, 0.01%
	synch 0, 0.00%
	integer 420529, 63.66%
	load/store 240031, 36.33%
Avg size of int IQ (before scheduling): 40.19
Avg size of fp IQ (before scheduling): 0.00
No of cycles taken:		1000000
Parallelism [ 0.184, 0.000, 0.241, 0.146,] = 0.571
 IQ conflicts: 15957 (1.60%), FQ conflicts: 0 (0.00%) 
 I reg conflicts: 823055 (82.31%), FP reg conflicts: 0 (0.00%)
  Activelist confs: 0 (0.00%), ROB confs: 1037 (0.10%)
  Int unit conflicts: 48820 (4.88%), FP unit conflicts: 0 (0.00%)
  Load/store unit conflicts: 54737 (5.47%)
  MSHR conflicts: 3025524 (302.55%)
----------------------------------------
==== System-wide Cache Statistics ====
Stall for miss queue full 0 cycles (0.00%)
----------------------------------------
==== Statistics for Master ID: 0 ====
Reads: 158650   Writes: 25593
ICACHE: size: 64 KB assoc: 2
ICACHE: hits:90272 misses:2724  Hit Ratio: 97.07%
DCACHE: size: 1*16 KB assoc: 1*4
DCACHE: hits:89310 misses:1936 writebacks:645  Hit Ratio: 97.88%
SCACHE: size: 512 KB assoc: 2
SCACHE: hits:2660 misses:2000  Hit Ratio: 57.08%
3CACHE: size: 4096 KB assoc: 2
3CACHE: hits:313 misses:1687  Hit Ratio: 15.65%
3CACHE: dirty items replaced:2
ITLB: size: 48, misses 97, miss rate 0.10%
DTLB: size: 128, misses 992, miss rate 1.09%
Avg mem delay: 57.952 cycles
----------------------------------------
==== Statistics for Master ID: 2 ====
Reads: 136594   Writes: 29597
ICACHE: size: 64 KB assoc: 2
ICACHE: hits:86422 misses:1834  Hit Ratio: 97.92%
DCACHE: size: 1*16 KB assoc: 1*4
DCACHE: hits:76258 misses:1677 writebacks:959  Hit Ratio: 97.85%
SCACHE: size: 512 KB assoc: 2
SCACHE: hits:966 misses:2545  Hit Ratio: 27.51%
3CACHE: size: 4096 KB assoc: 2
3CACHE: hits:80 misses:2465  Hit Ratio: 3.14%
3CACHE: dirty items replaced:0
ITLB: size: 48, misses 127, miss rate 0.14%
DTLB: size: 128, misses 374, miss rate 0.48%
Avg mem delay: 57.952 cycles
----------------------------------------
==== Statistics for Master ID: 3 ====
Reads: 109160   Writes: 23768
ICACHE: size: 64 KB assoc: 2
ICACHE: hits:62476 misses:222  Hit Ratio: 99.65%
DCACHE: size: 2*16 KB assoc: 2*4
DCACHE: hits:47235 misses:22995 writebacks:22823  Hit Ratio: 67.26%
SCACHE: size: 512 KB assoc: 2
SCACHE: hits:21 misses:23196  Hit Ratio: 0.09%
3CACHE: size: 4096 KB assoc: 2
3CACHE: hits:0 misses:23196  Hit Ratio: 0.00%
3CACHE: dirty items replaced:7
ITLB: size: 48, misses 18, miss rate 0.03%
DTLB: size: 128, misses 5732, miss rate 8.16%
Avg mem delay: 57.952 cycles
----------------------------------------
==== Global Resource Utilization ====
STASH: size: 65536 entries, full 93807561, empty 6364119, misses 763455, full rate 92.94
icache bank util. 0.040 0.027 0.026 0.027 0.026 0.024 0.034 0.054 
dcache bank util. 0.024 0.027 0.040 0.018 0.021 0.031 0.210 0.022 
L2 bank util. 0.009 0.009 0.008 0.009 0.008 0.008 0.283 0.008 
L1-L2 bus util. = 0.167, L3 util. = 0.273
----------------------------------------

======================== 切片硬件状态 ========================
切片号 | 所属安全域 | 当前状态    | 路扩展 | LRU touched
------------------------------------------------------------------
  0    |   域2      | 正常运行   |  否   |  999938
  1    |   域0      | 正常运行   |  否   |  999919
  2    |   域3      | 正常运行   |  是   |  999868
  3    |   域3      | 正常运行   |  是   |  999907
==================================================================

branch prediction, hits = 51848, misses = 11465, hit rate = 81.89%
return_stack prediction, hits = 6146, misses = 13, hit rate = 99.79%
jump prediction, hits = 44465, misses = 15229, hit rate = 74.49%
 dgelq2_ dgelqf_
**** Debug Statistics at 101000000 Cycles *****
Threads: 4		Fetch Width: 8
No of useful instructions fetched:	106288204 (13.15% proc util.)
No of total instructions fetched:	152980451 (18.93% proc util.)
 includes 14068633 misfetch (9.2%), 32623614 (21.3%) wrong-path fetches
 and 0 flushed after failed lock(0.0%)
No of useful instructions issued/executed:	106288189 (13.15% proc util.)
No of total instructions issued/executed:	121040808 (14.98% proc util.)
 includes 14752619 wrong-path (12.2%) insts and 0 flushed (0.0%)
	fp 1271, 0.00%
	synch 0, 0.00%
	integer 77211406, 63.79%
	load/store 43828131, 36.21%
Avg size of int IQ (before scheduling): 21.67
Avg size of fp IQ (before scheduling): 0.00
No of cycles taken:		101000000
Parallelism [ 0.345, 0.000, 0.344, 0.364,] = 1.052
 IQ conflicts: 387479 (0.38%), FQ conflicts: 0 (0.00%) 
 I reg conflicts: 77108933 (76.35%), FP reg conflicts: 0 (0.00%)
  Activelist confs: 0 (0.00%), ROB confs: 2053 (0.00%)
  Int unit conflicts: 9764608 (9.67%), FP unit conflicts: 0 (0.00%)
  Load/store unit conflicts: 7414616 (7.34%)
  MSHR conflicts: 152366641 (150.86%)
----------------------------------------
==== System-wide Cache Statistics ====
Stall for miss queue full 0 cycles (0.00%)
----------------------------------------
==== Statistics for Master ID: 0 ====
Reads: 28109860   Writes: 4602177
ICACHE: size: 64 KB assoc: 2
ICACHE: hits:15671755 misses:631935  Hit Ratio: 96.12%
DCACHE: size: 1*16 KB assoc: 1*4
DCACHE: hits:15955941 misses:452405 writebacks:128816  Hit Ratio: 97.24%
SCACHE: size: 512 KB assoc: 2
SCACHE: hits:741079 misses:343261  Hit Ratio: 68.34%
3CACHE: size: 4096 KB assoc: 2
3CACHE: hits:297414 misses:45847  Hit Ratio: 86.64%
3CACHE: dirty items replaced:7311
ITLB: size: 48, misses 35955, miss rate 0.22%
DTLB: size: 128, misses 32661, miss rate 0.20%
Avg mem delay: 9.052 cycles
----------------------------------------
==== Statistics for Master ID: 2 ====
Reads: 25540695   Writes: 4605332
ICACHE: size: 64 KB assoc: 2
ICACHE: hits:14075604 misses:650647  Hit Ratio: 95.58%
DCACHE: size: 1*16 KB assoc: 1*4
DCACHE: hits:14998432 misses:421344 writebacks:103589  Hit Ratio: 97.27%
SCACHE: size: 512 KB assoc: 2
SCACHE: hits:686588 misses:385403  Hit Ratio: 64.05%
3CACHE: size: 4096 KB assoc: 2
3CACHE: hits:291726 misses:93677  Hit Ratio: 75.69%
3CACHE: dirty items replaced:9895
ITLB: size: 48, misses 54906, miss rate 0.37%
DTLB: size: 128, misses 32434, miss rate 0.21%
Avg mem delay: 9.052 cycles
----------------------------------------
==== Statistics for Master ID: 3 ====
Reads: 18675586   Writes: 5844638
ICACHE: size: 64 KB assoc: 2
ICACHE: hits:12644749 misses:868  Hit Ratio: 99.99%
DCACHE: size: 2*16 KB assoc: 2*4
DCACHE: hits:10275332 misses:1599275 writebacks:891553  Hit Ratio: 86.53%
SCACHE: size: 512 KB assoc: 2
SCACHE: hits:218 misses:1599925  Hit Ratio: 0.01%
3CACHE: size: 4096 KB assoc: 2
3CACHE: hits:96 misses:1599829  Hit Ratio: 0.01%
3CACHE: dirty items replaced:48836
ITLB: size: 48, misses 86, miss rate 0.00%
DTLB: size: 128, misses 68283, miss rate 0.58%
Avg mem delay: 9.052 cycles
----------------------------------------
==== Global Resource Utilization ====
STASH: size: 65536 entries, full 251553408, empty 14644950, misses 1500734, full rate 93.97
icache bank util. 0.052 0.044 0.041 0.044 0.045 0.141 0.047 0.056 
dcache bank util. 0.060 0.065 0.066 0.063 0.068 0.078 0.072 0.067 
L2 bank util. 0.036 0.037 0.036 0.037 0.036 0.035 0.044 0.051 
L1-L2 bus util. = 0.145, L3 util. = 0.172
----------------------------------------

======================== 切片硬件状态 ========================
切片号 | 所属安全域 | 当前状态    | 路扩展 | LRU touched
------------------------------------------------------------------
  0    |   域2      | 正常运行   |  否   |  100999997
  1    |   域0      | 正常运行   |  否   |  100999986
  2    |   域3      | 正常运行   |  是   |  100999910
  3    |   域3      | 正常运行   |  是   |  100999953
==================================================================

branch prediction, hits = 13252959, misses = 2165787, hit rate = 85.95%
return_stack prediction, hits = 1010696, misses = 930, hit rate = 99.91%
jump prediction, hits = 10697365, misses = 3453995, hit rate = 75.59%

======================== 切片硬件状态 ========================
切片号 | 所属安全域 | 当前状态    | 路扩展 | LRU touched
------------------------------------------------------------------
  0    |   域2      | 正常运行   |  否   |  136499994
  1    |   域0      | 正常运行   |  否   |  136500000
  2    |   域3      | 正常运行   |  是   |  136500000
  3    |   域3      | 正常运行   |  是   |  136499994
==================================================================

[动态重分配] 周期136500000：预约迁移 冗余域3(0%) -> 切片2 -> 饥饿域2(6%)
[切片剥夺] 周期136500000：切片2（所属域3）进入待剥夺状态，禁止新替换
[切片剥夺] 周期136500000：切片2在途请求已清空，开始执行脏行写回
[切片管理] 周期136500017：原域3仅剩1个切片，关闭路扩展模式
[动态重分配] 周期136500017：切片2写回完成，自动绑定到域2
[切片管理] 成功绑定切片2 → 安全域2，触发【路扩展模式】

======================== 切片硬件状态 ========================
切片号 | 所属安全域 | 当前状态    | 路扩展 | LRU touched
------------------------------------------------------------------
  0    |   域2      | 正常运行   |  是   |  136499994
  1    |   域0      | 正常运行   |  否   |  136500001
  2    |   域2      | 正常运行   |  是   |  136500017
  3    |   域3      | 正常运行   |  否   |  136500010
==================================================================


======================== 切片硬件状态 ========================
切片号 | 所属安全域 | 当前状态    | 路扩展 | LRU touched
------------------------------------------------------------------
  0    |   域2      | 正常运行   |  是   |  160399977
  1    |   域0      | 正常运行   |  否   |  160399973
  2    |   域2      | 正常运行   |  是   |  160399995
  3    |   域3      | 正常运行   |  否   |  160399992
==================================================================

[动态重分配] 周期160400000：预约迁移 冗余域2(1%) -> 切片0 -> 饥饿域0(14%)
[切片剥夺] 周期160400000：切片0（所属域2）进入待剥夺状态，禁止新替换
[切片剥夺] 周期160400000：切片0在途请求已清空，开始执行脏行写回
[切片管理] 周期160401334：原域2仅剩1个切片，关闭路扩展模式
[动态重分配] 周期160401334：切片0写回完成，自动绑定到域0
[切片管理] 成功绑定切片0 → 安全域0，触发【路扩展模式】

======================== 切片硬件状态 ========================
切片号 | 所属安全域 | 当前状态    | 路扩展 | LRU touched
------------------------------------------------------------------
  0    |   域0      | 正常运行   |  是   |  160401334
  1    |   域0      | 正常运行   |  是   |  160401324
  2    |   域2      | 正常运行   |  否   |  160401333
  3    |   域3      | 正常运行   |  否   |  160401334
==================================================================


======================== 切片硬件状态 ========================
切片号 | 所属安全域 | 当前状态    | 路扩展 | LRU touched
------------------------------------------------------------------
  0    |   域0      | 正常运行   |  是   |  164199999
  1    |   域0      | 正常运行   |  是   |  164200000
  2    |   域2      | 正常运行   |  否   |  164199996
  3    |   域3      | 正常运行   |  否   |  164199999
==================================================================

[动态重分配] 周期164200000：预约迁移 冗余域0(1%) -> 切片0 -> 饥饿域2(7%)
[切片剥夺] 周期164200000：切片0（所属域0）进入待剥夺状态，禁止新替换
[切片剥夺] 周期164200000：切片0在途请求已清空，开始执行脏行写回
[切片管理] 周期164201580：原域0仅剩1个切片，关闭路扩展模式
[动态重分配] 周期164201580：切片0写回完成，自动绑定到域2
[切片管理] 成功绑定切片0 → 安全域2，触发【路扩展模式】

======================== 切片硬件状态 ========================
切片号 | 所属安全域 | 当前状态    | 路扩展 | LRU touched
------------------------------------------------------------------
  0    |   域2      | 正常运行   |  是   |  164201580
  1    |   域0      | 正常运行   |  否   |  164201577
  2    |   域2      | 正常运行   |  是   |  164201559
  3    |   域3      | 正常运行   |  否   |  164201569
==================================================================


======================== 切片硬件状态 ========================
切片号 | 所属安全域 | 当前状态    | 路扩展 | LRU touched
------------------------------------------------------------------
  0    |   域2      | 正常运行   |  是   |  176899996
  1    |   域0      | 正常运行   |  否   |  176900000
  2    |   域2      | 正常运行   |  是   |  176899978
  3    |   域3      | 正常运行   |  否   |  176899999
==================================================================

[动态重分配] 周期176900000：预约迁移 冗余域2(0%) -> 切片0 -> 饥饿域0(6%)
[切片剥夺] 周期176900000：切片0（所属域2）进入待剥夺状态，禁止新替换
[切片剥夺] 周期176900000：切片0在途请求已清空，开始执行脏行写回
[切片管理] 周期176900743：原域2仅剩1个切片，关闭路扩展模式
[动态重分配] 周期176900743：切片0写回完成，自动绑定到域0
[切片管理] 成功绑定切片0 → 安全域0，触发【路扩展模式】

======================== 切片硬件状态 ========================
切片号 | 所属安全域 | 当前状态    | 路扩展 | LRU touched
------------------------------------------------------------------
  0    |   域0      | 正常运行   |  是   |  176900743
  1    |   域0      | 正常运行   |  是   |  176900694
  2    |   域2      | 正常运行   |  否   |  176900743
  3    |   域3      | 正常运行   |  否   |  176900740
==================================================================


======================== 切片硬件状态 ========================
切片号 | 所属安全域 | 当前状态    | 路扩展 | LRU touched
------------------------------------------------------------------
  0    |   域0      | 正常运行   |  是   |  183099945
  1    |   域0      | 正常运行   |  是   |  183099946
  2    |   域2      | 正常运行   |  否   |  183099992
  3    |   域3      | 正常运行   |  否   |  183099992
==================================================================

[动态重分配] 周期183100000：预约迁移 冗余域0(0%) -> 切片0 -> 饥饿域2(8%)
[切片剥夺] 周期183100000：切片0（所属域0）进入待剥夺状态，禁止新替换
[切片剥夺] 周期183100000：切片0在途请求已清空，开始执行脏行写回
[切片管理] 周期183101752：原域0仅剩1个切片，关闭路扩展模式
[动态重分配] 周期183101752：切片0写回完成，自动绑定到域2
[切片管理] 成功绑定切片0 → 安全域2，触发【路扩展模式】

======================== 切片硬件状态 ========================
切片号 | 所属安全域 | 当前状态    | 路扩展 | LRU touched
------------------------------------------------------------------
  0    |   域2      | 正常运行   |  是   |  183101752
  1    |   域0      | 正常运行   |  否   |  183101737
  2    |   域2      | 正常运行   |  是   |  183101738
  3    |   域3      | 正常运行   |  否   |  183101652
==================================================================


======================== 切片硬件状态 ========================
切片号 | 所属安全域 | 当前状态    | 路扩展 | LRU touched
------------------------------------------------------------------
  0    |   域2      | 正常运行   |  是   |  185899991
  1    |   域0      | 正常运行   |  否   |  185899999
  2    |   域2      | 正常运行   |  是   |  185899989
  3    |   域3      | 正常运行   |  否   |  185899999
==================================================================

[动态重分配] 周期185900000：预约迁移 冗余域2(0%) -> 切片0 -> 饥饿域3(6%)
[切片剥夺] 周期185900000：切片0（所属域2）进入待剥夺状态，禁止新替换
[切片剥夺] 周期185900000：切片0在途请求已清空，开始执行脏行写回
[切片管理] 周期185901474：原域2仅剩1个切片，关闭路扩展模式
[动态重分配] 周期185901474：切片0写回完成，自动绑定到域3
[切片管理] 成功绑定切片0 → 安全域3，触发【路扩展模式】

======================== 切片硬件状态 ========================
切片号 | 所属安全域 | 当前状态    | 路扩展 | LRU touched
------------------------------------------------------------------
  0    |   域3      | 正常运行   |  是   |  185901474
  1    |   域0      | 正常运行   |  否   |  185901471
  2    |   域2      | 正常运行   |  否   |  185901474
  3    |   域3      | 正常运行   |  是   |  185901474
==================================================================


======================== 切片硬件状态 ========================
切片号 | 所属安全域 | 当前状态    | 路扩展 | LRU touched
------------------------------------------------------------------
  0    |   域3      | 正常运行   |  是   |  197899997
  1    |   域0      | 正常运行   |  否   |  197899980
  2    |   域2      | 正常运行   |  否   |  197899872
  3    |   域3      | 正常运行   |  是   |  197899984
==================================================================

[动态重分配] 周期197900000：预约迁移 冗余域3(0%) -> 切片0 -> 饥饿域2(6%)
[切片剥夺] 周期197900000：切片0（所属域3）进入待剥夺状态，禁止新替换
[切片剥夺] 周期197900000：切片0在途请求已清空，开始执行脏行写回
[切片管理] 周期197900049：原域3仅剩1个切片，关闭路扩展模式
[动态重分配] 周期197900049：切片0写回完成，自动绑定到域2
[切片管理] 成功绑定切片0 → 安全域2，触发【路扩展模式】

======================== 切片硬件状态 ========================
切片号 | 所属安全域 | 当前状态    | 路扩展 | LRU touched
------------------------------------------------------------------
  0    |   域2      | 正常运行   |  是   |  197900049
  1    |   域0      | 正常运行   |  否   |  197900008
  2    |   域2      | 正常运行   |  是   |  197899872
  3    |   域3      | 正常运行   |  否   |  197900007
==================================================================


**** Debug Statistics at 201000000 Cycles *****
Threads: 4		Fetch Width: 8
No of useful instructions fetched:	376101701 (23.39% proc util.)
No of total instructions fetched:	556952353 (34.64% proc util.)
 includes 41637161 misfetch (7.5%), 139213491 (25.0%) wrong-path fetches
 and 0 flushed after failed lock(0.0%)
No of useful instructions issued/executed:	376101695 (23.39% proc util.)
No of total instructions issued/executed:	440369431 (27.39% proc util.)
 includes 64267736 wrong-path (14.6%) insts and 0 flushed (0.0%)
	fp 5828, 0.00%
	synch 0, 0.00%
	integer 294196475, 66.81%
	load/store 146167128, 33.19%
Avg size of int IQ (before scheduling): 24.41
Avg size of fp IQ (before scheduling): 0.00
No of cycles taken:		201000000
Parallelism [ 0.491, 0.000, 0.515, 0.865,] = 1.871
 IQ conflicts: 2086476 (1.04%), FQ conflicts: 0 (0.00%) 
 I reg conflicts: 112722588 (56.08%), FP reg conflicts: 0 (0.00%)
  Activelist confs: 1449 (0.00%), ROB confs: 62018 (0.03%)
  Int unit conflicts: 115202502 (57.31%), FP unit conflicts: 1 (0.00%)
  Load/store unit conflicts: 26289000 (13.08%)
  MSHR conflicts: 233985600 (116.41%)
----------------------------------------
==== System-wide Cache Statistics ====
Stall for miss queue full 466 cycles (0.00%)
----------------------------------------
==== Statistics for Master ID: 0 ====
Reads: 87636014   Writes: 13996958
ICACHE: size: 64 KB assoc: 2
ICACHE: hits:49523135 misses:1995745  Hit Ratio: 96.13%
DCACHE: size: 1*16 KB assoc: 1*4
DCACHE: hits:48957324 misses:1157018 writebacks:370718  Hit Ratio: 97.69%
SCACHE: size: 512 KB assoc: 2
SCACHE: hits:2311693 misses:840819  Hit Ratio: 73.33%
3CACHE: size: 4096 KB assoc: 2
3CACHE: hits:754482 misses:86337  Hit Ratio: 89.73%
3CACHE: dirty items replaced:17723
ITLB: size: 48, misses 96863, miss rate 0.19%
DTLB: size: 128, misses 122687, miss rate 0.24%
Avg mem delay: 4.151 cycles
----------------------------------------
==== Statistics for Master ID: 2 ====
Reads: 83884709   Writes: 13985697
ICACHE: size: 64 KB assoc: 2
ICACHE: hits:46872365 misses:1887683  Hit Ratio: 96.13%
DCACHE: size: 2*16 KB assoc: 2*4
DCACHE: hits:48162141 misses:948577 writebacks:273561  Hit Ratio: 98.07%
SCACHE: size: 512 KB assoc: 2
SCACHE: hits:1947891 misses:888009  Hit Ratio: 68.69%
3CACHE: size: 4096 KB assoc: 2
3CACHE: hits:741679 misses:146330  Hit Ratio: 83.52%
3CACHE: dirty items replaced:23877
ITLB: size: 48, misses 130208, miss rate 0.27%
DTLB: size: 128, misses 116157, miss rate 0.24%
Avg mem delay: 4.151 cycles
----------------------------------------
==== Statistics for Master ID: 3 ====
Reads: 86639297   Writes: 15724265
ICACHE: size: 64 KB assoc: 2
ICACHE: hits:55865144 misses:17224  Hit Ratio: 99.97%
DCACHE: size: 1*16 KB assoc: 1*4
DCACHE: hits:43872481 misses:2608727 writebacks:1394984  Hit Ratio: 94.39%
SCACHE: size: 512 KB assoc: 2
SCACHE: hits:390275 misses:2235662  Hit Ratio: 14.86%
3CACHE: size: 4096 KB assoc: 2
3CACHE: hits:121682 misses:2113980  Hit Ratio: 5.44%
3CACHE: dirty items replaced:83084
ITLB: size: 48, misses 760, miss rate 0.00%
DTLB: size: 128, misses 126661, miss rate 0.27%
Avg mem delay: 4.151 cycles
----------------------------------------
==== Global Resource Utilization ====
STASH: size: 65536 entries, full 681974310, empty 29176382, misses 2775462, full rate 95.52
icache bank util. 0.110 0.090 0.083 0.091 0.098 0.163 0.090 0.111 
dcache bank util. 0.090 0.095 0.106 0.098 0.108 0.121 0.115 0.092 
L2 bank util. 0.038 0.041 0.039 0.041 0.040 0.037 0.042 0.046 
L1-L2 bus util. = 0.159, L3 util. = 0.117
----------------------------------------

======================== 切片硬件状态 ========================
切片号 | 所属安全域 | 当前状态    | 路扩展 | LRU touched
------------------------------------------------------------------
  0    |   域2      | 正常运行   |  是   |  200999773
  1    |   域0      | 正常运行   |  否   |  200999992
  2    |   域2      | 正常运行   |  是   |  200999997
  3    |   域3      | 正常运行   |  否   |  200999999
==================================================================

branch prediction, hits = 36624289, misses = 6734771, hit rate = 84.47%
return_stack prediction, hits = 3315469, misses = 1149, hit rate = 99.97%
jump prediction, hits = 30130797, misses = 10124956, hit rate = 74.85%
 dgels_
======================== 切片硬件状态 ========================
切片号 | 所属安全域 | 当前状态    | 路扩展 | LRU touched
------------------------------------------------------------------
  0    |   域2      | 正常运行   |  是   |  202900000
  1    |   域0      | 正常运行   |  否   |  202899999
  2    |   域2      | 正常运行   |  是   |  202899999
  3    |   域3      | 正常运行   |  否   |  202899998
==================================================================

[动态重分配] 周期202900000：预约迁移 冗余域2(0%) -> 切片2 -> 饥饿域3(6%)
[切片剥夺] 周期202900000：切片2（所属域2）进入待剥夺状态，禁止新替换
[切片剥夺] 周期202900000：切片2在途请求已清空，开始执行脏行写回
[切片管理] 周期202900221：原域2仅剩1个切片，关闭路扩展模式
[动态重分配] 周期202900221：切片2写回完成，自动绑定到域3
[切片管理] 成功绑定切片2 → 安全域3，触发【路扩展模式】

======================== 切片硬件状态 ========================
切片号 | 所属安全域 | 当前状态    | 路扩展 | LRU touched
------------------------------------------------------------------
  0    |   域2      | 正常运行   |  否   |  202900090
  1    |   域0      | 正常运行   |  否   |  202900041
  2    |   域3      | 正常运行   |  是   |  202900221
  3    |   域3      | 正常运行   |  是   |  202900218
==================================================================


======================== 切片硬件状态 ========================
切片号 | 所属安全域 | 当前状态    | 路扩展 | LRU touched
------------------------------------------------------------------
  0    |   域2      | 正常运行   |  否   |  205200000
  1    |   域0      | 正常运行   |  否   |  205200000
  2    |   域3      | 正常运行   |  是   |  205199999
  3    |   域3      | 正常运行   |  是   |  205198497
==================================================================

[动态重分配] 周期205200000：预约迁移 冗余域3(1%) -> 切片2 -> 饥饿域2(10%)
[切片剥夺] 周期205200000：切片2（所属域3）进入待剥夺状态，禁止新替换
[切片剥夺] 周期205200000：切片2在途请求已清空，开始执行脏行写回
[切片管理] 周期205218202：原域3仅剩1个切片，关闭路扩展模式
[动态重分配] 周期205218202：切片2写回完成，自动绑定到域2
[切片管理] 成功绑定切片2 → 安全域2，触发【路扩展模式】

======================== 切片硬件状态 ========================
切片号 | 所属安全域 | 当前状态    | 路扩展 | LRU touched
------------------------------------------------------------------
  0    |   域2      | 正常运行   |  是   |  205218202
  1    |   域0      | 正常运行   |  否   |  205218199
  2    |   域2      | 正常运行   |  是   |  205218202
  3    |   域3      | 正常运行   |  否   |  205218196
==================================================================


======================== 切片硬件状态 ========================
切片号 | 所属安全域 | 当前状态    | 路扩展 | LRU touched
------------------------------------------------------------------
  0    |   域2      | 正常运行   |  是   |  225499991
  1    |   域0      | 正常运行   |  否   |  225499999
  2    |   域2      | 正常运行   |  是   |  225499947
  3    |   域3      | 正常运行   |  否   |  225499996
==================================================================

[动态重分配] 周期225500000：预约迁移 冗余域2(1%) -> 切片0 -> 饥饿域0(8%)
[切片剥夺] 周期225500000：切片0（所属域2）进入待剥夺状态，禁止新替换
[切片剥夺] 周期225500036：切片0在途请求已清空，开始执行脏行写回
[切片管理] 周期225500125：原域2仅剩1个切片，关闭路扩展模式
[动态重分配] 周期225500125：切片0写回完成，自动绑定到域0
[切片管理] 成功绑定切片0 → 安全域0，触发【路扩展模式】

======================== 切片硬件状态 ========================
切片号 | 所属安全域 | 当前状态    | 路扩展 | LRU touched
------------------------------------------------------------------
  0    |   域0      | 正常运行   |  是   |  225500125
  1    |   域0      | 正常运行   |  是   |  225500096
  2    |   域2      | 正常运行   |  否   |  225500045
  3    |   域3      | 正常运行   |  否   |  225500031
==================================================================


======================== 切片硬件状态 ========================
切片号 | 所属安全域 | 当前状态    | 路扩展 | LRU touched
------------------------------------------------------------------
  0    |   域0      | 正常运行   |  是   |  226699997
  1    |   域0      | 正常运行   |  是   |  226700000
  2    |   域2      | 正常运行   |  否   |  226700000
  3    |   域3      | 正常运行   |  否   |  226699999
==================================================================

[动态重分配] 周期226700000：预约迁移 冗余域0(0%) -> 切片0 -> 饥饿域3(6%)
[切片剥夺] 周期226700000：切片0（所属域0）进入待剥夺状态，禁止新替换
[切片剥夺] 周期226700000：切片0在途请求已清空，开始执行脏行写回
[切片管理] 周期226700143：原域0仅剩1个切片，关闭路扩展模式
[动态重分配] 周期226700143：切片0写回完成，自动绑定到域3
[切片管理] 成功绑定切片0 → 安全域3，触发【路扩展模式】

======================== 切片硬件状态 ========================
切片号 | 所属安全域 | 当前状态    | 路扩展 | LRU touched
------------------------------------------------------------------
  0    |   域3      | 正常运行   |  是   |  226700143
  1    |   域0      | 正常运行   |  否   |  226700142
  2    |   域2      | 正常运行   |  否   |  226700107
  3    |   域3      | 正常运行   |  是   |  226700128
==================================================================


======================== 切片硬件状态 ========================
切片号 | 所属安全域 | 当前状态    | 路扩展 | LRU touched
------------------------------------------------------------------
  0    |   域3      | 正常运行   |  是   |  227000000
  1    |   域0      | 正常运行   |  否   |  226999998
  2    |   域2      | 正常运行   |  否   |  226999988
  3    |   域3      | 正常运行   |  是   |  226999965
==================================================================

[动态重分配] 周期227000000：预约迁移 冗余域3(2%) -> 切片3 -> 饥饿域2(26%)
[切片剥夺] 周期227000000：切片3（所属域3）进入待剥夺状态，禁止新替换
[切片剥夺] 周期227000056：切片3在途请求已清空，开始执行脏行写回
[切片管理] 周期227001639：原域3仅剩1个切片，关闭路扩展模式
[动态重分配] 周期227001639：切片3写回完成，自动绑定到域2
[切片管理] 成功绑定切片3 → 安全域2，触发【路扩展模式】

======================== 切片硬件状态 ========================
切片号 | 所属安全域 | 当前状态    | 路扩展 | LRU touched
------------------------------------------------------------------
  0    |   域3      | 正常运行   |  否   |  227001637
  1    |   域0      | 正常运行   |  否   |  227001639
  2    |   域2      | 正常运行   |  是   |  227001631
  3    |   域2      | 正常运行   |  是   |  227001639
==================================================================


======================== 切片硬件状态 ========================
切片号 | 所属安全域 | 当前状态    | 路扩展 | LRU touched
------------------------------------------------------------------
  0    |   域3      | 正常运行   |  否   |  243200000
  1    |   域0      | 正常运行   |  否   |  243199998
  2    |   域2      | 正常运行   |  是   |  243199970
  3    |   域2      | 正常运行   |  是   |  243199983
==================================================================

[动态重分配] 周期243200000：预约迁移 冗余域2(2%) -> 切片2 -> 饥饿域0(8%)
[切片剥夺] 周期243200000：切片2（所属域2）进入待剥夺状态，禁止新替换
[切片剥夺] 周期243200000：切片2在途请求已清空，开始执行脏行写回
[切片管理] 周期243200263：原域2仅剩1个切片，关闭路扩展模式
[动态重分配] 周期243200263：切片2写回完成，自动绑定到域0
[切片管理] 成功绑定切片2 → 安全域0，触发【路扩展模式】

======================== 切片硬件状态 ========================
切片号 | 所属安全域 | 当前状态    | 路扩展 | LRU touched
------------------------------------------------------------------
  0    |   域3      | 正常运行   |  否   |  243200263
  1    |   域0      | 正常运行   |  是   |  243200215
  2    |   域0      | 正常运行   |  是   |  243200263
  3    |   域2      | 正常运行   |  否   |  243200263
==================================================================


======================== 切片硬件状态 ========================
切片号 | 所属安全域 | 当前状态    | 路扩展 | LRU touched
------------------------------------------------------------------
  0    |   域3      | 正常运行   |  否   |  244900000
  1    |   域0      | 正常运行   |  是   |  244899987
  2    |   域0      | 正常运行   |  是   |  244900000
  3    |   域2      | 正常运行   |  否   |  244899978
==================================================================

[动态重分配] 周期244900000：预约迁移 冗余域0(0%) -> 切片1 -> 饥饿域3(6%)
[切片剥夺] 周期244900000：切片1（所属域0）进入待剥夺状态，禁止新替换
[切片剥夺] 周期244900000：切片1在途请求已清空，开始执行脏行写回
[切片管理] 周期244904903：原域0仅剩1个切片，关闭路扩展模式
[动态重分配] 周期244904903：切片1写回完成，自动绑定到域3
[切片管理] 成功绑定切片1 → 安全域3，触发【路扩展模式】

======================== 切片硬件状态 ========================
切片号 | 所属安全域 | 当前状态    | 路扩展 | LRU touched
------------------------------------------------------------------
  0    |   域3      | 正常运行   |  是   |  244904898
  1    |   域3      | 正常运行   |  是   |  244904903
  2    |   域0      | 正常运行   |  否   |  244904903
  3    |   域2      | 正常运行   |  否   |  244904903
==================================================================


======================== 切片硬件状态 ========================
切片号 | 所属安全域 | 当前状态    | 路扩展 | LRU touched
------------------------------------------------------------------
  0    |   域3      | 正常运行   |  是   |  259100000
  1    |   域3      | 正常运行   |  是   |  259099998
  2    |   域0      | 正常运行   |  否   |  259099968
  3    |   域2      | 正常运行   |  否   |  259099995
==================================================================

[动态重分配] 周期259100000：预约迁移 冗余域3(2%) -> 切片0 -> 饥饿域2(8%)
[切片剥夺] 周期259100000：切片0（所属域3）进入待剥夺状态，禁止新替换
[切片剥夺] 周期259100000：切片0在途请求已清空，开始执行脏行写回
[切片管理] 周期259101131：原域3仅剩1个切片，关闭路扩展模式
[动态重分配] 周期259101131：切片0写回完成，自动绑定到域2
[切片管理] 成功绑定切片0 → 安全域2，触发【路扩展模式】

======================== 切片硬件状态 ========================
切片号 | 所属安全域 | 当前状态    | 路扩展 | LRU touched
------------------------------------------------------------------
  0    |   域2      | 正常运行   |  是   |  259101131
  1    |   域3      | 正常运行   |  否   |  259101129
  2    |   域0      | 正常运行   |  否   |  259101131
  3    |   域2      | 正常运行   |  是   |  259101116
==================================================================


======================== 切片硬件状态 ========================
切片号 | 所属安全域 | 当前状态    | 路扩展 | LRU touched
------------------------------------------------------------------
  0    |   域2      | 正常运行   |  是   |  259399982
  1    |   域3      | 正常运行   |  否   |  259400000
  2    |   域0      | 正常运行   |  否   |  259399999
  3    |   域2      | 正常运行   |  是   |  259399971
==================================================================

[动态重分配] 周期259400000：预约迁移 冗余域2(0%) -> 切片3 -> 饥饿域0(6%)
[切片剥夺] 周期259400000：切片3（所属域2）进入待剥夺状态，禁止新替换
[切片剥夺] 周期259400000：切片3在途请求已清空，开始执行脏行写回
[切片管理] 周期259400686：原域2仅剩1个切片，关闭路扩展模式
[动态重分配] 周期259400686：切片3写回完成，自动绑定到域0
[切片管理] 成功绑定切片3 → 安全域0，触发【路扩展模式】

======================== 切片硬件状态 ========================
切片号 | 所属安全域 | 当前状态    | 路扩展 | LRU touched
------------------------------------------------------------------
  0    |   域2      | 正常运行   |  否   |  259400686
  1    |   域3      | 正常运行   |  否   |  259400686
  2    |   域0      | 正常运行   |  是   |  259400415
  3    |   域0      | 正常运行   |  是   |  259400686
==================================================================


======================== 切片硬件状态 ========================
切片号 | 所属安全域 | 当前状态    | 路扩展 | LRU touched
------------------------------------------------------------------
  0    |   域2      | 正常运行   |  否   |  261799996
  1    |   域3      | 正常运行   |  否   |  261799997
  2    |   域0      | 正常运行   |  是   |  261799998
  3    |   域0      | 正常运行   |  是   |  261799996
==================================================================

[动态重分配] 周期261800000：预约迁移 冗余域0(0%) -> 切片2 -> 饥饿域2(6%)
[切片剥夺] 周期261800000：切片2（所属域0）进入待剥夺状态，禁止新替换
[切片剥夺] 周期261800000：切片2在途请求已清空，开始执行脏行写回
[切片管理] 周期261810167：原域0仅剩1个切片，关闭路扩展模式
[动态重分配] 周期261810167：切片2写回完成，自动绑定到域2
[切片管理] 成功绑定切片2 → 安全域2，触发【路扩展模式】

======================== 切片硬件状态 ========================
切片号 | 所属安全域 | 当前状态    | 路扩展 | LRU touched
------------------------------------------------------------------
  0    |   域2      | 正常运行   |  是   |  261810167
  1    |   域3      | 正常运行   |  否   |  261810167
  2    |   域2      | 正常运行   |  是   |  261810167
  3    |   域0      | 正常运行   |  否   |  261810162
==================================================================


======================== 切片硬件状态 ========================
切片号 | 所属安全域 | 当前状态    | 路扩展 | LRU touched
------------------------------------------------------------------
  0    |   域2      | 正常运行   |  是   |  262999867
  1    |   域3      | 正常运行   |  否   |  262999989
  2    |   域2      | 正常运行   |  是   |  262999870
  3    |   域0      | 正常运行   |  否   |  262999913
==================================================================

[动态重分配] 周期263000000：预约迁移 冗余域2(0%) -> 切片0 -> 饥饿域0(8%)
[切片剥夺] 周期263000000：切片0（所属域2）进入待剥夺状态，禁止新替换
[切片剥夺] 周期263000000：切片0在途请求已清空，开始执行脏行写回
[切片管理] 周期263001331：原域2仅剩1个切片，关闭路扩展模 sim_aux_config sim_reg_stats式
[动态重分配] 周期263001331：切片0写回完成，自动绑定到域0
[切片管理] 成功绑定切片0 → 安全域0，触发【路扩展模式】

======================== 切片硬件状态 ========================
切片号 | 所属安全域 | 当前状态    | 路扩展 | LRU touched
------------------------------------------------------------------
  0    |   域0      | 正常运行   |  是   |  263001331
  1    |   域3      | 正常运行   |  否   |  263001329
  2    |   域2      | 正常运行   |  否   |  263001319
  3    |   域0      | 正常运行   |  是   |  263001328
==================================================================


======================== 切片硬件状态 ========================
切片号 | 所属安全域 | 当前状态    | 路扩展 | LRU touched
------------------------------------------------------------------
  0    |   域0      | 正常运行   |  是   |  271500000
  1    |   域3      | 正常运行   |  否   |  271499998
  2    |   域2      | 正常运行   |  否   |  271499994
  3    |   域0      | 正常运行   |  是   |  271499998
==================================================================

[动态重分配] 周期271500000：预约迁移 冗余域0(0%) -> 切片3 -> 饥饿域2(6%)
[切片剥夺] 周期271500000：切片3（所属域0）进入待剥夺状态，禁止新替换
[切片剥夺] 周期271500000：切片3在途请求已清空，开始执行脏行写回
[切片管理] 周期271500266：原域0仅剩1个切片，关闭路扩展模式
[动态重分配] 周期271500266：切片3写回完成，自动绑定到域2
[切片管理] 成功绑定切片3 → 安全域2，触发【路扩展模式】

======================== 切片硬件状态 ========================
切片号 | 所属安全域 | 当前状态    | 路扩展 | LRU touched
------------------------------------------------------------------
  0    |   域0      | 正常运行   |  否   |  271500082
  1    |   域3      | 正常运行   |  否   |  271500113
  2    |   域2      | 正常运行   |  是   |  271499994
  3    |   域2      | 正常运行   |  是   |  271500266
==================================================================


======================== 切片硬件状态 ========================
切片号 | 所属安全域 | 当前状态    | 路扩展 | LRU touched
------------------------------------------------------------------
  0    |   域0      | 正常运行   |  否   |  279699954
  1    |   域3      | 正常运行   |  否   |  279700000
  2    |   域2      | 正常运行   |  是   |  279699999
  3    |   域2      | 正常运行   |  是   |  279699998
==================================================================

[动态重分配] 周期279700000：预约迁移 冗余域2(1%) -> 切片2 -> 饥饿域0(8%)
[切片剥夺] 周期279700000：切片2（所属域2）进入待剥夺状态，禁止新替换
[切片剥夺] 周期279700000：切片2在途请求已清空，开始执行脏行写回
[切片管理] 周期279701736：原域2仅剩1个切片，关闭路扩展模式
[动态重分配] 周期279701736：切片2写回完成，自动绑定到域0
[切片管理] 成功绑定切片2 → 安全域0，触发【路扩展模式】

======================== 切片硬件状态 ========================
切片号 | 所属安全域 | 当前状态    | 路扩展 | LRU touched
------------------------------------------------------------------
  0    |   域0      | 正常运行   |  是   |  279701736
  1    |   域3      | 正常运行   |  否   |  279701733
  2    |   域0      | 正常运行   |  是   |  279701736
  3    |   域2      | 正常运行   |  否   |  279701727
==================================================================


======================== 切片硬件状态 ========================
切片号 | 所属安全域 | 当前状态    | 路扩展 | LRU touched
------------------------------------------------------------------
  0    |   域0      | 正常运行   |  是   |  286999982
  1    |   域3      | 正常运行   |  否   |  286999992
  2    |   域0      | 正常运行   |  是   |  286999983
  3    |   域2      | 正常运行   |  否   |  286999932
==================================================================

[动态重分配] 周期287000000：预约迁移 冗余域0(1%) -> 切片0 -> 饥饿域2(19%)
[切片剥夺] 周期287000000：切片0（所属域0）进入待剥夺状态，禁止新替换
[切片剥夺] 周期287000000：切片0在途请求已清空，开始执行脏行写回
[切片管理] 周期287000075：原域0仅剩1个切片，关闭路扩展模式
[动态重分配] 周期287000075：切片0写回完成，自动绑定到域2
[切片管理] 成功绑定切片0 → 安全域2，触发【路扩展模式】

======================== 切片硬件状态 ========================
切片号 | 所属安全域 | 当前状态    | 路扩展 | LRU touched
------------------------------------------------------------------
  0    |   域2      | 正常运行   |  是   |  287000075
  1    |   域3      | 正常运行   |  否   |  287000021
  2    |   域0      | 正常运行   |  否   |  286999983
  3    |   域2      | 正常运行   |  是   |  287000015
==================================================================


======================== 切片硬件状态 ========================
切片号 | 所属安全域 | 当前状态    | 路扩展 | LRU touched
------------------------------------------------------------------
  0    |   域2      | 正常运行   |  是   |  287399994
  1    |   域3      | 正常运行   |  否   |  287400000
  2    |   域0      | 正常运行   |  否   |  287400000
  3    |   域2      | 正常运行   |  是   |  287399998
==================================================================

[动态重分配] 周期287400000：预约迁移 冗余域2(1%) -> 切片3 -> 饥饿域0(7%)
[切片剥夺] 周期287400000：切片3（所属域2）进入待剥夺状态，禁止新替换
[切片剥夺] 周期287400000：切片3在途请求已清空，开始执行脏行写回
[切片管理] 周期287400110：原域2仅剩1个切片，关闭路扩展模式
[动态重分配] 周期287400110：切片3写回完成，自动绑定到域0
[切片管理] 成功绑定切片3 → 安全域0，触发【路扩展模式】

======================== 切片硬件状态 ========================
切片号 | 所属安全域 | 当前状态    | 路扩展 | LRU touched
------------------------------------------------------------------
  0    |   域2      | 正常运行   |  否   |  287400109
  1    |   域3      | 正常运行   |  否   |  287400104
  2    |   域0      | 正常运行   |  是   |  287400101
  3    |   域0      | 正常运行   |  是   |  287400110
==================================================================


======================== 切片硬件状态 ========================
切片号 | 所属安全域 | 当前状态    | 路扩展 | LRU touched
------------------------------------------------------------------
  0    |   域2      | 正常运行   |  否   |  287599986
  1    |   域3      | 正常运行   |  否   |  287599963
  2    |   域0      | 正常运行   |  是   |  287600000
  3    |   域0      | 正常运行   |  是   |  287599988
==================================================================

[动态重分配] 周期287600000：预约迁移 冗余域0(1%) -> 切片2 -> 饥饿域2(19%)
[切片剥夺] 周期287600000：切片2（所属域0）进入待剥夺状态，禁止新替换
[切片剥夺] 周期287600000：切片2在途请求已清空，开始执行脏行写回
[切片管理] 周期287600200：原域0仅剩1个切片，关闭路扩展模式
[动态重分配] 周期287600200：切片2写回完成，自动绑定到域2
[切片管理] 成功绑定切片2 → 安全域2，触发【路扩展模式】

======================== 切片硬件状态 ========================
切片号 | 所属安全域 | 当前状态    | 路扩展 | LRU touched
------------------------------------------------------------------
  0    |   域2      | 正常运行   |  是   |  287600127
  1    |   域3      | 正常运行   |  否   |  287600200
  2    |   域2      | 正常运行   |  是   |  287600200
  3    |   域0      | 正常运行   |  否   |  287600058
==================================================================


======================== 切片硬件状态 ========================
切片号 | 所属安全域 | 当前状态    | 路扩展 | LRU touched
------------------------------------------------------------------
  0    |   域2      | 正常运行   |  是   |  289399943
  1    |   域3      | 正常运行   |  否   |  289399999
  2    |   域2      | 正常运行   |  是   |  289399988
  3    |   域0      | 正常运行   |  否   |  289399986
==================================================================

[动态重分配] 周期289400000：预约迁移 冗余域2(2%) -> 切片2 -> 饥饿域0(9%)
[切片剥夺] 周期289400000：切片2（所属域2）进入待剥夺状态，禁止新替换
[切片剥夺] 周期289400000：切片2在途请求已清空，开始执行脏行写回
[切片管理] 周期289404612：原域2仅剩1个切片，关闭路扩展模式
[动态重分配] 周期289404612：切片2写回完成，自动绑定到域0
[切片管理] 成功绑定切片2 → 安全域0，触发【路扩展模式】

======================== 切片硬件状态 ========================
切片号 | 所属安全域 | 当前状态    | 路扩展 | LRU touched
------------------------------------------------------------------
  0    |   域2      | 正常运行   |  否   |  289404606
  1    |   域3      | 正常运行   |  否   |  289404610
  2    |   域0      | 正常运行   |  是   |  289404612
  3    |   域0      | 正常运行   |  是   |  289404611
==================================================================


======================== 切片硬件状态 ========================
切片号 | 所属安全域 | 当前状态    | 路扩展 | LRU touched
------------------------------------------------------------------
  0    |   域2      | 正常运行   |  否   |  291099943
  1    |   域3      | 正常运行   |  否   |  291099943
  2    |   域0      | 正常运行   |  是   |  291099918
  3    |   域0      | 正常运行   |  是   |  291099901
==================================================================

[动态重分配] 周期291100000：预约迁移 冗余域0(6%) -> 切片2 -> 饥饿域2(36%)
[切片剥夺] 周期291100000：切片2（所属域0）进入待剥夺状态，禁止新替换
[切片剥夺] 周期291100144：切片2在途请求已清空，开始执行脏行写回
[切片管理] 周期291100329：原域0仅剩1个切片，关闭路扩展模式
[动态重分配] 周期291100329：切片2写回完成，自动绑定到域2
[切片管理] 成功绑定切片2 → 安全域2，触发【路扩展模式】

======================== 切片硬件状态 ========================
切片号 | 所属安全域 | 当前状态    | 路扩展 | LRU touched
------------------------------------------------------------------
  0    |   域2      | 正常运行   |  是   |  291100329
  1    |   域3      | 正常运行   |  否   |  291100326
  2    |   域2      | 正常运行   |  是   |  291100329
  3    |   域0      | 正常运行   |  否   |  291100326
==================================================================


======================== 切片硬件状态 ========================
切片号 | 所属安全域 | 当前状态    | 路扩展 | LRU touched
------------------------------------------------------------------
  0    |   域2      | 正常运行   |  是   |  291199973
  1    |   域3      | 正常运行   |  否   |  291199998
  2    |   域2      | 正常运行   |  是   |  291200000
  3    |   域0      | 正常运行   |  否   |  291199996
==================================================================

[动态重分配] 周期291200000：预约迁移 冗余域2(3%) -> 切片0 -> 饥饿域0(9%)
[切片剥夺] 周期291200000：切片0（所属域2）进入待剥夺状态，禁止新替换
[切片剥夺] 周期291200000：切片0在途请求已清空，开始执行脏行写回
[切片管理] 周期291200092：原域2仅剩1个切片，关闭路扩展模式
[动态重分配] 周期291200092：切片0写回完成，自动绑定到域0
[切片管理] 成功绑定切片0 → 安全域0，触发【路扩展模式】

======================== 切片硬件状态 ========================
切片号 | 所属安全域 | 当前状态    | 路扩展 | LRU touched
------------------------------------------------------------------
  0    |   域0      | 正常运行   |  是   |  291200092
  1    |   域3      | 正常运行   |  否   |  291200032
  2    |   域2      | 正常运行   |  否   |  291200091
  3    |   域0      | 正常运行   |  是   |  291200032
==================================================================


======================== 切片硬件状态 ========================
切片号 | 所属安全域 | 当前状态    | 路扩展 | LRU touched
------------------------------------------------------------------
  0    |   域0      | 正常运行   |  是   |  291600000
  1    |   域3      | 正常运行   |  否   |  291599999
  2    |   域2      | 正常运行   |  否   |  291600000
  3    |   域0      | 正常运行   |  是   |  291599995
==================================================================

[动态重分配] 周期291600000：预约迁移 冗余域0(0%) -> 切片3 -> 饥饿域2(14%)
[切片剥夺] 周期291600000：切片3（所属域0）进入待剥夺状态，禁止新替换
[切片剥夺] 周期291600176：切片3在途请求已清空，开始执行脏行写回
[切片管理] 周期291603023：原域0仅剩1个切片，关闭路扩展模式
[动态重分配] 周期291603023：切片3写回完成，自动绑定到域2
[切片管理] 成功绑定切片3 → 安全域2，触发【路扩展模式】

======================== 切片硬件状态 ========================
切片号 | 所属安全域 | 当前状态    | 路扩展 | LRU touched
------------------------------------------------------------------
  0    |   域0      | 正常运行   |  否   |  291603022
  1    |   域3      | 正常运行   |  否   |  291603022
  2    |   域2      | 正常运行   |  是   |  291603018
  3    |   域2      | 正常运行   |  是   |  291603023
==================================================================


**** Debug Statistics at 301000000 Cycles *****
Threads: 4		Fetch Width: 8
No of useful instructions fetched:	710133354 (29.49% proc util.)
No of total instructions fetched:	1060901132 (44.06% proc util.)
 includes 69437121 misfetch (6.5%), 281330657 (26.5%) wrong-path fetches
 and 0 flushed after failed lock(0.0%)
No of useful instructions issued/executed:	710133311 (29.49% proc util.)
No of total instructions issued/executed:	842768677 (35.00% proc util.)
 includes 132635366 wrong-path (15.7%) insts and 0 flushed (0.0%)
	fp 12147, 0.00%
	synch 0, 0.00%
	integer 568117199, 67.41%
	load/store 274639331, 32.59%
Avg size of int IQ (before scheduling): 26.33
Avg size of fp IQ (before scheduling): 0.00
No of cycles taken:		301000000
Parallelism [ 0.610, 0.000, 0.603, 1.146,] = 2.359
 IQ conflicts: 5023845 (1.67%), FQ conflicts: 0 (0.00%) 
 I reg conflicts: 131424517 (43.66%), FP reg conflicts: 0 (0.00%)
  Activelist confs: 2488 (0.00%), ROB confs: 209756 (0.07%)
  Int unit conflicts: 262950275 (87.36%), FP unit conflicts: 1 (0.00%)
  Load/store unit conflicts: 50718824 (16.85%)
  MSHR conflicts: 273926103 (91.01%)
----------------------------------------
==== System-wide Cache Statistics ====
Stall for miss queue full 1935 cycles (0.00%)
----------------------------------------
==== Statistics for Master ID: 0 ====
Reads: 160683122   Writes: 25626797
ICACHE: size: 64 KB assoc: 2
ICACHE: hits:91167460 misses:3260118  Hit Ratio: 96.55%
DCACHE: size: 1*16 KB assoc: 1*4
DCACHE: hits:89924333 misses:1958954 writebacks:616557  Hit Ratio: 97.87%
SCACHE: size: 512 KB assoc: 2
SCACHE: hits:3944014 misses:1274111  Hit Ratio: 75.58%
3CACHE: size: 4096 KB assoc: 2
3CACHE: hits:1124530 misses:149581  Hit Ratio: 88.26%
3CACHE: dirty items replaced:38990
ITLB: size: 48, misses 199805, miss rate 0.21%
DTLB: size: 128, misses 246944, miss rate 0.27%
Avg mem delay: 2.959 cycles
----------------------------------------
==== Statistics for Master ID: 2 ====
Reads: 157868892   Writes: 26131519
ICACHE: size: 64 KB assoc: 2
ICACHE: hits:89269003 misses:3137622  Hit Ratio: 96.60%
DCACHE: size: 2*16 KB assoc: 2*4
DCACHE: hits:89609884 misses:1984995 writebacks:595646  Hit Ratio: 97.83%
SCACHE: size: 512 KB assoc: 2
SCACHE: hits:3619825 misses:1501699  Hit Ratio: 70.68%
3CACHE: size: 4096 KB assoc: 2
3CACHE: hits:1282996 misses:218703  Hit Ratio: 85.44%
3CACHE: dirty items replaced:46880
ITLB: size: 48, misses 210759, miss rate 0.23%
DTLB: size: 128, misses 249602, miss rate 0.27%
Avg mem delay: 2.959 cycles
----------------------------------------
==== Statistics for Master ID: 3 ====
Reads: 174191972   Writes: 27436950
ICACHE: size: 64 KB assoc: 2
ICACHE: hits:111245735 misses:41497  Hit Ratio: 99.96%
DCACHE: size: 1*16 KB assoc: 1*4
DCACHE: hits:86907735 misses:3434455 writebacks:1827523  Hit Ratio: 96.20%
SCACHE: size: 512 KB assoc: 2
SCACHE: hits:971934 misses:2503518  Hit Ratio: 27.97%
3CACHE: size: 4096 KB assoc: 2
3CACHE: hits:342620 misses:2160898  Hit Ratio: 13.69%
3CACHE: dirty items replaced:93595
ITLB: size: 48, misses 1568, miss rate 0.00%
DTLB: size: 128, misses 182694, miss rate 0.20%
Avg mem delay: 2.959 cycles
----------------------------------------
==== Global Resource Utilization ====
STASH: size: 65536 entries, full 1221511182, empty 47073448, misses 4327094, full rate 95.96
icache bank util. 0.143 0.116 0.106 0.118 0.130 0.176 0.119 0.146 
dcache bank util. 0.113 0.117 0.127 0.123 0.142 0.140 0.139 0.114 
L2 bank util. 0.040 0.042 0.040 0.043 0.041 0.038 0.042 0.045 
L1-L2 bus util. = 0.168, L3 util. = 0.084
----------------------------------------

======================== 切片硬件状态 ========================
切片号 | 所属安全域 | 当前状态    | 路扩展 | LRU touched
------------------------------------------------------------------
  0    |   域0      | 正常运行   |  否   |  300999860
  1    |   域3      | 正常运行   |  否   |  300999999
  2    |   域2      | 正常运行   |  是   |  300999999
  3    |   域2      | 正常运行   |  是   |  300999999
==================================================================

branch prediction, hits = 63739095, misses = 12218190, hit rate = 83.91%
return_stack prediction, hits = 6276271, misses = 2891, hit rate = 99.95%
jump prediction, hits = 54644953, misses = 17076866, hit rate = 76.19%
 sim_init sim_aux_stats sim_uninit
======================== 切片硬件状态 ========================
切片号 | 所属安全域 | 当前状态    | 路扩展 | LRU touched
------------------------------------------------------------------
  0    |   域0      | 正常运行   |  否   |  306999995
  1    |   域3      | 正常运行   |  否   |  306999996
  2    |   域2      | 正常运行   |  是   |  307000000
  3    |   域2      | 正常运行   |  是   |  306999998
==================================================================

[动态重分配] 周期307000000：预约迁移 冗余域2(0%) -> 切片2 -> 饥饿域0(6%)
[切片剥夺] 周期307000000：切片2（所属域2）进入待剥夺状态，禁止新替换
[切片剥夺] 周期307000000：切片2在途请求已清空，开始执行脏行写回
[切片管理] 周期307002898：原域2仅剩1个切片，关闭路扩展模式
[动态重分配] 周期307002898：切片2写回完成，自动绑定到域0
[切片管理] 成功绑定切片2 → 安全域0，触发【路扩展模式】

======================== 切片硬件状态 ========================
切片号 | 所属安全域 | 当前状态    | 路扩展 | LRU touched
------------------------------------------------------------------
  0    |   域0      | 正常运行   |  是   |  307002896
  1    |   域3      | 正常运行   |  否   |  307002893
  2    |   域0      | 正常运行   |  是   |  307002898
  3    |   域2      | 正常运行   |  否   |  307002894
==================================================================


======================== 切片硬件状态 ========================
切片号 | 所属安全域 | 当前状态    | 路扩展 | LRU touched
------------------------------------------------------------------
  0    |   域0      | 正常运行   |  是   |  319799996
  1    |   域3      | 正常运行   |  否   |  319799996
  2    |   域0      | 正常运行   |  是   |  319799995
  3    |   域2      | 正常运行   |  否   |  319799983
==================================================================

[动态重分配] 周期319800000：预约迁移 冗余域0(0%) -> 切片0 -> 饥饿域2(7%)
[切片剥夺] 周期319800000：切片0（所属域0）进入待剥夺状态，禁止新替换
[切片剥夺] 周期319800000：切片0在途请求已清空，开始执行脏行写回
[切片管理] 周期319801509：原域0仅剩1个切片，关闭路扩展模式
[动态重分配] 周期319801509：切片0写回完成，自动绑定到域2
[切片管理] 成功绑定切片0 → 安全域2，触发【路扩展模式】

======================== 切片硬件状态 ========================
切片号 | 所属安全域 | 当前状态    | 路扩展 | LRU touched
------------------------------------------------------------------
  0    |   域2      | 正常运行   |  是   |  319801509
  1    |   域3      | 正常运行   |  否   |  319801505
  2    |   域0      | 正常运行   |  否   |  319801506
  3    |   域2      | 正常运行   |  是   |  319801416
==================================================================


======================== 切片硬件状态 ========================
切片号 | 所属安全域 | 当前状态    | 路扩展 | LRU touched
------------------------------------------------------------------
  0    |   域2      | 正常运行   |  是   |  328799892
  1    |   域3      | 正常运行   |  否   |  328799993
  2    |   域0      | 正常运行   |  否   |  328799967
  3    |   域2      | 正常运行   |  是   |  328799999
==================================================================

[动态重分配] 周期328800000：预约迁移 冗余域2(0%) -> 切片0 -> 饥饿域0(39%)
[切片剥夺] 周期328800000：切片0（所属域2）进入待剥夺状态，禁止新替换
[切片剥夺] 周期328800000：切片0在途请求已清空，开始执行脏行写回
[切片管理] 周期328804398：原域2仅剩1个切片，关闭路扩展模式
[动态重分配] 周期328804398：切片0写回完成，自动绑定到域0
[切片管理] 成功绑定切片0 →  ruu_init ruu_dumpent ruu_dump lsq_init lsq_dump安全域0，触发【路扩展模式】

======================== 切片硬件状态 ========================
切片号 | 所属安全域 | 当前状态    | 路扩展 | LRU touched
------------------------------------------------------------------
  0    |   域0      | 正常运行   |  是   |  328804398
  1    |   域3      | 正常运行   |  否   |  328804392
  2    |   域0      | 正常运行   |  是   |  328804312
  3    |   域2      | 正常运行   |  否   |  328804398
==================================================================


======================== 切片硬件状态 ========================
切片号 | 所属安全域 | 当前状态    | 路扩展 | LRU touched
------------------------------------------------------------------
  0    |   域0      | 正常运行   |  是   |  329699816
  1    |   域3      | 正常运行   |  否   |  329699866
  2    |   域0      | 正常运行   |  是   |  329699867
  3    |   域2      | 正常运行   |  否   |  329699851
==================================================================

[动态重分配] 周期329700000：预约迁移 冗余域0(0%) -> 切片0 -> 饥饿域2(7%)
[切片剥夺] 周期329700000：切片0（所属域0）进入待剥夺状态，禁止新替换
[切片剥夺] 周期329700000：切片0在途请求已清空，开始执行脏行写回
[切片管理] 周期329703058：原域0仅剩1个切片，关闭路扩展模式
[动态重分配] 周期329703058：切片0写回完成，自动绑定到域2
[切片管理] 成功绑定切片0 → 安全域2，触发【路扩展模式】

======================== 切片硬件状态 ========================
切片号 | 所属安全域 | 当前状态    | 路扩展 | LRU touched
------------------------------------------------------------------
  0    |   域2      | 正常运行   |  是   |  329703058
  1    |   域3      | 正常运行   |  否   |  329703057
  2    |   域0      | 正常运行   |  否   |  329703015
  3    |   域2      | 正常运行   |  是   |  329703058
==================================================================


======================== 切片硬件状态 ========================
切片号 | 所属安全域 | 当前状态    | 路扩展 | LRU touched
------------------------------------------------------------------
  0    |   域2      | 正常运行   |  是   |  333299986
  1    |   域3      | 正常运行   |  否   |  333299990
  2    |   域0      | 正常运行   |  否   |  333299986
  3    |   域2      | 正常运行   |  是   |  333299977
==================================================================

[动态重分配] 周期333300000：预约迁移 冗余域2(0%) -> 切片0 -> 饥饿域3(6%)
[切片剥夺] 周期333300000：切片0（所属域2）进入待剥夺状态，禁止新替换
[切片剥夺] 周期333300000：切片0在途请求已清空，开始执行脏行写回
[切片管理] 周期333300182：原域2仅剩1个切片，关闭路扩展模式
[动态重分配] 周期333300182：切片0写回完成，自动绑定到域3
[切片管理] 成功绑定切片0 → 安全域3，触发【路扩展模式】

======================== 切片硬件状态 ========================
切片号 | 所属安全域 | 当前状态    | 路扩展 | LRU touched
------------------------------------------------------------------
  0    |   域3      | 正常运行   |  是   |  333300182
  1    |   域3      | 正常运行   |  是   |  333300182
  2    |   域0      | 正常运行   |  否   |  333299986
  3    |   域2      | 正常运行   |  否   |  333300182
==================================================================


======================== 切片硬件状态 ========================
切片号 | 所属安全域 | 当前状态    | 路扩展 | LRU touched
------------------------------------------------------------------
  0    |   域3      | 正常运行   |  是   |  338300000
  1    |   域3      | 正常运行   |  是   |  338299992
  2    |   域0      | 正常运行   |  否   |  338299891
  3    |   域2      | 正常运行   |  否    rslink_init ruu_release_fu eventq_init eventq_dump eventq_queue_event eventq_next_event readyq_init readyq_dump readyq_enqueue|  338299990
==================================================================

[动态重分配] 周期338300000：预约迁移 冗余域3(1%) -> 切片0 -> 饥饿域0(38%)
[切片剥夺] 周期338300000：切片0（所属域3）进入待剥夺状态，禁止新替换
[切片剥夺] 周期338300000：切片0在途请求已清空，开始执行脏行写回
[切片管理] 周期338300857：原域3仅剩1个切片，关闭路扩展模式
[动态重分配] 周期338300857：切片0写回完成，自动绑定到域0
[切片管理] 成功绑定切片0 → 安全域0，触发【路扩展模式】

======================== 切片硬件状态 ========================
切片号 | 所属安全域 | 当前状态    | 路扩展 | LRU touched
------------------------------------------------------------------
  0    |   域0      | 正常运行   |  是   |  338300857
  1    |   域3      | 正常运行   |  否   |  338300852
  2    |   域0      | 正常运行   |  是   |  338300837
  3    |   域2      | 正常运行   |  否   |  338300855
==================================================================


======================== 切片硬件状态 ========================
切片号 | 所属安全域 | 当前状态    | 路扩展 | LRU touched
------------------------------------------------------------------
  0    |   域0      | 正常运行   |  是   |  340499998
  1    |   域3      | 正常运行   |  否   |  340499999
  2    |   域0      | 正常运行   |  是   |  340499987
  3    |   域2      | 正常运行   |  否   |  340499980
==================================================================

[动态重分配] 周期340500000：预约迁移 冗余域0(0%) -> 切片0 -> 饥饿域2(17%)
[切片剥夺] 周期340500000：切片0（所属域0）进入待剥夺状态，禁止新替换
[切片剥夺] 周期340500052：切片0在途请求已清空，开始执行脏行写回
[切片管理] 周期340509269：原域0仅剩1个切片，关闭路扩展模式
[动态重分配] 周期340509269：切片0写回完成，自动绑定到域2
[切片管理] 成功绑定切片0 → 安全域2，触发【路扩展模式】

======================== 切片硬件状态 ========================
切片号 | 所属安全域 | 当前状态    | 路扩展 | LRU touched
------------------------------------------------------------------
  0    |   域2      | 正常运行   |  是   |  340509269
  1    |   域3      | 正常运行   |  否   |  340509245
  2    |   域0      | 正常运行   |  否   |  340509255
  3    |   域2      | 正常运行   |  是   |  340509181
==================================================================


======================== 切片硬件状态 ========================
切片号 | 所属安全域 | 当前状态    | 路扩展 | LRU touched
------------------------------------------------------------------
  0    |   域2      | 正常运行   |  是   |  356000000
  1    |   域3      | 正常运行   |  否   |  355999993
  2    |   域0      | 正常运行   |  否   |  355999985
  3    |   域2      | 正常运行   |  是   |  355999966
==================================================================

[动态重分配] 周期356000000：预约迁移 冗余域2(0%) -> 切片0 -> 饥饿域0(6%)
[切片剥夺] 周期356000000：切片0（所属域2）进入待剥夺状态，禁止新替换
[切片剥夺] 周期356000000：切片0在途请求已清空，开始执行脏行写回
[切片管理] 周期356000281：原域2仅剩1个切片，关闭路扩展模式
[动态重分配] 周期356000281：切片0写回完成，自动绑定到域0
[切片管理] 成功绑定切片0 → 安全域0，触发【路扩展模式】

======================== 切片硬件状态 ========================
切片号 | 所属安全域 | 当前状态    | 路扩展 | LRU touched
------------------------------------------------------------------
  0    |   域0      | 正常运行   |  是   |  356000281
  1    |   域3      | 正常运行   |  否   |  356000064
  2    |   域0      | 正常运行   |  是   |  355999985
  3   cv_init cv_dump ruu_commit ruu_recover ruu_writeback lsq_refresh ruu_issue  |   域2      | 正常运行   |  否   |  356000279
==================================================================


======================== 切片硬件状态 ========================
切片号 | 所属安全域 | 当前状态    | 路扩展 | LRU touched
------------------------------------------------------------------
  0    |   域0      | 正常运行   |  是   |  366599961
  1    |   域3      | 正常运行   |  否   |  366599972
  2    |   域0      | 正常运行   |  是   |  366599949
  3    |   域2      | 正常运行   |  否   |  366599985
==================================================================

[动态重分配] 周期366600000：预约迁移 冗余域0(1%) -> 切片0 -> 饥饿域2(7%)
[切片剥夺] 周期366600000：切片0（所属域0）进入待剥夺状态，禁止新替换
[切片剥夺] 周期366600048：切片0在途请求已清空，开始执行脏行写回
[切片管理] 周期366600332：原域0仅剩1个切片，关闭路扩展模式
[动态重分配] 周期366600332：切片0写回完成，自动绑定到域2
[切片管理] 成功绑定切片0 → 安全域2，触发【路扩展模式】

======================== 切片硬件状态 ========================
切片号 | 所属安全域 | 当前状态    | 路扩展 | LRU touched
------------------------------------------------------------------
  0    |   域2      | 正常运行   |  是   |  366600332
  1    |   域3      | 正常运行   |  否   |  366600261
  2    |   域0      | 正常运行   |  否   |  366600262
  3    |   域2      | 正常运行   |  是   |  366600331
==================================================================


======================== 切片硬件状态 ========================
切片号 | 所属安全域 | 当前状态    | 路扩展 | LRU touched
------------------------------------------------------------------
  0    |   域2      | 正常运行   |  是   |  378099913
  1    |   域3      | 正常运行   |  否   |  378099915
  2    |   域0      | 正常运行   |  否   |  378099882
  3    |   域2      | 正常运行   |  是   |  378099918
==================================================================

[动态重分配] 周期378100000：预约迁移 冗余域2(0%) -> 切片0 -> 饥饿域0(7%)
[切片剥夺] 周期378100000：切片0（所属域2）进入待剥夺状态，禁止新替换
[切片剥夺] 周期378100000：切片0在途请求已清空，开始执行脏行写回
[切片管理] 周期378104363：原域2仅剩1个切片，关闭路扩展模式
[动态重分配] 周期378104363：切片0写回完成，自动绑定到域0
[切片管理] 成功绑定切片0 → 安全域0，触发【路扩展模式】

======================== 切片硬件状态 ========================
切片号 | 所属安全域 | 当前状态    | 路扩展 | LRU touched
------------------------------------------------------------------
  0    |   域0      | 正常运行   |  是   |  378104363
  1    |   域3      | 正常运行   |  否   |  378104363
  2    |   域0      | 正常运行   |  是   |  378104326
  3    |   域2      | 正常运行   |  否   |  378104362
==================================================================


======================== 切片硬件状态 ========================
切片号 | 所属安全域 | 当前状态    | 路扩展 | LRU touched
------------------------------------------------------------------
  0    |   域0      | 正常运行   |  是   |  385299996
  1    |   域3      | 正常运行   |  否   |  385299991
  2    |   域0      | 正常运行   |  是   |  385299997
  3    |   域2      | 正常运行   |  否   |  385299999
==================================================================

[动态重分配] 周期385300000：预约迁移 冗余域0(0%) -> 切片0 -> 饥饿域3(6%)
[切片剥夺] 周期385300000：切片0（所属域0）进入待剥夺状态，禁止新替换
[切片剥夺] 周期385300000：切片0在途请求已清空，开始执行脏行写回
[切片管理] 周期385300497：原域0仅剩1个切片，关闭路扩展� rspec_dump tracer_recover�式
[动态重分配] 周期385300497：切片0写回完成，自动绑定到域3
[切片管理] 成功绑定切片0 → 安全域3，触发【路扩展模式】

======================== 切片硬件状态 ========================
切片号 | 所属安全域 | 当前状态    | 路扩展 | LRU touched
------------------------------------------------------------------
  0    |   域3      | 正常运行   |  是   |  385300497
  1    |   域3      | 正常运行   |  是   |  385300497
  2    |   域0      | 正常运行   |  否   |  385300496
  3    |   域2      | 正常运行   |  否   |  385300495
==================================================================


======================== 切片硬件状态 ========================
切片号 | 所属安全域 | 当前状态    | 路扩展 | LRU touched
------------------------------------------------------------------
  0    |   域3      | 正常运行   |  是   |  386499756
  1    |   域3      | 正常运行   |  是   |  386499767
  2    |   域0      | 正常运行   |  否   |  386499795
  3    |   域2      | 正常运行   |  否   |  386499959
==================================================================

[动态重分配] 周期386500000：预约迁移 冗余域3(1%) -> 切片0 -> 饥饿域2(7%)
[切片剥夺] 周期386500000：切片0（所属域3）进入待剥夺状态，禁止新替换
[切片剥夺] 周期386500008：切片0在途请求已清空，开始执行脏行写回
[切片管理] 周期386524694：原域3仅剩1个切片，关闭路扩展模式
[动态重分配] 周期386524694：切片0写回完成，自动绑定到域2
[切片管理] 成功绑定切片0 → 安全域2，触发【路扩展模式】

======================== 切片硬件状态 ========================
切片号 | 所属安全域 | 当前状态    | 路扩展 | LRU touched
------------------------------------------------------------------
  0    |   域2      | 正常运行   |  是   |  386524694
  1    |   域3      | 正常运行   |  否   |  386524693
  2    |   域0      | 正常运行   |  否   |  386524685
  3    |   域2      | 正常运行   |  是   |  386524690
==================================================================


======================== 切片硬件状态 ========================
切片号 | 所属安全域 | 当前状态    | 路扩展 | LRU touched
------------------------------------------------------------------
  0    |   域2      | 正常运行   |  是   |  387399997
  1    |   域3      | 正常运行   |  否   |  387400000
  2    |   域0      | 正常运行   |  否   |  387399946
  3    |   域2      | 正常运行   |  是   |  387399971
==================================================================

[动态重分配] 周期387400000：预约迁移 冗余域2(1%) -> 切片0 -> 饥饿域0(32%)
[切片剥夺] 周期387400000：切片0（所属域2）进入待剥夺状态，禁止新替换
[切片剥夺] 周期387400000：切片0在途请求已清空，开始执行脏行写回
[切片管理] 周期387400119：原域2仅剩1个切片，关闭路扩展模式
[动态重分配] 周期387400119：切片0写回完成，自动绑定到域0
[切片管理] 成功绑定切片0 → 安全域0，触发【路扩展模式】

======================== 切片硬件状态 ========================
切片号 | 所属安全域 | 当前状态    | 路扩展 | LRU touched
------------------------------------------------------------------
  0    |   域0      | 正常运行   |  是   |  387400119
  1    |   域3      | 正常运行   |  否   |  387400040
  2    |   域0      | 正常运行   |  是   |  387399946
  3    |   域2      | 正常运行   |  否   |  387400026
==================================================================


======================== 切片硬件状态 ========================
切片号 | 所属安全域 | 当前状态    | 路扩展 | LRU touched
------------------------------------------------------------------
  0    |   域0      | 正常运行   |  是   |  393499999
  1    |   域3      | 正常运行   |  否   |  393499997
  2    |   域0      | 正常运行   |  是   |  393499999
  3    |   域2      | 正常运行   |  否   |  393500000
==================================================================

[动态重分配] 周期393500000：预约迁移 冗余域0(1%) -> 切片0 -> 饥饿域2(7%)
[切片剥夺] 周期393500000：切片0（所属域0）进入待剥夺状态，禁止新替换
[切片剥夺] 周期393500000：切片0在途请求已清空，开始执行脏行写回
[切片管理] 周期393504757：原域0仅剩1个切片，关闭路扩展模式
[动态重分配] 周期393504757：切片0写回完成，自动绑定到域2
[切片管理] 成功绑定切片0 → 安全域2，触发【路扩展模式】

======================== 切片硬件状态 ========================
切片号 | 所属安全域 | 当前状态    | 路扩展 | LRU touched
------------------------------------------------------------------
  0    |   域2      | 正常运行   |  是   |  393504757
  1    |   域3      | 正常运行   |  否   |  393504753
  2    |   域0      | 正常运行   |  否   |  393504757
  3    |   域2      | 正常运行   |  是   |  393504755
==================================================================


**** Debug Statistics at 401000000 Cycles *****
Threads: 4		Fetch Width: 8
No of useful instructions fetched:	1053866591 (32.85% proc util.)
No of total instructions fetched:	1553278028 (48.42% proc util.)
 includes 90868473 misfetch (5.9%), 408542964 (26.3%) wrong-path fetches
 and 0 flushed after failed lock(0.0%)
No of useful instructions issued/executed:	1053866566 (32.85% proc util.)
No of total instructions issued/executed:	1245996407 (38.84% proc util.)
 includes 192129841 wrong-path (15.4%) insts and 0 flushed (0.0%)
	fp 38724, 0.00%
	synch 0, 0.00%
	integer 847378281, 68.01%
	load/store 398579402, 31.99%
Avg size of int IQ (before scheduling): 27.58
Avg size of fp IQ (before scheduling): 0.00
No of cycles taken:		401000000
Parallelism [ 0.636, 0.000, 0.707, 1.286,] = 2.628
 IQ conflicts: 8870779 (2.21%), FQ conflicts: 0 (0.00%) 
 I reg conflicts: 151501074 (37.78%), FP reg conflicts: 0 (0.00%)
  Activelist confs: 3873 (0.00%), ROB confs: 381461 (0.10%)
  Int unit conflicts: 434232135 (108.29%), FP unit conflicts: 6 (0.00%)
  Load/store unit conflicts: 72469923 (18.07%)
  MSHR conflicts: 313753185 (78.24%)
----------------------------------------
==== System-wide Cache Statistics ====
Stall for miss queue full 3522 cycles (0.00%)
----------------------------------------
==== Statistics for Master ID: 0 ====
Reads: 222204637   Writes: 35301369
ICACHE: size: 64 KB assoc: 2
ICACHE: hits:126706121 misses:4490592  Hit Ratio: 96.58%
DCACHE: size: 1*16 KB assoc: 1*4
DCACHE: hits:123679612 misses:2631389 writebacks:786195  Hit Ratio: 97.92%
SCACHE: size: 512 KB assoc: 2
SCACHE: hits:5277709 misses:1842563  Hit Ratio: 74.12%
3CACHE: size: 4096 KB assoc: 2
3CACHE: hits:1588218 misses:254345  Hit Ratio: 86.20%
3CACHE: dirty items replaced:79754
ITLB: size: 48, misses 313802, miss rate 0.24%
DTLB: size: 128, misses 359443, miss rate 0.28%
Avg mem delay: 2.514 cycles
----------------------------------------
==== Statistics for Master ID: 2 ====
Reads: 238743919   Writes: 38614703
ICACHE: size: 64 KB assoc: 2
ICACHE: hits:135461951 misses:4133949  Hit Ratio: 97.04%
DCACHE: size: 2*16 KB assoc: 2*4
DCACHE: hits:135073847 misses:2690577 writebacks:876562  Hit Ratio: 98.05%
SCACHE: size: 512 KB assoc: 2
SCACHE: hits:4893249 misses:1929575  Hit Ratio: 71.72%
3CACHE: size: 4096 KB assoc: 2
3CACHE: hits:1647390 misses:282185  Hit Ratio: 85.38%
3CACHE: dirty items replaced:77496
ITLB: size: 48, misses 295656, miss rate 0.21%
DTLB: size: 128, misses 352548, miss rate 0.26%
Avg mem delay: 2.514 cycles
----------------------------------------
==== Statistics for Master ID: 3 ====
Reads: 259963734   Writes: 39119838
ICACHE: size: 64 KB assoc: 2
ICACHE: hits:165571076 misses:58018  Hit Ratio: 99.96%
DCACHE: size: 1*16 KB assoc: 1*4
DCACHE: hits:129270548 misses:4184797 writebacks:2229905  Hit Ratio: 96.86%
SCACHE: size: 512 KB assoc: 2
SCACHE: hits:1470239 misses:2771709  Hit Ratio: 34.66%
3CACHE: size: 4096 KB assoc: 2
3CACHE: hits:547468 misses:2224241  Hit Ratio: 19.75%
3CACHE: dirty items replaced:115418
ITLB: size: 48, misses 2440, miss rate 0.00%
DTLB: size: 128, misses 222949, miss rate 0.17%
Avg mem delay: 2.514 cycles
----------------------------------------
==== Global Resource Utilization ====
STASH: size: 65536 entries, full 1745976799, empty 65427807, misses 5895907, full rate 96.08
icache bank util. 0.157 0.129 0.119 0.130 0.143 0.180 0.130 0.165 
dcache bank util. 0.125 0.123 0.136 0.131 0.151 0.146 0.154 0.125 
L2 bank util. 0.039 0.041 0.039 0.041 0.040 0.037 0.040 0.043 
L1-L2 bus util. = 0.165, L3 util. = 0.069
----------------------------------------

======================== 切片硬件状态 ========================
切片号 | 所属安全域 | 当前状态    | 路扩展 | LRU touched
------------------------------------------------------------------
  0    |   域2      | 正常运行   |  是   |  400999906
  1    |   域3      | 正常运行   |  否   |  400999998
  2    |   域0      | 正常运行   |  否   |  400999999
  3    |   域2      | 正常运行   |  是   |  400999998
==================================================================

branch prediction, hits = 92003029, misses = 17193780, hit rate = 84.25%
return_stack prediction, hits = 8935398, misses = 6578, hit rate = 99.93%
jump prediction, hits = 80809550, misses = 22598302, hit rate = 78.15%
 tracer_init spec_mem_access mspec_dump simoo_mem_obj
======================== 切片硬件状态 ========================
切片号 | 所属安全域 | 当前状态    | 路扩展 | LRU touched
------------------------------------------------------------------
  0    |   域2      | 正常运行   |  是   |  416400000
  1    |   域3      | 正常运行   |  否   |  416399998
  2    |   域0      | 正常运行   |  否   |  416399999
  3    |   域2      | 正常运行   |  是   |  416399980
==================================================================

[动态重分配] 周期416400000：预约迁移 冗余域2(0%) -> 切片0 -> 饥饿域3(6%)
[切片剥夺] 周期416400000：切片0（所属域2）进入待剥夺状态，禁止新替换
[切片剥夺] 周期416400000：切片0在途请求已清空，开始执行脏行写回
[切片管理] 周期416403572：原域2仅剩1个切片，关闭路扩展模式
[动态重分配] 周期416403572：切片0写回完成，自动绑定到域3
[切片管理] 成功绑定切片0 → 安全域3，触发【路扩展模式】

======================== 切片硬件状态 ========================
切片号 | 所属安全域 | 当前状态    | 路扩展 | LRU touched
------------------------------------------------------------------
  0    |   域3      | 正常运行   |  是   |  416403572
  1    |   域3      | 正常运行   |  是   |  416403572
  2    |   域0      | 正常运行   |  否   |  416403572
  3    |   域2      | 正常运行   |  否   |  416403569
==================================================================


======================== 切片硬件状态 ========================
切片号 | 所属安全域 | 当前状态    | 路扩展 | LRU touched
------------------------------------------------------------------
  0    |   域3      | 正常运行   |  是   |  417600000
  1    |   域3      | 正常运行   |  是   |  417598621
  2    |   域0      | 正常运行   |  否   |  417599997
  3    |   域2      | 正常运行   |  否   |  417600000
==================================================================

[动态重分配] 周期417600000：预约迁移 冗余域3(1%) -> 切片0 -> 饥饿域2(7%)
[切片剥夺] 周期417600000：切片0（所属域3）进入待剥夺状态，禁止新替换
[切片剥夺] 周期417600000：切片0在途请求已清空，开始执行脏行写回
[切片管理] 周期417606138：原域3仅剩1个切片，关闭路扩展模式
[动态重分配] 周期417606138：切片0写回完成，自动绑定到域2
[切片管理] 成功绑定切片0 → 安全域2，触发【路扩展模式】

======================== 切片硬件状态 ========================
切片号 | 所属安全域 | 当前状态    | 路扩展 | LRU touched
------------------------------------------------------------------
  0    |   域2      | 正常运行   |  是   |  417606138
  1    |   域3      | 正常运行   |  否   |  417606118
  2    |   域0      | 正常运行   |  否   |  417606137
  3    |   域2      | 正常运行   |  是   |  417606138
==================================================================


======================== 切片硬件状态 ========================
切片号 | 所属安全域 | 当前状态    | 路扩展 | LRU touched
------------------------------------------------------------------
  0    |   域2      | 正常运行   |  是   |  418999989
  1    |   域3      | 正常运行   |  否   |  418999964
  2    |   域0      | 正常运行   |  否   |  418999957
  3    |   域2      | 正常运行   |  是   |  418999954
==================================================================

[动态重分配] 周期419000000：预约迁移 冗余域2(0%) -> 切片0 -> 饥饿域3(6%)
[切片剥夺] 周期419000000：切片0（所属域2）进入待剥夺状态，禁止新替换
[切片剥夺] 周期419000008：切片0在途请求已清空，开始执行脏行写回
[切片管理] 周期419000313：原域2仅剩1个切片，关闭路扩展模式
[动态重分配] 周期419000313：切片0写回完成，自动绑定到域3
[切片管理] 成功绑定切片0 → 安全域3，触发【路扩展模式】

======================== 切片硬件状态 ========================
切片号 | 所属安全域 | 当前状态    | 路扩展 | LRU touched
------------------------------------------------------------------
  0    |   域3      | 正常运行   |  是   |  419000313
  1    |   域3      | 正常运行   |  是   |  419000252
  2    |   域0      | 正常运行   |  否   |  419000209
  3    |   域2      | 正常运行   |  否   |  419000233
==================================================================


======================== 切片硬件状态 ========================
切片号 | 所属安全域 | 当前状态    | 路扩展 | LRU touched
------------------------------------------------------------------
  0    |   域3      | 正常运行   |  是   |  420599993
  1    |   域3      | 正常运行   |  是   |  420599999
  2    |   域0      | 正常运行   |  否   |  420599966
  3    |   域2      | 正常运行   |  否   |  420600000
==================================================================

[动态重分配] 周期420600000：预约迁移 冗余域3(0%) -> 切片0 -> 饥饿域2(14%)
[切片剥夺] 周期420600000：切片0（所属域3）进入待剥夺状态，禁止新替换
[切片剥夺] 周期420600000：切片0在途请求已清空，开始执行脏行写回
[切片管理] 周期420600284：原域3仅剩1个切片，关闭路扩展模式
[动态重分配] 周期420600284：切片0写回完成，自动绑定到域2
[切片管理] 成功绑定切片0 → 安全域2，触发【路扩展模式】

======================== 切片硬件状态 ========================
切片号 | 所属安全域 | 当前状态    | 路扩展 | LRU touched
------------------------------------------------------------------
  0    |   域2      | 正常运行   |  是   |  420600284
  1    |   域3      | 正常运行   |  否   |  420600268
  2    |   域0      | 正常运行   |  否   |  420600147
  3    |   域2      | 正常运行   |  是   |  420600047
==================================================================


======================== 切片硬件状态 ========================
切片号 | 所属安全域 | 当前状态    | 路扩展 | LRU touched
------------------------------------------------------------------
  0    |   域2      | 正常运行   |  是   |  424999985
  1    |   域3      | 正常运行   |  否   |  424999993
  2    |   域0      | 正常运行   |  否   |  425000000
  3    |   域2      | 正常运行   |  是   |  424999997
==================================================================

[动态重分配] 周期425000000：预约迁移 冗余域2(1%) -> 切片0 -> 饥饿域0(8%)
[切片剥夺] 周期425000000：切片0（所属域2）进入待剥夺状态，禁止新替换
[切片剥夺] 周期425000000：切片0在途请求已清空，开始执行脏行写回
[切片管理] 周期425000059：原域2仅剩1个切片，关闭路扩展模式
[动态重分配] 周期425000059：切片0写回完成，自动绑定到域0
[切片管理] 成功绑定切片0 → 安全域0，触发【路扩展模式】

======================== 切片硬件状态 ========================
切片号 | 所属安全域 | 当前状态    | 路扩展 | LRU touched
------------------------------------------------------------------
  0    |   域0      | 正常运行   |  是   |  425000059
  1    |   域3      | 正常运行   |  否   |  425000057
  2    |   域0      | 正常运行   |  是   |  425000059
  3    |   域2      | 正常运行   |  否   |  425000028
==================================================================


======================== 切片硬件状态 ========================
切片号 | 所属安全域 | 当前状态    | 路扩展 | LRU touched
------------------------------------------------------------------
  0    |   域0      | 正常运行   |  是   |  430900000
  1    |   域3      | 正常运行   |  否   |  430899999
  2    |   域0      | 正常运行   |  是   |  430899999
  3    |   域2      | 正常运行   |  否    dgemm_|  430900000
==================================================================

[动态重分配] 周期430900000：预约迁移 冗余域0(0%) -> 切片0 -> 饥饿域2(15%)
[切片剥夺] 周期430900000：切片0（所属域0）进入待剥夺状态，禁止新替换
[切片剥夺] 周期430900000：切片0在途请求已清空，开始执行脏行写回
[切片管理] 周期430901395：原域0仅剩1个切片，关闭路扩展模式
[动态重分配] 周期430901395：切片0写回完成，自动绑定到域2
[切片管理] 成功绑定切片0 → 安全域2，触发【路扩展模式】

======================== 切片硬件状态 ========================
切片号 | 所属安全域 | 当前状态    | 路扩展 | LRU touched
------------------------------------------------------------------
  0    |   域2      | 正常运行   |  是   |  430901395
  1    |   域3      | 正常运行   |  否   |  430901394
  2    |   域0      | 正常运行   |  否   |  430901393
  3    |   域2      | 正常运行   |  是   |  430901384
==================================================================


======================== 切片硬件状态 ========================
切片号 | 所属安全域 | 当前状态    | 路扩展 | LRU touched
------------------------------------------------------------------
  0    |   域2      | 正常运行   |  是   |  432199996
  1    |   域3      | 正常运行   |  否   |  432199996
  2    |   域0      | 正常运行   |  否   |  432199999
  3    |   域2      | 正常运行   |  是   |  432200000
==================================================================

[动态重分配] 周期432200000：预约迁移 冗余域2(0%) -> 切片0 -> 饥饿域0(6%)
[切片剥夺] 周期432200000：切片0（所属域2）进入待剥夺状态，禁止新替换
[切片剥夺] 周期432200000：切片0在途请求已清空，开始执行脏行写回
[切片管理] 周期432200209：原域2仅剩1个切片，关闭路扩展模式
[动态重分配] 周期432200209：切片0写回完成，自动绑定到域0
[切片管理] 成功绑定切片0 → 安全域0，触发【路扩展模式】

======================== 切片硬件状态 ========================
切片号 | 所属安全域 | 当前状态    | 路扩展 | LRU touched
------------------------------------------------------------------
  0    |   域0      | 正常运行   |  是   |  432200209
  1    |   域3      | 正常运行   |  否   |  432200127
  2    |   域0      | 正常运行   |  是   |  432200126
  3    |   域2      | 正常运行   |  否   |  432200209
==================================================================


======================== 切片硬件状态 ========================
切片号 | 所属安全域 | 当前状态    | 路扩展 | LRU touched
------------------------------------------------------------------
  0    |   域0      | 正常运行   |  是   |  446999965
  1    |   域3      | 正常运行   |  否   |  446999966
  2    |   域0      | 正常运行   |  是   |  446999965
  3    |   域2      | 正常运行   |  否   |  446999962
==================================================================

[动态重分配] 周期447000000：预约迁移 冗余域0(0%) -> 切片0 -> 饥饿域2(8%)
[切片剥夺] 周期447000000：切片0（所属域0）进入待剥夺状态，禁止新替换
[切片剥夺] 周期447000000：切片0在途请求已清空，开始执行脏行写回
[切片管理] 周期447000182：原域0仅剩1个切片，关闭路扩展模式
[动态重分配] 周期447000182：切片0写回完成，自动绑定到域2
[切片管理] 成功绑定切片0 → 安全域2，触发【路扩展模式】

======================== 切片硬件状态 ========================
切片号 | 所属安全域 | 当前状态    | 路扩展 | LRU touched
------------------------------------------------------------------
  0    |   域2      | 正常运行   |  是   |  447000182
  1    |   域3      | 正常运行   |  否   |  447000182
  2    |   域0      | 正常运行   |  否   |  447000177
  3    ruu_link_idep ruu_install_odep InstSRA |   域2      | 正常运行   |  是   |  446999962
==================================================================


======================== 切片硬件状态 ========================
切片号 | 所属安全域 | 当前状态    | 路扩展 | LRU touched
------------------------------------------------------------------
  0    |   域2      | 正常运行   |  是   |  448499996
  1    |   域3      | 正常运行   |  否   |  448499998
  2    |   域0      | 正常运行   |  否   |  448499998
  3    |   域2      | 正常运行   |  是   |  448499999
==================================================================

[动态重分配] 周期448500000：预约迁移 冗余域2(2%) -> 切片3 -> 饥饿域0(12%)
[切片剥夺] 周期448500000：切片3（所属域2）进入待剥夺状态，禁止新替换
[切片剥夺] 周期448500000：切片3在途请求已清空，开始执行脏行写回
[切片管理] 周期448500242：原域2仅剩1个切片，关闭路扩展模式
[动态重分配] 周期448500242：切片3写回完成，自动绑定到域0
[切片管理] 成功绑定切片3 → 安全域0，触发【路扩展模式】

======================== 切片硬件状态 ========================
切片号 | 所属安全域 | 当前状态    | 路扩展 | LRU touched
------------------------------------------------------------------
  0    |   域2      | 正常运行   |  否   |  448500242
  1    |   域3      | 正常运行   |  否   |  448500088
  2    |   域0      | 正常运行   |  是   |  448500054
  3    |   域0      | 正常运行   |  是   |  448500242
==================================================================


======================== 切片硬件状态 ========================
切片号 | 所属安全域 | 当前状态    | 路扩展 | LRU touched
------------------------------------------------------------------
  0    |   域2      | 正常运行   |  否   |  448599990
  1    |   域3      | 正常运行   |  否   |  448599982
  2    |   域0      | 正常运行   |  是   |  448599973
  3    |   域0      | 正常运行   |  是   |  448599947
==================================================================

[动态重分配] 周期448600000：预约迁移 冗余域0(1%) -> 切片2 -> 饥饿域2(9%)
[切片剥夺] 周期448600000：切片2（所属域0）进入待剥夺状态，禁止新替换
[切片剥夺] 周期448600000：切片2在途请求已清空，开始执行脏行写回
[切片管理] 周期448600200：原域0仅剩1个切片，关闭路扩展模式
[动态重分配] 周期448600200：切片2写回完成，自动绑定到域2
[切片管理] 成功绑定切片2 → 安全域2，触发【路扩展模式】

======================== 切片硬件状态 ========================
切片号 | 所属安全域 | 当前状态    | 路扩展 | LRU touched
------------------------------------------------------------------
  0    |   域2      | 正常运行   |  是   |  448600040
  1    |   域3      | 正常运行   |  否   |  448600007
  2    |   域2      | 正常运行   |  是   |  448600200
  3    |   域0      | 正常运行   |  否   |  448600027
==================================================================


======================== 切片硬件状态 ========================
切片号 | 所属安全域 | 当前状态    | 路扩展 | LRU touched
------------------------------------------------------------------
  0    |   域2      | 正常运行   |  是   |  456799994
  1    |   域3      | 正常运行   |  否   |  456800000
  2    |   域2      | 正常运行   |  是   |  456799992
  3    |   域0      | 正常运行   |  否   |  456799918
==================================================================

[动态重分配] 周期456800000：预约迁移 冗余域2(1%) -> 切片0 -> 饥饿域0(7%)
[切片剥夺] 周期456800000：切片0（所属域2）进入待剥夺状态，禁止新替换
[切片剥夺] 周期456800000：切片0在途请求已清空，开始执行脏行写回
[切片管理] 周期456803203：原域2仅剩1个切片，关闭路扩展� InstSRAV InstMULT InstMULTU simoo_reg_obj�式
[动态重分配] 周期456803203：切片0写回完成，自动绑定到域0
[切片管理] 成功绑定切片0 → 安全域0，触发【路扩展模式】

======================== 切片硬件状态 ========================
切片号 | 所属安全域 | 当前状态    | 路扩展 | LRU touched
------------------------------------------------------------------
  0    |   域0      | 正常运行   |  是   |  456803203
  1    |   域3      | 正常运行   |  否   |  456803202
  2    |   域2      | 正常运行   |  否   |  456803203
  3    |   域0      | 正常运行   |  是   |  456803133
==================================================================


======================== 切片硬件状态 ========================
切片号 | 所属安全域 | 当前状态    | 路扩展 | LRU touched
------------------------------------------------------------------
  0    |   域0      | 正常运行   |  是   |  461699885
  1    |   域3      | 正常运行   |  否   |  461699997
  2    |   域2      | 正常运行   |  否   |  461699998
  3    |   域0      | 正常运行   |  是   |  461699885
==================================================================

[动态重分配] 周期461700000：预约迁移 冗余域0(1%) -> 切片0 -> 饥饿域2(10%)
[切片剥夺] 周期461700000：切片0（所属域0）进入待剥夺状态，禁止新替换
[切片剥夺] 周期461700000：切片0在途请求已清空，开始执行脏行写回
[切片管理] 周期461700733：原域0仅剩1个切片，关闭路扩展模式
[动态重分配] 周期461700733：切片0写回完成，自动绑定到域2
[切片管理] 成功绑定切片0 → 安全域2，触发【路扩展模式】

======================== 切片硬件状态 ========================
切片号 | 所属安全域 | 当前状态    | 路扩展 | LRU touched
------------------------------------------------------------------
  0    |   域2      | 正常运行   |  是   |  461700733
  1    |   域3      | 正常运行   |  否   |  461700733
  2    |   域2      | 正常运行   |  是   |  461700719
  3    |   域0      | 正常运行   |  否   |  461700731
==================================================================


======================== 切片硬件状态 ========================
切片号 | 所属安全域 | 当前状态    | 路扩展 | LRU touched
------------------------------------------------------------------
  0    |   域2      | 正常运行   |  是   |  466499999
  1    |   域3      | 正常运行   |  否   |  466500000
  2    |   域2      | 正常运行   |  是   |  466500000
  3    |   域0      | 正常运行   |  否   |  466499961
==================================================================

[动态重分配] 周期466500000：预约迁移 冗余域2(0%) -> 切片0 -> 饥饿域3(6%)
[切片剥夺] 周期466500000：切片0（所属域2）进入待剥夺状态，禁止新替换
[切片剥夺] 周期466500000：切片0在途请求已清空，开始执行脏行写回
[切片管理] 周期466501266：原域2仅剩1个切片，关闭路扩展模式
[动态重分配] 周期466501266：切片0写回完成，自动绑定到域3
[切片管理] 成功绑定切片0 → 安全域3，触发【路扩展模式】

======================== 切片硬件状态 ========================
切片号 | 所属安全域 | 当前状态    | 路扩展 | LRU touched
------------------------------------------------------------------
  0    |   域3      | 正常运行   |  是   |  466501266
  1    |   域3      | 正常运行   |  是   |  466501264
  2    |   域2      | 正常运行   |  否   |  466501251
  3    |   域0      | 正常运行   |  否   |  466501173
==================================================================


======================== 切片硬件状态 ========================
切片号 | 所属安全域 | 当前状态    | 路扩展 | LRU touched
------------------------------------------------------------------
  0    |   域3      | 正常运行   |  是   |  473299996
  1    |   域3      | 正常运行   |  是   |  473299972
  2    |   域2      | 正常运行   |  否   |  473299991
  3    |   域0      | 正常运行   |  否   |  473300000
==================================================================

[动态重分配] 周期473300000：预约迁移 冗余域3(3%) -> 切片0 -> 饥饿域2(10%)
[切片剥夺] 周期473300000：切片0（所属域3）进入待剥夺状态，禁止新替换
[切片剥夺] 周期473300000：切片0在途请求已清空，开始执行脏行写回
[切片管理] 周期473315252：原域3仅剩1个切片，关闭路扩展模式
[动态重分配] 周期473315252：切片0写回完成，自动绑定到域2
[切片管理] 成功绑定切片0 → 安全域2，触发【路扩展模式】

======================== 切片硬件状态 ========================
切片号 | 所属安全域 | 当前状态    | 路扩展 | LRU touched
------------------------------------------------------------------
  0    |   域2      | 正常运行   |  是   |  473315252
  1    |   域3      | 正常运行   |  否   |  473315237
  2    |   域2      | 正常运行   |  是   |  473315251
  3    |   域0      | 正常运行   |  否   |  473315247
==================================================================


======================== 切片硬件状态 ========================
切片号 | 所属安全域 | 当前状态    | 路扩展 | LRU touched
------------------------------------------------------------------
  0    |   域2      | 正常运行   |  是   |  473899994
  1    |   域3      | 正常运行   |  否   |  473899998
  2    |   域2      | 正常运行   |  是   |  473900000
  3    |   域0      | 正常运行   |  否   |  473900000
==================================================================

[动态重分配] 周期473900000：预约迁移 冗余域2(0%) -> 切片2 -> 饥饿域3(7%)
[切片剥夺] 周期473900000：切片2（所属域2）进入待剥夺状态，禁止新替换
[切片剥夺] 周期473900000：切片2在途请求已清空，开始执行脏行写回
[切片管理] 周期473900263：原域2仅剩1个切片，关闭路扩展模式
[动态重分配] 周期473900263：切片2写回完成，自动绑定到域3
[切片管理] 成功绑定切片2 → 安全域3，触发【路扩展模式】

======================== 切片硬件状态 ========================
切片号 | 所属安全域 | 当前状态    | 路扩展 | LRU touched
------------------------------------------------------------------
  0    |   域2      | 正常运行   |  否   |  473900254
  1    |   域3      | 正常运行   |  是   |  473900263
  2    |   域3      | 正常运行   |  是   |  473900263
  3    |   域0      | 正常运行   |  否   |  473900260
==================================================================


======================== 切片硬件状态 ========================
切片号 | 所属安全域 | 当前状态    | 路扩展 | LRU touched
------------------------------------------------------------------
  0    |   域2      | 正常运行   |  否   |  476599999
  1    |   域3      | 正常运行   |  是   |  476600000
  2    |   域3      | 正常运行   |  是   |  476599991
  3    |   域0      | 正常运行   |  否   |  476599995
==================================================================

[动态重分配] 周期476600000：预约迁移 冗余域3(8%) -> 切片1 -> 饥饿域2(14%)
[切片剥夺] 周期476600000：切片1（所属域3）进入待剥夺状态，禁止新替换
[切片剥夺] 周期476600168：切片1在途请求已清空，开始执行脏行写回
[切片管理] 周期476602805：原域3仅剩1个切片，关闭路扩展模式
[动态重分配] 周期476602805：切片1写回完成，自动绑定到域2
[切片管理] 成功绑定切片1 → 安全域2，触发【路扩展模式】

======================== 切片硬件状态 ========================
切片号 | 所属安全域 | 当前状态    | 路扩展 | LRU touched
------------------------------------------------------------------
  0    |   域2      | 正常运行   |  是   |  476602803
  1    |   域2      | 正常运行   |  是   |  476602805
  2    |   域3      | 正常运行   |  否   |  476602805
  3    |   域0      | 正常运行   |  否   |  476602805
==================================================================


======================== 切片硬件状态 ========================
切片号 | 所属安全域 | 当前状态    | 路扩展 | LRU touched
------------------------------------------------------------------
  0    |   域2      | 正常运行   |  是   |  486600000
  1    |   域2      | 正常运行   |  是   |  486599881
  2    |   域3      | 正常运行   |  否   |  486599995
  3    |   域0      | 正常运行   |  否   |  486599999
==================================================================

[动态重分配] 周期486600000：预约迁移 冗余域2(0%) -> 切片0 -> 饥饿域3(6%)
[切片剥夺] 周期486600000：切片0（所属域2）进入待剥夺状态，禁止新替换
[切片剥夺] 周期486600000：切片0在途请求已清空，开始执行脏行写回
[切片管理] 周期486602364：原域2仅剩1个切片，关闭路扩展模式
[动态重分配] 周期486602364：切片0写回完成，自动绑定到域3
[切片管理] 成功绑定切片0 → 安全域3，触发【路扩展模式】

======================== 切片硬件状态 ========================
切片号 | 所属安全域 | 当前状态    | 路扩展 | LRU touched
------------------------------------------------------------------
  0    |   域3      | 正常运行   |  是   |  486602364
  1    |   域2      | 正常运行   |  否   |  486602361
  2    |   域3      | 正常运行   |  是   |  486602352
  3    |   域0      | 正常运行   |  否   |  486602364
==================================================================


======================== 切片硬件状态 ========================
切片号 | 所属安全域 | 当前状态    | 路扩展 | LRU touched
------------------------------------------------------------------
  0    |   域3      | 正常运行   |  是   |  487099997
  1    |   域2      | 正常运行   |  否   |  487099995
  2    |   域3      | 正常运行   |  是   |  487099951
  3    |   域0      | 正常运行   |  否   |  487100000
==================================================================

[动态重分配] 周期487100000：预约迁移 冗余域3(2%) -> 切片2 -> 饥饿域0(8%)
[切片剥夺] 周期487100000：切片2（所属域3）进入待剥夺状态，禁止新替换
[切片剥夺] 周期487100000：切片2在途请求已清空，开始执行脏行写回
[切片管理] 周期487102634：原域3仅剩1个切片，关闭路扩展模式
[动态重分配] 周期487102634：切片2写回完成，自动绑定到域0
[切片管理] 成功绑定切片2 → 安全域0，触发【路扩展模式】

======================== 切片硬件状态 ========================
切片号 | 所属安全域 | 当前状态    | 路扩展 | LRU touched
------------------------------------------------------------------
  0    |   域3      | 正常运行   |  否   |  487102623
  1    |   域2      | 正常运行   |  否   |  487102628
  2    |   域0      | 正常运行   |  是   |  487102634
  3    |   域0      | 正常运行   |  是   |  487102632
==================================================================


======================== 切片硬件状态 ========================
切片号 | 所属安全域 | 当前状态    | 路扩展 | LRU touched
------------------------------------------------------------------
  0    |   域3      | 正常运行   |  否   |  490699998
  1    |   域2      | 正常运行   |  否   |  490699999
  2    |   域0      | 正常运行   |  是   |  490699988
  3    |   域0      | 正常运行   |  是   |  490699990
==================================================================

[动态重分配] 周期490700000：预约迁移 冗余域0(0%) -> 切片2 -> 饥饿域3(6%)
[切片剥夺] 周期490700000：切片2（所属域0）进入待剥夺状态，禁止新替换
[切片剥夺] 周期490700000：切片2在途请求已清空，开始执行脏行写回
[切片管理] 周期490703147：原域0仅剩1个切片，关闭路扩展模式
[动态重分配] 周期490703147：切片2写回完成，自动绑定到域3
[切片管理] 成功绑定切片2 → 安全域3，触发【路扩展模式】

======================== 切片硬件状态 ========================
切片号 | 所属安全域 | 当前状态    | 路扩展 | LRU touched
------------------------------------------------------------------
  0    |   域3      | 正常运行   |  是   |  490703144
  1    |   域2      | 正常运行   |  否   |  490703146
  2    |   域3      | 正常运行   |  是   |  490703147
  3    |   域0      | 正常运行   |  否   |  490703147
==================================================================


======================== 切片硬件状态 ========================
切片号 | 所属安全域 | 当前状态    | 路扩展 | LRU touched
------------------------------------------------------------------
  0    |   域3      | 正常运行   |  是   |  493399998
  1    |   域2      | 正常运行   |  否   |  493399967
  2    |   域3      | 正常运行   |  是   |  493399811
  3    |   域0      | 正常运行   |  否   |  493399999
==================================================================

[动态重分配] 周期493400000：预约迁移 冗余域3(1%) -> 切片0 -> 饥饿域0(7%)
[切片剥夺] 周期493400000：切片0（所属域3）进入待剥夺状态，禁止新替换
[切片剥夺] 周期493400000：切片0在途请求已清空，开始执行脏行写回
[切片管理] 周期493410005：原域3仅剩1个切片，关闭路扩展模式
[动态重分配] 周期493410005：切片0写回完成，自动绑定到域0
[切片管理] 成功绑定切片0 → 安全域0，触发【路扩展模式】

======================== 切片硬件状态 ========================
切片号 | 所属安全域 | 当前状态    | 路扩展 | LRU touched
------------------------------------------------------------------
  0    |   域0      | 正常运行   |  是   |  493410005
  1    |   域2      | 正常运行   |  否   |  493410005
  2    |   域3      | 正常运行   |  否   |  493410001
  3    |   域0      | 正常运行   |  是   |  493410005
==================================================================


**** Debug Statistics at 501000000 Cycles *****
Threads: 4		Fetch Width: 8
No of useful instructions fetched:	1397391933 (34.87% proc util.)
No of total instructions fetched:	2061342662 (51.43% proc util.)
 includes 115601916 misfetch (5.6%), 548348813 (26.6%) wrong-path fetches
 and 0 flushed after failed lock(0.0%)
No of useful instructions issued/executed:	1397391895 (34.87% proc util.)
No of total instructions issued/executed:	1655958161 (41.32% proc util.)
 includes 258566266 wrong-path (15.6%) insts and 0 flushed (0.0%)
	fp 44779, 0.00%
	synch 0, 0.00%
	integer 1127573470, 68.09%
	load/store 528339912, 31.91%
Avg size of int IQ (before scheduling): 28.10
Avg size of fp IQ (before scheduling): 0.00
No of cycles taken:		501000000
Parallelism [ 0.661, 0.000, 0.751, 1.377,] = 2.789
 IQ conflicts: 11534372 (2.30%), FQ conflicts: 0 (0.00%) 
 I reg conflicts: 169714887 (33.88%), FP reg conflicts: 0 (0.00%)
  Activelist confs: 4506 (0.00%), ROB confs: 556237 (0.11%)
  Int unit conflicts: 598806134 (119.52%), FP unit conflicts: 9 (0.00%)
  Load/store unit conflicts: 97291021 (19.42%)
  MSHR conflicts: 352858781 (70.43%)
----------------------------------------
==== System-wide Cache Statistics ====
Stall for miss queue full 5687 cycles (0.00%)
----------------------------------------
==== Statistics for Master ID: 0 ====
Reads: 291383367   Writes: 46338806
ICACHE: size: 64 KB assoc: 2
ICACHE: hits:166252628 misses:5896536  Hit Ratio: 96.57%
DCACHE: size: 2*16 KB assoc: 2*4
DCACHE: hits:162290525 misses:3284665 writebacks:980363  Hit Ratio: 98.02%
SCACHE: size: 512 KB assoc: 2
SCACHE: hits:6906422 misses:2272597  Hit Ratio: 75.24%
3CACHE: size: 4096 KB assoc: 2
3CACHE: hits:1947604 misses:324992  Hit Ratio: 85.70%
3CACHE: dirty items replaced:114144
ITLB: size: 48, misses 437701, miss rate 0.25%
DTLB: size: 128, misses 462420, miss rate 0.28%
Avg mem delay: 2.262 cycles
----------------------------------------
==== Statistics for Master ID: 2 ====
Reads: 316295286   Writes: 52034752
ICACHE: size: 64 KB assoc: 2
ICACHE: hits:179980925 misses:5225546  Hit Ratio: 97.18%
DCACHE: size: 1*16 KB assoc: 1*4
DCACHE: hits:179517375 misses:3608743 writebacks:1211920  Hit Ratio: 98.03%
SCACHE: size: 512 KB assoc: 2
SCACHE: hits:6433781 misses:2397957  Hit Ratio: 72.85%
3CACHE: size: 4096 KB assoc: 2
3CACHE: hits:2046501 misses:351456  Hit Ratio: 85.34%
3CACHE: dirty items replaced:113834
ITLB: size: 48, misses 395289, miss rate 0.21%
DTLB: size: 128, misses 464491, miss rate 0.25%
Avg mem delay: 2.262 cycles
----------------------------------------
==== Statistics for Master ID: 3 ====
Reads: 349277743   Writes: 51171767
ICACHE: size: 64 KB assoc: 2
ICACHE: hits:222020809 misses:77319  Hit Ratio: 99.97%
DCACHE: size: 1*16 KB assoc: 1*4
DCACHE: hits:173331682 misses:5021626 writebacks:2666111  Hit Ratio: 97.18%
SCACHE: size: 512 KB assoc: 2
SCACHE: hits:2067416 misses:3029603  Hit Ratio: 40.56%
3CACHE: size: 4096 KB assoc: 2
3CACHE: hits:753482 misses:2276120  Hit Ratio: 24.87%
3CACHE: dirty items replaced:137634
ITLB: size: 48, misses 3304, miss rate 0.00%
DTLB: size: 128, misses 271495, miss rate 0.15%
Avg mem delay: 2.262 cycles
----------------------------------------
==== Global Resource Utilization ====
STASH: size: 65536 entries, full 2288047763, empty 85582669, misses 7620089, full rate 96.09
icache bank util. 0.167 0.136 0.126 0.140 0.153 0.184 0.140 0.177 
dcache bank util. 0.133 0.132 0.148 0.138 0.157 0.150 0.162 0.133 
L2 bank util. 0.040 0.041 0.039 0.041 0.040 0.037 0.040 0.042 
L1-L2 bus util. = 0.167, L3 util. = 0.059
----------------------------------------

======================== 切片硬件状态 ========================
切片号 | 所属安全域 | 当前状态    | 路扩展 | LRU touched
------------------------------------------------------------------
  0    |   域0      | 正常运行   |  是   |  500999988
  1    |   域2      | 正常运行   |  否   |  500999996
  2    |   域3      | 正常运行   |  否   |  500999983
  3    |   域0      | 正常运行   |  是   |  500999986
==================================================================

branch prediction, hits = 119706858, misses = 22537704, hit rate = 84.16%
return_stack prediction, hits = 11882597, misses = 11891, hit rate = 99.90%
jump prediction, hits = 106496905, misses = 28963415, hit rate = 78.62%

======================== 切片硬件状态 ========================
切片号 | 所属安全域 | 当前状态    | 路扩展 | LRU touched
------------------------------------------------------------------
  0    |   域0      | 正常运行   |  是   |  502099233
  1    |   域2      | 正常运行   |  否   |  502099983
  2    |   域3      | 正常运行   |  否   |  502099983
  3    |   域0      | 正常运行   |  是   |  502098858
==================================================================

[动态重分配] 周期502100000：预约迁移 冗余域0(0%) -> 切片0 -> 饥饿域2(6%)
[切片剥夺] 周期502100000：切片0（所属域0）进入待剥夺状态，禁止新替换
[切片剥夺] 周期502100000：切片0在途请求已清空，开始执行脏行写回
[切片管理] 周期502101494：原域0仅剩1个切片，关闭路扩展模式
[动态重分配] 周期502101494：切片0写回完成，自动绑定到域2
[切片管理] 成功绑定切片0 → 安全域2，触发【路扩展模式】

======================== 切片硬件状态 ========================
切片号 | 所属安全域 | 当前状态    | 路扩展 | LRU touched
------------------------------------------------------------------
  0    |   域2      | 正常运行   |  是   |  502101494
  1    |   域2      | 正常运行   |  是   |  502101480
  2    |   域3      | 正常运行   |  否   |  502101462
  3    |   域0      | 正常运行   |  否   |  502101478
==================================================================


======================== 切片硬件状态 ========================
切片号 | 所属安全域 | 当前状态    | 路扩展 | LRU touched
------------------------------------------------------------------
  0    |   域2      | 正常运行   |  是   |  507399994
  1    |   域2      | 正常运行   |  是   |  507399980
  2    |   域3      | 正常运行   |  否   |  507399998
  3    |   域0      | 正常运行   |  否   |  507399998
==================================================================

[动态重分配] 周期507400000：预约迁移 冗余域2(0%) -> 切片0 -> 饥饿域3(6%)
[切片剥夺] 周期507400000：切片0（所属域2）进入待剥夺状态，禁止新替换
[切片剥夺] 周期507400000：切片0在途请求已清空，开始执行脏行写回
[切片管理] 周期507400284：原域2仅剩1个切片，关闭路扩展模式
[动态重分配] 周期507400284：切片0写回完成，自动绑定到域3
[切片管理] 成功绑定切片0 → 安全域3，触发【路扩展模式】

======================== 切片硬件状态 ========================
切片号 | 所属安全域 | 当前状态    | 路扩展 | LRU touched
------------------------------------------------------------------
  0    |   域3      | 正常运行   |  是   |  507400284
  1    |   域2      | 正常运行   |  否   |  507400043
  2    |   域3      | 正常运行   |  是   |  507400283
  3    |   域0      | 正常运行   |  否   |  507400075
==================================================================


======================== 切片硬件状态 ========================
切片号 | 所属安全域 | 当前状态    | 路扩展 | LRU touched
------------------------------------------------------------------
  0    |   域3      | 正常运行   |  是   |  508899997
  1    |   域2      | 正常运行   |  否   |  508900000
  2    |   域3      | 正常运行   |  是   |  508899999
  3    |   域0      | 正常运行   |  否   |  508899928
==================================================================

[动态重分配] 周期508900000：预约迁移 冗余域3(3%) -> 切片0 -> 饥饿域0(10%)
[切片剥夺] 周期508900000：切片0（所属域3）进入待剥夺状态，禁止新替换
[切片剥夺] 周期508900000：切片0在途请求已清空，开始执行脏行写回
[切片管理] 周期508900196：原域3仅剩1个切片，关闭路扩展模式
[动态重分配] 周期508900196：切片0写回完成，自动绑定到域0
[切片管理] 成功绑定切片0 →  dgemv_ ruu_dispatch安全域0，触发【路扩展模式】

======================== 切片硬件状态 ========================
切片号 | 所属安全域 | 当前状态    | 路扩展 | LRU touched
------------------------------------------------------------------
  0    |   域0      | 正常运行   |  是   |  508900196
  1    |   域2      | 正常运行   |  否   |  508900188
  2    |   域3      | 正常运行   |  否   |  508900177
  3    |   域0      | 正常运行   |  是   |  508899928
==================================================================


======================== 切片硬件状态 ========================
切片号 | 所属安全域 | 当前状态    | 路扩展 | LRU touched
------------------------------------------------------------------
  0    |   域0      | 正常运行   |  是   |  509099973
  1    |   域2      | 正常运行   |  否   |  509099997
  2    |   域3      | 正常运行   |  否   |  509099996
  3    |   域0      | 正常运行   |  是   |  509099997
==================================================================

[动态重分配] 周期509100000：预约迁移 冗余域0(0%) -> 切片3 -> 饥饿域2(11%)
[切片剥夺] 周期509100000：切片3（所属域0）进入待剥夺状态，禁止新替换
[切片剥夺] 周期509100000：切片3在途请求已清空，开始执行脏行写回
[切片管理] 周期509100293：原域0仅剩1个切片，关闭路扩展模式
[动态重分配] 周期509100293：切片3写回完成，自动绑定到域2
[切片管理] 成功绑定切片3 → 安全域2，触发【路扩展模式】

======================== 切片硬件状态 ========================
切片号 | 所属安全域 | 当前状态    | 路扩展 | LRU touched
------------------------------------------------------------------
  0    |   域0      | 正常运行   |  否   |  509100267
  1    |   域2      | 正常运行   |  是   |  509100293
  2    |   域3      | 正常运行   |  否   |  509100288
  3    |   域2      | 正常运行   |  是   |  509100293
==================================================================


======================== 切片硬件状态 ========================
切片号 | 所属安全域 | 当前状态    | 路扩展 | LRU touched
------------------------------------------------------------------
  0    |   域0      | 正常运行   |  否   |  510799999
  1    |   域2      | 正常运行   |  是   |  510799988
  2    |   域3      | 正常运行   |  否   |  510800000
  3    |   域2      | 正常运行   |  是   |  510799993
==================================================================

[动态重分配] 周期510800000：预约迁移 冗余域2(1%) -> 切片1 -> 饥饿域0(7%)
[切片剥夺] 周期510800000：切片1（所属域2）进入待剥夺状态，禁止新替换
[切片剥夺] 周期510800000：切片1在途请求已清空，开始执行脏行写回
[切片管理] 周期510800146：原域2仅剩1个切片，关闭路扩展模式
[动态重分配] 周期510800146：切片1写回完成，自动绑定到域0
[切片管理] 成功绑定切片1 → 安全域0，触发【路扩展模式】

======================== 切片硬件状态 ========================
切片号 | 所属安全域 | 当前状态    | 路扩展 | LRU touched
------------------------------------------------------------------
  0    |   域0      | 正常运行   |  是   |  510800066
  1    |   域0      | 正常运行   |  是   |  510800146
  2    |   域3      | 正常运行   |  否   |  510800059
  3    |   域2      | 正常运行   |  否   |  510800117
==================================================================


======================== 切片硬件状态 ========================
切片号 | 所属安全域 | 当前状态    | 路扩展 | LRU touched
------------------------------------------------------------------
  0    |   域0      | 正常运行   |  是   |  521899898
  1    |   域0      | 正常运行   |  是   |  521899925
  2    |   域3      | 正常运行   |  否   |  521900000
  3    |   域2      | 正常运行   |  否   |  521899997
==================================================================

[动态重分配] 周期521900000：预约迁移 冗余域0(1%) -> 切片0 -> 饥饿域2(7%)
[切片剥夺] 周期521900000：切片0（所属域0）进入待剥夺状态，禁止新替换
[切片剥夺] 周期521900000：切片0在途请求已清空，开始执行脏行写回
[切片管理] 周期521900224：原域0仅剩1个切片，关闭路扩展模式
[动态重分配] 周期521900224：切片0写回完成，自动绑定到域2
[切片管理] 成功绑定切片0 → 安全域2，触发【路扩展模式】

======================== 切片硬件状态 ========================
切片号 | 所属安全域 | 当前状态    | 路扩展 | LRU touched
------------------------------------------------------------------
  0    |   域2      | 正常运行   |  是   |  521900224
  1    |   域0      | 正常运行   |  否   |  521899925
  2    |   域3      | 正常运行   |  否   |  521900221
  3    |   域2      | 正常运行   |  是   |  521900214
==================================================================


======================== 切片硬件状态 ========================
切片号 | 所属安全域 | 当前状态    | 路扩展 | LRU touched
------------------------------------------------------------------
  0    |   域2      | 正常运行   |  是   |  542699999
  1    |   域0      | 正常运行   |  否   |  542699923
  2    |   域3      | 正常运行   |  否   |  542699999
  3    |   域2      | 正常运行   |  是   |  542699997
==================================================================

[动态重分配] 周期542700000：预约迁移 冗余域2(0%) -> 切片0 -> 饥饿域3(6%)
[切片剥夺] 周期542700000：切片0（所属域2）进入待剥夺状态，禁止新替换
[切片剥夺] 周期542700000：切片0在途请求已清空，开始执行脏行写回
[切片管理] 周期542700779：原域2仅剩1个切片，关闭路扩展模式
[动态重分配] 周期542700779：切片0写回完成，自动绑定到域3
[切片管理] 成功绑定切片0 → 安全域3，触发【路扩展模式】

======================== 切片硬件状态 ========================
切片号 | 所属安全域 | 当前状态    | 路扩展 | LRU touched
------------------------------------------------------------------
  0    |   域3      | 正常运行   |  是   |  542700779
  1    |   域0      | 正常运行   |  否   |  542700771
  2    |   域3      | 正常运行   |  是   |  542700779
  3    |   域2      | 正常运行   |  否   |  542700778
==================================================================


======================== 切片硬件状态 ========================
切片号 | 所属安全域 | 当前状态    | 路扩展 | LRU touched
------------------------------------------------------------------
  0    |   域3      | 正常运行   |  是   |  549799999
  1    |   域0      | 正常运行   |  否   |  549799980
  2    |   域3      | 正常运行   |  是   |  549799996
  3    |   域2      | 正常运行   |  否   |  549800000
==================================================================

[动态重分配] 周期549800000：预约迁移 冗余域3(0%) -> 切片0 -> 饥饿域2(7%)
[切片剥夺] 周期549800000：切片0（所属域3）进入待剥夺状态，禁止新替换
[切片剥夺] 周期549800000：切片0在途请求已清空，开始执行脏行写回
[切片管理] 周期549800290：原域3仅剩1个切片，关闭路扩展模式
[动态重分配] 周期549800290：切片0写回完成，自动绑定到域2
[切片管理] 成功绑定切片0 → 安全域2，触发【路扩展模式】

======================== 切片硬件状态 ========================
切片号 | 所属安全域 | 当前状态    | 路扩展 | LRU touched
------------------------------------------------------------------
  0    |   域2      | 正常运行   |  是   |  549800290
  1    |   域0      | 正常运行   |  否   |  549799980
  2    |   域3      | 正常运行   |  否   |  549800052
  3    |   域2      | 正常运行   |  是   |  549800063
==================================================================


======================== 切片硬件状态 ========================
切片号 | 所属安全域 | 当前状态    | 路扩展 | LRU touched
------------------------------------------------------------------
  0    |   域2      | 正常运行   |  是   |  558399999
  1    |   域0      | 正常运行   |  否   |  558399899
  2    |   域3      | 正常运行   |  否   |  558399998
  3    |   域2      | 正常运行   |  是   |  558400000
==================================================================

[动态重分配] 周期558400000：预约迁移 冗余域2(0%) -> 切片0 -> 饥饿域3(6%)
[切片剥夺] 周期558400000：切片0（所属域2）进入待剥夺状态，禁止新替换
[切片剥夺] 周期558400000：切片0在途请求已清空，开始执行脏行写回
[切片管理] 周期558400293：原域2仅剩1个切片，关闭路扩展模式
[动态重分配] 周期558400293：切片0写回完成，自动绑定到域3
[切片管理] 成功绑定切片0 → 安全域3，触发【路扩展模式】

======================== 切片硬件状态 ========================
切片号 | 所属安全域 | 当前状态    | 路扩展 | LRU touched
------------------------------------------------------------------
  0    |   域3      | 正常运行   |  是   |  558400293
  1    |   域0      | 正常运行   |  否   |  558399899
  2    |   域3      | 正常运行   |  是   |  558400204
  3    |   域2      | 正常运行   |  否   |  558400201
==================================================================


======================== 切片硬件状态 ========================
切片号 | 所属安全域 | 当前状态    | 路扩展 | LRU touched
------------------------------------------------------------------
  0    |   域3      | 正常运行   |  是   |  561199978
  1    |   域0      | 正常运行   |  否   |  561199771
  2    |   域3      | 正常运行   |  是   |  561196795
  3    |   域2      | 正常运行   |  否   |  561199978
==================================================================

[动态重分配] 周期561200000：预约迁移 冗余域3(1%) -> 切片0 -> 饥饿域0(7%)
[切片剥夺] 周期561200000：切片0（所属域3）进入待剥夺状态，禁止新替换
[切片剥夺] 周期561200000：切片0在途请求已清空，开始执行脏行写回
[切片管理] 周期561204233：原域3仅剩1个切片，关闭路扩展模式
[动态重分配] 周期561204233：切片0写回完成，自动绑定到域0
[切片管理] 成功绑定切片0 → 安全域0，触发【路扩展模式】

======================== 切片硬件状态 ========================
切片号 | 所属安全域 | 当前状态    | 路扩展 | LRU touched
------------------------------------------------------------------
  0    |   域0      | 正常运行   |  是   |  561204233
  1    |   域0      | 正常运行   |  是   |  561204218
  2    |   域3      | 正常运行   |  否   |  561204214
  3    |   域2      | 正常运行   |  否   |  561204219
==================================================================


======================== 切片硬件状态 ========================
切片号 | 所属安全域 | 当前状态    | 路扩展 | LRU touched
------------------------------------------------------------------
  0    |   域0      | 正常运行   |  是   |  564499943
  1    |   域0      | 正常运行   |  是   |  564499734
  2    |   域3      | 正常运行   |  否   |  564499997
  3    |   域2      | 正常运行   |  否   |  564499993
==================================================================

[动态重分配] 周期564500000：预约迁移 冗余域0(2%) -> 切片1 -> 饥饿域2(10%)
[切片剥夺] 周期564500000：切片1（所属域0）进入待剥夺状态，禁止新替换
[切片剥夺] 周期564500000：切片1在途请求已清空，开始执行脏行写回
[切片管理] 周期564502917：原域0仅剩1个切片，关闭路扩展� dgeqr2_ dgeqrf_�式
[动态重分配] 周期564502917：切片1写回完成，自动绑定到域2
[切片管理] 成功绑定切片1 → 安全域2，触发【路扩展模式】

======================== 切片硬件状态 ========================
切片号 | 所属安全域 | 当前状态    | 路扩展 | LRU touched
------------------------------------------------------------------
  0    |   域0      | 正常运行   |  否   |  564502915
  1    |   域2      | 正常运行   |  是   |  564502917
  2    |   域3      | 正常运行   |  否   |  564502906
  3    |   域2      | 正常运行   |  是   |  564502916
==================================================================


======================== 切片硬件状态 ========================
切片号 | 所属安全域 | 当前状态    | 路扩展 | LRU touched
------------------------------------------------------------------
  0    |   域0      | 正常运行   |  否   |  576199972
  1    |   域2      | 正常运行   |  是   |  576199999
  2    |   域3      | 正常运行   |  否   |  576200000
  3    |   域2      | 正常运行   |  是   |  576199999
==================================================================

[动态重分配] 周期576200000：预约迁移 冗余域2(1%) -> 切片1 -> 饥饿域0(7%)
[切片剥夺] 周期576200000：切片1（所属域2）进入待剥夺状态，禁止新替换
[切片剥夺] 周期576200000：切片1在途请求已清空，开始执行脏行写回
[切片管理] 周期576200254：原域2仅剩1个切片，关闭路扩展模式
[动态重分配] 周期576200254：切片1写回完成，自动绑定到域0
[切片管理] 成功绑定切片1 → 安全域0，触发【路扩展模式】

======================== 切片硬件状态 ========================
切片号 | 所属安全域 | 当前状态    | 路扩展 | LRU touched
------------------------------------------------------------------
  0    |   域0      | 正常运行   |  是   |  576200099
  1    |   域0      | 正常运行   |  是   |  576200254
  2    |   域3      | 正常运行   |  否   |  576200254
  3    |   域2      | 正常运行   |  否   |  576200126
==================================================================


======================== 切片硬件状态 ========================
切片号 | 所属安全域 | 当前状态    | 路扩展 | LRU touched
------------------------------------------------------------------
  0    |   域0      | 正常运行   |  是   |  588699957
  1    |   域0      | 正常运行   |  是   |  588699952
  2    |   域3      | 正常运行   |  否   |  588699961
  3    |   域2      | 正常运行   |  否   |  588699956
==================================================================

[动态重分配] 周期588700000：预约迁移 冗余域0(0%) -> 切片0 -> 饥饿域3(6%)
[切片剥夺] 周期588700000：切片0（所属域0）进入待剥夺状态，禁止新替换
[切片剥夺] 周期588700000：切片0在途请求已清空，开始执行脏行写回
[切片管理] 周期588700272：原域0仅剩1个切片，关闭路扩展模式
[动态重分配] 周期588700272：切片0写回完成，自动绑定到域3
[切片管理] 成功绑定切片0 → 安全域3，触发【路扩展模式】

======================== 切片硬件状态 ========================
切片号 | 所属安全域 | 当前状态    | 路扩展 | LRU touched
------------------------------------------------------------------
  0    |   域3      | 正常运行   |  是   |  588700272
  1    |   域0      | 正常运行   |  否   |  588700191
  2    |   域3      | 正常运行   |  是   |  588700172
  3    |   域2      | 正常运行   |  否   |  588700183
==================================================================


======================== 切片硬件状态 ========================
切片号 | 所属安全域 | 当前状态    | 路扩展 | LRU touched
------------------------------------------------------------------
  0    |   域3      | 正常运行   |  是   |  595499892
  1    |   域0      | 正常运行   |  否   |  595499968
  2    |   域3      | 正常运行   |  是   |  595499992
  3    |   域2      | 正常运行   |  否   |  595499785
==================================================================

[动态重分配] 周期595500000：预约迁移 冗余域3(2%) -> 切片0 -> 饥饿域0(8%)
[切片剥夺] 周期595500000：切片0（所属域3）进入待剥夺状态，禁止新替换
[切片剥夺] 周期595500368：切片0在途请求已清空，开始执行脏行写回
[切片管理] 周期595500771：原域3仅剩1个切片，关闭路扩展模式
[动态重分配] 周期595500771：切片0写回完成，自动绑定到域0
[切片管理] 成功绑定切片0 → 安全域0，触发【路扩展模式】

======================== 切片硬件状态 ========================
切片号 | 所属安全域 | 当前状态    | 路扩展 | LRU touched
------------------------------------------------------------------
  0    |   域0      | 正常运行   |  是   |  595500771
  1    |   域0      | 正常运行   |  是   |  595500764
  2    |   域3      | 正常运行   |  否   |  595500768
  3    |   域2      | 正常运行   |  否   |  595500768
==================================================================


======================== 切片硬件状态 ========================
切片号 | 所属安全域 | 当前状态    | 路扩展 | LRU touched
------------------------------------------------------------------
  0    |   域0      | 正常运行   |  是   |  599399999
  1    |   域0      | 正常运行   |  是   |  599400000
  2    |   域3      | 正常运行   |  否   |  599399955
  3    |   域2      | 正常运行   |  否   |  599400000
==================================================================

[动态重分配] 周期599400000：预约迁移 冗余域0(0%) -> 切片1 -> 饥饿域2(6%)
[切片剥夺] 周期599400000：切片1（所属域0）进入待剥夺状态，禁止新替换
[切片剥夺] 周期599400000：切片1在途请求已清空，开始执行脏行写回
[切片管理] 周期599401386：原域0仅剩1个切片，关闭路扩展模式
[动态重分配] 周期599401386：切片1写回完成，自动绑定到域2
[切片管理] 成功绑定切片1 → 安全域2，触发【路扩展模式】

======================== 切片硬件状态 ========================
切片号 | 所属安全域 | 当前状态    | 路扩展 | LRU touched
------------------------------------------------------------------
  0    |   域0      | 正常运行   |  否   |  599401382
  1    |   域2      | 正常运行   |  是   |  599401386
  2    |   域3      | 正常运行   |  否   |  599401386
  3    |   域2      | 正常运行   |  是   |  599401374
==================================================================


**** Debug Statistics at 601000000 Cycles *****
Threads: 4		Fetch Width: 8
No of useful instructions fetched:	1717782973 (35.73% proc util.)
No of total instructions fetched:	2522625263 (52.47% proc util.)
 includes 137189332 misfetch (5.4%), 667652958 (26.5%) wrong-path fetches
 and 0 flushed after failed lock(0.0%)
No of useful instructions issued/executed:	1717782960 (35.73% proc util.)
No of total instructions issued/executed:	2034477304 (42.31% proc util.)
 includes 316694344 wrong-path (15.6%) insts and 0 flushed (0.0%)
	fp 53564, 0.00%
	synch 0, 0.00%
	integer 1386959236, 68.17%
	load/store 647464504, 31.82%
Avg size of int IQ (before scheduling): 28.66
Avg size of fp IQ (before scheduling): 0.00
No of cycles taken:		601000000
Parallelism [ 0.667, 0.000, 0.760, 1.432,] = 2.858
 IQ conflicts: 15347492 (2.55%), FQ conflicts: 0 (0.00%) 
 I reg conflicts: 193815965 (32.25%), FP reg conflicts: 0 (0.00%)
  Activelist confs: 5459 (0.00%), ROB confs: 727667 (0.12%)
  Int unit conflicts: 744419747 (123.86%), FP unit conflicts: 10 (0.00%)
  Load/store unit conflicts: 120704139 (20.08%)
  MSHR conflicts: 402497845 (66.97%)
----------------------------------------
==== System-wide Cache Statistics ====
Stall for miss queue full 6756 cycles (0.00%)
----------------------------------------
==== Statistics for Master ID: 0 ====
Reads: 350583805   Writes: 56975043
ICACHE: size: 64 KB assoc: 2
ICACHE: hits:199774129 misses:7116407  Hit Ratio: 96.56%
DCACHE: size: 1*16 KB assoc: 1*4
DCACHE: hits:196722158 misses:3948989 writebacks:1172182  Hit Ratio: 98.03%
SCACHE: size: 512 KB assoc: 2
SCACHE: hits:8237297 misses:2825263  Hit Ratio: 74.46%
3CACHE: size: 4096 KB assoc: 2
3CACHE: hits:2370348 misses:454914  Hit Ratio: 83.90%
3CACHE: dirty items replaced:184573
ITLB: size: 48, misses 566680, miss rate 0.27%
DTLB: size: 128, misses 562460, miss rate 0.28%
Avg mem delay: 2.135 cycles
----------------------------------------
==== Statistics for Master ID: 2 ====
Reads: 385413249   Writes: 63659829
ICACHE: size: 64 KB assoc: 2
ICACHE: hits:219324352 misses:6276010  Hit Ratio: 97.22%
DCACHE: size: 2*16 KB assoc: 2*4
DCACHE: hits:219154285 misses:4321393 writebacks:1421364  Hit Ratio: 98.07%
SCACHE: size: 512 KB assoc: 2
SCACHE: hits:7704649 misses:2889792  Hit Ratio: 72.72%
3CACHE: size: 4096 KB assoc: 2
3CACHE: hits:2423444 misses:466348  Hit Ratio: 83.86%
3CACHE: dirty items replaced:177597
ITLB: size: 48, misses 497290, miss rate 0.22%
DTLB: size: 128, misses 566813, miss rate 0.25%
Avg mem delay: 2.135 cycles
----------------------------------------
==== Statistics for Master ID: 3 ====
Reads: 433860145   Writes: 62964697
ICACHE: size: 64 KB assoc: 2
ICACHE: hits:274889242 misses:93043  Hit Ratio: 99.97%
DCACHE: size: 1*16 KB assoc: 1*4
DCACHE: hits:216084557 misses:5760442 writebacks:3064167  Hit Ratio: 97.40%
SCACHE: size: 512 KB assoc: 2
SCACHE: hits:2550167 misses:3300876  Hit Ratio: 43.58%
3CACHE: size: 4096 KB assoc: 2
3CACHE: hits:950113 misses:2350763  Hit Ratio: 28.78%
3CACHE: dirty items replaced:177141
ITLB: size: 48, misses 4208, miss rate 0.00%
DTLB: size: 128, misses 310348, miss rate 0.14%
Avg mem delay: 2.135 cycles
----------------------------------------
==== Global Resource Utilization ====
STASH: size: 65536 entries, full 2778818480, empty 105228138, misses 9314950, full rate 96.04
icache bank util. 0.171 0.139 0.130 0.142 0.155 0.182 0.143 0.183 
dcache bank util. 0.136 0.135 0.153 0.139 0.160 0.150 0.164 0.135 
L2 bank util. 0.040 0.041 0.039 0.041 0.039 0.037 0.039 0.041 
L1-L2 bus util. = 0.166, L3 util. = 0.054
----------------------------------------

======================== 切片硬件状态 ========================
切片号 | 所属安全域 | 当前状态    | 路扩展 | LRU touched
------------------------------------------------------------------
  0    |   域0      | 正常运行   |  否   |  600999999
  1    |   域2      | 正常运行   |  是   |  600999827
  2    |   域3      | 正常运行   |  否   |  600999995
  3    |   域2      | 正常运行   |  是   |  600999825
==================================================================

branch prediction, hits = 144273516, misses = 26830821, hit rate = 84.32%
return_stack prediction, hits = 14615678, misses = 20419, hit rate = 99.86%
jump prediction, hits = 129985700, misses = 34468369, hit rate = 79.04%

======================== 切片硬件状态 ========================
切片号 | 所属安全域 | 当前状态    | 路扩展 | LRU touched
------------------------------------------------------------------
  0    |   域0      | 正常运行   |  否   |  604699971
  1    |   域2      | 正常运行   |  是   |  604699995
  2    |   域3      | 正常运行   |  否   |  604699950
  3    |   域2      | 正常运行   |  是   |  604699937
==================================================================

[动态重分配] 周期604700000：预约迁移 冗余域2(0%) -> 切片1 -> 饥饿域0(6%)
[切片剥夺] 周期604700000：切片1（所属域2）进入待剥夺状态，禁止新替换
[切片剥夺] 周期604700000：切片1在途请求已清空，开始执行脏行写回
[切片管理] 周期604701281：原域2仅剩1个切片，关闭路扩展模式
[动态重分配] 周期604701281：切片1写回完成，自动绑定到域0
[切片管理] 成功绑定切片1 → 安全域0，触发【路扩展模式】

======================== 切片硬件状态 ========================
切片号 | 所属安全域 | 当前状态    | 路扩展 | LRU touched
------------------------------------------------------------------
  0    |   域0      | 正常运行   |  是   |  604701280
  1    |   域0      | 正常运行   |  是   |  604701281
  2    |   域3      | 正常运行   |  否   |  604701272
  3    |   域2      | 正常运行   |  否   |  604701275
==================================================================


======================== 切片硬件状态 ========================
切片号 | 所属安全域 | 当前状态    | 路扩展 | LRU touched
------------------------------------------------------------------
  0    |   域0      | 正常运行   |  是   |  605599993
  1    |   域0      | 正常运行   |  是   |  605599937
  2    |   域3      | 正常运行   |  否   |  605599998
  3    |   域2      | 正常运行   |  否   |  605599999
==================================================================

[动态重分配] 周期605600000：预约迁移 冗余域0(0%) -> 切片0 -> 饥饿域3(6%)
[切片剥夺] 周期605600000：切片0（所属域0）进入待剥夺状态，禁止新替换
[切片剥夺] 周期605600000：切片0在途请求已清空，开始执行脏行写回
[切片管理] 周期605600554：原域0仅剩1个切片，关闭路扩展模式
[动态重分配] 周期605600554：切片0写回完成，自动绑定到域3
[切片管理] 成功绑定切片0 → 安全域3，触发【路扩展模式】

======================== 切片硬件状态 ========================
切片号 | 所属安全域 | 当前状态    | 路扩展 | LRU touched
------------------------------------------------------------------
  0    |   域3      | 正常运行   |  是   |  605600554
  1    |   域0      | 正常运行   |  否   |  605600525
  2    |   域3      | 正常运行   |  是   |  605600554
  3    |   域2      | 正常运行   |  否   |  605600553
==================================================================


======================== 切片硬件状态 ========================
切片号 | 所属安全域 | 当前状态    | 路扩展 | LRU touched
------------------------------------------------------------------
  0    |   域3      | 正常运行   |  是   |  607699877
  1    |   域0      | 正常运行   |  否   |  607699983
  2    |   域3      | 正常运行   |  是   |  607699971
  3    |   域2      | 正常运行   |  否   |  607699981
==================================================================

[动态重分配] 周期607700000：预约迁移 冗余域3(2%) -> 切片0 -> 饥饿域0(12%)
[切片剥夺] 周期607700000：切片0（所属域3）进入待剥夺状态，禁止新替换
[切片剥夺] 周期607700000：切片0在途请求已清空，开始执行脏行写回
[切片管理] 周期607702631：原域3仅剩1个切片，关闭路扩展模式
[动态重分配] 周期607702631：切片0写回完成，自动绑定到域0
[切片管理] 成功绑定切片0 → 安全域0，触发【路扩展模式】

======================== 切片硬件状态 ========================
切片号 | 所属安全域 | 当前状态    | 路扩展 | LRU touched
------------------------------------------------------------------
  0    |   域0      | 正常运行   |  是   |  607702631
  1    |   域0      | 正常运行   |  是   |  607702617
  2    |   域3      | 正常运行   |  否   |  607702617
  3    |   域2      | 正常运行   |  否   |  607702610
==================================================================


======================== 切片硬件状态 ========================
切片号 | 所属安全域 | 当前状态    | 路扩展 | LRU touched
------------------------------------------------------------------
  0    |   域0      | 正常运行   |  是   |  613900000
  1    |   域0      | 正常运行   |  是   |  613899995
  2    |   域3      | 正常运行   |  否   |  613899996
  3    |   域2      | 正常运行   |  否   |  613899998
==================================================================

[动态重分配] 周期613900000：预约迁移 冗余域0(0%) -> 切片0 -> 饥饿域2(6%)
[切片剥夺] 周期613900000：切片0（所属域0）进入待剥夺状态，禁止新替换
[切片剥夺] 周期613900000：切片0在途请求已清空，开始执行脏行写回
[切片管理] 周期613900454：原域0仅剩1个切片，关闭路扩展模式
[动态重分配] 周期613900454：切片0写回完成，自动绑定到域2
[切片管理] 成功绑定切片0 → 安全域2，触发【路扩展模式】

======================== 切片硬件状态 ========================
切片号 | 所属安全域 | 当前状态    | 路扩展 | LRU touched
------------------------------------------------------------------
  0    |   域2      | 正常运行   |  是   |  613900454
  1    |   域0      | 正常运行   |  否   |  613900437
  2    |   域3      | 正常运行   |  否   |  613900445
  3    |   域2      | 正常运行   |  是   |  613900442
==================================================================


======================== 切片硬件状态 ========================
切片号 | 所属安全域 | 当前状态    | 路扩展 | LRU touched
------------------------------------------------------------------
  0    |   域2      | 正常运行   |  是   |  616699987
  1    |   域0      | 正常运行   |  否   |  616700000
  2    |   域3      | 正常运行   |  否   |  616699986
  3    |   域2      | 正常运行   |  是   |  616699989
==================================================================

[动态重分配] 周期616700000：预约迁移 冗余域2(0%) -> 切片0 -> 饥饿域0(8%)
[切片剥夺] 周期616700000：切片0（所属域2）进入待剥夺状态，禁止新替换
[切片剥夺] 周期616700000：切片0在途请求已清空，开始执行脏行写回
[切片管理] 周期616700777：原域2仅剩1个切片，关闭路扩展模式
[动态重分配] 周期616700777：切片0写回完成，自动绑定到域0
[切片管理] 成功绑定切片0 → 安全域0，触发【路扩展模式】

======================== 切片硬件状态 ========================
切片号 | 所属安全域 | 当前状态    | 路扩展 | LRU touched
------------------------------------------------------------------
  0    |   域0      | 正常运行   |  是   |  616700777
  1    |   域0      | 正常运行   |  是   |  616700773
  2    |   域3      | 正常运行   |  否   |  616700771
  3    |   域2      | 正常运行   |  否   |  616700764
==================================================================


======================== 切片硬件状态 ========================
切片号 | 所属安全域 | 当前状态    | 路扩展 | LRU touched
------------------------------------------------------------------
  0    |   域0      | 正常运行   |  是   |  617299998
  1    |   域0      | 正常运行   |  是   |  617299981
  2    |   域3      | 正常运行   |  否   |  617300000
  3    |   域2      | 正常运行   |  否   |  617299983
==================================================================

[动态重分配] 周期617300000：预约迁移 冗余域0(0%) -> 切片0 -> 饥饿域2(6%)
[切片剥夺] 周期617300000：切片0（所属域0）进入待剥夺状态，禁止新替换
[切片剥夺] 周期617300000：切片0在途请求已清空，开始执行脏行写回
[切片管理] 周期617300296：原域0仅剩1个切片，关闭路扩展模式
[动态重分配] 周期617300296：切片0写回完成，自动绑定到域2
[切片管理] 成功绑定切片0 → 安全域2，触发【路扩展模式】

======================== 切片硬件状态 ========================
切片号 | 所属安全域 | 当前状态    | 路扩展 | LRU touched
------------------------------------------------------------------
  0    |   域2      | 正常运行   |  是   |  617300296
  1    |   域0      | 正常运行   |  否   |  617300279
  2    |   域3      | 正常运行   |  否   |  617300276
  3    |   域2      | 正常运行   |  是   |  617299983
==================================================================


======================== 切片硬件状态 ========================
切片号 | 所属安全域 | 当前状态    | 路扩展 | LRU touched
------------------------------------------------------------------
  0    |   域2      | 正常运行   |  是   |  621800000
  1    |   域0      | 正常运行   |  否   |  621799997
  2    |   域3      | 正常运行   |  否   |  621799998
  3    |   域2      | 正常运行   |  是   |  621799999
==================================================================

[动态重分配] 周期621800000：预约迁移 冗余域2(0%) -> 切片0 -> 饥饿域0(9%)
[切片剥夺] 周期621800000：切片0（所属域2）进入待剥夺状态，禁止新替换
[切片剥夺] 周期621800000：切片0在途请求已清空，开始执行脏行写回
[切片管理] 周期621801438：原域2仅剩1个切片，关闭路扩展模式
[动态重分配] 周期621801438：切片0写回完成，自动绑定到域0
[切片管理] 成功绑定切片0 → 安全域0，触发【路扩展模式】

======================== 切片硬件状态 ========================
切片号 | 所属安全域 | 当前状态    | 路扩展 | LRU touched
------------------------------------------------------------------
  0    |   域0      | 正常运行   |  是   |  621801438
  1    |   域0      | 正常运行   |  是   |  621801437
  2    |   域3      | 正常运行   |  否   |  621801437
  3    |   域2      | 正常运行   |  否   |  621801438
==================================================================


======================== 切片硬件状态 ========================
切片号 | 所属安全域 | 当前状态    | 路扩展 | LRU touched
------------------------------------------------------------------
  0    |   域0      | 正常运行   |  是   |  624699924
  1    |   域0      | 正常运行   |  是   |  624699876
  2    |   域3      | 正常运行   |  否   |  624699999
  3    |   域2      | 正常运行   |  否   |  624699998
==================================================================

[动态重分配] 周期624700000：预约迁移 冗余域0(0%) -> 切片0 -> 饥饿域2(7%)
[切片剥夺] 周期624700000：切片0（所属域0）进入待剥夺状态，禁止新替换
[切片剥夺] 周期624700000：切片0在途请求已清空，开始执行脏行写回
[切片管理] 周期624700368：原域0仅剩1个切片，关闭路扩展模式
[动态重分配] 周期624700368：切片0写回完成，自动绑定到域2
[切片管理] 成功绑定切片0 → 安全域2，触发【路扩展模式】

======================== 切片硬件状态 ========================
切片号 | 所属安全域 | 当前状态    | 路扩展 | LRU touched
------------------------------------------------------------------
  0    |   域2      | 正常运行   |  是   |  624700368
  1    |   域0      | 正常运行   |  否   |  624700360
  2    |   域3      | 正常运行   |  否   |  624700367
  3    |   域2      | 正常运行   |  是   |  624700363
==================================================================


======================== 切片硬件状态 ========================
切片号 | 所属安全域 | 当前状态    | 路扩展 | LRU touched
------------------------------------------------------------------
  0    |   域2      | 正常运行   |  是   |  626699895
  1    |   域0      | 正常运行   |  否   |  626699971
  2    |   域3      | 正常运行   |  否   |  626699982
  3    |   域2      | 正常运行   |  是   |  626699993
==================================================================

[动态重分配] 周期626700000：预约迁移 冗余域2(0%) -> 切片0 -> 饥饿域0(9%)
[切片剥夺] 周期626700000：切片0（所属域2）进入待剥夺状态，禁止新替换
[切片剥夺] 周期626700000：切片0在途请求已清空，开始执行脏行写回
[切片管理] 周期626703713：原域2仅剩1个切片，关闭路扩展模式
[动态重分配] 周期626703713：切片0写回完成，自动绑定到域0
[切片管理] 成功绑定切片0 → 安全域0，触发【路扩展模式】

======================== 切片硬件状态 ========================
切片号 | 所属安全域 | 当前状态    | 路扩展 | LRU touched
------------------------------------------------------------------
  0    |   域0      | 正常运行   |  是   |  626703713
  1    |   域0      | 正常运行   |  是   |  626703712
  2    |   域3      | 正常运行   |  否   |  626703709
  3    |   域2      | 正常运行   |  否   |  626703713
==================================================================


======================== 切片硬件状态 ========================
切片号 | 所属安全域 | 当前状态    | 路扩展 | LRU touched
------------------------------------------------------------------
  0    |   域0      | 正常运行   |  是   |  627399993
  1    |   域0      | 正常运行   |  是   |  627399999
  2    |   域3      | 正常运行   |  否   |  627399999
  3    |   域2      | 正常运行   |  否   |  627399998
==================================================================

[动态重分配] 周期627400000：预约迁移 冗余域0(0%) -> 切片1 -> 饥饿域2(7%)
[切片剥夺] 周期627400000：切片1（所属域0）进入待剥夺状态，禁止新替换
[切片剥夺] 周期627400000：切片1在途请求已清空，开始执行脏行写回
[切片管理] 周期627400308：原域0仅剩1个切片，关闭路扩展模式
[动态重分配] 周期627400308：切片1写回完成，自动绑定到域2
[切片管理] 成功绑定切片1 → 安全域2，触发【路扩展模式】

======================== 切片硬件状态 ========================
切片号 | 所属安全域 | 当前状态    | 路扩展 | LRU touched
------------------------------------------------------------------
  0    |   域0      | 正常运行   |  否   |  627400292
  1    |   域2      | 正常运行   |  是   |  627400308
  2    |   域3      | 正常运行   |  否   |  627400300
  3    |   域2      | 正常运行   |  是   |  627400254
==================================================================


======================== 切片硬件状态 ========================
切片号 | 所属安全域 | 当前状态    | 路扩展 | LRU touched
------------------------------------------------------------------
  0    |   域0      | 正常运行   |  否   |  628699929
  1    |   域2      | 正常运行   |  是   |  628699959
  2    |   域3      | 正常运行   |  否   |  628699998
  3    |   域2      | 正常运行   |  是   |  628700000
==================================================================

[动态重分配] 周期628700000：预约迁移 冗余域2(0%) -> 切片1 -> 饥饿域0(7%)
[切片剥夺] 周期628700000：切片1（所属域2）进入待剥夺状态，禁止新替换
[切片剥夺] 周期628700000：切片1在途请求已清空，开始执行脏行写回
[切片管理] 周期628702355：原域2仅剩1个切片，关闭路扩展模式
[动态重分配] 周期628702355：切片1写回完成，自动绑定到域0
[切片管理] 成功绑定切片1 → 安全域0，触发【路扩展模式】

======================== 切片硬件状态 ========================
切片号 | 所属安全域 | 当前状态    | 路扩展 | LRU touched
------------------------------------------------------------------
  0    |   域0      | 正常运行   |  是   |  628702330
  1    |   域0      | 正常运行   |  是   |  628702355
  2    |   域3      | 正常运行   |  否   |  628702333
  3    |   域2      | 正常运行   |  否   |  628702340
==================================================================


======================== 切片硬件状态 ========================
切片号 | 所属安全域 | 当前状态    | 路扩展 | LRU touched
------------------------------------------------------------------
  0    |   域0      | 正常运行   |  是   |  631500000
  1    |   域0      | 正常运行   |  是   |  631499998
  2    |   域3      | 正常运行   |  否   |  631500000
  3    |   域2      | 正常运行   |  否   |  631499966
==================================================================

[动态重分配] 周期631500000：预约迁移 冗余域0(1%) -> 切片1 -> 饥饿域2(8%)
[切片剥夺] 周期631500000：切片1（所属域0）进入待剥夺状态，禁止新替换
[切片剥夺] 周期631500000：切片1在途请求已清空，开始执行脏行写回
[切片管理] 周期631503472：原域0仅剩1个切片，关闭路扩展模式
[动态重分配] 周期631503472：切片1写回完成，自动绑定到域2
[切片管理] 成功绑定切片1 → 安全域2，触发【路扩展模式】

======================== 切片硬件状态 ========================
切片号 | 所属安全域 | 当前状态    | 路扩展 | LRU touched
------------------------------------------------------------------
  0    |   域0      | 正常运行   |  否   |  631503471
  1    |   域2      | 正常运行   |  是   |  631503472
  2    |   域3      | 正常运行   |  否   |  631503469
  3    |   域2      | 正常运行   |  是   |  631503438
==================================================================


======================== 切片硬件状态 ========================
切片号 | 所属安全域 | 当前状态    | 路扩展 | LRU touched
------------------------------------------------------------------
  0    |   域0      | 正常运行   |  否   |  633299982
  1    |   域2      | 正常运行   |  是   |  633299132
  2    |   域3      | 正常运行   |  否   |  633299980
  3    |   域2      | 正常运行   |  是   |  633299133
==================================================================

[动态重分配] 周期633300000：预约迁移 冗余域2(1%) -> 切片3 -> 饥饿域0(9%)
[切片剥夺] 周期633300000：切片3（所属域2）进入待剥夺状态，禁止新替换
[切片剥夺] 周期633300000：切片3在途请求已清空，开始执行脏行写回
[切片管理] 周期633300086：原域2仅剩1个切片，关闭路扩展模式
[动态重分配] 周期633300086：切片3写回完成，自动绑定到域0
[切片管理] 成功绑定切片3 → 安全域0，触发【路扩展模式】

======================== 切片硬件状态 ========================
切片号 | 所属安全域 | 当前状态    | 路扩展 | LRU touched
------------------------------------------------------------------
  0    |   域0      | 正常运行   |  是   |  633300086
  1    |   域2      | 正常运行   |  否   |  633300082
  2    |   域3      | 正常运行   |  否   |  633300081
  3    |   域0      | 正常运行   |  是   |  633300086
==================================================================


======================== 切片硬件状态 ========================
切片号 | 所属安全域 | 当前状态    | 路扩展 | LRU touched
------------------------------------------------------------------
  0    |   域0      | 正常运行   |  是   |  633599995
  1    |   域2      | 正常运行   |  否   |  633600000
  2    |   域3      | 正常运行   |  否   |  633599995
  3    |   域0      | 正常运行   |  是   |  633599984
==================================================================

[动态重分配] 周期633600000：预约迁移 冗余域0(0%) -> 切片0 -> 饥饿域2(7%)
[切片剥夺] 周期633600000：切片0（所属域0）进入待剥夺状态，禁止新替换
[切片剥夺] 周期633600000：切片0在途请求已清空，开始执行脏行写回
[切片管理] 周期633600302：原域0仅剩1个切片，关闭路扩展模式
[动态重分配] 周期633600302：切片0写回完成，自动绑定到域2
[切片管理] 成功绑定切片0 → 安全域2，触发【路扩展模式】

======================== 切片硬件状态 ========================
切片号 | 所属安全域 | 当前状态    | 路扩展 | LRU touched
------------------------------------------------------------------
  0    |   域2      | 正常运行   |  是   |  633600302
  1    |   域2      | 正常运行   |  是   |  633600301
  2    |   域3      | 正常运行   |  否   |  633600103
  3    |   域0      | 正常运行   |  否   |  633600301
==================================================================


======================== 切片硬件状态 ========================
切片号 | 所属安全域 | 当前状态    | 路扩展 | LRU touched
------------------------------------------------------------------
  0    |   域2      | 正常运行   |  是   |  637199926
  1    |   域2      | 正常运行   |  是   |  637199961
  2    |   域3      | 正常运行   |  否   |  637199998
  3    |   域0      | 正常运行   |  否   |  637199998
==================================================================

[动态重分配] 周期637200000：预约迁移 冗余域2(0%) -> 切片0 -> 饥饿域0(8%)
[切片剥夺] 周期637200000：切片0（所属域2）进入待剥夺状态，禁止新替换
[切片剥夺] 周期637200000：切片0在途请求已清空，开始执行脏行写回
[切片管理] 周期637201628：原域2仅剩1个切片，关闭路扩展模式
[动态重分配] 周期637201628：切片0写回完成，自动绑定到域0
[切片管理] 成功绑定切片0 → 安全域0，触发【路扩展模式】

======================== 切片硬件状态 ========================
切片号 | 所属安全域 | 当前状态    | 路扩展 | LRU touched
------------------------------------------------------------------
  0    |   域0      | 正常运行   |  是   |  637201628
  1    |   域2      | 正常运行   |  否   |  637201626
  2    |   域3      | 正常运行   |  否   |  637201627
  3    |   域0      | 正常运行   |  是   |  637201627
==================================================================


======================== 切片硬件状态 ========================
切片号 | 所属安全域 | 当前状态    | 路扩展 | LRU touched
------------------------------------------------------------------
  0    |   域0      | 正常运行   |  是   |  645200000
  1    |   域2      | 正常运行   |  否   |  645199998
  2    |   域3      | 正常运行   |  否   |  645200000
  3    |   域0      | 正常运行   |  是   |  645199999
==================================================================

[动态重分配] 周期645200000：预约迁移 冗余域0(0%) -> 切片0 -> 饥饿域3(6%)
[切片剥夺] 周期645200000：切片0（所属域0）进入待剥夺状态，禁止新替换
[切片剥夺] 周期645200224：切片0在途请求已清空，开始执行脏行写回
[切片管理] 周期645201190：原域0仅剩1个切片，关闭路扩展模式
[动态重分配] 周期645201190：切片0写回完成，自动绑定到域3
[切片管理] 成功绑定切片0 → 安全域3，触发【路扩展模式】

======================== 切片硬件状态 ========================
切片号 | 所属安全域 | 当前状态    | 路扩展 | LRU touched
------------------------------------------------------------------
  0    |   域3      | 正常运行   |  是   |  645201190
  1    |   域2      | 正常运行   |  否   |  645201142
  2    |   域3      | 正常运行   |  是   |  645201189
  3    |   域0      | 正常运行   |  否   |  645201189
==================================================================


======================== 切片硬件状态 ========================
切片号 | 所属安全域 | 当前状态    | 路扩展 | LRU touched
------------------------------------------------------------------
  0    |   域3      | 正常运行   |  是   |  649899981
  1    |   域2      | 正常运行   |  否   |  649899929
  2    |   域3      | 正常运行   |  是   |  649894634
  3    |   域0      | 正常运行   |  否   |  649899981
==================================================================

[动态重分配] 周期649900000：预约迁移 冗余域3(1%) -> 切片0 -> 饥饿域0(8%)
[切片剥夺] 周期649900000：切片0（所属域3）进入待剥夺状态，禁止新替换
[切片剥夺] 周期649900000：切片0在途请求已清空，开始执行脏行写回
[切片管理] 周期649904042：原域3仅剩1个切片，关闭路扩展模式
[动态重分配] 周期649904042：切片0写回完成，自动绑定到域0
[切片管理] 成功绑定切片0 → 安全域0，触发【路扩展模式】

======================== 切片硬件状态 ========================
切片号 | 所属安全域 | 当前状态    | 路扩展 | LRU touched
------------------------------------------------------------------
  0    |   域0      | 正常运行   |  是   |  649904042
  1    |   域2      | 正常运行   |  否   |  649904039
  2    |   域3      | 正常运行   |  否   |  649904038
  3    |   域0      | 正常运行   |  是   |  649904041
==================================================================


======================== 切片硬件状态 ========================
切片号 | 所属安全域 | 当前状态    | 路扩展 | LRU touched
------------------------------------------------------------------
  0    |   域0      | 正常运行   |  是   |  655599957
  1    |   域2      | 正常运行   |  否   |  655600000
  2    |   域3      | 正常运行   |  否   |  655599999
  3    |   域0      | 正常运行   |  是   |  655599957
==================================================================

[动态重分配] 周期655600000：预约迁移 冗余域0(0%) -> 切片0 -> 饥饿域2(6%)
[切片剥夺] 周期655600000：切片0（所属域0）进入待剥夺状态，禁止新替换
[切片剥夺] 周期655600024：切片0在途请求已清空，开始执行脏行写回
[切片管理] 周期655600832：原域0仅剩1个切片，关闭路扩展模式
[动态重分配] 周期655600832：切片0写回完成，自动绑定到域2
[切片管理] 成功绑定切片0 → 安全域2，触发【路扩展模式】

======================== 切片硬件状态 ========================
切片号 | 所属安全域 | 当前状态    | 路扩展 | LRU touched
------------------------------------------------------------------
  0    |   域2      | 正常运行   |  是   |  655600832
  1    |   域2      | 正常运行   |  是   |  655600795
  2    |   域3      | 正常运行   |  否   |  655600832
  3    |   域0      | 正常运行   |  否   |  655600813
==================================================================


======================== 切片硬件状态 ========================
切片号 | 所属安全域 | 当前状态    | 路扩展 | LRU touched
------------------------------------------------------------------
  0    |   域2      | 正常运行   |  是   |  656300000
  1    |   域2      | 正常运行   |  是   |  656299998
  2    |   域3      | 正常运行   |  否   |  656299997
  3    |   域0      | 正常运行   |  否   |  656299833
==================================================================

[动态重分配] 周期656300000：预约迁移 冗余域2(0%) -> 切片0 -> 饥饿域0(11%)
[切片剥夺] 周期656300000：切片0（所属域2）进入待剥夺状态，禁止新替换
[切片剥夺] 周期656300000：切片0在途请求已清空，开始执行脏行写回
[切片管理] 周期656300107：原域2仅剩1个切片，关闭路扩展模式
[动态重分配] 周期656300107：切片0写回完成，自动绑定到域0
[切片管理] 成功绑定切片0 → 安全域0，触发【路扩展模式】

======================== 切片硬件状态 ========================
切片号 | 所属安全域 | 当前状态    | 路扩展 | LRU touched
------------------------------------------------------------------
  0    |   域0      | 正常运行   |  是   |  656300107
  1    |   域2      | 正常运行   |  否   |  656300065
  2    |   域3      | 正常运行   |  否   |  656300101
  3    |   域0      | 正常运行   |  是   |  656299833
==================================================================


======================== 切片硬件状态 ========================
切片号 | 所属安全域 | 当前状态    | 路扩展 | LRU touched
------------------------------------------------------------------
  0    |   域0      | 正常运行   |  是   |  656599998
  1    |   域2      | 正常运行   |  否   |  656599999
  2    |   域3      | 正常运行   |  否   |  656599909
  3    |   域0      | 正常运行   |  是   |  656599918
==================================================================

[动态重分配] 周期656600000：预约迁移 冗余域0(0%) -> 切片3 -> 饥饿域3(7%)
[切片剥夺] 周期656600000：切片3（所属域0）进入待剥夺状态，禁止新替换
[切片剥夺] 周期656600000：切片3在途请求已清空，开始执行脏行写回
[切片管理] 周期656600308：原域0仅剩1个切片，关闭路扩展模式
[动态重分配] 周期656600308：切片3写回完成，自动绑定到域3
[切片管理] 成功绑定切片3 → 安全域3，触发【路扩展模式】

======================== 切片硬件状态 ========================
切片号 | 所属安全域 | 当前状态    | 路扩展 | LRU touched
------------------------------------------------------------------
  0    |   域0      | 正常运行   |  否   |  656600295
  1    |   域2      | 正常运行   |  否   |  656600302
  2    |   域3      | 正常运行   |  是   |  656600293
  3    |   域3      | 正常运行   |  是   |  656600308
==================================================================


======================== 切片硬件状态 ========================
切片号 | 所属安全域 | 当前状态    | 路扩展 | LRU touched
------------------------------------------------------------------
  0    |   域0      | 正常运行   |  否   |  657599997
  1    |   域2      | 正常运行   |  否   |  657599999
  2    |   域3      | 正常运行   |  是   |  657599878
  3    |   域3      | 正常运行   |  是   |  657600000
==================================================================

[动态重分配] 周期657600000：预约迁移 冗余域3(1%) -> 切片2 -> 饥饿域0(9%)
[切片剥夺] 周期657600000：切片2（所属域3）进入待剥夺状态，禁止新替换
[切片剥夺] 周期657600000：切片2在途请求已清空，开始执行脏行写回
[切片管理] 周期657616065：原域3仅剩1个切片，关闭路扩展模式
[动态重分配] 周期657616065：切片2写回完成，自动绑定到域0
[切片管理] 成功绑定切片2 → 安全域0，触发【路扩展模式】

======================== 切片硬件状态 ========================
切片号 | 所属安全域 | 当前状态    | 路扩展 | LRU touched
------------------------------------------------------------------
  0    |   域0      | 正常运行   |  是   |  657616064
  1    |   域2      | 正常运行   |  否   |  657616065
  2    |   域0      | 正常运行   |  是   |  657616065
  3    |   域3      | 正常运行   |  否   |  657616063
==================================================================


======================== 切片硬件状态 ========================
切片号 | 所属安全域 | 当前状态    | 路扩展 | LRU touched
------------------------------------------------------------------
  0    |   域0      | 正常运行   |  是   |  658799906
  1    |   域2      | 正常运行   |  否   |  658799718
  2    |   域0      | 正常运行   |  是   |  658799870
  3    |   域3      | 正常运行   |  否   |  658799999
==================================================================

[动态重分配] 周期658800000：预约迁移 冗余域0(0%) -> 切片0 -> 饥饿域2(10%)
[切片剥夺] 周期658800000：切片0（所属域0）进入待剥夺状态，禁止新替换
[切片剥夺] 周期658800000：切片0在途请求已清空，开始执行脏行写回
[切片管理] 周期658800981：原域0仅剩1个切片，关闭路扩展模式
[动态重分配] 周期658800981：切片0写回完成，自动绑定到域2
[切片管理] 成功绑定切片0 → 安全域2，触发【路扩展模式】

======================== 切片硬件状态 ========================
切片号 | 所属安全域 | 当前状态    | 路扩展 | LRU touched
------------------------------------------------------------------
  0    |   域2      | 正常运行   |  是   |  658800981
  1    |   域2      | 正常运行   |  是   |  658800981
  2    |   域0      | 正常运行   |  否   |  658800978
  3    |   域3      | 正常运行   |  否   |  658800981
==================================================================


======================== 切片硬件状态 ========================
切片号 | 所属安全域 | 当前状态    | 路扩展 | LRU touched
------------------------------------------------------------------
  0    |   域2      | 正常运行   |  是   |  662099854
  1    |   域2      | 正常运行   |  是   |  662099879
  2    |   域0      | 正常运行   |  否   |  662099997
  3    |   域3      | 正常运行   |  否   |  662099995
==================================================================

[动态重分配] 周期662100000：预约迁移 冗余域2(0%) -> 切片0 -> 饥饿域0(12%)
[切片剥夺] 周期662100000：切片0（所属域2）进入待剥夺状态，禁止新替换
[切片剥夺] 周期662100000：切片0在途请求已清空，开始执行脏行写回
[切片管理] 周期662100347：原域2仅剩1个切片，关闭路扩展模式
[动态重分配] 周期662100347：切片0写回完成，自动绑定到域0
[切片管理] 成功绑定切片0 → 安全域0，触发【路扩展模式】

======================== 切片硬件状态 ========================
切片号 | 所属安全域 | 当前状态    | 路扩展 | LRU touched
------------------------------------------------------------------
  0    |   域0      | 正常运行   |  是   |  662100347
  1    |   域2      | 正常运行   |  否   |  662100304
  2    |   域0      | 正常运行   |  是   |  662100347
  3    |   域3      | 正常运行   |  否   |  662100345
==================================================================


======================== 切片硬件状态 ========================
切片号 | 所属安全域 | 当前状态    | 路扩展 | LRU touched
------------------------------------------------------------------
  0    |   域0      | 正常运行   |  是   |  671699968
  1    |   域2      | 正常运行   |  否   |  671700000
  2    |   域0      | 正常运行   |  是   |  671699958
  3    |   域3      | 正常运行   |  否   |  671699997
==================================================================

[动态重分配] 周期671700000：预约迁移 冗余域0(0%) -> 切片2 -> 饥饿域2(7%)
[切片剥夺] 周期671700000：切片2（所属域0）进入待剥夺状态，禁止新替换
[切片剥夺] 周期671700000：切片2在途请求已清空，开始执行脏行写回
[切片管理] 周期671701797：原域0仅剩1个切片，关闭路扩展模式
[动态重分配] 周期671701797：切片2写回完成，自动绑定到域2
[切片管理] 成功绑定切片2 → 安全域2，触发【路扩展模式】

======================== 切片硬件状态 ========================
切片号 | 所属安全域 | 当前状态    | 路扩展 | LRU touched
------------------------------------------------------------------
  0    |   域0      | 正常运行   |  否   |  671701797
  1    |   域2      | 正常运行   |  是   |  671701794
  2    |   域2      | 正常运行   |  是   |  671701797
  3    |   域3      | 正常运行   |  否   |  671701786
==================================================================


======================== 切片硬件状态 ========================
切片号 | 所属安全域 | 当前状态    | 路扩展 | LRU touched
------------------------------------------------------------------
  0    |   域0      | 正常运行   |  否   |  672699990
  1    |   域2      | 正常运行   |  是   |  672699988
  2    |   域2      | 正常运行   |  是   |  672699842
  3    |   域3      | 正常运行   |  否   |  672699988
==================================================================

[动态重分配] 周期672700000：预约迁移 冗余域2(1%) -> 切片1 -> 饥饿域0(11%)
[切片剥夺] 周期672700000：切片1（所属域2）进入待剥夺状态，禁止新替换
[切片剥夺] 周期672700000：切片1在途请求已清空，开始执行脏行写回
[切片管理] 周期672702027：原域2仅剩1个切片，关闭路扩展模式
[动态重分配] 周期672702027：切片1写回完成，自动绑定到域0
[切片管理] 成功绑定切片1 → 安全域0，触发【路扩展模式】

======================== 切片硬件状态 ========================
切片号 | 所属安全域 | 当前状态    | 路扩展 | LRU touched
------------------------------------------------------------------
  0    |   域0      | 正常运行   |  是   |  672702012
  1    |   域0      | 正常运行   |  是   |  672702027
  2    |   域2      | 正常运行   |  否   |  672702027
  3    |   域3      | 正常运行   |  否   |  672702026
==================================================================


======================== 切片硬件状态 ========================
切片号 | 所属安全域 | 当前状态    | 路扩展 | LRU touched
------------------------------------------------------------------
  0    |   域0      | 正常运行   |  是   |  685199914
  1    |   域0      | 正常运行   |  是   |  685199924
  2    |   域2      | 正常运行   |  否   |  685199985
  3    |   域3      | 正常运行   |  否   |  685199999
==================================================================

[动态重分配] 周期685200000：预约迁移 冗余域0(0%) -> 切片1 -> 饥饿域3(6%)
[切片剥夺] 周期685200000：切片1（所属域0）进入待剥夺状态，禁止新替换
[切片剥夺] 周期685200000：切片1在途请求已清空，开始执行脏行写回
[切片管理] 周期685200272：原域0仅剩1个切片，关闭路扩展模式
[动态重分配] 周期685200272：切片1写回完成，自动绑定到域3
[切片管理] 成功绑定切片1 → 安全域3，触发【路扩展模式】

======================== 切片硬件状态 ========================
切片号 | 所属安全域 | 当前状态    | 路扩展 | LRU touched
------------------------------------------------------------------
  0    |   域0      | 正常运行   |  否   |  685199914
  1    |   域3      | 正常运行   |  是   |  685200272
  2    |   域2      | 正常运行   |  否   |  685199985
  3    |   域3      | 正常运行   |  是   |  685200271
==================================================================


======================== 切片硬件状态 ========================
切片号 | 所属安全域 | 当前状态    | 路扩展 | LRU touched
------------------------------------------------------------------
  0    |   域0      | 正常运行   |  否   |  686499994
  1    |   域3      | 正常运行   |  是   |  686499993
  2    |   域2      | 正常运行   |  否   |  686499594
  3    |   域3      | 正常运行   |  是   |  686499967
==================================================================

[动态重分配] 周期686500000：预约迁移 冗余域3(0%) -> 切片1 -> 饥饿域0(6%)
[切片剥夺] 周期686500000：切片1（所属域3）进入待剥夺状态，禁止新替换
[切片剥夺] 周期686500000：切片1在途请求已清空，开始执行脏行写回
[切片管理] 周期686500212：原域3仅剩1个切片，关闭路扩展模式
[动态重分配] 周期686500212：切片1写回完成，自动绑定到域0
[切片管理] 成功绑定切片1 → 安全域0，触发【路扩展模式】

======================== 切片硬件状态 ========================
切片号 | 所属安全域 | 当前状态    | 路扩展 | LRU touched
------------------------------------------------------------------
  0    |   域0      | 正常运行   |  是   |  686500212
  1    |   域0      | 正常运行   |  是   |  686500212
  2    |   域2      | 正常运行   |  否   |  686499594
  3    |   域3      | 正常运行   |  否   |  686500209
==================================================================


**** Early Exiting at 690211663 Cycles *****
========================================
 SMTSIM Global Statistics
========================================
Threads: 4		Fetch Width: 8
No of useful instructions fetched:	2000000054 (36.22% proc util.)
No of total instructions fetched:	2942724444 (53.29% proc util.)
 includes 160154292 misfetch (5.4%), 782570098 (26.6%) wrong-path fetches
 and 0 flushed after failed lock(0.0%)
No of useful instructions issued/executed:	2000000021 (36.22% proc util.)
No of total instructions issued/executed:	2372307782 (42.96% proc util.)
 includes 372307761 wrong-path (15.7%) insts and 0 flushed (0.0%)
	fp 58499, 0.00%
	synch 0, 0.00%
	integer 1617584389, 68.19%
	load/store 754664894, 31.81%
Avg size of int IQ (before scheduling): 28.88
Avg size of fp IQ (before scheduling): 0.00
No of cycles taken:		690211663
Parallelism [ 0.663, 0.000, 0.770, 1.465,] = 2.898
 IQ conflicts: 19203094 (2.78%), FQ conflicts: 0 (0.00%) 
 I reg conflicts: 213237775 (30.89%), FP reg conflicts: 0 (0.00%)
  Activelist confs: 6114 (0.00%), ROB confs: 984545 (0.14%)
  Int unit conflicts: 862190029 (124.92%), FP unit conflicts: 10 (0.00%)
  Load/store unit conflicts: 144009960 (20.86%)
  MSHR conflicts: 489726819 (70.95%)
----------------------------------------
==== System-wide Cache Statistics ====
Stall for miss queue full 9492 cycles (0.00%)
----------------------------------------
==== Statistics for Master ID: 0 ====
Reads: 400242458   Writes: 66469583
ICACHE: size: 64 KB assoc: 2
ICACHE: hits:228054749 misses:8392539  Hit Ratio: 96.45%
DCACHE: size: 2*16 KB assoc: 2*4
DCACHE: hits:225762503 misses:4506443 writebacks:1405937  Hit Ratio: 98.04%
SCACHE: size: 512 KB assoc: 2
SCACHE: hits:9517213 misses:3377575  Hit Ratio: 73.81%
3CACHE: size: 4096 KB assoc: 2
3CACHE: hits:2817265 misses:560310  Hit Ratio: 83.41%
3CACHE: dirty items replaced:245034
ITLB: size: 48, misses 700543, miss rate 0.30%
DTLB: size: 128, misses 666998, miss rate 0.29%
Avg mem delay: 2.049 cycles
----------------------------------------
==== Statistics for Master ID: 2 ====
Reads: 452300481   Writes: 74157974
ICACHE: size: 64 KB assoc: 2
ICACHE: hits:257211895 misses:7365979  Hit Ratio: 97.22%
DCACHE: size: 1*16 KB assoc: 1*4
DCACHE: hits:256832167 misses:5052488 writebacks:1653967  Hit Ratio: 98.07%
SCACHE: size: 512 KB assoc: 2
SCACHE: hits:9141542 misses:3272851  Hit Ratio: 73.64%
3CACHE: size: 4096 KB assoc: 2
3CACHE: hits:2763570 misses:509281  Hit Ratio: 84.44%
3CACHE: dirty items replaced:205243
ITLB: size: 48, misses 589120, miss rate 0.22%
DTLB: size: 128, misses 661265, miss rate 0.25%
Avg mem delay: 2.049 cycles
----------------------------------------
==== Statistics for Master ID: 3 ====
Reads: 511010694   Writes: 73428693
ICACHE: size: 64 KB assoc: 2
ICACHE: hits:323500338 misses:108025  Hit Ratio: 99.97%
DCACHE: size: 1*16 KB assoc: 1*4
DCACHE: hits:254343473 misses:6490690 writebacks:3443281  Hit Ratio: 97.51%
SCACHE: size: 512 KB assoc: 2
SCACHE: hits:3041336 misses:3554239  Hit Ratio: 46.11%
3CACHE: size: 4096 KB assoc: 2
3CACHE: hits:1158000 misses:2396239  Hit Ratio: 32.58%
3CACHE: dirty items replaced:205044
ITLB: size: 48, misses 5002, miss rate 0.00%
DTLB: size: 128, misses 356187, miss rate 0.14%
Avg mem delay: 2.049 cycles
----------------------------------------
==== Global Resource Utilization ====
STASH: size: 65536 entries, full 3226774308, empty 123426943, misses 10885875, full rate 96.00
icache bank util. 0.175 0.141 0.132 0.145 0.157 0.182 0.145 0.186 
dcache bank util. 0.137 0.137 0.156 0.140 0.162 0.150 0.167 0.139 
L2 bank util. 0.040 0.041 0.039 0.041 0.039 0.037 0.039 0.041 
L1-L2 bus util. = 0.167, L3 util. = 0.050
----------------------------------------

======================== 切片硬件状态 ========================
切片号 | 所属安全域 | 当前状态    | 路扩展 | LRU touched
------------------------------------------------------------------
  0    |   域0      | 正常运行   |  是   |  690211493
  1    |   域0      | 正常运行   |  是   |  690211295
  2    |   域2      | 正常运行   |  否   |  690211660
  3    |   域3      | 正常运行   |  否   |  690211660
==================================================================

branch prediction, hits = 165700543, misses = 31250802, hit rate = 84.13%
return_stack prediction, hits = 17057883, misses = 27539, hit rate = 99.84%
jump prediction, hits = 149495090, misses = 40221715, hit rate = 78.80%
total IPC 2.898

=== Results saved to: ./results/gcc-166_2_gcc-scilab_1_gzip-log_1.txt ===
