测试组合（多线程优先）：gzip-program.arg2 + gcc-166.arg + gcc-integrate.arg
执行命令：./smtsim gzip-program.arg2 gcc-166.arg gcc-integrate.arg
==================================================

动态重分配参数：每10万周期检查，阈值5
Process 0, Thread 0: gzip-program
Process 0, Thread 1: gzip-program
Process 2, Thread 2: gcc-166
Process 3, Thread 3: gcc-integrate
[切片调度] 新安全域0无任何切片，尝试分配空闲切片
[切片管理] 成功绑定切片0 → 安全域0

======================== 切片硬件状态 ========================
切片号 | 所属安全域 | 当前状态    | 路扩展 | LRU touched
------------------------------------------------------------------
  0    |   域0      | 正常运行   |  否   |  0
  1    |   域-1     | 切片空闲   |  否   |  0
  2    |   域-1     | 切片空闲   |  否   |  0
  3    |   域-1     | 切片空闲   |  否   |  0
==================================================================

[切片管理] 成功绑定切片1 → 安全域0，触发【路扩展模式】

======================== 切片硬件状态 ========================
切片号 | 所属安全域 | 当前状态    | 路扩展 | LRU touched
------------------------------------------------------------------
  0    |   域0      | 正常运行   |  是   |  0
  1    |   域0      | 正常运行   |  是   |  0
  2    |   域-1     | 切片空闲   |  否   |  0
  3    |   域-1     | 切片空闲   |  否   |  0
==================================================================

[切片调度] 新安全域2无任何切片，尝试分配空闲切片
[切片管理] 成功绑定切片2 → 安全域2

======================== 切片硬件状态 ========================
切片号 | 所属安全域 | 当前状态    | 路扩展 | LRU touched
------------------------------------------------------------------
  0    |   域0      | 正常运行   |  是   |  318
  1    |   域0      | 正常运行   |  是   |  0
  2    |   域2      | 正常运行   |  否   |  0
  3    |   域-1     | 切片空闲   |  否   |  0
==================================================================

[切片管理] 成功绑定切片3 → 安全域2，触发【路扩展模式】

======================== 切片硬件状态 ========================
切片号 | 所属安全域 | 当前状态    | 路扩展 | LRU touched
------------------------------------------------------------------
  0    |   域0      | 正常运行   |  是   |  318
  1    |   域0      | 正常运行   |  是   |  0
  2    |   域2      | 正常运行   |  是   |  0
  3    |   域2      | 正常运行   |  是   |  0
==================================================================

[切片调度] 新安全域3无任何切片，尝试分配空闲切片
[切片调度] 新安全域3未找到空闲切片，尝试剥夺切片
[切片替换] 优先从【路扩展切片】中选择LRU替换目标...
[切片替换] 找到路扩展切片作为受害者：切片1（最后访问：0）
[切片调度] 安全域3触发切片剥夺：从域0剥夺切片1
[切片剥夺] 周期560：切片1（所属域0）进入待剥夺状态，禁止新替换
[切片剥夺] 周期560：切片1在途请求已清空，开始执行脏行写回
[切片剥夺] 周期560：切片1无脏行，直接完成剥夺
[切片管理] 周期560：原域0仅剩1个切片，关闭路扩展模式
[动态重分配] 周期560：切片1写回完成，自动绑定到域3
[切片管理] 成功绑定切片1 → 安全域3

======================== 切片硬件状态 ========================
切片号 | 所属安全域 | 当前状态    | 路扩展 | LRU touched
------------------------------------------------------------------
  0    |   域0      | 正常运行   |  否   |  318
  1    |   域3      | 正常运行   |  否   |  560
  2    |   域2      | 正常运行   |  是   |  435
  3    |   域2      | 正常运行   |  是   |  0
==================================================================

[切片唤醒] 周期560：域3切片就绪，唤醒等待指令

**** Debug Statistics at 1000000 Cycles *****
Threads: 4		Fetch Width: 8
No of useful instructions fetched:	3267834 (40.85% proc util.)
No of total instructions fetched:	4173442 (52.17% proc util.)
 includes 141109 misfetch (3.4%), 764499 (18.3%) wrong-path fetches
 and 0 flushed after failed lock(0.0%)
No of useful instructions issued/executed:	3267801 (40.85% proc util.)
No of total instructions issued/executed:	3556660 (44.46% proc util.)
 includes 288859 wrong-path (8.1%) insts and 0 flushed (0.0%)
	fp 163, 0.00%
	synch 0, 0.00%
	integer 2306192, 64.84%
	load/store 1250305, 35.15%
Avg size of int IQ (before scheduling): 22.08
Avg size of fp IQ (before scheduling): 0.01
No of cycles taken:		1000000
Parallelism [ 1.630, 0.000, 0.820, 0.818,] = 3.268
 IQ conflicts: 27301 (2.73%), FQ conflicts: 0 (0.00%) 
 I reg conflicts: 269912 (26.99%), FP reg conflicts: 0 (0.00%)
  Activelist confs: 0 (0.00%), ROB confs: 3250 (0.33%)
  Int unit conflicts: 1605343 (160.53%), FP unit conflicts: 5 (0.00%)
  Load/store unit conflicts: 316989 (31.70%)
  MSHR conflicts: 477084 (47.71%)
----------------------------------------
==== System-wide Cache Statistics ====
Stall for miss queue full 0 cycles (0.00%)
----------------------------------------
==== Statistics for Master ID: 0 ====
Reads: 933456   Writes: 219513
ICACHE: size: 64 KB assoc: 2
ICACHE: hits:538490 misses:643  Hit Ratio: 99.88%
DCACHE: size: 1*16 KB assoc: 1*4
DCACHE: hits:612231 misses:1605 writebacks:484  Hit Ratio: 99.74%
SCACHE: size: 512 KB assoc: 2
SCACHE: hits:934 misses:1314  Hit Ratio: 41.55%
3CACHE: size: 4096 KB assoc: 2
3CACHE: hits:135 misses:1179  Hit Ratio: 10.27%
3CACHE: dirty items replaced:1
ITLB: size: 48, misses 8, miss rate 0.00%
DTLB: size: 128, misses 48, miss rate 0.01%
Avg mem delay: 1.463 cycles
----------------------------------------
==== Statistics for Master ID: 2 ====
Reads: 520515   Writes: 128113
ICACHE: size: 64 KB assoc: 2
ICACHE: hits:321208 misses:6491  Hit Ratio: 98.02%
DCACHE: size: 2*16 KB assoc: 2*4
DCACHE: hits:317881 misses:3048 writebacks:2037  Hit Ratio: 99.05%
SCACHE: size: 512 KB assoc: 2
SCACHE: hits:4727 misses:4812  Hit Ratio: 49.55%
3CACHE: size: 4096 KB assoc: 2
3CACHE: hits:398 misses:4414  Hit Ratio: 8.27%
3CACHE: dirty items replaced:5
ITLB: size: 48, misses 196, miss rate 0.06%
DTLB: size: 128, misses 192, miss rate 0.06%
Avg mem delay: 1.463 cycles
----------------------------------------
==== Statistics for Master ID: 3 ====
Reads: 503878   Writes: 126782
ICACHE: size: 64 KB assoc: 2
ICACHE: hits:309082 misses:6447  Hit Ratio: 97.96%
DCACHE: size: 1*16 KB assoc: 1*4
DCACHE: hits:311653 misses:3477 writebacks:2437  Hit Ratio: 98.90%
SCACHE: size: 512 KB assoc: 2
SCACHE: hits:5125 misses:4799  Hit Ratio: 51.64%
3CACHE: size: 4096 KB assoc: 2
3CACHE: hits:425 misses:4374  Hit Ratio: 8.86%
3CACHE: dirty items replaced:6
ITLB: size: 48, misses 206, miss rate 0.07%
DTLB: size: 128, misses 192, miss rate 0.06%
Avg mem delay: 1.463 cycles
----------------------------------------
==== Global Resource Utilization ====
STASH: size: 65536 entries, full 504625955, empty 90872, misses 8142, full rate 99.98
icache bank util. 0.116 0.119 0.131 0.172 0.168 0.198 0.184 0.134 
dcache bank util. 0.093 0.094 0.163 0.075 0.352 0.102 0.262 0.149 
L2 bank util. 0.022 0.019 0.020 0.023 0.017 0.022 0.019 0.025 
L1-L2 bus util. = 0.080, L3 util. = 0.100
----------------------------------------

======================== 切片硬件状态 ========================
切片号 | 所属安全域 | 当前状态    | 路扩展 | LRU touched
------------------------------------------------------------------
  0    |   域0      | 正常运行   |  否   |  999997
  1    |   域3      | 正常运行   |  否   |  999997
  2    |   域2      | 正常运行   |  是   |  999999
  3    |   域2      | 正常运行   |  是   |  999991
==================================================================

branch prediction, hits = 231273, misses = 30130, hit rate = 88.47%
return_stack prediction, hits = 50958, misses = 12, hit rate = 99.98%
jump prediction, hits = 314065, misses = 40756, hit rate = 88.51%
 function_cannot_inline_p __sigismember __sigaddset __sigdelset save_for_inline
======================== 切片硬件状态 ========================
切片号 | 所属安全域 | 当前状态    | 路扩展 | LRU touched
------------------------------------------------------------------
  0    |   域0      | 正常运行   |  否   |  5899950
  1    |   域3      | 正常运行   |  否   |  5899936
  2    |   域2      | 正常运行   |  是   |  5899920
  3    |   域2      | 正常运行   |  是   |  5899959
==================================================================

[动态重分配] 周期5900000：预约迁移 冗余域2(1%) -> 切片3 -> 饥饿域3(8%)
[切片剥夺] 周期5900000：切片3（所属域2）进入待剥夺状态，禁止新替换
[切片剥夺] 周期5900020：切片3在途请求已清空，开始执行脏行写回
[切片管理] 周期5900307：原域2仅剩1个切片，关闭路扩展模式
[动态重分配] 周期5900307：切片3写回完成，自动绑定到域3
[切片管理] 成功绑定切片3 → 安全域3，触发【路扩展模式】

======================== 切片硬件状态 ========================
切片号 | 所属安全域 | 当前状态    | 路扩展 | LRU touched
------------------------------------------------------------------
  0    |   域0      | 正常运行   |  否   |  5900306
  1    |   域3      | 正常运行   |  是   |  5899936
  2    |   域2      | 正常运行   |  否   |  5900089
  3    |   域3      | 正常运行   |  是   |  5900307
==================================================================


======================== 切片硬件状态 ========================
切片号 | 所属安全域 | 当前状态    | 路扩展 | LRU touched
------------------------------------------------------------------
  0    |   域0      | 正常运行   |  否   |  21399997
  1    |   域3      | 正常运行   |  是   |  21400000
  2    |   域2      | 正常运行   |  否   |  21400000
  3    |   域3      | 正常运行   |  是   |  21399995
==================================================================

[动态重分配] 周期21400000：预约迁移 冗余域3(2%) -> 切片1 -> 饥饿域2(8%)
[切片剥夺] 周期21400000：切片1（所属域3）进入待剥夺状态，禁止新替换
[切片剥夺] 周期21400060：切片1在途请求已清空，开始执行脏行写回
[切片管理] 周期21400410：原域3仅剩1个切片，关闭路扩展模式
[动态重分配] 周期21400410：切片1写回完成，自动绑定到域2
[切片管理] 成功绑定切片1 → 安全域2，触发【路扩展模式】

======================== 切片硬件状态 ========================
切片号 | 所属安全域 | 当前状态    | 路扩展 | LRU touched
------------------------------------------------------------------
  0    |   域0      | 正常运行   |  否   |  21400409
  1    |   域2      | 正常运行   |  是   |  21400410
  2    |   域2      | 正常运行   |  是   |  21400406
  3    |   域3      | 正常运行   |  否   |  21400392
==================================================================


======================== 切片硬件状态 ========================
切片号 | 所属安全域 | 当前状态    | 路扩展 | LRU touched
------------------------------------------------------------------
  0    |   域0      | 正常运行   |  否   |  45700000
  1    |   域2      | 正常运行   |  是   |  45699999
  2    |   域2      | 正常运行   |  是   |  45699999
  3    |   域3      | 正常运行   |  否   |  45699997
==================================================================

[动态重分配] 周期45700000：预约迁移 冗余域2(1%) -> 切片2 -> 饥饿域3(10%)
[切片剥夺] 周期45700000：切片2（所属域2）进入待剥夺状态，禁止新替换
[切片剥夺] 周期45700000：切片2在途请求已清空，开始执行脏行写回
[切片管理] 周期45700211：原域2仅剩1个切片，关闭路扩展模式
[动态重分配] 周期45700211：切片2写回完成，自动绑定到域3
[切片管理] 成功绑定切片2 → 安全域3，触发【路扩展模式】

====== mem_access_latency dl1_access_fn dl2_access_fn il1_access_fn il2_access_fn itlb_access_fn dtlb_access_fn sim_reg_options================== 切片硬件状态 ========================
切片号 | 所属安全域 | 当前状态    | 路扩展 | LRU touched
------------------------------------------------------------------
  0    |   域0      | 正常运行   |  否   |  45700065
  1    |   域2      | 正常运行   |  否   |  45700015
  2    |   域3      | 正常运行   |  是   |  45700211
  3    |   域3      | 正常运行   |  是   |  45700061
==================================================================


======================== 切片硬件状态 ========================
切片号 | 所属安全域 | 当前状态    | 路扩展 | LRU touched
------------------------------------------------------------------
  0    |   域0      | 正常运行   |  否   |  58500000
  1    |   域2      | 正常运行   |  否   |  58499995
  2    |   域3      | 正常运行   |  是   |  58499999
  3    |   域3      | 正常运行   |  是   |  58499997
==================================================================

[动态重分配] 周期58500000：预约迁移 冗余域3(0%) -> 切片2 -> 饥饿域2(6%)
[切片剥夺] 周期58500000：切片2（所属域3）进入待剥夺状态，禁止新替换
[切片剥夺] 周期58500000：切片2在途请求已清空，开始执行脏行写回
[切片管理] 周期58502077：原域3仅剩1个切片，关闭路扩展模式
[动态重分配] 周期58502077：切片2写回完成，自动绑定到域2
[切片管理] 成功绑定切片2 → 安全域2，触发【路扩展模式】

======================== 切片硬件状态 ========================
切片号 | 所属安全域 | 当前状态    | 路扩展 | LRU touched
------------------------------------------------------------------
  0    |   域0      | 正常运行   |  否   |  58502077
  1    |   域2      | 正常运行   |  是   |  58502066
  2    |   域2      | 正常运行   |  是   |  58502077
  3    |   域3      | 正常运行   |  否   |  58502071
==================================================================


======================== 切片硬件状态 ========================
切片号 | 所属安全域 | 当前状态    | 路扩展 | LRU touched
------------------------------------------------------------------
  0    |   域0      | 正常运行   |  否   |  58899980
  1    |   域2      | 正常运行   |  是   |  58899983
  2    |   域2      | 正常运行   |  是   |  58899988
  3    |   域3      | 正常运行   |  否   |  58899989
==================================================================

[动态重分配] 周期58900000：预约迁移 冗余域2(0%) -> 切片1 -> 饥饿域3(8%)
[切片剥夺] 周期58900000：切片1（所属域2）进入待剥夺状态，禁止新替换
[切片剥夺] 周期58900248：切片1在途请求已清空，开始执行脏行写回
[切片管理] 周期58902307：原域2仅剩1个切片，关闭路扩展模式
[动态重分配] 周期58902307：切片1写回完成，自动绑定到域3
[切片管理] 成功绑定切片1 → 安全域3，触发【路扩展模式】

======================== 切片硬件状态 ========================
切片号 | 所属安全域 | 当前状态    | 路扩展 | LRU touched
------------------------------------------------------------------
  0    |   域0      | 正常运行   |  否   |  58902306
  1    |   域3      | 正常运行   |  是   |  58902307
  2    |   域2      | 正常运行   |  否   |  58902304
  3    |   域3      | 正常运行   |  是   |  58902306
==================================================================


======================== 切片硬件状态 ========================
切片号 | 所属安全域 | 当前状态    | 路扩展 | LRU touched
------------------------------------------------------------------
  0    |   域0      | 正常运行   |  否   |  59599917
  1    |   域3      | 正常运行   |  是   |  59599998
  2    |   域2      | 正常运行   |  否   |  59599999
  3    |   域3      | 正常运行   |  是   |  59599998
==================================================================

[ copy_for_inline动态重分配] 周期59600000：预约迁移 冗余域3(0%) -> 切片1 -> 饥饿域2(11%)
[切片剥夺] 周期59600000：切片1（所属域3）进入待剥夺状态，禁止新替换
[切片剥夺] 周期59600000：切片1在途请求已清空，开始执行脏行写回
[切片管理] 周期59600242：原域3仅剩1个切片，关闭路扩展模式
[动态重分配] 周期59600242：切片1写回完成，自动绑定到域2
[切片管理] 成功绑定切片1 → 安全域2，触发【路扩展模式】

======================== 切片硬件状态 ========================
切片号 | 所属安全域 | 当前状态    | 路扩展 | LRU touched
------------------------------------------------------------------
  0    |   域0      | 正常运行   |  否   |  59599917
  1    |   域2      | 正常运行   |  是   |  59600242
  2    |   域2      | 正常运行   |  是   |  59600035
  3    |   域3      | 正常运行   |  否   |  59600013
==================================================================


======================== 切片硬件状态 ========================
切片号 | 所属安全域 | 当前状态    | 路扩展 | LRU touched
------------------------------------------------------------------
  0    |   域0      | 正常运行   |  否   |  79299998
  1    |   域2      | 正常运行   |  是   |  79299792
  2    |   域2      | 正常运行   |  是   |  79299982
  3    |   域3      | 正常运行   |  否   |  79300000
==================================================================

[动态重分配] 周期79300000：预约迁移 冗余域2(1%) -> 切片1 -> 饥饿域3(12%)
[切片剥夺] 周期79300000：切片1（所属域2）进入待剥夺状态，禁止新替换
[切片剥夺] 周期79300000：切片1在途请求已清空，开始执行脏行写回
[切片管理] 周期79301479：原域2仅剩1个切片，关闭路扩展模式
[动态重分配] 周期79301479：切片1写回完成，自动绑定到域3
[切片管理] 成功绑定切片1 → 安全域3，触发【路扩展模式】

======================== 切片硬件状态 ========================
切片号 | 所属安全域 | 当前状态    | 路扩展 | LRU touched
------------------------------------------------------------------
  0    |   域0      | 正常运行   |  否   |  79301472
  1    |   域3      | 正常运行   |  是   |  79301479
  2    |   域2      | 正常运行   |  否   |  79301412
  3    |   域3      | 正常运行   |  是   |  79301443
==================================================================


======================== 切片硬件状态 ========================
切片号 | 所属安全域 | 当前状态    | 路扩展 | LRU touched
------------------------------------------------------------------
  0    |   域0      | 正常运行   |  否   |  92599999
  1    |   域3      | 正常运行   |  是   |  92599997
  2    |   域2      | 正常运行   |  否   |  92600000
  3    |   域3      | 正常运行   |  是   |  92599983
==================================================================

[动态重分配] 周期92600000：预约迁移 冗余域3(0%) -> 切片1 -> 饥饿域0(6%)
[切片剥夺] 周期92600000：切片1（所属域3）进入待剥夺状态，禁止新替换
[切片剥夺] 周期92600000：切片1在途请求已清空，开始执行脏行写回
[切片管理] 周期92602620：原域3仅剩1个切片，关闭路扩展模式
[动态重分配] 周期92602620：切片1写回完成，自动绑定到域0
[切片管理] 成功绑定切片1 → 安全域0，触发【路扩展模式】

======================== 切片硬件状态 ========================
切片号 | 所属安全域 | 当前状态    | 路扩展 | LRU touched
------------------------------------------------------------------
  0    |   域0      | 正常运行   |  是   |  92602612
  1    |   域0      | 正常运行   |  是   |  92602620
  2    |   域2      | 正常运行   |  否   |  92602594
  3    |   域3      | 正常运行   |  否   |  92602609
==================================================================


======================== 切片硬件状态 ========================
切片号 | 所属安全域 | 当前状态    | 路扩展 | LRU touched
------------------------------------------------------------------
  0    |   域0      | 正常运行   |  是   |  93399997
  1    |   域0      | 正常运行   |  是   |  93399930
  2    |   域2      | 正常运行   |  否   |  93399997
  3    |   域3      | 正常运行   |  否   |  93400000
==================================================================

[动态重分配] 周期93400000：预约迁移 冗余域0(4%) -> 切片0 -> 饥饿域2(14%)
[切片剥夺] 周期93400000：切片0（所属域0）进入待剥夺状态，禁止新替换
[切片剥夺] 周期93400000：切片0在途请求已清空，开始执行脏行写回
[切片管理] 周期93400293：原域0仅剩1个切片，关闭路扩展模式
[动态重分配] 周期93400293：切片0写回完成，自动绑定到域2
[切片管理] 成功绑定切片0 → 安全域2，触发【路扩展模式】

======================== 切片硬件状态 ========================
切片号 | 所属安全域 | 当前状态    | 路扩展 | LRU touched
------------------------------------------------------------------
  0    |   域2      | 正常运行   |  是   |  93400293
  1    |   域0      | 正常运行   |  否   |  93400286
  2    |   域2      | 正常运行   |  是   |  93400063
  3    |   域3      | 正常运行   |  否   |  93400062
==================================================================


**** Debug Statistics at 101000000 Cycles *****
Threads: 4		Fetch Width: 8
No of useful instructions fetched:	301710079 (37.34% proc util.)
No of total instructions fetched:	465229976 (57.58% proc util.)
 includes 20833123 misfetch (4.5%), 142686774 (30.7%) wrong-path fetches
 and 0 flushed after failed lock(0.0%)
No of useful instructions issued/executed:	301710061 (37.34% proc util.)
No of total instructions issued/executed:	373464314 (46.22% proc util.)
 includes 71754253 wrong-path (19.2%) insts and 0 flushed (0.0%)
	fp 22861, 0.01%
	synch 0, 0.00%
	integer 254856770, 68.24%
	load/store 118584683, 31.75%
Avg size of int IQ (before scheduling): 28.35
Avg size of fp IQ (before scheduling): 0.01
No of cycles taken:		101000000
Parallelism [ 1.541, 0.000, 0.711, 0.735,] = 2.987
 IQ conflicts: 4233621 (4.19%), FQ conflicts: 0 (0.00%) 
 I reg conflicts: 22527447 (22.30%), FP reg conflicts: 0 (0.00%)
  Activelist confs: 908 (0.00%), ROB confs: 60878 (0.06%)
  Int unit conflicts: 123215546 (122.00%), FP unit conflicts: 35 (0.00%)
  Load/store unit conflicts: 17664059 (17.49%)
  MSHR conflicts: 14442025 (14.30%)
----------------------------------------
==== System-wide Cache Statistics ====
Stall for miss queue full 368 cycles (0.00%)
----------------------------------------
==== Statistics for Master ID: 0 ====
Reads: 92692097   Writes: 12376460
ICACHE: size: 64 KB assoc: 2
ICACHE: hits:57032622 misses:19059  Hit Ratio: 99.97%
DCACHE: size: 1*16 KB assoc: 1*4
DCACHE: hits:46722511 misses:1294454 writebacks:511056  Hit Ratio: 97.30%
SCACHE: size: 512 KB assoc: 2
SCACHE: hits:1076820 misses:236602  Hit Ratio: 81.99%
3CACHE: size: 4096 KB assoc: 2
3CACHE: hits:186873 misses:49729  Hit Ratio: 78.98%
3CACHE: dirty items replaced:3203
ITLB: size: 48, misses 594, miss rate 0.00%
DTLB: size: 128, misses 69780, miss rate 0.15%
Avg mem delay: 1.741 cycles
----------------------------------------
==== Statistics for Master ID: 2 ====
Reads: 61026882   Writes: 8681508
ICACHE: size: 64 KB assoc: 2
ICACHE: hits:35221721 misses:1064496  Hit Ratio: 97.07%
DCACHE: size: 2*16 KB assoc: 2*4
DCACHE: hits:32205083 misses:1217491 writebacks:143886  Hit Ratio: 96.36%
SCACHE: size: 512 KB assoc: 2
SCACHE: hits:1821425 misses:460161  Hit Ratio: 79.83%
3CACHE: size: 4096 KB assoc: 2
3CACHE: hits:354772 misses:105389  Hit Ratio: 77.10%
3CACHE: dirty items replaced:8888
ITLB: size: 48, misses 114262, miss rate 0.31%
DTLB: size: 128, misses 174904, miss rate 0.52%
Avg mem delay: 1.741 cycles
----------------------------------------
==== Statistics for Master ID: 3 ====
Reads: 64986078   Writes: 10140304
ICACHE: size: 64 KB assoc: 2
ICACHE: hits:36974026 misses:1240896  Hit Ratio: 96.75%
DCACHE: size: 1*16 KB assoc: 1*4
DCACHE: hits:36282986 misses:628898 writebacks:167303  Hit Ratio: 98.30%
SCACHE: size: 512 KB assoc: 2
SCACHE: hits:1429765 misses:439604  Hit Ratio: 76.48%
3CACHE: size: 4096 KB assoc: 2
3CACHE: hits:341741 misses:97862  Hit Ratio: 77.74%
3CACHE: dirty items replaced:9505
ITLB: size: 48, misses 118446, miss rate 0.31%
DTLB: size: 128, misses 124409, miss rate 0.34%
Avg mem delay: 1.741 cycles
----------------------------------------
==== Global Resource Utilization ====
STASH: size: 65536 entries, full 1005074059, empty 17277776, misses 1473371, full rate 98.17
icache bank util. 0.172 0.144 0.129 0.147 0.188 0.212 0.190 0.190 
dcache bank util. 0.143 0.179 0.168 0.152 0.185 0.120 0.195 0.147 
L2 bank util. 0.045 0.045 0.041 0.041 0.040 0.039 0.040 0.048 
L1-L2 bus util. = 0.187, L3 util. = 0.025
----------------------------------------

======================== 切片硬件状态 ========================
切片号 | 所属安全域 | 当前状态    | 路扩展 | LRU touched
------------------------------------------------------------------
  0    |   域2      | 正常运行   |  是   |  100999999
  1    |   域0      | 正常运行   |  否   |  100999999
  2    |   域2      | 正常运行   |  是   |  100999994
  3    |   域3      | 正常运行   |  否   |  100999965
==================================================================

branch prediction, hits = 24736113, misses = 5256681, hit rate = 82.47%
return_stack prediction, hits = 2902794, misses = 2105, hit rate = 99.93%
jump prediction, hits = 25252255, misses = 5374185, hit rate = 82.45%
 sim_check_options expand_inline_function
======================== 切片硬件状态 ========================
切片号 | 所属安全域 | 当前状态    | 路扩展 | LRU touched
------------------------------------------------------------------
  0    |   域2      | 正常运行   |  是   |  102099933
  1    |   域0      | 正常运行   |  否   |  102099907
  2    |   域2      | 正常运行   |  是   |  102099996
  3    |   域3      | 正常运行   |  否   |  102099741
==================================================================

[动态重分配] 周期102100000：预约迁移 冗余域2(1%) -> 切片0 -> 饥饿域3(7%)
[切片剥夺] 周期102100000：切片0（所属域2）进入待剥夺状态，禁止新替换
[切片剥夺] 周期102100000：切片0在途请求已清空，开始执行脏行写回
[切片管理] 周期102100275：原域2仅剩1个切片，关闭路扩展模式
[动态重分配] 周期102100275：切片0写回完成，自动绑定到域3
[切片管理] 成功绑定切片0 → 安全域3，触发【路扩展模式】

======================== 切片硬件状态 ========================
切片号 | 所属安全域 | 当前状态    | 路扩展 | LRU touched
------------------------------------------------------------------
  0    |   域3      | 正常运行   |  是   |  102100275
  1    |   域0      | 正常运行   |  否   |  102099907
  2    |   域2      | 正常运行   |  否   |  102100001
  3    |   域3      | 正常运行   |  是   |  102099741
==================================================================


======================== 切片硬件状态 ========================
切片号 | 所属安全域 | 当前状态    | 路扩展 | LRU touched
------------------------------------------------------------------
  0    |   域3      | 正常运行   |  是   |  116999986
  1    |   域0      | 正常运行   |  否   |  116999996
  2    |   域2      | 正常运行   |  否   |  116999864
  3    |   域3      | 正常运行   |  是   |  116999984
==================================================================

[动态重分配] 周期117000000：预约迁移 冗余域3(2%) -> 切片0 -> 饥饿域2(41%)
[切片剥夺] 周期117000000：切片0（所属域3）进入待剥夺状态，禁止新替换
[切片剥夺] 周期117000000：切片0在途请求已清空，开始执行脏行写回
[切片管理] 周期117000302：原域3仅剩1个切片，关闭路扩展模式
[动态重分配] 周期117000302：切片0写回完成，自动绑定到域2
[切片管理] 成功绑定切片0 → 安全域2，触发【路扩展模式】

======================== 切片硬件状态 ========================
切片号 | 所属安全域 | 当前状态    | 路扩展 | LRU touched
------------------------------------------------------------------
  0    |   域2      | 正常运行   |  是   |  117000302
  1    |   域0      | 正常运行   |  否   |  117000301
  2    |   域2      | 正常运行   |  是   |  116999864
  3    |   域3      | 正常运行   |  否   |  116999984
==================================================================


======================== 切片硬件状态 ========================
切片号 | 所属安全域 | 当前状态    | 路扩展 | LRU touched
------------------------------------------------------------------
  0    |   域2      | 正常运行   |  是   |  117800000
  1    |   域0      | 正常运行   |  否   |  117800000
  2    |   域2      | 正常运行   |  是   |  117799999
  3    |   域3      | 正常运行   |  否   |  117799929
==================================================================

[动态重分配] 周期117800000：预约迁移 冗余域2(1%) -> 切片0 -> 饥饿域0(7%)
[切片剥夺] 周期117800000：切片0（所属域2）进入待剥夺状态，禁止新替换
[切片剥夺] 周期117800000：切片0在途请求已清空，开始执行脏行写回
[切片管理] 周期117800287：原域2仅剩1个切片，关闭路扩展模式
[动态重分配] 周期117800287：切片0写回完成，自动绑定到域0
[切片管理] 成功绑定切片0 → 安全域0，触发【路扩展模式】

======================== 切片硬件状态 ========================
切片号 | 所属安全域 | 当前状态    | 路扩展 | LRU touched
------------------------------------------------------------------
  0    |   域0      | 正常运行   |  是   |  117800287
  1    |   域0      | 正常运行   |  是   |  117800286
  2    |   域2      | 正常运行   |  否   |  117800281
  3    |   域3      | 正常运行   |  否   |  117800287
==================================================================


======================== 切片硬件状态 ========================
切片号 | 所属安全域 | 当前状态    | 路扩展 | LRU touched
------------------------------------------------------------------
  0    |   域0      | 正常运行   |  是   |  119599972
  1    |   域0      | 正常运行   |  是   |  119599924
  2    |   域2      | 正常运行   |  否   |  119600000
  3    |   域3      | 正常运行   |  否   |  119599943
==================================================================

[动态重分配] 周期119600000：预约迁移 冗余域0(3%) -> 切片0 -> 饥饿域2(11%)
[切片剥夺] 周期119600000：切片0（所属域0）进入待剥夺状态，禁止新替换
[切片剥夺] 周期119600000：切片0在途请求已清空，开始执行脏行写回
[切片管理] 周期119600305：原域0仅剩1个切片，关闭路扩展模式
[动态重分配] 周期119600305：切片0写回完成，自动绑定到域2
[切片管理] 成功绑定切片0 → 安全域2，触发【路扩展模式】

======================== 切片硬件状态 ========================
切片号 | 所属安全域 | 当前状态    | 路扩展 | LRU touched
------------------------------------------------------------------
  0    |   域2      | 正常运行   |  是   |  119600305
  1    |   域0      | 正常运行   |  否   |  119600057
  2    |   域2      | 正常运行   |  是   |  119600304
  3    |   域3      | 正常运行   |  否   |  119599943
==================================================================


======================== 切片硬件状态 ========================
切片号 | 所属安全域 | 当前状态    | 路扩展 | LRU touched
------------------------------------------------------------------
  0    |   域2      | 正常运行   |  是   |  124300000
  1    |   域0      | 正常运行   |  否   |  124300000
  2    |   域2      | 正常运行   |  是   |  124299949
  3    |   域3      | 正常运行   |  否   |  124299966
==================================================================

[动态重分配] 周期124300000：预约迁移 冗余域2(0%) -> 切片0 -> 饥饿域3(10%)
[切片剥夺] 周期124300000：切片0（所属域2）进入待剥夺状态，禁止新替换
[切片剥夺] 周期124300000：切片0在途请求已清空，开始执行脏行写回
[切片管理] 周期124306151：原域2仅剩1个切片，关闭路扩展模式
[动态重分配] 周期124306151：切片0写回完成，自动绑定到域3
[切片管理] 成功绑定切片0 → 安全域3，触发【路扩展模式】

======================== 切片硬件状态 ========================
切片号 | 所属安全域 | 当前状态    | 路扩展 | LRU touched
------------------------------------------------------------------
  0    |   域3      | 正常运行   |  是   |  124306151
  1    |   域0      | 正常运行   |  否   |  124306145
  2    |   域2      | 正常运行   |  否   |  124306145
  3    |   域3      | 正常运行   |  是   |  124306143
==================================================================


======================== 切片硬件状态 ========================
切片号 | 所属安全域 | 当前状态    | 路扩展 | LRU touched
------------------------------------------------------------------
  0    |   域3      | 正常运行   |  是   |  141399922
  1    |   域0      | 正常运行   |  否   |  141399923
  2    |   域2      | 正常运行   |  否   |  141399878
  3    |   域3      | 正常运行   |  是   |  141399881
==================================================================

[动态重分配] 周期141400000：预约迁移 冗余域3(0%) -> 切片0 -> 饥饿域2(7%)
[切片剥夺] 周期141400000：切片0（所属域3）进入待剥夺状态，禁止新替换
[切片剥夺] 周期141400000：切片0在途请求已清空，开始执行脏行写回
[切片管理] 周期141401822：原域3仅剩1个切片，关闭路扩展模式
[动态重分配] 周期141401822：切片0写回完成，自动绑定到域2
[切片管理] 成功绑定切片0 → 安全域2，触发【路扩展模式】

======================== 切片硬件状态 ========================
切片号 | 所属安全域 | 当前状态    | 路扩展 | LRU touched
------------------------------------------------------------------
  0    |   域2      | 正常运行   |  是   |  141401822
  1    |   域0      | 正常运行   |  否   |  141401817
  2    |   域2      | 正常运行   |  是   |  141401817
  3    |   域3      | 正常运行   |  否   |  141401822
==================================================================


======================== 切片硬件状态 ========================
切片号 | 所属安全域 | 当前状态    | 路扩展 | LRU touched
------------------------------------------------------------------
  0    |   域2      | 正常运行   |  是   |  142199998
  1    |   域0      | 正常运行   |  否   |  142199999
  2    |   域2      | 正常运行   |  是   |  142200000
  3    |   域3      | 正常运行   |  否   |  142199995
==================================================================

[动态重分配] 周期142200000：预约迁移 冗余域2(0%) -> 切片0 -> 饥饿域3(10%)
[切片剥夺] 周期142200000：切片0（所属域2）进入待剥夺状态，禁止新替换
[切片剥夺] 周期142200000：切片0在途请求已清空，开始执行脏行写回
[切片管理] 周期142202551：原域2仅剩1个切片，关闭路扩展模式
[动态重分配] 周期142202551：切片0写回完成，自动绑定到域3
[切片管理] 成功绑定切片0 → 安全域3，触发【路扩展模式】

======================== 切片硬件状态 ========================
切片号 | 所属安全域 | 当前状态    | 路扩展 | LRU touched
------------------------------------------------------------------
  0    |   域3      | 正常运行   |  是   |  142202551
  1    |   域0      | 正常运行   |  否   |  142202550
  2    |   域2      | 正常运行   |  否   |  142202547
  3    |   域3      | 正常运行   |  是   |  142202549
==================================================================


======================== 切片硬件状态 ========================
切片号 | 所属安全域 | 当前状态    | 路扩展 | LRU touched
------------------------------------------------------------------
  0    |   域3      | 正常运行   |  是   |  144599999
  1    |   域0      | 正常运行   |  否   |  144599998
  2    |   域2      | 正常运行   |  否   |  144599976
  3    |   域3      | 正常运行   |  是   |  144599993
==================================================================

[动态重分配] 周期144600000：预约迁移 冗余域3(2%) -> 切片0 -> 饥饿域2(8%)
[切片剥夺] 周期144600000：切片0（所属域3）进入待剥夺状态，禁止新替换
[切片剥夺] 周期144600004：切片0在途请求已清空，开始执行脏行写回
[切片管理] 周期144600213：原域3仅剩1个切片，关闭路扩展模式
[动态重分配] 周期144600213：切片0写回完成，自动绑定到域2
[切片管理] 成功绑定切片0 → 安全域2，触发【路扩展模式】

======================== 切片硬件状态 ========================
切片号 | 所属安全域 | 当前状态    | 路扩展 | LRU touched
------------------------------------------------------------------
  0    |   域2      | 正常运行   |  是   |  144600213
  1    |   域0      | 正常运行   |  否   |  144600088
  2    |   域2      | 正常运行   |  是   |  144600076
  3    |   域3      | 正常运行   |  否   |  144600076
==================================================================


======================== 切片硬件状态 ========================
切片号 | 所属安全域 | 当前状态    | 路扩展 | LRU touched
------------------------------------------------------------------
  0    |   域2      | 正常运行   |  是   |  144699998
  1    |   域0      | 正常运行   |  否   |  144700000
  2    |   域2      | 正常运行   |  是   |  144699996
  3    |   域3      | 正常运行   |  否   |  144699987
==================================================================

[动态重分配] 周期144700000：预约迁移 冗余域2(0%) -> 切片2 -> 饥饿域3(11%)
[切片剥夺] 周期144700000：切片2（所属域2）进入待剥夺状态，禁止新替换
[切片剥夺] 周期144700008：切片2在途请求已清空，开始执行脏行写回
[切片管理] 周期144701559：原域2仅剩1个切片，关闭路扩展模式
[动态重分配] 周期144701559：切片2写回完成，自动绑定到域3
[切片管理] 成功绑定切片2 → 安全域3，触发【路扩展模式】

======================== 切片硬件状态 ========================
切片号 | 所属安全域 | 当前状态    | 路扩展 | LRU touched
------------------------------------------------------------------
  0    |   域2      | 正常运行   |  否   |  144701554
  1    |   域0      | 正常运行   |  否   |  144701556
  2    |   域3      | 正常运行   |  是   |  144701559
  3    |   域3      | 正常运行   |  是   |  144701547
==================================================================


======================== 切片硬件状态 ========================
切片号 | 所属安全域 | 当前状态    | 路扩展 | LRU touched
------------------------------------------------------------------
  0    |   域2      | 正常运行   |  否   |  149099950
  1    |   域0      | 正常运行   |  否   |  149100000
  2    |   域3      | 正常运行   |  是   |  149099982
  3    |   域3      | 正常运行   |  是   |  149099929
==================================================================

[动态重分配] 周期149100000：预约迁移 冗余域3(1%) -> 切片2 -> 饥饿域2(10%)
[切片剥夺] 周期149100000：切片2（所属域3）进入待剥夺状态，禁止新替换
[切片剥夺] 周期149100000：切片2在途请求已清空，开始执行脏行写回
[切片管理] 周期149102851：原域3仅剩1个切片，关闭路扩展模式
[动态重分配] 周期149102851：切片2写回完成，自动绑定到域2
[切片管理] 成功绑定切片2 → 安全域2，触发【路扩展模式】

======================== 切片硬件状态 ========================
切片号 | 所属安全域 | 当前状态    | 路扩展 | LRU touched
------------------------------------------------------------------
  0    |   域2      | 正常运行   |  是   |  149102850
  1    |   域0      | 正常运行   |  否   |  149102792
  2    |   域2      | 正常运行   |  是   |  149102851
  3    |   域3      | 正常运行   |  否   |  149102851
==================================================================


======================== 切片硬件状态 ========================
切片号 | 所属安全域 | 当前状态    | 路扩展 | LRU touched
------------------------------------------------------------------
  0    |   域2      | 正常运行   |  是   |  159000000
  1    |   域0      | 正常运行   |  否   |  158999997
  2    |   域2      | 正常运行   |  是   |  159000000
  3    |   域3      | 正常运行   |  否   |  158999992
==================================================================

[动态重分配] 周期159000000：预约迁移 冗余域2(0%) -> 切片0 -> 饥饿域3(13%)
[切片剥夺] 周期159000000：切片0（所属域2）进入待剥夺状态，禁止新替换
[切片剥夺] 周期159000000：切片0在途请求已清空，开始执行脏行写回
[切片管理] 周期159003510：原域2仅剩1个切片，关闭路扩展模式
[动态重分配] 周期159003510：切片0写回完成，自动绑定到域3
[切片管理] 成功绑定切片0 → 安全域3，触发【路扩展模式】

======================== 切片硬件状态 ========================
切片号 | 所属安全域 | 当前状态    | 路扩展 | LRU touched
------------------------------------------------------------------
  0    |   域3      | 正常运行   |  是   |  159003510
  1    |   域0      | 正常运行   |  否   |  159003504
  2    |   域2      | 正常运行   |  否   |  159003508
  3    |   域3      | 正常运行   |  是   |  159003502
==================================================================


======================== 切片硬件状态 ========================
切片号 | 所属安全域 | 当前状态    | 路扩展 | LRU touched
------------------------------------------------------------------
  0    |   域3      | 正常运行   |  是   |  162399997
  1    |   域0      | 正常运行   |  否   |  162399999
  2    |   域2      | 正常运行   |  否   |  162400000
  3    |   域3      | 正常运行   |  是   |  162400000
==================================================================

[动态重分配] 周期162400000：预约迁移 冗余域3(0%) -> 切片0 -> 饥饿域2(8%)
[切片剥夺] 周期162400000：切片0（所属域3）进入待剥夺状态，禁止新替换
[切片剥夺] 周期162400000：切片0在途请求已清空，开始执行脏行写回
[切片管理] 周期162400305：原域3仅剩1个切片，关闭路扩展模式
[动态重分配] 周期162400305：切片0写回完成，自动绑定到域2
[切片管理] 成功绑定切片0 → 安全域2，触发【路扩展模式】

======================== 切片硬件状态 ========================
切片号 | 所属安全域 | 当前状态    | 路扩展 | LRU touched
------------------------------------------------------------------
  0    |   域2      | 正常运行   |  是   |  162400305
  1    |   域0      | 正常运行   |  否   |  162400302
  2    |   域2      | 正常运行   |  是   |  162400304
  3    |   域3      | 正常运行   |  否   |  162400305
==================================================================


======================== 切片硬件状态 ========================
切片号 | 所属安全域 | 当前状态    | 路扩展 | LRU touched
------------------------------------------------------------------
  0    |   域2      | 正常运行   |  是   |  162799957
  1    |   域0      | 正常运行   |  否   |  162799999
  2    |   域2      | 正常运行   |  是   |  162799969
  3    |   域3      | 正常运行   |  否   |  162800000
==================================================================

[动态重分配] 周期162800000：预约迁移 冗余域2(0%) -> 切片2 -> 饥饿域3(7%)
[切片剥夺] 周期162800000：切片2（所属域2）进入待剥夺状态，禁止新替换
[切片剥夺] 周期162800000：切片2在途请求已清空，开始执行脏行写回
[切片管理] 周期162803202：原域2仅剩1个切片，关闭路扩展模式
[动态重分配] 周期162803202：切片2写回完成，自动绑定到域3
[切片管理] 成功绑定切片2 → 安全域3，触发【路扩展模式】

======================== 切片硬件状态 ========================
切片号 | 所属安全域 | 当前状态    | 路扩展 | LRU touched
------------------------------------------------------------------
  0    |   域2      | 正常运行   |  否   |  162803200
  1    |   域0      | 正常运行   |  否   |  162803190
  2    |   域3      | 正常运行   |  是   |  162803202
  3    |   域3      | 正常运行   |  是   |  162803202
==================================================================


======================== 切片硬件状态 ========================
切片号 | 所属安全域 | 当前状态    | 路扩展 | LRU touched
------------------------------------------------------------------
  0    |   域2      | 正常运行   |  否   |  164499998
  1    |   域0      | 正常运行   |  否   |  164499999
  2    |   域3      | 正常运行   |  是   |  164499993
  3    |   域3      | 正常运行   |  是   |  164499990
==================================================================

[动态重分配] 周期164500000：预约迁移 冗余域3(0%) -> 切片2 -> 饥饿域2(7%)
[切片剥夺] 周期164500000：切片2（所属域3）进入待剥夺状态，禁止新替换
[切片剥夺] 周期164500000：切片2在途请求已清空，开始执行脏行写回
[切片管理] 周期164500299：原域3仅剩1个切片，关闭路扩展模式
[动态重分配] 周期164500299：切片2写回完成，自动绑定到域2
[切片管理] 成功绑定切片2 → 安全域2，触发【路扩展模式】

======================== 切片硬件状态 ========================
切片号 | 所属安全域 | 当前状态    | 路扩展 | LRU touched
------------------------------------------------------------------
  0    |   域2      | 正常运行   |  是   |  164500271
  1    |   域0      | 正常运行   |  否   |  164500296
  2    |   域2      | 正常运行   |  是   |  164500299
  3    |   域3      | 正常运行   |  否   |  164500286
==================================================================


======================== 切片硬件状态 ========================
切片号 | 所属安全域 | 当前状态    | 路扩展 | LRU touched
------------------------------------------------------------------
  0    |   域2      | 正常运行   |  是   |  175299926
  1    |   域0      | 正常运行   |  否   |  175299935
  2    |   域2      | 正常运行   |  是   |  175299930
  3    |   域3      | 正常运行   |  否   |  175299885
==================================================================

[动态重分配] 周期175300000：预约迁移 冗余域2(2%) -> 切片0 -> 饥饿域3(8%)
[切片剥夺] 周期175300000：切片0（所属域2）进入待剥夺状态，禁止新替换
[切片剥夺] 周期175300000：切片0在途请求已清空，开始执行脏行写回
[切片管理] 周期175302128：原域2仅剩1个切片，关闭路扩展模式
[动态重分配] 周期175302128：切片0写回完成，自动绑定到域3
[切片管理] 成功绑定切片0 → 安全域3，触发【路扩展模式】

======================== 切片硬件状态 ========================
切片号 | 所属安全域 | 当前状态    | 路扩展 | LRU touched
------------------------------------------------------------------
  0    |   域3      | 正常运行   |  是   |  175302128
  1    |   域0      | 正常运行   |  否   |  175302117
  2    |   域2      | 正常运行   |  否   |  175302122
  3    |   域3      | 正常运行   |  是   |  175302121
==================================================================


======================== 切片硬件状态 ========================
切片号 | 所属安全域 | 当前状态    | 路扩展 | LRU touched
------------------------------------------------------------------
  0    |   域3      | 正常运行   |  是   |  177399902
  1    |   域0      | 正常运行   |  否   |  177399925
  2    |   域2      | 正常运行   |  否   |  177399915
  3    |   域3      | 正常运行   |  是   |  177399897
==================================================================

[动态重分配] 周期177400000：预约迁移 冗余域3(0%) -> 切片0 -> 饥饿域2(6%)
[切片剥夺] 周期177400000：切片0（所属域3）进入待剥夺状态，禁止新替换
[切片剥夺] 周期177400000：切片0在途请求已清空，开始执行脏行写回
[切片管理] 周期177402024：原域3仅剩1个切片，关闭路扩展模式
[动态重分配] 周期177402024：切片0写回完成，自动绑定到域2
[切片管理] 成功绑定切片0 → 安全域2，触发【路扩展模式】

======================== 切片硬件状态 ========================
切片号 | 所属安全域 | 当前状态    | 路扩展 | LRU touched
------------------------------------------------------------------
  0    |   域2      | 正常运行   |  是   |  177402024
  1    |   域0      | 正常运行   |  否   |  177402024
  2    |   域2      | 正常运行   |  是   |  177402022
  3    |   域3      | 正常运行   |  否   |  177402023
==================================================================


======================== 切片硬件状态 ========================
切片号 | 所属安全域 | 当前状态    | 路扩展 | LRU touched
------------------------------------------------------------------
  0    |   域2      | 正常运行   |  是   |  184900000
  1    |   域0      | 正常运行   |  否   |  184899996
  2    |   域2      | 正常运行   |  是   |  184899997
  3    |   域3      | 正常运行   |  否   |  184899998
==================================================================

[动态重分配] 周期184900000：预约迁移 冗余域2(0%) -> 切片0 -> 饥饿域3(6%)
[切片剥夺] 周期184900000：切片0（所属域2）进入待剥夺状态，禁止新替换
[切片剥夺] 周期184900000：切片0在途请求已清空，开始执行脏行写回
[切片管理] 周期184902393：原域2仅剩1个切片，关闭路扩展模式
[动态重分配] 周期184902393：切片0写回完成，自动绑定到域3
[切片管理] 成功绑定切片0 → 安全域3，触发【路扩展模式】

======================== 切片硬件状态 ========================
切片号 | 所属安全域 | 当前状态    | 路扩展 | LRU touched
------------------------------------------------------------------
  0    |   域3      | 正常运行   |  是   |  184902393
  1    |   域0      | 正常运行   |  否   |  184902371
  2    |   域2      | 正常运行   |  否   |  184902393
  3    |   域3      | 正常运行   |  是   |  184902390
==================================================================


**** Debug Statistics at 201000000 Cycles *****
Threads: 4		Fetch Width: 8
No of useful instructions fetched:	607077067 (37.75% proc util.)
No of total instructions fetched:	962117823 (59.83% proc util.)
 includes 48282731 misfetch (5.0%), 306758025 (31.9%) wrong-path fetches
 and 0 flushed after failed lock(0.0%)
No of useful instructions issued/executed:	607077062 (37.75% proc util.)
No of total instructions issued/executed:	759533611 (47.23% proc util.)
 includes 152456549 wrong-path (20.1%) insts and 0 flushed (0.0%)
	fp 26180, 0.00%
	synch 0, 0.00%
	integer 514905563, 67.79%
	load/store 244601868, 32.20%
Avg size of int IQ (before scheduling): 26.98
Avg size of fp IQ (before scheduling): 0.00
No of cycles taken:		201000000
Parallelism [ 1.556, 0.000, 0.710, 0.754,] = 3.020
 IQ conflicts: 5953327 (2.96%), FQ conflicts: 0 (0.00%) 
 I reg conflicts: 41333407 (20.56%), FP reg conflicts: 0 (0.00%)
  Activelist confs: 1582 (0.00%), ROB confs: 163569 (0.08%)
  Int unit conflicts: 240416590 (119.61%), FP unit conflicts: 39 (0.00%)
  Load/store unit conflicts: 38253094 (19.03%)
  MSHR conflicts: 33102073 (16.47%)
----------------------------------------
==== System-wide Cache Statistics ====
Stall for miss queue full 1649 cycles (0.00%)
----------------------------------------
==== Statistics for Master ID: 0 ====
Reads: 188370586   Writes: 24980160
ICACHE: size: 64 KB assoc: 2
ICACHE: hits:116293550 misses:55413  Hit Ratio: 99.95%
DCACHE: size: 1*16 KB assoc: 1*4
DCACHE: hits:94409672 misses:2592296 writebacks:1011255  Hit Ratio: 97.33%
SCACHE: size: 512 KB assoc: 2
SCACHE: hits:2166651 misses:480873  Hit Ratio: 81.84%
3CACHE: size: 4096 KB assoc: 2
3CACHE: hits:397602 misses:83271  Hit Ratio: 82.68%
3CACHE: dirty items replaced:8626
ITLB: size: 48, misses 1180, miss rate 0.00%
DTLB: size: 128, misses 156972, miss rate 0.16%
Avg mem delay: 1.711 cycles
----------------------------------------
==== Statistics for Master ID: 2 ====
Reads: 129526253   Writes: 19171677
ICACHE: size: 64 KB assoc: 2
ICACHE: hits:74530609 misses:2590429  Hit Ratio: 96.64%
DCACHE: size: 1*16 KB assoc: 1*4
DCACHE: hits:69628121 misses:1950302 writebacks:384454  Hit Ratio: 97.28%
SCACHE: size: 512 KB assoc: 2
SCACHE: hits:3475654 misses:1063542  Hit Ratio: 76.57%
3CACHE: size: 4096 KB assoc: 2
3CACHE: hits:907244 misses:156298  Hit Ratio: 85.30%
3CACHE: dirty items replaced:26440
ITLB: size: 48, misses 198184, miss rate 0.26%
DTLB: size: 128, misses 338169, miss rate 0.47%
Avg mem delay: 1.711 cycles
----------------------------------------
==== Statistics for Master ID: 3 ====
Reads: 132881596   Writes: 20831671
ICACHE: size: 64 KB assoc: 2
ICACHE: hits:75675743 misses:2621180  Hit Ratio: 96.65%
DCACHE: size: 2*16 KB assoc: 2*4
DCACHE: hits:74186777 misses:1230744 writebacks:337265  Hit Ratio: 98.37%
SCACHE: size: 512 KB assoc: 2
SCACHE: hits:2882736 misses:968009  Hit Ratio: 74.86%
3CACHE: size: 4096 KB assoc: 2
3CACHE: hits:804860 misses:163149  Hit Ratio: 83.15%
3CACHE: dirty items replaced:29559
ITLB: size: 48, misses 215236, miss rate 0.27%
DTLB: size: 128, misses 270432, miss rate 0.36%
Avg mem delay: 1.711 cycles
----------------------------------------
==== Global Resource Utilization ====
STASH: size: 65536 entries, full 1543911610, empty 35822435, misses 3078946, full rate 97.54
icache bank util. 0.174 0.149 0.136 0.159 0.201 0.224 0.195 0.192 
dcache bank util. 0.140 0.167 0.169 0.153 0.201 0.143 0.205 0.148 
L2 bank util. 0.044 0.046 0.042 0.045 0.043 0.041 0.041 0.048 
L1-L2 bus util. = 0.191, L3 util. = 0.020
----------------------------------------

======================== 切片硬件状态 ========================
切片号 | 所属安全域 | 当前状态    | 路扩展 | LRU touched
------------------------------------------------------------------
  0    |   域3      | 正常运行   |  是   |  200999989
  1    |   域0      | 正常运行   |  否   |  200999999
  2    |   域2      | 正常运行   |  否   |  200999998
  3    |   域3      | 正常运行   |  是   |  200999989
==================================================================

branch prediction, hits = 49015320, misses = 11792501, hit rate = 80.61%
return_stack prediction, hits = 6029281, misses = 4086, hit rate = 99.93%
jump prediction, hits = 48961584, misses = 12474951, hit rate = 79.69%
 copy_parm_decls copy_decl_tree copy_rtx_and_substitute
======================== 切片硬件状态 ========================
切片号 | 所属安全域 | 当前状态    | 路扩展 | LRU touched
------------------------------------------------------------------
  0    |   域3      | 正常运行   |  是   |  217499963
  1    |   域0      | 正常运行   |  否   |  217500000
  2    |   域2      | 正常运行   |  否   |  217500000
  3    |   域3      | 正常运行   |  是   |  217499956
==================================================================

[动态重分配] 周期217500000：预约迁移 冗余域3(0%) -> 切片0 -> 饥饿域2(10%)
[切片剥夺] 周期217500000：切片0（所属域3）进入待剥夺状态，禁止新替换
[切片剥夺] 周期217500000：切片0在途请求已清空，开始执行脏行写回
[切片管理] 周期217500278：原域3仅剩1个切片，关闭路扩展模式
[动态重分配] 周期217500278：切片0写回完成，自动绑定到域2
[切片管理] 成功绑定切片0 → 安全域2，触发【路扩展模式】

======================== 切片硬件状态 ========================
切片号 | 所属安全域 | 当前状态    | 路扩展 | LRU touched
------------------------------------------------------------------
  0    |   域2      | 正常运行   |  是   |  217500278
  1    |   域0      | 正常运行   |  否   |  217500199
  2    |   域2      | 正常运行   |  是   |  217500172
  3    |   域3      | 正常运行   |  否   |  217500004
==================================================================


======================== 切片硬件状态 ========================
切片号 | 所属安全域 | 当前状态    | 路扩展 | LRU touched
------------------------------------------------------------------
  0    |   域2      | 正常运行   |  是   |  235299990
  1    |   域0      | 正常运行   |  否   |  235299994
  2    |   域2      | 正常运行   |  是   |  235299999
  3    |   域3      | 正常运行   |  否   |  235299997
==================================================================

[动态重分配] 周期235300000：预约迁移 冗余域2(0%) -> 切片0 -> 饥饿域3(25%)
[切片剥夺] 周期235300000：切片0（所属域2）进入待剥夺状态，禁止新替换
[切片剥夺] 周期235300000：切片0在途请求已清空，开始执行脏行写回
[切片管理] 周期235302374：原域2仅剩1个切片，关闭路扩展模式
[动态重分配] 周期235302374：切片0写回完成，自动绑定到域3
[切片管理] 成功绑定切片0 → 安全域3，触发【路扩展模式】

======================== 切片硬件状态 ========================
切片号 | 所属安全域 | 当前状态    | 路扩展 | LRU touched
------------------------------------------------------------------
  0    |   域3      | 正常运行   |  是   |  235302374
  1    |   域0      | 正常运行   |  否   |  235302373
  2    |   域2      | 正常运行   |  否   |  235302371
  3    |   域3      | 正常运行   |  是   |  235302279
==================================================================


======================== 切片硬件状态 ========================
切片号 | 所属安全域 | 当前状态    | 路扩展 | LRU touched
------------------------------------------------------------------
  0    |   域3      | 正常运行   |  是   |  288999917
  1    |   域0      | 正常运行   |  否   |  288999998
  2    |   域2      | 正常运行   |  否   |  289000000
  3    |   域3      | 正常运行   |  是   |  288999933
==================================================================

[动态重分配] 周期289000000：预约迁移 冗余域3(0%) -> 切片0 -> 饥饿域2(9%)
[切片剥夺] 周期289000000：切片0（所属域3）进入待剥夺状态，禁止新替换
[切片剥夺] 周期289000000：切片0在途请求已清空，开始执行脏行写回
[切片管理] 周期289000404：原域3仅剩1个切片，关闭路扩展模式
[动态重分配] 周期289000404：切片0写回完成，自动绑定到域2
[切片管理] 成功绑定切片0 → 安全域2，触发【路扩展模式】

======================== 切片硬件状态 ========================
切片号 | 所属安全域 | 当前状态    | 路扩展 | LRU touched
------------------------------------------------------------------
  0    |   域2      | 正常运行   |  是   |  289000404
  1    |   域0      | 正常运行   |  否   |  289000404
  2    |   域2      | 正常运行   |  是   |  289000393
  3    |   域3      | 正常运行   |  否   |  289000403
==================================================================


======================== 切片硬件状态 ========================
切片号 | 所属安全域 | 当前状态    | 路扩展 | LRU touched
------------------------------------------------------------------
  0    |   域2      | 正常运行   |  是   |  292299998
  1    |   域0      | 正常运行   |  否   |  292299993
  2    |   域2      | 正常运行   |  是   |  292299998
  3    |   域3      | 正常运行   |  否   |  292299991
==================================================================

[动态重分配] 周期292300000：预约迁移 冗余域2(0%) -> 切片0 -> 饥饿域3(7%)
[切片剥夺] 周期292300000：切片0（所属域2）进入待剥夺状态，禁止新替换
[切片剥夺] 周期292300000：切片0在途请求已清空，开始执行脏行写回
[切片管理] 周期292300991：原域2仅剩1个切片，关闭路扩展模式
[动态重分配] 周期292300991：切片0写回完成，自动绑定到域3
[切片管理] 成功绑定切片0 → 安全域3，触发【路扩展模式】

======================== 切片硬件状态 ========================
切片号 | 所属安全域 | 当前状态    | 路扩展 | LRU touched
------------------------------------------------------------------
  0    |   域3      | 正常运行   |  是   |  292300991
  1    |   域0      | 正常运行   |  否   |  292300989
  2    |   域2      | 正常运行   |  否   |  292300990
  3    |   域3      | 正常运行   |  是   |  292300990
==================================================================


======================== 切片硬件状态 ========================
切片号 | 所属安全域 | 当前状态    | 路扩展 | LRU touched
------------------------------------------------------------------
  0    |   域3      | 正常运行   |  是   |  293100000
  1    |   域0      | 正常运行   |  否   |  293099999
  2    |   域2      | 正常运行   |  否   |  293100000
  3    |   域3      | 正常运行   |  是   |  293099999
==================================================================

[动态重分配] 周期293100000：预约迁移 冗余域3(0%) -> 切片0 -> 饥饿域2(9%)
[切片剥夺] 周期293100000：切片0（所属域3）进入待剥夺状态，禁止新替换
[切片剥夺] 周期293100000：切片0在途请求已清空，开始执行脏行写回
[切片管理] 周期293109152：原域3仅剩1个切片，关闭路扩展模式
[动态重分配] 周期293109152：切片0写回完成，自动绑定到域2
[切片管理] 成功绑定切片0 → 安全域2，触发【路扩展模式】

======================== 切片硬件状态 ========================
切片号 | 所属安全域 | 当前状态    | 路扩展 | LRU touched
------------------------------------------------------------------
  0    |   域2      | 正常运行   |  是   |  293109152
  1    |   域0      | 正常运行   |  否   |  293109064
  2    |   域2      | 正常运行   |  是   |  293109144
  3    |   域3      | 正常运行   |  否   |  293109146
==================================================================


======================== 切片硬件状态 ========================
切片号 | 所属安全域 | 当前状态    | 路扩展 | LRU touched
------------------------------------------------------------------
  0    |   域2      | 正常运行   |  是   |  299599820
  1    |   域0      | 正常运行   |  否   |  299599994
  2    |   域2      | 正常运行   |  是   |  299600000
  3    |   域3      | 正常运行   |  否   |  299599999
==================================================================

[动态重分配] 周期299600000：预约迁移 冗余域2(0%) -> 切片0 -> 饥饿域3(7%)
[切片剥夺] 周期299600000：切片0（所属域2）进入待剥夺状态，禁止新替换
[切片剥夺] 周期299600000：切片0在途请求已清空，开始执行脏行写回
[切片管理] 周期299600299：原域2仅剩1个切片，关闭路扩展模式
[动态重分配] 周期299600299：切片0写回完成，自动绑定到域3
[切片管理] 成功绑定切片0 → 安全域3，触发【路扩展模式】

======================== 切片硬件状态 ========================
切片号 | 所属安全域 | 当前状态    | 路扩展 | LRU touched
------------------------------------------------------------------
  0    |   域3      | 正常运行   |  是   |  299600299
  1    |   域0      | 正常运行   |  否   |  299600079
  2    |   域2      | 正常运行   |  否   |  299600054
  3    |   域3      | 正常运行   |  是   |  299599999
==================================================================


**** Debug Statistics at 301000000 Cycles *****
Threads: 4		Fetch Width: 8
No of useful instructions fetched:	933708855 (38.78% proc util.)
No of total instructions fetched:	1478817718 (61.41% proc util.)
 includes 78489606 misfetch (5.3%), 466619257 (31.6%) wrong-path fetches
 and 0 flushed after failed lock(0.0%)
No of useful instructions issued/executed:	933708820 (38.78% proc util.)
No of total instructions issued/executed:	1162431499 (48.27% proc util.)
 includes 228722679 wrong-path (19.7%) insts and 0 flushed (0.0%)
	fp 29597, 0.00%
	synch 0, 0.00%
	integer 786886597, 67.69%
	load/store 375515305, 32.30%
Avg size of int IQ (before scheduling): 26.63
Avg size of fp IQ (before scheduling): 0.00
No of cycles taken:		301000000
Parallelism [ 1.604, 0.000, 0.738, 0.760,] = 3.102
 IQ conflicts: 7577106 (2.52%), FQ conflicts: 0 (0.00%) 
 I reg conflicts: 57319628 (19.04%), FP reg conflicts: 0 (0.00%)
  Activelist confs: 2540 (0.00%), ROB confs: 240071 (0.08%)
  Int unit conflicts: 372534157 (123.77%), FP unit conflicts: 41 (0.00%)
  Load/store unit conflicts: 60431514 (20.08%)
  MSHR conflicts: 53770860 (17.86%)
----------------------------------------
==== System-wide Cache Statistics ====
Stall for miss queue full 1959 cycles (0.00%)
----------------------------------------
==== Statistics for Master ID: 0 ====
Reads: 286874831   Writes: 38044734
ICACHE: size: 64 KB assoc: 2
ICACHE: hits:177401166 misses:89356  Hit Ratio: 99.95%
DCACHE: size: 1*16 KB assoc: 1*4
DCACHE: hits:143738456 misses:3690772 writebacks:1474657  Hit Ratio: 97.50%
SCACHE: size: 512 KB assoc: 2
SCACHE: hits:3071455 misses:708488  Hit Ratio: 81.26%
3CACHE: size: 4096 KB assoc: 2
3CACHE: hits:592873 misses:115615  Hit Ratio: 83.68%
3CACHE: dirty items replaced:16931
ITLB: size: 48, misses 1826, miss rate 0.00%
DTLB: size: 128, misses 232266, miss rate 0.16%
Avg mem delay: 1.650 cycles
----------------------------------------
==== Statistics for Master ID: 2 ====
Reads: 203752854   Writes: 30636465
ICACHE: size: 64 KB assoc: 2
ICACHE: hits:116920299 misses:4209493  Hit Ratio: 96.52%
DCACHE: size: 1*16 KB assoc: 1*4
DCACHE: hits:110526820 misses:2734560 writebacks:653042  Hit Ratio: 97.59%
SCACHE: size: 512 KB assoc: 2
SCACHE: hits:5337692 misses:1604508  Hit Ratio: 76.89%
3CACHE: size: 4096 KB assoc: 2
3CACHE: hits:1412951 misses:191557  Hit Ratio: 88.06%
3CACHE: dirty items replaced:44850
ITLB: size: 48, misses 284688, miss rate 0.24%
DTLB: size: 128, misses 479466, miss rate 0.42%
Avg mem delay: 1.650 cycles
----------------------------------------
==== Statistics for Master ID: 3 ====
Reads: 200994010   Writes: 31440382
ICACHE: size: 64 KB assoc: 2
ICACHE: hits:114405285 misses:4197549  Hit Ratio: 96.46%
DCACHE: size: 2*16 KB assoc: 2*4
DCACHE: hits:112054798 misses:1778282 writebacks:498725  Hit Ratio: 98.44%
SCACHE: size: 512 KB assoc: 2
SCACHE: hits:4480592 misses:1493716  Hit Ratio: 75.00%
3CACHE: size: 4096 KB assoc: 2
3CACHE: hits:1280579 misses:213137  Hit Ratio: 85.73%
3CACHE: dirty items replaced:49570
ITLB: size: 48, misses 324970, miss rate 0.27%
DTLB: size: 128, misses 408192, miss rate 0.36%
Avg mem delay: 1.650 cycles
----------------------------------------
==== Global Resource Utilization ====
STASH: size: 65536 entries, full 2103278658, empty 54691204, misses 4713526, full rate 97.25
icache bank util. 0.178 0.153 0.140 0.165 0.208 0.232 0.199 0.197 
dcache bank util. 0.142 0.165 0.172 0.157 0.207 0.152 0.209 0.148 
L2 bank util. 0.044 0.047 0.043 0.046 0.043 0.041 0.042 0.049 
L1-L2 bus util. = 0.193, L3 util. = 0.017
----------------------------------------

======================== 切片硬件状态 ========================
切片号 | 所属安全域 | 当前状态    | 路扩展 | LRU touched
------------------------------------------------------------------
  0    |   域3      | 正常运行   |  是   |  300999888
  1    |   域0      | 正常运行   |  否   |  300999966
  2    |   域2      | 正常运行   |  否   |  300999999
  3    |   域3      | 正常运行   |  是   |  300999999
==================================================================

branch prediction, hits = 75512529, misses = 18296878, hit rate = 80.50%
return_stack prediction, hits = 9311590, misses = 5669, hit rate = 99.94%
jump prediction, hits = 73734671, misses = 20161286, hit rate = 78.53%

======================== 切片硬件状态 ========================
切片号 | 所属安全域 | 当前状态    | 路扩展 | LRU touched
------------------------------------------------------------------
  0    |   域3      | 正常运行   |  是   |  304600000
  1    |   域0      | 正常运行   |  否   |  304599996
  2    |   域2      | 正常运行   |  否   |  304599907
  3    |   域3      | 正常运行   |  是   |  304599958
==================================================================

[动态重分配] 周期304600000：预约迁移 冗余域3(0%) -> 切片0 -> 饥饿域2(8%)
[切片剥夺] 周期304600000：切片0（所属域3）进入待剥夺状态，禁止新替换
[切片剥夺] 周期304600000：切片0在途请求已清空，开始执行脏行写回
[切片管理] 周期304600251：原域3仅剩1个切片，关闭路扩展模式
[动态重分配] 周期304600251：切片0写回完成，自动绑定到域2
[切片管理] 成功绑定切片0 → 安全域2，触发【路扩展模式】

======================== 切片硬件状态 ========================
切片号 | 所属安全域 | 当前状态    | 路扩展 | LRU touched
------------------------------------------------------------------
  0    |   域2      | 正常运行   |  是   |  304600251
  1    |   域0      | 正常运行   |  否   |  304600246
  2    |   域2      | 正常运行   |  是   |  304600250
  3    |   域3      | 正常运行   |  否   |  304600250
==================================================================


======================== 切片硬件状态 ========================
切片号 | 所属安全域 | 当前状态    | 路扩展 | LRU touched
------------------------------------------------------------------
  0    |   域2      | 正常运行   |  是   |  304900000
  1    |   域0      | 正常运行   |  否   |  304900000
  2    |   域2      | 正常运行   |  是   |  304899996
  3    |   域3      | 正常运行   |  否   |  304899758
==================================================================

[动态重分配] 周期304900000：预约迁移 冗余域2(1%) -> 切片2 -> 饥饿域3(7%)
[切片剥夺] 周期304900000：切片2（所属域2）进入待剥夺状态，禁止新替换
[切片剥夺] 周期304900000：切片2在途请求已清空，开始执行脏行写回
[切片管理] 周期304904272：原域2仅剩1个切片，关闭路扩展模式
[动态重分配] 周期304904272：切片2写回完成，自动绑定到域3
[切片管理] 成功绑定切片2 → 安全域3，触发【路扩展模式】

======================== 切片硬件状态 ========================
切片号 | 所属安全域 | 当前状态    | 路扩展 | LRU touched
------------------------------------------------------------------
  0    |   域2      | 正常运行   |  否   |  304904260
  1    |   域0      | 正常运行   |  否   |  304904272
  2    |   域3      | 正常运行   |  是   |  304904272
  3    |   域3      | 正常运行   |  是   |  304904266
==================================================================


======================== 切片硬件状态 ========================
切片号 | 所属安全域 | 当前状态    | 路扩展 | LRU touched
------------------------------------------------------------------
  0    |   域2      | 正常运行   |  否   |  315200000
  1    |   域0      | 正常运行   |  否   |  315200000
  2    |   域3      | 正常运行   |  是   |  315199993
  3    |   域3      | 正常运行   |  是   |  315200000
==================================================================

[动态重分配] 周期315200000：预约迁移 冗余域3(1%) -> 切片2 -> 饥饿域2(7%)
[切片剥夺] 周期315200000：切片2（所属域3）进入待剥夺状态，禁止新替换
[切片剥夺] 周期315200000：切片2在途请求已清空，开始执行脏行写回
[切片管理] 周期315200191：原域3仅剩1个切片，关闭路扩展模式
[动态重分配] 周期315200191：切片2写回完成，自动绑定到域2
[切片管理] 成功绑定切片2 → � copy_address��全域2，触发【路扩展模式】

======================== 切片硬件状态 ========================
切片号 | 所属安全域 | 当前状态    | 路扩展 | LRU touched
------------------------------------------------------------------
  0    |   域2      | 正常运行   |  是   |  315200171
  1    |   域0      | 正常运行   |  否   |  315200191
  2    |   域2      | 正常运行   |  是   |  315200191
  3    |   域3      | 正常运行   |  否   |  315200178
==================================================================


======================== 切片硬件状态 ========================
切片号 | 所属安全域 | 当前状态    | 路扩展 | LRU touched
------------------------------------------------------------------
  0    |   域2      | 正常运行   |  是   |  316299999
  1    |   域0      | 正常运行   |  否   |  316299999
  2    |   域2      | 正常运行   |  是   |  316299994
  3    |   域3      | 正常运行   |  否   |  316299978
==================================================================

[动态重分配] 周期316300000：预约迁移 冗余域2(0%) -> 切片0 -> 饥饿域0(6%)
[切片剥夺] 周期316300000：切片0（所属域2）进入待剥夺状态，禁止新替换
[切片剥夺] 周期316300008：切片0在途请求已清空，开始执行脏行写回
[切片管理] 周期316300298：原域2仅剩1个切片，关闭路扩展模式
[动态重分配] 周期316300298：切片0写回完成，自动绑定到域0
[切片管理] 成功绑定切片0 → 安全域0，触发【路扩展模式】

======================== 切片硬件状态 ========================
切片号 | 所属安全域 | 当前状态    | 路扩展 | LRU touched
------------------------------------------------------------------
  0    |   域0      | 正常运行   |  是   |  316300298
  1    |   域0      | 正常运行   |  是   |  316300130
  2    |   域2      | 正常运行   |  否   |  316300296
  3    |   域3      | 正常运行   |  否   |  316300006
==================================================================


======================== 切片硬件状态 ========================
切片号 | 所属安全域 | 当前状态    | 路扩展 | LRU touched
------------------------------------------------------------------
  0    |   域0      | 正常运行   |  是   |  320699988
  1    |   域0      | 正常运行   |  是   |  320699993
  2    |   域2      | 正常运行   |  否   |  320699993
  3    |   域3      | 正常运行   |  否   |  320699914
==================================================================

[动态重分配] 周期320700000：预约迁移 冗余域0(0%) -> 切片0 -> 饥饿域2(7%)
[切片剥夺] 周期320700000：切片0（所属域0）进入待剥夺状态，禁止新替换
[切片剥夺] 周期320700000：切片0在途请求已清空，开始执行脏行写回
[切片管理] 周期320700275：原域0仅剩1个切片，关闭路扩展模式
[动态重分配] 周期320700275：切片0写回完成，自动绑定到域2
[切片管理] 成功绑定切片0 → 安全域2，触发【路扩展模式】

======================== 切片硬件状态 ========================
切片号 | 所属安全域 | 当前状态    | 路扩展 | LRU touched
------------------------------------------------------------------
  0    |   域2      | 正常运行   |  是   |  320700275
  1    |   域0      | 正常运行   |  否   |  320700275
  2    |   域2      | 正常运行   |  是   |  320700275
  3    |   域3      | 正常运行   |  否   |  320700275
==================================================================


======================== 切片硬件状态 ========================
切片号 | 所属安全域 | 当前状态    | 路扩展 | LRU touched
------------------------------------------------------------------
  0    |   域2      | 正常运行   |  是   |  321399995
  1    |   域0      | 正常运行   |  否   |  321399999
  2    |   域2      | 正常运行   |  是   |  321400000
  3    |   域3      | 正常运行   |  否   |  321399999
==================================================================

[动态重分配] 周期321400000：预约迁移 冗余域2(0%) -> 切片2 -> 饥饿域3(6%)
[切片剥夺] 周期321400000：切片2（所属域2）进入待剥夺状态，禁止新替换
[切片剥夺] 周期321400052：切片2在途请求已清空，开始执行脏行写回
[切片管理] 周期321410199：原域2仅剩1个切片，关闭路扩展模式
[动态重分配] 周期321410199：切片2写回完成，自动绑定到域3
[切片管理] 成功绑定切片2 → 安全域3，触发【路扩展模式】

======================== 切片硬件状态 ========================
切片号 | 所属安全域 | 当前状态    | 路扩展 | LRU touched
------------------------------------------------------------------
  0    |   域2      | 正常运行   |  否   |  321410196
  1    |   域0      | 正常运行   |  否   |  321410199
  2    |   域3      | 正常运行   |  是   |  321410199
  3    |   域3      | 正常运行   |  是   |  321410165
==================================================================


======================== 切片硬件状态 ========================
切片号 | 所属安全域 | 当前状态    | 路扩展 | LRU touched
------------------------------------------------------------------
  0    |   域2      | 正常运行   |  否   |  323200000
  1    |   域0      | 正常运行   |  否   |  323199998
  2    |   域3      | 正常运行   |  是   |  323199984
  3    |   域3      | 正常运行   |  是   |  323199992
==================================================================

[动态重分配] 周期323200000：预约迁移 冗余域3(0%) -> 切片2 -> 饥饿域0(6%)
[切片剥夺] 周期323200000：切片2（所属域3）进入待剥夺状态，禁止新替换
[切片剥夺] 周期323200144：切片2在途请求已清空，开始执行脏行写回
[切片管理] 周期323200481：原域3仅剩1个切片，关闭路扩展模式
[动态重分配] 周期323200481：切片2写回完成，自动绑定到域0
[切片管理] 成功绑定切片2 → 安全域0，触发【路扩展模式】

======================== 切片硬件状态 ========================
切片号 | 所属安全域 | 当前状态    | 路扩展 | LRU touched
------------------------------------------------------------------
  0    |   域2      | 正常运行   |  否   |  323200477
  1    |   域0      | 正常运行   |  是   |  323200479
  2    |   域0      | 正常运行   |  是   |  323200481
  3    |   域3      | 正常运行   |  否   |  323200480
==================================================================


======================== 切片硬件状态 ========================
切片号 | 所属安全域 | 当前状态    | 路扩展 | LRU touched
------------------------------------------------------------------
  0    |   域2      | 正常运行   |  否   |  323399999
  1    |   域0      | 正常运行   |  是   |  323399999
  2    |   域0      | 正常运行   |  是   |  323318028
  3    |   域3      | 正常运行   |  否   |  323400000
==================================================================

[动态重分配] 周期323400000：预约迁移 冗余域0(0%) -> 切片1 -> 饥饿域3(6%)
[切片剥夺] 周期323400000：切片1（所属域0）进入待剥夺状态，禁止新替换
[切片剥夺] 周期323400000：切片1在途请求已清空，开始执行脏行写回
[切片管理] 周期323400032：原域0仅剩1个切片，关闭路扩展模式
[动态重分配] 周期323400032：切片1写回完成，自动绑定到域3
[切片管理] 成功绑定切片1 → 安全域3，触发【路扩展模式】

======================== 切片硬件状态 ========================
切片号 | 所属安全域 | 当前状态    | 路扩展 | LRU touched
------------------------------------------------------------------
  0    |   域2      | 正常运行   |  否   |  323400032
  1    |   域3      | 正常运行   |  是   |  323400032
  2    |   域0      | 正常运行   |  否   |  323400007
  3    | sim_aux_config sim_reg_stats   域3      | 正常运行   |  是   |  323400029
==================================================================


======================== 切片硬件状态 ========================
切片号 | 所属安全域 | 当前状态    | 路扩展 | LRU touched
------------------------------------------------------------------
  0    |   域2      | 正常运行   |  否   |  324599964
  1    |   域3      | 正常运行   |  是   |  324599929
  2    |   域0      | 正常运行   |  否   |  324599972
  3    |   域3      | 正常运行   |  是   |  324599963
==================================================================

[动态重分配] 周期324600000：预约迁移 冗余域3(1%) -> 切片3 -> 饥饿域2(27%)
[切片剥夺] 周期324600000：切片3（所属域3）进入待剥夺状态，禁止新替换
[切片剥夺] 周期324600000：切片3在途请求已清空，开始执行脏行写回
[切片管理] 周期324602972：原域3仅剩1个切片，关闭路扩展模式
[动态重分配] 周期324602972：切片3写回完成，自动绑定到域2
[切片管理] 成功绑定切片3 → 安全域2，触发【路扩展模式】

======================== 切片硬件状态 ========================
切片号 | 所属安全域 | 当前状态    | 路扩展 | LRU touched
------------------------------------------------------------------
  0    |   域2      | 正常运行   |  是   |  324602958
  1    |   域3      | 正常运行   |  否   |  324602938
  2    |   域0      | 正常运行   |  否   |  324602966
  3    |   域2      | 正常运行   |  是   |  324602972
==================================================================


======================== 切片硬件状态 ========================
切片号 | 所属安全域 | 当前状态    | 路扩展 | LRU touched
------------------------------------------------------------------
  0    |   域2      | 正常运行   |  是   |  335799991
  1    |   域3      | 正常运行   |  否   |  335799987
  2    |   域0      | 正常运行   |  否   |  335799996
  3    |   域2      | 正常运行   |  是   |  335800000
==================================================================

[动态重分配] 周期335800000：预约迁移 冗余域2(1%) -> 切片0 -> 饥饿域3(17%)
[切片剥夺] 周期335800000：切片0（所属域2）进入待剥夺状态，禁止新替换
[切片剥夺] 周期335800000：切片0在途请求已清空，开始执行脏行写回
[切片管理] 周期335801174：原域2仅剩1个切片，关闭路扩展模式
[动态重分配] 周期335801174：切片0写回完成，自动绑定到域3
[切片管理] 成功绑定切片0 → 安全域3，触发【路扩展模式】

======================== 切片硬件状态 ========================
切片号 | 所属安全域 | 当前状态    | 路扩展 | LRU touched
------------------------------------------------------------------
  0    |   域3      | 正常运行   |  是   |  335801174
  1    |   域3      | 正常运行   |  是   |  335801161
  2    |   域0      | 正常运行   |  否   |  335801172
  3    |   域2      | 正常运行   |  否   |  335801066
==================================================================


======================== 切片硬件状态 ========================
切片号 | 所属安全域 | 当前状态    | 路扩展 | LRU touched
------------------------------------------------------------------
  0    |   域3      | 正常运行   |  是   |  341699988
  1    |   域3      | 正常运行   |  是   |  341699986
  2    |   域0      | 正常运行   |  否   |  341699998
  3    |   域2      | 正常运行   |  否   |  341699999
==================================================================

[动态重分配] 周期341700000：预约迁移 冗余域3(4%) -> 切片0 -> 饥饿域2(10%)
[切片剥夺] 周期341700000：切片0（所属域3）进入待剥夺状态，禁止新替换
[切片剥夺] 周期341700000：切片0在途请求已清空，开始执行脏行写回
[切片管理] 周期341700038：原域3仅剩1个切片，关闭路扩展模式
[动态重分配] 周期341700038：切片0写回完成，自动绑定到域2
[切片管理] 成功绑定切片0 → 安全域2，触发【路扩展模式】

======================== 切片硬件状态 ========================
切片号 | 所属安全域 | 当前状态    | 路扩展 | LRU touched
------------------------------------------------------------------
  0    |   域2      | 正常运行   |  是   |  341700038
  1    |   域3      | 正常运行   |  否   |  341700015
  2    |   域0      | 正常运行   |  否   |  341700019
  3    |   域2      | 正常运行   |  是   |  341699999
==================================================================


======================== 切片硬件状态 ========================
切片号 | 所属安全域 | 当前状态    | 路扩展 | LRU touched
------------------------------------------------------------------
  0    |   域2      | 正常运行   |  是   |  342199989
  1    |   域3      | 正常运行   |  否   |  342199967
  2    |   域0      | 正常运行   |  否   |  342199997
  3    |   域2      | 正常运行   |  是   |  342199998
==================================================================

[动态重分配] 周期342200000：预约迁移 冗余域2(3%) -> 切片3 -> 饥饿域3(42%)
[切片剥夺] 周期342200000：切片3（所属域2）进入待剥夺状态，禁止新替换
[切片剥夺] 周期342200000：切片3在途请求已清空，开始执行脏行写回
[切片管理] 周期342200188：原域2仅剩1个切片，关闭路扩展模式
[动态重分配] 周期342200188：切片3写回完成，自动绑定到域3
[切片管理] 成功绑定切片3 → 安全域3，触发【路扩展模式】

======================== 切片硬件状态 ========================
切片号 | 所属安全域 | 当前状态    | 路扩展 | LRU touched
------------------------------------------------------------------
  0    |   域2      | 正常运行   |  否   |  342199989
  1    |   域3      | 正常运行   |  是   |  342200186
  2    |   域0      | 正常运行   |  否   |  342199997
  3    |   域3      | 正常运行   |  是   |  342200188
==================================================================


======================== 切片硬件状态 ========================
切片号 | 所属安全域 | 当前状态    | 路扩展 | LRU touched
------------------------------------------------------------------
  0    |   域2      | 正常运行   |  否   |  343099998
  1    |   域3      | 正常运行   |  是   |  343100000
  2    |   域0      | 正常运行   |  否   |  343100000
  3    |   域3      | 正常运行   |  是   |  343099986
==================================================================

[动态重分配] 周期343100000：预约迁移 冗余域3(1%) -> 切片1 -> 饥饿域2(7%)
[切片剥夺] 周期343100000：切片1（所属域3）进入待剥夺状态，禁止新替换
[切片剥夺] 周期343100284：切片1在途请求已清空，开始执行脏行写回
[切片管理] 周期343100475：原域3仅剩1个切片，关闭路扩展模式
[动态重分配] 周期343100475：切片1写回完成，自动绑定到域2
[切片管理] 成功绑定切片1 → 安全域2，触发【路扩展模式】

======================== 切片硬件状态 ========================
切片号 | 所属安全域 | 当前状态    | 路扩展 | LRU touched
------------------------------------------------------------------
  0    |   域2      | 正常运行   |  是   |  343100470
  1    |   域2      | 正常运行   |  是   |  343100475
  2    |   域0      | 正常运行   |  否   |  343100475
  3    |   域3      | 正常运行   |  否   |  343100471
==================================================================


======================== 切片硬件状态 ========================
切片号 | 所属安全域 | 当前状态    | 路扩展 | LRU touched
------------------------------------------------------------------
  0    |   域2      | 正常运行   |  是   |  344499997
  1    |   域2      | 正常运行   |  是   |  344499999
  2    |   域0      | 正常运行   |  否   |  344500000
  3    |   域3      | 正常运行   |  否   |  344499999
==================================================================

[动态重分配] 周期344500000：预约迁移 冗余域2(0%) -> 切片0 -> 饥饿域3(10%)
[切片剥夺] 周期344500000：切片0（所属域2）进入待剥夺状态，禁止新替换
[切片剥夺] 周期344500000：切片0在途请求已清空，开始执行脏行写回
[切片管理] 周期344501020：原域2仅剩1个切片，关闭路扩展模式
[动态重分配] 周期344501020：切片0写回完成，自动绑定到域3
[切片管理] 成功绑定切片0 → 安全域3，触发【路扩展模式】

======================== 切片硬件状态 ========================
切片号 | 所属安全域 | 当前状态    | 路扩展 | LRU touched
------------------------------------------------------------------
  0    |   域3      | 正常运行   |  是   |  344501020
  1    |   域2      | 正常运行   |  否   |  344501011
  2    |   域0      | 正常运行   |  否   |  344501010
  3    |   域3      | 正常运行   |  是   |  344501011
==================================================================


======================== 切片硬件状态 ========================
切片号 | 所属安全域 | 当前状态    | 路扩展 | LRU touched
------------------------------------------------------------------
  0    |   域3      | 正常运行   |  是   |  346899980
  1    |   域2      | 正常运行   |  否   |  346900000
  2    |   域0      | 正常运行   |  否   |  346900000
  3    |   域3      | 正常运行   |  是   |  346899994
==================================================================

[动态重分配] 周期346900000：预约迁移 冗余域3(3%) -> 切片0 -> 饥饿域2(10%)
[切片剥夺] 周期346900000：切片0（所属域3）进入待剥夺状态，禁止新替换
[切片剥夺] 周期346900000：切片0在途请求已清空，开始执行脏行写回
[切片管理] 周期346900763：原域3仅剩1个切片，关闭路扩展模式
[动态重分配] 周期346900763：切片0写回完成，自动绑定到域2
[切片管理] 成功绑定切片0 → 安全域2，触发【路扩展模式】

======================== 切片硬件状态 ========================
切片号 | 所属安全域 | 当前状态    | 路扩展 | LRU touched
------------------------------------------------------------------
  0    |   域2      | 正常运行   |  是   |  346900763
  1    |   域2      | 正常运行   |  是   |  346900763
  2    |   域0      | 正常运行   |  否   |  346900763
  3    |   域3      | 正常运行   |  否   |  346900763
==================================================================


======================== 切片硬件状态 ========================
切片号 | 所属安全域 | 当前状态    | 路扩展 | LRU touched
------------------------------------------------------------------
  0    |   域2      | 正常运行   |  是   |  346999992
  1    |   域2      | 正常运行   |  是   |  346999994
  2    |   域0      | 正常运行   |  否   |  347000000
  3    |   域3      | 正常运行   |  否   |  346999996
==================================================================

[动态重分配] 周期347000000：预约迁移 冗余域2(2%) -> 切片1 -> 饥饿域3(10%)
[切片剥夺] 周期347000000：切片1（所属域2）进入待剥夺状态，禁止新替换
[切片剥夺] 周期347000000：切片1在途请求已清空，开始执行脏行写回
[切片管理] 周期347000221：原域2仅剩1个切片，关闭路扩展模式
[动态重分配] 周期347000221：切片1写回完成，自动绑定到域3
[切片管理] 成功绑定切片1 → 安全域3，触发【路扩展模式】

======================== 切片硬件状态 ========================
切片号 | 所属安全域 | 当前状态    | 路扩展 | LRU touched
------------------------------------------------------------------
  0    |   域2      | 正常运行   |  否   |  347000220
  1    |   域3      | 正常运行   |  是   |  347000221
  2    |   域0      | 正常运行   |  否   |  347000218
  3    |   域3      | 正常运行   |  是   |  347000221
==================================================================


======================== 切片硬件状态 ========================
切片号 | 所属安全域 | 当前状态    | 路扩展 | LRU touched
------------------------------------------------------------------
  0    |   域2      | 正常运行   |  否   |  348699995
  1    |   域3      | 正常运行   |  是   |  348700000
  2    |   域0      | 正常运行   |  否   |  348700000
  3    |   域3      | 正常运行   |  是   |  348699994
==================================================================

[动态重分配] 周期348700000：预约迁移 冗余域3(2%) -> 切片1 -> 饥饿域2(8%)
[切片剥夺] 周期348700000：切片1（所属域3）进入待剥夺状态，禁止新替换
[切片剥夺] 周期348700008：切片1在途请求已清空，开始执行脏行写回
[切片管理] 周期348701197：原域3仅剩1个切片，关闭路扩展模式
[动态重分配] 周期348701197：切片1写回完成，自动绑定到域2
[切片管理] 成功绑定切片1 → 安全域2，触发【路扩展模式】

======================== 切片硬件状态 ========================
切片号 | 所属安全域 | 当前状态    | 路扩展 | LRU touched
------------------------------------------------------------------
  0    |   域2      | 正常运行   |  是   |  348701189
  1    |   域2      | 正常运行   |  是   |  348701197
  2    |   域0      | 正常运行   |  否   |  348701182
  3    |   域3      | 正常运行   |  否   |  348701196
==================================================================


======================== 切片硬件状态 ========================
切片号 | 所属安全域 | 当前状态    | 路扩展 | LRU touched
------------------------------------------------------------------
  0    |   域2      | 正常运行   |  是   |  348799996
  1    |   域2      | 正常运行   |  是   |  348799996
  2    |   域0      | 正常运行   |  否   |  348799957
  3    |   域3      | 正常运行   |  否   |  348799987
==================================================================

[动态重分配] 周期348800000：预约迁移 冗余域2(4%) -> 切片0 -> 饥饿域3(10%)
[切片剥夺] 周期348800000：切片0（所属域2）进入待剥夺状态，禁止新替换
[切片剥夺] 周期348800000：切片0在途请求已清空，开始执行脏行写回
[切片管理] 周期348800110：原域2仅剩1个切片，关闭路扩展模式
[动态重分配] 周期348800110：切片0写回完成，自动绑定到域3
[切片管理] 成功绑定切片0 → 安全域3，触发【路扩展模式】

======================== 切片硬件状态 ========================
切片号 | 所属安全域 | 当前状态    | 路扩展 | LRU touched
------------------------------------------------------------------
  0    |   域3      | 正常运行   |  是   |  348800110
  1    |   域2      | 正常运行   |  否   |  348800103
  2    |   域0      | 正常运行   |  否   |  348800098
  3    |   域3      | 正常运行   |  是   |  348799987
==================================================================


======================== 切片硬件状态 ========================
切片号 | 所属安全域 | 当前状态    | 路扩展 | LRU touched
------------------------------------------------------------------
  0    |   域3      | 正常运行   |  是   |  348899940
  1    |   域2      | 正常运行   |  否   |  348899975
  2    |   域0      | 正常运行   |  否   |  348899984
  3    |   域3      | 正常运行   |  是   |  348899947
==================================================================

[动态重分配] 周期348900000：预约迁移 冗余域3(3%) -> 切片3 -> 饥饿域2(9%)
[切片剥夺] 周期348900000：切片3（所属域3）进入待剥夺状态，禁止新替换
[切片剥夺] 周期348900000：切片3在途请求已清空，开始执行脏行写回
[切片管理] 周期348902666：原域3仅剩1个切片，关闭路扩展模式
[动态重分配] 周期348902666：切片3写回完成，自动绑定到域2
[切片管理] 成功绑定切片3 → 安全域2，触发【路扩展模式】

======================== 切片硬件状态 ========================
切片号 | 所属安全域 | 当前状态    | 路扩展 | LRU touched
------------------------------------------------------------------
  0    |   域3      | 正常运行   |  否   |  348902666
  1    |   域2      | 正常运行   |  是   |  348902666
  2    |   域0      | 正常运行   |  否   |  348902666
  3    |   域2      | 正常运行   |  是   |  348902666
==================================================================


======================== 切片硬件状态 ========================
切片号 | 所属安全域 | 当前状态    | 路扩展 | LRU touched
------------------------------------------------------------------
  0    |   域3      | 正常运行   |  否   |  349300000
  1    |   域2      | 正常运行   |  是   |  349299992
  2    |   域0      | 正常运行   |  否   |  349299998
  3    |   域2      | 正常运行   |  是   |  349299991
==================================================================

[动态重分配] 周期349300000：预约迁移 冗余域2(3%) -> 切片1 -> 饥饿域3(11%)
[切片剥夺] 周期349300000：切片1（所属域2）进入待剥夺状态，禁止新替换
[切片剥夺] 周期349300000：切片1在途请求已清空，开始执行脏行写回
[切片管理] 周期349300186：原域2仅剩1个切片，关闭路扩展模式
[动态重分配] 周期349300186：切片1写回完成，自动绑定到域3
[切片管理] 成功绑定切片1 → 安全域3，触发【路扩展模式】

======================== 切片硬件状态 ========================
切片号 | 所属安全域 | 当前状态    | 路扩展 | LRU touched
------------------------------------------------------------------
  0    |   域3      | 正常运行   |  是   |  349300185
  1    |   域3      | 正常运行   |  是   |  349300186
  2    |   域0      | 正常运行   |  否   |  349300186
  3    |   域2      | 正常运行   |  否   |  349300005
==================================================================


======================== 切片硬件状态 ========================
切片号 | 所属安全域 | 当前状态    | 路扩展 | LRU touched
------------------------------------------------------------------
  0    |   域3      | 正常运行   |  是   |  349799998
  1    |   域3      | 正常运行   |  是   |  349799999
  2    |   域0      | 正常运行   |  否   |  349800000
  3    |   域2      | 正常运行   |  否   |  349799928
==================================================================

[动态重分配] 周期349800000：预约迁移 冗余域3(2%) -> 切片0 -> 饥饿域2(8%)
[切片剥夺] 周期349800000：切片0（所属域3）进入待剥夺状态，禁止新替换
[切片剥夺] 周期349800000：切片0在途请求已清空，开始执行脏行写回
[切片管理] 周期349801266：原域3仅剩1个切片，关闭路扩展模式
[动态重分配] 周期349801266：切片0写回完成，自动绑定到域2
[切片管理] 成功绑定切片0 → 安全域2，触发【路扩展模式】

======================== 切片硬件状态 ========================
切片号 | 所属安全域 | 当前状态    | 路扩展 | LRU touched
------------------------------------------------------------------
  0    |   域2      | 正常运行   |  是   |  349801266
  1    |   域3      | 正常运行   |  否   |  349801223
  2    |   域0      | 正常运行   |  否   |  349801266
  3    |   域2      | 正常运行   |  是   |  349801263
==================================================================


======================== 切片硬件状态 ========================
切片号 | 所属安全域 | 当前状态    | 路扩展 | LRU touched
------------------------------------------------------------------
  0    |   域2      | 正常运行   |  是   |  349899982
  1    |   域3      | 正常运行   |  否   |  349899929
  2    |   域0      | 正常运行   |  否   |  349900000
  3    |   域2      | 正常运行   |  是   |  349900000
==================================================================

[动态重分配] 周期349900000：预约迁移 冗余域2(1%) -> 切片3 -> 饥饿域3(11%)
[切片剥夺] 周期349900000：切片3（所属域2）进入待剥夺状态，禁止新替换
[切片剥夺] 周期349900000：切片3在途请求已清空，开始执行脏行写回
[切片管理] 周期349900245：原域2仅剩1个切片，关闭路扩展模式
[动态重分配] 周期349900245：切片3写回完成，自动绑定到域3
[切片管理] 成功绑定切片3 → 安全域3，触发【路扩展模式】

======================== 切片硬件状态 ========================
切片号 | 所属安全域 | 当前状态    | 路扩展 | LRU touched
------------------------------------------------------------------
  0    |   域2      | 正常运行   |  否   |  349900237
  1    |   域3      | 正常运行   |  是   |  349899929
  2    |   域0      | 正常运行   |  否   |  349900065
  3    |   域3      | 正常运行   |  是   |  349900245
==================================================================


======================== 切片硬件状态 ========================
切片号 | 所属安全域 | 当前状态    | 路扩展 | LRU touched
------------------------------------------------------------------
  0    |   域2      | 正常运行   |  否   |  350099925
  1    |   域3      | 正常运行   |  是   |  350099927
  2    |   域0      | 正常运行   |  否   |  350099872
  3    |   域3      | 正常运行   |  是   |  350099926
==================================================================

[动态重分配] 周期350100000：预约迁移 冗余域3(3%) -> 切片1 -> 饥饿域2(9%)
[切片剥夺] 周期350100000：切片1（所属域3）进入待剥夺状态，禁止新替换
[切片剥夺] 周期350100528：切片1在途请求已清空，开始执行脏行写回
[切片管理] 周期350106064：原域3仅剩1个切片，关闭路扩展模式
[动态重分配] 周期350106064：切片1写回完成，自动绑定到域2
[切片管理] 成功绑定切片1 → 安全域2，触发【路扩展模式】

======================== 切片硬件状态 ========================
切片号 | 所属安全域 | 当前状态    | 路扩展 | LRU touched
------------------------------------------------------------------
  0    |   域2      | 正常运行   |  是   |  350106064
  1    |   域2      | 正常运行   |  是   |  350106064
  2    |   域0      | 正常运行   |  否   |  350106064
  3    |   域3      | 正常运行   |  否   |  350106064
==================================================================


======================== 切片硬件状态 ========================
切片号 | 所属安全域 | 当前状态    | 路扩展 | LRU touched
------------------------------------------------------------------
  0    |   域2      | 正常运行   |  是   |  350399992
  1    |   域2      | 正常运行   |  是   |  350399999
  2    |   域0      | 正常运行   |  否   |  350399997
  3    |   域3      | 正常运行   |  否   |  350400000
==================================================================

[动态重分配] 周期350400000：预约迁移 冗余域2(6%) -> 切片0 -> 饥饿域3(20%)
[切片剥夺] 周期350400000：切片0（所属域2）进入待剥夺状态，禁止新替换
[切片剥夺] 周期350400000：切片0在途请求已清空，开始执行脏行写回
[切片管理] 周期350400140：原域2仅剩1个切片，关闭路扩展模式
[动态重分配] 周期350400140：切片0写回完成，自动绑定到域3
[切片管理] 成功绑定切片0 → 安全域3，触发【路扩展模式】

======================== 切片硬件状态 ========================
切片号 | 所属安全域 | 当前状态    | 路扩展 | LRU touched
------------------------------------------------------------------
  0    |   域3      | 正常运行   |  是   |  350400140
  1    |   域2      | 正常运行   |  否   |  350400121
  2    |   域0      | 正常运行   |  否   |  350400136
  3    |   域3      | 正常运行   |  是   |  350400062
==================================================================


======================== 切片硬件状态 ========================
切片号 | 所属安全域 | 当前状态    | 路扩展 | LRU touched
------------------------------------------------------------------
  0    |   域3      | 正常运行   |  是   |  350599989
  1    |   域2      | 正常运行   |  否   |  350599995
  2    |   域0      | 正常运行   |  否   |  350599995
  3    |   域3      | 正常运行   |  是   |  350599989
==================================================================

[动态重分配] 周期350600000：预约迁移 冗余域3(1%) -> 切片3 -> 饥饿域2(10%)
[切片剥夺] 周期350600000：切片3（所属域3）进入待剥夺状态，禁止新替换
[切片剥夺] 周期350600000：切片3在途请求已清空，开始执行脏行写回
[切片管理] 周期350602234：原域3仅剩1个切片，关闭路扩展模式
[动态重分配] 周期350602234：切片3写回完成，自动绑定到域2
[切片管理] 成功绑定切片3 → 安全域2，触发【路扩展模式】

======================== 切片硬件状态 ========================
切片号 | 所属安全域 | 当前状态    | 路扩展 | LRU touched
------------------------------------------------------------------
  0    |   域3      | 正常运行   |  否   |  350602220
  1    |   域2      | 正常运行   |  是   |  350602234
  2    |   域0      | 正常运行   |  否   |  350602233
  3    |   域2      | 正常运行   |  是   |  350602234
==================================================================


======================== 切片硬件状态 ========================
切片号 | 所属安全域 | 当前状态    | 路扩展 | LRU touched
------------------------------------------------------------------
  0    |   域3      | 正常运行   |  否   |  350799919
  1    |   域2      | 正常运行   |  是   |  350799821
  2    |   域0      | 正常运行   |  否   |  350799939
  3    |   域2      | 正常运行   |  是   |  350799939
==================================================================

[动态重分配] 周期350800000：预约迁移 冗余域2(0%) -> 切片1 -> 饥饿域3(6%)
[切片剥夺] 周期350800000：切片1（所属域2）进入待剥夺状态，禁止新替换
[切片剥夺] 周期350800000：切片1在途请求已清空，开始执行脏行写回
[切片管理] 周期350801996：原域2仅剩1个切片，关闭路扩展模式
[动态重分配] 周期350801996：切片1写回完成，自动绑定到域3
[切片管理] 成功绑定切片1 → 安全域3，触发【路扩展模式】

======================== 切片硬件状态 ========================
切片号 | 所属安全域 | 当前状态    | 路扩展 | LRU touched
------------------------------------------------------------------
  0    |   域3      | 正常运行   |  是   |  350801982
  1    |   域3      | 正常运行   |  是   |  350801996
  2    |   域0      | 正常运行   |  否   |  350801992
  3    |   域2      | 正常运行   |  否   |  350801995
==================================================================


======================== 切片硬件状态 ========================
切片号 | 所属安全域 | 当前状态    | 路扩展 | LRU touched
------------------------------------------------------------------
  0    |   域3      | 正常运行   |  是   |  353799972
  1    |   域3      | 正常运行   |  是   |  353799993
  2    |   域0      | 正常运行   |  否   |  353799997
  3    |   域2      | 正常运行   |  否   |  353799994
==================================================================

[动态重分配] 周期353800000：预约迁移 冗余域3(2%) -> 切片0 -> 饥饿域2(8%)
[切片剥夺] 周期353800000：切片0（所属域3）进入待剥夺状态，禁止新替换
[切片剥夺] 周期353800000：切片0在途请求已清空，开始执行脏行写回
[切片管理] 周期353801010：原域3仅剩1个切片，关闭路扩展模式
[动态重分配] 周期353801010：切片0写回完成，自动绑定到域2
[切片管理] 成功绑定切片0 → 安全域2，触发【路扩展模式】

======================== 切片硬件状态 ========================
切片号 | 所属安全域 | 当前状态    | 路扩展 | LRU touched
------------------------------------------------------------------
  0    |   域2      | 正常运行   |  是   |  353801010
  1    |   域3      | 正常运行   |  否   |  353801006
  2    |   域0      | 正常运行   |  否   |  353801007
  3    |   域2      | 正常运行   |  是   |  353801010
==================================================================


======================== 切片硬件状态 ========================
切片号 | 所属安全域 | 当前状态    | 路扩展 | LRU touched
------------------------------------------------------------------
  0    |   域2      | 正常运行   |  是   |  362099909
  1    |   域3      | 正常运行   |  否   |  362100000
  2    |   域0      | 正常运行   |  否   |  362100000
  3    |   域2      | 正常运行   |  是   |  362099994
==================================================================

[动态重分配] 周期362100000：预约迁移 冗余域2(0%) -> 切片0 -> 饥饿域3(6%)
[切片剥夺] 周期362100000：切片0（所属域2）进入待剥夺状态，禁止新替换
[切片剥夺] 周期362100000：切片0在途请求已清空，开始执行脏行写回
[切片管理] 周期362100134：原域2仅剩1个切片，关闭路扩展模式
[动态重分配] 周期362100134：切片0写回完成，自动绑定到域3
[切片管理] 成功绑定切片0 → 安全域3，触发【路扩展模式】

======================== 切片硬件状态 ========================
切片号 | 所属安全域 | 当前状态    | 路扩展 | LRU touched
------------------------------------------------------------------
  0    |   域3      | 正常运行   |  是   |  362100134
  1    |   域3      | 正常运行   |  是   |  362100082
  2    |   域0      | 正常运行   |  否   |  362100097
  3    |   域2      | 正常运行   |  否   |  362100058
==================================================================


======================== 切片硬件状态 ========================
切片号 | 所属安全域 | 当前状态    | 路扩展 | LRU touched
------------------------------------------------------------------
  0    |   域3      | 正常运行   |  是   |  368099998
  1    |   域3      | 正常运行   |  是   |  368099986
  2    |   域0      | 正常运行   |  否   |  368099997
  3    |   域2      | 正常运行   |  否   |  368099998
==================================================================

[动态重分配] 周期368100000：预约迁移 冗余域3(1%) -> 切片0 -> 饥饿域2(10%)
[切片剥夺] 周期368100000：切片0（所属域3）进入待剥夺状态，禁止新替换
[切片剥夺] 周期368100052：切片0在途请求已清空，开始执行脏行写回
[切片管理] 周期368102540：原域3仅剩1个切片，关闭路扩展模式
[动态重分配] 周期368102540：切片0写回完成，自动绑定到域2
[切片管理] 成功绑定切片0 → 安全域2，触发【路扩展模式】

======================== 切片硬件状态 ========================
切片号 | 所属安全域 | 当前状态    | 路扩展 | LRU touched
------------------------------------------------------------------
  0    |   域2      | 正常运行   |  是   |  368102540
  1    |   域3      | 正常运行   |  否   |  368102537
  2    |   域0      | 正常运行   |  否   |  368102537
  3    |   域2      | 正常运行   |  是   |  368102540
==================================================================


======================== 切片硬件状态 =================== sim_init sim_aux_stats sim_uninit=====
切片号 | 所属安全域 | 当前状态    | 路扩展 | LRU touched
------------------------------------------------------------------
  0    |   域2      | 正常运行   |  是   |  371399999
  1    |   域3      | 正常运行   |  否   |  371399983
  2    |   域0      | 正常运行   |  否   |  371400000
  3    |   域2      | 正常运行   |  是   |  371399999
==================================================================

[动态重分配] 周期371400000：预约迁移 冗余域2(0%) -> 切片3 -> 饥饿域3(6%)
[切片剥夺] 周期371400000：切片3（所属域2）进入待剥夺状态，禁止新替换
[切片剥夺] 周期371400000：切片3在途请求已清空，开始执行脏行写回
[切片管理] 周期371400218：原域2仅剩1个切片，关闭路扩展模式
[动态重分配] 周期371400218：切片3写回完成，自动绑定到域3
[切片管理] 成功绑定切片3 → 安全域3，触发【路扩展模式】

======================== 切片硬件状态 ========================
切片号 | 所属安全域 | 当前状态    | 路扩展 | LRU touched
------------------------------------------------------------------
  0    |   域2      | 正常运行   |  否   |  371400215
  1    |   域3      | 正常运行   |  是   |  371399983
  2    |   域0      | 正常运行   |  否   |  371400218
  3    |   域3      | 正常运行   |  是   |  371400218
==================================================================


======================== 切片硬件状态 ========================
切片号 | 所属安全域 | 当前状态    | 路扩展 | LRU touched
------------------------------------------------------------------
  0    |   域2      | 正常运行   |  否   |  387699994
  1    |   域3      | 正常运行   |  是   |  387700000
  2    |   域0      | 正常运行   |  否   |  387699988
  3    |   域3      | 正常运行   |  是   |  387699998
==================================================================

[动态重分配] 周期387700000：预约迁移 冗余域3(0%) -> 切片1 -> 饥饿域0(6%)
[切片剥夺] 周期387700000：切片1（所属域3）进入待剥夺状态，禁止新替换
[切片剥夺] 周期387700000：切片1在途请求已清空，开始执行脏行写回
[切片管理] 周期387704769：原域3仅剩1个切片，关闭路扩展模式
[动态重分配] 周期387704769：切片1写回完成，自动绑定到域0
[切片管理] 成功绑定切片1 → 安全域0，触发【路扩展模式】

======================== 切片硬件状态 ========================
切片号 | 所属安全域 | 当前状态    | 路扩展 | LRU touched
------------------------------------------------------------------
  0    |   域2      | 正常运行   |  否   |  387704755
  1    |   域0      | 正常运行   |  是   |  387704769
  2    |   域0      | 正常运行   |  是   |  387704768
  3    |   域3      | 正常运行   |  否   |  387704761
==================================================================


======================== 切片硬件状态 ========================
切片号 | 所属安全域 | 当前状态    | 路扩展 | LRU touched
------------------------------------------------------------------
  0    |   域2      | 正常运行   |  否   |  389499903
  1    |   域0      | 正常运行   |  是   |  389499999
  2    |   域0      | 正常运行   |  是   |  389500000
  3    |   域3      | 正常运行   |  否   |  389500000
==================================================================

[动态重分配] 周期389500000：预约迁移 冗余域0(0%) -> 切片1 -> 饥饿域3(6%)
[切片剥夺] 周期389500000：切片1（所属域0）进入待剥夺状态，禁止新替换
[切片剥夺] 周期389500000：切片1在途请求已清空，开始执行脏行写回
[切片管理] 周期389500363：原域0仅剩1个切片，关闭路扩展模式
[动态重分配] 周期389500363：切片1写回完成，自动绑定到域3
[切片管理] 成功绑定切片1 → 安全域3，触发【路扩展模式】

======================= ruu_init ruu_dumpent ruu_dump lsq_init lsq_dump= 切片硬件状态 ========================
切片号 | 所属安全域 | 当前状态    | 路扩展 | LRU touched
------------------------------------------------------------------
  0    |   域2      | 正常运行   |  否   |  389500348
  1    |   域3      | 正常运行   |  是   |  389500363
  2    |   域0      | 正常运行   |  否   |  389500362
  3    |   域3      | 正常运行   |  是   |  389500362
==================================================================


======================== 切片硬件状态 ========================
切片号 | 所属安全域 | 当前状态    | 路扩展 | LRU touched
------------------------------------------------------------------
  0    |   域2      | 正常运行   |  否   |  389899836
  1    |   域3      | 正常运行   |  是   |  389899866
  2    |   域0      | 正常运行   |  否   |  389899867
  3    |   域3      | 正常运行   |  是   |  389899697
==================================================================

[动态重分配] 周期389900000：预约迁移 冗余域3(6%) -> 切片3 -> 饥饿域2(42%)
[切片剥夺] 周期389900000：切片3（所属域3）进入待剥夺状态，禁止新替换
[切片剥夺] 周期389900000：切片3在途请求已清空，开始执行脏行写回
[切片管理] 周期389905931：原域3仅剩1个切片，关闭路扩展模式
[动态重分配] 周期389905931：切片3写回完成，自动绑定到域2
[切片管理] 成功绑定切片3 → 安全域2，触发【路扩展模式】

======================== 切片硬件状态 ========================
切片号 | 所属安全域 | 当前状态    | 路扩展 | LRU touched
------------------------------------------------------------------
  0    |   域2      | 正常运行   |  是   |  389905907
  1    |   域3      | 正常运行   |  否   |  389905926
  2    |   域0      | 正常运行   |  否   |  389905927
  3    |   域2      | 正常运行   |  是   |  389905931
==================================================================


======================== 切片硬件状态 ========================
切片号 | 所属安全域 | 当前状态    | 路扩展 | LRU touched
------------------------------------------------------------------
  0    |   域2      | 正常运行   |  是   |  391299875
  1    |   域3      | 正常运行   |  否   |  391299978
  2    |   域0      | 正常运行   |  否   |  391300000
  3    |   域2      | 正常运行   |  是   |  391299877
==================================================================

[动态重分配] 周期391300000：预约迁移 冗余域2(0%) -> 切片0 -> 饥饿域3(6%)
[切片剥夺] 周期391300000：切片0（所属域2）进入待剥夺状态，禁止新替换
[切片剥夺] 周期391300000：切片0在途请求已清空，开始执行脏行写回
[切片管理] 周期391305350：原域2仅剩1个切片，关闭路扩展模式
[动态重分配] 周期391305350：切片0写回完成，自动绑定到域3
[切片管理] 成功绑定切片0 → 安全域3，触发【路扩展模式】

======================== 切片硬件状态 ========================
切片号 | 所属安全域 | 当前状态    | 路扩展 | LRU touched
------------------------------------------------------------------
  0    |   域3      | 正常运行   |  是   |  391305350
  1    |   域3      | 正常运行   |  是   |  391305339
  2    |   域0      | 正常运行   |  否   |  391305350
  3    |   域2      | 正常运行   |  否   |  391305311
==================================================================


**** Debug Statistics at 401000000 Cycles *****
Threads: 4		Fetch Width: 8
No of useful instructions fetched:	1254048729 (39.09% proc util.)
No of total instructions fetched:	1972371198 (61.48% proc util.)
 includes 100376861 misfetch (5.1%), 617945608 (31.3%) wrong-path fetches
 and 0 flushed after failed lock(0.0%)
No of useful instructions issued/executed:	1254048658 (39.09% proc util.)
No of total instructions issued/executed:	1557787792 (48.56% proc util.)
 includes 303739134 wrong-path (19.5%) insts and 0 flushed (0.0%)
	fp 44686, 0.00%
	synch 0, 0.00%
	integer 1051498709, 67.50%
	load/store 506244397, 32.50%
Avg size of int IQ (before scheduling): 26.91
Avg size of fp IQ (before scheduling): 0.00
No of cycles taken:		401000000
Parallelism [ 1.578, 0.000, 0.763, 0.787,] = 3.127
 IQ conflicts: 10415270 (2.60%), FQ conflicts: 0 (0.00%) 
 I reg conflicts: 76770066 (19.14%), FP reg conflicts: 0 (0.00%)
  Activelist confs: 4007 (0.00%), ROB confs: 393100 (0.10%)
  Int unit conflicts: 515614241 (128.58%), FP unit conflicts: 41 (0.00%)
  Load/store unit conflicts: 84893987 (21.17%)
  MSHR conflicts: 77472799 (19.32%)
----------------------------------------
==== System-wide Cache Statistics ====
Stall for miss queue full 4672 cycles (0.00%)
----------------------------------------
==== Statistics for Master ID: 0 ====
Reads: 376010080   Writes: 50087128
ICACHE: size: 64 KB assoc: 2
ICACHE: hits:232867298 misses:120235  Hit Ratio: 99.95%
DCACHE: size: 1*16 KB assoc: 1*4
DCACHE: hits:188200631 misses:4909427 writebacks:1981287  Hit Ratio: 97.46%
SCACHE: size: 512 KB assoc: 2
SCACHE: hits:4071145 misses:958134  Hit Ratio: 80.95%
3CACHE: size: 4096 KB assoc: 2
3CACHE: hits:804019 misses:154115  Hit Ratio: 83.92%
3CACHE: dirty items replaced:33372
ITLB: size: 48, misses 2342, miss rate 0.00%
DTLB: size: 128, misses 303884, miss rate 0.16%
Avg mem delay: 1.696 cycles
----------------------------------------
==== Statistics for Master ID: 2 ====
Reads: 274218203   Writes: 41667030
ICACHE: size: 64 KB assoc: 2
ICACHE: hits:157476230 misses:5193025  Hit Ratio: 96.81%
DCACHE: size: 1*16 KB assoc: 1*4
DCACHE: hits:149609426 misses:3609837 writebacks:877507  Hit Ratio: 97.64%
SCACHE: size: 512 KB assoc: 2
SCACHE: hits:6703007 misses:2096570  Hit Ratio: 76.17%
3CACHE: size: 4096 KB assoc: 2
3CACHE: hits:1818951 misses:277618  Hit Ratio: 86.76%
3CACHE: dirty items replaced:86796
ITLB: size: 48, misses 365497, miss rate 0.22%
DTLB: size: 128, misses 621030, miss rate 0.41%
Avg mem delay: 1.696 cycles
----------------------------------------
==== Statistics for Master ID: 3 ====
Reads: 277627254   Writes: 45545916
ICACHE: size: 64 KB assoc: 2
ICACHE: hits:159383696 misses:5169908  Hit Ratio: 96.86%
DCACHE: size: 2*16 KB assoc: 2*4
DCACHE: hits:155689694 misses:2933225 writebacks:961624  Hit Ratio: 98.15%
SCACHE: size: 512 KB assoc: 2
SCACHE: hits:5998653 misses:2101126  Hit Ratio: 74.06%
3CACHE: size: 4096 KB assoc: 2
3CACHE: hits:1806855 misses:294271  Hit Ratio: 85.99%
3CACHE: dirty items replaced:87395
ITLB: size: 48, misses 377135, miss rate 0.23%
DTLB: size: 128, misses 566262, miss rate 0.36%
Avg mem delay: 1.696 cycles
----------------------------------------
==== Global Resource Utilization ====
STASH: size: 65536 entries, full 2638550876, empty 70017667, misses 6044110, full rate 97.20
icache bank util. 0.177 0.152 0.141 0.166 0.212 0.235 0.197 0.195 
dcache bank util. 0.148 0.169 0.174 0.161 0.210 0.151 0.209 0.151 
L2 bank util. 0.044 0.046 0.043 0.046 0.044 0.041 0.042 0.048 
L1-L2 bus util. = 0.193, L3 util. = 0.018
----------------------------------------

======================== 切片硬件状态 ========================
切片号 | 所属安全域 | 当前状态    | 路扩展 | LRU touched
------------------------------------------------------------------
  0    |   域3      | 正常运行   |  是   |  400999999
  1    |   域3      | 正常运行   |  是   |  400999999
  2    |   域0      | 正常运行   |  否   |  400999999
  3    |   域2      | 正常运行   |  否   |  400999980
==================================================================

branch prediction, hits = 102695454, misses = 24029565, hit rate = 81.04%
return_stack prediction, hits = 12539585, misses = 7219, hit rate = 99.94%
jump prediction, hits = 101535261, misses = 26045942, hit rate = 79.58%
 rslink_init ruu_release_fu eventq_init eventq_dump eventq_queue_event eventq_next_event readyq_init readyq_dump readyq_enqueue
======================== 切片硬件状态 ========================
切片号 | 所属安全域 | 当前状态    | 路扩展 | LRU touched
------------------------------------------------------------------
  0    |   域3      | 正常运行   |  是   |  401399972
  1    |   域3      | 正常运行   |  是   |  401399980
  2    |   域0      | 正常运行   |  否   |  401399992
  3    |   域2      | 正常运行   |  否   |  401399884
==================================================================

[动态重分配] 周期401400000：预约迁移 冗余域3(0%) -> 切片0 -> 饥饿域2(44%)
[切片剥夺] 周期401400000：切片0（所属域3）进入待剥夺状态，禁止新替换
[切片剥夺] 周期401400000：切片0在途请求已清空，开始执行脏行写回
[切片管理] 周期401405393：原域3仅剩1个切片，关闭路扩展模式
[动态重分配] 周期401405393：切片0写回完成，自动绑定到域2
[切片管理] 成功绑定切片0 → 安全域2，触发【路扩展模式】

======================== 切片硬件状态 ========================
切片号 | 所属安全域 | 当前状态    | 路扩展 | LRU touched
------------------------------------------------------------------
  0    |   域2      | 正常运行   |  是   |  401405393
  1    |   域3      | 正常运行   |  否   |  401405393
  2    |   域0      | 正常运行   |  否   |  401405390
  3    |   域2      | 正常运行   |  是   |  401405364
==================================================================


======================== 切片硬件状态 ========================
切片号 | 所属安全域 | 当前状态    | 路扩展 | LRU touched
------------------------------------------------------------------
  0    |   域2      | 正常运行   |  是   |  402999972
  1    |   域3      | 正常运行   |  否   |  402999998
  2    |   域0      | 正常运行   |  否   |  403000000
  3    |   域2      | 正常运行   |  是   |  402999983
==================================================================

[动态重分配] 周期403000000：预约迁移 冗余域2(0%) -> 切片0 -> 饥饿域3(6%)
[切片剥夺] 周期403000000：切片0（所属域2）进入待剥夺状态，禁止新替换
[切片剥夺] 周期403000000：切片0在途请求已清空，开始执行脏行写回
[切片管理] 周期403001818：原域2仅剩1个切片，关闭路扩展模式
[动态重分配] 周期403001818：切片0写回完成，自动绑定到域3
[切片管理] 成功绑定切片0 → 安全域3，触发【路扩展模式】

======================== 切片硬件状态 ========================
切片号 | 所属安全域 | 当前状态    | 路扩展 | LRU touched
------------------------------------------------------------------
  0    |   域3      | 正常运行   |  是   |  403001818
  1    |   域3      | 正常运行   |  是   |  403001810
  2    |   域0      | 正常运行   |  否   |  403001818
  3    |   域2      | 正常运行   |  否   |  403001734
==================================================================


======================== 切片硬件状态 ========================
切片号 | 所属安全域 | 当前状态    | 路扩展 | LRU touched
------------------------------------------------------------------
  0    |   域3      | 正常运行   |  是   |  421900000
  1    |   域3      | 正常运行   |  是   |  421899974
  2    |   域0      | 正常运行   |  否   |  421899993
  3    |   域2      | 正常运行   |  否   |  421899855
==================================================================

[动态重分配] 周期421900000：预约迁移 冗余域3(0%) -> 切片0 -> 饥饿域2(44%)
[切片剥夺] 周期421900000：切片0（所属域3）进入待剥夺状态，禁止新替换
[切片剥夺] 周期421900276：切片0在途请求已清空，开始执行脏行写回
[切片管理] 周期421902804：原域3仅剩1个切片，关闭路扩展模式
[动态重分配] 周期421902804：切片0写回完成，自动绑定到域2
[切片管理] 成功绑定切片0 → cv_init cv_dump ruu_commit ruu_recover ruu_writeback 安全域2，触发【路扩展模式】

======================== 切片硬件状态 ========================
切片号 | 所属安全域 | 当前状态    | 路扩展 | LRU touched
------------------------------------------------------------------
  0    |   域2      | 正常运行   |  是   |  421902804
  1    |   域3      | 正常运行   |  否   |  421902799
  2    |   域0      | 正常运行   |  否   |  421902803
  3    |   域2      | 正常运行   |  是   |  421902718
==================================================================


======================== 切片硬件状态 ========================
切片号 | 所属安全域 | 当前状态    | 路扩展 | LRU touched
------------------------------------------------------------------
  0    |   域2      | 正常运行   |  是   |  424999777
  1    |   域3      | 正常运行   |  否   |  424999996
  2    |   域0      | 正常运行   |  否   |  425000000
  3    |   域2      | 正常运行   |  是   |  424999862
==================================================================

[动态重分配] 周期425000000：预约迁移 冗余域2(0%) -> 切片0 -> 饥饿域3(6%)
[切片剥夺] 周期425000000：切片0（所属域2）进入待剥夺状态，禁止新替换
[切片剥夺] 周期425000000：切片0在途请求已清空，开始执行脏行写回
[切片管理] 周期425002419：原域2仅剩1个切片，关闭路扩展模式
[动态重分配] 周期425002419：切片0写回完成，自动绑定到域3
[切片管理] 成功绑定切片0 → 安全域3，触发【路扩展模式】

======================== 切片硬件状态 ========================
切片号 | 所属安全域 | 当前状态    | 路扩展 | LRU touched
------------------------------------------------------------------
  0    |   域3      | 正常运行   |  是   |  425002419
  1    |   域3      | 正常运行   |  是   |  425002417
  2    |   域0      | 正常运行   |  否   |  425002412
  3    |   域2      | 正常运行   |  否   |  425002405
==================================================================


======================== 切片硬件状态 ========================
切片号 | 所属安全域 | 当前状态    | 路扩展 | LRU touched
------------------------------------------------------------------
  0    |   域3      | 正常运行   |  是   |  444599985
  1    |   域3      | 正常运行   |  是   |  444599999
  2    |   域0      | 正常运行   |  否   |  444599997
  3    |   域2      | 正常运行   |  否   |  444599992
==================================================================

[动态重分配] 周期444600000：预约迁移 冗余域3(0%) -> 切片0 -> 饥饿域0(6%)
[切片剥夺] 周期444600000：切片0（所属域3）进入待剥夺状态，禁止新替换
[切片剥夺] 周期444600000：切片0在途请求已清空，开始执行脏行写回
[切片管理] 周期444601532：原域3仅剩1个切片，关闭路扩展模式
[动态重分配] 周期444601532：切片0写回完成，自动绑定到域0
[切片管理] 成功绑定切片0 → 安全域0，触发【路扩展模式】

======================== 切片硬件状态 ========================
切片号 | 所属安全域 | 当前状态    | 路扩展 | LRU touched
------------------------------------------------------------------
  0    |   域0      | 正常运行   |  是   |  444601532
  1    |   域3      | 正常运行   |  否   |  444601525
  2    |   域0      | 正常运行   |  是   |  444601530
  3    |   域2      | 正常运行   |  否   |  444601531
==================================================================


======================== 切片硬件状态 ========================
切片号 | 所属安全域 | 当前状态    | 路扩展 | LRU touched
------------------------------------------------------------------
  0    |   域0      | 正常运行   |  是   |  445799869
  1    |   域3      | 正常运行   |  否   |  445799866
  2    |   域0      | 正常运行   |  是   |  445799879
  3    |   域2      | 正常运行   |  否   lsq_refresh ruu_issue |  445799811
==================================================================

[动态重分配] 周期445800000：预约迁移 冗余域0(0%) -> 切片0 -> 饥饿域2(6%)
[切片剥夺] 周期445800000：切片0（所属域0）进入待剥夺状态，禁止新替换
[切片剥夺] 周期445800000：切片0在途请求已清空，开始执行脏行写回
[切片管理] 周期445801945：原域0仅剩1个切片，关闭路扩展模式
[动态重分配] 周期445801945：切片0写回完成，自动绑定到域2
[切片管理] 成功绑定切片0 → 安全域2，触发【路扩展模式】

======================== 切片硬件状态 ========================
切片号 | 所属安全域 | 当前状态    | 路扩展 | LRU touched
------------------------------------------------------------------
  0    |   域2      | 正常运行   |  是   |  445801945
  1    |   域3      | 正常运行   |  否   |  445801945
  2    |   域0      | 正常运行   |  否   |  445801940
  3    |   域2      | 正常运行   |  是   |  445801841
==================================================================


======================== 切片硬件状态 ========================
切片号 | 所属安全域 | 当前状态    | 路扩展 | LRU touched
------------------------------------------------------------------
  0    |   域2      | 正常运行   |  是   |  451899996
  1    |   域3      | 正常运行   |  否   |  451899999
  2    |   域0      | 正常运行   |  否   |  451900000
  3    |   域2      | 正常运行   |  是   |  451899728
==================================================================

[动态重分配] 周期451900000：预约迁移 冗余域2(1%) -> 切片3 -> 饥饿域3(7%)
[切片剥夺] 周期451900000：切片3（所属域2）进入待剥夺状态，禁止新替换
[切片剥夺] 周期451900000：切片3在途请求已清空，开始执行脏行写回
[切片管理] 周期451900221：原域2仅剩1个切片，关闭路扩展模式
[动态重分配] 周期451900221：切片3写回完成，自动绑定到域3
[切片管理] 成功绑定切片3 → 安全域3，触发【路扩展模式】

======================== 切片硬件状态 ========================
切片号 | 所属安全域 | 当前状态    | 路扩展 | LRU touched
------------------------------------------------------------------
  0    |   域2      | 正常运行   |  否   |  451900057
  1    |   域3      | 正常运行   |  是   |  451900221
  2    |   域0      | 正常运行   |  否   |  451900054
  3    |   域3      | 正常运行   |  是   |  451900221
==================================================================


======================== 切片硬件状态 ========================
切片号 | 所属安全域 | 当前状态    | 路扩展 | LRU touched
------------------------------------------------------------------
  0    |   域2      | 正常运行   |  否   |  453299999
  1    |   域3      | 正常运行   |  是   |  453299959
  2    |   域0      | 正常运行   |  否   |  453299998
  3    |   域3      | 正常运行   |  是   |  453300000
==================================================================

[动态重分配] 周期453300000：预约迁移 冗余域3(0%) -> 切片3 -> 饥饿域0(6%)
[切片剥夺] 周期453300000：切片3（所属域3）进入待剥夺状态，禁止新替换
[切片剥夺] 周期453300000：切片3在途请求已清空，开始执行脏行写回
[切片管理] 周期453300958：原域3仅剩1个切片，关闭路扩展模式
[动态重分配] 周期453300958：切片3写回完成，自动绑定到域0
[切片管理] 成功绑定切片3 → 安全域0，触发【路扩展模式】

======================== 切片硬件状态 ========================
切片号 | 所属安全域 | 当前状态    | 路扩展 | LRU touched
------------------------------------------------------------------
  0    |   域2      | 正常运行   |  否   |  453300889
  1    |   域3      | 正常运行   |  否   |  453300958
  2    |   域0      | 正常运行   |  是   |  453300949
  3    rspec_dump tracer_recover |   域0      | 正常运行   |  是   |  453300958
==================================================================


======================== 切片硬件状态 ========================
切片号 | 所属安全域 | 当前状态    | 路扩展 | LRU touched
------------------------------------------------------------------
  0    |   域2      | 正常运行   |  否   |  456100000
  1    |   域3      | 正常运行   |  否   |  456099998
  2    |   域0      | 正常运行   |  是   |  456100000
  3    |   域0      | 正常运行   |  是   |  456100000
==================================================================

[动态重分配] 周期456100000：预约迁移 冗余域0(0%) -> 切片2 -> 饥饿域3(6%)
[切片剥夺] 周期456100000：切片2（所属域0）进入待剥夺状态，禁止新替换
[切片剥夺] 周期456100000：切片2在途请求已清空，开始执行脏行写回
[切片管理] 周期456100305：原域0仅剩1个切片，关闭路扩展模式
[动态重分配] 周期456100305：切片2写回完成，自动绑定到域3
[切片管理] 成功绑定切片2 → 安全域3，触发【路扩展模式】

======================== 切片硬件状态 ========================
切片号 | 所属安全域 | 当前状态    | 路扩展 | LRU touched
------------------------------------------------------------------
  0    |   域2      | 正常运行   |  否   |  456100283
  1    |   域3      | 正常运行   |  是   |  456100293
  2    |   域3      | 正常运行   |  是   |  456100305
  3    |   域0      | 正常运行   |  否   |  456100293
==================================================================


======================== 切片硬件状态 ========================
切片号 | 所属安全域 | 当前状态    | 路扩展 | LRU touched
------------------------------------------------------------------
  0    |   域2      | 正常运行   |  否   |  457099995
  1    |   域3      | 正常运行   |  是   |  457099984
  2    |   域3      | 正常运行   |  是   |  457099998
  3    |   域0      | 正常运行   |  否   |  457099995
==================================================================

[动态重分配] 周期457100000：预约迁移 冗余域3(1%) -> 切片2 -> 饥饿域2(7%)
[切片剥夺] 周期457100000：切片2（所属域3）进入待剥夺状态，禁止新替换
[切片剥夺] 周期457100208：切片2在途请求已清空，开始执行脏行写回
[切片管理] 周期457100291：原域3仅剩1个切片，关闭路扩展模式
[动态重分配] 周期457100291：切片2写回完成，自动绑定到域2
[切片管理] 成功绑定切片2 → 安全域2，触发【路扩展模式】

======================== 切片硬件状态 ========================
切片号 | 所属安全域 | 当前状态    | 路扩展 | LRU touched
------------------------------------------------------------------
  0    |   域2      | 正常运行   |  是   |  457100264
  1    |   域3      | 正常运行   |  否   |  457100249
  2    |   域2      | 正常运行   |  是   |  457100291
  3    |   域0      | 正常运行   |  否   |  457100288
==================================================================


======================== 切片硬件状态 ========================
切片号 | 所属安全域 | 当前状态    | 路扩展 | LRU touched
------------------------------------------------------------------
  0    |   域2      | 正常运行   |  是   |  460699999
  1    |   域3      | 正常运行   |  否   |  460699986
  2    |   域2      | 正常运行   |  是   |  460699999
  3    |   域0      | 正常运行   |  否   |  460699997
==================================================================

[动态重分配] 周期460700000：预约迁移 冗余域2(1%) -> 切片0 -> 饥饿域3(14%)
[切片剥夺] 周期460700000：切片0（所属域2）进入待剥夺状态，禁止新替换
[切片剥夺] 周期460700000：切片0在途请求已清空，开始执行脏行写回
[切片管理] 周期460700287：原域2仅剩1个切片，关闭路扩展� tracer_init spec_mem_access mspec_dump simoo_mem_obj�式
[动态重分配] 周期460700287：切片0写回完成，自动绑定到域3
[切片管理] 成功绑定切片0 → 安全域3，触发【路扩展模式】

======================== 切片硬件状态 ========================
切片号 | 所属安全域 | 当前状态    | 路扩展 | LRU touched
------------------------------------------------------------------
  0    |   域3      | 正常运行   |  是   |  460700287
  1    |   域3      | 正常运行   |  是   |  460700282
  2    |   域2      | 正常运行   |  否   |  460700287
  3    |   域0      | 正常运行   |  否   |  460700099
==================================================================


======================== 切片硬件状态 ========================
切片号 | 所属安全域 | 当前状态    | 路扩展 | LRU touched
------------------------------------------------------------------
  0    |   域3      | 正常运行   |  是   |  478099999
  1    |   域3      | 正常运行   |  是   |  478100000
  2    |   域2      | 正常运行   |  否   |  478099918
  3    |   域0      | 正常运行   |  否   |  478099995
==================================================================

[动态重分配] 周期478100000：预约迁移 冗余域3(0%) -> 切片0 -> 饥饿域0(6%)
[切片剥夺] 周期478100000：切片0（所属域3）进入待剥夺状态，禁止新替换
[切片剥夺] 周期478100000：切片0在途请求已清空，开始执行脏行写回
[切片管理] 周期478100206：原域3仅剩1个切片，关闭路扩展模式
[动态重分配] 周期478100206：切片0写回完成，自动绑定到域0
[切片管理] 成功绑定切片0 → 安全域0，触发【路扩展模式】

======================== 切片硬件状态 ========================
切片号 | 所属安全域 | 当前状态    | 路扩展 | LRU touched
------------------------------------------------------------------
  0    |   域0      | 正常运行   |  是   |  478100206
  1    |   域3      | 正常运行   |  否   |  478100206
  2    |   域2      | 正常运行   |  否   |  478099918
  3    |   域0      | 正常运行   |  是   |  478100206
==================================================================


======================== 切片硬件状态 ========================
切片号 | 所属安全域 | 当前状态    | 路扩展 | LRU touched
------------------------------------------------------------------
  0    |   域0      | 正常运行   |  是   |  478799994
  1    |   域3      | 正常运行   |  否   |  478799959
  2    |   域2      | 正常运行   |  否   |  478799890
  3    |   域0      | 正常运行   |  是   |  478799938
==================================================================

[动态重分配] 周期478800000：预约迁移 冗余域0(2%) -> 切片0 -> 饥饿域3(11%)
[切片剥夺] 周期478800000：切片0（所属域0）进入待剥夺状态，禁止新替换
[切片剥夺] 周期478800000：切片0在途请求已清空，开始执行脏行写回
[切片管理] 周期478800544：原域0仅剩1个切片，关闭路扩展模式
[动态重分配] 周期478800544：切片0写回完成，自动绑定到域3
[切片管理] 成功绑定切片0 → 安全域3，触发【路扩展模式】

======================== 切片硬件状态 ========================
切片号 | 所属安全域 | 当前状态    | 路扩展 | LRU touched
------------------------------------------------------------------
  0    |   域3      | 正常运行   |  是   |  478800544
  1    |   域3      | 正常运行   |  是   |  478800543
  2    |   域2      | 正常运行   |  否   |  478800426
  3    |   域0      | 正常运行   |  否   |  478800544
==================================================================


======================== 切片硬件状态 ========================
切片号 | 所属安全域 | 当前状态    | 路扩展 | LRU touched
------------------------------------------------------------------
  0    |   域3      | 正常运行   |  是   |  495699998
  1    |   域3      | 正常运行   |  是   |  495699995
  2    |   域2      | 正常运行   |  否   |  495699999
  3    |   域0      | 正常运行   |  否   |  495700000
==================================================================

[动态重分配] 周期495700000：预约迁移 冗余域3(2%) -> 切片0 -> 饥饿域2(8%)
[切片剥夺] 周期495700000：切片0（所属域3）进入待剥夺状态，禁止新替换
[切片剥夺] 周期495700000：切片0在途请求已清空，开始执行脏行写回
[切片管理] 周期495701088：原域3仅剩1个切片，关闭路扩展模式
[动态重分配] 周期495701088：切片0写回完成，自动绑定到域2
[切片管理] 成功绑定切片0 → 安全域2，触发【路扩展模式】

======================== 切片硬件状态 ========================
切片号 | 所属安全域 | 当前状态    | 路扩展 | LRU touched
------------------------------------------------------------------
  0    |   域2      | 正常运行   |  是   |  495701088
  1    |   域3      | 正常运行   |  否   |  495701074
  2    |   域2      | 正常运行   |  是   |  495701074
  3    |   域0      | 正常运行   |  否   |  495701080
==================================================================


**** Debug Statistics at 501000000 Cycles *****
Threads: 4		Fetch Width: 8
No of useful instructions fetched:	1548178528 (38.63% proc util.)
No of total instructions fetched:	2435427485 (60.76% proc util.)
 includes 121684819 misfetch (5.0%), 765564138 (31.4%) wrong-path fetches
 and 0 flushed after failed lock(0.0%)
No of useful instructions issued/executed:	1548178481 (38.63% proc util.)
No of total instructions issued/executed:	1926341985 (48.06% proc util.)
 includes 378163504 wrong-path (19.6%) insts and 0 flushed (0.0%)
	fp 47673, 0.00%
	synch 0, 0.00%
	integer 1297419718, 67.35%
	load/store 628874594, 32.65%
Avg size of int IQ (before scheduling): 27.23
Avg size of fp IQ (before scheduling): 0.00
No of cycles taken:		501000000
Parallelism [ 1.565, 0.000, 0.734, 0.791,] = 3.090
 IQ conflicts: 14211642 (2.84%), FQ conflicts: 0 (0.00%) 
 I reg conflicts: 98647964 (19.69%), FP reg conflicts: 0 (0.00%)
  Activelist confs: 4731 (0.00%), ROB confs: 778014 (0.16%)
  Int unit conflicts: 633782361 (126.50%), FP unit conflicts: 45 (0.00%)
  Load/store unit conflicts: 109894480 (21.94%)
  MSHR conflicts: 112201128 (22.40%)
----------------------------------------
==== System-wide Cache Statistics ====
Stall for miss queue full 5358 cycles (0.00%)
----------------------------------------
==== Statistics for Master ID: 0 ====
Reads: 466509545   Writes: 62124492
ICACHE: size: 64 KB assoc: 2
ICACHE: hits:288767926 misses:149550  Hit Ratio: 99.95%
DCACHE: size: 1*16 KB assoc: 1*4
DCACHE: hits:233550094 misses:6167162 writebacks:2472587  Hit Ratio: 97.43%
SCACHE: size: 512 KB assoc: 2
SCACHE: hits:5077414 misses:1238603  Hit Ratio: 80.39%
3CACHE: size: 4096 KB assoc: 2
3CACHE: hits:1042179 misses:196424  Hit Ratio: 84.14%
3CACHE: dirty items replaced:52343
ITLB: size: 48, misses 2887, miss rate 0.00%
DTLB: size: 128, misses 372986, miss rate 0.16%
Avg mem delay: 1.749 cycles
----------------------------------------
==== Statistics for Master ID: 2 ====
Reads: 330226177   Writes: 50717410
ICACHE: size: 64 KB assoc: 2
ICACHE: hits:189393661 misses:6505905  Hit Ratio: 96.68%
DCACHE: size: 2*16 KB assoc: 2*4
DCACHE: hits:180732249 misses:4315470 writebacks:1071286  Hit Ratio: 97.67%
SCACHE: size: 512 KB assoc: 2
SCACHE: hits:8059664 misses:2758013  Hit Ratio: 74.50%
3CACHE: size: 4096 KB assoc: 2
3CACHE: hits:2381297 misses:376716  Hit Ratio: 86.34%
3CACHE: dirty items replaced:137110
ITLB: size: 48, misses 478627, miss rate 0.24%
DTLB: size: 128, misses 761859, miss rate 0.41%
Avg mem delay: 1.749 cycles
----------------------------------------
==== Statistics for Master ID: 3 ====
Reads: 349619702   Writes: 60577114
ICACHE: size: 64 KB assoc: 2
ICACHE: hits:201473707 misses:6209872  Hit Ratio: 97.01%
DCACHE: size: 1*16 KB assoc: 1*4
DCACHE: hits:198311579 misses:4205704 writebacks:1470556  Hit Ratio: 97.92%
SCACHE: size: 512 KB assoc: 2
SCACHE: hits:7590394 misses:2821135  Hit Ratio: 72.90%
3CACHE: size: 4096 KB assoc: 2
3CACHE: hits:2437064 misses:384071  Hit Ratio: 86.39%
3CACHE: dirty items replaced:141042
ITLB: size: 48, misses 440856, miss rate 0.21%
DTLB: size: 128, misses 727436, miss rate 0.36%
Avg mem delay: 1.749 cycles
----------------------------------------
==== Global Resource Utilization ====
STASH: size: 65536 entries, full 3139089411, empty 88256446, misses 7617400, full rate 97.04
icache bank util. 0.174 0.149 0.138 0.163 0.212 0.235 0.195 0.192 
dcache bank util. 0.149 0.169 0.174 0.160 0.208 0.148 0.209 0.153 
L2 bank util. 0.045 0.047 0.044 0.047 0.044 0.042 0.043 0.049 
L1-L2 bus util. = 0.195, L3 util. = 0.019
----------------------------------------

======================== 切片硬件状态 ========================
切片号 | 所属安全域 | 当前状态    | 路扩展 | LRU touched
------------------------------------------------------------------
  0    |   域2      | 正常运行   |  是   |  500999962
  1    |   域3      | 正常运行   |  否   |  500999954
  2    |   域2      | 正常运行   |  是   |  500999964
  3    |   域0      | 正常运行   |  否   |  500999966
==================================================================

branch prediction, hits = 126484784, misses = 29560521, hit rate = 81.06%
return_stack prediction, hits = 15539113, misses = 10974, hit rate = 99.93%
jump prediction, hits = 126367296, misses = 31630062, hit rate = 79.98%

======================== 切片硬件状态 ========================
切片号 | 所属安全域 | 当前状态    | 路扩展 | LRU touched
------------------------------------------------------------------
  0    |   域2      | 正常运行   |  是   |  502799995
  1    |   域3      | 正常运行   |  否   |  502799996
  2    |   域2      | 正常运行   |  是   |  502799995
  3    |   域0      | 正常运行   |  否   |  502800000
==================================================================

[动态重分配] 周期502800000：预约迁移 冗余域2(0%) -> 切片0 -> 饥饿域3(8%)
[切片剥夺] 周期502800000：切片0（所属域2）进入待剥夺状态，禁止新替换
[切片剥夺] 周期502800000：切片0在途请求已清空，开始执行脏行写回
[切片管理] 周期502801083：原域2仅剩1个切片，关闭路扩展模式
[动态重分配] 周期502801083：切片0写回完成，自动绑定到域3
[切片管理] 成功绑定切片0 → 安全域3，触发【路扩展模式】

======================== 切片硬件状态 ========================
切片号 | 所属安全域 | 当前状态    | 路扩展 | LRU touched
------------------------------------------------------------------
  0    |   域3      | 正常运行   |  是   |  502801083
  1    |   域3      | 正常运行   |  是   |  502801083
  2    |   域2      | 正常运行   |  否   |  502801067
  3    |   域0      | 正常运行   |  否   |  502801081
==================================================================


======================== 切片硬件状态 ========================
切片号 | 所属安全域 | 当前状态    | 路扩展 | LRU touched
------------------------------------------------------------------
  0    |   域3      | 正常运行   |  是   |  511799993
  1    |   域3      | 正常运行   |  是   |  511799982
  2    |   域2      | 正常运行   |  否   |  511799873
  3    |   域0      | 正常运行   |  否   |  511800000
==================================================================

[动态重分配] 周期511800000：预约迁移 冗余域3(0%) -> 切片0 -> 饥饿域0(6%)
[切片剥夺] 周期511800000：切片0（所属域3）进入待剥夺状态，禁止新替换
[切片剥夺] 周期511800000：切片0在途请求已清空，开始执行脏行写回
[切片管理] 周期511800839：原域3仅剩1个切片，关闭路扩展模式
[动态重分配] 周期511800839：切片0写回完成，自动绑定到域0
[切片管理] 成功绑定切片0 → 安全域0，触发【路扩展模式】

======================== 切片硬件状态 ========================
切片号 | 所属安全域 | 当前状态    | 路扩展 | LRU touched
------------------------------------------------------------------
  0    |   域0      | 正常运行   |  是   |  511800839
  1    |   域3      | 正常运行   |  否   |  511800839
  2    |   域2      | 正常运行   |  否   |  511800838
  3    |   域0      | 正常运行   |  是   |  511800839
==================================================================


======================== 切片硬件状态 ========================
切片号 | 所属安全域 | 当前状态    | 路扩展 | LRU touched
------------------------------------------------------------------
  0    |   域0      | 正常运行   |  是   |  512499999
  1    |   域3      | 正常运行   |  否   |  512499972
  2    |   域2      | 正常运行   |  否   |  512499965
  3    |   域0      | 正常运行   |  是   |  512499999
==================================================================

[动态重分配] 周期512500000：预约迁移 冗余域0(0%) -> 切片0 -> 饥饿域3(6%)
[切片剥夺] 周期512500000：切片0（所属域0）进入待剥夺状态，禁止新替换
[切片剥夺] 周期512500000：切片0在途请求已清空，开始执行脏行写回
[切片管理] 周期512500050：原域0仅剩1个切片，关闭路扩展模式
[动态重分配] 周期512500050：切片0写回完成，自动绑定到域3
[切片管理] 成功绑定切片0 → 安全域3，触发【路扩展模式】

======================== 切片硬件状态 ========================
切片号 | 所属安全域 | 当前状态    | 路扩展 | LRU touched
------------------------------------------------------------------
  0    |   域3      | 正常运行   |  是   |  512500050
  1    |   域3      | 正常运行   |  是   |  512499972
  2    |   域2      | 正常运行   |  否   |  512499965
  3    |   域0      | 正常运行   |  否   |  512500004
==================================================================


======================== 切片硬件状态 ========================
切片号 | 所属安全域 | 当前状态    | 路扩展 | LRU touched
------------------------------------------------------------------
  0    |   域3      | 正常运行   |  是   |  512799989
  1    |   域3      | 正常运行   |  是   |  512799995
  2    |   域2      | 正常运行   |  否   |  512799840
  3    |   域0      | 正常运行   |  否   |  512799996
==================================================================

[动态重分配] 周期512800000：预约迁移 冗余域3(0%) -> 切片1 -> 饥饿域2(8%)
[切片剥夺] 周期512800000：切片1（所属域3）进入待剥夺状态，禁止新替换
[切片剥夺] 周期512800064：切片1在途请求已清空，开始执行脏行写回
[切片管理] 周期512800818：原域3仅剩1个切片，关闭路扩展模式
[动态重分配] 周期512800818：切片1写回完成，自动绑定到域2
[切片管理] 成功绑定切片1 → 安全域2，触发【路扩展模式】

======================== 切片硬件状态 ========================
切片号 | 所属安全域 | 当前状态    | 路扩展 | LRU touched
------------------------------------------------------------------
  0    |   域3      | 正常运行   |  否   |  512800818
  1    |   域2      | 正常运行   |  是   |  512800818
  2    |   域2      | 正常运行   |  是   |  512800775
  3    |   域0      | 正常运行   |  否   |  512800818
==================================================================


======================== 切片硬件状态 ========================
切片号 | 所属安全域 | 当前状态    | 路扩展 | LRU touched
------------------------------------------------------------------
  0    |   域3      | 正常运行   |  否   |  517999994
  1    |   域2      | 正常运行   |  是   |  517999995
  2    |   域2      | 正常运行   |  是   |  517999996
  3    |   域0      | 正常运行   |  否   |  517999996
==================================================================

[动态重分配] 周期518000000：预约迁移 冗余域2(0%) -> 切片1 -> 饥饿域3(6%)
[切片剥夺] 周期518000000：切片1（所属域2）进入待剥夺状态，禁止新替换
[切片剥夺] 周期518000020：切片1在途请求已清空，开始执行脏行写回
[切片管理] 周期518000313：原域2仅剩1个切片，关闭路扩展模式
[动态重分配] 周期518000313：切片1写回完成，自动绑定到域3
[切片管理] 成功绑定切片1 → 安全域3，触发【路扩展模式】

======================== 切片硬件状态 ========================
切片号 | 所属安全域 | 当前状态    | 路扩展 | LRU touched
------------------------------------------------------------------
  0    |   域3      | 正常运行   |  是   |  518000307
  1    |   域3      | 正常运行   |  是   |  518000313
  2    |   域2      | 正常运行   |  否   |  518000313
  3    |   域0      | 正常运行   |  否   |  518000313
==================================================================


======================== 切片硬件状态 ========================
切片号 | 所属安全域 | 当前状态    | 路扩展 | LRU touched
------------------------------------------------------------------
  0    |   域3      | 正常运行   |  是   |  520099989
  1    |   域3      | 正常运行   |  是   |  520100000
  2    |   域2      | 正常运行   |  否   |  520099996
  3    |   域0      | 正常运行   |  否   |  520099997
==================================================================

[动态重分配] 周期520100000：预约迁移 冗余域3(2%) -> 切片0 -> 饥饿域2(9%)
[切片剥夺] 周期520100000：切片0（所属域3）进入待剥夺状态，禁止新替换
[切片剥夺] 周期520100000：切片0在途请求已清空，开始执行脏行写回
[切片管理] 周期520100919：原域3仅剩1个切片，关闭路扩展模式
[动态重分配] 周期520100919：切片0写回完成，自动绑定到域2
[切片管理] 成功绑定切片0 → 安全域2，触发【路扩展模式】

======================== 切片硬件状态 ========================
切片号 | 所属安全域 | 当前状态    | 路扩展 | LRU touched
------------------------------------------------------------------
  0    |   域2      | 正常运行   |  是   |  520100919
  1    |   域3      | 正常运行   |  否   |  520100903
  2    |   域2      | 正常运行   |  是   |  520100888
  3    |   域0      | 正常运行   |  否   |  520100890
==================================================================


======================== 切片硬件状态 ========================
切片号 | 所属安全域 | 当前状态    | 路扩展 | LRU touched
------------------------------------------------------------------
  0    |   域2      | 正常运行   |  是   |  521099967
  1    |   域3      | 正常运行   |  否   |  521099998
  2    |   域2      | 正常运行   |  是   |  521099966
  3    |   域0      | 正常运行   |  否   |  521099997
==================================================================

[动态重分配] 周期521100000：预约迁移 冗余域2(0%) -> 切片2 -> 饥饿域3(6%)
[切片剥夺] 周期521100000：切片2（所属域2）进入待剥夺状态，禁止新替换
[切片剥夺] 周期521100036：切片2在途请求已清空，开始执行脏行写回
[切片管理] 周期521100245：原域2仅剩1个切片，关闭路扩展模式
[动态重分配] 周期521100245：切片2写回完成，自动绑定到域3
[切片管理] 成功绑定切片2 → 安全域3，触发【路扩展模式】

======================== 切片硬件状态 ========================
切片号 | 所属安全域 | 当前状态    | 路扩展 | LRU touched
------------------------------------------------------------------
  0    |   域2      | 正常运行   |  否   |  521100245
  1    |   域3      | 正常运行   |  是   |  521100245
  2    |   域3      | 正常运行   |  是   |  521100245
  3    |   域0      | 正常运行   |  否   |  521100245
==================================================================


======================== 切片硬件状态 ========================
切片号 | 所属安全域 | 当前状态    | 路扩展 | LRU touched
------------------------------------------------------------------
  0    |   域2      | 正常运行   |  否   |  523300000
  1    |   域3      | 正常运行   |  是   |  523299880
  2    |   域3      | 正常运行   |  是   |  523299996
  3    |   域0      | 正常运行   |  否   |  523299999
==================================================================

[动态重分配] 周期523300000：预约迁移 冗余域3(2%) -> 切片1 -> 饥饿域2(9%)
[切片剥夺] 周期523300000：切片1（所属域3）进入待剥夺状态，禁止新替换
[切片剥夺] 周期523300000：切片1在途请求已清空，开始执行脏行写回
[切片管理] 周期523301695：原域3仅剩1个切片，关闭路扩展模式
[动态重分配] 周期523301695：切片1写回完成，自动绑定到域2
[切片管理] 成功绑定切片1 → 安全域2，触发【路扩展模式】

======================== 切片硬件状态 ========================
切片号 | 所属安全域 | 当前状态    | 路扩展 | LRU touched
------------------------------------------------------------------
  0    |   域2      | 正常运行   |  是   |  523301567
  1    |   域2      | 正常运行   |  是   |  523301695
  2    |   域3      | 正常运行   |  否   |  523301694
  3    | ruu_link_idep ruu_install_odep InstSRA InstSRAV InstMULT InstMULTU simoo_reg_obj   域0      | 正常运行   |  否   |  523301694
==================================================================


======================== 切片硬件状态 ========================
切片号 | 所属安全域 | 当前状态    | 路扩展 | LRU touched
------------------------------------------------------------------
  0    |   域2      | 正常运行   |  是   |  523899999
  1    |   域2      | 正常运行   |  是   |  523899988
  2    |   域3      | 正常运行   |  否   |  523900000
  3    |   域0      | 正常运行   |  否   |  523899997
==================================================================

[动态重分配] 周期523900000：预约迁移 冗余域2(1%) -> 切片0 -> 饥饿域3(7%)
[切片剥夺] 周期523900000：切片0（所属域2）进入待剥夺状态，禁止新替换
[切片剥夺] 周期523900000：切片0在途请求已清空，开始执行脏行写回
[切片管理] 周期523900254：原域2仅剩1个切片，关闭路扩展模式
[动态重分配] 周期523900254：切片0写回完成，自动绑定到域3
[切片管理] 成功绑定切片0 → 安全域3，触发【路扩展模式】

======================== 切片硬件状态 ========================
切片号 | 所属安全域 | 当前状态    | 路扩展 | LRU touched
------------------------------------------------------------------
  0    |   域3      | 正常运行   |  是   |  523900254
  1    |   域2      | 正常运行   |  否   |  523900006
  2    |   域3      | 正常运行   |  是   |  523900049
  3    |   域0      | 正常运行   |  否   |  523900093
==================================================================


======================== 切片硬件状态 ========================
切片号 | 所属安全域 | 当前状态    | 路扩展 | LRU touched
------------------------------------------------------------------
  0    |   域3      | 正常运行   |  是   |  567299999
  1    |   域2      | 正常运行   |  否   |  567299996
  2    |   域3      | 正常运行   |  是   |  567299994
  3    |   域0      | 正常运行   |  否   |  567299981
==================================================================

[动态重分配] 周期567300000：预约迁移 冗余域3(0%) -> 切片0 -> 饥饿域2(6%)
[切片剥夺] 周期567300000：切片0（所属域3）进入待剥夺状态，禁止新替换
[切片剥夺] 周期567300000：切片0在途请求已清空，开始执行脏行写回
[切片管理] 周期567301996：原域3仅剩1个切片，关闭路扩展模式
[动态重分配] 周期567301996：切片0写回完成，自动绑定到域2
[切片管理] 成功绑定切片0 → 安全域2，触发【路扩展模式】

======================== 切片硬件状态 ========================
切片号 | 所属安全域 | 当前状态    | 路扩展 | LRU touched
------------------------------------------------------------------
  0    |   域2      | 正常运行   |  是   |  567301996
  1    |   域2      | 正常运行   |  是   |  567301996
  2    |   域3      | 正常运行   |  否   |  567301988
  3    |   域0      | 正常运行   |  否   |  567301996
==================================================================


======================== 切片硬件状态 ========================
切片号 | 所属安全域 | 当前状态    | 路扩展 | LRU touched
------------------------------------------------------------------
  0    |   域2      | 正常运行   |  是   |  567999852
  1    |   域2      | 正常运行   |  是   |  567999793
  2    |   域3      | 正常运行   |  否   |  567999957
  3    |   域0      | 正常运行   |  否   |  568000000
==================================================================

[动态重分配] 周期568000000：预约迁移 冗余域2(0%) -> 切片0 -> 饥饿域3(6%)
[切片剥夺] 周期568000000：切片0（所属域2）进入待剥夺状态，禁止新替换
[切片剥夺] 周期568000000：切片0在途请求已清空，开始执行脏行写回
[切片管理] 周期568001968：原域2仅剩1个切片，关闭路扩展模式
[动态重分配] 周期568001968：切片0写回完成，自动绑定到域3
[切片管理] 成功绑定切片0 → 安全域3，触发【路扩展模式】

======================== 切片硬件状态 ========================
切片号 | 所属安全域 | 当前状态    | 路扩展 | LRU touched
------------------------------------------------------------------
  0    |   域3      | 正常运行   |  是   |  568001968
  1    |   域2      | 正常运行   |  否   |  568001884
  2    |   域3      | 正常运行   |  是   |  568001755
  3    |   域0      | 正常运行   |  否   |  568001955
==================================================================


======================== 切片硬件状态 ========================
切片号 | 所属安全域 | 当前状态    | 路扩展 | LRU touched
------------------------------------------------------------------
  0    |   域3      | 正常运行   |  是   |  582999985
  1    |   域2      | 正常运行   |  否   |  583000000
  2    |   域3      | 正常运行   |  是   |  582999999
  3    |   域0      | 正常运行   |  否   |  582999996
==================================================================

[动态重分配] 周期583000000：预约迁移 冗余域3(0%) -> 切片0 -> 饥饿域0(6%)
[切片剥夺] 周期583000000：切片0（所属域3）进入待剥夺状态，禁止新替换
[切片剥夺] 周期583000000：切片0在途请求已清空，开始执行脏行写回
[切片管理] 周期583000293：原域3仅剩1个切片，关闭路扩展模式
[动态重分配] 周期583000293：切片0写回完成，自动绑定到域0
[切片管理] 成功绑定切片0 → 安全域0，触发【路扩展模式】

======================== 切片硬件状态 ========================
切片号 | 所属安全域 | 当前状态    | 路扩展 | LRU touched
------------------------------------------------------------------
  0    |   域0      | 正常运行   |  是   |  583000293
  1    |   域2      | 正常运行   |  否   |  583000154
  2    |   域3      | 正常运行   |  否   |  583000165
  3    |   域0      | 正常运行   |  是   |  583000131
==================================================================


======================== 切片硬件状态 ========================
切片号 | 所属安全域 | 当前状态    | 路扩展 | LRU touched
------------------------------------------------------------------
  0    |   域0      | 正常运行   |  是   |  590199139
  1    |   域2      | 正常运行   |  否   |  590199954
  2    |   域3      | 正常运行   |  否   |  590199955
  3    |   域0      | 正常运行   |  是   |  590199998
==================================================================

[动态重分配] 周期590200000：预约迁移 冗余域0(1%) -> 切片0 -> 饥饿域2(8%)
[切片剥夺] 周期590200000：切片0（所属域0）进入待剥夺状态，禁止新替换
[切片剥夺] 周期590200000：切片0在途请求已清空，开始执行脏行写回
[切片管理] 周期590218487：原域0仅剩1个切片，关闭路扩展模式
[动态重分配] 周期590218487：切片0写回完成，自动绑定到域2
[切片管理] 成功绑定切片0 → 安全域2，触发【路扩展模式】

======================== 切片硬件状态 ========================
切片号 | 所属安全域 | 当前状态    | 路扩展 | LRU touched
------------------------------------------------------------------
  0    |   域2      | 正常运行   |  是   |  590218487
  1    |   域2      | 正常运行   |  是   |  590218484
  2    |   域3      | 正常运行   |  否   |  590218484
  3    |   域0      | 正常运行   |  否   |  590218481
==================================================================


======================== 切片硬件状态 ========================
切片号 | 所属安全域 | 当前状态    | 路扩展 | LRU touched
------------------------------------------------------------------
  0    |   域2      | 正常运行   |  是   |  592299999
  1    |   域2      | 正常运行   |  是   | ruu_dispatch  592299945
  2    |   域3      | 正常运行   |  否   |  592300000
  3    |   域0      | 正常运行   |  否   |  592300000
==================================================================

[动态重分配] 周期592300000：预约迁移 冗余域2(0%) -> 切片0 -> 饥饿域3(6%)
[切片剥夺] 周期592300000：切片0（所属域2）进入待剥夺状态，禁止新替换
[切片剥夺] 周期592300000：切片0在途请求已清空，开始执行脏行写回
[切片管理] 周期592300236：原域2仅剩1个切片，关闭路扩展模式
[动态重分配] 周期592300236：切片0写回完成，自动绑定到域3
[切片管理] 成功绑定切片0 → 安全域3，触发【路扩展模式】

======================== 切片硬件状态 ========================
切片号 | 所属安全域 | 当前状态    | 路扩展 | LRU touched
------------------------------------------------------------------
  0    |   域3      | 正常运行   |  是   |  592300236
  1    |   域2      | 正常运行   |  否   |  592300231
  2    |   域3      | 正常运行   |  是   |  592300230
  3    |   域0      | 正常运行   |  否   |  592300236
==================================================================


======================== 切片硬件状态 ========================
切片号 | 所属安全域 | 当前状态    | 路扩展 | LRU touched
------------------------------------------------------------------
  0    |   域3      | 正常运行   |  是   |  597099992
  1    |   域2      | 正常运行   |  否   |  597099863
  2    |   域3      | 正常运行   |  是   |  597099992
  3    |   域0      | 正常运行   |  否   |  597099992
==================================================================

[动态重分配] 周期597100000：预约迁移 冗余域3(0%) -> 切片0 -> 饥饿域0(6%)
[切片剥夺] 周期597100000：切片0（所属域3）进入待剥夺状态，禁止新替换
[切片剥夺] 周期597100000：切片0在途请求已清空，开始执行脏行写回
[切片管理] 周期597101831：原域3仅剩1个切片，关闭路扩展模式
[动态重分配] 周期597101831：切片0写回完成，自动绑定到域0
[切片管理] 成功绑定切片0 → 安全域0，触发【路扩展模式】

======================== 切片硬件状态 ========================
切片号 | 所属安全域 | 当前状态    | 路扩展 | LRU touched
------------------------------------------------------------------
  0    |   域0      | 正常运行   |  是   |  597101831
  1    |   域2      | 正常运行   |  否   |  597101824
  2    |   域3      | 正常运行   |  否   |  597101830
  3    |   域0      | 正常运行   |  是   |  597101806
==================================================================


**** Debug Statistics at 601000000 Cycles *****
Threads: 4		Fetch Width: 8
No of useful instructions fetched:	1875414851 (39.01% proc util.)
No of total instructions fetched:	2932886180 (61.00% proc util.)
 includes 145444817 misfetch (5.0%), 912026512 (31.1%) wrong-path fetches
 and 0 flushed after failed lock(0.0%)
No of useful instructions issued/executed:	1875414826 (39.01% proc util.)
No of total instructions issued/executed:	2324479848 (48.35% proc util.)
 includes 449065022 wrong-path (19.3%) insts and 0 flushed (0.0%)
	fp 52363, 0.00%
	synch 0, 0.00%
	integer 1566355085, 67.39%
	load/store 758072400, 32.61%
Avg size of int IQ (before scheduling): 27.13
Avg size of fp IQ (before scheduling): 0.00
No of cycles taken:		601000000
Parallelism [ 1.564, 0.000, 0.732, 0.825,] = 3.120
 IQ conflicts: 16559095 (2.76%), FQ conflicts: 0 (0.00%) 
 I reg conflicts: 117160510 (19.49%), FP reg conflicts: 0 (0.00%)
  Activelist confs: 5745 (0.00%), ROB confs: 866533 (0.14%)
  Int unit conflicts: 788820985 (131.25%), FP unit conflicts: 49 (0.00%)
  Load/store unit conflicts: 132851083 (22.11%)
  MSHR conflicts: 151189563 (25.16%)
----------------------------------------
==== System-wide Cache Statistics ====
Stall for miss queue full 6521 cycles (0.00%)
----------------------------------------
==== Statistics for Master ID: 0 ====
Reads: 560421795   Writes: 74558978
ICACHE: size: 64 KB assoc: 2
ICACHE: hits:347031970 misses:182412  Hit Ratio: 99.95%
DCACHE: size: 2*16 KB assoc: 2*4
DCACHE: hits:280361633 misses:7405722 writebacks:2954895  Hit Ratio: 97.43%
SCACHE: size: 512 KB assoc: 2
SCACHE: hits:6114353 misses:1472816  Hit Ratio: 80.59%
3CACHE: size: 4096 KB assoc: 2
3CACHE: hits:1242746 misses:230070  Hit Ratio: 84.38%
3CACHE: dirty items replaced:71736
ITLB: size: 48, misses 3458, miss rate 0.00%
DTLB: size: 128, misses 444250, miss rate 0.15%
Avg mem delay: 1.740 cycles
----------------------------------------
==== Statistics for Master ID: 2 ====
Reads: 393066164   Writes: 60822310
ICACHE: size: 64 KB assoc: 2
ICACHE: hits:225227255 misses:7915036  Hit Ratio: 96.61%
DCACHE: size: 1*16 KB assoc: 1*4
DCACHE: hits:215752457 misses:4997974 writebacks:1268260  Hit Ratio: 97.74%
SCACHE: size: 512 KB assoc: 2
SCACHE: hits:9616665 misses:3292096  Hit Ratio: 74.50%
3CACHE: size: 4096 KB assoc: 2
3CACHE: hits:2843583 misses:448513  Hit Ratio: 86.38%
3CACHE: dirty items replaced:182241
ITLB: size: 48, misses 595234, miss rate 0.26%
DTLB: size: 128, misses 889576, miss rate 0.40%
Avg mem delay: 1.740 cycles
----------------------------------------
==== Statistics for Master ID: 3 ====
Reads: 426993332   Writes: 74343147
ICACHE: size: 64 KB assoc: 2
ICACHE: hits:246267717 misses:7392482  Hit Ratio: 97.09%
DCACHE: size: 1*16 KB assoc: 1*4
DCACHE: hits:242256247 misses:5424891 writebacks:2061004  Hit Ratio: 97.81%
SCACHE: size: 512 KB assoc: 2
SCACHE: hits:9409821 misses:3402693  Hit Ratio: 73.44%
3CACHE: size: 4096 KB assoc: 2
3CACHE: hits:2946921 misses:455772  Hit Ratio: 86.61%
3CACHE: dirty items replaced:189764
ITLB: size: 48, misses 508248, miss rate 0.20%
DTLB: size: 128, misses 871913, miss rate 0.35%
Avg mem delay: 1.740 cycles
----------------------------------------
==== Global Resource Utilization ====
STASH: size: 65536 entries, full 3678258303, empty 104879983, misses 9050163, full rate 97.00
icache bank util. 0.173 0.150 0.137 0.162 0.215 0.239 0.195 0.194 
dcache bank util. 0.153 0.168 0.178 0.164 0.206 0.147 0.210 0.154 
L2 bank util. 0.045 0.047 0.045 0.047 0.045 0.042 0.043 0.049 
L1-L2 bus util. = 0.198, L3 util. = 0.019
----------------------------------------

======================== 切片硬件状态 ========================
切片号 | 所属安全域 | 当前状态    | 路扩展 | LRU touched
------------------------------------------------------------------
  0    |   域0      | 正常运行   |  是   |  600999982
  1    |   域2      | 正常运行   |  否   |  600999961
  2    |   域3      | 正常运行   |  否   |  600999998
  3    |   域0      | 正常运行   |  是   |  600999999
==================================================================

branch prediction, hits = 154523512, misses = 35406103, hit rate = 81.36%
return_stack prediction, hits = 18364893, misses = 15076, hit rate = 99.92%
jump prediction, hits = 153079672, misses = 37804961, hit rate = 80.19%

======================== 切片硬件状态 ========================
切片号 | 所属安全域 | 当前状态    | 路扩展 | LRU touched
------------------------------------------------------------------
  0    |   域0      | 正常运行   |  是   |  620699997
  1    |   域2      | 正常运行   |  否   |  620699995
  2    |   域3      | 正常运行   |  否   |  620699999
  3    |   域0      | 正常运行   |  是   |  620699989
==================================================================

[动态重分配] 周期620700000：预约迁移 冗余域0(4%) -> 切片0 -> 饥饿域3(45%)
[切片剥夺] 周期620700000：切片0（所属域0）进入待剥夺状态，禁止新替换
[切片剥夺] 周期620700000：切片0在途请求已清空，开始执行脏行写回
[切片管理] 周期620701134：原域0仅剩1个切片，关闭路扩展模式
[动态重分配] 周期620701134：切片0写回完成，自动绑定到域3
[切片管理] 成功绑定切片0 → 安全域3，触发【路扩展模式】

======================== 切片硬件状态 ========================
切片号 | 所属安全域 | 当前状态    | 路扩展 | LRU touched
------------------------------------------------------------------
  0    |   域3      | 正常运行   |  是   |  620701134
  1    |   域2      | 正常运行   |  否   |  620701134
  2    |   域3      | 正常运行   |  是   |  620701050
  3    |   域0      | 正常运行   |  否   |  620701131
==================================================================


======================== 切片硬件状态 ========================
切片号 | 所属安全域 | 当前状态    | 路扩展 | LRU touched
------------------------------------------------------------------
  0    |   域3      | 正常运行   |  是   |  627499894
  1    |   域2      | 正常运行   |  否   |  627499950
  2    |   域3      | 正常运行   |  是   |  627499757
  3    |   域0      | 正常运行   |  否   |  627499987
==================================================================

[动态重分配] 周期627500000：预约迁移 冗余域3(0%) -> 切片0 -> 饥饿域0(6%)
[切片剥夺] 周期627500000：切片0（所属域3）进入待剥夺状态，禁止新替换
[切片剥夺] 周期627500000：切片0在途请求已清空，开始执行脏行写回
[切片管理] 周期627500302：原域3仅剩1个切片，关闭路扩展模式
[动态重分配] 周期627500302：切片0写回完成，自动绑定到域0
[切片管理] 成功绑定切片0 → 安全域0，触发【路扩展模式】

======================== 切片硬件状态 ========================
切片号 | 所属安全域 | 当前状态    | 路扩展 | LRU touched
------------------------------------------------------------------
  0    |   域0      | 正常运行   |  是   |  627500302
  1    |   域2      | 正常运行   |  否   |  627500301
  2    |   域3      | 正常运行   |  否   |  627500288
  3    |   域0      | 正常运行   |  是   |  627500299
==================================================================


**** Early Exiting at 634602444 Cycles *****
========================================
 SMTSIM Global Statistics
========================================
Threads: 4		Fetch Width: 8
No of useful instructions fetched:	2000000054 (39.39% proc util.)
No of total instructions fetched:	3103718758 (61.14% proc util.)
 includes 150562182 misfetch (4.9%), 953156522 (30.7%) wrong-path fetches
 and 0 flushed after failed lock(0.0%)
No of useful instructions issued/executed:	2000000032 (39.39% proc util.)
No of total instructions issued/executed:	2468150636 (48.62% proc util.)
 includes 468150604 wrong-path (19.0%) insts and 0 flushed (0.0%)
	fp 52422, 0.00%
	synch 0, 0.00%
	integer 1665884041, 67.50%
	load/store 802214173, 32.50%
Avg size of int IQ (before scheduling): 27.28
Avg size of fp IQ (before scheduling): 0.00
No of cycles taken:		634602444
Parallelism [ 1.560, 0.000, 0.734, 0.857,] = 3.152
 IQ conflicts: 17694042 (2.79%), FQ conflicts: 0 (0.00%) 
 I reg conflicts: 123479342 (19.46%), FP reg conflicts: 0 (0.00%)
  Activelist confs: 5745 (0.00%), ROB confs: 903076 (0.14%)
  Int unit conflicts: 881136634 (138.85%), FP unit conflicts: 49 (0.00%)
  Load/store unit conflicts: 140717664 (22.17%)
  MSHR conflicts: 160461061 (25.29%)
----------------------------------------
==== System-wide Cache Statistics ====
Stall for miss queue full 6555 cycles (0.00%)
----------------------------------------
==== Statistics for Master ID: 0 ====
Reads: 590111099   Writes: 78212586
ICACHE: size: 64 KB assoc: 2
ICACHE: hits:365855987 misses:185807  Hit Ratio: 99.95%
DCACHE: size: 2*16 KB assoc: 2*4
DCACHE: hits:294575609 misses:7707351 writebacks:3084546  Hit Ratio: 97.45%
SCACHE: size: 512 KB assoc: 2
SCACHE: hits:6352699 misses:1539389  Hit Ratio: 80.49%
3CACHE: size: 4096 KB assoc: 2
3CACHE: hits:1293648 misses:245741  Hit Ratio: 84.04%
3CACHE: dirty items replaced:80104
ITLB: size: 48, misses 3621, miss rate 0.00%
DTLB: size: 128, misses 459696, miss rate 0.15%
Avg mem delay: 1.716 cycles
----------------------------------------
==== Statistics for Master ID: 2 ====
Reads: 415321892   Writes: 64848924
ICACHE: size: 64 KB assoc: 2
ICACHE: hits:237997727 misses:8244954  Hit Ratio: 96.65%
DCACHE: size: 1*16 KB assoc: 1*4
DCACHE: hits:228656949 misses:5275434 writebacks:1335616  Hit Ratio: 97.74%
SCACHE: size: 512 KB assoc: 2
SCACHE: hits:10047007 misses:3469133  Hit Ratio: 74.33%
3CACHE: size: 4096 KB assoc: 2
3CACHE: hits:2975084 misses:494048  Hit Ratio: 85.76%
3CACHE: dirty items replaced:208604
ITLB: size: 48, misses 625698, miss rate 0.25%
DTLB: size: 128, misses 925678, miss rate 0.40%
Avg mem delay: 1.716 cycles
----------------------------------------
==== Statistics for Master ID: 3 ====
Reads: 457346317   Writes: 77357159
ICACHE: size: 64 KB assoc: 2
ICACHE: hits:263048008 misses:7590716  Hit Ratio: 97.20%
DCACHE: size: 1*16 KB assoc: 1*4
DCACHE: hits:258541281 misses:5528423 writebacks:2096906  Hit Ratio: 97.91%
SCACHE: size: 512 KB assoc: 2
SCACHE: hits:9623623 misses:3490563  Hit Ratio: 73.38%
3CACHE: size: 4096 KB assoc: 2
3CACHE: hits:3005533 misses:485030  Hit Ratio: 86.10%
3CACHE: dirty items replaced:207733
ITLB: size: 48, misses 527236, miss rate 0.19%
DTLB: size: 128, misses 908850, miss rate 0.34%
Avg mem delay: 1.716 cycles
----------------------------------------
==== Global Resource Utilization ====
STASH: size: 65536 entries, full 3864328790, empty 109887715, misses 9495306, full rate 97.00
icache bank util. 0.173 0.153 0.138 0.160 0.212 0.237 0.194 0.200 
dcache bank util. 0.158 0.167 0.177 0.163 0.204 0.148 0.209 0.153 
L2 bank util. 0.044 0.046 0.044 0.046 0.044 0.042 0.042 0.048 
L1-L2 bus util. = 0.194, L3 util. = 0.019
----------------------------------------

======================== 切片硬件状态 ========================
切片号 | 所属安全域 | 当前状态    | 路扩展 | LRU touched
------------------------------------------------------------------
  0    |   域0      | 正常运行   |  是   |  634602443
  1    |   域2      | 正常运行   |  否   |  634602442
  2    |   域3      | 正常运行   |  否   |  634602437
  3    |   域0      | 正常运行   |  是   |  634602440
==================================================================

branch prediction, hits = 166602928, misses = 37017406, hit rate = 81.82%
return_stack prediction, hits = 19238137, misses = 17447, hit rate = 99.91%
jump prediction, hits = 164185328, misses = 39248541, hit rate = 80.71%
total IPC 3.152

=== Results saved to: ./results/gzip-program_2_gcc-166_1_gcc-integrate_1.txt ===
