测试组合（多线程优先）：gcc-scilab.arg2 + gzip-graphic.arg + gzip-log.arg
执行命令：./smtsim gcc-scilab.arg2 gzip-graphic.arg gzip-log.arg
==================================================

 dgelq2_ dgelqf_动态重分配参数：每10万周期检查，阈值5
Process 0, Thread 0: gcc-scilab
Process 0, Thread 1: gcc-scilab
Process 2, Thread 2: gzip-graphic
Process 3, Thread 3: gzip-log
[切片调度] 新安全域2无任何切片，尝试分配空闲切片
[切片管理] 成功绑定切片0 → 安全域2

======================== 切片硬件状态 ========================
切片号 | 所属安全域 | 当前状态    | 路扩展 | LRU touched
------------------------------------------------------------------
  0    |   域2      | 正常运行   |  否   |  0
  1    |   域-1     | 切片空闲   |  否   |  0
  2    |   域-1     | 切片空闲   |  否   |  0
  3    |   域-1     | 切片空闲   |  否   |  0
==================================================================

[切片管理] 成功绑定切片1 → 安全域2，触发【路扩展模式】

======================== 切片硬件状态 ========================
切片号 | 所属安全域 | 当前状态    | 路扩展 | LRU touched
------------------------------------------------------------------
  0    |   域2      | 正常运行   |  是   |  0
  1    |   域2      | 正常运行   |  是   |  0
  2    |   域-1     | 切片空闲   |  否   |  0
  3    |   域-1     | 切片空闲   |  否   |  0
==================================================================

[切片调度] 新安全域3无任何切片，尝试分配空闲切片
[切片管理] 成功绑定切片2 → 安全域3

======================== 切片硬件状态 ========================
切片号 | 所属安全域 | 当前状态    | 路扩展 | LRU touched
------------------------------------------------------------------
  0    |   域2      | 正常运行   |  是   |  753
  1    |   域2      | 正常运行   |  是   |  0
  2    |   域3      | 正常运行   |  否   |  0
  3    |   域-1     | 切片空闲   |  否   |  0
==================================================================

[切片管理] 成功绑定切片3 → 安全域3，触发【路扩展模式】

======================== 切片硬件状态 ========================
切片号 | 所属安全域 | 当前状态    | 路扩展 | LRU touched
------------------------------------------------------------------
  0    |   域2      | 正常运行   |  是   |  753
  1    |   域2      | 正常运行   |  是   |  0
  2    |   域3      | 正常运行   |  是   |  0
  3    |   域3      | 正常运行   |  是   |  0
==================================================================

[切片调度] 新安全域0无任何切片，尝试分配空闲切片
[切片调度] 新安全域0未找到空闲切片，尝试剥夺切片
[切片替换] 优先从【路扩展切片】中选择LRU替换目标...
[切片替换] 找到路扩展切片作为受害者：切片1（最后访问：0）
[切片调度] 安全域0触发切片剥夺：从域2剥夺切片1
[切片剥夺] 周期754：切片1（所属域2）进入待剥夺状态，禁止新替换
[切片剥夺] 周期754：切片1在途请求已清空，开始执行脏行写回
[切片剥夺] 周期754：切片1无脏行，直接完成剥夺
[切片管理] 周期754：原域2仅剩1个切片，关闭路扩展模式
[动态重分配] 周期754：切片1写回完成，自动绑定到域0
[切片管理] 成功绑定切片1 → 安全域0

======================== 切片硬件状态 ========================
切片号 | 所属安全域 | 当前状态    | 路扩展 | LRU touched
------------------------------------------------------------------
  0    |   域2      | 正常运行   |  否   |  754
  1    |   域0      | 正常运行   |  否   |  754
  2    |   域3      | 正常运行   |  是   |  753
  3    |   域3      | 正常运行   |  是   |  0
==================================================================

[切片唤醒] 周期754：域0切片就绪，唤醒等待指令

**** Debug Statistics at 1000000 Cycles *****
Threads: 4		Fetch Width: 8
No of useful instructions fetched:	336517 (4.21% proc util.)
No of total instructions fetched:	418248 (5.23% proc util.)
 includes 8514 misfetch (2.0%), 73217 (17.5%) wrong-path fetches
 and 0 flushed after failed lock(0.0%)
No of useful instructions issued/executed:	336466 (4.21% proc util.)
No of total instructions issued/executed:	372569 (4.66% proc util.)
 includes 36103 wrong-path (9.7%) insts and 0 flushed (0.0%)
	fp 42, 0.01%
	synch 0, 0.00%
	integer 218190, 58.56%
	load/store 154337, 41.43%
Avg size of int IQ (before scheduling): 48.80
Avg size of fp IQ (before scheduling): 0.00
No of cycles taken:		1000000
Parallelism [ 0.164, 0.000, 0.087, 0.085,] = 0.337
 IQ conflicts: 18591 (1.86%), FQ conflicts: 0 (0.00%) 
 I reg conflicts: 890606 (89.06%), FP reg conflicts: 0 (0.00%)
  Activelist confs: 0 (0.00%), ROB confs: 512 (0.05%)
  Int unit conflicts: 8369 (0.84%), FP unit conflicts: 0 (0.00%)
  Load/store unit conflicts: 75530 (7.55%)
  MSHR conflicts: 6226170 (622.62%)
----------------------------------------
==== System-wide Cache Statistics ====
Stall for miss queue full 0 cycles (0.00%)
----------------------------------------
==== Statistics for Master ID: 0 ====
Reads: 110194   Writes: 22345
ICACHE: size: 64 KB assoc: 2
ICACHE: hits:60734 misses:426  Hit Ratio: 99.30%
DCACHE: size: 1*16 KB assoc: 1*4
DCACHE: hits:70295 misses:1083 writebacks:110  Hit Ratio: 98.48%
SCACHE: size: 512 KB assoc: 2
SCACHE: hits:571 misses:938  Hit Ratio: 37.84%
3CACHE: size: 4096 KB assoc: 2
3CACHE: hits:14 misses:924  Hit Ratio: 1.49%
3CACHE: dirty items replaced:0
ITLB: size: 48, misses 9, miss rate 0.01%
DTLB: size: 128, misses 458, miss rate 0.64%
Avg mem delay: 100.164 cycles
----------------------------------------
==== Statistics for Master ID: 2 ====
Reads: 58430   Writes: 14275
ICACHE: size: 64 KB assoc: 2
ICACHE: hits:30495 misses:448  Hit Ratio: 98.55%
DCACHE: size: 1*16 KB assoc: 1*4
DCACHE: hits:28248 misses:13514 writebacks:13355  Hit Ratio: 67.64%
SCACHE: size: 512 KB assoc: 2
SCACHE: hits:223 misses:13739  Hit Ratio: 1.60%
3CACHE: size: 4096 KB assoc: 2
3CACHE: hits:17 misses:13721  Hit Ratio: 0.12%
3CACHE: dirty items replaced:0
ITLB: size: 48, misses 18, miss rate 0.06%
DTLB: size: 128, misses 3360, miss rate 8.05%
Avg mem delay: 100.164 cycles
----------------------------------------
==== Statistics for Master ID: 3 ====
Reads: 56474   Writes: 14002
ICACHE: size: 64 KB assoc: 2
ICACHE: hits:29186 misses:431  Hit Ratio: 98.54%
DCACHE: size: 2*16 KB assoc: 2*4
DCACHE: hits:27571 misses:13288 writebacks:13118  Hit Ratio: 67.48%
SCACHE: size: 512 KB assoc: 2
SCACHE: hits:218 misses:13501  Hit Ratio: 1.59%
3CACHE: size: 4096 KB assoc: 2
3CACHE: hits:14 misses:13485  Hit Ratio: 0.10%
3CACHE: dirty items replaced:0
ITLB: size: 48, misses 18, miss rate 0.06%
DTLB: size: 128, misses 3304, miss rate 8.09%
Avg mem delay: 100.164 cycles
----------------------------------------
==== Global Resource Utilization ====
STASH: size: 65536 entries, full 94037279, empty 5734732, misses 691776, full rate 93.60
icache bank util. 0.024 0.011 0.008 0.008 0.007 0.009 0.020 0.038 
dcache bank util. 0.010 0.005 0.032 0.008 0.013 0.012 0.225 0.013 
L2 bank util. 0.004 0.003 0.002 0.002 0.002 0.002 0.321 0.002 
L1-L2 bus util. = 0.167, L3 util. = 0.281
----------------------------------------

======================== 切片硬件状态 ========================
切片号 | 所属安全域 | 当前状态    | 路扩展 | LRU touched
------------------------------------------------------------------
  0    |   域2      | 正常运行   |  否   |  999968
  1    |   域0      | 正常运行   |  否   |  999964
  2    |   域3      | 正常运行   |  是   |  999952
  3    |   域3      | 正常运行   |  是   |  999963
==================================================================

branch prediction, hits = 28626, misses = 3597, hit rate = 88.84%
return_stack prediction, hits = 3810, misses = 18, hit rate = 99.53%
jump prediction, hits = 30813, misses = 1666, hit rate = 94.87%

======================== 切片硬件状态 ========================
切片号 | 所属安全域 | 当前状态    | 路扩展 | LRU touched
------------------------------------------------------------------
  0    |   域2      | 正常运行   |  否   |  31399998
  1    |   域0      | 正常运行   |  否   |  31399993
  2    |   域3      | 正常运行   |  是   |  31400000
  3    |   域3      | 正常运行   |  是   |  31399993
==================================================================

[动态重分配] 周期31400000：预约迁移 冗余域3(12%) -> 切片2 -> 饥饿域0(30%)
[切片剥夺] 周期31400000：切片2（所属域3）进入待剥夺状态，禁止新替换
[切片剥夺] 周期31400080：切片2在途请求已清空，开始执行脏行写回
[切片管理] 周期31403575：原域3仅剩1个切片，关闭路扩展模式
[动态重分配] 周期31403575：切片2写回完成，自动绑定到域0
[切片管理] 成功绑定切片2 → 安全域0，触发【路扩展模式】

======================== 切片硬件状态 ========================
切片号 | 所属安全域 | 当前状态    | 路扩展 | LRU touched
------------------------------------------------------------------
  0    |   域2      | 正常运行   |  否   |  31403562
  1    |   域0      | 正常运行   |  是   |  31403550
  2    |   域0      | 正常运行   |  是   |  31403575
  3    |   域3      | 正常运行   |  否   |  31403574
==================================================================


======================== 切片硬件状态 ========================
切片号 | 所属安全域 | 当前状态    | 路扩展 | LRU touched
------------------------------------------------------------------
  0    |   域2      | 正常运行   |  否   |  31599890
  1    |   域0      | 正常运行   |  是   |  31599967
  2    |   域0      | 正常运行   |  是   |  31599984
  3    |   域3      | 正常运行   |  否   |  31599995
==================================================================

[动态重分配] 周期31600000：预约迁移 冗余域0(2%) -> 切片1 -> 饥饿域3(12%)
[切片剥夺] 周期31600000：切片1（所属域0）进入待剥夺状态，禁止新替换
[切片剥夺] 周期31600000：切片1在途请求已清空，开始执行脏行写回
[切片管理] 周期31600170：原域0仅剩1个切片，关闭路扩展模式
[动态重分配] 周期31600170：切片1写回完成，自动绑定到域3
[切片管理] 成功绑定切片1 → 安全域3，触发【路扩展模式】

======================== 切片硬件状态 ========================
切片号 | 所属安全域 | 当前状态    | 路扩展 | LRU touched
------------------------------------------------------------------
  0    |   域2      | 正常运行   |  否   |  31599890
  1    |   域3      | 正常运行   |  是   |  31600170
  2    |   域0      | 正常运行   |  否   |  31599984
  3    |   域3      | 正常运行   |  是   |  31599995
==================================================================


======================== 切片硬件状态 ========================
切片号 | 所属安全域 | 当前状态    | 路扩展 | LRU touched
------------------------------------------------------------------
  0    |   域2      | 正常运行   |  否   |  33799918
  1    |   域3      | 正常运行   |  是   |  33798659
  2    |   域0      | 正常运行   |  否   |  33799913
  3    |   域3      | 正常运行   |  是   |  33799984
==================================================================

[动态重分配] 周期33800000：预约迁移 冗余域3(12%) -> 切片1 -> 饥饿域0(28%)
[切片剥夺] 周期33800000：切片1（所属域3）进入待剥夺状态，禁止新替换
[切片剥夺] 周期33800000：切片1在途请求已清空，开始执行脏行写回
[切片管理] 周期33803363：原域3仅剩1个切片，关闭路扩展模式
[动态重分配] 周期33803363：切片1写回完成，自动绑定到域0
[切片管理] 成功绑定切片1 → 安全域0，触发【路扩展模式】

======================== 切片硬件状态 ========================
切片号 | 所属安全域 | 当前状态    | 路扩展 | LRU touched
------------------------------------------------------------------
  0    |   域2      | 正常运行   |  否   |  33803314
  1    |   域0      | 正常运行   |  是   |  33803363
  2    |   域0      | 正常运行   |  是   |  33803311
  3    |   域3      | 正常运行   |  否   |  33803351
==================================================================


======================== 切片硬件状态 ========================
切片号 | 所属安全域 | 当前状态    | 路扩展 | LRU touched
------------------------------------------------------------------
  0    |   域2      | 正常运行   |  否   |  34099998
  1    |   域0      | 正常运行   |  是   |  34099993
  2    |   域0      | 正常运行   |  是   |  34099996
  3    |   域3      | 正常运行   |  否   |  34100000
==================================================================

[动态重分配] 周期34100000：预约迁移 冗余域0(1%) -> 切片2 -> 饥饿域3(12%)
[切片剥夺] 周期34100000：切片2（所属域0）进入待剥夺状态，禁止新替换
[切片剥夺] 周期34100000：切片2在途请求已清空，开始执行脏行写回
[切片管理] 周期34100260：原域0仅剩1个切片，关闭路扩展模式
[动态重分配] 周期34100260：切片2写回完成，自动绑定到域3
[切片管理] 成功绑定切片2 → 安全域3，触发【路扩展模式】

======================== 切片硬件状态 ========================
切片号 | 所属安全域 | 当前状态    | 路扩展 | LRU touched
------------------------------------------------------------------
  0    |   域2      | 正常运行   |  否   |  34099998
  1    |   域0      | 正常运行   |  否   |  34100016
  2    |   域3      | 正常运行   |  是   |  34100260
  3    |   域3      | 正常运行   |  是   |  34100003
==================================================================


======================== 切片硬件状态 ========================
切片号 | 所属安全域 | 当前状态    | 路扩展 | LRU touched
------------------------------------------------------------------
  0    |   域2      | 正常运行   |  否   |  42699993
  1    |   域0      | 正常运行   |  否   |  42699997
  2    |   域3      | 正常运行   |  是   |  42699992
  3    |   域3      | 正常运行   |  是   |  42697134
==================================================================

[动态重分配] 周期42700000：预约迁移 冗余域3(12%) -> 切片2 -> 饥饿域0(20%)
[切片剥夺] 周期42700000：切片2（所属域3）进入待剥夺状态，禁止新替换
[切片剥夺] 周期42700300：切片2在途请求已清空，开始执行脏行写回
[切片管理] 周期42705181：原域3仅剩1个切片，关闭路扩展模式
[动态重分配] 周期42705181：切片2写回完成，自动绑定到域0
[切片管理] 成功绑定切片2 → 安全域0，触发【路扩展模式】

======================== 切片硬件状态 ========================
切片号 | 所属安全域 | 当前状态    | 路扩展 | LRU touched
------------------------------------------------------------------
  0    |   域2      | 正常运行   |  否   |  42705165
  1    |   域0      | 正常运行   |  是   |  42705141
  2    |   域0      | 正常运行   |  是   |  42705181
  3    |   域3      | 正常运行   |  否   |  42705176
==================================================================


======================== 切片硬件状态 ========================
切片号 | 所属安全域 | 当前状态    | 路扩展 | LRU touched
------------------------------------------------------------------
  0    |   域2      | 正常运行   |  否   |  42899940
  1    |   域0      | 正常运行   |  是   |  42899931
  2    |   域0      | 正常运行   |  是   |  42899926
  3    |   域3      | 正常运行   |  否   |  42899925
==================================================================

[动态重分配] 周期42900000：预约迁移 冗余域0(4%) -> 切片1 -> 饥饿域3(12%)
[切片剥夺] 周期42900000：切片1（所属域0）进入待剥夺状态，禁止新替换
[切片剥夺] 周期42900000：切片1在途请求已清空，开始执行脏行写回
[切片管理] 周期42900152：原域0仅剩1个切片，关闭路扩展模式
[动态重分配] 周期42900152：切片1写回完成，自动绑定到域3
[切片管理] 成功绑定切片1 → 安全域3，触发【路扩展模式】

======================== 切片硬件状态 ========================
切片号 | 所属安全域 | 当前状态    | 路扩展 | LRU touched
------------------------------------------------------------------
  0    |   域2      | 正常运行   |  否   |  42900054
  1    |   域3      | 正常运行   |  是   |  42900152
  2    |   域0      | 正常运行   |  否   |  42900055
  3    |   域3      | 正常运行   |  是   |  42900149
==================================================================


======================== 切片硬件状态 ========================
切片号 | 所属安全域 | 当前状态    | 路扩展 | LRU touched
------------------------------------------------------------------
  0    |   域2      | 正常运行   |  否   |  43599933
  1    |   域3      | 正常运行   |  是   |  43577751
  2    |   域0      | 正常运行   |  否   |  43599722
  3    |   域3      | 正常运行   |  是   |  43599904
==================================================================

[动态重分配] 周期43600000：预约迁移 冗余域3(12%) -> 切片1 -> 饥饿域0(33%)
[切片剥夺] 周期43600000：切片1（所属域3）进入待剥夺状态，禁止新替换
[切片剥夺] 周期43600000：切片1在途请求已清空，开始执行脏行写回
[切片管理] 周期43603284：原域3仅剩1个切片，关闭路扩展模式
[动态重分配] 周期43603284：切片1写回完成，自动绑定到域0
[切片管理] 成功绑定切片1 → 安全域0，触发【路扩展模式】

======================== 切片硬件状态 ========================
切片号 | 所属安全域 | 当前状态    | 路扩展 | LRU touched
------------------------------------------------------------------
  0    |   域2      | 正常运行   |  否   |  43603262
  1    |   域0      | 正常运行   |  是   |  43603284
  2    |   域0      | 正常运行   |  是   |  43603261
  3    |   域3      | 正常运行   |  否   |  43603271
==================================================================


======================== 切片硬件状态 ========================
切片号 | 所属安全域 | 当前状态    | 路扩展 | LRU touched
------------------------------------------------------------------
  0    |   域2      | 正常运行   |  否   |  43799991
  1    |   域0      | 正常运行   |  是   |  43799987
  2    |   域0      | 正常运行   |  是   |  43799705
  3    |   域3      | 正常运行   |  否   |  43799988
==================================================================

[动态重分配] 周期43800000：预约迁移 冗余域0(0%) -> 切片2 -> 饥饿域2(12%)
[切片剥夺] 周期43800000：切片2（所属域0）进入待剥夺状态，禁止新替换
[切片剥夺] 周期43800000：切片2在途请求已清空，开始执行脏行写回
[切片管理] 周期43800107：原域0仅剩1个切片，关闭路扩展模式
[动态重分配] 周期43800107：切片2写回完成，自动绑定到域2
[切片管理] 成功绑定切片2 → 安全域2，触发【路扩展模式】

======================== 切片硬件状态 ========================
切片号 | 所属安全域 | 当前状态    | 路扩展 | LRU touched
------------------------------------------------------------------
  0    |   域2      | 正常运行   |  是   |  43799991
  1    |   域0      | 正常运行   |  否   |  43800107
  2    |   域2      | 正常运行   |  是   |  43800107
  3    |   域3      | 正常运行   |  否   |  43799988
======================================== dgels_==========================


======================== 切片硬件状态 ========================
切片号 | 所属安全域 | 当前状态    | 路扩展 | LRU touched
------------------------------------------------------------------
  0    |   域2      | 正常运行   |  是   |  92699965
  1    |   域0      | 正常运行   |  否   |  92699935
  2    |   域2      | 正常运行   |  是   |  92699559
  3    |   域3      | 正常运行   |  否   |  92699960
==================================================================

[动态重分配] 周期92700000：预约迁移 冗余域2(12%) -> 切片0 -> 饥饿域0(45%)
[切片剥夺] 周期92700000：切片0（所属域2）进入待剥夺状态，禁止新替换
[切片剥夺] 周期92700156：切片0在途请求已清空，开始执行脏行写回
[切片管理] 周期92716329：原域2仅剩1个切片，关闭路扩展模式
[动态重分配] 周期92716329：切片0写回完成，自动绑定到域0
[切片管理] 成功绑定切片0 → 安全域0，触发【路扩展模式】

======================== 切片硬件状态 ========================
切片号 | 所属安全域 | 当前状态    | 路扩展 | LRU touched
------------------------------------------------------------------
  0    |   域0      | 正常运行   |  是   |  92716329
  1    |   域0      | 正常运行   |  是   |  92716288
  2    |   域2      | 正常运行   |  否   |  92716289
  3    |   域3      | 正常运行   |  否   |  92716316
==================================================================


======================== 切片硬件状态 ========================
切片号 | 所属安全域 | 当前状态    | 路扩展 | LRU touched
------------------------------------------------------------------
  0    |   域0      | 正常运行   |  是   |  93199915
  1    |   域0      | 正常运行   |  是   |  93199999
  2    |   域2      | 正常运行   |  否   |  93199976
  3    |   域3      | 正常运行   |  否   |  93199999
==================================================================

[动态重分配] 周期93200000：预约迁移 冗余域0(1%) -> 切片1 -> 饥饿域2(12%)
[切片剥夺] 周期93200000：切片1（所属域0）进入待剥夺状态，禁止新替换
[切片剥夺] 周期93200036：切片1在途请求已清空，开始执行脏行写回
[切片管理] 周期93200737：原域0仅剩1个切片，关闭路扩展模式
[动态重分配] 周期93200737：切片1写回完成，自动绑定到域2
[切片管理] 成功绑定切片1 → 安全域2，触发【路扩展模式】

======================== 切片硬件状态 ========================
切片号 | 所属安全域 | 当前状态    | 路扩展 | LRU touched
------------------------------------------------------------------
  0    |   域0      | 正常运行   |  否   |  93200728
  1    |   域2      | 正常运行   |  是   |  93200737
  2    |   域2      | 正常运行   |  是   |  93200727
  3    |   域3      | 正常运行   |  否   |  93200737
==================================================================


**** Debug Statistics at 101000000 Cycles *****
Threads: 4		Fetch Width: 8
No of useful instructions fetched:	75339372 (9.32% proc util.)
No of total instructions fetched:	85843238 (10.62% proc util.)
 includes 2210785 misfetch (2.6%), 8293081 (9.7%) wrong-path fetches
 and 0 flushed after failed lock(0.0%)
No of useful instructions issued/executed:	75339322 (9.32% proc util.)
No of total instructions issued/executed:	79041554 (9.78% proc util.)
 includes 3702232 wrong-path (4.7%) insts and 0 flushed (0.0%)
	fp 4631, 0.01%
	synch 0, 0.00%
	integer 52705090, 66.68%
	load/store 26331833, 33.31%
Avg size of int IQ (before scheduling): 24.20
Avg size of fp IQ (before scheduling): 0.00
No of cycles taken:		101000000
Parallelism [ 0.280, 0.000, 0.230, 0.236,] = 0.746
 IQ conflicts: 686349 (0.68%), FQ conflicts: 0 (0.00%) 
 I reg conflicts: 87483925 (86.62%), FP reg conflicts: 0 (0.00%)
  Activelist confs: 0 (0.00%), ROB confs: 512 (0.00%)
  Int unit conflicts: 5241692 (5.19%), FP unit conflicts: 0 (0.00%)
  Load/store unit conflicts: 3676618 (3.64%)
  MSHR conflicts: 215276844 (213.15%)
----------------------------------------
==== System-wide Cache Statistics ====
Stall for miss queue full 559 cycles (0.00%)
----------------------------------------
==== Statistics for Master ID: 0 ====
Reads: 18648550   Writes: 3662310
ICACHE: size: 64 KB assoc: 2
ICACHE: hits:10488448 misses:156401  Hit Ratio: 98.53%
DCACHE: size: 1*16 KB assoc: 1*4
DCACHE: hits:11376522 misses:289800 writebacks:82188  Hit Ratio: 97.52%
SCACHE: size: 512 KB assoc: 2
SCACHE: hits:200866 misses:245023  Hit Ratio: 45.05%
3CACHE: size: 4096 KB assoc: 2
3CACHE: hits:154846 misses:90177  Hit Ratio: 63.20%
3CACHE: dirty items replaced:3048
ITLB: size: 48, misses 14361, miss rate 0.13%
DTLB: size: 128, misses 18597, miss rate 0.16%
Avg mem delay: 22.243 cycles
----------------------------------------
==== Statistics for Master ID: 2 ====
Reads: 10040678   Writes: 3446756
ICACHE: size: 64 KB assoc: 2
ICACHE: hits:6402405 misses:6638  Hit Ratio: 99.90%
DCACHE: size: 2*16 KB assoc: 2*4
DCACHE: hits:6078595 misses:999924 writebacks:591818  Hit Ratio: 85.87%
SCACHE: size: 512 KB assoc: 2
SCACHE: hits:5718 misses:1000716  Hit Ratio: 0.57%
3CACHE: size: 4096 KB assoc: 2
3CACHE: hits:392 misses:1000324  Hit Ratio: 0.04%
3CACHE: dirty items replaced:18923
ITLB: size: 48, misses 45, miss rate 0.00%
DTLB: size: 128, misses 58892, miss rate 0.83%
Avg mem delay: 22.243 cycles
----------------------------------------
==== Statistics for Master ID: 3 ====
Reads: 10304242   Writes: 3696043
ICACHE: size: 64 KB assoc: 2
ICACHE: hits:6416772 misses:6721  Hit Ratio: 99.90%
DCACHE: size: 1*16 KB assoc: 1*4
DCACHE: hits:6514652 misses:1062650 writebacks:623128  Hit Ratio: 85.98%
SCACHE: size: 512 KB assoc: 2
SCACHE: hits:5801 misses:1063060  Hit Ratio: 0.54%
3CACHE: size: 4096 KB assoc: 2
3CACHE: hits:398 misses:1062662  Hit Ratio: 0.04%
3CACHE: dirty items replaced:23271
ITLB: size: 48, misses 44, miss rate 0.00%
DTLB: size: 128, misses 59864, miss rate 0.79%
Avg mem delay: 22.243 cycles
----------------------------------------
==== Global Resource Utilization ====
STASH: size: 65536 entries, full 182046787, empty 8638522, misses 952644, full rate 95.00
icache bank util. 0.026 0.014 0.015 0.015 0.014 0.084 0.025 0.045 
dcache bank util. 0.040 0.041 0.047 0.045 0.043 0.040 0.051 0.061 
L2 bank util. 0.027 0.026 0.026 0.026 0.026 0.026 0.042 0.056 
L1-L2 bus util. = 0.113, L3 util. = 0.213
----------------------------------------

======================== 切片硬件状态 ========================
切片号 | 所属安全域 | 当前状态    | 路扩展 | LRU touched
------------------------------------------------------------------
  0    |   域0      | 正常运行   |  否   |  100999989
  1    |   域2      | 正常运行   |  是   |  100986111
  2    |   域2      | 正常运行   |  是   |  100999964
  3    |   域3      | 正常运行   |  否   |  100999990
==================================================================

branch prediction, hits = 9996970, misses = 483231, hit rate = 95.39%
return_stack prediction, hits = 392256, misses = 1199, hit rate = 99.70%
jump prediction, hits = 9911349, misses = 588439, hit rate = 94.40%

======================== 切片硬件状态 ========================
切片号 | 所属安全域 | 当前状态    | 路扩展 | LRU touched
------------------------------------------------------------------
  0    |   域0      | 正常运行   |  否   |  103799986
  1    |   域2      | 正常运行   |  是   |  103798956
  2    |   域2      | 正常运行   |  是   |  103799997
  3    |   域3      | 正常运行   |  否   |  103799951
==================================================================

[动态重分配] 周期103800000：预约迁移 冗余域2(12%) -> 切片1 -> 饥饿域0(34%)
[切片剥夺] 周期103800000：切片1（所属域2）进入待剥夺状态，禁止新替换
[切片剥夺] 周期103800000：切片1在途请求已清空，开始执行脏行写回
[切片管理] 周期103804371：原域2仅剩1个切片，关闭路扩展模式
[动态重分配] 周期103804371：切片1写回完成，自动绑定到域0
[切片管理] 成功绑定切片1 → 安全域0，触发【路扩展模式】

======================== 切片硬件状态 ========================
切片号 | 所属安全域 | 当前状态    | 路扩展 | LRU touched
------------------------------------------------------------------
  0    |   域0      | 正常运行   |  是   |  103804364
  1    |   域0      | 正常运行   |  是   |  103804371
  2    |   域2      | 正常运行   |  否   |  103804362
  3    |   域3      | 正常运行   |  否   |  103804361
==================================================================


======================== 切片硬件状态 ========================
切片号 | 所属安全域 | 当前状态    | 路扩展 | LRU touched
------------------------------------------------------------------
  0    |   域0      | 正常运行   |  是   |  104399951
  1    |   域0      | 正常运行   |  是   |  104399965
  2    |   域2      | 正常运行   |  否   |  104399946
  3    |   域3      | 正常运行   |  否   |  104399971
==================================================================

[动态重分配] 周期104400000：预约迁移 冗余域0(2%) -> 切片0 -> 饥饿域2(12%)
[切片剥夺] 周期104400000：切片0（所属域0）进入待剥夺状态，禁止新替换
[切片剥夺] 周期104400000：切片0在途请求已清空，开始执行脏行写回
[切片管理] 周期104400185：原域0仅剩1个切片，关闭路扩展模式
[动态重分配] 周期104400185：切片0写回完成，自动绑定到域2
[切片管理] 成功绑定切片0 → 安全域2，触发【路扩展模式】

======================== 切片硬件状态 ========================
切片号 | 所属安全域 | 当前状态    | 路扩展 | LRU touched
------------------------------------------------------------------
  0    |   域2      | 正常运行   |  是   |  104400185
  1    |   域0      | 正常运行   |  否   |  104400044
  2    |   域2      | 正常运行   |  是   |  104400044
  3    |   域3      | 正常运行   |  否   |  104400003
==================================================================


======================== 切片硬件状态 ========================
切片号 | 所属安全域 | 当前状态    | 路扩展 | LRU touched
------------------------------------------------------------------
  0    |   域2      | 正常运行   |  是   |  106599988
  1    |   域0      | 正常运行   |  否   |  106599989
  2    |   域2      | 正常运行   |  是   |  106579412
  3    |   域3      | 正常运行   |  否   |  106599988
==================================================================

[动态重分配] 周期106600000：预约迁移 冗余域2(12%) -> 切片0 -> 饥饿域0(32%)
[切片剥夺] 周期106600000：切片0（所属域2）进入待剥夺状态，禁止新替换
[切片剥夺] 周期106600228：切片0在途请求已清空，开始执行脏行写回
[切片管理] 周期106603761：原域2仅剩1个切片，关闭路扩展模式
[动态重分配] 周期106603761：切片0写回完成，自动绑定到域0
[切片管理] 成功绑定切片0 → 安全域0，触发【路扩展模式】

======================== 切片硬件状态 ========================
切片号 | 所属安全域 | 当前状态    | 路扩展 | LRU touched
------------------------------------------------------------------
  0    |   域0      | 正常运行   |  是   |  106603761
  1    |   域0      | 正常运行   |  是   |  106603650
  2    |   域2      | 正常运行   |  否   |  106603753
  3    |   域3      | 正常运行   |  否   |  106603752
==================================================================


======================== 切片硬件状态 ========================
切片号 | 所属安全域 | 当前状态    | 路扩展 | LRU touched
------------------------------------------------------------------
  0    |   域0      | 正常运行   |  是   |  107399943
  1    |   域0      | 正常运行   |  是   |  107399947
  2    |   域2      | 正常运行   |  否   |  107399947
  3    |   域3      | 正常运行   |  否   |  107399946
==================================================================

[动态重分配] 周期107400000：预约迁移 冗余域0(6%) -> 切片1 -> 饥饿域3(12%)
[切片剥夺] 周期107400000：切片1（所属域0）进入待剥夺状态，禁止新替换
[切片剥夺] 周期107400000：切片1在途请求已清空，开始执行脏行写回
[切片管理] 周期107400059：原域0仅剩1个切片，关闭路扩展模式
[动态重分配] 周期107400059：切片1写回完成，自动绑定到域3
[切片管理] 成功绑定切片1 → 安全域3，触发【路扩展模式】

======================== 切片硬件状态 ========================
切片号 | 所属安全域 | 当前状态    | 路扩展 | LRU touched
------------------------------------------------------------------
  0    |   域0      | 正常运行   |  否   |  107399943
  1    |   域3      | 正常运行   |  是   |  107400059
  2    |   域2      | 正常运行   |  否   |  107399947
  3    |   域3      | 正常运行   |  是   |  107400053
==================================================================


======================== 切片硬件状态 ========================
切片号 | 所属安全域 | 当前状态    | 路扩展 | LRU touched
------------------------------------------------------------------
  0    |   域0      | 正常运行   |  否   |  110299966
  1    |   域3      | 正常运行   |  是   |  110299943
  2    |   域2      | 正常运行   |  否   |  110299970
  3    |   域3      | 正常运行   |  是   |  110296464
==================================================================

[动态重分配] 周期110300000：预约迁移 冗余域3(12%) -> 切片1 -> 饥饿域0(39%)
[切片剥夺] 周期110300000：切片1（所属域3）进入待剥夺状态，禁止新替换
[切片剥夺] 周期110300172：切片1在途请求已清空，开始执行脏行写回
[切片管理] 周期110306169：原域3仅剩1个切片，关闭路扩展模式
[动态重分配] 周期110306169：切片1写回完成，自动绑定到域0
[切片管理] 成功绑定切片1 → 安全域0，触发【路扩展模式】

======================== 切片硬件状态 ========================
切片号 | 所属安全域 | 当前状态    | 路扩展 | LRU touched
------------------------------------------------------------------
  0    |   域0      | 正常运行   |  是   |  110306157
  1    |   域0      | 正常运行   |  是   |  110306169
  2    |   域2      | 正常运行   |  否   |  110306159
  3    |   域3      | 正常运行   |  否   |  110306159
==================================================================


======================== 切片硬件状态 ========================
切片号 | 所属安全域 | 当前状态    | 路扩展 | LRU touched
------------------------------------------------------------------
  0    |   域0      | 正常运行   |  是   |  110499999
  1    |   域0      | 正常运行   |  是   |  110499999
  2    |   域2      | 正常运行   |  否   |  110499999
  3    |   域3      | 正常运行   |  否   |  110499999
==================================================================

[动态重分配] 周期110500000：预约迁移 冗余域0(6%) -> 切片0 -> 饥饿域2(12%)
[切片剥夺] 周期110500000：切片0（所属域0）进入待剥夺状态，禁止新替换
[切片剥夺] 周期110500000：切片0在途请求已清空，开始执行脏行写回
[切片管理] 周期110502313：原域0仅剩1个切片，关闭路扩展模式
[动态重分配] 周期110502313：切片0写回完成，自动绑定到域2
[切片管理] 成功绑定切片0 → 安全域2，触发【路扩展模式】

======================== 切片硬件状态 ========================
切片号 | 所属安全域 | 当前状态    | 路扩展 | LRU touched
------------------------------------------------------------------
  0    |   域2      | 正常运行   |  是   |  110502313
  1    |   域0      | 正常运行   |  否   |  110502296
  2    |   域2      | 正常运行   |  是   |  110502298
  3    |   域3      | 正常运行   |  否   |  110502288
==================================================================


======================== 切片硬件状态 ========================
切片号 | 所属安全域 | 当前状态    | 路扩展 | LRU touched
------------------------------------------------------------------
  0    |   域2      | 正常运行   |  是   |  116899970
  1    |   域0      | 正常运行   |  否   |  116899964
  2    |   域2      | 正常运行   |  是   |  116879888
  3    |   域3      | 正常运行   |  否   |  116900000
==================================================================

[动态重分配] 周期116900000：预约迁移 冗余域2(12%) -> 切片0 -> 饥饿域0(23%)
[切片剥夺] 周期116900000：切片0（所属域2）进入待剥夺状态，禁止新替换
[切片剥夺] 周期116900200：切片0在途请求已清空，开始执行脏行写回
[切片管理] 周期116902735：原域2仅剩1个切片，关闭路扩展模式
[动态重分配] 周期116902735：切片0写回完成，自动绑定到域0
[切片管理] 成功绑定切片0 → 安全域0，触发【路扩展模式】

======================== 切片硬件状态 ========================
切片号 | 所属安全域 | 当前状态    | 路扩展 | LRU touched
------------------------------------------------------------------
  0    |   域0      | 正常运行   |  是   |  116902735
  1    |   域0      | 正常运行   |  是   |  116902723
  2    |   域2      | 正常运行   |  否   |  116902722
  3    |   域3      | 正常运行   |  否   |  116902730
==================================================================


======================== 切片硬件状态 ========================
切片号 | 所属安全域 | 当前状态    | 路扩展 | LRU touched
------------------------------------------------------------------
  0    |   域0      | 正常运行   |  是   |  117199972
  1    |   域0      | 正常运行   |  是   |  117199972
  2    |   域2      | 正常运行   |  否   |  117199971
  3    |   域3      | 正常运行   |  否   |  117199979
==================================================================

[动态重分配] 周期117200000：预约迁移 冗余域0(2%) -> 切片1 -> 饥饿域2(12%)
[切片剥夺] 周期117200000：切片1（所属域0）进入待剥夺状态，禁止新替换
[切片剥夺] 周期117200148：切片1在途请求已清空，开始执行脏行写回
[切片管理] 周期117203281：原域0仅剩1个切片，关闭路扩展模式
[动态重分配] 周期117203281：切片1写回完成，自动绑定到域2
[切片管理] 成功绑定切片1 → 安全域2，触发【路扩展模式】

======================== 切片硬件状态 ========================
切片号 | 所属安全域 | 当前状态    | 路扩展 | LRU touched
------------------------------------------------------------------
  0    |   域0      | 正常运行   |  否   |  117203275
  1    |   域2      | 正常运行   |  是   |  117203281
  2    |   域2      | 正常运行   |  是   |  117203275
  3    |   域3      | 正常运行   |  否   |  117203272
==================================================================


======================== 切片硬件状态 ========================
切片号 | 所属安全域 | 当前状态    | 路扩展 | LRU touched
------------------------------------------------------------------
  0    |   域0      | 正常运行   |  否   |  198299921
  1    |   域2      | 正常运行   |  是   |  198299964
  2    |   域2      | 正常运行   |  是   |  198299874
  3    |   域3      | 正常运行   |  否   |  198299953
==================================================================

[动态重分配] 周期198300000：预约迁移 冗余域2(6%) -> 切片2 -> 饥饿域3(25%)
[切片剥夺] 周期198300000：切片2（所属域2）进入待剥夺状态，禁止新替换
[切片剥夺] 周期198300340：切片2在途请求已清空，开始执行脏行写回
[切片管理] 周期198312200：原域2仅剩1个切片，关闭路扩展模式
[动态重分配] 周期198312200：切片2写回完成，自动绑定到域3
[切片管理] 成功绑定切片2 → 安全域3，触发【路扩展模式】

======================== 切片硬件状态 ========================
切片号 | 所属安全域 | 当前状态    | 路扩展 | LRU touched
------------------------------------------------------------------
  0    |   域0      | 正常运行   |  否   |  198312184
  1    |   域2      | 正常运行   |  否   |  198312186
  2    |   域3      | 正常运行   |  是   |  198312200
  3    |   域3      | 正常运行   |  是   |  198312139
==================================================================


======================== 切片硬件状态 ========================
切片号 | 所属安全域 | 当前状态    | 路扩展 | LRU touched
------------------------------------------------------------------
  0    |   域0      | 正常运行   |  否   |  199199992
  1    |   域2      | 正常运行   |  否   |  199199999
  2    |   域3      | 正常运行   |  是   |  199199989
  3    |   域3      | 正常运行   |  是   |  199199997
==================================================================

[动态重分配] 周期199200000：预约迁移 冗余域3(0%) -> 切片2 -> 饥饿域0(6%)
[切片剥夺] 周期199200000：切片2（所属域3）进入待剥夺状态，禁止新替换
[切片剥夺] 周期199200000：切片2在途请求已清空，开始执行脏行写回
[切片剥夺] 周期199200000：切片2无脏行，直接完成剥夺
[切片管理] 周期199200001：原域3仅剩1个切片，关闭路扩展模式
[动态重分配] 周期199200001：切片2写回完成，自动绑定到域0
[切片管理] 成功绑定切片2 → 安全域0，触发【路扩展模式】

======================== 切片硬件状态 ========================
切片号 | 所属安全域 | 当前状态    | 路扩展 | LRU touched
------------------------------------------------------------------
  0    |   域0      | 正常运行   |  是   |  199199992
  1    |   域2      | 正常运行   |  否   |  199199999
  2    |   域0      | 正常运行   |  是   |  199200001
  3    |   域3      | 正常运行   |  否   |  199200001
==================================================================


**** Debug Statistics at 201000000 Cycles *****
Threads: 4		Fetch Width: 8
No of useful instructions fetched:	156754398 (9.75% proc util.)
No of total instructions fetched:	183861614 (11.43% proc util.)
 includes 6554745 misfetch (3.6%), 20552471 (11.2%) wrong-path fetches
 and 0 flushed after failed lock(0.0%)
No of useful instructions issued/executed:	156754367 (9.75% proc util.)
No of total instructions issued/executed:	165436489 (10.29% proc util.)
 includes 8682122 wrong-path (5.2%) insts and 0 flushed (0.0%)
	fp 4668, 0.00%
	synch 0, 0.00%
	integer 109129040, 65.96%
	load/store 56302781, 34.03%
Avg size of int IQ (before scheduling): 21.42
Avg size of fp IQ (before scheduling): 0.00
No of cycles taken:		201000000
Parallelism [ 0.279, 0.000, 0.249, 0.252,] = 0.780
 IQ conflicts: 1132412 (0.56%), FQ conflicts: 0 (0.00%) 
 I reg conflicts: 172562683 (85.85%), FP reg conflicts: 0 (0.00%)
  Activelist confs: 0 (0.00%), ROB confs: 1772 (0.00%)
  Int unit conflicts: 14503125 (7.22%), FP unit conflicts: 0 (0.00%)
  Load/store unit conflicts: 7963775 (3.96%)
  MSHR conflicts: 425504905 (211.69%)
----------------------------------------
==== System-wide Cache Statistics ====
Stall for miss queue full 1377 cycles (0.00%)
----------------------------------------
==== Statistics for Master ID: 0 ====
Reads: 39852472   Writes: 7498661
ICACHE: size: 64 KB assoc: 2
ICACHE: hits:22838526 misses:284434  Hit Ratio: 98.77%
DCACHE: size: 2*16 KB assoc: 2*4
DCACHE: hits:23510674 misses:718156 writebacks:221327  Hit Ratio: 97.04%
SCACHE: size: 512 KB assoc: 2
SCACHE: hits:512121 misses:489811  Hit Ratio: 51.11%
3CACHE: size: 4096 KB assoc: 2
3CACHE: hits:345429 misses:144382  Hit Ratio: 70.52%
3CACHE: dirty items replaced:15520
ITLB: size: 48, misses 14565, miss rate 0.06%
DTLB: size: 128, misses 36415, miss rate 0.15%
Avg mem delay: 17.793 cycles
----------------------------------------
==== Statistics for Master ID: 2 ====
Reads: 21719194   Writes: 7489099
ICACHE: size: 64 KB assoc: 2
ICACHE: hits:13353412 misses:18056  Hit Ratio: 99.86%
DCACHE: size: 1*16 KB assoc: 1*4
DCACHE: hits:13799323 misses:2038124 writebacks:1084631  Hit Ratio: 87.13%
SCACHE: size: 512 KB assoc: 2
SCACHE: hits:40636 misses:2014922  Hit Ratio: 1.98%
3CACHE: size: 4096 KB assoc: 2
3CACHE: hits:4685 misses:2010237  Hit Ratio: 0.23%
3CACHE: dirty items replaced:71299
ITLB: size: 48, misses 82, miss rate 0.00%
DTLB: size: 128, misses 89567, miss rate 0.57%
Avg mem delay: 17.793 cycles
----------------------------------------
==== Statistics for Master ID: 3 ====
Reads: 21729838   Writes: 7705545
ICACHE: size: 64 KB assoc: 2
ICACHE: hits:13231224 misses:18136  Hit Ratio: 99.86%
DCACHE: size: 1*16 KB assoc: 1*4
DCACHE: hits:14091165 misses:2095496 writebacks:1110126  Hit Ratio: 87.05%
SCACHE: size: 512 KB assoc: 2
SCACHE: hits:28736 misses:2084258  Hit Ratio: 1.36%
3CACHE: size: 4096 KB assoc: 2
3CACHE: hits:3215 misses:2081043  Hit Ratio: 0.15%
3CACHE: dirty items replaced:77736
ITLB: size: 48, misses 81, miss rate 0.00%
DTLB: size: 128, misses 91425, miss rate 0.56%
Avg mem delay: 17.793 cycles
----------------------------------------
==== Global Resource Utilization ====
STASH: size: 65536 entries, full 282833274, empty 11481090, misses 1218251, full rate 95.70
icache bank util. 0.027 0.017 0.015 0.017 0.019 0.104 0.021 0.032 
dcache bank util. 0.044 0.046 0.048 0.050 0.052 0.045 0.050 0.054 
L2 bank util. 0.029 0.029 0.029 0.029 0.029 0.029 0.037 0.044 
L1-L2 bus util. = 0.113, L3 util. = 0.211
----------------------------------------

======================== 切片硬件状态 ========================
切片号 | 所属安全域 | 当前状态    | 路扩展 | LRU touched
------------------------------------------------------------------
  0    |   域0      | 正常运行   |  是   |  200999991
  1    |   域2      | 正常运行   |  否   |  200999996
  2    |   域0      | 正常运行   |  是   |  200999999
  3    |   域3      | 正常运行   |  否   |  200999994
==================================================================

branch prediction, hits = 21474192, misses = 1284318, hit rate = 94.36%
return_stack prediction, hits = 820371, misses = 1215, hit rate = 99.85%
jump prediction, hits = 20761652, misses = 1665030, hit rate = 92.58%

======================== 切片硬件状态 ========================
切片号 | 所属安全域 | 当前状态    | 路扩展 | LRU touched
------------------------------------------------------------------
  0    |   域0      | 正常运行   |  是   |  207599999
  1    |   域2      | 正常运行   |  否   |  207600000
  2    |   域0      | 正常运行   |  是   |  207599997
  3    |   域3      | 正常运行   |  否   |  207600000
==================================================================

[动态重分配] 周期207600000：预约迁移 冗余域0(0%) -> 切片0 -> 饥饿域2(6%)
[切片剥夺] 周期207600000：切片0（所属域0）进入待剥夺状态，禁止新替换
[切片剥夺] 周期207600000：切片0在途请求已清空，开始执行脏行写回
[切片管理] 周期207601033：原域0仅剩1个切片，关闭路扩展模式
[动态重分配] 周期207601033：切片0写回完成，自动绑定到域2
[切片管理] 成功绑定切片0 → 安全域2，触发【路扩展模式】

======================== 切片硬件状态 ========================
切片号 | 所属安全域 | 当前状态    | 路扩展 | LRU touched
------------------------------------------------------------------
  0    |   域2      | 正常运行   |  是   |  207601033
  1    |   域2      | 正常运行   |  是   |  207601032
  2    |   域0      | 正常运行   |  否   |  207601033
  3    |   域3      | 正常运行   |  否   |  207601033
==================================================================


======================== 切片硬件状态 ========================
切片号 | 所属安全域 | 当前状态    | 路扩展 | LRU touched
------------------------------------------------------------------
  0    |   域2      | 正常运行   |  是   |  210499996
  1    |   域2      | 正常运行   |  是   |  210499998
  2    |   域0      | 正常运行   |  否   |  210500000
  3    |   域3      | 正常运行   |  否   |  210499995
==================================================================

[动态重分配] 周期210500000：预约迁移 冗余域2(0%) -> 切片0 -> 饥饿域0(6%)
[切片剥夺] 周期210500000：切片0（所属域2）进入待剥夺状态，禁止新替换
[切片剥夺] 周期210500000：切片0在途请求已清空，开始执行脏行写回
[切片管理] 周期210500799：原域2仅剩1个切片，关闭路扩展模式
[动态重分配] 周期210500799：切片0写回完成，自动绑定到域0
[切片管理] 成功绑定切片0 → 安全域0，触发【路扩展模式】

======================== 切片硬件状态 ========================
切片号 | 所属安全域 | 当前状态    | 路扩展 | LRU touched
------------------------------------------------------------------
  0    |   域0      | 正常运行   |  是   |  210500799
  1    |   域2      | 正常运行   |  否   |  210500785
  2    |   域0      | 正常运行   |  是   |  210500799
  3    |   域3      | 正常运行   |  否   |  210500796
==================================================================


======================== 切片硬件状态 ========================
切片号 | 所属安全域 | 当前状态    | 路扩展 | LRU touched
------------------------------------------------------------------
  0    |   域0      | 正常运行   |  是   |  211199986
  1    |   域2      | 正常运行   |  否   |  211199998
  2    |   域0      | 正常运行   |  是   |  211200000
  3    |   域3      | 正常运行   |  否   |  211200000
==================================================================

[动态重分配] 周期211200000：预约迁移 冗余域0(0%) -> 切片0 -> 饥饿域3(6%)
[切片剥夺] 周期211200000：切片0（所属域0）进入待剥夺状态，禁止新替换
[切片剥夺] 周期211200000：切片0在途请求已清空，开始执行脏行写回
[切片管理] 周期211201794：原域0仅剩1个切片，关闭路扩展模式
[动态重分配] 周期211201794：切片0写回完成，自动绑定到域3
[切片管理] 成功绑定切片0 → 安全域3，触发【路扩展模式】

======================== 切片硬件状态 ========================
切片号 | 所属安全域 | 当前状态    | 路扩展 | LRU touched
------------------------------------------------------------------
  0    |   域3      | 正常运行   |  是   |  211201794
  1    |   域2      | 正常运行   |  否   |  211201769
  2    |   域0      | 正常运行   |  否   |  211201792
  3    |   域3      | 正常运行   |  是   |  211201793
==================================================================


======================== 切片硬件状态 ========================
切片号 | 所属安全域 | 当前状态    | 路扩展 | LRU touched
------------------------------------------------------------------
  0    |   域3      | 正常运行   |  是   |  211999969
  1    |   域2      | 正常运行   |  否   |  211999999
  2    |   域0      | 正常运行   |  否   |  212000000
  3    |   域3      | 正常运行   |  是   |  211999971
==================================================================

[动态重分配] 周期212000000：预约迁移 冗余域3(1%) -> 切片0 -> 饥饿域0(7%)
[切片剥夺] 周期212000000：切片0（所属域3）进入待剥夺状态，禁止新替换
[切片剥夺] 周期212000008：切片0在途请求已清空，开始执行脏行写回
[切片管理] 周期212008779：原域3仅剩1个切片，关闭路扩展模式
[动态重分配] 周期212008779：切片0写回完成，自动绑定到域0
[切片管理] 成功绑定切片0 → 安全域0，触发【路扩展模式】

======================== 切片硬件状态 ========================
切片号 | 所属安全域 | 当前状态    | 路扩展 | LRU touched
------------------------------------------------------------------
  0    |   域0      | 正常运行   |  是   |  212008779
  1    |   域2      | 正常运行   |  否   |  212008779
  2    |   域0      | 正常运行   |  是   |  212008773
  3    |   域3      | 正常运行   |  否   |  212008771
==================================================================


======================== 切片硬件状态 ========================
切片号 | 所属安全域 | 当前状态    | 路扩展 | LRU touched
------------------------------------------------------------------
  0    |   域0      | 正常运行   |  是   |  220699950
  1    |   域2      | 正常运行   |  否   |  220699999
  2    |   域0      | 正常运行   |  是   |  220699883
  3    |   域3      | 正常运行   |  否   |  220699998
==================================================================

[动态重分配] 周期220700000：预约迁移 冗余域0(1%) -> 切片0 -> 饥饿域3(7%)
[切片剥夺] 周期220700000：切片0（所属域0）进入待剥夺状态，禁止新替换
[切片剥夺] 周期220700000：切片0在途请求已清空，开始执行脏行写回
[切片管理] 周期220700077：原域0仅剩1个切片，关闭路扩展模式
[动态重分配] 周期220700077：切片0写回完成，自动绑定到域3
[切片管理] 成功绑定切片0 → 安全域3，触发【路扩展模式】

======================== 切片硬件状态 ========================
切片号 | 所属安全域 | 当前状态    | 路扩展 | LRU touched
------------------------------------------------------------------
  0    |   域3      | 正常运行   |  是   |  220700077
  1    |   域2      | 正常运行   |  否   |  220700077
  2    |   域0      | 正常运行   |  否   |  220700044
  3    |   域3      | 正常运行   |  是   |  220700077
==================================================================


======================== 切片硬件状态 ========================
切片号 | 所属安全域 | 当前状态    | 路扩展 | LRU touched
------------------------------------------------------------------
  0    |   域3      | 正常运行   |  是   |  221799826
  1    |   域2      | 正常运行   |  否   |  221799996
  2    |   域0      | 正常运行   |  否   |  221799995
  3    |   域3      | 正常运行   |  是   |  221800000
==================================================================

[动态重分配] 周期221800000：预约迁移 冗余域3(1%) -> 切片0 -> 饥饿域0(12%)
[切片剥夺] 周期221800000：切片0（所属域3）进入待剥夺状态，禁止新替换
[切片剥夺] 周期221800000：切片0在途请求已清空，开始执行脏行写回
[切片管理] 周期221809410：原域3仅剩1个切片，关闭路扩展模式
[动态重分配] 周期221809410：切片0写回完成，自动绑定到域0
[切片管理] 成功绑定切片0 → 安全域0，触发【路扩展模式】

======================== 切片硬件状态 ========================
切片号 | 所属安全域 | 当前状态    | 路扩展 | LRU touched
------------------------------------------------------------------
  0    |   域0      | 正常运行   |  是   |  221809410
  1    |   域2      | 正常运行   |  否   |  221809405
  2    |   域0      | 正常运行   |  是   |  221809249
  3    |   域3      | 正常运行   |  否   |  221809403
==================================================================


======================== 切片硬件状态 ========================
切片号 | 所属安全域 | 当前状态    | 路扩展 | LRU touched
------------------------------------------------------------------
  0    |   域0      | 正常运行   |  是   |  231100000
  1    |   域2      | 正常运行   |  否   |  231099998
  2    |   域0      | 正常运行   |  是   |  231099998
  3    |   域3      | 正常运行   |  否   |  231099999
==================================================================

[动态重分配] 周期231100000：预约迁移 冗余域0(0%) -> 切片0 -> 饥饿域2(6%)
[切片剥夺] 周期231100000：切片0（所属域0）进入待剥夺状态，禁止新替换
[切片剥夺] 周期231100000：切片0在途请求已清空，开始执行脏行写回
[切片管理] 周期231103209：原域0仅剩1个切片，关闭路扩展模式
[动态重分配] 周期231103209：切片0写回完成，自动绑定到域2
[切片管理] 成功绑定切片0 → 安全域2，触发【路扩展模式】

======================== 切片硬件状态 ========================
切片号 | 所属安全域 | 当前状态    | 路扩展 | LRU touched
------------------------------------------------------------------
  0    |   域2      | 正常运行   |  是   |  231103209
  1    |   域2      | 正常运行   |  是   |  231103209
  2    |   域0      | 正常运行   |  否   |  231103209
  3    |   域3      | 正常运行   |  否   |  231103209
==================================================================


======================== 切片硬件状态 ========================
切片号 | 所属安全域 | 当前状态    | 路扩展 | LRU touched
------------------------------------------------------------------
  0    |   域2      | 正常运行   |  是   |  233199998
  1    |   域2      | 正常运行   |  是   |  233199998
  2    |   域0      | 正常运行   |  否   |  233200000
  3    |   域3      | 正常运行   |  否   |  233199999
==================================================================

[动态重分配] 周期233200000：预约迁移 冗余域2(0%) -> 切片0 -> 饥饿域3(6%)
[切片剥夺] 周期233200000：切片0（所属域2）进入待剥夺状态，禁止新替换
[切片剥夺] 周期233200000：切片0在途请求已清空，开始执行脏行写回
[切片管理] 周期233204418：原域2仅剩1个切片，关闭路扩展模式
[动态重分配] 周期233204418：切片0写回完成，自动绑定到域3
[切片管理] 成功绑定切片0 → 安全域3，触发【路扩展模式】

======================== 切片硬件状态 ========================
切片号 | 所属安全域 | 当前状态    | 路扩展 | LRU touched
------------------------------------------------------------------
  0    |   域3      | 正常运行   |  是   |  233204418
  1    |   域2      | 正常运行   |  否   |  233204417
  2    |   域0      | 正常运行   |  否   |  233204412
  3    |   域3      | 正常运行   |  是   |  233204417
==================================================================


======================== 切片硬件状态 ========================
切片号 | 所属安全域 | 当前状态    | 路扩展 | LRU touched
------------------------------------------------------------------
  0    |   域3      | 正常运行   |  是   |  257299996
  1    |   域2      | 正常运行   |  否   |  257299993
  2    |   域0      | 正常运行   |  否   |  257299986
  3    |   域3      | 正常运行   |  是   |  257299997
==================================================================

[动态重分配] 周期257300000：预约迁移 冗余域3(0%) -> 切片0 -> 饥饿域0(7%)
[切片剥夺] 周期257300000：切片0（所属域3）进入待剥夺状态，禁止新替换
[切片剥夺] 周期257300000：切片0在途请求已清空，开始执行脏行写回
[切片管理] 周期257300847：原域3仅剩1个切片，关闭路扩展模式
[动态重分配] 周期257300847：切片0写回完成，自动绑定到域0
[切片管理] 成功绑定切片0 → 安全域0，触发【路扩展模式】

======================== 切片硬件状态 ========================
切片号 | 所属安全域 | 当前状态    | 路扩展 | LRU touched
------------------------------------------------------------------
  0    |   域0      | 正常运行   |  是   |  257300847
  1    |   域2      | 正常运行   |  否   |  257300839
  2    |   域0      | 正常运行   |  是   |  257300829
  3    |   域3      | 正常运行   |  否   |  257300847
==================================================================


======================== 切片硬件状态 ========================
切片号 | 所属安全域 | 当前状态    | 路扩展 | LRU touched
------------------------------------------------------------------
  0    |   域0      | 正常运行   |  是   |  260299982
  1    |   域2      | 正常运行   |  否   |  260299973
  2    |   域0      | 正常运行   |  是   |  260299986
  3    |   域3      | 正常运行   |  否   |  260299951
==================================================================

[动态重分配] 周期260300000：预约迁移 冗余域0(0%) -> 切片0 -> 饥饿域2(6%)
[切片剥夺] 周期260300000：切片0（所属域0）进入待剥夺状态，禁止新替换
[切片剥夺] 周期260300136：切片0在途请求已清空，开始执行脏行写回
[切片管理] 周期260300259：原域0仅剩1个切片，关闭路扩展模式
[动态重分配] 周期260300259：切片0写回完成，自动绑定到域2
[切片管理] 成功绑定切片0 → 安全域2，触发【路扩展模式】

======================== 切片硬件状态 ========================
切片号 | 所属安全域 | 当前状态    | 路扩展 | LRU touched
------------------------------------------------------------------
  0    |   域2      | 正常运行   |  是   |  260300259
  1    |   域2      | 正常运行   |  是   |  260300257
  2    |   域0      | 正常运行   |  否   |  260300259
  3    |   域3      | 正常运行   |  否   |  260300259
==================================================================


======================== 切片硬件状态 ========================
切片号 | 所属安全域 | 当前状态    | 路扩展 | LRU touched
------------------------------------------------------------------
  0    |   域2      | 正常运行   |  是   |  268399998
  1    |   域2      | 正常运行   |  是   |  268399987
  2    |   域0      | 正常运行   |  否   |  268399973
  3    |   域3      | 正常运行   |  否   |  268400000
==================================================================

[动态重分配] 周期268400000：预约迁移 冗余域2(4%) -> 切片0 -> 饥饿域0(12%)
[切片剥夺] 周期268400000：切片0（所属域2）进入待剥夺状态，禁止新替换
[切片剥夺] 周期268400000：切片0在途请求已清空，开始执行脏行写回
[切片管理] 周期268400296：原域2仅剩1个切片，关闭路扩展模式
[动态重分配] 周期268400296：切片0写回完成，自动绑定到域0
[切片管理] 成功绑定切片0 → 安全域0，触发【路扩展模式】

======================== 切片硬件状态 ========================
切片号 | 所属安全域 | 当前状态    | 路扩展 | LRU touched
------------------------------------------------------------------
  0    |   域0      | 正常运行   |  是   |  268400296
  1    |   域2      | 正常运行   |  否   |  268400285
  2    |   域0      | 正常运行   |  是   |  268400082
  3    |   域3      | 正常运行   |  否   |  268400294
==================================================================


======================== 切片硬件状态 ========================
切片号 | 所属安全域 | 当前状态    | 路扩展 | LRU touched
------------------------------------------------------------------
  0    |   域0      | 正常运行   |  是   |  272399999
  1    |   域2      | 正常运行   |  否   |  272399996
  2    |   域0      | 正常运行   |  是   |  272399999
  3    |   域3      | 正常运行   |  否   |  272400000
==================================================================

[动态重分配] 周期272400000：预约迁移 冗余域0(0%) -> 切片0 -> 饥饿域2(6%)
[切片剥夺] 周期272400000：切片0（所属域0）进入待剥夺状态，禁止新替换
[切片剥夺] 周期272400000：切片0在途请求已清空，开始执行脏行写回
[切片管理] 周期272400305：原域0仅剩1个切片，关闭路扩展模式
[动态重分配] 周期272400305：切片0写回完成，自动绑定到域2
[切片管理] 成功绑定切片0 → 安全域2，触发【路扩展模式】

======================== 切片硬件状态 ========================
切片号 | 所属安全域 | 当前状态    | 路扩展 | LRU touched
------------------------------------------------------------------
  0    |   域2      | 正常运行   |  是   |  272400305
  1    |   域2      | 正常运行   |  是   |  272400303
  2    |   域0      | 正常运行   |  否   |  272400302
  3    |   域3      | 正常运行   |  否   |  272400303
==================================================================


======================== 切片硬件状态 ========================
切片号 | 所属安全域 | 当前状态    | 路扩展 | LRU touched
------------------------------------------------------------------
  0    |   域2      | 正常运行   |  是   |  287599990
  1    |   域2      | 正常运行   |  是   |  287599946
  2    |   域0      | 正常运行   |  否   |  287599990
  3    |   域3      | 正常运行   |  否   |  287599957
==================================================================

[动态重分配] 周期287600000：预约迁移 冗余域2(3%) -> 切片0 -> 饥饿域0(11%)
[切片剥夺] 周期287600000：切片0（所属域2）进入待剥夺状态，禁止新替换
[切片剥夺] 周期287600000：切片0在途请求已清空，开始执行脏行写回
[切片管理] 周期287601237：原域2仅剩1个切片，关闭路扩展模式
[动态重分配] 周期287601237：切片0写回完成，自动绑定到域0
[切片管理] 成功绑定切片0 → 安全域0，触发【路扩展模式】

======================== 切片硬件状态 ========================
切片号 | 所属安全域 | 当前状态    | 路扩展 | LRU touched
------------------------------------------------------------------
  0    |   域0      | 正常运行   |  是   |  287601237
  1    |   域2      | 正常运行   |  否   |  287601233
  2    |   域0      | 正常运行   |  是   |  287601237
  3    |   域3      | 正常运行   |  否   |  287601232
==================================================================


======================== 切片硬件状态 ========================
切片号 | 所属安全域 | 当前状态    | 路扩展 | LRU touched
------------------------------------------------------------------
  0    |   域0      | 正常运行   |  是   |  300199954
  1    |   域2      | 正常运行   |  否   |  300199965
  2    |   域0      | 正常运行   |  是   |  300199963
  3    |   域3      | 正常运行   |  否   |  300199967
==================================================================

[动态重分配] 周期300200000：预约迁移 冗余域0(0%) -> 切片0 -> 饥饿域2(6%)
[切片剥夺] 周期300200000：切片0（所属域0）进入待剥夺状态，禁止新替换
[切片剥夺] 周期300200000：切片0在途请求已清空，开始执行脏行写回
[切片管理] 周期300200119：原域0仅剩1个切片，关闭路扩展模式
[动态重分配] 周期300200119：切片0写回完成，自动绑定到域2
[切片管理] 成功绑定切片0 → 安全域2，触发【路扩展模式】

======================== 切片硬件状态 ========================
切片号 | 所属安全域 | 当前状态    | 路扩展 | LRU touched
------------------------------------------------------------------
  0    |   域2      | 正常运行   |  是   |  300200119
  1    |   域2      | 正常运行   |  是   |  300200116
  2    |   域0      | 正常运行   |  否   |  300200116
  3    |   域3      | 正常运行   |  否   |  300200116
==================================================================


**** Debug Statistics at 301000000 Cycles *****
Threads: 4		Fetch Width: 8
No of useful instructions fetched:	570017827 (23.67% proc util.)
No of total instructions fetched:	727921769 (30.23% proc util.)
 includes 20409786 misfetch (2.8%), 137494156 (18.9%) wrong-path fetches
 and 0 flushed after failed lock(0.0%)
No of useful instructions issued/executed:	570017808 (23.67% proc util.)
No of total instructions issued/executed:	631420062 (26.22% proc util.)
 includes 61402254 wrong-path (9.7%) insts and 0 flushed (0.0%)
	fp 4798, 0.00%
	synch 0, 0.00%
	integer 438374934, 69.43%
	load/store 193040330, 30.57%
Avg size of int IQ (before scheduling): 25.27
Avg size of fp IQ (before scheduling): 0.00
No of cycles taken:		301000000
Parallelism [ 0.562, 0.000, 0.660, 0.672,] = 1.894
 IQ conflicts: 2980363 (0.99%), FQ conflicts: 0 (0.00%) 
 I reg conflicts: 188939761 (62.77%), FP reg conflicts: 0 (0.00%)
  Activelist confs: 154 (0.00%), ROB confs: 89977 (0.03%)
  Int unit conflicts: 299204602 (99.40%), FP unit conflicts: 4 (0.00%)
  Load/store unit conflicts: 31678001 (10.52%)
  MSHR conflicts: 458245957 (152.24%)
----------------------------------------
==== System-wide Cache Statistics ====
Stall for miss queue full 3009 cycles (0.00%)
----------------------------------------
==== Statistics for Master ID: 0 ====
Reads: 133773824   Writes: 22974435
ICACHE: size: 64 KB assoc: 2
ICACHE: hits:77163966 misses:934670  Hit Ratio: 98.80%
DCACHE: size: 1*16 KB assoc: 1*4
DCACHE: hits:76866328 misses:1784527 writebacks:638313  Hit Ratio: 97.73%
SCACHE: size: 512 KB assoc: 2
SCACHE: hits:1854384 misses:863580  Hit Ratio: 68.23%
3CACHE: size: 4096 KB assoc: 2
3CACHE: hits:656605 misses:206975  Hit Ratio: 76.03%
3CACHE: dirty items replaced:30341
ITLB: size: 48, misses 33524, miss rate 0.04%
DTLB: size: 128, misses 134055, miss rate 0.17%
Avg mem delay: 5.340 cycles
----------------------------------------
==== Statistics for Master ID: 2 ====
Reads: 110231852   Writes: 19772415
ICACHE: size: 64 KB assoc: 2
ICACHE: hits:68271026 misses:124075  Hit Ratio: 99.82%
DCACHE: size: 2*16 KB assoc: 2*4
DCACHE: hits:58164002 misses:3446256 writebacks:1665354  Hit Ratio: 94.41%
SCACHE: size: 512 KB assoc: 2
SCACHE: hits:1345536 misses:2223703  Hit Ratio: 37.70%
3CACHE: size: 4096 KB assoc: 2
3CACHE: hits:165858 misses:2057845  Hit Ratio: 7.46%
3CACHE: dirty items replaced:83072
ITLB: size: 48, misses 369, miss rate 0.00%
DTLB: size: 128, misses 121762, miss rate 0.20%
Avg mem delay: 5.340 cycles
----------------------------------------
==== Statistics for Master ID: 3 ====
Reads: 97390828   Writes: 17247244
ICACHE: size: 64 KB assoc: 2
ICACHE: hits:61985639 misses:120269  Hit Ratio: 99.81%
DCACHE: size: 1*16 KB assoc: 1*4
DCACHE: hits:49775746 misses:2757683 writebacks:1475490  Hit Ratio: 94.75%
SCACHE: size: 512 KB assoc: 2
SCACHE: hits:570891 misses:2305796  Hit Ratio: 19.85%
3CACHE: size: 4096 KB assoc: 2
3CACHE: hits:158259 misses:2147537  Hit Ratio: 6.86%
3CACHE: dirty items replaced:92191
ITLB: size: 48, misses 474, miss rate 0.00%
DTLB: size: 128, misses 131755, miss rate 0.25%
Avg mem delay: 5.340 cycles
----------------------------------------
==== Global Resource Utilization ====
STASH: size: 65536 entries, full 878741230, empty 21489972, misses 2110329, full rate 97.38
icache bank util. 0.086 0.063 0.053 0.068 0.092 0.158 0.082 0.103 
dcache bank util. 0.083 0.089 0.095 0.093 0.112 0.079 0.115 0.092 
L2 bank util. 0.031 0.031 0.030 0.031 0.031 0.030 0.036 0.041 
L1-L2 bus util. = 0.129, L3 util. = 0.147
----------------------------------------

======================== 切片硬件状态 ========================
切片号 | 所属安全域 | 当前状态    | 路扩展 | LRU touched
------------------------------------------------------------------
  0    |   域2      | 正常运行   |  是   |  300999999
  1    |   域2      | 正常运行   |  是   |  300999992
  2    |   域0      | 正常运行   |  否   |  300999999
  3    |   域3      | 正常运行   |  否   |  300999996
==================================================================

branch prediction, hits = 50890726, misses = 5792047, hit rate = 89.78%
return_stack prediction, hits = 3912943, misses = 1424, hit rate = 99.96%
jump prediction, hits = 52818368, misses = 5254073, hit rate = 90.95%

======================== 切片硬件状态 ========================
切片号 | 所属安全域 | 当前状态    | 路扩展 | LRU touched
------------------------------------------------------------------
  0    |   域2      | 正常运行   |  是   |  308999793
  1    |   域2      | 正常运行   |  是   |  308999811
  2    |   域0      | 正常运行   |  否   |  308999999
  3    |   域3      | 正常运行   |  否   |  309000000
==================================================================

[动态重分配] 周期309000000：预约迁移 冗余域2(0%) -> 切片0 -> 饥饿域0(6%)
[切片剥夺] 周期309000000：切片0（所属域2）进入待剥夺状态，禁止新替换
[切片剥夺] 周期309000000：切片0在途请求已清空，开始执行脏行写回
[切片管理] 周期309006566：原域2仅剩1个切片，关闭路扩展模式
[动态重分配] 周期309006566：切片0写回完成，自动绑定到域0
[切片管理] 成功绑定切片0 → 安全域0，触发【路扩展模式】

======================== 切片硬件状态 ========================
切片号 | 所属安全域 | 当前状态    | 路扩展 | LRU touched
------------------------------------------------------------------
  0    |   域0      | 正常运行   |  是   |  309006566
  1    |   域2      | 正常运行   |  否   |  309006563
  2    |   域0      | 正常运行   |  是   |  309006564
  3    |   域3      | 正常运行   |  否   |  309006565
==================================================================


======================== 切片硬件状态 ========================
切片号 | 所属安全域 | 当前状态    | 路扩展 | LRU touched
------------------------------------------------------------------
  0    |   域0      | 正常运行   |  是   |  311999960
  1    |   域2      | 正常运行   |  否   |  311999999
  2    |   域0      | 正常运行   |  是   |  311999998
  3    |   域3      | 正常运行   |  否   |  311999999
==================================================================

[动态重分配] 周期312000000：预约迁移 冗余域0(0%) -> 切片0 -> 饥饿域2(6%)
[切片剥夺] 周期312000000：切片0（所属域0）进入待剥夺状态，禁止新替换
[切片剥夺] 周期312000000：切片0在途请求已清空，开始执行脏行写回
[切片管理] 周期312000146：原域0仅剩1个切片，关闭路扩展模式
[动态重分配] 周期312000146：切片0写回完成，自动绑定到域2
[切片管理] 成功绑定切片0 → 安全域2，触发【路扩展模式】

======================== 切片硬件状态 ========================
切片号 | 所属安全域 | 当前状态    | 路扩展 | LRU touched
------------------------------------------------------------------
  0    |   域2      | 正常运行   |  是   |  312000146
  1    |   域2      | 正常运行   |  是   |  312000088
  2    |   域0      | 正常运行   |  否   |  312000070
  3    |   域3      | 正常运行   |  否   |  312000117
==================================================================


======================== 切片硬件状态 ========================
切片号 | 所属安全域 | 当前状态    | 路扩展 | LRU touched
------------------------------------------------------------------
  0    |   域2      | 正常运行   |  是   |  325399948
  1    |   域2      | 正常运行   |  是   |  325399963
  2    |   域0      | 正常运行   |  否   |  325399962
  3    |   域3      | 正常运行   |  否   |  325399816
==================================================================

[动态重分配] 周期325400000：预约迁移 冗余域2(0%) -> 切片0 -> 饥饿域0(8%)
[切片剥夺] 周期325400000：切片0（所属域2）进入待剥夺状态，禁止新替换
[切片剥夺] 周期325400000：切片0在途请求已清空，开始执行脏行写回
[切片管理] 周期325401025：原域2仅剩1个切片，关闭路扩展模式
[动态重分配] 周期325401025：切片0写回完成，自动绑定到域0
[切片管理] 成功绑定切片0 → � dgemm_��全域0，触发【路扩展模式】

======================== 切片硬件状态 ========================
切片号 | 所属安全域 | 当前状态    | 路扩展 | LRU touched
------------------------------------------------------------------
  0    |   域0      | 正常运行   |  是   |  325401025
  1    |   域2      | 正常运行   |  否   |  325401008
  2    |   域0      | 正常运行   |  是   |  325401010
  3    |   域3      | 正常运行   |  否   |  325401010
==================================================================


======================== 切片硬件状态 ========================
切片号 | 所属安全域 | 当前状态    | 路扩展 | LRU touched
------------------------------------------------------------------
  0    |   域0      | 正常运行   |  是   |  346999994
  1    |   域2      | 正常运行   |  否   |  346999999
  2    |   域0      | 正常运行   |  是   |  346999998
  3    |   域3      | 正常运行   |  否   |  346999998
==================================================================

[动态重分配] 周期347000000：预约迁移 冗余域0(0%) -> 切片0 -> 饥饿域3(6%)
[切片剥夺] 周期347000000：切片0（所属域0）进入待剥夺状态，禁止新替换
[切片剥夺] 周期347000000：切片0在途请求已清空，开始执行脏行写回
[切片管理] 周期347000185：原域0仅剩1个切片，关闭路扩展模式
[动态重分配] 周期347000185：切片0写回完成，自动绑定到域3
[切片管理] 成功绑定切片0 → 安全域3，触发【路扩展模式】

======================== 切片硬件状态 ========================
切片号 | 所属安全域 | 当前状态    | 路扩展 | LRU touched
------------------------------------------------------------------
  0    |   域3      | 正常运行   |  是   |  347000185
  1    |   域2      | 正常运行   |  否   |  347000183
  2    |   域0      | 正常运行   |  否   |  347000055
  3    |   域3      | 正常运行   |  是   |  347000182
==================================================================


======================== 切片硬件状态 ========================
切片号 | 所属安全域 | 当前状态    | 路扩展 | LRU touched
------------------------------------------------------------------
  0    |   域3      | 正常运行   |  是   |  352200000
  1    |   域2      | 正常运行   |  否   |  352199999
  2    |   域0      | 正常运行   |  否   |  352199984
  3    |   域3      | 正常运行   |  是   |  352199998
==================================================================

[动态重分配] 周期352200000：预约迁移 冗余域3(0%) -> 切片0 -> 饥饿域2(6%)
[切片剥夺] 周期352200000：切片0（所属域3）进入待剥夺状态，禁止新替换
[切片剥夺] 周期352200000：切片0在途请求已清空，开始执行脏行写回
[切片管理] 周期352202285：原域3仅剩1个切片，关闭路扩展模式
[动态重分配] 周期352202285：切片0写回完成，自动绑定到域2
[切片管理] 成功绑定切片0 → 安全域2，触发【路扩展模式】

======================== 切片硬件状态 ========================
切片号 | 所属安全域 | 当前状态    | 路扩展 | LRU touched
------------------------------------------------------------------
  0    |   域2      | 正常运行   |  是   |  352202285
  1    |   域2      | 正常运行   |  是   |  352202280
  2    |   域0      | 正常运行   |  否   |  352202283
  3    |   域3      | 正常运行   |  否   |  352202283
==================================================================


======================== 切片硬件状态 ========================
切片号 | 所属安全域 | 当前状态    | 路扩展 | LRU touched
------------------------------------------------------------------
  0    |   域2      | 正常运行   |  是   |  358699080
  1    |   域2      | 正常运行   |  是   |  358699981
  2    |   域0      | 正常运行   |  否   |  358699982
  3    |   域3      | 正常运行   |  否   |  358699936
==================================================================

[动态重分配] 周期358700000：预约迁移 冗余域2(1%) -> 切片0 -> 饥饿域0(12%)
[切片剥夺] 周期358700000：切片0（所属域2）进入待剥夺状态，禁止新替换
[切片剥夺] 周期358700000：切片0在途请求已清空，开始执行脏行写回
[切片管理] 周期358706930：原域2仅剩1个切片，关闭路扩展模式
[动态重分配] 周期358706930：切片0写回完成，自动绑定到域0
[切片管理] 成功绑定切片0 → 安全域0，触发【路扩展模式】

======================== 切片硬件状态 ========================
切片号 | 所属安全域 | 当前状态    | 路扩展 | LRU touched
------------------------------------------------------------------
  0    |   域0      | 正常运行   |  是   |  358706930
  1    |   域2      | 正常运行   |  否   |  358706926
  2    |   域0      | 正常运行   |  是   |  358706916
  3    |   域3      | 正常运行   |  否   |  358706929
==================================================================


======================== 切片硬件状态 ========================
切片号 | 所属安全域 | 当前状态    | 路扩展 | LRU touched
------------------------------------------------------------------
  0    |   域0      | 正常运行   |  是   |  362399998
  1    |   域2      | 正常运行   |  否   |  362399999
  2    |   域0      | 正常运行   |  是   |  362399994
  3    |   域3      | 正常运行   |  否   |  362399985
==================================================================

[动态重分配] 周期362400000：预约迁移 冗余域0(0%) -> 切片0 -> 饥饿域3(6%)
[切片剥夺] 周期362400000：切片0（所属域0）进入待剥夺状态，禁止新替换
[切片剥夺] 周期362400120：切片0在途请求已清空，开始执行脏行写回
[切片管理] 周期362400662：原域0仅剩1个切片，关闭路扩展模式
[动态重分配] 周期362400662：切片0写回完成，自动绑定到域3
[切片管理] 成功绑定切片0 → 安全域3，触发【路扩展模式】

======================== 切片硬件状态 ========================
切片号 | 所属安全域 | 当前状态    | 路扩展 | LRU touched
------------------------------------------------------------------
  0    |   域3      | 正常运行   |  是   |  362400662
  1    |   域2      | 正常运行   |  否   |  362400658
  2    |   域0      | 正常运行   |  否   |  362400661
  3    |   域3      | 正常运行   |  是   |  362400622
==================================================================


======================== 切片硬件状态 ========================
切片号 | 所属安全域 | 当前状态    | 路扩展 | LRU touched
------------------------------------------------------------------
  0    |   域3      | 正常运行   |  是   |  369699006
  1    |   域2      | 正常运行   |  否   |  369699987
  2    |   域0      | 正常运行   |  否   |  369699990
  3    |   域3      | 正常运行   |  是   |  369699976
==================================================================

[动态重分配] 周期369700000：预约迁移 冗余域3(1%) -> 切片0 -> 饥饿域0(11%)
[切片剥夺] 周期369700000：切片0（所属域3）进入待剥夺状态，禁止新替换
[切片剥夺] 周期369700000：切片0在途请求已清空，开始执行脏行写回
[切片管理] 周期369711271：原域3仅剩1个切片，关闭路扩展模式
[动态重分配] 周期369711271：切片0写回完成，自动绑定到域0
[切片管理] 成功绑定切片0 → 安全域0，触发【路扩展模式】

======================== 切片硬件状态 ========================
切片号 | 所属安全域 | 当前状态    | 路扩展 | LRU touched
------------------------------------------------------------------
  0    |   域0      | 正常运行   |  是   |  369711271
  1    |   域2      | 正常运行   |  否   |  369711257
  2    |   域0      | 正常运行   |  是   |  369711265
  3    |   域3      | 正常运行   |  否   |  369711253
==================================================================


======================== 切片硬件状态 ========================
切片号 | 所属安全域 | 当前状态    | 路扩展 | LRU touched
------------------------------------------------------------------
  0    |   域0      | 正常运行   |  是   |  382500000
  1    |   域2      | 正常运行   |  否   |  382500000
  2    |   域0      | 正常运行   |  是   |  382499993
  3    |   域3      | 正常运行   |  否   |  382499995
==================================================================

[动态重分配] 周期382500000：预约迁移 冗余域0(0%) -> 切片0 -> 饥饿域3(6%)
[切片剥夺] 周期382500000：切片0（所属域0）进入待剥夺状态，禁止新替换
[切片剥夺] 周期382500000：切片0在途请求已清空，开始执行脏行写回
[切片管理] 周期382500686：原域0仅剩1个切片，关闭路扩展模式
[动态重分配] 周期382500686：切片0写回完成，自动绑定到域3
[切片管理] 成功绑定切片0 → 安全域3，触发【路扩展模式】

======================== 切片硬件状态 ========================
切片号 | 所属安全域 | 当前状态    | 路扩展 | LRU touched
------------------------------------------------------------------
  0    |   域3      | 正常运行   |  是   |  382500686
  1    |   域2      | 正常运行   |  否   |  382500686
  2    |   域0      | 正常运行   |  否   |  382500686
  3    |   域3      | 正常运行   |  是   |  382500661
==================================================================


======================== 切片硬件状态 ========================
切片号 | 所属安全域 | 当前状态    | 路扩展 | LRU touched
------------------------------------------------------------------
  0    |   域3      | 正常运行   |  是   |  387899997
  1    |   域2      | 正常运行   |  否   |  387900000
  2    |   域0      | 正常运行   |  否   |  387900000
  3    |   域3      | 正常运行   |  是   |  387897472
==================================================================

[动态重分配] 周期387900000：预约迁移 冗余域3(1%) -> 切片0 -> 饥饿域0(9%)
[切片剥夺] 周期387900000：切片0（所属域3）进入待剥夺状态，禁止新替换
[切片剥夺] 周期387900000：切片0在途请求已清空，开始执行脏行写回
[切片管理] 周期387903950：原域3仅剩1个切片，关闭路扩展模式
[动态重分配] 周期387903950：切片0写回完成，自动绑定到域0
[切片管理] 成功绑定切片0 → 安全域0，触发【路扩展模式】

======================== 切片硬件状态 ========================
切片号 | 所属安全域 | 当前状态    | 路扩展 | LRU touched
------------------------------------------------------------------
  0    |   域0      | 正常运行   |  是   |  387903950
  1    |   域2      | 正常运行   |  否   |  387903923
  2    |   域0      | 正常运行   |  是   |  387903950
  3    |   域3      | 正常运行   |  否   |  387903950
==================================================================


======================== 切片硬件状态 ========================
切片号 | 所属安全域 | 当前状态    | 路扩展 | LRU touched
------------------------------------------------------------------
  0    |   域0      | 正常运行   |  是   |  388100000
  1    |   域2      | 正常运行   |  否   |  388099995
  2    |   域0      | 正常运行   |  是   |  388099998
  3    |   域3      | 正常运行   |  否   |  388099999
==================================================================

[动态重分配] 周期388100000：预约迁移 冗余域0(0%) -> 切片2 -> 饥饿域3(6%)
[切片剥夺] 周期388100000：切片2（所属域0）进入待剥夺状态，禁止新替换
[切片剥夺] 周期388100000：切片2在途请求已清空，开始执行脏行写回
[切片管理] 周期388102084：原域0仅剩1个切片，关闭路扩展模式
[动态重分配] 周期388102084：切片2写回完成，自动绑定到域3
[切片管理] 成功绑定切片2 → 安全域3，触发【路扩展模式】

======================== 切片硬件状态 ========================
切片号 | 所属安全域 | 当前状态    | 路扩展 | LRU touched
------------------------------------------------------------------
  0    |   域0      | 正常运行   |  否   |  388102079
  1    |   域2      | 正常运行   |  否   |  388102083
  2    |   域3      | 正常运行   |  是   |  388102084
  3    |   域3      | 正常运行   |  是   |  388102079
==================================================================


======================== 切片硬件状态 ========================
切片号 | 所属安全域 | 当前状态    | 路扩展 | LRU touched
------------------------------------------------------------------
  0    |   域0      | 正常运行   |  否   |  394000000
  1    |   域2      | 正常运行   |  否   |  393999996
  2    |   域3      | 正常运行   |  是   |  393999998
  3    |   域3      | 正常运行   |  是   |  393999997
==================================================================

[动态重分配] 周期394000000：预约迁移 冗余域3(0%) -> 切片2 -> 饥饿域0(7%)
[切片剥夺] 周期394000000：切片2（所属域3）进入待剥夺状态，禁止新替换
[切片剥夺] 周期394000000：切片2在途请求已清空，开始执行脏行写回
[切片管理] 周期394000125：原域3仅剩1个切片，关闭路扩展模式
[动态重分配] 周期394000125：切片2写回完成，自动绑定到域0
[切片管理] 成功绑定切片2 → 安全域0，触发【路扩展模式】

======================== 切片硬件状态 ========================
切片号 | 所属安全域 | 当前状态    | 路扩展 | LRU touched
------------------------------------------------------------------
  0    |   域0      | 正常运行   |  是   |  394000036
  1    |   域2      | 正常运行   |  否   |  394000023
  2    |   域0      | 正常运行   |  是   |  394000125
  3    |   域3      | 正常运行   |  否   |  394000016
==================================================================


======================== 切片硬件状态 ========================
切片号 | 所属安全域 | 当前状态    | 路扩展 | LRU touched
------------------------------------------------------------------
  0    |   域0      | 正常运行   |  是   |  398200000
  1    |   域2      | 正常运行   |  否   |  398200000
  2    |   域0      | 正常运行   |  是   |  398199996
  3    |   域3      | 正常运行   |  否   |  398199995
==================================================================

[动态重分配] 周期398200000：预约迁移 冗余域0(0%) -> 切片0 -> 饥饿域2(6%)
[切片剥夺] 周期398200000：切片0（所属域0）进入待剥夺状态，禁止新替换
[切片剥夺] 周期398200000：切片0在途请求已清空，开始执行脏行写回
[切片管理] 周期398200555：原域0仅剩1个切片，关闭路扩展模式
[动态重分配] 周期398200555：切片0写回完成，自动绑定到域2
[切片管理] 成功绑定切片0 → 安全域2，触发【路扩展模式】

======================== 切片硬件状态 ========================
切片号 | 所属安全域 | 当前状态    | 路扩展 | LRU touched
------------------------------------------------------------------
  0    |   域2      | 正常运行   |  是   |  398200555
  1    |   域2      | 正常运行   |  是   |  398200555
  2    |   域0      | 正常运行   |  否   |  398200553
  3    |   域3      | 正常运行   |  否   |  398200554
==================================================================


**** Debug Statistics at 401000000 Cycles *****
Threads: 4		Fetch Width: 8
No of useful instructions fetched:	986178899 (30.74% proc util.)
No of total instructions fetched:	1265099752 (39.44% proc util.)
 includes 29456109 misfetch (2.3%), 249464744 (19.7%) wrong-path fetches
 and 0 flushed after failed lock(0.0%)
No of useful instructions issued/executed:	986178847 (30.74% proc util.)
No of total instructions issued/executed:	1098814918 (34.25% proc util.)
 includes 112636071 wrong-path (10.3%) insts and 0 flushed (0.0%)
	fp 24644, 0.00%
	synch 0, 0.00%
	integer 768663742, 69.95%
	load/store 330126532, 30.04%
Avg size of int IQ (before scheduling): 27.34
Avg size of fp IQ (before scheduling): 0.00
No of cycles taken:		401000000
Parallelism [ 0.708, 0.000, 0.868, 0.883,] = 2.459
 IQ conflicts: 4849664 (1.21%), FQ conflicts: 0 (0.00%) 
 I reg conflicts: 205925550 (51.35%), FP reg conflicts: 0 (0.00%)
  Activelist confs: 726 (0.00%), ROB confs: 176364 (0.04%)
  Int unit conflicts: 600062454 (149.64%), FP unit conflicts: 6 (0.00%)
  Load/store unit conflicts: 55772601 (13.91%)
  MSHR conflicts: 486799443 (121.40%)
----------------------------------------
==== System-wide Cache Statistics ====
Stall for miss queue full 5232 cycles (0.00%)
----------------------------------------
==== Statistics for Master ID: 0 ====
Reads: 223306628   Writes: 38056587
ICACHE: size: 64 KB assoc: 2
ICACHE: hits:129606872 misses:1449985  Hit Ratio: 98.89%
DCACHE: size: 1*16 KB assoc: 1*4
DCACHE: hits:127517805 misses:2790362 writebacks:987644  Hit Ratio: 97.86%
SCACHE: size: 512 KB assoc: 2
SCACHE: hits:2951718 misses:1286819  Hit Ratio: 69.64%
3CACHE: size: 4096 KB assoc: 2
3CACHE: hits:1017055 misses:269764  Hit Ratio: 79.04%
3CACHE: dirty items replaced:47129
ITLB: size: 48, misses 55701, miss rate 0.04%
DTLB: size: 128, misses 223734, miss rate 0.17%
Avg mem delay: 3.624 cycles
----------------------------------------
==== Statistics for Master ID: 2 ====
Reads: 198859831   Writes: 32111331
ICACHE: size: 64 KB assoc: 2
ICACHE: hits:123025365 misses:244539  Hit Ratio: 99.80%
DCACHE: size: 2*16 KB assoc: 2*4
DCACHE: hits:102803685 misses:4899170 writebacks:2246672  Hit Ratio: 95.45%
SCACHE: size: 512 KB assoc: 2
SCACHE: hits:2704094 misses:2438018  Hit Ratio: 52.59%
3CACHE: size: 4096 KB assoc: 2
3CACHE: hits:335926 misses:2102092  Hit Ratio: 13.78%
3CACHE: dirty items replaced:97537
ITLB: size: 48, misses 633, miss rate 0.00%
DTLB: size: 128, misses 150945, miss rate 0.14%
Avg mem delay: 3.624 cycles
----------------------------------------
==== Statistics for Master ID: 3 ====
Reads: 175476848   Writes: 28151910
ICACHE: size: 64 KB assoc: 2
ICACHE: hits:111634318 misses:233671  Hit Ratio: 99.79%
DCACHE: size: 1*16 KB assoc: 1*4
DCACHE: hits:88331700 misses:3431013 writebacks:1832283  Hit Ratio: 96.26%
SCACHE: size: 512 KB assoc: 2
SCACHE: hits:1120743 misses:2541997  Hit Ratio: 30.60%
3CACHE: size: 4096 KB assoc: 2
3CACHE: hits:332701 misses:2209296  Hit Ratio: 13.09%
3CACHE: dirty items replaced:110677
ITLB: size: 48, misses 836, miss rate 0.00%
DTLB: size: 128, misses 172435, miss rate 0.19%
Avg mem delay: 3.624 cycles
----------------------------------------
==== Global Resource Utilization ====
STASH: size: 65536 entries, full 1469430499, empty 30294639, misses 2889054, full rate 97.79
icache bank util. 0.112 0.083 0.073 0.096 0.130 0.184 0.114 0.136 
dcache bank util. 0.100 0.110 0.122 0.112 0.143 0.100 0.150 0.107 
L2 bank util. 0.032 0.031 0.031 0.032 0.032 0.031 0.035 0.039 
L1-L2 bus util. = 0.135, L3 util. = 0.114
----------------------------------------

======================== 切片硬件状态 ========================
切片号 | 所属安全域 | 当前状态    | 路扩展 | LRU touched
------------------------------------------------------------------
  0    |   域2      | 正常运行   |  是   |  400999913
  1    |   域2      | 正常运行   |  是   |  400999913
  2    |   域0      | 正常运行   |  否   |  400999997
  3    |   域3      | 正常运行   |  否   |  400999993
==================================================================

branch prediction, hits = 80463239, misses = 9915821, hit rate = 89.03%
return_stack prediction, hits = 7209167, misses = 3178, hit rate = 99.96%
jump prediction, hits = 87342690, misses = 7772436, hit rate = 91.83%
 dgemv_
======================== 切片硬件状态 ========================
切片号 | 所属安全域 | 当前状态    | 路扩展 | LRU touched
------------------------------------------------------------------
  0    |   域2      | 正常运行   |  是   |  405999975
  1    |   域2      | 正常运行   |  是   |  405999993
  2    |   域0      | 正常运行   |  否   |  405999998
  3    |   域3      | 正常运行   |  否   |  405999999
==================================================================

[动态重分配] 周期406000000：预约迁移 冗余域2(4%) -> 切片1 -> 饥饿域0(16%)
[切片剥夺] 周期406000000：切片1（所属域2）进入待剥夺状态，禁止新替换
[切片剥夺] 周期406000000：切片1在途请求已清空，开始执行脏行写回
[切片管理] 周期406000335：原域2仅剩1个切片，关闭路扩展模式
[动态重分配] 周期406000335：切片1写回完成，自动绑定到域0
[切片管理] 成功绑定切片1 → 安全域0，触发【路扩展模式】

======================== 切片硬件状态 ========================
切片号 | 所属安全域 | 当前状态    | 路扩展 | LRU touched
------------------------------------------------------------------
  0    |   域2      | 正常运行   |  否   |  406000047
  1    |   域0      | 正常运行   |  是   |  406000335
  2    |   域0      | 正常运行   |  是   |  406000150
  3    |   域3      | 正常运行   |  否   |  406000154
==================================================================


======================== 切片硬件状态 ========================
切片号 | 所属安全域 | 当前状态    | 路扩展 | LRU touched
------------------------------------------------------------------
  0    |   域2      | 正常运行   |  否   |  413899998
  1    |   域0      | 正常运行   |  是   |  413899922
  2    |   域0      | 正常运行   |  是   |  413899861
  3    |   域3      | 正常运行   |  否   |  413899981
==================================================================

[动态重分配] 周期413900000：预约迁移 冗余域0(1%) -> 切片1 -> 饥饿域2(7%)
[切片剥夺] 周期413900000：切片1（所属域0）进入待剥夺状态，禁止新替换
[切片剥夺] 周期413900000：切片1在途请求已清空，开始执行脏行写回
[切片管理] 周期413900268：原域0仅剩1个切片，关闭路扩展模式
[动态重分配] 周期413900268：切片1写回完成，自动绑定到域2
[切片管理] 成功绑定切片1 → 安全域2，触发【路扩展模式】

======================== 切片硬件状态 ========================
切片号 | 所属安全域 | 当前状态    | 路扩展 | LRU touched
------------------------------------------------------------------
  0    |   域2      | 正常运行   |  是   |  413900050
  1    |   域2      | 正常运行   |  是   |  413900268
  2    |   域0      | 正常运行   |  否   |  413899861
  3    |   域3      | 正常运行   |  否   |  413900057
==================================================================


======================== 切片硬件状态 ========================
切片号 | 所属安全域 | 当前状态    | 路扩展 | LRU touched
------------------------------------------------------------------
  0    |   域2      | 正常运行   |  是   |  418099996
  1    |   域2      | 正常运行   |  是   |  418100000
  2    |   域0      | 正常运行   |  否   |  418099998
  3    |   域3      | 正常运行   |  否   |  418100000
==================================================================

[动态重分配] 周期418100000：预约迁移 冗余域2(0%) -> 切片0 -> 饥饿域0(7%)
[切片剥夺] 周期418100000：切片0（所属域2）进入待剥夺状态，禁止新替换
[切片剥夺] 周期418100000：切片0在途请求已清空，开始执行脏行写回
[切片管理] 周期418104880：原域2仅剩1个切片，关闭路扩展模式
[动态重分配] 周期418104880：切片0写回完成，自动绑定到域0
[切片管理] 成功绑定切片0 → 安全域0，触发【路扩展模式】

======================== 切片硬件状态 ========================
切片号 | 所属安全域 | 当前状态    | 路扩展 | LRU touched
------------------------------------------------------------------
  0    |   域0      | 正常运行   |  是   |  418104880
  1    |   域2      | 正常运行   |  否   |  418104879
  2    |   域0      | 正常运行   |  是   |  418104875
  3    |   域3      | 正常运行   |  否   |  418104877
==================================================================


======================== 切片硬件状态 ========================
切片号 | 所属安全域 | 当前状态    | 路扩展 | LRU touched
------------------------------------------------------------------
  0    |   域0      | 正常运行   |  是   |  420399997
  1    |   域2      | 正常运行   |  否   |  420399999
  2    |   域0      | 正常运行   |  是   |  420399970
  3    |   域3      | 正常运行   |  否   |  420400000
==================================================================

[动态重分配] 周期420400000：预约迁移 冗余域0(0%) -> 切片0 -> 饥饿域2(6%)
[切片剥夺] 周期420400000：切片0（所属域0）进入待剥夺状态，禁止新替换
[切片剥夺] 周期420400000：切片0在途请求已清空，开始执行脏行写回
[切片管理] 周期420401002：原域0仅剩1个切片，关闭路扩展模式
[动态重分配] 周期420401002：切片0写回完成，自动绑定到域2
[切片管理] 成功绑定切片0 → 安全域2，触发【路扩展模式】

======================== 切片硬件状态 ========================
切片号 | 所属安全域 | 当前状态    | 路扩展 | LRU touched
------------------------------------------------------------------
  0    |   域2      | 正常运行   |  是   |  420401002
  1    |   域2      | 正常运行   |  是   |  420400994
  2    |   域0      | 正常运行   |  否   |  420400972
  3    |   域3      | 正常运行   |  否   |  420400986
==================================================================


======================== 切片硬件状态 ========================
切片号 | 所属安全域 | 当前状态    | 路扩展 | LRU touched
------------------------------------------------------------------
  0    |   域2      | 正常运行   |  是   |  426299980
  1    |   域2      | 正常运行   |  是   |  426299993
  2    |   域0      | 正常运行   |  否   |  426299994
  3    |   域3      | 正常运行   |  否   |  426299952
==================================================================

[动态重分配] 周期426300000：预约迁移 冗余域2(4%) -> 切片1 -> 饥饿域0(11%)
[切片剥夺] 周期426300000：切片1（所属域2）进入待剥夺状态，禁止新替换
[切片剥夺] 周期426300156：切片1在途请求已清空，开始执行脏行写回
[切片管理] 周期426300465：原域2仅剩1个切片，关闭路扩展模式
[动态重分配] 周期426300465：切片1写回完成，自动绑定到域0
[切片管理] 成功绑定切片1 → 安全域0，触发【路扩展模式】

======================== 切片硬件状态 ========================
切片号 | 所属安全域 | 当前状态    | 路扩展 | LRU touched
------------------------------------------------------------------
  0    |   域2      | 正常运行   |  否   |  426300174
  1    |   域0      | 正常运行   |  是   |  426300465
  2    |   域0      | 正常运行   |  是   |  426300259
  3    |   域3      | 正常运行   |  否   |  426300271
==================================================================


======================== 切片硬件状态 ========================
切片号 | 所属安全域 | 当前状态    | 路扩展 | LRU touched
------------------------------------------------------------------
  0    |   域2      | 正常运行   |  否   |  433399999
  1    |   域0      | 正常运行   |  是   |  433400000
  2    |   域0      | 正常运行   |  是   |  433400000
  3    |   域3      | 正常运行   |  否   |  433399996
==================================================================

[动态重分配] 周期433400000：预约迁移 冗余域0(0%) -> 切片1 -> 饥饿域3(7%)
[切片剥夺] 周期433400000：切片1（所属域0）进入待剥夺状态，禁止新替换
[切片剥夺] 周期433400000：切片1在途请求已清空，开始执行脏行写回
[切片管理] 周期433400224：原域0仅剩1个切片，关闭路扩展模式
[动态重分配] 周期433400224：切片1写回完成，自动绑定到域3
[切片管理] 成功绑定切片1 → 安全域3，触发【路扩展模式】

======================== 切片硬件状态 ========================
切片号 | 所属安全域 | 当前状态    | 路扩展 | LRU touched
------------------------------------------------------------------
  0    |   域2      | 正常运行   |  否   |  433400219
  1    |   域3      | 正常运行   |  是   |  433400224
  2    |   域0      | 正常运行   |  否   |  433400218
  3    |   域3      | 正常运行   |  是   |  433400220
==================================================================


======================== 切片硬件状态 ========================
切片号 | 所属安全域 | 当前状态    | 路扩展 | LRU touched
------------------------------------------------------------------
  0    |   域2      | 正常运行   |  否   |  433700000
  1    |   域3      | 正常运行   |  是   |  433699991
  2    |   域0      | 正常运行   |  否   |  433699998
  3    |   域3      | 正常运行   |  是   |  433699995
==================================================================

[动态重分配] 周期433700000：预约迁移 冗余域3(1%) -> 切片3 -> 饥饿域2(7%)
[切片剥夺] 周期433700000：切片3（所属域3）进入待剥夺状态，禁止新替换
[切片剥夺] 周期433700000：切片3在途请求已清空，开始执行脏行写回
[切片管理] 周期433700621：原域3仅剩1个切片，关闭路扩展模式
[动态重分配] 周期433700621：切片3写回完成，自动绑定到域2
[切片管理] 成功绑定切片3 → 安全域2，触发【路扩展模式】

======================== 切片硬件状态 ========================
切片号 | 所属安全域 | 当前状态    | 路扩展 | LRU touched
------------------------------------------------------------------
  0    |   域2      | 正常运行   |  是   |  433700610
  1    |   域3      | 正常运行   |  否   |  433700614
  2    |   域0      | 正常运行   |  否   |  433700620
  3    |   域2      | 正常运行   |  是   |  433700621
==================================================================


======================== 切片硬件状态 ========================
切片号 | 所属安全域 | 当前状态    | 路扩展 | LRU touched
------------------------------------------------------------------
  0    |   域2      | 正常运行   |  是   |  439599999
  1    |   域3      | 正常运行   |  否   |  439600000
  2    |   域0      | 正常运行   |  否   |  439600000
  3    |   域2      | 正常运行   |  是   |  439599041
==================================================================

[动态重分配] 周期439600000：预约迁移 冗余域2(1%) -> 切片0 -> 饥饿域0(8%)
[切片剥夺] 周期439600000：切片0（所属域2）进入待剥夺状态，禁止新替换
[切片剥夺] 周期439600000：切片0在途请求已清空，开始执行脏行写回
[切片管理] 周期439617623：原域2仅剩1个切片，关闭路扩展模式
[动态重分配] 周期439617623：切片0写回完成，自动绑定到域0
[切片管理] 成功绑定切片0 → 安全域0，触发【路扩展模式】

======================== 切片硬件状态 ========================
切片号 | 所属安全域 | 当前状态    | 路扩展 | LRU touched
------------------------------------------------------------------
  0    |   域0      | 正常运行   |  是   |  439617623
  1    |   域3      | 正常运行   |  否   |  439617614
  2    |   域0      | 正常运行   |  是   |  439617598
  3    dgeqr2_ |   域2      | 正常运行   |  否   |  439617609
==================================================================


======================== 切片硬件状态 ========================
切片号 | 所属安全域 | 当前状态    | 路扩展 | LRU touched
------------------------------------------------------------------
  0    |   域0      | 正常运行   |  是   |  439799994
  1    |   域3      | 正常运行   |  否   |  439799996
  2    |   域0      | 正常运行   |  是   |  439799998
  3    |   域2      | 正常运行   |  否   |  439799997
==================================================================

[动态重分配] 周期439800000：预约迁移 冗余域0(0%) -> 切片2 -> 饥饿域2(6%)
[切片剥夺] 周期439800000：切片2（所属域0）进入待剥夺状态，禁止新替换
[切片剥夺] 周期439800000：切片2在途请求已清空，开始执行脏行写回
[切片管理] 周期439803425：原域0仅剩1个切片，关闭路扩展模式
[动态重分配] 周期439803425：切片2写回完成，自动绑定到域2
[切片管理] 成功绑定切片2 → 安全域2，触发【路扩展模式】

======================== 切片硬件状态 ========================
切片号 | 所属安全域 | 当前状态    | 路扩展 | LRU touched
------------------------------------------------------------------
  0    |   域0      | 正常运行   |  否   |  439803416
  1    |   域3      | 正常运行   |  否   |  439803425
  2    |   域2      | 正常运行   |  是   |  439803425
  3    |   域2      | 正常运行   |  是   |  439803424
==================================================================


======================== 切片硬件状态 ========================
切片号 | 所属安全域 | 当前状态    | 路扩展 | LRU touched
------------------------------------------------------------------
  0    |   域0      | 正常运行   |  否   |  452400000
  1    |   域3      | 正常运行   |  否   |  452400000
  2    |   域2      | 正常运行   |  是   |  452399979
  3    |   域2      | 正常运行   |  是   |  452400000
==================================================================

[动态重分配] 周期452400000：预约迁移 冗余域2(0%) -> 切片2 -> 饥饿域0(6%)
[切片剥夺] 周期452400000：切片2（所属域2）进入待剥夺状态，禁止新替换
[切片剥夺] 周期452400000：切片2在途请求已清空，开始执行脏行写回
[切片管理] 周期452401050：原域2仅剩1个切片，关闭路扩展模式
[动态重分配] 周期452401050：切片2写回完成，自动绑定到域0
[切片管理] 成功绑定切片2 → 安全域0，触发【路扩展模式】

======================== 切片硬件状态 ========================
切片号 | 所属安全域 | 当前状态    | 路扩展 | LRU touched
------------------------------------------------------------------
  0    |   域0      | 正常运行   |  是   |  452401046
  1    |   域3      | 正常运行   |  否   |  452401050
  2    |   域0      | 正常运行   |  是   |  452401050
  3    |   域2      | 正常运行   |  否   |  452401048
==================================================================


======================== 切片硬件状态 ========================
切片号 | 所属安全域 | 当前状态    | 路扩展 | LRU touched
------------------------------------------------------------------
  0    |   域0      | 正常运行   |  是   |  457099995
  1    |   域3      | 正常运行   |  否   |  457099994
  2    |   域0      | 正常运行   |  是   |  457099996
  3    |   域2      | 正常运行   |  否   |  457099992
==================================================================

[动态重分配] 周期457100000：预约迁移 冗余域0(0%) -> 切片2 -> 饥饿域2(6%)
[切片剥夺] 周期457100000：切片2（所属域0）进入待剥夺状态，禁止新替换
[切片剥夺] 周期457100000：切片2在途请求已清空，开始执行脏行写回
[切片管理] 周期457100224：原域0仅剩1个切片，关闭路扩展模 dgeqrf_式
[动态重分配] 周期457100224：切片2写回完成，自动绑定到域2
[切片管理] 成功绑定切片2 → 安全域2，触发【路扩展模式】

======================== 切片硬件状态 ========================
切片号 | 所属安全域 | 当前状态    | 路扩展 | LRU touched
------------------------------------------------------------------
  0    |   域0      | 正常运行   |  否   |  457100136
  1    |   域3      | 正常运行   |  否   |  457100221
  2    |   域2      | 正常运行   |  是   |  457100224
  3    |   域2      | 正常运行   |  是   |  457099992
==================================================================


======================== 切片硬件状态 ========================
切片号 | 所属安全域 | 当前状态    | 路扩展 | LRU touched
------------------------------------------------------------------
  0    |   域0      | 正常运行   |  否   |  472199998
  1    |   域3      | 正常运行   |  否   |  472199991
  2    |   域2      | 正常运行   |  是   |  472199993
  3    |   域2      | 正常运行   |  是   |  472199999
==================================================================

[动态重分配] 周期472200000：预约迁移 冗余域2(0%) -> 切片3 -> 饥饿域0(6%)
[切片剥夺] 周期472200000：切片3（所属域2）进入待剥夺状态，禁止新替换
[切片剥夺] 周期472200000：切片3在途请求已清空，开始执行脏行写回
[切片管理] 周期472203005：原域2仅剩1个切片，关闭路扩展模式
[动态重分配] 周期472203005：切片3写回完成，自动绑定到域0
[切片管理] 成功绑定切片3 → 安全域0，触发【路扩展模式】

======================== 切片硬件状态 ========================
切片号 | 所属安全域 | 当前状态    | 路扩展 | LRU touched
------------------------------------------------------------------
  0    |   域0      | 正常运行   |  是   |  472202998
  1    |   域3      | 正常运行   |  否   |  472202991
  2    |   域2      | 正常运行   |  否   |  472202986
  3    |   域0      | 正常运行   |  是   |  472203005
==================================================================


======================== 切片硬件状态 ========================
切片号 | 所属安全域 | 当前状态    | 路扩展 | LRU touched
------------------------------------------------------------------
  0    |   域0      | 正常运行   |  是   |  476299992
  1    |   域3      | 正常运行   |  否   |  476299921
  2    |   域2      | 正常运行   |  否   |  476299997
  3    |   域0      | 正常运行   |  是   |  476299992
==================================================================

[动态重分配] 周期476300000：预约迁移 冗余域0(0%) -> 切片3 -> 饥饿域2(6%)
[切片剥夺] 周期476300000：切片3（所属域0）进入待剥夺状态，禁止新替换
[切片剥夺] 周期476300152：切片3在途请求已清空，开始执行脏行写回
[切片管理] 周期476301509：原域0仅剩1个切片，关闭路扩展模式
[动态重分配] 周期476301509：切片3写回完成，自动绑定到域2
[切片管理] 成功绑定切片3 → 安全域2，触发【路扩展模式】

======================== 切片硬件状态 ========================
切片号 | 所属安全域 | 当前状态    | 路扩展 | LRU touched
------------------------------------------------------------------
  0    |   域0      | 正常运行   |  否   |  476301509
  1    |   域3      | 正常运行   |  否   |  476301465
  2    |   域2      | 正常运行   |  是   |  476301509
  3    |   域2      | 正常运行   |  是   |  476301509
==================================================================


======================== 切片硬件状态 ========================
切片号 | 所属安全域 | 当前状态    | 路扩展 | LRU touched
------------------------------------------------------------------
  0    |   域0      | 正常运行   |  否   |  481699997
  1    |   域3      | 正常运行   |  否   |  481699996
  2    |   域2      | 正常运行   |  是   |  481699998
  3    |   域2      | 正常运行   |  是   |  481699999
==================================================================

[动态重分配] 周期481700000：预约迁移 冗余域2(4%) -> 切片3 -> 饥饿域0(11%)
[切片剥夺] 周期481700000：切片3（所属域2）进入待剥夺状态，禁止新替换
[切片剥夺] 周期481700148：切片3在途请求已清空，开始执行脏行写回
[切片管理] 周期481700456：原域2仅剩1个切片，关闭路扩展模式
[动态重分配] 周期481700456：切片3写回完成，自动绑定到域0
[切片管理] 成功绑定切片3 → 安全域0，触发【路扩展模式】

======================== 切片硬件状态 ========================
切片号 | 所属安全域 | 当前状态    | 路扩展 | LRU touched
------------------------------------------------------------------
  0    |   域0      | 正常运行   |  是   |  481700398
  1    |   域3      | 正常运行   |  否   |  481700378
  2    |   域2      | 正常运行   |  否   |  481700395
  3    |   域0      | 正常运行   |  是   |  481700456
==================================================================


======================== 切片硬件状态 ========================
切片号 | 所属安全域 | 当前状态    | 路扩展 | LRU touched
------------------------------------------------------------------
  0    |   域0      | 正常运行   |  是   |  489699988
  1    |   域3      | 正常运行   |  否   |  489699999
  2    |   域2      | 正常运行   |  否   |  489699996
  3    |   域0      | 正常运行   |  是   |  489699997
==================================================================

[动态重分配] 周期489700000：预约迁移 冗余域0(0%) -> 切片0 -> 饥饿域2(6%)
[切片剥夺] 周期489700000：切片0（所属域0）进入待剥夺状态，禁止新替换
[切片剥夺] 周期489700000：切片0在途请求已清空，开始执行脏行写回
[切片管理] 周期489703444：原域0仅剩1个切片，关闭路扩展模式
[动态重分配] 周期489703444：切片0写回完成，自动绑定到域2
[切片管理] 成功绑定切片0 → 安全域2，触发【路扩展模式】

======================== 切片硬件状态 ========================
切片号 | 所属安全域 | 当前状态    | 路扩展 | LRU touched
------------------------------------------------------------------
  0    |   域2      | 正常运行   |  是   |  489703444
  1    |   域3      | 正常运行   |  否   |  489703441
  2    |   域2      | 正常运行   |  是   |  489703434
  3    |   域0      | 正常运行   |  否   |  489703430
==================================================================


======================== 切片硬件状态 ========================
切片号 | 所属安全域 | 当前状态    | 路扩展 | LRU touched
------------------------------------------------------------------
  0    |   域2      | 正常运行   |  是   |  500499998
  1    |   域3      | 正常运行   |  否   |  500499999
  2    |   域2      | 正常运行   |  是   |  500499993
  3    |   域0      | 正常运行   |  否   |  500500000
==================================================================

[动态重分配] 周期500500000：预约迁移 冗余域2(0%) -> 切片0 -> 饥饿域3(6%)
[切片剥夺] 周期500500000：切片0（所属域2）进入待剥夺状态，禁止新替换
[切片剥夺] 周期500500000：切片0在途请求已清空，开始执行脏行写回
[切片管理] 周期500505488：原域2仅剩1个切片，关闭路扩展模式
[动态重分配] 周期500505488：切片0写回完成，自动绑定到域3
[切片管理] 成功绑定切片0 → 安全域3，触发【路扩展模式】

======================== 切片硬件状态 ========================
切片号 | 所属安全域 | 当前状态    | 路扩展 | LRU touched
------------------------------------------------------------------
  0    |   域3      | 正常运行   |  是   |  500505488
  1    |   域3      | 正常运行   |  是   |  500505486
  2    |   域2      | 正常运行   |  否   |  500505488
  3    |   域0      | 正常运行   |  否   |  500505487
==================================================================


**** Debug Statistics at 501000000 Cycles *****
Threads: 4		Fetch Width: 8
No of useful instructions fetched:	1378600022 (34.40% proc util.)
No of total instructions fetched:	1780066341 (44.41% proc util.)
 includes 41584856 misfetch (2.3%), 359881463 (20.2%) wrong-path fetches
 and 0 flushed after failed lock(0.0%)
No of useful instructions issued/executed:	1378599994 (34.40% proc util.)
No of total instructions issued/executed:	1542624973 (38.49% proc util.)
 includes 164024979 wrong-path (10.6%) insts and 0 flushed (0.0%)
	fp 29710, 0.00%
	synch 0, 0.00%
	integer 1082239536, 70.16%
	load/store 460355727, 29.84%
Avg size of int IQ (before scheduling): 28.43
Avg size of fp IQ (before scheduling): 0.00
No of cycles taken:		501000000
Parallelism [ 0.769, 0.000, 0.984, 0.999,] = 2.752
 IQ conflicts: 6731353 (1.34%), FQ conflicts: 0 (0.00%) 
 I reg conflicts: 226121667 (45.13%), FP reg conflicts: 0 (0.00%)
  Activelist confs: 1210 (0.00%), ROB confs: 244743 (0.05%)
  Int unit conflicts: 854790696 (170.62%), FP unit conflicts: 9 (0.00%)
  Load/store unit conflicts: 77550772 (15.48%)
  MSHR conflicts: 511116282 (102.02%)
----------------------------------------
==== System-wide Cache Statistics ====
Stall for miss queue full 6636 cycles (0.00%)
----------------------------------------
==== Statistics for Master ID: 0 ====
Reads: 308926878   Writes: 52456980
ICACHE: size: 64 KB assoc: 2
ICACHE: hits:179165017 misses:2127860  Hit Ratio: 98.83%
DCACHE: size: 1*16 KB assoc: 1*4
DCACHE: hits:176307638 misses:3785887 writebacks:1310177  Hit Ratio: 97.90%
SCACHE: size: 512 KB assoc: 2
SCACHE: hits:4239504 misses:1671698  Hit Ratio: 71.72%
3CACHE: size: 4096 KB assoc: 2
3CACHE: hits:1312186 misses:359512  Hit Ratio: 78.49%
3CACHE: dirty items replaced:85161
ITLB: size: 48, misses 83983, miss rate 0.05%
DTLB: size: 128, misses 312645, miss rate 0.17%
Avg mem delay: 2.991 cycles
----------------------------------------
==== Statistics for Master ID: 2 ====
Reads: 285429693   Writes: 44088531
ICACHE: size: 64 KB assoc: 2
ICACHE: hits:176371245 misses:364657  Hit Ratio: 99.79%
DCACHE: size: 1*16 KB assoc: 1*4
DCACHE: hits:146483224 misses:6301782 writebacks:2797809  Hit Ratio: 95.88%
SCACHE: size: 512 KB assoc: 2
SCACHE: hits:4015487 misses:2648268  Hit Ratio: 60.26%
3CACHE: size: 4096 KB assoc: 2
3CACHE: hits:477873 misses:2170395  Hit Ratio: 18.04%
3CACHE: dirty items replaced:132567
ITLB: size: 48, misses 924, miss rate 0.00%
DTLB: size: 128, misses 180928, miss rate 0.12%
Avg mem delay: 2.991 cycles
----------------------------------------
==== Statistics for Master ID: 3 ====
Reads: 248368672   Writes: 37442050
ICACHE: size: 64 KB assoc: 2
ICACHE: hits:158489651 misses:349374  Hit Ratio: 99.78%
DCACHE: size: 2*16 KB assoc: 2*4
DCACHE: hits:122881945 misses:4091797 writebacks:2191181  Hit Ratio: 96.78%
SCACHE: size: 512 KB assoc: 2
SCACHE: hits:1660028 misses:2779098  Hit Ratio: 37.40%
3CACHE: size: 4096 KB assoc: 2
3CACHE: hits:482666 misses:2296432  Hit Ratio: 17.37%
3CACHE: dirty items replaced:143476
ITLB: size: 48, misses 1282, miss rate 0.00%
DTLB: size: 128, misses 212857, miss rate 0.17%
Avg mem delay: 2.991 cycles
----------------------------------------
==== Global Resource Utilization ====
STASH: size: 65536 entries, full 2033380536, empty 41156847, misses 3854518, full rate 97.83
icache bank util. 0.128 0.093 0.083 0.110 0.151 0.198 0.131 0.155 
dcache bank util. 0.108 0.123 0.136 0.123 0.158 0.109 0.167 0.118 
L2 bank util. 0.032 0.032 0.031 0.032 0.033 0.031 0.035 0.038 
L1-L2 bus util. = 0.140, L3 util. = 0.096
----------------------------------------

======================== 切片硬件状态 ========================
切片号 | 所属安全域 | 当前状态    | 路扩展 | LRU touched
------------------------------------------------------------------
  0    |   域3      | 正常运行   |  是   |  500999997
  1    |   域3      | 正常运行   |  是   |  500999991
  2    |   域2      | 正常运行   |  否   |  500999999
  3    |   域0      | 正常运行   |  否   |  500999992
==================================================================

branch prediction, hits = 107862849, misses = 14036794, hit rate = 88.48%
return_stack prediction, hits = 10380079, misses = 5110, hit rate = 99.95%
jump prediction, hits = 118584614, misses = 10983927, hit rate = 91.52%

======================== 切片硬件状态 ========================
切片号 | 所属安全域 | 当前状态    | 路扩展 | LRU touched
------------------------------------------------------------------
  0    |   域3      | 正常运行   |  是   |  501100000
  1    |   域3      | 正常运行   |  是   |  501099927
  2    |   域2      | 正常运行   |  否   |  501100000
  3    |   域0      | 正常运行   |  否   |  501099999
==================================================================

[动态重分配] 周期501100000：预约迁移 冗余域3(1%) -> 切片0 -> 饥饿域0(12%)
[切片剥夺] 周期501100000：切片0（所属域3）进入待剥夺状态，禁止新替换
[切片剥夺] 周期501100000：切片0在途请求已清空，开始执行脏行写回
[切片管理] 周期501101527：原域3仅剩1个切片，关闭路扩展模式
[动态重分配] 周期501101527：切片0写回完成，自动绑定到域0
[切片管理] 成功绑定切片0 → 安全域0，触发【路扩展模式】

======================== 切片硬件状态 ========================
切片号 | 所属安全域 | 当前状态    | 路扩展 | LRU touched
------------------------------------------------------------------
  0    |   域0      | 正常运行   |  是   |  501101527
  1    |   域3      | 正常运行   |  否   |  501101524
  2    |   域2      | 正常运行   |  否   |  501101525
  3    |   域0      | 正常运行   |  是   |  501101522
==================================================================


======================== 切片硬件状态 ========================
切片号 | 所属安全域 | 当前状态    | 路扩展 | LRU touched
------------------------------------------------------------------
  0    |   域0      | 正常运行   |  是   |  508699991
  1    |   域3      | 正常运行   |  否   |  508700000
  2    |   域2      | 正常运行   |  否   |  508700000
  3    |   域0      | 正常运行   |  是   |  508699986
==================================================================

[动态重分配] 周期508700000：预约迁移 冗余域0(0%) -> 切片3 -> 饥饿域2(6%)
[切片剥夺] 周期508700000：切片3（所属域0）进入待剥夺状态，禁止新替换
[切片剥夺] 周期508700000：切片3在途请求已清空，开始执行脏行写回
[切片管理] 周期508700938：原域0仅剩1个切片，关闭路扩展模式
[动态重分配] 周期508700938：切片3写回完成，自动绑定到域2
[切片管理] 成功绑定切片3 → 安全域2，触发【路扩展模式】

======================== 切片硬件状态 ========================
切片号 | 所属安全域 | 当前状态    | 路扩展 | LRU touched
------------------------------------------------------------------
  0    |   域0      | 正常运行   |  否   |  508700925
  1    |   域3      | 正常运行   |  否   |  508700928
  2    |   域2      | 正常运行   |  是   |  508700928
  3    |   域2      | 正常运行   |  是   |  508700938
==================================================================


======================== 切片硬件状态 ========================
切片号 | 所属安全域 | 当前状态    | 路扩展 | LRU touched
------------------------------------------------------------------
  0    |   域0      | 正常运行   |  否   |  520999998
  1    |   域3      | 正常运行   |  否   |  520999998
  2    |   域2      | 正常运行   |  是   |  521000000
  3    |   域2      | 正常运行   |  是   |  520999998
==================================================================

[动态重分配] 周期521000000：预约迁移 冗余域2(0%) -> 切片2 -> 饥饿域3(6%)
[切片剥夺] 周期521000000：切片2（所属域2）进入待剥夺状态，禁止新替换
[切片剥夺] 周期521000000：切片2在途请求已清空，开始执行脏行写回
[切片管理] 周期521003030：原域2仅剩1个切片，关闭路扩展模式
[动态重分配] 周期521003030：切片2写回完成，自动绑定到域3
[切片管理] 成功绑定切片2 →  dger_安全域3，触发【路扩展模式】

======================== 切片硬件状态 ========================
切片号 | 所属安全域 | 当前状态    | 路扩展 | LRU touched
------------------------------------------------------------------
  0    |   域0      | 正常运行   |  否   |  521003028
  1    |   域3      | 正常运行   |  是   |  521003028
  2    |   域3      | 正常运行   |  是   |  521003030
  3    |   域2      | 正常运行   |  否   |  521003030
==================================================================


======================== 切片硬件状态 ========================
切片号 | 所属安全域 | 当前状态    | 路扩展 | LRU touched
------------------------------------------------------------------
  0    |   域0      | 正常运行   |  否   |  521900000
  1    |   域3      | 正常运行   |  是   |  521899470
  2    |   域3      | 正常运行   |  是   |  521899997
  3    |   域2      | 正常运行   |  否   |  521900000
==================================================================

[动态重分配] 周期521900000：预约迁移 冗余域3(1%) -> 切片1 -> 饥饿域0(12%)
[切片剥夺] 周期521900000：切片1（所属域3）进入待剥夺状态，禁止新替换
[切片剥夺] 周期521900000：切片1在途请求已清空，开始执行脏行写回
[切片管理] 周期521920953：原域3仅剩1个切片，关闭路扩展模式
[动态重分配] 周期521920953：切片1写回完成，自动绑定到域0
[切片管理] 成功绑定切片1 → 安全域0，触发【路扩展模式】

======================== 切片硬件状态 ========================
切片号 | 所属安全域 | 当前状态    | 路扩展 | LRU touched
------------------------------------------------------------------
  0    |   域0      | 正常运行   |  是   |  521920952
  1    |   域0      | 正常运行   |  是   |  521920953
  2    |   域3      | 正常运行   |  否   |  521920944
  3    |   域2      | 正常运行   |  否   |  521920953
==================================================================


======================== 切片硬件状态 ========================
切片号 | 所属安全域 | 当前状态    | 路扩展 | LRU touched
------------------------------------------------------------------
  0    |   域0      | 正常运行   |  是   |  551000000
  1    |   域0      | 正常运行   |  是   |  550999996
  2    |   域3      | 正常运行   |  否   |  550999998
  3    |   域2      | 正常运行   |  否   |  550999999
==================================================================

[动态重分配] 周期551000000：预约迁移 冗余域0(0%) -> 切片0 -> 饥饿域2(6%)
[切片剥夺] 周期551000000：切片0（所属域0）进入待剥夺状态，禁止新替换
[切片剥夺] 周期551000000：切片0在途请求已清空，开始执行脏行写回
[切片管理] 周期551000200：原域0仅剩1个切片，关闭路扩展模式
[动态重分配] 周期551000200：切片0写回完成，自动绑定到域2
[切片管理] 成功绑定切片0 → 安全域2，触发【路扩展模式】

======================== 切片硬件状态 ========================
切片号 | 所属安全域 | 当前状态    | 路扩展 | LRU touched
------------------------------------------------------------------
  0    |   域2      | 正常运行   |  是   |  551000200
  1    |   域0      | 正常运行   |  否   |  551000092
  2    |   域3      | 正常运行   |  否   |  551000090
  3    |   域2      | 正常运行   |  是   |  551000092
==================================================================


======================== 切片硬件状态 ========================
切片号 | 所属安全域 | 当前状态    | 路扩展 | LRU touched
------------------------------------------------------------------
  0    |   域2      | 正常运行   |  是   |  573499998
  1    |   域0      | 正常运行   |  否   |  573499996
  2    |   域3      | 正常运行   |  否   |  573499997
  3    |   域2      | 正常运行   |  是   dlabad_ dlacon_ |  573499754
==================================================================

[动态重分配] 周期573500000：预约迁移 冗余域2(1%) -> 切片0 -> 饥饿域0(7%)
[切片剥夺] 周期573500000：切片0（所属域2）进入待剥夺状态，禁止新替换
[切片剥夺] 周期573500000：切片0在途请求已清空，开始执行脏行写回
[切片管理] 周期573514420：原域2仅剩1个切片，关闭路扩展模式
[动态重分配] 周期573514420：切片0写回完成，自动绑定到域0
[切片管理] 成功绑定切片0 → 安全域0，触发【路扩展模式】

======================== 切片硬件状态 ========================
切片号 | 所属安全域 | 当前状态    | 路扩展 | LRU touched
------------------------------------------------------------------
  0    |   域0      | 正常运行   |  是   |  573514420
  1    |   域0      | 正常运行   |  是   |  573514373
  2    |   域3      | 正常运行   |  否   |  573514410
  3    |   域2      | 正常运行   |  否   |  573514418
==================================================================


**** Debug Statistics at 601000000 Cycles *****
Threads: 4		Fetch Width: 8
No of useful instructions fetched:	1789713838 (37.22% proc util.)
No of total instructions fetched:	2326382319 (48.39% proc util.)
 includes 54263342 misfetch (2.3%), 482405139 (20.7%) wrong-path fetches
 and 0 flushed after failed lock(0.0%)
No of useful instructions issued/executed:	1789713808 (37.22% proc util.)
No of total instructions issued/executed:	2009414286 (41.79% proc util.)
 includes 219700478 wrong-path (10.9%) insts and 0 flushed (0.0%)
	fp 38631, 0.00%
	synch 0, 0.00%
	integer 1411316458, 70.24%
	load/store 598059197, 29.76%
Avg size of int IQ (before scheduling): 29.09
Avg size of fp IQ (before scheduling): 0.00
No of cycles taken:		601000000
Parallelism [ 0.823, 0.000, 1.070, 1.085,] = 2.978
 IQ conflicts: 8087211 (1.35%), FQ conflicts: 0 (0.00%) 
 I reg conflicts: 242149996 (40.29%), FP reg conflicts: 0 (0.00%)
  Activelist confs: 1571 (0.00%), ROB confs: 297745 (0.05%)
  Int unit conflicts: 1134684314 (188.80%), FP unit conflicts: 9 (0.00%)
  Load/store unit conflicts: 100558414 (16.73%)
  MSHR conflicts: 535263403 (89.06%)
----------------------------------------
==== System-wide Cache Statistics ====
Stall for miss queue full 7892 cycles (0.00%)
----------------------------------------
==== Statistics for Master ID: 0 ====
Reads: 400847565   Writes: 67297523
ICACHE: size: 64 KB assoc: 2
ICACHE: hits:232450198 misses:2833506  Hit Ratio: 98.80%
DCACHE: size: 2*16 KB assoc: 2*4
DCACHE: hits:228286527 misses:4577588 writebacks:1544963  Hit Ratio: 98.03%
SCACHE: size: 512 KB assoc: 2
SCACHE: hits:5395009 misses:2013353  Hit Ratio: 72.82%
3CACHE: size: 4096 KB assoc: 2
3CACHE: hits:1600645 misses:412708  Hit Ratio: 79.50%
3CACHE: dirty items replaced:104726
ITLB: size: 48, misses 113229, miss rate 0.05%
DTLB: size: 128, misses 403250, miss rate 0.17%
Avg mem delay: 2.600 cycles
----------------------------------------
==== Statistics for Master ID: 2 ====
Reads: 375373339   Writes: 56418631
ICACHE: size: 64 KB assoc: 2
ICACHE: hits:232127027 misses:489640  Hit Ratio: 99.79%
DCACHE: size: 1*16 KB assoc: 1*4
DCACHE: hits:191368183 misses:7810177 writebacks:3398316  Hit Ratio: 96.08%
SCACHE: size: 512 KB assoc: 2
SCACHE: hits:5445560 misses:2851200  Hit Ratio: 65.63%
3CACHE: size: 4096 KB assoc: 2
3CACHE: hits:631242 misses:2219958  Hit Ratio: 22.14%
3CACHE: dirty items replaced:156302
ITLB: size: 48, misses 1220, miss rate 0.00%
DTLB: size: 128, misses 215486, miss rate 0.11%
Avg mem delay: 2.600 cycles
----------------------------------------
==== Statistics for Master ID: 3 ====
Reads: 326578914   Writes: 47805688
ICACHE: size: 64 KB assoc: 2
ICACHE: hits:208561994 misses:471710  Hit Ratio: 99.77%
DCACHE: size: 1*16 KB assoc: 1*4
DCACHE: hits:160521943 misses:4831391 writebacks:2576531  Hit Ratio: 97.08%
SCACHE: size: 512 KB assoc: 2
SCACHE: hits:2295212 misses:3005453  Hit Ratio: 43.30%
3CACHE: size: 4096 KB assoc: 2
3CACHE: hits:642568 misses:2362885  Hit Ratio: 21.38%
3CACHE: dirty items replaced:165990
ITLB: size: 48, misses 1769, miss rate 0.00%
DTLB: size: 128, misses 259166, miss rate 0.16%
Avg mem delay: 2.600 cycles
----------------------------------------
==== Global Resource Utilization ====
STASH: size: 65536 entries, full 2633092584, empty 51963472, misses 4805764, full rate 97.89
icache bank util. 0.140 0.102 0.091 0.122 0.167 0.210 0.145 0.170 
dcache bank util. 0.116 0.133 0.147 0.132 0.170 0.116 0.180 0.124 
L2 bank util. 0.032 0.032 0.031 0.032 0.033 0.031 0.035 0.037 
L1-L2 bus util. = 0.142, L3 util. = 0.083
----------------------------------------

======================== 切片硬件状态 ========================
切片号 | 所属安全域 | 当前状态    | 路扩展 | LRU touched
------------------------------------------------------------------
  0    |   域0      | 正常运行   |  是   |  600999923
  1    |   域0      | 正常运行   |  是   |  600999999
  2    |   域3      | 正常运行   |  否   |  600999998
  3    |   域2      | 正常运行   |  否   |  600999997
==================================================================

branch prediction, hits = 136424911, misses = 18685702, hit rate = 87.95%
return_stack prediction, hits = 13709624, misses = 6362, hit rate = 99.95%
jump prediction, hits = 151244458, misses = 14370476, hit rate = 91.32%
 dlae2_ dlaev2_ dlamch_
======================== 切片硬件状态 ========================
切片号 | 所属安全域 | 当前状态    | 路扩展 | LRU touched
------------------------------------------------------------------
  0    |   域0      | 正常运行   |  是   |  638599998
  1    |   域0      | 正常运行   |  是   |  638600000
  2    |   域3      | 正常运行   |  否   |  638599997
  3    |   域2      | 正常运行   |  否   |  638599996
==================================================================

[动态重分配] 周期638600000：预约迁移 冗余域0(0%) -> 切片0 -> 饥饿域2(6%)
[切片剥夺] 周期638600000：切片0（所属域0）进入待剥夺状态，禁止新替换
[切片剥夺] 周期638600000：切片0在途请求已清空，开始执行脏行写回
[切片管理] 周期638603150：原域0仅剩1个切片，关闭路扩展模式
[动态重分配] 周期638603150：切片0写回完成，自动绑定到域2
[切片管理] 成功绑定切片0 → 安全域2，触发【路扩展模式】

======================== 切片硬件状态 ========================
切片号 | 所属安全域 | 当前状态    | 路扩展 | LRU touched
------------------------------------------------------------------
  0    |   域2      | 正常运行   |  是   |  638603150
  1    |   域0      | 正常运行   |  否   |  638603150
  2    |   域3      | 正常运行   |  否   |  638603147
  3    |   域2      | 正常运行   |  是   |  638603149
==================================================================


======================== 切片硬件状态 ========================
切片号 | 所属安全域 | 当前状态    | 路扩展 | LRU touched
------------------------------------------------------------------
  0    |   域2      | 正常运行   |  是   |  641299998
  1    |   域0      | 正常运行   |  否   |  641299993
  2    |   域3      | 正常运行   |  否   |  641299998
  3    |   域2      | 正常运行   |  是   |  641299998
==================================================================

[动态重分配] 周期641300000：预约迁移 冗余域2(0%) -> 切片0 -> 饥饿域3(6%)
[切片剥夺] 周期641300000：切片0（所属域2）进入待剥夺状态，禁止新替换
[切片剥夺] 周期641300000：切片0在途请求已清空，开始执行脏行写回
[切片管理] 周期641307715：原域2仅剩1个切片，关闭路扩展模式
[动态重分配] 周期641307715：切片0写回完成，自动绑定到域3
[切片管理] 成功绑定切片0 → 安全域3，触发【路扩展模式】

======================== 切片硬件状态 ========================
切片号 | 所属安全域 | 当前状态    | 路扩展 | LRU touched
------------------------------------------------------------------
  0    |   域3      | 正常运行   |  是   |  641307715
  1    |   域0      | 正常运行   |  否   |  641307701
  2    |   域3      | 正常运行   |  是   |  641307712
  3    |   域2      | 正常运行   |  否   |  641307715
==================================================================


**** Early Exiting at 652441134 Cycles *****
========================================
 SMTSIM Global Statistics
========================================
Threads: 4		Fetch Width: 8
No of useful instructions fetched:	2000000125 (38.32% proc util.)
No of total instructions fetched:	2606818052 (49.94% proc util.)
 includes 61592454 misfetch (2.4%), 545225473 (20.9%) wrong-path fetches
 and 0 flushed after failed lock(0.0%)
No of useful instructions issued/executed:	2000000091 (38.32% proc util.)
No of total instructions issued/executed:	2247995318 (43.07% proc util.)
 includes 247995227 wrong-path (11.0%) insts and 0 flushed (0.0%)
	fp 46664, 0.00%
	synch 0, 0.00%
	integer 1578924911, 70.24%
	load/store 669023743, 29.76%
Avg size of int IQ (before scheduling): 29.28
Avg size of fp IQ (before scheduling): 0.00
No of cycles taken:		652441134
Parallelism [ 0.841, 0.000, 1.104, 1.120,] = 3.065
 IQ conflicts: 8735387 (1.34%), FQ conflicts: 0 (0.00%) 
 I reg conflicts: 250416957 (38.38%), FP reg conflicts: 0 (0.00%)
  Activelist confs: 1602 (0.00%), ROB confs: 312679 (0.05%)
  Int unit conflicts: 1269948139 (194.65%), FP unit conflicts: 18 (0.00%)
  Load/store unit conflicts: 112308636 (17.21%)
  MSHR conflicts: 546114366 (83.70%)
----------------------------------------
==== System-wide Cache Statistics ====
Stall for miss queue full 8149 cycles (0.00%)
----------------------------------------
==== Statistics for Master ID: 0 ====
Reads: 446821983   Writes: 74768638
ICACHE: size: 64 KB assoc: 2
ICACHE: hits:259208205 misses:3240395  Hit Ratio: 98.77%
DCACHE: size: 1*16 KB assoc: 1*4
DCACHE: hits:254238390 misses:4906517 writebacks:1641898  Hit Ratio: 98.11%
SCACHE: size: 512 KB assoc: 2
SCACHE: hits:5958387 misses:2185638  Hit Ratio: 73.16%
3CACHE: size: 4096 KB assoc: 2
3CACHE: hits:1744865 misses:440773  Hit Ratio: 79.83%
3CACHE: dirty items replaced:114435
ITLB: size: 48, misses 132140, miss rate 0.05%
DTLB: size: 128, misses 446824, miss rate 0.17%
Avg mem delay: 2.461 cycles
----------------------------------------
==== Statistics for Master ID: 2 ====
Reads: 421445313   Writes: 62790930
ICACHE: size: 64 KB assoc: 2
ICACHE: hits:260685257 misses:558156  Hit Ratio: 99.79%
DCACHE: size: 1*16 KB assoc: 1*4
DCACHE: hits:214393701 misses:8602307 writebacks:3715263  Hit Ratio: 96.14%
SCACHE: size: 512 KB assoc: 2
SCACHE: hits:6205594 misses:2951691  Hit Ratio: 67.77%
3CACHE: size: 4096 KB assoc: 2
3CACHE: hits:705168 misses:2246523  Hit Ratio: 23.89%
3CACHE: dirty items replaced:168209
ITLB: size: 48, misses 1398, miss rate 0.00%
DTLB: size: 128, misses 232660, miss rate 0.10%
Avg mem delay: 2.461 cycles
----------------------------------------
==== Statistics for Master ID: 3 ====
Reads: 367864841   Writes: 53693745
ICACHE: size: 64 KB assoc: 2
ICACHE: hits:234901023 misses:535931  Hit Ratio: 99.77%
DCACHE: size: 2*16 KB assoc: 2*4
DCACHE: hits:180946136 misses:5177932 writebacks:2759799  Hit Ratio: 97.22%
SCACHE: size: 512 KB assoc: 2
SCACHE: hits:2592925 misses:3118502  Hit Ratio: 45.40%
3CACHE: size: 4096 KB assoc: 2
3CACHE: hits:720974 misses:2397528  Hit Ratio: 23.12%
3CACHE: dirty items replaced:182196
ITLB: size: 48, misses 2018, miss rate 0.00%
DTLB: size: 128, misses 281940, miss rate 0.15%
Avg mem delay: 2.461 cycles
----------------------------------------
==== Global Resource Utilization ====
STASH: size: 65536 entries, full 2940477956, empty 58357270, misses 5372115, full rate 97.88
icache bank util. 0.144 0.106 0.094 0.126 0.173 0.214 0.150 0.175 
dcache bank util. 0.118 0.136 0.152 0.135 0.177 0.119 0.184 0.126 
L2 bank util. 0.032 0.032 0.031 0.033 0.033 0.031 0.035 0.037 
L1-L2 bus util. = 0.143, L3 util. = 0.078
----------------------------------------

======================== 切片硬件状态 ========================
切片号 | 所属安全域 | 当前状态    | 路扩展 | LRU touched
------------------------------------------------------------------
  0    |   域3      | 正常运行   |  是   |  652441131
  1    |   域0      | 正常运行   |  否   |  652441133
  2    |   域3      | 正常运行   |  是   |  652441097
  3    |   域2      | 正常运行   |  否   |  652441131
==================================================================

branch prediction, hits = 150608663, misses = 21145482, hit rate = 87.69%
return_stack prediction, hits = 15515090, misses = 7456, hit rate = 99.95%
jump prediction, hits = 167603454, misses = 16282700, hit rate = 91.15%
total IPC 3.065

=== Results saved to: ./results/gcc-scilab_2_gzip-graphic_1_gzip-log_1.txt ===
