============================================================
SMTSIM 自动测试执行工具（适配新指令格式）
执行策略：不同Cache目录 ➜ 串行 | 同目录指令 ➜ 并行
指令文件：test_commands.txt
总有效指令：360 条
Cache目录总数：4 个
单目录并行数：120
日志目录：每个Cache下的 logs/
============================================================

========================================
开始执行 Cache：smtc128 | 共 360 条指令 | 并行数：120
日志目录：smtc128/logs
========================================
✅ [33/360] smtc128 执行成功 | smtc128_task33_20260416_145608.log
✅ [67/360] smtc128 执行成功 | smtc128_task67_20260416_145608.log
✅ [35/360] smtc128 执行成功 | smtc128_task35_20260416_145608.log
✅ [7/360] smtc128 执行成功 | smtc128_task7_20260416_145608.log
✅ [71/360] smtc128 执行成功 | smtc128_task71_20260416_145608.log
✅ [8/360] smtc128 执行成功 | smtc128_task8_20260416_145608.log
✅ [107/360] smtc128 执行成功 | smtc128_task107_20260416_145608.log
✅ [114/360] smtc128 执行成功 | smtc128_task114_20260416_145608.log
✅ [26/360] smtc128 执行成功 | smtc128_task26_20260416_145608.log
✅ [30/360] smtc128 执行成功 | smtc128_task30_20260416_145608.log
✅ [31/360] smtc128 执行成功 | smtc128_task31_20260416_145608.log
✅ [28/360] smtc128 执行成功 | smtc128_task28_20260416_145608.log
✅ [6/360] smtc128 执行成功 | smtc128_task6_20260416_145608.log
✅ [36/360] smtc128 执行成功 | smtc128_task36_20260416_145608.log
✅ [80/360] smtc128 执行成功 | smtc128_task80_20260416_145608.log
✅ [15/360] smtc128 执行成功 | smtc128_task15_20260416_145608.log
✅ [44/360] smtc128 执行成功 | smtc128_task44_20260416_145608.log
✅ [13/360] smtc128 执行成功 | smtc128_task13_20260416_145608.log
✅ [116/360] smtc128 执行成功 | smtc128_task116_20260416_145608.log
✅ [42/360] smtc128 执行成功 | smtc128_task42_20260416_145608.log
✅ [115/360] smtc128 执行成功 | smtc128_task115_20260416_145608.log
✅ [78/360] smtc128 执行成功 | smtc128_task78_20260416_145608.log
✅ [21/360] smtc128 执行成功 | smtc128_task21_20260416_145608.log
✅ [65/360] smtc128 执行成功 | smtc128_task65_20260416_145608.log
✅ [54/360] smtc128 执行成功 | smtc128_task54_20260416_145608.log
✅ [24/360] smtc128 执行成功 | smtc128_task24_20260416_145608.log
✅ [32/360] smtc128 执行成功 | smtc128_task32_20260416_145608.log
✅ [19/360] smtc128 执行成功 | smtc128_task19_20260416_145608.log
✅ [40/360] smtc128 执行成功 | smtc128_task40_20260416_145608.log
✅ [27/360] smtc128 执行成功 | smtc128_task27_20260416_145608.log
✅ [72/360] smtc128 执行成功 | smtc128_task72_20260416_145608.log
✅ [113/360] smtc128 执行成功 | smtc128_task113_20260416_145608.log
✅ [76/360] smtc128 执行成功 | smtc128_task76_20260416_145608.log
✅ [12/360] smtc128 执行成功 | smtc128_task12_20260416_145608.log
✅ [69/360] smtc128 执行成功 | smtc128_task69_20260416_145608.log
✅ [64/360] smtc128 执行成功 | smtc128_task64_20260416_145608.log
✅ [66/360] smtc128 执行成功 | smtc128_task66_20260416_145608.log
✅ [41/360] smtc128 执行成功 | smtc128_task41_20260416_145608.log
✅ [5/360] smtc128 执行成功 | smtc128_task5_20260416_145608.log
✅ [18/360] smtc128 执行成功 | smtc128_task18_20260416_145608.log
✅ [1/360] smtc128 执行成功 | smtc128_task1_20260416_145608.log
✅ [49/360] smtc128 执行成功 | smtc128_task49_20260416_145608.log
✅ [23/360] smtc128 执行成功 | smtc128_task23_20260416_145608.log
✅ [105/360] smtc128 执行成功 | smtc128_task105_20260416_145608.log
✅ [102/360] smtc128 执行成功 | smtc128_task102_20260416_145608.log
✅ [77/360] smtc128 执行成功 | smtc128_task77_20260416_145608.log
✅ [17/360] smtc128 执行成功 | smtc128_task17_20260416_145608.log
✅ [103/360] smtc128 执行成功 | smtc128_task103_20260416_145608.log
✅ [4/360] smtc128 执行成功 | smtc128_task4_20260416_145608.log
✅ [112/360] smtc128 执行成功 | smtc128_task112_20260416_145608.log
✅ [100/360] smtc128 执行成功 | smtc128_task100_20260416_145608.log
✅ [29/360] smtc128 执行成功 | smtc128_task29_20260416_145608.log
✅ [11/360] smtc128 执行成功 | smtc128_task11_20260416_145608.log
✅ [109/360] smtc128 执行成功 | smtc128_task109_20260416_145608.log
✅ [98/360] smtc128 执行成功 | smtc128_task98_20260416_145608.log
✅ [22/360] smtc128 执行成功 | smtc128_task22_20260416_145608.log
✅ [87/360] smtc128 执行成功 | smtc128_task87_20260416_145608.log
✅ [43/360] smtc128 执行成功 | smtc128_task43_20260416_145608.log
✅ [51/360] smtc128 执行成功 | smtc128_task51_20260416_145608.log
✅ [91/360] smtc128 执行成功 | smtc128_task91_20260416_145608.log
✅ [79/360] smtc128 执行成功 | smtc128_task79_20260416_145608.log
✅ [70/360] smtc128 执行成功 | smtc128_task70_20260416_145608.log
✅ [85/360] smtc128 执行成功 | smtc128_task85_20260416_145608.log
✅ [108/360] smtc128 执行成功 | smtc128_task108_20260416_145608.log
✅ [110/360] smtc128 执行成功 | smtc128_task110_20260416_145608.log
✅ [86/360] smtc128 执行成功 | smtc128_task86_20260416_145608.log
✅ [57/360] smtc128 执行成功 | smtc128_task57_20260416_145608.log
✅ [9/360] smtc128 执行成功 | smtc128_task9_20260416_145608.log
✅ [62/360] smtc128 执行成功 | smtc128_task62_20260416_145608.log
✅ [93/360] smtc128 执行成功 | smtc128_task93_20260416_145608.log
✅ [106/360] smtc128 执行成功 | smtc128_task106_20260416_145608.log
✅ [96/360] smtc128 执行成功 | smtc128_task96_20260416_145608.log
✅ [38/360] smtc128 执行成功 | smtc128_task38_20260416_145608.log
✅ [39/360] smtc128 执行成功 | smtc128_task39_20260416_145608.log
✅ [37/360] smtc128 执行成功 | smtc128_task37_20260416_145608.log
✅ [10/360] smtc128 执行成功 | smtc128_task10_20260416_145608.log
✅ [74/360] smtc128 执行成功 | smtc128_task74_20260416_145608.log
✅ [83/360] smtc128 执行成功 | smtc128_task83_20260416_145608.log
✅ [3/360] smtc128 执行成功 | smtc128_task3_20260416_145608.log
✅ [75/360] smtc128 执行成功 | smtc128_task75_20260416_145608.log
✅ [55/360] smtc128 执行成功 | smtc128_task55_20260416_145608.log
✅ [60/360] smtc128 执行成功 | smtc128_task60_20260416_145608.log
✅ [68/360] smtc128 执行成功 | smtc128_task68_20260416_145608.log
✅ [16/360] smtc128 执行成功 | smtc128_task16_20260416_145608.log
✅ [73/360] smtc128 执行成功 | smtc128_task73_20260416_145608.log
✅ [2/360] smtc128 执行成功 | smtc128_task2_20260416_145608.log
✅ [111/360] smtc128 执行成功 | smtc128_task111_20260416_145608.log
✅ [99/360] smtc128 执行成功 | smtc128_task99_20260416_145608.log
✅ [20/360] smtc128 执行成功 | smtc128_task20_20260416_145608.log
✅ [14/360] smtc128 执行成功 | smtc128_task14_20260416_145608.log
✅ [63/360] smtc128 执行成功 | smtc128_task63_20260416_145608.log
✅ [25/360] smtc128 执行成功 | smtc128_task25_20260416_145608.log
✅ [104/360] smtc128 执行成功 | smtc128_task104_20260416_145608.log
✅ [101/360] smtc128 执行成功 | smtc128_task101_20260416_145608.log
✅ [90/360] smtc128 执行成功 | smtc128_task90_20260416_145608.log
✅ [92/360] smtc128 执行成功 | smtc128_task92_20260416_145608.log
✅ [48/360] smtc128 执行成功 | smtc128_task48_20260416_145608.log
✅ [84/360] smtc128 执行成功 | smtc128_task84_20260416_145608.log
✅ [120/360] smtc128 执行成功 | smtc128_task120_20260416_145608.log
✅ [53/360] smtc128 执行成功 | smtc128_task53_20260416_145608.log
✅ [119/360] smtc128 执行成功 | smtc128_task119_20260416_145608.log
✅ [59/360] smtc128 执行成功 | smtc128_task59_20260416_145608.log
✅ [58/360] smtc128 执行成功 | smtc128_task58_20260416_145608.log
✅ [47/360] smtc128 执行成功 | smtc128_task47_20260416_145608.log
✅ [89/360] smtc128 执行成功 | smtc128_task89_20260416_145608.log
✅ [95/360] smtc128 执行成功 | smtc128_task95_20260416_145608.log
✅ [94/360] smtc128 执行成功 | smtc128_task94_20260416_145608.log
✅ [50/360] smtc128 执行成功 | smtc128_task50_20260416_145608.log
✅ [56/360] smtc128 执行成功 | smtc128_task56_20260416_145608.log
✅ [61/360] smtc128 执行成功 | smtc128_task61_20260416_145608.log
✅ [97/360] smtc128 执行成功 | smtc128_task97_20260416_145608.log
✅ [45/360] smtc128 执行成功 | smtc128_task45_20260416_145608.log
✅ [81/360] smtc128 执行成功 | smtc128_task81_20260416_145608.log
✅ [117/360] smtc128 执行成功 | smtc128_task117_20260416_145608.log
✅ [82/360] smtc128 执行成功 | smtc128_task82_20260416_145608.log
✅ [118/360] smtc128 执行成功 | smtc128_task118_20260416_145608.log
✅ [52/360] smtc128 执行成功 | smtc128_task52_20260416_145608.log
✅ [46/360] smtc128 执行成功 | smtc128_task46_20260416_145608.log
✅ [88/360] smtc128 执行成功 | smtc128_task88_20260416_145608.log
✅ [121/360] smtc128 执行成功 | smtc128_task121_20260416_151306.log
✅ [143/360] smtc128 执行成功 | smtc128_task143_20260416_152337.log
✅ [123/360] smtc128 执行成功 | smtc128_task123_20260416_151618.log
✅ [142/360] smtc128 执行成功 | smtc128_task142_20260416_152331.log
✅ [34/360] smtc128 执行成功 | smtc128_task34_20260416_145608.log
✅ [150/360] smtc128 执行成功 | smtc128_task150_20260416_152456.log
✅ [175/360] smtc128 执行成功 | smtc128_task175_20260416_152821.log
✅ [139/360] smtc128 执行成功 | smtc128_task139_20260416_152319.log
✅ [129/360] smtc128 执行成功 | smtc128_task129_20260416_152016.log
✅ [188/360] smtc128 执行成功 | smtc128_task188_20260416_152945.log
✅ [152/360] smtc128 执行成功 | smtc128_task152_20260416_152556.log
✅ [127/360] smtc128 执行成功 | smtc128_task127_20260416_151926.log
✅ [138/360] smtc128 执行成功 | smtc128_task138_20260416_152319.log
✅ [201/360] smtc128 执行成功 | smtc128_task201_20260416_153032.log
✅ [141/360] smtc128 执行成功 | smtc128_task141_20260416_152328.log
✅ [221/360] smtc128 执行成功 | smtc128_task221_20260416_153444.log
✅ [122/360] smtc128 执行成功 | smtc128_task122_20260416_151527.log
✅ [136/360] smtc128 执行成功 | smtc128_task136_20260416_152256.log
✅ [186/360] smtc128 执行成功 | smtc128_task186_20260416_152932.log
✅ [149/360] smtc128 执行成功 | smtc128_task149_20260416_152424.log
✅ [134/360] smtc128 执行成功 | smtc128_task134_20260416_152222.log
✅ [211/360] smtc128 执行成功 | smtc128_task211_20260416_153125.log
✅ [132/360] smtc128 执行成功 | smtc128_task132_20260416_152115.log
✅ [131/360] smtc128 执行成功 | smtc128_task131_20260416_152100.log
✅ [148/360] smtc128 执行成功 | smtc128_task148_20260416_152421.log
✅ [125/360] smtc128 执行成功 | smtc128_task125_20260416_151713.log
✅ [179/360] smtc128 执行成功 | smtc128_task179_20260416_152848.log
✅ [135/360] smtc128 执行成功 | smtc128_task135_20260416_152248.log
✅ [208/360] smtc128 执行成功 | smtc128_task208_20260416_153058.log
✅ [215/360] smtc128 执行成功 | smtc128_task215_20260416_153325.log
✅ [185/360] smtc128 执行成功 | smtc128_task185_20260416_152929.log
✅ [144/360] smtc128 执行成功 | smtc128_task144_20260416_152347.log
✅ [126/360] smtc128 执行成功 | smtc128_task126_20260416_151911.log
✅ [145/360] smtc128 执行成功 | smtc128_task145_20260416_152352.log
✅ [140/360] smtc128 执行成功 | smtc128_task140_20260416_152322.log
✅ [224/360] smtc128 执行成功 | smtc128_task224_20260416_153502.log
✅ [151/360] smtc128 执行成功 | smtc128_task151_20260416_152458.log
✅ [146/360] smtc128 执行成功 | smtc128_task146_20260416_152409.log
✅ [159/360] smtc128 执行成功 | smtc128_task159_20260416_152658.log
✅ [137/360] smtc128 执行成功 | smtc128_task137_20260416_152259.log
✅ [174/360] smtc128 执行成功 | smtc128_task174_20260416_152815.log
✅ [181/360] smtc128 执行成功 | smtc128_task181_20260416_152909.log
✅ [177/360] smtc128 执行成功 | smtc128_task177_20260416_152829.log
✅ [147/360] smtc128 执行成功 | smtc128_task147_20260416_152413.log
✅ [222/360] smtc128 执行成功 | smtc128_task222_20260416_153445.log
✅ [206/360] smtc128 执行成功 | smtc128_task206_20260416_153041.log
✅ [184/360] smtc128 执行成功 | smtc128_task184_20260416_152926.log
✅ [130/360] smtc128 执行成功 | smtc128_task130_20260416_152026.log
✅ [165/360] smtc128 执行成功 | smtc128_task165_20260416_152721.log
✅ [128/360] smtc128 执行成功 | smtc128_task128_20260416_152012.log
✅ [171/360] smtc128 执行成功 | smtc128_task171_20260416_152753.log
✅ [213/360] smtc128 执行成功 | smtc128_task213_20260416_153155.log
✅ [172/360] smtc128 执行成功 | smtc128_task172_20260416_152809.log
✅ [187/360] smtc128 执行成功 | smtc128_task187_20260416_152937.log
✅ [157/360] smtc128 执行成功 | smtc128_task157_20260416_152638.log
✅ [182/360] smtc128 执行成功 | smtc128_task182_20260416_152924.log
✅ [203/360] smtc128 执行成功 | smtc128_task203_20260416_153036.log
✅ [183/360] smtc128 执行成功 | smtc128_task183_20260416_152924.log
✅ [204/360] smtc128 执行成功 | smtc128_task204_20260416_153038.log
✅ [193/360] smtc128 执行成功 | smtc128_task193_20260416_153004.log
✅ [195/360] smtc128 执行成功 | smtc128_task195_20260416_153018.log
✅ [214/360] smtc128 执行成功 | smtc128_task214_20260416_153235.log
✅ [199/360] smtc128 执行成功 | smtc128_task199_20260416_153028.log
✅ [168/360] smtc128 执行成功 | smtc128_task168_20260416_152732.log
✅ [163/360] smtc128 执行成功 | smtc128_task163_20260416_152718.log
✅ [170/360] smtc128 执行成功 | smtc128_task170_20260416_152752.log
✅ [210/360] smtc128 执行成功 | smtc128_task210_20260416_153108.log
✅ [216/360] smtc128 执行成功 | smtc128_task216_20260416_153346.log
✅ [178/360] smtc128 执行成功 | smtc128_task178_20260416_152835.log
✅ [180/360] smtc128 执行成功 | smtc128_task180_20260416_152858.log
✅ [192/360] smtc128 执行成功 | smtc128_task192_20260416_153002.log
✅ [173/360] smtc128 执行成功 | smtc128_task173_20260416_152813.log
✅ [223/360] smtc128 执行成功 | smtc128_task223_20260416_153456.log
✅ [133/360] smtc128 执行成功 | smtc128_task133_20260416_152215.log
✅ [202/360] smtc128 执行成功 | smtc128_task202_20260416_153033.log
✅ [156/360] smtc128 执行成功 | smtc128_task156_20260416_152632.log
✅ [124/360] smtc128 执行成功 | smtc128_task124_20260416_151630.log
✅ [217/360] smtc128 执行成功 | smtc128_task217_20260416_153356.log
✅ [218/360] smtc128 执行成功 | smtc128_task218_20260416_153358.log
✅ [207/360] smtc128 执行成功 | smtc128_task207_20260416_153051.log
✅ [219/360] smtc128 执行成功 | smtc128_task219_20260416_153359.log
✅ [162/360] smtc128 执行成功 | smtc128_task162_20260416_152717.log
✅ [220/360] smtc128 执行成功 | smtc128_task220_20260416_153420.log
✅ [155/360] smtc128 执行成功 | smtc128_task155_20260416_152630.log
✅ [198/360] smtc128 执行成功 | smtc128_task198_20260416_153028.log
✅ [161/360] smtc128 执行成功 | smtc128_task161_20260416_152709.log
✅ [212/360] smtc128 执行成功 | smtc128_task212_20260416_153131.log
✅ [166/360] smtc128 执行成功 | smtc128_task166_20260416_152725.log
✅ [176/360] smtc128 执行成功 | smtc128_task176_20260416_152829.log
✅ [229/360] smtc128 执行成功 | smtc128_task229_20260416_153613.log
✅ [194/360] smtc128 执行成功 | smtc128_task194_20260416_153015.log
✅ [158/360] smtc128 执行成功 | smtc128_task158_20260416_152651.log
✅ [191/360] smtc128 执行成功 | smtc128_task191_20260416_152959.log
✅ [189/360] smtc128 执行成功 | smtc128_task189_20260416_152955.log
✅ [167/360] smtc128 执行成功 | smtc128_task167_20260416_152729.log
✅ [200/360] smtc128 执行成功 | smtc128_task200_20260416_153030.log
✅ [231/360] smtc128 执行成功 | smtc128_task231_20260416_153858.log
✅ [209/360] smtc128 执行成功 | smtc128_task209_20260416_153106.log
✅ [196/360] smtc128 执行成功 | smtc128_task196_20260416_153025.log
✅ [190/360] smtc128 执行成功 | smtc128_task190_20260416_152955.log
✅ [205/360] smtc128 执行成功 | smtc128_task205_20260416_153038.log
✅ [197/360] smtc128 执行成功 | smtc128_task197_20260416_153027.log
✅ [228/360] smtc128 执行成功 | smtc128_task228_20260416_153613.log
✅ [154/360] smtc128 执行成功 | smtc128_task154_20260416_152616.log
✅ [164/360] smtc128 执行成功 | smtc128_task164_20260416_152721.log
✅ [230/360] smtc128 执行成功 | smtc128_task230_20260416_153613.log
✅ [153/360] smtc128 执行成功 | smtc128_task153_20260416_152606.log
✅ [169/360] smtc128 执行成功 | smtc128_task169_20260416_152743.log
✅ [226/360] smtc128 执行成功 | smtc128_task226_20260416_153518.log
✅ [235/360] smtc128 执行成功 | smtc128_task235_20260416_154054.log
✅ [225/360] smtc128 执行成功 | smtc128_task225_20260416_153516.log
✅ [237/360] smtc128 执行成功 | smtc128_task237_20260416_154208.log
✅ [227/360] smtc128 执行成功 | smtc128_task227_20260416_153538.log
✅ [233/360] smtc128 执行成功 | smtc128_task233_20260416_154028.log
✅ [260/360] smtc128 执行成功 | smtc128_task260_20260416_155441.log
✅ [234/360] smtc128 执行成功 | smtc128_task234_20260416_154029.log
✅ [240/360] smtc128 执行成功 | smtc128_task240_20260416_154638.log
✅ [258/360] smtc128 执行成功 | smtc128_task258_20260416_155349.log
✅ [232/360] smtc128 执行成功 | smtc128_task232_20260416_153937.log
✅ [160/360] smtc128 执行成功 | smtc128_task160_20260416_152658.log
✅ [251/360] smtc128 执行成功 | smtc128_task251_20260416_155318.log
✅ [257/360] smtc128 执行成功 | smtc128_task257_20260416_155344.log
✅ [236/360] smtc128 执行成功 | smtc128_task236_20260416_154102.log
✅ [296/360] smtc128 执行成功 | smtc128_task296_20260416_160100.log
✅ [249/360] smtc128 执行成功 | smtc128_task249_20260416_155306.log
✅ [254/360] smtc128 执行成功 | smtc128_task254_20260416_155334.log
✅ [239/360] smtc128 执行成功 | smtc128_task239_20260416_154527.log
✅ [238/360] smtc128 执行成功 | smtc128_task238_20260416_154209.log
✅ [253/360] smtc128 执行成功 | smtc128_task253_20260416_155333.log
✅ [242/360] smtc128 执行成功 | smtc128_task242_20260416_154934.log
✅ [247/360] smtc128 执行成功 | smtc128_task247_20260416_155217.log
✅ [255/360] smtc128 执行成功 | smtc128_task255_20260416_155343.log
✅ [271/360] smtc128 执行成功 | smtc128_task271_20260416_155725.log
✅ [285/360] smtc128 执行成功 | smtc128_task285_20260416_155926.log
✅ [256/360] smtc128 执行成功 | smtc128_task256_20260416_155343.log
✅ [287/360] smtc128 执行成功 | smtc128_task287_20260416_160007.log
✅ [244/360] smtc128 执行成功 | smtc128_task244_20260416_155007.log
✅ [252/360] smtc128 执行成功 | smtc128_task252_20260416_155321.log
✅ [246/360] smtc128 执行成功 | smtc128_task246_20260416_155159.log
✅ [265/360] smtc128 执行成功 | smtc128_task265_20260416_155548.log
✅ [267/360] smtc128 执行成功 | smtc128_task267_20260416_155624.log
✅ [262/360] smtc128 执行成功 | smtc128_task262_20260416_155503.log
✅ [264/360] smtc128 执行成功 | smtc128_task264_20260416_155512.log
✅ [273/360] smtc128 执行成功 | smtc128_task273_20260416_155810.log
✅ [245/360] smtc128 执行成功 | smtc128_task245_20260416_155028.log
✅ [250/360] smtc128 执行成功 | smtc128_task250_20260416_155310.log
✅ [241/360] smtc128 执行成功 | smtc128_task241_20260416_154924.log
✅ [243/360] smtc128 执行成功 | smtc128_task243_20260416_154947.log
✅ [278/360] smtc128 执行成功 | smtc128_task278_20260416_155833.log
✅ [282/360] smtc128 执行成功 | smtc128_task282_20260416_155905.log
✅ [288/360] smtc128 执行成功 | smtc128_task288_20260416_160013.log
✅ [330/360] smtc128 执行成功 | smtc128_task330_20260416_160606.log
✅ [326/360] smtc128 执行成功 | smtc128_task326_20260416_160539.log
✅ [248/360] smtc128 执行成功 | smtc128_task248_20260416_155230.log
✅ [261/360] smtc128 执行成功 | smtc128_task261_20260416_155459.log
✅ [331/360] smtc128 执行成功 | smtc128_task331_20260416_160619.log
✅ [283/360] smtc128 执行成功 | smtc128_task283_20260416_155907.log
✅ [263/360] smtc128 执行成功 | smtc128_task263_20260416_155508.log
✅ [293/360] smtc128 执行成功 | smtc128_task293_20260416_160047.log
✅ [286/360] smtc128 执行成功 | smtc128_task286_20260416_155942.log
✅ [266/360] smtc128 执行成功 | smtc128_task266_20260416_155557.log
✅ [270/360] smtc128 执行成功 | smtc128_task270_20260416_155714.log
✅ [280/360] smtc128 执行成功 | smtc128_task280_20260416_155902.log
✅ [275/360] smtc128 执行成功 | smtc128_task275_20260416_155818.log
✅ [276/360] smtc128 执行成功 | smtc128_task276_20260416_155819.log
✅ [279/360] smtc128 执行成功 | smtc128_task279_20260416_155854.log
✅ [284/360] smtc128 执行成功 | smtc128_task284_20260416_155912.log
✅ [277/360] smtc128 执行成功 | smtc128_task277_20260416_155828.log
✅ [328/360] smtc128 执行成功 | smtc128_task328_20260416_160552.log
✅ [274/360] smtc128 执行成功 | smtc128_task274_20260416_155811.log
✅ [294/360] smtc128 执行成功 | smtc128_task294_20260416_160048.log
✅ [329/360] smtc128 执行成功 | smtc128_task329_20260416_160555.log
✅ [306/360] smtc128 执行成功 | smtc128_task306_20260416_160226.log
✅ [323/360] smtc128 执行成功 | smtc128_task323_20260416_160511.log
✅ [269/360] smtc128 执行成功 | smtc128_task269_20260416_155704.log
✅ [332/360] smtc128 执行成功 | smtc128_task332_20260416_160630.log
✅ [324/360] smtc128 执行成功 | smtc128_task324_20260416_160511.log
✅ [289/360] smtc128 执行成功 | smtc128_task289_20260416_160017.log
✅ [321/360] smtc128 执行成功 | smtc128_task321_20260416_160502.log
✅ [325/360] smtc128 执行成功 | smtc128_task325_20260416_160536.log
✅ [268/360] smtc128 执行成功 | smtc128_task268_20260416_155642.log
✅ [308/360] smtc128 执行成功 | smtc128_task308_20260416_160313.log
✅ [281/360] smtc128 执行成功 | smtc128_task281_20260416_155903.log
✅ [272/360] smtc128 执行成功 | smtc128_task272_20260416_155806.log
✅ [318/360] smtc128 执行成功 | smtc128_task318_20260416_160432.log
✅ [322/360] smtc128 执行成功 | smtc128_task322_20260416_160507.log
✅ [317/360] smtc128 执行成功 | smtc128_task317_20260416_160425.log
✅ [311/360] smtc128 执行成功 | smtc128_task311_20260416_160327.log
✅ [327/360] smtc128 执行成功 | smtc128_task327_20260416_160546.log
✅ [300/360] smtc128 执行成功 | smtc128_task300_20260416_160118.log
✅ [292/360] smtc128 执行成功 | smtc128_task292_20260416_160041.log
✅ [338/360] smtc128 执行成功 | smtc128_task338_20260416_160820.log
✅ [303/360] smtc128 执行成功 | smtc128_task303_20260416_160143.log
✅ [312/360] smtc128 执行成功 | smtc128_task312_20260416_160340.log
✅ [302/360] smtc128 执行成功 | smtc128_task302_20260416_160137.log
✅ [290/360] smtc128 执行成功 | smtc128_task290_20260416_160028.log
✅ [291/360] smtc128 执行成功 | smtc128_task291_20260416_160034.log
✅ [344/360] smtc128 执行成功 | smtc128_task344_20260416_160959.log
✅ [309/360] smtc128 执行成功 | smtc128_task309_20260416_160315.log
✅ [333/360] smtc128 执行成功 | smtc128_task333_20260416_160632.log
✅ [314/360] smtc128 执行成功 | smtc128_task314_20260416_160413.log
✅ [315/360] smtc128 执行成功 | smtc128_task315_20260416_160416.log
✅ [320/360] smtc128 执行成功 | smtc128_task320_20260416_160500.log
✅ [340/360] smtc128 执行成功 | smtc128_task340_20260416_160846.log
✅ [336/360] smtc128 执行成功 | smtc128_task336_20260416_160749.log
✅ [360/360] smtc128 执行成功 | smtc128_task360_20260416_161721.log
✅ [356/360] smtc128 执行成功 | smtc128_task356_20260416_161605.log
✅ [313/360] smtc128 执行成功 | smtc128_task313_20260416_160403.log
✅ [301/360] smtc128 执行成功 | smtc128_task301_20260416_160119.log
✅ [349/360] smtc128 执行成功 | smtc128_task349_20260416_161210.log
✅ [342/360] smtc128 执行成功 | smtc128_task342_20260416_160940.log
✅ [339/360] smtc128 执行成功 | smtc128_task339_20260416_160831.log
✅ [319/360] smtc128 执行成功 | smtc128_task319_20260416_160455.log
✅ [297/360] smtc128 执行成功 | smtc128_task297_20260416_160102.log
✅ [358/360] smtc128 执行成功 | smtc128_task358_20260416_161636.log
✅ [347/360] smtc128 执行成功 | smtc128_task347_20260416_161043.log
✅ [304/360] smtc128 执行成功 | smtc128_task304_20260416_160155.log
✅ [353/360] smtc128 执行成功 | smtc128_task353_20260416_161449.log
✅ [307/360] smtc128 执行成功 | smtc128_task307_20260416_160240.log
✅ [337/360] smtc128 执行成功 | smtc128_task337_20260416_160809.log
✅ [334/360] smtc128 执行成功 | smtc128_task334_20260416_160635.log
✅ [352/360] smtc128 执行成功 | smtc128_task352_20260416_161349.log
✅ [299/360] smtc128 执行成功 | smtc128_task299_20260416_160109.log
✅ [316/360] smtc128 执行成功 | smtc128_task316_20260416_160422.log
✅ [343/360] smtc128 执行成功 | smtc128_task343_20260416_160948.log
✅ [355/360] smtc128 执行成功 | smtc128_task355_20260416_161526.log
✅ [345/360] smtc128 执行成功 | smtc128_task345_20260416_161022.log
✅ [357/360] smtc128 执行成功 | smtc128_task357_20260416_161629.log
✅ [298/360] smtc128 执行成功 | smtc128_task298_20260416_160109.log
✅ [335/360] smtc128 执行成功 | smtc128_task335_20260416_160716.log
✅ [346/360] smtc128 执行成功 | smtc128_task346_20260416_161030.log
✅ [348/360] smtc128 执行成功 | smtc128_task348_20260416_161207.log
✅ [259/360] smtc128 执行成功 | smtc128_task259_20260416_155412.log
✅ [341/360] smtc128 执行成功 | smtc128_task341_20260416_160939.log
✅ [350/360] smtc128 执行成功 | smtc128_task350_20260416_161301.log
✅ [351/360] smtc128 执行成功 | smtc128_task351_20260416_161317.log
✅ [310/360] smtc128 执行成功 | smtc128_task310_20260416_160318.log
✅ [359/360] smtc128 执行成功 | smtc128_task359_20260416_161650.log
✅ [305/360] smtc128 执行成功 | smtc128_task305_20260416_160204.log
✅ [354/360] smtc128 执行成功 | smtc128_task354_20260416_161510.log
✅ [295/360] smtc128 执行成功 | smtc128_task295_20260416_160053.log

========================================
开始执行 Cache：smtc64 | 共 360 条指令 | 并行数：120
日志目录：smtc64/logs
========================================
✅ [107/360] smtc64 执行成功 | smtc64_task107_20260416_163310.log
✅ [31/360] smtc64 执行成功 | smtc64_task31_20260416_163310.log
✅ [35/360] smtc64 执行成功 | smtc64_task35_20260416_163310.log
✅ [36/360] smtc64 执行成功 | smtc64_task36_20260416_163310.log
✅ [80/360] smtc64 执行成功 | smtc64_task80_20260416_163310.log
✅ [30/360] smtc64 执行成功 | smtc64_task30_20260416_163310.log
✅ [33/360] smtc64 执行成功 | smtc64_task33_20260416_163310.log
✅ [8/360] smtc64 执行成功 | smtc64_task8_20260416_163310.log
✅ [112/360] smtc64 执行成功 | smtc64_task112_20260416_163310.log
✅ [28/360] smtc64 执行成功 | smtc64_task28_20260416_163310.log
✅ [21/360] smtc64 执行成功 | smtc64_task21_20260416_163310.log
✅ [71/360] smtc64 执行成功 | smtc64_task71_20260416_163310.log
✅ [116/360] smtc64 执行成功 | smtc64_task116_20260416_163310.log
✅ [15/360] smtc64 执行成功 | smtc64_task15_20260416_163310.log
✅ [44/360] smtc64 执行成功 | smtc64_task44_20260416_163310.log
✅ [4/360] smtc64 执行成功 | smtc64_task4_20260416_163310.log
✅ [95/360] smtc64 执行成功 | smtc64_task95_20260416_163310.log
✅ [26/360] smtc64 执行成功 | smtc64_task26_20260416_163310.log
✅ [78/360] smtc64 执行成功 | smtc64_task78_20260416_163310.log
✅ [42/360] smtc64 执行成功 | smtc64_task42_20260416_163310.log
✅ [6/360] smtc64 执行成功 | smtc64_task6_20260416_163310.log
✅ [114/360] smtc64 执行成功 | smtc64_task114_20260416_163310.log
✅ [13/360] smtc64 执行成功 | smtc64_task13_20260416_163310.log
✅ [85/360] smtc64 执行成功 | smtc64_task85_20260416_163310.log
✅ [69/360] smtc64 执行成功 | smtc64_task69_20260416_163310.log
✅ [19/360] smtc64 执行成功 | smtc64_task19_20260416_163310.log
✅ [67/360] smtc64 执行成功 | smtc64_task67_20260416_163310.log
✅ [24/360] smtc64 执行成功 | smtc64_task24_20260416_163310.log
✅ [5/360] smtc64 执行成功 | smtc64_task5_20260416_163310.log
✅ [10/360] smtc64 执行成功 | smtc64_task10_20260416_163310.log
✅ [27/360] smtc64 执行成功 | smtc64_task27_20260416_163310.log
✅ [110/360] smtc64 执行成功 | smtc64_task110_20260416_163310.log
✅ [3/360] smtc64 执行成功 | smtc64_task3_20260416_163310.log
✅ [1/360] smtc64 执行成功 | smtc64_task1_20260416_163310.log
✅ [32/360] smtc64 执行成功 | smtc64_task32_20260416_163310.log
✅ [29/360] smtc64 执行成功 | smtc64_task29_20260416_163310.log
✅ [37/360] smtc64 执行成功 | smtc64_task37_20260416_163310.log
✅ [108/360] smtc64 执行成功 | smtc64_task108_20260416_163310.log
✅ [105/360] smtc64 执行成功 | smtc64_task105_20260416_163310.log
✅ [41/360] smtc64 执行成功 | smtc64_task41_20260416_163310.log
✅ [66/360] smtc64 执行成功 | smtc64_task66_20260416_163310.log
✅ [77/360] smtc64 执行成功 | smtc64_task77_20260416_163310.log
✅ [39/360] smtc64 执行成功 | smtc64_task39_20260416_163310.log
✅ [113/360] smtc64 执行成功 | smtc64_task113_20260416_163310.log
✅ [64/360] smtc64 执行成功 | smtc64_task64_20260416_163310.log
✅ [40/360] smtc64 执行成功 | smtc64_task40_20260416_163310.log
✅ [103/360] smtc64 执行成功 | smtc64_task103_20260416_163310.log
✅ [102/360] smtc64 执行成功 | smtc64_task102_20260416_163310.log
✅ [76/360] smtc64 执行成功 | smtc64_task76_20260416_163310.log
✅ [12/360] smtc64 执行成功 | smtc64_task12_20260416_163310.log
✅ [98/360] smtc64 执行成功 | smtc64_task98_20260416_163310.log
✅ [109/360] smtc64 执行成功 | smtc64_task109_20260416_163310.log
✅ [72/360] smtc64 执行成功 | smtc64_task72_20260416_163310.log
✅ [100/360] smtc64 执行成功 | smtc64_task100_20260416_163310.log
✅ [11/360] smtc64 执行成功 | smtc64_task11_20260416_163310.log
✅ [18/360] smtc64 执行成功 | smtc64_task18_20260416_163310.log
✅ [23/360] smtc64 执行成功 | smtc64_task23_20260416_163310.log
✅ [62/360] smtc64 执行成功 | smtc64_task62_20260416_163310.log
✅ [17/360] smtc64 执行成功 | smtc64_task17_20260416_163310.log
✅ [22/360] smtc64 执行成功 | smtc64_task22_20260416_163310.log
✅ [51/360] smtc64 执行成功 | smtc64_task51_20260416_163310.log
✅ [87/360] smtc64 执行成功 | smtc64_task87_20260416_163310.log
✅ [55/360] smtc64 执行成功 | smtc64_task55_20260416_163310.log
✅ [96/360] smtc64 执行成功 | smtc64_task96_20260416_163310.log
✅ [93/360] smtc64 执行成功 | smtc64_task93_20260416_163310.log
✅ [104/360] smtc64 执行成功 | smtc64_task104_20260416_163310.log
✅ [43/360] smtc64 执行成功 | smtc64_task43_20260416_163310.log
✅ [74/360] smtc64 执行成功 | smtc64_task74_20260416_163310.log
✅ [49/360] smtc64 执行成功 | smtc64_task49_20260416_163310.log
✅ [70/360] smtc64 执行成功 | smtc64_task70_20260416_163310.log
✅ [57/360] smtc64 执行成功 | smtc64_task57_20260416_163310.log
✅ [9/360] smtc64 执行成功 | smtc64_task9_20260416_163310.log
✅ [106/360] smtc64 执行成功 | smtc64_task106_20260416_163310.log
✅ [7/360] smtc64 执行成功 | smtc64_task7_20260416_163310.log
✅ [75/360] smtc64 执行成功 | smtc64_task75_20260416_163310.log
✅ [20/360] smtc64 执行成功 | smtc64_task20_20260416_163310.log
✅ [115/360] smtc64 执行成功 | smtc64_task115_20260416_163310.log
✅ [60/360] smtc64 执行成功 | smtc64_task60_20260416_163310.log
✅ [91/360] smtc64 执行成功 | smtc64_task91_20260416_163310.log
✅ [38/360] smtc64 执行成功 | smtc64_task38_20260416_163310.log
✅ [2/360] smtc64 执行成功 | smtc64_task2_20260416_163310.log
✅ [79/360] smtc64 执行成功 | smtc64_task79_20260416_163310.log
✅ [16/360] smtc64 执行成功 | smtc64_task16_20260416_163310.log
✅ [73/360] smtc64 执行成功 | smtc64_task73_20260416_163310.log
✅ [111/360] smtc64 执行成功 | smtc64_task111_20260416_163310.log
✅ [14/360] smtc64 执行成功 | smtc64_task14_20260416_163310.log
✅ [50/360] smtc64 执行成功 | smtc64_task50_20260416_163310.log
✅ [25/360] smtc64 执行成功 | smtc64_task25_20260416_163310.log
✅ [63/360] smtc64 执行成功 | smtc64_task63_20260416_163310.log
✅ [99/360] smtc64 执行成功 | smtc64_task99_20260416_163310.log
✅ [68/360] smtc64 执行成功 | smtc64_task68_20260416_163310.log
✅ [65/360] smtc64 执行成功 | smtc64_task65_20260416_163310.log
✅ [54/360] smtc64 执行成功 | smtc64_task54_20260416_163310.log
✅ [101/360] smtc64 执行成功 | smtc64_task101_20260416_163310.log
✅ [90/360] smtc64 执行成功 | smtc64_task90_20260416_163310.log
✅ [120/360] smtc64 执行成功 | smtc64_task120_20260416_163310.log
✅ [84/360] smtc64 执行成功 | smtc64_task84_20260416_163310.log
✅ [53/360] smtc64 执行成功 | smtc64_task53_20260416_163310.log
✅ [48/360] smtc64 执行成功 | smtc64_task48_20260416_163310.log
✅ [59/360] smtc64 执行成功 | smtc64_task59_20260416_163310.log
✅ [58/360] smtc64 执行成功 | smtc64_task58_20260416_163310.log
✅ [47/360] smtc64 执行成功 | smtc64_task47_20260416_163310.log
✅ [119/360] smtc64 执行成功 | smtc64_task119_20260416_163310.log
✅ [83/360] smtc64 执行成功 | smtc64_task83_20260416_163310.log
✅ [94/360] smtc64 执行成功 | smtc64_task94_20260416_163310.log
✅ [89/360] smtc64 执行成功 | smtc64_task89_20260416_163310.log
✅ [56/360] smtc64 执行成功 | smtc64_task56_20260416_163310.log
✅ [86/360] smtc64 执行成功 | smtc64_task86_20260416_163310.log
✅ [61/360] smtc64 执行成功 | smtc64_task61_20260416_163310.log
✅ [97/360] smtc64 执行成功 | smtc64_task97_20260416_163310.log
✅ [92/360] smtc64 执行成功 | smtc64_task92_20260416_163310.log
✅ [45/360] smtc64 执行成功 | smtc64_task45_20260416_163310.log
✅ [81/360] smtc64 执行成功 | smtc64_task81_20260416_163310.log
✅ [88/360] smtc64 执行成功 | smtc64_task88_20260416_163310.log
✅ [52/360] smtc64 执行成功 | smtc64_task52_20260416_163310.log
✅ [117/360] smtc64 执行成功 | smtc64_task117_20260416_163310.log
✅ [118/360] smtc64 执行成功 | smtc64_task118_20260416_163310.log
✅ [82/360] smtc64 执行成功 | smtc64_task82_20260416_163310.log
✅ [46/360] smtc64 执行成功 | smtc64_task46_20260416_163310.log
✅ [123/360] smtc64 执行成功 | smtc64_task123_20260416_165353.log
✅ [34/360] smtc64 执行成功 | smtc64_task34_20260416_163310.log
✅ [143/360] smtc64 执行成功 | smtc64_task143_20260416_170021.log
✅ [121/360] smtc64 执行成功 | smtc64_task121_20260416_165238.log
✅ [150/360] smtc64 执行成功 | smtc64_task150_20260416_170059.log
✅ [152/360] smtc64 执行成功 | smtc64_task152_20260416_170136.log
✅ [127/360] smtc64 执行成功 | smtc64_task127_20260416_165654.log
✅ [139/360] smtc64 执行成功 | smtc64_task139_20260416_170002.log
✅ [138/360] smtc64 执行成功 | smtc64_task138_20260416_165949.log
✅ [179/360] smtc64 执行成功 | smtc64_task179_20260416_170438.log
✅ [188/360] smtc64 执行成功 | smtc64_task188_20260416_170611.log
✅ [141/360] smtc64 执行成功 | smtc64_task141_20260416_170017.log
✅ [144/360] smtc64 执行成功 | smtc64_task144_20260416_170029.log
✅ [122/360] smtc64 执行成功 | smtc64_task122_20260416_165321.log
✅ [129/360] smtc64 执行成功 | smtc64_task129_20260416_165741.log
✅ [186/360] smtc64 执行成功 | smtc64_task186_20260416_170558.log
✅ [149/360] smtc64 执行成功 | smtc64_task149_20260416_170057.log
✅ [193/360] smtc64 执行成功 | smtc64_task193_20260416_170616.log
✅ [136/360] smtc64 执行成功 | smtc64_task136_20260416_165939.log
✅ [148/360] smtc64 执行成功 | smtc64_task148_20260416_170045.log
✅ [134/360] smtc64 执行成功 | smtc64_task134_20260416_165920.log
✅ [125/360] smtc64 执行成功 | smtc64_task125_20260416_165445.log
✅ [140/360] smtc64 执行成功 | smtc64_task140_20260416_170004.log
✅ [215/360] smtc64 执行成功 | smtc64_task215_20260416_171001.log
✅ [151/360] smtc64 执行成功 | smtc64_task151_20260416_170116.log
✅ [126/360] smtc64 执行成功 | smtc64_task126_20260416_165512.log
✅ [185/360] smtc64 执行成功 | smtc64_task185_20260416_170553.log
✅ [132/360] smtc64 执行成功 | smtc64_task132_20260416_165912.log
✅ [145/360] smtc64 执行成功 | smtc64_task145_20260416_170038.log
✅ [174/360] smtc64 执行成功 | smtc64_task174_20260416_170408.log
✅ [159/360] smtc64 执行成功 | smtc64_task159_20260416_170308.log
✅ [142/360] smtc64 执行成功 | smtc64_task142_20260416_170017.log
✅ [146/360] smtc64 执行成功 | smtc64_task146_20260416_170042.log
✅ [147/360] smtc64 执行成功 | smtc64_task147_20260416_170043.log
✅ [135/360] smtc64 执行成功 | smtc64_task135_20260416_165921.log
✅ [157/360] smtc64 执行成功 | smtc64_task157_20260416_170216.log
✅ [177/360] smtc64 执行成功 | smtc64_task177_20260416_170427.log
✅ [222/360] smtc64 执行成功 | smtc64_task222_20260416_171101.log
✅ [183/360] smtc64 执行成功 | smtc64_task183_20260416_170542.log
✅ [172/360] smtc64 执行成功 | smtc64_task172_20260416_170405.log
✅ [181/360] smtc64 执行成功 | smtc64_task181_20260416_170508.log
✅ [224/360] smtc64 执行成功 | smtc64_task224_20260416_171211.log
✅ [175/360] smtc64 执行成功 | smtc64_task175_20260416_170418.log
✅ [211/360] smtc64 执行成功 | smtc64_task211_20260416_170910.log
✅ [187/360] smtc64 执行成功 | smtc64_task187_20260416_170603.log
✅ [207/360] smtc64 执行成功 | smtc64_task207_20260416_170812.log
✅ [182/360] smtc64 执行成功 | smtc64_task182_20260416_170524.log
✅ [137/360] smtc64 执行成功 | smtc64_task137_20260416_165940.log
✅ [163/360] smtc64 执行成功 | smtc64_task163_20260416_170316.log
✅ [192/360] smtc64 执行成功 | smtc64_task192_20260416_170616.log
✅ [165/360] smtc64 执行成功 | smtc64_task165_20260416_170345.log
✅ [170/360] smtc64 执行成功 | smtc64_task170_20260416_170400.log
✅ [195/360] smtc64 执行成功 | smtc64_task195_20260416_170639.log
✅ [178/360] smtc64 执行成功 | smtc64_task178_20260416_170427.log
✅ [184/360] smtc64 执行成功 | smtc64_task184_20260416_170548.log
✅ [130/360] smtc64 执行成功 | smtc64_task130_20260416_165801.log
✅ [221/360] smtc64 执行成功 | smtc64_task221_20260416_171059.log
✅ [173/360] smtc64 执行成功 | smtc64_task173_20260416_170406.log
✅ [213/360] smtc64 执行成功 | smtc64_task213_20260416_170948.log
✅ [168/360] smtc64 执行成功 | smtc64_task168_20260416_170358.log
✅ [201/360] smtc64 执行成功 | smtc64_task201_20260416_170712.log
✅ [128/360] smtc64 执行成功 | smtc64_task128_20260416_165735.log
✅ [180/360] smtc64 执行成功 | smtc64_task180_20260416_170504.log
✅ [199/360] smtc64 执行成功 | smtc64_task199_20260416_170655.log
✅ [206/360] smtc64 执行成功 | smtc64_task206_20260416_170748.log
✅ [131/360] smtc64 执行成功 | smtc64_task131_20260416_165911.log
✅ [205/360] smtc64 执行成功 | smtc64_task205_20260416_170732.log
✅ [220/360] smtc64 执行成功 | smtc64_task220_20260416_171055.log
✅ [208/360] smtc64 执行成功 | smtc64_task208_20260416_170820.log
✅ [210/360] smtc64 执行成功 | smtc64_task210_20260416_170826.log
✅ [204/360] smtc64 执行成功 | smtc64_task204_20260416_170732.log
✅ [171/360] smtc64 执行成功 | smtc64_task171_20260416_170404.log
✅ [218/360] smtc64 执行成功 | smtc64_task218_20260416_171023.log
✅ [217/360] smtc64 执行成功 | smtc64_task217_20260416_171012.log
✅ [219/360] smtc64 执行成功 | smtc64_task219_20260416_171041.log
✅ [216/360] smtc64 执行成功 | smtc64_task216_20260416_171003.log
✅ [198/360] smtc64 执行成功 | smtc64_task198_20260416_170647.log
✅ [156/360] smtc64 执行成功 | smtc64_task156_20260416_170202.log
✅ [162/360] smtc64 执行成功 | smtc64_task162_20260416_170315.log
✅ [133/360] smtc64 执行成功 | smtc64_task133_20260416_165917.log
✅ [214/360] smtc64 执行成功 | smtc64_task214_20260416_170956.log
✅ [203/360] smtc64 执行成功 | smtc64_task203_20260416_170725.log
✅ [155/360] smtc64 执行成功 | smtc64_task155_20260416_170159.log
✅ [223/360] smtc64 执行成功 | smtc64_task223_20260416_171134.log
✅ [200/360] smtc64 执行成功 | smtc64_task200_20260416_170706.log
✅ [176/360] smtc64 执行成功 | smtc64_task176_20260416_170421.log
✅ [161/360] smtc64 执行成功 | smtc64_task161_20260416_170310.log
✅ [124/360] smtc64 执行成功 | smtc64_task124_20260416_165444.log
✅ [166/360] smtc64 执行成功 | smtc64_task166_20260416_170353.log
✅ [167/360] smtc64 执行成功 | smtc64_task167_20260416_170356.log
✅ [190/360] smtc64 执行成功 | smtc64_task190_20260416_170614.log
✅ [194/360] smtc64 执行成功 | smtc64_task194_20260416_170636.log
✅ [158/360] smtc64 执行成功 | smtc64_task158_20260416_170252.log
✅ [191/360] smtc64 执行成功 | smtc64_task191_20260416_170616.log
✅ [212/360] smtc64 执行成功 | smtc64_task212_20260416_170922.log
✅ [189/360] smtc64 执行成功 | smtc64_task189_20260416_170612.log
✅ [231/360] smtc64 执行成功 | smtc64_task231_20260416_171604.log
✅ [229/360] smtc64 执行成功 | smtc64_task229_20260416_171457.log
✅ [228/360] smtc64 执行成功 | smtc64_task228_20260416_171428.log
✅ [196/360] smtc64 执行成功 | smtc64_task196_20260416_170644.log
✅ [169/360] smtc64 执行成功 | smtc64_task169_20260416_170359.log
✅ [197/360] smtc64 执行成功 | smtc64_task197_20260416_170647.log
✅ [164/360] smtc64 执行成功 | smtc64_task164_20260416_170318.log
✅ [209/360] smtc64 执行成功 | smtc64_task209_20260416_170823.log
✅ [202/360] smtc64 执行成功 | smtc64_task202_20260416_170721.log
✅ [237/360] smtc64 执行成功 | smtc64_task237_20260416_171856.log
✅ [154/360] smtc64 执行成功 | smtc64_task154_20260416_170142.log
✅ [153/360] smtc64 执行成功 | smtc64_task153_20260416_170138.log
✅ [235/360] smtc64 执行成功 | smtc64_task235_20260416_171718.log
✅ [234/360] smtc64 执行成功 | smtc64_task234_20260416_171712.log
✅ [227/360] smtc64 执行成功 | smtc64_task227_20260416_171401.log
✅ [239/360] smtc64 执行成功 | smtc64_task239_20260416_171939.log
✅ [225/360] smtc64 执行成功 | smtc64_task225_20260416_171245.log
✅ [240/360] smtc64 执行成功 | smtc64_task240_20260416_172212.log
✅ [226/360] smtc64 执行成功 | smtc64_task226_20260416_171252.log
✅ [230/360] smtc64 执行成功 | smtc64_task230_20260416_171600.log
✅ [233/360] smtc64 执行成功 | smtc64_task233_20260416_171641.log
✅ [160/360] smtc64 执行成功 | smtc64_task160_20260416_170309.log
✅ [258/360] smtc64 执行成功 | smtc64_task258_20260416_173152.log
✅ [260/360] smtc64 执行成功 | smtc64_task260_20260416_173240.log
✅ [232/360] smtc64 执行成功 | smtc64_task232_20260416_171614.log
✅ [251/360] smtc64 执行成功 | smtc64_task251_20260416_173001.log
✅ [257/360] smtc64 执行成功 | smtc64_task257_20260416_173136.log
✅ [236/360] smtc64 执行成功 | smtc64_task236_20260416_171743.log
✅ [244/360] smtc64 执行成功 | smtc64_task244_20260416_172657.log
✅ [246/360] smtc64 执行成功 | smtc64_task246_20260416_172913.log
✅ [249/360] smtc64 执行成功 | smtc64_task249_20260416_172955.log
✅ [242/360] smtc64 执行成功 | smtc64_task242_20260416_172538.log
✅ [238/360] smtc64 执行成功 | smtc64_task238_20260416_171909.log
✅ [255/360] smtc64 执行成功 | smtc64_task255_20260416_173108.log
✅ [247/360] smtc64 执行成功 | smtc64_task247_20260416_172921.log
✅ [241/360] smtc64 执行成功 | smtc64_task241_20260416_172446.log
✅ [254/360] smtc64 执行成功 | smtc64_task254_20260416_173104.log
✅ [267/360] smtc64 执行成功 | smtc64_task267_20260416_173344.log
✅ [253/360] smtc64 执行成功 | smtc64_task253_20260416_173046.log
✅ [252/360] smtc64 执行成功 | smtc64_task252_20260416_173016.log
✅ [285/360] smtc64 执行成功 | smtc64_task285_20260416_173650.log
✅ [256/360] smtc64 执行成功 | smtc64_task256_20260416_173113.log
✅ [284/360] smtc64 执行成功 | smtc64_task284_20260416_173645.log
✅ [250/360] smtc64 执行成功 | smtc64_task250_20260416_172956.log
✅ [293/360] smtc64 执行成功 | smtc64_task293_20260416_173725.log
✅ [287/360] smtc64 执行成功 | smtc64_task287_20260416_173651.log
✅ [243/360] smtc64 执行成功 | smtc64_task243_20260416_172620.log
✅ [273/360] smtc64 执行成功 | smtc64_task273_20260416_173447.log
✅ [278/360] smtc64 执行成功 | smtc64_task278_20260416_173548.log
✅ [288/360] smtc64 执行成功 | smtc64_task288_20260416_173658.log
✅ [282/360] smtc64 执行成功 | smtc64_task282_20260416_173620.log
✅ [264/360] smtc64 执行成功 | smtc64_task264_20260416_173318.log
✅ [245/360] smtc64 执行成功 | smtc64_task245_20260416_172756.log
✅ [296/360] smtc64 执行成功 | smtc64_task296_20260416_173755.log
✅ [266/360] smtc64 执行成功 | smtc64_task266_20260416_173327.log
✅ [248/360] smtc64 执行成功 | smtc64_task248_20260416_172942.log
✅ [265/360] smtc64 执行成功 | smtc64_task265_20260416_173318.log
✅ [275/360] smtc64 执行成功 | smtc64_task275_20260416_173520.log
✅ [276/360] smtc64 执行成功 | smtc64_task276_20260416_173526.log
✅ [331/360] smtc64 执行成功 | smtc64_task331_20260416_174345.log
✅ [263/360] smtc64 执行成功 | smtc64_task263_20260416_173311.log
✅ [332/360] smtc64 执行成功 | smtc64_task332_20260416_174418.log
✅ [329/360] smtc64 执行成功 | smtc64_task329_20260416_174333.log
✅ [283/360] smtc64 执行成功 | smtc64_task283_20260416_173643.log
✅ [270/360] smtc64 执行成功 | smtc64_task270_20260416_173429.log
✅ [271/360] smtc64 执行成功 | smtc64_task271_20260416_173432.log
✅ [324/360] smtc64 执行成功 | smtc64_task324_20260416_174231.log
✅ [325/360] smtc64 执行成功 | smtc64_task325_20260416_174231.log
✅ [269/360] smtc64 执行成功 | smtc64_task269_20260416_173420.log
✅ [294/360] smtc64 执行成功 | smtc64_task294_20260416_173729.log
✅ [289/360] smtc64 执行成功 | smtc64_task289_20260416_173701.log
✅ [262/360] smtc64 执行成功 | smtc64_task262_20260416_173256.log
✅ [279/360] smtc64 执行成功 | smtc64_task279_20260416_173553.log
✅ [326/360] smtc64 执行成功 | smtc64_task326_20260416_174256.log
✅ [280/360] smtc64 执行成功 | smtc64_task280_20260416_173614.log
✅ [309/360] smtc64 执行成功 | smtc64_task309_20260416_174003.log
✅ [274/360] smtc64 执行成功 | smtc64_task274_20260416_173515.log
✅ [272/360] smtc64 执行成功 | smtc64_task272_20260416_173436.log
✅ [330/360] smtc64 执行成功 | smtc64_task330_20260416_174338.log
✅ [300/360] smtc64 执行成功 | smtc64_task300_20260416_173843.log
✅ [261/360] smtc64 执行成功 | smtc64_task261_20260416_173248.log
✅ [268/360] smtc64 执行成功 | smtc64_task268_20260416_173354.log
✅ [286/360] smtc64 执行成功 | smtc64_task286_20260416_173651.log
✅ [328/360] smtc64 执行成功 | smtc64_task328_20260416_174323.log
✅ [290/360] smtc64 执行成功 | smtc64_task290_20260416_173701.log
✅ [277/360] smtc64 执行成功 | smtc64_task277_20260416_173534.log
✅ [303/360] smtc64 执行成功 | smtc64_task303_20260416_173901.log
✅ [281/360] smtc64 执行成功 | smtc64_task281_20260416_173619.log
✅ [327/360] smtc64 执行成功 | smtc64_task327_20260416_174300.log
✅ [321/360] smtc64 执行成功 | smtc64_task321_20260416_174153.log
✅ [333/360] smtc64 执行成功 | smtc64_task333_20260416_174500.log
✅ [322/360] smtc64 执行成功 | smtc64_task322_20260416_174211.log
✅ [291/360] smtc64 执行成功 | smtc64_task291_20260416_173703.log
✅ [292/360] smtc64 执行成功 | smtc64_task292_20260416_173715.log
✅ [342/360] smtc64 执行成功 | smtc64_task342_20260416_174652.log
✅ [312/360] smtc64 执行成功 | smtc64_task312_20260416_174019.log
✅ [308/360] smtc64 执行成功 | smtc64_task308_20260416_174000.log
✅ [306/360] smtc64 执行成功 | smtc64_task306_20260416_173931.log
✅ [313/360] smtc64 执行成功 | smtc64_task313_20260416_174026.log
✅ [320/360] smtc64 执行成功 | smtc64_task320_20260416_174113.log
✅ [301/360] smtc64 执行成功 | smtc64_task301_20260416_173857.log
✅ [302/360] smtc64 执行成功 | smtc64_task302_20260416_173900.log
✅ [317/360] smtc64 执行成功 | smtc64_task317_20260416_174100.log
✅ [338/360] smtc64 执行成功 | smtc64_task338_20260416_174600.log
✅ [334/360] smtc64 执行成功 | smtc64_task334_20260416_174510.log
✅ [323/360] smtc64 执行成功 | smtc64_task323_20260416_174224.log
✅ [314/360] smtc64 执行成功 | smtc64_task314_20260416_174028.log
✅ [318/360] smtc64 执行成功 | smtc64_task318_20260416_174107.log
✅ [319/360] smtc64 执行成功 | smtc64_task319_20260416_174109.log
✅ [346/360] smtc64 执行成功 | smtc64_task346_20260416_174751.log
✅ [337/360] smtc64 执行成功 | smtc64_task337_20260416_174556.log
✅ [336/360] smtc64 执行成功 | smtc64_task336_20260416_174543.log
✅ [344/360] smtc64 执行成功 | smtc64_task344_20260416_174726.log
✅ [304/360] smtc64 执行成功 | smtc64_task304_20260416_173902.log
✅ [307/360] smtc64 执行成功 | smtc64_task307_20260416_173947.log
✅ [355/360] smtc64 执行成功 | smtc64_task355_20260416_175217.log
✅ [311/360] smtc64 执行成功 | smtc64_task311_20260416_174016.log
✅ [349/360] smtc64 执行成功 | smtc64_task349_20260416_174910.log
✅ [341/360] smtc64 执行成功 | smtc64_task341_20260416_174633.log
✅ [315/360] smtc64 执行成功 | smtc64_task315_20260416_174040.log
✅ [358/360] smtc64 执行成功 | smtc64_task358_20260416_175355.log
✅ [339/360] smtc64 执行成功 | smtc64_task339_20260416_174604.log
✅ [356/360] smtc64 执行成功 | smtc64_task356_20260416_175335.log
✅ [343/360] smtc64 执行成功 | smtc64_task343_20260416_174716.log
✅ [353/360] smtc64 执行成功 | smtc64_task353_20260416_175056.log
✅ [351/360] smtc64 执行成功 | smtc64_task351_20260416_175032.log
✅ [347/360] smtc64 执行成功 | smtc64_task347_20260416_174817.log
✅ [335/360] smtc64 执行成功 | smtc64_task335_20260416_174521.log
✅ [316/360] smtc64 执行成功 | smtc64_task316_20260416_174054.log
✅ [299/360] smtc64 执行成功 | smtc64_task299_20260416_173818.log
✅ [340/360] smtc64 执行成功 | smtc64_task340_20260416_174604.log
✅ [305/360] smtc64 执行成功 | smtc64_task305_20260416_173904.log
✅ [348/360] smtc64 执行成功 | smtc64_task348_20260416_174824.log
✅ [310/360] smtc64 执行成功 | smtc64_task310_20260416_174015.log
✅ [360/360] smtc64 执行成功 | smtc64_task360_20260416_175428.log
✅ [298/360] smtc64 执行成功 | smtc64_task298_20260416_173812.log
✅ [354/360] smtc64 执行成功 | smtc64_task354_20260416_175132.log
✅ [345/360] smtc64 执行成功 | smtc64_task345_20260416_174734.log
✅ [297/360] smtc64 执行成功 | smtc64_task297_20260416_173805.log
✅ [350/360] smtc64 执行成功 | smtc64_task350_20260416_174916.log
✅ [352/360] smtc64 执行成功 | smtc64_task352_20260416_175034.log
✅ [259/360] smtc64 执行成功 | smtc64_task259_20260416_173207.log
✅ [357/360] smtc64 执行成功 | smtc64_task357_20260416_175337.log
✅ [359/360] smtc64 执行成功 | smtc64_task359_20260416_175358.log
✅ [295/360] smtc64 执行成功 | smtc64_task295_20260416_173744.log

========================================
开始执行 Cache：ssmtc64-100-5% | 共 360 条指令 | 并行数：120
日志目录：ssmtc64-100-5%/logs
========================================
✅ [35/360] ssmtc64-100-5% 执行成功 | ssmtc64-100-5%_task35_20260416_181012.log
✅ [44/360] ssmtc64-100-5% 执行成功 | ssmtc64-100-5%_task44_20260416_181012.log
✅ [55/360] ssmtc64-100-5% 执行成功 | ssmtc64-100-5%_task55_20260416_181012.log
✅ [15/360] ssmtc64-100-5% 执行成功 | ssmtc64-100-5%_task15_20260416_181012.log
✅ [27/360] ssmtc64-100-5% 执行成功 | ssmtc64-100-5%_task27_20260416_181012.log
✅ [30/360] ssmtc64-100-5% 执行成功 | ssmtc64-100-5%_task30_20260416_181012.log
✅ [33/360] ssmtc64-100-5% 执行成功 | ssmtc64-100-5%_task33_20260416_181012.log
✅ [60/360] ssmtc64-100-5% 执行成功 | ssmtc64-100-5%_task60_20260416_181012.log
✅ [28/360] ssmtc64-100-5% 执行成功 | ssmtc64-100-5%_task28_20260416_181012.log
✅ [31/360] ssmtc64-100-5% 执行成功 | ssmtc64-100-5%_task31_20260416_181012.log
✅ [71/360] ssmtc64-100-5% 执行成功 | ssmtc64-100-5%_task71_20260416_181012.log
✅ [13/360] ssmtc64-100-5% 执行成功 | ssmtc64-100-5%_task13_20260416_181012.log
✅ [21/360] ssmtc64-100-5% 执行成功 | ssmtc64-100-5%_task21_20260416_181012.log
✅ [78/360] ssmtc64-100-5% 执行成功 | ssmtc64-100-5%_task78_20260416_181012.log
✅ [107/360] ssmtc64-100-5% 执行成功 | ssmtc64-100-5%_task107_20260416_181012.log
✅ [80/360] ssmtc64-100-5% 执行成功 | ssmtc64-100-5%_task80_20260416_181012.log
✅ [116/360] ssmtc64-100-5% 执行成功 | ssmtc64-100-5%_task116_20260416_181012.log
✅ [36/360] ssmtc64-100-5% 执行成功 | ssmtc64-100-5%_task36_20260416_181012.log
✅ [8/360] ssmtc64-100-5% 执行成功 | ssmtc64-100-5%_task8_20260416_181012.log
✅ [40/360] ssmtc64-100-5% 执行成功 | ssmtc64-100-5%_task40_20260416_181012.log
✅ [113/360] ssmtc64-100-5% 执行成功 | ssmtc64-100-5%_task113_20260416_181012.log
✅ [26/360] ssmtc64-100-5% 执行成功 | ssmtc64-100-5%_task26_20260416_181012.log
✅ [42/360] ssmtc64-100-5% 执行成功 | ssmtc64-100-5%_task42_20260416_181012.log
✅ [6/360] ssmtc64-100-5% 执行成功 | ssmtc64-100-5%_task6_20260416_181012.log
✅ [10/360] ssmtc64-100-5% 执行成功 | ssmtc64-100-5%_task10_20260416_181012.log
✅ [114/360] ssmtc64-100-5% 执行成功 | ssmtc64-100-5%_task114_20260416_181012.log
✅ [29/360] ssmtc64-100-5% 执行成功 | ssmtc64-100-5%_task29_20260416_181012.log
✅ [24/360] ssmtc64-100-5% 执行成功 | ssmtc64-100-5%_task24_20260416_181012.log
✅ [19/360] ssmtc64-100-5% 执行成功 | ssmtc64-100-5%_task19_20260416_181012.log
✅ [76/360] ssmtc64-100-5% 执行成功 | ssmtc64-100-5%_task76_20260416_181012.log
✅ [41/360] ssmtc64-100-5% 执行成功 | ssmtc64-100-5%_task41_20260416_181012.log
✅ [83/360] ssmtc64-100-5% 执行成功 | ssmtc64-100-5%_task83_20260416_181012.log
✅ [105/360] ssmtc64-100-5% 执行成功 | ssmtc64-100-5%_task105_20260416_181012.log
✅ [73/360] ssmtc64-100-5% 执行成功 | ssmtc64-100-5%_task73_20260416_181012.log
✅ [62/360] ssmtc64-100-5% 执行成功 | ssmtc64-100-5%_task62_20260416_181012.log
✅ [72/360] ssmtc64-100-5% 执行成功 | ssmtc64-100-5%_task72_20260416_181012.log
✅ [4/360] ssmtc64-100-5% 执行成功 | ssmtc64-100-5%_task4_20260416_181012.log
✅ [5/360] ssmtc64-100-5% 执行成功 | ssmtc64-100-5%_task5_20260416_181012.log
✅ [77/360] ssmtc64-100-5% 执行成功 | ssmtc64-100-5%_task77_20260416_181012.log
✅ [69/360] ssmtc64-100-5% 执行成功 | ssmtc64-100-5%_task69_20260416_181012.log
✅ [9/360] ssmtc64-100-5% 执行成功 | ssmtc64-100-5%_task9_20260416_181012.log
✅ [67/360] ssmtc64-100-5% 执行成功 | ssmtc64-100-5%_task67_20260416_181012.log
✅ [102/360] ssmtc64-100-5% 执行成功 | ssmtc64-100-5%_task102_20260416_181012.log
✅ [103/360] ssmtc64-100-5% 执行成功 | ssmtc64-100-5%_task103_20260416_181012.log
✅ [66/360] ssmtc64-100-5% 执行成功 | ssmtc64-100-5%_task66_20260416_181012.log
✅ [12/360] ssmtc64-100-5% 执行成功 | ssmtc64-100-5%_task12_20260416_181012.log
✅ [64/360] ssmtc64-100-5% 执行成功 | ssmtc64-100-5%_task64_20260416_181012.log
✅ [51/360] ssmtc64-100-5% 执行成功 | ssmtc64-100-5%_task51_20260416_181012.log
✅ [32/360] ssmtc64-100-5% 执行成功 | ssmtc64-100-5%_task32_20260416_181012.log
✅ [11/360] ssmtc64-100-5% 执行成功 | ssmtc64-100-5%_task11_20260416_181012.log
✅ [23/360] ssmtc64-100-5% 执行成功 | ssmtc64-100-5%_task23_20260416_181012.log
✅ [100/360] ssmtc64-100-5% 执行成功 | ssmtc64-100-5%_task100_20260416_181012.log
✅ [18/360] ssmtc64-100-5% 执行成功 | ssmtc64-100-5%_task18_20260416_181012.log
✅ [87/360] ssmtc64-100-5% 执行成功 | ssmtc64-100-5%_task87_20260416_181012.log
✅ [22/360] ssmtc64-100-5% 执行成功 | ssmtc64-100-5%_task22_20260416_181012.log
✅ [17/360] ssmtc64-100-5% 执行成功 | ssmtc64-100-5%_task17_20260416_181012.log
✅ [112/360] ssmtc64-100-5% 执行成功 | ssmtc64-100-5%_task112_20260416_181012.log
✅ [91/360] ssmtc64-100-5% 执行成功 | ssmtc64-100-5%_task91_20260416_181012.log
✅ [74/360] ssmtc64-100-5% 执行成功 | ssmtc64-100-5%_task74_20260416_181012.log
✅ [108/360] ssmtc64-100-5% 执行成功 | ssmtc64-100-5%_task108_20260416_181012.log
✅ [70/360] ssmtc64-100-5% 执行成功 | ssmtc64-100-5%_task70_20260416_181012.log
✅ [79/360] ssmtc64-100-5% 执行成功 | ssmtc64-100-5%_task79_20260416_181012.log
✅ [39/360] ssmtc64-100-5% 执行成功 | ssmtc64-100-5%_task39_20260416_181012.log
✅ [86/360] ssmtc64-100-5% 执行成功 | ssmtc64-100-5%_task86_20260416_181012.log
✅ [93/360] ssmtc64-100-5% 执行成功 | ssmtc64-100-5%_task93_20260416_181012.log
✅ [43/360] ssmtc64-100-5% 执行成功 | ssmtc64-100-5%_task43_20260416_181012.log
✅ [98/360] ssmtc64-100-5% 执行成功 | ssmtc64-100-5%_task98_20260416_181012.log
✅ [57/360] ssmtc64-100-5% 执行成功 | ssmtc64-100-5%_task57_20260416_181012.log
✅ [85/360] ssmtc64-100-5% 执行成功 | ssmtc64-100-5%_task85_20260416_181012.log
✅ [49/360] ssmtc64-100-5% 执行成功 | ssmtc64-100-5%_task49_20260416_181012.log
✅ [109/360] ssmtc64-100-5% 执行成功 | ssmtc64-100-5%_task109_20260416_181012.log
✅ [37/360] ssmtc64-100-5% 执行成功 | ssmtc64-100-5%_task37_20260416_181012.log
✅ [75/360] ssmtc64-100-5% 执行成功 | ssmtc64-100-5%_task75_20260416_181012.log
✅ [110/360] ssmtc64-100-5% 执行成功 | ssmtc64-100-5%_task110_20260416_181012.log
✅ [96/360] ssmtc64-100-5% 执行成功 | ssmtc64-100-5%_task96_20260416_181012.log
✅ [111/360] ssmtc64-100-5% 执行成功 | ssmtc64-100-5%_task111_20260416_181012.log
✅ [2/360] ssmtc64-100-5% 执行成功 | ssmtc64-100-5%_task2_20260416_181012.log
✅ [7/360] ssmtc64-100-5% 执行成功 | ssmtc64-100-5%_task7_20260416_181012.log
✅ [1/360] ssmtc64-100-5% 执行成功 | ssmtc64-100-5%_task1_20260416_181012.log
✅ [38/360] ssmtc64-100-5% 执行成功 | ssmtc64-100-5%_task38_20260416_181012.log
✅ [16/360] ssmtc64-100-5% 执行成功 | ssmtc64-100-5%_task16_20260416_181012.log
✅ [106/360] ssmtc64-100-5% 执行成功 | ssmtc64-100-5%_task106_20260416_181012.log
✅ [3/360] ssmtc64-100-5% 执行成功 | ssmtc64-100-5%_task3_20260416_181012.log
✅ [115/360] ssmtc64-100-5% 执行成功 | ssmtc64-100-5%_task115_20260416_181012.log
✅ [14/360] ssmtc64-100-5% 执行成功 | ssmtc64-100-5%_task14_20260416_181012.log
✅ [25/360] ssmtc64-100-5% 执行成功 | ssmtc64-100-5%_task25_20260416_181012.log
✅ [63/360] ssmtc64-100-5% 执行成功 | ssmtc64-100-5%_task63_20260416_181012.log
✅ [20/360] ssmtc64-100-5% 执行成功 | ssmtc64-100-5%_task20_20260416_181012.log
✅ [99/360] ssmtc64-100-5% 执行成功 | ssmtc64-100-5%_task99_20260416_181012.log
✅ [68/360] ssmtc64-100-5% 执行成功 | ssmtc64-100-5%_task68_20260416_181012.log
✅ [59/360] ssmtc64-100-5% 执行成功 | ssmtc64-100-5%_task59_20260416_181012.log
✅ [104/360] ssmtc64-100-5% 执行成功 | ssmtc64-100-5%_task104_20260416_181012.log
✅ [84/360] ssmtc64-100-5% 执行成功 | ssmtc64-100-5%_task84_20260416_181012.log
✅ [65/360] ssmtc64-100-5% 执行成功 | ssmtc64-100-5%_task65_20260416_181012.log
✅ [89/360] ssmtc64-100-5% 执行成功 | ssmtc64-100-5%_task89_20260416_181012.log
✅ [101/360] ssmtc64-100-5% 执行成功 | ssmtc64-100-5%_task101_20260416_181012.log
✅ [48/360] ssmtc64-100-5% 执行成功 | ssmtc64-100-5%_task48_20260416_181012.log
✅ [120/360] ssmtc64-100-5% 执行成功 | ssmtc64-100-5%_task120_20260416_181012.log
✅ [54/360] ssmtc64-100-5% 执行成功 | ssmtc64-100-5%_task54_20260416_181012.log
✅ [94/360] ssmtc64-100-5% 执行成功 | ssmtc64-100-5%_task94_20260416_181012.log
✅ [90/360] ssmtc64-100-5% 执行成功 | ssmtc64-100-5%_task90_20260416_181012.log
✅ [58/360] ssmtc64-100-5% 执行成功 | ssmtc64-100-5%_task58_20260416_181012.log
✅ [82/360] ssmtc64-100-5% 执行成功 | ssmtc64-100-5%_task82_20260416_181012.log
✅ [95/360] ssmtc64-100-5% 执行成功 | ssmtc64-100-5%_task95_20260416_181012.log
✅ [50/360] ssmtc64-100-5% 执行成功 | ssmtc64-100-5%_task50_20260416_181012.log
✅ [119/360] ssmtc64-100-5% 执行成功 | ssmtc64-100-5%_task119_20260416_181012.log
✅ [47/360] ssmtc64-100-5% 执行成功 | ssmtc64-100-5%_task47_20260416_181012.log
✅ [56/360] ssmtc64-100-5% 执行成功 | ssmtc64-100-5%_task56_20260416_181012.log
✅ [53/360] ssmtc64-100-5% 执行成功 | ssmtc64-100-5%_task53_20260416_181012.log
✅ [61/360] ssmtc64-100-5% 执行成功 | ssmtc64-100-5%_task61_20260416_181012.log
✅ [97/360] ssmtc64-100-5% 执行成功 | ssmtc64-100-5%_task97_20260416_181012.log
✅ [118/360] ssmtc64-100-5% 执行成功 | ssmtc64-100-5%_task118_20260416_181012.log
✅ [92/360] ssmtc64-100-5% 执行成功 | ssmtc64-100-5%_task92_20260416_181012.log
✅ [81/360] ssmtc64-100-5% 执行成功 | ssmtc64-100-5%_task81_20260416_181012.log
✅ [117/360] ssmtc64-100-5% 执行成功 | ssmtc64-100-5%_task117_20260416_181012.log
✅ [46/360] ssmtc64-100-5% 执行成功 | ssmtc64-100-5%_task46_20260416_181012.log
✅ [45/360] ssmtc64-100-5% 执行成功 | ssmtc64-100-5%_task45_20260416_181012.log
✅ [52/360] ssmtc64-100-5% 执行成功 | ssmtc64-100-5%_task52_20260416_181012.log
✅ [88/360] ssmtc64-100-5% 执行成功 | ssmtc64-100-5%_task88_20260416_181012.log
✅ [34/360] ssmtc64-100-5% 执行成功 | ssmtc64-100-5%_task34_20260416_181012.log
✅ [121/360] ssmtc64-100-5% 执行成功 | ssmtc64-100-5%_task121_20260416_183042.log
✅ [143/360] ssmtc64-100-5% 执行成功 | ssmtc64-100-5%_task143_20260416_183803.log
✅ [123/360] ssmtc64-100-5% 执行成功 | ssmtc64-100-5%_task123_20260416_183214.log
✅ [213/360] ssmtc64-100-5% 执行成功 | ssmtc64-100-5%_task213_20260416_184736.log
✅ [152/360] ssmtc64-100-5% 执行成功 | ssmtc64-100-5%_task152_20260416_183934.log
✅ [150/360] ssmtc64-100-5% 执行成功 | ssmtc64-100-5%_task150_20260416_183858.log
✅ [126/360] ssmtc64-100-5% 执行成功 | ssmtc64-100-5%_task126_20260416_183452.log
✅ [139/360] ssmtc64-100-5% 执行成功 | ssmtc64-100-5%_task139_20260416_183735.log
✅ [127/360] ssmtc64-100-5% 执行成功 | ssmtc64-100-5%_task127_20260416_183453.log
✅ [138/360] ssmtc64-100-5% 执行成功 | ssmtc64-100-5%_task138_20260416_183729.log
✅ [188/360] ssmtc64-100-5% 执行成功 | ssmtc64-100-5%_task188_20260416_184421.log
✅ [142/360] ssmtc64-100-5% 执行成功 | ssmtc64-100-5%_task142_20260416_183803.log
✅ [129/360] ssmtc64-100-5% 执行成功 | ssmtc64-100-5%_task129_20260416_183530.log
✅ [141/360] ssmtc64-100-5% 执行成功 | ssmtc64-100-5%_task141_20260416_183749.log
✅ [134/360] ssmtc64-100-5% 执行成功 | ssmtc64-100-5%_task134_20260416_183647.log
✅ [148/360] ssmtc64-100-5% 执行成功 | ssmtc64-100-5%_task148_20260416_183844.log
✅ [181/360] ssmtc64-100-5% 执行成功 | ssmtc64-100-5%_task181_20260416_184324.log
✅ [186/360] ssmtc64-100-5% 执行成功 | ssmtc64-100-5%_task186_20260416_184414.log
✅ [136/360] ssmtc64-100-5% 执行成功 | ssmtc64-100-5%_task136_20260416_183718.log
✅ [149/360] ssmtc64-100-5% 执行成功 | ssmtc64-100-5%_task149_20260416_183852.log
✅ [132/360] ssmtc64-100-5% 执行成功 | ssmtc64-100-5%_task132_20260416_183632.log
✅ [224/360] ssmtc64-100-5% 执行成功 | ssmtc64-100-5%_task224_20260416_185002.log
✅ [179/360] ssmtc64-100-5% 执行成功 | ssmtc64-100-5%_task179_20260416_184319.log
✅ [146/360] ssmtc64-100-5% 执行成功 | ssmtc64-100-5%_task146_20260416_183829.log
✅ [185/360] ssmtc64-100-5% 执行成功 | ssmtc64-100-5%_task185_20260416_184402.log
✅ [122/360] ssmtc64-100-5% 执行成功 | ssmtc64-100-5%_task122_20260416_183153.log
✅ [144/360] ssmtc64-100-5% 执行成功 | ssmtc64-100-5%_task144_20260416_183810.log
✅ [175/360] ssmtc64-100-5% 执行成功 | ssmtc64-100-5%_task175_20260416_184247.log
✅ [133/360] ssmtc64-100-5% 执行成功 | ssmtc64-100-5%_task133_20260416_183633.log
✅ [125/360] ssmtc64-100-5% 执行成功 | ssmtc64-100-5%_task125_20260416_183443.log
✅ [135/360] ssmtc64-100-5% 执行成功 | ssmtc64-100-5%_task135_20260416_183713.log
✅ [215/360] ssmtc64-100-5% 执行成功 | ssmtc64-100-5%_task215_20260416_184753.log
✅ [151/360] ssmtc64-100-5% 执行成功 | ssmtc64-100-5%_task151_20260416_183903.log
✅ [145/360] ssmtc64-100-5% 执行成功 | ssmtc64-100-5%_task145_20260416_183815.log
✅ [131/360] ssmtc64-100-5% 执行成功 | ssmtc64-100-5%_task131_20260416_183607.log
✅ [222/360] ssmtc64-100-5% 执行成功 | ssmtc64-100-5%_task222_20260416_184957.log
✅ [174/360] ssmtc64-100-5% 执行成功 | ssmtc64-100-5%_task174_20260416_184242.log
✅ [165/360] ssmtc64-100-5% 执行成功 | ssmtc64-100-5%_task165_20260416_184156.log
✅ [137/360] ssmtc64-100-5% 执行成功 | ssmtc64-100-5%_task137_20260416_183719.log
✅ [140/360] ssmtc64-100-5% 执行成功 | ssmtc64-100-5%_task140_20260416_183743.log
✅ [182/360] ssmtc64-100-5% 执行成功 | ssmtc64-100-5%_task182_20260416_184333.log
✅ [147/360] ssmtc64-100-5% 执行成功 | ssmtc64-100-5%_task147_20260416_183844.log
✅ [172/360] ssmtc64-100-5% 执行成功 | ssmtc64-100-5%_task172_20260416_184228.log
✅ [130/360] ssmtc64-100-5% 执行成功 | ssmtc64-100-5%_task130_20260416_183551.log
✅ [208/360] ssmtc64-100-5% 执行成功 | ssmtc64-100-5%_task208_20260416_184613.log
✅ [177/360] ssmtc64-100-5% 执行成功 | ssmtc64-100-5%_task177_20260416_184259.log
✅ [163/360] ssmtc64-100-5% 执行成功 | ssmtc64-100-5%_task163_20260416_184142.log
✅ [159/360] ssmtc64-100-5% 执行成功 | ssmtc64-100-5%_task159_20260416_184111.log
✅ [168/360] ssmtc64-100-5% 执行成功 | ssmtc64-100-5%_task168_20260416_184206.log
✅ [184/360] ssmtc64-100-5% 执行成功 | ssmtc64-100-5%_task184_20260416_184346.log
✅ [183/360] ssmtc64-100-5% 执行成功 | ssmtc64-100-5%_task183_20260416_184334.log
✅ [201/360] ssmtc64-100-5% 执行成功 | ssmtc64-100-5%_task201_20260416_184527.log
✅ [187/360] ssmtc64-100-5% 执行成功 | ssmtc64-100-5%_task187_20260416_184416.log
✅ [231/360] ssmtc64-100-5% 执行成功 | ssmtc64-100-5%_task231_20260416_185233.log
✅ [157/360] ssmtc64-100-5% 执行成功 | ssmtc64-100-5%_task157_20260416_184110.log
✅ [170/360] ssmtc64-100-5% 执行成功 | ssmtc64-100-5%_task170_20260416_184221.log
✅ [193/360] ssmtc64-100-5% 执行成功 | ssmtc64-100-5%_task193_20260416_184452.log
✅ [211/360] ssmtc64-100-5% 执行成功 | ssmtc64-100-5%_task211_20260416_184729.log
✅ [195/360] ssmtc64-100-5% 执行成功 | ssmtc64-100-5%_task195_20260416_184508.log
✅ [197/360] ssmtc64-100-5% 执行成功 | ssmtc64-100-5%_task197_20260416_184515.log
✅ [206/360] ssmtc64-100-5% 执行成功 | ssmtc64-100-5%_task206_20260416_184532.log
✅ [204/360] ssmtc64-100-5% 执行成功 | ssmtc64-100-5%_task204_20260416_184528.log
✅ [199/360] ssmtc64-100-5% 执行成功 | ssmtc64-100-5%_task199_20260416_184527.log
✅ [221/360] ssmtc64-100-5% 执行成功 | ssmtc64-100-5%_task221_20260416_184953.log
✅ [156/360] ssmtc64-100-5% 执行成功 | ssmtc64-100-5%_task156_20260416_184100.log
✅ [191/360] ssmtc64-100-5% 执行成功 | ssmtc64-100-5%_task191_20260416_184441.log
✅ [180/360] ssmtc64-100-5% 执行成功 | ssmtc64-100-5%_task180_20260416_184322.log
✅ [178/360] ssmtc64-100-5% 执行成功 | ssmtc64-100-5%_task178_20260416_184301.log
✅ [192/360] ssmtc64-100-5% 执行成功 | ssmtc64-100-5%_task192_20260416_184447.log
✅ [124/360] ssmtc64-100-5% 执行成功 | ssmtc64-100-5%_task124_20260416_183351.log
✅ [218/360] ssmtc64-100-5% 执行成功 | ssmtc64-100-5%_task218_20260416_184858.log
✅ [171/360] ssmtc64-100-5% 执行成功 | ssmtc64-100-5%_task171_20260416_184227.log
✅ [128/360] ssmtc64-100-5% 执行成功 | ssmtc64-100-5%_task128_20260416_183455.log
✅ [214/360] ssmtc64-100-5% 执行成功 | ssmtc64-100-5%_task214_20260416_184745.log
✅ [216/360] ssmtc64-100-5% 执行成功 | ssmtc64-100-5%_task216_20260416_184817.log
✅ [210/360] ssmtc64-100-5% 执行成功 | ssmtc64-100-5%_task210_20260416_184702.log
✅ [217/360] ssmtc64-100-5% 执行成功 | ssmtc64-100-5%_task217_20260416_184852.log
✅ [162/360] ssmtc64-100-5% 执行成功 | ssmtc64-100-5%_task162_20260416_184123.log
✅ [173/360] ssmtc64-100-5% 执行成功 | ssmtc64-100-5%_task173_20260416_184229.log
✅ [220/360] ssmtc64-100-5% 执行成功 | ssmtc64-100-5%_task220_20260416_184946.log
✅ [203/360] ssmtc64-100-5% 执行成功 | ssmtc64-100-5%_task203_20260416_184528.log
✅ [207/360] ssmtc64-100-5% 执行成功 | ssmtc64-100-5%_task207_20260416_184546.log
✅ [161/360] ssmtc64-100-5% 执行成功 | ssmtc64-100-5%_task161_20260416_184116.log
✅ [155/360] ssmtc64-100-5% 执行成功 | ssmtc64-100-5%_task155_20260416_184041.log
✅ [223/360] ssmtc64-100-5% 执行成功 | ssmtc64-100-5%_task223_20260416_184957.log
✅ [158/360] ssmtc64-100-5% 执行成功 | ssmtc64-100-5%_task158_20260416_184111.log
✅ [198/360] ssmtc64-100-5% 执行成功 | ssmtc64-100-5%_task198_20260416_184519.log
✅ [219/360] ssmtc64-100-5% 执行成功 | ssmtc64-100-5%_task219_20260416_184905.log
✅ [176/360] ssmtc64-100-5% 执行成功 | ssmtc64-100-5%_task176_20260416_184251.log
✅ [229/360] ssmtc64-100-5% 执行成功 | ssmtc64-100-5%_task229_20260416_185030.log
✅ [194/360] ssmtc64-100-5% 执行成功 | ssmtc64-100-5%_task194_20260416_184457.log
✅ [167/360] ssmtc64-100-5% 执行成功 | ssmtc64-100-5%_task167_20260416_184204.log
✅ [189/360] ssmtc64-100-5% 执行成功 | ssmtc64-100-5%_task189_20260416_184429.log
✅ [166/360] ssmtc64-100-5% 执行成功 | ssmtc64-100-5%_task166_20260416_184204.log
✅ [212/360] ssmtc64-100-5% 执行成功 | ssmtc64-100-5%_task212_20260416_184731.log
✅ [205/360] ssmtc64-100-5% 执行成功 | ssmtc64-100-5%_task205_20260416_184529.log
✅ [200/360] ssmtc64-100-5% 执行成功 | ssmtc64-100-5%_task200_20260416_184527.log
✅ [154/360] ssmtc64-100-5% 执行成功 | ssmtc64-100-5%_task154_20260416_184032.log
✅ [209/360] ssmtc64-100-5% 执行成功 | ssmtc64-100-5%_task209_20260416_184640.log
✅ [190/360] ssmtc64-100-5% 执行成功 | ssmtc64-100-5%_task190_20260416_184441.log
✅ [153/360] ssmtc64-100-5% 执行成功 | ssmtc64-100-5%_task153_20260416_184009.log
✅ [169/360] ssmtc64-100-5% 执行成功 | ssmtc64-100-5%_task169_20260416_184212.log
✅ [202/360] ssmtc64-100-5% 执行成功 | ssmtc64-100-5%_task202_20260416_184528.log
✅ [196/360] ssmtc64-100-5% 执行成功 | ssmtc64-100-5%_task196_20260416_184510.log
✅ [164/360] ssmtc64-100-5% 执行成功 | ssmtc64-100-5%_task164_20260416_184155.log
✅ [230/360] ssmtc64-100-5% 执行成功 | ssmtc64-100-5%_task230_20260416_185057.log
✅ [228/360] ssmtc64-100-5% 执行成功 | ssmtc64-100-5%_task228_20260416_185022.log
✅ [235/360] ssmtc64-100-5% 执行成功 | ssmtc64-100-5%_task235_20260416_185535.log
✅ [226/360] ssmtc64-100-5% 执行成功 | ssmtc64-100-5%_task226_20260416_185011.log
✅ [225/360] ssmtc64-100-5% 执行成功 | ssmtc64-100-5%_task225_20260416_185008.log
✅ [227/360] ssmtc64-100-5% 执行成功 | ssmtc64-100-5%_task227_20260416_185017.log
✅ [237/360] ssmtc64-100-5% 执行成功 | ssmtc64-100-5%_task237_20260416_185738.log
✅ [234/360] ssmtc64-100-5% 执行成功 | ssmtc64-100-5%_task234_20260416_185531.log
✅ [232/360] ssmtc64-100-5% 执行成功 | ssmtc64-100-5%_task232_20260416_185409.log
✅ [260/360] ssmtc64-100-5% 执行成功 | ssmtc64-100-5%_task260_20260416_191041.log
✅ [240/360] ssmtc64-100-5% 执行成功 | ssmtc64-100-5%_task240_20260416_190132.log
✅ [233/360] ssmtc64-100-5% 执行成功 | ssmtc64-100-5%_task233_20260416_185427.log
✅ [258/360] ssmtc64-100-5% 执行成功 | ssmtc64-100-5%_task258_20260416_191006.log
✅ [160/360] ssmtc64-100-5% 执行成功 | ssmtc64-100-5%_task160_20260416_184114.log
✅ [257/360] ssmtc64-100-5% 执行成功 | ssmtc64-100-5%_task257_20260416_191003.log
✅ [251/360] ssmtc64-100-5% 执行成功 | ssmtc64-100-5%_task251_20260416_190905.log
✅ [236/360] ssmtc64-100-5% 执行成功 | ssmtc64-100-5%_task236_20260416_185717.log
✅ [242/360] ssmtc64-100-5% 执行成功 | ssmtc64-100-5%_task242_20260416_190408.log
✅ [239/360] ssmtc64-100-5% 执行成功 | ssmtc64-100-5%_task239_20260416_190027.log
✅ [249/360] ssmtc64-100-5% 执行成功 | ssmtc64-100-5%_task249_20260416_190834.log
✅ [273/360] ssmtc64-100-5% 执行成功 | ssmtc64-100-5%_task273_20260416_191337.log
✅ [255/360] ssmtc64-100-5% 执行成功 | ssmtc64-100-5%_task255_20260416_190953.log
✅ [253/360] ssmtc64-100-5% 执行成功 | ssmtc64-100-5%_task253_20260416_190913.log
✅ [256/360] ssmtc64-100-5% 执行成功 | ssmtc64-100-5%_task256_20260416_190959.log
✅ [238/360] ssmtc64-100-5% 执行成功 | ssmtc64-100-5%_task238_20260416_185740.log
✅ [241/360] ssmtc64-100-5% 执行成功 | ssmtc64-100-5%_task241_20260416_190250.log
✅ [247/360] ssmtc64-100-5% 执行成功 | ssmtc64-100-5%_task247_20260416_190813.log
✅ [252/360] ssmtc64-100-5% 执行成功 | ssmtc64-100-5%_task252_20260416_190913.log
✅ [287/360] ssmtc64-100-5% 执行成功 | ssmtc64-100-5%_task287_20260416_191523.log
✅ [254/360] ssmtc64-100-5% 执行成功 | ssmtc64-100-5%_task254_20260416_190937.log
✅ [267/360] ssmtc64-100-5% 执行成功 | ssmtc64-100-5%_task267_20260416_191215.log
✅ [250/360] ssmtc64-100-5% 执行成功 | ssmtc64-100-5%_task250_20260416_190844.log
✅ [244/360] ssmtc64-100-5% 执行成功 | ssmtc64-100-5%_task244_20260416_190701.log
✅ [246/360] ssmtc64-100-5% 执行成功 | ssmtc64-100-5%_task246_20260416_190733.log
✅ [275/360] ssmtc64-100-5% 执行成功 | ssmtc64-100-5%_task275_20260416_191353.log
✅ [285/360] ssmtc64-100-5% 执行成功 | ssmtc64-100-5%_task285_20260416_191509.log
✅ [331/360] ssmtc64-100-5% 执行成功 | ssmtc64-100-5%_task331_20260416_192155.log
✅ [265/360] ssmtc64-100-5% 执行成功 | ssmtc64-100-5%_task265_20260416_191202.log
✅ [264/360] ssmtc64-100-5% 执行成功 | ssmtc64-100-5%_task264_20260416_191158.log
✅ [248/360] ssmtc64-100-5% 执行成功 | ssmtc64-100-5%_task248_20260416_190817.log
✅ [274/360] ssmtc64-100-5% 执行成功 | ssmtc64-100-5%_task274_20260416_191345.log
✅ [296/360] ssmtc64-100-5% 执行成功 | ssmtc64-100-5%_task296_20260416_191646.log
✅ [243/360] ssmtc64-100-5% 执行成功 | ssmtc64-100-5%_task243_20260416_190602.log
✅ [245/360] ssmtc64-100-5% 执行成功 | ssmtc64-100-5%_task245_20260416_190717.log
✅ [283/360] ssmtc64-100-5% 执行成功 | ssmtc64-100-5%_task283_20260416_191501.log
✅ [282/360] ssmtc64-100-5% 执行成功 | ssmtc64-100-5%_task282_20260416_191443.log
✅ [278/360] ssmtc64-100-5% 执行成功 | ssmtc64-100-5%_task278_20260416_191425.log
✅ [288/360] ssmtc64-100-5% 执行成功 | ssmtc64-100-5%_task288_20260416_191536.log
✅ [270/360] ssmtc64-100-5% 执行成功 | ssmtc64-100-5%_task270_20260416_191235.log
✅ [271/360] ssmtc64-100-5% 执行成功 | ssmtc64-100-5%_task271_20260416_191238.log
✅ [261/360] ssmtc64-100-5% 执行成功 | ssmtc64-100-5%_task261_20260416_191052.log
✅ [286/360] ssmtc64-100-5% 执行成功 | ssmtc64-100-5%_task286_20260416_191519.log
✅ [327/360] ssmtc64-100-5% 执行成功 | ssmtc64-100-5%_task327_20260416_192035.log
✅ [276/360] ssmtc64-100-5% 执行成功 | ssmtc64-100-5%_task276_20260416_191354.log
✅ [263/360] ssmtc64-100-5% 执行成功 | ssmtc64-100-5%_task263_20260416_191123.log
✅ [329/360] ssmtc64-100-5% 执行成功 | ssmtc64-100-5%_task329_20260416_192117.log
✅ [284/360] ssmtc64-100-5% 执行成功 | ssmtc64-100-5%_task284_20260416_191506.log
✅ [266/360] ssmtc64-100-5% 执行成功 | ssmtc64-100-5%_task266_20260416_191208.log
✅ [294/360] ssmtc64-100-5% 执行成功 | ssmtc64-100-5%_task294_20260416_191621.log
✅ [280/360] ssmtc64-100-5% 执行成功 | ssmtc64-100-5%_task280_20260416_191436.log
✅ [279/360] ssmtc64-100-5% 执行成功 | ssmtc64-100-5%_task279_20260416_191427.log
✅ [302/360] ssmtc64-100-5% 执行成功 | ssmtc64-100-5%_task302_20260416_191707.log
✅ [330/360] ssmtc64-100-5% 执行成功 | ssmtc64-100-5%_task330_20260416_192135.log
✅ [328/360] ssmtc64-100-5% 执行成功 | ssmtc64-100-5%_task328_20260416_192046.log
✅ [262/360] ssmtc64-100-5% 执行成功 | ssmtc64-100-5%_task262_20260416_191054.log
✅ [338/360] ssmtc64-100-5% 执行成功 | ssmtc64-100-5%_task338_20260416_192334.log
✅ [324/360] ssmtc64-100-5% 执行成功 | ssmtc64-100-5%_task324_20260416_192009.log
✅ [322/360] ssmtc64-100-5% 执行成功 | ssmtc64-100-5%_task322_20260416_192007.log
✅ [293/360] ssmtc64-100-5% 执行成功 | ssmtc64-100-5%_task293_20260416_191617.log
✅ [269/360] ssmtc64-100-5% 执行成功 | ssmtc64-100-5%_task269_20260416_191232.log
✅ [292/360] ssmtc64-100-5% 执行成功 | ssmtc64-100-5%_task292_20260416_191611.log
✅ [268/360] ssmtc64-100-5% 执行成功 | ssmtc64-100-5%_task268_20260416_191220.log
✅ [291/360] ssmtc64-100-5% 执行成功 | ssmtc64-100-5%_task291_20260416_191608.log
✅ [319/360] ssmtc64-100-5% 执行成功 | ssmtc64-100-5%_task319_20260416_191954.log
✅ [325/360] ssmtc64-100-5% 执行成功 | ssmtc64-100-5%_task325_20260416_192021.log
✅ [326/360] ssmtc64-100-5% 执行成功 | ssmtc64-100-5%_task326_20260416_192026.log
✅ [332/360] ssmtc64-100-5% 执行成功 | ssmtc64-100-5%_task332_20260416_192155.log
✅ [300/360] ssmtc64-100-5% 执行成功 | ssmtc64-100-5%_task300_20260416_191702.log
✅ [289/360] ssmtc64-100-5% 执行成功 | ssmtc64-100-5%_task289_20260416_191539.log
✅ [344/360] ssmtc64-100-5% 执行成功 | ssmtc64-100-5%_task344_20260416_192512.log
✅ [272/360] ssmtc64-100-5% 执行成功 | ssmtc64-100-5%_task272_20260416_191245.log
✅ [277/360] ssmtc64-100-5% 执行成功 | ssmtc64-100-5%_task277_20260416_191356.log
✅ [323/360] ssmtc64-100-5% 执行成功 | ssmtc64-100-5%_task323_20260416_192008.log
✅ [290/360] ssmtc64-100-5% 执行成功 | ssmtc64-100-5%_task290_20260416_191601.log
✅ [321/360] ssmtc64-100-5% 执行成功 | ssmtc64-100-5%_task321_20260416_192006.log
✅ [314/360] ssmtc64-100-5% 执行成功 | ssmtc64-100-5%_task314_20260416_191914.log
✅ [281/360] ssmtc64-100-5% 执行成功 | ssmtc64-100-5%_task281_20260416_191439.log
✅ [303/360] ssmtc64-100-5% 执行成功 | ssmtc64-100-5%_task303_20260416_191733.log
✅ [320/360] ssmtc64-100-5% 执行成功 | ssmtc64-100-5%_task320_20260416_191955.log
✅ [309/360] ssmtc64-100-5% 执行成功 | ssmtc64-100-5%_task309_20260416_191836.log
✅ [318/360] ssmtc64-100-5% 执行成功 | ssmtc64-100-5%_task318_20260416_191954.log
✅ [339/360] ssmtc64-100-5% 执行成功 | ssmtc64-100-5%_task339_20260416_192339.log
✅ [299/360] ssmtc64-100-5% 执行成功 | ssmtc64-100-5%_task299_20260416_191656.log
✅ [307/360] ssmtc64-100-5% 执行成功 | ssmtc64-100-5%_task307_20260416_191805.log
✅ [317/360] ssmtc64-100-5% 执行成功 | ssmtc64-100-5%_task317_20260416_191927.log
✅ [358/360] ssmtc64-100-5% 执行成功 | ssmtc64-100-5%_task358_20260416_193251.log
✅ [337/360] ssmtc64-100-5% 执行成功 | ssmtc64-100-5%_task337_20260416_192308.log
✅ [342/360] ssmtc64-100-5% 执行成功 | ssmtc64-100-5%_task342_20260416_192438.log
✅ [315/360] ssmtc64-100-5% 执行成功 | ssmtc64-100-5%_task315_20260416_191915.log
✅ [334/360] ssmtc64-100-5% 执行成功 | ssmtc64-100-5%_task334_20260416_192238.log
✅ [308/360] ssmtc64-100-5% 执行成功 | ssmtc64-100-5%_task308_20260416_191815.log
✅ [349/360] ssmtc64-100-5% 执行成功 | ssmtc64-100-5%_task349_20260416_192709.log
✅ [301/360] ssmtc64-100-5% 执行成功 | ssmtc64-100-5%_task301_20260416_191704.log
✅ [343/360] ssmtc64-100-5% 执行成功 | ssmtc64-100-5%_task343_20260416_192439.log
✅ [336/360] ssmtc64-100-5% 执行成功 | ssmtc64-100-5%_task336_20260416_192307.log
✅ [312/360] ssmtc64-100-5% 执行成功 | ssmtc64-100-5%_task312_20260416_191900.log
✅ [313/360] ssmtc64-100-5% 执行成功 | ssmtc64-100-5%_task313_20260416_191901.log
✅ [333/360] ssmtc64-100-5% 执行成功 | ssmtc64-100-5%_task333_20260416_192233.log
✅ [353/360] ssmtc64-100-5% 执行成功 | ssmtc64-100-5%_task353_20260416_192936.log
✅ [306/360] ssmtc64-100-5% 执行成功 | ssmtc64-100-5%_task306_20260416_191803.log
✅ [298/360] ssmtc64-100-5% 执行成功 | ssmtc64-100-5%_task298_20260416_191652.log
✅ [340/360] ssmtc64-100-5% 执行成功 | ssmtc64-100-5%_task340_20260416_192402.log
✅ [316/360] ssmtc64-100-5% 执行成功 | ssmtc64-100-5%_task316_20260416_191926.log
✅ [311/360] ssmtc64-100-5% 执行成功 | ssmtc64-100-5%_task311_20260416_191852.log
✅ [335/360] ssmtc64-100-5% 执行成功 | ssmtc64-100-5%_task335_20260416_192242.log
✅ [346/360] ssmtc64-100-5% 执行成功 | ssmtc64-100-5%_task346_20260416_192544.log
✅ [356/360] ssmtc64-100-5% 执行成功 | ssmtc64-100-5%_task356_20260416_193220.log
✅ [310/360] ssmtc64-100-5% 执行成功 | ssmtc64-100-5%_task310_20260416_191838.log
✅ [345/360] ssmtc64-100-5% 执行成功 | ssmtc64-100-5%_task345_20260416_192529.log
✅ [347/360] ssmtc64-100-5% 执行成功 | ssmtc64-100-5%_task347_20260416_192550.log
✅ [360/360] ssmtc64-100-5% 执行成功 | ssmtc64-100-5%_task360_20260416_193324.log
✅ [341/360] ssmtc64-100-5% 执行成功 | ssmtc64-100-5%_task341_20260416_192407.log
✅ [304/360] ssmtc64-100-5% 执行成功 | ssmtc64-100-5%_task304_20260416_191756.log
✅ [348/360] ssmtc64-100-5% 执行成功 | ssmtc64-100-5%_task348_20260416_192700.log
✅ [352/360] ssmtc64-100-5% 执行成功 | ssmtc64-100-5%_task352_20260416_192851.log
✅ [305/360] ssmtc64-100-5% 执行成功 | ssmtc64-100-5%_task305_20260416_191759.log
✅ [259/360] ssmtc64-100-5% 执行成功 | ssmtc64-100-5%_task259_20260416_191007.log
✅ [350/360] ssmtc64-100-5% 执行成功 | ssmtc64-100-5%_task350_20260416_192752.log
✅ [297/360] ssmtc64-100-5% 执行成功 | ssmtc64-100-5%_task297_20260416_191647.log
✅ [351/360] ssmtc64-100-5% 执行成功 | ssmtc64-100-5%_task351_20260416_192833.log
✅ [355/360] ssmtc64-100-5% 执行成功 | ssmtc64-100-5%_task355_20260416_193204.log
✅ [359/360] ssmtc64-100-5% 执行成功 | ssmtc64-100-5%_task359_20260416_193322.log
✅ [357/360] ssmtc64-100-5% 执行成功 | ssmtc64-100-5%_task357_20260416_193236.log
✅ [295/360] ssmtc64-100-5% 执行成功 | ssmtc64-100-5%_task295_20260416_191627.log
✅ [354/360] ssmtc64-100-5% 执行成功 | ssmtc64-100-5%_task354_20260416_193047.log

========================================
开始执行 Cache：ssmtc64-200-5% | 共 360 条指令 | 并行数：120
日志目录：ssmtc64-200-5%/logs
========================================
✅ [15/360] ssmtc64-200-5% 执行成功 | ssmtc64-200-5%_task15_20260416_194748.log
✅ [13/360] ssmtc64-200-5% 执行成功 | ssmtc64-200-5%_task13_20260416_194748.log
✅ [35/360] ssmtc64-200-5% 执行成功 | ssmtc64-200-5%_task35_20260416_194748.log
✅ [31/360] ssmtc64-200-5% 执行成功 | ssmtc64-200-5%_task31_20260416_194748.log
✅ [75/360] ssmtc64-200-5% 执行成功 | ssmtc64-200-5%_task75_20260416_194748.log
✅ [33/360] ssmtc64-200-5% 执行成功 | ssmtc64-200-5%_task33_20260416_194748.log
✅ [30/360] ssmtc64-200-5% 执行成功 | ssmtc64-200-5%_task30_20260416_194748.log
✅ [28/360] ssmtc64-200-5% 执行成功 | ssmtc64-200-5%_task28_20260416_194748.log
✅ [64/360] ssmtc64-200-5% 执行成功 | ssmtc64-200-5%_task64_20260416_194748.log
✅ [44/360] ssmtc64-200-5% 执行成功 | ssmtc64-200-5%_task44_20260416_194748.log
✅ [107/360] ssmtc64-200-5% 执行成功 | ssmtc64-200-5%_task107_20260416_194748.log
✅ [27/360] ssmtc64-200-5% 执行成功 | ssmtc64-200-5%_task27_20260416_194748.log
✅ [36/360] ssmtc64-200-5% 执行成功 | ssmtc64-200-5%_task36_20260416_194748.log
✅ [71/360] ssmtc64-200-5% 执行成功 | ssmtc64-200-5%_task71_20260416_194748.log
✅ [116/360] ssmtc64-200-5% 执行成功 | ssmtc64-200-5%_task116_20260416_194748.log
✅ [8/360] ssmtc64-200-5% 执行成功 | ssmtc64-200-5%_task8_20260416_194748.log
✅ [80/360] ssmtc64-200-5% 执行成功 | ssmtc64-200-5%_task80_20260416_194748.log
✅ [26/360] ssmtc64-200-5% 执行成功 | ssmtc64-200-5%_task26_20260416_194748.log
✅ [42/360] ssmtc64-200-5% 执行成功 | ssmtc64-200-5%_task42_20260416_194748.log
✅ [6/360] ssmtc64-200-5% 执行成功 | ssmtc64-200-5%_task6_20260416_194748.log
✅ [78/360] ssmtc64-200-5% 执行成功 | ssmtc64-200-5%_task78_20260416_194748.log
✅ [21/360] ssmtc64-200-5% 执行成功 | ssmtc64-200-5%_task21_20260416_194748.log
✅ [67/360] ssmtc64-200-5% 执行成功 | ssmtc64-200-5%_task67_20260416_194748.log
✅ [114/360] ssmtc64-200-5% 执行成功 | ssmtc64-200-5%_task114_20260416_194748.log
✅ [51/360] ssmtc64-200-5% 执行成功 | ssmtc64-200-5%_task51_20260416_194748.log
✅ [24/360] ssmtc64-200-5% 执行成功 | ssmtc64-200-5%_task24_20260416_194748.log
✅ [9/360] ssmtc64-200-5% 执行成功 | ssmtc64-200-5%_task9_20260416_194748.log
✅ [19/360] ssmtc64-200-5% 执行成功 | ssmtc64-200-5%_task19_20260416_194748.log
✅ [79/360] ssmtc64-200-5% 执行成功 | ssmtc64-200-5%_task79_20260416_194748.log
✅ [29/360] ssmtc64-200-5% 执行成功 | ssmtc64-200-5%_task29_20260416_194748.log
✅ [76/360] ssmtc64-200-5% 执行成功 | ssmtc64-200-5%_task76_20260416_194748.log
✅ [5/360] ssmtc64-200-5% 执行成功 | ssmtc64-200-5%_task5_20260416_194748.log
✅ [12/360] ssmtc64-200-5% 执行成功 | ssmtc64-200-5%_task12_20260416_194748.log
✅ [69/360] ssmtc64-200-5% 执行成功 | ssmtc64-200-5%_task69_20260416_194748.log
✅ [105/360] ssmtc64-200-5% 执行成功 | ssmtc64-200-5%_task105_20260416_194748.log
✅ [25/360] ssmtc64-200-5% 执行成功 | ssmtc64-200-5%_task25_20260416_194748.log
✅ [66/360] ssmtc64-200-5% 执行成功 | ssmtc64-200-5%_task66_20260416_194748.log
✅ [102/360] ssmtc64-200-5% 执行成功 | ssmtc64-200-5%_task102_20260416_194748.log
✅ [91/360] ssmtc64-200-5% 执行成功 | ssmtc64-200-5%_task91_20260416_194748.log
✅ [16/360] ssmtc64-200-5% 执行成功 | ssmtc64-200-5%_task16_20260416_194748.log
✅ [41/360] ssmtc64-200-5% 执行成功 | ssmtc64-200-5%_task41_20260416_194748.log
✅ [32/360] ssmtc64-200-5% 执行成功 | ssmtc64-200-5%_task32_20260416_194748.log
✅ [84/360] ssmtc64-200-5% 执行成功 | ssmtc64-200-5%_task84_20260416_194748.log
✅ [40/360] ssmtc64-200-5% 执行成功 | ssmtc64-200-5%_task40_20260416_194748.log
✅ [74/360] ssmtc64-200-5% 执行成功 | ssmtc64-200-5%_task74_20260416_194748.log
✅ [112/360] ssmtc64-200-5% 执行成功 | ssmtc64-200-5%_task112_20260416_194748.log
✅ [77/360] ssmtc64-200-5% 执行成功 | ssmtc64-200-5%_task77_20260416_194748.log
✅ [3/360] ssmtc64-200-5% 执行成功 | ssmtc64-200-5%_task3_20260416_194748.log
✅ [113/360] ssmtc64-200-5% 执行成功 | ssmtc64-200-5%_task113_20260416_194748.log
✅ [4/360] ssmtc64-200-5% 执行成功 | ssmtc64-200-5%_task4_20260416_194748.log
✅ [103/360] ssmtc64-200-5% 执行成功 | ssmtc64-200-5%_task103_20260416_194748.log
✅ [100/360] ssmtc64-200-5% 执行成功 | ssmtc64-200-5%_task100_20260416_194748.log
✅ [23/360] ssmtc64-200-5% 执行成功 | ssmtc64-200-5%_task23_20260416_194748.log
✅ [18/360] ssmtc64-200-5% 执行成功 | ssmtc64-200-5%_task18_20260416_194748.log
✅ [22/360] ssmtc64-200-5% 执行成功 | ssmtc64-200-5%_task22_20260416_194748.log
✅ [11/360] ssmtc64-200-5% 执行成功 | ssmtc64-200-5%_task11_20260416_194748.log
✅ [85/360] ssmtc64-200-5% 执行成功 | ssmtc64-200-5%_task85_20260416_194748.log
✅ [72/360] ssmtc64-200-5% 执行成功 | ssmtc64-200-5%_task72_20260416_194748.log
✅ [17/360] ssmtc64-200-5% 执行成功 | ssmtc64-200-5%_task17_20260416_194748.log
✅ [87/360] ssmtc64-200-5% 执行成功 | ssmtc64-200-5%_task87_20260416_194748.log
✅ [106/360] ssmtc64-200-5% 执行成功 | ssmtc64-200-5%_task106_20260416_194748.log
✅ [98/360] ssmtc64-200-5% 执行成功 | ssmtc64-200-5%_task98_20260416_194748.log
✅ [2/360] ssmtc64-200-5% 执行成功 | ssmtc64-200-5%_task2_20260416_194748.log
✅ [62/360] ssmtc64-200-5% 执行成功 | ssmtc64-200-5%_task62_20260416_194748.log
✅ [43/360] ssmtc64-200-5% 执行成功 | ssmtc64-200-5%_task43_20260416_194748.log
✅ [1/360] ssmtc64-200-5% 执行成功 | ssmtc64-200-5%_task1_20260416_194748.log
✅ [49/360] ssmtc64-200-5% 执行成功 | ssmtc64-200-5%_task49_20260416_194748.log
✅ [57/360] ssmtc64-200-5% 执行成功 | ssmtc64-200-5%_task57_20260416_194748.log
✅ [73/360] ssmtc64-200-5% 执行成功 | ssmtc64-200-5%_task73_20260416_194748.log
✅ [108/360] ssmtc64-200-5% 执行成功 | ssmtc64-200-5%_task108_20260416_194748.log
✅ [93/360] ssmtc64-200-5% 执行成功 | ssmtc64-200-5%_task93_20260416_194748.log
✅ [70/360] ssmtc64-200-5% 执行成功 | ssmtc64-200-5%_task70_20260416_194748.log
✅ [37/360] ssmtc64-200-5% 执行成功 | ssmtc64-200-5%_task37_20260416_194748.log
✅ [55/360] ssmtc64-200-5% 执行成功 | ssmtc64-200-5%_task55_20260416_194748.log
✅ [39/360] ssmtc64-200-5% 执行成功 | ssmtc64-200-5%_task39_20260416_194748.log
✅ [7/360] ssmtc64-200-5% 执行成功 | ssmtc64-200-5%_task7_20260416_194748.log
✅ [111/360] ssmtc64-200-5% 执行成功 | ssmtc64-200-5%_task111_20260416_194748.log
✅ [96/360] ssmtc64-200-5% 执行成功 | ssmtc64-200-5%_task96_20260416_194748.log
✅ [110/360] ssmtc64-200-5% 执行成功 | ssmtc64-200-5%_task110_20260416_194748.log
✅ [90/360] ssmtc64-200-5% 执行成功 | ssmtc64-200-5%_task90_20260416_194748.log
✅ [60/360] ssmtc64-200-5% 执行成功 | ssmtc64-200-5%_task60_20260416_194748.log
✅ [10/360] ssmtc64-200-5% 执行成功 | ssmtc64-200-5%_task10_20260416_194748.log
✅ [54/360] ssmtc64-200-5% 执行成功 | ssmtc64-200-5%_task54_20260416_194748.log
✅ [115/360] ssmtc64-200-5% 执行成功 | ssmtc64-200-5%_task115_20260416_194748.log
✅ [38/360] ssmtc64-200-5% 执行成功 | ssmtc64-200-5%_task38_20260416_194748.log
✅ [20/360] ssmtc64-200-5% 执行成功 | ssmtc64-200-5%_task20_20260416_194748.log
✅ [14/360] ssmtc64-200-5% 执行成功 | ssmtc64-200-5%_task14_20260416_194748.log
✅ [63/360] ssmtc64-200-5% 执行成功 | ssmtc64-200-5%_task63_20260416_194748.log
✅ [109/360] ssmtc64-200-5% 执行成功 | ssmtc64-200-5%_task109_20260416_194748.log
✅ [68/360] ssmtc64-200-5% 执行成功 | ssmtc64-200-5%_task68_20260416_194748.log
✅ [99/360] ssmtc64-200-5% 执行成功 | ssmtc64-200-5%_task99_20260416_194748.log
✅ [59/360] ssmtc64-200-5% 执行成功 | ssmtc64-200-5%_task59_20260416_194748.log
✅ [119/360] ssmtc64-200-5% 执行成功 | ssmtc64-200-5%_task119_20260416_194748.log
✅ [101/360] ssmtc64-200-5% 执行成功 | ssmtc64-200-5%_task101_20260416_194748.log
✅ [65/360] ssmtc64-200-5% 执行成功 | ssmtc64-200-5%_task65_20260416_194748.log
✅ [83/360] ssmtc64-200-5% 执行成功 | ssmtc64-200-5%_task83_20260416_194748.log
✅ [104/360] ssmtc64-200-5% 执行成功 | ssmtc64-200-5%_task104_20260416_194748.log
✅ [47/360] ssmtc64-200-5% 执行成功 | ssmtc64-200-5%_task47_20260416_194748.log
✅ [94/360] ssmtc64-200-5% 执行成功 | ssmtc64-200-5%_task94_20260416_194748.log
✅ [120/360] ssmtc64-200-5% 执行成功 | ssmtc64-200-5%_task120_20260416_194748.log
✅ [58/360] ssmtc64-200-5% 执行成功 | ssmtc64-200-5%_task58_20260416_194748.log
✅ [81/360] ssmtc64-200-5% 执行成功 | ssmtc64-200-5%_task81_20260416_194748.log
✅ [95/360] ssmtc64-200-5% 执行成功 | ssmtc64-200-5%_task95_20260416_194748.log
✅ [48/360] ssmtc64-200-5% 执行成功 | ssmtc64-200-5%_task48_20260416_194748.log
✅ [53/360] ssmtc64-200-5% 执行成功 | ssmtc64-200-5%_task53_20260416_194748.log
✅ [52/360] ssmtc64-200-5% 执行成功 | ssmtc64-200-5%_task52_20260416_194748.log
✅ [89/360] ssmtc64-200-5% 执行成功 | ssmtc64-200-5%_task89_20260416_194748.log
✅ [86/360] ssmtc64-200-5% 执行成功 | ssmtc64-200-5%_task86_20260416_194748.log
✅ [56/360] ssmtc64-200-5% 执行成功 | ssmtc64-200-5%_task56_20260416_194748.log
✅ [50/360] ssmtc64-200-5% 执行成功 | ssmtc64-200-5%_task50_20260416_194748.log
✅ [82/360] ssmtc64-200-5% 执行成功 | ssmtc64-200-5%_task82_20260416_194748.log
✅ [61/360] ssmtc64-200-5% 执行成功 | ssmtc64-200-5%_task61_20260416_194748.log
✅ [97/360] ssmtc64-200-5% 执行成功 | ssmtc64-200-5%_task97_20260416_194748.log
✅ [92/360] ssmtc64-200-5% 执行成功 | ssmtc64-200-5%_task92_20260416_194748.log
✅ [117/360] ssmtc64-200-5% 执行成功 | ssmtc64-200-5%_task117_20260416_194748.log
✅ [118/360] ssmtc64-200-5% 执行成功 | ssmtc64-200-5%_task118_20260416_194748.log
✅ [46/360] ssmtc64-200-5% 执行成功 | ssmtc64-200-5%_task46_20260416_194748.log
✅ [45/360] ssmtc64-200-5% 执行成功 | ssmtc64-200-5%_task45_20260416_194748.log
✅ [88/360] ssmtc64-200-5% 执行成功 | ssmtc64-200-5%_task88_20260416_194748.log
✅ [34/360] ssmtc64-200-5% 执行成功 | ssmtc64-200-5%_task34_20260416_194748.log
✅ [123/360] ssmtc64-200-5% 执行成功 | ssmtc64-200-5%_task123_20260416_200925.log
✅ [121/360] ssmtc64-200-5% 执行成功 | ssmtc64-200-5%_task121_20260416_200815.log
✅ [181/360] ssmtc64-200-5% 执行成功 | ssmtc64-200-5%_task181_20260416_202033.log
✅ [143/360] ssmtc64-200-5% 执行成功 | ssmtc64-200-5%_task143_20260416_201553.log
✅ [152/360] ssmtc64-200-5% 执行成功 | ssmtc64-200-5%_task152_20260416_201755.log
✅ [138/360] ssmtc64-200-5% 执行成功 | ssmtc64-200-5%_task138_20260416_201526.log
✅ [186/360] ssmtc64-200-5% 执行成功 | ssmtc64-200-5%_task186_20260416_202137.log
✅ [131/360] ssmtc64-200-5% 执行成功 | ssmtc64-200-5%_task131_20260416_201341.log
✅ [150/360] ssmtc64-200-5% 执行成功 | ssmtc64-200-5%_task150_20260416_201727.log
✅ [141/360] ssmtc64-200-5% 执行成功 | ssmtc64-200-5%_task141_20260416_201549.log
✅ [122/360] ssmtc64-200-5% 执行成功 | ssmtc64-200-5%_task122_20260416_200817.log
✅ [129/360] ssmtc64-200-5% 执行成功 | ssmtc64-200-5%_task129_20260416_201244.log
✅ [139/360] ssmtc64-200-5% 执行成功 | ssmtc64-200-5%_task139_20260416_201544.log
✅ [188/360] ssmtc64-200-5% 执行成功 | ssmtc64-200-5%_task188_20260416_202156.log
✅ [127/360] ssmtc64-200-5% 执行成功 | ssmtc64-200-5%_task127_20260416_201238.log
✅ [132/360] ssmtc64-200-5% 执行成功 | ssmtc64-200-5%_task132_20260416_201351.log
✅ [136/360] ssmtc64-200-5% 执行成功 | ssmtc64-200-5%_task136_20260416_201516.log
✅ [179/360] ssmtc64-200-5% 执行成功 | ssmtc64-200-5%_task179_20260416_202026.log
✅ [148/360] ssmtc64-200-5% 执行成功 | ssmtc64-200-5%_task148_20260416_201649.log
✅ [149/360] ssmtc64-200-5% 执行成功 | ssmtc64-200-5%_task149_20260416_201716.log
✅ [185/360] ssmtc64-200-5% 执行成功 | ssmtc64-200-5%_task185_20260416_202127.log
✅ [134/360] ssmtc64-200-5% 执行成功 | ssmtc64-200-5%_task134_20260416_201457.log
✅ [224/360] ssmtc64-200-5% 执行成功 | ssmtc64-200-5%_task224_20260416_202716.log
✅ [142/360] ssmtc64-200-5% 执行成功 | ssmtc64-200-5%_task142_20260416_201550.log
✅ [215/360] ssmtc64-200-5% 执行成功 | ssmtc64-200-5%_task215_20260416_202528.log
✅ [144/360] ssmtc64-200-5% 执行成功 | ssmtc64-200-5%_task144_20260416_201611.log
✅ [126/360] ssmtc64-200-5% 执行成功 | ssmtc64-200-5%_task126_20260416_201214.log
✅ [222/360] ssmtc64-200-5% 执行成功 | ssmtc64-200-5%_task222_20260416_202707.log
✅ [145/360] ssmtc64-200-5% 执行成功 | ssmtc64-200-5%_task145_20260416_201622.log
✅ [210/360] ssmtc64-200-5% 执行成功 | ssmtc64-200-5%_task210_20260416_202403.log
✅ [135/360] ssmtc64-200-5% 执行成功 | ssmtc64-200-5%_task135_20260416_201514.log
✅ [172/360] ssmtc64-200-5% 执行成功 | ssmtc64-200-5%_task172_20260416_201947.log
✅ [221/360] ssmtc64-200-5% 执行成功 | ssmtc64-200-5%_task221_20260416_202651.log
✅ [182/360] ssmtc64-200-5% 执行成功 | ssmtc64-200-5%_task182_20260416_202053.log
✅ [214/360] ssmtc64-200-5% 执行成功 | ssmtc64-200-5%_task214_20260416_202522.log
✅ [165/360] ssmtc64-200-5% 执行成功 | ssmtc64-200-5%_task165_20260416_201924.log
✅ [183/360] ssmtc64-200-5% 执行成功 | ssmtc64-200-5%_task183_20260416_202114.log
✅ [125/360] ssmtc64-200-5% 执行成功 | ssmtc64-200-5%_task125_20260416_201205.log
✅ [184/360] ssmtc64-200-5% 执行成功 | ssmtc64-200-5%_task184_20260416_202122.log
✅ [175/360] ssmtc64-200-5% 执行成功 | ssmtc64-200-5%_task175_20260416_202015.log
✅ [159/360] ssmtc64-200-5% 执行成功 | ssmtc64-200-5%_task159_20260416_201903.log
✅ [151/360] ssmtc64-200-5% 执行成功 | ssmtc64-200-5%_task151_20260416_201741.log
✅ [174/360] ssmtc64-200-5% 执行成功 | ssmtc64-200-5%_task174_20260416_202002.log
✅ [177/360] ssmtc64-200-5% 执行成功 | ssmtc64-200-5%_task177_20260416_202021.log
✅ [180/360] ssmtc64-200-5% 执行成功 | ssmtc64-200-5%_task180_20260416_202031.log
✅ [146/360] ssmtc64-200-5% 执行成功 | ssmtc64-200-5%_task146_20260416_201638.log
✅ [147/360] ssmtc64-200-5% 执行成功 | ssmtc64-200-5%_task147_20260416_201647.log
✅ [140/360] ssmtc64-200-5% 执行成功 | ssmtc64-200-5%_task140_20260416_201548.log
✅ [128/360] ssmtc64-200-5% 执行成功 | ssmtc64-200-5%_task128_20260416_201238.log
✅ [213/360] ssmtc64-200-5% 执行成功 | ssmtc64-200-5%_task213_20260416_202516.log
✅ [163/360] ssmtc64-200-5% 执行成功 | ssmtc64-200-5%_task163_20260416_201924.log
✅ [167/360] ssmtc64-200-5% 执行成功 | ssmtc64-200-5%_task167_20260416_201930.log
✅ [187/360] ssmtc64-200-5% 执行成功 | ssmtc64-200-5%_task187_20260416_202142.log
✅ [130/360] ssmtc64-200-5% 执行成功 | ssmtc64-200-5%_task130_20260416_201332.log
✅ [211/360] ssmtc64-200-5% 执行成功 | ssmtc64-200-5%_task211_20260416_202408.log
✅ [170/360] ssmtc64-200-5% 执行成功 | ssmtc64-200-5%_task170_20260416_201945.log
✅ [157/360] ssmtc64-200-5% 执行成功 | ssmtc64-200-5%_task157_20260416_201853.log
✅ [137/360] ssmtc64-200-5% 执行成功 | ssmtc64-200-5%_task137_20260416_201523.log
✅ [195/360] ssmtc64-200-5% 执行成功 | ssmtc64-200-5%_task195_20260416_202235.log
✅ [219/360] ssmtc64-200-5% 执行成功 | ssmtc64-200-5%_task219_20260416_202618.log
✅ [201/360] ssmtc64-200-5% 执行成功 | ssmtc64-200-5%_task201_20260416_202256.log
✅ [193/360] ssmtc64-200-5% 执行成功 | ssmtc64-200-5%_task193_20260416_202228.log
✅ [217/360] ssmtc64-200-5% 执行成功 | ssmtc64-200-5%_task217_20260416_202609.log
✅ [208/360] ssmtc64-200-5% 执行成功 | ssmtc64-200-5%_task208_20260416_202344.log
✅ [168/360] ssmtc64-200-5% 执行成功 | ssmtc64-200-5%_task168_20260416_201938.log
✅ [199/360] ssmtc64-200-5% 执行成功 | ssmtc64-200-5%_task199_20260416_202248.log
✅ [220/360] ssmtc64-200-5% 执行成功 | ssmtc64-200-5%_task220_20260416_202639.log
✅ [178/360] ssmtc64-200-5% 执行成功 | ssmtc64-200-5%_task178_20260416_202023.log
✅ [235/360] ssmtc64-200-5% 执行成功 | ssmtc64-200-5%_task235_20260416_203218.log
✅ [206/360] ssmtc64-200-5% 执行成功 | ssmtc64-200-5%_task206_20260416_202329.log
✅ [204/360] ssmtc64-200-5% 执行成功 | ssmtc64-200-5%_task204_20260416_202316.log
✅ [216/360] ssmtc64-200-5% 执行成功 | ssmtc64-200-5%_task216_20260416_202557.log
✅ [171/360] ssmtc64-200-5% 执行成功 | ssmtc64-200-5%_task171_20260416_201946.log
✅ [156/360] ssmtc64-200-5% 执行成功 | ssmtc64-200-5%_task156_20260416_201844.log
✅ [173/360] ssmtc64-200-5% 执行成功 | ssmtc64-200-5%_task173_20260416_201957.log
✅ [198/360] ssmtc64-200-5% 执行成功 | ssmtc64-200-5%_task198_20260416_202246.log
✅ [203/360] ssmtc64-200-5% 执行成功 | ssmtc64-200-5%_task203_20260416_202310.log
✅ [176/360] ssmtc64-200-5% 执行成功 | ssmtc64-200-5%_task176_20260416_202019.log
✅ [218/360] ssmtc64-200-5% 执行成功 | ssmtc64-200-5%_task218_20260416_202612.log
✅ [192/360] ssmtc64-200-5% 执行成功 | ssmtc64-200-5%_task192_20260416_202219.log
✅ [166/360] ssmtc64-200-5% 执行成功 | ssmtc64-200-5%_task166_20260416_201928.log
✅ [207/360] ssmtc64-200-5% 执行成功 | ssmtc64-200-5%_task207_20260416_202338.log
✅ [162/360] ssmtc64-200-5% 执行成功 | ssmtc64-200-5%_task162_20260416_201923.log
✅ [155/360] ssmtc64-200-5% 执行成功 | ssmtc64-200-5%_task155_20260416_201829.log
✅ [194/360] ssmtc64-200-5% 执行成功 | ssmtc64-200-5%_task194_20260416_202231.log
✅ [161/360] ssmtc64-200-5% 执行成功 | ssmtc64-200-5%_task161_20260416_201920.log
✅ [223/360] ssmtc64-200-5% 执行成功 | ssmtc64-200-5%_task223_20260416_202714.log
✅ [189/360] ssmtc64-200-5% 执行成功 | ssmtc64-200-5%_task189_20260416_202202.log
✅ [133/360] ssmtc64-200-5% 执行成功 | ssmtc64-200-5%_task133_20260416_201456.log
✅ [124/360] ssmtc64-200-5% 执行成功 | ssmtc64-200-5%_task124_20260416_201201.log
✅ [205/360] ssmtc64-200-5% 执行成功 | ssmtc64-200-5%_task205_20260416_202320.log
✅ [200/360] ssmtc64-200-5% 执行成功 | ssmtc64-200-5%_task200_20260416_202255.log
✅ [228/360] ssmtc64-200-5% 执行成功 | ssmtc64-200-5%_task228_20260416_202913.log
✅ [209/360] ssmtc64-200-5% 执行成功 | ssmtc64-200-5%_task209_20260416_202356.log
✅ [231/360] ssmtc64-200-5% 执行成功 | ssmtc64-200-5%_task231_20260416_203003.log
✅ [212/360] ssmtc64-200-5% 执行成功 | ssmtc64-200-5%_task212_20260416_202506.log
✅ [158/360] ssmtc64-200-5% 执行成功 | ssmtc64-200-5%_task158_20260416_201855.log
✅ [190/360] ssmtc64-200-5% 执行成功 | ssmtc64-200-5%_task190_20260416_202205.log
✅ [229/360] ssmtc64-200-5% 执行成功 | ssmtc64-200-5%_task229_20260416_202949.log
✅ [202/360] ssmtc64-200-5% 执行成功 | ssmtc64-200-5%_task202_20260416_202308.log
✅ [196/360] ssmtc64-200-5% 执行成功 | ssmtc64-200-5%_task196_20260416_202243.log
✅ [191/360] ssmtc64-200-5% 执行成功 | ssmtc64-200-5%_task191_20260416_202206.log
✅ [197/360] ssmtc64-200-5% 执行成功 | ssmtc64-200-5%_task197_20260416_202244.log
✅ [169/360] ssmtc64-200-5% 执行成功 | ssmtc64-200-5%_task169_20260416_201944.log
✅ [164/360] ssmtc64-200-5% 执行成功 | ssmtc64-200-5%_task164_20260416_201924.log
✅ [237/360] ssmtc64-200-5% 执行成功 | ssmtc64-200-5%_task237_20260416_203423.log
✅ [226/360] ssmtc64-200-5% 执行成功 | ssmtc64-200-5%_task226_20260416_202758.log
✅ [225/360] ssmtc64-200-5% 执行成功 | ssmtc64-200-5%_task225_20260416_202727.log
✅ [153/360] ssmtc64-200-5% 执行成功 | ssmtc64-200-5%_task153_20260416_201825.log
✅ [154/360] ssmtc64-200-5% 执行成功 | ssmtc64-200-5%_task154_20260416_201829.log
✅ [230/360] ssmtc64-200-5% 执行成功 | ssmtc64-200-5%_task230_20260416_202958.log
✅ [160/360] ssmtc64-200-5% 执行成功 | ssmtc64-200-5%_task160_20260416_201905.log
✅ [234/360] ssmtc64-200-5% 执行成功 | ssmtc64-200-5%_task234_20260416_203124.log
✅ [236/360] ssmtc64-200-5% 执行成功 | ssmtc64-200-5%_task236_20260416_203305.log
✅ [227/360] ssmtc64-200-5% 执行成功 | ssmtc64-200-5%_task227_20260416_202843.log
✅ [233/360] ssmtc64-200-5% 执行成功 | ssmtc64-200-5%_task233_20260416_203123.log
✅ [232/360] ssmtc64-200-5% 执行成功 | ssmtc64-200-5%_task232_20260416_203010.log
✅ [260/360] ssmtc64-200-5% 执行成功 | ssmtc64-200-5%_task260_20260416_204836.log
✅ [251/360] ssmtc64-200-5% 执行成功 | ssmtc64-200-5%_task251_20260416_204634.log
✅ [242/360] ssmtc64-200-5% 执行成功 | ssmtc64-200-5%_task242_20260416_204206.log
✅ [240/360] ssmtc64-200-5% 执行成功 | ssmtc64-200-5%_task240_20260416_203952.log
✅ [254/360] ssmtc64-200-5% 执行成功 | ssmtc64-200-5%_task254_20260416_204655.log
✅ [239/360] ssmtc64-200-5% 执行成功 | ssmtc64-200-5%_task239_20260416_203801.log
✅ [257/360] ssmtc64-200-5% 执行成功 | ssmtc64-200-5%_task257_20260416_204805.log
✅ [267/360] ssmtc64-200-5% 执行成功 | ssmtc64-200-5%_task267_20260416_205018.log
✅ [258/360] ssmtc64-200-5% 执行成功 | ssmtc64-200-5%_task258_20260416_204813.log
✅ [238/360] ssmtc64-200-5% 执行成功 | ssmtc64-200-5%_task238_20260416_203453.log
✅ [256/360] ssmtc64-200-5% 执行成功 | ssmtc64-200-5%_task256_20260416_204717.log
✅ [264/360] ssmtc64-200-5% 执行成功 | ssmtc64-200-5%_task264_20260416_204959.log
✅ [249/360] ssmtc64-200-5% 执行成功 | ssmtc64-200-5%_task249_20260416_204622.log
✅ [244/360] ssmtc64-200-5% 执行成功 | ssmtc64-200-5%_task244_20260416_204409.log
✅ [247/360] ssmtc64-200-5% 执行成功 | ssmtc64-200-5%_task247_20260416_204539.log
✅ [253/360] ssmtc64-200-5% 执行成功 | ssmtc64-200-5%_task253_20260416_204654.log
✅ [255/360] ssmtc64-200-5% 执行成功 | ssmtc64-200-5%_task255_20260416_204714.log
✅ [273/360] ssmtc64-200-5% 执行成功 | ssmtc64-200-5%_task273_20260416_205131.log
✅ [287/360] ssmtc64-200-5% 执行成功 | ssmtc64-200-5%_task287_20260416_205257.log
✅ [243/360] ssmtc64-200-5% 执行成功 | ssmtc64-200-5%_task243_20260416_204338.log
✅ [285/360] ssmtc64-200-5% 执行成功 | ssmtc64-200-5%_task285_20260416_205236.log
✅ [246/360] ssmtc64-200-5% 执行成功 | ssmtc64-200-5%_task246_20260416_204530.log
✅ [278/360] ssmtc64-200-5% 执行成功 | ssmtc64-200-5%_task278_20260416_205202.log
✅ [252/360] ssmtc64-200-5% 执行成功 | ssmtc64-200-5%_task252_20260416_204651.log
✅ [288/360] ssmtc64-200-5% 执行成功 | ssmtc64-200-5%_task288_20260416_205300.log
✅ [241/360] ssmtc64-200-5% 执行成功 | ssmtc64-200-5%_task241_20260416_204014.log
✅ [282/360] ssmtc64-200-5% 执行成功 | ssmtc64-200-5%_task282_20260416_205221.log
✅ [265/360] ssmtc64-200-5% 执行成功 | ssmtc64-200-5%_task265_20260416_205004.log
✅ [263/360] ssmtc64-200-5% 执行成功 | ssmtc64-200-5%_task263_20260416_204956.log
✅ [250/360] ssmtc64-200-5% 执行成功 | ssmtc64-200-5%_task250_20260416_204631.log
✅ [331/360] ssmtc64-200-5% 执行成功 | ssmtc64-200-5%_task331_20260416_205949.log
✅ [330/360] ssmtc64-200-5% 执行成功 | ssmtc64-200-5%_task330_20260416_205949.log
✅ [276/360] ssmtc64-200-5% 执行成功 | ssmtc64-200-5%_task276_20260416_205153.log
✅ [268/360] ssmtc64-200-5% 执行成功 | ssmtc64-200-5%_task268_20260416_205034.log
✅ [291/360] ssmtc64-200-5% 执行成功 | ssmtc64-200-5%_task291_20260416_205320.log
✅ [248/360] ssmtc64-200-5% 执行成功 | ssmtc64-200-5%_task248_20260416_204607.log
✅ [286/360] ssmtc64-200-5% 执行成功 | ssmtc64-200-5%_task286_20260416_205237.log
✅ [293/360] ssmtc64-200-5% 执行成功 | ssmtc64-200-5%_task293_20260416_205326.log
✅ [279/360] ssmtc64-200-5% 执行成功 | ssmtc64-200-5%_task279_20260416_205217.log
✅ [296/360] ssmtc64-200-5% 执行成功 | ssmtc64-200-5%_task296_20260416_205351.log
✅ [261/360] ssmtc64-200-5% 执行成功 | ssmtc64-200-5%_task261_20260416_204843.log
✅ [325/360] ssmtc64-200-5% 执行成功 | ssmtc64-200-5%_task325_20260416_205838.log
✅ [283/360] ssmtc64-200-5% 执行成功 | ssmtc64-200-5%_task283_20260416_205221.log
✅ [271/360] ssmtc64-200-5% 执行成功 | ssmtc64-200-5%_task271_20260416_205114.log
✅ [266/360] ssmtc64-200-5% 执行成功 | ssmtc64-200-5%_task266_20260416_205008.log
✅ [281/360] ssmtc64-200-5% 执行成功 | ssmtc64-200-5%_task281_20260416_205219.log
✅ [284/360] ssmtc64-200-5% 执行成功 | ssmtc64-200-5%_task284_20260416_205223.log
✅ [245/360] ssmtc64-200-5% 执行成功 | ssmtc64-200-5%_task245_20260416_204429.log
✅ [329/360] ssmtc64-200-5% 执行成功 | ssmtc64-200-5%_task329_20260416_205941.log
✅ [294/360] ssmtc64-200-5% 执行成功 | ssmtc64-200-5%_task294_20260416_205347.log
✅ [313/360] ssmtc64-200-5% 执行成功 | ssmtc64-200-5%_task313_20260416_205614.log
✅ [275/360] ssmtc64-200-5% 执行成功 | ssmtc64-200-5%_task275_20260416_205148.log
✅ [274/360] ssmtc64-200-5% 执行成功 | ssmtc64-200-5%_task274_20260416_205134.log
✅ [280/360] ssmtc64-200-5% 执行成功 | ssmtc64-200-5%_task280_20260416_205217.log
✅ [262/360] ssmtc64-200-5% 执行成功 | ssmtc64-200-5%_task262_20260416_204905.log
✅ [270/360] ssmtc64-200-5% 执行成功 | ssmtc64-200-5%_task270_20260416_205052.log
✅ [308/360] ssmtc64-200-5% 执行成功 | ssmtc64-200-5%_task308_20260416_205541.log
✅ [322/360] ssmtc64-200-5% 执行成功 | ssmtc64-200-5%_task322_20260416_205823.log
✅ [328/360] ssmtc64-200-5% 执行成功 | ssmtc64-200-5%_task328_20260416_205922.log
✅ [344/360] ssmtc64-200-5% 执行成功 | ssmtc64-200-5%_task344_20260416_210240.log
✅ [324/360] ssmtc64-200-5% 执行成功 | ssmtc64-200-5%_task324_20260416_205827.log
✅ [326/360] ssmtc64-200-5% 执行成功 | ssmtc64-200-5%_task326_20260416_205856.log
✅ [289/360] ssmtc64-200-5% 执行成功 | ssmtc64-200-5%_task289_20260416_205304.log
✅ [269/360] ssmtc64-200-5% 执行成功 | ssmtc64-200-5%_task269_20260416_205043.log
✅ [323/360] ssmtc64-200-5% 执行成功 | ssmtc64-200-5%_task323_20260416_205824.log
✅ [272/360] ssmtc64-200-5% 执行成功 | ssmtc64-200-5%_task272_20260416_205119.log
✅ [302/360] ssmtc64-200-5% 执行成功 | ssmtc64-200-5%_task302_20260416_205430.log
✅ [321/360] ssmtc64-200-5% 执行成功 | ssmtc64-200-5%_task321_20260416_205745.log
✅ [314/360] ssmtc64-200-5% 执行成功 | ssmtc64-200-5%_task314_20260416_205624.log
✅ [303/360] ssmtc64-200-5% 执行成功 | ssmtc64-200-5%_task303_20260416_205437.log
✅ [327/360] ssmtc64-200-5% 执行成功 | ssmtc64-200-5%_task327_20260416_205859.log
✅ [332/360] ssmtc64-200-5% 执行成功 | ssmtc64-200-5%_task332_20260416_210007.log
✅ [320/360] ssmtc64-200-5% 执行成功 | ssmtc64-200-5%_task320_20260416_205730.log
✅ [277/360] ssmtc64-200-5% 执行成功 | ssmtc64-200-5%_task277_20260416_205159.log
✅ [356/360] ssmtc64-200-5% 执行成功 | ssmtc64-200-5%_task356_20260416_210743.log
✅ [290/360] ssmtc64-200-5% 执行成功 | ssmtc64-200-5%_task290_20260416_205312.log
✅ [338/360] ssmtc64-200-5% 执行成功 | ssmtc64-200-5%_task338_20260416_210116.log
✅ [292/360] ssmtc64-200-5% 执行成功 | ssmtc64-200-5%_task292_20260416_205321.log
✅ [309/360] ssmtc64-200-5% 执行成功 | ssmtc64-200-5%_task309_20260416_205543.log
✅ [342/360] ssmtc64-200-5% 执行成功 | ssmtc64-200-5%_task342_20260416_210207.log
✅ [301/360] ssmtc64-200-5% 执行成功 | ssmtc64-200-5%_task301_20260416_205425.log
✅ [315/360] ssmtc64-200-5% 执行成功 | ssmtc64-200-5%_task315_20260416_205635.log
✅ [311/360] ssmtc64-200-5% 执行成功 | ssmtc64-200-5%_task311_20260416_205557.log
✅ [319/360] ssmtc64-200-5% 执行成功 | ssmtc64-200-5%_task319_20260416_205728.log
✅ [306/360] ssmtc64-200-5% 执行成功 | ssmtc64-200-5%_task306_20260416_205524.log
✅ [317/360] ssmtc64-200-5% 执行成功 | ssmtc64-200-5%_task317_20260416_205715.log
✅ [333/360] ssmtc64-200-5% 执行成功 | ssmtc64-200-5%_task333_20260416_210018.log
✅ [339/360] ssmtc64-200-5% 执行成功 | ssmtc64-200-5%_task339_20260416_210143.log
✅ [316/360] ssmtc64-200-5% 执行成功 | ssmtc64-200-5%_task316_20260416_205702.log
✅ [358/360] ssmtc64-200-5% 执行成功 | ssmtc64-200-5%_task358_20260416_210936.log
✅ [299/360] ssmtc64-200-5% 执行成功 | ssmtc64-200-5%_task299_20260416_205408.log
✅ [300/360] ssmtc64-200-5% 执行成功 | ssmtc64-200-5%_task300_20260416_205414.log
✅ [336/360] ssmtc64-200-5% 执行成功 | ssmtc64-200-5%_task336_20260416_210049.log
✅ [337/360] ssmtc64-200-5% 执行成功 | ssmtc64-200-5%_task337_20260416_210105.log
✅ [307/360] ssmtc64-200-5% 执行成功 | ssmtc64-200-5%_task307_20260416_205527.log
✅ [297/360] ssmtc64-200-5% 执行成功 | ssmtc64-200-5%_task297_20260416_205354.log
✅ [343/360] ssmtc64-200-5% 执行成功 | ssmtc64-200-5%_task343_20260416_210214.log
✅ [349/360] ssmtc64-200-5% 执行成功 | ssmtc64-200-5%_task349_20260416_210518.log
✅ [318/360] ssmtc64-200-5% 执行成功 | ssmtc64-200-5%_task318_20260416_205722.log
✅ [346/360] ssmtc64-200-5% 执行成功 | ssmtc64-200-5%_task346_20260416_210306.log
✅ [360/360] ssmtc64-200-5% 执行成功 | ssmtc64-200-5%_task360_20260416_211117.log
✅ [310/360] ssmtc64-200-5% 执行成功 | ssmtc64-200-5%_task310_20260416_205547.log
✅ [312/360] ssmtc64-200-5% 执行成功 | ssmtc64-200-5%_task312_20260416_205613.log
✅ [353/360] ssmtc64-200-5% 执行成功 | ssmtc64-200-5%_task353_20260416_210642.log
✅ [345/360] ssmtc64-200-5% 执行成功 | ssmtc64-200-5%_task345_20260416_210249.log
✅ [335/360] ssmtc64-200-5% 执行成功 | ssmtc64-200-5%_task335_20260416_210044.log
✅ [334/360] ssmtc64-200-5% 执行成功 | ssmtc64-200-5%_task334_20260416_210036.log
✅ [340/360] ssmtc64-200-5% 执行成功 | ssmtc64-200-5%_task340_20260416_210145.log
✅ [341/360] ssmtc64-200-5% 执行成功 | ssmtc64-200-5%_task341_20260416_210205.log
✅ [350/360] ssmtc64-200-5% 执行成功 | ssmtc64-200-5%_task350_20260416_210545.log
✅ [351/360] ssmtc64-200-5% 执行成功 | ssmtc64-200-5%_task351_20260416_210615.log
✅ [298/360] ssmtc64-200-5% 执行成功 | ssmtc64-200-5%_task298_20260416_205357.log
✅ [347/360] ssmtc64-200-5% 执行成功 | ssmtc64-200-5%_task347_20260416_210423.log
✅ [348/360] ssmtc64-200-5% 执行成功 | ssmtc64-200-5%_task348_20260416_210458.log
✅ [304/360] ssmtc64-200-5% 执行成功 | ssmtc64-200-5%_task304_20260416_205500.log
✅ [355/360] ssmtc64-200-5% 执行成功 | ssmtc64-200-5%_task355_20260416_210729.log
✅ [259/360] ssmtc64-200-5% 执行成功 | ssmtc64-200-5%_task259_20260416_204824.log
✅ [357/360] ssmtc64-200-5% 执行成功 | ssmtc64-200-5%_task357_20260416_210810.log
✅ [352/360] ssmtc64-200-5% 执行成功 | ssmtc64-200-5%_task352_20260416_210616.log
✅ [305/360] ssmtc64-200-5% 执行成功 | ssmtc64-200-5%_task305_20260416_205510.log
✅ [359/360] ssmtc64-200-5% 执行成功 | ssmtc64-200-5%_task359_20260416_211044.log
✅ [354/360] ssmtc64-200-5% 执行成功 | ssmtc64-200-5%_task354_20260416_210722.log
✅ [295/360] ssmtc64-200-5% 执行成功 | ssmtc64-200-5%_task295_20260416_205349.log


================================================================================
【全局执行总结】
================================================================================
Cache smtc128：总计360 | 成功360 | 失败0
Cache smtc64：总计360 | 成功360 | 失败0
Cache ssmtc64-100-5%：总计360 | 成功360 | 失败0
Cache ssmtc64-200-5%：总计360 | 成功360 | 失败0
--------------------------------------------------------------------------------
总计：指令1440条 | 成功1440条 | 失败0条

完整总结日志：run_summary_20260416_145608.log
