测试组合（多线程优先）：seqacc.arg2 + gzip-program.arg + randacc.arg
执行命令：./smtsim seqacc.arg2 gzip-program.arg randacc.arg
==================================================

动态重分配参数：每100万周期检查，阈值5
Process 0, Thread 0: seqacc
Process 0, Thread 1: seqacc
Process 2, Thread 2: gzip-program
Process 3, Thread 3: randacc
[切片调度] 新安全域0无任何切片，尝试分配空闲切片
[切片管理] 成功绑定切片0 → 安全域0

======================== 切片硬件状态 ========================
切片号 | 所属安全域 | 当前状态    | 路扩展 | LRU touched
------------------------------------------------------------------
  0    |   域0      | 正常运行   |  否   |  0
  1    |   域-1     | 切片空闲   |  否   |  0
  2    |   域-1     | 切片空闲   |  否   |  0
  3    |   域-1     | 切片空闲   |  否   |  0
==================================================================

[切片管理] 成功绑定切片1 → 安全域0，触发【路扩展模式】

======================== 切片硬件状态 ========================
切片号 | 所属安全域 | 当前状态    | 路扩展 | LRU touched
------------------------------------------------------------------
  0    |   域0      | 正常运行   |  是   |  0
  1    |   域0      | 正常运行   |  是   |  0
  2    |   域-1     | 切片空闲   |  否   |  0
  3    |   域-1     | 切片空闲   |  否   |  0
==================================================================

[切片调度] 新安全域2无任何切片，尝试分配空闲切片
[切片管理] 成功绑定切片2 → 安全域2

======================== 切片硬件状态 ========================
切片号 | 所属安全域 | 当前状态    | 路扩展 | LRU touched
------------------------------------------------------------------
  0    |   域0      | 正常运行   |  是   |  320
  1    |   域0      | 正常运行   |  是   |  0
  2    |   域2      | 正常运行   |  否   |  0
  3    |   域-1     | 切片空闲   |  否   |  0
==================================================================

[切片管理] 成功绑定切片3 → 安全域2，触发【路扩展模式】

======================== 切片硬件状态 ========================
切片号 | 所属安全域 | 当前状态    | 路扩展 | LRU touched
------------------------------------------------------------------
  0    |   域0      | 正常运行   |  是   |  320
  1    |   域0      | 正常运行   |  是   |  0
  2    |   域2      | 正常运行   |  是   |  0
  3    |   域2      | 正常运行   |  是   |  0
==================================================================

[切片调度] 新安全域3无任何切片，尝试分配空闲切片
[切片调度] 新安全域3未找到空闲切片，尝试剥夺切片
[切片替换] 优先从【路扩展切片】中选择LRU替换目标...
[切片替换] 找到路扩展切片作为受害者：切片1（最后访问：0）
[切片调度] 安全域3触发切片剥夺：从域0剥夺切片1
[切片剥夺] 周期753：切片1（所属域0）进入待剥夺状态，禁止新替换
[切片剥夺] 周期753：切片1在途请求已清空，开始执行脏行写回
[切片剥夺] 周期753：切片1无脏行，直接完成剥夺
[切片管理] 周期753：原域0仅剩1个切片，关闭路扩展模式
[动态重分配] 周期753：切片1写回完成，自动绑定到域3
[切片管理] 成功绑定切片1 → 安全域3

======================== 切片硬件状态 ========================
切片号 | 所属安全域 | 当前状态    | 路扩展 | LRU touched
------------------------------------------------------------------
  0    |   域0      | 正常运行   |  否   |  320
  1    |   域3      | 正常运行   |  否   |  753
  2    |   域2      | 正常运行   |  是   |  753
  3    |   域2      | 正常运行   |  是   |  0
==================================================================

[切片唤醒] 周期753：域3切片就绪，唤醒等待指令

**** Debug Statistics at 1000000 Cycles *****
Threads: 4		Fetch Width: 8
No of useful instructions fetched:	1944292 (24.30% proc util.)
No of total instructions fetched:	1959761 (24.50% proc util.)
 includes 996 misfetch (0.1%), 14473 (0.7%) wrong-path fetches
 and 0 flushed after failed lock(0.0%)
No of useful instructions issued/executed:	1944251 (24.30% proc util.)
No of total instructions issued/executed:	1947321 (24.34% proc util.)
 includes 3070 wrong-path (0.2%) insts and 0 flushed (0.0%)
	fp 22, 0.00%
	synch 0, 0.00%
	integer 1775715, 91.19%
	load/store 171584, 8.81%
Avg size of int IQ (before scheduling): 32.16
Avg size of fp IQ (before scheduling): 0.00
No of cycles taken:		1000000
Parallelism [ 0.910, 0.000, 0.150, 0.885,] = 1.944
 IQ conflicts: 583 (0.06%), FQ conflicts: 0 (0.00%) 
 I reg conflicts: 726451 (72.65%), FP reg conflicts: 0 (0.00%)
  Activelist confs: 0 (0.00%), ROB confs: 0 (0.00%)
  Int unit conflicts: 34005 (3.40%), FP unit conflicts: 0 (0.00%)
  Load/store unit conflicts: 325 (0.03%)
  MSHR conflicts: 76887 (7.69%)
----------------------------------------
==== System-wide Cache Statistics ====
Stall for miss queue full 0 cycles (0.00%)
----------------------------------------
==== Statistics for Master ID: 0 ====
Reads: 273245   Writes: 5127
ICACHE: size: 64 KB assoc: 2
ICACHE: hits:231327 misses:10  Hit Ratio: 100.00%
DCACHE: size: 1*16 KB assoc: 1*4
DCACHE: hits:42645 misses:4390 writebacks:323  Hit Ratio: 90.67%
SCACHE: size: 512 KB assoc: 2
SCACHE: hits:3776 misses:624  Hit Ratio: 85.82%
3CACHE: size: 4096 KB assoc: 2
3CACHE: hits:260 misses:364  Hit Ratio: 41.67%
3CACHE: dirty items replaced:0
ITLB: size: 48, misses 1, miss rate 0.00%
DTLB: size: 128, misses 29, miss rate 0.06%
Avg mem delay: 61.006 cycles
----------------------------------------
==== Statistics for Master ID: 2 ====
Reads: 110014   Writes: 24306
ICACHE: size: 64 KB assoc: 2
ICACHE: hits:62361 misses:194  Hit Ratio: 99.69%
DCACHE: size: 2*16 KB assoc: 2*4
DCACHE: hits:48213 misses:23552 writebacks:23386  Hit Ratio: 67.18%
SCACHE: size: 512 KB assoc: 2
SCACHE: hits:1 misses:23742  Hit Ratio: 0.00%
3CACHE: size: 4096 KB assoc: 2
3CACHE: hits:0 misses:23742  Hit Ratio: 0.00%
3CACHE: dirty items replaced:0
ITLB: size: 48, misses 18, miss rate 0.03%
DTLB: size: 128, misses 5870, miss rate 8.18%
Avg mem delay: 61.006 cycles
----------------------------------------
==== Statistics for Master ID: 3 ====
Reads: 284795   Writes: 34
ICACHE: size: 64 KB assoc: 2
ICACHE: hits:232022 misses:23  Hit Ratio: 99.99%
DCACHE: size: 1*16 KB assoc: 1*4
DCACHE: hits:41061 misses:11722 writebacks:12  Hit Ratio: 77.79%
SCACHE: size: 512 KB assoc: 2
SCACHE: hits:10461 misses:1284  Hit Ratio: 89.07%
3CACHE: size: 4096 KB assoc: 2
3CACHE: hits:561 misses:723  Hit Ratio: 43.69%
3CACHE: dirty items replaced:0
ITLB: size: 48, misses 4, miss rate 0.00%
DTLB: size: 128, misses 113, miss rate 0.21%
Avg mem delay: 61.006 cycles
----------------------------------------
==== Global Resource Utilization ====
STASH: size: 65536 entries, full 1969665, empty 2412, misses 219, full rate 99.87
icache bank util. 0.175 0.107 0.036 0.000 0.000 0.014 0.052 0.144 
dcache bank util. 0.014 0.014 0.036 0.013 0.013 0.040 0.218 0.013 
L2 bank util. 0.011 0.011 0.011 0.011 0.011 0.012 0.295 0.011 
L1-L2 bus util. = 0.191, L3 util. = 0.248
----------------------------------------

======================== 切片硬件状态 ========================
切片号 | 所属安全域 | 当前状态    | 路扩展 | LRU touched
------------------------------------------------------------------
  0    |   域0      | 正常运行   |  否   |  999978
  1    |   域3      | 正常运行   |  否   |  999993
  2    |   域2      | 正常运行   |  是   |  999932
  3    |   域2      | 正常运行   |  是   |  999949
==================================================================

branch prediction, hits = 110129, misses = 988, hit rate = 99.11%
return_stack prediction, hits = 87, misses = 9, hit rate = 90.62%
jump prediction, hits = 153988, misses = 266, hit rate = 99.83%

======================== 切片硬件状态 ========================
切片号 | 所属安全域 | 当前状态    | 路扩展 | LRU touched
------------------------------------------------------------------
  0    |   域0      | 正常运行   |  否   |  7999998
  1    |   域3      | 正常运行   |  否   |  7999993
  2    |   域2      | 正常运行   |  是   |  7999986
  3    |   域2      | 正常运行   |  是   |  7997519
==================================================================

[动态重分配] 周期8000000：预约迁移 冗余域2(16%) -> 切片2 -> 饥饿域3(22%)
[切片剥夺] 周期8000000：切片2（所属域2）进入待剥夺状态，禁止新替换
[切片剥夺] 周期8000004：切片2在途请求已清空，开始执行脏行写回
[切片管理] 周期8005412：原域2仅剩1个切片，关闭路扩展模式
[动态重分配] 周期8005412：切片2写回完成，自动绑定到域3
[切片管理] 成功绑定切片2 → 安全域3，触发【路扩展模式】

======================== 切片硬件状态 ========================
切片号 | 所属安全域 | 当前状态    | 路扩展 | LRU touched
------------------------------------------------------------------
  0    |   域0      | 正常运行   |  否   |  8005411
  1    |   域3      | 正常运行   |  是   |  8005396
  2    |   域3      | 正常运行   |  是   |  8005412
  3    |   域2      | 正常运行   |  否   |  8005403
==================================================================


======================== 切片硬件状态 ========================
切片号 | 所属安全域 | 当前状态    | 路扩展 | LRU touched
------------------------------------------------------------------
  0    |   域0      | 正常运行   |  否   |  8999975
  1    |   域3      | 正常运行   |  是   |  8999998
  2    |   域3      | 正常运行   |  是   |  8999965
  3    |   域2      | 正常运行   |  否   |  8999870
==================================================================

[动态重分配] 周期9000000：预约迁移 冗余域3(1%) -> 切片1 -> 饥饿域2(12%)
[切片剥夺] 周期9000000：切片1（所属域3）进入待剥夺状态，禁止新替换
[切片剥夺] 周期9000000：切片1在途请求已清空，开始执行脏行写回
[切片剥夺] 周期9000000：切片1无脏行，直接完成剥夺
[切片管理] 周期9000001：原域3仅剩1个切片，关闭路扩展模式
[动态重分配] 周期9000001：切片1写回完成，自动绑定到域2
[切片管理] 成功绑定切片1 → 安全域2，触发【路扩展模式】

======================== 切片硬件状态 ========================
切片号 | 所属安全域 | 当前状态    | 路扩展 | LRU touched
------------------------------------------------------------------
  0    |   域0      | 正常运行   |  否   |  9000001
  1    |   域2      | 正常运行   |  是   |  9000001
  2    |   域3      | 正常运行   |  否   |  8999965
  3    |   域2      | 正常运行   |  是   |  8999870
==================================================================


======================== 切片硬件状态 ========================
切片号 | 所属安全域 | 当前状态    | 路扩展 | LRU touched
------------------------------------------------------------------
  0    |   域0      | 正常运行   |  否   |  9999993
  1    |   域2      | 正常运行   |  是   |  10000000
  2    |   域3      | 正常运行   |  否   |  9999976
  3    |   域2      | 正常运行   |  是   |  9974023
==================================================================

[动态重分配] 周期10000000：预约迁移 冗余域2(12%) -> 切片3 -> 饥饿域3(22%)
[切片剥夺] 周期10000000：切片3（所属域2）进入待剥夺状态，禁止新替换
[切片剥夺] 周期10000000：切片3在途请求已清空，开始执行脏行写回
[切片管理] 周期10011329：原域2仅剩1个切片，关闭路扩展模式
[动态重分配] 周期10011329：切片3写回完成，自动绑定到域3
[切片管理] 成功绑定切片3 → 安全域3，触发【路扩展模式】

======================== 切片硬件状态 ========================
切片号 | 所属安全域 | 当前状态    | 路扩展 | LRU touched
------------------------------------------------------------------
  0    |   域0      | 正常运行   |  否   |  10011328
  1    |   域2      | 正常运行   |  否   |  10011328
  2    |   域3      | 正常运行   |  是   |  10011324
  3    |   域3      | 正常运行   |  是   |  10011329
==================================================================


======================== 切片硬件状态 ========================
切片号 | 所属安全域 | 当前状态    | 路扩展 | LRU touched
------------------------------------------------------------------
  0    |   域0      | 正常运行   |  否   |  13999988
  1    |   域2      | 正常运行   |  否   |  13999896
  2    |   域3      | 正常运行   |  是   |  13999999
  3    |   域3      | 正常运行   |  是   |  13999882
==================================================================

[动态重分配] 周期14000000：预约迁移 冗余域3(0%) -> 切片2 -> 饥饿域2(12%)
[切片剥夺] 周期14000000：切片2（所属域3）进入待剥夺状态，禁止新替换
[切片剥夺] 周期14000000：切片2在途请求已清空，开始执行脏行写回
[切片剥夺] 周期14000000：切片2无脏行，直接完成剥夺
[切片管理] 周期14000001：原域3仅剩1个切片，关闭路扩展模式
[动态重分配] 周期14000001：切片2写回完成，自动绑定到域2
[切片管理] 成功绑定切片2 → 安全域2，触发【路扩展模式】

======================== 切片硬件状态 ========================
切片号 | 所属安全域 | 当前状态    | 路扩展 | LRU touched
------------------------------------------------------------------
  0    |   域0      | 正常运行   |  否   |  13999988
  1    |   域2      | 正常运行   |  是   |  13999896
  2    |   域2      | 正常运行   |  是   |  14000001
  3    |   域3      | 正常运行   |  否   |  13999882
==================================================================


======================== 切片硬件状态 ========================
切片号 | 所属安全域 | 当前状态    | 路扩展 | LRU touched
------------------------------------------------------------------
  0    |   域0      | 正常运行   |  否   |  14999998
  1    |   域2      | 正常运行   |  是   |  14974615
  2    |   域2      | 正常运行   |  是   |  14999997
  3    |   域3      | 正常运行   |  否   |  14999990
==================================================================

[动态重分配] 周期15000000：预约迁移 冗余域2(12%) -> 切片1 -> 饥饿域3(22%)
[切片剥夺] 周期15000000：切片1（所属域2）进入待剥夺状态，禁止新替换
[切片剥夺] 周期15000000：切片1在途请求已清空，开始执行脏行写回
[切片管理] 周期15006907：原域2仅剩1个切片，关闭路扩展模式
[动态重分配] 周期15006907：切片1写回完成，自动绑定到域3
[切片管理] 成功绑定切片1 → 安全域3，触发【路扩展模式】

======================== 切片硬件状态 ========================
切片号 | 所属安全域 | 当前状态    | 路扩展 | LRU touched
------------------------------------------------------------------
  0    |   域0      | 正常运行   |  否   |  15006905
  1    |   域3      | 正常运行   |  是   |  15006907
  2    |   域2      | 正常运行   |  否   |  15006904
  3    |   域3      | 正常运行   |  是   |  15006901
==================================================================


======================== 切片硬件状态 ========================
切片号 | 所属安全域 | 当前状态    | 路扩展 | LRU touched
------------------------------------------------------------------
  0    |   域0      | 正常运行   |  否   |  15999994
  1    |   域3      | 正常运行   |  是   |  15999903
  2    |   域2      | 正常运行   |  否   |  15999962
  3    |   域3      | 正常运行   |  是   |  15999993
==================================================================

[动态重分配] 周期16000000：预约迁移 冗余域3(1%) -> 切片3 -> 饥饿域2(12%)
[切片剥夺] 周期16000000：切片3（所属域3）进入待剥夺状态，禁止新替换
[切片剥夺] 周期16000000：切片3在途请求已清空，开始执行脏行写回
[切片剥夺] 周期16000000：切片3无脏行，直接完成剥夺
[切片管理] 周期16000001：原域3仅剩1个切片，关闭路扩展模式
[动态重分配] 周期16000001：切片3写回完成，自动绑定到域2
[切片管理] 成功绑定切片3 → 安全域2，触发【路扩展模式】

======================== 切片硬件状态 ========================
切片号 | 所属安全域 | 当前状态    | 路扩展 | LRU touched
------------------------------------------------------------------
  0    |   域0      | 正常运行   |  否   |  15999994
  1    |   域3      | 正常运行   |  否   |  15999903
  2    |   域2      | 正常运行   |  是   |  15999962
  3    |   域2      | 正常运行   |  是   |  16000001
==================================================================


======================== 切片硬件状态 ========================
切片号 | 所属安全域 | 当前状态    | 路扩展 | LRU touched
------------------------------------------------------------------
  0    |   域0      | 正常运行   |  否   |  19999977
  1    |   域3      | 正常运行   |  否   |  19999968
  2    |   域2      | 正常运行   |  是   |  19999973
  3    |   域2      | 正常运行   |  是   |  19999142
==================================================================

[动态重分配] 周期20000000：预约迁移 冗余域2(12%) -> 切片2 -> 饥饿域3(21%)
[切片剥夺] 周期20000000：切片2（所属域2）进入待剥夺状态，禁止新替换
[切片剥夺] 周期20000020：切片2在途请求已清空，开始执行脏行写回
[切片管理] 周期20008583：原域2仅剩1个切片，关闭路扩展模式
[动态重分配] 周期20008583：切片2写回完成，自动绑定到域3
[切片管理] 成功绑定切片2 → 安全域3，触发【路扩展模式】

======================== 切片硬件状态 ========================
切片号 | 所属安全域 | 当前状态    | 路扩展 | LRU touched
------------------------------------------------------------------
  0    |   域0      | 正常运行   |  否   |  20008583
  1    |   域3      | 正常运行   |  是   |  20008576
  2    |   域3      | 正常运行   |  是   |  20008583
  3    |   域2      | 正常运行   |  否   |  20008581
==================================================================


======================== 切片硬件状态 ========================
切片号 | 所属安全域 | 当前状态    | 路扩展 | LRU touched
------------------------------------------------------------------
  0    |   域0      | 正常运行   |  否   |  21000000
  1    |   域3      | 正常运行   |  是   |  20999992
  2    |   域3      | 正常运行   |  是   |  20999945
  3    |   域2      | 正常运行   |  否   |  20999947
==================================================================

[动态重分配] 周期21000000：预约迁移 冗余域3(1%) -> 切片1 -> 饥饿域2(12%)
[切片剥夺] 周期21000000：切片1（所属域3）进入待剥夺状态，禁止新替换
[切片剥夺] 周期21000000：切片1在途请求已清空，开始执行脏行写回
[切片剥夺] 周期21000000：切片1无脏行，直接完成剥夺
[切片管理] 周期21000001：原域3仅剩1个切片，关闭路扩展模式
[动态重分配] 周期21000001：切片1写回完成，自动绑定到域2
[切片管理] 成功绑定切片1 → 安全域2，触发【路扩展模式】

======================== 切片硬件状态 ========================
切片号 | 所属安全域 | 当前状态    | 路扩展 | LRU touched
------------------------------------------------------------------
  0    |   域0      | 正常运行   |  否   |  21000000
  1    |   域2      | 正常运行   |  是   |  21000001
  2    |   域3      | 正常运行   |  否   |  20999945
  3    |   域2      | 正常运行   |  是   |  20999947
==================================================================


======================== 切片硬件状态 ========================
切片号 | 所属安全域 | 当前状态    | 路扩展 | LRU touched
------------------------------------------------------------------
  0    |   域0      | 正常运行   |  否   |  21999999
  1    |   域2      | 正常运行   |  是   |  21999990
  2    |   域3      | 正常运行   |  否   |  21999990
  3    |   域2      | 正常运行   |  是   |  21972922
==================================================================

[动态重分配] 周期22000000：预约迁移 冗余域2(12%) -> 切片3 -> 饥饿域3(21%)
[切片剥夺] 周期22000000：切片3（所属域2）进入待剥夺状态，禁止新替换
[切片剥夺] 周期22000000：切片3在途请求已清空，开始执行脏行写回
[切片管理] 周期22007605：原域2仅剩1个切片，关闭路扩展模式
[动态重分配] 周期22007605：切片3写回完成，自动绑定到域3
[切片管理] 成功绑定切片3 → 安全域3，触发【路扩展模式】

======================== 切片硬件状态 ========================
切片号 | 所属安全域 | 当前状态    | 路扩展 | LRU touched
------------------------------------------------------------------
  0    |   域0      | 正常运行   |  否   |  22007592
  1    |   域2      | 正常运行   |  否   |  22007605
  2    |   域3      | 正常运行   |  是   |  22007593
  3    |   域3      | 正常运行   |  是   |  22007605
==================================================================


======================== 切片硬件状态 ========================
切片号 | 所属安全域 | 当前状态    | 路扩展 | LRU touched
------------------------------------------------------------------
  0    |   域0      | 正常运行   |  否   |  25999992
  1    |   域2      | 正常运行   |  否   |  25999998
  2    |   域3      | 正常运行   |  是   |  25999990
  3    |   域3      | 正常运行   |  是   |  25999794
==================================================================

[动态重分配] 周期26000000：预约迁移 冗余域3(0%) -> 切片2 -> 饥饿域2(12%)
[切片剥夺] 周期26000000：切片2（所属域3）进入待剥夺状态，禁止新替换
[切片剥夺] 周期26000000：切片2在途请求已清空，开始执行脏行写回
[切片剥夺] 周期26000000：切片2无脏行，直接完成剥夺
[切片管理] 周期26000001：原域3仅剩1个切片，关闭路扩展模式
[动态重分配] 周期26000001：切片2写回完成，自动绑定到域2
[切片管理] 成功绑定切片2 → 安全域2，触发【路扩展模式】

======================== 切片硬件状态 ========================
切片号 | 所属安全域 | 当前状态    | 路扩展 | LRU touched
------------------------------------------------------------------
  0    |   域0      | 正常运行   |  否   |  25999992
  1    |   域2      | 正常运行   |  是   |  25999998
  2    |   域2      | 正常运行   |  是   |  26000001
  3    |   域3      | 正常运行   |  否   |  25999794
==================================================================


======================== 切片硬件状态 ========================
切片号 | 所属安全域 | 当前状态    | 路扩展 | LRU touched
------------------------------------------------------------------
  0    |   域0      | 正常运行   |  否   |  26999991
  1    |   域2      | 正常运行   |  是   |  26981533
  2    |   域2      | 正常运行   |  是   |  26999939
  3    |   域3      | 正常运行   |  否   |  26999983
==================================================================

[动态重分配] 周期27000000：预约迁移 冗余域2(12%) -> 切片1 -> 饥饿域3(22%)
[切片剥夺] 周期27000000：切片1（所属域2）进入待剥夺状态，禁止新替换
[切片剥夺] 周期27000000：切片1在途请求已清空，开始执行脏行写回
[切片管理] 周期27006386：原域2仅剩1个切片，关闭路扩展模式
[动态重分配] 周期27006386：切片1写回完成，自动绑定到域3
[切片管理] 成功绑定切片1 → 安全域3，触发【路扩展模式】

======================== 切片硬件状态 ========================
切片号 | 所属安全域 | 当前状态    | 路扩展 | LRU touched
------------------------------------------------------------------
  0    |   域0      | 正常运行   |  否   |  27006383
  1    |   域3      | 正常运行   |  是   |  27006386
  2    |   域2      | 正常运行   |  否   |  27006381
  3    |   域3      | 正常运行   |  是   |  27006380
==================================================================


======================== 切片硬件状态 ========================
切片号 | 所属安全域 | 当前状态    | 路扩展 | LRU touched
------------------------------------------------------------------
  0    |   域0      | 正常运行   |  否   |  27999989
  1    |   域3      | 正常运行   |  是   |  27999949
  2    |   域2      | 正常运行   |  否   |  27999996
  3    |   域3      | 正常运行   |  是   |  27999978
==================================================================

[动态重分配] 周期28000000：预约迁移 冗余域3(1%) -> 切片3 -> 饥饿域2(12%)
[切片剥夺] 周期28000000：切片3（所属域3）进入待剥夺状态，禁止新替换
[切片剥夺] 周期28000000：切片3在途请求已清空，开始执行脏行写回
[切片剥夺] 周期28000000：切片3无脏行，直接完成剥夺
[切片管理] 周期28000001：原域3仅剩1个切片，关闭路扩展模式
[动态重分配] 周期28000001：切片3写回完成，自动绑定到域2
[切片管理] 成功绑定切片3 → 安全域2，触发【路扩展模式】

======================== 切片硬件状态 ========================
切片号 | 所属安全域 | 当前状态    | 路扩展 | LRU touched
------------------------------------------------------------------
  0    |   域0      | 正常运行   |  否   |  27999989
  1    |   域3      | 正常运行   |  否   |  27999949
  2    |   域2      | 正常运行   |  是   |  27999996
  3    |   域2      | 正常运行   |  是   |  28000001
==================================================================


======================== 切片硬件状态 ========================
切片号 | 所属安全域 | 当前状态    | 路扩展 | LRU touched
------------------------------------------------------------------
  0    |   域0      | 正常运行   |  否   |  31999986
  1    |   域3      | 正常运行   |  否   |  31999987
  2    |   域2      | 正常运行   |  是   |  31999375
  3    |   域2      | 正常运行   |  是   |  31999860
==================================================================

[动态重分配] 周期32000000：预约迁移 冗余域2(12%) -> 切片2 -> 饥饿域3(21%)
[切片剥夺] 周期32000000：切片2（所属域2）进入待剥夺状态，禁止新替换
[切片剥夺] 周期32000000：切片2在途请求已清空，开始执行脏行写回
[切片管理] 周期32006363：原域2仅剩1个切片，关闭路扩展模式
[动态重分配] 周期32006363：切片2写回完成，自动绑定到域3
[切片管理] 成功绑定切片2 → 安全域3，触发【路扩展模式】

======================== 切片硬件状态 ========================
切片号 | 所属安全域 | 当前状态    | 路扩展 | LRU touched
------------------------------------------------------------------
  0    |   域0      | 正常运行   |  否   |  32006361
  1    |   域3      | 正常运行   |  是   |  32006360
  2    |   域3      | 正常运行   |  是   |  32006363
  3    |   域2      | 正常运行   |  否   |  32006361
==================================================================


======================== 切片硬件状态 ========================
切片号 | 所属安全域 | 当前状态    | 路扩展 | LRU touched
------------------------------------------------------------------
  0    |   域0      | 正常运行   |  否   |  32999996
  1    |   域3      | 正常运行   |  是   |  32999997
  2    |   域3      | 正常运行   |  是   |  32999970
  3    |   域2      | 正常运行   |  否   |  33000000
==================================================================

[动态重分配] 周期33000000：预约迁移 冗余域3(1%) -> 切片1 -> 饥饿域2(12%)
[切片剥夺] 周期33000000：切片1（所属域3）进入待剥夺状态，禁止新替换
[切片剥夺] 周期33000000：切片1在途请求已清空，开始执行脏行写回
[切片剥夺] 周期33000000：切片1无脏行，直接完成剥夺
[切片管理] 周期33000001：原域3仅剩1个切片，关闭路扩展模式
[动态重分配] 周期33000001：切片1写回完成，自动绑定到域2
[切片管理] 成功绑定切片1 → 安全域2，触发【路扩展模式】

======================== 切片硬件状态 ========================
切片号 | 所属安全域 | 当前状态    | 路扩展 | LRU touched
------------------------------------------------------------------
  0    |   域0      | 正常运行   |  否   |  32999996
  1    |   域2      | 正常运行   |  是   |  33000001
  2    |   域3      | 正常运行   |  否   |  32999970
  3    |   域2      | 正常运行   |  是   |  33000001
==================================================================


======================== 切片硬件状态 ========================
切片号 | 所属安全域 | 当前状态    | 路扩展 | LRU touched
------------------------------------------------------------------
  0    |   域0      | 正常运行   |  否   |  33999980
  1    |   域2      | 正常运行   |  是   |  33999985
  2    |   域3      | 正常运行   |  否   |  33999990
  3    |   域2      | 正常运行   |  是   |  33986926
==================================================================

[动态重分配] 周期34000000：预约迁移 冗余域2(12%) -> 切片3 -> 饥饿域3(22%)
[切片剥夺] 周期34000000：切片3（所属域2）进入待剥夺状态，禁止新替换
[切片剥夺] 周期34000000：切片3在途请求已清空，开始执行脏行写回
[切片管理] 周期34010558：原域2仅剩1个切片，关闭路扩展模式
[动态重分配] 周期34010558：切片3写回完成，自动绑定到域3
[切片管理] 成功绑定切片3 → 安全域3，触发【路扩展模式】

======================== 切片硬件状态 ========================
切片号 | 所属安全域 | 当前状态    | 路扩展 | LRU touched
------------------------------------------------------------------
  0    |   域0      | 正常运行   |  否   |  34010558
  1    |   域2      | 正常运行   |  否   |  34010550
  2    |   域3      | 正常运行   |  是   |  34010549
  3    |   域3      | 正常运行   |  是   |  34010558
==================================================================


======================== 切片硬件状态 ========================
切片号 | 所属安全域 | 当前状态    | 路扩展 | LRU touched
------------------------------------------------------------------
  0    |   域0      | 正常运行   |  否   |  37999996
  1    |   域2      | 正常运行   |  否   |  37999942
  2    |   域3      | 正常运行   |  是   |  37999970
  3    |   域3      | 正常运行   |  是   |  37999874
==================================================================

[动态重分配] 周期38000000：预约迁移 冗余域3(0%) -> 切片2 -> 饥饿域2(12%)
[切片剥夺] 周期38000000：切片2（所属域3）进入待剥夺状态，禁止新替换
[切片剥夺] 周期38000000：切片2在途请求已清空，开始执行脏行写回
[切片剥夺] 周期38000000：切片2无脏行，直接完成剥夺
[切片管理] 周期38000001：原域3仅剩1个切片，关闭路扩展模式
[动态重分配] 周期38000001：切片2写回完成，自动绑定到域2
[切片管理] 成功绑定切片2 → 安全域2，触发【路扩展模式】

======================== 切片硬件状态 ========================
切片号 | 所属安全域 | 当前状态    | 路扩展 | LRU touched
------------------------------------------------------------------
  0    |   域0      | 正常运行   |  否   |  37999996
  1    |   域2      | 正常运行   |  是   |  37999942
  2    |   域2      | 正常运行   |  是   |  38000001
  3    |   域3      | 正常运行   |  否   |  37999874
==================================================================


======================== 切片硬件状态 ========================
切片号 | 所属安全域 | 当前状态    | 路扩展 | LRU touched
------------------------------------------------------------------
  0    |   域0      | 正常运行   |  否   |  38999995
  1    |   域2      | 正常运行   |  是   |  38973859
  2    |   域2      | 正常运行   |  是   |  38999992
  3    |   域3      | 正常运行   |  否   |  38999988
==================================================================

[动态重分配] 周期39000000：预约迁移 冗余域2(12%) -> 切片1 -> 饥饿域3(21%)
[切片剥夺] 周期39000000：切片1（所属域2）进入待剥夺状态，禁止新替换
[切片剥夺] 周期39000000：切片1在途请求已清空，开始执行脏行写回
[切片管理] 周期39009109：原域2仅剩1个切片，关闭路扩展模式
[动态重分配] 周期39009109：切片1写回完成，自动绑定到域3
[切片管理] 成功绑定切片1 → 安全域3，触发【路扩展模式】

======================== 切片硬件状态 ========================
切片号 | 所属安全域 | 当前状态    | 路扩展 | LRU touched
------------------------------------------------------------------
  0    |   域0      | 正常运行   |  否   |  39009094
  1    |   域3      | 正常运行   |  是   |  39009109
  2    |   域2      | 正常运行   |  否   |  39009105
  3    |   域3      | 正常运行   |  是   |  39009109
==================================================================


======================== 切片硬件状态 ========================
切片号 | 所属安全域 | 当前状态    | 路扩展 | LRU touched
------------------------------------------------------------------
  0    |   域0      | 正常运行   |  否   |  39999995
  1    |   域3      | 正常运行   |  是   |  39999926
  2    |   域2      | 正常运行   |  否   |  39999978
  3    |   域3      | 正常运行   |  是   |  39999982
==================================================================

[动态重分配] 周期40000000：预约迁移 冗余域3(1%) -> 切片3 -> 饥饿域2(12%)
[切片剥夺] 周期40000000：切片3（所属域3）进入待剥夺状态，禁止新替换
[切片剥夺] 周期40000000：切片3在途请求已清空，开始执行脏行写回
[切片剥夺] 周期40000000：切片3无脏行，直接完成剥夺
[切片管理] 周期40000001：原域3仅剩1个切片，关闭路扩展模式
[动态重分配] 周期40000001：切片3写回完成，自动绑定到域2
[切片管理] 成功绑定切片3 → 安全域2，触发【路扩展模式】

======================== 切片硬件状态 ========================
切片号 | 所属安全域 | 当前状态    | 路扩展 | LRU touched
------------------------------------------------------------------
  0    |   域0      | 正常运行   |  否   |  39999995
  1    |   域3      | 正常运行   |  否   |  39999926
  2    |   域2      | 正常运行   |  是   |  39999978
  3    |   域2      | 正常运行   |  是   |  40000001
==================================================================


======================== 切片硬件状态 ========================
切片号 | 所属安全域 | 当前状态    | 路扩展 | LRU touched
------------------------------------------------------------------
  0    |   域0      | 正常运行   |  否   |  43999981
  1    |   域3      | 正常运行   |  否   |  43999993
  2    |   域2      | 正常运行   |  是   |  43999990
  3    |   域2      | 正常运行   |  是   |  43999990
==================================================================

[动态重分配] 周期44000000：预约迁移 冗余域2(12%) -> 切片2 -> 饥饿域3(21%)
[切片剥夺] 周期44000000：切片2（所属域2）进入待剥夺状态，禁止新替换
[切片剥夺] 周期44000172：切片2在途请求已清空，开始执行脏行写回
[切片管理] 周期44004412：原域2仅剩1个切片，关闭路扩展模式
[动态重分配] 周期44004412：切片2写回完成，自动绑定到域3
[切片管理] 成功绑定切片2 → 安全域3，触发【路扩展模式】

======================== 切片硬件状态 ========================
切片号 | 所属安全域 | 当前状态    | 路扩展 | LRU touched
------------------------------------------------------------------
  0    |   域0      | 正常运行   |  否   |  44004397
  1    |   域3      | 正常运行   |  是   |  44004407
  2    |   域3      | 正常运行   |  是   |  44004412
  3    |   域2      | 正常运行   |  否   |  44004398
==================================================================


======================== 切片硬件状态 ========================
切片号 | 所属安全域 | 当前状态    | 路扩展 | LRU touched
------------------------------------------------------------------
  0    |   域0      | 正常运行   |  否   |  44999989
  1    |   域3      | 正常运行   |  是   |  44999996
  2    |   域3      | 正常运行   |  是   |  44999925
  3    |   域2      | 正常运行   |  否   |  44999997
==================================================================

[动态重分配] 周期45000000：预约迁移 冗余域3(1%) -> 切片1 -> 饥饿域2(12%)
[切片剥夺] 周期45000000：切片1（所属域3）进入待剥夺状态，禁止新替换
[切片剥夺] 周期45000000：切片1在途请求已清空，开始执行脏行写回
[切片剥夺] 周期45000000：切片1无脏行，直接完成剥夺
[切片管理] 周期45000001：原域3仅剩1个切片，关闭路扩展模式
[动态重分配] 周期45000001：切片1写回完成，自动绑定到域2
[切片管理] 成功绑定切片1 → 安全域2，触发【路扩展模式】

======================== 切片硬件状态 ========================
切片号 | 所属安全域 | 当前状态    | 路扩展 | LRU touched
------------------------------------------------------------------
  0    |   域0      | 正常运行   |  否   |  44999989
  1    |   域2      | 正常运行   |  是   |  45000001
  2    |   域3      | 正常运行   |  否   |  44999925
  3    |   域2      | 正常运行   |  是   |  44999997
==================================================================


======================== 切片硬件状态 ========================
切片号 | 所属安全域 | 当前状态    | 路扩展 | LRU touched
------------------------------------------------------------------
  0    |   域0      | 正常运行   |  否   |  45999970
  1    |   域2      | 正常运行   |  是   |  45999969
  2    |   域3      | 正常运行   |  否   |  45999954
  3    |   域2      | 正常运行   |  是   |  45985949
==================================================================

[动态重分配] 周期46000000：预约迁移 冗余域2(12%) -> 切片3 -> 饥饿域3(22%)
[切片剥夺] 周期46000000：切片3（所属域2）进入待剥夺状态，禁止新替换
[切片剥夺] 周期46000000：切片3在途请求已清空，开始执行脏行写回
[切片管理] 周期46004095：原域2仅剩1个切片，关闭路扩展模式
[动态重分配] 周期46004095：切片3写回完成，自动绑定到域3
[切片管理] 成功绑定切片3 → 安全域3，触发【路扩展模式】

======================== 切片硬件状态 ========================
切片号 | 所属安全域 | 当前状态    | 路扩展 | LRU touched
------------------------------------------------------------------
  0    |   域0      | 正常运行   |  否   |  46004064
  1    |   域2      | 正常运行   |  否   |  46004087
  2    |   域3      | 正常运行   |  是   |  46004077
  3    |   域3      | 正常运行   |  是   |  46004095
==================================================================


======================== 切片硬件状态 ========================
切片号 | 所属安全域 | 当前状态    | 路扩展 | LRU touched
------------------------------------------------------------------
  0    |   域0      | 正常运行   |  否   |  49999987
  1    |   域2      | 正常运行   |  否   |  49999984
  2    |   域3      | 正常运行   |  是   |  49999996
  3    |   域3      | 正常运行   |  是   |  49999939
==================================================================

[动态重分配] 周期50000000：预约迁移 冗余域3(0%) -> 切片2 -> 饥饿域2(12%)
[切片剥夺] 周期50000000：切片2（所属域3）进入待剥夺状态，禁止新替换
[切片剥夺] 周期50000000：切片2在途请求已清空，开始执行脏行写回
[切片剥夺] 周期50000000：切片2无脏行，直接完成剥夺
[切片管理] 周期50000001：原域3仅剩1个切片，关闭路扩展模式
[动态重分配] 周期50000001：切片2写回完成，自动绑定到域2
[切片管理] 成功绑定切片2 → 安全域2，触发【路扩展模式】

======================== 切片硬件状态 ========================
切片号 | 所属安全域 | 当前状态    | 路扩展 | LRU touched
------------------------------------------------------------------
  0    |   域0      | 正常运行   |  否   |  49999987
  1    |   域2      | 正常运行   |  是   |  50000001
  2    |   域2      | 正常运行   |  是   |  50000001
  3    |   域3      | 正常运行   |  否   |  49999939
==================================================================


======================== 切片硬件状态 ========================
切片号 | 所属安全域 | 当前状态    | 路扩展 | LRU touched
------------------------------------------------------------------
  0    |   域0      | 正常运行   |  否   |  50999982
  1    |   域2      | 正常运行   |  是   |  50989278
  2    |   域2      | 正常运行   |  是   |  50999971
  3    |   域3      | 正常运行   |  否   |  50999975
==================================================================

[动态重分配] 周期51000000：预约迁移 冗余域2(12%) -> 切片1 -> 饥饿域3(22%)
[切片剥夺] 周期51000000：切片1（所属域2）进入待剥夺状态，禁止新替换
[切片剥夺] 周期51000000：切片1在途请求已清空，开始执行脏行写回
[切片管理] 周期51004544：原域2仅剩1个切片，关闭路扩展模式
[动态重分配] 周期51004544：切片1写回完成，自动绑定到域3
[切片管理] 成功绑定切片1 → 安全域3，触发【路扩展模式】

======================== 切片硬件状态 ========================
切片号 | 所属安全域 | 当前状态    | 路扩展 | LRU touched
------------------------------------------------------------------
  0    |   域0      | 正常运行   |  否   |  51004492
  1    |   域3      | 正常运行   |  是   |  51004544
  2    |   域2      | 正常运行   |  否   |  51004541
  3    |   域3      | 正常运行   |  是   |  51004540
==================================================================


======================== 切片硬件状态 ========================
切片号 | 所属安全域 | 当前状态    | 路扩展 | LRU touched
------------------------------------------------------------------
  0    |   域0      | 正常运行   |  否   |  51999980
  1    |   域3      | 正常运行   |  是   |  51999983
  2    |   域2      | 正常运行   |  否   |  51999981
  3    |   域3      | 正常运行   |  是   |  51999991
==================================================================

[动态重分配] 周期52000000：预约迁移 冗余域3(1%) -> 切片3 -> 饥饿域2(12%)
[切片剥夺] 周期52000000：切片3（所属域3）进入待剥夺状态，禁止新替换
[切片剥夺] 周期52000000：切片3在途请求已清空，开始执行脏行写回
[切片剥夺] 周期52000000：切片3无脏行，直接完成剥夺
[切片管理] 周期52000001：原域3仅剩1个切片，关闭路扩展模式
[动态重分配] 周期52000001：切片3写回完成，自动绑定到域2
[切片管理] 成功绑定切片3 → 安全域2，触发【路扩展模式】

======================== 切片硬件状态 ========================
切片号 | 所属安全域 | 当前状态    | 路扩展 | LRU touched
------------------------------------------------------------------
  0    |   域0      | 正常运行   |  否   |  51999980
  1    |   域3      | 正常运行   |  否   |  51999983
  2    |   域2      | 正常运行   |  是   |  51999981
  3    |   域2      | 正常运行   |  是   |  52000001
==================================================================


======================== 切片硬件状态 ========================
切片号 | 所属安全域 | 当前状态    | 路扩展 | LRU touched
------------------------------------------------------------------
  0    |   域0      | 正常运行   |  否   |  55999991
  1    |   域3      | 正常运行   |  否   |  55999982
  2    |   域2      | 正常运行   |  是   |  56000000
  3    |   域2      | 正常运行   |  是   |  55997183
==================================================================

[动态重分配] 周期56000000：预约迁移 冗余域2(12%) -> 切片2 -> 饥饿域3(22%)
[切片剥夺] 周期56000000：切片2（所属域2）进入待剥夺状态，禁止新替换
[切片剥夺] 周期56000200：切片2在途请求已清空，开始执行脏行写回
[切片管理] 周期56004849：原域2仅剩1个切片，关闭路扩展模式
[动态重分配] 周期56004849：切片2写回完成，自动绑定到域3
[切片管理] 成功绑定切片2 → 安全域3，触发【路扩展模式】

======================== 切片硬件状态 ========================
切片号 | 所属安全域 | 当前状态    | 路扩展 | LRU touched
------------------------------------------------------------------
  0    |   域0      | 正常运行   |  否   |  56004843
  1    |   域3      | 正常运行   |  是   |  56004846
  2    |   域3      | 正常运行   |  是   |  56004849
  3    |   域2      | 正常运行   |  否   |  56004846
==================================================================


======================== 切片硬件状态 ========================
切片号 | 所属安全域 | 当前状态    | 路扩展 | LRU touched
------------------------------------------------------------------
  0    |   域0      | 正常运行   |  否   |  56999970
  1    |   域3      | 正常运行   |  是   |  56999971
  2    |   域3      | 正常运行   |  是   |  56999807
  3    |   域2      | 正常运行   |  否   |  56999977
==================================================================

[动态重分配] 周期57000000：预约迁移 冗余域3(1%) -> 切片1 -> 饥饿域2(12%)
[切片剥夺] 周期57000000：切片1（所属域3）进入待剥夺状态，禁止新替换
[切片剥夺] 周期57000000：切片1在途请求已清空，开始执行脏行写回
[切片剥夺] 周期57000000：切片1无脏行，直接完成剥夺
[切片管理] 周期57000001：原域3仅剩1个切片，关闭路扩展模式
[动态重分配] 周期57000001：切片1写回完成，自动绑定到域2
[切片管理] 成功绑定切片1 → 安全域2，触发【路扩展模式】

======================== 切片硬件状态 ========================
切片号 | 所属安全域 | 当前状态    | 路扩展 | LRU touched
------------------------------------------------------------------
  0    |   域0      | 正常运行   |  否   |  56999970
  1    |   域2      | 正常运行   |  是   |  57000001
  2    |   域3      | 正常运行   |  否   |  56999807
  3    |   域2      | 正常运行   |  是   |  56999977
==================================================================


======================== 切片硬件状态 ========================
切片号 | 所属安全域 | 当前状态    | 路扩展 | LRU touched
------------------------------------------------------------------
  0    |   域0      | 正常运行   |  否   |  57999999
  1    |   域2      | 正常运行   |  是   |  57999982
  2    |   域3      | 正常运行   |  否   |  57999969
  3    |   域2      | 正常运行   |  是   |  57994784
==================================================================

[动态重分配] 周期58000000：预约迁移 冗余域2(12%) -> 切片3 -> 饥饿域3(22%)
[切片剥夺] 周期58000000：切片3（所属域2）进入待剥夺状态，禁止新替换
[切片剥夺] 周期58000000：切片3在途请求已清空，开始执行脏行写回
[切片管理] 周期58003976：原域2仅剩1个切片，关闭路扩展模式
[动态重分配] 周期58003976：切片3写回完成，自动绑定到域3
[切片管理] 成功绑定切片3 → 安全域3，触发【路扩展模式】

======================== 切片硬件状态 ========================
切片号 | 所属安全域 | 当前状态    | 路扩展 | LRU touched
------------------------------------------------------------------
  0    |   域0      | 正常运行   |  否   |  58003964
  1    |   域2      | 正常运行   |  否   |  58003973
  2    |   域3      | 正常运行   |  是   |  58003944
  3    |   域3      | 正常运行   |  是   |  58003976
==================================================================


======================== 切片硬件状态 ========================
切片号 | 所属安全域 | 当前状态    | 路扩展 | LRU touched
------------------------------------------------------------------
  0    |   域0      | 正常运行   |  否   |  61999997
  1    |   域2      | 正常运行   |  否   |  62000000
  2    |   域3      | 正常运行   |  是   |  61999984
  3    |   域3      | 正常运行   |  是   |  61999909
==================================================================

[动态重分配] 周期62000000：预约迁移 冗余域3(0%) -> 切片2 -> 饥饿域2(12%)
[切片剥夺] 周期62000000：切片2（所属域3）进入待剥夺状态，禁止新替换
[切片剥夺] 周期62000000：切片2在途请求已清空，开始执行脏行写回
[切片剥夺] 周期62000000：切片2无脏行，直接完成剥夺
[切片管理] 周期62000001：原域3仅剩1个切片，关闭路扩展模式
[动态重分配] 周期62000001：切片2写回完成，自动绑定到域2
[切片管理] 成功绑定切片2 → 安全域2，触发【路扩展模式】

======================== 切片硬件状态 ========================
切片号 | 所属安全域 | 当前状态    | 路扩展 | LRU touched
------------------------------------------------------------------
  0    |   域0      | 正常运行   |  否   |  61999997
  1    |   域2      | 正常运行   |  是   |  62000001
  2    |   域2      | 正常运行   |  是   |  62000001
  3    |   域3      | 正常运行   |  否   |  61999909
==================================================================


======================== 切片硬件状态 ========================
切片号 | 所属安全域 | 当前状态    | 路扩展 | LRU touched
------------------------------------------------------------------
  0    |   域0      | 正常运行   |  否   |  62999992
  1    |   域2      | 正常运行   |  是   |  62992482
  2    |   域2      | 正常运行   |  是   |  62999993
  3    |   域3      | 正常运行   |  否   |  62999985
==================================================================

[动态重分配] 周期63000000：预约迁移 冗余域2(12%) -> 切片1 -> 饥饿域3(21%)
[切片剥夺] 周期63000000：切片1（所属域2）进入待剥夺状态，禁止新替换
[切片剥夺] 周期63000000：切片1在途请求已清空，开始执行脏行写回
[切片管理] 周期63004840：原域2仅剩1个切片，关闭路扩展模式
[动态重分配] 周期63004840：切片1写回完成，自动绑定到域3
[切片管理] 成功绑定切片1 → 安全域3，触发【路扩展模式】

======================== 切片硬件状态 ========================
切片号 | 所属安全域 | 当前状态    | 路扩展 | LRU touched
------------------------------------------------------------------
  0    |   域0      | 正常运行   |  否   |  63004830
  1    |   域3      | 正常运行   |  是   |  63004840
  2    |   域2      | 正常运行   |  否   |  63004832
  3    |   域3      | 正常运行   |  是   |  63004823
==================================================================


======================== 切片硬件状态 ========================
切片号 | 所属安全域 | 当前状态    | 路扩展 | LRU touched
------------------------------------------------------------------
  0    |   域0      | 正常运行   |  否   |  63999992
  1    |   域3      | 正常运行   |  是   |  63999973
  2    |   域2      | 正常运行   |  否   |  63999973
  3    |   域3      | 正常运行   |  是   |  63999977
==================================================================

[动态重分配] 周期64000000：预约迁移 冗余域3(1%) -> 切片3 -> 饥饿域2(12%)
[切片剥夺] 周期64000000：切片3（所属域3）进入待剥夺状态，禁止新替换
[切片剥夺] 周期64000000：切片3在途请求已清空，开始执行脏行写回
[切片剥夺] 周期64000000：切片3无脏行，直接完成剥夺
[切片管理] 周期64000001：原域3仅剩1个切片，关闭路扩展模式
[动态重分配] 周期64000001：切片3写回完成，自动绑定到域2
[切片管理] 成功绑定切片3 → 安全域2，触发【路扩展模式】

======================== 切片硬件状态 ========================
切片号 | 所属安全域 | 当前状态    | 路扩展 | LRU touched
------------------------------------------------------------------
  0    |   域0      | 正常运行   |  否   |  63999992
  1    |   域3      | 正常运行   |  否   |  63999973
  2    |   域2      | 正常运行   |  是   |  63999973
  3    |   域2      | 正常运行   |  是   |  64000001
==================================================================


======================== 切片硬件状态 ========================
切片号 | 所属安全域 | 当前状态    | 路扩展 | LRU touched
------------------------------------------------------------------
  0    |   域0      | 正常运行   |  否   |  67999988
  1    |   域3      | 正常运行   |  否   |  67999990
  2    |   域2      | 正常运行   |  是   |  67999992
  3    |   域2      | 正常运行   |  是   |  67995570
==================================================================

[动态重分配] 周期68000000：预约迁移 冗余域2(12%) -> 切片2 -> 饥饿域3(22%)
[切片剥夺] 周期68000000：切片2（所属域2）进入待剥夺状态，禁止新替换
[切片剥夺] 周期68000140：切片2在途请求已清空，开始执行脏行写回
[切片管理] 周期68006366：原域2仅剩1个切片，关闭路扩展模式
[动态重分配] 周期68006366：切片2写回完成，自动绑定到域3
[切片管理] 成功绑定切片2 → 安全域3，触发【路扩展模式】

======================== 切片硬件状态 ========================
切片号 | 所属安全域 | 当前状态    | 路扩展 | LRU touched
------------------------------------------------------------------
  0    |   域0      | 正常运行   |  否   |  68006342
  1    |   域3      | 正常运行   |  是   |  68006354
  2    |   域3      | 正常运行   |  是   |  68006366
  3    |   域2      | 正常运行   |  否   |  68006352
==================================================================


======================== 切片硬件状态 ========================
切片号 | 所属安全域 | 当前状态    | 路扩展 | LRU touched
------------------------------------------------------------------
  0    |   域0      | 正常运行   |  否   |  68999986
  1    |   域3      | 正常运行   |  是   |  68999986
  2    |   域3      | 正常运行   |  是   |  68999593
  3    |   域2      | 正常运行   |  否   |  68999962
==================================================================

[动态重分配] 周期69000000：预约迁移 冗余域3(1%) -> 切片1 -> 饥饿域2(12%)
[切片剥夺] 周期69000000：切片1（所属域3）进入待剥夺状态，禁止新替换
[切片剥夺] 周期69000000：切片1在途请求已清空，开始执行脏行写回
[切片剥夺] 周期69000000：切片1无脏行，直接完成剥夺
[切片管理] 周期69000001：原域3仅剩1个切片，关闭路扩展模式
[动态重分配] 周期69000001：切片1写回完成，自动绑定到域2
[切片管理] 成功绑定切片1 → 安全域2，触发【路扩展模式】

======================== 切片硬件状态 ========================
切片号 | 所属安全域 | 当前状态    | 路扩展 | LRU touched
------------------------------------------------------------------
  0    |   域0      | 正常运行   |  否   |  68999986
  1    |   域2      | 正常运行   |  是   |  69000001
  2    |   域3      | 正常运行   |  否   |  68999593
  3    |   域2      | 正常运行   |  是   |  68999962
==================================================================


======================== 切片硬件状态 ========================
切片号 | 所属安全域 | 当前状态    | 路扩展 | LRU touched
------------------------------------------------------------------
  0    |   域0      | 正常运行   |  否   |  69999970
  1    |   域2      | 正常运行   |  是   |  69999992
  2    |   域3      | 正常运行   |  否   |  69999986
  3    |   域2      | 正常运行   |  是   |  69997145
==================================================================

[动态重分配] 周期70000000：预约迁移 冗余域2(12%) -> 切片3 -> 饥饿域3(22%)
[切片剥夺] 周期70000000：切片3（所属域2）进入待剥夺状态，禁止新替换
[切片剥夺] 周期70000000：切片3在途请求已清空，开始执行脏行写回
[切片管理] 周期70004187：原域2仅剩1个切片，关闭路扩展模式
[动态重分配] 周期70004187：切片3写回完成，自动绑定到域3
[切片管理] 成功绑定切片3 → 安全域3，触发【路扩展模式】

======================== 切片硬件状态 ========================
切片号 | 所属安全域 | 当前状态    | 路扩展 | LRU touched
------------------------------------------------------------------
  0    |   域0      | 正常运行   |  否   |  70004166
  1    |   域2      | 正常运行   |  否   |  70004186
  2    |   域3      | 正常运行   |  是   |  70004183
  3    |   域3      | 正常运行   |  是   |  70004187
==================================================================


======================== 切片硬件状态 ========================
切片号 | 所属安全域 | 当前状态    | 路扩展 | LRU touched
------------------------------------------------------------------
  0    |   域0      | 正常运行   |  否   |  73999992
  1    |   域2      | 正常运行   |  否   |  74000000
  2    |   域3      | 正常运行   |  是   |  73999996
  3    |   域3      | 正常运行   |  是   |  73999942
==================================================================

[动态重分配] 周期74000000：预约迁移 冗余域3(0%) -> 切片2 -> 饥饿域2(12%)
[切片剥夺] 周期74000000：切片2（所属域3）进入待剥夺状态，禁止新替换
[切片剥夺] 周期74000000：切片2在途请求已清空，开始执行脏行写回
[切片剥夺] 周期74000000：切片2无脏行，直接完成剥夺
[切片管理] 周期74000001：原域3仅剩1个切片，关闭路扩展模式
[动态重分配] 周期74000001：切片2写回完成，自动绑定到域2
[切片管理] 成功绑定切片2 → 安全域2，触发【路扩展模式】

======================== 切片硬件状态 ========================
切片号 | 所属安全域 | 当前状态    | 路扩展 | LRU touched
------------------------------------------------------------------
  0    |   域0      | 正常运行   |  否   |  73999992
  1    |   域2      | 正常运行   |  是   |  74000001
  2    |   域2      | 正常运行   |  是   |  74000001
  3    |   域3      | 正常运行   |  否   |  74000001
==================================================================


======================== 切片硬件状态 ========================
切片号 | 所属安全域 | 当前状态    | 路扩展 | LRU touched
------------------------------------------------------------------
  0    |   域0      | 正常运行   |  否   |  74999991
  1    |   域2      | 正常运行   |  是   |  75000000
  2    |   域2      | 正常运行   |  是   |  74988947
  3    |   域3      | 正常运行   |  否   |  74999989
==================================================================

[动态重分配] 周期75000000：预约迁移 冗余域2(12%) -> 切片1 -> 饥饿域3(22%)
[切片剥夺] 周期75000000：切片1（所属域2）进入待剥夺状态，禁止新替换
[切片剥夺] 周期75000104：切片1在途请求已清空，开始执行脏行写回
[切片管理] 周期75002134：原域2仅剩1个切片，关闭路扩展模式
[动态重分配] 周期75002134：切片1写回完成，自动绑定到域3
[切片管理] 成功绑定切片1 → 安全域3，触发【路扩展模式】

======================== 切片硬件状态 ========================
切片号 | 所属安全域 | 当前状态    | 路扩展 | LRU touched
------------------------------------------------------------------
  0    |   域0      | 正常运行   |  否   |  75002120
  1    |   域3      | 正常运行   |  是   |  75002134
  2    |   域2      | 正常运行   |  否   |  75002120
  3    |   域3      | 正常运行   |  是   |  75002102
==================================================================


======================== 切片硬件状态 ========================
切片号 | 所属安全域 | 当前状态    | 路扩展 | LRU touched
------------------------------------------------------------------
  0    |   域0      | 正常运行   |  否   |  75999980
  1    |   域3      | 正常运行   |  是   |  75999949
  2    |   域2      | 正常运行   |  否   |  75999989
  3    |   域3      | 正常运行   |  是   |  75999988
==================================================================

[动态重分配] 周期76000000：预约迁移 冗余域3(1%) -> 切片3 -> 饥饿域2(12%)
[切片剥夺] 周期76000000：切片3（所属域3）进入待剥夺状态，禁止新替换
[切片剥夺] 周期76000000：切片3在途请求已清空，开始执行脏行写回
[切片剥夺] 周期76000000：切片3无脏行，直接完成剥夺
[切片管理] 周期76000001：原域3仅剩1个切片，关闭路扩展模式
[动态重分配] 周期76000001：切片3写回完成，自动绑定到域2
[切片管理] 成功绑定切片3 → 安全域2，触发【路扩展模式】

======================== 切片硬件状态 ========================
切片号 | 所属安全域 | 当前状态    | 路扩展 | LRU touched
------------------------------------------------------------------
  0    |   域0      | 正常运行   |  否   |  75999980
  1    |   域3      | 正常运行   |  否   |  75999949
  2    |   域2      | 正常运行   |  是   |  75999989
  3    |   域2      | 正常运行   |  是   |  76000001
==================================================================


======================== 切片硬件状态 ========================
切片号 | 所属安全域 | 当前状态    | 路扩展 | LRU touched
------------------------------------------------------------------
  0    |   域0      | 正常运行   |  否   |  79999992
  1    |   域3      | 正常运行   |  否   |  79999992
  2    |   域2      | 正常运行   |  是   |  79999987
  3    |   域2      | 正常运行   |  是   |  79998506
==================================================================

[动态重分配] 周期80000000：预约迁移 冗余域2(12%) -> 切片2 -> 饥饿域3(22%)
[切片剥夺] 周期80000000：切片2（所属域2）进入待剥夺状态，禁止新替换
[切片剥夺] 周期80000188：切片2在途请求已清空，开始执行脏行写回
[切片管理] 周期80003009：原域2仅剩1个切片，关闭路扩展模式
[动态重分配] 周期80003009：切片2写回完成，自动绑定到域3
[切片管理] 成功绑定切片2 → 安全域3，触发【路扩展模式】

======================== 切片硬件状态 ========================
切片号 | 所属安全域 | 当前状态    | 路扩展 | LRU touched
------------------------------------------------------------------
  0    |   域0      | 正常运行   |  否   |  80002994
  1    |   域3      | 正常运行   |  是   |  80002998
  2    |   域3      | 正常运行   |  是   |  80003009
  3    |   域2      | 正常运行   |  否   |  80003005
==================================================================


======================== 切片硬件状态 ========================
切片号 | 所属安全域 | 当前状态    | 路扩展 | LRU touched
------------------------------------------------------------------
  0    |   域0      | 正常运行   |  否   |  80999980
  1    |   域3      | 正常运行   |  是   |  80999977
  2    |   域3      | 正常运行   |  是   |  80999882
  3    |   域2      | 正常运行   |  否   |  80999988
==================================================================

[动态重分配] 周期81000000：预约迁移 冗余域3(1%) -> 切片1 -> 饥饿域2(12%)
[切片剥夺] 周期81000000：切片1（所属域3）进入待剥夺状态，禁止新替换
[切片剥夺] 周期81000000：切片1在途请求已清空，开始执行脏行写回
[切片剥夺] 周期81000000：切片1无脏行，直接完成剥夺
[切片管理] 周期81000001：原域3仅剩1个切片，关闭路扩展模式
[动态重分配] 周期81000001：切片1写回完成，自动绑定到域2
[切片管理] 成功绑定切片1 → 安全域2，触发【路扩展模式】

======================== 切片硬件状态 ========================
切片号 | 所属安全域 | 当前状态    | 路扩展 | LRU touched
------------------------------------------------------------------
  0    |   域0      | 正常运行   |  否   |  80999980
  1    |   域2      | 正常运行   |  是   |  81000001
  2    |   域3      | 正常运行   |  否   |  80999882
  3    |   域2      | 正常运行   |  是   |  80999988
==================================================================


======================== 切片硬件状态 ========================
切片号 | 所属安全域 | 当前状态    | 路扩展 | LRU touched
------------------------------------------------------------------
  0    |   域0      | 正常运行   |  否   |  81999978
  1    |   域2      | 正常运行   |  是   |  81987646
  2    |   域3      | 正常运行   |  否   |  81999999
  3    |   域2      | 正常运行   |  是   |  81999982
==================================================================

[动态重分配] 周期82000000：预约迁移 冗余域2(12%) -> 切片3 -> 饥饿域3(22%)
[切片剥夺] 周期82000000：切片3（所属域2）进入待剥夺状态，禁止新替换
[切片剥夺] 周期82000160：切片3在途请求已清空，开始执行脏行写回
[切片管理] 周期82003999：原域2仅剩1个切片，关闭路扩展模式
[动态重分配] 周期82003999：切片3写回完成，自动绑定到域3
[切片管理] 成功绑定切片3 → 安全域3，触发【路扩展模式】

======================== 切片硬件状态 ========================
切片号 | 所属安全域 | 当前状态    | 路扩展 | LRU touched
------------------------------------------------------------------
  0    |   域0      | 正常运行   |  否   |  82003997
  1    |   域2      | 正常运行   |  否   |  82003987
  2    |   域3      | 正常运行   |  是   |  82003978
  3    |   域3      | 正常运行   |  是   |  82003999
==================================================================


======================== 切片硬件状态 ========================
切片号 | 所属安全域 | 当前状态    | 路扩展 | LRU touched
------------------------------------------------------------------
  0    |   域0      | 正常运行   |  否   |  85999994
  1    |   域2      | 正常运行   |  否   |  85999994
  2    |   域3      | 正常运行   |  是   |  85999949
  3    |   域3      | 正常运行   |  是   |  85999995
==================================================================

[动态重分配] 周期86000000：预约迁移 冗余域3(0%) -> 切片2 -> 饥饿域2(12%)
[切片剥夺] 周期86000000：切片2（所属域3）进入待剥夺状态，禁止新替换
[切片剥夺] 周期86000000：切片2在途请求已清空，开始执行脏行写回
[切片剥夺] 周期86000000：切片2无脏行，直接完成剥夺
[切片管理] 周期86000001：原域3仅剩1个切片，关闭路扩展模式
[动态重分配] 周期86000001：切片2写回完成，自动绑定到域2
[切片管理] 成功绑定切片2 → 安全域2，触发【路扩展模式】

======================== 切片硬件状态 ========================
切片号 | 所属安全域 | 当前状态    | 路扩展 | LRU touched
------------------------------------------------------------------
  0    |   域0      | 正常运行   |  否   |  85999994
  1    |   域2      | 正常运行   |  是   |  86000001
  2    |   域2      | 正常运行   |  是   |  86000001
  3    |   域3      | 正常运行   |  否   |  85999995
==================================================================


======================== 切片硬件状态 ========================
切片号 | 所属安全域 | 当前状态    | 路扩展 | LRU touched
------------------------------------------------------------------
  0    |   域0      | 正常运行   |  否   |  86999986
  1    |   域2      | 正常运行   |  是   |  86999982
  2    |   域2      | 正常运行   |  是   |  86986910
  3    |   域3      | 正常运行   |  否   |  86999995
==================================================================

[动态重分配] 周期87000000：预约迁移 冗余域2(12%) -> 切片1 -> 饥饿域3(22%)
[切片剥夺] 周期87000000：切片1（所属域2）进入待剥夺状态，禁止新替换
[切片剥夺] 周期87000080：切片1在途请求已清空，开始执行脏行写回
[切片管理] 周期87003694：原域2仅剩1个切片，关闭路扩展模式
[动态重分配] 周期87003694：切片1写回完成，自动绑定到域3
[切片管理] 成功绑定切片1 → 安全域3，触发【路扩展模式】

======================== 切片硬件状态 ========================
切片号 | 所属安全域 | 当前状态    | 路扩展 | LRU touched
------------------------------------------------------------------
  0    |   域0      | 正常运行   |  否   |  87003691
  1    |   域3      | 正常运行   |  是   |  87003694
  2    |   域2      | 正常运行   |  否   |  87003691
  3    |   域3      | 正常运行   |  是   |  87003694
==================================================================


======================== 切片硬件状态 ========================
切片号 | 所属安全域 | 当前状态    | 路扩展 | LRU touched
------------------------------------------------------------------
  0    |   域0      | 正常运行   |  否   |  87999993
  1    |   域3      | 正常运行   |  是   |  87999939
  2    |   域2      | 正常运行   |  否   |  88000000
  3    |   域3      | 正常运行   |  是   |  87999982
==================================================================

[动态重分配] 周期88000000：预约迁移 冗余域3(1%) -> 切片3 -> 饥饿域2(12%)
[切片剥夺] 周期88000000：切片3（所属域3）进入待剥夺状态，禁止新替换
[切片剥夺] 周期88000000：切片3在途请求已清空，开始执行脏行写回
[切片剥夺] 周期88000000：切片3无脏行，直接完成剥夺
[切片管理] 周期88000001：原域3仅剩1个切片，关闭路扩展模式
[动态重分配] 周期88000001：切片3写回完成，自动绑定到域2
[切片管理] 成功绑定切片3 → 安全域2，触发【路扩展模式】

======================== 切片硬件状态 ========================
切片号 | 所属安全域 | 当前状态    | 路扩展 | LRU touched
------------------------------------------------------------------
  0    |   域0      | 正常运行   |  否   |  87999993
  1    |   域3      | 正常运行   |  否   |  87999939
  2    |   域2      | 正常运行   |  是   |  88000000
  3    |   域2      | 正常运行   |  是   |  88000001
==================================================================


======================== 切片硬件状态 ========================
切片号 | 所属安全域 | 当前状态    | 路扩展 | LRU touched
------------------------------------------------------------------
  0    |   域0      | 正常运行   |  否   |  91999975
  1    |   域3      | 正常运行   |  否   |  91999982
  2    |   域2      | 正常运行   |  是   |  91999976
  3    |   域2      | 正常运行   |  是   |  91999823
==================================================================

[动态重分配] 周期92000000：预约迁移 冗余域2(12%) -> 切片2 -> 饥饿域3(22%)
[切片剥夺] 周期92000000：切片2（所属域2）进入待剥夺状态，禁止新替换
[切片剥夺] 周期92000132：切片2在途请求已清空，开始执行脏行写回
[切片管理] 周期92005509：原域2仅剩1个切片，关闭路扩展模式
[动态重分配] 周期92005509：切片2写回完成，自动绑定到域3
[切片管理] 成功绑定切片2 → 安全域3，触发【路扩展模式】

======================== 切片硬件状态 ========================
切片号 | 所属安全域 | 当前状态    | 路扩展 | LRU touched
------------------------------------------------------------------
  0    |   域0      | 正常运行   |  否   |  92005503
  1    |   域3      | 正常运行   |  是   |  92005495
  2    |   域3      | 正常运行   |  是   |  92005509
  3    |   域2      | 正常运行   |  否   |  92005509
==================================================================


======================== 切片硬件状态 ========================
切片号 | 所属安全域 | 当前状态    | 路扩展 | LRU touched
------------------------------------------------------------------
  0    |   域0      | 正常运行   |  否   |  92999996
  1    |   域3      | 正常运行   |  是   |  92999985
  2    |   域3      | 正常运行   |  是   |  92999983
  3    |   域2      | 正常运行   |  否   |  93000000
==================================================================

[动态重分配] 周期93000000：预约迁移 冗余域3(1%) -> 切片1 -> 饥饿域2(12%)
[切片剥夺] 周期93000000：切片1（所属域3）进入待剥夺状态，禁止新替换
[切片剥夺] 周期93000000：切片1在途请求已清空，开始执行脏行写回
[切片剥夺] 周期93000000：切片1无脏行，直接完成剥夺
[切片管理] 周期93000001：原域3仅剩1个切片，关闭路扩展模式
[动态重分配] 周期93000001：切片1写回完成，自动绑定到域2
[切片管理] 成功绑定切片1 → 安全域2，触发【路扩展模式】

======================== 切片硬件状态 ========================
切片号 | 所属安全域 | 当前状态    | 路扩展 | LRU touched
------------------------------------------------------------------
  0    |   域0      | 正常运行   |  否   |  92999996
  1    |   域2      | 正常运行   |  是   |  93000001
  2    |   域3      | 正常运行   |  否   |  92999983
  3    |   域2      | 正常运行   |  是   |  93000000
==================================================================


======================== 切片硬件状态 ========================
切片号 | 所属安全域 | 当前状态    | 路扩展 | LRU touched
------------------------------------------------------------------
  0    |   域0      | 正常运行   |  否   |  93999998
  1    |   域2      | 正常运行   |  是   |  93987496
  2    |   域3      | 正常运行   |  否   |  93999966
  3    |   域2      | 正常运行   |  是   |  93999998
==================================================================

[动态重分配] 周期94000000：预约迁移 冗余域2(12%) -> 切片3 -> 饥饿域3(22%)
[切片剥夺] 周期94000000：切片3（所属域2）进入待剥夺状态，禁止新替换
[切片剥夺] 周期94000188：切片3在途请求已清空，开始执行脏行写回
[切片管理] 周期94003893：原域2仅剩1个切片，关闭路扩展模式
[动态重分配] 周期94003893：切片3写回完成，自动绑定到域3
[切片管理] 成功绑定切片3 → 安全域3，触发【路扩展模式】

======================== 切片硬件状态 ========================
切片号 | 所属安全域 | 当前状态    | 路扩展 | LRU touched
------------------------------------------------------------------
  0    |   域0      | 正常运行   |  否   |  94003891
  1    |   域2      | 正常运行   |  否   |  94003885
  2    |   域3      | 正常运行   |  是   |  94003881
  3    |   域3      | 正常运行   |  是   |  94003893
==================================================================


======================== 切片硬件状态 ========================
切片号 | 所属安全域 | 当前状态    | 路扩展 | LRU touched
------------------------------------------------------------------
  0    |   域0      | 正常运行   |  否   |  97999989
  1    |   域2      | 正常运行   |  否   |  97999995
  2    |   域3      | 正常运行   |  是   |  97999956
  3    |   域3      | 正常运行   |  是   |  97999972
==================================================================

[动态重分配] 周期98000000：预约迁移 冗余域3(0%) -> 切片2 -> 饥饿域2(12%)
[切片剥夺] 周期98000000：切片2（所属域3）进入待剥夺状态，禁止新替换
[切片剥夺] 周期98000000：切片2在途请求已清空，开始执行脏行写回
[切片剥夺] 周期98000000：切片2无脏行，直接完成剥夺
[切片管理] 周期98000001：原域3仅剩1个切片，关闭路扩展模式
[动态重分配] 周期98000001：切片2写回完成，自动绑定到域2
[切片管理] 成功绑定切片2 → 安全域2，触发【路扩展模式】

======================== 切片硬件状态 ========================
切片号 | 所属安全域 | 当前状态    | 路扩展 | LRU touched
------------------------------------------------------------------
  0    |   域0      | 正常运行   |  否   |  97999989
  1    |   域2      | 正常运行   |  是   |  97999995
  2    |   域2      | 正常运行   |  是   |  98000001
  3    |   域3      | 正常运行   |  否   |  97999972
==================================================================


======================== 切片硬件状态 ========================
切片号 | 所属安全域 | 当前状态    | 路扩展 | LRU touched
------------------------------------------------------------------
  0    |   域0      | 正常运行   |  否   |  99000000
  1    |   域2      | 正常运行   |  是   |  98999981
  2    |   域2      | 正常运行   |  是   |  98985158
  3    |   域3      | 正常运行   |  否   |  99000000
==================================================================

[动态重分配] 周期99000000：预约迁移 冗余域2(12%) -> 切片1 -> 饥饿域3(22%)
[切片剥夺] 周期99000000：切片1（所属域2）进入待剥夺状态，禁止新替换
[切片剥夺] 周期99000116：切片1在途请求已清空，开始执行脏行写回
[切片管理] 周期99003620：原域2仅剩1个切片，关闭路扩展模式
[动态重分配] 周期99003620：切片1写回完成，自动绑定到域3
[切片管理] 成功绑定切片1 → 安全域3，触发【路扩展模式】

======================== 切片硬件状态 ========================
切片号 | 所属安全域 | 当前状态    | 路扩展 | LRU touched
------------------------------------------------------------------
  0    |   域0      | 正常运行   |  否   |  99003588
  1    |   域3      | 正常运行   |  是   |  99003620
  2    |   域2      | 正常运行   |  否   |  99003606
  3    |   域3      | 正常运行   |  是   |  99003598
==================================================================


======================== 切片硬件状态 ========================
切片号 | 所属安全域 | 当前状态    | 路扩展 | LRU touched
------------------------------------------------------------------
  0    |   域0      | 正常运行   |  否   |  99999999
  1    |   域3      | 正常运行   |  是   |  99999952
  2    |   域2      | 正常运行   |  否   |  100000000
  3    |   域3      | 正常运行   |  是   |  99999972
==================================================================

[动态重分配] 周期100000000：预约迁移 冗余域3(1%) -> 切片3 -> 饥饿域2(12%)
[切片剥夺] 周期100000000：切片3（所属域3）进入待剥夺状态，禁止新替换
[切片剥夺] 周期100000000：切片3在途请求已清空，开始执行脏行写回
[切片剥夺] 周期100000000：切片3无脏行，直接完成剥夺
[切片管理] 周期100000001：原域3仅剩1个切片，关闭路扩展模式
[动态重分配] 周期100000001：切片3写回完成，自动绑定到域2
[切片管理] 成功绑定切片3 → 安全域2，触发【路扩展模式】

======================== 切片硬件状态 ========================
切片号 | 所属安全域 | 当前状态    | 路扩展 | LRU touched
------------------------------------------------------------------
  0    |   域0      | 正常运行   |  否   |  99999999
  1    |   域3      | 正常运行   |  否   |  99999952
  2    |   域2      | 正常运行   |  是   |  100000001
  3    |   域2      | 正常运行   |  是   |  100000001
==================================================================


**** Debug Statistics at 101000000 Cycles *****
Threads: 4		Fetch Width: 8
No of useful instructions fetched:	205263991 (25.40% proc util.)
No of total instructions fetched:	206257246 (25.53% proc util.)
 includes 1290 misfetch (0.0%), 991965 (0.5%) wrong-path fetches
 and 0 flushed after failed lock(0.0%)
No of useful instructions issued/executed:	205263963 (25.40% proc util.)
No of total instructions issued/executed:	205417258 (25.42% proc util.)
 includes 153295 wrong-path (0.1%) insts and 0 flushed (0.0%)
	fp 36, 0.00%
	synch 0, 0.00%
	integer 185426380, 90.27%
	load/store 19990842, 9.73%
Avg size of int IQ (before scheduling): 22.32
Avg size of fp IQ (before scheduling): 0.00
No of cycles taken:		101000000
Parallelism [ 0.843, 0.000, 0.345, 0.844,] = 2.032
 IQ conflicts: 12033 (0.01%), FQ conflicts: 0 (0.00%) 
 I reg conflicts: 72740574 (72.02%), FP reg conflicts: 0 (0.00%)
  Activelist confs: 0 (0.00%), ROB confs: 0 (0.00%)
  Int unit conflicts: 5297644 (5.25%), FP unit conflicts: 0 (0.00%)
  Load/store unit conflicts: 1383 (0.00%)
  MSHR conflicts: 2528692 (2.50%)
----------------------------------------
==== System-wide Cache Statistics ====
Stall for miss queue full 2474 cycles (0.00%)
----------------------------------------
==== Statistics for Master ID: 0 ====
Reads: 26303957   Writes: 5127
ICACHE: size: 64 KB assoc: 2
ICACHE: hits:21893199 misses:10  Hit Ratio: 100.00%
DCACHE: size: 1*16 KB assoc: 1*4
DCACHE: hits:3996739 misses:419136 writebacks:323  Hit Ratio: 90.51%
SCACHE: size: 512 KB assoc: 2
SCACHE: hits:413483 misses:5663  Hit Ratio: 98.65%
3CACHE: size: 4096 KB assoc: 2
3CACHE: hits:3119 misses:2544  Hit Ratio: 55.08%
3CACHE: dirty items replaced:0
ITLB: size: 48, misses 1, miss rate 0.00%
DTLB: size: 128, misses 90, miss rate 0.00%
Avg mem delay: 15.760 cycles
----------------------------------------
==== Statistics for Master ID: 2 ====
Reads: 17409824   Writes: 5155617
ICACHE: size: 64 KB assoc: 2
ICACHE: hits:12069175 misses:245  Hit Ratio: 100.00%
DCACHE: size: 2*16 KB assoc: 2*4
DCACHE: hits:9069021 misses:1430070 writebacks:805433  Hit Ratio: 86.38%
SCACHE: size: 512 KB assoc: 2
SCACHE: hits:5 misses:1427240  Hit Ratio: 0.00%
3CACHE: size: 4096 KB assoc: 2
3CACHE: hits:0 misses:1427239  Hit Ratio: 0.00%
3CACHE: dirty items replaced:0
ITLB: size: 48, misses 19, miss rate 0.00%
DTLB: size: 128, misses 65569, miss rate 0.62%
Avg mem delay: 15.760 cycles
----------------------------------------
==== Statistics for Master ID: 3 ====
Reads: 26781948   Writes: 34
ICACHE: size: 64 KB assoc: 2
ICACHE: hits:21703013 misses:23  Hit Ratio: 100.00%
DCACHE: size: 1*16 KB assoc: 1*4
DCACHE: hits:4467883 misses:611062 writebacks:12  Hit Ratio: 87.97%
SCACHE: size: 512 KB assoc: 2
SCACHE: hits:574194 misses:36891  Hit Ratio: 93.96%
3CACHE: size: 4096 KB assoc: 2
3CACHE: hits:29079 misses:7812  Hit Ratio: 78.82%
3CACHE: dirty items replaced:0
ITLB: size: 48, misses 4, miss rate 0.00%
DTLB: size: 128, misses 768, miss rate 0.02%
Avg mem delay: 15.760 cycles
----------------------------------------
==== Global Resource Utilization ====
STASH: size: 65536 entries, full 207641813, empty 2922, misses 260, full rate 100.00
icache bank util. 0.161 0.104 0.034 0.000 0.000 0.072 0.040 0.140 
dcache bank util. 0.029 0.029 0.031 0.029 0.029 0.055 0.053 0.039 
L2 bank util. 0.023 0.023 0.023 0.023 0.023 0.023 0.030 0.037 
L1-L2 bus util. = 0.097, L3 util. = 0.142
----------------------------------------

======================== 切片硬件状态 ========================
切片号 | 所属安全域 | 当前状态    | 路扩展 | LRU touched
------------------------------------------------------------------
  0    |   域0      | 正常运行   |  否   |  100999987
  1    |   域3      | 正常运行   |  否   |  100999986
  2    |   域2      | 正常运行   |  是   |  100990275
  3    |   域2      | 正常运行   |  是   |  100999988
==================================================================

branch prediction, hits = 14983877, misses = 79507, hit rate = 99.47%
return_stack prediction, hits = 224, misses = 10, hit rate = 95.73%
jump prediction, hits = 19375310, misses = 336, hit rate = 100.00%

======================== 切片硬件状态 ========================
切片号 | 所属安全域 | 当前状态    | 路扩展 | LRU touched
------------------------------------------------------------------
  0    |   域0      | 正常运行   |  否   |  103999993
  1    |   域3      | 正常运行   |  否   |  103999977
  2    |   域2      | 正常运行   |  是   |  103984479
  3    |   域2      | 正常运行   |  是   |  104000000
==================================================================

[动态重分配] 周期104000000：预约迁移 冗余域2(12%) -> 切片2 -> 饥饿域3(22%)
[切片剥夺] 周期104000000：切片2（所属域2）进入待剥夺状态，禁止新替换
[切片剥夺] 周期104000000：切片2在途请求已清空，开始执行脏行写回
[切片管理] 周期104004617：原域2仅剩1个切片，关闭路扩展模式
[动态重分配] 周期104004617：切片2写回完成，自动绑定到域3
[切片管理] 成功绑定切片2 → 安全域3，触发【路扩展模式】

======================== 切片硬件状态 ========================
切片号 | 所属安全域 | 当前状态    | 路扩展 | LRU touched
------------------------------------------------------------------
  0    |   域0      | 正常运行   |  否   |  104004596
  1    |   域3      | 正常运行   |  是   |  104004598
  2    |   域3      | 正常运行   |  是   |  104004617
  3    |   域2      | 正常运行   |  否   |  104004608
==================================================================


======================== 切片硬件状态 ========================
切片号 | 所属安全域 | 当前状态    | 路扩展 | LRU touched
------------------------------------------------------------------
  0    |   域0      | 正常运行   |  否   |  104999999
  1    |   域3      | 正常运行   |  是   |  105000000
  2    |   域3      | 正常运行   |  是   |  104999962
  3    |   域2      | 正常运行   |  否   |  105000000
==================================================================

[动态重分配] 周期105000000：预约迁移 冗余域3(1%) -> 切片1 -> 饥饿域2(12%)
[切片剥夺] 周期105000000：切片1（所属域3）进入待剥夺状态，禁止新替换
[切片剥夺] 周期105000000：切片1在途请求已清空，开始执行脏行写回
[切片剥夺] 周期105000000：切片1无脏行，直接完成剥夺
[切片管理] 周期105000001：原域3仅剩1个切片，关闭路扩展模式
[动态重分配] 周期105000001：切片1写回完成，自动绑定到域2
[切片管理] 成功绑定切片1 → 安全域2，触发【路扩展模式】

======================== 切片硬件状态 ========================
切片号 | 所属安全域 | 当前状态    | 路扩展 | LRU touched
------------------------------------------------------------------
  0    |   域0      | 正常运行   |  否   |  104999999
  1    |   域2      | 正常运行   |  是   |  105000001
  2    |   域3      | 正常运行   |  否   |  104999962
  3    |   域2      | 正常运行   |  是   |  105000000
==================================================================


======================== 切片硬件状态 ========================
切片号 | 所属安全域 | 当前状态    | 路扩展 | LRU touched
------------------------------------------------------------------
  0    |   域0      | 正常运行   |  否   |  105999977
  1    |   域2      | 正常运行   |  是   |  105987751
  2    |   域3      | 正常运行   |  否   |  105999966
  3    |   域2      | 正常运行   |  是   |  105999984
==================================================================

[动态重分配] 周期106000000：预约迁移 冗余域2(12%) -> 切片3 -> 饥饿域3(21%)
[切片剥夺] 周期106000000：切片3（所属域2）进入待剥夺状态，禁止新替换
[切片剥夺] 周期106000176：切片3在途请求已清空，开始执行脏行写回
[切片管理] 周期106003904：原域2仅剩1个切片，关闭路扩展模式
[动态重分配] 周期106003904：切片3写回完成，自动绑定到域3
[切片管理] 成功绑定切片3 → 安全域3，触发【路扩展模式】

======================== 切片硬件状态 ========================
切片号 | 所属安全域 | 当前状态    | 路扩展 | LRU touched
------------------------------------------------------------------
  0    |   域0      | 正常运行   |  否   |  106003884
  1    |   域2      | 正常运行   |  否   |  106003890
  2    |   域3      | 正常运行   |  是   |  106003887
  3    |   域3      | 正常运行   |  是   |  106003904
==================================================================


======================== 切片硬件状态 ========================
切片号 | 所属安全域 | 当前状态    | 路扩展 | LRU touched
------------------------------------------------------------------
  0    |   域0      | 正常运行   |  否   |  109999994
  1    |   域2      | 正常运行   |  否   |  109999998
  2    |   域3      | 正常运行   |  是   |  110000000
  3    |   域3      | 正常运行   |  是   |  109999990
==================================================================

[动态重分配] 周期110000000：预约迁移 冗余域3(0%) -> 切片2 -> 饥饿域2(12%)
[切片剥夺] 周期110000000：切片2（所属域3）进入待剥夺状态，禁止新替换
[切片剥夺] 周期110000000：切片2在途请求已清空，开始执行脏行写回
[切片剥夺] 周期110000000：切片2无脏行，直接完成剥夺
[切片管理] 周期110000001：原域3仅剩1个切片，关闭路扩展模式
[动态重分配] 周期110000001：切片2写回完成，自动绑定到域2
[切片管理] 成功绑定切片2 → 安全域2，触发【路扩展模式】

======================== 切片硬件状态 ========================
切片号 | 所属安全域 | 当前状态    | 路扩展 | LRU touched
------------------------------------------------------------------
  0    |   域0      | 正常运行   |  否   |  109999994
  1    |   域2      | 正常运行   |  是   |  109999998
  2    |   域2      | 正常运行   |  是   |  110000001
  3    |   域3      | 正常运行   |  否   |  109999990
==================================================================


======================== 切片硬件状态 ========================
切片号 | 所属安全域 | 当前状态    | 路扩展 | LRU touched
------------------------------------------------------------------
  0    |   域0      | 正常运行   |  否   |  110999998
  1    |   域2      | 正常运行   |  是   |  110999996
  2    |   域2      | 正常运行   |  是   |  110984857
  3    |   域3      | 正常运行   |  否   |  110999986
==================================================================

[动态重分配] 周期111000000：预约迁移 冗余域2(12%) -> 切片1 -> 饥饿域3(22%)
[切片剥夺] 周期111000000：切片1（所属域2）进入待剥夺状态，禁止新替换
[切片剥夺] 周期111000168：切片1在途请求已清空，开始执行脏行写回
[切片管理] 周期111003545：原域2仅剩1个切片，关闭路扩展模式
[动态重分配] 周期111003545：切片1写回完成，自动绑定到域3
[切片管理] 成功绑定切片1 → 安全域3，触发【路扩展模式】

======================== 切片硬件状态 ========================
切片号 | 所属安全域 | 当前状态    | 路扩展 | LRU touched
------------------------------------------------------------------
  0    |   域0      | 正常运行   |  否   |  111003525
  1    |   域3      | 正常运行   |  是   |  111003545
  2    |   域2      | 正常运行   |  否   |  111003533
  3    |   域3      | 正常运行   |  是   |  111003532
==================================================================


======================== 切片硬件状态 ========================
切片号 | 所属安全域 | 当前状态    | 路扩展 | LRU touched
------------------------------------------------------------------
  0    |   域0      | 正常运行   |  否   |  111999984
  1    |   域3      | 正常运行   |  是   |  111999929
  2    |   域2      | 正常运行   |  否   |  111999993
  3    |   域3      | 正常运行   |  是   |  111999979
==================================================================

[动态重分配] 周期112000000：预约迁移 冗余域3(1%) -> 切片3 -> 饥饿域2(12%)
[切片剥夺] 周期112000000：切片3（所属域3）进入待剥夺状态，禁止新替换
[切片剥夺] 周期112000000：切片3在途请求已清空，开始执行脏行写回
[切片剥夺] 周期112000000：切片3无脏行，直接完成剥夺
[切片管理] 周期112000001：原域3仅剩1个切片，关闭路扩展模式
[动态重分配] 周期112000001：切片3写回完成，自动绑定到域2
[切片管理] 成功绑定切片3 → 安全域2，触发【路扩展模式】

======================== 切片硬件状态 ========================
切片号 | 所属安全域 | 当前状态    | 路扩展 | LRU touched
------------------------------------------------------------------
  0    |   域0      | 正常运行   |  否   |  111999984
  1    |   域3      | 正常运行   |  否   |  111999929
  2    |   域2      | 正常运行   |  是   |  111999993
  3    |   域2      | 正常运行   |  是   |  112000001
==================================================================


======================== 切片硬件状态 ========================
切片号 | 所属安全域 | 当前状态    | 路扩展 | LRU touched
------------------------------------------------------------------
  0    |   域0      | 正常运行   |  否   |  115999992
  1    |   域3      | 正常运行   |  否   |  116000000
  2    |   域2      | 正常运行   |  是   |  115995081
  3    |   域2      | 正常运行   |  是   |  115999989
==================================================================

[动态重分配] 周期116000000：预约迁移 冗余域2(12%) -> 切片2 -> 饥饿域3(21%)
[切片剥夺] 周期116000000：切片2（所属域2）进入待剥夺状态，禁止新替换
[切片剥夺] 周期116000000：切片2在途请求已清空，开始执行脏行写回
[切片管理] 周期116004941：原域2仅剩1个切片，关闭路扩展模式
[动态重分配] 周期116004941：切片2写回完成，自动绑定到域3
[切片管理] 成功绑定切片2 → 安全域3，触发【路扩展模式】

======================== 切片硬件状态 ========================
切片号 | 所属安全域 | 当前状态    | 路扩展 | LRU touched
------------------------------------------------------------------
  0    |   域0      | 正常运行   |  否   |  116004938
  1    |   域3      | 正常运行   |  是   |  116004917
  2    |   域3      | 正常运行   |  是   |  116004941
  3    |   域2      | 正常运行   |  否   |  116004937
==================================================================


======================== 切片硬件状态 ========================
切片号 | 所属安全域 | 当前状态    | 路扩展 | LRU touched
------------------------------------------------------------------
  0    |   域0      | 正常运行   |  否   |  116999973
  1    |   域3      | 正常运行   |  是   |  116999975
  2    |   域3      | 正常运行   |  是   |  116999883
  3    |   域2      | 正常运行   |  否   |  116999965
==================================================================

[动态重分配] 周期117000000：预约迁移 冗余域3(1%) -> 切片1 -> 饥饿域2(12%)
[切片剥夺] 周期117000000：切片1（所属域3）进入待剥夺状态，禁止新替换
[切片剥夺] 周期117000000：切片1在途请求已清空，开始执行脏行写回
[切片剥夺] 周期117000000：切片1无脏行，直接完成剥夺
[切片管理] 周期117000001：原域3仅剩1个切片，关闭路扩展模式
[动态重分配] 周期117000001：切片1写回完成，自动绑定到域2
[切片管理] 成功绑定切片1 → 安全域2，触发【路扩展模式】

======================== 切片硬件状态 ========================
切片号 | 所属安全域 | 当前状态    | 路扩展 | LRU touched
------------------------------------------------------------------
  0    |   域0      | 正常运行   |  否   |  116999973
  1    |   域2      | 正常运行   |  是   |  117000001
  2    |   域3      | 正常运行   |  否   |  116999883
  3    |   域2      | 正常运行   |  是   |  116999965
==================================================================


======================== 切片硬件状态 ========================
切片号 | 所属安全域 | 当前状态    | 路扩展 | LRU touched
------------------------------------------------------------------
  0    |   域0      | 正常运行   |  否   |  117999993
  1    |   域2      | 正常运行   |  是   |  117988568
  2    |   域3      | 正常运行   |  否   |  117999974
  3    |   域2      | 正常运行   |  是   |  117999993
==================================================================

[动态重分配] 周期118000000：预约迁移 冗余域2(12%) -> 切片3 -> 饥饿域3(22%)
[切片剥夺] 周期118000000：切片3（所属域2）进入待剥夺状态，禁止新替换
[切片剥夺] 周期118000184：切片3在途请求已清空，开始执行脏行写回
[切片管理] 周期118002604：原域2仅剩1个切片，关闭路扩展模式
[动态重分配] 周期118002604：切片3写回完成，自动绑定到域3
[切片管理] 成功绑定切片3 → 安全域3，触发【路扩展模式】

======================== 切片硬件状态 ========================
切片号 | 所属安全域 | 当前状态    | 路扩展 | LRU touched
------------------------------------------------------------------
  0    |   域0      | 正常运行   |  否   |  118002596
  1    |   域2      | 正常运行   |  否   |  118002596
  2    |   域3      | 正常运行   |  是   |  118002598
  3    |   域3      | 正常运行   |  是   |  118002604
==================================================================


======================== 切片硬件状态 ========================
切片号 | 所属安全域 | 当前状态    | 路扩展 | LRU touched
------------------------------------------------------------------
  0    |   域0      | 正常运行   |  否   |  121999993
  1    |   域2      | 正常运行   |  否   |  122000000
  2    |   域3      | 正常运行   |  是   |  121999988
  3    |   域3      | 正常运行   |  是   |  121999931
==================================================================

[动态重分配] 周期122000000：预约迁移 冗余域3(0%) -> 切片2 -> 饥饿域2(12%)
[切片剥夺] 周期122000000：切片2（所属域3）进入待剥夺状态，禁止新替换
[切片剥夺] 周期122000000：切片2在途请求已清空，开始执行脏行写回
[切片剥夺] 周期122000000：切片2无脏行，直接完成剥夺
[切片管理] 周期122000001：原域3仅剩1个切片，关闭路扩展模式
[动态重分配] 周期122000001：切片2写回完成，自动绑定到域2
[切片管理] 成功绑定切片2 → 安全域2，触发【路扩展模式】

======================== 切片硬件状态 ========================
切片号 | 所属安全域 | 当前状态    | 路扩展 | LRU touched
------------------------------------------------------------------
  0    |   域0      | 正常运行   |  否   |  121999993
  1    |   域2      | 正常运行   |  是   |  122000000
  2    |   域2      | 正常运行   |  是   |  122000001
  3    |   域3      | 正常运行   |  否   |  121999931
==================================================================


======================== 切片硬件状态 ========================
切片号 | 所属安全域 | 当前状态    | 路扩展 | LRU touched
------------------------------------------------------------------
  0    |   域0      | 正常运行   |  否   |  122999978
  1    |   域2      | 正常运行   |  是   |  122999095
  2    |   域2      | 正常运行   |  是   |  122999980
  3    |   域3      | 正常运行   |  否   |  122999991
==================================================================

[动态重分配] 周期123000000：预约迁移 冗余域2(12%) -> 切片1 -> 饥饿域3(21%)
[切片剥夺] 周期123000000：切片1（所属域2）进入待剥夺状态，禁止新替换
[切片剥夺] 周期123000000：切片1在途请求已清空，开始执行脏行写回
[切片管理] 周期123005046：原域2仅剩1个切片，关闭路扩展模式
[动态重分配] 周期123005046：切片1写回完成，自动绑定到域3
[切片管理] 成功绑定切片1 → 安全域3，触发【路扩展模式】

======================== 切片硬件状态 ========================
切片号 | 所属安全域 | 当前状态    | 路扩展 | LRU touched
------------------------------------------------------------------
  0    |   域0      | 正常运行   |  否   |  123005040
  1    |   域3      | 正常运行   |  是   |  123005046
  2    |   域2      | 正常运行   |  否   |  123005045
  3    |   域3      | 正常运行   |  是   |  123005031
==================================================================


======================== 切片硬件状态 ========================
切片号 | 所属安全域 | 当前状态    | 路扩展 | LRU touched
------------------------------------------------------------------
  0    |   域0      | 正常运行   |  否   |  123999983
  1    |   域3      | 正常运行   |  是   |  123999901
  2    |   域2      | 正常运行   |  否   |  123999996
  3    |   域3      | 正常运行   |  是   |  123999992
==================================================================

[动态重分配] 周期124000000：预约迁移 冗余域3(1%) -> 切片3 -> 饥饿域2(12%)
[切片剥夺] 周期124000000：切片3（所属域3）进入待剥夺状态，禁止新替换
[切片剥夺] 周期124000000：切片3在途请求已清空，开始执行脏行写回
[切片剥夺] 周期124000000：切片3无脏行，直接完成剥夺
[切片管理] 周期124000001：原域3仅剩1个切片，关闭路扩展模式
[动态重分配] 周期124000001：切片3写回完成，自动绑定到域2
[切片管理] 成功绑定切片3 → 安全域2，触发【路扩展模式】

======================== 切片硬件状态 ========================
切片号 | 所属安全域 | 当前状态    | 路扩展 | LRU touched
------------------------------------------------------------------
  0    |   域0      | 正常运行   |  否   |  123999983
  1    |   域3      | 正常运行   |  否   |  123999901
  2    |   域2      | 正常运行   |  是   |  123999996
  3    |   域2      | 正常运行   |  是   |  124000001
==================================================================


======================== 切片硬件状态 ========================
切片号 | 所属安全域 | 当前状态    | 路扩展 | LRU touched
------------------------------------------------------------------
  0    |   域0      | 正常运行   |  否   |  127999980
  1    |   域3      | 正常运行   |  否   |  127999993
  2    |   域2      | 正常运行   |  是   |  127999892
  3    |   域2      | 正常运行   |  是   |  127999993
==================================================================

[动态重分配] 周期128000000：预约迁移 冗余域2(12%) -> 切片2 -> 饥饿域3(22%)
[切片剥夺] 周期128000000：切片2（所属域2）进入待剥夺状态，禁止新替换
[切片剥夺] 周期128000108：切片2在途请求已清空，开始执行脏行写回
[切片管理] 周期128005723：原域2仅剩1个切片，关闭路扩展模式
[动态重分配] 周期128005723：切片2写回完成，自动绑定到域3
[切片管理] 成功绑定切片2 → 安全域3，触发【路扩展模式】

======================== 切片硬件状态 ========================
切片号 | 所属安全域 | 当前状态    | 路扩展 | LRU touched
------------------------------------------------------------------
  0    |   域0      | 正常运行   |  否   |  128005698
  1    |   域3      | 正常运行   |  是   |  128005722
  2    |   域3      | 正常运行   |  是   |  128005723
  3    |   域2      | 正常运行   |  否   |  128005717
==================================================================


======================== 切片硬件状态 ========================
切片号 | 所属安全域 | 当前状态    | 路扩展 | LRU touched
------------------------------------------------------------------
  0    |   域0      | 正常运行   |  否   |  128999989
  1    |   域3      | 正常运行   |  是   |  128999969
  2    |   域3      | 正常运行   |  是   |  128999923
  3    |   域2      | 正常运行   |  否   |  128999994
==================================================================

[动态重分配] 周期129000000：预约迁移 冗余域3(1%) -> 切片1 -> 饥饿域2(12%)
[切片剥夺] 周期129000000：切片1（所属域3）进入待剥夺状态，禁止新替换
[切片剥夺] 周期129000000：切片1在途请求已清空，开始执行脏行写回
[切片剥夺] 周期129000000：切片1无脏行，直接完成剥夺
[切片管理] 周期129000001：原域3仅剩1个切片，关闭路扩展模式
[动态重分配] 周期129000001：切片1写回完成，自动绑定到域2
[切片管理] 成功绑定切片1 → 安全域2，触发【路扩展模式】

======================== 切片硬件状态 ========================
切片号 | 所属安全域 | 当前状态    | 路扩展 | LRU touched
------------------------------------------------------------------
  0    |   域0      | 正常运行   |  否   |  128999989
  1    |   域2      | 正常运行   |  是   |  129000001
  2    |   域3      | 正常运行   |  否   |  128999923
  3    |   域2      | 正常运行   |  是   |  128999994
==================================================================


======================== 切片硬件状态 ========================
切片号 | 所属安全域 | 当前状态    | 路扩展 | LRU touched
------------------------------------------------------------------
  0    |   域0      | 正常运行   |  否   |  129999997
  1    |   域2      | 正常运行   |  是   |  129988118
  2    |   域3      | 正常运行   |  否   |  129999997
  3    |   域2      | 正常运行   |  是   |  129999984
==================================================================

[动态重分配] 周期130000000：预约迁移 冗余域2(12%) -> 切片3 -> 饥饿域3(22%)
[切片剥夺] 周期130000000：切片3（所属域2）进入待剥夺状态，禁止新替换
[切片剥夺] 周期130000188：切片3在途请求已清空，开始执行脏行写回
[切片管理] 周期130005885：原域2仅剩1个切片，关闭路扩展模式
[动态重分配] 周期130005885：切片3写回完成，自动绑定到域3
[切片管理] 成功绑定切片3 → 安全域3，触发【路扩展模式】

======================== 切片硬件状态 ========================
切片号 | 所属安全域 | 当前状态    | 路扩展 | LRU touched
------------------------------------------------------------------
  0    |   域0      | 正常运行   |  否   |  130005871
  1    |   域2      | 正常运行   |  否   |  130005880
  2    |   域3      | 正常运行   |  是   |  130005849
  3    |   域3      | 正常运行   |  是   |  130005885
==================================================================


======================== 切片硬件状态 ========================
切片号 | 所属安全域 | 当前状态    | 路扩展 | LRU touched
------------------------------------------------------------------
  0    |   域0      | 正常运行   |  否   |  133999991
  1    |   域2      | 正常运行   |  否   |  133999941
  2    |   域3      | 正常运行   |  是   |  133999995
  3    |   域3      | 正常运行   |  是   |  133999987
==================================================================

[动态重分配] 周期134000000：预约迁移 冗余域3(0%) -> 切片2 -> 饥饿域2(12%)
[切片剥夺] 周期134000000：切片2（所属域3）进入待剥夺状态，禁止新替换
[切片剥夺] 周期134000000：切片2在途请求已清空，开始执行脏行写回
[切片剥夺] 周期134000000：切片2无脏行，直接完成剥夺
[切片管理] 周期134000001：原域3仅剩1个切片，关闭路扩展模式
[动态重分配] 周期134000001：切片2写回完成，自动绑定到域2
[切片管理] 成功绑定切片2 → 安全域2，触发【路扩展模式】

======================== 切片硬件状态 ========================
切片号 | 所属安全域 | 当前状态    | 路扩展 | LRU touched
------------------------------------------------------------------
  0    |   域0      | 正常运行   |  否   |  133999991
  1    |   域2      | 正常运行   |  是   |  133999941
  2    |   域2      | 正常运行   |  是   |  134000001
  3    |   域3      | 正常运行   |  否   |  133999987
==================================================================


======================== 切片硬件状态 ========================
切片号 | 所属安全域 | 当前状态    | 路扩展 | LRU touched
------------------------------------------------------------------
  0    |   域0      | 正常运行   |  否   |  134999998
  1    |   域2      | 正常运行   |  是   |  134998815
  2    |   域2      | 正常运行   |  是   |  135000000
  3    |   域3      | 正常运行   |  否   |  134999992
==================================================================

[动态重分配] 周期135000000：预约迁移 冗余域2(12%) -> 切片1 -> 饥饿域3(22%)
[切片剥夺] 周期135000000：切片1（所属域2）进入待剥夺状态，禁止新替换
[切片剥夺] 周期135000000：切片1在途请求已清空，开始执行脏行写回
[切片管理] 周期135005438：原域2仅剩1个切片，关闭路扩展模式
[动态重分配] 周期135005438：切片1写回完成，自动绑定到域3
[切片管理] 成功绑定切片1 → 安全域3，触发【路扩展模式】

======================== 切片硬件状态 ========================
切片号 | 所属安全域 | 当前状态    | 路扩展 | LRU touched
------------------------------------------------------------------
  0    |   域0      | 正常运行   |  否   |  135005434
  1    |   域3      | 正常运行   |  是   |  135005438
  2    |   域2      | 正常运行   |  否   |  135005426
  3    |   域3      | 正常运行   |  是   |  135005433
==================================================================


======================== 切片硬件状态 ========================
切片号 | 所属安全域 | 当前状态    | 路扩展 | LRU touched
------------------------------------------------------------------
  0    |   域0      | 正常运行   |  否   |  135999988
  1    |   域3      | 正常运行   |  是   |  135999934
  2    |   域2      | 正常运行   |  否   |  135999995
  3    |   域3      | 正常运行   |  是   |  135999976
==================================================================

[动态重分配] 周期136000000：预约迁移 冗余域3(1%) -> 切片3 -> 饥饿域2(12%)
[切片剥夺] 周期136000000：切片3（所属域3）进入待剥夺状态，禁止新替换
[切片剥夺] 周期136000000：切片3在途请求已清空，开始执行脏行写回
[切片剥夺] 周期136000000：切片3无脏行，直接完成剥夺
[切片管理] 周期136000001：原域3仅剩1个切片，关闭路扩展模式
[动态重分配] 周期136000001：切片3写回完成，自动绑定到域2
[切片管理] 成功绑定切片3 → 安全域2，触发【路扩展模式】

======================== 切片硬件状态 ========================
切片号 | 所属安全域 | 当前状态    | 路扩展 | LRU touched
------------------------------------------------------------------
  0    |   域0      | 正常运行   |  否   |  135999988
  1    |   域3      | 正常运行   |  否   |  135999934
  2    |   域2      | 正常运行   |  是   |  135999995
  3    |   域2      | 正常运行   |  是   |  136000001
==================================================================


======================== 切片硬件状态 ========================
切片号 | 所属安全域 | 当前状态    | 路扩展 | LRU touched
------------------------------------------------------------------
  0    |   域0      | 正常运行   |  否   |  143000000
  1    |   域3      | 正常运行   |  否   |  142999989
  2    |   域2      | 正常运行   |  是   |  142999995
  3    |   域2      | 正常运行   |  是   |  142999992
==================================================================

[动态重分配] 周期143000000：预约迁移 冗余域2(13%) -> 切片2 -> 饥饿域3(22%)
[切片剥夺] 周期143000000：切片2（所属域2）进入待剥夺状态，禁止新替换
[切片剥夺] 周期143000000：切片2在途请求已清空，开始执行脏行写回
[切片管理] 周期143000140：原域2仅剩1个切片，关闭路扩展模式
[动态重分配] 周期143000140：切片2写回完成，自动绑定到域3
[切片管理] 成功绑定切片2 → 安全域3，触发【路扩展模式】

======================== 切片硬件状态 ========================
切片号 | 所属安全域 | 当前状态    | 路扩展 | LRU touched
------------------------------------------------------------------
  0    |   域0      | 正常运行   |  否   |  143000055
  1    |   域3      | 正常运行   |  是   |  143000051
  2    |   域3      | 正常运行   |  是   |  143000140
  3    |   域2      | 正常运行   |  否   |  143000056
==================================================================


======================== 切片硬件状态 ========================
切片号 | 所属安全域 | 当前状态    | 路扩展 | LRU touched
------------------------------------------------------------------
  0    |   域0      | 正常运行   |  否   |  150999997
  1    |   域3      | 正常运行   |  是   |  150999984
  2    |   域3      | 正常运行   |  是   |  150999995
  3    |   域2      | 正常运行   |  否   |  150999999
==================================================================

[动态重分配] 周期151000000：预约迁移 冗余域3(0%) -> 切片1 -> 饥饿域0(9%)
[切片剥夺] 周期151000000：切片1（所属域3）进入待剥夺状态，禁止新替换
[切片剥夺] 周期151000000：切片1在途请求已清空，开始执行脏行写回
[切片剥夺] 周期151000000：切片1无脏行，直接完成剥夺
[切片管理] 周期151000001：原域3仅剩1个切片，关闭路扩展模式
[动态重分配] 周期151000001：切片1写回完成，自动绑定到域0
[切片管理] 成功绑定切片1 → 安全域0，触发【路扩展模式】

======================== 切片硬件状态 ========================
切片号 | 所属安全域 | 当前状态    | 路扩展 | LRU touched
------------------------------------------------------------------
  0    |   域0      | 正常运行   |  是   |  150999997
  1    |   域0      | 正常运行   |  是   |  151000001
  2    |   域3      | 正常运行   |  否   |  150999995
  3    |   域2      | 正常运行   |  否   |  151000001
==================================================================


======================== 切片硬件状态 ========================
切片号 | 所属安全域 | 当前状态    | 路扩展 | LRU touched
------------------------------------------------------------------
  0    |   域0      | 正常运行   |  是   |  151999993
  1    |   域0      | 正常运行   |  是   |  151999858
  2    |   域3      | 正常运行   |  否   |  151999992
  3    |   域2      | 正常运行   |  否   |  151999998
==================================================================

[动态重分配] 周期152000000：预约迁移 冗余域0(0%) -> 切片0 -> 饥饿域3(22%)
[切片剥夺] 周期152000000：切片0（所属域0）进入待剥夺状态，禁止新替换
[切片剥夺] 周期152000000：切片0在途请求已清空，开始执行脏行写回
[切片剥夺] 周期152000000：切片0无脏行，直接完成剥夺
[切片管理] 周期152000001：原域0仅剩1个切片，关闭路扩展模式
[动态重分配] 周期152000001：切片0写回完成，自动绑定到域3
[切片管理] 成功绑定切片0 → 安全域3，触发【路扩展模式】

======================== 切片硬件状态 ========================
切片号 | 所属安全域 | 当前状态    | 路扩展 | LRU touched
------------------------------------------------------------------
  0    |   域3      | 正常运行   |  是   |  152000001
  1    |   域0      | 正常运行   |  否   |  151999858
  2    |   域3      | 正常运行   |  是   |  152000001
  3    |   域2      | 正常运行   |  否   |  151999998
==================================================================


======================== 切片硬件状态 ========================
切片号 | 所属安全域 | 当前状态    | 路扩展 | LRU touched
------------------------------------------------------------------
  0    |   域3      | 正常运行   |  是   |  160999994
  1    |   域0      | 正常运行   |  否   |  160999995
  2    |   域3      | 正常运行   |  是   |  160999981
  3    |   域2      | 正常运行   |  否   |  161000000
==================================================================

[动态重分配] 周期161000000：预约迁移 冗余域3(0%) -> 切片2 -> 饥饿域0(9%)
[切片剥夺] 周期161000000：切片2（所属域3）进入待剥夺状态，禁止新替换
[切片剥夺] 周期161000000：切片2在途请求已清空，开始执行脏行写回
[切片剥夺] 周期161000000：切片2无脏行，直接完成剥夺
[切片管理] 周期161000001：原域3仅剩1个切片，关闭路扩展模式
[动态重分配] 周期161000001：切片2写回完成，自动绑定到域0
[切片管理] 成功绑定切片2 → 安全域0，触发【路扩展模式】

======================== 切片硬件状态 ========================
切片号 | 所属安全域 | 当前状态    | 路扩展 | LRU touched
------------------------------------------------------------------
  0    |   域3      | 正常运行   |  否   |  160999994
  1    |   域0      | 正常运行   |  是   |  160999995
  2    |   域0      | 正常运行   |  是   |  161000001
  3    |   域2      | 正常运行   |  否   |  161000000
==================================================================


======================== 切片硬件状态 ========================
切片号 | 所属安全域 | 当前状态    | 路扩展 | LRU touched
------------------------------------------------------------------
  0    |   域3      | 正常运行   |  否   |  161999991
  1    |   域0      | 正常运行   |  是   |  161999989
  2    |   域0      | 正常运行   |  是   |  161999697
  3    |   域2      | 正常运行   |  否   |  162000000
==================================================================

[动态重分配] 周期162000000：预约迁移 冗余域0(0%) -> 切片1 -> 饥饿域3(21%)
[切片剥夺] 周期162000000：切片1（所属域0）进入待剥夺状态，禁止新替换
[切片剥夺] 周期162000000：切片1在途请求已清空，开始执行脏行写回
[切片剥夺] 周期162000000：切片1无脏行，直接完成剥夺
[切片管理] 周期162000001：原域0仅剩1个切片，关闭路扩展模式
[动态重分配] 周期162000001：切片1写回完成，自动绑定到域3
[切片管理] 成功绑定切片1 → 安全域3，触发【路扩展模式】

======================== 切片硬件状态 ========================
切片号 | 所属安全域 | 当前状态    | 路扩展 | LRU touched
------------------------------------------------------------------
  0    |   域3      | 正常运行   |  是   |  162000001
  1    |   域3      | 正常运行   |  是   |  162000001
  2    |   域0      | 正常运行   |  否   |  161999697
  3    |   域2      | 正常运行   |  否   |  162000000
==================================================================


======================== 切片硬件状态 ========================
切片号 | 所属安全域 | 当前状态    | 路扩展 | LRU touched
------------------------------------------------------------------
  0    |   域3      | 正常运行   |  是   |  171999990
  1    |   域3      | 正常运行   |  是   |  171999982
  2    |   域0      | 正常运行   |  否   |  171999993
  3    |   域2      | 正常运行   |  否   |  171999998
==================================================================

[动态重分配] 周期172000000：预约迁移 冗余域3(0%) -> 切片0 -> 饥饿域0(9%)
[切片剥夺] 周期172000000：切片0（所属域3）进入待剥夺状态，禁止新替换
[切片剥夺] 周期172000000：切片0在途请求已清空，开始执行脏行写回
[切片剥夺] 周期172000000：切片0无脏行，直接完成剥夺
[切片管理] 周期172000001：原域3仅剩1个切片，关闭路扩展模式
[动态重分配] 周期172000001：切片0写回完成，自动绑定到域0
[切片管理] 成功绑定切片0 → 安全域0，触发【路扩展模式】

======================== 切片硬件状态 ========================
切片号 | 所属安全域 | 当前状态    | 路扩展 | LRU touched
------------------------------------------------------------------
  0    |   域0      | 正常运行   |  是   |  172000001
  1    |   域3      | 正常运行   |  否   |  171999982
  2    |   域0      | 正常运行   |  是   |  171999993
  3    |   域2      | 正常运行   |  否   |  171999998
==================================================================


======================== 切片硬件状态 ========================
切片号 | 所属安全域 | 当前状态    | 路扩展 | LRU touched
------------------------------------------------------------------
  0    |   域0      | 正常运行   |  是   |  172999753
  1    |   域3      | 正常运行   |  否   |  172999994
  2    |   域0      | 正常运行   |  是   |  172999979
  3    |   域2      | 正常运行   |  否   |  172999999
==================================================================

[动态重分配] 周期173000000：预约迁移 冗余域0(0%) -> 切片2 -> 饥饿域3(21%)
[切片剥夺] 周期173000000：切片2（所属域0）进入待剥夺状态，禁止新替换
[切片剥夺] 周期173000000：切片2在途请求已清空，开始执行脏行写回
[切片剥夺] 周期173000000：切片2无脏行，直接完成剥夺
[切片管理] 周期173000001：原域0仅剩1个切片，关闭路扩展模式
[动态重分配] 周期173000001：切片2写回完成，自动绑定到域3
[切片管理] 成功绑定切片2 → 安全域3，触发【路扩展模式】

======================== 切片硬件状态 ========================
切片号 | 所属安全域 | 当前状态    | 路扩展 | LRU touched
------------------------------------------------------------------
  0    |   域0      | 正常运行   |  否   |  172999753
  1    |   域3      | 正常运行   |  是   |  172999994
  2    |   域3      | 正常运行   |  是   |  173000001
  3    |   域2      | 正常运行   |  否   |  172999999
==================================================================


======================== 切片硬件状态 ========================
切片号 | 所属安全域 | 当前状态    | 路扩展 | LRU touched
------------------------------------------------------------------
  0    |   域0      | 正常运行   |  否   |  181999994
  1    |   域3      | 正常运行   |  是   |  181999999
  2    |   域3      | 正常运行   |  是   |  181999970
  3    |   域2      | 正常运行   |  否   |  182000000
==================================================================

[动态重分配] 周期182000000：预约迁移 冗余域3(0%) -> 切片1 -> 饥饿域0(9%)
[切片剥夺] 周期182000000：切片1（所属域3）进入待剥夺状态，禁止新替换
[切片剥夺] 周期182000000：切片1在途请求已清空，开始执行脏行写回
[切片剥夺] 周期182000000：切片1无脏行，直接完成剥夺
[切片管理] 周期182000001：原域3仅剩1个切片，关闭路扩展模式
[动态重分配] 周期182000001：切片1写回完成，自动绑定到域0
[切片管理] 成功绑定切片1 → 安全域0，触发【路扩展模式】

======================== 切片硬件状态 ========================
切片号 | 所属安全域 | 当前状态    | 路扩展 | LRU touched
------------------------------------------------------------------
  0    |   域0      | 正常运行   |  是   |  181999994
  1    |   域0      | 正常运行   |  是   |  182000001
  2    |   域3      | 正常运行   |  否   |  181999970
  3    |   域2      | 正常运行   |  否   |  182000001
==================================================================


======================== 切片硬件状态 ========================
切片号 | 所属安全域 | 当前状态    | 路扩展 | LRU touched
------------------------------------------------------------------
  0    |   域0      | 正常运行   |  是   |  182999995
  1    |   域0      | 正常运行   |  是   |  182999931
  2    |   域3      | 正常运行   |  否   |  182999990
  3    |   域2      | 正常运行   |  否   |  183000000
==================================================================

[动态重分配] 周期183000000：预约迁移 冗余域0(0%) -> 切片0 -> 饥饿域3(21%)
[切片剥夺] 周期183000000：切片0（所属域0）进入待剥夺状态，禁止新替换
[切片剥夺] 周期183000000：切片0在途请求已清空，开始执行脏行写回
[切片剥夺] 周期183000000：切片0无脏行，直接完成剥夺
[切片管理] 周期183000001：原域0仅剩1个切片，关闭路扩展模式
[动态重分配] 周期183000001：切片0写回完成，自动绑定到域3
[切片管理] 成功绑定切片0 → 安全域3，触发【路扩展模式】

======================== 切片硬件状态 ========================
切片号 | 所属安全域 | 当前状态    | 路扩展 | LRU touched
------------------------------------------------------------------
  0    |   域3      | 正常运行   |  是   |  183000001
  1    |   域0      | 正常运行   |  否   |  182999931
  2    |   域3      | 正常运行   |  是   |  182999990
  3    |   域2      | 正常运行   |  否   |  183000001
==================================================================


======================== 切片硬件状态 ========================
切片号 | 所属安全域 | 当前状态    | 路扩展 | LRU touched
------------------------------------------------------------------
  0    |   域3      | 正常运行   |  是   |  183999884
  1    |   域0      | 正常运行   |  否   |  183999996
  2    |   域3      | 正常运行   |  是   |  183999999
  3    |   域2      | 正常运行   |  否   |  183999998
==================================================================

[动态重分配] 周期184000000：预约迁移 冗余域3(0%) -> 切片2 -> 饥饿域0(9%)
[切片剥夺] 周期184000000：切片2（所属域3）进入待剥夺状态，禁止新替换
[切片剥夺] 周期184000000：切片2在途请求已清空，开始执行脏行写回
[切片剥夺] 周期184000000：切片2无脏行，直接完成剥夺
[切片管理] 周期184000001：原域3仅剩1个切片，关闭路扩展模式
[动态重分配] 周期184000001：切片2写回完成，自动绑定到域0
[切片管理] 成功绑定切片2 → 安全域0，触发【路扩展模式】

======================== 切片硬件状态 ========================
切片号 | 所属安全域 | 当前状态    | 路扩展 | LRU touched
------------------------------------------------------------------
  0    |   域3      | 正常运行   |  否   |  183999884
  1    |   域0      | 正常运行   |  是   |  183999996
  2    |   域0      | 正常运行   |  是   |  184000001
  3    |   域2      | 正常运行   |  否   |  184000001
==================================================================


======================== 切片硬件状态 ========================
切片号 | 所属安全域 | 当前状态    | 路扩展 | LRU touched
------------------------------------------------------------------
  0    |   域3      | 正常运行   |  否   |  187999999
  1    |   域0      | 正常运行   |  是   |  187999996
  2    |   域0      | 正常运行   |  是   |  187999900
  3    |   域2      | 正常运行   |  否   |  188000000
==================================================================

[动态重分配] 周期188000000：预约迁移 冗余域0(0%) -> 切片1 -> 饥饿域3(22%)
[切片剥夺] 周期188000000：切片1（所属域0）进入待剥夺状态，禁止新替换
[切片剥夺] 周期188000000：切片1在途请求已清空，开始执行脏行写回
[切片剥夺] 周期188000000：切片1无脏行，直接完成剥夺
[切片管理] 周期188000001：原域0仅剩1个切片，关闭路扩展模式
[动态重分配] 周期188000001：切片1写回完成，自动绑定到域3
[切片管理] 成功绑定切片1 → 安全域3，触发【路扩展模式】

======================== 切片硬件状态 ========================
切片号 | 所属安全域 | 当前状态    | 路扩展 | LRU touched
------------------------------------------------------------------
  0    |   域3      | 正常运行   |  是   |  187999999
  1    |   域3      | 正常运行   |  是   |  188000001
  2    |   域0      | 正常运行   |  否   |  187999900
  3    |   域2      | 正常运行   |  否   |  188000000
==================================================================


======================== 切片硬件状态 ========================
切片号 | 所属安全域 | 当前状态    | 路扩展 | LRU touched
------------------------------------------------------------------
  0    |   域3      | 正常运行   |  是   |  192999996
  1    |   域3      | 正常运行   |  是   |  192999931
  2    |   域0      | 正常运行   |  否   |  192999982
  3    |   域2      | 正常运行   |  否   |  193000000
==================================================================

[动态重分配] 周期193000000：预约迁移 冗余域3(0%) -> 切片0 -> 饥饿域0(9%)
[切片剥夺] 周期193000000：切片0（所属域3）进入待剥夺状态，禁止新替换
[切片剥夺] 周期193000000：切片0在途请求已清空，开始执行脏行写回
[切片剥夺] 周期193000000：切片0无脏行，直接完成剥夺
[切片管理] 周期193000001：原域3仅剩1个切片，关闭路扩展模式
[动态重分配] 周期193000001：切片0写回完成，自动绑定到域0
[切片管理] 成功绑定切片0 → 安全域0，触发【路扩展模式】

======================== 切片硬件状态 ========================
切片号 | 所属安全域 | 当前状态    | 路扩展 | LRU touched
------------------------------------------------------------------
  0    |   域0      | 正常运行   |  是   |  193000001
  1    |   域3      | 正常运行   |  否   |  192999931
  2    |   域0      | 正常运行   |  是   |  192999982
  3    |   域2      | 正常运行   |  否   |  193000000
==================================================================


======================== 切片硬件状态 ========================
切片号 | 所属安全域 | 当前状态    | 路扩展 | LRU touched
------------------------------------------------------------------
  0    |   域0      | 正常运行   |  是   |  193999989
  1    |   域3      | 正常运行   |  否   |  193999993
  2    |   域0      | 正常运行   |  是   |  194000000
  3    |   域2      | 正常运行   |  否   |  194000000
==================================================================

[动态重分配] 周期194000000：预约迁移 冗余域0(0%) -> 切片2 -> 饥饿域3(22%)
[切片剥夺] 周期194000000：切片2（所属域0）进入待剥夺状态，禁止新替换
[切片剥夺] 周期194000000：切片2在途请求已清空，开始执行脏行写回
[切片剥夺] 周期194000000：切片2无脏行，直接完成剥夺
[切片管理] 周期194000001：原域0仅剩1个切片，关闭路扩展模式
[动态重分配] 周期194000001：切片2写回完成，自动绑定到域3
[切片管理] 成功绑定切片2 → 安全域3，触发【路扩展模式】

======================== 切片硬件状态 ========================
切片号 | 所属安全域 | 当前状态    | 路扩展 | LRU touched
------------------------------------------------------------------
  0    |   域0      | 正常运行   |  否   |  193999989
  1    |   域3      | 正常运行   |  是   |  193999993
  2    |   域3      | 正常运行   |  是   |  194000001
  3    |   域2      | 正常运行   |  否   |  194000001
==================================================================


**** Debug Statistics at 201000000 Cycles *****
Threads: 4		Fetch Width: 8
No of useful instructions fetched:	572678606 (35.61% proc util.)
No of total instructions fetched:	599655635 (37.29% proc util.)
 includes 3414 misfetch (0.0%), 26973615 (4.5%) wrong-path fetches
 and 0 flushed after failed lock(0.0%)
No of useful instructions issued/executed:	572678554 (35.61% proc util.)
No of total instructions issued/executed:	582856234 (36.25% proc util.)
 includes 10177680 wrong-path (1.7%) insts and 0 flushed (0.0%)
	fp 36, 0.00%
	synch 0, 0.00%
	integer 514507003, 88.27%
	load/store 68349195, 11.73%
Avg size of int IQ (before scheduling): 25.96
Avg size of fp IQ (before scheduling): 0.00
No of cycles taken:		201000000
Parallelism [ 1.047, 0.000, 0.766, 1.037,] = 2.849
 IQ conflicts: 75369 (0.04%), FQ conflicts: 0 (0.00%) 
 I reg conflicts: 117537424 (58.48%), FP reg conflicts: 0 (0.00%)
  Activelist confs: 0 (0.00%), ROB confs: 0 (0.00%)
  Int unit conflicts: 112270003 (55.86%), FP unit conflicts: 0 (0.00%)
  Load/store unit conflicts: 535035 (0.27%)
  MSHR conflicts: 5853218 (2.91%)
----------------------------------------
==== System-wide Cache Statistics ====
Stall for miss queue full 3434 cycles (0.00%)
----------------------------------------
==== Statistics for Master ID: 0 ====
Reads: 68371115   Writes: 5127
ICACHE: size: 64 KB assoc: 2
ICACHE: hits:57464009 misses:10  Hit Ratio: 100.00%
DCACHE: size: 1*16 KB assoc: 1*4
DCACHE: hits:9942976 misses:969247 writebacks:323  Hit Ratio: 91.12%
SCACHE: size: 512 KB assoc: 2
SCACHE: hits:961202 misses:8055  Hit Ratio: 99.17%
3CACHE: size: 4096 KB assoc: 2
3CACHE: hits:4020 misses:4035  Hit Ratio: 49.91%
3CACHE: dirty items replaced:0
ITLB: size: 48, misses 1, miss rate 0.00%
DTLB: size: 128, misses 96, miss rate 0.00%
Avg mem delay: 6.099 cycles
----------------------------------------
==== Statistics for Master ID: 2 ====
Reads: 80014139   Writes: 15159698
ICACHE: size: 64 KB assoc: 2
ICACHE: hits:50155114 misses:515  Hit Ratio: 100.00%
DCACHE: size: 1*16 KB assoc: 1*4
DCACHE: hits:42019384 misses:3003089 writebacks:1468194  Hit Ratio: 93.33%
SCACHE: size: 512 KB assoc: 2
SCACHE: hits:866272 misses:2133067  Hit Ratio: 28.88%
3CACHE: size: 4096 KB assoc: 2
3CACHE: hits:11799 misses:2121268  Hit Ratio: 0.55%
3CACHE: dirty items replaced:0
ITLB: size: 48, misses 25, miss rate 0.00%
DTLB: size: 128, misses 90895, miss rate 0.20%
Avg mem delay: 6.099 cycles
----------------------------------------
==== Statistics for Master ID: 3 ====
Reads: 69405254   Writes: 34
ICACHE: size: 64 KB assoc: 2
ICACHE: hits:56986504 misses:23  Hit Ratio: 100.00%
DCACHE: size: 2*16 KB assoc: 2*4
DCACHE: hits:11322647 misses:1096113 writebacks:12  Hit Ratio: 91.17%
SCACHE: size: 512 KB assoc: 2
SCACHE: hits:1041908 misses:54228  Hit Ratio: 95.05%
3CACHE: size: 4096 KB assoc: 2
3CACHE: hits:40393 misses:13835  Hit Ratio: 74.49%
3CACHE: dirty items replaced:0
ITLB: size: 48, misses 4, miss rate 0.00%
DTLB: size: 128, misses 911, miss rate 0.01%
Avg mem delay: 6.099 cycles
----------------------------------------
==== Global Resource Utilization ====
STASH: size: 65536 entries, full 617949885, empty 6732, misses 527, full rate 100.00
icache bank util. 0.225 0.145 0.054 0.015 0.027 0.097 0.069 0.186 
dcache bank util. 0.039 0.047 0.049 0.044 0.056 0.069 0.085 0.048 
L2 bank util. 0.022 0.022 0.022 0.023 0.022 0.023 0.026 0.032 
L1-L2 bus util. = 0.098, L3 util. = 0.106
----------------------------------------

======================== 切片硬件状态 ========================
切片号 | 所属安全域 | 当前状态    | 路扩展 | LRU touched
------------------------------------------------------------------
  0    |   域0      | 正常运行   |  否   |  200999996
  1    |   域3      | 正常运行   |  是   |  200999984
  2    |   域3      | 正常运行   |  是   |  200999917
  3    |   域2      | 正常运行   |  否   |  200999998
==================================================================

branch prediction, hits = 37911936, misses = 1226651, hit rate = 96.87%
return_stack prediction, hits = 677976, misses = 10, hit rate = 100.00%
jump prediction, hits = 51464089, misses = 938, hit rate = 100.00%

======================== 切片硬件状态 ========================
切片号 | 所属安全域 | 当前状态    | 路扩展 | LRU touched
------------------------------------------------------------------
  0    |   域0      | 正常运行   |  否   |  202999998
  1    |   域3      | 正常运行   |  是   |  202999999
  2    |   域3      | 正常运行   |  是   |  202999957
  3    |   域2      | 正常运行   |  否   |  202999996
==================================================================

[动态重分配] 周期203000000：预约迁移 冗余域3(0%) -> 切片1 -> 饥饿域0(9%)
[切片剥夺] 周期203000000：切片1（所属域3）进入待剥夺状态，禁止新替换
[切片剥夺] 周期203000000：切片1在途请求已清空，开始执行脏行写回
[切片剥夺] 周期203000000：切片1无脏行，直接完成剥夺
[切片管理] 周期203000001：原域3仅剩1个切片，关闭路扩展模式
[动态重分配] 周期203000001：切片1写回完成，自动绑定到域0
[切片管理] 成功绑定切片1 → 安全域0，触发【路扩展模式】

======================== 切片硬件状态 ========================
切片号 | 所属安全域 | 当前状态    | 路扩展 | LRU touched
------------------------------------------------------------------
  0    |   域0      | 正常运行   |  是   |  202999998
  1    |   域0      | 正常运行   |  是   |  203000001
  2    |   域3      | 正常运行   |  否   |  202999957
  3    |   域2      | 正常运行   |  否   |  203000001
==================================================================


======================== 切片硬件状态 ========================
切片号 | 所属安全域 | 当前状态    | 路扩展 | LRU touched
------------------------------------------------------------------
  0    |   域0      | 正常运行   |  是   |  204000000
  1    |   域0      | 正常运行   |  是   |  204000000
  2    |   域3      | 正常运行   |  否   |  203999999
  3    |   域2      | 正常运行   |  否   |  204000000
==================================================================

[动态重分配] 周期204000000：预约迁移 冗余域0(0%) -> 切片0 -> 饥饿域3(22%)
[切片剥夺] 周期204000000：切片0（所属域0）进入待剥夺状态，禁止新替换
[切片剥夺] 周期204000000：切片0在途请求已清空，开始执行脏行写回
[切片剥夺] 周期204000000：切片0无脏行，直接完成剥夺
[切片管理] 周期204000001：原域0仅剩1个切片，关闭路扩展模式
[动态重分配] 周期204000001：切片0写回完成，自动绑定到域3
[切片管理] 成功绑定切片0 → 安全域3，触发【路扩展模式】

======================== 切片硬件状态 ========================
切片号 | 所属安全域 | 当前状态    | 路扩展 | LRU touched
------------------------------------------------------------------
  0    |   域3      | 正常运行   |  是   |  204000001
  1    |   域0      | 正常运行   |  否   |  204000000
  2    |   域3      | 正常运行   |  是   |  203999999
  3    |   域2      | 正常运行   |  否   |  204000000
==================================================================


======================== 切片硬件状态 ========================
切片号 | 所属安全域 | 当前状态    | 路扩展 | LRU touched
------------------------------------------------------------------
  0    |   域3      | 正常运行   |  是   |  212999977
  1    |   域0      | 正常运行   |  否   |  212999999
  2    |   域3      | 正常运行   |  是   |  212999988
  3    |   域2      | 正常运行   |  否   |  213000000
==================================================================

[动态重分配] 周期213000000：预约迁移 冗余域3(0%) -> 切片2 -> 饥饿域0(9%)
[切片剥夺] 周期213000000：切片2（所属域3）进入待剥夺状态，禁止新替换
[切片剥夺] 周期213000000：切片2在途请求已清空，开始执行脏行写回
[切片剥夺] 周期213000000：切片2无脏行，直接完成剥夺
[切片管理] 周期213000001：原域3仅剩1个切片，关闭路扩展模式
[动态重分配] 周期213000001：切片2写回完成，自动绑定到域0
[切片管理] 成功绑定切片2 → 安全域0，触发【路扩展模式】

======================== 切片硬件状态 ========================
切片号 | 所属安全域 | 当前状态    | 路扩展 | LRU touched
------------------------------------------------------------------
  0    |   域3      | 正常运行   |  否   |  212999977
  1    |   域0      | 正常运行   |  是   |  212999999
  2    |   域0      | 正常运行   |  是   |  213000001
  3    |   域2      | 正常运行   |  否   |  213000000
==================================================================


======================== 切片硬件状态 ========================
切片号 | 所属安全域 | 当前状态    | 路扩展 | LRU touched
------------------------------------------------------------------
  0    |   域3      | 正常运行   |  否   |  213999992
  1    |   域0      | 正常运行   |  是   |  213999993
  2    |   域0      | 正常运行   |  是   |  213999930
  3    |   域2      | 正常运行   |  否   |  213999997
==================================================================

[动态重分配] 周期214000000：预约迁移 冗余域0(0%) -> 切片1 -> 饥饿域3(22%)
[切片剥夺] 周期214000000：切片1（所属域0）进入待剥夺状态，禁止新替换
[切片剥夺] 周期214000000：切片1在途请求已清空，开始执行脏行写回
[切片剥夺] 周期214000000：切片1无脏行，直接完成剥夺
[切片管理] 周期214000001：原域0仅剩1个切片，关闭路扩展模式
[动态重分配] 周期214000001：切片1写回完成，自动绑定到域3
[切片管理] 成功绑定切片1 → 安全域3，触发【路扩展模式】

======================== 切片硬件状态 ========================
切片号 | 所属安全域 | 当前状态    | 路扩展 | LRU touched
------------------------------------------------------------------
  0    |   域3      | 正常运行   |  是   |  213999992
  1    |   域3      | 正常运行   |  是   |  214000001
  2    |   域0      | 正常运行   |  否   |  213999930
  3    |   域2      | 正常运行   |  否   |  213999997
==================================================================


======================== 切片硬件状态 ========================
切片号 | 所属安全域 | 当前状态    | 路扩展 | LRU touched
------------------------------------------------------------------
  0    |   域3      | 正常运行   |  是   |  214999993
  1    |   域3      | 正常运行   |  是   |  214999939
  2    |   域0      | 正常运行   |  否   |  214999997
  3    |   域2      | 正常运行   |  否   |  215000000
==================================================================

[动态重分配] 周期215000000：预约迁移 冗余域3(0%) -> 切片0 -> 饥饿域0(9%)
[切片剥夺] 周期215000000：切片0（所属域3）进入待剥夺状态，禁止新替换
[切片剥夺] 周期215000000：切片0在途请求已清空，开始执行脏行写回
[切片剥夺] 周期215000000：切片0无脏行，直接完成剥夺
[切片管理] 周期215000001：原域3仅剩1个切片，关闭路扩展模式
[动态重分配] 周期215000001：切片0写回完成，自动绑定到域0
[切片管理] 成功绑定切片0 → 安全域0，触发【路扩展模式】

======================== 切片硬件状态 ========================
切片号 | 所属安全域 | 当前状态    | 路扩展 | LRU touched
------------------------------------------------------------------
  0    |   域0      | 正常运行   |  是   |  215000001
  1    |   域3      | 正常运行   |  否   |  215000001
  2    |   域0      | 正常运行   |  是   |  214999997
  3    |   域2      | 正常运行   |  否   |  215000001
==================================================================


======================== 切片硬件状态 ========================
切片号 | 所属安全域 | 当前状态    | 路扩展 | LRU touched
------------------------------------------------------------------
  0    |   域0      | 正常运行   |  是   |  218999841
  1    |   域3      | 正常运行   |  否   |  218999996
  2    |   域0      | 正常运行   |  是   |  218999990
  3    |   域2      | 正常运行   |  否   |  219000000
==================================================================

[动态重分配] 周期219000000：预约迁移 冗余域0(0%) -> 切片2 -> 饥饿域3(21%)
[切片剥夺] 周期219000000：切片2（所属域0）进入待剥夺状态，禁止新替换
[切片剥夺] 周期219000000：切片2在途请求已清空，开始执行脏行写回
[切片剥夺] 周期219000000：切片2无脏行，直接完成剥夺
[切片管理] 周期219000001：原域0仅剩1个切片，关闭路扩展模式
[动态重分配] 周期219000001：切片2写回完成，自动绑定到域3
[切片管理] 成功绑定切片2 → 安全域3，触发【路扩展模式】

======================== 切片硬件状态 ========================
切片号 | 所属安全域 | 当前状态    | 路扩展 | LRU touched
------------------------------------------------------------------
  0    |   域0      | 正常运行   |  否   |  218999841
  1    |   域3      | 正常运行   |  是   |  218999996
  2    |   域3      | 正常运行   |  是   |  219000001
  3    |   域2      | 正常运行   |  否   |  219000001
==================================================================


======================== 切片硬件状态 ========================
切片号 | 所属安全域 | 当前状态    | 路扩展 | LRU touched
------------------------------------------------------------------
  0    |   域0      | 正常运行   |  否   |  222999995
  1    |   域3      | 正常运行   |  是   |  223000000
  2    |   域3      | 正常运行   |  是   |  222999967
  3    |   域2      | 正常运行   |  否   |  223000000
==================================================================

[动态重分配] 周期223000000：预约迁移 冗余域3(0%) -> 切片1 -> 饥饿域0(9%)
[切片剥夺] 周期223000000：切片1（所属域3）进入待剥夺状态，禁止新替换
[切片剥夺] 周期223000000：切片1在途请求已清空，开始执行脏行写回
[切片剥夺] 周期223000000：切片1无脏行，直接完成剥夺
[切片管理] 周期223000001：原域3仅剩1个切片，关闭路扩展模式
[动态重分配] 周期223000001：切片1写回完成，自动绑定到域0
[切片管理] 成功绑定切片1 → 安全域0，触发【路扩展模式】

======================== 切片硬件状态 ========================
切片号 | 所属安全域 | 当前状态    | 路扩展 | LRU touched
------------------------------------------------------------------
  0    |   域0      | 正常运行   |  是   |  222999995
  1    |   域0      | 正常运行   |  是   |  223000001
  2    |   域3      | 正常运行   |  否   |  222999967
  3    |   域2      | 正常运行   |  否   |  223000001
==================================================================


======================== 切片硬件状态 ========================
切片号 | 所属安全域 | 当前状态    | 路扩展 | LRU touched
------------------------------------------------------------------
  0    |   域0      | 正常运行   |  是   |  224000000
  1    |   域0      | 正常运行   |  是   |  223999922
  2    |   域3      | 正常运行   |  否   |  223999991
  3    |   域2      | 正常运行   |  否   |  223999997
==================================================================

[动态重分配] 周期224000000：预约迁移 冗余域0(0%) -> 切片0 -> 饥饿域3(21%)
[切片剥夺] 周期224000000：切片0（所属域0）进入待剥夺状态，禁止新替换
[切片剥夺] 周期224000000：切片0在途请求已清空，开始执行脏行写回
[切片剥夺] 周期224000000：切片0无脏行，直接完成剥夺
[切片管理] 周期224000001：原域0仅剩1个切片，关闭路扩展模式
[动态重分配] 周期224000001：切片0写回完成，自动绑定到域3
[切片管理] 成功绑定切片0 → 安全域3，触发【路扩展模式】

======================== 切片硬件状态 ========================
切片号 | 所属安全域 | 当前状态    | 路扩展 | LRU touched
------------------------------------------------------------------
  0    |   域3      | 正常运行   |  是   |  224000001
  1    |   域0      | 正常运行   |  否   |  223999922
  2    |   域3      | 正常运行   |  是   |  223999991
  3    |   域2      | 正常运行   |  否   |  224000001
==================================================================


======================== 切片硬件状态 ========================
切片号 | 所属安全域 | 当前状态    | 路扩展 | LRU touched
------------------------------------------------------------------
  0    |   域3      | 正常运行   |  是   |  232999948
  1    |   域0      | 正常运行   |  否   |  232999996
  2    |   域3      | 正常运行   |  是   |  232999991
  3    |   域2      | 正常运行   |  否   |  232999997
==================================================================

[动态重分配] 周期233000000：预约迁移 冗余域3(0%) -> 切片2 -> 饥饿域0(9%)
[切片剥夺] 周期233000000：切片2（所属域3）进入待剥夺状态，禁止新替换
[切片剥夺] 周期233000000：切片2在途请求已清空，开始执行脏行写回
[切片剥夺] 周期233000000：切片2无脏行，直接完成剥夺
[切片管理] 周期233000001：原域3仅剩1个切片，关闭路扩展模式
[动态重分配] 周期233000001：切片2写回完成，自动绑定到域0
[切片管理] 成功绑定切片2 → 安全域0，触发【路扩展模式】

======================== 切片硬件状态 ========================
切片号 | 所属安全域 | 当前状态    | 路扩展 | LRU touched
------------------------------------------------------------------
  0    |   域3      | 正常运行   |  否   |  233000001
  1    |   域0      | 正常运行   |  是   |  232999996
  2    |   域0      | 正常运行   |  是   |  233000001
  3    |   域2      | 正常运行   |  否   |  232999997
==================================================================


======================== 切片硬件状态 ========================
切片号 | 所属安全域 | 当前状态    | 路扩展 | LRU touched
------------------------------------------------------------------
  0    |   域3      | 正常运行   |  否   |  233999989
  1    |   域0      | 正常运行   |  是   |  233999994
  2    |   域0      | 正常运行   |  是   |  233999938
  3    |   域2      | 正常运行   |  否   |  233999998
==================================================================

[动态重分配] 周期234000000：预约迁移 冗余域0(0%) -> 切片1 -> 饥饿域3(22%)
[切片剥夺] 周期234000000：切片1（所属域0）进入待剥夺状态，禁止新替换
[切片剥夺] 周期234000000：切片1在途请求已清空，开始执行脏行写回
[切片剥夺] 周期234000000：切片1无脏行，直接完成剥夺
[切片管理] 周期234000001：原域0仅剩1个切片，关闭路扩展模式
[动态重分配] 周期234000001：切片1写回完成，自动绑定到域3
[切片管理] 成功绑定切片1 → 安全域3，触发【路扩展模式】

======================== 切片硬件状态 ========================
切片号 | 所属安全域 | 当前状态    | 路扩展 | LRU touched
------------------------------------------------------------------
  0    |   域3      | 正常运行   |  是   |  233999989
  1    |   域3      | 正常运行   |  是   |  234000001
  2    |   域0      | 正常运行   |  否   |  233999938
  3    |   域2      | 正常运行   |  否   |  234000001
==================================================================


======================== 切片硬件状态 ========================
切片号 | 所属安全域 | 当前状态    | 路扩展 | LRU touched
------------------------------------------------------------------
  0    |   域3      | 正常运行   |  是   |  238999991
  1    |   域3      | 正常运行   |  是   |  238999939
  2    |   域0      | 正常运行   |  否   |  238999999
  3    |   域2      | 正常运行   |  否   |  239000000
==================================================================

[动态重分配] 周期239000000：预约迁移 冗余域3(0%) -> 切片0 -> 饥饿域0(9%)
[切片剥夺] 周期239000000：切片0（所属域3）进入待剥夺状态，禁止新替换
[切片剥夺] 周期239000000：切片0在途请求已清空，开始执行脏行写回
[切片剥夺] 周期239000000：切片0无脏行，直接完成剥夺
[切片管理] 周期239000001：原域3仅剩1个切片，关闭路扩展模式
[动态重分配] 周期239000001：切片0写回完成，自动绑定到域0
[切片管理] 成功绑定切片0 → 安全域0，触发【路扩展模式】

======================== 切片硬件状态 ========================
切片号 | 所属安全域 | 当前状态    | 路扩展 | LRU touched
------------------------------------------------------------------
  0    |   域0      | 正常运行   |  是   |  239000001
  1    |   域3      | 正常运行   |  否   |  238999939
  2    |   域0      | 正常运行   |  是   |  238999999
  3    |   域2      | 正常运行   |  否   |  239000001
==================================================================


======================== 切片硬件状态 ========================
切片号 | 所属安全域 | 当前状态    | 路扩展 | LRU touched
------------------------------------------------------------------
  0    |   域0      | 正常运行   |  是   |  239999617
  1    |   域3      | 正常运行   |  否   |  239999999
  2    |   域0      | 正常运行   |  是   |  239999993
  3    |   域2      | 正常运行   |  否   |  239999998
==================================================================

[动态重分配] 周期240000000：预约迁移 冗余域0(0%) -> 切片2 -> 饥饿域3(22%)
[切片剥夺] 周期240000000：切片2（所属域0）进入待剥夺状态，禁止新替换
[切片剥夺] 周期240000000：切片2在途请求已清空，开始执行脏行写回
[切片剥夺] 周期240000000：切片2无脏行，直接完成剥夺
[切片管理] 周期240000001：原域0仅剩1个切片，关闭路扩展模式
[动态重分配] 周期240000001：切片2写回完成，自动绑定到域3
[切片管理] 成功绑定切片2 → 安全域3，触发【路扩展模式】

======================== 切片硬件状态 ========================
切片号 | 所属安全域 | 当前状态    | 路扩展 | LRU touched
------------------------------------------------------------------
  0    |   域0      | 正常运行   |  否   |  239999617
  1    |   域3      | 正常运行   |  是   |  239999999
  2    |   域3      | 正常运行   |  是   |  240000001
  3    |   域2      | 正常运行   |  否   |  240000001
==================================================================


======================== 切片硬件状态 ========================
切片号 | 所属安全域 | 当前状态    | 路扩展 | LRU touched
------------------------------------------------------------------
  0    |   域0      | 正常运行   |  否   |  240999982
  1    |   域3      | 正常运行   |  是   |  240999987
  2    |   域3      | 正常运行   |  是   |  240999997
  3    |   域2      | 正常运行   |  否   |  240999997
==================================================================

[动态重分配] 周期241000000：预约迁移 冗余域3(0%) -> 切片1 -> 饥饿域0(9%)
[切片剥夺] 周期241000000：切片1（所属域3）进入待剥夺状态，禁止新替换
[切片剥夺] 周期241000000：切片1在途请求已清空，开始执行脏行写回
[切片剥夺] 周期241000000：切片1无脏行，直接完成剥夺
[切片管理] 周期241000001：原域3仅剩1个切片，关闭路扩展模式
[动态重分配] 周期241000001：切片1写回完成，自动绑定到域0
[切片管理] 成功绑定切片1 → 安全域0，触发【路扩展模式】

======================== 切片硬件状态 ========================
切片号 | 所属安全域 | 当前状态    | 路扩展 | LRU touched
------------------------------------------------------------------
  0    |   域0      | 正常运行   |  是   |  241000001
  1    |   域0      | 正常运行   |  是   |  241000001
  2    |   域3      | 正常运行   |  否   |  240999997
  3    |   域2      | 正常运行   |  否   |  241000001
==================================================================


======================== 切片硬件状态 ========================
切片号 | 所属安全域 | 当前状态    | 路扩展 | LRU touched
------------------------------------------------------------------
  0    |   域0      | 正常运行   |  是   |  244999993
  1    |   域0      | 正常运行   |  是   |  244999963
  2    |   域3      | 正常运行   |  否   |  244999994
  3    |   域2      | 正常运行   |  否   |  245000000
==================================================================

[动态重分配] 周期245000000：预约迁移 冗余域0(0%) -> 切片0 -> 饥饿域3(22%)
[切片剥夺] 周期245000000：切片0（所属域0）进入待剥夺状态，禁止新替换
[切片剥夺] 周期245000000：切片0在途请求已清空，开始执行脏行写回
[切片剥夺] 周期245000000：切片0无脏行，直接完成剥夺
[切片管理] 周期245000001：原域0仅剩1个切片，关闭路扩展模式
[动态重分配] 周期245000001：切片0写回完成，自动绑定到域3
[切片管理] 成功绑定切片0 → 安全域3，触发【路扩展模式】

======================== 切片硬件状态 ========================
切片号 | 所属安全域 | 当前状态    | 路扩展 | LRU touched
------------------------------------------------------------------
  0    |   域3      | 正常运行   |  是   |  245000001
  1    |   域0      | 正常运行   |  否   |  244999963
  2    |   域3      | 正常运行   |  是   |  244999994
  3    |   域2      | 正常运行   |  否   |  245000000
==================================================================


======================== 切片硬件状态 ========================
切片号 | 所属安全域 | 当前状态    | 路扩展 | LRU touched
------------------------------------------------------------------
  0    |   域3      | 正常运行   |  是   |  253999947
  1    |   域0      | 正常运行   |  否   |  253999998
  2    |   域3      | 正常运行   |  是   |  254000000
  3    |   域2      | 正常运行   |  否   |  253999999
==================================================================

[动态重分配] 周期254000000：预约迁移 冗余域3(0%) -> 切片2 -> 饥饿域0(9%)
[切片剥夺] 周期254000000：切片2（所属域3）进入待剥夺状态，禁止新替换
[切片剥夺] 周期254000000：切片2在途请求已清空，开始执行脏行写回
[切片剥夺] 周期254000000：切片2无脏行，直接完成剥夺
[切片管理] 周期254000001：原域3仅剩1个切片，关闭路扩展模式
[动态重分配] 周期254000001：切片2写回完成，自动绑定到域0
[切片管理] 成功绑定切片2 → 安全域0，触发【路扩展模式】

======================== 切片硬件状态 ========================
切片号 | 所属安全域 | 当前状态    | 路扩展 | LRU touched
------------------------------------------------------------------
  0    |   域3      | 正常运行   |  否   |  253999947
  1    |   域0      | 正常运行   |  是   |  253999998
  2    |   域0      | 正常运行   |  是   |  254000001
  3    |   域2      | 正常运行   |  否   |  254000001
==================================================================


======================== 切片硬件状态 ========================
切片号 | 所属安全域 | 当前状态    | 路扩展 | LRU touched
------------------------------------------------------------------
  0    |   域3      | 正常运行   |  否   |  254999995
  1    |   域0      | 正常运行   |  是   |  254999975
  2    |   域0      | 正常运行   |  是   |  254999999
  3    |   域2      | 正常运行   |  否   |  255000000
==================================================================

[动态重分配] 周期255000000：预约迁移 冗余域0(0%) -> 切片1 -> 饥饿域3(21%)
[切片剥夺] 周期255000000：切片1（所属域0）进入待剥夺状态，禁止新替换
[切片剥夺] 周期255000000：切片1在途请求已清空，开始执行脏行写回
[切片剥夺] 周期255000000：切片1无脏行，直接完成剥夺
[切片管理] 周期255000001：原域0仅剩1个切片，关闭路扩展模式
[动态重分配] 周期255000001：切片1写回完成，自动绑定到域3
[切片管理] 成功绑定切片1 → 安全域3，触发【路扩展模式】

======================== 切片硬件状态 ========================
切片号 | 所属安全域 | 当前状态    | 路扩展 | LRU touched
------------------------------------------------------------------
  0    |   域3      | 正常运行   |  是   |  254999995
  1    |   域3      | 正常运行   |  是   |  255000001
  2    |   域0      | 正常运行   |  否   |  255000001
  3    |   域2      | 正常运行   |  否   |  255000001
==================================================================


======================== 切片硬件状态 ========================
切片号 | 所属安全域 | 当前状态    | 路扩展 | LRU touched
------------------------------------------------------------------
  0    |   域3      | 正常运行   |  是   |  255999998
  1    |   域3      | 正常运行   |  是   |  255999968
  2    |   域0      | 正常运行   |  否   |  255999982
  3    |   域2      | 正常运行   |  否   |  255999997
==================================================================

[动态重分配] 周期256000000：预约迁移 冗余域3(0%) -> 切片0 -> 饥饿域0(9%)
[切片剥夺] 周期256000000：切片0（所属域3）进入待剥夺状态，禁止新替换
[切片剥夺] 周期256000000：切片0在途请求已清空，开始执行脏行写回
[切片剥夺] 周期256000000：切片0无脏行，直接完成剥夺
[切片管理] 周期256000001：原域3仅剩1个切片，关闭路扩展模式
[动态重分配] 周期256000001：切片0写回完成，自动绑定到域0
[切片管理] 成功绑定切片0 → 安全域0，触发【路扩展模式】

======================== 切片硬件状态 ========================
切片号 | 所属安全域 | 当前状态    | 路扩展 | LRU touched
------------------------------------------------------------------
  0    |   域0      | 正常运行   |  是   |  256000001
  1    |   域3      | 正常运行   |  否   |  255999968
  2    |   域0      | 正常运行   |  是   |  255999982
  3    |   域2      | 正常运行   |  否   |  256000001
==================================================================


======================== 切片硬件状态 ========================
切片号 | 所属安全域 | 当前状态    | 路扩展 | LRU touched
------------------------------------------------------------------
  0    |   域0      | 正常运行   |  是   |  259999947
  1    |   域3      | 正常运行   |  否   |  259999998
  2    |   域0      | 正常运行   |  是   |  259999986
  3    |   域2      | 正常运行   |  否   |  260000000
==================================================================

[动态重分配] 周期260000000：预约迁移 冗余域0(0%) -> 切片2 -> 饥饿域3(22%)
[切片剥夺] 周期260000000：切片2（所属域0）进入待剥夺状态，禁止新替换
[切片剥夺] 周期260000000：切片2在途请求已清空，开始执行脏行写回
[切片剥夺] 周期260000000：切片2无脏行，直接完成剥夺
[切片管理] 周期260000001：原域0仅剩1个切片，关闭路扩展模式
[动态重分配] 周期260000001：切片2写回完成，自动绑定到域3
[切片管理] 成功绑定切片2 → 安全域3，触发【路扩展模式】

======================== 切片硬件状态 ========================
切片号 | 所属安全域 | 当前状态    | 路扩展 | LRU touched
------------------------------------------------------------------
  0    |   域0      | 正常运行   |  否   |  259999947
  1    |   域3      | 正常运行   |  是   |  259999998
  2    |   域3      | 正常运行   |  是   |  260000001
  3    |   域2      | 正常运行   |  否   |  260000000
==================================================================


======================== 切片硬件状态 ========================
切片号 | 所属安全域 | 当前状态    | 路扩展 | LRU touched
------------------------------------------------------------------
  0    |   域0      | 正常运行   |  否   |  262999978
  1    |   域3      | 正常运行   |  是   |  262999994
  2    |   域3      | 正常运行   |  是   |  262999986
  3    |   域2      | 正常运行   |  否   |  262999999
==================================================================

[动态重分配] 周期263000000：预约迁移 冗余域3(0%) -> 切片1 -> 饥饿域0(9%)
[切片剥夺] 周期263000000：切片1（所属域3）进入待剥夺状态，禁止新替换
[切片剥夺] 周期263000000：切片1在途请求已清空，开始执行脏行写回
[切片剥夺] 周期263000000：切片1无脏行，直接完成剥夺
[切片管理] 周期263000001：原域3仅剩1个切片，关闭路扩展模式
[动态重分配] 周期263000001：切片1写回完成，自动绑定到域0
[切片管理] 成功绑定切片1 → 安全域0，触发【路扩展模式】

======================== 切片硬件状态 ========================
切片号 | 所属安全域 | 当前状态    | 路扩展 | LRU touched
------------------------------------------------------------------
  0    |   域0      | 正常运行   |  是   |  262999978
  1    |   域0      | 正常运行   |  是   |  263000001
  2    |   域3      | 正常运行   |  否   |  262999986
  3    |   域2      | 正常运行   |  否   |  263000001
==================================================================


======================== 切片硬件状态 ========================
切片号 | 所属安全域 | 当前状态    | 路扩展 | LRU touched
------------------------------------------------------------------
  0    |   域0      | 正常运行   |  是   |  263999987
  1    |   域0      | 正常运行   |  是   |  263999926
  2    |   域3      | 正常运行   |  否   |  264000000
  3    |   域2      | 正常运行   |  否   |  264000000
==================================================================

[动态重分配] 周期264000000：预约迁移 冗余域0(0%) -> 切片0 -> 饥饿域3(21%)
[切片剥夺] 周期264000000：切片0（所属域0）进入待剥夺状态，禁止新替换
[切片剥夺] 周期264000000：切片0在途请求已清空，开始执行脏行写回
[切片剥夺] 周期264000000：切片0无脏行，直接完成剥夺
[切片管理] 周期264000001：原域0仅剩1个切片，关闭路扩展模式
[动态重分配] 周期264000001：切片0写回完成，自动绑定到域3
[切片管理] 成功绑定切片0 → 安全域3，触发【路扩展模式】

======================== 切片硬件状态 ========================
切片号 | 所属安全域 | 当前状态    | 路扩展 | LRU touched
------------------------------------------------------------------
  0    |   域3      | 正常运行   |  是   |  264000001
  1    |   域0      | 正常运行   |  否   |  263999926
  2    |   域3      | 正常运行   |  是   |  264000000
  3    |   域2      | 正常运行   |  否   |  264000001
==================================================================


======================== 切片硬件状态 ========================
切片号 | 所属安全域 | 当前状态    | 路扩展 | LRU touched
------------------------------------------------------------------
  0    |   域3      | 正常运行   |  是   |  265999992
  1    |   域0      | 正常运行   |  否   |  266000000
  2    |   域3      | 正常运行   |  是   |  265999981
  3    |   域2      | 正常运行   |  否   |  266000000
==================================================================

[动态重分配] 周期266000000：预约迁移 冗余域3(0%) -> 切片2 -> 饥饿域0(9%)
[切片剥夺] 周期266000000：切片2（所属域3）进入待剥夺状态，禁止新替换
[切片剥夺] 周期266000000：切片2在途请求已清空，开始执行脏行写回
[切片剥夺] 周期266000000：切片2无脏行，直接完成剥夺
[切片管理] 周期266000001：原域3仅剩1个切片，关闭路扩展模式
[动态重分配] 周期266000001：切片2写回完成，自动绑定到域0
[切片管理] 成功绑定切片2 → 安全域0，触发【路扩展模式】

======================== 切片硬件状态 ========================
切片号 | 所属安全域 | 当前状态    | 路扩展 | LRU touched
------------------------------------------------------------------
  0    |   域3      | 正常运行   |  否   |  265999992
  1    |   域0      | 正常运行   |  是   |  266000000
  2    |   域0      | 正常运行   |  是   |  266000001
  3    |   域2      | 正常运行   |  否   |  266000001
==================================================================


======================== 切片硬件状态 ========================
切片号 | 所属安全域 | 当前状态    | 路扩展 | LRU touched
------------------------------------------------------------------
  0    |   域3      | 正常运行   |  否   |  268999996
  1    |   域0      | 正常运行   |  是   |  268999996
  2    |   域0      | 正常运行   |  是   |  268999943
  3    |   域2      | 正常运行   |  否   |  268999999
==================================================================

[动态重分配] 周期269000000：预约迁移 冗余域0(0%) -> 切片1 -> 饥饿域3(22%)
[切片剥夺] 周期269000000：切片1（所属域0）进入待剥夺状态，禁止新替换
[切片剥夺] 周期269000000：切片1在途请求已清空，开始执行脏行写回
[切片剥夺] 周期269000000：切片1无脏行，直接完成剥夺
[切片管理] 周期269000001：原域0仅剩1个切片，关闭路扩展模式
[动态重分配] 周期269000001：切片1写回完成，自动绑定到域3
[切片管理] 成功绑定切片1 → 安全域3，触发【路扩展模式】

======================== 切片硬件状态 ========================
切片号 | 所属安全域 | 当前状态    | 路扩展 | LRU touched
------------------------------------------------------------------
  0    |   域3      | 正常运行   |  是   |  268999996
  1    |   域3      | 正常运行   |  是   |  269000001
  2    |   域0      | 正常运行   |  否   |  268999943
  3    |   域2      | 正常运行   |  否   |  269000001
==================================================================


======================== 切片硬件状态 ========================
切片号 | 所属安全域 | 当前状态    | 路扩展 | LRU touched
------------------------------------------------------------------
  0    |   域3      | 正常运行   |  是   |  276999992
  1    |   域3      | 正常运行   |  是   |  276999987
  2    |   域0      | 正常运行   |  否   |  276999997
  3    |   域2      | 正常运行   |  否   |  277000000
==================================================================

[动态重分配] 周期277000000：预约迁移 冗余域3(0%) -> 切片0 -> 饥饿域0(9%)
[切片剥夺] 周期277000000：切片0（所属域3）进入待剥夺状态，禁止新替换
[切片剥夺] 周期277000000：切片0在途请求已清空，开始执行脏行写回
[切片剥夺] 周期277000000：切片0无脏行，直接完成剥夺
[切片管理] 周期277000001：原域3仅剩1个切片，关闭路扩展模式
[动态重分配] 周期277000001：切片0写回完成，自动绑定到域0
[切片管理] 成功绑定切片0 → 安全域0，触发【路扩展模式】

======================== 切片硬件状态 ========================
切片号 | 所属安全域 | 当前状态    | 路扩展 | LRU touched
------------------------------------------------------------------
  0    |   域0      | 正常运行   |  是   |  277000001
  1    |   域3      | 正常运行   |  否   |  276999987
  2    |   域0      | 正常运行   |  是   |  276999997
  3    |   域2      | 正常运行   |  否   |  277000001
==================================================================


======================== 切片硬件状态 ========================
切片号 | 所属安全域 | 当前状态    | 路扩展 | LRU touched
------------------------------------------------------------------
  0    |   域0      | 正常运行   |  是   |  277999484
  1    |   域3      | 正常运行   |  否   |  277999996
  2    |   域0      | 正常运行   |  是   |  277999986
  3    |   域2      | 正常运行   |  否   |  278000000
==================================================================

[动态重分配] 周期278000000：预约迁移 冗余域0(0%) -> 切片2 -> 饥饿域3(22%)
[切片剥夺] 周期278000000：切片2（所属域0）进入待剥夺状态，禁止新替换
[切片剥夺] 周期278000000：切片2在途请求已清空，开始执行脏行写回
[切片剥夺] 周期278000000：切片2无脏行，直接完成剥夺
[切片管理] 周期278000001：原域0仅剩1个切片，关闭路扩展模式
[动态重分配] 周期278000001：切片2写回完成，自动绑定到域3
[切片管理] 成功绑定切片2 → 安全域3，触发【路扩展模式】

======================== 切片硬件状态 ========================
切片号 | 所属安全域 | 当前状态    | 路扩展 | LRU touched
------------------------------------------------------------------
  0    |   域0      | 正常运行   |  否   |  277999484
  1    |   域3      | 正常运行   |  是   |  277999996
  2    |   域3      | 正常运行   |  是   |  278000001
  3    |   域2      | 正常运行   |  否   |  278000001
==================================================================


======================== 切片硬件状态 ========================
切片号 | 所属安全域 | 当前状态    | 路扩展 | LRU touched
------------------------------------------------------------------
  0    |   域0      | 正常运行   |  否   |  286999998
  1    |   域3      | 正常运行   |  是   |  286999990
  2    |   域3      | 正常运行   |  是   |  286999981
  3    |   域2      | 正常运行   |  否   |  287000000
==================================================================

[动态重分配] 周期287000000：预约迁移 冗余域3(0%) -> 切片1 -> 饥饿域0(9%)
[切片剥夺] 周期287000000：切片1（所属域3）进入待剥夺状态，禁止新替换
[切片剥夺] 周期287000000：切片1在途请求已清空，开始执行脏行写回
[切片剥夺] 周期287000000：切片1无脏行，直接完成剥夺
[切片管理] 周期287000001：原域3仅剩1个切片，关闭路扩展模式
[动态重分配] 周期287000001：切片1写回完成，自动绑定到域0
[切片管理] 成功绑定切片1 → 安全域0，触发【路扩展模式】

======================== 切片硬件状态 ========================
切片号 | 所属安全域 | 当前状态    | 路扩展 | LRU touched
------------------------------------------------------------------
  0    |   域0      | 正常运行   |  是   |  286999998
  1    |   域0      | 正常运行   |  是   |  287000001
  2    |   域3      | 正常运行   |  否   |  286999981
  3    |   域2      | 正常运行   |  否   |  287000000
==================================================================


======================== 切片硬件状态 ========================
切片号 | 所属安全域 | 当前状态    | 路扩展 | LRU touched
------------------------------------------------------------------
  0    |   域0      | 正常运行   |  是   |  287999992
  1    |   域0      | 正常运行   |  是   |  287999840
  2    |   域3      | 正常运行   |  否   |  287999997
  3    |   域2      | 正常运行   |  否   |  288000000
==================================================================

[动态重分配] 周期288000000：预约迁移 冗余域0(0%) -> 切片0 -> 饥饿域3(22%)
[切片剥夺] 周期288000000：切片0（所属域0）进入待剥夺状态，禁止新替换
[切片剥夺] 周期288000000：切片0在途请求已清空，开始执行脏行写回
[切片剥夺] 周期288000000：切片0无脏行，直接完成剥夺
[切片管理] 周期288000001：原域0仅剩1个切片，关闭路扩展模式
[动态重分配] 周期288000001：切片0写回完成，自动绑定到域3
[切片管理] 成功绑定切片0 → 安全域3，触发【路扩展模式】

======================== 切片硬件状态 ========================
切片号 | 所属安全域 | 当前状态    | 路扩展 | LRU touched
------------------------------------------------------------------
  0    |   域3      | 正常运行   |  是   |  288000001
  1    |   域0      | 正常运行   |  否   |  287999840
  2    |   域3      | 正常运行   |  是   |  287999997
  3    |   域2      | 正常运行   |  否   |  288000000
==================================================================


======================== 切片硬件状态 ========================
切片号 | 所属安全域 | 当前状态    | 路扩展 | LRU touched
------------------------------------------------------------------
  0    |   域3      | 正常运行   |  是   |  296999963
  1    |   域0      | 正常运行   |  否   |  296999979
  2    |   域3      | 正常运行   |  是   |  296999990
  3    |   域2      | 正常运行   |  否   |  296999997
==================================================================

[动态重分配] 周期297000000：预约迁移 冗余域3(0%) -> 切片2 -> 饥饿域0(9%)
[切片剥夺] 周期297000000：切片2（所属域3）进入待剥夺状态，禁止新替换
[切片剥夺] 周期297000000：切片2在途请求已清空，开始执行脏行写回
[切片剥夺] 周期297000000：切片2无脏行，直接完成剥夺
[切片管理] 周期297000001：原域3仅剩1个切片，关闭路扩展模式
[动态重分配] 周期297000001：切片2写回完成，自动绑定到域0
[切片管理] 成功绑定切片2 → 安全域0，触发【路扩展模式】

======================== 切片硬件状态 ========================
切片号 | 所属安全域 | 当前状态    | 路扩展 | LRU touched
------------------------------------------------------------------
  0    |   域3      | 正常运行   |  否   |  296999963
  1    |   域0      | 正常运行   |  是   |  296999979
  2    |   域0      | 正常运行   |  是   |  297000001
  3    |   域2      | 正常运行   |  否   |  296999997
==================================================================


======================== 切片硬件状态 ========================
切片号 | 所属安全域 | 当前状态    | 路扩展 | LRU touched
------------------------------------------------------------------
  0    |   域3      | 正常运行   |  否   |  297999999
  1    |   域0      | 正常运行   |  是   |  298000000
  2    |   域0      | 正常运行   |  是   |  297999938
  3    |   域2      | 正常运行   |  否   |  298000000
==================================================================

[动态重分配] 周期298000000：预约迁移 冗余域0(0%) -> 切片1 -> 饥饿域3(22%)
[切片剥夺] 周期298000000：切片1（所属域0）进入待剥夺状态，禁止新替换
[切片剥夺] 周期298000000：切片1在途请求已清空，开始执行脏行写回
[切片剥夺] 周期298000000：切片1无脏行，直接完成剥夺
[切片管理] 周期298000001：原域0仅剩1个切片，关闭路扩展模式
[动态重分配] 周期298000001：切片1写回完成，自动绑定到域3
[切片管理] 成功绑定切片1 → 安全域3，触发【路扩展模式】

======================== 切片硬件状态 ========================
切片号 | 所属安全域 | 当前状态    | 路扩展 | LRU touched
------------------------------------------------------------------
  0    |   域3      | 正常运行   |  是   |  297999999
  1    |   域3      | 正常运行   |  是   |  298000001
  2    |   域0      | 正常运行   |  否   |  297999938
  3    |   域2      | 正常运行   |  否   |  298000001
==================================================================


**** Debug Statistics at 301000000 Cycles *****
Threads: 4		Fetch Width: 8
No of useful instructions fetched:	1071883554 (44.51% proc util.)
No of total instructions fetched:	1134392764 (47.11% proc util.)
 includes 5617 misfetch (0.0%), 62503593 (5.5%) wrong-path fetches
 and 0 flushed after failed lock(0.0%)
No of useful instructions issued/executed:	1071883519 (44.51% proc util.)
No of total instructions issued/executed:	1095086421 (45.48% proc util.)
 includes 23202902 wrong-path (2.1%) insts and 0 flushed (0.0%)
	fp 36, 0.00%
	synch 0, 0.00%
	integer 957624113, 87.45%
	load/store 137462272, 12.55%
Avg size of int IQ (before scheduling): 29.68
Avg size of fp IQ (before scheduling): 0.00
No of cycles taken:		301000000
Parallelism [ 1.226, 0.000, 1.129, 1.206,] = 3.561
 IQ conflicts: 187567 (0.06%), FQ conflicts: 0 (0.00%) 
 I reg conflicts: 141731873 (47.09%), FP reg conflicts: 0 (0.00%)
  Activelist confs: 0 (0.00%), ROB confs: 0 (0.00%)
  Int unit conflicts: 301357293 (100.12%), FP unit conflicts: 0 (0.00%)
  Load/store unit conflicts: 1501300 (0.50%)
  MSHR conflicts: 7286237 (2.42%)
----------------------------------------
==== System-wide Cache Statistics ====
Stall for miss queue full 3434 cycles (0.00%)
----------------------------------------
==== Statistics for Master ID: 0 ====
Reads: 123167818   Writes: 5127
ICACHE: size: 64 KB assoc: 2
ICACHE: hits:104030188 misses:10  Hit Ratio: 100.00%
DCACHE: size: 1*16 KB assoc: 1*4
DCACHE: hits:17580278 misses:1562469 writebacks:323  Hit Ratio: 91.84%
SCACHE: size: 512 KB assoc: 2
SCACHE: hits:1554245 misses:8234  Hit Ratio: 99.47%
3CACHE: size: 4096 KB assoc: 2
3CACHE: hits:4170 misses:4064  Hit Ratio: 50.64%
3CACHE: dirty items replaced:0
ITLB: size: 48, misses 1, miss rate 0.00%
DTLB: size: 128, misses 99, miss rate 0.00%
Avg mem delay: 3.285 cycles
----------------------------------------
==== Statistics for Master ID: 2 ====
Reads: 174267624   Writes: 28878501
ICACHE: size: 64 KB assoc: 2
ICACHE: hits:106461040 misses:516  Hit Ratio: 100.00%
DCACHE: size: 1*16 KB assoc: 1*4
DCACHE: hits:92487909 misses:4200925 writebacks:1987330  Hit Ratio: 95.66%
SCACHE: size: 512 KB assoc: 2
SCACHE: hits:2019467 misses:2177709  Hit Ratio: 48.11%
3CACHE: size: 4096 KB assoc: 2
3CACHE: hits:32165 misses:2145544  Hit Ratio: 1.48%
3CACHE: dirty items replaced:0
ITLB: size: 48, misses 25, miss rate 0.00%
DTLB: size: 128, misses 91330, miss rate 0.09%
Avg mem delay: 3.285 cycles
----------------------------------------
==== Statistics for Master ID: 3 ====
Reads: 125012354   Writes: 34
ICACHE: size: 64 KB assoc: 2
ICACHE: hits:103377413 misses:23  Hit Ratio: 100.00%
DCACHE: size: 2*16 KB assoc: 2*4
DCACHE: hits:19982608 misses:1652343 writebacks:12  Hit Ratio: 92.36%
SCACHE: size: 512 KB assoc: 2
SCACHE: hits:1592204 misses:60162  Hit Ratio: 96.36%
3CACHE: size: 4096 KB assoc: 2
3CACHE: hits:46312 misses:13850  Hit Ratio: 76.98%
3CACHE: dirty items replaced:0
ITLB: size: 48, misses 4, miss rate 0.00%
DTLB: size: 128, misses 911, miss rate 0.00%
Avg mem delay: 3.285 cycles
----------------------------------------
==== Global Resource Utilization ====
STASH: size: 65536 entries, full 1180247913, empty 6774, misses 529, full rate 100.00
icache bank util. 0.281 0.181 0.071 0.029 0.048 0.106 0.095 0.231 
dcache bank util. 0.046 0.058 0.065 0.055 0.081 0.079 0.110 0.057 
L2 bank util. 0.020 0.020 0.020 0.021 0.020 0.020 0.023 0.028 
L1-L2 bus util. = 0.094, L3 util. = 0.072
----------------------------------------

======================== 切片硬件状态 ========================
切片号 | 所属安全域 | 当前状态    | 路扩展 | LRU touched
------------------------------------------------------------------
  0    |   域3      | 正常运行   |  是   |  300999997
  1    |   域3      | 正常运行   |  是   |  300999978
  2    |   域0      | 正常运行   |  否   |  300999999
  3    |   域2      | 正常运行   |  否   |  300999999
==================================================================

branch prediction, hits = 66927524, misses = 2813122, hit rate = 95.97%
return_stack prediction, hits = 1901210, misses = 10, hit rate = 100.00%
jump prediction, hits = 93201852, misses = 1655, hit rate = 100.00%

======================== 切片硬件状态 ========================
切片号 | 所属安全域 | 当前状态    | 路扩展 | LRU touched
------------------------------------------------------------------
  0    |   域3      | 正常运行   |  是   |  305999997
  1    |   域3      | 正常运行   |  是   |  305999987
  2    |   域0      | 正常运行   |  否   |  305999995
  3    |   域2      | 正常运行   |  否   |  305999999
==================================================================

[动态重分配] 周期306000000：预约迁移 冗余域3(0%) -> 切片0 -> 饥饿域0(9%)
[切片剥夺] 周期306000000：切片0（所属域3）进入待剥夺状态，禁止新替换
[切片剥夺] 周期306000000：切片0在途请求已清空，开始执行脏行写回
[切片剥夺] 周期306000000：切片0无脏行，直接完成剥夺
[切片管理] 周期306000001：原域3仅剩1个切片，关闭路扩展模式
[动态重分配] 周期306000001：切片0写回完成，自动绑定到域0
[切片管理] 成功绑定切片0 → 安全域0，触发【路扩展模式】

======================== 切片硬件状态 ========================
切片号 | 所属安全域 | 当前状态    | 路扩展 | LRU touched
------------------------------------------------------------------
  0    |   域0      | 正常运行   |  是   |  306000001
  1    |   域3      | 正常运行   |  否   |  305999987
  2    |   域0      | 正常运行   |  是   |  305999995
  3    |   域2      | 正常运行   |  否   |  306000001
==================================================================


======================== 切片硬件状态 ========================
切片号 | 所属安全域 | 当前状态    | 路扩展 | LRU touched
------------------------------------------------------------------
  0    |   域0      | 正常运行   |  是   |  306999925
  1    |   域3      | 正常运行   |  否   |  306999998
  2    |   域0      | 正常运行   |  是   |  306999986
  3    |   域2      | 正常运行   |  否   |  306999997
==================================================================

[动态重分配] 周期307000000：预约迁移 冗余域0(0%) -> 切片2 -> 饥饿域3(21%)
[切片剥夺] 周期307000000：切片2（所属域0）进入待剥夺状态，禁止新替换
[切片剥夺] 周期307000000：切片2在途请求已清空，开始执行脏行写回
[切片剥夺] 周期307000000：切片2无脏行，直接完成剥夺
[切片管理] 周期307000001：原域0仅剩1个切片，关闭路扩展模式
[动态重分配] 周期307000001：切片2写回完成，自动绑定到域3
[切片管理] 成功绑定切片2 → 安全域3，触发【路扩展模式】

======================== 切片硬件状态 ========================
切片号 | 所属安全域 | 当前状态    | 路扩展 | LRU touched
------------------------------------------------------------------
  0    |   域0      | 正常运行   |  否   |  306999925
  1    |   域3      | 正常运行   |  是   |  306999998
  2    |   域3      | 正常运行   |  是   |  307000001
  3    |   域2      | 正常运行   |  否   |  306999997
==================================================================


======================== 切片硬件状态 ========================
切片号 | 所属安全域 | 当前状态    | 路扩展 | LRU touched
------------------------------------------------------------------
  0    |   域0      | 正常运行   |  否   |  314999978
  1    |   域3      | 正常运行   |  是   |  314999998
  2    |   域3      | 正常运行   |  是   |  314999955
  3    |   域2      | 正常运行   |  否   |  315000000
==================================================================

[动态重分配] 周期315000000：预约迁移 冗余域3(0%) -> 切片1 -> 饥饿域0(9%)
[切片剥夺] 周期315000000：切片1（所属域3）进入待剥夺状态，禁止新替换
[切片剥夺] 周期315000000：切片1在途请求已清空，开始执行脏行写回
[切片剥夺] 周期315000000：切片1无脏行，直接完成剥夺
[切片管理] 周期315000001：原域3仅剩1个切片，关闭路扩展模式
[动态重分配] 周期315000001：切片1写回完成，自动绑定到域0
[切片管理] 成功绑定切片1 → 安全域0，触发【路扩展模式】

======================== 切片硬件状态 ========================
切片号 | 所属安全域 | 当前状态    | 路扩展 | LRU touched
------------------------------------------------------------------
  0    |   域0      | 正常运行   |  是   |  314999978
  1    |   域0      | 正常运行   |  是   |  315000001
  2    |   域3      | 正常运行   |  否   |  314999955
  3    |   域2      | 正常运行   |  否   |  315000000
==================================================================


======================== 切片硬件状态 ========================
切片号 | 所属安全域 | 当前状态    | 路扩展 | LRU touched
------------------------------------------------------------------
  0    |   域0      | 正常运行   |  是   |  315999990
  1    |   域0      | 正常运行   |  是   |  315999736
  2    |   域3      | 正常运行   |  否   |  315999996
  3    |   域2      | 正常运行   |  否   |  316000000
==================================================================

[动态重分配] 周期316000000：预约迁移 冗余域0(0%) -> 切片0 -> 饥饿域3(21%)
[切片剥夺] 周期316000000：切片0（所属域0）进入待剥夺状态，禁止新替换
[切片剥夺] 周期316000000：切片0在途请求已清空，开始执行脏行写回
[切片剥夺] 周期316000000：切片0无脏行，直接完成剥夺
[切片管理] 周期316000001：原域0仅剩1个切片，关闭路扩展模式
[动态重分配] 周期316000001：切片0写回完成，自动绑定到域3
[切片管理] 成功绑定切片0 → 安全域3，触发【路扩展模式】

======================== 切片硬件状态 ========================
切片号 | 所属安全域 | 当前状态    | 路扩展 | LRU touched
------------------------------------------------------------------
  0    |   域3      | 正常运行   |  是   |  316000001
  1    |   域0      | 正常运行   |  否   |  315999736
  2    |   域3      | 正常运行   |  是   |  315999996
  3    |   域2      | 正常运行   |  否   |  316000000
==================================================================


======================== 切片硬件状态 ========================
切片号 | 所属安全域 | 当前状态    | 路扩展 | LRU touched
------------------------------------------------------------------
  0    |   域3      | 正常运行   |  是   |  316999998
  1    |   域0      | 正常运行   |  否   |  316999982
  2    |   域3      | 正常运行   |  是   |  316999997
  3    |   域2      | 正常运行   |  否   |  316999998
==================================================================

[动态重分配] 周期317000000：预约迁移 冗余域3(0%) -> 切片2 -> 饥饿域0(9%)
[切片剥夺] 周期317000000：切片2（所属域3）进入待剥夺状态，禁止新替换
[切片剥夺] 周期317000000：切片2在途请求已清空，开始执行脏行写回
[切片剥夺] 周期317000000：切片2无脏行，直接完成剥夺
[切片管理] 周期317000001：原域3仅剩1个切片，关闭路扩展模式
[动态重分配] 周期317000001：切片2写回完成，自动绑定到域0
[切片管理] 成功绑定切片2 → 安全域0，触发【路扩展模式】

======================== 切片硬件状态 ========================
切片号 | 所属安全域 | 当前状态    | 路扩展 | LRU touched
------------------------------------------------------------------
  0    |   域3      | 正常运行   |  否   |  316999998
  1    |   域0      | 正常运行   |  是   |  316999982
  2    |   域0      | 正常运行   |  是   |  317000001
  3    |   域2      | 正常运行   |  否   |  316999998
==================================================================


======================== 切片硬件状态 ========================
切片号 | 所属安全域 | 当前状态    | 路扩展 | LRU touched
------------------------------------------------------------------
  0    |   域3      | 正常运行   |  否   |  321999989
  1    |   域0      | 正常运行   |  是   |  321999989
  2    |   域0      | 正常运行   |  是   |  321999888
  3    |   域2      | 正常运行   |  否   |  321999999
==================================================================

[动态重分配] 周期322000000：预约迁移 冗余域0(0%) -> 切片1 -> 饥饿域3(22%)
[切片剥夺] 周期322000000：切片1（所属域0）进入待剥夺状态，禁止新替换
[切片剥夺] 周期322000000：切片1在途请求已清空，开始执行脏行写回
[切片剥夺] 周期322000000：切片1无脏行，直接完成剥夺
[切片管理] 周期322000001：原域0仅剩1个切片，关闭路扩展模式
[动态重分配] 周期322000001：切片1写回完成，自动绑定到域3
[切片管理] 成功绑定切片1 → 安全域3，触发【路扩展模式】

======================== 切片硬件状态 ========================
切片号 | 所属安全域 | 当前状态    | 路扩展 | LRU touched
------------------------------------------------------------------
  0    |   域3      | 正常运行   |  是   |  321999989
  1    |   域3      | 正常运行   |  是   |  322000001
  2    |   域0      | 正常运行   |  否   |  321999888
  3    |   域2      | 正常运行   |  否   |  322000001
==================================================================


======================== 切片硬件状态 ========================
切片号 | 所属安全域 | 当前状态    | 路扩展 | LRU touched
------------------------------------------------------------------
  0    |   域3      | 正常运行   |  是   |  323999992
  1    |   域3      | 正常运行   |  是   |  323999988
  2    |   域0      | 正常运行   |  否   |  323999996
  3    |   域2      | 正常运行   |  否   |  323999999
==================================================================

[动态重分配] 周期324000000：预约迁移 冗余域3(0%) -> 切片0 -> 饥饿域0(9%)
[切片剥夺] 周期324000000：切片0（所属域3）进入待剥夺状态，禁止新替换
[切片剥夺] 周期324000000：切片0在途请求已清空，开始执行脏行写回
[切片剥夺] 周期324000000：切片0无脏行，直接完成剥夺
[切片管理] 周期324000001：原域3仅剩1个切片，关闭路扩展模式
[动态重分配] 周期324000001：切片0写回完成，自动绑定到域0
[切片管理] 成功绑定切片0 → 安全域0，触发【路扩展模式】

======================== 切片硬件状态 ========================
切片号 | 所属安全域 | 当前状态    | 路扩展 | LRU touched
------------------------------------------------------------------
  0    |   域0      | 正常运行   |  是   |  324000001
  1    |   域3      | 正常运行   |  否   |  323999988
  2    |   域0      | 正常运行   |  是   |  324000001
  3    |   域2      | 正常运行   |  否   |  323999999
==================================================================


======================== 切片硬件状态 ========================
切片号 | 所属安全域 | 当前状态    | 路扩展 | LRU touched
------------------------------------------------------------------
  0    |   域0      | 正常运行   |  是   |  324999396
  1    |   域3      | 正常运行   |  否   |  324999983
  2    |   域0      | 正常运行   |  是   |  324999974
  3    |   域2      | 正常运行   |  否   |  324999991
==================================================================

[动态重分配] 周期325000000：预约迁移 冗余域0(0%) -> 切片2 -> 饥饿域3(22%)
[切片剥夺] 周期325000000：切片2（所属域0）进入待剥夺状态，禁止新替换
[切片剥夺] 周期325000000：切片2在途请求已清空，开始执行脏行写回
[切片剥夺] 周期325000000：切片2无脏行，直接完成剥夺
[切片管理] 周期325000001：原域0仅剩1个切片，关闭路扩展模式
[动态重分配] 周期325000001：切片2写回完成，自动绑定到域3
[切片管理] 成功绑定切片2 → 安全域3，触发【路扩展模式】

======================== 切片硬件状态 ========================
切片号 | 所属安全域 | 当前状态    | 路扩展 | LRU touched
------------------------------------------------------------------
  0    |   域0      | 正常运行   |  否   |  324999396
  1    |   域3      | 正常运行   |  是   |  324999983
  2    |   域3      | 正常运行   |  是   |  325000001
  3    |   域2      | 正常运行   |  否   |  324999991
==================================================================


======================== 切片硬件状态 ========================
切片号 | 所属安全域 | 当前状态    | 路扩展 | LRU touched
------------------------------------------------------------------
  0    |   域0      | 正常运行   |  否   |  334999987
  1    |   域3      | 正常运行   |  是   |  334999983
  2    |   域3      | 正常运行   |  是   |  334999994
  3    |   域2      | 正常运行   |  否   |  334999998
==================================================================

[动态重分配] 周期335000000：预约迁移 冗余域3(0%) -> 切片1 -> 饥饿域0(9%)
[切片剥夺] 周期335000000：切片1（所属域3）进入待剥夺状态，禁止新替换
[切片剥夺] 周期335000000：切片1在途请求已清空，开始执行脏行写回
[切片剥夺] 周期335000000：切片1无脏行，直接完成剥夺
[切片管理] 周期335000001：原域3仅剩1个切片，关闭路扩展模式
[动态重分配] 周期335000001：切片1写回完成，自动绑定到域0
[切片管理] 成功绑定切片1 → 安全域0，触发【路扩展模式】

======================== 切片硬件状态 ========================
切片号 | 所属安全域 | 当前状态    | 路扩展 | LRU touched
------------------------------------------------------------------
  0    |   域0      | 正常运行   |  是   |  334999987
  1    |   域0      | 正常运行   |  是   |  335000001
  2    |   域3      | 正常运行   |  否   |  334999994
  3    |   域2      | 正常运行   |  否   |  334999998
==================================================================


======================== 切片硬件状态 ========================
切片号 | 所属安全域 | 当前状态    | 路扩展 | LRU touched
------------------------------------------------------------------
  0    |   域0      | 正常运行   |  是   |  335999990
  1    |   域0      | 正常运行   |  是   |  335999992
  2    |   域3      | 正常运行   |  否   |  335999992
  3    |   域2      | 正常运行   |  否   |  335999999
==================================================================

[动态重分配] 周期336000000：预约迁移 冗余域0(0%) -> 切片0 -> 饥饿域3(21%)
[切片剥夺] 周期336000000：切片0（所属域0）进入待剥夺状态，禁止新替换
[切片剥夺] 周期336000000：切片0在途请求已清空，开始执行脏行写回
[切片剥夺] 周期336000000：切片0无脏行，直接完成剥夺
[切片管理] 周期336000001：原域0仅剩1个切片，关闭路扩展模式
[动态重分配] 周期336000001：切片0写回完成，自动绑定到域3
[切片管理] 成功绑定切片0 → 安全域3，触发【路扩展模式】

======================== 切片硬件状态 ========================
切片号 | 所属安全域 | 当前状态    | 路扩展 | LRU touched
------------------------------------------------------------------
  0    |   域3      | 正常运行   |  是   |  336000001
  1    |   域0      | 正常运行   |  否   |  335999992
  2    |   域3      | 正常运行   |  是   |  335999992
  3    |   域2      | 正常运行   |  否   |  336000001
==================================================================


======================== 切片硬件状态 ========================
切片号 | 所属安全域 | 当前状态    | 路扩展 | LRU touched
------------------------------------------------------------------
  0    |   域3      | 正常运行   |  是   |  343999973
  1    |   域0      | 正常运行   |  否   |  343999990
  2    |   域3      | 正常运行   |  是   |  343999993
  3    |   域2      | 正常运行   |  否   |  343999994
==================================================================

[动态重分配] 周期344000000：预约迁移 冗余域3(0%) -> 切片2 -> 饥饿域0(9%)
[切片剥夺] 周期344000000：切片2（所属域3）进入待剥夺状态，禁止新替换
[切片剥夺] 周期344000000：切片2在途请求已清空，开始执行脏行写回
[切片剥夺] 周期344000000：切片2无脏行，直接完成剥夺
[切片管理] 周期344000001：原域3仅剩1个切片，关闭路扩展模式
[动态重分配] 周期344000001：切片2写回完成，自动绑定到域0
[切片管理] 成功绑定切片2 → 安全域0，触发【路扩展模式】

======================== 切片硬件状态 ========================
切片号 | 所属安全域 | 当前状态    | 路扩展 | LRU touched
------------------------------------------------------------------
  0    |   域3      | 正常运行   |  否   |  344000001
  1    |   域0      | 正常运行   |  是   |  343999990
  2    |   域0      | 正常运行   |  是   |  344000001
  3    |   域2      | 正常运行   |  否   |  344000001
==================================================================


======================== 切片硬件状态 ========================
切片号 | 所属安全域 | 当前状态    | 路扩展 | LRU touched
------------------------------------------------------------------
  0    |   域3      | 正常运行   |  否   |  344999994
  1    |   域0      | 正常运行   |  是   |  344999997
  2    |   域0      | 正常运行   |  是   |  344999987
  3    |   域2      | 正常运行   |  否   |  344999999
==================================================================

[动态重分配] 周期345000000：预约迁移 冗余域0(0%) -> 切片1 -> 饥饿域3(21%)
[切片剥夺] 周期345000000：切片1（所属域0）进入待剥夺状态，禁止新替换
[切片剥夺] 周期345000000：切片1在途请求已清空，开始执行脏行写回
[切片剥夺] 周期345000000：切片1无脏行，直接完成剥夺
[切片管理] 周期345000001：原域0仅剩1个切片，关闭路扩展模式
[动态重分配] 周期345000001：切片1写回完成，自动绑定到域3
[切片管理] 成功绑定切片1 → 安全域3，触发【路扩展模式】

======================== 切片硬件状态 ========================
切片号 | 所属安全域 | 当前状态    | 路扩展 | LRU touched
------------------------------------------------------------------
  0    |   域3      | 正常运行   |  是   |  344999994
  1    |   域3      | 正常运行   |  是   |  345000001
  2    |   域0      | 正常运行   |  否   |  344999987
  3    |   域2      | 正常运行   |  否   |  345000001
==================================================================


======================== 切片硬件状态 ========================
切片号 | 所属安全域 | 当前状态    | 路扩展 | LRU touched
------------------------------------------------------------------
  0    |   域3      | 正常运行   |  是   |  345999983
  1    |   域3      | 正常运行   |  是   |  345999996
  2    |   域0      | 正常运行   |  否   |  345999995
  3    |   域2      | 正常运行   |  否   |  345999998
==================================================================

[动态重分配] 周期346000000：预约迁移 冗余域3(0%) -> 切片0 -> 饥饿域0(9%)
[切片剥夺] 周期346000000：切片0（所属域3）进入待剥夺状态，禁止新替换
[切片剥夺] 周期346000000：切片0在途请求已清空，开始执行脏行写回
[切片剥夺] 周期346000000：切片0无脏行，直接完成剥夺
[切片管理] 周期346000001：原域3仅剩1个切片，关闭路扩展模式
[动态重分配] 周期346000001：切片0写回完成，自动绑定到域0
[切片管理] 成功绑定切片0 → 安全域0，触发【路扩展模式】

======================== 切片硬件状态 ========================
切片号 | 所属安全域 | 当前状态    | 路扩展 | LRU touched
------------------------------------------------------------------
  0    |   域0      | 正常运行   |  是   |  346000001
  1    |   域3      | 正常运行   |  否   |  345999996
  2    |   域0      | 正常运行   |  是   |  345999995
  3    |   域2      | 正常运行   |  否   |  345999998
==================================================================


======================== 切片硬件状态 ========================
切片号 | 所属安全域 | 当前状态    | 路扩展 | LRU touched
------------------------------------------------------------------
  0    |   域0      | 正常运行   |  是   |  351999870
  1    |   域3      | 正常运行   |  否   |  351999988
  2    |   域0      | 正常运行   |  是   |  351999993
  3    |   域2      | 正常运行   |  否   |  351999997
==================================================================

[动态重分配] 周期352000000：预约迁移 冗余域0(0%) -> 切片0 -> 饥饿域3(22%)
[切片剥夺] 周期352000000：切片0（所属域0）进入待剥夺状态，禁止新替换
[切片剥夺] 周期352000000：切片0在途请求已清空，开始执行脏行写回
[切片剥夺] 周期352000000：切片0无脏行，直接完成剥夺
[切片管理] 周期352000001：原域0仅剩1个切片，关闭路扩展模式
[动态重分配] 周期352000001：切片0写回完成，自动绑定到域3
[切片管理] 成功绑定切片0 → 安全域3，触发【路扩展模式】

======================== 切片硬件状态 ========================
切片号 | 所属安全域 | 当前状态    | 路扩展 | LRU touched
------------------------------------------------------------------
  0    |   域3      | 正常运行   |  是   |  352000001
  1    |   域3      | 正常运行   |  是   |  351999988
  2    |   域0      | 正常运行   |  否   |  351999993
  3    |   域2      | 正常运行   |  否   |  351999997
==================================================================


======================== 切片硬件状态 ========================
切片号 | 所属安全域 | 当前状态    | 路扩展 | LRU touched
------------------------------------------------------------------
  0    |   域3      | 正常运行   |  是   |  353999996
  1    |   域3      | 正常运行   |  是   |  353999986
  2    |   域0      | 正常运行   |  否   |  353999994
  3    |   域2      | 正常运行   |  否   |  354000000
==================================================================

[动态重分配] 周期354000000：预约迁移 冗余域3(0%) -> 切片1 -> 饥饿域0(9%)
[切片剥夺] 周期354000000：切片1（所属域3）进入待剥夺状态，禁止新替换
[切片剥夺] 周期354000000：切片1在途请求已清空，开始执行脏行写回
[切片剥夺] 周期354000000：切片1无脏行，直接完成剥夺
[切片管理] 周期354000001：原域3仅剩1个切片，关闭路扩展模式
[动态重分配] 周期354000001：切片1写回完成，自动绑定到域0
[切片管理] 成功绑定切片1 → 安全域0，触发【路扩展模式】

======================== 切片硬件状态 ========================
切片号 | 所属安全域 | 当前状态    | 路扩展 | LRU touched
------------------------------------------------------------------
  0    |   域3      | 正常运行   |  否   |  353999996
  1    |   域0      | 正常运行   |  是   |  354000001
  2    |   域0      | 正常运行   |  是   |  353999994
  3    |   域2      | 正常运行   |  否   |  354000001
==================================================================


======================== 切片硬件状态 ========================
切片号 | 所属安全域 | 当前状态    | 路扩展 | LRU touched
------------------------------------------------------------------
  0    |   域3      | 正常运行   |  否   |  354999997
  1    |   域0      | 正常运行   |  是   |  354999981
  2    |   域0      | 正常运行   |  是   |  355000000
  3    |   域2      | 正常运行   |  否   |  354999998
==================================================================

[动态重分配] 周期355000000：预约迁移 冗余域0(0%) -> 切片2 -> 饥饿域3(21%)
[切片剥夺] 周期355000000：切片2（所属域0）进入待剥夺状态，禁止新替换
[切片剥夺] 周期355000000：切片2在途请求已清空，开始执行脏行写回
[切片剥夺] 周期355000000：切片2无脏行，直接完成剥夺
[切片管理] 周期355000001：原域0仅剩1个切片，关闭路扩展模式
[动态重分配] 周期355000001：切片2写回完成，自动绑定到域3
[切片管理] 成功绑定切片2 → 安全域3，触发【路扩展模式】

======================== 切片硬件状态 ========================
切片号 | 所属安全域 | 当前状态    | 路扩展 | LRU touched
------------------------------------------------------------------
  0    |   域3      | 正常运行   |  是   |  354999997
  1    |   域0      | 正常运行   |  否   |  354999981
  2    |   域3      | 正常运行   |  是   |  355000001
  3    |   域2      | 正常运行   |  否   |  354999998
==================================================================


======================== 切片硬件状态 ========================
切片号 | 所属安全域 | 当前状态    | 路扩展 | LRU touched
------------------------------------------------------------------
  0    |   域3      | 正常运行   |  是   |  362999985
  1    |   域0      | 正常运行   |  否   |  362999986
  2    |   域3      | 正常运行   |  是   |  362999994
  3    |   域2      | 正常运行   |  否   |  362999997
==================================================================

[动态重分配] 周期363000000：预约迁移 冗余域3(0%) -> 切片0 -> 饥饿域0(9%)
[切片剥夺] 周期363000000：切片0（所属域3）进入待剥夺状态，禁止新替换
[切片剥夺] 周期363000000：切片0在途请求已清空，开始执行脏行写回
[切片剥夺] 周期363000000：切片0无脏行，直接完成剥夺
[切片管理] 周期363000001：原域3仅剩1个切片，关闭路扩展模式
[动态重分配] 周期363000001：切片0写回完成，自动绑定到域0
[切片管理] 成功绑定切片0 → 安全域0，触发【路扩展模式】

======================== 切片硬件状态 ========================
切片号 | 所属安全域 | 当前状态    | 路扩展 | LRU touched
------------------------------------------------------------------
  0    |   域0      | 正常运行   |  是   |  363000001
  1    |   域0      | 正常运行   |  是   |  362999986
  2    |   域3      | 正常运行   |  否   |  362999994
  3    |   域2      | 正常运行   |  否   |  363000001
==================================================================


======================== 切片硬件状态 ========================
切片号 | 所属安全域 | 当前状态    | 路扩展 | LRU touched
------------------------------------------------------------------
  0    |   域0      | 正常运行   |  是   |  363999945
  1    |   域0      | 正常运行   |  是   |  363999984
  2    |   域3      | 正常运行   |  否   |  363999995
  3    |   域2      | 正常运行   |  否   |  364000000
==================================================================

[动态重分配] 周期364000000：预约迁移 冗余域0(0%) -> 切片1 -> 饥饿域3(22%)
[切片剥夺] 周期364000000：切片1（所属域0）进入待剥夺状态，禁止新替换
[切片剥夺] 周期364000000：切片1在途请求已清空，开始执行脏行写回
[切片剥夺] 周期364000000：切片1无脏行，直接完成剥夺
[切片管理] 周期364000001：原域0仅剩1个切片，关闭路扩展模式
[动态重分配] 周期364000001：切片1写回完成，自动绑定到域3
[切片管理] 成功绑定切片1 → 安全域3，触发【路扩展模式】

======================== 切片硬件状态 ========================
切片号 | 所属安全域 | 当前状态    | 路扩展 | LRU touched
------------------------------------------------------------------
  0    |   域0      | 正常运行   |  否   |  363999945
  1    |   域3      | 正常运行   |  是   |  364000001
  2    |   域3      | 正常运行   |  是   |  363999995
  3    |   域2      | 正常运行   |  否   |  364000000
==================================================================


======================== 切片硬件状态 ========================
切片号 | 所属安全域 | 当前状态    | 路扩展 | LRU touched
------------------------------------------------------------------
  0    |   域0      | 正常运行   |  否   |  371999975
  1    |   域3      | 正常运行   |  是   |  371999982
  2    |   域3      | 正常运行   |  是   |  371999988
  3    |   域2      | 正常运行   |  否   |  371999998
==================================================================

[动态重分配] 周期372000000：预约迁移 冗余域3(0%) -> 切片2 -> 饥饿域0(9%)
[切片剥夺] 周期372000000：切片2（所属域3）进入待剥夺状态，禁止新替换
[切片剥夺] 周期372000000：切片2在途请求已清空，开始执行脏行写回
[切片剥夺] 周期372000000：切片2无脏行，直接完成剥夺
[切片管理] 周期372000001：原域3仅剩1个切片，关闭路扩展模式
[动态重分配] 周期372000001：切片2写回完成，自动绑定到域0
[切片管理] 成功绑定切片2 → 安全域0，触发【路扩展模式】

======================== 切片硬件状态 ========================
切片号 | 所属安全域 | 当前状态    | 路扩展 | LRU touched
------------------------------------------------------------------
  0    |   域0      | 正常运行   |  是   |  371999975
  1    |   域3      | 正常运行   |  否   |  371999982
  2    |   域0      | 正常运行   |  是   |  372000001
  3    |   域2      | 正常运行   |  否   |  371999998
==================================================================


======================== 切片硬件状态 ========================
切片号 | 所属安全域 | 当前状态    | 路扩展 | LRU touched
------------------------------------------------------------------
  0    |   域0      | 正常运行   |  是   |  372999998
  1    |   域3      | 正常运行   |  否   |  372999990
  2    |   域0      | 正常运行   |  是   |  372999872
  3    |   域2      | 正常运行   |  否   |  372999999
==================================================================

[动态重分配] 周期373000000：预约迁移 冗余域0(0%) -> 切片0 -> 饥饿域3(22%)
[切片剥夺] 周期373000000：切片0（所属域0）进入待剥夺状态，禁止新替换
[切片剥夺] 周期373000000：切片0在途请求已清空，开始执行脏行写回
[切片剥夺] 周期373000000：切片0无脏行，直接完成剥夺
[切片管理] 周期373000001：原域0仅剩1个切片，关闭路扩展模式
[动态重分配] 周期373000001：切片0写回完成，自动绑定到域3
[切片管理] 成功绑定切片0 → 安全域3，触发【路扩展模式】

======================== 切片硬件状态 ========================
切片号 | 所属安全域 | 当前状态    | 路扩展 | LRU touched
------------------------------------------------------------------
  0    |   域3      | 正常运行   |  是   |  373000001
  1    |   域3      | 正常运行   |  是   |  372999990
  2    |   域0      | 正常运行   |  否   |  372999872
  3    |   域2      | 正常运行   |  否   |  373000001
==================================================================


======================== 切片硬件状态 ========================
切片号 | 所属安全域 | 当前状态    | 路扩展 | LRU touched
------------------------------------------------------------------
  0    |   域3      | 正常运行   |  是   |  381999999
  1    |   域3      | 正常运行   |  是   |  381999982
  2    |   域0      | 正常运行   |  否   |  382000000
  3    |   域2      | 正常运行   |  否   |  381999999
==================================================================

[动态重分配] 周期382000000：预约迁移 冗余域3(0%) -> 切片1 -> 饥饿域0(9%)
[切片剥夺] 周期382000000：切片1（所属域3）进入待剥夺状态，禁止新替换
[切片剥夺] 周期382000000：切片1在途请求已清空，开始执行脏行写回
[切片剥夺] 周期382000000：切片1无脏行，直接完成剥夺
[切片管理] 周期382000001：原域3仅剩1个切片，关闭路扩展模式
[动态重分配] 周期382000001：切片1写回完成，自动绑定到域0
[切片管理] 成功绑定切片1 → 安全域0，触发【路扩展模式】

======================== 切片硬件状态 ========================
切片号 | 所属安全域 | 当前状态    | 路扩展 | LRU touched
------------------------------------------------------------------
  0    |   域3      | 正常运行   |  否   |  381999999
  1    |   域0      | 正常运行   |  是   |  382000001
  2    |   域0      | 正常运行   |  是   |  382000000
  3    |   域2      | 正常运行   |  否   |  382000001
==================================================================


======================== 切片硬件状态 ========================
切片号 | 所属安全域 | 当前状态    | 路扩展 | LRU touched
------------------------------------------------------------------
  0    |   域3      | 正常运行   |  否   |  382999999
  1    |   域0      | 正常运行   |  是   |  382999917
  2    |   域0      | 正常运行   |  是   |  382999999
  3    |   域2      | 正常运行   |  否   |  382999995
==================================================================

[动态重分配] 周期383000000：预约迁移 冗余域0(0%) -> 切片2 -> 饥饿域3(21%)
[切片剥夺] 周期383000000：切片2（所属域0）进入待剥夺状态，禁止新替换
[切片剥夺] 周期383000000：切片2在途请求已清空，开始执行脏行写回
[切片剥夺] 周期383000000：切片2无脏行，直接完成剥夺
[切片管理] 周期383000001：原域0仅剩1个切片，关闭路扩展模式
[动态重分配] 周期383000001：切片2写回完成，自动绑定到域3
[切片管理] 成功绑定切片2 → 安全域3，触发【路扩展模式】

======================== 切片硬件状态 ========================
切片号 | 所属安全域 | 当前状态    | 路扩展 | LRU touched
------------------------------------------------------------------
  0    |   域3      | 正常运行   |  是   |  382999999
  1    |   域0      | 正常运行   |  否   |  383000001
  2    |   域3      | 正常运行   |  是   |  383000001
  3    |   域2      | 正常运行   |  否   |  383000001
==================================================================


======================== 切片硬件状态 ========================
切片号 | 所属安全域 | 当前状态    | 路扩展 | LRU touched
------------------------------------------------------------------
  0    |   域3      | 正常运行   |  是   |  383999993
  1    |   域0      | 正常运行   |  否   |  383999987
  2    |   域3      | 正常运行   |  是   |  383999943
  3    |   域2      | 正常运行   |  否   |  383999996
==================================================================

[动态重分配] 周期384000000：预约迁移 冗余域3(0%) -> 切片0 -> 饥饿域0(9%)
[切片剥夺] 周期384000000：切片0（所属域3）进入待剥夺状态，禁止新替换
[切片剥夺] 周期384000000：切片0在途请求已清空，开始执行脏行写回
[切片剥夺] 周期384000000：切片0无脏行，直接完成剥夺
[切片管理] 周期384000001：原域3仅剩1个切片，关闭路扩展模式
[动态重分配] 周期384000001：切片0写回完成，自动绑定到域0
[切片管理] 成功绑定切片0 → 安全域0，触发【路扩展模式】

======================== 切片硬件状态 ========================
切片号 | 所属安全域 | 当前状态    | 路扩展 | LRU touched
------------------------------------------------------------------
  0    |   域0      | 正常运行   |  是   |  384000001
  1    |   域0      | 正常运行   |  是   |  383999987
  2    |   域3      | 正常运行   |  否   |  384000001
  3    |   域2      | 正常运行   |  否   |  383999996
==================================================================


======================== 切片硬件状态 ========================
切片号 | 所属安全域 | 当前状态    | 路扩展 | LRU touched
------------------------------------------------------------------
  0    |   域0      | 正常运行   |  是   |  387999940
  1    |   域0      | 正常运行   |  是   |  387999999
  2    |   域3      | 正常运行   |  否   |  387999996
  3    |   域2      | 正常运行   |  否   |  388000000
==================================================================

[动态重分配] 周期388000000：预约迁移 冗余域0(0%) -> 切片1 -> 饥饿域3(21%)
[切片剥夺] 周期388000000：切片1（所属域0）进入待剥夺状态，禁止新替换
[切片剥夺] 周期388000000：切片1在途请求已清空，开始执行脏行写回
[切片剥夺] 周期388000000：切片1无脏行，直接完成剥夺
[切片管理] 周期388000001：原域0仅剩1个切片，关闭路扩展模式
[动态重分配] 周期388000001：切片1写回完成，自动绑定到域3
[切片管理] 成功绑定切片1 → 安全域3，触发【路扩展模式】

======================== 切片硬件状态 ========================
切片号 | 所属安全域 | 当前状态    | 路扩展 | LRU touched
------------------------------------------------------------------
  0    |   域0      | 正常运行   |  否   |  387999940
  1    |   域3      | 正常运行   |  是   |  388000001
  2    |   域3      | 正常运行   |  是   |  387999996
  3    |   域2      | 正常运行   |  否   |  388000001
==================================================================


======================== 切片硬件状态 ========================
切片号 | 所属安全域 | 当前状态    | 路扩展 | LRU touched
------------------------------------------------------------------
  0    |   域0      | 正常运行   |  否   |  391999985
  1    |   域3      | 正常运行   |  是   |  391999892
  2    |   域3      | 正常运行   |  是   |  391999997
  3    |   域2      | 正常运行   |  否   |  392000000
==================================================================

[动态重分配] 周期392000000：预约迁移 冗余域3(0%) -> 切片2 -> 饥饿域0(9%)
[切片剥夺] 周期392000000：切片2（所属域3）进入待剥夺状态，禁止新替换
[切片剥夺] 周期392000000：切片2在途请求已清空，开始执行脏行写回
[切片剥夺] 周期392000000：切片2无脏行，直接完成剥夺
[切片管理] 周期392000001：原域3仅剩1个切片，关闭路扩展模式
[动态重分配] 周期392000001：切片2写回完成，自动绑定到域0
[切片管理] 成功绑定切片2 → 安全域0，触发【路扩展模式】

======================== 切片硬件状态 ========================
切片号 | 所属安全域 | 当前状态    | 路扩展 | LRU touched
------------------------------------------------------------------
  0    |   域0      | 正常运行   |  是   |  391999985
  1    |   域3      | 正常运行   |  否   |  391999892
  2    |   域0      | 正常运行   |  是   |  392000001
  3    |   域2      | 正常运行   |  否   |  392000001
==================================================================


======================== 切片硬件状态 ========================
切片号 | 所属安全域 | 当前状态    | 路扩展 | LRU touched
------------------------------------------------------------------
  0    |   域0      | 正常运行   |  是   |  392999996
  1    |   域3      | 正常运行   |  否   |  392999996
  2    |   域0      | 正常运行   |  是   |  392999998
  3    |   域2      | 正常运行   |  否   |  393000000
==================================================================

[动态重分配] 周期393000000：预约迁移 冗余域0(0%) -> 切片0 -> 饥饿域3(21%)
[切片剥夺] 周期393000000：切片0（所属域0）进入待剥夺状态，禁止新替换
[切片剥夺] 周期393000000：切片0在途请求已清空，开始执行脏行写回
[切片剥夺] 周期393000000：切片0无脏行，直接完成剥夺
[切片管理] 周期393000001：原域0仅剩1个切片，关闭路扩展模式
[动态重分配] 周期393000001：切片0写回完成，自动绑定到域3
[切片管理] 成功绑定切片0 → 安全域3，触发【路扩展模式】

======================== 切片硬件状态 ========================
切片号 | 所属安全域 | 当前状态    | 路扩展 | LRU touched
------------------------------------------------------------------
  0    |   域3      | 正常运行   |  是   |  393000001
  1    |   域3      | 正常运行   |  是   |  392999996
  2    |   域0      | 正常运行   |  否   |  392999998
  3    |   域2      | 正常运行   |  否   |  393000001
==================================================================


======================== 切片硬件状态 ========================
切片号 | 所属安全域 | 当前状态    | 路扩展 | LRU touched
------------------------------------------------------------------
  0    |   域3      | 正常运行   |  是   |  393999990
  1    |   域3      | 正常运行   |  是   |  394000000
  2    |   域0      | 正常运行   |  否   |  393999986
  3    |   域2      | 正常运行   |  否   |  393999997
==================================================================

[动态重分配] 周期394000000：预约迁移 冗余域3(0%) -> 切片1 -> 饥饿域0(9%)
[切片剥夺] 周期394000000：切片1（所属域3）进入待剥夺状态，禁止新替换
[切片剥夺] 周期394000000：切片1在途请求已清空，开始执行脏行写回
[切片剥夺] 周期394000000：切片1无脏行，直接完成剥夺
[切片管理] 周期394000001：原域3仅剩1个切片，关闭路扩展模式
[动态重分配] 周期394000001：切片1写回完成，自动绑定到域0
[切片管理] 成功绑定切片1 → 安全域0，触发【路扩展模式】

======================== 切片硬件状态 ========================
切片号 | 所属安全域 | 当前状态    | 路扩展 | LRU touched
------------------------------------------------------------------
  0    |   域3      | 正常运行   |  否   |  393999990
  1    |   域0      | 正常运行   |  是   |  394000001
  2    |   域0      | 正常运行   |  是   |  393999986
  3    |   域2      | 正常运行   |  否   |  393999997
==================================================================


======================== 切片硬件状态 ========================
切片号 | 所属安全域 | 当前状态    | 路扩展 | LRU touched
------------------------------------------------------------------
  0    |   域3      | 正常运行   |  否   |  397999991
  1    |   域0      | 正常运行   |  是   |  397999955
  2    |   域0      | 正常运行   |  是   |  397999994
  3    |   域2      | 正常运行   |  否   |  397999999
==================================================================

[动态重分配] 周期398000000：预约迁移 冗余域0(0%) -> 切片2 -> 饥饿域3(22%)
[切片剥夺] 周期398000000：切片2（所属域0）进入待剥夺状态，禁止新替换
[切片剥夺] 周期398000000：切片2在途请求已清空，开始执行脏行写回
[切片剥夺] 周期398000000：切片2无脏行，直接完成剥夺
[切片管理] 周期398000001：原域0仅剩1个切片，关闭路扩展模式
[动态重分配] 周期398000001：切片2写回完成，自动绑定到域3
[切片管理] 成功绑定切片2 → 安全域3，触发【路扩展模式】

======================== 切片硬件状态 ========================
切片号 | 所属安全域 | 当前状态    | 路扩展 | LRU touched
------------------------------------------------------------------
  0    |   域3      | 正常运行   |  是   |  398000001
  1    |   域0      | 正常运行   |  否   |  397999955
  2    |   域3      | 正常运行   |  是   |  398000001
  3    |   域2      | 正常运行   |  否   |  398000001
==================================================================


**** Debug Statistics at 401000000 Cycles *****
Threads: 4		Fetch Width: 8
No of useful instructions fetched:	1566828158 (48.84% proc util.)
No of total instructions fetched:	1667619044 (51.98% proc util.)
 includes 7867 misfetch (0.0%), 100783019 (6.0%) wrong-path fetches
 and 0 flushed after failed lock(0.0%)
No of useful instructions issued/executed:	1566828104 (48.84% proc util.)
No of total instructions issued/executed:	1604908074 (50.03% proc util.)
 includes 38079970 wrong-path (2.4%) insts and 0 flushed (0.0%)
	fp 36, 0.00%
	synch 0, 0.00%
	integer 1398419060, 87.13%
	load/store 206488978, 12.87%
Avg size of int IQ (before scheduling): 31.49
Avg size of fp IQ (before scheduling): 0.00
No of cycles taken:		401000000
Parallelism [ 1.316, 0.000, 1.302, 1.290,] = 3.907
 IQ conflicts: 294766 (0.07%), FQ conflicts: 0 (0.00%) 
 I reg conflicts: 165985005 (41.39%), FP reg conflicts: 0 (0.00%)
  Activelist confs: 0 (0.00%), ROB confs: 0 (0.00%)
  Int unit conflicts: 486313972 (121.28%), FP unit conflicts: 0 (0.00%)
  Load/store unit conflicts: 2456824 (0.61%)
  MSHR conflicts: 8598581 (2.14%)
----------------------------------------
==== System-wide Cache Statistics ====
Stall for miss queue full 3434 cycles (0.00%)
----------------------------------------
==== Statistics for Master ID: 0 ====
Reads: 177864721   Writes: 5127
ICACHE: size: 64 KB assoc: 2
ICACHE: hits:150514409 misses:10  Hit Ratio: 100.00%
DCACHE: size: 1*16 KB assoc: 1*4
DCACHE: hits:25231734 misses:2123695 writebacks:323  Hit Ratio: 92.24%
SCACHE: size: 512 KB assoc: 2
SCACHE: hits:2115218 misses:8487  Hit Ratio: 99.60%
3CACHE: size: 4096 KB assoc: 2
3CACHE: hits:4378 misses:4109  Hit Ratio: 51.58%
3CACHE: dirty items replaced:1
ITLB: size: 48, misses 1, miss rate 0.00%
DTLB: size: 128, misses 101, miss rate 0.00%
Avg mem delay: 2.432 cycles
----------------------------------------
==== Statistics for Master ID: 2 ====
Reads: 268497220   Writes: 42607389
ICACHE: size: 64 KB assoc: 2
ICACHE: hits:162802280 misses:516  Hit Ratio: 100.00%
DCACHE: size: 1*16 KB assoc: 1*4
DCACHE: hits:142727128 misses:5578950 writebacks:2577119  Hit Ratio: 96.24%
SCACHE: size: 512 KB assoc: 2
SCACHE: hits:3354508 misses:2220693  Hit Ratio: 60.17%
3CACHE: size: 4096 KB assoc: 2
3CACHE: hits:51099 misses:2169594  Hit Ratio: 2.30%
3CACHE: dirty items replaced:62
ITLB: size: 48, misses 25, miss rate 0.00%
DTLB: size: 128, misses 91730, miss rate 0.06%
Avg mem delay: 2.432 cycles
----------------------------------------
==== Statistics for Master ID: 3 ====
Reads: 180494943   Writes: 35
ICACHE: size: 64 KB assoc: 2
ICACHE: hits:149663225 misses:23  Hit Ratio: 100.00%
DCACHE: size: 2*16 KB assoc: 2*4
DCACHE: hits:28547334 misses:2284395 writebacks:13  Hit Ratio: 92.59%
SCACHE: size: 512 KB assoc: 2
SCACHE: hits:2218452 misses:65966  Hit Ratio: 97.11%
3CACHE: size: 4096 KB assoc: 2
3CACHE: hits:51414 misses:14552  Hit Ratio: 77.94%
3CACHE: dirty items replaced:128
ITLB: size: 48, misses 4, miss rate 0.00%
DTLB: size: 128, misses 912, miss rate 0.00%
Avg mem delay: 2.432 cycles
----------------------------------------
==== Global Resource Utilization ====
STASH: size: 65536 entries, full 1741809562, empty 6781, misses 529, full rate 100.00
icache bank util. 0.310 0.199 0.079 0.036 0.059 0.109 0.108 0.254 
dcache bank util. 0.050 0.065 0.073 0.060 0.093 0.084 0.124 0.061 
L2 bank util. 0.020 0.020 0.020 0.020 0.019 0.020 0.022 0.027 
L1-L2 bus util. = 0.094, L3 util. = 0.055
----------------------------------------

======================== 切片硬件状态 ========================
切片号 | 所属安全域 | 当前状态    | 路扩展 | LRU touched
------------------------------------------------------------------
  0    |   域3      | 正常运行   |  是   |  400999995
  1    |   域0      | 正常运行   |  否   |  400999997
  2    |   域3      | 正常运行   |  是   |  400999937
  3    |   域2      | 正常运行   |  否   |  400999999
==================================================================

branch prediction, hits = 95374265, misses = 4479933, hit rate = 95.51%
return_stack prediction, hits = 3112177, misses = 10, hit rate = 100.00%
jump prediction, hits = 134419885, misses = 2366, hit rate = 100.00%

======================== 切片硬件状态 ========================
切片号 | 所属安全域 | 当前状态    | 路扩展 | LRU touched
------------------------------------------------------------------
  0    |   域3      | 正常运行   |  是   |  402999997
  1    |   域0      | 正常运行   |  否   |  402999997
  2    |   域3      | 正常运行   |  是   |  402999975
  3    |   域2      | 正常运行   |  否   |  403000000
==================================================================

[动态重分配] 周期403000000：预约迁移 冗余域3(0%) -> 切片0 -> 饥饿域0(9%)
[切片剥夺] 周期403000000：切片0（所属域3）进入待剥夺状态，禁止新替换
[切片剥夺] 周期403000000：切片0在途请求已清空，开始执行脏行写回
[切片剥夺] 周期403000000：切片0无脏行，直接完成剥夺
[切片管理] 周期403000001：原域3仅剩1个切片，关闭路扩展模式
[动态重分配] 周期403000001：切片0写回完成，自动绑定到域0
[切片管理] 成功绑定切片0 → 安全域0，触发【路扩展模式】

======================== 切片硬件状态 ========================
切片号 | 所属安全域 | 当前状态    | 路扩展 | LRU touched
------------------------------------------------------------------
  0    |   域0      | 正常运行   |  是   |  403000001
  1    |   域0      | 正常运行   |  是   |  402999997
  2    |   域3      | 正常运行   |  否   |  402999975
  3    |   域2      | 正常运行   |  否   |  403000000
==================================================================


======================== 切片硬件状态 ========================
切片号 | 所属安全域 | 当前状态    | 路扩展 | LRU touched
------------------------------------------------------------------
  0    |   域0      | 正常运行   |  是   |  403999967
  1    |   域0      | 正常运行   |  是   |  403999992
  2    |   域3      | 正常运行   |  否   |  403999994
  3    |   域2      | 正常运行   |  否   |  403999997
==================================================================

[动态重分配] 周期404000000：预约迁移 冗余域0(0%) -> 切片1 -> 饥饿域3(21%)
[切片剥夺] 周期404000000：切片1（所属域0）进入待剥夺状态，禁止新替换
[切片剥夺] 周期404000000：切片1在途请求已清空，开始执行脏行写回
[切片剥夺] 周期404000000：切片1无脏行，直接完成剥夺
[切片管理] 周期404000001：原域0仅剩1个切片，关闭路扩展模式
[动态重分配] 周期404000001：切片1写回完成，自动绑定到域3
[切片管理] 成功绑定切片1 → 安全域3，触发【路扩展模式】

======================== 切片硬件状态 ========================
切片号 | 所属安全域 | 当前状态    | 路扩展 | LRU touched
------------------------------------------------------------------
  0    |   域0      | 正常运行   |  否   |  403999967
  1    |   域3      | 正常运行   |  是   |  404000001
  2    |   域3      | 正常运行   |  是   |  403999994
  3    |   域2      | 正常运行   |  否   |  403999997
==================================================================


======================== 切片硬件状态 ========================
切片号 | 所属安全域 | 当前状态    | 路扩展 | LRU touched
------------------------------------------------------------------
  0    |   域0      | 正常运行   |  否   |  412999999
  1    |   域3      | 正常运行   |  是   |  412999953
  2    |   域3      | 正常运行   |  是   |  412999994
  3    |   域2      | 正常运行   |  否   |  413000000
==================================================================

[动态重分配] 周期413000000：预约迁移 冗余域3(0%) -> 切片2 -> 饥饿域0(9%)
[切片剥夺] 周期413000000：切片2（所属域3）进入待剥夺状态，禁止新替换
[切片剥夺] 周期413000000：切片2在途请求已清空，开始执行脏行写回
[切片剥夺] 周期413000000：切片2无脏行，直接完成剥夺
[切片管理] 周期413000001：原域3仅剩1个切片，关闭路扩展模式
[动态重分配] 周期413000001：切片2写回完成，自动绑定到域0
[切片管理] 成功绑定切片2 → 安全域0，触发【路扩展模式】

======================== 切片硬件状态 ========================
切片号 | 所属安全域 | 当前状态    | 路扩展 | LRU touched
------------------------------------------------------------------
  0    |   域0      | 正常运行   |  是   |  412999999
  1    |   域3      | 正常运行   |  否   |  412999953
  2    |   域0      | 正常运行   |  是   |  413000001
  3    |   域2      | 正常运行   |  否   |  413000000
==================================================================


======================== 切片硬件状态 ========================
切片号 | 所属安全域 | 当前状态    | 路扩展 | LRU touched
------------------------------------------------------------------
  0    |   域0      | 正常运行   |  是   |  413999986
  1    |   域3      | 正常运行   |  否   |  414000000
  2    |   域0      | 正常运行   |  是   |  413999989
  3    |   域2      | 正常运行   |  否   |  413999998
==================================================================

[动态重分配] 周期414000000：预约迁移 冗余域0(0%) -> 切片0 -> 饥饿域3(22%)
[切片剥夺] 周期414000000：切片0（所属域0）进入待剥夺状态，禁止新替换
[切片剥夺] 周期414000000：切片0在途请求已清空，开始执行脏行写回
[切片剥夺] 周期414000000：切片0无脏行，直接完成剥夺
[切片管理] 周期414000001：原域0仅剩1个切片，关闭路扩展模式
[动态重分配] 周期414000001：切片0写回完成，自动绑定到域3
[切片管理] 成功绑定切片0 → 安全域3，触发【路扩展模式】

======================== 切片硬件状态 ========================
切片号 | 所属安全域 | 当前状态    | 路扩展 | LRU touched
------------------------------------------------------------------
  0    |   域3      | 正常运行   |  是   |  414000001
  1    |   域3      | 正常运行   |  是   |  414000000
  2    |   域0      | 正常运行   |  否   |  413999989
  3    |   域2      | 正常运行   |  否   |  414000001
==================================================================


======================== 切片硬件状态 ========================
切片号 | 所属安全域 | 当前状态    | 路扩展 | LRU touched
------------------------------------------------------------------
  0    |   域3      | 正常运行   |  是   |  421999998
  1    |   域3      | 正常运行   |  是   |  421999986
  2    |   域0      | 正常运行   |  否   |  421999998
  3    |   域2      | 正常运行   |  否   |  421999994
==================================================================

[动态重分配] 周期422000000：预约迁移 冗余域3(0%) -> 切片1 -> 饥饿域0(9%)
[切片剥夺] 周期422000000：切片1（所属域3）进入待剥夺状态，禁止新替换
[切片剥夺] 周期422000000：切片1在途请求已清空，开始执行脏行写回
[切片剥夺] 周期422000000：切片1无脏行，直接完成剥夺
[切片管理] 周期422000001：原域3仅剩1个切片，关闭路扩展模式
[动态重分配] 周期422000001：切片1写回完成，自动绑定到域0
[切片管理] 成功绑定切片1 → 安全域0，触发【路扩展模式】

======================== 切片硬件状态 ========================
切片号 | 所属安全域 | 当前状态    | 路扩展 | LRU touched
------------------------------------------------------------------
  0    |   域3      | 正常运行   |  否   |  421999998
  1    |   域0      | 正常运行   |  是   |  422000001
  2    |   域0      | 正常运行   |  是   |  421999998
  3    |   域2      | 正常运行   |  否   |  422000001
==================================================================


======================== 切片硬件状态 ========================
切片号 | 所属安全域 | 当前状态    | 路扩展 | LRU touched
------------------------------------------------------------------
  0    |   域3      | 正常运行   |  否   |  422999998
  1    |   域0      | 正常运行   |  是   |  422999992
  2    |   域0      | 正常运行   |  是   |  422999997
  3    |   域2      | 正常运行   |  否   |  422999998
==================================================================

[动态重分配] 周期423000000：预约迁移 冗余域0(0%) -> 切片2 -> 饥饿域3(22%)
[切片剥夺] 周期423000000：切片2（所属域0）进入待剥夺状态，禁止新替换
[切片剥夺] 周期423000000：切片2在途请求已清空，开始执行脏行写回
[切片剥夺] 周期423000000：切片2无脏行，直接完成剥夺
[切片管理] 周期423000001：原域0仅剩1个切片，关闭路扩展模式
[动态重分配] 周期423000001：切片2写回完成，自动绑定到域3
[切片管理] 成功绑定切片2 → 安全域3，触发【路扩展模式】

======================== 切片硬件状态 ========================
切片号 | 所属安全域 | 当前状态    | 路扩展 | LRU touched
------------------------------------------------------------------
  0    |   域3      | 正常运行   |  是   |  422999998
  1    |   域0      | 正常运行   |  否   |  422999992
  2    |   域3      | 正常运行   |  是   |  423000001
  3    |   域2      | 正常运行   |  否   |  422999998
==================================================================


======================== 切片硬件状态 ========================
切片号 | 所属安全域 | 当前状态    | 路扩展 | LRU touched
------------------------------------------------------------------
  0    |   域3      | 正常运行   |  是   |  430999989
  1    |   域0      | 正常运行   |  否   |  430999993
  2    |   域3      | 正常运行   |  是   |  430999959
  3    |   域2      | 正常运行   |  否   |  430999999
==================================================================

[动态重分配] 周期431000000：预约迁移 冗余域3(0%) -> 切片0 -> 饥饿域0(9%)
[切片剥夺] 周期431000000：切片0（所属域3）进入待剥夺状态，禁止新替换
[切片剥夺] 周期431000000：切片0在途请求已清空，开始执行脏行写回
[切片剥夺] 周期431000000：切片0无脏行，直接完成剥夺
[切片管理] 周期431000001：原域3仅剩1个切片，关闭路扩展模式
[动态重分配] 周期431000001：切片0写回完成，自动绑定到域0
[切片管理] 成功绑定切片0 → 安全域0，触发【路扩展模式】

======================== 切片硬件状态 ========================
切片号 | 所属安全域 | 当前状态    | 路扩展 | LRU touched
------------------------------------------------------------------
  0    |   域0      | 正常运行   |  是   |  431000001
  1    |   域0      | 正常运行   |  是   |  430999993
  2    |   域3      | 正常运行   |  否   |  431000001
  3    |   域2      | 正常运行   |  否   |  430999999
==================================================================


======================== 切片硬件状态 ========================
切片号 | 所属安全域 | 当前状态    | 路扩展 | LRU touched
------------------------------------------------------------------
  0    |   域0      | 正常运行   |  是   |  431999883
  1    |   域0      | 正常运行   |  是   |  432000000
  2    |   域3      | 正常运行   |  否   |  431999996
  3    |   域2      | 正常运行   |  否   |  431999991
==================================================================

[动态重分配] 周期432000000：预约迁移 冗余域0(0%) -> 切片1 -> 饥饿域3(21%)
[切片剥夺] 周期432000000：切片1（所属域0）进入待剥夺状态，禁止新替换
[切片剥夺] 周期432000000：切片1在途请求已清空，开始执行脏行写回
[切片剥夺] 周期432000000：切片1无脏行，直接完成剥夺
[切片管理] 周期432000001：原域0仅剩1个切片，关闭路扩展模式
[动态重分配] 周期432000001：切片1写回完成，自动绑定到域3
[切片管理] 成功绑定切片1 → 安全域3，触发【路扩展模式】

======================== 切片硬件状态 ========================
切片号 | 所属安全域 | 当前状态    | 路扩展 | LRU touched
------------------------------------------------------------------
  0    |   域0      | 正常运行   |  否   |  431999883
  1    |   域3      | 正常运行   |  是   |  432000001
  2    |   域3      | 正常运行   |  是   |  431999996
  3    |   域2      | 正常运行   |  否   |  432000001
==================================================================


======================== 切片硬件状态 ========================
切片号 | 所属安全域 | 当前状态    | 路扩展 | LRU touched
------------------------------------------------------------------
  0    |   域0      | 正常运行   |  否   |  432999985
  1    |   域3      | 正常运行   |  是   |  432999964
  2    |   域3      | 正常运行   |  是   |  432999995
  3    |   域2      | 正常运行   |  否   |  432999999
==================================================================

[动态重分配] 周期433000000：预约迁移 冗余域3(0%) -> 切片2 -> 饥饿域0(9%)
[切片剥夺] 周期433000000：切片2（所属域3）进入待剥夺状态，禁止新替换
[切片剥夺] 周期433000000：切片2在途请求已清空，开始执行脏行写回
[切片剥夺] 周期433000000：切片2无脏行，直接完成剥夺
[切片管理] 周期433000001：原域3仅剩1个切片，关闭路扩展模式
[动态重分配] 周期433000001：切片2写回完成，自动绑定到域0
[切片管理] 成功绑定切片2 → 安全域0，触发【路扩展模式】

======================== 切片硬件状态 ========================
切片号 | 所属安全域 | 当前状态    | 路扩展 | LRU touched
------------------------------------------------------------------
  0    |   域0      | 正常运行   |  是   |  432999985
  1    |   域3      | 正常运行   |  否   |  432999964
  2    |   域0      | 正常运行   |  是   |  433000001
  3    |   域2      | 正常运行   |  否   |  433000001
==================================================================


======================== 切片硬件状态 ========================
切片号 | 所属安全域 | 当前状态    | 路扩展 | LRU touched
------------------------------------------------------------------
  0    |   域0      | 正常运行   |  是   |  437999993
  1    |   域3      | 正常运行   |  否   |  438000000
  2    |   域0      | 正常运行   |  是   |  437999936
  3    |   域2      | 正常运行   |  否   |  437999990
==================================================================

[动态重分配] 周期438000000：预约迁移 冗余域0(0%) -> 切片0 -> 饥饿域3(22%)
[切片剥夺] 周期438000000：切片0（所属域0）进入待剥夺状态，禁止新替换
[切片剥夺] 周期438000000：切片0在途请求已清空，开始执行脏行写回
[切片剥夺] 周期438000000：切片0无脏行，直接完成剥夺
[切片管理] 周期438000001：原域0仅剩1个切片，关闭路扩展模式
[动态重分配] 周期438000001：切片0写回完成，自动绑定到域3
[切片管理] 成功绑定切片0 → 安全域3，触发【路扩展模式】

======================== 切片硬件状态 ========================
切片号 | 所属安全域 | 当前状态    | 路扩展 | LRU touched
------------------------------------------------------------------
  0    |   域3      | 正常运行   |  是   |  438000001
  1    |   域3      | 正常运行   |  是   |  438000000
  2    |   域0      | 正常运行   |  否   |  437999936
  3    |   域2      | 正常运行   |  否   |  437999990
==================================================================


======================== 切片硬件状态 ========================
切片号 | 所属安全域 | 当前状态    | 路扩展 | LRU touched
------------------------------------------------------------------
  0    |   域3      | 正常运行   |  是   |  439999941
  1    |   域3      | 正常运行   |  是   |  439999995
  2    |   域0      | 正常运行   |  否   |  439999999
  3    |   域2      | 正常运行   |  否   |  439999999
==================================================================

[动态重分配] 周期440000000：预约迁移 冗余域3(0%) -> 切片1 -> 饥饿域0(9%)
[切片剥夺] 周期440000000：切片1（所属域3）进入待剥夺状态，禁止新替换
[切片剥夺] 周期440000000：切片1在途请求已清空，开始执行脏行写回
[切片剥夺] 周期440000000：切片1无脏行，直接完成剥夺
[切片管理] 周期440000001：原域3仅剩1个切片，关闭路扩展模式
[动态重分配] 周期440000001：切片1写回完成，自动绑定到域0
[切片管理] 成功绑定切片1 → 安全域0，触发【路扩展模式】

======================== 切片硬件状态 ========================
切片号 | 所属安全域 | 当前状态    | 路扩展 | LRU touched
------------------------------------------------------------------
  0    |   域3      | 正常运行   |  否   |  439999941
  1    |   域0      | 正常运行   |  是   |  440000001
  2    |   域0      | 正常运行   |  是   |  439999999
  3    |   域2      | 正常运行   |  否   |  440000001
==================================================================


======================== 切片硬件状态 ========================
切片号 | 所属安全域 | 当前状态    | 路扩展 | LRU touched
------------------------------------------------------------------
  0    |   域3      | 正常运行   |  否   |  440999999
  1    |   域0      | 正常运行   |  是   |  440999953
  2    |   域0      | 正常运行   |  是   |  440999988
  3    |   域2      | 正常运行   |  否   |  440999998
==================================================================

[动态重分配] 周期441000000：预约迁移 冗余域0(0%) -> 切片2 -> 饥饿域3(21%)
[切片剥夺] 周期441000000：切片2（所属域0）进入待剥夺状态，禁止新替换
[切片剥夺] 周期441000000：切片2在途请求已清空，开始执行脏行写回
[切片剥夺] 周期441000000：切片2无脏行，直接完成剥夺
[切片管理] 周期441000001：原域0仅剩1个切片，关闭路扩展模式
[动态重分配] 周期441000001：切片2写回完成，自动绑定到域3
[切片管理] 成功绑定切片2 → 安全域3，触发【路扩展模式】

======================== 切片硬件状态 ========================
切片号 | 所属安全域 | 当前状态    | 路扩展 | LRU touched
------------------------------------------------------------------
  0    |   域3      | 正常运行   |  是   |  440999999
  1    |   域0      | 正常运行   |  否   |  440999953
  2    |   域3      | 正常运行   |  是   |  441000001
  3    |   域2      | 正常运行   |  否   |  441000001
==================================================================


======================== 切片硬件状态 ========================
切片号 | 所属安全域 | 当前状态    | 路扩展 | LRU touched
------------------------------------------------------------------
  0    |   域3      | 正常运行   |  是   |  443999991
  1    |   域0      | 正常运行   |  否   |  443999987
  2    |   域3      | 正常运行   |  是   |  443999971
  3    |   域2      | 正常运行   |  否   |  444000000
==================================================================

[动态重分配] 周期444000000：预约迁移 冗余域3(0%) -> 切片0 -> 饥饿域2(6%)
[切片剥夺] 周期444000000：切片0（所属域3）进入待剥夺状态，禁止新替换
[切片剥夺] 周期444000000：切片0在途请求已清空，开始执行脏行写回
[切片剥夺] 周期444000000：切片0无脏行，直接完成剥夺
[切片管理] 周期444000001：原域3仅剩1个切片，关闭路扩展模式
[动态重分配] 周期444000001：切片0写回完成，自动绑定到域2
[切片管理] 成功绑定切片0 → 安全域2，触发【路扩展模式】

======================== 切片硬件状态 ========================
切片号 | 所属安全域 | 当前状态    | 路扩展 | LRU touched
------------------------------------------------------------------
  0    |   域2      | 正常运行   |  是   |  444000001
  1    |   域0      | 正常运行   |  否   |  443999987
  2    |   域3      | 正常运行   |  否   |  444000001
  3    |   域2      | 正常运行   |  是   |  444000000
==================================================================


======================== 切片硬件状态 ========================
切片号 | 所属安全域 | 当前状态    | 路扩展 | LRU touched
------------------------------------------------------------------
  0    |   域2      | 正常运行   |  是   |  444999746
  1    |   域0      | 正常运行   |  否   |  444999998
  2    |   域3      | 正常运行   |  否   |  444999995
  3    |   域2      | 正常运行   |  是   |  444999991
==================================================================

[动态重分配] 周期445000000：预约迁移 冗余域2(3%) -> 切片3 -> 饥饿域3(22%)
[切片剥夺] 周期445000000：切片3（所属域2）进入待剥夺状态，禁止新替换
[切片剥夺] 周期445000000：切片3在途请求已清空，开始执行脏行写回
[切片管理] 周期445019776：原域2仅剩1个切片，关闭路扩展模式
[动态重分配] 周期445019776：切片3写回完成，自动绑定到域3
[切片管理] 成功绑定切片3 → 安全域3，触发【路扩展模式】

======================== 切片硬件状态 ========================
切片号 | 所属安全域 | 当前状态    | 路扩展 | LRU touched
------------------------------------------------------------------
  0    |   域2      | 正常运行   |  否   |  445019772
  1    |   域0      | 正常运行   |  否   |  445019776
  2    |   域3      | 正常运行   |  是   |  445019752
  3    |   域3      | 正常运行   |  是   |  445019776
==================================================================


======================== 切片硬件状态 ========================
切片号 | 所属安全域 | 当前状态    | 路扩展 | LRU touched
------------------------------------------------------------------
  0    |   域2      | 正常运行   |  否   |  449999999
  1    |   域0      | 正常运行   |  否   |  449999978
  2    |   域3      | 正常运行   |  是   |  449999992
  3    |   域3      | 正常运行   |  是   |  449999982
==================================================================

[动态重分配] 周期450000000：预约迁移 冗余域3(0%) -> 切片2 -> 饥饿域0(9%)
[切片剥夺] 周期450000000：切片2（所属域3）进入待剥夺状态，禁止新替换
[切片剥夺] 周期450000000：切片2在途请求已清空，开始执行脏行写回
[切片剥夺] 周期450000000：切片2无脏行，直接完成剥夺
[切片管理] 周期450000001：原域3仅剩1个切片，关闭路扩展模式
[动态重分配] 周期450000001：切片2写回完成，自动绑定到域0
[切片管理] 成功绑定切片2 → 安全域0，触发【路扩展模式】

======================== 切片硬件状态 ========================
切片号 | 所属安全域 | 当前状态    | 路扩展 | LRU touched
------------------------------------------------------------------
  0    |   域2      | 正常运行   |  否   |  450000001
  1    |   域0      | 正常运行   |  是   |  449999978
  2    |   域0      | 正常运行   |  是   |  450000001
  3    |   域3      | 正常运行   |  否   |  449999982
==================================================================


======================== 切片硬件状态 ========================
切片号 | 所属安全域 | 当前状态    | 路扩展 | LRU touched
------------------------------------------------------------------
  0    |   域2      | 正常运行   |  否   |  451000000
  1    |   域0      | 正常运行   |  是   |  450999985
  2    |   域0      | 正常运行   |  是   |  450999832
  3    |   域3      | 正常运行   |  否   |  450999996
==================================================================

[动态重分配] 周期451000000：预约迁移 冗余域0(0%) -> 切片1 -> 饥饿域3(21%)
[切片剥夺] 周期451000000：切片1（所属域0）进入待剥夺状态，禁止新替换
[切片剥夺] 周期451000000：切片1在途请求已清空，开始执行脏行写回
[切片剥夺] 周期451000000：切片1无脏行，直接完成剥夺
[切片管理] 周期451000001：原域0仅剩1个切片，关闭路扩展模式
[动态重分配] 周期451000001：切片1写回完成，自动绑定到域3
[切片管理] 成功绑定切片1 → 安全域3，触发【路扩展模式】

======================== 切片硬件状态 ========================
切片号 | 所属安全域 | 当前状态    | 路扩展 | LRU touched
------------------------------------------------------------------
  0    |   域2      | 正常运行   |  否   |  451000001
  1    |   域3      | 正常运行   |  是   |  451000001
  2    |   域0      | 正常运行   |  否   |  450999832
  3    |   域3      | 正常运行   |  是   |  450999996
==================================================================


======================== 切片硬件状态 ========================
切片号 | 所属安全域 | 当前状态    | 路扩展 | LRU touched
------------------------------------------------------------------
  0    |   域2      | 正常运行   |  否   |  459999999
  1    |   域3      | 正常运行   |  是   |  459999997
  2    |   域0      | 正常运行   |  否   |  459999990
  3    |   域3      | 正常运行   |  是   |  459999986
==================================================================

[动态重分配] 周期460000000：预约迁移 冗余域3(0%) -> 切片3 -> 饥饿域0(9%)
[切片剥夺] 周期460000000：切片3（所属域3）进入待剥夺状态，禁止新替换
[切片剥夺] 周期460000000：切片3在途请求已清空，开始执行脏行写回
[切片剥夺] 周期460000000：切片3无脏行，直接完成剥夺
[切片管理] 周期460000001：原域3仅剩1个切片，关闭路扩展模式
[动态重分配] 周期460000001：切片3写回完成，自动绑定到域0
[切片管理] 成功绑定切片3 → 安全域0，触发【路扩展模式】

======================== 切片硬件状态 ========================
切片号 | 所属安全域 | 当前状态    | 路扩展 | LRU touched
------------------------------------------------------------------
  0    |   域2      | 正常运行   |  否   |  459999999
  1    |   域3      | 正常运行   |  否   |  459999997
  2    |   域0      | 正常运行   |  是   |  459999990
  3    |   域0      | 正常运行   |  是   |  460000001
==================================================================


======================== 切片硬件状态 ========================
切片号 | 所属安全域 | 当前状态    | 路扩展 | LRU touched
------------------------------------------------------------------
  0    |   域2      | 正常运行   |  否   |  461000000
  1    |   域3      | 正常运行   |  否   |  461000000
  2    |   域0      | 正常运行   |  是   |  460999997
  3    |   域0      | 正常运行   |  是   |  460999924
==================================================================

[动态重分配] 周期461000000：预约迁移 冗余域0(0%) -> 切片2 -> 饥饿域3(21%)
[切片剥夺] 周期461000000：切片2（所属域0）进入待剥夺状态，禁止新替换
[切片剥夺] 周期461000000：切片2在途请求已清空，开始执行脏行写回
[切片剥夺] 周期461000000：切片2无脏行，直接完成剥夺
[切片管理] 周期461000001：原域0仅剩1个切片，关闭路扩展模式
[动态重分配] 周期461000001：切片2写回完成，自动绑定到域3
[切片管理] 成功绑定切片2 → 安全域3，触发【路扩展模式】

======================== 切片硬件状态 ========================
切片号 | 所属安全域 | 当前状态    | 路扩展 | LRU touched
------------------------------------------------------------------
  0    |   域2      | 正常运行   |  否   |  461000000
  1    |   域3      | 正常运行   |  是   |  461000000
  2    |   域3      | 正常运行   |  是   |  461000001
  3    |   域0      | 正常运行   |  否   |  460999924
==================================================================


======================== 切片硬件状态 ========================
切片号 | 所属安全域 | 当前状态    | 路扩展 | LRU touched
------------------------------------------------------------------
  0    |   域2      | 正常运行   |  否   |  469000000
  1    |   域3      | 正常运行   |  是   |  468999998
  2    |   域3      | 正常运行   |  是   |  468999990
  3    |   域0      | 正常运行   |  否   |  468999986
==================================================================

[动态重分配] 周期469000000：预约迁移 冗余域3(0%) -> 切片1 -> 饥饿域0(9%)
[切片剥夺] 周期469000000：切片1（所属域3）进入待剥夺状态，禁止新替换
[切片剥夺] 周期469000000：切片1在途请求已清空，开始执行脏行写回
[切片剥夺] 周期469000000：切片1无脏行，直接完成剥夺
[切片管理] 周期469000001：原域3仅剩1个切片，关闭路扩展模式
[动态重分配] 周期469000001：切片1写回完成，自动绑定到域0
[切片管理] 成功绑定切片1 → 安全域0，触发【路扩展模式】

======================== 切片硬件状态 ========================
切片号 | 所属安全域 | 当前状态    | 路扩展 | LRU touched
------------------------------------------------------------------
  0    |   域2      | 正常运行   |  否   |  469000000
  1    |   域0      | 正常运行   |  是   |  469000001
  2    |   域3      | 正常运行   |  否   |  468999990
  3    |   域0      | 正常运行   |  是   |  468999986
==================================================================


======================== 切片硬件状态 ========================
切片号 | 所属安全域 | 当前状态    | 路扩展 | LRU touched
------------------------------------------------------------------
  0    |   域2      | 正常运行   |  否   |  469999998
  1    |   域0      | 正常运行   |  是   |  469999985
  2    |   域3      | 正常运行   |  否   |  470000000
  3    |   域0      | 正常运行   |  是   |  469999997
==================================================================

[动态重分配] 周期470000000：预约迁移 冗余域0(0%) -> 切片3 -> 饥饿域3(22%)
[切片剥夺] 周期470000000：切片3（所属域0）进入待剥夺状态，禁止新替换
[切片剥夺] 周期470000000：切片3在途请求已清空，开始执行脏行写回
[切片剥夺] 周期470000000：切片3无脏行，直接完成剥夺
[切片管理] 周期470000001：原域0仅剩1个切片，关闭路扩展模式
[动态重分配] 周期470000001：切片3写回完成，自动绑定到域3
[切片管理] 成功绑定切片3 → 安全域3，触发【路扩展模式】

======================== 切片硬件状态 ========================
切片号 | 所属安全域 | 当前状态    | 路扩展 | LRU touched
------------------------------------------------------------------
  0    |   域2      | 正常运行   |  否   |  470000001
  1    |   域0      | 正常运行   |  否   |  469999985
  2    |   域3      | 正常运行   |  是   |  470000000
  3    |   域3      | 正常运行   |  是   |  470000001
==================================================================


======================== 切片硬件状态 ========================
切片号 | 所属安全域 | 当前状态    | 路扩展 | LRU touched
------------------------------------------------------------------
  0    |   域2      | 正常运行   |  否   |  478000000
  1    |   域0      | 正常运行   |  否   |  477999993
  2    |   域3      | 正常运行   |  是   |  477999977
  3    |   域3      | 正常运行   |  是   |  477999991
==================================================================

[动态重分配] 周期478000000：预约迁移 冗余域3(0%) -> 切片2 -> 饥饿域0(9%)
[切片剥夺] 周期478000000：切片2（所属域3）进入待剥夺状态，禁止新替换
[切片剥夺] 周期478000000：切片2在途请求已清空，开始执行脏行写回
[切片剥夺] 周期478000000：切片2无脏行，直接完成剥夺
[切片管理] 周期478000001：原域3仅剩1个切片，关闭路扩展模式
[动态重分配] 周期478000001：切片2写回完成，自动绑定到域0
[切片管理] 成功绑定切片2 → 安全域0，触发【路扩展模式】

======================== 切片硬件状态 ========================
切片号 | 所属安全域 | 当前状态    | 路扩展 | LRU touched
------------------------------------------------------------------
  0    |   域2      | 正常运行   |  否   |  478000001
  1    |   域0      | 正常运行   |  是   |  478000001
  2    |   域0      | 正常运行   |  是   |  478000001
  3    |   域3      | 正常运行   |  否   |  477999991
==================================================================


======================== 切片硬件状态 ========================
切片号 | 所属安全域 | 当前状态    | 路扩展 | LRU touched
------------------------------------------------------------------
  0    |   域2      | 正常运行   |  否   |  479000000
  1    |   域0      | 正常运行   |  是   |  478999996
  2    |   域0      | 正常运行   |  是   |  478999980
  3    |   域3      | 正常运行   |  否   |  478999995
==================================================================

[动态重分配] 周期479000000：预约迁移 冗余域0(0%) -> 切片1 -> 饥饿域3(22%)
[切片剥夺] 周期479000000：切片1（所属域0）进入待剥夺状态，禁止新替换
[切片剥夺] 周期479000000：切片1在途请求已清空，开始执行脏行写回
[切片剥夺] 周期479000000：切片1无脏行，直接完成剥夺
[切片管理] 周期479000001：原域0仅剩1个切片，关闭路扩展模式
[动态重分配] 周期479000001：切片1写回完成，自动绑定到域3
[切片管理] 成功绑定切片1 → 安全域3，触发【路扩展模式】

======================== 切片硬件状态 ========================
切片号 | 所属安全域 | 当前状态    | 路扩展 | LRU touched
------------------------------------------------------------------
  0    |   域2      | 正常运行   |  否   |  479000001
  1    |   域3      | 正常运行   |  是   |  479000001
  2    |   域0      | 正常运行   |  否   |  478999980
  3    |   域3      | 正常运行   |  是   |  478999995
==================================================================


======================== 切片硬件状态 ========================
切片号 | 所属安全域 | 当前状态    | 路扩展 | LRU touched
------------------------------------------------------------------
  0    |   域2      | 正常运行   |  否   |  479999995
  1    |   域3      | 正常运行   |  是   |  479999983
  2    |   域0      | 正常运行   |  否   |  479999996
  3    |   域3      | 正常运行   |  是   |  479999994
==================================================================

[动态重分配] 周期480000000：预约迁移 冗余域3(0%) -> 切片3 -> 饥饿域0(9%)
[切片剥夺] 周期480000000：切片3（所属域3）进入待剥夺状态，禁止新替换
[切片剥夺] 周期480000000：切片3在途请求已清空，开始执行脏行写回
[切片剥夺] 周期480000000：切片3无脏行，直接完成剥夺
[切片管理] 周期480000001：原域3仅剩1个切片，关闭路扩展模式
[动态重分配] 周期480000001：切片3写回完成，自动绑定到域0
[切片管理] 成功绑定切片3 → 安全域0，触发【路扩展模式】

======================== 切片硬件状态 ========================
切片号 | 所属安全域 | 当前状态    | 路扩展 | LRU touched
------------------------------------------------------------------
  0    |   域2      | 正常运行   |  否   |  479999995
  1    |   域3      | 正常运行   |  否   |  479999983
  2    |   域0      | 正常运行   |  是   |  479999996
  3    |   域0      | 正常运行   |  是   |  480000001
==================================================================


======================== 切片硬件状态 ========================
切片号 | 所属安全域 | 当前状态    | 路扩展 | LRU touched
------------------------------------------------------------------
  0    |   域2      | 正常运行   |  否   |  484999997
  1    |   域3      | 正常运行   |  否   |  484999999
  2    |   域0      | 正常运行   |  是   |  484999990
  3    |   域0      | 正常运行   |  是   |  484999989
==================================================================

[动态重分配] 周期485000000：预约迁移 冗余域0(0%) -> 切片2 -> 饥饿域3(22%)
[切片剥夺] 周期485000000：切片2（所属域0）进入待剥夺状态，禁止新替换
[切片剥夺] 周期485000000：切片2在途请求已清空，开始执行脏行写回
[切片剥夺] 周期485000000：切片2无脏行，直接完成剥夺
[切片管理] 周期485000001：原域0仅剩1个切片，关闭路扩展模式
[动态重分配] 周期485000001：切片2写回完成，自动绑定到域3
[切片管理] 成功绑定切片2 → 安全域3，触发【路扩展模式】

======================== 切片硬件状态 ========================
切片号 | 所属安全域 | 当前状态    | 路扩展 | LRU touched
------------------------------------------------------------------
  0    |   域2      | 正常运行   |  否   |  484999997
  1    |   域3      | 正常运行   |  是   |  484999999
  2    |   域3      | 正常运行   |  是   |  485000001
  3    |   域0      | 正常运行   |  否   |  484999989
==================================================================


======================== 切片硬件状态 ========================
切片号 | 所属安全域 | 当前状态    | 路扩展 | LRU touched
------------------------------------------------------------------
  0    |   域2      | 正常运行   |  否   |  488000000
  1    |   域3      | 正常运行   |  是   |  487999997
  2    |   域3      | 正常运行   |  是   |  487999969
  3    |   域0      | 正常运行   |  否   |  487999998
==================================================================

[动态重分配] 周期488000000：预约迁移 冗余域3(0%) -> 切片1 -> 饥饿域0(9%)
[切片剥夺] 周期488000000：切片1（所属域3）进入待剥夺状态，禁止新替换
[切片剥夺] 周期488000000：切片1在途请求已清空，开始执行脏行写回
[切片剥夺] 周期488000000：切片1无脏行，直接完成剥夺
[切片管理] 周期488000001：原域3仅剩1个切片，关闭路扩展模式
[动态重分配] 周期488000001：切片1写回完成，自动绑定到域0
[切片管理] 成功绑定切片1 → 安全域0，触发【路扩展模式】

======================== 切片硬件状态 ========================
切片号 | 所属安全域 | 当前状态    | 路扩展 | LRU touched
------------------------------------------------------------------
  0    |   域2      | 正常运行   |  否   |  488000001
  1    |   域0      | 正常运行   |  是   |  488000001
  2    |   域3      | 正常运行   |  否   |  487999969
  3    |   域0      | 正常运行   |  是   |  487999998
==================================================================


**** Early Exiting at 488777160 Cycles *****
========================================
 SMTSIM Global Statistics
========================================
Threads: 4		Fetch Width: 8
No of useful instructions fetched:	2000000110 (51.15% proc util.)
No of total instructions fetched:	2138135636 (54.68% proc util.)
 includes 9934 misfetch (0.0%), 138125592 (6.5%) wrong-path fetches
 and 0 flushed after failed lock(0.0%)
No of useful instructions issued/executed:	2000000073 (51.15% proc util.)
No of total instructions issued/executed:	2052957849 (52.50% proc util.)
 includes 52957776 wrong-path (2.6%) insts and 0 flushed (0.0%)
	fp 36, 0.00%
	synch 0, 0.00%
	integer 1785349250, 86.96%
	load/store 267608563, 13.04%
Avg size of int IQ (before scheduling): 32.45
Avg size of fp IQ (before scheduling): 0.00
No of cycles taken:		488777160
Parallelism [ 1.364, 0.000, 1.392, 1.336,] = 4.092
 IQ conflicts: 384653 (0.08%), FQ conflicts: 0 (0.00%) 
 I reg conflicts: 186814705 (38.22%), FP reg conflicts: 0 (0.00%)
  Activelist confs: 0 (0.00%), ROB confs: 0 (0.00%)
  Int unit conflicts: 650342335 (133.05%), FP unit conflicts: 0 (0.00%)
  Load/store unit conflicts: 3364212 (0.69%)
  MSHR conflicts: 9584396 (1.96%)
----------------------------------------
==== System-wide Cache Statistics ====
Stall for miss queue full 3913 cycles (0.00%)
----------------------------------------
==== Statistics for Master ID: 0 ====
Reads: 226085455   Writes: 5127
ICACHE: size: 64 KB assoc: 2
ICACHE: hits:191513267 misses:10  Hit Ratio: 100.00%
DCACHE: size: 2*16 KB assoc: 2*4
DCACHE: hits:31916744 misses:2660561 writebacks:323  Hit Ratio: 92.31%
SCACHE: size: 512 KB assoc: 2
SCACHE: hits:2651905 misses:8666  Hit Ratio: 99.67%
3CACHE: size: 4096 KB assoc: 2
3CACHE: hits:4557 misses:4109  Hit Ratio: 52.58%
3CACHE: dirty items replaced:1
ITLB: size: 48, misses 1, miss rate 0.00%
DTLB: size: 128, misses 101, miss rate 0.00%
Avg mem delay: 2.054 cycles
----------------------------------------
==== Statistics for Master ID: 2 ====
Reads: 352220603   Writes: 54744421
ICACHE: size: 64 KB assoc: 2
ICACHE: hits:212855720 misses:516  Hit Ratio: 100.00%
DCACHE: size: 1*16 KB assoc: 1*4
DCACHE: hits:187197210 misses:6916098 writebacks:3103526  Hit Ratio: 96.44%
SCACHE: size: 512 KB assoc: 2
SCACHE: hits:4656338 misses:2255756  Hit Ratio: 67.37%
3CACHE: size: 4096 KB assoc: 2
3CACHE: hits:66705 misses:2189051  Hit Ratio: 2.96%
3CACHE: dirty items replaced:63
ITLB: size: 48, misses 25, miss rate 0.00%
DTLB: size: 128, misses 92057, miss rate 0.05%
Avg mem delay: 2.054 cycles
----------------------------------------
==== Statistics for Master ID: 3 ====
Reads: 229451062   Writes: 35
ICACHE: size: 64 KB assoc: 2
ICACHE: hits:190528611 misses:23  Hit Ratio: 100.00%
DCACHE: size: 1*16 KB assoc: 1*4
DCACHE: hits:36173516 misses:2748946 writebacks:13  Hit Ratio: 92.94%
SCACHE: size: 512 KB assoc: 2
SCACHE: hits:2677911 misses:71058  Hit Ratio: 97.42%
3CACHE: size: 4096 KB assoc: 2
3CACHE: hits:56491 misses:14567  Hit Ratio: 79.50%
3CACHE: dirty items replaced:129
ITLB: size: 48, misses 4, miss rate 0.00%
DTLB: size: 128, misses 912, miss rate 0.00%
Avg mem delay: 2.054 cycles
----------------------------------------
==== Global Resource Utilization ====
STASH: size: 65536 entries, full 2238174259, empty 6781, misses 529, full rate 100.00
icache bank util. 0.325 0.208 0.083 0.040 0.066 0.113 0.116 0.266 
dcache bank util. 0.052 0.068 0.077 0.063 0.100 0.087 0.131 0.063 
L2 bank util. 0.019 0.019 0.019 0.020 0.019 0.019 0.021 0.026 
L1-L2 bus util. = 0.095, L3 util. = 0.045
----------------------------------------

======================== 切片硬件状态 ========================
切片号 | 所属安全域 | 当前状态    | 路扩展 | LRU touched
------------------------------------------------------------------
  0    |   域2      | 正常运行   |  否   |  488777159
  1    |   域0      | 正常运行   |  是   |  488777040
  2    |   域3      | 正常运行   |  否   |  488777151
  3    |   域0      | 正常运行   |  是   |  488777159
==================================================================

branch prediction, hits = 120270558, misses = 6080573, hit rate = 95.19%
return_stack prediction, hits = 4231265, misses = 10, hit rate = 100.00%
jump prediction, hits = 170843814, misses = 3040, hit rate = 100.00%
total IPC 4.092

=== Results saved to: ./results/seqacc_2_gzip-program_1_randacc_1.txt ===
