测试组合（多线程优先）：gcc-scilab.arg2 + cacheseq.arg + randacc.arg
执行命令：./smtsim gcc-scilab.arg2 cacheseq.arg randacc.arg
==================================================

动态重分配参数：每100万周期检查，阈值5
Process 0, Thread 0: gcc-scilab
Process 0, Thread 1: gcc-scilab
Process 2, Thread 2: cacheseq
Process 3, Thread 3: randacc
[切片调度] 新安全域0无任何切片，尝试分配空闲切片
[切片管理] 成功绑定切片0 → 安全域0

======================== 切片硬件状态 ========================
切片号 | 所属安全域 | 当前状态    | 路扩展 | LRU touched
------------------------------------------------------------------
  0    |   域0      | 正常运行   |  否   |  0
  1    |   域-1     | 切片空闲   |  否   |  0
  2    |   域-1     | 切片空闲   |  否   |  0
  3    |   域-1     | 切片空闲   |  否   |  0
==================================================================

[切片管理] 成功绑定切片1 → 安全域0，触发【路扩展模式】

======================== 切片硬件状态 ========================
切片号 | 所属安全域 | 当前状态    | 路扩展 | LRU touched
------------------------------------------------------------------
  0    |   域0      | 正常运行   |  是   |  0
  1    |   域0      | 正常运行   |  是   |  0
  2    |   域-1     | 切片空闲   |  否   |  0
  3    |   域-1     | 切片空闲   |  否   |  0
==================================================================

[切片调度] 新安全域2无任何切片，尝试分配空闲切片
[切片管理] 成功绑定切片2 → 安全域2

======================== 切片硬件状态 ========================
切片号 | 所属安全域 | 当前状态    | 路扩展 | LRU touched
------------------------------------------------------------------
  0    |   域0      | 正常运行   |  是   |  320
  1    |   域0      | 正常运行   |  是   |  0
  2    |   域2      | 正常运行   |  否   |  0
  3    |   域-1     | 切片空闲   |  否   |  0
==================================================================

[切片管理] 成功绑定切片3 → 安全域2，触发【路扩展模式】

======================== 切片硬件状态 ========================
切片号 | 所属安全域 | 当前状态    | 路扩展 | LRU touched
------------------------------------------------------------------
  0    |   域0      | 正常运行   |  是   |  320
  1    |   域0      | 正常运行   |  是   |  0
  2    |   域2      | 正常运行   |  是   |  0
  3    |   域2      | 正常运行   |  是   |  0
==================================================================

[切片调度] 新安全域3无任何切片，尝试分配空闲切片
[切片调度] 新安全域3未找到空闲切片，尝试剥夺切片
[切片替换] 优先从【路扩展切片】中选择LRU替换目标...
[切片替换] 找到路扩展切片作为受害者：切片1（最后访问：0）
[切片调度] 安全域3触发切片剥夺：从域0剥夺切片1
[切片剥夺] 周期535：切片1（所属域0）进入待剥夺状态，禁止新替换
[切片剥夺] 周期535：切片1在途请求已清空，开始执行脏行写回
[切片剥夺] 周期535：切片1无脏行，直接完成剥夺
[切片管理] 周期535：原域0仅剩1个切片，关闭路扩展模式
[动态重分配] 周期535：切片1写回完成，自动绑定到域3
[切片管理] 成功绑定切片1 → 安全域3

======================== 切片硬件状态 ========================
切片号 | 所属安全域 | 当前状态    | 路扩展 | LRU touched
------------------------------------------------------------------
  0    |   域0      | 正常运行   |  否   |  320
  1    |   域3      | 正常运行   |  否   |  535
  2    |   域2      | 正常运行   |  是   |  435
  3    |   域2      | 正常运行   |  是   |  0
==================================================================

[切片唤醒] 周期535：域3切片就绪，唤醒等待指令

**** Debug Statistics at 1000000 Cycles *****
Threads: 4		Fetch Width: 8
No of useful instructions fetched:	4389025 (54.86% proc util.)
No of total instructions fetched:	4667082 (58.34% proc util.)
 includes 21184 misfetch (0.5%), 256873 (5.5%) wrong-path fetches
 and 0 flushed after failed lock(0.0%)
No of useful instructions issued/executed:	4388952 (54.86% proc util.)
No of total instructions issued/executed:	4471804 (55.90% proc util.)
 includes 82852 wrong-path (1.9%) insts and 0 flushed (0.0%)
	fp 93, 0.00%
	synch 0, 0.00%
	integer 3624109, 81.04%
	load/store 847602, 18.95%
Avg size of int IQ (before scheduling): 34.45
Avg size of fp IQ (before scheduling): 0.00
No of cycles taken:		1000000
Parallelism [ 0.951, 0.000, 2.074, 1.365,] = 4.389
 IQ conflicts: 12793 (1.28%), FQ conflicts: 0 (0.00%) 
 I reg conflicts: 336798 (33.68%), FP reg conflicts: 0 (0.00%)
  Activelist confs: 2 (0.00%), ROB confs: 960 (0.10%)
  Int unit conflicts: 2985965 (298.60%), FP unit conflicts: 3 (0.00%)
  Load/store unit conflicts: 70714 (7.07%)
  MSHR conflicts: 113523 (11.35%)
----------------------------------------
==== System-wide Cache Statistics ====
Stall for miss queue full 0 cycles (0.00%)
----------------------------------------
==== Statistics for Master ID: 0 ====
Reads: 539541   Writes: 149542
ICACHE: size: 64 KB assoc: 2
ICACHE: hits:321813 misses:2059  Hit Ratio: 99.36%
DCACHE: size: 1*16 KB assoc: 1*4
DCACHE: hits:361456 misses:3755 writebacks:2638  Hit Ratio: 98.97%
SCACHE: size: 512 KB assoc: 2
SCACHE: hits:935 misses:4879  Hit Ratio: 16.08%
3CACHE: size: 4096 KB assoc: 2
3CACHE: hits:84 misses:4795  Hit Ratio: 1.72%
3CACHE: dirty items replaced:0
ITLB: size: 48, misses 130, miss rate 0.04%
DTLB: size: 128, misses 179, miss rate 0.05%
Avg mem delay: 1.041 cycles
----------------------------------------
==== Statistics for Master ID: 2 ====
Reads: 916570   Writes: 5158
ICACHE: size: 64 KB assoc: 2
ICACHE: hits:521055 misses:21  Hit Ratio: 100.00%
DCACHE: size: 2*16 KB assoc: 2*4
DCACHE: hits:400305 misses:347 writebacks:0  Hit Ratio: 99.91%
SCACHE: size: 512 KB assoc: 2
SCACHE: hits:0 misses:368  Hit Ratio: 0.00%
3CACHE: size: 4096 KB assoc: 2
3CACHE: hits:0 misses:368  Hit Ratio: 0.00%
3CACHE: dirty items replaced:0
ITLB: size: 48, misses 5, miss rate 0.00%
DTLB: size: 128, misses 16, miss rate 0.00%
Avg mem delay: 1.041 cycles
----------------------------------------
==== Statistics for Master ID: 3 ====
Reads: 524138   Writes: 34
ICACHE: size: 64 KB assoc: 2
ICACHE: hits:442636 misses:23  Hit Ratio: 99.99%
DCACHE: size: 1*16 KB assoc: 1*4
DCACHE: hits:63480 misses:18032 writebacks:12  Hit Ratio: 77.88%
SCACHE: size: 512 KB assoc: 2
SCACHE: hits:17250 misses:805  Hit Ratio: 95.54%
3CACHE: size: 4096 KB assoc: 2
3CACHE: hits:47 misses:758  Hit Ratio: 5.84%
3CACHE: dirty items replaced:0
ITLB: size: 48, misses 4, miss rate 0.00%
DTLB: size: 128, misses 22, miss rate 0.03%
Avg mem delay: 1.041 cycles
----------------------------------------
==== Global Resource Utilization ====
STASH: size: 65536 entries, full 4744681, empty 47649, misses 4526, full rate 98.91
icache bank util. 0.222 0.165 0.144 0.049 0.032 0.057 0.544 0.080 
dcache bank util. 0.099 0.109 0.079 0.086 0.098 0.161 0.161 0.129 
L2 bank util. 0.020 0.020 0.019 0.019 0.019 0.019 0.018 0.019 
L1-L2 bus util. = 0.081, L3 util. = 0.059
----------------------------------------

======================== 切片硬件状态 ========================
切片号 | 所属安全域 | 当前状态    | 路扩展 | LRU touched
------------------------------------------------------------------
  0    |   域0      | 正常运行   |  否   |  999999
  1    |   域3      | 正常运行   |  否   |  999999
  2    |   域2      | 正常运行   |  是   |  999998
  3    |   域2      | 正常运行   |  是   |  997551
==================================================================

branch prediction, hits = 572774, misses = 10729, hit rate = 98.16%
return_stack prediction, hits = 17506, misses = 21, hit rate = 99.88%
jump prediction, hits = 635082, misses = 5905, hit rate = 99.08%
 dgelq2_
======================== 切片硬件状态 ========================
切片号 | 所属安全域 | 当前状态    | 路扩展 | LRU touched
------------------------------------------------------------------
  0    |   域0      | 正常运行   |  否   |  5999997
  1    |   域3      | 正常运行   |  否   |  5999999
  2    |   域2      | 正常运行   |  是   |  5999965
  3    |   域2      | 正常运行   |  是   |  6000000
==================================================================

[动态重分配] 周期6000000：预约迁移 冗余域2(0%) -> 切片2 -> 饥饿域3(22%)
[切片剥夺] 周期6000000：切片2（所属域2）进入待剥夺状态，禁止新替换
[切片剥夺] 周期6000000：切片2在途请求已清空，开始执行脏行写回
[切片管理] 周期6023009：原域2仅剩1个切片，关闭路扩展模式
[动态重分配] 周期6023009：切片2写回完成，自动绑定到域3
[切片管理] 成功绑定切片2 → 安全域3，触发【路扩展模式】

======================== 切片硬件状态 ========================
切片号 | 所属安全域 | 当前状态    | 路扩展 | LRU touched
------------------------------------------------------------------
  0    |   域0      | 正常运行   |  否   |  6023007
  1    |   域3      | 正常运行   |  是   |  6023009
  2    |   域3      | 正常运行   |  是   |  6023009
  3    |   域2      | 正常运行   |  否   |  6023008
==================================================================


======================== 切片硬件状态 ========================
切片号 | 所属安全域 | 当前状态    | 路扩展 | LRU touched
------------------------------------------------------------------
  0    |   域0      | 正常运行   |  否   |  7999995
  1    |   域3      | 正常运行   |  是   |  7999979
  2    |   域3      | 正常运行   |  是   |  7999992
  3    |   域2      | 正常运行   |  否   |  8000000
==================================================================

[动态重分配] 周期8000000：预约迁移 冗余域3(0%) -> 切片1 -> 饥饿域2(6%)
[切片剥夺] 周期8000000：切片1（所属域3）进入待剥夺状态，禁止新替换
[切片剥夺] 周期8000000：切片1在途请求已清空，开始执行脏行写回
[切片剥夺] 周期8000000：切片1无脏行，直接完成剥夺
[切片管理] 周期8000001：原域3仅剩1个切片，关闭路扩展模式
[动态重分配] 周期8000001：切片1写回完成，自动绑定到域2
[切片管理] 成功绑定切片1 → 安全域2，触发【路扩展模式】

======================== 切片硬件状态 ========================
切片号 | 所属安全域 | 当前状态    | 路扩展 | LRU touched
------------------------------------------------------------------
  0    |   域0      | 正常运行   |  否   |  8000001
  1    |   域2      | 正常运行   |  是   |  8000001
  2    |   域3      | 正常运行   |  否   |  8000001
  3    |   域2      | 正常运行   |  是   |  8000000
==================================================================


======================== 切片硬件状态 ========================
切片号 | 所属安全域 | 当前状态    | 路扩展 | LRU touched
------------------------------------------------------------------
  0    |   域0      | 正常运行   |  否   |  8999979
  1    |   域2      | 正常运行   |  是   |  8997504
  2    |   域3      | 正常运行   |  否   |  8999990
  3    |   域2      | 正常运行   |  是   |  9000000
==================================================================

[动态重分配] 周期9000000：预约迁移 冗余域2(0%) -> 切片3 -> 饥饿域3(21%)
[切片剥夺] 周期9000000：切片3（所属域2）进入待剥夺状态，禁止新替换
[切片剥夺] 周期9000000：切片3在途请求已清空，开始执行脏行写回
[切片剥夺] 周期9000000：切片3无脏行，直接完成剥夺
[切片管理] 周期9000001：原域2仅剩1个切片，关闭路扩展模式
[动态重分配] 周期9000001：切片3写回完成，自动绑定到域3
[切片管理] 成功绑定切片3 → 安全域3，触发【路扩展模式】

======================== 切片硬件状态 ========================
切片号 | 所属安全域 | 当前状态    | 路扩展 | LRU touched
------------------------------------------------------------------
  0    |   域0      | 正常运行   |  否   |  8999979
  1    |   域2      | 正常运行   |  否   |  8997504
  2    |   域3      | 正常运行   |  是   |  8999990
  3    |   域3      | 正常运行   |  是   |  9000001
==================================================================


======================== 切片硬件状态 ========================
切片号 | 所属安全域 | 当前状态    | 路扩展 | LRU touched
------------------------------------------------------------------
  0    |   域0      | 正常运行   |  否   |  11999995
  1    |   域2      | 正常运行   |  否   |  11999999
  2    |   域3      | 正常运行   |  是   |  11999990
  3    |   域3      | 正常运行   |  是   |  11999990
==================================================================

[动态重分配] 周期12000000：预约迁移 冗余域3(0%) -> 切片2 -> 饥饿域2(6%)
[切片剥夺] 周期12000000：切片2（所属域3）进入待剥夺状态，禁止新替换
[切片剥夺] 周期12000000：切片2在途请求已清空，开始执行脏行写回
[切片剥夺] 周期12000000：切片2无脏行，直接完成剥夺
[切片管理] 周期12000001：原域3仅剩1个切片，关闭路扩展模式
[动态重分配] 周期12000001：切片2写回完成，自动绑定到域2
[切片管理] 成功绑定切片2 → 安全域2，触发【路扩展模式】

======================== 切片硬件状态 ========================
切片号 | 所属安全域 | 当前状态    | 路扩展 | LRU touched
------------------------------------------------------------------
  0    |   域0      | 正常运行   |  否   |  11999995
  1    |   域2      | 正常运行   |  是   |  11999999
  2    |   域2      | 正常运行   |  是   |  12000001
  3    |   域3      | 正常运行   |  否   |  11999990
==================================================================


======================== 切片硬件状态 ========================
切片号 | 所属安全域 | 当前状态    | 路扩展 | LRU touched
------------------------------------------------------------------
  0    |   域0      | 正常运行   |  否   |  13999998
  1    |   域2      | 正常运行   |  是   |  14000000
  2    |   域2      | 正常运行   |  是   |  13994263
  3    |   域3      | 正常运行   |  否   |  13999994
==================================================================

[动态重分配] 周期14000000：预约迁移 冗余域2(0%) -> 切片1 -> 饥饿域3(21%)
[切片剥夺] 周期14000000：切片1（所属域2）进入待剥夺状态，禁止新替换
[切片剥夺] 周期14000000：切片1在途请求已清空，开始执行脏行写回
[切片剥夺] 周期14000000：切片1无脏行，直接完成剥夺
[切片管理] 周期14000001：原域2仅剩1个切片，关闭路扩展模式
[动态重分配] 周期14000001：切片1写回完成，自动绑定到域3
[切片管理] 成功绑定切片1 → 安全域3，触发【路扩展模式】

======================== 切片硬件状态 ========================
切片号 | 所属安全域 | 当前状态    | 路扩展 | LRU touched
------------------------------------------------------------------
  0    |   域0      | 正常运行   |  否   |  14000001
  1    |   域3      | 正常运行   |  是   |  14000001
  2    |   域2      | 正常运行   |  否   |  13994263
  3    |   域3      | 正常运行   |  是   |  13999994
==================================================================


======================== 切片硬件状态 ========================
切片号 | 所属安全域 | 当前状态    | 路扩展 | LRU touched
------------------------------------------------------------------
  0    |   域0      | 正常运行   |  否   |  14999999
  1    |   域3      | 正常运行   |  是   |  14999962
  2    |   域2      | 正常运行   |  否   |  15000000
  3    |   域3      | 正常运行   |  是   |  14999993
==================================================================

[动态重分配] 周期15000000：预约迁移 冗余域3(0%) -> 切片3 -> 饥饿域2(6%)
[切片剥夺] 周期15000000：切片3（所属域3）进入待剥夺状态，禁止新替换
[切片剥夺] 周期15000000：切片3在途请求已清空，开始执行脏行写回
[切片剥夺] 周期15000000：切片3无脏行，直接完成剥夺
[切片管理] 周期15000001：原域3仅剩1个切片，关闭路扩展模式
[动态重分配] 周期15000001：切片3写回完成，自动绑定到域2
[切片管理] 成功绑定切片3 → 安全域2，触发【路扩展模式】

======================== 切片硬件状态 ========================
切片号 | 所属安全域 | 当前状态    | 路扩展 | LRU touched
------------------------------------------------------------------
  0    |   域0      | 正常运行   |  否   |  14999999
  1    |   域3      | 正常运行   |  否   |  14999962
  2    |   域2      | 正常运行   |  是   |  15000001
  3    |   域2      | 正常运行   |  是   |  15000001
==================================================================


======================== 切片硬件状态 ========================
切片号 | 所属安全域 | 当前状态    | 路扩展 | LRU touched
------------------------------------------------------------------
  0    |   域0      | 正常运行   |  否   |  17999994
  1    |   域3      | 正常运行   |  否   |  17999996
  2    |   域2      | 正常运行   |  是   |  18000000
  3    |   域2      | 正常运行   |  是   |  17996259
==================================================================

[动态重分配] 周期18000000：预约迁移 冗余域2(0%) -> 切片2 -> 饥饿域3(22%)
[切片剥夺] 周期18000000：切片2（所属域2）进入待剥夺状态，禁止新替换
[切片剥夺] 周期18000000：切片2在途请求已清空，开始执行脏行写回
[切片剥夺] 周期18000000：切片2无脏行，直接完成剥夺
[切片管理] 周期18000001：原域2仅剩1个切片，关闭路扩展模式
[动态重分配] 周期18000001：切片2写回完成，自动绑定到域3
[切片管理] 成功绑定切片2 → 安全域3，触发【路扩展模式】

======================== 切片硬件状态 ========================
切片号 | 所属安全域 | 当前状态    | 路扩展 | LRU touched
------------------------------------------------------------------
  0    |   域0      | 正常运行   |  否   |  17999994
  1    |   域3      | 正常运行   |  是   |  17999996
  2    |   域3      | 正常运行   |  是   |  18000001
  3    |   域2      | 正常运行   |  否   |  18000001
==================================================================


======================== 切片硬件状态 ========================
切片号 | 所属安全域 | 当前状态    | 路扩展 | LRU touched
------------------------------------------------------------------
  0    |   域0      | 正常运行   |  否   |  19999996
  1    |   域3      | 正常运行   |  是   |  19999979
  2    |   域3      | 正常运行   |  是   |  19999991
  3    |   域2      | 正常运行   |  否   |  19999999
==================================================================

[动态重分配] 周期20000000：预约迁移 冗余域3(0%) -> 切片1 -> 饥饿域2(6%)
[切片剥夺] 周期20000000：切片1（所属域3）进入待剥夺状态，禁止新替换
[切片剥夺] 周期20000000：切片1在途请求已清空，开始执行脏行写回
[切片剥夺] 周期20000000：切片1无脏行，直接完成剥夺
[切片管理] 周期20000001：原域3仅剩1个切片，关闭路扩展模式
[动态重分配] 周期20000001：切片1写回完成，自动绑定到域2
[切片管理] 成功绑定切片1 → 安全域2，触发【路扩展模式】

======================== 切片硬件状态 dgelqf_ ========================
切片号 | 所属安全域 | 当前状态    | 路扩展 | LRU touched
------------------------------------------------------------------
  0    |   域0      | 正常运行   |  否   |  19999996
  1    |   域2      | 正常运行   |  是   |  20000001
  2    |   域3      | 正常运行   |  否   |  20000001
  3    |   域2      | 正常运行   |  是   |  20000001
==================================================================


======================== 切片硬件状态 ========================
切片号 | 所属安全域 | 当前状态    | 路扩展 | LRU touched
------------------------------------------------------------------
  0    |   域0      | 正常运行   |  否   |  20999970
  1    |   域2      | 正常运行   |  是   |  20997864
  2    |   域3      | 正常运行   |  否   |  20999999
  3    |   域2      | 正常运行   |  是   |  20999999
==================================================================

[动态重分配] 周期21000000：预约迁移 冗余域2(0%) -> 切片3 -> 饥饿域3(22%)
[切片剥夺] 周期21000000：切片3（所属域2）进入待剥夺状态，禁止新替换
[切片剥夺] 周期21000000：切片3在途请求已清空，开始执行脏行写回
[切片剥夺] 周期21000000：切片3无脏行，直接完成剥夺
[切片管理] 周期21000001：原域2仅剩1个切片，关闭路扩展模式
[动态重分配] 周期21000001：切片3写回完成，自动绑定到域3
[切片管理] 成功绑定切片3 → 安全域3，触发【路扩展模式】

======================== 切片硬件状态 ========================
切片号 | 所属安全域 | 当前状态    | 路扩展 | LRU touched
------------------------------------------------------------------
  0    |   域0      | 正常运行   |  否   |  20999970
  1    |   域2      | 正常运行   |  否   |  21000001
  2    |   域3      | 正常运行   |  是   |  20999999
  3    |   域3      | 正常运行   |  是   |  21000001
==================================================================


======================== 切片硬件状态 ========================
切片号 | 所属安全域 | 当前状态    | 路扩展 | LRU touched
------------------------------------------------------------------
  0    |   域0      | 正常运行   |  否   |  24000000
  1    |   域2      | 正常运行   |  否   |  23999999
  2    |   域3      | 正常运行   |  是   |  23999990
  3    |   域3      | 正常运行   |  是   |  23999962
==================================================================

[动态重分配] 周期24000000：预约迁移 冗余域3(0%) -> 切片2 -> 饥饿域2(6%)
[切片剥夺] 周期24000000：切片2（所属域3）进入待剥夺状态，禁止新替换
[切片剥夺] 周期24000000：切片2在途请求已清空，开始执行脏行写回
[切片剥夺] 周期24000000：切片2无脏行，直接完成剥夺
[切片管理] 周期24000001：原域3仅剩1个切片，关闭路扩展模式
[动态重分配] 周期24000001：切片2写回完成，自动绑定到域2
[切片管理] 成功绑定切片2 → 安全域2，触发【路扩展模式】

======================== 切片硬件状态 ========================
切片号 | 所属安全域 | 当前状态    | 路扩展 | LRU touched
------------------------------------------------------------------
  0    |   域0      | 正常运行   |  否   |  24000000
  1    |   域2      | 正常运行   |  是   |  23999999
  2    |   域2      | 正常运行   |  是   |  24000001
  3    |   域3      | 正常运行   |  否   |  23999962
==================================================================


======================== 切片硬件状态 ========================
切片号 | 所属安全域 | 当前状态    | 路扩展 | LRU touched
------------------------------------------------------------------
  0    |   域0      | 正常运行   |  否   |  25999994
  1    |   域2      | 正常运行   |  是   |  25999999
  2    |   域2      | 正常运行   |  是   |  25997015
  3    |   域3      | 正常运行   |  否   |  25999998
==================================================================

[动态重分配] 周期26000000：预约迁移 冗余域2(0%) -> 切片1 -> 饥饿域3(22%)
[切片剥夺] 周期26000000：切片1（所属域2）进入待剥夺状态，禁止新替换
[切片剥夺] 周期26000000：切片1在途请求已清空，开始执行脏行写回
[切片剥夺] 周期26000000：切片1无脏行，直接完成剥夺
[切片管理] 周期26000001：原域2仅剩1个切片，关闭路扩展模式
[动态重分配] 周期26000001：切片1写回完成，自动绑定到域3
[切片管理] 成功绑定切片1 → 安全域3，触发【路扩展模式】

======================== 切片硬件状态 ========================
切片号 | 所属安全域 | 当前状态    | 路扩展 | LRU touched
------------------------------------------------------------------
  0    |   域0      | 正常运行   |  否   |  25999994
  1    |   域3      | 正常运行   |  是   |  26000001
  2    |   域2      | 正常运行   |  否   |  26000001
  3    |   域3      | 正常运行   |  是   |  25999998
==================================================================


======================== 切片硬件状态 ========================
切片号 | 所属安全域 | 当前状态    | 路扩展 | LRU touched
------------------------------------------------------------------
  0    |   域0      | 正常运行   |  否   |  27000000
  1    |   域3      | 正常运行   |  是   |  26999932
  2    |   域2      | 正常运行   |  否   |  26999999
  3    |   域3      | 正常运行   |  是   |  26999993
==================================================================

[动态重分配] 周期27000000：预约迁移 冗余域3(0%) -> 切片3 -> 饥饿域2(6%)
[切片剥夺] 周期27000000：切片3（所属域3）进入待剥夺状态，禁止新替换
[切片剥夺] 周期27000000：切片3在途请求已清空，开始执行脏行写回
[切片剥夺] 周期27000000：切片3无脏行，直接完成剥夺
[切片管理] 周期27000001：原域3仅剩1个切片，关闭路扩展模式
[动态重分配] 周期27000001：切片3写回完成，自动绑定到域2
[切片管理] 成功绑定切片3 → 安全域2，触发【路扩展模式】

======================== 切片硬件状态 ========================
切片号 | 所属安全域 | 当前状态    | 路扩展 | LRU touched
------------------------------------------------------------------
  0    |   域0      | 正常运行   |  否   |  27000001
  1    |   域3      | 正常运行   |  否   |  26999932
  2    |   域2      | 正常运行   |  是   |  26999999
  3    |   域2      | 正常运行   |  是   |  27000001
==================================================================


======================== 切片硬件状态 ========================
切片号 | 所属安全域 | 当前状态    | 路扩展 | LRU touched
------------------------------------------------------------------
  0    |   域0      | 正常运行   |  否   |  30000000
  1    |   域3      | 正常运行   |  否   |  29999987
  2    |   域2      | 正常运行   |  是   |  29999998
  3    |   域2      | 正常运行   |  是   |  29994242
==================================================================

[动态重分配] 周期30000000：预约迁移 冗余域2(0%) -> 切片2 -> 饥饿域3(22%)
[切片剥夺] 周期30000000：切片2（所属域2）进入待剥夺状态，禁止新替换
[切片剥夺] 周期30000000：切片2在途请求已清空，开始执行脏行写回
[切片剥夺] 周期30000000：切片2无脏行，直接完成剥夺
[切片管理] 周期30000001：原域2仅剩1个切片，关闭路扩展模式
[动态重分配] 周期30000001：切片2写回完成，自动绑定到域3
[切片管理] 成功绑定切片2 → 安全域3，触发【路扩展模式】

======================== 切片硬件状态 ========================
切片号 | 所属安全域 | 当前状态    | 路扩展 | LRU touched
------------------------------------------------------------------
  0    |   域0      | 正常运行   |  否   |  30000001
  1    |   域3      | 正常运行   |  是   |  29999987
  2    |   域3      | 正常运行   |  是   |  30000001
  3    |   域2      | 正常运行   |  否   |  29994242
==================================================================


======================== 切片硬件状态 ========================
切片号 | 所属安全域 | 当前状态    | 路扩展 | LRU touched
------------------------------------------------------------------
  0    |   域0      | 正常运行   |  否   |  31999997
  1    |   域3      | 正常运行   |  是   |  31999996
  2    |   域3      | 正常运行   |  是   |  31999977
  3    |   域2      | 正常运行   |  否   |  32000000
==================================================================

[动态重分配] 周期32000000：预约迁移 冗余域3(0%) -> 切片1 -> 饥饿域2(6%)
[切片剥夺] 周期32000000：切片1（所属域3）进入待剥夺状态，禁止新替换
[切片剥夺] 周期32000000：切片1在途请求已清空，开始执行脏行写回
[切片剥夺] 周期32000000：切片1无脏行，直接完成剥夺
[切片管理] 周期32000001：原域3仅剩1个切片，关闭路扩展模式
[动态重分配] 周期32000001：切片1写回完成，自动绑定到域2
[切片管理] 成功绑定切片1 → 安全域2，触发【路扩展模式】

======================== 切片硬件状态 ========================
切片号 | 所属安全域 | 当前状态    | 路扩展 | LRU touched
------------------------------------------------------------------
  0    |   域0      | 正常运行   |  否   |  32000001
  1    |   域2      | 正常运行   |  是   |  32000001
  2    |   域3      | 正常运行   |  否   |  31999977
  3    |   域2      | 正常运行   |  是   |  32000001
==================================================================


======================== 切片硬件状态 ========================
切片号 | 所属安全域 | 当前状态    | 路扩展 | LRU touched
------------------------------------------------------------------
  0    |   域0      | 正常运行   |  否   |  33000000
  1    |   域2      | 正常运行   |  是   |  32999998
  2    |   域3      | 正常运行   |  否   |  32999989
  3    |   域2      | 正常运行   |  是   |  32998555
==================================================================

[动态重分配] 周期33000000：预约迁移 冗余域2(0%) -> 切片3 -> 饥饿域3(22%)
[切片剥夺] 周期33000000：切片3（所属域2）进入待剥夺状态，禁止新替换
[切片剥夺] 周期33000000：切片3在途请求已清空，开始执行脏行写回
[切片剥夺] 周期33000000：切片3无脏行，直接完成剥夺
[切片管理] 周期33000001：原域2仅剩1个切片，关闭路扩展模式
[动态重分配] 周期33000001：切片3写回完成，自动绑定到域3
[切片管理] 成功绑定切片3 → 安全域3，触发【路扩展模式】

======================== 切片硬件状态 ========================
切片号 | 所属安全域 | 当前状态    | 路扩展 | LRU touched
------------------------------------------------------------------
  0    |   域0      | 正常运行   |  否   |  33000001
  1    |   域2      | 正常运行   |  否   |  33000001
  2    |   域3      | 正常运行   |  是   |  32999989
  3    |   域3      | 正常运行   |  是   |  33000001
==================================================================


======================== 切片硬件状态 ========================
切片号 | 所属安全域 | 当前状态    | 路扩展 | LRU touched
------------------------------------------------------------------
  0    |   域0      | 正常运行   |  否   |  35999999
  1    |   域2      | 正常运行   |  否   |  36000000
  2    |   域3      | 正常运行   |  是   |  36000000
  3    |   域3      | 正常运行   |  是   |  35999968
==================================================================

[动态重分配] 周期36000000：预约迁移 冗余域3(0%) -> 切片2 -> 饥饿域2(6%)
[切片剥夺] 周期36000000：切片2（所属域3）进入待剥夺状态，禁止新替换
[切片剥夺] 周期36000000：切片2在途请求已清空，开始执行脏行写回
[切片剥夺] 周期36000000：切片2无脏行，直接完成剥夺
[切片管理] 周期36000001：原域3仅剩1个切片，关闭路扩展模式
[动态重分配] 周期36000001：切片2写回完成，自动绑定到域2
[切片管理] 成功绑定切片2 → 安全域2，触发【路扩展模式】

======================== 切片硬件状态 ========================
切片号 | 所属安全域 | 当前状态    | 路扩展 | LRU touched
------------------------------------------------------------------
  0    |   域0      | 正常运行   |  否   |  35999999
  1    |   域2      | 正常运行   |  是   |  36000001
  2    |   域2      | 正常运行   |  是   |  36000001
  3    |   域3      | 正常运行   |  否   |  35999968
==================================================================


======================== 切片硬件状态 ========================
切片号 | 所属安全域 | 当前状态    | 路扩展 | LRU touched
------------------------------------------------------------------
  0    |   域0      | 正常运行   |  否   |  38000000
  1    |   域2      | 正常运行   |  是   |  37998716
  2    |   域2      | 正常运行   |  是   |  38000000
  3    |   域3      | 正常运行   |  否   |  37999994
==================================================================

[动态重分配] 周期38000000：预约迁移 冗余域2(0%) -> 切片1 -> 饥饿域3(22%)
[切片剥夺] 周期38000000：切片1（所属域2）进入待剥夺状态，禁止新替换
[切片剥夺] 周期38000000：切片1在途请求已清空，开始执行脏行写回
[切片剥夺] 周期38000000：切片1无脏行，直接完成剥夺
[切片管理] 周期38000001：原域2仅剩1个切片，关闭路扩展模式
[动态重分配] 周期38000001：切片1写回完成，自动绑定到域3
[切片管理] 成功绑定切片1 → 安全域3，触发【路扩展模式】

======================== 切片硬件状态 ========================
切片号 | 所属安全域 | 当前状态    | 路扩展 | LRU touched
------------------------------------------------------------------
  0    |   域0      | 正常运行   |  否   |  38000001
  1    |   域3      | 正常运行   |  是   |  38000001
  2    |   域2      | 正常运行   |  否   |  38000000
  3    |   域3      | 正常运行   |  是   |  37999994
==================================================================


======================== 切片硬件状态 ========================
切片号 | 所属安全域 | 当前状态    | 路扩展 | LRU touched
------------------------------------------------------------------
  0    |   域0      | 正常运行   |  否   |  38999996
  1    |   域3      | 正常运行   |  是   |  38999975
  2    |   域2      | 正常运行   |  否   |  39000000
  3    |   域3      | 正常运行   |  是   |  38999989
==================================================================

[动态重分配] 周期39000000：预约迁移 冗余域3(0%) -> 切片3 -> 饥饿域2(6%)
[切片剥夺] 周期39000000：切片3（所属域3）进入待剥夺状态，禁止新替换
[切片剥夺] 周期39000000：切片3在途请求已清空，开始执行脏行写回
[切片剥夺] 周期39000000：切片3无脏行，直接完成剥夺
[切片管理] 周期39000001：原域3仅剩1个切片，关闭路扩展模式
[动态重分配] 周期39000001：切片3写回完成，自动绑定到域2
[切片管理] 成功绑定切片3 → 安全域2，触发【路扩展模式】

======================== 切片硬件状态 ========================
切片号 | 所属安全域 | 当前状态    | 路扩展 | LRU touched
------------------------------------------------------------------
  0    |   域0      | 正常运行   |  否   |  38999996
  1    |   域3      | 正常运行   |  否   |  38999975
  2    |   域2      | 正常运行   |  是   |  39000001
  3    |   域2      | 正常运行   |  是   |  39000001
==================================================================


======================== 切片硬件状态 ========================
切片号 | 所属安全域 | 当前状态    | 路扩展 | LRU touched
------------------------------------------------------------------
  0    |   域0      | 正常运行   |  否   |  42000000
  1    |   域3      | 正常运行   |  否   |  41999996
  2    |   域2      | 正常运行   |  是   |  42000000
  3    |   域2      | 正常运行   |  是   |  41999177
==================================================================

[动态重分配] 周期42000000：预约迁移 冗余域2(0%) -> 切片2 -> 饥饿域3(22%)
[切片剥夺] 周期42000000：切片2（所属域2）进入待剥夺状态，禁止新替换
[切片剥夺] 周期42000000：切片2在途请求已清空，开始执行脏行写回
[切片剥夺] 周期42000000：切片2无脏行，直接完成剥夺
[切片管理] 周期42000001：原域2仅剩1个切片，关闭路扩展模式
[动态重分配] 周期42000001：切片2写回完成，自动绑定到域3
[切片管理] 成功绑定切片2 → 安全域3，触发【路扩展模式】

======================== 切片硬件状态 ========================
切片号 | 所属安全域 | 当前状态    | 路扩展 | LRU touched
------------------------------------------------------------------
  0    |   域0      | 正常运行   |  否   |  42000001
  1    |   域3      | 正常运行   |  是   |  41999996
  2    |   域3      | 正常运行   |  是   |  42000001
  3    |   域2      | 正常运行   |  否   |  42000001
==================================================================


======================== 切片硬件状态 ========================
切片号 | 所属安全域 | 当前状态    | 路扩展 | LRU touched
------------------------------------------------------------------
  0    |   域0      | 正常运行   |  否   |  43999996
  1    |   域3      | 正常运行   |  是   |  43999989
  2    |   域3      | 正常运行   |  是   |  43999934
  3    |   域2      | 正常运行   |  否   |  44000000
==================================================================

[动态重分配] 周期44000000：预约迁移 冗余域3(0%) -> 切片1 -> 饥饿域2(6%)
[切片剥夺] 周期44000000：切片1（所属域3）进入待剥夺状态，禁止新替换
[切片剥夺] 周期44000000：切片1在途请求已清空，开始执行脏行写回
[切片剥夺] 周期44000000：切片1无脏行，直接完成剥夺
[切片管理] 周期44000001：原域3仅剩1个切片，关闭路扩展模式
[动态重分配] 周期44000001：切片1写回完成，自动绑定到域2
[切片管理] 成功绑定切片1 → 安全域2，触发【路扩展模式】

======================== 切片硬件状态 ========================
切片号 | 所属安全域 | 当前状态    | 路扩展 | LRU touched
------------------------------------------------------------------
  0    |   域0      | 正常运行   |  否   |  43999996
  1    |   域2      | 正常运行   |  是   |  44000001
  2    |   域3      | 正常运行   |  否   |  44000001
  3    |   域2      | 正常运行   |  是   |  44000001
==================================================================


======================== 切片硬件状态 ========================
切片号 | 所属安全域 | 当前状态    | 路扩展 | LRU touched
------------------------------------------------------------------
  0    |   域0      | 正常运行   |  否   |  45000000
  1    |   域2      | 正常运行   |  是   |  44999997
  2    |   域3      | 正常运行   |  否   |  44999990
  3    |   域2      | 正常运行   |  是   |  44998988
==================================================================

[动态重分配] 周期45000000：预约迁移 冗余域2(0%) -> 切片3 -> 饥饿域3(22%)
[切片剥夺] 周期45000000：切片3（所属域2）进入待剥夺状态，禁止新替换
[切片剥夺] 周期45000000：切片3在途请求已清空，开始执行脏行写回
[切片剥夺] 周期45000000：切片3无脏行，直接完成剥夺
[切片管理] 周期45000001：原域2仅剩1个切片，关闭路扩展模式
[动态重分配] 周期45000001：切片3写回完成，自动绑定到域3
[切片管理] 成功绑定切片3 → 安全域3，触发【路扩展模式】

======================== 切片硬件状态 ========================
切片号 | 所属安全域 | 当前状态    | 路扩展 | LRU touched
------------------------------------------------------------------
  0    |   域0      | 正常运行   |  否   |  45000001
  1    |   域2      | 正常运行   |  否   |  45000001
  2    |   域3      | 正常运行   |  是   |  44999990
  3    |   域3      | 正常运行   |  是   |  45000001
==================================================================


======================== 切片硬件状态 ========================
切片号 | 所属安全域 | 当前状态    | 路扩展 | LRU touched
------------------------------------------------------------------
  0    |   域0      | 正常运行   |  否   |  47999999
  1    |   域2      | 正常运行   |  否   |  48000000
  2    |   域3      | 正常运行   |  是   |  47999995
  3    |   域3      | 正常运行   |  是   |  47999986
==================================================================

[动态重分配] 周期48000000：预约迁移 冗余域3(0%) -> 切片2 -> 饥饿域2(6%)
[切片剥夺] 周期48000000：切片2（所属域3）进入待剥夺状态，禁止新替换
[切片剥夺] 周期48000000：切片2在途请求已清空，开始执行脏行写回
[切片剥夺] 周期48000000：切片2无脏行，直接完成剥夺
[切片管理] 周期48000001：原域3仅剩1个切片，关闭路扩展模式
[动态重分配] 周期48000001：切片2写回完成，自动绑定到域2
[切片管理] 成功绑定切片2 → 安全域2，触发【路扩展模式】

======================== 切片硬件状态 ========================
切片号 | 所属安全域 | 当前状态    | 路扩展 | LRU touched
------------------------------------------------------------------
  0    |   域0      | 正常运行   |  否   |  47999999
  1    |   域2      | 正常运行   |  是   |  48000001
  2    |   域2      | 正常运行   |  是   |  48000001
  3    |   域3      | 正常运行   |  否   |  47999986
==================================================================


======================== 切片硬件状态 ========================
切片号 | 所属安全域 | 当前状态    | 路扩展 | LRU touched
------------------------------------------------------------------
  0    |   域0      | 正常运行   |  否   |  49999998
  1    |   域2      | 正常运行   |  是   |  50000000
  2    |   域2      | 正常运行   |  是   |  49996349
  3    |   域3      | 正常运行   |  否   |  49999999
==================================================================

[动态重分配] 周期50000000：预约迁移 冗余域2(0%) -> 切片1 -> 饥饿域3(22%)
[切片剥夺] 周期50000000：切片1（所属域2）进入待剥夺状态，禁止新替换
[切片剥夺] 周期50000000：切片1在途请求已清空，开始执行脏行写回
[切片剥夺] 周期50000000：切片1无脏行，直接完成剥夺
[切片管理] 周期50000001：原域2仅剩1个切片，关闭路扩展模式
[动态重分配] 周期50000001：切片1写回完成，自动绑定到域3
[切片管理] 成功绑定切片1 → 安全域3，触发【路扩展模式】

======================== 切片硬件状态 ========================
切片号 | 所属安全域 | 当前状态    | 路扩展 | LRU touched
------------------------------------------------------------------
  0    |   域0      | 正常运行   |  否   |  49999998
  1    |   域3      | 正常运行   |  是   |  50000001
  2    |   域2      | 正常运行   |  否   |  49996349
  3    |   域3      | 正常运行   |  是   |  49999999
==================================================================


======================== 切片硬件状态 ========================
切片号 | 所属安全域 | 当前状态    | 路扩展 | LRU touched
------------------------------------------------------------------
  0    |   域0      | 正常运行   |  否   |  50999997
  1    |   域3      | 正常运行   |  是   |  50999976
  2    |   域2      | 正常运行   |  否   |  51000000
  3    |   域3      | 正常运行   |  是   |  50999989
==================================================================

[动态重分配] 周期51000000：预约迁移 冗余域3(0%) -> 切片3 -> 饥饿域2(6%)
[切片剥夺] 周期51000000：切片3（所属域3）进入待剥夺状态，禁止新替换
[切片剥夺] 周期51000000：切片3在途请求已清空，开始执行脏行写回
[切片剥夺] 周期51000000：切片3无脏行，直接完成剥夺
[切片管理] 周期51000001：原域3仅剩1个切片，关闭路扩展模式
[动态重分配] 周期51000001：切片3写回完成，自动绑定到域2
[切片管理] 成功绑定切片3 → 安全域2，触发【路扩展模式】

======================== 切片硬件状态 ========================
切片号 | 所属安全域 | 当前状态    | 路扩展 | LRU touched
------------------------------------------------------------------
  0    |   域0      | 正常运行   |  否   |  50999997
  1    |   域3      | 正常运行   |  否   |  50999976
  2    |   域2      | 正常运行   |  是   |  51000001
  3    |   域2      | 正常运行   |  是   |  51000001
==================================================================


======================== 切片硬件状态 ========================
切片号 | 所属安全域 | 当前状态    | 路扩展 | LRU touched
------------------------------------------------------------------
  0    |   域0      | 正常运行   |  否   |  53999997
  1    |   域3      | 正常运行   |  否   |  53999992
  2    |   域2      | 正常运行   |  是   |  54000000
  3    |   域2      | 正常运行   |  是   |  53999460
==================================================================

[动态重分配] 周期54000000：预约迁移 冗余域2(0%) -> 切片2 -> 饥饿域3(22%)
[切片剥夺] 周期54000000：切片2（所属域2）进入待剥夺状态，禁止新替换
[切片剥夺] 周期54000000：切片2在途请求已清空，开始执行脏行写回
[切片剥夺] 周期54000000：切片2无脏行，直接完成剥夺
[切片管理] 周期54000001：原域2仅剩1个切片，关闭路扩展模式
[动态重分配] 周期54000001：切片2写回完成，自动绑定到域3
[切片管理] 成功绑定切片2 → 安全域3，触发【路扩展模式】

======================== 切片硬件状态 ========================
切片号 | 所属安全域 | 当前状态    | 路扩展 | LRU touched
------------------------------------------------------------------
  0    |   域0      | 正常运行   |  否   |  53999997
  1    |   域3      | 正常运行   |  是   |  53999992
  2    |   域3      | 正常运行   |  是   |  54000001
  3    |   域2      | 正常运行   |  否   |  53999460
==================================================================


======================== 切片硬件状态 ========================
切片号 | 所属安全域 | 当前状态    | 路扩展 | LRU touched
------------------------------------------------------------------
  0    |   域0      | 正常运行   |  否   |  55999997
  1    |   域3      | 正常运行   |  是   |  55999999
  2    |   域3      | 正常运行   |  是   |  55999929
  3    |   域2      | 正常运行   |  否   |  56000000
==================================================================

[动态重分配] 周期56000000：预约迁移 冗余域3(0%) -> 切片1 -> 饥饿域2(6%)
[切片剥夺] 周期56000000：切片1（所属域3）进入待剥夺状态，禁止新替换
[切片剥夺] 周期56000000：切片1在途请求已清空，开始执行脏行写回
[切片剥夺] 周期56000000：切片1无脏行，直接完成剥夺
[切片管理] 周期56000001：原域3仅剩1个切片，关闭路扩展模式
[动态重分配] 周期56000001：切片1写回完成，自动绑定到域2
[切片管理] 成功绑定切片1 → 安全域2，触发【路扩展模式】

======================== 切片硬件状态 ========================
切片号 | 所属安全域 | 当前状态    | 路扩展 | LRU touched
------------------------------------------------------------------
  0    |   域0      | 正常运行   |  否   |  56000001
  1    |   域2      | 正常运行   |  是   |  56000001
  2    |   域3      | 正常运行   |  否   |  55999929
  3    |   域2      | 正常运行   |  是   |  56000000
==================================================================


======================== 切片硬件状态 ========================
切片号 | 所属安全域 | 当前状态    | 路扩展 | LRU touched
------------------------------------------------------------------
  0    |   域0      | 正常运行   |  否   |  56999997
  1    |   域2      | 正常运行   |  是   |  56997053
  2    |   域3      | 正常运行   |  否   |  56999996
  3    |   域2      | 正常运行   |  是   |  57000000
==================================================================

[动态重分配] 周期57000000：预约迁移 冗余域2(0%) -> 切片3 -> 饥饿域3(21%)
[切片剥夺] 周期57000000：切片3（所属域2）进入待剥夺状态，禁止新替换
[切片剥夺] 周期57000000：切片3在途请求已清空，开始执行脏行写回
[切片剥夺] 周期57000000：切片3无脏行，直接完成剥夺
[切片管理] 周期57000001：原域2仅剩1个切片，关闭路扩展模式
[动态重分配] 周期57000001：切片3写回完成，自动绑定到域3
[切片管理] 成功绑定切片3 → 安全域3，触发【路扩展模式】

======================== 切片硬件状态 ========================
切片号 | 所属安全域 | 当前状态    | 路扩展 | LRU touched
------------------------------------------------------------------
  0    |   域0      | 正常运行   |  否   |  56999997
  1    |   域2      | 正常运行   |  否   |  56997053
  2    |   域3      | 正常运行   |  是   |  56999996
  3    |   域3      | 正常运行   |  是   |  57000001
==================================================================


======================== 切片硬件状态 ========================
切片号 | 所属安全域 | 当前状态    | 路扩展 | LRU touched
------------------------------------------------------------------
  0    |   域0      | 正常运行   |  否   |  59999941
  1    |   域2      | 正常运行   |  否   |  60000000
  2    |   域3      | 正常运行   |  是   |  59999994
  3    |   域3      | 正常运行   |  是   |  59999985
==================================================================

[动态重分配] 周期60000000：预约迁移 冗余域3(0%) -> 切片2 -> 饥饿域2(6%)
[切片剥夺] 周期60000000：切片2（所属域3）进入待剥夺状态，禁止新替换
[切片剥夺] 周期60000000：切片2在途请求已清空，开始执行脏行写回
[切片剥夺] 周期60000000：切片2无脏行，直接完成剥夺
[切片管理] 周期60000001：原域3仅剩1个切片，关闭路扩展模式
[动态重分配] 周期60000001：切片2写回完成，自动绑定到域2
[切片管理] 成功绑定切片2 → 安全域2，触发【路扩展模式】

======================== 切片硬件状态 ========================
切片号 | 所属安全域 | 当前状态    | 路扩展 | LRU touched
------------------------------------------------------------------
  0    |   域0      | 正常运行   |  否   |  59999941
  1    |   域2      | 正常运行   |  是   |  60000001
  2    |   域2      | 正常运行   |  是   |  60000001
  3    |   域3      | 正常运行   |  否   |  59999985
==================================================================


======================== 切片硬件状态 ========================
切片号 | 所属安全域 | 当前状态    | 路扩展 | LRU touched
------------------------------------------------------------------
  0    |   域0      | 正常运行   |  否   |  62000000
  1    |   域2      | 正常运行   |  是   |  62000000
  2    |   域2      | 正常运行   |  是   |  61996341
  3    |   域3      | 正常运行   |  否   |  61999997
==================================================================

[动态重分配] 周期62000000：预约迁移 冗余域2(0%) -> 切片1 -> 饥饿域3(21%)
[切片剥夺] 周期62000000：切片1（所属域2）进入待剥夺状态，禁止新替换
[切片剥夺] 周期62000000：切片1在途请求已清空，开始执行脏行写回
[切片剥夺] 周期62000000：切片1无脏行，直接完成剥夺
[切片管理] 周期62000001：原域2仅剩1个切片，关闭路扩展模式
[动态重分配] 周期62000001：切片1写回完成，自动绑定到域3
[切片管理] 成功绑定切片1 → 安全域3，触发【路扩展模式】

======================== 切片硬件状态 ========================
切片号 | 所属安全域 | 当前状态    | 路扩展 | LRU touched
------------------------------------------------------------------
  0    |   域0      | 正常运行   |  否   |  62000001
  1    |   域3      | 正常运行   |  是   |  62000001
  2    |   域2      | 正常运行   |  否   |  61996341
  3    |   域3      | 正常运行   |  是   |  61999997
==================================================================


======================== 切片硬件状态 ========================
切片号 | 所属安全域 | 当前状态    | 路扩展 | LRU touched
------------------------------------------------------------------
  0    |   域0      | 正常运行   |  否   |  62999999
  1    |   域3      | 正常运行   |  是   |  62999971
  2    |   域2      | 正常运行   |  否   |  63000000
  3    |   域3      | 正常运行   |  是   |  62999995
==================================================================

[动态重分配] 周期63000000：预约迁移 冗余域3(0%) -> 切片3 -> 饥饿域2(6%)
[切片剥夺] 周期63000000：切片3（所属域3）进入待剥夺状态，禁止新替换
[切片剥夺] 周期63000000：切片3在途请求已清空，开始执行脏行写回
[切片剥夺] 周期63000000：切片3无脏行，直接完成剥夺
[切片管理] 周期63000001：原域3仅剩1个切片，关闭路扩展模式
[动态重分配] 周期63000001：切片3写回完成，自动绑定到域2
[切片管理] 成功绑定切片3 → 安全域2，触发【路扩展模式】

======================== 切片硬件状态 ========================
切片号 | 所属安全域 | 当前状态    | 路扩展 | LRU touched
------------------------------------------------------------------
  0    |   域0      | 正常运行   |  否   |  62999999
  1    |   域3      | 正常运行   |  否   |  62999971
  2    |   域2      | 正常运行   |  是   |  63000000
  3    |   域2      | 正常运行   |  是   |  63000001
==================================================================


======================== 切片硬件状态 ========================
切片号 | 所属安全域 | 当前状态    | 路扩展 | LRU touched
------------------------------------------------------------------
  0    |   域0      | 正常运行   |  否   |  66000000
  1    |   域3      | 正常运行   |  否   |  65999998
  2    |   域2      | 正常运行   |  是   |  65999999
  3    |   域2      | 正常运行   |  是   |  65999872
==================================================================

[动态重分配] 周期66000000：预约迁移 冗余域2(0%) -> 切片2 -> 饥饿域3(22%)
[切片剥夺] 周期66000000：切片2（所属域2）进入待剥夺状态，禁止新替换
[切片剥夺] 周期66000000：切片2在途请求已清空，开始执行脏行写回
[切片剥夺] 周期66000000：切片2无脏行，直接完成剥夺
[切片管理] 周期66000001：原域2仅剩1个切片，关闭路扩展模式
[动态重分配] 周期66000001：切片2写回完成，自动绑定到域3
[切片管理] 成功绑定切片2 → 安全域3，触发【路扩展模式】

======================== 切片硬件状态 ========================
切片号 | 所属安全域 | 当前状态    | 路扩展 | LRU touched
------------------------------------------------------------------
  0    |   域0      | 正常运行   |  否   |  66000000
  1    |   域3      | 正常运行   |  是   |  65999998
  2    |   域3      | 正常运行   |  是   |  66000001
  3    |   域2      | 正常运行   |  否   |  66000001
==================================================================


======================== 切片硬件状态 ========================
切片号 | 所属安全域 | 当前状态    | 路扩展 | LRU touched
------------------------------------------------------------------
  0    |   域0      | 正常运行   |  否   |  68000000
  1    |   域3      | 正常运行   |  是   |  68000000
  2    |   域3      | 正常运行   |  是   |  67999951
  3    |   域2      | 正常运行   |  否   |  67999999
==================================================================

[动态重分配] 周期68000000：预约迁移 冗余域3(0%) -> 切片1 -> 饥饿域2(6%)
[切片剥夺] 周期68000000：切片1（所属域3）进入待剥夺状态，禁止新替换
[切片剥夺] 周期68000000：切片1在途请求已清空，开始执行脏行写回
[切片剥夺] 周期68000000：切片1无脏行，直接完成剥夺
[切片管理] 周期68000001：原域3仅剩1个切片，关闭路扩展模式
[动态重分配] 周期68000001：切片1写回完成，自动绑定到域2
[切片管理] 成功绑定切片1 → 安全域2，触发【路扩展模式】

======================== 切片硬件状态 ========================
切片号 | 所属安全域 | 当前状态    | 路扩展 | LRU touched
------------------------------------------------------------------
  0    |   域0      | 正常运行   |  否   |  68000001
  1    |   域2      | 正常运行   |  是   |  68000001
  2    |   域3      | 正常运行   |  否   |  67999951
  3    |   域2      | 正常运行   |  是   |  67999999
==================================================================


======================== 切片硬件状态 ========================
切片号 | 所属安全域 | 当前状态    | 路扩展 | LRU touched
------------------------------------------------------------------
  0    |   域0      | 正常运行   |  否   |  69000000
  1    |   域2      | 正常运行   |  是   |  68999788
  2    |   域3      | 正常运行   |  否   |  69000000
  3    |   域2      | 正常运行   |  是   |  68999999
==================================================================

[动态重分配] 周期69000000：预约迁移 冗余域2(0%) -> 切片3 -> 饥饿域3(22%)
[切片剥夺] 周期69000000：切片3（所属域2）进入待剥夺状态，禁止新替换
[切片剥夺] 周期69000000：切片3在途请求已清空，开始执行脏行写回
[切片剥夺] 周期69000000：切片3无脏行，直接完成剥夺
[切片管理] 周期69000001：原域2仅剩1个切片，关闭路扩展模式
[动态重分配] 周期69000001：切片3写回完成，自动绑定到域3
[切片管理] 成功绑定切片3 → 安全域3，触发【路扩展模式】

======================== 切片硬件状态 ========================
切片号 | 所属安全域 | 当前状态    | 路扩展 | LRU touched
------------------------------------------------------------------
  0    |   域0      | 正常运行   |  否   |  69000001
  1    |   域2      | 正常运行   |  否   |  69000001
  2    |   域3      | 正常运行   |  是   |  69000000
  3    |   域3      | 正常运行   |  是   |  69000001
==================================================================


======================== 切片硬件状态 ========================
切片号 | 所属安全域 | 当前状态    | 路扩展 | LRU touched
------------------------------------------------------------------
  0    |   域0      | 正常运行   |  否   |  72000000
  1    |   域2      | 正常运行   |  否   |  71999999
  2    |   域3      | 正常运行   |  是   |  71999998
  3    |   域3      | 正常运行   |  是   |  71999979
==================================================================

[动态重分配] 周期72000000：预约迁移 冗余域3(0%) -> 切片2 -> 饥饿域2(6%)
[切片剥夺] 周期72000000：切片2（所属域3）进入待剥夺状态，禁止新替换
[切片剥夺] 周期72000000：切片2在途请求已清空，开始执行脏行写回
[切片剥夺] 周期72000000：切片2无脏行，直接完成剥夺
[切片管理] 周期72000001：原域3仅剩1个切片，关闭路扩展模式
[动态重分配] 周期72000001：切片2写回完成，自动绑定到域2
[切片管理] 成功绑定切片2 → 安全域2，触发【路扩展模式】

======================== 切片硬件状态 ========================
切片号 | 所属安全域 | 当前状态    | 路扩展 | LRU touched
------------------------------------------------------------------
  0    |   域0      | 正常运行   |  否   |  72000000
  1    |   域2      | 正常运行   |  是   |  72000001
  2    |   域2      | 正常运行   |  是   |  72000001
  3    |   域3      | 正常运行   |  否   |  71999979
==================================================================


======================== 切片硬件状态 ========================
切片号 | 所属安全域 | 当前状态    | 路扩展 | LRU touched
------------------------------------------------------------------
  0    |   域0      | 正常运行   |  否   |  74000000
  1    |   域2      | 正常运行   |  是   |  73999998
  2    |   域2      | 正常运行   |  是   |  73994865
  3    |   域3      | 正常运行   |  否   |  73999993
==================================================================

[动态重分配] 周期74000000：预约迁移 冗余域2(0%) -> 切片1 -> 饥饿域3(22%)
[切片剥夺] 周期74000000：切片1（所属域2）进入待剥夺状态，禁止新替换
[切片剥夺] 周期74000000：切片1在途请求已清空，开始执行脏行写回
[切片剥夺] 周期74000000：切片1无脏行，直接完成剥夺
[切片管理] 周期74000001：原域2仅剩1个切片，关闭路扩展模式
[动态重分配] 周期74000001：切片1写回完成，自动绑定到域3
[切片管理] 成功绑定切片1 → 安全域3，触发【路扩展模式】

======================== 切片硬件状态 ========================
切片号 | 所属安全域 | 当前状态    | 路扩展 | LRU touched
------------------------------------------------------------------
  0    |   域0      | 正常运行   |  否   |  74000000
  1    |   域3      | 正常运行   |  是   |  74000001
  2    |   域2      | 正常运行   |  否   |  74000001
  3    |   域3      | 正常运行   |  是   |  73999993
==================================================================


======================== 切片硬件状态 ========================
切片号 | 所属安全域 | 当前状态    | 路扩展 | LRU touched
------------------------------------------------------------------
  0    |   域0      | 正常运行   |  否   |  75000000
  1    |   域3      | 正常运行   |  是   |  74999996
  2    |   域2      | 正常运行   |  否   |  75000000
  3    |   域3      | 正常运行   |  是   |  74999985
==================================================================

[动态重分配] 周期75000000：预约迁移 冗余域3(0%) -> 切片3 -> 饥饿域2(6%)
[切片剥夺] 周期75000000：切片3（所属域3）进入待剥夺状态，禁止新替换
[切片剥夺] 周期75000000：切片3在途请求已清空，开始执行脏行写回
[切片剥夺] 周期75000000：切片3无脏行，直接完成剥夺
[切片管理] 周期75000001：原域3仅剩1个切片，关闭路扩展模式
[动态重分配] 周期75000001：切片3写回完成，自动绑定到域2
[切片管理] 成功绑定切片3 → 安全域2，触发【路扩展模式】

======================== 切片硬件状态 ========================
切片号 | 所属安全域 | 当前状态    | 路扩展 | LRU touched
------------------------------------------------------------------
  0    |   域0      | 正常运行   |  否   |  75000000
  1    |   域3      | 正常运行   |  否   |  74999996
  2    |   域2      | 正常运行   |  是   |  75000001
  3    |   域2      | 正常运行   |  是   |  75000001
==================================================================


======================== 切片硬件状态 ========================
切片号 | 所属安全域 | 当前状态    | 路扩展 | LRU touched
------------------------------------------------------------------
  0    |   域0      | 正常运行   |  否   |  77999998
  1    |   域3      | 正常运行   |  否   |  77999997
  2    |   域2      | 正常运行   |  是   |  77999599
  3    |   域2      | 正常运行   |  是   |  77999999
==================================================================

[动态重分配] 周期78000000：预约迁移 冗余域2(0%) -> 切片2 -> 饥饿域3(21%)
[切片剥夺] 周期78000000：切片2（所属域2）进入待剥夺状态，禁止新替换
[切片剥夺] 周期78000000：切片2在途请求已清空，开始执行脏行写回
[切片剥夺] 周期78000000：切片2无脏行，直接完成剥夺
[切片管理] 周期78000001：原域2仅剩1个切片，关闭路扩展模式
[动态重分配] 周期78000001：切片2写回完成，自动绑定到域3
[切片管理] 成功绑定切片2 → 安全域3，触发【路扩展模式】

======================== 切片硬件状态 ========================
切片号 | 所属安全域 | 当前状态    | 路扩展 | LRU touched
------------------------------------------------------------------
  0    |   域0      | 正常运行   |  否   |  77999998
  1    |   域3      | 正常运行   |  是   |  77999997
  2    |   域3      | 正常运行   |  是   |  78000001
  3    |   域2      | 正常运行   |  否   |  78000001
==================================================================


======================== 切片硬件状态 ========================
切片号 | 所属安全域 | 当前状态    | 路扩展 | LRU touched
------------------------------------------------------------------
  0    |   域0      | 正常运行   |  否   |  79999997
  1    |   域3      | 正常运行   |  是   |  79999990
  2    |   域3      | 正常运行   |  是   |  79999980
  3    |   域2      | 正常运行   |  否   |  79999999
==================================================================

[动态重分配] 周期80000000：预约迁移 冗余域3(0%) -> 切片1 -> 饥饿域2(6%)
[切片剥夺] 周期80000000：切片1（所属域3）进入待剥夺状态，禁止新替换
[切片剥夺] 周期80000000：切片1在途请求已清空，开始执行脏行写回
[切片剥夺] 周期80000000：切片1无脏行，直接完成剥夺
[切片管理] 周期80000001：原域3仅剩1个切片，关闭路扩展模式
[动态重分配] 周期80000001：切片1写回完成，自动绑定到域2
[切片管理] 成功绑定切片1 → 安全域2，触发【路扩展模式】

======================== 切片硬件状态 ========================
切片号 | 所属安全域 | 当前状态    | 路扩展 | LRU touched
------------------------------------------------------------------
  0    |   域0      | 正常运行   |  否   |  79999997
  1    |   域2      | 正常运行   |  是   |  80000001
  2    |   域3      | 正常运行   |  否   |  79999980
  3    |   域2      | 正常运行   |  是   |  79999999
==================================================================


======================== 切片硬件状态 ========================
切片号 | 所属安全域 | 当前状态    | 路扩展 | LRU touched
------------------------------------------------------------------
  0    |   域0      | 正常运行   |  否   |  81000000
  1    |   域2      | 正常运行   |  是   |  80996191
  2    |   域3      | 正常运行   |  否   |  80999991
  3    |   域2      | 正常运行   |  是   |  80999998
==================================================================

[动态重分配] 周期81000000：预约迁移 冗余域2(0%) -> 切片3 -> 饥饿域3(22%)
[切片剥夺] 周期81000000：切片3（所属域2）进入待剥夺状态，禁止新替换
[切片剥夺] 周期81000000：切片3在途请求已清空，开始执行脏行写回
[切片剥夺] 周期81000000：切片3无脏行，直接完成剥夺
[切片管理] 周期81000001：原域2仅剩1个切片，关闭路扩展模式
[动态重分配] 周期81000001：切片3写回完成，自动绑定到域3
[切片管理] 成功绑定切片3 → 安全域3，触发【路扩展模式】

======================== 切片硬件状态 ========================
切片号 | 所属安全域 | 当前状态    | 路扩展 | LRU touched
------------------------------------------------------------------
  0    |   域0      | 正常运行   |  否   |  81000001
  1    |   域2      | 正常运行   |  否   |  81000001
  2    |   域3      | 正常运行   |  是   |  81000001
  3    |   域3      | 正常运行   |  是   |  81000001
==================================================================


======================== 切片硬件状态 ========================
切片号 | 所属安全域 | 当前状态    | 路扩展 | LRU touched
------------------------------------------------------------------
  0    |   域0      | 正常运行   |  否   |  83999998
  1    |   域2      | 正常运行   |  否   |  84000000
  2    |   域3      | 正常运行   |  是   |  83999995
  3    |   域3      | 正常运行   |  是   |  83999988
==================================================================

[动态重分配] 周期84000000：预约迁移 冗余域3(0%) -> 切片2 -> 饥饿域2(6%)
[切片剥夺] 周期84000000：切片2（所属域3）进入待剥夺状态，禁止新替换
[切片剥夺] 周期84000000：切片2在途请求已清空，开始执行脏行写回
[切片剥夺] 周期84000000：切片2无脏行，直接完成剥夺
[切片管理] 周期84000001：原域3仅剩1个切片，关闭路扩展模式
[动态重分配] 周期84000001：切片2写回完成，自动绑定到域2
[切片管理] 成功绑定切片2 → 安全域2，触发【路扩展模式】

======================== 切片硬件状态 ========================
切片号 | 所属安全域 | 当前状态    | 路扩展 | LRU touched
------------------------------------------------------------------
  0    |   域0      | 正常运行   |  否   |  83999998
  1    |   域2      | 正常运行   |  是   |  84000000
  2    |   域2      | 正常运行   |  是   |  84000001
  3    |   域3      | 正常运行   |  否   |  83999988
==================================================================


======================== 切片硬件状态 ========================
切片号 | 所属安全域 | 当前状态    | 路扩展 | LRU touched
------------------------------------------------------------------
  0    |   域0      | 正常运行   |  否   |  86000000
  1    |   域2      | 正常运行   |  是   |  85999999
  2    |   域2      | 正常运行   |  是   |  85993418
  3    |   域3      | 正常运行   |  否   |  85999990
==================================================================

[动态重分配] 周期86000000：预约迁移 冗余域2(0%) -> 切片1 -> 饥饿域3(21%)
[切片剥夺] 周期86000000：切片1（所属域2）进入待剥夺状态，禁止新替换
[切片剥夺] 周期86000000：切片1在途请求已清空，开始执行脏行写回
[切片剥夺] 周期86000000：切片1无脏行，直接完成剥夺
[切片管理] 周期86000001：原域2仅剩1个切片，关闭路扩展模式
[动态重分配] 周期86000001：切片1写回完成，自动绑定到域3
[切片管理] 成功绑定切片1 → 安全域3，触发【路扩展模式】

======================== 切片硬件状态 ========================
切片号 | 所属安全域 | 当前状态    | 路扩展 | LRU touched
------------------------------------------------------------------
   dgels_0    |   域0      | 正常运行   |  否   |  86000000
  1    |   域3      | 正常运行   |  是   |  86000001
  2    |   域2      | 正常运行   |  否   |  86000001
  3    |   域3      | 正常运行   |  是   |  86000001
==================================================================


======================== 切片硬件状态 ========================
切片号 | 所属安全域 | 当前状态    | 路扩展 | LRU touched
------------------------------------------------------------------
  0    |   域0      | 正常运行   |  否   |  86999989
  1    |   域3      | 正常运行   |  是   |  86999933
  2    |   域2      | 正常运行   |  否   |  86999998
  3    |   域3      | 正常运行   |  是   |  86999976
==================================================================

[动态重分配] 周期87000000：预约迁移 冗余域3(0%) -> 切片3 -> 饥饿域2(6%)
[切片剥夺] 周期87000000：切片3（所属域3）进入待剥夺状态，禁止新替换
[切片剥夺] 周期87000000：切片3在途请求已清空，开始执行脏行写回
[切片剥夺] 周期87000000：切片3无脏行，直接完成剥夺
[切片管理] 周期87000001：原域3仅剩1个切片，关闭路扩展模式
[动态重分配] 周期87000001：切片3写回完成，自动绑定到域2
[切片管理] 成功绑定切片3 → 安全域2，触发【路扩展模式】

======================== 切片硬件状态 ========================
切片号 | 所属安全域 | 当前状态    | 路扩展 | LRU touched
------------------------------------------------------------------
  0    |   域0      | 正常运行   |  否   |  86999989
  1    |   域3      | 正常运行   |  否   |  86999933
  2    |   域2      | 正常运行   |  是   |  86999998
  3    |   域2      | 正常运行   |  是   |  87000001
==================================================================


======================== 切片硬件状态 ========================
切片号 | 所属安全域 | 当前状态    | 路扩展 | LRU touched
------------------------------------------------------------------
  0    |   域0      | 正常运行   |  否   |  90000000
  1    |   域3      | 正常运行   |  否   |  89999992
  2    |   域2      | 正常运行   |  是   |  89999999
  3    |   域2      | 正常运行   |  是   |  89999496
==================================================================

[动态重分配] 周期90000000：预约迁移 冗余域2(0%) -> 切片2 -> 饥饿域3(21%)
[切片剥夺] 周期90000000：切片2（所属域2）进入待剥夺状态，禁止新替换
[切片剥夺] 周期90000000：切片2在途请求已清空，开始执行脏行写回
[切片剥夺] 周期90000000：切片2无脏行，直接完成剥夺
[切片管理] 周期90000001：原域2仅剩1个切片，关闭路扩展模式
[动态重分配] 周期90000001：切片2写回完成，自动绑定到域3
[切片管理] 成功绑定切片2 → 安全域3，触发【路扩展模式】

======================== 切片硬件状态 ========================
切片号 | 所属安全域 | 当前状态    | 路扩展 | LRU touched
------------------------------------------------------------------
  0    |   域0      | 正常运行   |  否   |  90000001
  1    |   域3      | 正常运行   |  是   |  89999992
  2    |   域3      | 正常运行   |  是   |  90000001
  3    |   域2      | 正常运行   |  否   |  89999496
==================================================================


======================== 切片硬件状态 ========================
切片号 | 所属安全域 | 当前状态    | 路扩展 | LRU touched
------------------------------------------------------------------
  0    |   域0      | 正常运行   |  否   |  91999977
  1    |   域3      | 正常运行   |  是   |  91999985
  2    |   域3      | 正常运行   |  是   |  91999956
  3    |   域2      | 正常运行   |  否   |  92000000
==================================================================

[动态重分配] 周期92000000：预约迁移 冗余域3(0%) -> 切片1 -> 饥饿域2(6%)
[切片剥夺] 周期92000000：切片1（所属域3）进入待剥夺状态，禁止新替换
[切片剥夺] 周期92000000：切片1在途请求已清空，开始执行脏行写回
[切片剥夺] 周期92000000：切片1无脏行，直接完成剥夺
[切片管理] 周期92000001：原域3仅剩1个切片，关闭路扩展模式
[动态重分配] 周期92000001：切片1写回完成，自动绑定到域2
[切片管理] 成功绑定切片1 → 安全域2，触发【路扩展模式】

======================== 切片硬件状态 ========================
切片号 | 所属安全域 | 当前状态    | 路扩展 | LRU touched
------------------------------------------------------------------
  0    |   域0      | 正常运行   |  否   |  91999977
  1    |   域2      | 正常运行   |  是   |  92000001
  2    |   域3      | 正常运行   |  否   |  92000001
  3    |   域2      | 正常运行   |  是   |  92000000
==================================================================


======================== 切片硬件状态 ========================
切片号 | 所属安全域 | 当前状态    | 路扩展 | LRU touched
------------------------------------------------------------------
  0    |   域0      | 正常运行   |  否   |  92999998
  1    |   域2      | 正常运行   |  是   |  92996424
  2    |   域3      | 正常运行   |  否   |  92999981
  3    |   域2      | 正常运行   |  是   |  93000000
==================================================================

[动态重分配] 周期93000000：预约迁移 冗余域2(0%) -> 切片3 -> 饥饿域3(22%)
[切片剥夺] 周期93000000：切片3（所属域2）进入待剥夺状态，禁止新替换
[切片剥夺] 周期93000000：切片3在途请求已清空，开始执行脏行写回
[切片剥夺] 周期93000000：切片3无脏行，直接完成剥夺
[切片管理] 周期93000001：原域2仅剩1个切片，关闭路扩展模式
[动态重分配] 周期93000001：切片3写回完成，自动绑定到域3
[切片管理] 成功绑定切片3 → 安全域3，触发【路扩展模式】

======================== 切片硬件状态 ========================
切片号 | 所属安全域 | 当前状态    | 路扩展 | LRU touched
------------------------------------------------------------------
  0    |   域0      | 正常运行   |  否   |  92999998
  1    |   域2      | 正常运行   |  否   |  92996424
  2    |   域3      | 正常运行   |  是   |  93000001
  3    |   域3      | 正常运行   |  是   |  93000001
==================================================================


======================== 切片硬件状态 ========================
切片号 | 所属安全域 | 当前状态    | 路扩展 | LRU touched
------------------------------------------------------------------
  0    |   域0      | 正常运行   |  否   |  96000000
  1    |   域2      | 正常运行   |  否   |  95999999
  2    |   域3      | 正常运行   |  是   |  95999990
  3    |   域3      | 正常运行   |  是   |  95999950
==================================================================

[动态重分配] 周期96000000：预约迁移 冗余域3(0%) -> 切片2 -> 饥饿域2(6%)
[切片剥夺] 周期96000000：切片2（所属域3）进入待剥夺状态，禁止新替换
[切片剥夺] 周期96000000：切片2在途请求已清空，开始执行脏行写回
[切片剥夺] 周期96000000：切片2无脏行，直接完成剥夺
[切片管理] 周期96000001：原域3仅剩1个切片，关闭路扩展模式
[动态重分配] 周期96000001：切片2写回完成，自动绑定到域2
[切片管理] 成功绑定切片2 → 安全域2，触发【路扩展模式】

======================== 切片硬件状态 ========================
切片号 | 所属安全域 | 当前状态    | 路扩展 | LRU touched
------------------------------------------------------------------
  0    |   域0      | 正常运行   |  否   |  96000000
  1    |   域2      | 正常运行   |  是   |  95999999
  2    |   域2      | 正常运行   |  是   |  96000001
  3    |   域3      | 正常运行   |  否   |  95999950
==================================================================


======================== 切片硬件状态 ========================
切片号 | 所属安全域 | 当前状态    | 路扩展 | LRU touched
------------------------------------------------------------------
  0    |   域0      | 正常运行   |  否   |  97999982
  1    |   域2      | 正常运行   |  是   |  98000000
  2    |   域2      | 正常运行   |  是   |  97995089
  3    |   域3      | 正常运行   |  否   |  97999989
==================================================================

[动态重分配] 周期98000000：预约迁移 冗余域2(0%) -> 切片1 -> 饥饿域3(22%)
[切片剥夺] 周期98000000：切片1（所属域2）进入待剥夺状态，禁止新替换
[切片剥夺] 周期98000000：切片1在途请求已清空，开始执行脏行写回
[切片剥夺] 周期98000000：切片1无脏行，直接完成剥夺
[切片管理] 周期98000001：原域2仅剩1个切片，关闭路扩展模式
[动态重分配] 周期98000001：切片1写回完成，自动绑定到域3
[切片管理] 成功绑定切片1 → 安全域3，触发【路扩展模式】

======================== 切片硬件状态 ========================
切片号 | 所属安全域 | 当前状态    | 路扩展 | LRU touched
------------------------------------------------------------------
  0    |   域0      | 正常运行   |  否   |  97999982
  1    |   域3      | 正常运行   |  是   |  98000001
  2    |   域2      | 正常运行   |  否   |  98000001
  3    |   域3      | 正常运行   |  是   |  97999989
==================================================================


======================== 切片硬件状态 ========================
切片号 | 所属安全域 | 当前状态    | 路扩展 | LRU touched
------------------------------------------------------------------
  0    |   域0      | 正常运行   |  否   |  99000000
  1    |   域3      | 正常运行   |  是   |  98999985
  2    |   域2      | 正常运行   |  否   |  98999999
  3    |   域3      | 正常运行   |  是   |  98999994
==================================================================

[动态重分配] 周期99000000：预约迁移 冗余域3(0%) -> 切片3 -> 饥饿域2(6%)
[切片剥夺] 周期99000000：切片3（所属域3）进入待剥夺状态，禁止新替换
[切片剥夺] 周期99000000：切片3在途请求已清空，开始执行脏行写回
[切片剥夺] 周期99000000：切片3无脏行，直接完成剥夺
[切片管理] 周期99000001：原域3仅剩1个切片，关闭路扩展模式
[动态重分配] 周期99000001：切片3写回完成，自动绑定到域2
[切片管理] 成功绑定切片3 → 安全域2，触发【路扩展模式】

======================== 切片硬件状态 ========================
切片号 | 所属安全域 | 当前状态    | 路扩展 | LRU touched
------------------------------------------------------------------
  0    |   域0      | 正常运行   |  否   |  99000001
  1    |   域3      | 正常运行   |  否   |  98999985
  2    |   域2      | 正常运行   |  是   |  98999999
  3    |   域2      | 正常运行   |  是   |  99000001
==================================================================


**** Debug Statistics at 101000000 Cycles *****
Threads: 4		Fetch Width: 8
No of useful instructions fetched:	530731842 (65.68% proc util.)
No of total instructions fetched:	629511979 (77.91% proc util.)
 includes 13910419 misfetch (2.2%), 84869718 (13.5%) wrong-path fetches
 and 0 flushed after failed lock(0.0%)
No of useful instructions issued/executed:	530731788 (65.68% proc util.)
No of total instructions issued/executed:	563122645 (69.69% proc util.)
 includes 32390857 wrong-path (5.8%) insts and 0 flushed (0.0%)
	fp 5939, 0.00%
	synch 0, 0.00%
	integer 445294629, 79.08%
	load/store 117822077, 20.92%
Avg size of int IQ (before scheduling): 38.87
Avg size of fp IQ (before scheduling): 0.00
No of cycles taken:		101000000
Parallelism [ 1.202, 0.000, 2.451, 1.602,] = 5.255
 IQ conflicts: 743179 (0.74%), FQ conflicts: 0 (0.00%) 
 I reg conflicts: 12436763 (12.31%), FP reg conflicts: 0 (0.00%)
  Activelist confs: 370 (0.00%), ROB confs: 31742 (0.03%)
  Int unit conflicts: 361684390 (358.10%), FP unit conflicts: 6 (0.00%)
  Load/store unit conflicts: 8666298 (8.58%)
  MSHR conflicts: 3871512 (3.83%)
----------------------------------------
==== System-wide Cache Statistics ====
Stall for miss queue full 437 cycles (0.00%)
----------------------------------------
==== Statistics for Master ID: 0 ====
Reads: 97210697   Writes: 16783622
ICACHE: size: 64 KB assoc: 2
ICACHE: hits:54818908 misses:680110  Hit Ratio: 98.77%
DCACHE: size: 1*16 KB assoc: 1*4
DCACHE: hits:57077145 misses:1418156 writebacks:399981  Hit Ratio: 97.58%
SCACHE: size: 512 KB assoc: 2
SCACHE: hits:1830935 misses:267331  Hit Ratio: 87.26%
3CACHE: size: 4096 KB assoc: 2
3CACHE: hits:201242 misses:66089  Hit Ratio: 75.28%
3CACHE: dirty items replaced:4644
ITLB: size: 48, misses 38841, miss rate 0.07%
DTLB: size: 128, misses 32119, miss rate 0.05%
Avg mem delay: 1.373 cycles
----------------------------------------
==== Statistics for Master ID: 2 ====
Reads: 117799573   Writes: 5158
ICACHE: size: 64 KB assoc: 2
ICACHE: hits:68288144 misses:2484  Hit Ratio: 100.00%
DCACHE: size: 2*16 KB assoc: 2*4
DCACHE: hits:48082174 misses:1432170 writebacks:331  Hit Ratio: 97.11%
SCACHE: size: 512 KB assoc: 2
SCACHE: hits:1420944 misses:13469  Hit Ratio: 99.06%
3CACHE: size: 4096 KB assoc: 2
3CACHE: hits:12975 misses:494  Hit Ratio: 96.33%
3CACHE: dirty items replaced:0
ITLB: size: 48, misses 5, miss rate 0.00%
DTLB: size: 128, misses 124, miss rate 0.00%
Avg mem delay: 1.373 cycles
----------------------------------------
==== Statistics for Master ID: 3 ====
Reads: 60622060   Writes: 35
ICACHE: size: 64 KB assoc: 2
ICACHE: hits:50977602 misses:175  Hit Ratio: 100.00%
DCACHE: size: 1*16 KB assoc: 1*4
DCACHE: hits:8498786 misses:1145531 writebacks:13  Hit Ratio: 88.12%
SCACHE: size: 512 KB assoc: 2
SCACHE: hits:1128911 misses:16795  Hit Ratio: 98.53%
3CACHE: size: 4096 KB assoc: 2
3CACHE: hits:15775 misses:1020  Hit Ratio: 93.93%
3CACHE: dirty items replaced:1
ITLB: size: 48, misses 4, miss rate 0.00%
DTLB: size: 128, misses 254, miss rate 0.00%
Avg mem delay: 1.373 cycles
----------------------------------------
==== Global Resource Utilization ====
STASH: size: 65536 entries, full 639084657, empty 13544907, misses 1203933, full rate 97.74
icache bank util. 0.283 0.221 0.163 0.074 0.074 0.069 0.733 0.134 
dcache bank util. 0.150 0.157 0.168 0.169 0.150 0.194 0.156 0.152 
L2 bank util. 0.032 0.032 0.032 0.032 0.032 0.031 0.032 0.032 
L1-L2 bus util. = 0.151, L3 util. = 0.007
----------------------------------------

======================== 切片硬件状态 ========================
切片号 | 所属安全域 | 当前状态    | 路扩展 | LRU touched
------------------------------------------------------------------
  0    |   域0      | 正常运行   |  否   |  100999997
  1    |   域3      | 正常运行   |  否   |  100999995
  2    |   域2      | 正常运行   |  是   |  100999998
  3    |   域2      | 正常运行   |  是   |  100999584
==================================================================

branch prediction, hits = 72502998, misses = 2856371, hit rate = 96.21%
return_stack prediction, hits = 1636489, misses = 2185, hit rate = 99.87%
jump prediction, hits = 75504109, misses = 3524245, hit rate = 95.54%

======================== 切片硬件状态 ========================
切片号 | 所属安全域 | 当前状态    | 路扩展 | LRU touched
------------------------------------------------------------------
  0    |   域0      | 正常运行   |  否   |  102999996
  1    |   域3      | 正常运行   |  否   |  102999996
  2    |   域2      | 正常运行   |  是   |  102999999
  3    |   域2      | 正常运行   |  是   |  102997029
==================================================================

[动态重分配] 周期103000000：预约迁移 冗余域2(0%) -> 切片2 -> 饥饿域0(6%)
[切片剥夺] 周期103000000：切片2（所属域2）进入待剥夺状态，禁止新替换
[切片剥夺] 周期103000000：切片2在途请求已清空，开始执行脏行写回
[切片剥夺] 周期103000000：切片2无脏行，直接完成剥夺
[切片管理] 周期103000001：原域2仅剩1个切片，关闭路扩展模式
[动态重分配] 周期103000001：切片2写回完成，自动绑定到域0
[切片管理] 成功绑定切片2 → 安全域0，触发【路扩展模式】

======================== 切片硬件状态 ========================
切片号 | 所属安全域 | 当前状态    | 路扩展 | LRU touched
------------------------------------------------------------------
  0    |   域0      | 正常运行   |  是   |  103000001
  1    |   域3      | 正常运行   |  否   |  102999996
  2    |   域0      | 正常运行   |  是   |  103000001
  3    |   域2      | 正常运行   |  否   |  102997029
==================================================================


======================== 切片硬件状态 ========================
切片号 | 所属安全域 | 当前状态    | 路扩展 | LRU touched
------------------------------------------------------------------
  0    |   域0      | 正常运行   |  是   |  118999990
  1    |   域3      | 正常运行   |  否   |  118999993
  2    |   域0      | 正常运行   |  是   |  118999997
  3    |   域2      | 正常运行   |  否   |  119000000
==================================================================

[动态重分配] 周期119000000：预约迁移 冗余域0(0%) -> 切片0 -> 饥饿域2(6%)
[切片剥夺] 周期119000000：切片0（所属域0）进入待剥夺状态，禁止新替换
[切片剥夺] 周期119000000：切片0在途请求已清空，开始执行脏行写回
[切片管理] 周期119001176：原域0仅剩1个切片，关闭路扩展模式
[动态重分配] 周期119001176：切片0写回完成，自动绑定到域2
[切片管理] 成功绑定切片0 → 安全域2，触发【路扩展模式】

======================== 切片硬件状态 ========================
切片号 | 所属安全域 | 当前状态    | 路扩展 | LRU touched
------------------------------------------------------------------
  0    |   域2      | 正常运行   |  是   |  119001176
  1    |   域3      | 正常运行   |  否   |  119001169
  2    |   域0      | 正常运行   |  否   |  119001174
  3    |   域2      | 正常运行   |  是   |  119001176
==================================================================


======================== 切片硬件状态 ========================
切片号 | 所属安全域 | 当前状态    | 路扩展 | LRU touched
------------------------------------------------------------------
  0    |   域2      | 正常运行   |  是   |  120995410
  1    |   域3      | 正常运行   |  否   |  120999991
  2    |   域0      | 正常运行   |  否   |  120999993
  3    |   域2      | 正常运行   |  是   |  121000000
==================================================================

[动态重分配] 周期121000000：预约迁移 冗余域2(0%) -> 切片3 -> 饥饿域3(22%)
[切片剥夺] 周期121000000：切片3（所属域2）进入待剥夺状态，禁止新替换
[切片剥夺] 周期121000000：切片3在途请求已清空，开始执行脏行写回
[切片剥夺] 周期121000000：切片3无脏行，直接完成剥夺
[切片管理] 周期121000001：原域2仅剩1个切片，关闭路扩展模式
[动态重分配] 周期121000001：切片3写回完成，自动绑定到域3
[切片管理] 成功绑定切片3 → 安全域3，触发【路扩展模式】

======================== 切片硬件状态 ========================
切片号 | 所属安全域 | 当前状态    | 路扩展 | LRU touched
------------------------------------------------------------------
  0    |   域2      | 正常运行   |  否   |  120995410
  1    |   域3      | 正常运行   |  是   |  121000001
  2    |   域0      | 正常运行   |  否   |  120999993
  3    |   域3      | 正常运行   |  是   |  121000001
==================================================================


======================== 切片硬件状态 ========================
切片号 | 所属安全域 | 当前状态    | 路扩展 | LRU touched
------------------------------------------------------------------
  0    |   域2      | 正常运行   |  否   |  121999997
  1    |   域3      | 正常运行   |  是   |  121999992
  2    |   域0      | 正常运行   |  否   |  121999997
  3    |   域3      | 正常运行   |  是   |  121999939
==================================================================

[动态重分配] 周期122000000：预约迁移 冗余域3(0%) -> 切片1 -> 饥饿域2(6%)
[切片剥夺] 周期122000000：切片1（所属域3）进入待剥夺状态，禁止新替换
[切片剥夺] 周期122000000：切片1在途请求已清空，开始执行脏行写回
[切片剥夺] 周期122000000：切片1无脏行，直接完成剥夺
[切片管理] 周期122000001：原域3仅剩1个切片，关闭路扩展模式
[动态重分配] 周期122000001：切片1写回完成，自动绑定到域2
[切片管理] 成功绑定切片1 → 安全域2，触发【路扩展模式】

======================== 切片硬件状态 ========================
切片号 | 所属安全域 | 当前状态    | 路扩展 | LRU touched
------------------------------------------------------------------
  0    |   域2      | 正常运行   |  是   |  122000001
  1    |   域2      | 正常运行   |  是   |  122000001
  2    |   域0      | 正常运行   |  否   |  122000001
  3    |   域3      | 正常运行   |  否   |  121999939
==================================================================


======================== 切片硬件状态 ========================
切片号 | 所属安全域 | 当前状态    | 路扩展 | LRU touched
------------------------------------------------------------------
  0    |   域2      | 正常运行   |  是   |  125000000
  1    |   域2      | 正常运行   |  是   |  124997848
  2    |   域0      | 正常运行   |  否   |  125000000
  3    |   域3      | 正常运行   |  否   |  124999996
==================================================================

[动态重分配] 周期125000000：预约迁移 冗余域2(0%) -> 切片0 -> 饥饿域3(22%)
[切片剥夺] 周期125000000：切片0（所属域2）进入待剥夺状态，禁止新替换
[切片剥夺] 周期125000000：切片0在途请求已清空，开始执行脏行写回
[切片剥夺] 周期125000000：切片0无脏行，直接完成剥夺
[切片管理] 周期125000001：原域2仅剩1个切片，关闭路扩展模式
[动态重分配] 周期125000001：切片0写回完成，自动绑定到域3
[切片管理] 成功绑定切片0 → 安全域3，触发【路扩展模式】

======================== 切片硬件状态 ========================
切片号 | 所属安全域 | 当前状态    | 路扩展 | LRU touched
------------------------------------------------------------------
  0    |   域3      | 正常运行   |  是   |  125000001
  1    |   域2      | 正常运行   |  否   |  124997848
  2    |   域0      | 正常运行   |  否   |  125000000
  3    |   域3      | 正常运行   |  是   |  124999996
==================================================================


======================== 切片硬件状态 ========================
切片号 | 所属安全域 | 当前状态    | 路扩展 | LRU touched
------------------------------------------------------------------
  0    |   域3      | 正常运行   |  是   |  126999979
  1    |   域2      | 正常运行   |  否   |  126999999
  2    |   域0      | 正常运行   |  否   |  126999997
  3    |   域3      | 正常运行   |  是   |  126999999
==================================================================

[动态重分配] 周期127000000：预约迁移 冗余域3(0%) -> 切片3 -> 饥饿域2(6%)
[切片剥夺] 周期127000000：切片3（所属域3）进入待剥夺状态，禁止新替换
[切片剥夺] 周期127000000：切片3在途请求已清空，开始执行脏行写回
[切片剥夺] 周期127000000：切片3无脏行，直接完成剥夺
[切片管理] 周期127000001：原域3仅剩1个切片，关闭路扩展模式
[动态重分配] 周期127000001：切片3写回完成，自动绑定到域2
[切片管理] 成功绑定切片3 → 安全域2，触发【路扩展模式】

======================== 切片硬件状态 ========================
切片号 | 所属安全域 | 当前状态    | 路扩展 | LRU touched
------------------------------------------------------------------
  0    |   域3      | 正常运行   |  否   |  126999979
  1    |   域2      | 正常运行   |  是   |  127000001
  2    |   域0      | 正常运行   |  否   |  126999997
  3    |   域2      | 正常运行   |  是   |  127000001
==================================================================


======================== 切片硬件状态 ========================
切片号 | 所属安全域 | 当前状态    | 路扩展 | LRU touched
------------------------------------------------------------------
  0    |   域3      | 正常运行   |  否   |  127999990
  1    |   域2      | 正常运行   |  是   |  128000000
  2    |   域0      | 正常运行   |  否   |  128000000
  3    |   域2      | 正常运行   |  是   |  127998410
==================================================================

[动态重分配] 周期128000000：预约迁移 冗余域2(0%) -> 切片1 -> 饥饿域3(22%)
[切片剥夺] 周期128000000：切片1（所属域2）进入待剥夺状态，禁止新替换
[切片剥夺] 周期128000000：切片1在途请求已清空，开始执行脏行写回
[切片剥夺] 周期128000000：切片1无脏行，直接完成剥夺
[切片管理] 周期128000001：原域2仅剩1个切片，关闭路扩展模式
[动态重分配] 周期128000001：切片1写回完成，自动绑定到域3
[切片管理] 成功绑定切片1 → 安全域3，触发【路扩展模式】

======================== 切片硬件状态 ========================
切片号 | 所属安全域 | 当前状态    | 路扩展 | LRU touched
------------------------------------------------------------------
  0    |   域3      | 正常运行   |  是   |  127999990
  1    |   域3      | 正常运行   |  是   |  128000001
  2    |   域0      | 正常运行   |  否   |  128000000
  3    |   域2      | 正常运行   |  否   |  128000001
==================================================================


======================== 切片硬件状态 ========================
切片号 | 所属安全域 | 当前状态    | 路扩展 | LRU touched
------------------------------------------------------------------
  0    |   域3      | 正常运行   |  是   |  131000000
  1    |   域3      | 正常运行   |  是   |  130999977
  2    |   域0      | 正常运行   |  否   |  130999999
  3    |   域2      | 正常运行   |  否   |  130999996
==================================================================

[动态重分配] 周期131000000：预约迁移 冗余域3(0%) -> 切片0 -> 饥饿域2(6%)
[切片剥夺] 周期131000000：切片0（所属域3）进入待剥夺状态，禁止新替换
[切片剥夺] 周期131000000：切片0在途请求已清空，开始执行脏行写回
[切片剥夺] 周期131000000：切片0无脏行，直接完成剥夺
[切片管理] 周期131000001：原域3仅剩1个切片，关闭路扩展模式
[动态重分配] 周期131000001：切片0写回完成，自动绑定到域2
[切片管理] 成功绑定切片0 → 安全域2，触发【路扩展模式】

======================== 切片硬件状态 ========================
切片号 | 所属安全域 | 当前状态    | 路扩展 | LRU touched
------------------------------------------------------------------
  0    |   域2      | 正常运行   |  是   |  131000001
  1    |   域3      | 正常运行   |  否   |  130999977
  2    |   域0      | 正常运行   |  否   |  131000001
  3    |   域2      | 正常运行   |  是   |  130999996
==================================================================


======================== 切片硬件状态 ========================
切片号 | 所属安全域 | 当前状态    | 路扩展 | LRU touched
------------------------------------------------------------------
  0    |   域2      | 正常运行   |  是   |  132999998
  1    |   域3      | 正常运行   |  否   |  132999997
  2    |   域0      | 正常运行   |  否   |  133000000
  3    |   域2      | 正常运行   |  是   |  132998971
==================================================================

[动态重分配] 周期133000000：预约迁移 冗余域2(0%) -> 切片3 -> 饥饿域3(22%)
[切片剥夺] 周期133000000：切片3（所属域2）进入待剥夺状态，禁止新替换
[切片剥夺] 周期133000000：切片3在途请求已清空，开始执行脏行写回
[切片剥夺] 周期133000000：切片3无脏行，直接完成剥夺
[切片管理] 周期133000001：原域2仅剩1个切片，关闭路扩展模式
[动态重分配] 周期133000001：切片3写回完成，自动绑定到域3
[切片管理] 成功绑定切片3 → 安全域3，触发【路扩展模式】

======================== 切片硬件状态 ========================
切片号 | 所属安全域 | 当前状态    | 路扩展 | LRU touched
------------------------------------------------------------------
  0    |   域2      | 正常运行   |  否   |  133000001
  1    |   域3      | 正常运行   |  是   |  132999997
  2    |   域0      | 正常运行   |  否   |  133000001
  3    |   域3      | 正常运行   |  是   |  133000001
==================================================================


======================== 切片硬件状态 ========================
切片号 | 所属安全域 | 当前状态    | 路扩展 | LRU touched
------------------------------------------------------------------
  0    |   域2      | 正常运行   |  否   |  133999999
  1    |   域3      | 正常运行   |  是   |  133999979
  2    |   域0      | 正常运行   |  否   |  134000000
  3    |   域3      | 正常运行   |  是   |  133999992
==================================================================

[动态重分配] 周期134000000：预约迁移 冗余域3(0%) -> 切片1 -> 饥饿域2(6%)
[切片剥夺] 周期134000000：切片1（所属域3）进入待剥夺状态，禁止新替换
[切片剥夺] 周期134000000：切片1在途请求已清空，开始执行脏行写回
[切片剥夺] 周期134000000：切片1无脏行，直接完成剥夺
[切片管理] 周期134000001：原域3仅剩1个切片，关闭路扩展模式
[动态重分配] 周期134000001：切片1写回完成，自动绑定到域2
[切片管理] 成功绑定切片1 → 安全域2，触发【路扩展模式】

======================== 切片硬件状态 ========================
切片号 | 所属安全域 | 当前状态    | 路扩展 | LRU touched
------------------------------------------------------------------
  0    |   域2      | 正常运行   |  是   |  134000001
  1    |   域2      | 正常运行   |  是   |  134000001
  2    |   域0      | 正常运行   |  否   |  134000000
  3    |   域3      | 正常运行   |  否   |  133999992
==================================================================


======================== 切片硬件状态 ========================
切片号 | 所属安全域 | 当前状态    | 路扩展 | LRU touched
------------------------------------------------------------------
  0    |   域2      | 正常运行   |  是   |  137000000
  1    |   域2      | 正常运行   |  是   |  136999196
  2    |   域0      | 正常运行   |  否   |  136999999
  3    |   域3      | 正常运行   |  否   |  136999995
==================================================================

[动态重分配] 周期137000000：预约迁移 冗余域2(0%) -> 切片0 -> 饥饿域3(21%)
[切片剥夺] 周期137000000：切片0（所属域2）进入待剥夺状态，禁止新替换
[切片剥夺] 周期137000000：切片0在途请求已清空，开始执行脏行写回
[切片剥夺] 周期137000000：切片0无脏行，直接完成剥夺
[切片管理] 周期137000001：原域2仅剩1个切片，关闭路扩展模式
[动态重分配] 周期137000001：切片0写回完成，自动绑定到域3
[切片管理] 成功绑定切片0 → 安全域3，触发【路扩展模式】

======================== 切片硬件状态 ========================
切片号 | 所属安全域 | 当前状态    | 路扩展 | LRU touched
------------------------------------------------------------------
  0    |   域3      | 正常运行   |  是   |  137000001
  1    |   域2      | 正常运行   |  否   |  137000001
  2    |   域0      | 正常运行   |  否   |  137000001
  3    |   域3      | 正常运行   |  是   |  136999995
==================================================================


======================== 切片硬件状态 ========================
切片号 | 所属安全域 | 当前状态    | 路扩展 | LRU touched
------------------------------------------------------------------
  0    |   域3      | 正常运行   |  是   |  138999991
  1    |   域2      | 正常运行   |  否   |  139000000
  2    |   域0      | 正常运行   |  否   |  138999993
  3    |   域3      | 正常运行   |  是   |  138999996
==================================================================

[动态重分配] 周期139000000：预约迁移 冗余域3(0%) -> 切片3 -> 饥饿域2(6%)
[切片剥夺] 周期139000000：切片3（所属域3）进入待剥夺状态，禁止新替换
[切片剥夺] 周期139000000：切片3在途请求已清空，开始执行脏行写回
[切片剥夺] 周期139000000：切片3无脏行，直接完成剥夺
[切片管理] 周期139000001：原域3仅剩1个切片，关闭路扩展模式
[动态重分配] 周期139000001：切片3写回完成，自动绑定到域2
[切片管理] 成功绑定切片3 → 安全域2，触发【路扩展模式】

======================== 切片硬件状态 ========================
切片号 | 所属安全域 | 当前状态    | 路扩展 | LRU touched
------------------------------------------------------------------
  0    |   域3      | 正常运行   |  否   |  138999991
  1    |   域2      | 正常运行   |  是   |  139000000
  2    |   域0      | 正常运行   |  否   |  138999993
  3    |   域2      | 正常运行   |  是   |  139000001
==================================================================


======================== 切片硬件状态 ========================
切片号 | 所属安全域 | 当前状态    | 路扩展 | LRU touched
------------------------------------------------------------------
  0    |   域3      | 正常运行   |  否   |  139999993
  1    |   域2      | 正常运行   |  是   |  139999998
  2    |   域0      | 正常运行   |  否   |  139999998
  3    |   域2      | 正常运行   |  是   |  139998656
==================================================================

[动态重分配] 周期140000000：预约迁移 冗余域2(0%) -> 切片1 -> 饥饿域3(22%)
[切片剥夺] 周期140000000：切片1（所属域2）进入待剥夺状态，禁止新替换
[切片剥夺] 周期140000000：切片1在途请求已清空，开始执行脏行写回
[切片剥夺] 周期140000000：切片1无脏行，直接完成剥夺
[切片管理] 周期140000001：原域2仅剩1个切片，关闭路扩展模式
[动态重分配] 周期140000001：切片1写回完成，自动绑定到域3
[切片管理] 成功绑定切片1 → 安全域3，触发【路扩展模式】

======================== 切片硬件状态 ========================
切片号 | 所属安全域 | 当前状态    | 路扩展 | LRU touched
------------------------------------------------------------------
  0    |   域3      | 正常运行   |  是   |  139999993
  1    |   域3      | 正常运行   |  是   |  140000001
  2    |   域0      | 正常运行   |  否   |  140000001
  3    |   域2      | 正常运行   |  否   |  140000001
==================================================================


======================== 切片硬件状态 ========================
切片号 | 所属安全域 | 当前状态    | 路扩展 | LRU touched
------------------------------------------------------------------
  0    |   域3      | 正常运行   |  是   |  142999981
  1    |   域3      | 正常运行   |  是   |  142999996
  2    |   域0      | 正常运行   |  否   |  142999997
  3    |   域2      | 正常运行   |  否   |  142999998
==================================================================

[动态重分配] 周期143000000：预约迁移 冗余域3(0%) -> 切片0 -> 饥饿域2(6%)
[切片剥夺] 周期143000000：切片0（所属域3）进入待剥夺状态，禁止新替换
[切片剥夺] 周期143000000：切片0在途请求已清空，开始执行脏行写回
[切片剥夺] 周期143000000：切片0无脏行，直接完成剥夺
[切片管理] 周期143000001：原域3仅剩1个切片，关闭路扩展模式
[动态重分配] 周期143000001：切片0写回完成，自动绑定到域2
[切片管理] 成功绑定切片0 → 安全域2，触发【路扩展模式】

======================== 切片硬件状态 ========================
切片号 | 所属安全域 | 当前状态    | 路扩展 | LRU touched
------------------------------------------------------------------
  0    |   域2      | 正常运行   |  是   |  143000001
  1    |   域3      | 正常运行   |  否   |  142999996
  2    |   域0      | 正常运行   |  否   |  142999997
  3    |   域2      | 正常运行   |  是   |  142999998
==================================================================


======================== 切片硬件状态 ========================
切片号 | 所属安全域 | 当前状态    | 路扩展 | LRU touched
------------------------------------------------------------------
  0    |   域2      | 正常运行   |  是   |  146993644
  1    |   域3      | 正常运行   |  否   |  146999993
  2    |   域0      | 正常运行   |  否   |  147000000
  3    |   域2      | 正常运行   |  是   |  147000000
==================================================================

[动态重分配] 周期147000000：预约迁移 冗余域2(0%) -> 切片3 -> 饥饿域3(22%)
[切片剥夺] 周期147000000：切片3（所属域2）进入待剥夺状态，禁止新替换
[切片剥夺] 周期147000000：切片3在途请求已清空，开始执行脏行写回
[切片剥夺] 周期147000000：切片3无脏行，直接完成剥夺
[切片管理] 周期147000001：原域2仅剩1个切片，关闭路扩展模式
[动态重分配] 周期147000001：切片3写回完成，自动绑定到域3
[切片管理] 成功绑定切片3 → 安全域3，触发【路扩展模式】

======================== 切片硬件状态 ========================
切片号 | 所属安全域 | 当前状态    | 路扩展 | LRU touched
------------------------------------------------------------------
  0    |   域2      | 正常运行   |  否   |  146993644
  1    |   域3      | 正常运行   |  是   |  146999993
  2    |   域0      | 正常运行   |  否   |  147000001
  3    |   域3      | 正常运行   |  是   |  147000001
==================================================================


======================== 切片硬件状态 ========================
切片号 | 所属安全域 | 当前状态    | 路扩展 | LRU touched
------------------------------------------------------------------
  0    |   域2      | 正常运行   |  否   |  148000000
  1    |   域3      | 正常运行   |  是   |  147999985
  2    |   域0      | 正常运行   |  否   |  148000000
  3    |   域3      | 正常运行   |  是   |  147999999
==================================================================

[动态重分配] 周期148000000：预约迁移 冗余域3(0%) -> 切片1 -> 饥饿域2(6%)
[切片剥夺] 周期148000000：切片1（所属域3）进入待剥夺状态，禁止新替换
[切片剥夺] 周期148000000：切片1在途请求已清空，开始执行脏行写回
[切片剥夺] 周期148000000：切片1无脏行，直接完成剥夺
[切片管理] 周期148000001：原域3仅剩1个切片，关闭路扩展模式
[动态重分配] 周期148000001：切片1写回完成，自动绑定到域2
[切片管理] 成功绑定切片1 → 安全域2，触发【路扩展模式】

======================== 切片硬件状态 ========================
切片号 | 所属安全域 | 当前状态    | 路扩展 | LRU touched
------------------------------------------------------------------
  0    |   域2      | 正常运行   |  是   |  148000001
  1    |   域2      | 正常运行   |  是   |  148000001
  2    |   域0      | 正常运行   |  否   |  148000000
  3    |   域3      | 正常运行   |  否   |  147999999
==================================================================


======================== 切片硬件状态 ========================
切片号 | 所属安全域 | 当前状态    | 路扩展 | LRU touched
------------------------------------------------------------------
  0    |   域2      | 正常运行   |  是   |  148999999
  1    |   域2      | 正常运行   |  是   |  148997659
  2    |   域0      | 正常运行   |  否   |  148999999
  3    |   域3      | 正常运行   |  否   |  148999998
==================================================================

[动态重分配] 周期149000000：预约迁移 冗余域2(0%) -> 切片0 -> 饥饿域3(21%)
[切片剥夺] 周期149000000：切片0（所属域2）进入待剥夺状态，禁止新替换
[切片剥夺] 周期149000000：切片0在途请求已清空，开始执行脏行写回
[切片剥夺] 周期149000000：切片0无脏行，直接完成剥夺
[切片管理] 周期149000001：原域2仅剩1个切片，关闭路扩展模式
[动态重分配] 周期149000001：切片0写回完成，自动绑定到域3
[切片管理] 成功绑定切片0 → 安全域3，触发【路扩展模式】

======================== 切片硬件状态 ========================
切片号 | 所属安全域 | 当前状态    | 路扩展 | LRU touched
------------------------------------------------------------------
  0    |   域3      | 正常运行   |  是   |  149000001
  1    |   域2      | 正常运行   |  否   |  149000001
  2    |   域0      | 正常运行   |  否   |  148999999
  3    |   域3      | 正常运行   |  是   |  148999998
==================================================================


======================== 切片硬件状态 ========================
切片号 | 所属安全域 | 当前状态    | 路扩展 | LRU touched
------------------------------------------------------------------
  0    |   域3      | 正常运行   |  是   |  152999969
  1    |   域2      | 正常运行   |  否   |  152999999
  2    |   域0      | 正常运行   |  否   |  152999995
  3    |   域3      | 正常运行   |  是   |  152999994
==================================================================

[动态重分配] 周期153000000：预约迁移 冗余域3(0%) -> 切片3 -> 饥饿域2(6%)
[切片剥夺] 周期153000000：切片3（所属域3）进入待剥夺状态，禁止新替换
[切片剥夺] 周期153000000：切片3在途请求已清空，开始执行脏行写回
[切片剥夺] 周期153000000：切片3无脏行，直接完成剥夺
[切片管理] 周期153000001：原域3仅剩1个切片，关闭路扩展模式
[动态重分配] 周期153000001：切片3写回完成，自动绑定到域2
[切片管理] 成功绑定切片3 → 安全域2，触发【路扩展模式】

======================== 切片硬件状态 ========================
切片号 | 所属安全域 | 当前状态    | 路扩展 | LRU touched
------------------------------------------------------------------
  0    |   域3      | 正常运行   |  否   |  152999969
  1    |   域2      | 正常运行   |  是   |  153000001
  2    |   域0      | 正常运行   |  否   |  152999995
  3    |   域2      | 正常运行   |  是   |  153000001
==================================================================


======================== 切片硬件状态 ========================
切片号 | 所属安全域 | 当前状态    | 路扩展 | LRU touched
------------------------------------------------------------------
  0    |   域3      | 正常运行   |  否   |  153999994
  1    |   域2      | 正常运行   |  是   |  153999971
  2    |   域0      | 正常运行   |  否   |  153999999
  3    |   域2      | 正常运行   |  是   |  154000000
==================================================================

[动态重分配] 周期154000000：预约迁移 冗余域2(0%) -> 切片1 -> 饥饿域3(22%)
[切片剥夺] 周期154000000：切片1（所属域2）进入待剥夺状态，禁止新替换
[切片剥夺] 周期154000000：切片1在途请求已清空，开始执行脏行写回
[切片剥夺] 周期154000000：切片1无脏行，直接完成剥夺
[切片管理] 周期154000001：原域2仅剩1个切片，关闭路扩展模式
[动态重分配] 周期154000001：切片1写回完成，自动绑定到域3
[切片管理] 成功绑定切片1 → 安全域3，触发【路扩展模式】

======================== 切片硬件状态 ========================
切片号 | 所属安全域 | 当前状态    | 路扩展 | LRU touched
------------------------------------------------------------------
  0    |   域3      | 正常运行   |  是   |  154000001
  1    |   域3      | 正常运行   |  是   |  154000001
  2    |   域0      | 正常运行   |  否   |  153999999
  3    |   域2      | 正常运行   |  否   |  154000000
==================================================================


======================== 切片硬件状态 ========================
切片号 | 所属安全域 | 当前状态    | 路扩展 | LRU touched
------------------------------------------------------------------
  0    |   域3      | 正常运行   |  是   |  154999987
  1    |   域3      | 正常运行   |  是   |  154999997
  2    |   域0      | 正常运行   |  否   |  155000000
  3    |   域2      | 正常运行   |  否   |  154999999
==================================================================

[动态重分配] 周期155000000：预约迁移 冗余域3(0%) -> 切片0 -> 饥饿域2(6%)
[切片剥夺] 周期155000000：切片0（所属域3）进入待剥夺状态，禁止新替换
[切片剥夺] 周期155000000：切片0在途请求已清空，开始执行脏行写回
[切片剥夺] 周期155000000：切片0无脏行，直接完成剥夺
[切片管理] 周期155000001：原域3仅剩1个切片，关闭路扩展模式
[动态重分配] 周期155000001：切片0写回完成，自动绑定到域2
[切片管理] 成功绑定切片0 → 安全域2，触发【路扩展模式】

======================== 切片硬件状态 ========================
切片号 | 所属安全域 | 当前状态    | 路扩展 | LRU touched
------------------------------------------------------------------
  0    |   域2      | 正常运行   |  是   |  155000001
  1    |   域3      | 正常运行   |  否   |  154999997
  2    |   域0      | 正常运行   |  否   |  155000000
  3    |   域2      | 正常运行   |  是   |  155000001
==================================================================


======================== 切片硬件状态 ========================
切片号 | 所属安全域 | 当前状态    | 路扩展 | LRU touched
------------------------------------------------------------------
  0    |   域2      | 正常运行   |  是   |  159000000
  1    |   域3      | 正常运行   |  否   |  158999992
  2    |   域0      | 正常运行   |  否   |  158999991
  3    |   域2      | 正常运行   |  是   |  158997995
==================================================================

[动态重分配] 周期159000000：预约迁移 冗余域2(0%) -> 切片3 -> 饥饿域3(22%)
[切片剥夺] 周期159000000：切片3（所属域2）进入待剥夺状态，禁止新替换
[切片剥夺] 周期159000000：切片3在途请求已清空，开始执行脏行写回
[切片剥夺] 周期159000000：切片3无脏行，直接完成剥夺
[切片管理] 周期159000001：原域2仅剩1个切片，关闭路扩展模式
[动态重分配] 周期159000001：切片3写回完成，自动绑定到域3
[切片管理] 成功绑定切片3 → 安全域3，触发【路扩展模式】

======================== 切片硬件状态 ========================
切片号 | 所属安全域 | 当前状态    | 路扩展 | LRU touched
------------------------------------------------------------------
  0    |   域2      | 正常运行   |  否   |  159000000
  1    |   域3      | 正常运行   |  是   |  158999992
  2    |   域0      | 正常运行   |  否   |  158999991
  3    |   域3      | 正常运行   |  是   |  159000001
==================================================================


======================== 切片硬件状态 ========================
切片号 | 所属安全域 | 当前状态    | 路扩展 | LRU touched
------------------------------------------------------------------
  0    |   域2      | 正常运行   |  否   |  160000000
  1    |   域3      | 正常运行   |  是   |  159999995
  2    |   域0      | 正常运行   |  否   |  159999999
  3    |   域3      | 正常运行   |  是   |  159999955
==================================================================

[动态重分配] 周期160000000：预约迁移 冗余域3(0%) -> 切片1 -> 饥饿域2(6%)
[切片剥夺] 周期160000000：切片1（所属域3）进入待剥夺状态，禁止新替换
[切片剥夺] 周期160000000：切片1在途请求已清空，开始执行脏行写回
[切片剥夺] 周期160000000：切片1无脏行，直接完成剥夺
[切片管理] 周期160000001：原域3仅剩1个切片，关闭路扩展模式
[动态重分配] 周期160000001：切片1写回完成，自动绑定到域2
[切片管理] 成功绑定切片1 → 安全域2，触发【路扩展模式】

======================== 切片硬件状态 ========================
切片号 | 所属安全域 | 当前状态    | 路扩展 | LRU touched
------------------------------------------------------------------
  0    |   域2      | 正常运行   |  是   |  160000000
  1    |   域2      | 正常运行   |  是   |  160000001
  2    |   域0      | 正常运行   |  否   |  159999999
  3    |   域3      | 正常运行   |  否   |  159999955
==================================================================


======================== 切片硬件状态 ========================
切片号 | 所属安全域 | 当前状态    | 路扩展 | LRU touched
------------------------------------------------------------------
  0    |   域2      | 正常运行   |  是   |  160999999
  1    |   域2      | 正常运行   |  是   |  160997358
  2    |   域0      | 正常运行   |  否   |  161000000
  3    |   域3      | 正常运行   |  否   |  160999992
==================================================================

[动态重分配] 周期161000000：预约迁移 冗余域2(0%) -> 切片0 -> 饥饿域3(22%)
[切片剥夺] 周期161000000：切片0（所属域2）进入待剥夺状态，禁止新替换
[切片剥夺] 周期161000000：切片0在途请求已清空，开始执行脏行写回
[切片剥夺] 周期161000000：切片0无脏行，直接完成剥夺
[切片管理] 周期161000001：原域2仅剩1个切片，关闭路扩展模式
[动态重分配] 周期161000001：切片0写回完成，自动绑定到域3
[切片管理] 成功绑定切片0 → 安全域3，触发【路扩展模式】

======================== 切片硬件状态 ========================
切片号 | 所属安全域 | 当前状态    | 路扩展 | LRU touched
------------------------------------------------------------------
  0    |   域3      | 正常运行   |  是   |  161000001
  1    |   域2      | 正常运行   |  否   |  161000001
  2    |   域0      | 正常运行   |  否   |  161000000
  3    |   域3      | 正常运行   |  是   |  161000001
==================================================================


======================== 切片硬件状态 ========================
切片号 | 所属安全域 | 当前状态    | 路扩展 | LRU touched
------------------------------------------------------------------
  0    |   域3      | 正常运行   |  是   |  164999995
  1    |   域2      | 正常运行   |  否   |  164999999
  2    |   域0      | 正常运行   |  否   |  165000000
  3    |   域3      | 正常运行   |  是   |  164999984
==================================================================

[动态重分配] 周期165000000：预约迁移 冗余域3(0%) -> 切片3 -> 饥饿域2(6%)
[切片剥夺] 周期165000000：切片3（所属域3）进入待剥夺状态，禁止新替换
[切片剥夺] 周期165000000：切片3在途请求已清空，开始执行脏行写回
[切片剥夺] 周期165000000：切片3无脏行，直接完成剥夺
[切片管理] 周期165000001：原域3仅剩1个切片，关闭路扩展模式
[动态重分配] 周期165000001：切片3写回完成，自动绑定到域2
[切片管理] 成功绑定切片3 → 安全域2，触发【路扩展模式】

======================== 切片硬件状态 ========================
切片号 | 所属安全域 | 当前状态    | 路扩展 | LRU touched
------------------------------------------------------------------
  0    |   域3      | 正常运行   |  否   |  164999995
  1    |   域2      | 正常运行   |  是   |  165000001
  2    |   域0      | 正常运行   |  否   |  165000000
  3    |   域2      | 正常运行   |  是   |  165000001
==================================================================


======================== 切片硬件状态 ========================
切片号 | 所属安全域 | 当前状态    | 路扩展 | LRU touched
------------------------------------------------------------------
  0    |   域3      | 正常运行   |  否   |  165999999
  1    |   域2      | 正常运行   |  是   |  166000000
  2    |   域0      | 正常运行   |  否   |  166000000
  3    |   域2      | 正常运行   |  是   |  165994785
==================================================================

[动态重分配] 周期166000000：预约迁移 冗余域2(0%) -> 切片1 -> 饥饿域3(22%)
[切片剥夺] 周期166000000：切片1（所属域2）进入待剥夺状态，禁止新替换
[切片剥夺] 周期166000000：切片1在途请求已清空，开始执行脏行写回
[切片剥夺] 周期166000000：切片1无脏行，直接完成剥夺
[切片管理] 周期166000001：原域2仅剩1个切片，关闭路扩展模式
[动态重分配] 周期166000001：切片1写回完成，自动绑定到域3
[切片管理] 成功绑定切片1 → 安全域3，触发【路扩展模式】

======================== 切片硬件状态 ========================
切片号 | 所属安全域 | 当前状态    | 路扩展 | LRU touched
------------------------------------------------------------------
  0    |   域3      | 正常运行   |  是   |  165999999
  1    |   域3      | 正常运行   |  是   |  166000001
  2    |   域0      | 正常运行   |  否   |  166000000
  3    |   域2      | 正常运行   |  否   |  165994785
==================================================================


======================== 切片硬件状态 ========================
切片号 | 所属安全域 | 当前状态    | 路扩展 | LRU touched
------------------------------------------------------------------
  0    |   域3      | 正常运行   |  是   |  166999976
  1    |   域3      | 正常运行   |  是   |  166999990
  2    |   域0      | 正常运行   |  否   |  167000000
  3    |   域2      | 正常运行   |  否   |  166999999
==================================================================

[动态重分配] 周期167000000：预约迁移 冗余域3(0%) -> 切片0 -> 饥饿域2(6%)
[切片剥夺] 周期167000000：切片0（所属域3）进入待剥夺状态，禁止新替换
[切片剥夺] 周期167000000：切片0在途请求已清空，开始执行脏行写回
[切片剥夺] 周期167000000：切片0无脏行，直接完成剥夺
[切片管理] 周期167000001：原域3仅剩1个切片，关闭路扩展模式
[动态重分配] 周期167000001：切片0写回完成，自动绑定到域2
[切片管理] 成功绑定切片0 → 安全域2，触发【路扩展模式】

======================== 切片硬件状态 ========================
切片号 | 所属安全域 | 当前状态    | 路扩展 | LRU touched
------------------------------------------------------------------
  0    |   域2      | 正常运行   |  是   |  167000001
  1    |   域3      | 正常运行   |  否   |  167000001
  2    |   域0      | 正常运行   |  否   |  167000000
  3    |   域2      | 正常运行   |  是   |  166999999
==================================================================


======================== 切片硬件状态 ========================
切片号 | 所属安全域 | 当前状态    | 路扩展 | LRU touched
------------------------------------------------------------------
  0    |   域2      | 正常运行   |  是   |  171000000
  1    |   域3      | 正常运行   |  否   |  170999995
  2    |   域0      | 正常运行   |  否   |  170999999
  3    |   域2      | 正常运行   |  是   |  170999282
==================================================================

[动态重分配] 周期171000000：预约迁移 冗余域2(0%) -> 切片3 -> 饥饿域0(6%)
[切片剥夺] 周期171000000：切片3（所属域2）进入待剥夺状态，禁止新替换
[切片剥夺] 周期171000000：切片3在途请求已清空，开始执行脏行写回
[切片剥夺] 周期171000000：切片3无脏行，直接完成剥夺
[切片管理] 周期171000001：原域2仅剩1个切片，关闭路扩展模式
[动态重分配] 周期171000001：切片3写回完成，自动绑定到域0
[切片管理] 成功绑定切片3 → 安全域0，触发【路扩展模式】

======================== 切片硬件状态 ========================
切片号 | 所属安全域 | 当前状态    | 路扩展 | LRU touched
------------------------------------------------------------------
  0    |   域2      | 正常运行   |  否   |  171000001
  1    |   域3      | 正常运行   |  否   |  170999995
  2    |   域0      | 正常运行   |  是   |  171000001
  3    |   域0      | 正常运行   |  是   |  171000001
==================================================================


======================== 切片硬件状态 ========================
切片号 | 所属安全域 | 当前状态    | 路扩展 | LRU touched
------------------------------------------------------------------
  0    |   域2      | 正常运行   |  否   |  172999998
  1    |   域3      | 正常运行   |  否   |  172999989
  2    |   域0      | 正常运行   |  是   |  173000000
  3    |   域0      | 正常运行   |  是   |  172999997
==================================================================

[动态重分配] 周期173000000：预约迁移 冗余域0(0%) -> 切片2 -> 饥饿域2(6%)
[切片剥夺] 周期173000000：切片2（所属域0）进入待剥夺状态，禁止新替换
[切片剥夺] 周期173000000：切片2在途请求已清空，开始执行脏行写回
[切片管理] 周期173000125：原域0仅剩1个切片，关闭路扩展模式
[动态重分配] 周期173000125：切片2写回完成，自动绑定到域2
[切片管理] 成功绑定切片2 → 安全域2，触发【路扩展模式】

======================== 切片硬件状态 ========================
切片号 | 所属安全域 | 当前状态    | 路扩展 | LRU touched
------------------------------------------------------------------
  0    |   域2      | 正常运行   |  是   |  173000055
  1    |   域3      | 正常运行   |  否   |  173000070
  2    |   域2      | 正常运行   |  是   |  173000125
  3    |   域0      | 正常运行   |  否   |  173000075
==================================================================


======================== 切片硬件状态 ========================
切片号 | 所属安全域 | 当前状态    | 路扩展 | LRU touched
------------------------------------------------------------------
  0    |   域2      | 正常运行   |  是   |  174000000
  1    |   域3      | 正常运行   |  否   |  173999998
  2    |   域2      | 正常运行   |  是   |  173998455
  3    |   域0      | 正常运行   |  否   |  173999999
==================================================================

[动态重分配] 周期174000000：预约迁移 冗余域2(0%) -> 切片0 -> 饥饿域3(22%)
[切片剥夺] 周期174000000：切片0（所属域2）进入待剥夺状态，禁止新替换
[切片剥夺] 周期174000000：切片0在途请求已清空，开始执行脏行写回
[切片剥夺] 周期174000000：切片0无脏行，直接完成剥夺
[切片管理] 周期174000001：原域2仅剩1个切片，关闭路扩展模式
[动态重分配] 周期174000001：切片0写回完成，自动绑定到域3
[切片管理] 成功绑定切片0 → 安全域3，触发【路扩展模式】

======================== 切片硬件状态 ========================
切片号 | 所属安全域 | 当前状态    | 路扩展 | LRU touched
------------------------------------------------------------------
  0    |   域3      | 正常运行   |  是   |  174000001
  1    |   域3      | 正常运行   |  是   |  173999998
  2    |   域2      | 正常运行   |  否   |  173998455
  3    |   域0      | 正常运行   |  否   |  173999999
==================================================================


======================== 切片硬件状态 ========================
切片号 | 所属安全域 | 当前状态    | 路扩展 | LRU touched
------------------------------------------------------------------
  0    |   域3      | 正常运行   |  是   |  175000000
  1    |   域3      | 正常运行   |  是   |  174999986
  2    |   域2      | 正常运行   |  否   |  174999997
  3    |   域0      | 正常运行   |  否   |  175000000
==================================================================

[动态重分配] 周期175000000：预约迁移 冗余域3(0%) -> 切片1 -> 饥饿域2(6%)
[切片剥夺] 周期175000000：切片1（所属域3）进入待剥夺状态，禁止新替换
[切片剥夺] 周期175000000：切片1在途请求已清空，开始执行脏行写回
[切片剥夺] 周期175000000：切片1无脏行，直接完成剥夺
[切片管理] 周期175000001：原域3仅剩1个切片，关闭路扩展模式
[动态重分配] 周期175000001：切片1写回完成，自动绑定到域2
[切片管理] 成功绑定切片1 → 安全域2，触发【路扩展模式】

======================== 切片硬件状态 ========================
切片号 | 所属安全域 | 当前状态    | 路扩展 | LRU touched
------------------------------------------------------------------
  0    |   域3      | 正常运行   |  否   |  175000000
  1    |   域2      | 正常运行   |  是   |  175000001
  2    |   域2      | 正常运行   |  是   |  175000001
  3    |   域0      | 正常运行   |  否   |  175000000
==================================================================


======================== 切片硬件状态 ========================
切片号 | 所属安全域 | 当前状态    | 路扩展 | LRU touched
------------------------------------------------------------------
  0    |   域3      | 正常运行   |  否   |  178999996
  1    |   域2      | 正常运行   |  是   |  178999999
  2    |   域2      | 正常运行   |  是   |  178999910
  3    |   域0      | 正常运行   |  否   |  178999999
==================================================================

[动态重分配] 周期179000000：预约迁移 冗余域2(0%) -> 切片2 -> 饥饿域3(22%)
[切片剥夺] 周期179000000：切片2（所属域2）进入待剥夺状态，禁止新替换
[切片剥夺] 周期179000000：切片2在途请求已清空，开始执行脏行写回
[切片剥夺] 周期179000000：切片2无脏行，直接完成剥夺
[切片管理] 周期179000001：原域2仅剩1个切片，关闭路扩展模式
[动态重分配] 周期179000001：切片2写回完成，自动绑定到域3
[切片管理] 成功绑定切片2 → 安全域3，触发【路扩展模式】

======================== 切片硬件状态 ========================
切片号 | 所属安全域 | 当前状态    | 路扩展 | LRU touched
------------------------------------------------------------------
  0    |   域3      | 正常运行   |  是   |  178999996
  1    |   域2      | 正常运行   |  否   |  179000001
  2    |   域3      | 正常运行   |  是   |  179000001
  3    |   域0      | 正常运行   |  否   |  179000001
==================================================================


======================== 切片硬件状态 ========================
切片号 | 所属安全域 | 当前状态    | 路扩展 | LRU touched
------------------------------------------------------------------
  0    |   域3      | 正常运行   |  是   |  179999979
  1    |   域2      | 正常运行   |  否   |  179999999
  2    |   域3      | 正常运行   |  是   |  179999991
  3    |   域0      | 正常运行   |  否   |  179999999
==================================================================

[动态重分配] 周期180000000：预约迁移 冗余域3(0%) -> 切片0 -> 饥饿域2(6%)
[切片剥夺] 周期180000000：切片0（所属域3）进入待剥夺状态，禁止新替换
[切片剥夺] 周期180000000：切片0在途请求已清空，开始执行脏行写回
[切片剥夺] 周期180000000：切片0无脏行，直接完成剥夺
[切片管理] 周期180000001：原域3仅剩1个切片，关闭路扩展模式
[动态重分配] 周期180000001：切片0写回完成，自动绑定到域2
[切片管理] 成功绑定切片0 → 安全域2，触发【路扩展模式】

======================== 切片硬件状态 ========================
切片号 | 所属安全域 | 当前状态    | 路扩展 | LRU touched
------------------------------------------------------------------
  0    |   域2      | 正常运行   |  是   |  180000001
  1    |   域2      | 正常运行   |  是   |  180000001
  2    |   域3      | 正常运行   |  否   |  180000001
  3    |   域0      | 正常运行   |  否   |  179999999
==================================================================


======================== 切片硬件状态 ========================
切片号 | 所属安全域 | 当前状态    | 路扩展 | LRU touched
------------------------------------------------------------------
  0    |   域2      | 正常运行   |  是   |  180998398
  1    |   域2      | 正常运行   |  是   |  180999997
  2    |   域3      | 正常运行   |  否   |  180999996
  3    |   域0      | 正常运行   |  否   |  181000000
==================================================================

[动态重分配] 周期181000000：预约迁移 冗余域2(0%) -> 切片1 -> 饥饿域3(21%)
[切片剥夺] 周期181000000：切片1（所属域2）进入待剥夺状态，禁止新替换
[切片剥夺] 周期181000000：切片1在途请求已清空，开始执行脏行写回
[切片剥夺] 周期181000000：切片1无脏行，直接完成剥夺
[切片管理] 周期181000001：原域2仅剩1个切片，关闭路扩展模式
[动态重分配] 周期181000001：切片1写回完成，自动绑定到域3
[切片管理] 成功绑定切片1 → 安全域3，触发【路扩展模式】

======================== 切片硬件状态 ========================
切片号 | 所属安全域 | 当前状态    | 路扩展 | LRU touched
------------------------------------------------------------------
  0    |   域2      | 正常运行   |  否   |  181000001
  1    |   域3      | 正常运行   |  是   |  181000001
  2    |   域3      | 正常运行   |  是   |  180999996
  3    |   域0      | 正常运行   |  否   |  181000000
==================================================================


======================== 切片硬件状态 ========================
切片号 | 所属安全域 | 当前状态    | 路扩展 | LRU touched
------------------------------------------------------------------
  0    |   域2      | 正常运行   |  否   |  185000000
  1    |   域3      | 正常运行   |  是   |  184999984
  2    |   域3      | 正常运行   |  是   |  184999992
  3    |   域0      | 正常运行   |  否   |  185000000
==================================================================

[动态重分配] 周期185000000：预约迁移 冗余域3(0%) -> 切片2 -> 饥饿域2(6%)
[切片剥夺] 周期185000000：切片2（所属域3）进入待剥夺状态，禁止新替换
[切片剥夺] 周期185000000：切片2在途请求已清空，开始执行脏行写回
[切片剥夺] 周期185000000：切片2无脏行，直接完成剥夺
[切片管理] 周期185000001：原域3仅剩1个切片，关闭路扩展模式
[动态重分配] 周期185000001：切片2写回完成，自动绑定到域2
[切片管理] 成功绑定切片2 → 安全域2，触发【路扩展模式】

======================== 切片硬件状态 ========================
切片号 | 所属安全域 | 当前状态    | 路扩展 | LRU touched
------------------------------------------------------------------
  0    |   域2      | 正常运行   |  是   |  185000000
  1    |   域3      | 正常运行   |  否   |  184999984
  2    |   域2      | 正常运行   |  是   |  185000001
  3    |   域0      | 正常运行   |  否   |  185000001
==================================================================


======================== 切片硬件状态 ========================
切片号 | 所属安全域 | 当前状态    | 路扩展 | LRU touched
------------------------------------------------------------------
  0    |   域2      | 正常运行   |  是   |  186000000
  1    |   域3      | 正常运行   |  否   |  185999996
  2    |   域2      | 正常运行   |  是   |  185994944
  3    |   域0      | 正常运行   |  否   |  185999991
==================================================================

[动态重分配] 周期186000000：预约迁移 冗余域2(0%) -> 切片0 -> 饥饿域3(22%)
[切片剥夺] 周期186000000：切片0（所属域2）进入待剥夺状态，禁止新替换
[切片剥夺] 周期186000000：切片0在途请求已清空，开始执行脏行写回
[切片剥夺] 周期186000000：切片0无脏行，直接完成剥夺
[切片管理] 周期186000001：原域2仅剩1个切片，关闭路扩展模式
[动态重分配] 周期186000001：切片0写回完成，自动绑定到域3
[切片管理] 成功绑定切片0 → 安全域3，触发【路扩展模式】

======================== 切片硬件状态 ========================
切片号 | 所属安全域 | 当前状态    | 路扩展 | LRU touched
------------------------------------------------------------------
  0    |   域3      | 正常运行   |  是   |  186000001
  1    |   域3      | 正常运行   |  是   |  185999996
  2    |   域2      | 正常运行   |  否   |  185994944
  3    |   域0      | 正常运行   |  否   |  185999991
==================================================================


======================== 切片硬件状态 ========================
切片号 | 所属安全域 | 当前状态    | 路扩展 | LRU touched
------------------------------------------------------------------
  0    |   域3      | 正常运行   |  是   |  186999960
  1    |   域3      | 正常运行   |  是   |  186999997
  2    |   域2      | 正常运行   |  否   |  186999996
  3    |   域0      | 正常运行   |  否   |  186999999
==================================================================

[动态重分配] 周期187000000：预约迁移 冗余域3(0%) -> 切片1 -> 饥饿域2(6%)
[切片剥夺] 周期187000000：切片1（所属域3）进入待剥夺状态，禁止新替换
[切片剥夺] 周期187000000：切片1在途请求已清空，开始执行脏行写回
[切片剥夺] 周期187000000：切片1无脏行，直接完成剥夺
[切片管理] 周期187000001：原域3仅剩1个切片，关闭路扩展模式
[动态重分配] 周期187000001：切片1写回完成，自动绑定到域2
[切片管理] 成功绑定切片1 → 安全域2，触发【路扩展模式】

======================== 切片硬件状态 ========================
切片号 | 所属安全域 | 当前状态    | 路扩展 | LRU touched
------------------------------------------------------------------
  0    |   域3      | 正常运行   |  否   |  186999960
  1    |   域2      | 正常运行   |  是   |  187000001
  2    |   域2      | 正常运行   |  是   |  187000001
  3    |   域0      | 正常运行   |  否   |  186999999
==================================================================


======================== 切片硬件状态 ========================
切片号 | 所属安全域 | 当前状态    | 路扩展 | LRU touched
------------------------------------------------------------------
  0    |   域3      | 正常运行   |  否   |  190999998
  1    |   域2      | 正常运行   |  是   |  190997977
  2    |   域2      | 正常运行   |  是   |  191000000
  3    |   域0      | 正常运行   |  否   |  190999940
==================================================================

[动态重分配] 周期191000000：预约迁移 冗余域2(0%) -> 切片2 -> 饥饿域3(22%)
[切片剥夺] 周期191000000：切片2（所属域2）进入待剥夺状态，禁止新替换
[切片剥夺] 周期191000000：切片2在途请求已清空，开始执行脏行写回
[切片剥夺] 周期191000000：切片2无脏行，直接完成剥夺
[切片管理] 周期191000001：原域2仅剩1个切片，关闭路扩展模式
[动态重分配] 周期191000001：切片2写回完成，自动绑定到域3
[切片管理] 成功绑定切片2 → 安全域3，触发【路扩展模式】

======================== 切片硬件状态 ========================
切片号 | 所属安全域 | 当前状态    | 路扩展 | LRU touched
------------------------------------------------------------------
  0    |   域3      | 正常运行   |  是   |  190999998
  1    |   域2      | 正常运行   |  否   |  191000001
  2    |   域3      | 正常运行   |  是   |  191000001
  3    |   域0      | 正常运行   |  否   |  190999940
==================================================================


======================== 切片硬件状态 ========================
切片号 | 所属安全域 | 当前状态    | 路扩展 | LRU touched
------------------------------------------------------------------
  0    |   域3      | 正常运行   |  是   |  191999999
  1    |   域2      | 正常运行   |  否   |  191999999
  2    |   域3      | 正常运行   |  是   |  191999992
  3    |   域0      | 正常运行   |  否   |  192000000
==================================================================

[动态重分配] 周期192000000：预约迁移 冗余域3(0%) -> 切片0 -> 饥饿域2(6%)
[切片剥夺] 周期192000000：切片0（所属域3）进入待剥夺状态，禁止新替换
[切片剥夺] 周期192000000：切片0在途请求已清空，开始执行脏行写回
[切片剥夺] 周期192000000：切片0无脏行，直接完成剥夺
[切片管理] 周期192000001：原域3仅剩1个切片，关闭路扩展模式
[动态重分配] 周期192000001：切片0写回完成，自动绑定到域2
[切片管理] 成功绑定切片0 → 安全域2，触发【路扩展模式】

======================== 切片硬件状态 ========================
切片号 | 所属安全域 | 当前状态    | 路扩展 | LRU touched
------------------------------------------------------------------
  0    |   域2      | 正常运行   |  是   |  192000001
  1    |   域2      | 正常运行   |  是   |  192000001
  2    |   域3      | 正常运行   |  否   |  191999992
  3    |   域0      | 正常运行   |  否   |  192000001
==================================================================


======================== 切片硬件状态 ========================
切片号 | 所属安全域 | 当前状态    | 路扩展 | LRU touched
------------------------------------------------------------------
  0    |   域2      | 正常运行   |  是   |  192998297
  1    |   域2      | 正常运行   |  是   |  192999999
  2    |   域3      | 正常运行   |  否   |  192999991
  3    |   域0      | 正常运行   |  否   |  192999996
==================================================================

[动态重分配] 周期193000000：预约迁移 冗余域2(0%) -> 切片1 -> 饥饿域3(21%)
[切片剥夺] 周期193000000：切片1（所属域2）进入待剥夺状态，禁止新替换
[切片剥夺] 周期193000000：切片1在途请求已清空，开始执行脏行写回
[切片剥夺] 周期193000000：切片1无脏行，直接完成剥夺
[切片管理] 周期193000001：原域2仅剩1个切片，关闭路扩展模式
[动态重分配] 周期193000001：切片1写回完成，自动绑定到域3
[切片管理] 成功绑定切片1 → 安全域3，触发【路扩展模式】

======================== 切片硬件状态 ========================
切片号 | 所属安全域 | 当前状态    | 路扩展 | LRU touched
------------------------------------------------------------------
  0    |   域2      | 正常运行   |  否   |  192998297
  1    |   域3      | 正常运行   |  是   |  193000001
  2    |   域3      | 正常运行   |  是   |  192999991
  3    |   域0      | 正常运行   |  否   |  192999996
==================================================================


======================== 切片硬件状态 ========================
切片号 | 所属安全域 | 当前状态    | 路扩展 | LRU touched
------------------------------------------------------------------
  0    |   域2      | 正常运行   |  否   |  198000000
  1    |   域3      | 正常运行   |  是   |  197999958
  2    |   域3      | 正常运行   |  是   |  197999986
  3    |   域0      | 正常运行   |  否   |  197999990
==================================================================

[动态重分配] 周期198000000：预约迁移 冗余域3(0%) -> 切片2 -> 饥饿域2(6%)
[切片剥夺] 周期198000000：切片2（所属域3）进入待剥夺状态，禁止新替换
[切片剥夺] 周期198000000：切片2在途请求已清空，开始执行脏行写回
[切片剥夺] 周期198000000：切片2无脏行，直接完成剥夺
[切片管理] 周期198000001：原域3仅剩1个切片，关闭路扩展模式
[动态重分配] 周期198000001：切片2写回完成，自动绑定到域2
[切片管理] 成功绑定切片2 → 安全域2，触发【路扩展模式】

======================== 切片硬件状态 ========================
切片号 | 所属安全域 | 当前状态    | 路扩展 | LRU touched
------------------------------------------------------------------
  0    |   域2      | 正常运行   |  是   |  198000000
  1    |   域3      | 正常运行   |  否   |  198000001
  2    |   域2      | 正常运行   |  是   |  198000001
  3    |   域0      | 正常运行   |  否   |  197999990
==================================================================


======================== 切片硬件状态 ========================
切片号 | 所属安全域 | 当前状态    | 路扩展 | LRU touched
------------------------------------------------------------------
  0    |   域2      | 正常运行   |  是   |  198998880
  1    |   域3      | 正常运行   |  否   |  198999995
  2    |   域2      | 正常运行   |  是   |  199000000
  3    |   域0      | 正常运行   |  否   |  198999998
==================================================================

[动态重分配] 周期199000000：预约迁移 冗余域2(0%) -> 切片0 -> 饥饿域3(22%)
[切片剥夺] 周期199000000：切片0（所属域2）进入待剥夺状态，禁止新替换
[切片剥夺] 周期199000000：切片0在途请求已清空，开始执行脏行写回
[切片剥夺] 周期199000000：切片0无脏行，直接完成剥夺
[切片管理] 周期199000001：原域2仅剩1个切片，关闭路扩展模式
[动态重分配] 周期199000001：切片0写回完成，自动绑定到域3
[切片管理] 成功绑定切片0 → 安全域3，触发【路扩展模式】

======================== 切片硬件状态 ========================
切片号 | 所属安全域 | 当前状态    | 路扩展 | LRU touched
------------------------------------------------------------------
  0    |   域3      | 正常运行   |  是   |  199000001
  1    |   域3      | 正常运行   |  是   |  198999995
  2    |   域2      | 正常运行   |  否   |  199000000
  3    |   域0      | 正常运行   |  否   |  198999998
==================================================================


======================== 切片硬件状态 ========================
切片号 | 所属安全域 | 当前状态    | 路扩展 | LRU touched
------------------------------------------------------------------
  0    |   域3      | 正常运行   |  是   |  199999987
  1    |   域3      | 正常运行   |  是   |  199999994
  2    |   域2      | 正常运行   |  否   |  200000000
  3    |   域0      | 正常运行   |  否   |  199999999
==================================================================

[动态重分配] 周期200000000：预约迁移 冗余域3(0%) -> 切片1 -> 饥饿域2(6%)
[切片剥夺] 周期200000000：切片1（所属域3）进入待剥夺状态，禁止新替换
[切片剥夺] 周期200000000：切片1在途请求已清空，开始执行脏行写回
[切片剥夺] 周期200000000：切片1无脏行，直接完成剥夺
[切片管理] 周期200000001：原域3仅剩1个切片，关闭路扩展模式
[动态重分配] 周期200000001：切片1写回完成，自动绑定到域2
[切片管理] 成功绑定切片1 → 安全域2，触发【路扩展模式】

======================== 切片硬件状态 ========================
切片号 | 所属安全域 | 当前状态    | 路扩展 | LRU touched
------------------------------------------------------------------
  0    |   域3      | 正常运行   |  否   |  199999987
  1    |   域2      | 正常运行   |  是   |  200000001
  2    |   域2      | 正常运行   |  是   |  200000000
  3    |   域0      | 正常运行   |  否   |  200000001
==================================================================


**** Debug Statistics at 201000000 Cycles *****
Threads: 4		Fetch Width: 8
No of useful instructions fetched:	1057658458 (65.77% proc util.)
No of total instructions fetched:	1265707650 (78.71% proc util.)
 includes 30981464 misfetch (2.4%), 177067728 (14.0%) wrong-path fetches
 and 0 flushed after failed lock(0.0%)
No of useful instructions issued/executed:	1057658386 (65.77% proc util.)
No of total instructions issued/executed:	1124509476 (69.93% proc util.)
 includes 66851090 wrong-path (5.9%) insts and 0 flushed (0.0%)
	fp 6124, 0.00%
	synch 0, 0.00%
	integer 886276216, 78.81%
	load/store 238227136, 21.18%
Avg size of int IQ (before scheduling): 38.57
Avg size of fp IQ (before scheduling): 0.00
No of cycles taken:		201000000
Parallelism [ 1.249, 0.000, 2.424, 1.590,] = 5.262
 IQ conflicts: 1490422 (0.74%), FQ conflicts: 0 (0.00%) 
 I reg conflicts: 22585899 (11.24%), FP reg conflicts: 0 (0.00%)
  Activelist confs: 375 (0.00%), ROB confs: 129429 (0.06%)
  Int unit conflicts: 729555735 (362.96%), FP unit conflicts: 6 (0.00%)
  Load/store unit conflicts: 18586374 (9.25%)
  MSHR conflicts: 13047198 (6.49%)
----------------------------------------
==== System-wide Cache Statistics ====
Stall for miss queue full 514 cycles (0.00%)
----------------------------------------
==== Statistics for Master ID: 0 ====
Reads: 202106424   Writes: 34729770
ICACHE: size: 64 KB assoc: 2
ICACHE: hits:114245849 misses:1277591  Hit Ratio: 98.89%
DCACHE: size: 1*16 KB assoc: 1*4
DCACHE: hits:118376973 misses:2935940 writebacks:953640  Hit Ratio: 97.58%
SCACHE: size: 512 KB assoc: 2
SCACHE: hits:3674465 misses:538907  Hit Ratio: 87.21%
3CACHE: size: 4096 KB assoc: 2
3CACHE: hits:441024 misses:97883  Hit Ratio: 81.84%
3CACHE: dirty items replaced:12402
ITLB: size: 48, misses 50745, miss rate 0.04%
DTLB: size: 128, misses 70521, miss rate 0.06%
Avg mem delay: 1.425 cycles
----------------------------------------
==== Statistics for Master ID: 2 ====
Reads: 233659189   Writes: 5158
ICACHE: size: 64 KB assoc: 2
ICACHE: hits:136200375 misses:6435  Hit Ratio: 100.00%
DCACHE: size: 2*16 KB assoc: 2*4
DCACHE: hits:94394012 misses:3063766 writebacks:331  Hit Ratio: 96.86%
SCACHE: size: 512 KB assoc: 2
SCACHE: hits:3034633 misses:35327  Hit Ratio: 98.85%
3CACHE: size: 4096 KB assoc: 2
3CACHE: hits:34793 misses:534  Hit Ratio: 98.49%
3CACHE: dirty items replaced:1
ITLB: size: 48, misses 5, miss rate 0.00%
DTLB: size: 128, misses 203, miss rate 0.00%
Avg mem delay: 1.425 cycles
----------------------------------------
==== Statistics for Master ID: 3 ====
Reads: 119436220   Writes: 35
ICACHE: size: 64 KB assoc: 2
ICACHE: hits:100388352 misses:253  Hit Ratio: 100.00%
DCACHE: size: 1*16 KB assoc: 1*4
DCACHE: hits:16596836 misses:2450813 writebacks:13  Hit Ratio: 87.13%
SCACHE: size: 512 KB assoc: 2
SCACHE: hits:2423979 misses:27087  Hit Ratio: 98.89%
3CACHE: size: 4096 KB assoc: 2
3CACHE: hits:25533 misses:1554  Hit Ratio: 94.26%
3CACHE: dirty items replaced:181
ITLB: size: 48, misses 4, miss rate 0.00%
DTLB: size: 128, misses 546, miss rate 0.00%
Avg mem delay: 1.425 cycles
----------------------------------------
==== Global Resource Utilization ====
STASH: size: 65536 entries, full 1287335994, empty 26369825, misses 2354580, full rate 97.82
icache bank util. 0.283 0.224 0.160 0.074 0.081 0.077 0.736 0.137 
dcache bank util. 0.159 0.154 0.159 0.170 0.165 0.199 0.157 0.160 
L2 bank util. 0.033 0.034 0.033 0.035 0.034 0.032 0.033 0.033 
L1-L2 bus util. = 0.160, L3 util. = 0.005
----------------------------------------

======================== 切片硬件状态 ========================
切片号 | 所属安全域 | 当前状态    | 路扩展 | LRU touched
------------------------------------------------------------------
  0    |   域3      | 正常运行   |  否   |  200999995
  1    |   域2      | 正常运行   |  是   |  200993610
  2    |   域2      | 正常运行   |  是   |  200999999
  3    |   域0      | 正常运行   |  否   |  200999996
==================================================================

branch prediction, hits = 144875150, misses = 6124355, hit rate = 95.94%
return_stack prediction, hits = 3269729, misses = 2379, hit rate = 99.93%
jump prediction, hits = 149450882, misses = 7717915, hit rate = 95.09%

======================== 切片硬件状态 ========================
切片号 | 所属安全域 | 当前状态    | 路扩展 | LRU touched
------------------------------------------------------------------
  0    |   域3      | 正常运行   |  否   |  203999994
  1    |   域2      | 正常运行   |  是   |  204000000
  2    |   域2      | 正常运行   |  是   |  203999869
  3    |   域0      | 正常运行   |  否   |  203999999
==================================================================

[动态重分配] 周期204000000：预约迁移 冗余域2(0%) -> 切片2 -> 饥饿域3(22%)
[切片剥夺] 周期204000000：切片2（所属域2）进入待剥夺状态，禁止新替换
[切片剥夺] 周期204000000：切片2在途请求已清空，开始执行脏行写回
[切片剥夺] 周期204000000：切片2无脏行，直接完成剥夺
[切片管理] 周期204000001：原域2仅剩1个切片，关闭路扩展模式
[动态重分配] 周期204000001：切片2写回完成，自动绑定到域3
[切片管理] 成功绑定切片2 → 安全域3，触发【路扩展模式】

======================== 切片硬件状态 ========================
切片号 | 所属安全域 | 当前状态    | 路扩展 | LRU touched
------------------------------------------------------------------
  0    |   域3      | 正常运行   |  是   |  203999994
  1    |   域2      | 正常运行   |  否   |  204000001
  2    |   域3      | 正常运行   |  是   |  204000001
  3    |   域0      | 正常运行   |  否   |  203999999
==================================================================


======================== 切片硬件状态 ========================
切片号 | 所属安全域 | 当前状态    | 路扩展 | LRU touched
------------------------------------------------------------------
  0    |   域3      | 正常运行   |  是   |  204999992
  1    |   域2      | 正常运行   |  否   |  204999997
  2    |   域3      | 正常运行   |  是   |  204999983
  3    |   域0      | 正常运行   |  否   |  205000000
==================================================================

[动态重分配] 周期205000000：预约迁移 冗余域3(0%) -> 切片0 -> 饥饿域2(6%)
[切片剥夺] 周期205000000：切片0（所属域3）进入待剥夺状态，禁止新替换
[切片剥夺] 周期205000000：切片0在途请求已清空，开始执行脏行写回
[切片剥夺] 周期205000000：切片0无脏行，直接完成剥夺
[切片管理] 周期205000001：原域3仅剩1个切片，关闭路扩展模式
[动态重分配] 周期205000001：切片0写回完成，自动绑定到域2
[切片管理] 成功绑定切片0 → 安全域2，触发【路扩展模式】

======================== 切片硬件状态 ========================
切片号 | 所属安全域 | 当前状态    | 路扩展 | LRU touched
------------------------------------------------------------------
  0    |   域2      | 正常运行   |  是   |  205000001
  1    |   域2      | 正常运行   |  是   |  204999997
  2    |   域3      | 正常运行   |  否   |  204999983
  3    |   域0      | 正常运行   |  否   |  205000001
==================================================================


======================== 切片硬件状态 ========================
切片号 | 所属安全域 | 当前状态    | 路扩展 | LRU touched
------------------------------------------------------------------
  0    |   域2      | 正常运行   |  是   |  205999999
  1    |   域2      | 正常运行   |  是   |  205998073
  2    |   域3      | 正常运行   |  否   |  205999995
  3    |   域0      | 正常运行   |  否   |  205999996
==================================================================

[动态重分配] 周期206000000：预约迁移 冗余域2(0%) -> 切片1 -> 饥饿域3(22%)
[切片剥夺] 周期206000000：切片1（所属域2）进入待剥夺状态，禁止新替换
[切片剥夺] 周期206000000：切片1在途请求已清空，开始执行脏行写回
[切片剥夺] 周期206000000：切片1无脏行，直接完成剥夺
[切片管理] 周期206000001：原域2仅剩1个切片，关闭路扩展模式
[动态重分配] 周期206000001：切片1写回完成，自动绑定到域3
[切片管理] 成功绑定切片1 → 安全域3，触发【路扩展模式】

======================== 切片硬件状态 ========================
切片号 | 所属安全域 | 当前状态    | 路扩展 | LRU touched
------------------------------------------------------------------
  0    |   域2      | 正常运行   |  否   |  205999999
  1    |   域3      | 正常运行   |  是   |  206000001
  2    |   域3      | 正常运行   |  是   |  205999995
  3    |   域0      | 正常运行   |  否   |  205999996
==================================================================


======================== 切片硬件状态 ========================
切片号 | 所属安全域 | 当前状态    | 路扩展 | LRU touched
------------------------------------------------------------------
  0    |   域2      | 正常运行   |  否   |  209999999
  1    |   域3      | 正常运行   |  是   |  209999939
  2    |   域3      | 正常运行   |  是   |  209999989
  3    |   域0      | 正常运行   |  否   |  210000000
==================================================================

[动态重分配] 周期210000000：预约迁移 冗余域3(0%) -> 切片2 -> 饥饿域2(6%)
[切片剥夺] 周期210000000：切片2（所属域3）进入待剥夺状态，禁止新替换
[切片剥夺] 周期210000000：切片2在途请求已清空，开始执行脏行写回
[切片剥夺] 周期210000000：切片2无脏行，直接完成剥夺
[切片管理] 周期210000001：原域3仅剩1个切片，关闭路扩展模式
[动态重分配] 周期210000001：切片2写回完成，自动绑定到域2
[切片管理] 成功绑定切片2 → 安全域2，触发【路扩展模式】

======================== 切片硬件状态 ========================
切片号 | 所属安全域 | 当前状态    | 路扩展 | LRU touched
------------------------------------------------------------------
  0    |   域2      | 正常运行   |  是   |  209999999
  1    |   域3      | 正常运行   |  否   |  209999939
  2    |   域2      | 正常运行   |  是   |  210000001
  3    |   域0      | 正常运行   |  否   |  210000000
==================================================================


======================== 切片硬件状态 ========================
切片号 | 所属安全域 | 当前状态    | 路扩展 | LRU touched
------------------------------------------------------------------
  0    |   域2      | 正常运行   |  是   |  211000000
  1    |   域3      | 正常运行   |  否   |  210999998
  2    |   域2      | 正常运行   |  是   |  210996534
  3    |   域0      | 正常运行   |  否   |  210999902
==================================================================

[动态重分配] 周期211000000：预约迁移 冗余域2(0%) -> 切片0 -> 饥饿域3(22%)
[切片剥夺] 周期211000000：切片0（所属域2）进入待剥夺状态，禁止新替换
[切片剥夺] 周期211000000：切片0在途请求已清空，开始执行脏行写回
[切片剥夺] 周期211000000：切片0无脏行，直接完成剥夺
[切片管理] 周期211000001：原域2仅剩1个切片，关闭路扩展模式
[动态重分配] 周期211000001：切片0写回完成，自动绑定到域3
[切片管理] 成功绑定切片0 → 安全域3，触发【路扩展模式】

======================== 切片硬件状态 ========================
切片号 | 所属安全域 | 当前状态    | 路扩展 | LRU touched
------------------------------------------------------------------
  0    |   域3      | 正常运行   |  是   |  211000001
  1    |   域3      | 正常运行   |  是   |  210999998
  2    |   域2      | 正常运行   |  否   |  211000001
  3    |   域0      | 正常运行   |  否   |  210999902
==================================================================


======================== 切片硬件状态 ========================
切片号 | 所属安全域 | 当前状态    | 路扩展 | LRU touched
------------------------------------------------------------------
  0    |   域3      | 正常运行   |  是   |  211999968
  1    |   域3      | 正常运行   |  是   |  211999994
  2    |   域2      | 正常运行   |  否   |  211999999
  3    |   域0      | 正常运行   |  否   |  212000000
==================================================================

[动态重分配] 周期212000000：预约迁移 冗余域3(0%) -> 切片1 -> 饥饿域2(6%)
[切片剥夺] 周期212000000：切片1（所属域3）进入待剥夺状态，禁止新替换
[切片剥夺] 周期212000000：切片1在途请求已清空，开始执行脏行写回
[切片剥夺] 周期212000000：切片1无脏行，直接完成剥夺
[切片管理] 周期212000001：原域3仅剩1个切片，关闭路扩展模式
[动态重分配] 周期212000001：切片1写回完成，自动绑定到域2
[切片管理] 成功绑定切片1 → 安全域2，触发【路扩展模式】

======================== 切片硬件状态 ========================
切片号 | 所属安全域 | 当前状态    | 路扩展 | LRU touched
------------------------------------------------------------------
  0    |   域3      | 正常运行   |  否   |  211999968
  1    |   域2      | 正常运行   |  是   |  212000001
  2    |   域2      | 正常运行   |  是   |  212000001
  3    |   域0      | 正常运行   |  否   |  212000000
==================================================================


======================== 切片硬件状态 ========================
切片号 | 所属安全域 | 当前状态    | 路扩展 | LRU touched
------------------------------------------------------------------
  0    |   域3      | 正常运行   |  否   |  215999997
  1    |   域2      | 正常运行   |  是   |  216000000
  2    |   域2      | 正常运行   |  是   |  215998677
  3    |   域0      | 正常运行   |  否   |  216000000
==================================================================

[动态重分配] 周期216000000：预约迁移 冗余域2(0%) -> 切片2 -> 饥饿域3(22%)
[切片剥夺] 周期216000000：切片2（所属域2）进入待剥夺状态，禁止新替换
[切片剥夺] 周期216000000：切片2在途请求已清空，开始执行脏行写回
[切片剥夺] 周期216000000：切片2无脏行，直接完成剥夺
[切片管理] 周期216000001：原域2仅剩1个切片，关闭路扩展模式
[动态重分配] 周期216000001：切片2写回完成，自动绑定到域3
[切片管理] 成功绑定切片2 → 安全域3，触发【路扩展模式】

======================== 切片硬件状态 ========================
切片号 | 所属安全域 | 当前状态    | 路扩展 | LRU touched
------------------------------------------------------------------
  0    |   域3      | 正常运行   |  是   |  215999997
  1    |   域2      | 正常运行   |  否   |  216000000
  2    |   域3      | 正常运行   |  是   |  216000001
  3    |   域0      | 正常运行   |  否   |  216000000
==================================================================


======================== 切片硬件状态 ========================
切片号 | 所属安全域 | 当前状态    | 路扩展 | LRU touched
------------------------------------------------------------------
  0    |   域3      | 正常运行   |  是   |  216999999
  1    |   域2      | 正常运行   |  否   |  217000000
  2    |   域3      | 正常运行   |  是   |  216999991
  3    |   域0      | 正常运行   |  否   |  217000000
==================================================================

[动态重分配] 周期217000000：预约迁移 冗余域3(0%) -> 切片0 -> 饥饿域2(6%)
[切片剥夺] 周期217000000：切片0（所属域3）进入待剥夺状态，禁止新替换
[切片剥夺] 周期217000000：切片0在途请求已清空，开始执行脏行写回
[切片剥夺] 周期217000000：切片0无脏行，直接完成剥夺
[切片管理] 周期217000001：原域3仅剩1个切片，关闭路扩展模式
[动态重分配] 周期217000001：切片0写回完成，自动绑定到域2
[切片管理] 成功绑定切片0 → 安全域2，触发【路扩展模式】

======================== 切片硬件状态 ========================
切片号 | 所属安全域 | 当前状态    | 路扩展 | LRU touched
------------------------------------------------------------------
  0    |   域2      | 正常运行   |  是   |  217000001
  1    |   域2      | 正常运行   |  是   |  217000001
  2    |   域3      | 正常运行   |  否   |  216999991
  3    |   域0      | 正常运行   |  否   |  217000000
==================================================================


======================== 切片硬件状态 ========================
切片号 | 所属安全域 | 当前状态    | 路扩展 | LRU touched
------------------------------------------------------------------
  0    |   域2      | 正常运行   |  是   |  217994973
  1    |   域2      | 正常运行   |  是   |  218000000
  2    |   域3      | 正常运行   |  否   |  218000000
  3    |   域0      | 正常运行   |  否   |  217999948
==================================================================

[动态重分配] 周期218000000：预约迁移 冗余域2(0%) -> 切片1 -> 饥饿域3(22%)
[切片剥夺] 周期218000000：切片1（所属域2）进入待剥夺状态，禁止新替换
[切片剥夺] 周期218000000：切片1在途请求已清空，开始执行脏行写回
[切片剥夺] 周期218000000：切片1无脏行，直接完成剥夺
[切片管理] 周期218000001：原域2仅剩1个切片，关闭路扩展模式
[动态重分配] 周期218000001：切片1写回完成，自动绑定到域3
[切片管理] 成功绑定切片1 → 安全域3，触发【路扩展模式】

======================== 切片硬件状态 ========================
切片号 | 所属安全域 | 当前状态    | 路扩展 | LRU touched
------------------------------------------------------------------
  0    |   域2      | 正常运行   |  否   |  218000001
  1    |   域3      | 正常运行   |  是   |  218000001
  2    |   域3      | 正常运行   |  是   |  218000000
  3    |   域0      | 正常运行   |  否   |  217999948
==================================================================


======================== 切片硬件状态 ========================
切片号 | 所属安全域 | 当前状态    | 路扩展 | LRU touched
------------------------------------------------------------------
  0    |   域2      | 正常运行   |  否   |  221999997
  1    |   域3      | 正常运行   |  是   |  221999983
  2    |   域3      | 正常运行   |  是   |  221999993
  3    |   域0      | 正常运行   |  否   |  222000000
==================================================================

[动态重分配] 周期222000000：预约迁移 冗余域3(0%) -> 切片2 -> 饥饿域2(6%)
[切片剥夺] 周期222000000：切片2（所属域3）进入待剥夺状态，禁止新替换
[切片剥夺] 周期222000000：切片2在途请求已清空，开始执行脏行写回
[切片剥夺] 周期222000000：切片2无脏行，直接完成剥夺
[切片管理] 周期222000001：原域3仅剩1个切片，关闭路扩展模式
[动态重分配] 周期222000001：切片2写回完成，自动绑定到域2
[切片管理] 成功绑定切片2 → 安全域2，触发【路扩展模式】

======================== 切片硬件状态 ========================
切片号 | 所属安全域 | 当前状态    | 路扩展 | LRU touched
------------------------------------------------------------------
  0    |   域2      | 正常运行   |  是   |  221999997
  1    |   域3      | 正常运行   |  否   |  221999983
  2    |   域2      | 正常运行   |  是   |  222000001
  3    |   域0      | 正常运行   |  否   |  222000001
==================================================================


======================== 切片硬件状态 ========================
切片号 | 所属安全域 | 当前状态    | 路扩展 | LRU touched
------------------------------------------------------------------
  0    |   域2      | 正常运行   |  是   |  222999999
  1    |   域3      | 正常运行   |  否   |  222999996
  2    |   域2      | 正常运行   |  是   |  222993828
  3    |   域0      | 正常运行   |  否   |  223000000
==================================================================

[动态重分配] 周期223000000：预约迁移 冗余域2(0%) -> 切片0 -> 饥饿域3(21%)
[切片剥夺] 周期223000000：切片0（所属域2）进入待剥夺状态，禁止新替换
[切片剥夺] 周期223000000：切片0在途请求已清空，开始执行脏行写回
[切片剥夺] 周期223000000：切片0无脏行，直接完成剥夺
[切片管理] 周期223000001：原域2仅剩1个切片，关闭路扩展模式
[动态重分配] 周期223000001：切片0写回完成，自动绑定到域3
[切片管理] 成功绑定切片0 → 安全域3，触发【路扩展模式】

======================== 切片硬件状态 ========================
切片号 | 所属安全域 | 当前状态    | 路扩展 | LRU touched
------------------------------------------------------------------
  0    |   域3      | 正常运行   |  是   |  223000001
  1    |   域3      | 正常运行   |  是   |  222999996
  2    |   域2      | 正常运行   |  否   |  223000001
  3    |   域0      | 正常运行   |  否   |  223000000
==================================================================


======================== 切片硬件状态 ========================
切片号 | 所属安全域 | 当前状态    | 路扩展 | LRU touched
------------------------------------------------------------------
  0    |   域3      | 正常运行   |  是   |  223999975
  1    |   域3      | 正常运行   |  是   |  223999996
  2    |   域2      | 正常运行   |  否   |  223999998
  3    |   域0      | 正常运行   |  否   |  223999999
==================================================================

[动态重分配] 周期224000000：预约迁移 冗余域3(0%) -> 切片1 -> 饥饿域2(6%)
[切片剥夺] 周期224000000：切片1（所属域3）进入待剥夺状态，禁止新替换
[切片剥夺] 周期224000000：切片1在途请求已清空，开始执行脏行写回
[切片剥夺] 周期224000000：切片1无脏行，直接完成剥夺
[切片管理] 周期224000001：原域3仅剩1个切片，关闭路扩展模式
[动态重分配] 周期224000001：切片1写回完成，自动绑定到域2
[切片管理] 成功绑定切片1 → 安全域2，触发【路扩展模式】

======================== 切片硬件状态 ========================
切片号 | 所属安全域 | 当前状态    | 路扩展 | LRU touched
------------------------------------------------------------------
  0    |   域3      | 正常运行   |  否   |  223999975
  1    |   域2      | 正常运行   |  是   |  224000001
  2    |   域2      | 正常运行   |  是   |  223999998
  3    |   域0      | 正常运行   |  否   |  223999999
==================================================================


======================== 切片硬件状态 ========================
切片号 | 所属安全域 | 当前状态    | 路扩展 | LRU touched
------------------------------------------------------------------
  0    |   域3      | 正常运行   |  否   |  227999999
  1    |   域2      | 正常运行   |  是   |  227996588
  2    |   域2      | 正常运行   |  是   |  228000000
  3    |   域0      | 正常运行   |  否   |  227999998
==================================================================

[动态重分配] 周期228000000：预约迁移 冗余域2(0%) -> 切片2 -> 饥饿域3(22%)
[切片剥夺] 周期228000000：切片2（所属域2）进入待剥夺状态，禁止新替换
[切片剥夺] 周期228000000：切片2在途请求已清空，开始执行脏行写回
[切片剥夺] 周期228000000：切片2无脏行，直接完成剥夺
[切片管理] 周期228000001：原域2仅剩1个切片，关闭路扩展模式
[动态重分配] 周期228000001：切片2写回完成，自动绑定到域3
[切片管理] 成功绑定切片2 → 安全域3，触发【路扩展模式】

======================== 切片硬件状态 ========================
切片号 | 所属安全域 | 当前状态    | 路扩展 | LRU touched
------------------------------------------------------------------
  0    |   域3      | 正常运行   |  是   |  227999999
  1    |   域2      | 正常运行   |  否   |  227996588
  2    |   域3      | 正常运行   |  是   |  228000001
  3    |   域0      | 正常运行   |  否   |  228000001
==================================================================


======================== 切片硬件状态 ========================
切片号 | 所属安全域 | 当前状态    | 路扩展 | LRU touched
------------------------------------------------------------------
  0    |   域3      | 正常运行   |  是   |  229999987
  1    |   域2      | 正常运行   |  否   |  230000000
  2    |   域3      | 正常运行   |  是   |  229999999
  3    |   域0      | 正常运行   |  否   |  230000000
==================================================================

[动态重分配] 周期230000000：预约迁移 冗余域3(0%) -> 切片0 -> 饥饿域2(6%)
[切片剥夺] 周期230000000：切片0（所属域3）进入待剥夺状态，禁止新替换
[切片剥夺] 周期230000000：切片0在途请求已清空，开始执行脏行写回
[切片剥夺] 周期230000000：切片0无脏行，直接完成剥夺
[切片管理] 周期230000001：原域3仅剩1个切片，关闭路扩展模式
[动态重分配] 周期230000001：切片0写回完成，自动绑定到域2
[切片管理] 成功绑定切片0 → 安全域2，触发【路扩展模式】

======================== 切片硬件状态 ========================
切片号 | 所属安全域 | 当前状态    | 路扩展 | LRU touched
------------------------------------------------------------------
  0    |   域2      | 正常运行   |  是   |  230000001
  1    |   域2      | 正常运行   |  是   |  230000000
  2    |   域3      | 正常运行   |  否   |  229999999
  3    |   域0      | 正常运行   |  否   |  230000001
==================================================================


======================== 切片硬件状态 ========================
切片号 | 所属安全域 | 当前状态    | 路扩展 | LRU touched
------------------------------------------------------------------
  0    |   域2      | 正常运行   |  是   |  230997529
  1    |   域2      | 正常运行   |  是   |  230999999
  2    |   域3      | 正常运行   |  否   |  230999992
  3    |   域0      | 正常运行   |  否   |  230999998
==================================================================

[动态重分配] 周期231000000：预约迁移 冗余域2(0%) -> 切片1 -> 饥饿域3(21%)
[切片剥夺] 周期231000000：切片1（所属域2）进入待剥夺状态，禁止新替换
[切片剥夺] 周期231000000：切片1在途请求已清空，开始执行脏行写回
[切片剥夺] 周期231000000：切片1无脏行，直接完成剥夺
[切片管理] 周期231000001：原域2仅剩1个切片，关闭路扩展模式
[动态重分配] 周期231000001：切片1写回完成，自动绑定到域3
[切片管理] 成功绑定切片1 → 安全域3，触发【路扩展模式】

======================== 切片硬件状态 ========================
切片号 | 所属安全域 | 当前状态    | 路扩展 | LRU touched
------------------------------------------------------------------
  0    |   域2      | 正常运行   |  否   |  230997529
  1    |   域3      | 正常运行   |  是   |  231000001
  2    |   域3      | 正常运行   |  是   |  230999992
  3    |   域0      | 正常运行   |  否   |  231000001
==================================================================


======================== 切片硬件状态 ========================
切片号 | 所属安全域 | 当前状态    | 路扩展 | LRU touched
------------------------------------------------------------------
  0    |   域2      | 正常运行   |  否   |  233999999
  1    |   域3      | 正常运行   |  是   |  233999999
  2    |   域3      | 正常运行   |  是   |  233999991
  3    |   域0      | 正常运行   |  否   |  234000000
==================================================================

[动态重分配] 周期234000000：预约迁移 冗余域3(0%) -> 切片2 -> 饥饿域2(6%)
[切片剥夺] 周期234000000：切片2（所属域3）进入待剥夺状态，禁止新替换
[切片剥夺] 周期234000000：切片2在途请求已清空，开始执行脏行写回
[切片剥夺] 周期234000000：切片2无脏行，直接完成剥夺
[切片管理] 周期234000001：原域3仅剩1个切片，关闭路扩展模式
[动态重分配] 周期234000001：切片2写回完成，自动绑定到域2
[切片管理] 成功绑定切片2 → 安全域2，触发【路扩展模式】

======================== 切片硬件状态 ========================
切片号 | 所属安全域 | 当前状态    | 路扩展 | LRU touched
------------------------------------------------------------------
  0    |   域2      | 正常运行   |  是   |  233999999
  1    |   域3      | 正常运行   |  否   |  233999999
  2    |   域2      | 正常运行   |  是   |  234000001
  3    |   域0      | 正常运行   |  否   |  234000000
==================================================================


======================== 切片硬件状态 ========================
切片号 | 所属安全域 | 当前状态    | 路扩展 | LRU touched
------------------------------------------------------------------
  0    |   域2      | 正常运行   |  是   |  235999998
  1    |   域3      | 正常运行   |  否   |  235999991
  2    |   域2      | 正常运行   |  是   |  235994451
  3    |   域0      | 正常运行   |  否   |  235999999
==================================================================

[动态重分配] 周期236000000：预约迁移 冗余域2(0%) -> 切片0 -> 饥饿域3(22%)
[切片剥夺] 周期236000000：切片0（所属域2）进入待剥夺状态，禁止新替换
[切片剥夺] 周期236000000：切片0在途请求已清空，开始执行脏行写回
[切片剥夺] 周期236000000：切片0无脏行，直接完成剥夺
[切片管理] 周期236000001：原域2仅剩1个切片，关闭路扩展模式
[动态重分配] 周期236000001：切片0写回完成，自动绑定到域3
[切片管理] 成功绑定切片0 → 安全域3，触发【路扩展模式】

======================== 切片硬件状态 ========================
切片号 | 所属安全域 | 当前状态    | 路扩展 | LRU touched
------------------------------------------------------------------
  0    |   域3      | 正常运行   |  是   |  236000001
  1    |   域3      | 正常运行   |  是   |  235999991
  2    |   域2      | 正常运行   |  否   |  235994451
  3    |   域0      | 正常运行   |  否   |  235999999
==================================================================


======================== 切片硬件状态 ========================
切片号 | 所属安全域 | 当前状态    | 路扩展 | LRU touched
------------------------------------------------------------------
  0    |   域3      | 正常运行   |  是   |  236999995
  1    |   域3      | 正常运行   |  是   |  236999986
  2    |   域2      | 正常运行   |  否   |  237000000
  3    |   域0      | 正常运行   |  否   |  237000000
==================================================================

[动态重分配] 周期237000000：预约迁移 冗余域3(0%) -> 切片1 -> 饥饿域2(6%)
[切片剥夺] 周期237000000：切片1（所属域3）进入待剥夺状态，禁止新替换
[切片剥夺] 周期237000000：切片1在途请求已清空，开始执行脏行写回
[切片剥夺] 周期237000000：切片1无脏行，直接完成剥夺
[切片管理] 周期237000001：原域3仅剩1个切片，关闭路扩展模式
[动态重分配] 周期237000001：切片1写回完成，自动绑定到域2
[切片管理] 成功绑定切片1 → 安全域2，触发【路扩展模式】

======================== 切片硬件状态 ========================
切片号 | 所属安全域 | 当前状态    | 路扩展 | LRU touched
------------------------------------------------------------------
  0    |   域3      | 正常运行   |  否   |  236999995
  1    |   域2      | 正常运行   |  是   |  237000001
  2    |   域2      | 正常运行   |  是   |  237000000
  3    |   域0      | 正常运行   |  否   |  237000000
==================================================================


======================== 切片硬件状态 ========================
切片号 | 所属安全域 | 当前状态    | 路扩展 | LRU touched
------------------------------------------------------------------
  0    |   域3      | 正常运行   |  否   |  239999993
  1    |   域2      | 正常运行   |  是   |  239998747
  2    |   域2      | 正常运行   |  是   |  239999999
  3    |   域0      | 正常运行   |  否   |  239999996
==================================================================

[动态重分配] 周期240000000：预约迁移 冗余域2(0%) -> 切片2 -> 饥饿域3(21%)
[切片剥夺] 周期240000000：切片2（所属域2）进入待剥夺状态，禁止新替换
[切片剥夺] 周期240000000：切片2在途请求已清空，开始执行脏行写回
[切片剥夺] 周期240000000：切片2无脏行，直接完成剥夺
[切片管理] 周期240000001：原域2仅剩1个切片，关闭路扩展模式
[动态重分配] 周期240000001：切片2写回完成，自动绑定到域3
[切片管理] 成功绑定切片2 → 安全域3，触发【路扩展模式】

======================== 切片硬件状态 ========================
切片号 | 所属安全域 | 当前状态    | 路扩展 | LRU touched
------------------------------------------------------------------
  0    |   域3      | 正常运行   |  是   |  239999993
  1    |   域2      | 正常运行   |  否   |  240000001
  2    |   域3      | 正常运行   |  是   |  240000001
  3    |   域0      | 正常运行   |  否   |  239999996
==================================================================


======================== 切片硬件状态 ========================
切片号 | 所属安全域 | 当前状态    | 路扩展 | LRU touched
------------------------------------------------------------------
  0    |   域3      | 正常运行   |  是   |  241999991
  1    |   域2      | 正常运行   |  否   |  242000000
  2    |   域3      | 正常运行   |  是   |  241999941
  3    |   域0      | 正常运行   |  否   |  242000000
==================================================================

[动态重分配] 周期242000000：预约迁移 冗余域3(0%) -> 切片0 -> 饥饿域2(6%)
[切片剥夺] 周期242000000：切片0（所属域3）进入待剥夺状态，禁止新替换
[切片剥夺] 周期242000000：切片0在途请求已清空，开始执行脏行写回
[切片剥夺] 周期242000000：切片0无脏行，直接完成剥夺
[切片管理] 周期242000001：原域3仅剩1个切片，关闭路扩展模式
[动态重分配] 周期242000001：切片0写回完成，自动绑定到域2
[切片管理] 成功绑定切片0 → 安全域2，触发【路扩展模式】

======================== 切片硬件状态 ========================
切片号 | 所属安全域 | 当前状态    | 路扩展 | LRU touched
------------------------------------------------------------------
  0    |   域2      | 正常运行   |  是   |  242000001
  1    |   域2      | 正常运行   |  是   |  242000000
  2    |   域3      | 正常运行   |  否   |  241999941
  3    |   域0      | 正常运行   |  否   |  242000000
==================================================================


======================== 切片硬件状态 ========================
切片号 | 所属安全域 | 当前状态    | 路扩展 | LRU touched
------------------------------------------------------------------
  0    |   域2      | 正常运行   |  是   |  242996249
  1    |   域2      | 正常运行   |  是   |  243000000
  2    |   域3      | 正常运行   |  否   |  242999994
  3    |   域0      | 正常运行   |  否   |  243000000
==================================================================

[动态重分配] 周期243000000：预约迁移 冗余域2(0%) -> 切片1 -> 饥饿域3(22%)
[切片剥夺] 周期243000000：切片1（所属域2）进入待剥夺状态，禁止新替换
[切片剥夺] 周期243000000：切片1在途请求已清空，开始执行脏行写回
[切片剥夺] 周期243000000：切片1无脏行，直接完成剥夺
[切片管理] 周期243000001：原域2仅剩1个切片，关闭路扩展模式
[动态重分配] 周期243000001：切片1写回完成，自动绑定到域3
[切片管理] 成功绑定切片1 → 安全域3，触发【路扩展模式】

======================== 切片硬件状态 ========================
切片号 | 所属安全域 | 当前状态    | 路扩展 | LRU touched
------------------------------------------------------------------
  0    |   域2      | 正常运行   |  否   |  242996249
  1    |   域3      | 正常运行   |  是   |  243000001
  2    |   域3      | 正常运行   |  是   |  242999994
  3    |   域0      | 正常运行   |  否   |  243000001
==================================================================


======================== 切片硬件状态 ========================
切片号 | 所属安全域 | 当前状态    | 路扩展 | LRU touched
------------------------------------------------------------------
  0    |   域2      | 正常运行   |  否   |  245999998
  1    |   域3      | 正常运行   |  是   |  245999990
  2    |   域3      | 正常运行   |  是   |  245999998
  3    |   域0      | 正常运行   |  否   |  245999998
==================================================================

[动态重分配] 周期246000000：预约迁移 冗余域3(0%) -> 切片2 -> 饥饿域2(6%)
[切片剥夺] 周期246000000：切片2（所属域3）进入待剥夺状态，禁止新替换
[切片剥夺] 周期246000000：切片2在途请求已清空，开始执行脏行写回
[切片剥夺] 周期246000000：切片2无脏行，直接完成剥夺
[切片管理] 周期246000001：原域3仅剩1个切片，关闭路扩展模式
[动态重分配] 周期246000001：切片2写回完成，自动绑定到域2
[切片管理] 成功绑定切片2 → 安全域2，触发【路扩展模式】

======================== 切片硬件状态 ========================
切片号 | 所属安全域 | 当前状态    | 路扩展 | LRU touched
------------------------------------------------------------------
  0    |   域2      | 正常运行   |  是   |  246000001
  1    |   域3      | 正常运行   |  否   |  245999990
  2    |   域2      | 正常运行   |  是   |  246000001
  3    |   域0      | 正常运行   |  否   |  246000001
==================================================================


======================== 切片硬件状态 ========================
切片号 | 所属安全域 | 当前状态    | 路扩展 | LRU touched
------------------------------------------------------------------
  0    |   域2      | 正常运行   |  是   |  247999362
  1    |   域3      | 正常运行   |  否   |  247999993
  2    |   域2      | 正常运行   |  是   |  248000000
  3    |   域0      | 正常运行   |  否   |  248000000
==================================================================

[动态重分配] 周期248000000：预约迁移 冗余域2(0%) -> 切片0 -> 饥饿域3(22%)
[切片剥夺] 周期248000000：切片0（所属域2）进入待剥夺状态，禁止新替换
[切片剥夺] 周期248000000：切片0在途请求已清空，开始执行脏行写回
[切片剥夺] 周期248000000：切片0无脏行，直接完成剥夺
[切片管理] 周期248000001：原域2仅剩1个切片，关闭路扩展模式
[动态重分配] 周期248000001：切片0写回完成，自动绑定到域3
[切片管理] 成功绑定切片0 → 安全域3，触发【路扩展模式】

======================== 切片硬件状态 ================== dgemm_======
切片号 | 所属安全域 | 当前状态    | 路扩展 | LRU touched
------------------------------------------------------------------
  0    |   域3      | 正常运行   |  是   |  248000001
  1    |   域3      | 正常运行   |  是   |  247999993
  2    |   域2      | 正常运行   |  否   |  248000000
  3    |   域0      | 正常运行   |  否   |  248000001
==================================================================


======================== 切片硬件状态 ========================
切片号 | 所属安全域 | 当前状态    | 路扩展 | LRU touched
------------------------------------------------------------------
  0    |   域3      | 正常运行   |  是   |  248999953
  1    |   域3      | 正常运行   |  是   |  248999998
  2    |   域2      | 正常运行   |  否   |  248999997
  3    |   域0      | 正常运行   |  否   |  248999994
==================================================================

[动态重分配] 周期249000000：预约迁移 冗余域3(0%) -> 切片1 -> 饥饿域2(6%)
[切片剥夺] 周期249000000：切片1（所属域3）进入待剥夺状态，禁止新替换
[切片剥夺] 周期249000000：切片1在途请求已清空，开始执行脏行写回
[切片剥夺] 周期249000000：切片1无脏行，直接完成剥夺
[切片管理] 周期249000001：原域3仅剩1个切片，关闭路扩展模式
[动态重分配] 周期249000001：切片1写回完成，自动绑定到域2
[切片管理] 成功绑定切片1 → 安全域2，触发【路扩展模式】

======================== 切片硬件状态 ========================
切片号 | 所属安全域 | 当前状态    | 路扩展 | LRU touched
------------------------------------------------------------------
  0    |   域3      | 正常运行   |  否   |  248999953
  1    |   域2      | 正常运行   |  是   |  249000001
  2    |   域2      | 正常运行   |  是   |  248999997
  3    |   域0      | 正常运行   |  否   |  248999994
==================================================================


======================== 切片硬件状态 ========================
切片号 | 所属安全域 | 当前状态    | 路扩展 | LRU touched
------------------------------------------------------------------
  0    |   域3      | 正常运行   |  否   |  251999994
  1    |   域2      | 正常运行   |  是   |  251998551
  2    |   域2      | 正常运行   |  是   |  251999999
  3    |   域0      | 正常运行   |  否   |  252000000
==================================================================

[动态重分配] 周期252000000：预约迁移 冗余域2(0%) -> 切片2 -> 饥饿域3(22%)
[切片剥夺] 周期252000000：切片2（所属域2）进入待剥夺状态，禁止新替换
[切片剥夺] 周期252000000：切片2在途请求已清空，开始执行脏行写回
[切片剥夺] 周期252000000：切片2无脏行，直接完成剥夺
[切片管理] 周期252000001：原域2仅剩1个切片，关闭路扩展模式
[动态重分配] 周期252000001：切片2写回完成，自动绑定到域3
[切片管理] 成功绑定切片2 → 安全域3，触发【路扩展模式】

======================== 切片硬件状态 ========================
切片号 | 所属安全域 | 当前状态    | 路扩展 | LRU touched
------------------------------------------------------------------
  0    |   域3      | 正常运行   |  是   |  251999994
  1    |   域2      | 正常运行   |  否   |  251998551
  2    |   域3      | 正常运行   |  是   |  252000001
  3    |   域0      | 正常运行   |  否   |  252000001
==================================================================


======================== 切片硬件状态 ========================
切片号 | 所属安全域 | 当前状态    | 路扩展 | LRU touched
------------------------------------------------------------------
  0    |   域3      | 正常运行   |  是   |  253999992
  1    |   域2      | 正常运行   |  否   |  253999997
  2    |   域3      | 正常运行   |  是   |  253999814
  3    |   域0      | 正常运行   |  否   |  253999996
==================================================================

[动态重分配] 周期254000000：预约迁移 冗余域3(0%) -> 切片0 -> 饥饿域2(6%)
[切片剥夺] 周期254000000：切片0（所属域3）进入待剥夺状态，禁止新替换
[切片剥夺] 周期254000000：切片0在途请求已清空，开始执行脏行写回
[切片剥夺] 周期254000000：切片0无脏行，直接完成剥夺
[切片管理] 周期254000001：原域3仅剩1个切片，关闭路扩展模式
[动态重分配] 周期254000001：切片0写回完成，自动绑定到域2
[切片管理] 成功绑定切片0 → 安全域2，触发【路扩展模式】

======================== 切片硬件状态 ========================
切片号 | 所属安全域 | 当前状态    | 路扩展 | LRU touched
------------------------------------------------------------------
  0    |   域2      | 正常运行   |  是   |  254000001
  1    |   域2      | 正常运行   |  是   |  254000001
  2    |   域3      | 正常运行   |  否   |  253999814
  3    |   域0      | 正常运行   |  否   |  253999996
==================================================================


======================== 切片硬件状态 ========================
切片号 | 所属安全域 | 当前状态    | 路扩展 | LRU touched
------------------------------------------------------------------
  0    |   域2      | 正常运行   |  是   |  255000000
  1    |   域2      | 正常运行   |  是   |  254999295
  2    |   域3      | 正常运行   |  否   |  254999991
  3    |   域0      | 正常运行   |  否   |  254999999
==================================================================

[动态重分配] 周期255000000：预约迁移 冗余域2(0%) -> 切片1 -> 饥饿域3(22%)
[切片剥夺] 周期255000000：切片1（所属域2）进入待剥夺状态，禁止新替换
[切片剥夺] 周期255000000：切片1在途请求已清空，开始执行脏行写回
[切片剥夺] 周期255000000：切片1无脏行，直接完成剥夺
[切片管理] 周期255000001：原域2仅剩1个切片，关闭路扩展模式
[动态重分配] 周期255000001：切片1写回完成，自动绑定到域3
[切片管理] 成功绑定切片1 → 安全域3，触发【路扩展模式】

======================== 切片硬件状态 ========================
切片号 | 所属安全域 | 当前状态    | 路扩展 | LRU touched
------------------------------------------------------------------
  0    |   域2      | 正常运行   |  否   |  255000000
  1    |   域3      | 正常运行   |  是   |  255000001
  2    |   域3      | 正常运行   |  是   |  255000001
  3    |   域0      | 正常运行   |  否   |  254999999
==================================================================


======================== 切片硬件状态 ========================
切片号 | 所属安全域 | 当前状态    | 路扩展 | LRU touched
------------------------------------------------------------------
  0    |   域2      | 正常运行   |  否   |  257999998
  1    |   域3      | 正常运行   |  是   |  257999995
  2    |   域3      | 正常运行   |  是   |  257999996
  3    |   域0      | 正常运行   |  否   |  257999999
==================================================================

[动态重分配] 周期258000000：预约迁移 冗余域3(0%) -> 切片2 -> 饥饿域2(6%)
[切片剥夺] 周期258000000：切片2（所属域3）进入待剥夺状态，禁止新替换
[切片剥夺] 周期258000000：切片2在途请求已清空，开始执行脏行写回
[切片剥夺] 周期258000000：切片2无脏行，直接完成剥夺
[切片管理] 周期258000001：原域3仅剩1个切片，关闭路扩展模式
[动态重分配] 周期258000001：切片2写回完成，自动绑定到域2
[切片管理] 成功绑定切片2 → 安全域2，触发【路扩展模式】

======================== 切片硬件状态 ========================
切片号 | 所属安全域 | 当前状态    | 路扩展 | LRU touched
------------------------------------------------------------------
  0    |   域2      | 正常运行   |  是   |  258000001
  1    |   域3      | 正常运行   |  否   |  257999995
  2    |   域2      | 正常运行   |  是   |  258000001
  3    |   域0      | 正常运行   |  否   |  257999999
==================================================================


======================== 切片硬件状态 ========================
切片号 | 所属安全域 | 当前状态    | 路扩展 | LRU touched
------------------------------------------------------------------
  0    |   域2      | 正常运行   |  是   |  259998785
  1    |   域3      | 正常运行   |  否   |  259999996
  2    |   域2      | 正常运行   |  是   |  259999998
  3    |   域0      | 正常运行   |  否   |  260000000
==================================================================

[动态重分配] 周期260000000：预约迁移 冗余域2(0%) -> 切片0 -> 饥饿域3(21%)
[切片剥夺] 周期260000000：切片0（所属域2）进入待剥夺状态，禁止新替换
[切片剥夺] 周期260000000：切片0在途请求已清空，开始执行脏行写回
[切片剥夺] 周期260000000：切片0无脏行，直接完成剥夺
[切片管理] 周期260000001：原域2仅剩1个切片，关闭路扩展模式
[动态重分配] 周期260000001：切片0写回完成，自动绑定到域3
[切片管理] 成功绑定切片0 → 安全域3，触发【路扩展模式】

======================== 切片硬件状态 ========================
切片号 | 所属安全域 | 当前状态    | 路扩展 | LRU touched
------------------------------------------------------------------
  0    |   域3      | 正常运行   |  是   |  260000001
  1    |   域3      | 正常运行   |  是   |  259999996
  2    |   域2      | 正常运行   |  否   |  259999998
  3    |   域0      | 正常运行   |  否   |  260000000
==================================================================


======================== 切片硬件状态 ========================
切片号 | 所属安全域 | 当前状态    | 路扩展 | LRU touched
------------------------------------------------------------------
  0    |   域3      | 正常运行   |  是   |  260999982
  1    |   域3      | 正常运行   |  是   |  260999989
  2    |   域2      | 正常运行   |  否   |  260999998
  3    |   域0      | 正常运行   |  否   |  261000000
==================================================================

[动态重分配] 周期261000000：预约迁移 冗余域3(0%) -> 切片1 -> 饥饿域2(6%)
[切片剥夺] 周期261000000：切片1（所属域3）进入待剥夺状态，禁止新替换
[切片剥夺] 周期261000000：切片1在途请求已清空，开始执行脏行写回
[切片剥夺] 周期261000000：切片1无脏行，直接完成剥夺
[切片管理] 周期261000001：原域3仅剩1个切片，关闭路扩展模式
[动态重分配] 周期261000001：切片1写回完成，自动绑定到域2
[切片管理] 成功绑定切片1 → 安全域2，触发【路扩展模式】

======================== 切片硬件状态 ========================
切片号 | 所属安全域 | 当前状态    | 路扩展 | LRU touched
------------------------------------------------------------------
  0    |   域3      | 正常运行   |  否   |  260999982
  1    |   域2      | 正常运行   |  是   |  261000001
  2    |   域2      | 正常运行   |  是   |  260999998
  3    |   域0      | 正常运行   |  否   |  261000001
==================================================================


======================== 切片硬件状态 ========================
切片号 | 所属安全域 | 当前状态    | 路扩展 | LRU touched
------------------------------------------------------------------
  0    |   域3      | 正常运行   |  否   |  263999995
  1    |   域2      | 正常运行   |  是   |  263998604
  2    |   域2      | 正常运行   |  是   |  263999997
  3    |   域0      | 正常运行   |  否   |  264000000
==================================================================

[动态重分配] 周期264000000：预约迁移 冗余域2(0%) -> 切片2 -> 饥饿域3(22%)
[切片剥夺] 周期264000000：切片2（所属域2）进入待剥夺状态，禁止新替换
[切片剥夺] 周期264000000：切片2在途请求已清空，开始执行脏行写回
[切片剥夺] 周期264000000：切片2无脏行，直接完成剥夺
[切片管理] 周期264000001：原域2仅剩1个切片，关闭路扩展模式
[动态重分配] 周期264000001：切片2写回完成，自动绑定到域3
[切片管理] 成功绑定切片2 → 安全域3，触发【路扩展模式】

======================== 切片硬件状态 ========================
切片号 | 所属安全域 | 当前状态    | 路扩展 | LRU touched
------------------------------------------------------------------
  0    |   域3      | 正常运行   |  是   |  263999995
  1    |   域2      | 正常运行   |  否   |  264000001
  2    |   域3      | 正常运行   |  是   |  264000001
  3    |   域0      | 正常运行   |  否   |  264000000
==================================================================


======================== 切片硬件状态 ========================
切片号 | 所属安全域 | 当前状态    | 路扩展 | LRU touched
------------------------------------------------------------------
  0    |   域3      | 正常运行   |  是   |  265999983
  1    |   域2      | 正常运行   |  否   |  265999999
  2    |   域3      | 正常运行   |  是   |  265999996
  3    |   域0      | 正常运行   |  否   |  266000000
==================================================================

[动态重分配] 周期266000000：预约迁移 冗余域3(0%) -> 切片0 -> 饥饿域2(6%)
[切片剥夺] 周期266000000：切片0（所属域3）进入待剥夺状态，禁止新替换
[切片剥夺] 周期266000000：切片0在途请求已清空，开始执行脏行写回
[切片剥夺] 周期266000000：切片0无脏行，直接完成剥夺
[切片管理] 周期266000001：原域3仅剩1个切片，关闭路扩展模式
[动态重分配] 周期266000001：切片0写回完成，自动绑定到域2
[切片管理] 成功绑定切片0 → 安全域2，触发【路扩展模式】

======================== 切片硬件状态 ========================
切片号 | 所属安全域 | 当前状态    | 路扩展 | LRU touched
------------------------------------------------------------------
  0    |   域2      | 正常运行   |  是   |  266000001
  1    |   域2      | 正常运行   |  是   |  265999999
  2    |   域3      | 正常运行   |  否   |  265999996
  3    |   域0      | 正常运行   |  否   |  266000000
==================================================================


======================== 切片硬件状态 ========================
切片号 | 所属安全域 | 当前状态    | 路扩展 | LRU touched
------------------------------------------------------------------
  0    |   域2      | 正常运行   |  是   |  269997105
  1    |   域2      | 正常运行   |  是   |  269999999
  2    |   域3      | 正常运行   |  否   |  270000000
  3    |   域0      | 正常运行   |  否   |  269999964
==================================================================

[动态重分配] 周期270000000：预约迁移 冗余域2(0%) -> 切片1 -> 饥饿域3(21%)
[切片剥夺] 周期270000000：切片1（所属域2）进入待剥夺状态，禁止新替换
[切片剥夺] 周期270000000：切片1在途请求已清空，开始执行脏行写回
[切片剥夺] 周期270000000：切片1无脏行，直接完成剥夺
[切片管理] 周期270000001：原域2仅剩1个切片，关闭路扩展模式
[动态重分配] 周期270000001：切片1写回完成，自动绑定到域3
[切片管理] 成功绑定切片1 → 安全域3，触发【路扩展模式】

======================== 切片硬件状态 ========================
切片号 | 所属安全域 | 当前状态    | 路扩展 | LRU touched
------------------------------------------------------------------
  0    |   域2      | 正常运行   |  否   |  270000001
  1    |   域3      | 正常运行   |  是   |  270000001
  2    |   域3      | 正常运行   |  是   |  270000000
  3    |   域0      | 正常运行   |  否   |  269999964
==================================================================


======================== 切片硬件状态 ========================
切片号 | 所属安全域 | 当前状态    | 路扩展 | LRU touched
------------------------------------------------------------------
  0    |   域2      | 正常运行   |  否   |  270999999
  1    |   域3      | 正常运行   |  是   |  270999961
  2    |   域3      | 正常运行   |  是   |  270999984
  3    |   域0      | 正常运行   |  否   |  270999997
==================================================================

[动态重分配] 周期271000000：预约迁移 冗余域3(0%) -> 切片2 -> 饥饿域2(6%)
[切片剥夺] 周期271000000：切片2（所属域3）进入待剥夺状态，禁止新替换
[切片剥夺] 周期271000000：切片2在途请求已清空，开始执行脏行写回
[切片剥夺] 周期271000000：切片2无脏行，直接完成剥夺
[切片管理] 周期271000001：原域3仅剩1个切片，关闭路扩展模式
[动态重分配] 周期271000001：切片2写回完成，自动绑定到域2
[切片管理] 成功绑定切片2 → 安全域2，触发【路扩展模式】

======================== 切片硬件状态 ========================
切片号 | 所属安全域 | 当前状态    | 路扩展 | LRU touched
------------------------------------------------------------------
  0    |   域2      | 正常运行   |  是   |  271000001
  1    |   域3      | 正常运行   |  否   |  271000001
  2    |   域2      | 正常运行   |  是   |  271000001
  3    |   域0      | 正常运行   |  否   |  270999997
==================================================================


======================== 切片硬件状态 ========================
切片号 | 所属安全域 | 当前状态    | 路扩展 | LRU touched
------------------------------------------------------------------
  0    |   域2      | 正常运行   |  是   |  272999999
  1    |   域3      | 正常运行   |  否   |  272999993
  2    |   域2      | 正常运行   |  是   |  272996467
  3    |   域0      | 正常运行   |  否   |  272999999
==================================================================

[动态重分配] 周期273000000：预约迁移 冗余域2(0%) -> 切片0 -> 饥饿域3(22%)
[切片剥夺] 周期273000000：切片0（所属域2）进入待剥夺状态，禁止新替换
[切片剥夺] 周期273000000：切片0在途请求已清空，开始执行脏行写回
[切片剥夺] 周期273000000：切片0无脏行，直接完成剥夺
[切片管理] 周期273000001：原域2仅剩1个切片，关闭路扩展模式
[动态重分配] 周期273000001：切片0写回完成，自动绑定到域3
[切片管理] 成功绑定切片0 → 安全域3，触发【路扩展模式】

======================== 切片硬件状态 ========================
切片号 | 所属安全域 | 当前状态    | 路扩展 | LRU touched
------------------------------------------------------------------
  0    |   域3      | 正常运行   |  是   |  273000001
  1    |   域3      | 正常运行   |  是   |  272999993
  2    |   域2      | 正常运行   |  否   |  273000001
  3    |   域0      | 正常运行   |  否   |  273000001
==================================================================


======================== 切片硬件状态 ========================
切片号 | 所属安全域 | 当前状态    | 路扩展 | LRU touched
------------------------------------------------------------------
  0    |   域3      | 正常运行   |  是   |  275999979
  1    |   域3      | 正常运行   |  是   |  275999988
  2    |   域2      | 正常运行   |  否   |  275999997
  3    |   域0      | 正常运行   |  否   |  276000000
==================================================================

[动态重分配] 周期276000000：预约迁移 冗余域3(0%) -> 切片1 -> 饥饿域2(6%)
[切片剥夺] 周期276000000：切片1（所属域3）进入待剥夺状态，禁止新替换
[切片剥夺] 周期276000000：切片1在途请求已清空，开始执行脏行写回
[切片剥夺] 周期276000000：切片1无脏行，直接完成剥夺
[切片管理] 周期276000001：原域3仅剩1个切片，关闭路扩展模式
[动态重分配] 周期276000001：切片1写回完成，自动绑定到域2
[切片管理] 成功绑定切片1 → 安全域2，触发【路扩展模式】

======================== 切片硬件状态 ========================
切片号 | 所属安全域 | 当前状态    | 路扩展 | LRU touched
------------------------------------------------------------------
  0    |   域3      | 正常运行   |  否   |  275999979
  1    |   域2      | 正常运行   |  是   |  276000001
  2    |   域2      | 正常运行   |  是   |  275999997
  3    |   域0      | 正常运行   |  否   |  276000000
==================================================================


======================== 切片硬件状态 ========================
切片号 | 所属安全域 | 当前状态    | 路扩展 | LRU touched
------------------------------------------------------------------
  0    |   域3      | 正常运行   |  否   |  276999997
  1    |   域2      | 正常运行   |  是   |  276992508
  2    |   域2      | 正常运行   |  是   |  276999999
  3    |   域0      | 正常运行   |  否   |  276999997
==================================================================

[动态重分配] 周期277000000：预约迁移 冗余域2(0%) -> 切片2 -> 饥饿域3(22%)
[切片剥夺] 周期277000000：切片2（所属域2）进入待剥夺状态，禁止新替换
[切片剥夺] 周期277000000：切片2在途请求已清空，开始执行脏行写回
[切片剥夺] 周期277000000：切片2无脏行，直接完成剥夺
[切片管理] 周期277000001：原域2仅剩1个切片，关闭路扩展模式
[动态重分配] 周期277000001：切片2写回完成，自动绑定到域3
[切片管理] 成功绑定切片2 → 安全域3，触发【路扩展模式】

======================== 切片硬件状态 ========================
切片号 | 所属安全域 | 当前状态    | 路扩展 | LRU touched
------------------------------------------------------------------
  0    |   域3      | 正常运行   |  是   |  276999997
  1    |   域2      | 正常运行   |  否   |  276992508
  2    |   域3      | 正常运行   |  是   |  277000001
  3    |   域0      | 正常运行   |  否   |  276999997
==================================================================


======================== 切片硬件状态 ========================
切片号 | 所属安全域 | 当前状态    | 路扩展 | LRU touched
------------------------------------------------------------------
  0    |   域3      | 正常运行   |  是   |  279000000
  1    |   域2      | 正常运行   |  否   |  279000000
  2    |   域3      | 正常运行   |  是   |  278999938
  3    |   域0      | 正常运行   |  否   |  278999972
==================================================================

[动态重分配] 周期279000000：预约迁移 冗余域3(0%) -> 切片0 -> 饥饿域2(6%)
[切片剥夺] 周期279000000：切片0（所属域3）进入待剥夺状态，禁止新替换
[切片剥夺] 周期279000000：切片0在途请求已清空，开始执行脏行写回
[切片剥夺] 周期279000000：切片0无脏行，直接完成剥夺
[切片管理] 周期279000001：原域3仅剩1个切片，关闭路扩展模式
[动态重分配] 周期279000001：切片0写回完成，自动绑定到域2
[切片管理] 成功绑定切片0 → 安全域2，触发【路扩展模式】

======================== 切片硬件状态 ========================
切片号 | 所属安全域 | 当前状态    | 路扩展 | LRU touched
------------------------------------------------------------------
  0    |   域2      | 正常运行   |  是   |  279000001
  1    |   域2      | 正常运行   |  是   |  279000000
  2    |   域3      | 正常运行   |  否   |  278999938
  3    |   域0      | 正常运行   |  否   |  278999972
==================================================================


======================== 切片硬件状态 ========================
切片号 | 所属安全域 | 当前状态    | 路扩展 | LRU touched
------------------------------------------------------------------
  0    |   域2      | 正常运行   |  是   |  282992570
  1    |   域2      | 正常运行   |  是   |  282999999
  2    |   域3      | 正常运行   |  否   |  282999992
  3    |   域0      | 正常运行   |  否   |  282999995
==================================================================

[动态重分配] 周期283000000：预约迁移 冗余域2(0%) -> 切片1 -> 饥饿域3(22%)
[切片剥夺] 周期283000000：切片1（所属域2）进入待剥夺状态，禁止新替换
[切片剥夺] 周期283000000：切片1在途请求已清空，开始执行脏行写回
[切片剥夺] 周期283000000：切片1无脏行，直接完成剥夺
[切片管理] 周期283000001：原域2仅剩1个切片，关闭路扩展模式
[动态重分配] 周期283000001：切片1写回完成，自动绑定到域3
[切片管理] 成功绑定切片1 → 安全域3，触发【路扩展模式】

======================== 切片硬件状态 ========================
切片号 | 所属安全域 | 当前状态    | 路扩展 | LRU touched
------------------------------------------------------------------
  0    |   域2      | 正常运行   |  否   |  283000001
  1    |   域3      | 正常运行   |  是   |  283000001
  2    |   域3      | 正常运行   |  是   |  282999992
  3    |   域0      | 正常运行   |  否   |  282999995
==================================================================


======================== 切片硬件状态 ========================
切片号 | 所属安全域 | 当前状态    | 路扩展 | LRU touched
------------------------------------------------------------------
  0    |   域2      | 正常运行   |  否   |  284000000
  1    |   域3      | 正常运行   |  是   |  283999989
  2    |   域3      | 正常运行   |  是   |  283999996
  3    |   域0      | 正常运行   |  否   |  283999998
==================================================================

[动态重分配] 周期284000000：预约迁移 冗余域3(0%) -> 切片2 -> 饥饿域2(6%)
[切片剥夺] 周期284000000：切片2（所属域3）进入待剥夺状态，禁止新替换
[切片剥夺] 周期284000000：切片2在途请求已清空，开始执行脏行写回
[切片剥夺] 周期284000000：切片2无脏行，直接完成剥夺
[切片管理] 周期284000001：原域3仅剩1个切片，关闭路扩展模式
[动态重分配] 周期284000001：切片2写回完成，自动绑定到域2
[切片管理] 成功绑定切片2 → 安全域2，触发【路扩展模式】

======================== 切片硬件状态 ========================
切片号 | 所属安全域 | 当前状态    | 路扩展 | LRU touched
------------------------------------------------------------------
  0    |   域2      | 正常运行   |  是   |  284000000
  1    |   域3      | 正常运行   |  否   |  283999989
  2    |   域2      | 正常运行   |  是   |  284000001
  3    |   域0      | 正常运行   |  否   |  284000001
==================================================================


======================== 切片硬件状态 ========================
切片号 | 所属安全域 | 当前状态    | 路扩展 | LRU touched
------------------------------------------------------------------
  0    |   域2      | 正常运行   |  是   |  285000000
  1    |   域3      | 正常运行   |  否   |  284999999
  2    |   域2      | 正常运行   |  是   |  284998588
  3    |   域0      | 正常运行   |  否   |  285000000
==================================================================

[动态重分配] 周期285000000：预约迁移 冗余域2(0%) -> 切片0 -> 饥饿域3(21%)
[切片剥夺] 周期285000000：切片0（所属域2）进入待剥夺状态，禁止新替换
[切片剥夺] 周期285000000：切片0在途请求已清空，开始执行脏行写回
[切片剥夺] 周期285000000：切片0无脏行，直接完成剥夺
[切片管理] 周期285000001：原域2仅剩1个切片，关闭路扩展模式
[动态重分配] 周期285000001：切片0写回完成，自动绑定到域3
[切片管理] 成功绑定切片0 → 安全域3，触发【路扩展模式】

======================== 切片硬件状态 ========================
切片号 | 所属安全域 | 当前状态    | 路扩展 | LRU touched
------------------------------------------------------------------
  0    |   域3      | 正常运行   |  是   |  285000001
  1    |   域3      | 正常运行   |  是   |  284999999
  2    |   域2      | 正常运行   |  否   |  284998588
  3    |   域0      | 正常运行   |  否   |  285000000
==================================================================


======================== 切片硬件状态 ========================
切片号 | 所属安全域 | 当前状态    | 路扩展 | LRU touched
------------------------------------------------------------------
  0    |   域3      | 正常运行   |  是   |  288999988
  1    |   域3      | 正常运行   |  是   |  288999998
  2    |   域2      | 正常运行   |  否   |  288999999
  3    |   域0      | 正常运行   |  否   |  288999999
==================================================================

[动态重分配] 周期289000000：预约迁移 冗余域3(0%) -> 切片1 -> 饥饿域2(6%)
[切片剥夺] 周期289000000：切片1（所属域3）进入待剥夺状态，禁止新替换
[切片剥夺] 周期289000000：切片1在途请求已清空，开始执行脏行写回
[切片剥夺] 周期289000000：切片1无脏行，直接完成剥夺
[切片管理] 周期289000001：原域3仅剩1个切片，关闭路扩展模式
[动态重分配] 周期289000001：切片1写回完成，自动绑定到域2
[切片管理] 成功绑定切片1 → 安全域2，触发【路扩展模式】

======================== 切片硬件状态 ========================
切片号 | 所属安全域 | 当前状态    | 路扩展 | LRU touched
------------------------------------------------------------------
  0    |   域3      | 正常运行   |  否   |  288999988
  1    |   域2      | 正常运行   |  是   |  289000001
  2    |   域2      | 正常运行   |  是   |  288999999
  3    |   域0      | 正常运行   |  否   |  289000001
==================================================================


======================== 切片硬件状态 ========================
切片号 | 所属安全域 | 当前状态    | 路扩展 | LRU touched
------------------------------------------------------------------
  0    |   域3      | 正常运行   |  否   |  289999989
  1    |   域2      | 正常运行   |  是   |  289999997
  2    |   域2      | 正常运行   |  是   |  289997780
  3    |   域0      | 正常运行   |  否   |  289999999
==================================================================

[动态重分配] 周期290000000：预约迁移 冗余域2(0%) -> 切片2 -> 饥饿域3(22%)
[切片剥夺] 周期290000000：切片2（所属域2）进入待剥夺状态，禁止新替换
[切片剥夺] 周期290000000：切片2在途请求已清空，开始执行脏行写回
[切片剥夺] 周期290000000：切片2无脏行，直接完成剥夺
[切片管理] 周期290000001：原域2仅剩1个切片，关闭路扩展模式
[动态重分配] 周期290000001：切片2写回完成，自动绑定到域3
[切片管理] 成功绑定切片2 → 安全域3，触发【路扩展模式】

======================== 切片硬件状态 ========================
切片号 | 所属安全域 | 当前状态    | 路扩展 | LRU touched
------------------------------------------------------------------
  0    |   域3      | 正常运行   |  是   |  289999989
  1    |   域2      | 正常运行   |  否   |  289999997
  2    |   域3      | 正常运行   |  是   |  290000001
  3    |   域0      | 正常运行   |  否   |  289999999
==================================================================


======================== 切片硬件状态 ========================
切片号 | 所属安全域 | 当前状态    | 路扩展 | LRU touched
------------------------------------------------------------------
  0    |   域3      | 正常运行   |  是   |  290999984
  1    |   域2      | 正常运行   |  否   |  291000000
  2    |   域3      | 正常运行   |  是   |  290999990
  3    |   域0      | 正常运行   |  否   |  291000000
==================================================================

[动态重分配] 周期291000000：预约迁移 冗余域3(0%) -> 切片0 -> 饥饿域2(6%)
[切片剥夺] 周期291000000：切片0（所属域3）进入待剥夺状态，禁止新替换
[切片剥夺] 周期291000000：切片0在途请求已清空，开始执行脏行写回
[切片剥夺] 周期291000000：切片0无脏行，直接完成剥夺
[切片管理] 周期291000001：原域3仅剩1个切片，关闭路扩展模式
[动态重分配] 周期291000001：切片0写回完成，自动绑定到域2
[切片管理] 成功绑定切片0 → 安全域2，触发【路扩展模式】

======================== 切片硬件状态 ========================
切片号 | 所属安全域 | 当前状态    | 路扩展 | LRU touched
------------------------------------------------------------------
  0    |   域2      | 正常运行   |  是   |  291000001
  1    |   域2      | 正常运行   |  是   |  291000001
  2    |   域3      | 正常运行   |  否   |  290999990
  3    |   域0      | 正常运行   |  否   |  291000000
==================================================================


======================== 切片硬件状态 ========================
切片号 | 所属安全域 | 当前状态    | 路扩展 | LRU touched
------------------------------------------------------------------
  0    |   域2      | 正常运行   |  是   |  295999825
  1    |   域2      | 正常运行   |  是   |  296000000
  2    |   域3      | 正常运行   |  否   |  295999995
  3    |   域0      | 正常运行   |  否   |  296000000
==================================================================

[动态重分配] 周期296000000：预约迁移 冗余域2(0%) -> 切片1 -> 饥饿域3(22%)
[切片剥夺] 周期296000000：切片1（所属域2）进入待剥夺状态，禁止新替换
[切片剥夺] 周期296000000：切片1在途请求已清空，开始执行脏行写回
[切片剥夺] 周期296000000：切片1无脏行，直接完成剥夺
[切片管理] 周期296000001：原域2仅剩1个切片，关闭路扩展模式
[动态重分配] 周期296000001：切片1写回完成，自动绑定到域3
[切片管理] 成功绑定切片1 → 安全域3，触发【路扩展模式】

======================== 切片硬件状态 ========================
切片号 | 所属安全域 | 当前状态    | 路扩展 | LRU touched
------------------------------------------------------------------
  0    |   域2      | 正常运行   |  否   |  295999825
  1    |   域3      | 正常运行   |  是   |  296000001
  2    |   域3      | 正常运行   |  是   |  295999995
  3    |   域0      | 正常运行   |  否   |  296000001
==================================================================


======================== 切片硬件状态 ========================
切片号 | 所属安全域 | 当前状态    | 路扩展 | LRU touched
------------------------------------------------------------------
  0    |   域2      | 正常运行   |  否   |  297000000
  1    |   域3      | 正常运行   |  是   |  296999969
  2    |   域3      | 正常运行   |  是   |  296999993
  3    |   域0      | 正常运行   |  否   |  296999999
==================================================================

[动态重分配] 周期297000000：预约迁移 冗余域3(0%) -> 切片2 -> 饥饿域2(6%)
[切片剥夺] 周期297000000：切片2（所属域3）进入待剥夺状态，禁止新替换
[切片� dgemv_�夺] 周期297000000：切片2在途请求已清空，开始执行脏行写回
[切片剥夺] 周期297000000：切片2无脏行，直接完成剥夺
[切片管理] 周期297000001：原域3仅剩1个切片，关闭路扩展模式
[动态重分配] 周期297000001：切片2写回完成，自动绑定到域2
[切片管理] 成功绑定切片2 → 安全域2，触发【路扩展模式】

======================== 切片硬件状态 ========================
切片号 | 所属安全域 | 当前状态    | 路扩展 | LRU touched
------------------------------------------------------------------
  0    |   域2      | 正常运行   |  是   |  297000000
  1    |   域3      | 正常运行   |  否   |  296999969
  2    |   域2      | 正常运行   |  是   |  297000001
  3    |   域0      | 正常运行   |  否   |  296999999
==================================================================


======================== 切片硬件状态 ========================
切片号 | 所属安全域 | 当前状态    | 路扩展 | LRU touched
------------------------------------------------------------------
  0    |   域2      | 正常运行   |  是   |  298998058
  1    |   域3      | 正常运行   |  否   |  298999998
  2    |   域2      | 正常运行   |  是   |  299000000
  3    |   域0      | 正常运行   |  否   |  298999999
==================================================================

[动态重分配] 周期299000000：预约迁移 冗余域2(0%) -> 切片0 -> 饥饿域3(22%)
[切片剥夺] 周期299000000：切片0（所属域2）进入待剥夺状态，禁止新替换
[切片剥夺] 周期299000000：切片0在途请求已清空，开始执行脏行写回
[切片剥夺] 周期299000000：切片0无脏行，直接完成剥夺
[切片管理] 周期299000001：原域2仅剩1个切片，关闭路扩展模式
[动态重分配] 周期299000001：切片0写回完成，自动绑定到域3
[切片管理] 成功绑定切片0 → 安全域3，触发【路扩展模式】

======================== 切片硬件状态 ========================
切片号 | 所属安全域 | 当前状态    | 路扩展 | LRU touched
------------------------------------------------------------------
  0    |   域3      | 正常运行   |  是   |  299000001
  1    |   域3      | 正常运行   |  是   |  298999998
  2    |   域2      | 正常运行   |  否   |  299000001
  3    |   域0      | 正常运行   |  否   |  298999999
==================================================================


**** Debug Statistics at 301000000 Cycles *****
Threads: 4		Fetch Width: 8
No of useful instructions fetched:	1593105827 (66.16% proc util.)
No of total instructions fetched:	1887287862 (78.38% proc util.)
 includes 40394934 misfetch (2.1%), 253787101 (13.4%) wrong-path fetches
 and 0 flushed after failed lock(0.0%)
No of useful instructions issued/executed:	1593105794 (66.16% proc util.)
No of total instructions issued/executed:	1688522608 (70.12% proc util.)
 includes 95416814 wrong-path (5.7%) insts and 0 flushed (0.0%)
	fp 25890, 0.00%
	synch 0, 0.00%
	integer 1332538593, 78.92%
	load/store 355958125, 21.08%
Avg size of int IQ (before scheduling): 39.42
Avg size of fp IQ (before scheduling): 0.00
No of cycles taken:		301000000
Parallelism [ 1.288, 0.000, 2.417, 1.587,] = 5.293
 IQ conflicts: 2600272 (0.86%), FQ conflicts: 0 (0.00%) 
 I reg conflicts: 34780151 (11.55%), FP reg conflicts: 0 (0.00%)
  Activelist confs: 1553 (0.00%), ROB confs: 248179 (0.08%)
  Int unit conflicts: 1138655333 (378.29%), FP unit conflicts: 7 (0.00%)
  Load/store unit conflicts: 27084972 (9.00%)
  MSHR conflicts: 20433715 (6.79%)
----------------------------------------
==== System-wide Cache Statistics ====
Stall for miss queue full 514 cycles (0.00%)
----------------------------------------
==== Statistics for Master ID: 0 ====
Reads: 301590651   Writes: 52517086
ICACHE: size: 64 KB assoc: 2
ICACHE: hits:170988850 misses:1698944  Hit Ratio: 99.02%
DCACHE: size: 1*16 KB assoc: 1*4
DCACHE: hits:177052492 misses:4367610 writebacks:1479152  Hit Ratio: 97.59%
SCACHE: size: 512 KB assoc: 2
SCACHE: hits:5250521 misses:815874  Hit Ratio: 86.55%
3CACHE: size: 4096 KB assoc: 2
3CACHE: hits:684770 misses:131104  Hit Ratio: 83.93%
3CACHE: dirty items replaced:22441
ITLB: size: 48, misses 73180, miss rate 0.04%
DTLB: size: 128, misses 106293, miss rate 0.06%
Avg mem delay: 1.400 cycles
----------------------------------------
==== Statistics for Master ID: 2 ====
Reads: 348262134   Writes: 5158
ICACHE: size: 64 KB assoc: 2
ICACHE: hits:202713607 misses:7408  Hit Ratio: 100.00%
DCACHE: size: 1*16 KB assoc: 1*4
DCACHE: hits:141107284 misses:4439234 writebacks:331  Hit Ratio: 96.95%
SCACHE: size: 512 KB assoc: 2
SCACHE: hits:4403844 misses:42557  Hit Ratio: 99.04%
3CACHE: size: 4096 KB assoc: 2
3CACHE: hits:41993 misses:564  Hit Ratio: 98.67%
3CACHE: dirty items replaced:8
ITLB: size: 48, misses 5, miss rate 0.00%
DTLB: size: 128, misses 326, miss rate 0.00%
Avg mem delay: 1.400 cycles
----------------------------------------
==== Statistics for Master ID: 3 ====
Reads: 177847146   Writes: 35
ICACHE: size: 64 KB assoc: 2
ICACHE: hits:149366817 misses:290  Hit Ratio: 100.00%
DCACHE: size: 2*16 KB assoc: 2*4
DCACHE: hits:24898947 misses:3581126 writebacks:13  Hit Ratio: 87.43%
SCACHE: size: 512 KB assoc: 2
SCACHE: hits:3537400 misses:44016  Hit Ratio: 98.77%
3CACHE: size: 4096 KB assoc: 2
3CACHE: hits:41984 misses:2032  Hit Ratio: 95.38%
3CACHE: dirty items replaced:289
ITLB: size: 48, misses 4, miss rate 0.00%
DTLB: size: 128, misses 802, miss rate 0.00%
Avg mem delay: 1.400 cycles
----------------------------------------
==== Global Resource Utilization ====
STASH: size: 65536 entries, full 1920283659, empty 36847896, misses 3287334, full rate 97.95
icache bank util. 0.278 0.222 0.162 0.076 0.080 0.076 0.731 0.136 
dcache bank util. 0.158 0.152 0.157 0.166 0.161 0.203 0.162 0.159 
L2 bank util. 0.032 0.033 0.033 0.034 0.033 0.032 0.032 0.032 
L1-L2 bus util. = 0.155, L3 util. = 0.004
----------------------------------------

======================== 切片硬件状态 ========================
切片号 | 所属安全域 | 当前状态    | 路扩展 | LRU touched
------------------------------------------------------------------
  0    |   域3      | 正常运行   |  是   |  300999964
  1    |   域3      | 正常运行   |  是   |  300999995
  2    |   域2      | 正常运行   |  否   |  300999997
  3    |   域0      | 正常运行   |  否   |  300999999
==================================================================

branch prediction, hits = 218191569, misses = 8546712, hit rate = 96.23%
return_stack prediction, hits = 4824897, misses = 4562, hit rate = 99.91%
jump prediction, hits = 226376777, misses = 10233044, hit rate = 95.68%

======================== 切片硬件状态 ========================
切片号 | 所属安全域 | 当前状态    | 路扩展 | LRU touched
------------------------------------------------------------------
  0    |   域3      | 正常运行   |  是   |  301999979
  1    |   域3      | 正常运行   |  是   |  302000000
  2    |   域2      | 正常运行   |  否   |  301999999
  3    |   域0      | 正常运行   |  否   |  301999996
==================================================================

[动态重分配] 周期302000000：预约迁移 冗余域3(0%) -> 切片1 -> 饥饿域2(6%)
[切片剥夺] 周期302000000：切片1（所属域3）进入待剥夺状态，禁止新替换
[切片剥夺] 周期302000000：切片1在途请求已清空，开始执行脏行写回
[切片剥夺] 周期302000000：切片1无脏行，直接完成剥夺
[切片管理] 周期302000001：原域3仅剩1个切片，关闭路扩展模式
[动态重分配] 周期302000001：切片1写回完成，自动绑定到域2
[切片管理] 成功绑定切片1 → 安全域2，触发【路扩展模式】

======================== 切片硬件状态 ========================
切片号 | 所属安全域 | 当前状态    | 路扩展 | LRU touched
------------------------------------------------------------------
  0    |   域3      | 正常运行   |  否   |  301999979
  1    |   域2      | 正常运行   |  是   |  302000001
  2    |   域2      | 正常运行   |  是   |  301999999
  3    |   域0      | 正常运行   |  否   |  302000001
==================================================================


======================== 切片硬件状态 ========================
切片号 | 所属安全域 | 当前状态    | 路扩展 | LRU touched
------------------------------------------------------------------
  0    |   域3      | 正常运行   |  否   |  302999996
  1    |   域2      | 正常运行   |  是   |  302997277
  2    |   域2      | 正常运行   |  是   |  303000000
  3    |   域0      | 正常运行   |  否   |  302999999
==================================================================

[动态重分配] 周期303000000：预约迁移 冗余域2(0%) -> 切片2 -> 饥饿域3(22%)
[切片剥夺] 周期303000000：切片2（所属域2）进入待剥夺状态，禁止新替换
[切片剥夺] 周期303000000：切片2在途请求已清空，开始执行脏行写回
[切片剥夺] 周期303000000：切片2无脏行，直接完成剥夺
[切片管理] 周期303000001：原域2仅剩1个切片，关闭路扩展模式
[动态重分配] 周期303000001：切片2写回完成，自动绑定到域3
[切片管理] 成功绑定切片2 → 安全域3，触发【路扩展模式】

======================== 切片硬件状态 ========================
切片号 | 所属安全域 | 当前状态    | 路扩展 | LRU touched
------------------------------------------------------------------
  0    |   域3      | 正常运行   |  是   |  302999996
  1    |   域2      | 正常运行   |  否   |  303000001
  2    |   域3      | 正常运行   |  是   |  303000001
  3    |   域0      | 正常运行   |  否   |  303000001
==================================================================


======================== 切片硬件状态 ========================
切片号 | 所属安全域 | 当前状态    | 路扩展 | LRU touched
------------------------------------------------------------------
  0    |   域3      | 正常运行   |  是   |  304999983
  1    |   域2      | 正常运行   |  否   |  304999999
  2    |   域3      | 正常运行   |  是   |  304999996
  3    |   域0      | 正常运行   |  否   |  304999999
==================================================================

[动态重分配] 周期305000000：预约迁移 冗余域3(0%) -> 切片0 -> 饥饿域2(6%)
[切片剥夺] 周期305000000：切片0（所属域3）进入待剥夺状态，禁止新替换
[切片剥夺] 周期305000000：切片0在途请求已清空，开始执行脏行写回
[切片剥夺] 周期305000000：切片0无脏行，直接完成剥夺
[切片管理] 周期305000001：原域3仅剩1个切片，关闭路扩展模式
[动态重分配] 周期305000001：切片0写回完成，自动绑定到域2
[切片管理] 成功绑定切片0 → 安全域2，触发【路扩展模式】

======================== 切片硬件状态 ========================
切片号 | 所属安全域 | 当前状态    | 路扩展 | LRU touched
------------------------------------------------------------------
  0    |   域2      | 正常运行   |  是   |  305000001
  1    |   域2      | 正常运行   |  是   |  305000001
  2    |   域3      | 正常运行   |  否   |  304999996
  3    |   域0      | 正常运行   |  否   |  304999999
==================================================================


======================== 切片硬件状态 ========================
切片号 | 所属安全域 | 当前状态    | 路扩展 | LRU touched
------------------------------------------------------------------
  0    |   域2      | 正常运行   |  是   |  307999999
  1    |   域2      | 正常运行   |  是   |  307999700
  2    |   域3      | 正常运行   |  否   |  307999994
  3    |   域0      | 正常运行   |  否   |  307999998
==================================================================

[动态重分配] 周期308000000：预约迁移 冗余域2(0%) -> 切片1 -> 饥饿域3(21%)
[切片剥夺] 周期308000000：切片1（所属域2）进入待剥夺状态，禁止新替换
[切片剥夺] 周期308000000：切片1在途请求已清空，开始执行脏行写回
[切片剥夺] 周期308000000：切片1无脏行，直接完成剥夺
[切片管理] 周期308000001：原域2仅剩1个切片，关闭路扩展模式
[动态重分配] 周期308000001：切片1写回完成，自动绑定到域3
[切片管理] 成功绑定切片1 → 安全域3，触发【路扩展模式】

======================== 切片硬件状态 ========================
切片号 | 所属安全域 | 当前状态    | 路扩展 | LRU touched
------------------------------------------------------------------
  0    |   域2      | 正常运行   |  否   |  308000001
  1    |   域3      | 正常运行   |  是   |  308000001
  2    |   域3      | 正常运行   |  是   |  307999994
  3    |   域0      | 正常运行   |  否   |  307999998
==================================================================


======================== 切片硬件状态 ========================
切片号 | 所属安全域 | 当前状态    | 路扩展 | LRU touched
------------------------------------------------------------------
  0    |   域2      | 正常运行   |  否   |  308999997
  1    |   域3      | 正常运行   |  是   |  308999917
  2    |   域3      | 正常运行   |  是   |  308999996
  3    |   域0      | 正常运行   |  否   |  309000000
==================================================================

[动态重分配] 周期309000000：预约迁移 冗余域3(0%) -> 切片2 -> 饥饿域2(6%)
[切片剥夺] 周期309000000：切片2（所属域3）进入待剥夺状态，禁止新替换
[切片剥夺] 周期309000000：切片2在途请求已清空，开始执行脏行写回
[切片剥夺] 周期309000000：切片2无脏行，直接完成剥夺
[切片管理] 周期309000001：原域3仅剩1个切片，关闭路扩展模式
[动态重分配] 周期309000001：切片2写回完成，自动绑定到域2
[切片管理] 成功绑定切片2 → 安全域2，触发【路扩展模式】

======================== 切片硬件状态 ========================
切片号 | 所属安全域 | 当前状态    | 路扩展 | LRU touched
------------------------------------------------------------------
  0    |   域2      | 正常运行   |  是   |  309000001
  1    |   域3      | 正常运行   |  否   |  308999917
  2    |   域2      | 正常运行   |  是   |  309000001
  3    |   域0      | 正常运行   |  否   |  309000001
==================================================================


======================== 切片硬件状态 ========================
切片号 | 所属安全域 | 当前状态    | 路扩展 | LRU touched
------------------------------------------------------------------
  0    |   域2      | 正常运行   |  是   |  310999631
  1    |   域3      | 正常运行   |  否   |  310999988
  2    |   域2      | 正常运行   |  是   |  310999997
  3    |   域0      | 正常运行   |  否   |  310999996
==================================================================

[动态重分配] 周期311000000：预约迁移 冗余域2(0%) -> 切片0 -> 饥饿域3(21%)
[切片剥夺] 周期311000000：切片0（所属域2）进入待剥夺状态，禁止新替换
[切片剥夺] 周期311000000：切片0在途请求已清空，开始执行脏行写回
[切片剥夺] 周期311000000：切片0无脏行，直接完成剥夺
[切片管理] 周期311000001：原域2仅剩1个切片，关闭路扩展模式
[动态重分配] 周期311000001：切片0写回完成，自动绑定到域3
[切片管理] 成功绑定切片0 → 安全域3，触发【路扩展模式】

======================== 切片硬件状态 ========================
切片号 | 所属安全域 | 当前状态    | 路扩展 | LRU touched
------------------------------------------------------------------
  0    |   域3      | 正常运行   |  是   |  311000001
  1    |   域3      | 正常运行   |  是   |  310999988
  2    |   域2      | 正常运行   |  否   |  311000001
  3    |   域0      | 正常运行   |  否   |  310999996
==================================================================


======================== 切片硬件状态 ========================
切片号 | 所属安全域 | 当前状态    | 路扩展 | LRU touched
------------------------------------------------------------------
  0    |   域3      | 正常运行   |  是   |  313999968
  1    |   域3      | 正常运行   |  是   |  313999999
  2    |   域2      | 正常运行   |  否   |  313999999
  3    |   域0      | 正常运行   |  否   |  314000000
==================================================================

[动态重分配] 周期314000000：预约迁移 冗余域3(0%) -> 切片1 -> 饥饿域2(6%)
[切片剥夺] 周期314000000：切片1（所属域3）进入待剥夺状态，禁止新替换
[切片剥夺] 周期314000000：切片1在途请求已清空，开始执行脏行写回
[切片剥夺] 周期314000000：切片1无脏行，直接完成剥夺
[切片管理] 周期314000001：原域3仅剩1个切片，关闭路扩展模式
[动态重分配] 周期314000001：切片1写回完成，自动绑定到域2
[切片管理] 成功绑定切片1 → 安全域2，触发【路扩展模式】

======================== 切片硬件状态 ========================
切片号 | 所属安全域 | 当前状态    | 路扩展 | LRU touched
------------------------------------------------------------------
  0    |   域3      | 正常运行   |  否   |  313999968
  1    |   域2      | 正常运行   |  是   |  314000001
  2    |   域2      | 正常运行   |  是   |  313999999
  3    |   域0      | 正常运行   |  否   |  314000000
==================================================================


======================== 切片硬件状态 ========================
切片号 | 所属安全域 | 当前状态    | 路扩展 | LRU touched
------------------------------------------------------------------
  0    |   域3      | 正常运行   |  否   |  315000000
  1    |   域2      | 正常运行   |  是   |  314998920
  2    |   域2      | 正常运行   |  是   |  314999998
  3    |   域0      | 正常运行   |  否   |  315000000
==================================================================

[动态重分配] 周期315000000：预约迁移 冗余域2(0%) -> 切片2 -> 饥饿域3(22%)
[切片剥夺] 周期315000000：切片2（所属域2）进入待剥夺状态，禁止新替换
[切片剥夺] 周期315000000：切片2在途请求已清空，开始执行脏行写回
[切片剥夺] 周期315000000：切片2无脏行，直接完成剥夺
[切片管理] 周期315000001：原域2仅剩1个切片，关闭路扩展模式
[动态重分配] 周期315000001：切片2写回完成，自动绑定到域3
[切片管理] 成功绑定切片2 → 安全域3，触发【路扩展模式】

======================== 切片硬件状态 ========================
切片号 | 所属安全域 | 当前状态    | 路扩展 | LRU touched
------------------------------------------------------------------
  0    |   域3      | 正常运行   |  是   |  315000000
  1    |   域2      | 正常运行   |  否   |  315000001
  2    |   域3      | 正常运行   |  是   |  315000001
  3    |   域0      | 正常运行   |  否   |  315000001
==================================================================


======================== 切片硬件状态 ========================
切片号 | 所属安全域 | 当前状态    | 路扩展 | LRU touched
------------------------------------------------------------------
  0    |   域3      | 正常运行   |  是   |  316999989
  1    |   域2      | 正常运行   |  否   |  316999999
  2    |   域3      | 正常运行   |  是   |  316999971
  3    |   域0      | 正常运行   |  否   |  317000000
==================================================================

[动态重分配] 周期317000000：预约迁移 冗余域3(0%) -> 切片0 -> 饥饿域2(6%)
[切片剥夺] 周期317000000：切片0（所属域3）进入待剥夺状态，禁止新替换
[切片剥夺] 周期317000000：切片0在途请求已清空，开始执行脏行写回
[切片剥夺] 周期317000000：切片0无脏行，直接完成剥夺
[切片管理] 周期317000001：原域3仅剩1个切片，关闭路扩展模式
[动态重分配] 周期317000001：切片0写回完成，自动绑定到域2
[切片管理] 成功绑定切片0 → 安全域2，触发【路扩展模式】

======================== 切片硬件状态 ========================
切片号 | 所属安全域 | 当前状态    | 路扩展 | LRU touched
------------------------------------------------------------------
  0    |   域2      | 正常运行   |  是   |  317000001
  1    |   域2      | 正常运行   |  是   |  317000001
  2    |   域3      | 正常运行   |  否   |  317000001
  3    |   域0      | 正常运行   |  否   |  317000001
==================================================================


======================== 切片硬件状态 ========================
切片号 | 所属安全域 | 当前状态    | 路扩展 | LRU touched
------------------------------------------------------------------
  0    |   域2      | 正常运行   |  是   |  319994433
  1    |   域2      | 正常运行   |  是   |  320000000
  2    |   域3      | 正常运行   |  否   |  319999995
  3    |   域0      | 正常运行   |  否   |  319999999
==================================================================

[动态重分配] 周期320000000：预约迁移 冗余域2(0%) -> 切片1 -> 饥饿域3(21%)
[切片剥夺] 周期320000000：切片1（所属域2）进入待剥夺状态，禁止新替换
[切片剥夺] 周期320000000：切片1在途请求已清空，开始执行脏行写回
[切片剥夺] 周期320000000：切片1无脏行，直接完成剥夺
[切片管理] 周期320000001：原域2仅剩1个切片，关闭路扩展模式
[动态重分配] 周期320000001：切片1写回完成，自动绑定到域3
[切片管理] 成功绑定切片1 → 安全域3，触发【路扩展模式】

======================== 切片硬件状态 ========================
切片号 | 所属安全域 | 当前状态    | 路扩展 | LRU touched
------------------------------------------------------------------
  0    |   域2      | 正常运行   |  否   |  320000001
  1    |   域3      | 正常运行   |  是   |  320000001
  2    |   域3      | 正常运行   |  是   |  319999995
  3    |   域0      | 正常运行   |  否   |  319999999
==================================================================


======================== 切片硬件状态 ========================
切片号 | 所属安全域 | 当前状态    | 路扩展 | LRU touched
------------------------------------------------------------------
  0    |   域2      | 正常运行   |  否   |  320999999
  1    |   域3      | 正常运行   |  是   |  320999986
  2    |   域3      | 正常运行   |  是   |  320999995
  3    |   域0      | 正常运行   |  否   |  321000000
==================================================================

[动态重分配] 周期321000000：预约迁移 冗余域3(0%) -> 切片2 -> 饥饿域2(6%)
[切片剥夺] 周期321000000：切片2（所属域3）进入待剥夺状态，禁止新替换
[切片剥夺] 周期321000000：切片2在途请求已清空，开始执行脏行写回
[切片剥夺] 周期321000000：切片2无脏行，直接完成剥夺
[切片管理] 周期321000001：原域3仅剩1个切片，关闭路扩展模式
[动态重分配] 周期321000001：切片2写回完成，自动绑定到域2
[切片管理] 成功绑定切片2 → 安全域2，触发【路扩展模式】

======================== 切片硬件状态 ========================
切片号 | 所属安全域 | 当前状态    | 路扩展 | LRU touched
------------------------------------------------------------------
  0    |   域2      | 正常运行   |  是   |  321000001
  1    |   域3      | 正常运行   |  否   |  320999986
  2    |   域2      | 正常运行   |  是   |  321000001
  3    |   域0      | 正常运行   |  否   |  321000000
==================================================================


======================== 切片硬件状态 ========================
切片号 | 所属安全域 | 当前状态    | 路扩展 | LRU touched
------------------------------------------------------------------
  0    |   域2      | 正常运行   |  是   |  322999408
  1    |   域3      | 正常运行   |  否   |  322999996
  2    |   域2      | 正常运行   |  是   |  323000000
  3    |   域0      | 正常运行   |  否   |  322999999
==================================================================

[动态重分配] 周期323000000：预约迁移 冗余域2(0%) -> 切片0 -> 饥饿域3(22%)
[切片剥夺] 周期323000000：切片0（所属域2）进入待剥夺状态，禁止新替换
[切片剥夺] 周期323000000：切片0在途请求已清空，开始执行脏行写回
[切片剥夺] 周期323000000：切片0无脏行，直接完成剥夺
[切片管理] 周期323000001：原域2仅剩1个切片，关闭路扩展模式
[动态重分配] 周期323000001：切片0写回完成，自动绑定到域3
[切片管理] 成功绑定切片0 → 安全域3，触发【路扩展模式】

======================== 切片硬件状态 ========================
切片号 | 所属安全域 | 当前状态    | 路扩展 | LRU touched
------------------------------------------------------------------
  0    |   域3      | 正常运行   |  是   |  323000001
  1    |   域3      | 正常运行   |  是   |  322999996
  2    |   域2      | 正常运行   |  否   |  323000000
  3    |   域0      | 正常运行   |  否   |  323000001
==================================================================


======================== 切片硬件状态 ========================
切片号 | 所属安全域 | 当前状态    | 路扩展 | LRU touched
------------------------------------------------------------------
  0    |   域3      | 正常运行   |  是   |  325999928
  1    |   域3      | 正常运行   |  是   |  325999993
  2    |   域2      | 正常运行   |  否   |  325999998
  3    |   域0      | 正常运行   |  否   |  325999998
==================================================================

[动态重分配] 周期326000000：预约迁移 冗余域3(0%) -> 切片1 -> 饥饿域2(6%)
[切片剥夺] 周期326000000：切片1（所属域3）进入待剥夺状态，禁止新替换
[切片剥夺] 周期326000000：切片1在途请求已清空，开始执行脏行写回
[切片剥夺] 周期326000000：切片1无脏行，直接完成剥夺
[切片管理] 周期326000001：原域3仅剩1个切片，关闭路扩展模式
[动态重分配] 周期326000001：切片1写回完成，自动绑定到域2
[切片管理] 成功绑定切片1 → 安全域2，触发【路扩展模式】

======================== 切片硬件状态 ========================
切片号 | 所属安全域 | 当前状态    | 路扩展 | LRU touched
------------------------------------------------------------------
  0    |   域3      | 正常运行   |  否   |  325999928
  1    |   域2      | 正常运行   |  是   |  326000001
  2    |   域2      | 正常运行   |  是   |  325999998
  3    |   域0      | 正常运行   |  否   |  326000001
==================================================================


======================== 切片硬件状态 ========================
切片号 | 所属安全域 | 当前状态    | 路扩展 | LRU touched
------------------------------------------------------------------
  0    |   域3      | 正常运行   |  否   |  326999998
  1    |   域2      | 正常运行   |  是   |  327000000
  2    |   域2      | 正常运行   |  是   |  326999471
  3    |   域0      | 正常运行   |  否   |  326999999
==================================================================

[动态重分配] 周期327000000：预约迁移 冗余域2(0%) -> 切片2 -> 饥饿域3(22%)
[切片剥夺] 周期327000000：切片2（所属域2）进入待剥夺状态，禁止新替换
[切片剥夺] 周期327000000：切片2在途请求已清空，开始执行脏行写回
[切片剥夺] 周期327000000：切片2无脏行，直接完成剥夺
[切片管理] 周期327000001：原域2仅剩1个切片，关闭路扩展模式
[动态重分配] 周期327000001：切片2写回完成，自动绑定到域3
[切片管理] 成功绑定切片2 → 安全域3，触发【路扩展模式】

======================== 切片硬件状态 ========================
切片号 | 所属安全域 | 当前状态    | 路扩展 | LRU touched
------------------------------------------------------------------
  0    |   域3      | 正常运行   |  是   |  326999998
  1    |   域2      | 正常运行   |  否   |  327000001
  2    |   域3      | 正常运行   |  是   |  327000001
  3    |   域0      | 正常运行   |  否   |  326999999
==================================================================


======================== 切片硬件状态 ========================
切片号 | 所属安全域 | 当前状态    | 路扩展 | LRU touched
------------------------------------------------------------------
  0    |   域3      | 正常运行   |  是   |  328999989
  1    |   域2      | 正常运行   |  否   |  328999997
  2    |   域3      | 正常运行   |  是   |  328999962
  3    |   域0      | 正常运行   |  否   |  328999999
==================================================================

[动态重分配] 周期329000000：预约迁移 冗余域3(0%) -> 切片0 -> 饥饿域2(6%)
[切片剥夺] 周期329000000：切片0（所属域3）进入待剥夺状态，禁止新替换
[切片剥夺] 周期329000000：切片0在途请求已清空，开始执行脏行写回
[切片剥夺] 周期329000000：切片0无脏行，直接完成剥夺
[切片管理] 周期329000001：原域3仅剩1个切片，关闭路扩展模式
[动态重分配] 周期329000001：切片0写回完成，自动绑定到域2
[切片管理] 成功绑定切片0 → 安全域2，触发【路扩展模式】

======================== 切片硬件状态 ========================
切片号 | 所属安全域 | 当前状态    | 路扩展 | LRU touched
------------------------------------------------------------------
  0    |   域2      | 正常运行   |  是   |  329000001
  1    |   域2      | 正常运行   |  是   |  328999997
  2    |   域3      | 正常运行   |  否   |  328999962
  3    |   域0      | 正常运行   |  否   |  329000001
==================================================================


======================== 切片硬件状态 ========================
切片号 | 所属安全域 | 当前状态    | 路扩展 | LRU touched
------------------------------------------------------------------
  0    |   域2      | 正常运行   |  是   |  331995490
  1    |   域2      | 正常运行   |  是   |  331999998
  2    |   域3      | 正常运行   |  否   |  331999996
  3    |   域0      | 正常运行   |  否   |  332000000
==================================================================

[动态重分配] 周期332000000：预约迁移 冗余域2(0%) -> 切片1 -> 饥饿域3(21%)
[切片剥夺] 周期332000000：切片1（所属域2）进入待剥夺状态，禁止新替换
[切片剥夺] 周期332000000：切片1在途请求已清空，开始执行脏行写回
[切片剥夺] 周期332000000：切片1无脏行，直接完成剥夺
[切片管理] 周期332000001：原域2仅剩1个切片，关闭路扩展模式
[动态重分配] 周期332000001：切片1写回完成，自动绑定到域3
[切片管理] 成功绑定切片1 → 安全域3，触发【路扩展模式】

======================== 切片硬件状态 ========================
切片号 | 所属安全域 | 当前状态    | 路扩展 | LRU touched
------------------------------------------------------------------
  0    |   域2      | 正常运行   |  否   |  332000001
  1    |   域3      | 正常运行   |  是   |  332000001
  2    |   域3      | 正常运行   |  是   |  331999996
  3    |   域0      | 正常运行   |  否   |  332000000
==================================================================


======================== 切片硬件状态 ========================
切片号 | 所属安全域 | 当前状态    | 路扩展 | LRU touched
------------------------------------------------------------------
  0    |   域2      | 正常运行   |  否   |  332999997
  1    |   域3      | 正常运行   |  是   |  332999964
  2    |   域3      | 正常运行   |  是   |  332999988
  3    |   域0      | 正常运行   |  否   |  332999999
==================================================================

[动态重分配] 周期333000000：预约迁移 冗余域3(0%) -> 切片2 -> 饥饿域2(6%)
[切片剥夺] 周期333000000：切片2（所属域3）进入待剥夺状态，禁止新替换
[切片剥夺] 周期333000000：切片2在途请求已清空，开始执行脏行写回
[切片剥夺] 周期333000000：切片2无脏行，直接完成剥夺
[切片管理] 周期333000001：原域3仅剩1个切片，关闭路扩展模式
[动态重分配] 周期333000001：切片2写回完成，自动绑定到域2
[切片管理] 成功绑定切片2 → 安全域2，触发【路扩展模式】

======================== 切片硬件状态 ========================
切片号 | 所属安全域 | 当前状态    | 路扩展 | LRU touched
------------------------------------------------------------------
  0    |   域2      | 正常运行   |  是   |  333000001
  1    |   域3      | 正常运行   |  否   |  333000001
  2    |   域2      | 正常运行   |  是   |  333000001
  3    |   域0      | 正常运行   |  否   |  332999999
==================================================================


======================== 切片硬件状态 ========================
切片号 | 所属安全域 | 当前状态    | 路扩展 | LRU touched
------------------------------------------------------------------
  0    |   域2      | 正常运行   |  是   |  334999998
  1    |   域3      | 正常运行   |  否   |  334999974
  2    |   域2      | 正常运行   |  是   |  334995181
  3    |   域0      | 正常运行   |  否   |  334999893
==================================================================

[动态重分配] 周期335000000：预约迁移 冗余域2(0%) -> 切片0 -> 饥饿域3(22%)
[切片剥夺] 周期335000000：切片0（所属域2）进入待剥夺状态，禁止新替换
[切片剥夺] 周期335000000：切片0在途请求已清空，开始执行脏行写回
[切片剥夺] 周期335000000：切片0无脏行，直接完成剥夺
[切片管理] 周期335000001：原域2仅剩1个切片，关闭路扩展模式
[动态重分配] 周期335000001：切片0写回完成，自动绑定到域3
[切片管理] 成功绑定切片0 → 安全域3，触发【路 dgeqr2_扩展模式】

======================== 切片硬件状态 ========================
切片号 | 所属安全域 | 当前状态    | 路扩展 | LRU touched
------------------------------------------------------------------
  0    |   域3      | 正常运行   |  是   |  335000001
  1    |   域3      | 正常运行   |  是   |  334999974
  2    |   域2      | 正常运行   |  否   |  334995181
  3    |   域0      | 正常运行   |  否   |  334999893
==================================================================


======================== 切片硬件状态 ========================
切片号 | 所属安全域 | 当前状态    | 路扩展 | LRU touched
------------------------------------------------------------------
  0    |   域3      | 正常运行   |  是   |  337999968
  1    |   域3      | 正常运行   |  是   |  337999998
  2    |   域2      | 正常运行   |  否   |  337999999
  3    |   域0      | 正常运行   |  否   |  338000000
==================================================================

[动态重分配] 周期338000000：预约迁移 冗余域3(0%) -> 切片1 -> 饥饿域2(6%)
[切片剥夺] 周期338000000：切片1（所属域3）进入待剥夺状态，禁止新替换
[切片剥夺] 周期338000000：切片1在途请求已清空，开始执行脏行写回
[切片剥夺] 周期338000000：切片1无脏行，直接完成剥夺
[切片管理] 周期338000001：原域3仅剩1个切片，关闭路扩展模式
[动态重分配] 周期338000001：切片1写回完成，自动绑定到域2
[切片管理] 成功绑定切片1 → 安全域2，触发【路扩展模式】

======================== 切片硬件状态 ========================
切片号 | 所属安全域 | 当前状态    | 路扩展 | LRU touched
------------------------------------------------------------------
  0    |   域3      | 正常运行   |  否   |  337999968
  1    |   域2      | 正常运行   |  是   |  338000001
  2    |   域2      | 正常运行   |  是   |  337999999
  3    |   域0      | 正常运行   |  否   |  338000001
==================================================================


======================== 切片硬件状态 ========================
切片号 | 所属安全域 | 当前状态    | 路扩展 | LRU touched
------------------------------------------------------------------
  0    |   域3      | 正常运行   |  否   |  338999999
  1    |   域2      | 正常运行   |  是   |  338997891
  2    |   域2      | 正常运行   |  是   |  339000000
  3    |   域0      | 正常运行   |  否   |  338999995
==================================================================

[动态重分配] 周期339000000：预约迁移 冗余域2(0%) -> 切片2 -> 饥饿域3(22%)
[切片剥夺] 周期339000000：切片2（所属域2）进入待剥夺状态，禁止新替换
[切片剥夺] 周期339000000：切片2在途请求已清空，开始执行脏行写回
[切片剥夺] 周期339000000：切片2无脏行，直接完成剥夺
[切片管理] 周期339000001：原域2仅剩1个切片，关闭路扩展模式
[动态重分配] 周期339000001：切片2写回完成，自动绑定到域3
[切片管理] 成功绑定切片2 → 安全域3，触发【路扩展模式】

======================== 切片硬件状态 ========================
切片号 | 所属安全域 | 当前状态    | 路扩展 | LRU touched
------------------------------------------------------------------
  0    |   域3      | 正常运行   |  是   |  338999999
  1    |   域2      | 正常运行   |  否   |  339000001
  2    |   域3      | 正常运行   |  是   |  339000001
  3    |   域0      | 正常运行   |  否   |  338999995
==================================================================


======================== 切片硬件状态 ========================
切片号 | 所属安全域 | 当前状态    | 路扩展 | LRU touched
------------------------------------------------------------------
  0    |   域3      | 正常运行   |  是   |  340999991
  1    |   域2      | 正常运行   |  否   |  341000000
  2    |   域3      | 正常运行   |  是   |  340999970
  3    |   域0      | 正常运行   |  否   |  341000000
==================================================================

[动态重分配] 周期341000000：预约迁移 冗余域3(0%) -> 切片0 -> 饥饿域2(6%)
[切片剥夺] 周期341000000：切片0（所属域3）进入待剥夺状态，禁止新替换
[切片剥夺] 周期341000000：切片0在途请求已清空，开始执行脏行写回
[切片剥夺] 周期341000000：切片0无脏行，直接完成剥夺
[切片管理] 周期341000001：原域3仅剩1个切片，关闭路扩展模式
[动态重分配] 周期341000001：切片0写回完成，自动绑定到域2
[切片管理] 成功绑定切片0 → 安全域2，触发【路扩展模式】

======================== 切片硬件状态 ========================
切片号 | 所属安全域 | 当前状态    | 路扩展 | LRU touched
------------------------------------------------------------------
  0    |   域2      | 正常运行   |  是   |  341000001
  1    |   域2      | 正常运行   |  是   |  341000000
  2    |   域3      | 正常运行   |  否   |  341000001
  3    |   域0      | 正常运行   |  否   |  341000001
==================================================================


======================== 切片硬件状态 ========================
切片号 | 所属安全域 | 当前状态    | 路扩展 | LRU touched
------------------------------------------------------------------
  0    |   域2      | 正常运行   |  是   |  343999634
  1    |   域2      | 正常运行   |  是   |  343999999
  2    |   域3      | 正常运行   |  否   |  343999990
  3    |   域0      | 正常运行   |  否   |  343999999
==================================================================

[动态重分配] 周期344000000：预约迁移 冗余域2(0%) -> 切片1 -> 饥饿域3(22%)
[切片剥夺] 周期344000000：切片1（所属域2）进入待剥夺状态，禁止新替换
[切片剥夺] 周期344000000：切片1在途请求已清空，开始执行脏行写回
[切片剥夺] 周期344000000：切片1无脏行，直接完成剥夺
[切片管理] 周期344000001：原域2仅剩1个切片，关闭路扩展模式
[动态重分配] 周期344000001：切片1写回完成，自动绑定到域3
[切片管理] 成功绑定切片1 → 安全域3，触发【路扩展模式】

======================== 切片硬件状态 ========================
切片号 | 所属安全域 | 当前状态    | 路扩展 | LRU touched
------------------------------------------------------------------
  0    |   域2      | 正常运行   |  否   |  343999634
  1    |   域3      | 正常运行   |  是   |  344000001
  2    |   域3      | 正常运行   |  是   |  343999990
  3    |   域0      | 正常运行   |  否   |  343999999
==================================================================


======================== 切片硬件状态 ========================
切片号 | 所属安全域 | 当前状态    | 路扩展 | LRU touched
------------------------------------------------------------------
  0    |   域2      | 正常运行   |  否   |  344999999
  1    |   域3      | 正常运行   |  是   |  344999987
  2    |   域3      | 正常运行   |  是   |  344999996
  3    |   域0      | 正常运行   |  否   |  345000000
==================================================================

[动态重分配] 周期345000000：预约迁移 冗余域3(0%) -> 切片2 -> 饥饿域2(6%)
[切片剥夺] 周期345000000：切片2（所属域3）进入待剥夺状态，禁止新替换
[切片剥夺] 周期345000000：切片2在途请求已清空，开始执行脏行写回
[切片剥夺] 周期345000000：切片2无脏行，直接完成剥夺
[切片管理] 周期345000001：原域3仅剩1个切片，关闭路扩展模式
[动态重分配] 周期345000001：切片2写回完成，自动绑定到域2
[切片管理] 成功绑定切片2 → 安全域2，触发【路扩展模式】

======================== 切片硬件状态 =================== dgeqrf_=====
切片号 | 所属安全域 | 当前状态    | 路扩展 | LRU touched
------------------------------------------------------------------
  0    |   域2      | 正常运行   |  是   |  344999999
  1    |   域3      | 正常运行   |  否   |  344999987
  2    |   域2      | 正常运行   |  是   |  345000001
  3    |   域0      | 正常运行   |  否   |  345000000
==================================================================


======================== 切片硬件状态 ========================
切片号 | 所属安全域 | 当前状态    | 路扩展 | LRU touched
------------------------------------------------------------------
  0    |   域2      | 正常运行   |  是   |  346999998
  1    |   域3      | 正常运行   |  否   |  346999989
  2    |   域2      | 正常运行   |  是   |  346999861
  3    |   域0      | 正常运行   |  否   |  346999999
==================================================================

[动态重分配] 周期347000000：预约迁移 冗余域2(0%) -> 切片0 -> 饥饿域3(22%)
[切片剥夺] 周期347000000：切片0（所属域2）进入待剥夺状态，禁止新替换
[切片剥夺] 周期347000000：切片0在途请求已清空，开始执行脏行写回
[切片剥夺] 周期347000000：切片0无脏行，直接完成剥夺
[切片管理] 周期347000001：原域2仅剩1个切片，关闭路扩展模式
[动态重分配] 周期347000001：切片0写回完成，自动绑定到域3
[切片管理] 成功绑定切片0 → 安全域3，触发【路扩展模式】

======================== 切片硬件状态 ========================
切片号 | 所属安全域 | 当前状态    | 路扩展 | LRU touched
------------------------------------------------------------------
  0    |   域3      | 正常运行   |  是   |  347000001
  1    |   域3      | 正常运行   |  是   |  346999989
  2    |   域2      | 正常运行   |  否   |  347000001
  3    |   域0      | 正常运行   |  否   |  346999999
==================================================================


======================== 切片硬件状态 ========================
切片号 | 所属安全域 | 当前状态    | 路扩展 | LRU touched
------------------------------------------------------------------
  0    |   域3      | 正常运行   |  是   |  349999902
  1    |   域3      | 正常运行   |  是   |  349999997
  2    |   域2      | 正常运行   |  否   |  350000000
  3    |   域0      | 正常运行   |  否   |  350000000
==================================================================

[动态重分配] 周期350000000：预约迁移 冗余域3(0%) -> 切片1 -> 饥饿域2(6%)
[切片剥夺] 周期350000000：切片1（所属域3）进入待剥夺状态，禁止新替换
[切片剥夺] 周期350000000：切片1在途请求已清空，开始执行脏行写回
[切片剥夺] 周期350000000：切片1无脏行，直接完成剥夺
[切片管理] 周期350000001：原域3仅剩1个切片，关闭路扩展模式
[动态重分配] 周期350000001：切片1写回完成，自动绑定到域2
[切片管理] 成功绑定切片1 → 安全域2，触发【路扩展模式】

======================== 切片硬件状态 ========================
切片号 | 所属安全域 | 当前状态    | 路扩展 | LRU touched
------------------------------------------------------------------
  0    |   域3      | 正常运行   |  否   |  349999902
  1    |   域2      | 正常运行   |  是   |  350000001
  2    |   域2      | 正常运行   |  是   |  350000001
  3    |   域0      | 正常运行   |  否   |  350000001
==================================================================


======================== 切片硬件状态 ========================
切片号 | 所属安全域 | 当前状态    | 路扩展 | LRU touched
------------------------------------------------------------------
  0    |   域3      | 正常运行   |  否   |  351000000
  1    |   域2      | 正常运行   |  是   |  350999428
  2    |   域2      | 正常运行   |  是   |  350999999
  3    |   域0      | 正常运行   |  否   |  350999998
==================================================================

[动态重分配] 周期351000000：预约迁移 冗余域2(0%) -> 切片2 -> 饥饿域3(22%)
[切片剥夺] 周期351000000：切片2（所属域2）进入待剥夺状态，禁止新替换
[切片剥夺] 周期351000000：切片2在途请求已清空，开始执行脏行写回
[切片剥夺] 周期351000000：切片2无脏行，直接完成剥夺
[切片管理] 周期351000001：原域2仅剩1个切片，关闭路扩展模式
[动态重分配] 周期351000001：切片2写回完成，自动绑定到域3
[切片管理] 成功绑定切片2 → 安全域3，触发【路扩展模式】

======================== 切片硬件状态 ========================
切片号 | 所属安全域 | 当前状态    | 路扩展 | LRU touched
------------------------------------------------------------------
  0    |   域3      | 正常运行   |  是   |  351000000
  1    |   域2      | 正常运行   |  否   |  351000001
  2    |   域3      | 正常运行   |  是   |  351000001
  3    |   域0      | 正常运行   |  否   |  350999998
==================================================================


======================== 切片硬件状态 ========================
切片号 | 所属安全域 | 当前状态    | 路扩展 | LRU touched
------------------------------------------------------------------
  0    |   域3      | 正常运行   |  是   |  352999998
  1    |   域2      | 正常运行   |  否   |  353000000
  2    |   域3      | 正常运行   |  是   |  352999968
  3    |   域0      | 正常运行   |  否   |  352999995
==================================================================

[动态重分配] 周期353000000：预约迁移 冗余域3(0%) -> 切片0 -> 饥饿域2(6%)
[切片剥夺] 周期353000000：切片0（所属域3）进入待剥夺状态，禁止新替换
[切片剥夺] 周期353000000：切片0在途请求已清空，开始执行脏行写回
[切片剥夺] 周期353000000：切片0无脏行，直接完成剥夺
[切片管理] 周期353000001：原域3仅剩1个切片，关闭路扩展模式
[动态重分配] 周期353000001：切片0写回完成，自动绑定到域2
[切片管理] 成功绑定切片0 → 安全域2，触发【路扩展模式】

======================== 切片硬件状态 ========================
切片号 | 所属安全域 | 当前状态    | 路扩展 | LRU touched
------------------------------------------------------------------
  0    |   域2      | 正常运行   |  是   |  353000001
  1    |   域2      | 正常运行   |  是   |  353000001
  2    |   域3      | 正常运行   |  否   |  352999968
  3    |   域0      | 正常运行   |  否   |  352999995
==================================================================


======================== 切片硬件状态 ========================
切片号 | 所属安全域 | 当前状态    | 路扩展 | LRU touched
------------------------------------------------------------------
  0    |   域2      | 正常运行   |  是   |  356998114
  1    |   域2      | 正常运行   |  是   |  357000000
  2    |   域3      | 正常运行   |  否   |  356999999
  3    |   域0      | 正常运行   |  否   |  356999999
==================================================================

[动态重分配] 周期357000000：预约迁移 冗余域2(0%) -> 切片1 -> 饥饿域3(22%)
[切片剥夺] 周期357000000：切片1（所属域2）进入待剥夺状态，禁止新替换
[切片剥夺] 周期357000000：切片1在途请求已清空，开始执行脏行写回
[切片剥夺] 周期357000000：切片1无脏行，直接完成剥夺
[切片管理] 周期357000001：原域2仅剩1个切片，关闭路扩展模式
[动态重分配] 周期357000001：切片1写回完成，自动绑定到域3
[切片管理] 成功绑定切片1 → 安全域3，触发【路扩展模式】

======================== 切片硬件状态 ========================
切片号 | 所属安全域 | 当前状态    | 路扩展 | LRU touched
------------------------------------------------------------------
  0    |   域2      | 正常运行   |  否   |  356998114
  1    |   域3      | 正常运行   |  是   |  357000001
  2    |   域3      | 正常运行   |  是   |  356999999
  3    |   域0      | 正常运行   |  否   |  356999999
==================================================================


======================== 切片硬件状态 ========================
切片号 | 所属安全域 | 当前状态    | 路扩展 | LRU touched
------------------------------------------------------------------
  0    |   域2      | 正常运行   |  否   |  358000000
  1    |   域3      | 正常运行   |  是   |  357999963
  2    |   域3      | 正常运行   |  是   |  357999993
  3    |   域0      | 正常运行   |  否   |  357999999
==================================================================

[动态重分配] 周期358000000：预约迁移 冗余域3(0%) -> 切片2 -> 饥饿域2(6%)
[切片剥夺] 周期358000000：切片2（所属域3）进入待剥夺状态，禁止新替换
[切片剥夺] 周期358000000：切片2在途请求已清空，开始执行脏行写回
[切片剥夺] 周期358000000：切片2无脏行，直接完成剥夺
[切片管理] 周期358000001：原域3仅剩1个切片，关闭路扩展模式
[动态重分配] 周期358000001：切片2写回完成，自动绑定到域2
[切片管理] 成功绑定切片2 → 安全域2，触发【路扩展模式】

======================== 切片硬件状态 ========================
切片号 | 所属安全域 | 当前状态    | 路扩展 | LRU touched
------------------------------------------------------------------
  0    |   域2      | 正常运行   |  是   |  358000001
  1    |   域3      | 正常运行   |  否   |  357999963
  2    |   域2      | 正常运行   |  是   |  358000001
  3    |   域0      | 正常运行   |  否   |  358000001
==================================================================


======================== 切片硬件状态 ========================
切片号 | 所属安全域 | 当前状态    | 路扩展 | LRU touched
------------------------------------------------------------------
  0    |   域2      | 正常运行   |  是   |  359000000
  1    |   域3      | 正常运行   |  否   |  358999994
  2    |   域2      | 正常运行   |  是   |  358997833
  3    |   域0      | 正常运行   |  否   |  359000000
==================================================================

[动态重分配] 周期359000000：预约迁移 冗余域2(0%) -> 切片0 -> 饥饿域3(21%)
[切片剥夺] 周期359000000：切片0（所属域2）进入待剥夺状态，禁止新替换
[切片剥夺] 周期359000000：切片0在途请求已清空，开始执行脏行写回
[切片剥夺] 周期359000000：切片0无脏行，直接完成剥夺
[切片管理] 周期359000001：原域2仅剩1个切片，关闭路扩展模式
[动态重分配] 周期359000001：切片0写回完成，自动绑定到域3
[切片管理] 成功绑定切片0 → 安全域3，触发【路扩展模式】

======================== 切片硬件状态 ========================
切片号 | 所属安全域 | 当前状态    | 路扩展 | LRU touched
------------------------------------------------------------------
  0    |   域3      | 正常运行   |  是   |  359000001
  1    |   域3      | 正常运行   |  是   |  358999994
  2    |   域2      | 正常运行   |  否   |  358997833
  3    |   域0      | 正常运行   |  否   |  359000000
==================================================================


======================== 切片硬件状态 ========================
切片号 | 所属安全域 | 当前状态    | 路扩展 | LRU touched
------------------------------------------------------------------
  0    |   域3      | 正常运行   |  是   |  362999978
  1    |   域3      | 正常运行   |  是   |  362999985
  2    |   域2      | 正常运行   |  否   |  363000000
  3    |   域0      | 正常运行   |  否   |  362999998
==================================================================

[动态重分配] 周期363000000：预约迁移 冗余域3(0%) -> 切片1 -> 饥饿域2(6%)
[切片剥夺] 周期363000000：切片1（所属域3）进入待剥夺状态，禁止新替换
[切片剥夺] 周期363000000：切片1在途请求已清空，开始执行脏行写回
[切片剥夺] 周期363000000：切片1无脏行，直接完成剥夺
[切片管理] 周期363000001：原域3仅剩1个切片，关闭路扩展模式
[动态重分配] 周期363000001：切片1写回完成，自动绑定到域2
[切片管理] 成功绑定切片1 → 安全域2，触发【路扩展模式】

======================== 切片硬件状态 ========================
切片号 | 所属安全域 | 当前状态    | 路扩展 | LRU touched
------------------------------------------------------------------
  0    |   域3      | 正常运行   |  否   |  363000001
  1    |   域2      | 正常运行   |  是   |  363000001
  2    |   域2      | 正常运行   |  是   |  363000001
  3    |   域0      | 正常运行   |  否   |  362999998
==================================================================


======================== 切片硬件状态 ========================
切片号 | 所属安全域 | 当前状态    | 路扩展 | LRU touched
------------------------------------------------------------------
  0    |   域3      | 正常运行   |  否   |  363999991
  1    |   域2      | 正常运行   |  是   |  363999999
  2    |   域2      | 正常运行   |  是   |  363998533
  3    |   域0      | 正常运行   |  否   |  363999997
==================================================================

[动态重分配] 周期364000000：预约迁移 冗余域2(0%) -> 切片2 -> 饥饿域3(21%)
[切片剥夺] 周期364000000：切片2（所属域2）进入待剥夺状态，禁止新替换
[切片剥夺] 周期364000000：切片2在途请求已清空，开始执行脏行写回
[切片剥夺] 周期364000000：切片2无脏行，直接完成剥夺
[切片管理] 周期364000001：原域2仅剩1个切片，关闭路扩展模式
[动态重分配] 周期364000001：切片2写回完成，自动绑定到域3
[切片管理] 成功绑定切片2 → 安全域3，触发【路扩展模式】

======================== 切片硬件状态 ========================
切片号 | 所属安全域 | 当前状态    | 路扩展 | LRU touched
------------------------------------------------------------------
  0    |   域3      | 正常运行   |  是   |  363999991
  1    |   域2      | 正常运行   |  否   |  364000001
  2    |   域3      | 正常运行   |  是   |  364000001
  3    |   域0      | 正常运行   |  否   |  363999997
==================================================================


======================== 切片硬件状态 ========================
切片号 | 所属安全域 | 当前状态    | 路扩展 | LRU touched
------------------------------------------------------------------
  0    |   域3      | 正常运行   |  是   |  364999996
  1    |   域2      | 正常运行   |  否   |  364999999
  2    |   域3      | 正常运行   |  是   |  364999986
  3    |   域0      | 正常运行   |  否   |  364999996
==================================================================

[动态重分配] 周期365000000：预约迁移 冗余域3(0%) -> 切片0 -> 饥饿域2(6%)
[切片剥夺] 周期365000000：切片0（所属域3）进入待剥夺状态，禁止新替换
[切片剥夺] 周期365000000：切片0在途请求已清空，开始执行脏行写回
[切片剥夺] 周期365000000：切片0无脏行，直接完成剥夺
[切片管理] 周期365000001：原域3仅剩1个切片，关闭路扩展模式
[动态重分配] 周期365000001：切片0写回完成，自动绑定到域2
[切片管理] 成功绑定切片0 → 安全域2，触发【路扩展模式】

======================== 切片硬件状态 ========================
切片号 | 所属安全域 | 当前状态    | 路扩展 | LRU touched
------------------------------------------------------------------
  0    |   域2      | 正常运行   |  是   |  365000001
  1    |   域2      | 正常运行   |  是   |  365000001
  2    |   域3      | 正常运行   |  否   |  364999986
  3    |   域0      | 正常运行   |  否   |  364999996
==================================================================


======================== 切片硬件状态 ========================
切片号 | 所属安全域 | 当前状态    | 路扩展 | LRU touched
------------------------------------------------------------------
  0    |   域2      | 正常运行   |  是   |  368997113
  1    |   域2      | 正常运行   |  是   |  368999999
  2    |   域3      | 正常运行   |  否   |  369000000
  3    |   域0      | 正常运行   |  否   |  368999993
==================================================================

[动态重分配] 周期369000000：预约迁移 冗余域2(0%) -> 切片1 -> 饥饿域3(22%)
[切片剥夺] 周期369000000：切片1（所属域2）进入待剥夺状态，禁止新替换
[切片剥夺] 周期369000000：切片1在途请求已清空，开始执行脏行写回
[切片剥夺] 周期369000000：切片1无脏行，直接完成剥夺
[切片管理] 周期369000001：原域2仅剩1个切片，关闭路扩展模式
[动态重分配] 周期369000001：切片1写回完成，自动绑定到域3
[切片管理] 成功绑定切片1 → 安全域3，触发【路扩展模式】

======================== 切片硬件状态 ========================
切片号 | 所属安全域 | 当前状态    | 路扩展 | LRU touched
------------------------------------------------------------------
  0    |   域2      | 正常运行   |  否   |  369000001
  1    |   域3      | 正常运行   |  是   |  369000001
  2    |   域3      | 正常运行   |  是   |  369000000
  3    |   域0      | 正常运行   |  否   |  368999993
==================================================================


======================== 切片硬件状态 ========================
切片号 | 所属安全域 | 当前状态    | 路扩展 | LRU touched
------------------------------------------------------------------
  0    |   域2      | 正常运行   |  否   |  370000000
  1    |   域3      | 正常运行   |  是   |  369999955
  2    |   域3      | 正常运行   |  是   |  369999991
  3    |   域0      | 正常运行   |  否   |  369999999
==================================================================

[动态重分配] 周期370000000：预约迁移 冗余域3(0%) -> 切片2 -> 饥饿域2(6%)
[切片剥夺] 周期370000000：切片2（所属域3）进入待剥夺状态，禁止新替换
[切片剥夺] 周期370000000：切片2在途请求已清空，开始执行脏行写回
[切片剥夺] 周期370000000：切片2无脏行，直接完成剥夺
[切片管理] 周期370000001：原域3仅剩1个切片，关闭路扩展模式
[动态重分配] 周期370000001：切片2写回完成，自动绑定到域2
[切片管理] 成功绑定切片2 → 安全域2，触发【路扩展模式】

======================== 切片硬件状态 ========================
切片号 | 所属安全域 | 当前状态    | 路扩展 | LRU touched
------------------------------------------------------------------
  0    |   域2      | 正常运行   |  是   |  370000000
  1    |   域3      | 正常运行   |  否   |  369999955
  2    |   域2      | 正常运行   |  是   |  370000001
  3    |   域0      | 正常运行   |  否   |  370000001
==================================================================


======================== 切片硬件状态 ========================
切片号 | 所属安全域 | 当前状态    | 路扩展 | LRU touched
------------------------------------------------------------------
  0    |   域2      | 正常运行   |  是   |  371000000
  1    |   域3      | 正常运行   |  否   |  370999994
  2    |   域2      | 正常运行   |  是   |  370999514
  3    |   域0      | 正常运行   |  否   |  371000000
==================================================================

[动态重分配] 周期371000000：预约迁移 冗余域2(0%) -> 切片0 -> 饥饿域3(21%)
[切片剥夺] 周期371000000：切片0（所属域2）进入待剥夺状态，禁止新替换
[切片剥夺] 周期371000000：切片0在途请求已清空，开始执行脏行写回
[切片剥夺] 周期371000000：切片0无脏行，直接完成剥夺
[切片管理] 周期371000001：原域2仅剩1个切片，关闭路扩展模式
[动态重分配] 周期371000001：切片0写回完成，自动绑定到域3
[切片管理] 成功绑定切片0 → 安全域3，触发【路扩展模式】

======================== 切片硬件状态 ========================
切片号 | 所属安全域 | 当前状态    | 路扩展 | LRU touched
------------------------------------------------------------------
  0    |   域3      | 正常运行   |  是   |  371000001
  1    |   域3      | 正常运行   |  是   |  370999994
  2    |   域2      | 正常运行   |  否   |  371000001
  3    |   域0      | 正常运行   |  否   |  371000000
==================================================================


======================== 切片硬件状态 ========================
切片号 | 所属安全域 | 当前状态    | 路扩展 | LRU touched
------------------------------------------------------------------
  0    |   域3      | 正常运行   |  是   |  374999974
  1    |   域3      | 正常运行   |  是   |  374999995
  2    |   域2      | 正常运行   |  否   |  374999998
  3    |   域0      | 正常运行   |  否   |  374999997
==================================================================

[动态重分配] 周期375000000：预约迁移 冗余域3(0%) -> 切片1 -> 饥饿域2(6%)
[切片剥夺] 周期375000000：切片1（所属域3）进入待剥夺状态，禁止新替换
[切片剥夺] 周期375000000：切片1在途请求已清空，开始执行脏行写回
[切片剥夺] 周期375000000：切片1无脏行，直接完成剥夺
[切片管理] 周期375000001：原域3仅剩1个切片，关闭路扩展模式
[动态重分配] 周期375000001：切片1写回完成，自动绑定到域2
[切片管理] 成功绑定切片1 → 安全域2，触发【路扩展模式】

======================== 切片硬件状态 ========================
切片号 | 所属安全域 | 当前状态    | 路扩展 | LRU touched
------------------------------------------------------------------
  0    |   域3      | 正常运行   |  否   |  374999974
  1    |   域2      | 正常运行   |  是   |  375000001
  2    |   域2      | 正常运行   |  是   |  375000001
  3    |   域0      | 正常运行   |  否   |  375000001
==================================================================


**** Early Exiting at 377793451 Cycles *****
========================================
 SMTSIM Global Statistics
========================================
Threads: 4		Fetch Width: 8
No of useful instructions fetched:	2000000121 (66.17% proc util.)
No of total instructions fetched:	2374590903 (78.57% proc util.)
 includes 51605669 misfetch (2.2%), 322985113 (13.6%) wrong-path fetches
 and 0 flushed after failed lock(0.0%)
No of useful instructions issued/executed:	2000000057 (66.17% proc util.)
No of total instructions issued/executed:	2121503609 (70.19% proc util.)
 includes 121503552 wrong-path (5.7%) insts and 0 flushed (0.0%)
	fp 30752, 0.00%
	synch 0, 0.00%
	integer 1673116125, 78.86%
	load/store 448356732, 21.13%
Avg size of int IQ (before scheduling): 39.35
Avg size of fp IQ (before scheduling): 0.00
No of cycles taken:		377793451
Parallelism [ 1.283, 0.000, 2.422, 1.589,] = 5.294
 IQ conflicts: 3185697 (0.84%), FQ conflicts: 0 (0.00%) 
 I reg conflicts: 42829818 (11.34%), FP reg conflicts: 0 (0.00%)
  Activelist confs: 1659 (0.00%), ROB confs: 323896 (0.09%)
  Int unit conflicts: 1426284446 (377.53%), FP unit conflicts: 7 (0.00%)
  Load/store unit conflicts: 34304840 (9.08%)
  MSHR conflicts: 22286716 (5.90%)
----------------------------------------
==== System-wide Cache Statistics ====
Stall for miss queue full 514 cycles (0.00%)
----------------------------------------
==== Statistics for Master ID: 0 ====
Reads: 380152774   Writes: 66162101
ICACHE: size: 64 KB assoc: 2
ICACHE: hits:215274392 misses:2173854  Hit Ratio: 99.00%
DCACHE: size: 1*16 KB assoc: 1*4
DCACHE: hits:223367781 misses:5499007 writebacks:1817485  Hit Ratio: 97.60%
SCACHE: size: 512 KB assoc: 2
SCACHE: hits:6660561 misses:1012141  Hit Ratio: 86.81%
3CACHE: size: 4096 KB assoc: 2
3CACHE: hits:848853 misses:163288  Hit Ratio: 83.87%
3CACHE: dirty items replaced:39785
ITLB: size: 48, misses 92323, miss rate 0.04%
DTLB: size: 128, misses 134173, miss rate 0.06%
Avg mem delay: 1.396 cycles
----------------------------------------
==== Statistics for Master ID: 2 ====
Reads: 438132882   Writes: 5158
ICACHE: size: 64 KB assoc: 2
ICACHE: hits:255083901 misses:9565  Hit Ratio: 100.00%
DCACHE: size: 2*16 KB assoc: 2*4
DCACHE: hits:177476051 misses:5568764 writebacks:331  Hit Ratio: 96.96%
SCACHE: size: 512 KB assoc: 2
SCACHE: hits:5524783 misses:53305  Hit Ratio: 99.04%
3CACHE: size: 4096 KB assoc: 2
3CACHE: hits:52715 misses:590  Hit Ratio: 98.89%
3CACHE: dirty items replaced:13
ITLB: size: 48, misses 5, miss rate 0.00%
DTLB: size: 128, misses 414, miss rate 0.00%
Avg mem delay: 1.396 cycles
----------------------------------------
==== Statistics for Master ID: 3 ====
Reads: 223649510   Writes: 36
ICACHE: size: 64 KB assoc: 2
ICACHE: hits:187858773 misses:347  Hit Ratio: 100.00%
DCACHE: size: 1*16 KB assoc: 1*4
DCACHE: hits:31372978 misses:4417447 writebacks:14  Hit Ratio: 87.66%
SCACHE: size: 512 KB assoc: 2
SCACHE: hits:4364749 misses:53045  Hit Ratio: 98.80%
3CACHE: size: 4096 KB assoc: 2
3CACHE: hits:50165 misses:2880  Hit Ratio: 94.57%
3CACHE: dirty items replaced:617
ITLB: size: 48, misses 4, miss rate 0.00%
DTLB: size: 128, misses 992, miss rate 0.00%
Avg mem delay: 1.396 cycles
----------------------------------------
==== Global Resource Utilization ====
STASH: size: 65536 entries, full 2415875527, empty 47141811, misses 4203605, full rate 97.92
icache bank util. 0.279 0.222 0.162 0.076 0.080 0.076 0.733 0.136 
dcache bank util. 0.158 0.152 0.158 0.164 0.161 0.204 0.163 0.163 
L2 bank util. 0.032 0.033 0.033 0.033 0.033 0.031 0.032 0.032 
L1-L2 bus util. = 0.155, L3 util. = 0.004
----------------------------------------

======================== 切片硬件状态 ========================
切片号 | 所属安全域 | 当前状态    | 路扩展 | LRU touched
------------------------------------------------------------------
  0    |   域3      | 正常运行   |  否   |  377793444
  1    |   域2      | 正常运行   |  是   |  377793449
  2    |   域2      | 正常运行   |  是   |  377791442
  3    |   域0      | 正常运行   |  否   |  377793450
==================================================================

branch prediction, hits = 273773514, misses = 10860557, hit rate = 96.18%
return_stack prediction, hits = 6142573, misses = 6101, hit rate = 99.90%
jump prediction, hits = 284165836, misses = 13075335, hit rate = 95.60%
total IPC 5.294

=== Results saved to: ./results/gcc-scilab_2_cacheseq_1_randacc_1.txt ===
