===== 执行信息 =====
Cache目录：ssmtc64-200-5%
执行命令：./smtsim ../cacherand.arg2 ../randacc.arg ../recurseq.arg
执行时间：2026-04-16 20:39:52
返回码：0
===== 输出内容 =====
动态重分配参数：每200万周期检查，阈值5
Process 0, Thread 0: cacherand
Process 0, Thread 1: cacherand
Process 2, Thread 2: randacc
Process 3, Thread 3: recurseq
[切片调度] 新安全域0无任何切片，尝试分配空闲切片
[切片管理] 成功绑定切片0 → 安全域0

======================== 切片硬件状态 ========================
切片号 | 所属安全域 | 当前状态    | 路扩展 | LRU touched
------------------------------------------------------------------
  0    |   域0      | 正常运行   |  否   |  0
  1    |   域-1     | 切片空闲   |  否   |  0
  2    |   域-1     | 切片空闲   |  否   |  0
  3    |   域-1     | 切片空闲   |  否   |  0
==================================================================

[切片管理] 成功绑定切片1 → 安全域0，触发【路扩展模式】

======================== 切片硬件状态 ========================
切片号 | 所属安全域 | 当前状态    | 路扩展 | LRU touched
------------------------------------------------------------------
  0    |   域0      | 正常运行   |  是   |  0
  1    |   域0      | 正常运行   |  是   |  0
  2    |   域-1     | 切片空闲   |  否   |  0
  3    |   域-1     | 切片空闲   |  否   |  0
==================================================================

[切片调度] 新安全域2无任何切片，尝试分配空闲切片
[切片管理] 成功绑定切片2 → 安全域2

======================== 切片硬件状态 ========================
切片号 | 所属安全域 | 当前状态    | 路扩展 | LRU touched
------------------------------------------------------------------
  0    |   域0      | 正常运行   |  是   |  323
  1    |   域0      | 正常运行   |  是   |  0
  2    |   域2      | 正常运行   |  否   |  0
  3    |   域-1     | 切片空闲   |  否   |  0
==================================================================

[切片管理] 成功绑定切片3 → 安全域2，触发【路扩展模式】

======================== 切片硬件状态 ========================
切片号 | 所属安全域 | 当前状态    | 路扩展 | LRU touched
------------------------------------------------------------------
  0    |   域0      | 正常运行   |  是   |  323
  1    |   域0      | 正常运行   |  是   |  0
  2    |   域2      | 正常运行   |  是   |  0
  3    |   域2      | 正常运行   |  是   |  0
==================================================================

[切片调度] 新安全域3无任何切片，尝试分配空闲切片
[切片调度] 新安全域3未找到空闲切片，尝试剥夺切片
[切片替换] 优先从【路扩展切片】中选择LRU替换目标...
[切片替换] 找到路扩展切片作为受害者：切片1（最后访问：0）
[切片调度] 安全域3触发切片剥夺：从域0剥夺切片1
[切片剥夺] 周期535：切片1（所属域0）进入待剥夺状态，禁止新替换
[切片剥夺] 周期535：切片1在途请求已清空，开始执行脏行写回
[切片剥夺] 周期535：切片1无脏行，直接完成剥夺
[切片管理] 周期535：原域0仅剩1个切片，关闭路扩展模式
[动态重分配] 周期535：切片1写回完成，自动绑定到域3
[切片管理] 成功绑定切片1 → 安全域3

======================== 切片硬件状态 ========================
切片号 | 所属安全域 | 当前状态    | 路扩展 | LRU touched
------------------------------------------------------------------
  0    |   域0      | 正常运行   |  否   |  323
  1    |   域3      | 正常运行   |  否   |  535
  2    |   域2      | 正常运行   |  是   |  434
  3    |   域2      | 正常运行   |  是   |  0
==================================================================

[切片唤醒] 周期535：域3切片就绪，唤醒等待指令

**** Debug Statistics at 1000000 Cycles *****
Threads: 4		Fetch Width: 8
No of useful instructions fetched:	189778 (2.37% proc util.)
No of total instructions fetched:	191027 (2.39% proc util.)
 includes 199 misfetch (0.1%), 1050 (0.5%) wrong-path fetches
 and 0 flushed after failed lock(0.0%)
No of useful instructions issued/executed:	189778 (2.37% proc util.)
No of total instructions issued/executed:	190441 (2.38% proc util.)
 includes 663 wrong-path (0.3%) insts and 0 flushed (0.0%)
	fp 0, 0.00%
	synch 0, 0.00%
	integer 176797, 92.84%
	load/store 13644, 7.16%
Avg size of int IQ (before scheduling): 1.26
Avg size of fp IQ (before scheduling): 0.00
No of cycles taken:		1000000
Parallelism [ 0.069, 0.000, 0.086, 0.034,] = 0.190
 IQ conflicts: 193 (0.02%), FQ conflicts: 0 (0.00%) 
 I reg conflicts: 6821 (0.68%), FP reg conflicts: 0 (0.00%)
  Activelist confs: 0 (0.00%), ROB confs: 0 (0.00%)
  Int unit conflicts: 370 (0.04%), FP unit conflicts: 0 (0.00%)
  Load/store unit conflicts: 29 (0.00%)
  MSHR conflicts: 0 (0.00%)
----------------------------------------
==== System-wide Cache Statistics ====
Stall for miss queue full 0 cycles (0.00%)
----------------------------------------
==== Statistics for Master ID: 0 ====
Reads: 13014   Writes: 34
ICACHE: size: 64 KB assoc: 2
ICACHE: hits:5274 misses:5127  Hit Ratio: 50.71%
DCACHE: size: 1*16 KB assoc: 1*4
DCACHE: hits:873 misses:1774 writebacks:12  Hit Ratio: 32.98%
SCACHE: size: 512 KB assoc: 2
SCACHE: hits:1018 misses:5883  Hit Ratio: 14.75%
3CACHE: size: 4096 KB assoc: 2
3CACHE: hits:3 misses:5880  Hit Ratio: 0.05%
3CACHE: dirty items replaced:0
ITLB: size: 48, misses 4, miss rate 0.04%
DTLB: size: 128, misses 21, miss rate 0.79%
Avg mem delay: 21.100 cycles
----------------------------------------
==== Statistics for Master ID: 2 ====
Reads: 20798   Writes: 35
ICACHE: size: 64 KB assoc: 2
ICACHE: hits:10465 misses:5125  Hit Ratio: 67.13%
DCACHE: size: 2*16 KB assoc: 2*4
DCACHE: hits:4750 misses:493 writebacks:6  Hit Ratio: 90.60%
SCACHE: size: 512 KB assoc: 2
SCACHE: hits:39 misses:5579  Hit Ratio: 0.69%
3CACHE: size: 4096 KB assoc: 2
3CACHE: hits:4 misses:5575  Hit Ratio: 0.07%
3CACHE: dirty items replaced:0
ITLB: size: 48, misses 4, miss rate 0.03%
DTLB: size: 128, misses 20, miss rate 0.38%
Avg mem delay: 21.100 cycles
----------------------------------------
==== Statistics for Master ID: 3 ====
Reads: 5893   Writes: 5696
ICACHE: size: 64 KB assoc: 2
ICACHE: hits:746 misses:5088  Hit Ratio: 12.79%
DCACHE: size: 1*16 KB assoc: 1*4
DCACHE: hits:5382 misses:372 writebacks:110  Hit Ratio: 93.53%
SCACHE: size: 512 KB assoc: 2
SCACHE: hits:4 misses:5456  Hit Ratio: 0.07%
3CACHE: size: 4096 KB assoc: 2
3CACHE: hits:3 misses:5453  Hit Ratio: 0.05%
3CACHE: dirty items replaced:0
ITLB: size: 48, misses 4, miss rate 0.07%
DTLB: size: 128, misses 13, miss rate 0.23%
Avg mem delay: 21.100 cycles
----------------------------------------
==== Global Resource Utilization ====
STASH: size: 65536 entries, full 190614, empty 674, misses 62, full rate 99.62
icache bank util. 0.010 0.062 0.003 0.000 0.000 0.000 0.000 0.003 
dcache bank util. 0.002 0.002 0.002 0.003 0.002 0.005 0.002 0.002 
L2 bank util. 0.003 0.139 0.003 0.003 0.003 0.003 0.003 0.003 
L1-L2 bus util. = 0.054, L3 util. = 0.169
----------------------------------------

======================== 切片硬件状态 ========================
切片号 | 所属安全域 | 当前状态    | 路扩展 | LRU touched
------------------------------------------------------------------
  0    |   域0      | 正常运行   |  否   |  999723
  1    |   域3      | 正常运行   |  否   |  999852
  2    |   域2      | 正常运行   |  是   |  999815
  3    |   域2      | 正常运行   |  是   |  999427
==================================================================

branch prediction, hits = 13197, misses = 100, hit rate = 99.25%
return_stack prediction, hits = 24, misses = 0, hit rate = 100.00%
jump prediction, hits = 15702, misses = 65, hit rate = 99.59%

======================== 切片硬件状态 ========================
切片号 | 所属安全域 | 当前状态    | 路扩展 | LRU touched
------------------------------------------------------------------
  0    |   域0      | 正常运行   |  否   |  11999940
  1    |   域3      | 正常运行   |  否   |  11999876
  2    |   域2      | 正常运行   |  是   |  11999833
  3    |   域2      | 正常运行   |  是   |  11999445
==================================================================

[动态重分配] 周期12000000：预约迁移 冗余域2(0%) -> 切片2 -> 饥饿域0(67%)
[切片剥夺] 周期12000000：切片2（所属域2）进入待剥夺状态，禁止新替换
[切片剥夺] 周期12000000：切片2在途请求已清空，开始执行脏行写回
[切片管理] 周期12000017：原域2仅剩1个切片，关闭路扩展模式
[动态重分配] 周期12000017：切片2写回完成，自动绑定到域0
[切片管理] 成功绑定切片2 → 安全域0，触发【路扩展模式】

======================== 切片硬件状态 ========================
切片号 | 所属安全域 | 当前状态    | 路扩展 | LRU touched
------------------------------------------------------------------
  0    |   域0      | 正常运行   |  是   |  11999940
  1    |   域3      | 正常运行   |  否   |  11999876
  2    |   域0      | 正常运行   |  是   |  12000017
  3    |   域2      | 正常运行   |  否   |  11999445
==================================================================


**** Debug Statistics at 101000000 Cycles *****
Threads: 4		Fetch Width: 8
No of useful instructions fetched:	30233439 (3.74% proc util.)
No of total instructions fetched:	40234304 (4.98% proc util.)
 includes 213 misfetch (0.0%), 10000652 (24.9%) wrong-path fetches
 and 0 flushed after failed lock(0.0%)
No of useful instructions issued/executed:	30233423 (3.74% proc util.)
No of total instructions issued/executed:	36012662 (4.46% proc util.)
 includes 5779239 wrong-path (16.0%) insts and 0 flushed (0.0%)
	fp 0, 0.00%
	synch 0, 0.00%
	integer 30978184, 86.02%
	load/store 5034478, 13.98%
Avg size of int IQ (before scheduling): 2.47
Avg size of fp IQ (before scheduling): 0.00
No of cycles taken:		101000000
Parallelism [ 0.093, 0.000, 0.115, 0.092,] = 0.299
 IQ conflicts: 24946 (0.02%), FQ conflicts: 0 (0.00%) 
 I reg conflicts: 1009940 (1.00%), FP reg conflicts: 0 (0.00%)
  Activelist confs: 0 (0.00%), ROB confs: 0 (0.00%)
  Int unit conflicts: 1861472 (1.84%), FP unit conflicts: 0 (0.00%)
  Load/store unit conflicts: 1165 (0.00%)
  MSHR conflicts: 0 (0.00%)
----------------------------------------
==== System-wide Cache Statistics ====
Stall for miss queue full 0 cycles (0.00%)
----------------------------------------
==== Statistics for Master ID: 0 ====
Reads: 1932846   Writes: 34
ICACHE: size: 64 KB assoc: 2
ICACHE: hits:1045924 misses:540301  Hit Ratio: 65.94%
DCACHE: size: 2*16 KB assoc: 2*4
DCACHE: hits:220994 misses:125661 writebacks:12  Hit Ratio: 63.75%
SCACHE: size: 512 KB assoc: 2
SCACHE: hits:143156 misses:522806  Hit Ratio: 21.50%
3CACHE: size: 4096 KB assoc: 2
3CACHE: hits:13448 misses:509357  Hit Ratio: 2.57%
3CACHE: dirty items replaced:104
ITLB: size: 48, misses 4, miss rate 0.00%
DTLB: size: 128, misses 21, miss rate 0.01%
Avg mem delay: 1.570 cycles
----------------------------------------
==== Statistics for Master ID: 2 ====
Reads: 2972853   Writes: 35
ICACHE: size: 64 KB assoc: 2
ICACHE: hits:1741772 misses:540920  Hit Ratio: 76.30%
DCACHE: size: 1*16 KB assoc: 1*4
DCACHE: hits:550124 misses:140074 writebacks:13  Hit Ratio: 79.71%
SCACHE: size: 512 KB assoc: 2
SCACHE: hits:159212 misses:521780  Hit Ratio: 23.38%
3CACHE: size: 4096 KB assoc: 2
3CACHE: hits:12086 misses:509694  Hit Ratio: 2.32%
3CACHE: dirty items replaced:108
ITLB: size: 48, misses 4, miss rate 0.00%
DTLB: size: 128, misses 21, miss rate 0.00%
Avg mem delay: 1.570 cycles
----------------------------------------
==== Statistics for Master ID: 3 ====
Reads: 5355216   Writes: 2375958
ICACHE: size: 64 KB assoc: 2
ICACHE: hits:3213536 misses:520010  Hit Ratio: 86.07%
DCACHE: size: 1*16 KB assoc: 1*4
DCACHE: hits:3923893 misses:73734 writebacks:47983  Hit Ratio: 98.16%
SCACHE: size: 512 KB assoc: 2
SCACHE: hits:66937 misses:526807  Hit Ratio: 11.27%
3CACHE: size: 4096 KB assoc: 2
3CACHE: hits:11959 misses:514848  Hit Ratio: 2.27%
3CACHE: dirty items replaced:105
ITLB: size: 48, misses 4, miss rate 0.00%
DTLB: size: 128, misses 75, miss rate 0.00%
Avg mem delay: 1.570 cycles
----------------------------------------
==== Global Resource Utilization ====
STASH: size: 65536 entries, full 41841035, empty 705, misses 63, full rate 100.00
icache bank util. 0.068 0.039 0.004 0.000 0.000 0.000 0.000 0.012 
dcache bank util. 0.005 0.005 0.009 0.021 0.005 0.008 0.005 0.005 
L2 bank util. 0.121 0.024 0.003 0.003 0.002 0.003 0.002 0.002 
L1-L2 bus util. = 0.059, L3 util. = 0.152
----------------------------------------

======================== 切片硬件状态 ========================
切片号 | 所属安全域 | 当前状态    | 路扩展 | LRU touched
------------------------------------------------------------------
  0    |   域0      | 正常运行   |  是   |  100999621
  1    |   域3      | 正常运行   |  否   |  100999895
  2    |   域0      | 正常运行   |  是   |  100999212
  3    |   域2      | 正常运行   |  否   |  100999811
==================================================================

branch prediction, hits = 1485438, misses = 11067, hit rate = 99.26%
return_stack prediction, hits = 4884, misses = 400545, hit rate = 1.20%
jump prediction, hits = 2635002, misses = 72, hit rate = 100.00%

**** Debug Statistics at 201000000 Cycles *****
Threads: 4		Fetch Width: 8
No of useful instructions fetched:	61978232 (3.85% proc util.)
No of total instructions fetched:	83513499 (5.19% proc util.)
 includes 213 misfetch (0.0%), 21535054 (25.8%) wrong-path fetches
 and 0 flushed after failed lock(0.0%)
No of useful instructions issued/executed:	61978232 (3.85% proc util.)
No of total instructions issued/executed:	74420985 (4.63% proc util.)
 includes 12442753 wrong-path (16.7%) insts and 0 flushed (0.0%)
	fp 0, 0.00%
	synch 0, 0.00%
	integer 63815072, 85.75%
	load/store 10605913, 14.25%
Avg size of int IQ (before scheduling): 2.58
Avg size of fp IQ (before scheduling): 0.00
No of cycles taken:		201000000
Parallelism [ 0.095, 0.000, 0.117, 0.097,] = 0.308
 IQ conflicts: 54410 (0.03%), FQ conflicts: 0 (0.00%) 
 I reg conflicts: 2156637 (1.07%), FP reg conflicts: 0 (0.00%)
  Activelist confs: 0 (0.00%), ROB confs: 0 (0.00%)
  Int unit conflicts: 3999221 (1.99%), FP unit conflicts: 0 (0.00%)
  Load/store unit conflicts: 2453 (0.00%)
  MSHR conflicts: 0 (0.00%)
----------------------------------------
==== System-wide Cache Statistics ====
Stall for miss queue full 0 cycles (0.00%)
----------------------------------------
==== Statistics for Master ID: 0 ====
Reads: 3952955   Writes: 34
ICACHE: size: 64 KB assoc: 2
ICACHE: hits:2170457 misses:1077954  Hit Ratio: 66.82%
DCACHE: size: 2*16 KB assoc: 2*4
DCACHE: hits:459279 misses:245299 writebacks:12  Hit Ratio: 65.18%
SCACHE: size: 512 KB assoc: 2
SCACHE: hits:284138 misses:1039115  Hit Ratio: 21.47%
3CACHE: size: 4096 KB assoc: 2
3CACHE: hits:28986 misses:1010129  Hit Ratio: 2.79%
3CACHE: dirty items replaced:245
ITLB: size: 48, misses 4, miss rate 0.00%
DTLB: size: 128, misses 21, miss rate 0.00%
Avg mem delay: 1.505 cycles
----------------------------------------
==== Statistics for Master ID: 2 ====
Reads: 6063235   Writes: 35
ICACHE: size: 64 KB assoc: 2
ICACHE: hits:3582889 misses:1079582  Hit Ratio: 76.85%
DCACHE: size: 1*16 KB assoc: 1*4
DCACHE: hits:1104422 misses:296379 writebacks:13  Hit Ratio: 78.84%
SCACHE: size: 512 KB assoc: 2
SCACHE: hits:339164 misses:1036795  Hit Ratio: 24.65%
3CACHE: size: 4096 KB assoc: 2
3CACHE: hits:25807 misses:1010988  Hit Ratio: 2.49%
3CACHE: dirty items replaced:244
ITLB: size: 48, misses 4, miss rate 0.00%
DTLB: size: 128, misses 21, miss rate 0.00%
Avg mem delay: 1.505 cycles
----------------------------------------
==== Statistics for Master ID: 3 ====
Reads: 11414780   Writes: 5029064
ICACHE: size: 64 KB assoc: 2
ICACHE: hits:6908589 misses:1034718  Hit Ratio: 86.97%
DCACHE: size: 1*16 KB assoc: 1*4
DCACHE: hits:8347622 misses:152914 writebacks:98082  Hit Ratio: 98.20%
SCACHE: size: 512 KB assoc: 2
SCACHE: hits:144190 misses:1043442  Hit Ratio: 12.14%
3CACHE: size: 4096 KB assoc: 2
3CACHE: hits:25297 misses:1018144  Hit Ratio: 2.42%
3CACHE: dirty items replaced:235
ITLB: size: 48, misses 4, miss rate 0.00%
DTLB: size: 128, misses 75, miss rate 0.00%
Avg mem delay: 1.505 cycles
----------------------------------------
==== Global Resource Utilization ====
STASH: size: 65536 entries, full 86953592, empty 705, misses 63, full rate 100.00
icache bank util. 0.072 0.037 0.004 0.000 0.000 0.000 0.000 0.013 
dcache bank util. 0.005 0.005 0.010 0.022 0.005 0.008 0.005 0.005 
L2 bank util. 0.130 0.015 0.003 0.003 0.003 0.003 0.002 0.002 
L1-L2 bus util. = 0.059, L3 util. = 0.151
----------------------------------------

======================== 切片硬件状态 ========================
切片号 | 所属安全域 | 当前状态    | 路扩展 | LRU touched
------------------------------------------------------------------
  0    |   域0      | 正常运行   |  是   |  200999461
  1    |   域3      | 正常运行   |  否   |  200999978
  2    |   域0      | 正常运行   |  是   |  200999848
  3    |   域2      | 正常运行   |  否   |  200999863
==================================================================

branch prediction, hits = 2993629, misses = 22459, hit rate = 99.26%
return_stack prediction, hits = 10428, misses = 857463, hit rate = 1.20%
jump prediction, hits = 5418026, misses = 72, hit rate = 100.00%

**** Debug Statistics at 301000000 Cycles *****
Threads: 4		Fetch Width: 8
No of useful instructions fetched:	93638347 (3.89% proc util.)
No of total instructions fetched:	126513544 (5.25% proc util.)
 includes 213 misfetch (0.0%), 32874984 (26.0%) wrong-path fetches
 and 0 flushed after failed lock(0.0%)
No of useful instructions issued/executed:	93638347 (3.89% proc util.)
No of total instructions issued/executed:	112639834 (4.68% proc util.)
 includes 19001487 wrong-path (16.9%) insts and 0 flushed (0.0%)
	fp 0, 0.00%
	synch 0, 0.00%
	integer 96501231, 85.67%
	load/store 16138603, 14.33%
Avg size of int IQ (before scheduling): 2.62
Avg size of fp IQ (before scheduling): 0.00
No of cycles taken:		301000000
Parallelism [ 0.095, 0.000, 0.118, 0.098,] = 0.311
 IQ conflicts: 83811 (0.03%), FQ conflicts: 0 (0.00%) 
 I reg conflicts: 3289437 (1.09%), FP reg conflicts: 0 (0.00%)
  Activelist confs: 0 (0.00%), ROB confs: 0 (0.00%)
  Int unit conflicts: 6124716 (2.03%), FP unit conflicts: 0 (0.00%)
  Load/store unit conflicts: 3819 (0.00%)
  MSHR conflicts: 0 (0.00%)
----------------------------------------
==== System-wide Cache Statistics ====
Stall for miss queue full 0 cycles (0.00%)
----------------------------------------
==== Statistics for Master ID: 0 ====
Reads: 5963539   Writes: 34
ICACHE: size: 64 KB assoc: 2
ICACHE: hits:3287034 misses:1615347  Hit Ratio: 67.05%
DCACHE: size: 2*16 KB assoc: 2*4
DCACHE: hits:696828 misses:364364 writebacks:12  Hit Ratio: 65.66%
SCACHE: size: 512 KB assoc: 2
SCACHE: hits:424479 misses:1555232  Hit Ratio: 21.44%
3CACHE: size: 4096 KB assoc: 2
3CACHE: hits:44319 misses:1510913  Hit Ratio: 2.85%
3CACHE: dirty items replaced:380
ITLB: size: 48, misses 4, miss rate 0.00%
DTLB: size: 128, misses 21, miss rate 0.00%
Avg mem delay: 1.486 cycles
----------------------------------------
==== Statistics for Master ID: 2 ====
Reads: 9149308   Writes: 35
ICACHE: size: 64 KB assoc: 2
ICACHE: hits:5421049 misses:1617462  Hit Ratio: 77.02%
DCACHE: size: 1*16 KB assoc: 1*4
DCACHE: hits:1658192 misses:452642 writebacks:13  Hit Ratio: 78.56%
SCACHE: size: 512 KB assoc: 2
SCACHE: hits:518371 misses:1551731  Hit Ratio: 25.04%
3CACHE: size: 4096 KB assoc: 2
3CACHE: hits:39504 misses:1512227  Hit Ratio: 2.55%
3CACHE: dirty items replaced:370
ITLB: size: 48, misses 4, miss rate 0.00%
DTLB: size: 128, misses 21, miss rate 0.00%
Avg mem delay: 1.486 cycles
----------------------------------------
==== Statistics for Master ID: 3 ====
Reads: 17426289   Writes: 7652594
ICACHE: size: 64 KB assoc: 2
ICACHE: hits:10563111 misses:1549192  Hit Ratio: 87.21%
DCACHE: size: 1*16 KB assoc: 1*4
DCACHE: hits:12734817 misses:231762 writebacks:147971  Hit Ratio: 98.21%
SCACHE: size: 512 KB assoc: 2
SCACHE: hits:221104 misses:1559850  Hit Ratio: 12.41%
3CACHE: size: 4096 KB assoc: 2
3CACHE: hits:38345 misses:1521505  Hit Ratio: 2.46%
3CACHE: dirty items replaced:361
ITLB: size: 48, misses 4, miss rate 0.00%
DTLB: size: 128, misses 75, miss rate 0.00%
Avg mem delay: 1.486 cycles
----------------------------------------
==== Global Resource Utilization ====
STASH: size: 65536 entries, full 131779307, empty 705, misses 63, full rate 100.00
icache bank util. 0.074 0.037 0.004 0.000 0.000 0.000 0.000 0.013 
dcache bank util. 0.005 0.005 0.010 0.023 0.005 0.009 0.005 0.005 
L2 bank util. 0.132 0.012 0.003 0.003 0.003 0.003 0.002 0.002 
L1-L2 bus util. = 0.060, L3 util. = 0.151
----------------------------------------

======================== 切片硬件状态 ========================
切片号 | 所属安全域 | 当前状态    | 路扩展 | LRU touched
------------------------------------------------------------------
  0    |   域0      | 正常运行   |  是   |  300999651
  1    |   域3      | 正常运行   |  否   |  300999898
  2    |   域0      | 正常运行   |  是   |  300999265
  3    |   域2      | 正常运行   |  否   |  300999931
==================================================================

branch prediction, hits = 4498176, misses = 33840, hit rate = 99.25%
return_stack prediction, hits = 15948, misses = 1312403, hit rate = 1.20%
jump prediction, hits = 8193350, misses = 72, hit rate = 100.00%

**** Debug Statistics at 401000000 Cycles *****
Threads: 4		Fetch Width: 8
No of useful instructions fetched:	125540191 (3.91% proc util.)
No of total instructions fetched:	170313825 (5.31% proc util.)
 includes 213 misfetch (0.0%), 44773421 (26.3%) wrong-path fetches
 and 0 flushed after failed lock(0.0%)
No of useful instructions issued/executed:	125540176 (3.91% proc util.)
No of total instructions issued/executed:	151401847 (4.72% proc util.)
 includes 25861671 wrong-path (17.1%) insts and 0 flushed (0.0%)
	fp 0, 0.00%
	synch 0, 0.00%
	integer 129609901, 85.61%
	load/store 21791946, 14.39%
Avg size of int IQ (before scheduling): 2.64
Avg size of fp IQ (before scheduling): 0.00
No of cycles taken:		401000000
Parallelism [ 0.096, 0.000, 0.118, 0.100,] = 0.313
 IQ conflicts: 113497 (0.03%), FQ conflicts: 0 (0.00%) 
 I reg conflicts: 4432656 (1.11%), FP reg conflicts: 0 (0.00%)
  Activelist confs: 0 (0.00%), ROB confs: 0 (0.00%)
  Int unit conflicts: 8293100 (2.07%), FP unit conflicts: 0 (0.00%)
  Load/store unit conflicts: 5073 (0.00%)
  MSHR conflicts: 0 (0.00%)
----------------------------------------
==== System-wide Cache Statistics ====
Stall for miss queue full 0 cycles (0.00%)
----------------------------------------
==== Statistics for Master ID: 0 ====
Reads: 7994892   Writes: 34
ICACHE: size: 64 KB assoc: 2
ICACHE: hits:4421276 misses:2153571  Hit Ratio: 67.25%
DCACHE: size: 2*16 KB assoc: 2*4
DCACHE: hits:935439 misses:484640 writebacks:12  Hit Ratio: 65.87%
SCACHE: size: 512 KB assoc: 2
SCACHE: hits:566869 misses:2071341  Hit Ratio: 21.49%
3CACHE: size: 4096 KB assoc: 2
3CACHE: hits:60059 misses:2011282  Hit Ratio: 2.90%
3CACHE: dirty items replaced:517
ITLB: size: 48, misses 4, miss rate 0.00%
DTLB: size: 128, misses 21, miss rate 0.00%
Avg mem delay: 1.473 cycles
----------------------------------------
==== Statistics for Master ID: 2 ====
Reads: 12241292   Writes: 35
ICACHE: size: 64 KB assoc: 2
ICACHE: hits:7262845 misses:2156477  Hit Ratio: 77.11%
DCACHE: size: 1*16 KB assoc: 1*4
DCACHE: hits:2212623 misses:609384 writebacks:13  Hit Ratio: 78.41%
SCACHE: size: 512 KB assoc: 2
SCACHE: hits:699261 misses:2066598  Hit Ratio: 25.28%
3CACHE: size: 4096 KB assoc: 2
3CACHE: hits:53392 misses:2013206  Hit Ratio: 2.58%
3CACHE: dirty items replaced:495
ITLB: size: 48, misses 4, miss rate 0.00%
DTLB: size: 128, misses 21, miss rate 0.00%
Avg mem delay: 1.473 cycles
----------------------------------------
==== Statistics for Master ID: 3 ====
Reads: 23596415   Writes: 10363609
ICACHE: size: 64 KB assoc: 2
ICACHE: hits:14346606 misses:2063555  Hit Ratio: 87.43%
DCACHE: size: 1*16 KB assoc: 1*4
DCACHE: hits:17237890 misses:311972 writebacks:198721  Hit Ratio: 98.22%
SCACHE: size: 512 KB assoc: 2
SCACHE: hits:299388 misses:2076139  Hit Ratio: 12.60%
3CACHE: size: 4096 KB assoc: 2
3CACHE: hits:51628 misses:2024511  Hit Ratio: 2.49%
3CACHE: dirty items replaced:488
ITLB: size: 48, misses 4, miss rate 0.00%
DTLB: size: 128, misses 75, miss rate 0.00%
Avg mem delay: 1.473 cycles
----------------------------------------
==== Global Resource Utilization ====
STASH: size: 65536 entries, full 177436244, empty 705, misses 63, full rate 100.00
icache bank util. 0.074 0.037 0.004 0.000 0.000 0.000 0.000 0.013 
dcache bank util. 0.005 0.005 0.010 0.023 0.005 0.009 0.005 0.005 
L2 bank util. 0.134 0.011 0.003 0.003 0.003 0.003 0.002 0.003 
L1-L2 bus util. = 0.060, L3 util. = 0.151
----------------------------------------

======================== 切片硬件状态 ========================
切片号 | 所属安全域 | 当前状态    | 路扩展 | LRU touched
------------------------------------------------------------------
  0    |   域0      | 正常运行   |  是   |  400999627
  1    |   域3      | 正常运行   |  否   |  400999828
  2    |   域0      | 正常运行   |  是   |  400999227
  3    |   域2      | 正常运行   |  否   |  400999873
==================================================================

branch prediction, hits = 6013326, misses = 45245, hit rate = 99.25%
return_stack prediction, hits = 21564, misses = 1775255, hit rate = 1.20%
jump prediction, hits = 10995090, misses = 72, hit rate = 100.00%

**** Debug Statistics at 501000000 Cycles *****
Threads: 4		Fetch Width: 8
No of useful instructions fetched:	157229981 (3.92% proc util.)
No of total instructions fetched:	213561625 (5.33% proc util.)
 includes 213 misfetch (0.0%), 56331431 (26.4%) wrong-path fetches
 and 0 flushed after failed lock(0.0%)
No of useful instructions issued/executed:	157229975 (3.92% proc util.)
No of total instructions issued/executed:	189762248 (4.73% proc util.)
 includes 32532273 wrong-path (17.1%) insts and 0 flushed (0.0%)
	fp 0, 0.00%
	synch 0, 0.00%
	integer 162401261, 85.58%
	load/store 27360987, 14.42%
Avg size of int IQ (before scheduling): 2.65
Avg size of fp IQ (before scheduling): 0.00
No of cycles taken:		501000000
Parallelism [ 0.096, 0.000, 0.118, 0.100,] = 0.314
 IQ conflicts: 142591 (0.03%), FQ conflicts: 0 (0.00%) 
 I reg conflicts: 5549885 (1.11%), FP reg conflicts: 0 (0.00%)
  Activelist confs: 0 (0.00%), ROB confs: 0 (0.00%)
  Int unit conflicts: 10424758 (2.08%), FP unit conflicts: 0 (0.00%)
  Load/store unit conflicts: 6369 (0.00%)
  MSHR conflicts: 0 (0.00%)
----------------------------------------
==== System-wide Cache Statistics ====
Stall for miss queue full 0 cycles (0.00%)
----------------------------------------
==== Statistics for Master ID: 0 ====
Reads: 10008233   Writes: 34
ICACHE: size: 64 KB assoc: 2
ICACHE: hits:5539105 misses:2691571  Hit Ratio: 67.30%
DCACHE: size: 2*16 KB assoc: 2*4
DCACHE: hits:1173675 misses:603916 writebacks:12  Hit Ratio: 66.03%
SCACHE: size: 512 KB assoc: 2
SCACHE: hits:707500 misses:2587987  Hit Ratio: 21.47%
3CACHE: size: 4096 KB assoc: 2
3CACHE: hits:75653 misses:2512334  Hit Ratio: 2.92%
3CACHE: dirty items replaced:655
ITLB: size: 48, misses 4, miss rate 0.00%
DTLB: size: 128, misses 21, miss rate 0.00%
Avg mem delay: 1.467 cycles
----------------------------------------
==== Statistics for Master ID: 2 ====
Reads: 15322912   Writes: 35
ICACHE: size: 64 KB assoc: 2
ICACHE: hits:9097477 misses:2695306  Hit Ratio: 77.14%
DCACHE: size: 1*16 KB assoc: 1*4
DCACHE: hits:2764691 misses:765475 writebacks:13  Hit Ratio: 78.32%
SCACHE: size: 512 KB assoc: 2
SCACHE: hits:878933 misses:2581846  Hit Ratio: 25.40%
3CACHE: size: 4096 KB assoc: 2
3CACHE: hits:66991 misses:2514854  Hit Ratio: 2.59%
3CACHE: dirty items replaced:623
ITLB: size: 48, misses 4, miss rate 0.00%
DTLB: size: 128, misses 21, miss rate 0.00%
Avg mem delay: 1.467 cycles
----------------------------------------
==== Statistics for Master ID: 3 ====
Reads: 29658255   Writes: 13017507
ICACHE: size: 64 KB assoc: 2
ICACHE: hits:18044159 misses:2578370  Hit Ratio: 87.50%
DCACHE: size: 1*16 KB assoc: 1*4
DCACHE: hits:21662040 misses:391192 writebacks:248863  Hit Ratio: 98.23%
SCACHE: size: 512 KB assoc: 2
SCACHE: hits:376569 misses:2592993  Hit Ratio: 12.68%
3CACHE: size: 4096 KB assoc: 2
3CACHE: hits:64824 misses:2528169  Hit Ratio: 2.50%
3CACHE: dirty items replaced:618
ITLB: size: 48, misses 4, miss rate 0.00%
DTLB: size: 128, misses 75, miss rate 0.00%
Avg mem delay: 1.467 cycles
----------------------------------------
==== Global Resource Utilization ====
STASH: size: 65536 entries, full 222517298, empty 705, misses 63, full rate 100.00
icache bank util. 0.075 0.037 0.004 0.000 0.000 0.000 0.000 0.013 
dcache bank util. 0.005 0.005 0.010 0.023 0.005 0.009 0.005 0.005 
L2 bank util. 0.135 0.010 0.003 0.003 0.003 0.003 0.002 0.003 
L1-L2 bus util. = 0.060, L3 util. = 0.151
----------------------------------------

======================== 切片硬件状态 ========================
切片号 | 所属安全域 | 当前状态    | 路扩展 | LRU touched
------------------------------------------------------------------
  0    |   域0      | 正常运行   |  是   |  500999701
  1    |   域3      | 正常运行   |  否   |  500999950
  2    |   域0      | 正常运行   |  是   |  500998929
  3    |   域2      | 正常运行   |  否   |  500999786
==================================================================

branch prediction, hits = 7518580, misses = 56599, hit rate = 99.25%
return_stack prediction, hits = 27108, misses = 2232173, hit rate = 1.20%
jump prediction, hits = 13773840, misses = 72, hit rate = 100.00%

**** Debug Statistics at 601000000 Cycles *****
Threads: 4		Fetch Width: 8
No of useful instructions fetched:	188520050 (3.92% proc util.)
No of total instructions fetched:	255987891 (5.32% proc util.)
 includes 213 misfetch (0.0%), 67467628 (26.4%) wrong-path fetches
 and 0 flushed after failed lock(0.0%)
No of useful instructions issued/executed:	188520050 (3.92% proc util.)
No of total instructions issued/executed:	227495829 (4.73% proc util.)
 includes 38975779 wrong-path (17.1%) insts and 0 flushed (0.0%)
	fp 0, 0.00%
	synch 0, 0.00%
	integer 194686039, 85.58%
	load/store 32809790, 14.42%
Avg size of int IQ (before scheduling): 2.65
Avg size of fp IQ (before scheduling): 0.00
No of cycles taken:		601000000
Parallelism [ 0.096, 0.000, 0.118, 0.100,] = 0.314
 IQ conflicts: 171435 (0.03%), FQ conflicts: 0 (0.00%) 
 I reg conflicts: 6656889 (1.11%), FP reg conflicts: 0 (0.00%)
  Activelist confs: 0 (0.00%), ROB confs: 0 (0.00%)
  Int unit conflicts: 12501578 (2.08%), FP unit conflicts: 0 (0.00%)
  Load/store unit conflicts: 7579 (0.00%)
  MSHR conflicts: 0 (0.00%)
----------------------------------------
==== System-wide Cache Statistics ====
Stall for miss queue full 0 cycles (0.00%)
----------------------------------------
==== Statistics for Master ID: 0 ====
Reads: 11991755   Writes: 34
ICACHE: size: 64 KB assoc: 2
ICACHE: hits:6632771 misses:3228150  Hit Ratio: 67.26%
DCACHE: size: 2*16 KB assoc: 2*4
DCACHE: hits:1408870 misses:721998 writebacks:12  Hit Ratio: 66.12%
SCACHE: size: 512 KB assoc: 2
SCACHE: hits:845832 misses:3104316  Hit Ratio: 21.41%
3CACHE: size: 4096 KB assoc: 2
3CACHE: hits:90862 misses:3013454  Hit Ratio: 2.93%
3CACHE: dirty items replaced:775
ITLB: size: 48, misses 4, miss rate 0.00%
DTLB: size: 128, misses 21, miss rate 0.00%
Avg mem delay: 1.466 cycles
----------------------------------------
==== Statistics for Master ID: 2 ====
Reads: 18371395   Writes: 35
ICACHE: size: 64 KB assoc: 2
ICACHE: hits:10905755 misses:3232599  Hit Ratio: 77.14%
DCACHE: size: 1*16 KB assoc: 1*4
DCACHE: hits:3312797 misses:920281 writebacks:13  Hit Ratio: 78.26%
SCACHE: size: 512 KB assoc: 2
SCACHE: hits:1056038 misses:3096840  Hit Ratio: 25.43%
3CACHE: size: 4096 KB assoc: 2
3CACHE: hits:80366 misses:3016473  Hit Ratio: 2.60%
3CACHE: dirty items replaced:740
ITLB: size: 48, misses 4, miss rate 0.00%
DTLB: size: 128, misses 21, miss rate 0.00%
Avg mem delay: 1.466 cycles
----------------------------------------
==== Statistics for Master ID: 3 ====
Reads: 35563735   Writes: 15596673
ICACHE: size: 64 KB assoc: 2
ICACHE: hits:21621611 misses:3092950  Hit Ratio: 87.49%
DCACHE: size: 1*16 KB assoc: 1*4
DCACHE: hits:25977018 misses:468828 writebacks:297983  Hit Ratio: 98.23%
SCACHE: size: 512 KB assoc: 2
SCACHE: hits:452096 misses:3109682  Hit Ratio: 12.69%
3CACHE: size: 4096 KB assoc: 2
3CACHE: hits:77913 misses:3031769  Hit Ratio: 2.51%
3CACHE: dirty items replaced:736
ITLB: size: 48, misses 4, miss rate 0.00%
DTLB: size: 128, misses 75, miss rate 0.00%
Avg mem delay: 1.466 cycles
----------------------------------------
==== Global Resource Utilization ====
STASH: size: 65536 entries, full 266741106, empty 705, misses 63, full rate 100.00
icache bank util. 0.075 0.036 0.004 0.000 0.000 0.000 0.000 0.013 
dcache bank util. 0.005 0.005 0.010 0.023 0.005 0.009 0.005 0.005 
L2 bank util. 0.135 0.010 0.003 0.003 0.003 0.003 0.002 0.003 
L1-L2 bus util. = 0.060, L3 util. = 0.151
----------------------------------------

======================== 切片硬件状态 ========================
切片号 | 所属安全域 | 当前状态    | 路扩展 | LRU touched
------------------------------------------------------------------
  0    |   域0      | 正常运行   |  是   |  600999388
  1    |   域3      | 正常运行   |  否   |  600999939
  2    |   域0      | 正常运行   |  是   |  600999788
  3    |   域2      | 正常运行   |  否   |  600999983
==================================================================

branch prediction, hits = 9005550, misses = 67863, hit rate = 99.25%
return_stack prediction, hits = 32544, misses = 2680190, hit rate = 1.20%
jump prediction, hits = 16513719, misses = 72, hit rate = 100.00%

**** Debug Statistics at 701000000 Cycles *****
Threads: 4		Fetch Width: 8
No of useful instructions fetched:	219603535 (3.92% proc util.)
No of total instructions fetched:	297860154 (5.31% proc util.)
 includes 213 misfetch (0.0%), 78256406 (26.3%) wrong-path fetches
 and 0 flushed after failed lock(0.0%)
No of useful instructions issued/executed:	219603535 (3.92% proc util.)
No of total instructions issued/executed:	264826336 (4.72% proc util.)
 includes 45222801 wrong-path (17.1%) insts and 0 flushed (0.0%)
	fp 0, 0.00%
	synch 0, 0.00%
	integer 226646065, 85.58%
	load/store 38180271, 14.42%
Avg size of int IQ (before scheduling): 2.65
Avg size of fp IQ (before scheduling): 0.00
No of cycles taken:		701000000
Parallelism [ 0.096, 0.000, 0.118, 0.100,] = 0.313
 IQ conflicts: 199026 (0.03%), FQ conflicts: 0 (0.00%) 
 I reg conflicts: 7746845 (1.11%), FP reg conflicts: 0 (0.00%)
  Activelist confs: 0 (0.00%), ROB confs: 0 (0.00%)
  Int unit conflicts: 14528385 (2.07%), FP unit conflicts: 0 (0.00%)
  Load/store unit conflicts: 8844 (0.00%)
  MSHR conflicts: 0 (0.00%)
----------------------------------------
==== System-wide Cache Statistics ====
Stall for miss queue full 0 cycles (0.00%)
----------------------------------------
==== Statistics for Master ID: 0 ====
Reads: 13966466   Writes: 34
ICACHE: size: 64 KB assoc: 2
ICACHE: hits:7720032 misses:3764008  Hit Ratio: 67.22%
DCACHE: size: 2*16 KB assoc: 2*4
DCACHE: hits:1643055 misses:839405 writebacks:12  Hit Ratio: 66.19%
SCACHE: size: 512 KB assoc: 2
SCACHE: hits:982681 misses:3620732  Hit Ratio: 21.35%
3CACHE: size: 4096 KB assoc: 2
3CACHE: hits:105803 misses:3514929  Hit Ratio: 2.92%
3CACHE: dirty items replaced:920
ITLB: size: 48, misses 4, miss rate 0.00%
DTLB: size: 128, misses 21, miss rate 0.00%
Avg mem delay: 1.466 cycles
----------------------------------------
==== Statistics for Master ID: 2 ====
Reads: 21398598   Writes: 35
ICACHE: size: 64 KB assoc: 2
ICACHE: hits:12697287 misses:3769018  Hit Ratio: 77.11%
DCACHE: size: 1*16 KB assoc: 1*4
DCACHE: hits:3858063 misses:1074267 writebacks:13  Hit Ratio: 78.22%
SCACHE: size: 512 KB assoc: 2
SCACHE: hits:1231132 misses:3612151  Hit Ratio: 25.42%
3CACHE: size: 4096 KB assoc: 2
3CACHE: hits:93696 misses:3518455  Hit Ratio: 2.59%
3CACHE: dirty items replaced:872
ITLB: size: 48, misses 4, miss rate 0.00%
DTLB: size: 128, misses 21, miss rate 0.00%
Avg mem delay: 1.466 cycles
----------------------------------------
==== Statistics for Master ID: 3 ====
Reads: 41367856   Writes: 18121348
ICACHE: size: 64 KB assoc: 2
ICACHE: hits:25116230 misses:3607490  Hit Ratio: 87.44%
DCACHE: size: 1*16 KB assoc: 1*4
DCACHE: hits:30219842 misses:545641 writebacks:346594  Hit Ratio: 98.23%
SCACHE: size: 512 KB assoc: 2
SCACHE: hits:526473 misses:3626658  Hit Ratio: 12.68%
3CACHE: size: 4096 KB assoc: 2
3CACHE: hits:91013 misses:3535645  Hit Ratio: 2.51%
3CACHE: dirty items replaced:871
ITLB: size: 48, misses 4, miss rate 0.00%
DTLB: size: 128, misses 75, miss rate 0.00%
Avg mem delay: 1.466 cycles
----------------------------------------
==== Global Resource Utilization ====
STASH: size: 65536 entries, full 310391586, empty 705, misses 63, full rate 100.00
icache bank util. 0.075 0.036 0.004 0.000 0.000 0.000 0.000 0.013 
dcache bank util. 0.005 0.005 0.010 0.023 0.005 0.009 0.005 0.005 
L2 bank util. 0.136 0.009 0.003 0.003 0.003 0.003 0.002 0.002 
L1-L2 bus util. = 0.060, L3 util. = 0.151
----------------------------------------

======================== 切片硬件状态 ========================
切片号 | 所属安全域 | 当前状态    | 路扩展 | LRU touched
------------------------------------------------------------------
  0    |   域0      | 正常运行   |  是   |  700999968
  1    |   域3      | 正常运行   |  否   |  700999829
  2    |   域0      | 正常运行   |  是   |  700999196
  3    |   域2      | 正常运行   |  否   |  700999862
==================================================================

branch prediction, hits = 10482835, misses = 79066, hit rate = 99.25%
return_stack prediction, hits = 37920, misses = 3123262, hit rate = 1.20%
jump prediction, hits = 19232628, misses = 72, hit rate = 100.00%

**** Debug Statistics at 801000000 Cycles *****
Threads: 4		Fetch Width: 8
No of useful instructions fetched:	251165792 (3.92% proc util.)
No of total instructions fetched:	340768314 (5.32% proc util.)
 includes 213 misfetch (0.0%), 89602309 (26.3%) wrong-path fetches
 and 0 flushed after failed lock(0.0%)
No of useful instructions issued/executed:	251165774 (3.92% proc util.)
No of total instructions issued/executed:	302946594 (4.73% proc util.)
 includes 51780820 wrong-path (17.1%) insts and 0 flushed (0.0%)
	fp 0, 0.00%
	synch 0, 0.00%
	integer 259247871, 85.58%
	load/store 43698723, 14.42%
Avg size of int IQ (before scheduling): 2.65
Avg size of fp IQ (before scheduling): 0.00
No of cycles taken:		801000000
Parallelism [ 0.096, 0.000, 0.118, 0.100,] = 0.314
 IQ conflicts: 228530 (0.03%), FQ conflicts: 0 (0.00%) 
 I reg conflicts: 8872702 (1.11%), FP reg conflicts: 0 (0.00%)
  Activelist confs: 0 (0.00%), ROB confs: 0 (0.00%)
  Int unit conflicts: 16637862 (2.08%), FP unit conflicts: 0 (0.00%)
  Load/store unit conflicts: 10101 (0.00%)
  MSHR conflicts: 0 (0.00%)
----------------------------------------
==== System-wide Cache Statistics ====
Stall for miss queue full 0 cycles (0.00%)
----------------------------------------
==== Statistics for Master ID: 0 ====
Reads: 15970161   Writes: 34
ICACHE: size: 64 KB assoc: 2
ICACHE: hits:8830266 misses:4301299  Hit Ratio: 67.24%
DCACHE: size: 2*16 KB assoc: 2*4
DCACHE: hits:1880229 misses:958401 writebacks:12  Hit Ratio: 66.24%
SCACHE: size: 512 KB assoc: 2
SCACHE: hits:1122411 misses:4137288  Hit Ratio: 21.34%
3CACHE: size: 4096 KB assoc: 2
3CACHE: hits:121327 misses:4015961  Hit Ratio: 2.93%
3CACHE: dirty items replaced:1069
ITLB: size: 48, misses 4, miss rate 0.00%
DTLB: size: 128, misses 21, miss rate 0.00%
Avg mem delay: 1.465 cycles
----------------------------------------
==== Statistics for Master ID: 2 ====
Reads: 24469096   Writes: 35
ICACHE: size: 64 KB assoc: 2
ICACHE: hits:14522560 misses:4307110  Hit Ratio: 77.13%
DCACHE: size: 1*16 KB assoc: 1*4
DCACHE: hits:4409398 misses:1230065 writebacks:13  Hit Ratio: 78.19%
SCACHE: size: 512 KB assoc: 2
SCACHE: hits:1409718 misses:4127455  Hit Ratio: 25.46%
3CACHE: size: 4096 KB assoc: 2
3CACHE: hits:107482 misses:4019973  Hit Ratio: 2.60%
3CACHE: dirty items replaced:1017
ITLB: size: 48, misses 4, miss rate 0.00%
DTLB: size: 128, misses 21, miss rate 0.00%
Avg mem delay: 1.465 cycles
----------------------------------------
==== Statistics for Master ID: 3 ====
Reads: 47362029   Writes: 20740420
ICACHE: size: 64 KB assoc: 2
ICACHE: hits:28759661 misses:4122155  Hit Ratio: 87.46%
DCACHE: size: 1*16 KB assoc: 1*4
DCACHE: hits:34596301 misses:624331 writebacks:396392  Hit Ratio: 98.23%
SCACHE: size: 512 KB assoc: 2
SCACHE: hits:602954 misses:4143532  Hit Ratio: 12.70%
3CACHE: size: 4096 KB assoc: 2
3CACHE: hits:104376 misses:4039156  Hit Ratio: 2.52%
3CACHE: dirty items replaced:1015
ITLB: size: 48, misses 4, miss rate 0.00%
DTLB: size: 128, misses 75, miss rate 0.00%
Avg mem delay: 1.465 cycles
----------------------------------------
==== Global Resource Utilization ====
STASH: size: 65536 entries, full 355120637, empty 705, misses 63, full rate 100.00
icache bank util. 0.075 0.036 0.004 0.000 0.000 0.000 0.000 0.013 
dcache bank util. 0.005 0.005 0.010 0.023 0.005 0.009 0.005 0.005 
L2 bank util. 0.136 0.009 0.003 0.003 0.003 0.003 0.002 0.002 
L1-L2 bus util. = 0.060, L3 util. = 0.151
----------------------------------------

======================== 切片硬件状态 ========================
切片号 | 所属安全域 | 当前状态    | 路扩展 | LRU touched
------------------------------------------------------------------
  0    |   域0      | 正常运行   |  是   |  800999643
  1    |   域3      | 正常运行   |  否   |  800999892
  2    |   域0      | 正常运行   |  是   |  800999257
  3    |   域2      | 正常运行   |  否   |  800999923
==================================================================

branch prediction, hits = 11982329, misses = 90401, hit rate = 99.25%
return_stack prediction, hits = 43428, misses = 3577213, hit rate = 1.20%
jump prediction, hits = 21998663, misses = 72, hit rate = 100.00%

**** Debug Statistics at 901000000 Cycles *****
Threads: 4		Fetch Width: 8
No of useful instructions fetched:	283245069 (3.93% proc util.)
No of total instructions fetched:	384688786 (5.34% proc util.)
 includes 213 misfetch (0.0%), 101443504 (26.4%) wrong-path fetches
 and 0 flushed after failed lock(0.0%)
No of useful instructions issued/executed:	283245069 (3.93% proc util.)
No of total instructions issued/executed:	341858232 (4.74% proc util.)
 includes 58613163 wrong-path (17.1%) insts and 0 flushed (0.0%)
	fp 0, 0.00%
	synch 0, 0.00%
	integer 292496719, 85.56%
	load/store 49361513, 14.44%
Avg size of int IQ (before scheduling): 2.66
Avg size of fp IQ (before scheduling): 0.00
No of cycles taken:		901000000
Parallelism [ 0.096, 0.000, 0.118, 0.100,] = 0.314
 IQ conflicts: 259446 (0.03%), FQ conflicts: 0 (0.00%) 
 I reg conflicts: 10056132 (1.12%), FP reg conflicts: 0 (0.00%)
  Activelist confs: 0 (0.00%), ROB confs: 0 (0.00%)
  Int unit conflicts: 18812127 (2.09%), FP unit conflicts: 0 (0.00%)
  Load/store unit conflicts: 11492 (0.00%)
  MSHR conflicts: 0 (0.00%)
----------------------------------------
==== System-wide Cache Statistics ====
Stall for miss queue full 0 cycles (0.00%)
----------------------------------------
==== Statistics for Master ID: 0 ====
Reads: 18010904   Writes: 34
ICACHE: size: 64 KB assoc: 2
ICACHE: hits:9971901 misses:4839827  Hit Ratio: 67.32%
DCACHE: size: 2*16 KB assoc: 2*4
DCACHE: hits:2120456 misses:1078754 writebacks:12  Hit Ratio: 66.28%
SCACHE: size: 512 KB assoc: 2
SCACHE: hits:1264855 misses:4653726  Hit Ratio: 21.37%
3CACHE: size: 4096 KB assoc: 2
3CACHE: hits:137209 misses:4516517  Hit Ratio: 2.95%
3CACHE: dirty items replaced:1219
ITLB: size: 48, misses 4, miss rate 0.00%
DTLB: size: 128, misses 21, miss rate 0.00%
Avg mem delay: 1.461 cycles
----------------------------------------
==== Statistics for Master ID: 2 ====
Reads: 27592355   Writes: 35
ICACHE: size: 64 KB assoc: 2
ICACHE: hits:16389165 misses:4846360  Hit Ratio: 77.18%
DCACHE: size: 1*16 KB assoc: 1*4
DCACHE: hits:4968807 misses:1388060 writebacks:13  Hit Ratio: 78.16%
SCACHE: size: 512 KB assoc: 2
SCACHE: hits:1591783 misses:4642635  Hit Ratio: 25.53%
3CACHE: size: 4096 KB assoc: 2
3CACHE: hits:121547 misses:4521088  Hit Ratio: 2.62%
3CACHE: dirty items replaced:1167
ITLB: size: 48, misses 4, miss rate 0.00%
DTLB: size: 128, misses 21, miss rate 0.00%
Avg mem delay: 1.461 cycles
----------------------------------------
==== Statistics for Master ID: 3 ====
Reads: 53535796   Writes: 23447984
ICACHE: size: 64 KB assoc: 2
ICACHE: hits:32541189 misses:4637152  Hit Ratio: 87.53%
DCACHE: size: 1*16 KB assoc: 1*4
DCACHE: hits:39100706 misses:704732 writebacks:447272  Hit Ratio: 98.23%
SCACHE: size: 512 KB assoc: 2
SCACHE: hits:681600 misses:4660284  Hit Ratio: 12.76%
3CACHE: size: 4096 KB assoc: 2
3CACHE: hits:117895 misses:4542389  Hit Ratio: 2.53%
3CACHE: dirty items replaced:1159
ITLB: size: 48, misses 4, miss rate 0.00%
DTLB: size: 128, misses 75, miss rate 0.00%
Avg mem delay: 1.461 cycles
----------------------------------------
==== Global Resource Utilization ====
STASH: size: 65536 entries, full 400902052, empty 705, misses 63, full rate 100.00
icache bank util. 0.076 0.036 0.004 0.000 0.000 0.000 0.000 0.013 
dcache bank util. 0.005 0.005 0.010 0.023 0.005 0.009 0.005 0.005 
L2 bank util. 0.136 0.009 0.003 0.003 0.003 0.003 0.002 0.003 
L1-L2 bus util. = 0.060, L3 util. = 0.151
----------------------------------------

======================== 切片硬件状态 ========================
切片号 | 所属安全域 | 当前状态    | 路扩展 | LRU touched
------------------------------------------------------------------
  0    |   域0      | 正常运行   |  是   |  900999118
  1    |   域3      | 正常运行   |  否   |  900999841
  2    |   域0      | 正常运行   |  是   |  900999890
  3    |   域2      | 正常运行   |  否   |  900999950
==================================================================

branch prediction, hits = 13506477, misses = 101903, hit rate = 99.25%
return_stack prediction, hits = 49056, misses = 4041054, hit rate = 1.20%
jump prediction, hits = 24814766, misses = 72, hit rate = 100.00%

**** Debug Statistics at 1001000000 Cycles *****
Threads: 4		Fetch Width: 8
No of useful instructions fetched:	314719194 (3.93% proc util.)
No of total instructions fetched:	427293682 (5.34% proc util.)
 includes 213 misfetch (0.0%), 112574275 (26.3%) wrong-path fetches
 and 0 flushed after failed lock(0.0%)
No of useful instructions issued/executed:	314719191 (3.93% proc util.)
No of total instructions issued/executed:	379761767 (4.74% proc util.)
 includes 65042576 wrong-path (17.1%) insts and 0 flushed (0.0%)
	fp 0, 0.00%
	synch 0, 0.00%
	integer 324930095, 85.56%
	load/store 54831672, 14.44%
Avg size of int IQ (before scheduling): 2.66
Avg size of fp IQ (before scheduling): 0.00
No of cycles taken:		1001000000
Parallelism [ 0.096, 0.000, 0.118, 0.100,] = 0.314
 IQ conflicts: 288901 (0.03%), FQ conflicts: 0 (0.00%) 
 I reg conflicts: 11178372 (1.12%), FP reg conflicts: 0 (0.00%)
  Activelist confs: 0 (0.00%), ROB confs: 0 (0.00%)
  Int unit conflicts: 20901931 (2.09%), FP unit conflicts: 0 (0.00%)
  Load/store unit conflicts: 12838 (0.00%)
  MSHR conflicts: 0 (0.00%)
----------------------------------------
==== System-wide Cache Statistics ====
Stall for miss queue full 0 cycles (0.00%)
----------------------------------------
==== Statistics for Master ID: 0 ====
Reads: 20010991   Writes: 34
ICACHE: size: 64 KB assoc: 2
ICACHE: hits:11079894 misses:5376499  Hit Ratio: 67.33%
DCACHE: size: 2*16 KB assoc: 2*4
DCACHE: hits:2357258 misses:1197374 writebacks:12  Hit Ratio: 66.32%
SCACHE: size: 512 KB assoc: 2
SCACHE: hits:1403655 misses:5170218  Hit Ratio: 21.35%
3CACHE: size: 4096 KB assoc: 2
3CACHE: hits:152600 misses:5017618  Hit Ratio: 2.95%
3CACHE: dirty items replaced:1359
ITLB: size: 48, misses 4, miss rate 0.00%
DTLB: size: 128, misses 21, miss rate 0.00%
Avg mem delay: 1.461 cycles
----------------------------------------
==== Statistics for Master ID: 2 ====
Reads: 30663364   Writes: 35
ICACHE: size: 64 KB assoc: 2
ICACHE: hits:18215819 misses:5383685  Hit Ratio: 77.19%
DCACHE: size: 1*16 KB assoc: 1*4
DCACHE: hits:5519652 misses:1544245 writebacks:13  Hit Ratio: 78.14%
SCACHE: size: 512 KB assoc: 2
SCACHE: hits:1770117 misses:5157811  Hit Ratio: 25.55%
3CACHE: size: 4096 KB assoc: 2
3CACHE: hits:135131 misses:5022679  Hit Ratio: 2.62%
3CACHE: dirty items replaced:1306
ITLB: size: 48, misses 4, miss rate 0.00%
DTLB: size: 128, misses 21, miss rate 0.00%
Avg mem delay: 1.461 cycles
----------------------------------------
==== Statistics for Master ID: 3 ====
Reads: 59465983   Writes: 26032029
ICACHE: size: 64 KB assoc: 2
ICACHE: hits:36133091 misses:5151775  Hit Ratio: 87.52%
DCACHE: size: 1*16 KB assoc: 1*4
DCACHE: hits:43430375 misses:782770 writebacks:496662  Hit Ratio: 98.23%
SCACHE: size: 512 KB assoc: 2
SCACHE: hits:757457 misses:5177088  Hit Ratio: 12.76%
3CACHE: size: 4096 KB assoc: 2
3CACHE: hits:131063 misses:5046025  Hit Ratio: 2.53%
3CACHE: dirty items replaced:1297
ITLB: size: 48, misses 4, miss rate 0.00%
DTLB: size: 128, misses 75, miss rate 0.00%
Avg mem delay: 1.461 cycles
----------------------------------------
==== Global Resource Utilization ====
STASH: size: 65536 entries, full 445314598, empty 705, misses 63, full rate 100.00
icache bank util. 0.076 0.036 0.004 0.000 0.000 0.000 0.000 0.013 
dcache bank util. 0.005 0.005 0.010 0.023 0.005 0.009 0.005 0.005 
L2 bank util. 0.136 0.009 0.003 0.003 0.003 0.003 0.002 0.003 
L1-L2 bus util. = 0.060, L3 util. = 0.151
----------------------------------------

======================== 切片硬件状态 ========================
切片号 | 所属安全域 | 当前状态    | 路扩展 | LRU touched
------------------------------------------------------------------
  0    |   域0      | 正常运行   |  是   |  1000999940
  1    |   域3      | 正常运行   |  否   |  1000999998
  2    |   域0      | 正常运行   |  是   |  1000999663
  3    |   域2      | 正常运行   |  否   |  1000999932
==================================================================

branch prediction, hits = 15002186, misses = 113234, hit rate = 99.25%
return_stack prediction, hits = 54528, misses = 4491589, hit rate = 1.20%
jump prediction, hits = 27570548, misses = 72, hit rate = 100.00%

**** Debug Statistics at 1101000000 Cycles *****
Threads: 4		Fetch Width: 8
No of useful instructions fetched:	346476930 (3.93% proc util.)
No of total instructions fetched:	470582603 (5.34% proc util.)
 includes 213 misfetch (0.0%), 124105460 (26.4%) wrong-path fetches
 and 0 flushed after failed lock(0.0%)
No of useful instructions issued/executed:	346476930 (3.93% proc util.)
No of total instructions issued/executed:	418173473 (4.75% proc util.)
 includes 71696543 wrong-path (17.1%) insts and 0 flushed (0.0%)
	fp 0, 0.00%
	synch 0, 0.00%
	integer 357770464, 85.56%
	load/store 60403009, 14.44%
Avg size of int IQ (before scheduling): 2.67
Avg size of fp IQ (before scheduling): 0.00
No of cycles taken:		1101000000
Parallelism [ 0.096, 0.000, 0.118, 0.100,] = 0.315
 IQ conflicts: 318745 (0.03%), FQ conflicts: 0 (0.00%) 
 I reg conflicts: 12315963 (1.12%), FP reg conflicts: 0 (0.00%)
  Activelist confs: 0 (0.00%), ROB confs: 0 (0.00%)
  Int unit conflicts: 23044701 (2.09%), FP unit conflicts: 0 (0.00%)
  Load/store unit conflicts: 14040 (0.00%)
  MSHR conflicts: 0 (0.00%)
----------------------------------------
==== System-wide Cache Statistics ====
Stall for miss queue full 0 cycles (0.00%)
----------------------------------------
==== Statistics for Master ID: 0 ====
Reads: 22036040   Writes: 34
ICACHE: size: 64 KB assoc: 2
ICACHE: hits:12208385 misses:5913999  Hit Ratio: 67.37%
DCACHE: size: 2*16 KB assoc: 2*4
DCACHE: hits:2596674 misses:1317016 writebacks:12  Hit Ratio: 66.35%
SCACHE: size: 512 KB assoc: 2
SCACHE: hits:1544507 misses:5686508  Hit Ratio: 21.36%
3CACHE: size: 4096 KB assoc: 2
3CACHE: hits:168260 misses:5518248  Hit Ratio: 2.96%
3CACHE: dirty items replaced:1494
ITLB: size: 48, misses 4, miss rate 0.00%
DTLB: size: 128, misses 21, miss rate 0.00%
Avg mem delay: 1.460 cycles
----------------------------------------
==== Statistics for Master ID: 2 ====
Reads: 33746450   Writes: 35
ICACHE: size: 64 KB assoc: 2
ICACHE: hits:20051557 misses:5922074  Hit Ratio: 77.20%
DCACHE: size: 1*16 KB assoc: 1*4
DCACHE: hits:6072391 misses:1700465 writebacks:13  Hit Ratio: 78.12%
SCACHE: size: 512 KB assoc: 2
SCACHE: hits:1949715 misses:5672822  Hit Ratio: 25.58%
3CACHE: size: 4096 KB assoc: 2
3CACHE: hits:148915 misses:5523907  Hit Ratio: 2.63%
3CACHE: dirty items replaced:1437
ITLB: size: 48, misses 4, miss rate 0.00%
DTLB: size: 128, misses 21, miss rate 0.00%
Avg mem delay: 1.460 cycles
----------------------------------------
==== Statistics for Master ID: 3 ====
Reads: 65528657   Writes: 28683732
ICACHE: size: 64 KB assoc: 2
ICACHE: hits:39829545 misses:5666378  Hit Ratio: 87.55%
DCACHE: size: 1*16 KB assoc: 1*4
DCACHE: hits:47854428 misses:862037 writebacks:546789  Hit Ratio: 98.23%
SCACHE: size: 512 KB assoc: 2
SCACHE: hits:834799 misses:5693616  Hit Ratio: 12.79%
3CACHE: size: 4096 KB assoc: 2
3CACHE: hits:144275 misses:5549341  Hit Ratio: 2.53%
3CACHE: dirty items replaced:1434
ITLB: size: 48, misses 4, miss rate 0.00%
DTLB: size: 128, misses 75, miss rate 0.00%
Avg mem delay: 1.460 cycles
----------------------------------------
==== Global Resource Utilization ====
STASH: size: 65536 entries, full 490438687, empty 705, misses 63, full rate 100.00
icache bank util. 0.076 0.036 0.004 0.000 0.000 0.000 0.000 0.013 
dcache bank util. 0.005 0.005 0.010 0.023 0.005 0.009 0.005 0.005 
L2 bank util. 0.137 0.008 0.003 0.003 0.003 0.003 0.002 0.003 
L1-L2 bus util. = 0.060, L3 util. = 0.151
----------------------------------------

======================== 切片硬件状态 ========================
切片号 | 所属安全域 | 当前状态    | 路扩展 | LRU touched
------------------------------------------------------------------
  0    |   域0      | 正常运行   |  是   |  1100999739
  1    |   域3      | 正常运行   |  否   |  1100999890
  2    |   域0      | 正常运行   |  是   |  1100999339
  3    |   域2      | 正常运行   |  否   |  1100999960
==================================================================

branch prediction, hits = 16510368, misses = 124600, hit rate = 99.25%
return_stack prediction, hits = 60072, misses = 4948956, hit rate = 1.20%
jump prediction, hits = 30353654, misses = 72, hit rate = 100.00%

**** Debug Statistics at 1201000000 Cycles *****
Threads: 4		Fetch Width: 8
No of useful instructions fetched:	378235006 (3.94% proc util.)
No of total instructions fetched:	513945997 (5.35% proc util.)
 includes 213 misfetch (0.0%), 135710778 (26.4%) wrong-path fetches
 and 0 flushed after failed lock(0.0%)
No of useful instructions issued/executed:	378235005 (3.94% proc util.)
No of total instructions issued/executed:	456631928 (4.75% proc util.)
 includes 78396923 wrong-path (17.2%) insts and 0 flushed (0.0%)
	fp 0, 0.00%
	synch 0, 0.00%
	integer 390648050, 85.55%
	load/store 65983878, 14.45%
Avg size of int IQ (before scheduling): 2.67
Avg size of fp IQ (before scheduling): 0.00
No of cycles taken:		1201000000
Parallelism [ 0.096, 0.000, 0.118, 0.101,] = 0.315
 IQ conflicts: 348599 (0.03%), FQ conflicts: 0 (0.00%) 
 I reg conflicts: 13455394 (1.12%), FP reg conflicts: 0 (0.00%)
  Activelist confs: 0 (0.00%), ROB confs: 0 (0.00%)
  Int unit conflicts: 25188651 (2.10%), FP unit conflicts: 0 (0.00%)
  Load/store unit conflicts: 15335 (0.00%)
  MSHR conflicts: 0 (0.00%)
----------------------------------------
==== System-wide Cache Statistics ====
Stall for miss queue full 0 cycles (0.00%)
----------------------------------------
==== Statistics for Master ID: 0 ====
Reads: 24053602   Writes: 34
ICACHE: size: 64 KB assoc: 2
ICACHE: hits:13330078 misses:6451918  Hit Ratio: 67.38%
DCACHE: size: 2*16 KB assoc: 2*4
DCACHE: hits:2834943 misses:1436697 writebacks:12  Hit Ratio: 66.37%
SCACHE: size: 512 KB assoc: 2
SCACHE: hits:1685624 misses:6202991  Hit Ratio: 21.37%
3CACHE: size: 4096 KB assoc: 2
3CACHE: hits:184045 misses:6018945  Hit Ratio: 2.97%
3CACHE: dirty items replaced:1634
ITLB: size: 48, misses 4, miss rate 0.00%
DTLB: size: 128, misses 21, miss rate 0.00%
Avg mem delay: 1.459 cycles
----------------------------------------
==== Statistics for Master ID: 2 ====
Reads: 36837866   Writes: 35
ICACHE: size: 64 KB assoc: 2
ICACHE: hits:21893388 misses:6460562  Hit Ratio: 77.21%
DCACHE: size: 1*16 KB assoc: 1*4
DCACHE: hits:6626888 misses:1857065 writebacks:13  Hit Ratio: 78.11%
SCACHE: size: 512 KB assoc: 2
SCACHE: hits:2129585 misses:6188040  Hit Ratio: 25.60%
3CACHE: size: 4096 KB assoc: 2
3CACHE: hits:162870 misses:6025170  Hit Ratio: 2.63%
3CACHE: dirty items replaced:1570
ITLB: size: 48, misses 4, miss rate 0.00%
DTLB: size: 128, misses 21, miss rate 0.00%
Avg mem delay: 1.459 cycles
----------------------------------------
==== Statistics for Master ID: 3 ====
Reads: 71599334   Writes: 31345004
ICACHE: size: 64 KB assoc: 2
ICACHE: hits:43534984 misses:6181066  Hit Ratio: 87.57%
DCACHE: size: 1*16 KB assoc: 1*4
DCACHE: hits:52286972 misses:941315 writebacks:596981  Hit Ratio: 98.23%
SCACHE: size: 512 KB assoc: 2
SCACHE: hits:912081 misses:6210300  Hit Ratio: 12.81%
3CACHE: size: 4096 KB assoc: 2
3CACHE: hits:157592 misses:6052708  Hit Ratio: 2.54%
3CACHE: dirty items replaced:1563
ITLB: size: 48, misses 4, miss rate 0.00%
DTLB: size: 128, misses 75, miss rate 0.00%
Avg mem delay: 1.459 cycles
----------------------------------------
==== Global Resource Utilization ====
STASH: size: 65536 entries, full 535635697, empty 705, misses 63, full rate 100.00
icache bank util. 0.076 0.036 0.004 0.000 0.000 0.000 0.000 0.013 
dcache bank util. 0.005 0.005 0.010 0.023 0.005 0.009 0.005 0.005 
L2 bank util. 0.137 0.008 0.003 0.003 0.003 0.003 0.003 0.003 
L1-L2 bus util. = 0.060, L3 util. = 0.151
----------------------------------------

======================== 切片硬件状态 ========================
切片号 | 所属安全域 | 当前状态    | 路扩展 | LRU touched
------------------------------------------------------------------
  0    |   域0      | 正常运行   |  是   |  1200999997
  1    |   域3      | 正常运行   |  否   |  1200999948
  2    |   域0      | 正常运行   |  是   |  1200999611
  3    |   域2      | 正常运行   |  否   |  1200999888
==================================================================

branch prediction, hits = 18019286, misses = 135998, hit rate = 99.25%
return_stack prediction, hits = 65616, misses = 5405874, hit rate = 1.20%
jump prediction, hits = 33137884, misses = 72, hit rate = 100.00%

**** Debug Statistics at 1301000000 Cycles *****
Threads: 4		Fetch Width: 8
No of useful instructions fetched:	410246513 (3.94% proc util.)
No of total instructions fetched:	557742016 (5.36% proc util.)
 includes 213 misfetch (0.0%), 147495290 (26.4%) wrong-path fetches
 and 0 flushed after failed lock(0.0%)
No of useful instructions issued/executed:	410246513 (3.94% proc util.)
No of total instructions issued/executed:	495436341 (4.76% proc util.)
 includes 85189828 wrong-path (17.2%) insts and 0 flushed (0.0%)
	fp 0, 0.00%
	synch 0, 0.00%
	integer 423816532, 85.54%
	load/store 71619809, 14.46%
Avg size of int IQ (before scheduling): 2.67
Avg size of fp IQ (before scheduling): 0.00
No of cycles taken:		1301000000
Parallelism [ 0.096, 0.000, 0.119, 0.101,] = 0.315
 IQ conflicts: 378627 (0.03%), FQ conflicts: 0 (0.00%) 
 I reg conflicts: 14614756 (1.12%), FP reg conflicts: 0 (0.00%)
  Activelist confs: 0 (0.00%), ROB confs: 0 (0.00%)
  Int unit conflicts: 27375808 (2.10%), FP unit conflicts: 0 (0.00%)
  Load/store unit conflicts: 16705 (0.00%)
  MSHR conflicts: 0 (0.00%)
----------------------------------------
==== System-wide Cache Statistics ====
Stall for miss queue full 0 cycles (0.00%)
----------------------------------------
==== Statistics for Master ID: 0 ====
Reads: 26095097   Writes: 34
ICACHE: size: 64 KB assoc: 2
ICACHE: hits:14472573 misses:6989945  Hit Ratio: 67.43%
DCACHE: size: 2*16 KB assoc: 2*4
DCACHE: hits:3075459 misses:1557154 writebacks:12  Hit Ratio: 66.39%
SCACHE: size: 512 KB assoc: 2
SCACHE: hits:1828111 misses:6718988  Hit Ratio: 21.39%
3CACHE: size: 4096 KB assoc: 2
3CACHE: hits:199596 misses:6519392  Hit Ratio: 2.97%
3CACHE: dirty items replaced:1759
ITLB: size: 48, misses 4, miss rate 0.00%
DTLB: size: 128, misses 21, miss rate 0.00%
Avg mem delay: 1.457 cycles
----------------------------------------
==== Statistics for Master ID: 2 ====
Reads: 39960047   Writes: 35
ICACHE: size: 64 KB assoc: 2
ICACHE: hits:23760168 misses:6999463  Hit Ratio: 77.24%
DCACHE: size: 1*16 KB assoc: 1*4
DCACHE: hits:7185471 misses:2014982 writebacks:13  Hit Ratio: 78.10%
SCACHE: size: 512 KB assoc: 2
SCACHE: hits:2311612 misses:6702831  Hit Ratio: 25.64%
3CACHE: size: 4096 KB assoc: 2
3CACHE: hits:176719 misses:6526112  Hit Ratio: 2.64%
3CACHE: dirty items replaced:1698
ITLB: size: 48, misses 4, miss rate 0.00%
DTLB: size: 128, misses 21, miss rate 0.00%
Avg mem delay: 1.457 cycles
----------------------------------------
==== Statistics for Master ID: 3 ====
Reads: 77736515   Writes: 34037937
ICACHE: size: 64 KB assoc: 2
ICACHE: hits:47291965 misses:6695741  Hit Ratio: 87.60%
DCACHE: size: 1*16 KB assoc: 1*4
DCACHE: hits:56765556 misses:1021189 writebacks:647515  Hit Ratio: 98.23%
SCACHE: size: 512 KB assoc: 2
SCACHE: hits:990273 misses:6726657  Hit Ratio: 12.83%
3CACHE: size: 4096 KB assoc: 2
3CACHE: hits:170936 misses:6555720  Hit Ratio: 2.54%
3CACHE: dirty items replaced:1684
ITLB: size: 48, misses 4, miss rate 0.00%
DTLB: size: 128, misses 75, miss rate 0.00%
Avg mem delay: 1.457 cycles
----------------------------------------
==== Global Resource Utilization ====
STASH: size: 65536 entries, full 581281168, empty 705, misses 63, full rate 100.00
icache bank util. 0.076 0.036 0.004 0.000 0.000 0.000 0.000 0.013 
dcache bank util. 0.005 0.005 0.010 0.023 0.005 0.009 0.005 0.005 
L2 bank util. 0.137 0.008 0.003 0.003 0.003 0.003 0.003 0.003 
L1-L2 bus util. = 0.060, L3 util. = 0.151
----------------------------------------

======================== 切片硬件状态 ========================
切片号 | 所属安全域 | 当前状态    | 路扩展 | LRU touched
------------------------------------------------------------------
  0    |   域0      | 正常运行   |  是   |  1300999509
  1    |   域3      | 正常运行   |  否   |  1300999984
  2    |   域0      | 正常运行   |  是   |  1300999895
  3    |   域2      | 正常运行   |  否   |  1300999930
==================================================================

branch prediction, hits = 19540081, misses = 147487, hit rate = 99.25%
return_stack prediction, hits = 71220, misses = 5866866, hit rate = 1.20%
jump prediction, hits = 35944408, misses = 72, hit rate = 100.00%

**** Debug Statistics at 1401000000 Cycles *****
Threads: 4		Fetch Width: 8
No of useful instructions fetched:	441857307 (3.94% proc util.)
No of total instructions fetched:	600720035 (5.36% proc util.)
 includes 213 misfetch (0.0%), 158862515 (26.4%) wrong-path fetches
 and 0 flushed after failed lock(0.0%)
No of useful instructions issued/executed:	441857307 (3.94% proc util.)
No of total instructions issued/executed:	533622746 (4.76% proc util.)
 includes 91765439 wrong-path (17.2%) insts and 0 flushed (0.0%)
	fp 0, 0.00%
	synch 0, 0.00%
	integer 456472497, 85.54%
	load/store 77150249, 14.46%
Avg size of int IQ (before scheduling): 2.67
Avg size of fp IQ (before scheduling): 0.00
No of cycles taken:		1401000000
Parallelism [ 0.096, 0.000, 0.119, 0.101,] = 0.315
 IQ conflicts: 408072 (0.03%), FQ conflicts: 0 (0.00%) 
 I reg conflicts: 15753337 (1.12%), FP reg conflicts: 0 (0.00%)
  Activelist confs: 0 (0.00%), ROB confs: 0 (0.00%)
  Int unit conflicts: 29492341 (2.11%), FP unit conflicts: 0 (0.00%)
  Load/store unit conflicts: 18033 (0.00%)
  MSHR conflicts: 0 (0.00%)
----------------------------------------
==== System-wide Cache Statistics ====
Stall for miss queue full 0 cycles (0.00%)
----------------------------------------
==== Statistics for Master ID: 0 ====
Reads: 28105537   Writes: 34
ICACHE: size: 64 KB assoc: 2
ICACHE: hits:15589018 misses:7526761  Hit Ratio: 67.44%
DCACHE: size: 2*16 KB assoc: 2*4
DCACHE: hits:3313479 misses:1676313 writebacks:12  Hit Ratio: 66.41%
SCACHE: size: 512 KB assoc: 2
SCACHE: hits:1967980 misses:7235094  Hit Ratio: 21.38%
3CACHE: size: 4096 KB assoc: 2
3CACHE: hits:215054 misses:7020040  Hit Ratio: 2.97%
3CACHE: dirty items replaced:1905
ITLB: size: 48, misses 4, miss rate 0.00%
DTLB: size: 128, misses 21, miss rate 0.00%
Avg mem delay: 1.456 cycles
----------------------------------------
==== Statistics for Master ID: 2 ====
Reads: 43033164   Writes: 35
ICACHE: size: 64 KB assoc: 2
ICACHE: hits:25588903 misses:7536966  Hit Ratio: 77.25%
DCACHE: size: 1*16 KB assoc: 1*4
DCACHE: hits:7736311 misses:2171021 writebacks:13  Hit Ratio: 78.09%
SCACHE: size: 512 KB assoc: 2
SCACHE: hits:2490371 misses:7217614  Hit Ratio: 25.65%
3CACHE: size: 4096 KB assoc: 2
3CACHE: hits:190263 misses:7027351  Hit Ratio: 2.64%
3CACHE: dirty items replaced:1845
ITLB: size: 48, misses 4, miss rate 0.00%
DTLB: size: 128, misses 21, miss rate 0.00%
Avg mem delay: 1.456 cycles
----------------------------------------
==== Statistics for Master ID: 3 ====
Reads: 83746646   Writes: 36663669
ICACHE: size: 64 KB assoc: 2
ICACHE: hits:50947110 misses:7210077  Hit Ratio: 87.60%
DCACHE: size: 1*16 KB assoc: 1*4
DCACHE: hits:61153107 misses:1100020 writebacks:697397  Hit Ratio: 98.23%
SCACHE: size: 512 KB assoc: 2
SCACHE: hits:1067012 misses:7243085  Hit Ratio: 12.84%
3CACHE: size: 4096 KB assoc: 2
3CACHE: hits:184176 misses:7058909  Hit Ratio: 2.54%
3CACHE: dirty items replaced:1828
ITLB: size: 48, misses 4, miss rate 0.00%
DTLB: size: 128, misses 75, miss rate 0.00%
Avg mem delay: 1.456 cycles
----------------------------------------
==== Global Resource Utilization ====
STASH: size: 65536 entries, full 626083920, empty 705, misses 63, full rate 100.00
icache bank util. 0.076 0.036 0.004 0.000 0.000 0.000 0.000 0.013 
dcache bank util. 0.005 0.005 0.010 0.023 0.005 0.009 0.005 0.005 
L2 bank util. 0.137 0.008 0.003 0.003 0.003 0.003 0.003 0.003 
L1-L2 bus util. = 0.060, L3 util. = 0.151
----------------------------------------

======================== 切片硬件状态 ========================
切片号 | 所属安全域 | 当前状态    | 路扩展 | LRU touched
------------------------------------------------------------------
  0    |   域0      | 正常运行   |  是   |  1400999703
  1    |   域3      | 正常运行   |  否   |  1400999848
  2    |   域0      | 正常运行   |  是   |  1400998916
  3    |   域2      | 正常运行   |  否   |  1400999970
==================================================================

branch prediction, hits = 21041545, misses = 158817, hit rate = 99.25%
return_stack prediction, hits = 76728, misses = 6321688, hit rate = 1.20%
jump prediction, hits = 38714378, misses = 72, hit rate = 100.00%

**** Debug Statistics at 1501000000 Cycles *****
Threads: 4		Fetch Width: 8
No of useful instructions fetched:	473706481 (3.94% proc util.)
No of total instructions fetched:	644210225 (5.36% proc util.)
 includes 213 misfetch (0.0%), 170503531 (26.5%) wrong-path fetches
 and 0 flushed after failed lock(0.0%)
No of useful instructions issued/executed:	473706473 (3.94% proc util.)
No of total instructions issued/executed:	572193397 (4.77% proc util.)
 includes 98486924 wrong-path (17.2%) insts and 0 flushed (0.0%)
	fp 0, 0.00%
	synch 0, 0.00%
	integer 489442640, 85.54%
	load/store 82750757, 14.46%
Avg size of int IQ (before scheduling): 2.68
Avg size of fp IQ (before scheduling): 0.00
No of cycles taken:		1501000000
Parallelism [ 0.096, 0.000, 0.119, 0.101,] = 0.316
 IQ conflicts: 437728 (0.03%), FQ conflicts: 0 (0.00%) 
 I reg conflicts: 16911847 (1.13%), FP reg conflicts: 0 (0.00%)
  Activelist confs: 0 (0.00%), ROB confs: 0 (0.00%)
  Int unit conflicts: 31645608 (2.11%), FP unit conflicts: 0 (0.00%)
  Load/store unit conflicts: 19421 (0.00%)
  MSHR conflicts: 0 (0.00%)
----------------------------------------
==== System-wide Cache Statistics ====
Stall for miss queue full 0 cycles (0.00%)
----------------------------------------
==== Statistics for Master ID: 0 ====
Reads: 30131947   Writes: 34
ICACHE: size: 64 KB assoc: 2
ICACHE: hits:16718905 misses:8064427  Hit Ratio: 67.46%
DCACHE: size: 2*16 KB assoc: 2*4
DCACHE: hits:3552365 misses:1796284 writebacks:12  Hit Ratio: 66.42%
SCACHE: size: 512 KB assoc: 2
SCACHE: hits:2109619 misses:7751092  Hit Ratio: 21.39%
3CACHE: size: 4096 KB assoc: 2
3CACHE: hits:230649 misses:7520442  Hit Ratio: 2.98%
3CACHE: dirty items replaced:2060
ITLB: size: 48, misses 4, miss rate 0.00%
DTLB: size: 128, misses 21, miss rate 0.00%
Avg mem delay: 1.455 cycles
----------------------------------------
==== Statistics for Master ID: 2 ====
Reads: 46132773   Writes: 35
ICACHE: size: 64 KB assoc: 2
ICACHE: hits:27437521 misses:8075301  Hit Ratio: 77.26%
DCACHE: size: 1*16 KB assoc: 1*4
DCACHE: hits:8291904 misses:2328084 writebacks:13  Hit Ratio: 78.08%
SCACHE: size: 512 KB assoc: 2
SCACHE: hits:2670957 misses:7732426  Hit Ratio: 25.67%
3CACHE: size: 4096 KB assoc: 2
3CACHE: hits:204162 misses:7528264  Hit Ratio: 2.64%
3CACHE: dirty items replaced:1988
ITLB: size: 48, misses 4, miss rate 0.00%
DTLB: size: 128, misses 21, miss rate 0.00%
Avg mem delay: 1.455 cycles
----------------------------------------
==== Statistics for Master ID: 3 ====
Reads: 89841196   Writes: 39334632
ICACHE: size: 64 KB assoc: 2
ICACHE: hits:54669027 misses:7724678  Hit Ratio: 87.62%
DCACHE: size: 1*16 KB assoc: 1*4
DCACHE: hits:65602503 misses:1179619 writebacks:747780  Hit Ratio: 98.23%
SCACHE: size: 512 KB assoc: 2
SCACHE: hits:1144867 misses:7759430  Hit Ratio: 12.86%
3CACHE: size: 4096 KB assoc: 2
3CACHE: hits:197522 misses:7561908  Hit Ratio: 2.55%
3CACHE: dirty items replaced:1971
ITLB: size: 48, misses 4, miss rate 0.00%
DTLB: size: 128, misses 75, miss rate 0.00%
Avg mem delay: 1.455 cycles
----------------------------------------
==== Global Resource Utilization ====
STASH: size: 65536 entries, full 671415648, empty 705, misses 63, full rate 100.00
icache bank util. 0.076 0.036 0.004 0.000 0.000 0.000 0.000 0.013 
dcache bank util. 0.005 0.005 0.010 0.023 0.005 0.009 0.005 0.005 
L2 bank util. 0.137 0.008 0.003 0.003 0.003 0.003 0.003 0.003 
L1-L2 bus util. = 0.060, L3 util. = 0.151
----------------------------------------

======================== 切片硬件状态 ========================
切片号 | 所属安全域 | 当前状态    | 路扩展 | LRU touched
------------------------------------------------------------------
  0    |   域0      | 正常运行   |  是   |  1500999632
  1    |   域3      | 正常运行   |  否   |  1500999912
  2    |   域0      | 正常运行   |  是   |  1500998474
  3    |   域2      | 正常运行   |  否   |  1500999836
==================================================================

branch prediction, hits = 22554680, misses = 170243, hit rate = 99.25%
return_stack prediction, hits = 82308, misses = 6780647, hit rate = 1.20%
jump prediction, hits = 41507473, misses = 72, hit rate = 100.00%

**** Debug Statistics at 1601000000 Cycles *****
Threads: 4		Fetch Width: 8
No of useful instructions fetched:	505801594 (3.95% proc util.)
No of total instructions fetched:	688265254 (5.37% proc util.)
 includes 213 misfetch (0.0%), 182463447 (26.5%) wrong-path fetches
 and 0 flushed after failed lock(0.0%)
No of useful instructions issued/executed:	505801594 (3.95% proc util.)
No of total instructions issued/executed:	611187797 (4.77% proc util.)
 includes 105386203 wrong-path (17.2%) insts and 0 flushed (0.0%)
	fp 0, 0.00%
	synch 0, 0.00%
	integer 522754056, 85.53%
	load/store 88433741, 14.47%
Avg size of int IQ (before scheduling): 2.68
Avg size of fp IQ (before scheduling): 0.00
No of cycles taken:		1601000000
Parallelism [ 0.096, 0.000, 0.119, 0.101,] = 0.316
 IQ conflicts: 467793 (0.03%), FQ conflicts: 0 (0.00%) 
 I reg conflicts: 18083424 (1.13%), FP reg conflicts: 0 (0.00%)
  Activelist confs: 0 (0.00%), ROB confs: 0 (0.00%)
  Int unit conflicts: 33829960 (2.11%), FP unit conflicts: 0 (0.00%)
  Load/store unit conflicts: 20720 (0.00%)
  MSHR conflicts: 0 (0.00%)
----------------------------------------
==== System-wide Cache Statistics ====
Stall for miss queue full 0 cycles (0.00%)
----------------------------------------
==== Statistics for Master ID: 0 ====
Reads: 32177457   Writes: 34
ICACHE: size: 64 KB assoc: 2
ICACHE: hits:17864431 misses:8603571  Hit Ratio: 67.49%
DCACHE: size: 2*16 KB assoc: 2*4
DCACHE: hits:3792653 misses:1916836 writebacks:12  Hit Ratio: 66.43%
SCACHE: size: 512 KB assoc: 2
SCACHE: hits:2253204 misses:8267203  Hit Ratio: 21.42%
3CACHE: size: 4096 KB assoc: 2
3CACHE: hits:246485 misses:8020718  Hit Ratio: 2.98%
3CACHE: dirty items replaced:2198
ITLB: size: 48, misses 4, miss rate 0.00%
DTLB: size: 128, misses 21, miss rate 0.00%
Avg mem delay: 1.454 cycles
----------------------------------------
==== Statistics for Master ID: 2 ====
Reads: 49250716   Writes: 35
ICACHE: size: 64 KB assoc: 2
ICACHE: hits:29298941 misses:8615132  Hit Ratio: 77.28%
DCACHE: size: 1*16 KB assoc: 1*4
DCACHE: hits:8850813 misses:2485867 writebacks:13  Hit Ratio: 78.07%
SCACHE: size: 512 KB assoc: 2
SCACHE: hits:2853699 misses:8247298  Hit Ratio: 25.71%
3CACHE: size: 4096 KB assoc: 2
3CACHE: hits:218176 misses:8029122  Hit Ratio: 2.65%
3CACHE: dirty items replaced:2123
ITLB: size: 48, misses 4, miss rate 0.00%
DTLB: size: 128, misses 21, miss rate 0.00%
Avg mem delay: 1.454 cycles
----------------------------------------
==== Statistics for Master ID: 3 ====
Reads: 96042919   Writes: 42059038
ICACHE: size: 64 KB assoc: 2
ICACHE: hits:58474782 misses:8239600  Hit Ratio: 87.65%
DCACHE: size: 1*16 KB assoc: 1*4
DCACHE: hits:70127399 misses:1260175 writebacks:798754  Hit Ratio: 98.23%
SCACHE: size: 512 KB assoc: 2
SCACHE: hits:1223896 misses:8275879  Hit Ratio: 12.88%
3CACHE: size: 4096 KB assoc: 2
3CACHE: hits:211053 misses:8064826  Hit Ratio: 2.55%
3CACHE: dirty items replaced:2112
ITLB: size: 48, misses 4, miss rate 0.00%
DTLB: size: 128, misses 75, miss rate 0.00%
Avg mem delay: 1.454 cycles
----------------------------------------
==== Global Resource Utilization ====
STASH: size: 65536 entries, full 717335365, empty 705, misses 63, full rate 100.00
icache bank util. 0.076 0.036 0.004 0.000 0.000 0.000 0.000 0.013 
dcache bank util. 0.005 0.005 0.010 0.023 0.005 0.009 0.005 0.005 
L2 bank util. 0.137 0.008 0.003 0.003 0.003 0.003 0.003 0.003 
L1-L2 bus util. = 0.060, L3 util. = 0.151
----------------------------------------

======================== 切片硬件状态 ========================
切片号 | 所属安全域 | 当前状态    | 路扩展 | LRU touched
------------------------------------------------------------------
  0    |   域0      | 正常运行   |  是   |  1600999495
  1    |   域3      | 正常运行   |  否   |  1600999962
  2    |   域0      | 正常运行   |  是   |  1600999879
  3    |   域2      | 正常运行   |  否   |  1600999878
==================================================================

branch prediction, hits = 24079344, misses = 181734, hit rate = 99.25%
return_stack prediction, hits = 87936, misses = 7245414, hit rate = 1.20%
jump prediction, hits = 44325621, misses = 72, hit rate = 100.00%

**** Debug Statistics at 1701000000 Cycles *****
Threads: 4		Fetch Width: 8
No of useful instructions fetched:	537418826 (3.95% proc util.)
No of total instructions fetched:	731427250 (5.37% proc util.)
 includes 213 misfetch (0.0%), 194008211 (26.5%) wrong-path fetches
 and 0 flushed after failed lock(0.0%)
No of useful instructions issued/executed:	537418826 (3.95% proc util.)
No of total instructions issued/executed:	649456379 (4.77% proc util.)
 includes 112037553 wrong-path (17.3%) insts and 0 flushed (0.0%)
	fp 0, 0.00%
	synch 0, 0.00%
	integer 555470763, 85.53%
	load/store 93985616, 14.47%
Avg size of int IQ (before scheduling): 2.68
Avg size of fp IQ (before scheduling): 0.00
No of cycles taken:		1701000000
Parallelism [ 0.096, 0.000, 0.119, 0.101,] = 0.316
 IQ conflicts: 497408 (0.03%), FQ conflicts: 0 (0.00%) 
 I reg conflicts: 19196987 (1.13%), FP reg conflicts: 0 (0.00%)
  Activelist confs: 0 (0.00%), ROB confs: 0 (0.00%)
  Int unit conflicts: 35951947 (2.11%), FP unit conflicts: 0 (0.00%)
  Load/store unit conflicts: 21896 (0.00%)
  MSHR conflicts: 0 (0.00%)
----------------------------------------
==== System-wide Cache Statistics ====
Stall for miss queue full 0 cycles (0.00%)
----------------------------------------
==== Statistics for Master ID: 0 ====
Reads: 34190158   Writes: 34
ICACHE: size: 64 KB assoc: 2
ICACHE: hits:18981849 misses:9141232  Hit Ratio: 67.50%
DCACHE: size: 2*16 KB assoc: 2*4
DCACHE: hits:4030820 misses:2036291 writebacks:12  Hit Ratio: 66.44%
SCACHE: size: 512 KB assoc: 2
SCACHE: hits:2393926 misses:8783597  Hit Ratio: 21.42%
3CACHE: size: 4096 KB assoc: 2
3CACHE: hits:262069 misses:8521527  Hit Ratio: 2.98%
3CACHE: dirty items replaced:2333
ITLB: size: 48, misses 4, miss rate 0.00%
DTLB: size: 128, misses 21, miss rate 0.00%
Avg mem delay: 1.453 cycles
----------------------------------------
==== Statistics for Master ID: 2 ====
Reads: 52323311   Writes: 35
ICACHE: size: 64 KB assoc: 2
ICACHE: hits:31126819 misses:9153677  Hit Ratio: 77.28%
DCACHE: size: 1*16 KB assoc: 1*4
DCACHE: hits:9401023 misses:2641829 writebacks:13  Hit Ratio: 78.06%
SCACHE: size: 512 KB assoc: 2
SCACHE: hits:3033241 misses:8762263  Hit Ratio: 25.72%
3CACHE: size: 4096 KB assoc: 2
3CACHE: hits:231753 misses:8530510  Hit Ratio: 2.64%
3CACHE: dirty items replaced:2251
ITLB: size: 48, misses 4, miss rate 0.00%
DTLB: size: 128, misses 21, miss rate 0.00%
Avg mem delay: 1.453 cycles
----------------------------------------
==== Statistics for Master ID: 3 ====
Reads: 102082654   Writes: 44705508
ICACHE: size: 64 KB assoc: 2
ICACHE: hits:62158435 misses:8754071  Hit Ratio: 87.66%
DCACHE: size: 1*16 KB assoc: 1*4
DCACHE: hits:74536654 misses:1339001 writebacks:848624  Hit Ratio: 98.24%
SCACHE: size: 512 KB assoc: 2
SCACHE: hits:1300534 misses:8792538  Hit Ratio: 12.89%
3CACHE: size: 4096 KB assoc: 2
3CACHE: hits:224289 misses:8568249  Hit Ratio: 2.55%
3CACHE: dirty items replaced:2242
ITLB: size: 48, misses 4, miss rate 0.00%
DTLB: size: 128, misses 75, miss rate 0.00%
Avg mem delay: 1.453 cycles
----------------------------------------
==== Global Resource Utilization ====
STASH: size: 65536 entries, full 762322730, empty 705, misses 63, full rate 100.00
icache bank util. 0.076 0.036 0.004 0.000 0.000 0.000 0.000 0.013 
dcache bank util. 0.005 0.005 0.010 0.023 0.005 0.009 0.005 0.005 
L2 bank util. 0.137 0.008 0.003 0.003 0.003 0.003 0.003 0.003 
L1-L2 bus util. = 0.060, L3 util. = 0.151
----------------------------------------

======================== 切片硬件状态 ========================
切片号 | 所属安全域 | 当前状态    | 路扩展 | LRU touched
------------------------------------------------------------------
  0    |   域0      | 正常运行   |  是   |  1700999430
  1    |   域3      | 正常运行   |  否   |  1700999907
  2    |   域0      | 正常运行   |  是   |  1700999816
  3    |   域2      | 正常运行   |  否   |  1700999836
==================================================================

branch prediction, hits = 25580882, misses = 193055, hit rate = 99.25%
return_stack prediction, hits = 93456, misses = 7700354, hit rate = 1.20%
jump prediction, hits = 47095747, misses = 72, hit rate = 100.00%

**** Debug Statistics at 1801000000 Cycles *****
Threads: 4		Fetch Width: 8
No of useful instructions fetched:	569271787 (3.95% proc util.)
No of total instructions fetched:	775176141 (5.38% proc util.)
 includes 213 misfetch (0.0%), 205904141 (26.6%) wrong-path fetches
 and 0 flushed after failed lock(0.0%)
No of useful instructions issued/executed:	569271787 (3.95% proc util.)
No of total instructions issued/executed:	688158667 (4.78% proc util.)
 includes 118886880 wrong-path (17.3%) insts and 0 flushed (0.0%)
	fp 0, 0.00%
	synch 0, 0.00%
	integer 588531916, 85.52%
	load/store 99626751, 14.48%
Avg size of int IQ (before scheduling): 2.68
Avg size of fp IQ (before scheduling): 0.00
No of cycles taken:		1801000000
Parallelism [ 0.096, 0.000, 0.119, 0.101,] = 0.316
 IQ conflicts: 526356 (0.03%), FQ conflicts: 0 (0.00%) 
 I reg conflicts: 20328186 (1.13%), FP reg conflicts: 0 (0.00%)
  Activelist confs: 0 (0.00%), ROB confs: 0 (0.00%)
  Int unit conflicts: 38121749 (2.12%), FP unit conflicts: 0 (0.00%)
  Load/store unit conflicts: 23082 (0.00%)
  MSHR conflicts: 0 (0.00%)
----------------------------------------
==== System-wide Cache Statistics ====
Stall for miss queue full 0 cycles (0.00%)
----------------------------------------
==== Statistics for Master ID: 0 ====
Reads: 36214838   Writes: 34
ICACHE: size: 64 KB assoc: 2
ICACHE: hits:20110038 misses:9679567  Hit Ratio: 67.51%
DCACHE: size: 2*16 KB assoc: 2*4
DCACHE: hits:4269618 misses:2155649 writebacks:12  Hit Ratio: 66.45%
SCACHE: size: 512 KB assoc: 2
SCACHE: hits:2535629 misses:9299587  Hit Ratio: 21.42%
3CACHE: size: 4096 KB assoc: 2
3CACHE: hits:277627 misses:9021960  Hit Ratio: 2.99%
3CACHE: dirty items replaced:2477
ITLB: size: 48, misses 4, miss rate 0.00%
DTLB: size: 128, misses 21, miss rate 0.00%
Avg mem delay: 1.452 cycles
----------------------------------------
==== Statistics for Master ID: 2 ====
Reads: 55420035   Writes: 35
ICACHE: size: 64 KB assoc: 2
ICACHE: hits:32973069 misses:9692578  Hit Ratio: 77.28%
DCACHE: size: 1*16 KB assoc: 1*4
DCACHE: hits:9955821 misses:2798604 writebacks:13  Hit Ratio: 78.06%
SCACHE: size: 512 KB assoc: 2
SCACHE: hits:3214040 misses:9277140  Hit Ratio: 25.73%
3CACHE: size: 4096 KB assoc: 2
3CACHE: hits:245680 misses:9031460  Hit Ratio: 2.65%
3CACHE: dirty items replaced:2381
ITLB: size: 48, misses 4, miss rate 0.00%
DTLB: size: 128, misses 21, miss rate 0.00%
Avg mem delay: 1.452 cycles
----------------------------------------
==== Statistics for Master ID: 3 ====
Reads: 108235761   Writes: 47411325
ICACHE: size: 64 KB assoc: 2
ICACHE: hits:65931554 misses:9268470  Hit Ratio: 87.67%
DCACHE: size: 1*16 KB assoc: 1*4
DCACHE: hits:79028158 misses:1418903 writebacks:899192  Hit Ratio: 98.24%
SCACHE: size: 512 KB assoc: 2
SCACHE: hits:1378426 misses:9308947  Hit Ratio: 12.90%
3CACHE: size: 4096 KB assoc: 2
3CACHE: hits:237667 misses:9071280  Hit Ratio: 2.55%
3CACHE: dirty items replaced:2366
ITLB: size: 48, misses 4, miss rate 0.00%
DTLB: size: 128, misses 75, miss rate 0.00%
Avg mem delay: 1.452 cycles
----------------------------------------
==== Global Resource Utilization ====
STASH: size: 65536 entries, full 807921255, empty 705, misses 63, full rate 100.00
icache bank util. 0.076 0.036 0.004 0.000 0.000 0.000 0.000 0.013 
dcache bank util. 0.005 0.005 0.010 0.024 0.005 0.009 0.005 0.005 
L2 bank util. 0.137 0.008 0.003 0.003 0.003 0.003 0.003 0.003 
L1-L2 bus util. = 0.060, L3 util. = 0.151
----------------------------------------

======================== 切片硬件状态 ========================
切片号 | 所属安全域 | 当前状态    | 路扩展 | LRU touched
------------------------------------------------------------------
  0    |   域0      | 正常运行   |  是   |  1800999368
  1    |   域3      | 正常运行   |  否   |  1800999839
  2    |   域0      | 正常运行   |  是   |  1800999754
  3    |   域2      | 正常运行   |  否   |  1800999980
==================================================================

branch prediction, hits = 27094087, misses = 204466, hit rate = 99.25%
return_stack prediction, hits = 99060, misses = 8161406, hit rate = 1.20%
jump prediction, hits = 49892315, misses = 72, hit rate = 100.00%

**** Debug Statistics at 1901000000 Cycles *****
Threads: 4		Fetch Width: 8
No of useful instructions fetched:	600868626 (3.95% proc util.)
No of total instructions fetched:	818080766 (5.38% proc util.)
 includes 213 misfetch (0.0%), 217211927 (26.6%) wrong-path fetches
 and 0 flushed after failed lock(0.0%)
No of useful instructions issued/executed:	600868626 (3.95% proc util.)
No of total instructions issued/executed:	726287837 (4.78% proc util.)
 includes 125419211 wrong-path (17.3%) insts and 0 flushed (0.0%)
	fp 0, 0.00%
	synch 0, 0.00%
	integer 621143597, 85.52%
	load/store 105144240, 14.48%
Avg size of int IQ (before scheduling): 2.68
Avg size of fp IQ (before scheduling): 0.00
No of cycles taken:		1901000000
Parallelism [ 0.096, 0.000, 0.119, 0.101,] = 0.316
 IQ conflicts: 555791 (0.03%), FQ conflicts: 0 (0.00%) 
 I reg conflicts: 21459210 (1.13%), FP reg conflicts: 0 (0.00%)
  Activelist confs: 0 (0.00%), ROB confs: 0 (0.00%)
  Int unit conflicts: 40239431 (2.12%), FP unit conflicts: 0 (0.00%)
  Load/store unit conflicts: 24354 (0.00%)
  MSHR conflicts: 0 (0.00%)
----------------------------------------
==== System-wide Cache Statistics ====
Stall for miss queue full 0 cycles (0.00%)
----------------------------------------
==== Statistics for Master ID: 0 ====
Reads: 38221534   Writes: 34
ICACHE: size: 64 KB assoc: 2
ICACHE: hits:21223435 misses:10216723  Hit Ratio: 67.50%
DCACHE: size: 2*16 KB assoc: 2*4
DCACHE: hits:4506782 misses:2274628 writebacks:12  Hit Ratio: 66.46%
SCACHE: size: 512 KB assoc: 2
SCACHE: hits:2675359 misses:9815992  Hit Ratio: 21.42%
3CACHE: size: 4096 KB assoc: 2
3CACHE: hits:293166 misses:9522826  Hit Ratio: 2.99%
3CACHE: dirty items replaced:2615
ITLB: size: 48, misses 4, miss rate 0.00%
DTLB: size: 128, misses 21, miss rate 0.00%
Avg mem delay: 1.452 cycles
----------------------------------------
==== Statistics for Master ID: 2 ====
Reads: 58501564   Writes: 35
ICACHE: size: 64 KB assoc: 2
ICACHE: hits:34807938 misses:10230519  Hit Ratio: 77.28%
DCACHE: size: 1*16 KB assoc: 1*4
DCACHE: hits:10509060 misses:2954084 writebacks:13  Hit Ratio: 78.06%
SCACHE: size: 512 KB assoc: 2
SCACHE: hits:3392456 misses:9792145  Hit Ratio: 25.73%
3CACHE: size: 4096 KB assoc: 2
3CACHE: hits:259314 misses:9532831  Hit Ratio: 2.65%
3CACHE: dirty items replaced:2512
ITLB: size: 48, misses 4, miss rate 0.00%
DTLB: size: 128, misses 21, miss rate 0.00%
Avg mem delay: 1.452 cycles
----------------------------------------
==== Statistics for Master ID: 3 ====
Reads: 114229541   Writes: 50026298
ICACHE: size: 64 KB assoc: 2
ICACHE: hits:69573142 misses:9783008  Hit Ratio: 87.67%
DCACHE: size: 1*16 KB assoc: 1*4
DCACHE: hits:83402110 misses:1497578 writebacks:948973  Hit Ratio: 98.24%
SCACHE: size: 512 KB assoc: 2
SCACHE: hits:1455043 misses:9825543  Hit Ratio: 12.90%
3CACHE: size: 4096 KB assoc: 2
3CACHE: hits:250855 misses:9574688  Hit Ratio: 2.55%
3CACHE: dirty items replaced:2493
ITLB: size: 48, misses 4, miss rate 0.00%
DTLB: size: 128, misses 75, miss rate 0.00%
Avg mem delay: 1.452 cycles
----------------------------------------
==== Global Resource Utilization ====
STASH: size: 65536 entries, full 852648080, empty 705, misses 63, full rate 100.00
icache bank util. 0.076 0.036 0.004 0.000 0.000 0.000 0.000 0.013 
dcache bank util. 0.005 0.005 0.010 0.024 0.005 0.009 0.005 0.005 
L2 bank util. 0.137 0.008 0.003 0.003 0.003 0.003 0.003 0.003 
L1-L2 bus util. = 0.060, L3 util. = 0.151
----------------------------------------

======================== 切片硬件状态 ========================
切片号 | 所属安全域 | 当前状态    | 路扩展 | LRU touched
------------------------------------------------------------------
  0    |   域0      | 正常运行   |  是   |  1900999371
  1    |   域3      | 正常运行   |  否   |  1900999846
  2    |   域0      | 正常运行   |  是   |  1900999757
  3    |   域2      | 正常运行   |  否   |  1900999961
==================================================================

branch prediction, hits = 28595501, misses = 215825, hit rate = 99.25%
return_stack prediction, hits = 104568, misses = 8615651, hit rate = 1.20%
jump prediction, hits = 52661763, misses = 72, hit rate = 100.00%

**** Debug Statistics at 2001000000 Cycles *****
Threads: 4		Fetch Width: 8
No of useful instructions fetched:	632943016 (3.95% proc util.)
No of total instructions fetched:	861963569 (5.38% proc util.)
 includes 213 misfetch (0.0%), 229020340 (26.6%) wrong-path fetches
 and 0 flushed after failed lock(0.0%)
No of useful instructions issued/executed:	632943016 (3.95% proc util.)
No of total instructions issued/executed:	765181853 (4.78% proc util.)
 includes 132238837 wrong-path (17.3%) insts and 0 flushed (0.0%)
	fp 0, 0.00%
	synch 0, 0.00%
	integer 654386792, 85.52%
	load/store 110795061, 14.48%
Avg size of int IQ (before scheduling): 2.68
Avg size of fp IQ (before scheduling): 0.00
No of cycles taken:		2001000000
Parallelism [ 0.096, 0.000, 0.119, 0.101,] = 0.316
 IQ conflicts: 586897 (0.03%), FQ conflicts: 0 (0.00%) 
 I reg conflicts: 22669284 (1.13%), FP reg conflicts: 0 (0.00%)
  Activelist confs: 0 (0.00%), ROB confs: 0 (0.00%)
  Int unit conflicts: 42440456 (2.12%), FP unit conflicts: 0 (0.00%)
  Load/store unit conflicts: 25823 (0.00%)
  MSHR conflicts: 0 (0.00%)
----------------------------------------
==== System-wide Cache Statistics ====
Stall for miss queue full 0 cycles (0.00%)
----------------------------------------
==== Statistics for Master ID: 0 ====
Reads: 40263548   Writes: 34
ICACHE: size: 64 KB assoc: 2
ICACHE: hits:22366072 misses:10754751  Hit Ratio: 67.53%
DCACHE: size: 2*16 KB assoc: 2*4
DCACHE: hits:4747398 misses:2395361 writebacks:12  Hit Ratio: 66.46%
SCACHE: size: 512 KB assoc: 2
SCACHE: hits:2818261 misses:10331851  Hit Ratio: 21.43%
3CACHE: size: 4096 KB assoc: 2
3CACHE: hits:308925 misses:10022926  Hit Ratio: 2.99%
3CACHE: dirty items replaced:2764
ITLB: size: 48, misses 4, miss rate 0.00%
DTLB: size: 128, misses 21, miss rate 0.00%
Avg mem delay: 1.452 cycles
----------------------------------------
==== Statistics for Master ID: 2 ====
Reads: 61629904   Writes: 35
ICACHE: size: 64 KB assoc: 2
ICACHE: hits:36679593 misses:10769303  Hit Ratio: 77.30%
DCACHE: size: 1*16 KB assoc: 1*4
DCACHE: hits:11068901 misses:3112144 writebacks:13  Hit Ratio: 78.05%
SCACHE: size: 512 KB assoc: 2
SCACHE: hits:3574703 misses:10306742  Hit Ratio: 25.75%
3CACHE: size: 4096 KB assoc: 2
3CACHE: hits:273225 misses:10033517  Hit Ratio: 2.65%
3CACHE: dirty items replaced:2649
ITLB: size: 48, misses 4, miss rate 0.00%
DTLB: size: 128, misses 21, miss rate 0.00%
Avg mem delay: 1.452 cycles
----------------------------------------
==== Statistics for Master ID: 3 ====
Reads: 120384958   Writes: 52726880
ICACHE: size: 64 KB assoc: 2
ICACHE: hits:73343073 misses:10297505  Hit Ratio: 87.69%
DCACHE: size: 1*16 KB assoc: 1*4
DCACHE: hits:87893508 misses:1577751 writebacks:999693  Hit Ratio: 98.24%
SCACHE: size: 512 KB assoc: 2
SCACHE: hits:1533337 misses:10341919  Hit Ratio: 12.91%
3CACHE: size: 4096 KB assoc: 2
3CACHE: hits:264474 misses:10077443  Hit Ratio: 2.56%
3CACHE: dirty items replaced:2636
ITLB: size: 48, misses 4, miss rate 0.00%
DTLB: size: 128, misses 75, miss rate 0.00%
Avg mem delay: 1.452 cycles
----------------------------------------
==== Global Resource Utilization ====
STASH: size: 65536 entries, full 898385856, empty 705, misses 63, full rate 100.00
icache bank util. 0.076 0.036 0.004 0.000 0.000 0.000 0.000 0.013 
dcache bank util. 0.005 0.005 0.010 0.024 0.005 0.009 0.005 0.005 
L2 bank util. 0.137 0.008 0.003 0.003 0.003 0.003 0.003 0.003 
L1-L2 bus util. = 0.060, L3 util. = 0.151
----------------------------------------

======================== 切片硬件状态 ========================
切片号 | 所属安全域 | 当前状态    | 路扩展 | LRU touched
------------------------------------------------------------------
  0    |   域0      | 正常运行   |  是   |  2000999847
  1    |   域3      | 正常运行   |  否   |  2000999992
  2    |   域0      | 正常运行   |  是   |  2000997155
  3    |   域2      | 正常运行   |  否   |  2000999931
==================================================================

branch prediction, hits = 30119349, misses = 227333, hit rate = 99.25%
return_stack prediction, hits = 110172, misses = 9078031, hit rate = 1.20%
jump prediction, hits = 55474753, misses = 72, hit rate = 100.00%

**** Debug Statistics at 2101000000 Cycles *****
Threads: 4		Fetch Width: 8
No of useful instructions fetched:	664884859 (3.96% proc util.)
No of total instructions fetched:	905716868 (5.39% proc util.)
 includes 213 misfetch (0.0%), 240831796 (26.6%) wrong-path fetches
 and 0 flushed after failed lock(0.0%)
No of useful instructions issued/executed:	664884859 (3.96% proc util.)
No of total instructions issued/executed:	803944270 (4.78% proc util.)
 includes 139059411 wrong-path (17.3%) insts and 0 flushed (0.0%)
	fp 0, 0.00%
	synch 0, 0.00%
	integer 687505249, 85.52%
	load/store 116439021, 14.48%
Avg size of int IQ (before scheduling): 2.69
Avg size of fp IQ (before scheduling): 0.00
No of cycles taken:		2101000000
Parallelism [ 0.096, 0.000, 0.119, 0.101,] = 0.316
 IQ conflicts: 617088 (0.03%), FQ conflicts: 0 (0.00%) 
 I reg conflicts: 23834014 (1.13%), FP reg conflicts: 0 (0.00%)
  Activelist confs: 0 (0.00%), ROB confs: 0 (0.00%)
  Int unit conflicts: 44611301 (2.12%), FP unit conflicts: 0 (0.00%)
  Load/store unit conflicts: 27156 (0.00%)
  MSHR conflicts: 0 (0.00%)
----------------------------------------
==== System-wide Cache Statistics ====
Stall for miss queue full 0 cycles (0.00%)
----------------------------------------
==== Statistics for Master ID: 0 ====
Reads: 42289271   Writes: 34
ICACHE: size: 64 KB assoc: 2
ICACHE: hits:23494052 misses:11293307  Hit Ratio: 67.54%
DCACHE: size: 2*16 KB assoc: 2*4
DCACHE: hits:4986917 misses:2515029 writebacks:12  Hit Ratio: 66.47%
SCACHE: size: 512 KB assoc: 2
SCACHE: hits:2959973 misses:10848363  Hit Ratio: 21.44%
3CACHE: size: 4096 KB assoc: 2
3CACHE: hits:324687 misses:10523676  Hit Ratio: 2.99%
3CACHE: dirty items replaced:2923
ITLB: size: 48, misses 4, miss rate 0.00%
DTLB: size: 128, misses 21, miss rate 0.00%
Avg mem delay: 1.453 cycles
----------------------------------------
==== Statistics for Master ID: 2 ====
Reads: 64737887   Writes: 35
ICACHE: size: 64 KB assoc: 2
ICACHE: hits:38534908 misses:11308452  Hit Ratio: 77.31%
DCACHE: size: 1*16 KB assoc: 1*4
DCACHE: hits:11625725 misses:3268839 writebacks:13  Hit Ratio: 78.05%
SCACHE: size: 512 KB assoc: 2
SCACHE: hits:3755312 misses:10821977  Hit Ratio: 25.76%
3CACHE: size: 4096 KB assoc: 2
3CACHE: hits:287192 misses:10534785  Hit Ratio: 2.65%
3CACHE: dirty items replaced:2806
ITLB: size: 48, misses 4, miss rate 0.00%
DTLB: size: 128, misses 21, miss rate 0.00%
Avg mem delay: 1.453 cycles
----------------------------------------
==== Statistics for Master ID: 3 ====
Reads: 126538513   Writes: 55427632
ICACHE: size: 64 KB assoc: 2
ICACHE: hits:77111499 misses:10812132  Hit Ratio: 87.70%
DCACHE: size: 1*16 KB assoc: 1*4
DCACHE: hits:92384638 misses:1657875 writebacks:1050422  Hit Ratio: 98.24%
SCACHE: size: 512 KB assoc: 2
SCACHE: hits:1611000 misses:10859007  Hit Ratio: 12.92%
3CACHE: size: 4096 KB assoc: 2
3CACHE: hits:278203 misses:10580804  Hit Ratio: 2.56%
3CACHE: dirty items replaced:2794
ITLB: size: 48, misses 4, miss rate 0.00%
DTLB: size: 128, misses 75, miss rate 0.00%
Avg mem delay: 1.453 cycles
----------------------------------------
==== Global Resource Utilization ====
STASH: size: 65536 entries, full 943992588, empty 705, misses 63, full rate 100.00
icache bank util. 0.076 0.036 0.004 0.000 0.000 0.000 0.000 0.013 
dcache bank util. 0.005 0.005 0.010 0.024 0.005 0.009 0.005 0.005 
L2 bank util. 0.137 0.008 0.003 0.003 0.003 0.003 0.003 0.003 
L1-L2 bus util. = 0.060, L3 util. = 0.151
----------------------------------------

======================== 切片硬件状态 ========================
切片号 | 所属安全域 | 当前状态    | 路扩展 | LRU touched
------------------------------------------------------------------
  0    |   域0      | 正常运行   |  是   |  2100999900
  1    |   域3      | 正常运行   |  否   |  2100999851
  2    |   域0      | 正常运行   |  是   |  2100999128
  3    |   域2      | 正常运行   |  否   |  2100999950
==================================================================

branch prediction, hits = 31636837, misses = 238774, hit rate = 99.25%
return_stack prediction, hits = 115776, misses = 9539894, hit rate = 1.20%
jump prediction, hits = 58278740, misses = 72, hit rate = 100.00%

**** Debug Statistics at 2201000000 Cycles *****
Threads: 4		Fetch Width: 8
No of useful instructions fetched:	696617515 (3.96% proc util.)
No of total instructions fetched:	948933549 (5.39% proc util.)
 includes 213 misfetch (0.0%), 252315821 (26.6%) wrong-path fetches
 and 0 flushed after failed lock(0.0%)
No of useful instructions issued/executed:	696617476 (3.96% proc util.)
No of total instructions issued/executed:	842314321 (4.78% proc util.)
 includes 145696845 wrong-path (17.3%) insts and 0 flushed (0.0%)
	fp 0, 0.00%
	synch 0, 0.00%
	integer 720316365, 85.52%
	load/store 121997956, 14.48%
Avg size of int IQ (before scheduling): 2.69
Avg size of fp IQ (before scheduling): 0.00
No of cycles taken:		2201000000
Parallelism [ 0.096, 0.000, 0.119, 0.101,] = 0.317
 IQ conflicts: 646344 (0.03%), FQ conflicts: 0 (0.00%) 
 I reg conflicts: 24964995 (1.13%), FP reg conflicts: 0 (0.00%)
  Activelist confs: 0 (0.00%), ROB confs: 0 (0.00%)
  Int unit conflicts: 46753659 (2.12%), FP unit conflicts: 0 (0.00%)
  Load/store unit conflicts: 28454 (0.00%)
  MSHR conflicts: 0 (0.00%)
----------------------------------------
==== System-wide Cache Statistics ====
Stall for miss queue full 0 cycles (0.00%)
----------------------------------------
==== Statistics for Master ID: 0 ====
Reads: 44308806   Writes: 34
ICACHE: size: 64 KB assoc: 2
ICACHE: hits:24618032 misses:11831056  Hit Ratio: 67.54%
DCACHE: size: 2*16 KB assoc: 2*4
DCACHE: hits:5225248 misses:2634504 writebacks:12  Hit Ratio: 66.48%
SCACHE: size: 512 KB assoc: 2
SCACHE: hits:3100911 misses:11364649  Hit Ratio: 21.44%
3CACHE: size: 4096 KB assoc: 2
3CACHE: hits:340119 misses:11024530  Hit Ratio: 2.99%
3CACHE: dirty items replaced:3056
ITLB: size: 48, misses 4, miss rate 0.00%
DTLB: size: 128, misses 21, miss rate 0.00%
Avg mem delay: 1.452 cycles
----------------------------------------
==== Statistics for Master ID: 2 ====
Reads: 67829629   Writes: 35
ICACHE: size: 64 KB assoc: 2
ICACHE: hits:40376970 misses:11846984  Hit Ratio: 77.32%
DCACHE: size: 1*16 KB assoc: 1*4
DCACHE: hits:12180102 misses:3425610 writebacks:13  Hit Ratio: 78.05%
SCACHE: size: 512 KB assoc: 2
SCACHE: hits:3935577 misses:11337015  Hit Ratio: 25.77%
3CACHE: size: 4096 KB assoc: 2
3CACHE: hits:300902 misses:11036113  Hit Ratio: 2.65%
3CACHE: dirty items replaced:2934
ITLB: size: 48, misses 4, miss rate 0.00%
DTLB: size: 128, misses 21, miss rate 0.00%
Avg mem delay: 1.452 cycles
----------------------------------------
==== Statistics for Master ID: 3 ====
Reads: 132583195   Writes: 58070474
ICACHE: size: 64 KB assoc: 2
ICACHE: hits:80794497 misses:11326677  Hit Ratio: 87.70%
DCACHE: size: 1*16 KB assoc: 1*4
DCACHE: hits:96795444 misses:1737050 writebacks:1100523  Hit Ratio: 98.24%
SCACHE: size: 512 KB assoc: 2
SCACHE: hits:1687997 misses:11375730  Hit Ratio: 12.92%
3CACHE: size: 4096 KB assoc: 2
3CACHE: hits:291619 misses:11084111  Hit Ratio: 2.56%
3CACHE: dirty items replaced:2920
ITLB: size: 48, misses 4, miss rate 0.00%
DTLB: size: 128, misses 75, miss rate 0.00%
Avg mem delay: 1.452 cycles
----------------------------------------
==== Global Resource Utilization ====
STASH: size: 65536 entries, full 989041669, empty 705, misses 63, full rate 100.00
icache bank util. 0.076 0.036 0.004 0.000 0.000 0.000 0.000 0.013 
dcache bank util. 0.005 0.005 0.010 0.024 0.005 0.009 0.005 0.005 
L2 bank util. 0.137 0.008 0.003 0.003 0.003 0.003 0.003 0.003 
L1-L2 bus util. = 0.060, L3 util. = 0.151
----------------------------------------

======================== 切片硬件状态 ========================
切片号 | 所属安全域 | 当前状态    | 路扩展 | LRU touched
------------------------------------------------------------------
  0    |   域0      | 正常运行   |  是   |  2200999971
  1    |   域3      | 正常运行   |  否   |  2200999861
  2    |   域0      | 正常运行   |  是   |  2200999987
  3    |   域2      | 正常运行   |  否   |  2200999998
==================================================================

branch prediction, hits = 33144479, misses = 250173, hit rate = 99.25%
return_stack prediction, hits = 121320, misses = 9996784, hit rate = 1.20%
jump prediction, hits = 61060535, misses = 72, hit rate = 100.00%

**** Debug Statistics at 2301000000 Cycles *****
Threads: 4		Fetch Width: 8
No of useful instructions fetched:	728272710 (3.96% proc util.)
No of total instructions fetched:	991925268 (5.39% proc util.)
 includes 213 misfetch (0.0%), 263652345 (26.6%) wrong-path fetches
 and 0 flushed after failed lock(0.0%)
No of useful instructions issued/executed:	728272703 (3.96% proc util.)
No of total instructions issued/executed:	880523596 (4.78% proc util.)
 includes 152250893 wrong-path (17.3%) insts and 0 flushed (0.0%)
	fp 0, 0.00%
	synch 0, 0.00%
	integer 752996027, 85.52%
	load/store 127527569, 14.48%
Avg size of int IQ (before scheduling): 2.69
Avg size of fp IQ (before scheduling): 0.00
No of cycles taken:		2301000000
Parallelism [ 0.096, 0.000, 0.119, 0.101,] = 0.317
 IQ conflicts: 675425 (0.03%), FQ conflicts: 0 (0.00%) 
 I reg conflicts: 26088066 (1.13%), FP reg conflicts: 0 (0.00%)
  Activelist confs: 0 (0.00%), ROB confs: 0 (0.00%)
  Int unit conflicts: 48873597 (2.12%), FP unit conflicts: 0 (0.00%)
  Load/store unit conflicts: 29801 (0.00%)
  MSHR conflicts: 0 (0.00%)
----------------------------------------
==== System-wide Cache Statistics ====
Stall for miss queue full 0 cycles (0.00%)
----------------------------------------
==== Statistics for Master ID: 0 ====
Reads: 46324971   Writes: 34
ICACHE: size: 64 KB assoc: 2
ICACHE: hits:25739398 misses:12368352  Hit Ratio: 67.54%
DCACHE: size: 2*16 KB assoc: 2*4
DCACHE: hits:5463458 misses:2753797 writebacks:12  Hit Ratio: 66.49%
SCACHE: size: 512 KB assoc: 2
SCACHE: hits:3240863 misses:11881286  Hit Ratio: 21.43%
3CACHE: size: 4096 KB assoc: 2
3CACHE: hits:355791 misses:11525494  Hit Ratio: 2.99%
3CACHE: dirty items replaced:3188
ITLB: size: 48, misses 4, miss rate 0.00%
DTLB: size: 128, misses 21, miss rate 0.00%
Avg mem delay: 1.453 cycles
----------------------------------------
==== Statistics for Master ID: 2 ====
Reads: 70911661   Writes: 35
ICACHE: size: 64 KB assoc: 2
ICACHE: hits:42212057 misses:12385065  Hit Ratio: 77.32%
DCACHE: size: 1*16 KB assoc: 1*4
DCACHE: hits:12732705 misses:3581871 writebacks:13  Hit Ratio: 78.04%
SCACHE: size: 512 KB assoc: 2
SCACHE: hits:4114769 misses:11852165  Hit Ratio: 25.77%
3CACHE: size: 4096 KB assoc: 2
3CACHE: hits:314458 misses:11537706  Hit Ratio: 2.65%
3CACHE: dirty items replaced:3070
ITLB: size: 48, misses 4, miss rate 0.00%
DTLB: size: 128, misses 21, miss rate 0.00%
Avg mem delay: 1.453 cycles
----------------------------------------
==== Statistics for Master ID: 3 ====
Reads: 138587246   Writes: 60693194
ICACHE: size: 64 KB assoc: 2
ICACHE: hits:84443194 misses:11841505  Hit Ratio: 87.70%
DCACHE: size: 1*16 KB assoc: 1*4
DCACHE: hits:101179868 misses:1815872 writebacks:1150433  Hit Ratio: 98.24%
SCACHE: size: 512 KB assoc: 2
SCACHE: hits:1764747 misses:11892630  Hit Ratio: 12.92%
3CACHE: size: 4096 KB assoc: 2
3CACHE: hits:305020 misses:11587609  Hit Ratio: 2.56%
3CACHE: dirty items replaced:3058
ITLB: size: 48, misses 4, miss rate 0.00%
DTLB: size: 128, misses 75, miss rate 0.00%
Avg mem delay: 1.453 cycles
----------------------------------------
==== Global Resource Utilization ====
STASH: size: 65536 entries, full 1033856144, empty 705, misses 63, full rate 100.00
icache bank util. 0.076 0.036 0.004 0.000 0.000 0.000 0.000 0.013 
dcache bank util. 0.005 0.005 0.010 0.024 0.005 0.009 0.005 0.005 
L2 bank util. 0.137 0.008 0.003 0.003 0.003 0.003 0.003 0.003 
L1-L2 bus util. = 0.060, L3 util. = 0.151
----------------------------------------

======================== 切片硬件状态 ========================
切片号 | 所属安全域 | 当前状态    | 路扩展 | LRU touched
------------------------------------------------------------------
  0    |   域0      | 正常运行   |  是   |  2300999563
  1    |   域3      | 正常运行   |  否   |  2300999994
  2    |   域0      | 正常运行   |  是   |  2300999091
  3    |   域2      | 正常运行   |  否   |  2300999997
==================================================================

branch prediction, hits = 34648429, misses = 261537, hit rate = 99.25%
return_stack prediction, hits = 126840, misses = 10450881, hit rate = 1.20%
jump prediction, hits = 63833476, misses = 72, hit rate = 100.00%

**** Debug Statistics at 2401000000 Cycles *****
Threads: 4		Fetch Width: 8
No of useful instructions fetched:	760129774 (3.96% proc util.)
No of total instructions fetched:	1035413581 (5.39% proc util.)
 includes 213 misfetch (0.0%), 275283594 (26.6%) wrong-path fetches
 and 0 flushed after failed lock(0.0%)
No of useful instructions issued/executed:	760129774 (3.96% proc util.)
No of total instructions issued/executed:	919093176 (4.78% proc util.)
 includes 158963402 wrong-path (17.3%) insts and 0 flushed (0.0%)
	fp 0, 0.00%
	synch 0, 0.00%
	integer 785966384, 85.52%
	load/store 133126792, 14.48%
Avg size of int IQ (before scheduling): 2.69
Avg size of fp IQ (before scheduling): 0.00
No of cycles taken:		2401000000
Parallelism [ 0.096, 0.000, 0.119, 0.101,] = 0.317
 IQ conflicts: 705295 (0.03%), FQ conflicts: 0 (0.00%) 
 I reg conflicts: 27240516 (1.13%), FP reg conflicts: 0 (0.00%)
  Activelist confs: 0 (0.00%), ROB confs: 0 (0.00%)
  Int unit conflicts: 51024407 (2.13%), FP unit conflicts: 0 (0.00%)
  Load/store unit conflicts: 31077 (0.00%)
  MSHR conflicts: 0 (0.00%)
----------------------------------------
==== System-wide Cache Statistics ====
Stall for miss queue full 0 cycles (0.00%)
----------------------------------------
==== Statistics for Master ID: 0 ====
Reads: 48351226   Writes: 34
ICACHE: size: 64 KB assoc: 2
ICACHE: hits:26869104 misses:12906205  Hit Ratio: 67.55%
DCACHE: size: 2*16 KB assoc: 2*4
DCACHE: hits:5701950 misses:2874001 writebacks:12  Hit Ratio: 66.49%
SCACHE: size: 512 KB assoc: 2
SCACHE: hits:3382772 misses:12397434  Hit Ratio: 21.44%
3CACHE: size: 4096 KB assoc: 2
3CACHE: hits:371430 misses:12026004  Hit Ratio: 3.00%
3CACHE: dirty items replaced:3327
ITLB: size: 48, misses 4, miss rate 0.00%
DTLB: size: 128, misses 21, miss rate 0.00%
Avg mem delay: 1.452 cycles
----------------------------------------
==== Statistics for Master ID: 2 ====
Reads: 74014005   Writes: 35
ICACHE: size: 64 KB assoc: 2
ICACHE: hits:44062597 misses:12923489  Hit Ratio: 77.32%
DCACHE: size: 1*16 KB assoc: 1*4
DCACHE: hits:13288895 misses:3739061 writebacks:13  Hit Ratio: 78.04%
SCACHE: size: 512 KB assoc: 2
SCACHE: hits:4295472 misses:12367076  Hit Ratio: 25.78%
3CACHE: size: 4096 KB assoc: 2
3CACHE: hits:328338 misses:12038738  Hit Ratio: 2.65%
3CACHE: dirty items replaced:3206
ITLB: size: 48, misses 4, miss rate 0.00%
DTLB: size: 128, misses 21, miss rate 0.00%
Avg mem delay: 1.452 cycles
----------------------------------------
==== Statistics for Master ID: 3 ====
Reads: 144682457   Writes: 63361850
ICACHE: size: 64 KB assoc: 2
ICACHE: hits:88165343 misses:12356076  Hit Ratio: 87.71%
DCACHE: size: 1*16 KB assoc: 1*4
DCACHE: hits:105627430 misses:1895457 writebacks:1200759  Hit Ratio: 98.24%
SCACHE: size: 512 KB assoc: 2
SCACHE: hits:1842410 misses:12409123  Hit Ratio: 12.93%
3CACHE: size: 4096 KB assoc: 2
3CACHE: hits:318466 misses:12090657  Hit Ratio: 2.57%
3CACHE: dirty items replaced:3200
ITLB: size: 48, misses 4, miss rate 0.00%
DTLB: size: 128, misses 75, miss rate 0.00%
Avg mem delay: 1.452 cycles
----------------------------------------
==== Global Resource Utilization ====
STASH: size: 65536 entries, full 1079188307, empty 705, misses 63, full rate 100.00
icache bank util. 0.076 0.036 0.004 0.000 0.000 0.000 0.000 0.013 
dcache bank util. 0.005 0.005 0.010 0.024 0.005 0.009 0.005 0.005 
L2 bank util. 0.137 0.008 0.003 0.003 0.003 0.003 0.003 0.003 
L1-L2 bus util. = 0.060, L3 util. = 0.151
----------------------------------------

======================== 切片硬件状态 ========================
切片号 | 所属安全域 | 当前状态    | 路扩展 | LRU touched
------------------------------------------------------------------
  0    |   域0      | 正常运行   |  是   |  2400999970
  1    |   域3      | 正常运行   |  否   |  2400999921
  2    |   域0      | 正常运行   |  是   |  2400998770
  3    |   域2      | 正常运行   |  否   |  2400999890
==================================================================

branch prediction, hits = 36161988, misses = 272972, hit rate = 99.25%
return_stack prediction, hits = 132408, misses = 10910648, hit rate = 1.20%
jump prediction, hits = 66628030, misses = 72, hit rate = 100.00%

**** Debug Statistics at 2501000000 Cycles *****
Threads: 4		Fetch Width: 8
No of useful instructions fetched:	791928146 (3.96% proc util.)
No of total instructions fetched:	1078878231 (5.39% proc util.)
 includes 213 misfetch (0.0%), 286949872 (26.6%) wrong-path fetches
 and 0 flushed after failed lock(0.0%)
No of useful instructions issued/executed:	791928131 (3.96% proc util.)
No of total instructions issued/executed:	957621548 (4.79% proc util.)
 includes 165693417 wrong-path (17.3%) insts and 0 flushed (0.0%)
	fp 0, 0.00%
	synch 0, 0.00%
	integer 818894692, 85.51%
	load/store 138726856, 14.49%
Avg size of int IQ (before scheduling): 2.69
Avg size of fp IQ (before scheduling): 0.00
No of cycles taken:		2501000000
Parallelism [ 0.096, 0.000, 0.119, 0.101,] = 0.317
 IQ conflicts: 735281 (0.03%), FQ conflicts: 0 (0.00%) 
 I reg conflicts: 28383547 (1.13%), FP reg conflicts: 0 (0.00%)
  Activelist confs: 0 (0.00%), ROB confs: 0 (0.00%)
  Int unit conflicts: 53182216 (2.13%), FP unit conflicts: 0 (0.00%)
  Load/store unit conflicts: 32319 (0.00%)
  MSHR conflicts: 0 (0.00%)
----------------------------------------
==== System-wide Cache Statistics ====
Stall for miss queue full 0 cycles (0.00%)
----------------------------------------
==== Statistics for Master ID: 0 ====
Reads: 50374688   Writes: 34
ICACHE: size: 64 KB assoc: 2
ICACHE: hits:27997030 misses:13443274  Hit Ratio: 67.56%
DCACHE: size: 2*16 KB assoc: 2*4
DCACHE: hits:5940789 misses:2993629 writebacks:12  Hit Ratio: 66.49%
SCACHE: size: 512 KB assoc: 2
SCACHE: hits:3523799 misses:12913104  Hit Ratio: 21.44%
3CACHE: size: 4096 KB assoc: 2
3CACHE: hits:386932 misses:12526171  Hit Ratio: 3.00%
3CACHE: dirty items replaced:3475
ITLB: size: 48, misses 4, miss rate 0.00%
DTLB: size: 128, misses 21, miss rate 0.00%
Avg mem delay: 1.452 cycles
----------------------------------------
==== Statistics for Master ID: 2 ====
Reads: 77105909   Writes: 35
ICACHE: size: 64 KB assoc: 2
ICACHE: hits:45906184 misses:13461488  Hit Ratio: 77.33%
DCACHE: size: 1*16 KB assoc: 1*4
DCACHE: hits:13842857 misses:3895417 writebacks:13  Hit Ratio: 78.04%
SCACHE: size: 512 KB assoc: 2
SCACHE: hits:4475534 misses:12881368  Hit Ratio: 25.79%
3CACHE: size: 4096 KB assoc: 2
3CACHE: hits:341973 misses:12539395  Hit Ratio: 2.65%
3CACHE: dirty items replaced:3345
ITLB: size: 48, misses 4, miss rate 0.00%
DTLB: size: 128, misses 21, miss rate 0.00%
Avg mem delay: 1.452 cycles
----------------------------------------
==== Statistics for Master ID: 3 ====
Reads: 150781453   Writes: 66035295
ICACHE: size: 64 KB assoc: 2
ICACHE: hits:91892551 misses:12870030  Hit Ratio: 87.72%
DCACHE: size: 1*16 KB assoc: 1*4
DCACHE: hits:110079203 misses:1974963 writebacks:1251059  Hit Ratio: 98.24%
SCACHE: size: 512 KB assoc: 2
SCACHE: hits:1919965 misses:12925028  Hit Ratio: 12.93%
3CACHE: size: 4096 KB assoc: 2
3CACHE: hits:331638 misses:12593390  Hit Ratio: 2.57%
3CACHE: dirty items replaced:3336
ITLB: size: 48, misses 4, miss rate 0.00%
DTLB: size: 128, misses 75, miss rate 0.00%
Avg mem delay: 1.452 cycles
----------------------------------------
==== Global Resource Utilization ====
STASH: size: 65536 entries, full 1124494264, empty 705, misses 63, full rate 100.00
icache bank util. 0.076 0.036 0.004 0.000 0.000 0.000 0.000 0.013 
dcache bank util. 0.005 0.005 0.010 0.024 0.005 0.009 0.005 0.005 
L2 bank util. 0.137 0.008 0.003 0.003 0.003 0.003 0.003 0.003 
L1-L2 bus util. = 0.060, L3 util. = 0.151
----------------------------------------

======================== 切片硬件状态 ========================
切片号 | 所属安全域 | 当前状态    | 路扩展 | LRU touched
------------------------------------------------------------------
  0    |   域0      | 正常运行   |  是   |  2500999801
  1    |   域3      | 正常运行   |  否   |  2500999953
  2    |   域0      | 正常运行   |  是   |  2500999401
  3    |   域2      | 正常运行   |  否   |  2500999796
==================================================================

branch prediction, hits = 37672426, misses = 284361, hit rate = 99.25%
return_stack prediction, hits = 137976, misses = 11369544, hit rate = 1.20%
jump prediction, hits = 69417158, misses = 72, hit rate = 100.00%

**** Debug Statistics at 2601000000 Cycles *****
Threads: 4		Fetch Width: 8
No of useful instructions fetched:	823600549 (3.96% proc util.)
No of total instructions fetched:	1121984282 (5.39% proc util.)
 includes 213 misfetch (0.0%), 298383520 (26.6%) wrong-path fetches
 and 0 flushed after failed lock(0.0%)
No of useful instructions issued/executed:	823600549 (3.96% proc util.)
No of total instructions issued/executed:	995896716 (4.79% proc util.)
 includes 172296167 wrong-path (17.3%) insts and 0 flushed (0.0%)
	fp 0, 0.00%
	synch 0, 0.00%
	integer 851626546, 85.51%
	load/store 144270170, 14.49%
Avg size of int IQ (before scheduling): 2.69
Avg size of fp IQ (before scheduling): 0.00
No of cycles taken:		2601000000
Parallelism [ 0.096, 0.000, 0.119, 0.101,] = 0.317
 IQ conflicts: 764664 (0.03%), FQ conflicts: 0 (0.00%) 
 I reg conflicts: 29520159 (1.13%), FP reg conflicts: 0 (0.00%)
  Activelist confs: 0 (0.00%), ROB confs: 0 (0.00%)
  Int unit conflicts: 55303612 (2.13%), FP unit conflicts: 0 (0.00%)
  Load/store unit conflicts: 33672 (0.00%)
  MSHR conflicts: 0 (0.00%)
----------------------------------------
==== System-wide Cache Statistics ====
Stall for miss queue full 0 cycles (0.00%)
----------------------------------------
==== Statistics for Master ID: 0 ====
Reads: 52387344   Writes: 34
ICACHE: size: 64 KB assoc: 2
ICACHE: hits:29115028 misses:13980565  Hit Ratio: 67.56%
DCACHE: size: 2*16 KB assoc: 2*4
DCACHE: hits:6178835 misses:3112950 writebacks:12  Hit Ratio: 66.50%
SCACHE: size: 512 KB assoc: 2
SCACHE: hits:3663945 misses:13429570  Hit Ratio: 21.43%
3CACHE: size: 4096 KB assoc: 2
3CACHE: hits:402582 misses:13026988  Hit Ratio: 3.00%
3CACHE: dirty items replaced:3611
ITLB: size: 48, misses 4, miss rate 0.00%
DTLB: size: 128, misses 21, miss rate 0.00%
Avg mem delay: 1.451 cycles
----------------------------------------
==== Statistics for Master ID: 2 ====
Reads: 80190622   Writes: 35
ICACHE: size: 64 KB assoc: 2
ICACHE: hits:47743265 misses:13999517  Hit Ratio: 77.33%
DCACHE: size: 1*16 KB assoc: 1*4
DCACHE: hits:14396473 misses:4051404 writebacks:13  Hit Ratio: 78.04%
SCACHE: size: 512 KB assoc: 2
SCACHE: hits:4654439 misses:13396480  Hit Ratio: 25.79%
3CACHE: size: 4096 KB assoc: 2
3CACHE: hits:355741 misses:13040739  Hit Ratio: 2.66%
3CACHE: dirty items replaced:3477
ITLB: size: 48, misses 4, miss rate 0.00%
DTLB: size: 128, misses 21, miss rate 0.00%
Avg mem delay: 1.451 cycles
----------------------------------------
==== Statistics for Master ID: 3 ====
Reads: 156805064   Writes: 68669371
ICACHE: size: 64 KB assoc: 2
ICACHE: hits:95559307 misses:13384617  Hit Ratio: 87.71%
DCACHE: size: 1*16 KB assoc: 1*4
DCACHE: hits:114476718 misses:2053792 writebacks:1300928  Hit Ratio: 98.24%
SCACHE: size: 512 KB assoc: 2
SCACHE: hits:1996679 misses:13441730  Hit Ratio: 12.93%
3CACHE: size: 4096 KB assoc: 2
3CACHE: hits:344953 misses:13096776  Hit Ratio: 2.57%
3CACHE: dirty items replaced:3466
ITLB: size: 48, misses 4, miss rate 0.00%
DTLB: size: 128, misses 75, miss rate 0.00%
Avg mem delay: 1.451 cycles
----------------------------------------
==== Global Resource Utilization ====
STASH: size: 65536 entries, full 1169425902, empty 705, misses 63, full rate 100.00
icache bank util. 0.076 0.036 0.004 0.000 0.000 0.000 0.000 0.013 
dcache bank util. 0.005 0.005 0.010 0.024 0.005 0.009 0.005 0.005 
L2 bank util. 0.138 0.008 0.003 0.003 0.003 0.003 0.003 0.003 
L1-L2 bus util. = 0.060, L3 util. = 0.151
----------------------------------------

======================== 切片硬件状态 ========================
切片号 | 所属安全域 | 当前状态    | 路扩展 | LRU touched
------------------------------------------------------------------
  0    |   域0      | 正常运行   |  是   |  2600999267
  1    |   域3      | 正常运行   |  否   |  2600999988
  2    |   域0      | 正常运行   |  是   |  2600999651
  3    |   域2      | 正常运行   |  否   |  2600999904
==================================================================

branch prediction, hits = 39177271, misses = 295736, hit rate = 99.25%
return_stack prediction, hits = 143496, misses = 11824484, hit rate = 1.20%
jump prediction, hits = 72192507, misses = 72, hit rate = 100.00%

**** Debug Statistics at 2701000000 Cycles *****
Threads: 4		Fetch Width: 8
No of useful instructions fetched:	855119472 (3.96% proc util.)
No of total instructions fetched:	1165073693 (5.39% proc util.)
 includes 213 misfetch (0.0%), 309954008 (26.6%) wrong-path fetches
 and 0 flushed after failed lock(0.0%)
No of useful instructions issued/executed:	855119472 (3.96% proc util.)
No of total instructions issued/executed:	1034090757 (4.79% proc util.)
 includes 178971285 wrong-path (17.3%) insts and 0 flushed (0.0%)
	fp 0, 0.00%
	synch 0, 0.00%
	integer 884268913, 85.51%
	load/store 149821844, 14.49%
Avg size of int IQ (before scheduling): 2.69
Avg size of fp IQ (before scheduling): 0.00
No of cycles taken:		2701000000
Parallelism [ 0.096, 0.000, 0.119, 0.101,] = 0.317
 IQ conflicts: 793530 (0.03%), FQ conflicts: 0 (0.00%) 
 I reg conflicts: 30622592 (1.13%), FP reg conflicts: 0 (0.00%)
  Activelist confs: 0 (0.00%), ROB confs: 0 (0.00%)
  Int unit conflicts: 57427544 (2.13%), FP unit conflicts: 0 (0.00%)
  Load/store unit conflicts: 34868 (0.00%)
  MSHR conflicts: 0 (0.00%)
----------------------------------------
==== System-wide Cache Statistics ====
Stall for miss queue full 0 cycles (0.00%)
----------------------------------------
==== Statistics for Master ID: 0 ====
Reads: 54388371   Writes: 34
ICACHE: size: 64 KB assoc: 2
ICACHE: hits:30223360 misses:14517822  Hit Ratio: 67.55%
DCACHE: size: 2*16 KB assoc: 2*4
DCACHE: hits:6415953 misses:3231270 writebacks:12  Hit Ratio: 66.51%
SCACHE: size: 512 KB assoc: 2
SCACHE: hits:3803272 misses:13945820  Hit Ratio: 21.43%
3CACHE: size: 4096 KB assoc: 2
3CACHE: hits:418021 misses:13527799  Hit Ratio: 3.00%
3CACHE: dirty items replaced:3748
ITLB: size: 48, misses 4, miss rate 0.00%
DTLB: size: 128, misses 21, miss rate 0.00%
Avg mem delay: 1.451 cycles
----------------------------------------
==== Statistics for Master ID: 2 ====
Reads: 83249174   Writes: 35
ICACHE: size: 64 KB assoc: 2
ICACHE: hits:49559730 misses:14537712  Hit Ratio: 77.32%
DCACHE: size: 1*16 KB assoc: 1*4
DCACHE: hits:14945400 misses:4206369 writebacks:13  Hit Ratio: 78.04%
SCACHE: size: 512 KB assoc: 2
SCACHE: hits:4832588 misses:13911491  Hit Ratio: 25.78%
3CACHE: size: 4096 KB assoc: 2
3CACHE: hits:369458 misses:13542033  Hit Ratio: 2.66%
3CACHE: dirty items replaced:3610
ITLB: size: 48, misses 4, miss rate 0.00%
DTLB: size: 128, misses 21, miss rate 0.00%
Avg mem delay: 1.451 cycles
----------------------------------------
==== Statistics for Master ID: 3 ====
Reads: 162847904   Writes: 71320188
ICACHE: size: 64 KB assoc: 2
ICACHE: hits:99246278 misses:13898959  Hit Ratio: 87.72%
DCACHE: size: 1*16 KB assoc: 1*4
DCACHE: hits:118890194 misses:2132660 writebacks:1350843  Hit Ratio: 98.24%
SCACHE: size: 512 KB assoc: 2
SCACHE: hits:2073274 misses:13958345  Hit Ratio: 12.93%
3CACHE: size: 4096 KB assoc: 2
3CACHE: hits:358272 misses:13600073  Hit Ratio: 2.57%
3CACHE: dirty items replaced:3597
ITLB: size: 48, misses 4, miss rate 0.00%
DTLB: size: 128, misses 75, miss rate 0.00%
Avg mem delay: 1.451 cycles
----------------------------------------
==== Global Resource Utilization ====
STASH: size: 65536 entries, full 1214340653, empty 705, misses 63, full rate 100.00
icache bank util. 0.076 0.036 0.004 0.000 0.000 0.000 0.000 0.013 
dcache bank util. 0.005 0.005 0.010 0.024 0.005 0.009 0.005 0.005 
L2 bank util. 0.138 0.008 0.003 0.003 0.003 0.003 0.003 0.003 
L1-L2 bus util. = 0.060, L3 util. = 0.151
----------------------------------------

======================== 切片硬件状态 ========================
切片号 | 所属安全域 | 当前状态    | 路扩展 | LRU touched
------------------------------------------------------------------
  0    |   域0      | 正常运行   |  是   |  2700999749
  1    |   域3      | 正常运行   |  否   |  2700999900
  2    |   域0      | 正常运行   |  是   |  2700996549
  3    |   域2      | 正常运行   |  否   |  2700999970
==================================================================

branch prediction, hits = 40674356, misses = 307022, hit rate = 99.25%
return_stack prediction, hits = 149016, misses = 12279424, hit rate = 1.20%
jump prediction, hits = 74957013, misses = 72, hit rate = 100.00%

**** Debug Statistics at 2801000000 Cycles *****
Threads: 4		Fetch Width: 8
No of useful instructions fetched:	886426111 (3.96% proc util.)
No of total instructions fetched:	1207631238 (5.39% proc util.)
 includes 213 misfetch (0.0%), 321204914 (26.6%) wrong-path fetches
 and 0 flushed after failed lock(0.0%)
No of useful instructions issued/executed:	886426067 (3.96% proc util.)
No of total instructions issued/executed:	1071889318 (4.78% proc util.)
 includes 185463251 wrong-path (17.3%) insts and 0 flushed (0.0%)
	fp 0, 0.00%
	synch 0, 0.00%
	integer 916602230, 85.51%
	load/store 155287088, 14.49%
Avg size of int IQ (before scheduling): 2.69
Avg size of fp IQ (before scheduling): 0.00
No of cycles taken:		2801000000
Parallelism [ 0.096, 0.000, 0.119, 0.101,] = 0.316
 IQ conflicts: 821686 (0.03%), FQ conflicts: 0 (0.00%) 
 I reg conflicts: 31709802 (1.13%), FP reg conflicts: 0 (0.00%)
  Activelist confs: 0 (0.00%), ROB confs: 0 (0.00%)
  Int unit conflicts: 59506753 (2.12%), FP unit conflicts: 0 (0.00%)
  Load/store unit conflicts: 36014 (0.00%)
  MSHR conflicts: 0 (0.00%)
----------------------------------------
==== System-wide Cache Statistics ====
Stall for miss queue full 0 cycles (0.00%)
----------------------------------------
==== Statistics for Master ID: 0 ====
Reads: 56379879   Writes: 34
ICACHE: size: 64 KB assoc: 2
ICACHE: hits:31323675 misses:15054952  Hit Ratio: 67.54%
DCACHE: size: 2*16 KB assoc: 2*4
DCACHE: hits:6652116 misses:3349170 writebacks:12  Hit Ratio: 66.51%
SCACHE: size: 512 KB assoc: 2
SCACHE: hits:3941847 misses:14462275  Hit Ratio: 21.42%
3CACHE: size: 4096 KB assoc: 2
3CACHE: hits:433304 misses:14028971  Hit Ratio: 3.00%
3CACHE: dirty items replaced:3878
ITLB: size: 48, misses 4, miss rate 0.00%
DTLB: size: 128, misses 21, miss rate 0.00%
Avg mem delay: 1.451 cycles
----------------------------------------
==== Statistics for Master ID: 2 ====
Reads: 86294702   Writes: 35
ICACHE: size: 64 KB assoc: 2
ICACHE: hits:51365266 misses:15075663  Hit Ratio: 77.31%
DCACHE: size: 1*16 KB assoc: 1*4
DCACHE: hits:15492650 misses:4361160 writebacks:13  Hit Ratio: 78.03%
SCACHE: size: 512 KB assoc: 2
SCACHE: hits:5010198 misses:14426622  Hit Ratio: 25.78%
3CACHE: size: 4096 KB assoc: 2
3CACHE: hits:382884 misses:14043738  Hit Ratio: 2.65%
3CACHE: dirty items replaced:3737
ITLB: size: 48, misses 4, miss rate 0.00%
DTLB: size: 128, misses 21, miss rate 0.00%
Avg mem delay: 1.451 cycles
----------------------------------------
==== Statistics for Master ID: 3 ====
Reads: 168776012   Writes: 73913811
ICACHE: size: 64 KB assoc: 2
ICACHE: hits:102844265 misses:14413563  Hit Ratio: 87.71%
DCACHE: size: 1*16 KB assoc: 1*4
DCACHE: hits:123221585 misses:2210409 writebacks:1400030  Hit Ratio: 98.24%
SCACHE: size: 512 KB assoc: 2
SCACHE: hits:2148823 misses:14475149  Hit Ratio: 12.93%
3CACHE: size: 4096 KB assoc: 2
3CACHE: hits:371370 misses:14103779  Hit Ratio: 2.57%
3CACHE: dirty items replaced:3728
ITLB: size: 48, misses 4, miss rate 0.00%
DTLB: size: 128, misses 75, miss rate 0.00%
Avg mem delay: 1.451 cycles
----------------------------------------
==== Global Resource Utilization ====
STASH: size: 65536 entries, full 1258698883, empty 705, misses 63, full rate 100.00
icache bank util. 0.076 0.036 0.004 0.000 0.000 0.000 0.000 0.013 
dcache bank util. 0.005 0.005 0.010 0.024 0.005 0.009 0.005 0.005 
L2 bank util. 0.138 0.008 0.003 0.003 0.003 0.003 0.003 0.003 
L1-L2 bus util. = 0.060, L3 util. = 0.151
----------------------------------------

======================== 切片硬件状态 ========================
切片号 | 所属安全域 | 当前状态    | 路扩展 | LRU touched
------------------------------------------------------------------
  0    |   域0      | 正常运行   |  是   |  2800999620
  1    |   域3      | 正常运行   |  否   |  2800999991
  2    |   域0      | 正常运行   |  是   |  2800999567
  3    |   域2      | 正常运行   |  否   |  2800999993
==================================================================

branch prediction, hits = 42161645, misses = 318273, hit rate = 99.25%
return_stack prediction, hits = 154464, misses = 12728362, hit rate = 1.20%
jump prediction, hits = 77698095, misses = 72, hit rate = 100.00%

**** Debug Statistics at 2901000000 Cycles *****
Threads: 4		Fetch Width: 8
No of useful instructions fetched:	918163577 (3.96% proc util.)
No of total instructions fetched:	1250952569 (5.39% proc util.)
 includes 213 misfetch (0.0%), 332788779 (26.6%) wrong-path fetches
 and 0 flushed after failed lock(0.0%)
No of useful instructions issued/executed:	918163577 (3.96% proc util.)
No of total instructions issued/executed:	1110317906 (4.78% proc util.)
 includes 192154329 wrong-path (17.3%) insts and 0 flushed (0.0%)
	fp 0, 0.00%
	synch 0, 0.00%
	integer 949449806, 85.51%
	load/store 160868100, 14.49%
Avg size of int IQ (before scheduling): 2.69
Avg size of fp IQ (before scheduling): 0.00
No of cycles taken:		2901000000
Parallelism [ 0.096, 0.000, 0.119, 0.101,] = 0.316
 IQ conflicts: 851623 (0.03%), FQ conflicts: 0 (0.00%) 
 I reg conflicts: 32849119 (1.13%), FP reg conflicts: 0 (0.00%)
  Activelist confs: 0 (0.00%), ROB confs: 0 (0.00%)
  Int unit conflicts: 61646908 (2.13%), FP unit conflicts: 0 (0.00%)
  Load/store unit conflicts: 37336 (0.00%)
  MSHR conflicts: 0 (0.00%)
----------------------------------------
==== System-wide Cache Statistics ====
Stall for miss queue full 0 cycles (0.00%)
----------------------------------------
==== Statistics for Master ID: 0 ====
Reads: 58395160   Writes: 34
ICACHE: size: 64 KB assoc: 2
ICACHE: hits:32443945 misses:15592670  Hit Ratio: 67.54%
DCACHE: size: 2*16 KB assoc: 2*4
DCACHE: hits:6890052 misses:3468527 writebacks:12  Hit Ratio: 66.52%
SCACHE: size: 512 KB assoc: 2
SCACHE: hits:4082723 misses:14978474  Hit Ratio: 21.42%
3CACHE: size: 4096 KB assoc: 2
3CACHE: hits:448815 misses:14529659  Hit Ratio: 3.00%
3CACHE: dirty items replaced:4014
ITLB: size: 48, misses 4, miss rate 0.00%
DTLB: size: 128, misses 21, miss rate 0.00%
Avg mem delay: 1.451 cycles
----------------------------------------
==== Statistics for Master ID: 2 ====
Reads: 89380704   Writes: 35
ICACHE: size: 64 KB assoc: 2
ICACHE: hits:53202780 misses:15614088  Hit Ratio: 77.31%
DCACHE: size: 1*16 KB assoc: 1*4
DCACHE: hits:16045650 misses:4518223 writebacks:13  Hit Ratio: 78.03%
SCACHE: size: 512 KB assoc: 2
SCACHE: hits:5190599 misses:14941710  Hit Ratio: 25.78%
3CACHE: size: 4096 KB assoc: 2
3CACHE: hits:396818 misses:14544892  Hit Ratio: 2.66%
3CACHE: dirty items replaced:3876
ITLB: size: 48, misses 4, miss rate 0.00%
DTLB: size: 128, misses 21, miss rate 0.00%
Avg mem delay: 1.451 cycles
----------------------------------------
==== Statistics for Master ID: 3 ====
Reads: 174850575   Writes: 76574335
ICACHE: size: 64 KB assoc: 2
ICACHE: hits:106551266 misses:14927993  Hit Ratio: 87.71%
DCACHE: size: 1*16 KB assoc: 1*4
DCACHE: hits:127655930 misses:2289720 writebacks:1450232  Hit Ratio: 98.24%
SCACHE: size: 512 KB assoc: 2
SCACHE: hits:2226027 misses:14991686  Hit Ratio: 12.93%
3CACHE: size: 4096 KB assoc: 2
3CACHE: hits:384621 misses:14607064  Hit Ratio: 2.57%
3CACHE: dirty items replaced:3858
ITLB: size: 48, misses 4, miss rate 0.00%
DTLB: size: 128, misses 75, miss rate 0.00%
Avg mem delay: 1.451 cycles
----------------------------------------
==== Global Resource Utilization ====
STASH: size: 65536 entries, full 1303856689, empty 705, misses 63, full rate 100.00
icache bank util. 0.076 0.036 0.004 0.000 0.000 0.000 0.000 0.013 
dcache bank util. 0.005 0.005 0.010 0.024 0.005 0.009 0.005 0.005 
L2 bank util. 0.138 0.007 0.003 0.003 0.003 0.003 0.003 0.003 
L1-L2 bus util. = 0.060, L3 util. = 0.151
----------------------------------------

======================== 切片硬件状态 ========================
切片号 | 所属安全域 | 当前状态    | 路扩展 | LRU touched
------------------------------------------------------------------
  0    |   域0      | 正常运行   |  是   |  2900999499
  1    |   域3      | 正常运行   |  否   |  2900999974
  2    |   域0      | 正常运行   |  是   |  2900999885
  3    |   域2      | 正常运行   |  否   |  2900999920
==================================================================

branch prediction, hits = 43669550, misses = 329657, hit rate = 99.25%
return_stack prediction, hits = 160020, misses = 13186031, hit rate = 1.20%
jump prediction, hits = 80482193, misses = 72, hit rate = 100.00%

**** Debug Statistics at 3001000000 Cycles *****
Threads: 4		Fetch Width: 8
No of useful instructions fetched:	949968188 (3.96% proc util.)
No of total instructions fetched:	1294290650 (5.39% proc util.)
 includes 213 misfetch (0.0%), 344322249 (26.6%) wrong-path fetches
 and 0 flushed after failed lock(0.0%)
No of useful instructions issued/executed:	949968188 (3.96% proc util.)
No of total instructions issued/executed:	1148779951 (4.78% proc util.)
 includes 198811763 wrong-path (17.3%) insts and 0 flushed (0.0%)
	fp 0, 0.00%
	synch 0, 0.00%
	integer 982334879, 85.51%
	load/store 166445072, 14.49%
Avg size of int IQ (before scheduling): 2.69
Avg size of fp IQ (before scheduling): 0.00
No of cycles taken:		3001000000
Parallelism [ 0.096, 0.000, 0.119, 0.101,] = 0.317
 IQ conflicts: 881530 (0.03%), FQ conflicts: 0 (0.00%) 
 I reg conflicts: 33990355 (1.13%), FP reg conflicts: 0 (0.00%)
  Activelist confs: 0 (0.00%), ROB confs: 0 (0.00%)
  Int unit conflicts: 63785799 (2.13%), FP unit conflicts: 0 (0.00%)
  Load/store unit conflicts: 38676 (0.00%)
  MSHR conflicts: 0 (0.00%)
----------------------------------------
==== System-wide Cache Statistics ====
Stall for miss queue full 0 cycles (0.00%)
----------------------------------------
==== Statistics for Master ID: 0 ====
Reads: 60421639   Writes: 34
ICACHE: size: 64 KB assoc: 2
ICACHE: hits:33573694 misses:16130478  Hit Ratio: 67.55%
DCACHE: size: 2*16 KB assoc: 2*4
DCACHE: hits:7128995 misses:3588506 writebacks:12  Hit Ratio: 66.52%
SCACHE: size: 512 KB assoc: 2
SCACHE: hits:4224052 misses:15494932  Hit Ratio: 21.42%
3CACHE: size: 4096 KB assoc: 2
3CACHE: hits:464591 misses:15030341  Hit Ratio: 3.00%
3CACHE: dirty items replaced:4150
ITLB: size: 48, misses 4, miss rate 0.00%
DTLB: size: 128, misses 21, miss rate 0.00%
Avg mem delay: 1.451 cycles
----------------------------------------
==== Statistics for Master ID: 2 ====
Reads: 92475791   Writes: 35
ICACHE: size: 64 KB assoc: 2
ICACHE: hits:55047627 misses:16152724  Hit Ratio: 77.31%
DCACHE: size: 1*16 KB assoc: 1*4
DCACHE: hits:16600005 misses:4675472 writebacks:13  Hit Ratio: 78.02%
SCACHE: size: 512 KB assoc: 2
SCACHE: hits:5371422 misses:15456772  Hit Ratio: 25.79%
3CACHE: size: 4096 KB assoc: 2
3CACHE: hits:410616 misses:15046156  Hit Ratio: 2.66%
3CACHE: dirty items replaced:4007
ITLB: size: 48, misses 4, miss rate 0.00%
DTLB: size: 128, misses 21, miss rate 0.00%
Avg mem delay: 1.451 cycles
----------------------------------------
==== Statistics for Master ID: 3 ====
Reads: 180916627   Writes: 79228296
ICACHE: size: 64 KB assoc: 2
ICACHE: hits:110250070 misses:15442756  Hit Ratio: 87.71%
DCACHE: size: 1*16 KB assoc: 1*4
DCACHE: hits:132083032 misses:2369064 writebacks:1500431  Hit Ratio: 98.24%
SCACHE: size: 512 KB assoc: 2
SCACHE: hits:2303468 misses:15508352  Hit Ratio: 12.93%
3CACHE: size: 4096 KB assoc: 2
3CACHE: hits:397899 misses:15110453  Hit Ratio: 2.57%
3CACHE: dirty items replaced:3991
ITLB: size: 48, misses 4, miss rate 0.00%
DTLB: size: 128, misses 75, miss rate 0.00%
Avg mem delay: 1.451 cycles
----------------------------------------
==== Global Resource Utilization ====
STASH: size: 65536 entries, full 1349029849, empty 705, misses 63, full rate 100.00
icache bank util. 0.076 0.036 0.004 0.000 0.000 0.000 0.000 0.013 
dcache bank util. 0.005 0.005 0.010 0.024 0.005 0.009 0.005 0.005 
L2 bank util. 0.138 0.007 0.003 0.003 0.003 0.003 0.003 0.003 
L1-L2 bus util. = 0.060, L3 util. = 0.151
----------------------------------------

======================== 切片硬件状态 ========================
切片号 | 所属安全域 | 当前状态    | 路扩展 | LRU touched
------------------------------------------------------------------
  0    |   域0      | 正常运行   |  是   |  3000998624
  1    |   域3      | 正常运行   |  否   |  3000999849
  2    |   域0      | 正常运行   |  是   |  3000999795
  3    |   域2      | 正常运行   |  否   |  3000999906
==================================================================

branch prediction, hits = 45180505, misses = 341065, hit rate = 99.25%
return_stack prediction, hits = 165564, misses = 13643255, hit rate = 1.20%
jump prediction, hits = 83269575, misses = 72, hit rate = 100.00%

**** Debug Statistics at 3101000000 Cycles *****
Threads: 4		Fetch Width: 8
No of useful instructions fetched:	981959136 (3.96% proc util.)
No of total instructions fetched:	1338223162 (5.39% proc util.)
 includes 213 misfetch (0.0%), 356263813 (26.6%) wrong-path fetches
 and 0 flushed after failed lock(0.0%)
No of useful instructions issued/executed:	981959117 (3.96% proc util.)
No of total instructions issued/executed:	1187645595 (4.79% proc util.)
 includes 205686478 wrong-path (17.3%) insts and 0 flushed (0.0%)
	fp 0, 0.00%
	synch 0, 0.00%
	integer 1015544653, 85.51%
	load/store 172100942, 14.49%
Avg size of int IQ (before scheduling): 2.69
Avg size of fp IQ (before scheduling): 0.00
No of cycles taken:		3101000000
Parallelism [ 0.096, 0.000, 0.119, 0.101,] = 0.317
 IQ conflicts: 911866 (0.03%), FQ conflicts: 0 (0.00%) 
 I reg conflicts: 35148763 (1.13%), FP reg conflicts: 0 (0.00%)
  Activelist confs: 0 (0.00%), ROB confs: 0 (0.00%)
  Int unit conflicts: 65961071 (2.13%), FP unit conflicts: 0 (0.00%)
  Load/store unit conflicts: 39990 (0.00%)
  MSHR conflicts: 0 (0.00%)
----------------------------------------
==== System-wide Cache Statistics ====
Stall for miss queue full 0 cycles (0.00%)
----------------------------------------
==== Statistics for Master ID: 0 ====
Reads: 62462544   Writes: 34
ICACHE: size: 64 KB assoc: 2
ICACHE: hits:34715251 misses:16668636  Hit Ratio: 67.56%
DCACHE: size: 2*16 KB assoc: 2*4
DCACHE: hits:7369780 misses:3708911 writebacks:12  Hit Ratio: 66.52%
SCACHE: size: 512 KB assoc: 2
SCACHE: hits:4366341 misses:16011206  Hit Ratio: 21.43%
3CACHE: size: 4096 KB assoc: 2
3CACHE: hits:480410 misses:15530796  Hit Ratio: 3.00%
3CACHE: dirty items replaced:4271
ITLB: size: 48, misses 4, miss rate 0.00%
DTLB: size: 128, misses 21, miss rate 0.00%
Avg mem delay: 1.450 cycles
----------------------------------------
==== Statistics for Master ID: 2 ====
Reads: 95588003   Writes: 35
ICACHE: size: 64 KB assoc: 2
ICACHE: hits:56906595 misses:16691768  Hit Ratio: 77.32%
DCACHE: size: 1*16 KB assoc: 1*4
DCACHE: hits:17157022 misses:4832655 writebacks:13  Hit Ratio: 78.02%
SCACHE: size: 512 KB assoc: 2
SCACHE: hits:5552627 misses:15971794  Hit Ratio: 25.80%
3CACHE: size: 4096 KB assoc: 2
3CACHE: hits:424631 misses:15547163  Hit Ratio: 2.66%
3CACHE: dirty items replaced:4131
ITLB: size: 48, misses 4, miss rate 0.00%
DTLB: size: 128, misses 21, miss rate 0.00%
Avg mem delay: 1.450 cycles
----------------------------------------
==== Statistics for Master ID: 3 ====
Reads: 187084644   Writes: 81940835
ICACHE: size: 64 KB assoc: 2
ICACHE: hits:114035509 misses:15957393  Hit Ratio: 87.72%
DCACHE: size: 1*16 KB assoc: 1*4
DCACHE: hits:136583528 misses:2449048 writebacks:1551023  Hit Ratio: 98.24%
SCACHE: size: 512 KB assoc: 2
SCACHE: hits:2381682 misses:16024759  Hit Ratio: 12.94%
3CACHE: size: 4096 KB assoc: 2
3CACHE: hits:411149 misses:15613610  Hit Ratio: 2.57%
3CACHE: dirty items replaced:4118
ITLB: size: 48, misses 4, miss rate 0.00%
DTLB: size: 128, misses 75, miss rate 0.00%
Avg mem delay: 1.450 cycles
----------------------------------------
==== Global Resource Utilization ====
STASH: size: 65536 entries, full 1394814945, empty 705, misses 63, full rate 100.00
icache bank util. 0.076 0.036 0.004 0.000 0.000 0.000 0.000 0.013 
dcache bank util. 0.005 0.005 0.010 0.024 0.005 0.009 0.005 0.005 
L2 bank util. 0.138 0.007 0.003 0.003 0.003 0.003 0.003 0.003 
L1-L2 bus util. = 0.060, L3 util. = 0.151
----------------------------------------

======================== 切片硬件状态 ========================
切片号 | 所属安全域 | 当前状态    | 路扩展 | LRU touched
------------------------------------------------------------------
  0    |   域0      | 正常运行   |  是   |  3100999862
  1    |   域3      | 正常运行   |  否   |  3100999813
  2    |   域0      | 正常运行   |  是   |  3100999476
  3    |   域2      | 正常运行   |  否   |  3100999912
==================================================================

branch prediction, hits = 46699792, misses = 352516, hit rate = 99.25%
return_stack prediction, hits = 171168, misses = 14105118, hit rate = 1.20%
jump prediction, hits = 86074839, misses = 72, hit rate = 100.00%

**** Debug Statistics at 3201000000 Cycles *****
Threads: 4		Fetch Width: 8
No of useful instructions fetched:	1013920140 (3.96% proc util.)
No of total instructions fetched:	1381820303 (5.40% proc util.)
 includes 213 misfetch (0.0%), 367899950 (26.6%) wrong-path fetches
 and 0 flushed after failed lock(0.0%)
No of useful instructions issued/executed:	1013920140 (3.96% proc util.)
No of total instructions issued/executed:	1226323618 (4.79% proc util.)
 includes 212403478 wrong-path (17.3%) insts and 0 flushed (0.0%)
	fp 0, 0.00%
	synch 0, 0.00%
	integer 1048612250, 85.51%
	load/store 177711368, 14.49%
Avg size of int IQ (before scheduling): 2.69
Avg size of fp IQ (before scheduling): 0.00
No of cycles taken:		3201000000
Parallelism [ 0.096, 0.000, 0.119, 0.101,] = 0.317
 IQ conflicts: 942751 (0.03%), FQ conflicts: 0 (0.00%) 
 I reg conflicts: 36318822 (1.13%), FP reg conflicts: 0 (0.00%)
  Activelist confs: 0 (0.00%), ROB confs: 0 (0.00%)
  Int unit conflicts: 68120622 (2.13%), FP unit conflicts: 0 (0.00%)
  Load/store unit conflicts: 41408 (0.00%)
  MSHR conflicts: 0 (0.00%)
----------------------------------------
==== System-wide Cache Statistics ====
Stall for miss queue full 0 cycles (0.00%)
----------------------------------------
==== Statistics for Master ID: 0 ====
Reads: 64497483   Writes: 34
ICACHE: size: 64 KB assoc: 2
ICACHE: hits:35851836 misses:17206576  Hit Ratio: 67.57%
DCACHE: size: 2*16 KB assoc: 2*4
DCACHE: hits:7610012 misses:3829093 writebacks:12  Hit Ratio: 66.53%
SCACHE: size: 512 KB assoc: 2
SCACHE: hits:4508124 misses:16527545  Hit Ratio: 21.43%
3CACHE: size: 4096 KB assoc: 2
3CACHE: hits:496383 misses:16031162  Hit Ratio: 3.00%
3CACHE: dirty items replaced:4410
ITLB: size: 48, misses 4, miss rate 0.00%
DTLB: size: 128, misses 21, miss rate 0.00%
Avg mem delay: 1.450 cycles
----------------------------------------
==== Statistics for Master ID: 2 ====
Reads: 98701873   Writes: 35
ICACHE: size: 64 KB assoc: 2
ICACHE: hits:58766270 misses:17230398  Hit Ratio: 77.33%
DCACHE: size: 1*16 KB assoc: 1*4
DCACHE: hits:17714529 misses:4990713 writebacks:13  Hit Ratio: 78.02%
SCACHE: size: 512 KB assoc: 2
SCACHE: hits:5734356 misses:16486753  Hit Ratio: 25.81%
3CACHE: size: 4096 KB assoc: 2
3CACHE: hits:438605 misses:16048148  Hit Ratio: 2.66%
3CACHE: dirty items replaced:4264
ITLB: size: 48, misses 4, miss rate 0.00%
DTLB: size: 128, misses 21, miss rate 0.00%
Avg mem delay: 1.450 cycles
----------------------------------------
==== Statistics for Master ID: 3 ====
Reads: 193189448   Writes: 84613441
ICACHE: size: 64 KB assoc: 2
ICACHE: hits:117763837 misses:16472028  Hit Ratio: 87.73%
DCACHE: size: 1*16 KB assoc: 1*4
DCACHE: hits:141038242 misses:2528781 writebacks:1601486  Hit Ratio: 98.24%
SCACHE: size: 512 KB assoc: 2
SCACHE: hits:2459529 misses:16541280  Hit Ratio: 12.94%
3CACHE: size: 4096 KB assoc: 2
3CACHE: hits:424600 misses:16116679  Hit Ratio: 2.57%
3CACHE: dirty items replaced:4245
ITLB: size: 48, misses 4, miss rate 0.00%
DTLB: size: 128, misses 75, miss rate 0.00%
Avg mem delay: 1.450 cycles
----------------------------------------
==== Global Resource Utilization ====
STASH: size: 65536 entries, full 1440257363, empty 705, misses 63, full rate 100.00
icache bank util. 0.076 0.036 0.004 0.000 0.000 0.000 0.000 0.013 
dcache bank util. 0.005 0.005 0.010 0.024 0.005 0.009 0.005 0.005 
L2 bank util. 0.138 0.007 0.003 0.003 0.003 0.003 0.003 0.003 
L1-L2 bus util. = 0.060, L3 util. = 0.151
----------------------------------------

======================== 切片硬件状态 ========================
切片号 | 所属安全域 | 当前状态    | 路扩展 | LRU touched
------------------------------------------------------------------
  0    |   域0      | 正常运行   |  是   |  3200999535
  1    |   域3      | 正常运行   |  否   |  3200999977
  2    |   域0      | 正常运行   |  是   |  3200999921
  3    |   域2      | 正常运行   |  否   |  3200999837
==================================================================

branch prediction, hits = 48218263, misses = 363987, hit rate = 99.25%
return_stack prediction, hits = 176748, misses = 14565003, hit rate = 1.20%
jump prediction, hits = 88876589, misses = 72, hit rate = 100.00%

**** Debug Statistics at 3301000000 Cycles *****
Threads: 4		Fetch Width: 8
No of useful instructions fetched:	1045733867 (3.96% proc util.)
No of total instructions fetched:	1425354094 (5.40% proc util.)
 includes 213 misfetch (0.0%), 379620014 (26.6%) wrong-path fetches
 and 0 flushed after failed lock(0.0%)
No of useful instructions issued/executed:	1045733867 (3.96% proc util.)
No of total instructions issued/executed:	1264903332 (4.79% proc util.)
 includes 219169465 wrong-path (17.3%) insts and 0 flushed (0.0%)
	fp 0, 0.00%
	synch 0, 0.00%
	integer 1081587199, 85.51%
	load/store 183316133, 14.49%
Avg size of int IQ (before scheduling): 2.69
Avg size of fp IQ (before scheduling): 0.00
No of cycles taken:		3301000000
Parallelism [ 0.096, 0.000, 0.119, 0.101,] = 0.317
 IQ conflicts: 972130 (0.03%), FQ conflicts: 0 (0.00%) 
 I reg conflicts: 37455335 (1.13%), FP reg conflicts: 0 (0.00%)
  Activelist confs: 0 (0.00%), ROB confs: 0 (0.00%)
  Int unit conflicts: 70273616 (2.13%), FP unit conflicts: 0 (0.00%)
  Load/store unit conflicts: 42728 (0.00%)
  MSHR conflicts: 0 (0.00%)
----------------------------------------
==== System-wide Cache Statistics ====
Stall for miss queue full 0 cycles (0.00%)
----------------------------------------
==== Statistics for Master ID: 0 ====
Reads: 66522259   Writes: 34
ICACHE: size: 64 KB assoc: 2
ICACHE: hits:36980392 misses:17744508  Hit Ratio: 67.58%
DCACHE: size: 2*16 KB assoc: 2*4
DCACHE: hits:7848304 misses:3949089 writebacks:12  Hit Ratio: 66.53%
SCACHE: size: 512 KB assoc: 2
SCACHE: hits:4650007 misses:17043590  Hit Ratio: 21.43%
3CACHE: size: 4096 KB assoc: 2
3CACHE: hits:512063 misses:16531527  Hit Ratio: 3.00%
3CACHE: dirty items replaced:4553
ITLB: size: 48, misses 4, miss rate 0.00%
DTLB: size: 128, misses 21, miss rate 0.00%
Avg mem delay: 1.450 cycles
----------------------------------------
==== Statistics for Master ID: 2 ====
Reads: 101798746   Writes: 35
ICACHE: size: 64 KB assoc: 2
ICACHE: hits:60612517 misses:17768861  Hit Ratio: 77.33%
DCACHE: size: 1*16 KB assoc: 1*4
DCACHE: hits:18269456 misses:5147949 writebacks:13  Hit Ratio: 78.02%
SCACHE: size: 512 KB assoc: 2
SCACHE: hits:5915341 misses:17001467  Hit Ratio: 25.81%
3CACHE: size: 4096 KB assoc: 2
3CACHE: hits:452412 misses:16549054  Hit Ratio: 2.66%
3CACHE: dirty items replaced:4399
ITLB: size: 48, misses 4, miss rate 0.00%
DTLB: size: 128, misses 21, miss rate 0.00%
Avg mem delay: 1.450 cycles
----------------------------------------
==== Statistics for Master ID: 3 ====
Reads: 199292915   Writes: 87291620
ICACHE: size: 64 KB assoc: 2
ICACHE: hits:121496786 misses:16986411  Hit Ratio: 87.73%
DCACHE: size: 1*16 KB assoc: 1*4
DCACHE: hits:145493012 misses:2608325 writebacks:1651825  Hit Ratio: 98.24%
SCACHE: size: 512 KB assoc: 2
SCACHE: hits:2537056 misses:17057680  Hit Ratio: 12.95%
3CACHE: size: 4096 KB assoc: 2
3CACHE: hits:438087 misses:16619593  Hit Ratio: 2.57%
3CACHE: dirty items replaced:4376
ITLB: size: 48, misses 4, miss rate 0.00%
DTLB: size: 128, misses 75, miss rate 0.00%
Avg mem delay: 1.450 cycles
----------------------------------------
==== Global Resource Utilization ====
STASH: size: 65536 entries, full 1485631895, empty 705, misses 63, full rate 100.00
icache bank util. 0.076 0.036 0.004 0.000 0.000 0.000 0.000 0.013 
dcache bank util. 0.005 0.005 0.010 0.024 0.005 0.009 0.005 0.005 
L2 bank util. 0.138 0.007 0.003 0.003 0.003 0.003 0.003 0.003 
L1-L2 bus util. = 0.060, L3 util. = 0.151
----------------------------------------

======================== 切片硬件状态 ========================
切片号 | 所属安全域 | 当前状态    | 路扩展 | LRU touched
------------------------------------------------------------------
  0    |   域0      | 正常运行   |  是   |  3300999577
  1    |   域3      | 正常运行   |  否   |  3300999928
  2    |   域0      | 正常运行   |  是   |  3300999977
  3    |   域2      | 正常运行   |  否   |  3300999972
==================================================================

branch prediction, hits = 49729742, misses = 375405, hit rate = 99.25%
return_stack prediction, hits = 182316, misses = 15023899, hit rate = 1.20%
jump prediction, hits = 91667102, misses = 72, hit rate = 100.00%

**** Debug Statistics at 3401000000 Cycles *****
Threads: 4		Fetch Width: 8
No of useful instructions fetched:	1077361153 (3.96% proc util.)
No of total instructions fetched:	1468522228 (5.40% proc util.)
 includes 213 misfetch (0.0%), 391160862 (26.6%) wrong-path fetches
 and 0 flushed after failed lock(0.0%)
No of useful instructions issued/executed:	1077361153 (3.96% proc util.)
No of total instructions issued/executed:	1303185764 (4.79% proc util.)
 includes 225824611 wrong-path (17.3%) insts and 0 flushed (0.0%)
	fp 0, 0.00%
	synch 0, 0.00%
	integer 1114307947, 85.51%
	load/store 188877817, 14.49%
Avg size of int IQ (before scheduling): 2.69
Avg size of fp IQ (before scheduling): 0.00
No of cycles taken:		3401000000
Parallelism [ 0.096, 0.000, 0.119, 0.101,] = 0.317
 IQ conflicts: 1001287 (0.03%), FQ conflicts: 0 (0.00%) 
 I reg conflicts: 38574568 (1.13%), FP reg conflicts: 0 (0.00%)
  Activelist confs: 0 (0.00%), ROB confs: 0 (0.00%)
  Int unit conflicts: 72411880 (2.13%), FP unit conflicts: 0 (0.00%)
  Load/store unit conflicts: 44034 (0.00%)
  MSHR conflicts: 0 (0.00%)
----------------------------------------
==== System-wide Cache Statistics ====
Stall for miss queue full 0 cycles (0.00%)
----------------------------------------
==== Statistics for Master ID: 0 ====
Reads: 68533679   Writes: 34
ICACHE: size: 64 KB assoc: 2
ICACHE: hits:38097946 misses:18282089  Hit Ratio: 67.57%
DCACHE: size: 2*16 KB assoc: 2*4
DCACHE: hits:8085183 misses:4068495 writebacks:12  Hit Ratio: 66.52%
SCACHE: size: 512 KB assoc: 2
SCACHE: hits:4790410 misses:17560174  Hit Ratio: 21.43%
3CACHE: size: 4096 KB assoc: 2
3CACHE: hits:527544 misses:17032630  Hit Ratio: 3.00%
3CACHE: dirty items replaced:4675
ITLB: size: 48, misses 4, miss rate 0.00%
DTLB: size: 128, misses 21, miss rate 0.00%
Avg mem delay: 1.450 cycles
----------------------------------------
==== Statistics for Master ID: 2 ====
Reads: 104873164   Writes: 35
ICACHE: size: 64 KB assoc: 2
ICACHE: hits:62441337 misses:18307333  Hit Ratio: 77.33%
DCACHE: size: 1*16 KB assoc: 1*4
DCACHE: hits:18820608 misses:5303923 writebacks:13  Hit Ratio: 78.01%
SCACHE: size: 512 KB assoc: 2
SCACHE: hits:6094472 misses:17516782  Hit Ratio: 25.81%
3CACHE: size: 4096 KB assoc: 2
3CACHE: hits:466121 misses:17050661  Hit Ratio: 2.66%
3CACHE: dirty items replaced:4515
ITLB: size: 48, misses 4, miss rate 0.00%
DTLB: size: 128, misses 21, miss rate 0.00%
Avg mem delay: 1.450 cycles
----------------------------------------
==== Statistics for Master ID: 3 ====
Reads: 205344611   Writes: 89943013
ICACHE: size: 64 KB assoc: 2
ICACHE: hits:125186956 misses:17501057  Hit Ratio: 87.73%
DCACHE: size: 1*16 KB assoc: 1*4
DCACHE: hits:149912241 misses:2687369 writebacks:1701852  Hit Ratio: 98.24%
SCACHE: size: 512 KB assoc: 2
SCACHE: hits:2613849 misses:17574577  Hit Ratio: 12.95%
3CACHE: size: 4096 KB assoc: 2
3CACHE: hits:451361 misses:17123216  Hit Ratio: 2.57%
3CACHE: dirty items replaced:4492
ITLB: size: 48, misses 4, miss rate 0.00%
DTLB: size: 128, misses 75, miss rate 0.00%
Avg mem delay: 1.450 cycles
----------------------------------------
==== Global Resource Utilization ====
STASH: size: 65536 entries, full 1530629786, empty 705, misses 63, full rate 100.00
icache bank util. 0.076 0.036 0.004 0.000 0.000 0.000 0.000 0.013 
dcache bank util. 0.005 0.005 0.010 0.024 0.005 0.009 0.005 0.005 
L2 bank util. 0.138 0.007 0.003 0.003 0.003 0.003 0.003 0.003 
L1-L2 bus util. = 0.060, L3 util. = 0.151
----------------------------------------

======================== 切片硬件状态 ========================
切片号 | 所属安全域 | 当前状态    | 路扩展 | LRU touched
------------------------------------------------------------------
  0    |   域0      | 正常运行   |  是   |  3400999533
  1    |   域3      | 正常运行   |  否   |  3400999885
  2    |   域0      | 正常运行   |  是   |  3400999933
  3    |   域2      | 正常运行   |  否   |  3400999928
==================================================================

branch prediction, hits = 51232297, misses = 386742, hit rate = 99.25%
return_stack prediction, hits = 187848, misses = 15479828, hit rate = 1.20%
jump prediction, hits = 94441142, misses = 72, hit rate = 100.00%

**** Debug Statistics at 3501000000 Cycles *****
Threads: 4		Fetch Width: 8
No of useful instructions fetched:	1109135695 (3.96% proc util.)
No of total instructions fetched:	1512125612 (5.40% proc util.)
 includes 213 misfetch (0.0%), 402989704 (26.7%) wrong-path fetches
 and 0 flushed after failed lock(0.0%)
No of useful instructions issued/executed:	1109135695 (3.96% proc util.)
No of total instructions issued/executed:	1341776819 (4.79% proc util.)
 includes 232641124 wrong-path (17.3%) insts and 0 flushed (0.0%)
	fp 0, 0.00%
	synch 0, 0.00%
	integer 1147271835, 85.50%
	load/store 194504984, 14.50%
Avg size of int IQ (before scheduling): 2.69
Avg size of fp IQ (before scheduling): 0.00
No of cycles taken:		3501000000
Parallelism [ 0.096, 0.000, 0.119, 0.101,] = 0.317
 IQ conflicts: 1030316 (0.03%), FQ conflicts: 0 (0.00%) 
 I reg conflicts: 39685132 (1.13%), FP reg conflicts: 0 (0.00%)
  Activelist confs: 0 (0.00%), ROB confs: 0 (0.00%)
  Int unit conflicts: 74570705 (2.13%), FP unit conflicts: 0 (0.00%)
  Load/store unit conflicts: 45282 (0.00%)
  MSHR conflicts: 0 (0.00%)
----------------------------------------
==== System-wide Cache Statistics ====
Stall for miss queue full 0 cycles (0.00%)
----------------------------------------
==== Statistics for Master ID: 0 ====
Reads: 70555746   Writes: 34
ICACHE: size: 64 KB assoc: 2
ICACHE: hits:39224681 misses:18820185  Hit Ratio: 67.58%
DCACHE: size: 2*16 KB assoc: 2*4
DCACHE: hits:8323265 misses:4187649 writebacks:12  Hit Ratio: 66.53%
SCACHE: size: 512 KB assoc: 2
SCACHE: hits:4931721 misses:18076113  Hit Ratio: 21.43%
3CACHE: size: 4096 KB assoc: 2
3CACHE: hits:542996 misses:17533117  Hit Ratio: 3.00%
3CACHE: dirty items replaced:4807
ITLB: size: 48, misses 4, miss rate 0.00%
DTLB: size: 128, misses 21, miss rate 0.00%
Avg mem delay: 1.449 cycles
----------------------------------------
==== Statistics for Master ID: 2 ====
Reads: 107953023   Writes: 35
ICACHE: size: 64 KB assoc: 2
ICACHE: hits:64273534 misses:18846188  Hit Ratio: 77.33%
DCACHE: size: 1*16 KB assoc: 1*4
DCACHE: hits:19373491 misses:5459847 writebacks:13  Hit Ratio: 78.01%
SCACHE: size: 512 KB assoc: 2
SCACHE: hits:6274424 misses:18031609  Hit Ratio: 25.81%
3CACHE: size: 4096 KB assoc: 2
3CACHE: hits:479987 misses:17551622  Hit Ratio: 2.66%
3CACHE: dirty items replaced:4651
ITLB: size: 48, misses 4, miss rate 0.00%
DTLB: size: 128, misses 21, miss rate 0.00%
Avg mem delay: 1.449 cycles
----------------------------------------
==== Statistics for Master ID: 3 ====
Reads: 211484168   Writes: 92639662
ICACHE: size: 64 KB assoc: 2
ICACHE: hits:128947774 misses:18015321  Hit Ratio: 87.74%
DCACHE: size: 1*16 KB assoc: 1*4
DCACHE: hits:154393493 misses:2767241 writebacks:1752393  Hit Ratio: 98.24%
SCACHE: size: 512 KB assoc: 2
SCACHE: hits:2691563 misses:18090999  Hit Ratio: 12.95%
3CACHE: size: 4096 KB assoc: 2
3CACHE: hits:464681 misses:17626317  Hit Ratio: 2.57%
3CACHE: dirty items replaced:4626
ITLB: size: 48, misses 4, miss rate 0.00%
DTLB: size: 128, misses 75, miss rate 0.00%
Avg mem delay: 1.449 cycles
----------------------------------------
==== Global Resource Utilization ====
STASH: size: 65536 entries, full 1576081956, empty 705, misses 63, full rate 100.00
icache bank util. 0.076 0.036 0.004 0.000 0.000 0.000 0.000 0.013 
dcache bank util. 0.005 0.005 0.010 0.024 0.005 0.009 0.005 0.005 
L2 bank util. 0.138 0.007 0.003 0.003 0.003 0.003 0.003 0.003 
L1-L2 bus util. = 0.060, L3 util. = 0.151
----------------------------------------

======================== 切片硬件状态 ========================
切片号 | 所属安全域 | 当前状态    | 路扩展 | LRU touched
------------------------------------------------------------------
  0    |   域0      | 正常运行   |  是   |  3500998765
  1    |   域3      | 正常运行   |  否   |  3500999979
  2    |   域0      | 正常运行   |  是   |  3500999923
  3    |   域2      | 正常运行   |  否   |  3500999839
==================================================================

branch prediction, hits = 52741553, misses = 398108, hit rate = 99.25%
return_stack prediction, hits = 193440, misses = 15940702, hit rate = 1.20%
jump prediction, hits = 97231878, misses = 72, hit rate = 100.00%

**** Debug Statistics at 3601000000 Cycles *****
Threads: 4		Fetch Width: 8
No of useful instructions fetched:	1140310060 (3.96% proc util.)
No of total instructions fetched:	1554255966 (5.40% proc util.)
 includes 213 misfetch (0.0%), 413945693 (26.6%) wrong-path fetches
 and 0 flushed after failed lock(0.0%)
No of useful instructions issued/executed:	1140310060 (3.96% proc util.)
No of total instructions issued/executed:	1379285747 (4.79% proc util.)
 includes 238975687 wrong-path (17.3%) insts and 0 flushed (0.0%)
	fp 0, 0.00%
	synch 0, 0.00%
	integer 1179371385, 85.51%
	load/store 199914362, 14.49%
Avg size of int IQ (before scheduling): 2.69
Avg size of fp IQ (before scheduling): 0.00
No of cycles taken:		3601000000
Parallelism [ 0.096, 0.000, 0.119, 0.101,] = 0.317
 IQ conflicts: 1058149 (0.03%), FQ conflicts: 0 (0.00%) 
 I reg conflicts: 40784739 (1.13%), FP reg conflicts: 0 (0.00%)
  Activelist confs: 0 (0.00%), ROB confs: 0 (0.00%)
  Int unit conflicts: 76618198 (2.13%), FP unit conflicts: 0 (0.00%)
  Load/store unit conflicts: 46583 (0.00%)
  MSHR conflicts: 0 (0.00%)
----------------------------------------
==== System-wide Cache Statistics ====
Stall for miss queue full 0 cycles (0.00%)
----------------------------------------
==== Statistics for Master ID: 0 ====
Reads: 72536503   Writes: 34
ICACHE: size: 64 KB assoc: 2
ICACHE: hits:40316785 misses:19356308  Hit Ratio: 67.56%
DCACHE: size: 2*16 KB assoc: 2*4
DCACHE: hits:8558359 misses:4305085 writebacks:12  Hit Ratio: 66.53%
SCACHE: size: 512 KB assoc: 2
SCACHE: hits:5068703 misses:18592690  Hit Ratio: 21.42%
3CACHE: size: 4096 KB assoc: 2
3CACHE: hits:558102 misses:18034588  Hit Ratio: 3.00%
3CACHE: dirty items replaced:4932
ITLB: size: 48, misses 4, miss rate 0.00%
DTLB: size: 128, misses 21, miss rate 0.00%
Avg mem delay: 1.449 cycles
----------------------------------------
==== Statistics for Master ID: 2 ====
Reads: 110987191   Writes: 35
ICACHE: size: 64 KB assoc: 2
ICACHE: hits:66070951 misses:19383141  Hit Ratio: 77.32%
DCACHE: size: 1*16 KB assoc: 1*4
DCACHE: hits:19919077 misses:5614059 writebacks:13  Hit Ratio: 78.01%
SCACHE: size: 512 KB assoc: 2
SCACHE: hits:6450299 misses:18546899  Hit Ratio: 25.80%
3CACHE: size: 4096 KB assoc: 2
3CACHE: hits:493336 misses:18053563  Hit Ratio: 2.66%
3CACHE: dirty items replaced:4774
ITLB: size: 48, misses 4, miss rate 0.00%
DTLB: size: 128, misses 21, miss rate 0.00%
Avg mem delay: 1.449 cycles
----------------------------------------
==== Statistics for Master ID: 3 ====
Reads: 217341136   Writes: 95191270
ICACHE: size: 64 KB assoc: 2
ICACHE: hits:132484846 misses:18529775  Hit Ratio: 87.73%
DCACHE: size: 1*16 KB assoc: 1*4
DCACHE: hits:158673315 misses:2844469 writebacks:1801230  Hit Ratio: 98.24%
SCACHE: size: 512 KB assoc: 2
SCACHE: hits:2766309 misses:18607935  Hit Ratio: 12.94%
3CACHE: size: 4096 KB assoc: 2
3CACHE: hits:477741 misses:18130194  Hit Ratio: 2.57%
3CACHE: dirty items replaced:4750
ITLB: size: 48, misses 4, miss rate 0.00%
DTLB: size: 128, misses 75, miss rate 0.00%
Avg mem delay: 1.449 cycles
----------------------------------------
==== Global Resource Utilization ====
STASH: size: 65536 entries, full 1620001919, empty 705, misses 63, full rate 100.00
icache bank util. 0.076 0.036 0.004 0.000 0.000 0.000 0.000 0.013 
dcache bank util. 0.005 0.005 0.010 0.024 0.005 0.009 0.005 0.005 
L2 bank util. 0.138 0.007 0.003 0.003 0.003 0.003 0.003 0.003 
L1-L2 bus util. = 0.060, L3 util. = 0.151
----------------------------------------

======================== 切片硬件状态 ========================
切片号 | 所属安全域 | 当前状态    | 路扩展 | LRU touched
------------------------------------------------------------------
  0    |   域0      | 正常运行   |  是   |  3600999681
  1    |   域3      | 正常运行   |  否   |  3600999932
  2    |   域0      | 正常运行   |  是   |  3600998908
  3    |   域2      | 正常运行   |  否   |  3600999983
==================================================================

branch prediction, hits = 54222799, misses = 409323, hit rate = 99.25%
return_stack prediction, hits = 198852, misses = 16386741, hit rate = 1.20%
jump prediction, hits = 99960517, misses = 72, hit rate = 100.00%

**** Debug Statistics at 3701000000 Cycles *****
Threads: 4		Fetch Width: 8
No of useful instructions fetched:	1172331037 (3.96% proc util.)
No of total instructions fetched:	1598015393 (5.40% proc util.)
 includes 213 misfetch (0.0%), 425684143 (26.6%) wrong-path fetches
 and 0 flushed after failed lock(0.0%)
No of useful instructions issued/executed:	1172331037 (3.96% proc util.)
No of total instructions issued/executed:	1418080721 (4.79% proc util.)
 includes 245749684 wrong-path (17.3%) insts and 0 flushed (0.0%)
	fp 0, 0.00%
	synch 0, 0.00%
	integer 1212523043, 85.50%
	load/store 205557678, 14.50%
Avg size of int IQ (before scheduling): 2.69
Avg size of fp IQ (before scheduling): 0.00
No of cycles taken:		3701000000
Parallelism [ 0.096, 0.000, 0.119, 0.101,] = 0.317
 IQ conflicts: 1088039 (0.03%), FQ conflicts: 0 (0.00%) 
 I reg conflicts: 41946505 (1.13%), FP reg conflicts: 0 (0.00%)
  Activelist confs: 0 (0.00%), ROB confs: 0 (0.00%)
  Int unit conflicts: 78804329 (2.13%), FP unit conflicts: 0 (0.00%)
  Load/store unit conflicts: 48008 (0.00%)
  MSHR conflicts: 0 (0.00%)
----------------------------------------
==== System-wide Cache Statistics ====
Stall for miss queue full 0 cycles (0.00%)
----------------------------------------
==== Statistics for Master ID: 0 ====
Reads: 74569224   Writes: 34
ICACHE: size: 64 KB assoc: 2
ICACHE: hits:41451309 misses:19894555  Hit Ratio: 67.57%
DCACHE: size: 2*16 KB assoc: 2*4
DCACHE: hits:8798478 misses:4424916 writebacks:12  Hit Ratio: 66.54%
SCACHE: size: 512 KB assoc: 2
SCACHE: hits:5210807 misses:19108663  Hit Ratio: 21.43%
3CACHE: size: 4096 KB assoc: 2
3CACHE: hits:573781 misses:18534882  Hit Ratio: 3.00%
3CACHE: dirty items replaced:5072
ITLB: size: 48, misses 4, miss rate 0.00%
DTLB: size: 128, misses 21, miss rate 0.00%
Avg mem delay: 1.449 cycles
----------------------------------------
==== Statistics for Master ID: 2 ====
Reads: 114105572   Writes: 35
ICACHE: size: 64 KB assoc: 2
ICACHE: hits:67934698 misses:19922147  Hit Ratio: 77.32%
DCACHE: size: 1*16 KB assoc: 1*4
DCACHE: hits:20477615 misses:5771149 writebacks:13  Hit Ratio: 78.01%
SCACHE: size: 512 KB assoc: 2
SCACHE: hits:6631761 misses:19061533  Hit Ratio: 25.81%
3CACHE: size: 4096 KB assoc: 2
3CACHE: hits:507138 misses:18554395  Hit Ratio: 2.66%
3CACHE: dirty items replaced:4911
ITLB: size: 48, misses 4, miss rate 0.00%
DTLB: size: 128, misses 21, miss rate 0.00%
Avg mem delay: 1.449 cycles
----------------------------------------
==== Statistics for Master ID: 3 ====
Reads: 223495165   Writes: 97884303
ICACHE: size: 64 KB assoc: 2
ICACHE: hits:136249793 misses:19044152  Hit Ratio: 87.74%
DCACHE: size: 1*16 KB assoc: 1*4
DCACHE: hits:163160778 misses:2924744 writebacks:1852041  Hit Ratio: 98.24%
SCACHE: size: 512 KB assoc: 2
SCACHE: hits:2844827 misses:19124069  Hit Ratio: 12.95%
3CACHE: size: 4096 KB assoc: 2
3CACHE: hits:490933 misses:18633136  Hit Ratio: 2.57%
3CACHE: dirty items replaced:4887
ITLB: size: 48, misses 4, miss rate 0.00%
DTLB: size: 128, misses 75, miss rate 0.00%
Avg mem delay: 1.449 cycles
----------------------------------------
==== Global Resource Utilization ====
STASH: size: 65536 entries, full 1665618813, empty 705, misses 63, full rate 100.00
icache bank util. 0.076 0.036 0.004 0.000 0.000 0.000 0.000 0.013 
dcache bank util. 0.005 0.005 0.010 0.024 0.005 0.009 0.005 0.005 
L2 bank util. 0.138 0.007 0.003 0.003 0.003 0.003 0.003 0.003 
L1-L2 bus util. = 0.060, L3 util. = 0.151
----------------------------------------

======================== 切片硬件状态 ========================
切片号 | 所属安全域 | 当前状态    | 路扩展 | LRU touched
------------------------------------------------------------------
  0    |   域0      | 正常运行   |  是   |  3700999447
  1    |   域3      | 正常运行   |  否   |  3700999887
  2    |   域0      | 正常运行   |  是   |  3700999833
  3    |   域2      | 正常运行   |  否   |  3700999918
==================================================================

branch prediction, hits = 55744154, misses = 420798, hit rate = 99.25%
return_stack prediction, hits = 204468, misses = 16849593, hit rate = 1.20%
jump prediction, hits = 102771474, misses = 72, hit rate = 100.00%

**** Debug Statistics at 3801000000 Cycles *****
Threads: 4		Fetch Width: 8
No of useful instructions fetched:	1203583675 (3.96% proc util.)
No of total instructions fetched:	1640196826 (5.39% proc util.)
 includes 213 misfetch (0.0%), 436612938 (26.6%) wrong-path fetches
 and 0 flushed after failed lock(0.0%)
No of useful instructions issued/executed:	1203583675 (3.96% proc util.)
No of total instructions issued/executed:	1455659719 (4.79% proc util.)
 includes 252076044 wrong-path (17.3%) insts and 0 flushed (0.0%)
	fp 0, 0.00%
	synch 0, 0.00%
	integer 1244686378, 85.51%
	load/store 210973341, 14.49%
Avg size of int IQ (before scheduling): 2.69
Avg size of fp IQ (before scheduling): 0.00
No of cycles taken:		3801000000
Parallelism [ 0.096, 0.000, 0.119, 0.101,] = 0.317
 IQ conflicts: 1116536 (0.03%), FQ conflicts: 0 (0.00%) 
 I reg conflicts: 43033766 (1.13%), FP reg conflicts: 0 (0.00%)
  Activelist confs: 0 (0.00%), ROB confs: 0 (0.00%)
  Int unit conflicts: 80870589 (2.13%), FP unit conflicts: 0 (0.00%)
  Load/store unit conflicts: 49362 (0.00%)
  MSHR conflicts: 0 (0.00%)
----------------------------------------
==== System-wide Cache Statistics ====
Stall for miss queue full 0 cycles (0.00%)
----------------------------------------
==== Statistics for Master ID: 0 ====
Reads: 76554433   Writes: 34
ICACHE: size: 64 KB assoc: 2
ICACHE: hits:42547164 misses:20430602  Hit Ratio: 67.56%
DCACHE: size: 2*16 KB assoc: 2*4
DCACHE: hits:9033845 misses:4542856 writebacks:12  Hit Ratio: 66.54%
SCACHE: size: 512 KB assoc: 2
SCACHE: hits:5348426 misses:19625032  Hit Ratio: 21.42%
3CACHE: size: 4096 KB assoc: 2
3CACHE: hits:588809 misses:19036223  Hit Ratio: 3.00%
3CACHE: dirty items replaced:5200
ITLB: size: 48, misses 4, miss rate 0.00%
DTLB: size: 128, misses 21, miss rate 0.00%
Avg mem delay: 1.450 cycles
----------------------------------------
==== Statistics for Master ID: 2 ====
Reads: 117150601   Writes: 35
ICACHE: size: 64 KB assoc: 2
ICACHE: hits:69740972 misses:20458950  Hit Ratio: 77.32%
DCACHE: size: 1*16 KB assoc: 1*4
DCACHE: hits:21025212 misses:5925504 writebacks:13  Hit Ratio: 78.01%
SCACHE: size: 512 KB assoc: 2
SCACHE: hits:6807763 misses:19576689  Hit Ratio: 25.80%
3CACHE: size: 4096 KB assoc: 2
3CACHE: hits:520488 misses:19056201  Hit Ratio: 2.66%
3CACHE: dirty items replaced:5040
ITLB: size: 48, misses 4, miss rate 0.00%
DTLB: size: 128, misses 21, miss rate 0.00%
Avg mem delay: 1.450 cycles
----------------------------------------
==== Statistics for Master ID: 3 ====
Reads: 229358458   Writes: 100435419
ICACHE: size: 64 KB assoc: 2
ICACHE: hits:139789345 misses:19558605  Hit Ratio: 87.73%
DCACHE: size: 1*16 KB assoc: 1*4
DCACHE: hits:167443682 misses:3002244 writebacks:1901093  Hit Ratio: 98.24%
SCACHE: size: 512 KB assoc: 2
SCACHE: hits:2919916 misses:19640933  Hit Ratio: 12.94%
3CACHE: size: 4096 KB assoc: 2
3CACHE: hits:504066 misses:19136867  Hit Ratio: 2.57%
3CACHE: dirty items replaced:5013
ITLB: size: 48, misses 4, miss rate 0.00%
DTLB: size: 128, misses 75, miss rate 0.00%
Avg mem delay: 1.450 cycles
----------------------------------------
==== Global Resource Utilization ====
STASH: size: 65536 entries, full 1709593768, empty 705, misses 63, full rate 100.00
icache bank util. 0.076 0.036 0.004 0.000 0.000 0.000 0.000 0.013 
dcache bank util. 0.005 0.005 0.010 0.024 0.005 0.009 0.005 0.005 
L2 bank util. 0.138 0.007 0.003 0.003 0.003 0.003 0.003 0.003 
L1-L2 bus util. = 0.060, L3 util. = 0.151
----------------------------------------

======================== 切片硬件状态 ========================
切片号 | 所属安全域 | 当前状态    | 路扩展 | LRU touched
------------------------------------------------------------------
  0    |   域0      | 正常运行   |  是   |  3800999977
  1    |   域3      | 正常运行   |  否   |  3800999928
  2    |   域0      | 正常运行   |  是   |  3800997275
  3    |   域2      | 正常运行   |  否   |  3800999844
==================================================================

branch prediction, hits = 57229222, misses = 432047, hit rate = 99.25%
return_stack prediction, hits = 209892, misses = 17296621, hit rate = 1.20%
jump prediction, hits = 105506949, misses = 72, hit rate = 100.00%

**** Debug Statistics at 3901000000 Cycles *****
Threads: 4		Fetch Width: 8
No of useful instructions fetched:	1234564701 (3.96% proc util.)
No of total instructions fetched:	1681955171 (5.39% proc util.)
 includes 213 misfetch (0.0%), 447390257 (26.6%) wrong-path fetches
 and 0 flushed after failed lock(0.0%)
No of useful instructions issued/executed:	1234564693 (3.96% proc util.)
No of total instructions issued/executed:	1492885214 (4.78% proc util.)
 includes 258320521 wrong-path (17.3%) insts and 0 flushed (0.0%)
	fp 0, 0.00%
	synch 0, 0.00%
	integer 1276554446, 85.51%
	load/store 216330768, 14.49%
Avg size of int IQ (before scheduling): 2.69
Avg size of fp IQ (before scheduling): 0.00
No of cycles taken:		3901000000
Parallelism [ 0.096, 0.000, 0.119, 0.101,] = 0.316
 IQ conflicts: 1144267 (0.03%), FQ conflicts: 0 (0.00%) 
 I reg conflicts: 44088083 (1.13%), FP reg conflicts: 0 (0.00%)
  Activelist confs: 0 (0.00%), ROB confs: 0 (0.00%)
  Int unit conflicts: 82904385 (2.13%), FP unit conflicts: 0 (0.00%)
  Load/store unit conflicts: 50599 (0.00%)
  MSHR conflicts: 0 (0.00%)
----------------------------------------
==== System-wide Cache Statistics ====
Stall for miss queue full 0 cycles (0.00%)
----------------------------------------
==== Statistics for Master ID: 0 ====
Reads: 78519598   Writes: 34
ICACHE: size: 64 KB assoc: 2
ICACHE: hits:43625397 misses:20966752  Hit Ratio: 67.54%
DCACHE: size: 2*16 KB assoc: 2*4
DCACHE: hits:9267604 misses:4659879 writebacks:12  Hit Ratio: 66.54%
SCACHE: size: 512 KB assoc: 2
SCACHE: hits:5484810 misses:20141821  Hit Ratio: 21.40%
3CACHE: size: 4096 KB assoc: 2
3CACHE: hits:603767 misses:19538054  Hit Ratio: 3.00%
3CACHE: dirty items replaced:5344
ITLB: size: 48, misses 4, miss rate 0.00%
DTLB: size: 128, misses 21, miss rate 0.00%
Avg mem delay: 1.450 cycles
----------------------------------------
==== Statistics for Master ID: 2 ====
Reads: 120167434   Writes: 35
ICACHE: size: 64 KB assoc: 2
ICACHE: hits:71525166 misses:20995507  Hit Ratio: 77.31%
DCACHE: size: 1*16 KB assoc: 1*4
DCACHE: hits:21567603 misses:6079195 writebacks:13  Hit Ratio: 78.01%
SCACHE: size: 512 KB assoc: 2
SCACHE: hits:6982494 misses:20092205  Hit Ratio: 25.79%
3CACHE: size: 4096 KB assoc: 2
3CACHE: hits:533681 misses:19558524  Hit Ratio: 2.66%
3CACHE: dirty items replaced:5178
ITLB: size: 48, misses 4, miss rate 0.00%
DTLB: size: 128, misses 21, miss rate 0.00%
Avg mem delay: 1.450 cycles
----------------------------------------
==== Statistics for Master ID: 3 ====
Reads: 235152004   Writes: 102955816
ICACHE: size: 64 KB assoc: 2
ICACHE: hits:143278179 misses:20073151  Hit Ratio: 87.71%
DCACHE: size: 1*16 KB assoc: 1*4
DCACHE: hits:171677623 misses:3078866 writebacks:1949570  Hit Ratio: 98.24%
SCACHE: size: 512 KB assoc: 2
SCACHE: hits:2993824 misses:20158193  Hit Ratio: 12.93%
3CACHE: size: 4096 KB assoc: 2
3CACHE: hits:517060 misses:19641133  Hit Ratio: 2.57%
3CACHE: dirty items replaced:5151
ITLB: size: 48, misses 4, miss rate 0.00%
DTLB: size: 128, misses 75, miss rate 0.00%
Avg mem delay: 1.450 cycles
----------------------------------------
==== Global Resource Utilization ====
STASH: size: 65536 entries, full 1753127185, empty 705, misses 63, full rate 100.00
icache bank util. 0.076 0.036 0.004 0.000 0.000 0.000 0.000 0.013 
dcache bank util. 0.005 0.005 0.010 0.024 0.005 0.009 0.005 0.005 
L2 bank util. 0.138 0.007 0.003 0.003 0.003 0.003 0.003 0.003 
L1-L2 bus util. = 0.060, L3 util. = 0.151
----------------------------------------

======================== 切片硬件状态 ========================
切片号 | 所属安全域 | 当前状态    | 路扩展 | LRU touched
------------------------------------------------------------------
  0    |   域0      | 正常运行   |  是   |  3900999991
  1    |   域3      | 正常运行   |  否   |  3900999885
  2    |   域0      | 正常运行   |  是   |  3900999219
  3    |   域2      | 正常运行   |  否   |  3900999831
==================================================================

branch prediction, hits = 58701279, misses = 443202, hit rate = 99.25%
return_stack prediction, hits = 215268, misses = 17739116, hit rate = 1.20%
jump prediction, hits = 108217116, misses = 72, hit rate = 100.00%

**** Debug Statistics at 4001000000 Cycles *****
Threads: 4		Fetch Width: 8
No of useful instructions fetched:	1266682113 (3.96% proc util.)
No of total instructions fetched:	1726009052 (5.39% proc util.)
 includes 213 misfetch (0.0%), 459326726 (26.6%) wrong-path fetches
 and 0 flushed after failed lock(0.0%)
No of useful instructions issued/executed:	1266682113 (3.96% proc util.)
No of total instructions issued/executed:	1531883035 (4.79% proc util.)
 includes 265200922 wrong-path (17.3%) insts and 0 flushed (0.0%)
	fp 0, 0.00%
	synch 0, 0.00%
	integer 1309874102, 85.51%
	load/store 222008933, 14.49%
Avg size of int IQ (before scheduling): 2.69
Avg size of fp IQ (before scheduling): 0.00
No of cycles taken:		4001000000
Parallelism [ 0.096, 0.000, 0.119, 0.101,] = 0.317
 IQ conflicts: 1174741 (0.03%), FQ conflicts: 0 (0.00%) 
 I reg conflicts: 45270101 (1.13%), FP reg conflicts: 0 (0.00%)
  Activelist confs: 0 (0.00%), ROB confs: 0 (0.00%)
  Int unit conflicts: 85097560 (2.13%), FP unit conflicts: 0 (0.00%)
  Load/store unit conflicts: 51962 (0.00%)
  MSHR conflicts: 0 (0.00%)
----------------------------------------
==== System-wide Cache Statistics ====
Stall for miss queue full 0 cycles (0.00%)
----------------------------------------
==== Statistics for Master ID: 0 ====
Reads: 80564944   Writes: 34
ICACHE: size: 64 KB assoc: 2
ICACHE: hits:44771037 misses:21505167  Hit Ratio: 67.55%
DCACHE: size: 2*16 KB assoc: 2*4
DCACHE: hits:9508457 misses:4780317 writebacks:12  Hit Ratio: 66.54%
SCACHE: size: 512 KB assoc: 2
SCACHE: hits:5627824 misses:20657660  Hit Ratio: 21.41%
3CACHE: size: 4096 KB assoc: 2
3CACHE: hits:619522 misses:20038138  Hit Ratio: 3.00%
3CACHE: dirty items replaced:5483
ITLB: size: 48, misses 4, miss rate 0.00%
DTLB: size: 128, misses 21, miss rate 0.00%
Avg mem delay: 1.450 cycles
----------------------------------------
==== Statistics for Master ID: 2 ====
Reads: 123293663   Writes: 35
ICACHE: size: 64 KB assoc: 2
ICACHE: hits:73394399 misses:21534703  Hit Ratio: 77.31%
DCACHE: size: 1*16 KB assoc: 1*4
DCACHE: hits:22127629 misses:6236969 writebacks:13  Hit Ratio: 78.01%
SCACHE: size: 512 KB assoc: 2
SCACHE: hits:7164767 misses:20606903  Hit Ratio: 25.80%
3CACHE: size: 4096 KB assoc: 2
3CACHE: hits:547747 misses:20059156  Hit Ratio: 2.66%
3CACHE: dirty items replaced:5315
ITLB: size: 48, misses 4, miss rate 0.00%
DTLB: size: 128, misses 21, miss rate 0.00%
Avg mem delay: 1.450 cycles
----------------------------------------
==== Statistics for Master ID: 3 ====
Reads: 241347663   Writes: 105675425
ICACHE: size: 64 KB assoc: 2
ICACHE: hits:147079971 misses:20587553  Hit Ratio: 87.72%
DCACHE: size: 1*16 KB assoc: 1*4
DCACHE: hits:176196181 misses:3159382 writebacks:2000504  Hit Ratio: 98.24%
SCACHE: size: 512 KB assoc: 2
SCACHE: hits:3072542 misses:20674393  Hit Ratio: 12.94%
3CACHE: size: 4096 KB assoc: 2
3CACHE: hits:530494 misses:20143899  Hit Ratio: 2.57%
3CACHE: dirty items replaced:5285
ITLB: size: 48, misses 4, miss rate 0.00%
DTLB: size: 128, misses 75, miss rate 0.00%
Avg mem delay: 1.450 cycles
----------------------------------------
==== Global Resource Utilization ====
STASH: size: 65536 entries, full 1799044295, empty 705, misses 63, full rate 100.00
icache bank util. 0.076 0.036 0.004 0.000 0.000 0.000 0.000 0.013 
dcache bank util. 0.005 0.005 0.010 0.024 0.005 0.009 0.005 0.005 
L2 bank util. 0.138 0.007 0.003 0.003 0.003 0.003 0.003 0.003 
L1-L2 bus util. = 0.060, L3 util. = 0.151
----------------------------------------

======================== 切片硬件状态 ========================
切片号 | 所属安全域 | 当前状态    | 路扩展 | LRU touched
------------------------------------------------------------------
  0    |   域0      | 正常运行   |  是   |  4000999325
  1    |   域3      | 正常运行   |  否   |  4000999854
  2    |   域0      | 正常运行   |  是   |  4000999710
  3    |   域2      | 正常运行   |  否   |  4000999956
==================================================================

branch prediction, hits = 60227077, misses = 454710, hit rate = 99.25%
return_stack prediction, hits = 220896, misses = 18203534, hit rate = 1.20%
jump prediction, hits = 111036194, misses = 72, hit rate = 100.00%

**** Debug Statistics at 4101000000 Cycles *****
Threads: 4		Fetch Width: 8
No of useful instructions fetched:	1298344596 (3.96% proc util.)
No of total instructions fetched:	1769077960 (5.39% proc util.)
 includes 213 misfetch (0.0%), 470733151 (26.6%) wrong-path fetches
 and 0 flushed after failed lock(0.0%)
No of useful instructions issued/executed:	1298344596 (3.96% proc util.)
No of total instructions issued/executed:	1570135493 (4.79% proc util.)
 includes 271790897 wrong-path (17.3%) insts and 0 flushed (0.0%)
	fp 0, 0.00%
	synch 0, 0.00%
	integer 1342585037, 85.51%
	load/store 227550456, 14.49%
Avg size of int IQ (before scheduling): 2.69
Avg size of fp IQ (before scheduling): 0.00
No of cycles taken:		4101000000
Parallelism [ 0.096, 0.000, 0.119, 0.101,] = 0.317
 IQ conflicts: 1204609 (0.03%), FQ conflicts: 0 (0.00%) 
 I reg conflicts: 46398966 (1.13%), FP reg conflicts: 0 (0.00%)
  Activelist confs: 0 (0.00%), ROB confs: 0 (0.00%)
  Int unit conflicts: 87230465 (2.13%), FP unit conflicts: 0 (0.00%)
  Load/store unit conflicts: 53341 (0.00%)
  MSHR conflicts: 0 (0.00%)
----------------------------------------
==== System-wide Cache Statistics ====
Stall for miss queue full 0 cycles (0.00%)
----------------------------------------
==== Statistics for Master ID: 0 ====
Reads: 82577306   Writes: 34
ICACHE: size: 64 KB assoc: 2
ICACHE: hits:45888645 misses:22042662  Hit Ratio: 67.55%
DCACHE: size: 2*16 KB assoc: 2*4
DCACHE: hits:9746709 misses:4899324 writebacks:12  Hit Ratio: 66.55%
SCACHE: size: 512 KB assoc: 2
SCACHE: hits:5768236 misses:21173750  Hit Ratio: 21.41%
3CACHE: size: 4096 KB assoc: 2
3CACHE: hits:634978 misses:20538772  Hit Ratio: 3.00%
3CACHE: dirty items replaced:5606
ITLB: size: 48, misses 4, miss rate 0.00%
DTLB: size: 128, misses 21, miss rate 0.00%
Avg mem delay: 1.450 cycles
----------------------------------------
==== Statistics for Master ID: 2 ====
Reads: 126376519   Writes: 35
ICACHE: size: 64 KB assoc: 2
ICACHE: hits:75230284 misses:22072846  Hit Ratio: 77.32%
DCACHE: size: 1*16 KB assoc: 1*4
DCACHE: hits:22680005 misses:6393421 writebacks:13  Hit Ratio: 78.01%
SCACHE: size: 512 KB assoc: 2
SCACHE: hits:7344524 misses:21121741  Hit Ratio: 25.80%
3CACHE: size: 4096 KB assoc: 2
3CACHE: hits:561388 misses:20560353  Hit Ratio: 2.66%
3CACHE: dirty items replaced:5437
ITLB: size: 48, misses 4, miss rate 0.00%
DTLB: size: 128, misses 21, miss rate 0.00%
Avg mem delay: 1.450 cycles
----------------------------------------
==== Statistics for Master ID: 3 ====
Reads: 247371367   Writes: 108307614
ICACHE: size: 64 KB assoc: 2
ICACHE: hits:150745967 misses:21102014  Hit Ratio: 87.72%
DCACHE: size: 1*16 KB assoc: 1*4
DCACHE: hits:180592704 misses:3238295 writebacks:2050457  Hit Ratio: 98.24%
SCACHE: size: 512 KB assoc: 2
SCACHE: hits:3149465 misses:21190844  Hit Ratio: 12.94%
3CACHE: size: 4096 KB assoc: 2
3CACHE: hits:543766 misses:20647078  Hit Ratio: 2.57%
3CACHE: dirty items replaced:5406
ITLB: size: 48, misses 4, miss rate 0.00%
DTLB: size: 128, misses 75, miss rate 0.00%
Avg mem delay: 1.450 cycles
----------------------------------------
==== Global Resource Utilization ====
STASH: size: 65536 entries, full 1843940134, empty 705, misses 63, full rate 100.00
icache bank util. 0.076 0.036 0.004 0.000 0.000 0.000 0.000 0.013 
dcache bank util. 0.005 0.005 0.010 0.024 0.005 0.009 0.005 0.005 
L2 bank util. 0.138 0.007 0.003 0.003 0.003 0.003 0.003 0.003 
L1-L2 bus util. = 0.060, L3 util. = 0.151
----------------------------------------

======================== 切片硬件状态 ========================
切片号 | 所属安全域 | 当前状态    | 路扩展 | LRU touched
------------------------------------------------------------------
  0    |   域0      | 正常运行   |  是   |  4100999935
  1    |   域3      | 正常运行   |  否   |  4100999829
  2    |   域0      | 正常运行   |  是   |  4100997619
  3    |   域2      | 正常运行   |  否   |  4100999970
==================================================================

branch prediction, hits = 61731323, misses = 466074, hit rate = 99.25%
return_stack prediction, hits = 226428, misses = 18658857, hit rate = 1.20%
jump prediction, hits = 113811188, misses = 72, hit rate = 100.00%

**** Debug Statistics at 4201000000 Cycles *****
Threads: 4		Fetch Width: 8
No of useful instructions fetched:	1330133866 (3.96% proc util.)
No of total instructions fetched:	1812720014 (5.39% proc util.)
 includes 213 misfetch (0.0%), 482585935 (26.6%) wrong-path fetches
 and 0 flushed after failed lock(0.0%)
No of useful instructions issued/executed:	1330133866 (3.96% proc util.)
No of total instructions issued/executed:	1608758375 (4.79% proc util.)
 includes 278624509 wrong-path (17.3%) insts and 0 flushed (0.0%)
	fp 0, 0.00%
	synch 0, 0.00%
	integer 1375579186, 85.51%
	load/store 233179189, 14.49%
Avg size of int IQ (before scheduling): 2.69
Avg size of fp IQ (before scheduling): 0.00
No of cycles taken:		4201000000
Parallelism [ 0.096, 0.000, 0.119, 0.101,] = 0.317
 IQ conflicts: 1233901 (0.03%), FQ conflicts: 0 (0.00%) 
 I reg conflicts: 47520952 (1.13%), FP reg conflicts: 0 (0.00%)
  Activelist confs: 0 (0.00%), ROB confs: 0 (0.00%)
  Int unit conflicts: 89395023 (2.13%), FP unit conflicts: 0 (0.00%)
  Load/store unit conflicts: 54567 (0.00%)
  MSHR conflicts: 0 (0.00%)
----------------------------------------
==== System-wide Cache Statistics ====
Stall for miss queue full 0 cycles (0.00%)
----------------------------------------
==== Statistics for Master ID: 0 ====
Reads: 84604278   Writes: 34
ICACHE: size: 64 KB assoc: 2
ICACHE: hits:47018931 misses:22580852  Hit Ratio: 67.56%
DCACHE: size: 2*16 KB assoc: 2*4
DCACHE: hits:9985321 misses:5019208 writebacks:12  Hit Ratio: 66.55%
SCACHE: size: 512 KB assoc: 2
SCACHE: hits:5909933 misses:21690127  Hit Ratio: 21.41%
3CACHE: size: 4096 KB assoc: 2
3CACHE: hits:650670 misses:21039457  Hit Ratio: 3.00%
3CACHE: dirty items replaced:5747
ITLB: size: 48, misses 4, miss rate 0.00%
DTLB: size: 128, misses 21, miss rate 0.00%
Avg mem delay: 1.449 cycles
----------------------------------------
==== Statistics for Master ID: 2 ====
Reads: 129455184   Writes: 35
ICACHE: size: 64 KB assoc: 2
ICACHE: hits:77061542 misses:22612122  Hit Ratio: 77.31%
DCACHE: size: 1*16 KB assoc: 1*4
DCACHE: hits:23232455 misses:6549102 writebacks:13  Hit Ratio: 78.01%
SCACHE: size: 512 KB assoc: 2
SCACHE: hits:7524381 misses:21636841  Hit Ratio: 25.80%
3CACHE: size: 4096 KB assoc: 2
3CACHE: hits:575282 misses:21061559  Hit Ratio: 2.66%
3CACHE: dirty items replaced:5571
ITLB: size: 48, misses 4, miss rate 0.00%
DTLB: size: 128, misses 21, miss rate 0.00%
Avg mem delay: 1.449 cycles
----------------------------------------
==== Statistics for Master ID: 3 ====
Reads: 253512118   Writes: 111006724
ICACHE: size: 64 KB assoc: 2
ICACHE: hits:154509127 misses:21616609  Hit Ratio: 87.73%
DCACHE: size: 1*16 KB assoc: 1*4
DCACHE: hits:185075009 misses:3318096 writebacks:2100925  Hit Ratio: 98.24%
SCACHE: size: 512 KB assoc: 2
SCACHE: hits:3227131 misses:21707574  Hit Ratio: 12.94%
3CACHE: size: 4096 KB assoc: 2
3CACHE: hits:557151 misses:21150423  Hit Ratio: 2.57%
3CACHE: dirty items replaced:5538
ITLB: size: 48, misses 4, miss rate 0.00%
DTLB: size: 128, misses 75, miss rate 0.00%
Avg mem delay: 1.449 cycles
----------------------------------------
==== Global Resource Utilization ====
STASH: size: 65536 entries, full 1889429464, empty 705, misses 63, full rate 100.00
icache bank util. 0.076 0.036 0.004 0.000 0.000 0.000 0.000 0.013 
dcache bank util. 0.005 0.005 0.010 0.024 0.005 0.009 0.005 0.005 
L2 bank util. 0.138 0.007 0.003 0.003 0.003 0.003 0.003 0.003 
L1-L2 bus util. = 0.060, L3 util. = 0.151
----------------------------------------

======================== 切片硬件状态 ========================
切片号 | 所属安全域 | 当前状态    | 路扩展 | LRU touched
------------------------------------------------------------------
  0    |   域0      | 正常运行   |  是   |  4200999584
  1    |   域3      | 正常运行   |  否   |  4200999838
  2    |   域0      | 正常运行   |  是   |  4200999970
  3    |   域2      | 正常运行   |  否   |  4200999886
==================================================================

branch prediction, hits = 63240828, misses = 477430, hit rate = 99.25%
return_stack prediction, hits = 232008, misses = 19119348, hit rate = 1.20%
jump prediction, hits = 116601086, misses = 72, hit rate = 100.00%

**** Debug Statistics at 4301000000 Cycles *****
Threads: 4		Fetch Width: 8
No of useful instructions fetched:	1361858328 (3.96% proc util.)
No of total instructions fetched:	1855931090 (5.39% proc util.)
 includes 213 misfetch (0.0%), 494072549 (26.6%) wrong-path fetches
 and 0 flushed after failed lock(0.0%)
No of useful instructions issued/executed:	1361858325 (3.96% proc util.)
No of total instructions issued/executed:	1647117049 (4.79% proc util.)
 includes 285258724 wrong-path (17.3%) insts and 0 flushed (0.0%)
	fp 0, 0.00%
	synch 0, 0.00%
	integer 1408376055, 85.51%
	load/store 238740994, 14.49%
Avg size of int IQ (before scheduling): 2.69
Avg size of fp IQ (before scheduling): 0.00
No of cycles taken:		4301000000
Parallelism [ 0.096, 0.000, 0.119, 0.101,] = 0.317
 IQ conflicts: 1263765 (0.03%), FQ conflicts: 0 (0.00%) 
 I reg conflicts: 48665391 (1.13%), FP reg conflicts: 0 (0.00%)
  Activelist confs: 0 (0.00%), ROB confs: 0 (0.00%)
  Int unit conflicts: 91529791 (2.13%), FP unit conflicts: 0 (0.00%)
  Load/store unit conflicts: 55943 (0.00%)
  MSHR conflicts: 0 (0.00%)
----------------------------------------
==== System-wide Cache Statistics ====
Stall for miss queue full 0 cycles (0.00%)
----------------------------------------
==== Statistics for Master ID: 0 ====
Reads: 86623861   Writes: 34
ICACHE: size: 64 KB assoc: 2
ICACHE: hits:48143453 misses:23118290  Hit Ratio: 67.56%
DCACHE: size: 2*16 KB assoc: 2*4
DCACHE: hits:10223535 misses:5138617 writebacks:12  Hit Ratio: 66.55%
SCACHE: size: 512 KB assoc: 2
SCACHE: hits:6050499 misses:22206408  Hit Ratio: 21.41%
3CACHE: size: 4096 KB assoc: 2
3CACHE: hits:666215 misses:21540193  Hit Ratio: 3.00%
3CACHE: dirty items replaced:5876
ITLB: size: 48, misses 4, miss rate 0.00%
DTLB: size: 128, misses 21, miss rate 0.00%
Avg mem delay: 1.449 cycles
----------------------------------------
==== Statistics for Master ID: 2 ====
Reads: 132542564   Writes: 35
ICACHE: size: 64 KB assoc: 2
ICACHE: hits:78900254 misses:23150461  Hit Ratio: 77.31%
DCACHE: size: 1*16 KB assoc: 1*4
DCACHE: hits:23786114 misses:6705772 writebacks:13  Hit Ratio: 78.01%
SCACHE: size: 512 KB assoc: 2
SCACHE: hits:7704421 misses:22151810  Hit Ratio: 25.81%
3CACHE: size: 4096 KB assoc: 2
3CACHE: hits:588996 misses:21562814  Hit Ratio: 2.66%
3CACHE: dirty items replaced:5697
ITLB: size: 48, misses 4, miss rate 0.00%
DTLB: size: 128, misses 21, miss rate 0.00%
Avg mem delay: 1.449 cycles
----------------------------------------
==== Statistics for Master ID: 3 ====
Reads: 259560099   Writes: 113651983
ICACHE: size: 64 KB assoc: 2
ICACHE: hits:158193825 misses:22131298  Hit Ratio: 87.73%
DCACHE: size: 1*16 KB assoc: 1*4
DCACHE: hits:189489656 misses:3397302 writebacks:2151055  Hit Ratio: 98.24%
SCACHE: size: 512 KB assoc: 2
SCACHE: hits:3304278 misses:22224321  Hit Ratio: 12.94%
3CACHE: size: 4096 KB assoc: 2
3CACHE: hits:570584 misses:21653737  Hit Ratio: 2.57%
3CACHE: dirty items replaced:5664
ITLB: size: 48, misses 4, miss rate 0.00%
DTLB: size: 128, misses 75, miss rate 0.00%
Avg mem delay: 1.449 cycles
----------------------------------------
==== Global Resource Utilization ====
STASH: size: 65536 entries, full 1934473505, empty 705, misses 63, full rate 100.00
icache bank util. 0.076 0.036 0.004 0.000 0.000 0.000 0.000 0.013 
dcache bank util. 0.005 0.005 0.010 0.024 0.005 0.009 0.005 0.005 
L2 bank util. 0.138 0.007 0.003 0.003 0.003 0.003 0.003 0.003 
L1-L2 bus util. = 0.060, L3 util. = 0.151
----------------------------------------

======================== 切片硬件状态 ========================
切片号 | 所属安全域 | 当前状态    | 路扩展 | LRU touched
------------------------------------------------------------------
  0    |   域0      | 正常运行   |  是   |  4300999858
  1    |   域3      | 正常运行   |  否   |  4300999999
  2    |   域0      | 正常运行   |  是   |  4300998666
  3    |   域2      | 正常运行   |  否   |  4300999908
==================================================================

branch prediction, hits = 64748050, misses = 488817, hit rate = 99.25%
return_stack prediction, hits = 237552, misses = 19576266, hit rate = 1.20%
jump prediction, hits = 119382603, misses = 72, hit rate = 100.00%

**** Debug Statistics at 4401000000 Cycles *****
Threads: 4		Fetch Width: 8
No of useful instructions fetched:	1394071633 (3.96% proc util.)
No of total instructions fetched:	1900332848 (5.40% proc util.)
 includes 213 misfetch (0.0%), 506261002 (26.6%) wrong-path fetches
 and 0 flushed after failed lock(0.0%)
No of useful instructions issued/executed:	1394071633 (3.96% proc util.)
No of total instructions issued/executed:	1686353361 (4.79% proc util.)
 includes 292281728 wrong-path (17.3%) insts and 0 flushed (0.0%)
	fp 0, 0.00%
	synch 0, 0.00%
	integer 1441876138, 85.50%
	load/store 244477223, 14.50%
Avg size of int IQ (before scheduling): 2.69
Avg size of fp IQ (before scheduling): 0.00
No of cycles taken:		4401000000
Parallelism [ 0.096, 0.000, 0.119, 0.101,] = 0.317
 IQ conflicts: 1294334 (0.03%), FQ conflicts: 0 (0.00%) 
 I reg conflicts: 49869073 (1.13%), FP reg conflicts: 0 (0.00%)
  Activelist confs: 0 (0.00%), ROB confs: 0 (0.00%)
  Int unit conflicts: 93737497 (2.13%), FP unit conflicts: 0 (0.00%)
  Load/store unit conflicts: 57311 (0.00%)
  MSHR conflicts: 0 (0.00%)
----------------------------------------
==== System-wide Cache Statistics ====
Stall for miss queue full 0 cycles (0.00%)
----------------------------------------
==== Statistics for Master ID: 0 ====
Reads: 88673125   Writes: 34
ICACHE: size: 64 KB assoc: 2
ICACHE: hits:49292044 misses:23657159  Hit Ratio: 67.57%
DCACHE: size: 2*16 KB assoc: 2*4
DCACHE: hits:10464130 misses:5259826 writebacks:12  Hit Ratio: 66.55%
SCACHE: size: 512 KB assoc: 2
SCACHE: hits:6194416 misses:22722569  Hit Ratio: 21.42%
3CACHE: size: 4096 KB assoc: 2
3CACHE: hits:682309 misses:22040260  Hit Ratio: 3.00%
3CACHE: dirty items replaced:6025
ITLB: size: 48, misses 4, miss rate 0.00%
DTLB: size: 128, misses 21, miss rate 0.00%
Avg mem delay: 1.449 cycles
----------------------------------------
==== Statistics for Master ID: 2 ====
Reads: 135670304   Writes: 35
ICACHE: size: 64 KB assoc: 2
ICACHE: hits:80770596 misses:23690169  Hit Ratio: 77.32%
DCACHE: size: 1*16 KB assoc: 1*4
DCACHE: hits:24346085 misses:6863491 writebacks:13  Hit Ratio: 78.01%
SCACHE: size: 512 KB assoc: 2
SCACHE: hits:7887185 misses:22666473  Hit Ratio: 25.81%
3CACHE: size: 4096 KB assoc: 2
3CACHE: hits:603086 misses:22063387  Hit Ratio: 2.66%
3CACHE: dirty items replaced:5843
ITLB: size: 48, misses 4, miss rate 0.00%
DTLB: size: 128, misses 21, miss rate 0.00%
Avg mem delay: 1.449 cycles
----------------------------------------
==== Statistics for Master ID: 3 ====
Reads: 265830856   Writes: 116414246
ICACHE: size: 64 KB assoc: 2
ICACHE: hits:162055640 misses:22645768  Hit Ratio: 87.74%
DCACHE: size: 1*16 KB assoc: 1*4
DCACHE: hits:194065270 misses:3478423 writebacks:2202401  Hit Ratio: 98.24%
SCACHE: size: 512 KB assoc: 2
SCACHE: hits:3383196 misses:22740995  Hit Ratio: 12.95%
3CACHE: size: 4096 KB assoc: 2
3CACHE: hits:584530 misses:22156465  Hit Ratio: 2.57%
3CACHE: dirty items replaced:5806
ITLB: size: 48, misses 4, miss rate 0.00%
DTLB: size: 128, misses 75, miss rate 0.00%
Avg mem delay: 1.449 cycles
----------------------------------------
==== Global Resource Utilization ====
STASH: size: 65536 entries, full 1980752489, empty 705, misses 63, full rate 100.00
icache bank util. 0.076 0.036 0.004 0.000 0.000 0.000 0.000 0.013 
dcache bank util. 0.005 0.005 0.010 0.024 0.005 0.009 0.005 0.005 
L2 bank util. 0.138 0.007 0.003 0.003 0.003 0.003 0.003 0.003 
L1-L2 bus util. = 0.060, L3 util. = 0.151
----------------------------------------

======================== 切片硬件状态 ========================
切片号 | 所属安全域 | 当前状态    | 路扩展 | LRU touched
------------------------------------------------------------------
  0    |   域0      | 正常运行   |  是   |  4400997955
  1    |   域3      | 正常运行   |  否   |  4400999906
  2    |   域0      | 正常运行   |  是   |  4400999955
  3    |   域2      | 正常运行   |  否   |  4400999950
==================================================================

branch prediction, hits = 66278132, misses = 500328, hit rate = 99.25%
return_stack prediction, hits = 243228, misses = 20044063, hit rate = 1.20%
jump prediction, hits = 122213212, misses = 72, hit rate = 100.00%

**** Debug Statistics at 4501000000 Cycles *****
Threads: 4		Fetch Width: 8
No of useful instructions fetched:	1425875965 (3.96% proc util.)
No of total instructions fetched:	1943711514 (5.40% proc util.)
 includes 213 misfetch (0.0%), 517835336 (26.6%) wrong-path fetches
 and 0 flushed after failed lock(0.0%)
No of useful instructions issued/executed:	1425875965 (3.96% proc util.)
No of total instructions issued/executed:	1724832604 (4.79% proc util.)
 includes 298956639 wrong-path (17.3%) insts and 0 flushed (0.0%)
	fp 0, 0.00%
	synch 0, 0.00%
	integer 1474768725, 85.50%
	load/store 250063879, 14.50%
Avg size of int IQ (before scheduling): 2.69
Avg size of fp IQ (before scheduling): 0.00
No of cycles taken:		4501000000
Parallelism [ 0.096, 0.000, 0.119, 0.101,] = 0.317
 IQ conflicts: 1323590 (0.03%), FQ conflicts: 0 (0.00%) 
 I reg conflicts: 51016120 (1.13%), FP reg conflicts: 0 (0.00%)
  Activelist confs: 0 (0.00%), ROB confs: 0 (0.00%)
  Int unit conflicts: 95880061 (2.13%), FP unit conflicts: 0 (0.00%)
  Load/store unit conflicts: 58645 (0.00%)
  MSHR conflicts: 0 (0.00%)
----------------------------------------
==== System-wide Cache Statistics ====
Stall for miss queue full 0 cycles (0.00%)
----------------------------------------
==== Statistics for Master ID: 0 ====
Reads: 90697102   Writes: 34
ICACHE: size: 64 KB assoc: 2
ICACHE: hits:50420198 misses:24194907  Hit Ratio: 67.57%
DCACHE: size: 2*16 KB assoc: 2*4
DCACHE: hits:10703154 misses:5378877 writebacks:12  Hit Ratio: 66.55%
SCACHE: size: 512 KB assoc: 2
SCACHE: hits:6335149 misses:23238635  Hit Ratio: 21.42%
3CACHE: size: 4096 KB assoc: 2
3CACHE: hits:697830 misses:22540805  Hit Ratio: 3.00%
3CACHE: dirty items replaced:6156
ITLB: size: 48, misses 4, miss rate 0.00%
DTLB: size: 128, misses 21, miss rate 0.00%
Avg mem delay: 1.449 cycles
----------------------------------------
==== Statistics for Master ID: 2 ====
Reads: 138764560   Writes: 35
ICACHE: size: 64 KB assoc: 2
ICACHE: hits:82614671 misses:24228624  Hit Ratio: 77.32%
DCACHE: size: 1*16 KB assoc: 1*4
DCACHE: hits:24901416 misses:7019886 writebacks:13  Hit Ratio: 78.01%
SCACHE: size: 512 KB assoc: 2
SCACHE: hits:8067187 misses:23181321  Hit Ratio: 25.82%
3CACHE: size: 4096 KB assoc: 2
3CACHE: hits:616844 misses:22564477  Hit Ratio: 2.66%
3CACHE: dirty items replaced:5977
ITLB: size: 48, misses 4, miss rate 0.00%
DTLB: size: 128, misses 21, miss rate 0.00%
Avg mem delay: 1.449 cycles
----------------------------------------
==== Statistics for Master ID: 3 ====
Reads: 271911979   Writes: 119074323
ICACHE: size: 64 KB assoc: 2
ICACHE: hits:165765597 misses:23160156  Hit Ratio: 87.74%
DCACHE: size: 1*16 KB assoc: 1*4
DCACHE: hits:198502567 misses:3557981 writebacks:2252750  Hit Ratio: 98.24%
SCACHE: size: 512 KB assoc: 2
SCACHE: hits:3460753 misses:23257384  Hit Ratio: 12.95%
3CACHE: size: 4096 KB assoc: 2
3CACHE: hits:597811 misses:22659573  Hit Ratio: 2.57%
3CACHE: dirty items replaced:5935
ITLB: size: 48, misses 4, miss rate 0.00%
DTLB: size: 128, misses 75, miss rate 0.00%
Avg mem delay: 1.449 cycles
----------------------------------------
==== Global Resource Utilization ====
STASH: size: 65536 entries, full 2025972111, empty 705, misses 63, full rate 100.00
icache bank util. 0.076 0.036 0.004 0.000 0.000 0.000 0.000 0.013 
dcache bank util. 0.005 0.005 0.010 0.024 0.005 0.009 0.005 0.005 
L2 bank util. 0.138 0.007 0.003 0.003 0.003 0.003 0.003 0.003 
L1-L2 bus util. = 0.060, L3 util. = 0.151
----------------------------------------

======================== 切片硬件状态 ========================
切片号 | 所属安全域 | 当前状态    | 路扩展 | LRU touched
------------------------------------------------------------------
  0    |   域0      | 正常运行   |  是   |  4500999467
  1    |   域3      | 正常运行   |  否   |  4500999818
  2    |   域0      | 正常运行   |  是   |  4500999867
  3    |   域2      | 正常运行   |  否   |  4500999888
==================================================================

branch prediction, hits = 67789168, misses = 511739, hit rate = 99.25%
return_stack prediction, hits = 248796, misses = 20502959, hit rate = 1.20%
jump prediction, hits = 125003269, misses = 72, hit rate = 100.00%

**** Debug Statistics at 4601000000 Cycles *****
Threads: 4		Fetch Width: 8
No of useful instructions fetched:	1457650026 (3.96% proc util.)
No of total instructions fetched:	1987106943 (5.40% proc util.)
 includes 213 misfetch (0.0%), 529456704 (26.6%) wrong-path fetches
 and 0 flushed after failed lock(0.0%)
No of useful instructions issued/executed:	1457650020 (3.96% proc util.)
No of total instructions issued/executed:	1763310949 (4.79% proc util.)
 includes 305660929 wrong-path (17.3%) insts and 0 flushed (0.0%)
	fp 0, 0.00%
	synch 0, 0.00%
	integer 1507659676, 85.50%
	load/store 255651273, 14.50%
Avg size of int IQ (before scheduling): 2.69
Avg size of fp IQ (before scheduling): 0.00
No of cycles taken:		4601000000
Parallelism [ 0.096, 0.000, 0.119, 0.101,] = 0.317
 IQ conflicts: 1354322 (0.03%), FQ conflicts: 0 (0.00%) 
 I reg conflicts: 52160212 (1.13%), FP reg conflicts: 0 (0.00%)
  Activelist confs: 0 (0.00%), ROB confs: 0 (0.00%)
  Int unit conflicts: 98026868 (2.13%), FP unit conflicts: 0 (0.00%)
  Load/store unit conflicts: 59859 (0.00%)
  MSHR conflicts: 0 (0.00%)
----------------------------------------
==== System-wide Cache Statistics ====
Stall for miss queue full 0 cycles (0.00%)
----------------------------------------
==== Statistics for Master ID: 0 ====
Reads: 92720861   Writes: 34
ICACHE: size: 64 KB assoc: 2
ICACHE: hits:51546889 misses:24732907  Hit Ratio: 67.58%
DCACHE: size: 2*16 KB assoc: 2*4
DCACHE: hits:10941814 misses:5499285 writebacks:12  Hit Ratio: 66.55%
SCACHE: size: 512 KB assoc: 2
SCACHE: hits:6476961 misses:23755231  Hit Ratio: 21.42%
3CACHE: size: 4096 KB assoc: 2
3CACHE: hits:713623 misses:23041608  Hit Ratio: 3.00%
3CACHE: dirty items replaced:6290
ITLB: size: 48, misses 4, miss rate 0.00%
DTLB: size: 128, misses 21, miss rate 0.00%
Avg mem delay: 1.449 cycles
----------------------------------------
==== Statistics for Master ID: 2 ====
Reads: 141851344   Writes: 35
ICACHE: size: 64 KB assoc: 2
ICACHE: hits:84453354 misses:24767489  Hit Ratio: 77.32%
DCACHE: size: 1*16 KB assoc: 1*4
DCACHE: hits:25454015 misses:7176523 writebacks:13  Hit Ratio: 78.01%
SCACHE: size: 512 KB assoc: 2
SCACHE: hits:8247499 misses:23696510  Hit Ratio: 25.82%
3CACHE: size: 4096 KB assoc: 2
3CACHE: hits:630671 misses:23065839  Hit Ratio: 2.66%
3CACHE: dirty items replaced:6102
ITLB: size: 48, misses 4, miss rate 0.00%
DTLB: size: 128, misses 21, miss rate 0.00%
Avg mem delay: 1.449 cycles
----------------------------------------
==== Statistics for Master ID: 3 ====
Reads: 277992458   Writes: 121739749
ICACHE: size: 64 KB assoc: 2
ICACHE: hits:169477484 misses:23675084  Hit Ratio: 87.74%
DCACHE: size: 1*16 KB assoc: 1*4
DCACHE: hits:202942295 misses:3637343 writebacks:2302967  Hit Ratio: 98.24%
SCACHE: size: 512 KB assoc: 2
SCACHE: hits:3538264 misses:23774163  Hit Ratio: 12.95%
3CACHE: size: 4096 KB assoc: 2
3CACHE: hits:611117 misses:23163046  Hit Ratio: 2.57%
3CACHE: dirty items replaced:6061
ITLB: size: 48, misses 4, miss rate 0.00%
DTLB: size: 128, misses 75, miss rate 0.00%
Avg mem delay: 1.449 cycles
----------------------------------------
==== Global Resource Utilization ====
STASH: size: 65536 entries, full 2071204826, empty 705, misses 63, full rate 100.00
icache bank util. 0.076 0.036 0.004 0.000 0.000 0.000 0.000 0.013 
dcache bank util. 0.005 0.005 0.010 0.024 0.005 0.009 0.005 0.005 
L2 bank util. 0.138 0.007 0.003 0.003 0.003 0.003 0.003 0.003 
L1-L2 bus util. = 0.060, L3 util. = 0.151
----------------------------------------

======================== 切片硬件状态 ========================
切片号 | 所属安全域 | 当前状态    | 路扩展 | LRU touched
------------------------------------------------------------------
  0    |   域0      | 正常运行   |  是   |  4600999528
  1    |   域3      | 正常运行   |  否   |  4600999970
  2    |   域0      | 正常运行   |  是   |  4600999914
  3    |   域2      | 正常运行   |  否   |  4600999999
==================================================================

branch prediction, hits = 69298142, misses = 523110, hit rate = 99.25%
return_stack prediction, hits = 254352, misses = 20960866, hit rate = 1.20%
jump prediction, hits = 127788363, misses = 72, hit rate = 100.00%

**** Debug Statistics at 4701000000 Cycles *****
Threads: 4		Fetch Width: 8
No of useful instructions fetched:	1489873374 (3.96% proc util.)
No of total instructions fetched:	2031388526 (5.40% proc util.)
 includes 213 misfetch (0.0%), 541514939 (26.7%) wrong-path fetches
 and 0 flushed after failed lock(0.0%)
No of useful instructions issued/executed:	1489873374 (3.96% proc util.)
No of total instructions issued/executed:	1802484374 (4.79% proc util.)
 includes 312611000 wrong-path (17.3%) insts and 0 flushed (0.0%)
	fp 0, 0.00%
	synch 0, 0.00%
	integer 1541124436, 85.50%
	load/store 261359938, 14.50%
Avg size of int IQ (before scheduling): 2.69
Avg size of fp IQ (before scheduling): 0.00
No of cycles taken:		4701000000
Parallelism [ 0.097, 0.000, 0.119, 0.102,] = 0.317
 IQ conflicts: 1385251 (0.03%), FQ conflicts: 0 (0.00%) 
 I reg conflicts: 53341006 (1.13%), FP reg conflicts: 0 (0.00%)
  Activelist confs: 0 (0.00%), ROB confs: 0 (0.00%)
  Int unit conflicts: 100246576 (2.13%), FP unit conflicts: 0 (0.00%)
  Load/store unit conflicts: 61231 (0.00%)
  MSHR conflicts: 0 (0.00%)
----------------------------------------
==== System-wide Cache Statistics ====
Stall for miss queue full 0 cycles (0.00%)
----------------------------------------
==== Statistics for Master ID: 0 ====
Reads: 94780136   Writes: 34
ICACHE: size: 64 KB assoc: 2
ICACHE: hits:52703985 misses:25271803  Hit Ratio: 67.59%
DCACHE: size: 2*16 KB assoc: 2*4
DCACHE: hits:11184184 misses:5620198 writebacks:12  Hit Ratio: 66.56%
SCACHE: size: 512 KB assoc: 2
SCACHE: hits:6620716 misses:24271285  Hit Ratio: 21.43%
3CACHE: size: 4096 KB assoc: 2
3CACHE: hits:729506 misses:23541779  Hit Ratio: 3.01%
3CACHE: dirty items replaced:6437
ITLB: size: 48, misses 4, miss rate 0.00%
DTLB: size: 128, misses 21, miss rate 0.00%
Avg mem delay: 1.449 cycles
----------------------------------------
==== Statistics for Master ID: 2 ====
Reads: 144983559   Writes: 35
ICACHE: size: 64 KB assoc: 2
ICACHE: hits:86327422 misses:25306980  Hit Ratio: 77.33%
DCACHE: size: 1*16 KB assoc: 1*4
DCACHE: hits:26014073 misses:7335121 writebacks:13  Hit Ratio: 78.01%
SCACHE: size: 512 KB assoc: 2
SCACHE: hits:8430627 misses:24211472  Hit Ratio: 25.83%
3CACHE: size: 4096 KB assoc: 2
3CACHE: hits:644867 misses:23566605  Hit Ratio: 2.66%
3CACHE: dirty items replaced:6241
ITLB: size: 48, misses 4, miss rate 0.00%
DTLB: size: 128, misses 21, miss rate 0.00%
Avg mem delay: 1.449 cycles
----------------------------------------
==== Statistics for Master ID: 3 ====
Reads: 284223847   Writes: 124480258
ICACHE: size: 64 KB assoc: 2
ICACHE: hits:173307823 misses:24189917  Hit Ratio: 87.75%
DCACHE: size: 1*16 KB assoc: 1*4
DCACHE: hits:207488254 misses:3718110 writebacks:2354084  Hit Ratio: 98.24%
SCACHE: size: 512 KB assoc: 2
SCACHE: hits:3617508 misses:24290519  Hit Ratio: 12.96%
3CACHE: size: 4096 KB assoc: 2
3CACHE: hits:624573 misses:23665945  Hit Ratio: 2.57%
3CACHE: dirty items replaced:6204
ITLB: size: 48, misses 4, miss rate 0.00%
DTLB: size: 128, misses 75, miss rate 0.00%
Avg mem delay: 1.449 cycles
----------------------------------------
==== Global Resource Utilization ====
STASH: size: 65536 entries, full 2117355611, empty 705, misses 63, full rate 100.00
icache bank util. 0.076 0.036 0.004 0.000 0.000 0.000 0.000 0.013 
dcache bank util. 0.005 0.005 0.010 0.024 0.005 0.009 0.005 0.005 
L2 bank util. 0.138 0.007 0.003 0.003 0.003 0.003 0.003 0.003 
L1-L2 bus util. = 0.060, L3 util. = 0.151
----------------------------------------

======================== 切片硬件状态 ========================
切片号 | 所属安全域 | 当前状态    | 路扩展 | LRU touched
------------------------------------------------------------------
  0    |   域0      | 正常运行   |  是   |  4700999730
  1    |   域3      | 正常运行   |  否   |  4700999979
  2    |   域0      | 正常运行   |  是   |  4700999344
  3    |   域2      | 正常运行   |  否   |  4700999841
==================================================================

branch prediction, hits = 70828525, misses = 534633, hit rate = 99.25%
return_stack prediction, hits = 260004, misses = 21426685, hit rate = 1.20%
jump prediction, hits = 130615643, misses = 72, hit rate = 100.00%

**** Debug Statistics at 4801000000 Cycles *****
Threads: 4		Fetch Width: 8
No of useful instructions fetched:	1521257863 (3.96% proc util.)
No of total instructions fetched:	2073904978 (5.40% proc util.)
 includes 213 misfetch (0.0%), 552646902 (26.6%) wrong-path fetches
 and 0 flushed after failed lock(0.0%)
No of useful instructions issued/executed:	1521257863 (3.96% proc util.)
No of total instructions issued/executed:	1840307717 (4.79% proc util.)
 includes 319049854 wrong-path (17.3%) insts and 0 flushed (0.0%)
	fp 0, 0.00%
	synch 0, 0.00%
	integer 1573481390, 85.50%
	load/store 266826327, 14.50%
Avg size of int IQ (before scheduling): 2.69
Avg size of fp IQ (before scheduling): 0.00
No of cycles taken:		4801000000
Parallelism [ 0.096, 0.000, 0.119, 0.102,] = 0.317
 IQ conflicts: 1413239 (0.03%), FQ conflicts: 0 (0.00%) 
 I reg conflicts: 54439223 (1.13%), FP reg conflicts: 0 (0.00%)
  Activelist confs: 0 (0.00%), ROB confs: 0 (0.00%)
  Int unit conflicts: 102341759 (2.13%), FP unit conflicts: 0 (0.00%)
  Load/store unit conflicts: 62594 (0.00%)
  MSHR conflicts: 0 (0.00%)
----------------------------------------
==== System-wide Cache Statistics ====
Stall for miss queue full 0 cycles (0.00%)
----------------------------------------
==== Statistics for Master ID: 0 ====
Reads: 96770505   Writes: 34
ICACHE: size: 64 KB assoc: 2
ICACHE: hits:53803807 misses:25808768  Hit Ratio: 67.58%
DCACHE: size: 2*16 KB assoc: 2*4
DCACHE: hits:11420021 misses:5737943 writebacks:12  Hit Ratio: 66.56%
SCACHE: size: 512 KB assoc: 2
SCACHE: hits:6759200 misses:24787511  Hit Ratio: 21.43%
3CACHE: size: 4096 KB assoc: 2
3CACHE: hits:744569 misses:24042942  Hit Ratio: 3.00%
3CACHE: dirty items replaced:6575
ITLB: size: 48, misses 4, miss rate 0.00%
DTLB: size: 128, misses 21, miss rate 0.00%
Avg mem delay: 1.449 cycles
----------------------------------------
==== Statistics for Master ID: 2 ====
Reads: 148043960   Writes: 35
ICACHE: size: 64 KB assoc: 2
ICACHE: hits:88145418 misses:25844479  Hit Ratio: 77.33%
DCACHE: size: 1*16 KB assoc: 1*4
DCACHE: hits:26563667 misses:7490433 writebacks:13  Hit Ratio: 78.00%
SCACHE: size: 512 KB assoc: 2
SCACHE: hits:8608403 misses:24726507  Hit Ratio: 25.82%
3CACHE: size: 4096 KB assoc: 2
3CACHE: hits:658318 misses:24068188  Hit Ratio: 2.66%
3CACHE: dirty items replaced:6377
ITLB: size: 48, misses 4, miss rate 0.00%
DTLB: size: 128, misses 21, miss rate 0.00%
Avg mem delay: 1.449 cycles
----------------------------------------
==== Statistics for Master ID: 3 ====
Reads: 290153279   Writes: 127064914
ICACHE: size: 64 KB assoc: 2
ICACHE: hits:176899694 misses:24704233  Hit Ratio: 87.75%
DCACHE: size: 1*16 KB assoc: 1*4
DCACHE: hits:211818140 misses:3796125 writebacks:2403451  Hit Ratio: 98.24%
SCACHE: size: 512 KB assoc: 2
SCACHE: hits:3693139 misses:24807219  Hit Ratio: 12.96%
3CACHE: size: 4096 KB assoc: 2
3CACHE: hits:637679 misses:24169540  Hit Ratio: 2.57%
3CACHE: dirty items replaced:6336
ITLB: size: 48, misses 4, miss rate 0.00%
DTLB: size: 128, misses 75, miss rate 0.00%
Avg mem delay: 1.449 cycles
----------------------------------------
==== Global Resource Utilization ====
STASH: size: 65536 entries, full 2161679995, empty 705, misses 63, full rate 100.00
icache bank util. 0.076 0.036 0.004 0.000 0.000 0.000 0.000 0.013 
dcache bank util. 0.005 0.005 0.010 0.024 0.005 0.009 0.005 0.005 
L2 bank util. 0.138 0.007 0.003 0.003 0.003 0.003 0.003 0.003 
L1-L2 bus util. = 0.060, L3 util. = 0.151
----------------------------------------

======================== 切片硬件状态 ========================
切片号 | 所属安全域 | 当前状态    | 路扩展 | LRU touched
------------------------------------------------------------------
  0    |   域0      | 正常运行   |  是   |  4800999968
  1    |   域3      | 正常运行   |  否   |  4800999862
  2    |   域0      | 正常运行   |  是   |  4800999196
  3    |   域2      | 正常运行   |  否   |  4800999977
==================================================================

branch prediction, hits = 72320079, misses = 545931, hit rate = 99.25%
return_stack prediction, hits = 265476, misses = 21877376, hit rate = 1.20%
jump prediction, hits = 133366157, misses = 72, hit rate = 100.00%

**** Debug Statistics at 4901000000 Cycles *****
Threads: 4		Fetch Width: 8
No of useful instructions fetched:	1553291673 (3.96% proc util.)
No of total instructions fetched:	2117988808 (5.40% proc util.)
 includes 213 misfetch (0.0%), 564696922 (26.7%) wrong-path fetches
 and 0 flushed after failed lock(0.0%)
No of useful instructions issued/executed:	1553291673 (3.96% proc util.)
No of total instructions issued/executed:	1879287592 (4.79% proc util.)
 includes 325995919 wrong-path (17.3%) insts and 0 flushed (0.0%)
	fp 0, 0.00%
	synch 0, 0.00%
	integer 1606774808, 85.50%
	load/store 272512784, 14.50%
Avg size of int IQ (before scheduling): 2.69
Avg size of fp IQ (before scheduling): 0.00
No of cycles taken:		4901000000
Parallelism [ 0.097, 0.000, 0.119, 0.102,] = 0.317
 IQ conflicts: 1443950 (0.03%), FQ conflicts: 0 (0.00%) 
 I reg conflicts: 55586737 (1.13%), FP reg conflicts: 0 (0.00%)
  Activelist confs: 0 (0.00%), ROB confs: 0 (0.00%)
  Int unit conflicts: 104535930 (2.13%), FP unit conflicts: 0 (0.00%)
  Load/store unit conflicts: 63850 (0.00%)
  MSHR conflicts: 0 (0.00%)
----------------------------------------
==== System-wide Cache Statistics ====
Stall for miss queue full 0 cycles (0.00%)
----------------------------------------
==== Statistics for Master ID: 0 ====
Reads: 98811215   Writes: 34
ICACHE: size: 64 KB assoc: 2
ICACHE: hits:54944390 misses:26347687  Hit Ratio: 67.59%
DCACHE: size: 2*16 KB assoc: 2*4
DCACHE: hits:11660454 misses:5858718 writebacks:12  Hit Ratio: 66.56%
SCACHE: size: 512 KB assoc: 2
SCACHE: hits:6902496 misses:25303909  Hit Ratio: 21.43%
3CACHE: size: 4096 KB assoc: 2
3CACHE: hits:760452 misses:24543457  Hit Ratio: 3.01%
3CACHE: dirty items replaced:6733
ITLB: size: 48, misses 4, miss rate 0.00%
DTLB: size: 128, misses 21, miss rate 0.00%
Avg mem delay: 1.449 cycles
----------------------------------------
==== Statistics for Master ID: 2 ====
Reads: 151155626   Writes: 35
ICACHE: size: 64 KB assoc: 2
ICACHE: hits:90003733 misses:26384258  Hit Ratio: 77.33%
DCACHE: size: 1*16 KB assoc: 1*4
DCACHE: hits:27120281 misses:7647391 writebacks:13  Hit Ratio: 78.00%
SCACHE: size: 512 KB assoc: 2
SCACHE: hits:8790063 misses:25241584  Hit Ratio: 25.83%
3CACHE: size: 4096 KB assoc: 2
3CACHE: hits:672284 misses:24569300  Hit Ratio: 2.66%
3CACHE: dirty items replaced:6515
ITLB: size: 48, misses 4, miss rate 0.00%
DTLB: size: 128, misses 21, miss rate 0.00%
Avg mem delay: 1.449 cycles
----------------------------------------
==== Statistics for Master ID: 3 ====
Reads: 296361575   Writes: 129798978
ICACHE: size: 64 KB assoc: 2
ICACHE: hits:180715557 misses:25219053  Hit Ratio: 87.75%
DCACHE: size: 1*16 KB assoc: 1*4
DCACHE: hits:216349375 misses:3876567 writebacks:2454334  Hit Ratio: 98.24%
SCACHE: size: 512 KB assoc: 2
SCACHE: hits:3771664 misses:25323956  Hit Ratio: 12.96%
3CACHE: size: 4096 KB assoc: 2
3CACHE: hits:651280 misses:24672676  Hit Ratio: 2.57%
3CACHE: dirty items replaced:6480
ITLB: size: 48, misses 4, miss rate 0.00%
DTLB: size: 128, misses 75, miss rate 0.00%
Avg mem delay: 1.449 cycles
----------------------------------------
==== Global Resource Utilization ====
STASH: size: 65536 entries, full 2207625482, empty 705, misses 63, full rate 100.00
icache bank util. 0.076 0.036 0.004 0.000 0.000 0.000 0.000 0.013 
dcache bank util. 0.005 0.005 0.010 0.024 0.005 0.009 0.005 0.005 
L2 bank util. 0.138 0.007 0.003 0.003 0.003 0.003 0.003 0.003 
L1-L2 bus util. = 0.060, L3 util. = 0.151
----------------------------------------

======================== 切片硬件状态 ========================
切片号 | 所属安全域 | 当前状态    | 路扩展 | LRU touched
------------------------------------------------------------------
  0    |   域0      | 正常运行   |  是   |  4900999949
  1    |   域3      | 正常运行   |  否   |  4900999852
  2    |   域0      | 正常运行   |  是   |  4900999603
  3    |   域2      | 正常运行   |  否   |  4900999827
==================================================================

branch prediction, hits = 73841206, misses = 557374, hit rate = 99.25%
return_stack prediction, hits = 271104, misses = 22341437, hit rate = 1.20%
jump prediction, hits = 136177630, misses = 72, hit rate = 100.00%

**** Debug Statistics at 5001000000 Cycles *****
Threads: 4		Fetch Width: 8
No of useful instructions fetched:	1584446126 (3.96% proc util.)
No of total instructions fetched:	2160041447 (5.40% proc util.)
 includes 213 misfetch (0.0%), 575595108 (26.6%) wrong-path fetches
 and 0 flushed after failed lock(0.0%)
No of useful instructions issued/executed:	1584446118 (3.96% proc util.)
No of total instructions issued/executed:	1916743257 (4.79% proc util.)
 includes 332297139 wrong-path (17.3%) insts and 0 flushed (0.0%)
	fp 0, 0.00%
	synch 0, 0.00%
	integer 1638829620, 85.50%
	load/store 277913637, 14.50%
Avg size of int IQ (before scheduling): 2.69
Avg size of fp IQ (before scheduling): 0.00
No of cycles taken:		5001000000
Parallelism [ 0.096, 0.000, 0.119, 0.101,] = 0.317
 IQ conflicts: 1471703 (0.03%), FQ conflicts: 0 (0.00%) 
 I reg conflicts: 56669014 (1.13%), FP reg conflicts: 0 (0.00%)
  Activelist confs: 0 (0.00%), ROB confs: 0 (0.00%)
  Int unit conflicts: 106606636 (2.13%), FP unit conflicts: 0 (0.00%)
  Load/store unit conflicts: 65185 (0.00%)
  MSHR conflicts: 0 (0.00%)
----------------------------------------
==== System-wide Cache Statistics ====
Stall for miss queue full 0 cycles (0.00%)
----------------------------------------
==== Statistics for Master ID: 0 ====
Reads: 100790169   Writes: 34
ICACHE: size: 64 KB assoc: 2
ICACHE: hits:56035186 misses:26883689  Hit Ratio: 67.58%
DCACHE: size: 2*16 KB assoc: 2*4
DCACHE: hits:11894829 misses:5976499 writebacks:12  Hit Ratio: 66.56%
SCACHE: size: 512 KB assoc: 2
SCACHE: hits:7039719 misses:25820469  Hit Ratio: 21.42%
3CACHE: size: 4096 KB assoc: 2
3CACHE: hits:775520 misses:25044948  Hit Ratio: 3.00%
3CACHE: dirty items replaced:6867
ITLB: size: 48, misses 4, miss rate 0.00%
DTLB: size: 128, misses 21, miss rate 0.00%
Avg mem delay: 1.449 cycles
----------------------------------------
==== Statistics for Master ID: 2 ====
Reads: 154189957   Writes: 35
ICACHE: size: 64 KB assoc: 2
ICACHE: hits:91801947 misses:26921064  Hit Ratio: 77.32%
DCACHE: size: 1*16 KB assoc: 1*4
DCACHE: hits:27665718 misses:7801265 writebacks:13  Hit Ratio: 78.00%
SCACHE: size: 512 KB assoc: 2
SCACHE: hits:8965459 misses:25756868  Hit Ratio: 25.82%
3CACHE: size: 4096 KB assoc: 2
3CACHE: hits:685567 misses:25071301  Hit Ratio: 2.66%
3CACHE: dirty items replaced:6649
ITLB: size: 48, misses 4, miss rate 0.00%
DTLB: size: 128, misses 21, miss rate 0.00%
Avg mem delay: 1.449 cycles
----------------------------------------
==== Statistics for Master ID: 3 ====
Reads: 302209732   Writes: 132343358
ICACHE: size: 64 KB assoc: 2
ICACHE: hits:184244357 misses:25733404  Hit Ratio: 87.74%
DCACHE: size: 1*16 KB assoc: 1*4
DCACHE: hits:220621514 misses:3953814 writebacks:2503223  Hit Ratio: 98.24%
SCACHE: size: 512 KB assoc: 2
SCACHE: hits:3846363 misses:25840855  Hit Ratio: 12.96%
3CACHE: size: 4096 KB assoc: 2
3CACHE: hits:664301 misses:25176554  Hit Ratio: 2.57%
3CACHE: dirty items replaced:6611
ITLB: size: 48, misses 4, miss rate 0.00%
DTLB: size: 128, misses 75, miss rate 0.00%
Avg mem delay: 1.449 cycles
----------------------------------------
==== Global Resource Utilization ====
STASH: size: 65536 entries, full 2251466681, empty 705, misses 63, full rate 100.00
icache bank util. 0.076 0.036 0.004 0.000 0.000 0.000 0.000 0.013 
dcache bank util. 0.005 0.005 0.010 0.024 0.005 0.009 0.005 0.005 
L2 bank util. 0.138 0.007 0.003 0.003 0.003 0.003 0.003 0.003 
L1-L2 bus util. = 0.060, L3 util. = 0.151
----------------------------------------

======================== 切片硬件状态 ========================
切片号 | 所属安全域 | 当前状态    | 路扩展 | LRU touched
------------------------------------------------------------------
  0    |   域0      | 正常运行   |  是   |  5000998471
  1    |   域3      | 正常运行   |  否   |  5000999909
  2    |   域0      | 正常运行   |  是   |  5000999629
  3    |   域2      | 正常运行   |  否   |  5000999833
==================================================================

branch prediction, hits = 75321574, misses = 568581, hit rate = 99.25%
return_stack prediction, hits = 276516, misses = 22787138, hit rate = 1.20%
jump prediction, hits = 138904778, misses = 72, hit rate = 100.00%

**** Debug Statistics at 5101000000 Cycles *****
Threads: 4		Fetch Width: 8
No of useful instructions fetched:	1616157695 (3.96% proc util.)
No of total instructions fetched:	2203129428 (5.40% proc util.)
 includes 213 misfetch (0.0%), 586971520 (26.6%) wrong-path fetches
 and 0 flushed after failed lock(0.0%)
No of useful instructions issued/executed:	1616157695 (3.96% proc util.)
No of total instructions issued/executed:	1955025518 (4.79% proc util.)
 includes 338867823 wrong-path (17.3%) insts and 0 flushed (0.0%)
	fp 0, 0.00%
	synch 0, 0.00%
	integer 1671580893, 85.50%
	load/store 283444625, 14.50%
Avg size of int IQ (before scheduling): 2.69
Avg size of fp IQ (before scheduling): 0.00
No of cycles taken:		5101000000
Parallelism [ 0.096, 0.000, 0.119, 0.101,] = 0.317
 IQ conflicts: 1501971 (0.03%), FQ conflicts: 0 (0.00%) 
 I reg conflicts: 57826932 (1.13%), FP reg conflicts: 0 (0.00%)
  Activelist confs: 0 (0.00%), ROB confs: 0 (0.00%)
  Int unit conflicts: 108736455 (2.13%), FP unit conflicts: 0 (0.00%)
  Load/store unit conflicts: 66510 (0.00%)
  MSHR conflicts: 0 (0.00%)
----------------------------------------
==== System-wide Cache Statistics ====
Stall for miss queue full 0 cycles (0.00%)
----------------------------------------
==== Statistics for Master ID: 0 ====
Reads: 102810674   Writes: 34
ICACHE: size: 64 KB assoc: 2
ICACHE: hits:57160459 misses:27420352  Hit Ratio: 67.58%
DCACHE: size: 2*16 KB assoc: 2*4
DCACHE: hits:12133873 misses:6096024 writebacks:12  Hit Ratio: 66.56%
SCACHE: size: 512 KB assoc: 2
SCACHE: hits:7179752 misses:26336624  Hit Ratio: 21.42%
3CACHE: size: 4096 KB assoc: 2
3CACHE: hits:791059 misses:25545565  Hit Ratio: 3.00%
3CACHE: dirty items replaced:6999
ITLB: size: 48, misses 4, miss rate 0.00%
DTLB: size: 128, misses 21, miss rate 0.00%
Avg mem delay: 1.449 cycles
----------------------------------------
==== Statistics for Master ID: 2 ====
Reads: 157287548   Writes: 35
ICACHE: size: 64 KB assoc: 2
ICACHE: hits:93650112 misses:27458530  Hit Ratio: 77.33%
DCACHE: size: 1*16 KB assoc: 1*4
DCACHE: hits:28220809 misses:7958134 writebacks:13  Hit Ratio: 78.00%
SCACHE: size: 512 KB assoc: 2
SCACHE: hits:9144886 misses:26271776  Hit Ratio: 25.82%
3CACHE: size: 4096 KB assoc: 2
3CACHE: hits:699364 misses:25572412  Hit Ratio: 2.66%
3CACHE: dirty items replaced:6775
ITLB: size: 48, misses 4, miss rate 0.00%
DTLB: size: 128, misses 21, miss rate 0.00%
Avg mem delay: 1.449 cycles
----------------------------------------
==== Statistics for Master ID: 3 ====
Reads: 308210723   Writes: 134967437
ICACHE: size: 64 KB assoc: 2
ICACHE: hits:187894359 misses:26248013  Hit Ratio: 87.74%
DCACHE: size: 1*16 KB assoc: 1*4
DCACHE: hits:225003291 misses:4032496 writebacks:2553023  Hit Ratio: 98.24%
SCACHE: size: 512 KB assoc: 2
SCACHE: hits:3923169 misses:26357340  Hit Ratio: 12.96%
3CACHE: size: 4096 KB assoc: 2
3CACHE: hits:677667 misses:25679673  Hit Ratio: 2.57%
3CACHE: dirty items replaced:6740
ITLB: size: 48, misses 4, miss rate 0.00%
DTLB: size: 128, misses 75, miss rate 0.00%
Avg mem delay: 1.449 cycles
----------------------------------------
==== Global Resource Utilization ====
STASH: size: 65536 entries, full 2296374113, empty 705, misses 63, full rate 100.00
icache bank util. 0.076 0.036 0.004 0.000 0.000 0.000 0.000 0.013 
dcache bank util. 0.005 0.005 0.010 0.024 0.005 0.009 0.005 0.005 
L2 bank util. 0.138 0.007 0.003 0.003 0.003 0.003 0.003 0.003 
L1-L2 bus util. = 0.060, L3 util. = 0.151
----------------------------------------

======================== 切片硬件状态 ========================
切片号 | 所属安全域 | 当前状态    | 路扩展 | LRU touched
------------------------------------------------------------------
  0    |   域0      | 正常运行   |  是   |  5100999676
  1    |   域3      | 正常运行   |  否   |  5100999923
  2    |   域0      | 正常运行   |  是   |  5100999290
  3    |   域2      | 正常运行   |  否   |  5100999978
==================================================================

branch prediction, hits = 76828424, misses = 579989, hit rate = 99.25%
return_stack prediction, hits = 282012, misses = 23240511, hit rate = 1.20%
jump prediction, hits = 141680241, misses = 72, hit rate = 100.00%

**** Debug Statistics at 5201000000 Cycles *****
Threads: 4		Fetch Width: 8
No of useful instructions fetched:	1647674825 (3.96% proc util.)
No of total instructions fetched:	2246031812 (5.40% proc util.)
 includes 213 misfetch (0.0%), 598356774 (26.6%) wrong-path fetches
 and 0 flushed after failed lock(0.0%)
No of useful instructions issued/executed:	1647674818 (3.96% proc util.)
No of total instructions issued/executed:	1993122740 (4.79% proc util.)
 includes 345447922 wrong-path (17.3%) insts and 0 flushed (0.0%)
	fp 0, 0.00%
	synch 0, 0.00%
	integer 1704157850, 85.50%
	load/store 288964890, 14.50%
Avg size of int IQ (before scheduling): 2.69
Avg size of fp IQ (before scheduling): 0.00
No of cycles taken:		5201000000
Parallelism [ 0.096, 0.000, 0.119, 0.101,] = 0.317
 IQ conflicts: 1530329 (0.03%), FQ conflicts: 0 (0.00%) 
 I reg conflicts: 58943906 (1.13%), FP reg conflicts: 0 (0.00%)
  Activelist confs: 0 (0.00%), ROB confs: 0 (0.00%)
  Int unit conflicts: 110853935 (2.13%), FP unit conflicts: 0 (0.00%)
  Load/store unit conflicts: 67796 (0.00%)
  MSHR conflicts: 0 (0.00%)
----------------------------------------
==== System-wide Cache Statistics ====
Stall for miss queue full 0 cycles (0.00%)
----------------------------------------
==== Statistics for Master ID: 0 ====
Reads: 104815214   Writes: 34
ICACHE: size: 64 KB assoc: 2
ICACHE: hits:58271968 misses:27957498  Hit Ratio: 67.58%
DCACHE: size: 2*16 KB assoc: 2*4
DCACHE: hits:12370874 misses:6214908 writebacks:12  Hit Ratio: 66.56%
SCACHE: size: 512 KB assoc: 2
SCACHE: hits:7319584 misses:26852822  Hit Ratio: 21.42%
3CACHE: size: 4096 KB assoc: 2
3CACHE: hits:806412 misses:26046410  Hit Ratio: 3.00%
3CACHE: dirty items replaced:7116
ITLB: size: 48, misses 4, miss rate 0.00%
DTLB: size: 128, misses 21, miss rate 0.00%
Avg mem delay: 1.449 cycles
----------------------------------------
==== Statistics for Master ID: 2 ====
Reads: 160348621   Writes: 35
ICACHE: size: 64 KB assoc: 2
ICACHE: hits:95468216 misses:27996442  Hit Ratio: 77.32%
DCACHE: size: 1*16 KB assoc: 1*4
DCACHE: hits:28770929 misses:8113071 writebacks:13  Hit Ratio: 78.00%
SCACHE: size: 512 KB assoc: 2
SCACHE: hits:9322763 misses:26786748  Hit Ratio: 25.82%
3CACHE: size: 4096 KB assoc: 2
3CACHE: hits:712940 misses:26073807  Hit Ratio: 2.66%
3CACHE: dirty items replaced:6903
ITLB: size: 48, misses 4, miss rate 0.00%
DTLB: size: 128, misses 21, miss rate 0.00%
Avg mem delay: 1.449 cycles
----------------------------------------
==== Statistics for Master ID: 3 ====
Reads: 314211187   Writes: 137591076
ICACHE: size: 64 KB assoc: 2
ICACHE: hits:191544816 misses:26762336  Hit Ratio: 87.74%
DCACHE: size: 1*16 KB assoc: 1*4
DCACHE: hits:229384044 misses:4111066 writebacks:2602702  Hit Ratio: 98.24%
SCACHE: size: 512 KB assoc: 2
SCACHE: hits:3999512 misses:26873890  Hit Ratio: 12.95%
3CACHE: size: 4096 KB assoc: 2
3CACHE: hits:690797 misses:26183093  Hit Ratio: 2.57%
3CACHE: dirty items replaced:6862
ITLB: size: 48, misses 4, miss rate 0.00%
DTLB: size: 128, misses 75, miss rate 0.00%
Avg mem delay: 1.449 cycles
----------------------------------------
==== Global Resource Utilization ====
STASH: size: 65536 entries, full 2341097254, empty 705, misses 63, full rate 100.00
icache bank util. 0.076 0.036 0.004 0.000 0.000 0.000 0.000 0.013 
dcache bank util. 0.005 0.005 0.010 0.024 0.005 0.009 0.005 0.005 
L2 bank util. 0.138 0.007 0.003 0.003 0.003 0.003 0.003 0.003 
L1-L2 bus util. = 0.060, L3 util. = 0.151
----------------------------------------

======================== 切片硬件状态 ========================
切片号 | 所属安全域 | 当前状态    | 路扩展 | LRU touched
------------------------------------------------------------------
  0    |   域0      | 正常运行   |  是   |  5200999308
  1    |   域3      | 正常运行   |  否   |  5200999945
  2    |   域0      | 正常运行   |  是   |  5200999694
  3    |   域2      | 正常运行   |  否   |  5200999981
==================================================================

branch prediction, hits = 78325485, misses = 591293, hit rate = 99.25%
return_stack prediction, hits = 287520, misses = 23694462, hit rate = 1.20%
jump prediction, hits = 144442687, misses = 72, hit rate = 100.00%

**** Debug Statistics at 5301000000 Cycles *****
Threads: 4		Fetch Width: 8
No of useful instructions fetched:	1678762773 (3.96% proc util.)
No of total instructions fetched:	2288054764 (5.40% proc util.)
 includes 213 misfetch (0.0%), 609291778 (26.6%) wrong-path fetches
 and 0 flushed after failed lock(0.0%)
No of useful instructions issued/executed:	1678762773 (3.96% proc util.)
No of total instructions issued/executed:	2030533412 (4.79% proc util.)
 includes 351770639 wrong-path (17.3%) insts and 0 flushed (0.0%)
	fp 0, 0.00%
	synch 0, 0.00%
	integer 1736168622, 85.50%
	load/store 294364790, 14.50%
Avg size of int IQ (before scheduling): 2.69
Avg size of fp IQ (before scheduling): 0.00
No of cycles taken:		5301000000
Parallelism [ 0.096, 0.000, 0.119, 0.101,] = 0.317
 IQ conflicts: 1557532 (0.03%), FQ conflicts: 0 (0.00%) 
 I reg conflicts: 60011923 (1.13%), FP reg conflicts: 0 (0.00%)
  Activelist confs: 0 (0.00%), ROB confs: 0 (0.00%)
  Int unit conflicts: 112894133 (2.13%), FP unit conflicts: 0 (0.00%)
  Load/store unit conflicts: 68995 (0.00%)
  MSHR conflicts: 0 (0.00%)
----------------------------------------
==== System-wide Cache Statistics ====
Stall for miss queue full 0 cycles (0.00%)
----------------------------------------
==== Statistics for Master ID: 0 ====
Reads: 106784414   Writes: 34
ICACHE: size: 64 KB assoc: 2
ICACHE: hits:59353517 misses:28493848  Hit Ratio: 67.56%
DCACHE: size: 2*16 KB assoc: 2*4
DCACHE: hits:12605575 misses:6331508 writebacks:12  Hit Ratio: 66.57%
SCACHE: size: 512 KB assoc: 2
SCACHE: hits:7456007 misses:27369349  Hit Ratio: 21.41%
3CACHE: size: 4096 KB assoc: 2
3CACHE: hits:821388 misses:26547961  Hit Ratio: 3.00%
3CACHE: dirty items replaced:7253
ITLB: size: 48, misses 4, miss rate 0.00%
DTLB: size: 128, misses 21, miss rate 0.00%
Avg mem delay: 1.449 cycles
----------------------------------------
==== Statistics for Master ID: 2 ====
Reads: 163371709   Writes: 35
ICACHE: size: 64 KB assoc: 2
ICACHE: hits:97257059 misses:28533554  Hit Ratio: 77.32%
DCACHE: size: 1*16 KB assoc: 1*4
DCACHE: hits:29313946 misses:8267187 writebacks:13  Hit Ratio: 78.00%
SCACHE: size: 512 KB assoc: 2
SCACHE: hits:9498760 misses:27301979  Hit Ratio: 25.81%
3CACHE: size: 4096 KB assoc: 2
3CACHE: hits:726205 misses:26575774  Hit Ratio: 2.66%
3CACHE: dirty items replaced:7025
ITLB: size: 48, misses 4, miss rate 0.00%
DTLB: size: 128, misses 21, miss rate 0.00%
Avg mem delay: 1.449 cycles
----------------------------------------
==== Statistics for Master ID: 3 ====
Reads: 320060424   Writes: 140138881
ICACHE: size: 64 KB assoc: 2
ICACHE: hits:195075922 misses:27276806  Hit Ratio: 87.73%
DCACHE: size: 1*16 KB assoc: 1*4
DCACHE: hits:233658336 misses:4188240 writebacks:2651540  Hit Ratio: 98.24%
SCACHE: size: 512 KB assoc: 2
SCACHE: hits:4074279 misses:27390767  Hit Ratio: 12.95%
3CACHE: size: 4096 KB assoc: 2
3CACHE: hits:703730 misses:26687037  Hit Ratio: 2.57%
3CACHE: dirty items replaced:6983
ITLB: size: 48, misses 4, miss rate 0.00%
DTLB: size: 128, misses 75, miss rate 0.00%
Avg mem delay: 1.449 cycles
----------------------------------------
==== Global Resource Utilization ====
STASH: size: 65536 entries, full 2384907226, empty 705, misses 63, full rate 100.00
icache bank util. 0.076 0.036 0.004 0.000 0.000 0.000 0.000 0.013 
dcache bank util. 0.005 0.005 0.010 0.024 0.005 0.009 0.005 0.005 
L2 bank util. 0.138 0.007 0.003 0.003 0.003 0.003 0.003 0.003 
L1-L2 bus util. = 0.060, L3 util. = 0.151
----------------------------------------

======================== 切片硬件状态 ========================
切片号 | 所属安全域 | 当前状态    | 路扩展 | LRU touched
------------------------------------------------------------------
  0    |   域0      | 正常运行   |  是   |  5300997750
  1    |   域3      | 正常运行   |  否   |  5300999960
  2    |   域0      | 正常运行   |  是   |  5300999680
  3    |   域2      | 正常运行   |  否   |  5300999906
==================================================================

branch prediction, hits = 79802592, misses = 602466, hit rate = 99.25%
return_stack prediction, hits = 292932, misses = 24139753, hit rate = 1.20%
jump prediction, hits = 147164791, misses = 72, hit rate = 100.00%

**** Debug Statistics at 5401000000 Cycles *****
Threads: 4		Fetch Width: 8
No of useful instructions fetched:	1710430891 (3.96% proc util.)
No of total instructions fetched:	2331100472 (5.40% proc util.)
 includes 213 misfetch (0.0%), 620669368 (26.6%) wrong-path fetches
 and 0 flushed after failed lock(0.0%)
No of useful instructions issued/executed:	1710430891 (3.96% proc util.)
No of total instructions issued/executed:	2068779769 (4.79% proc util.)
 includes 358348878 wrong-path (17.3%) insts and 0 flushed (0.0%)
	fp 0, 0.00%
	synch 0, 0.00%
	integer 1768871779, 85.50%
	load/store 299907990, 14.50%
Avg size of int IQ (before scheduling): 2.69
Avg size of fp IQ (before scheduling): 0.00
No of cycles taken:		5401000000
Parallelism [ 0.096, 0.000, 0.119, 0.101,] = 0.317
 IQ conflicts: 1586943 (0.03%), FQ conflicts: 0 (0.00%) 
 I reg conflicts: 61156602 (1.13%), FP reg conflicts: 0 (0.00%)
  Activelist confs: 0 (0.00%), ROB confs: 0 (0.00%)
  Int unit conflicts: 115021775 (2.13%), FP unit conflicts: 0 (0.00%)
  Load/store unit conflicts: 70422 (0.00%)
  MSHR conflicts: 0 (0.00%)
----------------------------------------
==== System-wide Cache Statistics ====
Stall for miss queue full 0 cycles (0.00%)
----------------------------------------
==== Statistics for Master ID: 0 ====
Reads: 108795033   Writes: 34
ICACHE: size: 64 KB assoc: 2
ICACHE: hits:60470311 misses:29031275  Hit Ratio: 67.56%
DCACHE: size: 2*16 KB assoc: 2*4
DCACHE: hits:12842795 misses:6450686 writebacks:12  Hit Ratio: 66.57%
SCACHE: size: 512 KB assoc: 2
SCACHE: hits:7596627 misses:27885334  Hit Ratio: 21.41%
3CACHE: size: 4096 KB assoc: 2
3CACHE: hits:836751 misses:27048583  Hit Ratio: 3.00%
3CACHE: dirty items replaced:7393
ITLB: size: 48, misses 4, miss rate 0.00%
DTLB: size: 128, misses 21, miss rate 0.00%
Avg mem delay: 1.450 cycles
----------------------------------------
==== Statistics for Master ID: 2 ====
Reads: 166454747   Writes: 35
ICACHE: size: 64 KB assoc: 2
ICACHE: hits:99092564 misses:29071438  Hit Ratio: 77.32%
DCACHE: size: 1*16 KB assoc: 1*4
DCACHE: hits:29867169 misses:8423613 writebacks:13  Hit Ratio: 78.00%
SCACHE: size: 512 KB assoc: 2
SCACHE: hits:9678286 misses:27816763  Hit Ratio: 25.81%
3CACHE: size: 4096 KB assoc: 2
3CACHE: hits:739855 misses:27076908  Hit Ratio: 2.66%
3CACHE: dirty items replaced:7157
ITLB: size: 48, misses 4, miss rate 0.00%
DTLB: size: 128, misses 21, miss rate 0.00%
Avg mem delay: 1.450 cycles
----------------------------------------
==== Statistics for Master ID: 3 ====
Reads: 326086555   Writes: 142769516
ICACHE: size: 64 KB assoc: 2
ICACHE: hits:198741200 misses:27791141  Hit Ratio: 87.73%
DCACHE: size: 1*16 KB assoc: 1*4
DCACHE: hits:238056376 misses:4267353 writebacks:2701580  Hit Ratio: 98.24%
SCACHE: size: 512 KB assoc: 2
SCACHE: hits:4151449 misses:27907045  Hit Ratio: 12.95%
3CACHE: size: 4096 KB assoc: 2
3CACHE: hits:716868 misses:27190177  Hit Ratio: 2.57%
3CACHE: dirty items replaced:7124
ITLB: size: 48, misses 4, miss rate 0.00%
DTLB: size: 128, misses 75, miss rate 0.00%
Avg mem delay: 1.450 cycles
----------------------------------------
==== Global Resource Utilization ====
STASH: size: 65536 entries, full 2429784566, empty 705, misses 63, full rate 100.00
icache bank util. 0.076 0.036 0.004 0.000 0.000 0.000 0.000 0.013 
dcache bank util. 0.005 0.005 0.010 0.024 0.005 0.009 0.005 0.005 
L2 bank util. 0.138 0.007 0.003 0.003 0.003 0.003 0.003 0.003 
L1-L2 bus util. = 0.060, L3 util. = 0.151
----------------------------------------

======================== 切片硬件状态 ========================
切片号 | 所属安全域 | 当前状态    | 路扩展 | LRU touched
------------------------------------------------------------------
  0    |   域0      | 正常运行   |  是   |  5400999919
  1    |   域3      | 正常运行   |  否   |  5400999921
  2    |   域0      | 正常运行   |  是   |  5400999119
  3    |   域2      | 正常运行   |  否   |  5400999864
==================================================================

branch prediction, hits = 81307349, misses = 613842, hit rate = 99.25%
return_stack prediction, hits = 298464, misses = 24596430, hit rate = 1.20%
jump prediction, hits = 149942660, misses = 72, hit rate = 100.00%

**** Debug Statistics at 5501000000 Cycles *****
Threads: 4		Fetch Width: 8
No of useful instructions fetched:	1741905594 (3.96% proc util.)
No of total instructions fetched:	2373687746 (5.39% proc util.)
 includes 213 misfetch (0.0%), 631781939 (26.6%) wrong-path fetches
 and 0 flushed after failed lock(0.0%)
No of useful instructions issued/executed:	1741905594 (3.96% proc util.)
No of total instructions issued/executed:	2106675760 (4.79% proc util.)
 includes 364770166 wrong-path (17.3%) insts and 0 flushed (0.0%)
	fp 0, 0.00%
	synch 0, 0.00%
	integer 1801295938, 85.50%
	load/store 305379822, 14.50%
Avg size of int IQ (before scheduling): 2.69
Avg size of fp IQ (before scheduling): 0.00
No of cycles taken:		5501000000
Parallelism [ 0.096, 0.000, 0.119, 0.101,] = 0.317
 IQ conflicts: 1615628 (0.03%), FQ conflicts: 0 (0.00%) 
 I reg conflicts: 62263499 (1.13%), FP reg conflicts: 0 (0.00%)
  Activelist confs: 0 (0.00%), ROB confs: 0 (0.00%)
  Int unit conflicts: 117118724 (2.13%), FP unit conflicts: 0 (0.00%)
  Load/store unit conflicts: 71690 (0.00%)
  MSHR conflicts: 0 (0.00%)
----------------------------------------
==== System-wide Cache Statistics ====
Stall for miss queue full 0 cycles (0.00%)
----------------------------------------
==== Statistics for Master ID: 0 ====
Reads: 110794586   Writes: 34
ICACHE: size: 64 KB assoc: 2
ICACHE: hits:61578131 misses:29567852  Hit Ratio: 67.56%
DCACHE: size: 2*16 KB assoc: 2*4
DCACHE: hits:13079841 misses:6568796 writebacks:12  Hit Ratio: 66.57%
SCACHE: size: 512 KB assoc: 2
SCACHE: hits:7735056 misses:28401592  Hit Ratio: 21.41%
3CACHE: size: 4096 KB assoc: 2
3CACHE: hits:851893 misses:27549698  Hit Ratio: 3.00%
3CACHE: dirty items replaced:7532
ITLB: size: 48, misses 4, miss rate 0.00%
DTLB: size: 128, misses 21, miss rate 0.00%
Avg mem delay: 1.450 cycles
----------------------------------------
==== Statistics for Master ID: 2 ====
Reads: 169521890   Writes: 35
ICACHE: size: 64 KB assoc: 2
ICACHE: hits:100915881 misses:29608687  Hit Ratio: 77.32%
DCACHE: size: 1*16 KB assoc: 1*4
DCACHE: hits:30418109 misses:8579250 writebacks:13  Hit Ratio: 78.00%
SCACHE: size: 512 KB assoc: 2
SCACHE: hits:9856040 misses:28331895  Hit Ratio: 25.81%
3CACHE: size: 4096 KB assoc: 2
3CACHE: hits:753382 misses:27578513  Hit Ratio: 2.66%
3CACHE: dirty items replaced:7286
ITLB: size: 48, misses 4, miss rate 0.00%
DTLB: size: 128, misses 21, miss rate 0.00%
Avg mem delay: 1.450 cycles
----------------------------------------
==== Statistics for Master ID: 3 ====
Reads: 332020895   Writes: 145353227
ICACHE: size: 64 KB assoc: 2
ICACHE: hits:202334603 misses:28305690  Hit Ratio: 87.73%
DCACHE: size: 1*16 KB assoc: 1*4
DCACHE: hits:242388334 misses:4345494 writebacks:2751016  Hit Ratio: 98.24%
SCACHE: size: 512 KB assoc: 2
SCACHE: hits:4227451 misses:28423733  Hit Ratio: 12.95%
3CACHE: size: 4096 KB assoc: 2
3CACHE: hits:729911 misses:27693822  Hit Ratio: 2.57%
3CACHE: dirty items replaced:7265
ITLB: size: 48, misses 4, miss rate 0.00%
DTLB: size: 128, misses 75, miss rate 0.00%
Avg mem delay: 1.450 cycles
----------------------------------------
==== Global Resource Utilization ====
STASH: size: 65536 entries, full 2474181596, empty 705, misses 63, full rate 100.00
icache bank util. 0.076 0.036 0.004 0.000 0.000 0.000 0.000 0.013 
dcache bank util. 0.005 0.005 0.010 0.024 0.005 0.009 0.005 0.005 
L2 bank util. 0.138 0.007 0.003 0.003 0.003 0.003 0.003 0.003 
L1-L2 bus util. = 0.060, L3 util. = 0.151
----------------------------------------

======================== 切片硬件状态 ========================
切片号 | 所属安全域 | 当前状态    | 路扩展 | LRU touched
------------------------------------------------------------------
  0    |   域0      | 正常运行   |  是   |  5500999811
  1    |   域3      | 正常运行   |  否   |  5500999874
  2    |   域0      | 正常运行   |  是   |  5500998653
  3    |   域2      | 正常运行   |  否   |  5500999922
==================================================================

branch prediction, hits = 82803090, misses = 625166, hit rate = 99.25%
return_stack prediction, hits = 303936, misses = 25047414, hit rate = 1.20%
jump prediction, hits = 152699447, misses = 72, hit rate = 100.00%

**** Debug Statistics at 5601000000 Cycles *****
Threads: 4		Fetch Width: 8
No of useful instructions fetched:	1773586951 (3.96% proc util.)
No of total instructions fetched:	2416766922 (5.39% proc util.)
 includes 213 misfetch (0.0%), 643179758 (26.6%) wrong-path fetches
 and 0 flushed after failed lock(0.0%)
No of useful instructions issued/executed:	1773586943 (3.96% proc util.)
No of total instructions issued/executed:	2144940376 (4.79% proc util.)
 includes 371353433 wrong-path (17.3%) insts and 0 flushed (0.0%)
	fp 0, 0.00%
	synch 0, 0.00%
	integer 1834021186, 85.50%
	load/store 310919190, 14.50%
Avg size of int IQ (before scheduling): 2.69
Avg size of fp IQ (before scheduling): 0.00
No of cycles taken:		5601000000
Parallelism [ 0.096, 0.000, 0.119, 0.101,] = 0.317
 IQ conflicts: 1645281 (0.03%), FQ conflicts: 0 (0.00%) 
 I reg conflicts: 63417648 (1.13%), FP reg conflicts: 0 (0.00%)
  Activelist confs: 0 (0.00%), ROB confs: 0 (0.00%)
  Int unit conflicts: 119238232 (2.13%), FP unit conflicts: 0 (0.00%)
  Load/store unit conflicts: 73047 (0.00%)
  MSHR conflicts: 0 (0.00%)
----------------------------------------
==== System-wide Cache Statistics ====
Stall for miss queue full 0 cycles (0.00%)
----------------------------------------
==== Statistics for Master ID: 0 ====
Reads: 112808320   Writes: 34
ICACHE: size: 64 KB assoc: 2
ICACHE: hits:62697192 misses:30105132  Hit Ratio: 67.56%
DCACHE: size: 2*16 KB assoc: 2*4
DCACHE: hits:13317727 misses:6688303 writebacks:12  Hit Ratio: 66.57%
SCACHE: size: 512 KB assoc: 2
SCACHE: hits:7875688 misses:28917747  Hit Ratio: 21.41%
3CACHE: size: 4096 KB assoc: 2
3CACHE: hits:867333 misses:28050414  Hit Ratio: 3.00%
3CACHE: dirty items replaced:7682
ITLB: size: 48, misses 4, miss rate 0.00%
DTLB: size: 128, misses 21, miss rate 0.00%
Avg mem delay: 1.450 cycles
----------------------------------------
==== Statistics for Master ID: 2 ====
Reads: 172609475   Writes: 35
ICACHE: size: 64 KB assoc: 2
ICACHE: hits:102755280 misses:30146575  Hit Ratio: 77.32%
DCACHE: size: 1*16 KB assoc: 1*4
DCACHE: hits:30971273 misses:8736384 writebacks:13  Hit Ratio: 78.00%
SCACHE: size: 512 KB assoc: 2
SCACHE: hits:10036032 misses:28846924  Hit Ratio: 25.81%
3CACHE: size: 4096 KB assoc: 2
3CACHE: hits:767140 misses:28079784  Hit Ratio: 2.66%
3CACHE: dirty items replaced:7428
ITLB: size: 48, misses 4, miss rate 0.00%
DTLB: size: 128, misses 21, miss rate 0.00%
Avg mem delay: 1.450 cycles
----------------------------------------
==== Statistics for Master ID: 3 ====
Reads: 338037817   Writes: 147982999
ICACHE: size: 64 KB assoc: 2
ICACHE: hits:205994996 misses:28820314  Hit Ratio: 87.73%
DCACHE: size: 1*16 KB assoc: 1*4
DCACHE: hits:246781162 misses:4424343 writebacks:2800908  Hit Ratio: 98.24%
SCACHE: size: 512 KB assoc: 2
SCACHE: hits:4304345 misses:28940312  Hit Ratio: 12.95%
3CACHE: size: 4096 KB assoc: 2
3CACHE: hits:743282 misses:28197030  Hit Ratio: 2.57%
3CACHE: dirty items replaced:7405
ITLB: size: 48, misses 4, miss rate 0.00%
DTLB: size: 128, misses 75, miss rate 0.00%
Avg mem delay: 1.450 cycles
----------------------------------------
==== Global Resource Utilization ====
STASH: size: 65536 entries, full 2519086237, empty 705, misses 63, full rate 100.00
icache bank util. 0.076 0.036 0.004 0.000 0.000 0.000 0.000 0.013 
dcache bank util. 0.005 0.005 0.010 0.024 0.005 0.009 0.005 0.005 
L2 bank util. 0.138 0.007 0.003 0.003 0.003 0.003 0.003 0.003 
L1-L2 bus util. = 0.060, L3 util. = 0.151
----------------------------------------

======================== 切片硬件状态 ========================
切片号 | 所属安全域 | 当前状态    | 路扩展 | LRU touched
------------------------------------------------------------------
  0    |   域0      | 正常运行   |  是   |  5600998945
  1    |   域3      | 正常运行   |  否   |  5600999964
  2    |   域0      | 正常运行   |  是   |  5600999717
  3    |   域2      | 正常运行   |  否   |  5600999802
==================================================================

branch prediction, hits = 84308449, misses = 636552, hit rate = 99.25%
return_stack prediction, hits = 309456, misses = 25502354, hit rate = 1.20%
jump prediction, hits = 155475500, misses = 72, hit rate = 100.00%

**** Debug Statistics at 5701000000 Cycles *****
Threads: 4		Fetch Width: 8
No of useful instructions fetched:	1805382908 (3.96% proc util.)
No of total instructions fetched:	2460201720 (5.39% proc util.)
 includes 213 misfetch (0.0%), 654818599 (26.6%) wrong-path fetches
 and 0 flushed after failed lock(0.0%)
No of useful instructions issued/executed:	1805382908 (3.96% proc util.)
No of total instructions issued/executed:	2183456568 (4.79% proc util.)
 includes 378073660 wrong-path (17.3%) insts and 0 flushed (0.0%)
	fp 0, 0.00%
	synch 0, 0.00%
	integer 1866942363, 85.50%
	load/store 316514205, 14.50%
Avg size of int IQ (before scheduling): 2.69
Avg size of fp IQ (before scheduling): 0.00
No of cycles taken:		5701000000
Parallelism [ 0.096, 0.000, 0.119, 0.101,] = 0.317
 IQ conflicts: 1675271 (0.03%), FQ conflicts: 0 (0.00%) 
 I reg conflicts: 64561106 (1.13%), FP reg conflicts: 0 (0.00%)
  Activelist confs: 0 (0.00%), ROB confs: 0 (0.00%)
  Int unit conflicts: 121390368 (2.13%), FP unit conflicts: 0 (0.00%)
  Load/store unit conflicts: 74332 (0.00%)
  MSHR conflicts: 0 (0.00%)
----------------------------------------
==== System-wide Cache Statistics ====
Stall for miss queue full 0 cycles (0.00%)
----------------------------------------
==== Statistics for Master ID: 0 ====
Reads: 114832753   Writes: 34
ICACHE: size: 64 KB assoc: 2
ICACHE: hits:63825136 misses:30642751  Hit Ratio: 67.56%
DCACHE: size: 2*16 KB assoc: 2*4
DCACHE: hits:13556127 misses:6808773 writebacks:12  Hit Ratio: 66.57%
SCACHE: size: 512 KB assoc: 2
SCACHE: hits:8017620 misses:29433904  Hit Ratio: 21.41%
3CACHE: size: 4096 KB assoc: 2
3CACHE: hits:883057 misses:28550847  Hit Ratio: 3.00%
3CACHE: dirty items replaced:7828
ITLB: size: 48, misses 4, miss rate 0.00%
DTLB: size: 128, misses 21, miss rate 0.00%
Avg mem delay: 1.450 cycles
----------------------------------------
==== Statistics for Master ID: 2 ====
Reads: 175699927   Writes: 35
ICACHE: size: 64 KB assoc: 2
ICACHE: hits:104597206 misses:30685146  Hit Ratio: 77.32%
DCACHE: size: 1*16 KB assoc: 1*4
DCACHE: hits:31524529 misses:8893083 writebacks:13  Hit Ratio: 78.00%
SCACHE: size: 512 KB assoc: 2
SCACHE: hits:10216485 misses:29361742  Hit Ratio: 25.81%
3CACHE: size: 4096 KB assoc: 2
3CACHE: hits:780982 misses:28580760  Hit Ratio: 2.66%
3CACHE: dirty items replaced:7560
ITLB: size: 48, misses 4, miss rate 0.00%
DTLB: size: 128, misses 21, miss rate 0.00%
Avg mem delay: 1.450 cycles
----------------------------------------
==== Statistics for Master ID: 3 ====
Reads: 344130525   Writes: 150652455
ICACHE: size: 64 KB assoc: 2
ICACHE: hits:209716497 misses:29334787  Hit Ratio: 87.73%
DCACHE: size: 1*16 KB assoc: 1*4
DCACHE: hits:251227845 misses:4503850 writebacks:2851205  Hit Ratio: 98.24%
SCACHE: size: 512 KB assoc: 2
SCACHE: hits:4381952 misses:29456684  Hit Ratio: 12.95%
3CACHE: size: 4096 KB assoc: 2
3CACHE: hits:756581 misses:28700102  Hit Ratio: 2.57%
3CACHE: dirty items replaced:7536
ITLB: size: 48, misses 4, miss rate 0.00%
DTLB: size: 128, misses 75, miss rate 0.00%
Avg mem delay: 1.450 cycles
----------------------------------------
==== Global Resource Utilization ====
STASH: size: 65536 entries, full 2564361979, empty 705, misses 63, full rate 100.00
icache bank util. 0.076 0.036 0.004 0.000 0.000 0.000 0.000 0.013 
dcache bank util. 0.005 0.005 0.010 0.024 0.005 0.009 0.005 0.005 
L2 bank util. 0.138 0.007 0.003 0.003 0.003 0.003 0.003 0.003 
L1-L2 bus util. = 0.060, L3 util. = 0.151
----------------------------------------

======================== 切片硬件状态 ========================
切片号 | 所属安全域 | 当前状态    | 路扩展 | LRU touched
------------------------------------------------------------------
  0    |   域0      | 正常运行   |  是   |  5700998647
  1    |   域3      | 正常运行   |  否   |  5700999998
  2    |   域0      | 正常运行   |  是   |  5700999847
  3    |   域2      | 正常运行   |  否   |  5700999868
==================================================================

branch prediction, hits = 85818558, misses = 647935, hit rate = 99.25%
return_stack prediction, hits = 315024, misses = 25961250, hit rate = 1.20%
jump prediction, hits = 158263749, misses = 72, hit rate = 100.00%

**** Debug Statistics at 5801000000 Cycles *****
Threads: 4		Fetch Width: 8
No of useful instructions fetched:	1837157502 (3.96% proc util.)
No of total instructions fetched:	2503590741 (5.39% proc util.)
 includes 213 misfetch (0.0%), 666433026 (26.6%) wrong-path fetches
 and 0 flushed after failed lock(0.0%)
No of useful instructions issued/executed:	1837157502 (3.96% proc util.)
No of total instructions issued/executed:	2221935089 (4.79% proc util.)
 includes 384777587 wrong-path (17.3%) insts and 0 flushed (0.0%)
	fp 0, 0.00%
	synch 0, 0.00%
	integer 1899833822, 85.50%
	load/store 322101267, 14.50%
Avg size of int IQ (before scheduling): 2.69
Avg size of fp IQ (before scheduling): 0.00
No of cycles taken:		5801000000
Parallelism [ 0.096, 0.000, 0.119, 0.101,] = 0.317
 IQ conflicts: 1705052 (0.03%), FQ conflicts: 0 (0.00%) 
 I reg conflicts: 65703759 (1.13%), FP reg conflicts: 0 (0.00%)
  Activelist confs: 0 (0.00%), ROB confs: 0 (0.00%)
  Int unit conflicts: 123533944 (2.13%), FP unit conflicts: 0 (0.00%)
  Load/store unit conflicts: 75566 (0.00%)
  MSHR conflicts: 0 (0.00%)
----------------------------------------
==== System-wide Cache Statistics ====
Stall for miss queue full 0 cycles (0.00%)
----------------------------------------
==== Statistics for Master ID: 0 ====
Reads: 116853604   Writes: 34
ICACHE: size: 64 KB assoc: 2
ICACHE: hits:64949897 misses:31180383  Hit Ratio: 67.56%
DCACHE: size: 2*16 KB assoc: 2*4
DCACHE: hits:13795122 misses:6928236 writebacks:12  Hit Ratio: 66.57%
SCACHE: size: 512 KB assoc: 2
SCACHE: hits:8158579 misses:29950040  Hit Ratio: 21.41%
3CACHE: size: 4096 KB assoc: 2
3CACHE: hits:898536 misses:29051504  Hit Ratio: 3.00%
3CACHE: dirty items replaced:7965
ITLB: size: 48, misses 4, miss rate 0.00%
DTLB: size: 128, misses 21, miss rate 0.00%
Avg mem delay: 1.450 cycles
----------------------------------------
==== Statistics for Master ID: 2 ====
Reads: 178787299   Writes: 35
ICACHE: size: 64 KB assoc: 2
ICACHE: hits:106436123 misses:31223485  Hit Ratio: 77.32%
DCACHE: size: 1*16 KB assoc: 1*4
DCACHE: hits:32077874 misses:9049854 writebacks:13  Hit Ratio: 78.00%
SCACHE: size: 512 KB assoc: 2
SCACHE: hits:10396754 misses:29876583  Hit Ratio: 25.82%
3CACHE: size: 4096 KB assoc: 2
3CACHE: hits:794580 misses:29082003  Hit Ratio: 2.66%
3CACHE: dirty items replaced:7693
ITLB: size: 48, misses 4, miss rate 0.00%
DTLB: size: 128, misses 21, miss rate 0.00%
Avg mem delay: 1.450 cycles
----------------------------------------
==== Statistics for Master ID: 3 ====
Reads: 350210907   Writes: 153316915
ICACHE: size: 64 KB assoc: 2
ICACHE: hits:213428347 misses:29849291  Hit Ratio: 87.73%
DCACHE: size: 1*16 KB assoc: 1*4
DCACHE: hits:255666945 misses:4583238 writebacks:2901446  Hit Ratio: 98.24%
SCACHE: size: 512 KB assoc: 2
SCACHE: hits:4459324 misses:29973205  Hit Ratio: 12.95%
3CACHE: size: 4096 KB assoc: 2
3CACHE: hits:769899 misses:29203306  Hit Ratio: 2.57%
3CACHE: dirty items replaced:7667
ITLB: size: 48, misses 4, miss rate 0.00%
DTLB: size: 128, misses 75, miss rate 0.00%
Avg mem delay: 1.450 cycles
----------------------------------------
==== Global Resource Utilization ====
STASH: size: 65536 entries, full 2609588409, empty 705, misses 63, full rate 100.00
icache bank util. 0.076 0.036 0.004 0.000 0.000 0.000 0.000 0.013 
dcache bank util. 0.005 0.005 0.010 0.024 0.005 0.009 0.005 0.005 
L2 bank util. 0.138 0.007 0.003 0.003 0.003 0.003 0.003 0.003 
L1-L2 bus util. = 0.060, L3 util. = 0.151
----------------------------------------

======================== 切片硬件状态 ========================
切片号 | 所属安全域 | 当前状态    | 路扩展 | LRU touched
------------------------------------------------------------------
  0    |   域0      | 正常运行   |  是   |  5800999555
  1    |   域3      | 正常运行   |  否   |  5800999906
  2    |   域0      | 正常运行   |  是   |  5800999955
  3    |   域2      | 正常运行   |  否   |  5800999976
==================================================================

branch prediction, hits = 87327893, misses = 659319, hit rate = 99.25%
return_stack prediction, hits = 320580, misses = 26419157, hit rate = 1.20%
jump prediction, hits = 161049757, misses = 72, hit rate = 100.00%

**** Debug Statistics at 5901000000 Cycles *****
Threads: 4		Fetch Width: 8
No of useful instructions fetched:	1868605509 (3.96% proc util.)
No of total instructions fetched:	2546594422 (5.39% proc util.)
 includes 213 misfetch (0.0%), 677988700 (26.6%) wrong-path fetches
 and 0 flushed after failed lock(0.0%)
No of useful instructions issued/executed:	1868605509 (3.96% proc util.)
No of total instructions issued/executed:	2260054866 (4.79% proc util.)
 includes 391449357 wrong-path (17.3%) insts and 0 flushed (0.0%)
	fp 0, 0.00%
	synch 0, 0.00%
	integer 1932407843, 85.50%
	load/store 327647023, 14.50%
Avg size of int IQ (before scheduling): 2.69
Avg size of fp IQ (before scheduling): 0.00
No of cycles taken:		5901000000
Parallelism [ 0.096, 0.000, 0.119, 0.101,] = 0.317
 IQ conflicts: 1732937 (0.03%), FQ conflicts: 0 (0.00%) 
 I reg conflicts: 66783548 (1.13%), FP reg conflicts: 0 (0.00%)
  Activelist confs: 0 (0.00%), ROB confs: 0 (0.00%)
  Int unit conflicts: 125652146 (2.13%), FP unit conflicts: 0 (0.00%)
  Load/store unit conflicts: 76803 (0.00%)
  MSHR conflicts: 0 (0.00%)
----------------------------------------
==== System-wide Cache Statistics ====
Stall for miss queue full 0 cycles (0.00%)
----------------------------------------
==== Statistics for Master ID: 0 ====
Reads: 118854507   Writes: 34
ICACHE: size: 64 KB assoc: 2
ICACHE: hits:66058277 misses:31718322  Hit Ratio: 67.56%
DCACHE: size: 2*16 KB assoc: 2*4
DCACHE: hits:14031934 misses:7046008 writebacks:12  Hit Ratio: 66.57%
SCACHE: size: 512 KB assoc: 2
SCACHE: hits:8297838 misses:30466492  Hit Ratio: 21.41%
3CACHE: size: 4096 KB assoc: 2
3CACHE: hits:913897 misses:29552595  Hit Ratio: 3.00%
3CACHE: dirty items replaced:8083
ITLB: size: 48, misses 4, miss rate 0.00%
DTLB: size: 128, misses 21, miss rate 0.00%
Avg mem delay: 1.450 cycles
----------------------------------------
==== Statistics for Master ID: 2 ====
Reads: 181829264   Writes: 35
ICACHE: size: 64 KB assoc: 2
ICACHE: hits:108238240 misses:31762188  Hit Ratio: 77.31%
DCACHE: size: 1*16 KB assoc: 1*4
DCACHE: hits:32624704 misses:9204169 writebacks:13  Hit Ratio: 78.00%
SCACHE: size: 512 KB assoc: 2
SCACHE: hits:10574432 misses:30391923  Hit Ratio: 25.81%
3CACHE: size: 4096 KB assoc: 2
3CACHE: hits:808303 misses:29583620  Hit Ratio: 2.66%
3CACHE: dirty items replaced:7811
ITLB: size: 48, misses 4, miss rate 0.00%
DTLB: size: 128, misses 21, miss rate 0.00%
Avg mem delay: 1.450 cycles
----------------------------------------
==== Statistics for Master ID: 3 ====
Reads: 356250871   Writes: 155965759
ICACHE: size: 64 KB assoc: 2
ICACHE: hits:217112686 misses:30363733  Hit Ratio: 87.73%
DCACHE: size: 1*16 KB assoc: 1*4
DCACHE: hits:260078060 misses:4662150 writebacks:2951403  Hit Ratio: 98.24%
SCACHE: size: 512 KB assoc: 2
SCACHE: hits:4535855 misses:30490028  Hit Ratio: 12.95%
3CACHE: size: 4096 KB assoc: 2
3CACHE: hits:782978 misses:29707050  Hit Ratio: 2.57%
3CACHE: dirty items replaced:7788
ITLB: size: 48, misses 4, miss rate 0.00%
DTLB: size: 128, misses 75, miss rate 0.00%
Avg mem delay: 1.450 cycles
----------------------------------------
==== Global Resource Utilization ====
STASH: size: 65536 entries, full 2654417315, empty 705, misses 63, full rate 100.00
icache bank util. 0.076 0.036 0.004 0.000 0.000 0.000 0.000 0.013 
dcache bank util. 0.005 0.005 0.010 0.024 0.005 0.009 0.005 0.005 
L2 bank util. 0.138 0.007 0.003 0.003 0.003 0.003 0.003 0.003 
L1-L2 bus util. = 0.060, L3 util. = 0.151
----------------------------------------

======================== 切片硬件状态 ========================
切片号 | 所属安全域 | 当前状态    | 路扩展 | LRU touched
------------------------------------------------------------------
  0    |   域0      | 正常运行   |  是   |  5900999655
  1    |   域3      | 正常运行   |  否   |  5900999904
  2    |   域0      | 正常运行   |  是   |  5900999269
  3    |   域2      | 正常运行   |  否   |  5900999935
==================================================================

branch prediction, hits = 88821370, misses = 670563, hit rate = 99.25%
return_stack prediction, hits = 326100, misses = 26874097, hit rate = 1.20%
jump prediction, hits = 163809201, misses = 72, hit rate = 100.00%

**** Debug Statistics at 6001000000 Cycles *****
Threads: 4		Fetch Width: 8
No of useful instructions fetched:	1899611976 (3.96% proc util.)
No of total instructions fetched:	2588404790 (5.39% proc util.)
 includes 213 misfetch (0.0%), 688792601 (26.6%) wrong-path fetches
 and 0 flushed after failed lock(0.0%)
No of useful instructions issued/executed:	1899611976 (3.96% proc util.)
No of total instructions issued/executed:	2297311468 (4.79% proc util.)
 includes 397699492 wrong-path (17.3%) insts and 0 flushed (0.0%)
	fp 0, 0.00%
	synch 0, 0.00%
	integer 1964300623, 85.50%
	load/store 333010845, 14.50%
Avg size of int IQ (before scheduling): 2.69
Avg size of fp IQ (before scheduling): 0.00
No of cycles taken:		6001000000
Parallelism [ 0.096, 0.000, 0.119, 0.101,] = 0.317
 IQ conflicts: 1760415 (0.03%), FQ conflicts: 0 (0.00%) 
 I reg conflicts: 67849477 (1.13%), FP reg conflicts: 0 (0.00%)
  Activelist confs: 0 (0.00%), ROB confs: 0 (0.00%)
  Int unit conflicts: 127688407 (2.13%), FP unit conflicts: 0 (0.00%)
  Load/store unit conflicts: 78071 (0.00%)
  MSHR conflicts: 0 (0.00%)
----------------------------------------
==== System-wide Cache Statistics ====
Stall for miss queue full 0 cycles (0.00%)
----------------------------------------
==== Statistics for Master ID: 0 ====
Reads: 120824758   Writes: 34
ICACHE: size: 64 KB assoc: 2
ICACHE: hits:67141882 misses:32253919  Hit Ratio: 67.55%
DCACHE: size: 2*16 KB assoc: 2*4
DCACHE: hits:14265970 misses:7163021 writebacks:12  Hit Ratio: 66.57%
SCACHE: size: 512 KB assoc: 2
SCACHE: hits:8434043 misses:30982897  Hit Ratio: 21.40%
3CACHE: size: 4096 KB assoc: 2
3CACHE: hits:928873 misses:30054024  Hit Ratio: 3.00%
3CACHE: dirty items replaced:8211
ITLB: size: 48, misses 4, miss rate 0.00%
DTLB: size: 128, misses 21, miss rate 0.00%
Avg mem delay: 1.450 cycles
----------------------------------------
==== Statistics for Master ID: 2 ====
Reads: 184847088   Writes: 35
ICACHE: size: 64 KB assoc: 2
ICACHE: hits:110023354 misses:32298378  Hit Ratio: 77.31%
DCACHE: size: 1*16 KB assoc: 1*4
DCACHE: hits:33167297 misses:9358096 writebacks:13  Hit Ratio: 77.99%
SCACHE: size: 512 KB assoc: 2
SCACHE: hits:10749390 misses:30907082  Hit Ratio: 25.80%
3CACHE: size: 4096 KB assoc: 2
3CACHE: hits:821540 misses:30085542  Hit Ratio: 2.66%
3CACHE: dirty items replaced:7937
ITLB: size: 48, misses 4, miss rate 0.00%
DTLB: size: 128, misses 21, miss rate 0.00%
Avg mem delay: 1.450 cycles
----------------------------------------
==== Statistics for Master ID: 3 ====
Reads: 362051848   Writes: 158489567
ICACHE: size: 64 KB assoc: 2
ICACHE: hits:220606972 misses:30877979  Hit Ratio: 87.72%
DCACHE: size: 1*16 KB assoc: 1*4
DCACHE: hits:264317622 misses:4738841 writebacks:2999891  Hit Ratio: 98.24%
SCACHE: size: 512 KB assoc: 2
SCACHE: hits:4609984 misses:31006836  Hit Ratio: 12.94%
3CACHE: size: 4096 KB assoc: 2
3CACHE: hits:795900 misses:30210936  Hit Ratio: 2.57%
3CACHE: dirty items replaced:7910
ITLB: size: 48, misses 4, miss rate 0.00%
DTLB: size: 128, misses 75, miss rate 0.00%
Avg mem delay: 1.450 cycles
----------------------------------------
==== Global Resource Utilization ====
STASH: size: 65536 entries, full 2698005052, empty 705, misses 63, full rate 100.00
icache bank util. 0.076 0.036 0.004 0.000 0.000 0.000 0.000 0.013 
dcache bank util. 0.005 0.005 0.010 0.024 0.005 0.009 0.005 0.005 
L2 bank util. 0.138 0.007 0.003 0.003 0.003 0.003 0.003 0.003 
L1-L2 bus util. = 0.060, L3 util. = 0.151
----------------------------------------

======================== 切片硬件状态 ========================
切片号 | 所属安全域 | 当前状态    | 路扩展 | LRU touched
------------------------------------------------------------------
  0    |   域0      | 正常运行   |  是   |  6000999959
  1    |   域3      | 正常运行   |  否   |  6000999910
  2    |   域0      | 正常运行   |  是   |  6000999573
  3    |   域2      | 正常运行   |  否   |  6000999840
==================================================================

branch prediction, hits = 90294593, misses = 681724, hit rate = 99.25%
return_stack prediction, hits = 331476, misses = 27317169, hit rate = 1.20%
jump prediction, hits = 166521846, misses = 72, hit rate = 100.00%

**** Debug Statistics at 6101000000 Cycles *****
Threads: 4		Fetch Width: 8
No of useful instructions fetched:	1930978191 (3.96% proc util.)
No of total instructions fetched:	2630784783 (5.39% proc util.)
 includes 213 misfetch (0.0%), 699806379 (26.6%) wrong-path fetches
 and 0 flushed after failed lock(0.0%)
No of useful instructions issued/executed:	1930978191 (3.96% proc util.)
No of total instructions issued/executed:	2335050065 (4.78% proc util.)
 includes 404071874 wrong-path (17.3%) insts and 0 flushed (0.0%)
	fp 0, 0.00%
	synch 0, 0.00%
	integer 1996596321, 85.51%
	load/store 338453744, 14.49%
Avg size of int IQ (before scheduling): 2.69
Avg size of fp IQ (before scheduling): 0.00
No of cycles taken:		6101000000
Parallelism [ 0.096, 0.000, 0.119, 0.101,] = 0.317
 IQ conflicts: 1789448 (0.03%), FQ conflicts: 0 (0.00%) 
 I reg conflicts: 68962814 (1.13%), FP reg conflicts: 0 (0.00%)
  Activelist confs: 0 (0.00%), ROB confs: 0 (0.00%)
  Int unit conflicts: 129783477 (2.13%), FP unit conflicts: 0 (0.00%)
  Load/store unit conflicts: 79466 (0.00%)
  MSHR conflicts: 0 (0.00%)
----------------------------------------
==== System-wide Cache Statistics ====
Stall for miss queue full 0 cycles (0.00%)
----------------------------------------
==== Statistics for Master ID: 0 ====
Reads: 122817041   Writes: 34
ICACHE: size: 64 KB assoc: 2
ICACHE: hits:68243177 misses:32790296  Hit Ratio: 67.55%
DCACHE: size: 2*16 KB assoc: 2*4
DCACHE: hits:14501657 misses:7281945 writebacks:12  Hit Ratio: 66.57%
SCACHE: size: 512 KB assoc: 2
SCACHE: hits:8573052 misses:31499189  Hit Ratio: 21.39%
3CACHE: size: 4096 KB assoc: 2
3CACHE: hits:944111 misses:30555078  Hit Ratio: 3.00%
3CACHE: dirty items replaced:8345
ITLB: size: 48, misses 4, miss rate 0.00%
DTLB: size: 128, misses 21, miss rate 0.00%
Avg mem delay: 1.450 cycles
----------------------------------------
==== Statistics for Master ID: 2 ====
Reads: 187905354   Writes: 35
ICACHE: size: 64 KB assoc: 2
ICACHE: hits:111840488 misses:32835540  Hit Ratio: 77.30%
DCACHE: size: 1*16 KB assoc: 1*4
DCACHE: hits:33716487 misses:9512876 writebacks:13  Hit Ratio: 77.99%
SCACHE: size: 512 KB assoc: 2
SCACHE: hits:10926287 misses:31422127  Hit Ratio: 25.80%
3CACHE: size: 4096 KB assoc: 2
3CACHE: hits:835038 misses:30587089  Hit Ratio: 2.66%
3CACHE: dirty items replaced:8063
ITLB: size: 48, misses 4, miss rate 0.00%
DTLB: size: 128, misses 21, miss rate 0.00%
Avg mem delay: 1.450 cycles
----------------------------------------
==== Statistics for Master ID: 3 ====
Reads: 367949587   Writes: 161056370
ICACHE: size: 64 KB assoc: 2
ICACHE: hits:224172870 misses:31392305  Hit Ratio: 87.72%
DCACHE: size: 1*16 KB assoc: 1*4
DCACHE: hits:268624116 misses:4816665 writebacks:3049135  Hit Ratio: 98.24%
SCACHE: size: 512 KB assoc: 2
SCACHE: hits:4685500 misses:31523470  Hit Ratio: 12.94%
3CACHE: size: 4096 KB assoc: 2
3CACHE: hits:808953 misses:30714517  Hit Ratio: 2.57%
3CACHE: dirty items replaced:8037
ITLB: size: 48, misses 4, miss rate 0.00%
DTLB: size: 128, misses 75, miss rate 0.00%
Avg mem delay: 1.450 cycles
----------------------------------------
==== Global Resource Utilization ====
STASH: size: 65536 entries, full 2742186578, empty 705, misses 63, full rate 100.00
icache bank util. 0.076 0.036 0.004 0.000 0.000 0.000 0.000 0.013 
dcache bank util. 0.005 0.005 0.010 0.024 0.005 0.009 0.005 0.005 
L2 bank util. 0.138 0.007 0.003 0.003 0.003 0.003 0.003 0.003 
L1-L2 bus util. = 0.060, L3 util. = 0.151
----------------------------------------

======================== 切片硬件状态 ========================
切片号 | 所属安全域 | 当前状态    | 路扩展 | LRU touched
------------------------------------------------------------------
  0    |   域0      | 正常运行   |  是   |  6100999858
  1    |   域3      | 正常运行   |  否   |  6100999912
  2    |   域0      | 正常运行   |  是   |  6100999472
  3    |   域2      | 正常运行   |  否   |  6100999943
==================================================================

branch prediction, hits = 91784942, misses = 693006, hit rate = 99.25%
return_stack prediction, hits = 336924, misses = 27766175, hit rate = 1.20%
jump prediction, hits = 169267649, misses = 72, hit rate = 100.00%

**** Debug Statistics at 6201000000 Cycles *****
Threads: 4		Fetch Width: 8
No of useful instructions fetched:	1963106330 (3.96% proc util.)
No of total instructions fetched:	2674882147 (5.39% proc util.)
 includes 213 misfetch (0.0%), 711775604 (26.6%) wrong-path fetches
 and 0 flushed after failed lock(0.0%)
No of useful instructions issued/executed:	1963106322 (3.96% proc util.)
No of total instructions issued/executed:	2374070717 (4.79% proc util.)
 includes 410964395 wrong-path (17.3%) insts and 0 flushed (0.0%)
	fp 0, 0.00%
	synch 0, 0.00%
	integer 2029933586, 85.50%
	load/store 344137131, 14.50%
Avg size of int IQ (before scheduling): 2.69
Avg size of fp IQ (before scheduling): 0.00
No of cycles taken:		6201000000
Parallelism [ 0.096, 0.000, 0.119, 0.101,] = 0.317
 IQ conflicts: 1819886 (0.03%), FQ conflicts: 0 (0.00%) 
 I reg conflicts: 70132075 (1.13%), FP reg conflicts: 0 (0.00%)
  Activelist confs: 0 (0.00%), ROB confs: 0 (0.00%)
  Int unit conflicts: 131976147 (2.13%), FP unit conflicts: 0 (0.00%)
  Load/store unit conflicts: 80795 (0.00%)
  MSHR conflicts: 0 (0.00%)
----------------------------------------
==== System-wide Cache Statistics ====
Stall for miss queue full 0 cycles (0.00%)
----------------------------------------
==== Statistics for Master ID: 0 ====
Reads: 124864227   Writes: 34
ICACHE: size: 64 KB assoc: 2
ICACHE: hits:69390667 misses:33328722  Hit Ratio: 67.55%
DCACHE: size: 2*16 KB assoc: 2*4
DCACHE: hits:14742080 misses:7402792 writebacks:12  Hit Ratio: 66.57%
SCACHE: size: 512 KB assoc: 2
SCACHE: hits:8716520 misses:32014994  Hit Ratio: 21.40%
3CACHE: size: 4096 KB assoc: 2
3CACHE: hits:960003 misses:31054990  Hit Ratio: 3.00%
3CACHE: dirty items replaced:8482
ITLB: size: 48, misses 4, miss rate 0.00%
DTLB: size: 128, misses 21, miss rate 0.00%
Avg mem delay: 1.450 cycles
----------------------------------------
==== Statistics for Master ID: 2 ====
Reads: 191030682   Writes: 35
ICACHE: size: 64 KB assoc: 2
ICACHE: hits:113708427 misses:33374626  Hit Ratio: 77.31%
DCACHE: size: 1*16 KB assoc: 1*4
DCACHE: hits:34276581 misses:9671085 writebacks:13  Hit Ratio: 77.99%
SCACHE: size: 512 KB assoc: 2
SCACHE: hits:11109007 misses:31936702  Hit Ratio: 25.81%
3CACHE: size: 4096 KB assoc: 2
3CACHE: hits:849131 misses:31087571  Hit Ratio: 2.66%
3CACHE: dirty items replaced:8200
ITLB: size: 48, misses 4, miss rate 0.00%
DTLB: size: 128, misses 21, miss rate 0.00%
Avg mem delay: 1.450 cycles
----------------------------------------
==== Statistics for Master ID: 3 ====
Reads: 374149890   Writes: 163780432
ICACHE: size: 64 KB assoc: 2
ICACHE: hits:227978923 misses:31906803  Hit Ratio: 87.72%
DCACHE: size: 1*16 KB assoc: 1*4
DCACHE: hits:273147415 misses:4897180 writebacks:3100110  Hit Ratio: 98.24%
SCACHE: size: 512 KB assoc: 2
SCACHE: hits:4764374 misses:32039609  Hit Ratio: 12.95%
3CACHE: size: 4096 KB assoc: 2
3CACHE: hits:822471 misses:31217138  Hit Ratio: 2.57%
3CACHE: dirty items replaced:8179
ITLB: size: 48, misses 4, miss rate 0.00%
DTLB: size: 128, misses 75, miss rate 0.00%
Avg mem delay: 1.450 cycles
----------------------------------------
==== Global Resource Utilization ====
STASH: size: 65536 entries, full 2788146916, empty 705, misses 63, full rate 100.00
icache bank util. 0.076 0.036 0.004 0.000 0.000 0.000 0.000 0.013 
dcache bank util. 0.005 0.005 0.010 0.024 0.005 0.009 0.005 0.005 
L2 bank util. 0.138 0.007 0.003 0.003 0.003 0.003 0.003 0.003 
L1-L2 bus util. = 0.060, L3 util. = 0.151
----------------------------------------

======================== 切片硬件状态 ========================
切片号 | 所属安全域 | 当前状态    | 路扩展 | LRU touched
------------------------------------------------------------------
  0    |   域0      | 正常运行   |  是   |  6200999243
  1    |   域3      | 正常运行   |  否   |  6200999909
  2    |   域0      | 正常运行   |  是   |  6200999629
  3    |   域2      | 正常运行   |  否   |  6200999855
==================================================================

branch prediction, hits = 93311378, misses = 704523, hit rate = 99.25%
return_stack prediction, hits = 342564, misses = 28230466, hit rate = 1.20%
jump prediction, hits = 172087649, misses = 72, hit rate = 100.00%

**** Debug Statistics at 6301000000 Cycles *****
Threads: 4		Fetch Width: 8
No of useful instructions fetched:	1994890761 (3.96% proc util.)
No of total instructions fetched:	2718346233 (5.39% proc util.)
 includes 213 misfetch (0.0%), 723455259 (26.6%) wrong-path fetches
 and 0 flushed after failed lock(0.0%)
No of useful instructions issued/executed:	1994890761 (3.96% proc util.)
No of total instructions issued/executed:	2412592321 (4.79% proc util.)
 includes 417701560 wrong-path (17.3%) insts and 0 flushed (0.0%)
	fp 0, 0.00%
	synch 0, 0.00%
	integer 2062857783, 85.50%
	load/store 349734538, 14.50%
Avg size of int IQ (before scheduling): 2.69
Avg size of fp IQ (before scheduling): 0.00
No of cycles taken:		6301000000
Parallelism [ 0.096, 0.000, 0.119, 0.101,] = 0.317
 IQ conflicts: 1849465 (0.03%), FQ conflicts: 0 (0.00%) 
 I reg conflicts: 71267534 (1.13%), FP reg conflicts: 0 (0.00%)
  Activelist confs: 0 (0.00%), ROB confs: 0 (0.00%)
  Int unit conflicts: 134129484 (2.13%), FP unit conflicts: 0 (0.00%)
  Load/store unit conflicts: 82026 (0.00%)
  MSHR conflicts: 0 (0.00%)
----------------------------------------
==== System-wide Cache Statistics ====
Stall for miss queue full 0 cycles (0.00%)
----------------------------------------
==== Statistics for Master ID: 0 ====
Reads: 126886772   Writes: 34
ICACHE: size: 64 KB assoc: 2
ICACHE: hits:70516834 misses:33866692  Hit Ratio: 67.56%
DCACHE: size: 2*16 KB assoc: 2*4
DCACHE: hits:14981254 misses:7522026 writebacks:12  Hit Ratio: 66.57%
SCACHE: size: 512 KB assoc: 2
SCACHE: hits:8857389 misses:32531329  Hit Ratio: 21.40%
3CACHE: size: 4096 KB assoc: 2
3CACHE: hits:975643 misses:31555686  Hit Ratio: 3.00%
3CACHE: dirty items replaced:8614
ITLB: size: 48, misses 4, miss rate 0.00%
DTLB: size: 128, misses 21, miss rate 0.00%
Avg mem delay: 1.449 cycles
----------------------------------------
==== Statistics for Master ID: 2 ====
Reads: 194121983   Writes: 35
ICACHE: size: 64 KB assoc: 2
ICACHE: hits:115550399 misses:33913623  Hit Ratio: 77.31%
DCACHE: size: 1*16 KB assoc: 1*4
DCACHE: hits:34830617 misses:9827381 writebacks:13  Hit Ratio: 77.99%
SCACHE: size: 512 KB assoc: 2
SCACHE: hits:11289318 misses:32451684  Hit Ratio: 25.81%
3CACHE: size: 4096 KB assoc: 2
3CACHE: hits:862864 misses:31588820  Hit Ratio: 2.66%
3CACHE: dirty items replaced:8324
ITLB: size: 48, misses 4, miss rate 0.00%
DTLB: size: 128, misses 21, miss rate 0.00%
Avg mem delay: 1.449 cycles
----------------------------------------
==== Statistics for Master ID: 3 ====
Reads: 380245600   Writes: 166453584
ICACHE: size: 64 KB assoc: 2
ICACHE: hits:231704365 misses:32421556  Hit Ratio: 87.72%
DCACHE: size: 1*16 KB assoc: 1*4
DCACHE: hits:277596632 misses:4976630 writebacks:3150369  Hit Ratio: 98.24%
SCACHE: size: 512 KB assoc: 2
SCACHE: hits:4841936 misses:32556250  Hit Ratio: 12.95%
3CACHE: size: 4096 KB assoc: 2
3CACHE: hits:835771 misses:31720479  Hit Ratio: 2.57%
3CACHE: dirty items replaced:8304
ITLB: size: 48, misses 4, miss rate 0.00%
DTLB: size: 128, misses 75, miss rate 0.00%
Avg mem delay: 1.449 cycles
----------------------------------------
==== Global Resource Utilization ====
STASH: size: 65536 entries, full 2833450343, empty 705, misses 63, full rate 100.00
icache bank util. 0.076 0.036 0.004 0.000 0.000 0.000 0.000 0.013 
dcache bank util. 0.005 0.005 0.010 0.024 0.005 0.009 0.005 0.005 
L2 bank util. 0.138 0.007 0.003 0.003 0.003 0.003 0.003 0.003 
L1-L2 bus util. = 0.060, L3 util. = 0.151
----------------------------------------

======================== 切片硬件状态 ========================
切片号 | 所属安全域 | 当前状态    | 路扩展 | LRU touched
------------------------------------------------------------------
  0    |   域0      | 正常运行   |  是   |  6300998889
  1    |   域3      | 正常运行   |  否   |  6300999910
  2    |   域0      | 正常运行   |  是   |  6300999661
  3    |   域2      | 正常运行   |  否   |  6300999963
==================================================================

branch prediction, hits = 94821185, misses = 715911, hit rate = 99.25%
return_stack prediction, hits = 348120, misses = 28688912, hit rate = 1.20%
jump prediction, hits = 174875090, misses = 72, hit rate = 100.00%

**** Early Exiting at 6317971107 Cycles *****
========================================
 SMTSIM Global Statistics
========================================
Threads: 4		Fetch Width: 8
No of useful instructions fetched:	2000000001 (3.96% proc util.)
No of total instructions fetched:	2725143802 (5.39% proc util.)
 includes 213 misfetch (0.0%), 725143588 (26.6%) wrong-path fetches
 and 0 flushed after failed lock(0.0%)
No of useful instructions issued/executed:	2000000001 (3.96% proc util.)
No of total instructions issued/executed:	2418680515 (4.79% proc util.)
 includes 418680514 wrong-path (17.3%) insts and 0 flushed (0.0%)
	fp 0, 0.00%
	synch 0, 0.00%
	integer 2068078050, 85.50%
	load/store 350602465, 14.50%
Avg size of int IQ (before scheduling): 2.69
Avg size of fp IQ (before scheduling): 0.00
No of cycles taken:		6317971107
Parallelism [ 0.096, 0.000, 0.119, 0.101,] = 0.317
 IQ conflicts: 1853732 (0.03%), FQ conflicts: 0 (0.00%) 
 I reg conflicts: 71425399 (1.13%), FP reg conflicts: 0 (0.00%)
  Activelist confs: 0 (0.00%), ROB confs: 0 (0.00%)
  Int unit conflicts: 134456862 (2.13%), FP unit conflicts: 0 (0.00%)
  Load/store unit conflicts: 82214 (0.00%)
  MSHR conflicts: 0 (0.00%)
----------------------------------------
==== System-wide Cache Statistics ====
Stall for miss queue full 0 cycles (0.00%)
----------------------------------------
==== Statistics for Master ID: 0 ====
Reads: 127210952   Writes: 34
ICACHE: size: 64 KB assoc: 2
ICACHE: hits:70692361 misses:33957239  Hit Ratio: 67.55%
DCACHE: size: 2*16 KB assoc: 2*4
DCACHE: hits:15020046 misses:7541340 writebacks:12  Hit Ratio: 66.57%
SCACHE: size: 512 KB assoc: 2
SCACHE: hits:8879617 misses:32618962  Hit Ratio: 21.40%
3CACHE: size: 4096 KB assoc: 2
3CACHE: hits:978026 misses:31640936  Hit Ratio: 3.00%
3CACHE: dirty items replaced:8635
ITLB: size: 48, misses 4, miss rate 0.00%
DTLB: size: 128, misses 21, miss rate 0.00%
Avg mem delay: 1.450 cycles
----------------------------------------
==== Statistics for Master ID: 2 ====
Reads: 194619649   Writes: 35
ICACHE: size: 64 KB assoc: 2
ICACHE: hits:115841975 misses:34004254  Hit Ratio: 77.31%
DCACHE: size: 1*16 KB assoc: 1*4
DCACHE: hits:34920515 misses:9852942 writebacks:13  Hit Ratio: 77.99%
SCACHE: size: 512 KB assoc: 2
SCACHE: hits:11318043 misses:32539151  Hit Ratio: 25.81%
3CACHE: size: 4096 KB assoc: 2
3CACHE: hits:865009 misses:31674141  Hit Ratio: 2.66%
3CACHE: dirty items replaced:8343
ITLB: size: 48, misses 4, miss rate 0.00%
DTLB: size: 128, misses 21, miss rate 0.00%
Avg mem delay: 1.450 cycles
----------------------------------------
==== Statistics for Master ID: 3 ====
Reads: 381177319   Writes: 166855993
ICACHE: size: 64 KB assoc: 2
ICACHE: hits:232256937 misses:32508750  Hit Ratio: 87.72%
DCACHE: size: 1*16 KB assoc: 1*4
DCACHE: hits:278278502 misses:4989122 writebacks:3158264  Hit Ratio: 98.24%
SCACHE: size: 512 KB assoc: 2
SCACHE: hits:4853978 misses:32643894  Hit Ratio: 12.94%
3CACHE: size: 4096 KB assoc: 2
3CACHE: hits:837804 misses:31806090  Hit Ratio: 2.57%
3CACHE: dirty items replaced:8323
ITLB: size: 48, misses 4, miss rate 0.00%
DTLB: size: 128, misses 75, miss rate 0.00%
Avg mem delay: 1.450 cycles
----------------------------------------
==== Global Resource Utilization ====
STASH: size: 65536 entries, full 2840537488, empty 705, misses 63, full rate 100.00
icache bank util. 0.076 0.036 0.004 0.000 0.000 0.000 0.000 0.013 
dcache bank util. 0.005 0.005 0.010 0.024 0.005 0.009 0.005 0.005 
L2 bank util. 0.138 0.007 0.003 0.003 0.003 0.003 0.003 0.003 
L1-L2 bus util. = 0.060, L3 util. = 0.151
----------------------------------------

======================== 切片硬件状态 ========================
切片号 | 所属安全域 | 当前状态    | 路扩展 | LRU touched
------------------------------------------------------------------
  0    |   域0      | 正常运行   |  是   |  6317970625
  1    |   域3      | 正常运行   |  否   |  6317971069
  2    |   域0      | 正常运行   |  是   |  6317971011
  3    |   域2      | 正常运行   |  否   |  6317971096
==================================================================

branch prediction, hits = 95064022, misses = 717761, hit rate = 99.25%
return_stack prediction, hits = 348996, misses = 28761109, hit rate = 1.20%
jump prediction, hits = 175320821, misses = 72, hit rate = 100.00%
total IPC 0.317

=== Results saved to: ./results/cacherand_2_randacc_1_recurseq_1.txt ===
