测试组合（多线程优先）：gcc-scilab.arg2 + randacc.arg + seqacc.arg
执行命令：./smtsim gcc-scilab.arg2 randacc.arg seqacc.arg
==================================================

动态重分配参数：每50万周期检查，阈值5
Process 0, Thread 0: gcc-scilab
Process 0, Thread 1: gcc-scilab
Process 2, Thread 2: randacc
Process 3, Thread 3: seqacc
[切片调度] 新安全域0无任何切片，尝试分配空闲切片
[切片管理] 成功绑定切片0 → 安全域0

======================== 切片硬件状态 ========================
切片号 | 所属安全域 | 当前状态    | 路扩展 | LRU touched
------------------------------------------------------------------
  0    |   域0      | 正常运行   |  否   |  0
  1    |   域-1     | 切片空闲   |  否   |  0
  2    |   域-1     | 切片空闲   |  否   |  0
  3    |   域-1     | 切片空闲   |  否   |  0
==================================================================

[切片管理] 成功绑定切片1 → 安全域0，触发【路扩展模式】

======================== 切片硬件状态 ========================
切片号 | 所属安全域 | 当前状态    | 路扩展 | LRU touched
------------------------------------------------------------------
  0    |   域0      | 正常运行   |  是   |  0
  1    |   域0      | 正常运行   |  是   |  0
  2    |   域-1     | 切片空闲   |  否   |  0
  3    |   域-1     | 切片空闲   |  否   |  0
==================================================================

[切片调度] 新安全域2无任何切片，尝试分配空闲切片
[切片管理] 成功绑定切片2 → 安全域2

======================== 切片硬件状态 ========================
切片号 | 所属安全域 | 当前状态    | 路扩展 | LRU touched
------------------------------------------------------------------
  0    |   域0      | 正常运行   |  是   |  320
  1    |   域0      | 正常运行   |  是   |  0
  2    |   域2      | 正常运行   |  否   |  0
  3    |   域-1     | 切片空闲   |  否   |  0
==================================================================

[切片管理] 成功绑定切片3 → 安全域2，触发【路扩展模式】

======================== 切片硬件状态 ========================
切片号 | 所属安全域 | 当前状态    | 路扩展 | LRU touched
------------------------------------------------------------------
  0    |   域0      | 正常运行   |  是   |  320
  1    |   域0      | 正常运行   |  是   |  0
  2    |   域2      | 正常运行   |  是   |  0
  3    |   域2      | 正常运行   |  是   |  0
==================================================================

[切片调度] 新安全域3无任何切片，尝试分配空闲切片
[切片调度] 新安全域3未找到空闲切片，尝试剥夺切片
[切片替换] 优先从【路扩展切片】中选择LRU替换目标...
[切片替换] 找到路扩展切片作为受害者：切片1（最后访问：0）
[切片调度] 安全域3触发切片剥夺：从域0剥夺切片1
[切片剥夺] 周期535：切片1（所属域0）进入待剥夺状态，禁止新替换
[切片剥夺] 周期535：切片1在途请求已清空，开始执行脏行写回
[切片剥夺] 周期535：切片1无脏行，直接完成剥夺
[切片管理] 周期535：原域0仅剩1个切片，关闭路扩展模式
[动态重分配] 周期535：切片1写回完成，自动绑定到域3
[切片管理] 成功绑定切片1 → 安全域3

======================== 切片硬件状态 ========================
切片号 | 所属安全域 | 当前状态    | 路扩展 | LRU touched
------------------------------------------------------------------
  0    |   域0      | 正常运行   |  否   |  320
  1    |   域3      | 正常运行   |  否   |  535
  2    |   域2      | 正常运行   |  是   |  435
  3    |   域2      | 正常运行   |  是   |  0
==================================================================

[切片唤醒] 周期535：域3切片就绪，唤醒等待指令

**** Debug Statistics at 1000000 Cycles *****
Threads: 4		Fetch Width: 8
No of useful instructions fetched:	3658174 (45.73% proc util.)
No of total instructions fetched:	3924758 (49.06% proc util.)
 includes 23119 misfetch (0.6%), 243465 (6.2%) wrong-path fetches
 and 0 flushed after failed lock(0.0%)
No of useful instructions issued/executed:	3658150 (45.73% proc util.)
No of total instructions issued/executed:	3755096 (46.94% proc util.)
 includes 96946 wrong-path (2.6%) insts and 0 flushed (0.0%)
	fp 85, 0.00%
	synch 0, 0.00%
	integer 3227517, 85.95%
	load/store 527494, 14.05%
Avg size of int IQ (before scheduling): 28.90
Avg size of fp IQ (before scheduling): 0.00
No of cycles taken:		1000000
Parallelism [ 0.976, 0.000, 1.314, 1.368,] = 3.658
 IQ conflicts: 1317 (0.13%), FQ conflicts: 0 (0.00%) 
 I reg conflicts: 427269 (42.73%), FP reg conflicts: 0 (0.00%)
  Activelist confs: 0 (0.00%), ROB confs: 643 (0.06%)
  Int unit conflicts: 1388930 (138.89%), FP unit conflicts: 3 (0.00%)
  Load/store unit conflicts: 48418 (4.84%)
  MSHR conflicts: 75971 (7.60%)
----------------------------------------
==== System-wide Cache Statistics ====
Stall for miss queue full 0 cycles (0.00%)
----------------------------------------
==== Statistics for Master ID: 0 ====
Reads: 559494   Writes: 153405
ICACHE: size: 64 KB assoc: 2
ICACHE: hits:332906 misses:2171  Hit Ratio: 99.35%
DCACHE: size: 1*16 KB assoc: 1*4
DCACHE: hits:373949 misses:3873 writebacks:2702  Hit Ratio: 98.97%
SCACHE: size: 512 KB assoc: 2
SCACHE: hits:942 misses:5101  Hit Ratio: 15.59%
3CACHE: size: 4096 KB assoc: 2
3CACHE: hits:125 misses:4975  Hit Ratio: 2.45%
3CACHE: dirty items replaced:0
ITLB: size: 48, misses 137, miss rate 0.04%
DTLB: size: 128, misses 187, miss rate 0.05%
Avg mem delay: 1.349 cycles
----------------------------------------
==== Statistics for Master ID: 2 ====
Reads: 456256   Writes: 34
ICACHE: size: 64 KB assoc: 2
ICACHE: hits:377784 misses:22  Hit Ratio: 99.99%
DCACHE: size: 2*16 KB assoc: 2*4
DCACHE: hits:77393 misses:1091 writebacks:11  Hit Ratio: 98.61%
SCACHE: size: 512 KB assoc: 2
SCACHE: hits:263 misses:850  Hit Ratio: 23.63%
3CACHE: size: 4096 KB assoc: 2
3CACHE: hits:95 misses:755  Hit Ratio: 11.18%
3CACHE: dirty items replaced:0
ITLB: size: 48, misses 4, miss rate 0.00%
DTLB: size: 128, misses 23, miss rate 0.03%
Avg mem delay: 1.349 cycles
----------------------------------------
==== Statistics for Master ID: 3 ====
Reads: 449142   Writes: 5128
ICACHE: size: 64 KB assoc: 2
ICACHE: hits:383307 misses:10  Hit Ratio: 100.00%
DCACHE: size: 1*16 KB assoc: 1*4
DCACHE: hits:64226 misses:6726 writebacks:323  Hit Ratio: 90.52%
SCACHE: size: 512 KB assoc: 2
SCACHE: hits:6328 misses:408  Hit Ratio: 93.94%
3CACHE: size: 4096 KB assoc: 2
3CACHE: hits:69 misses:339  Hit Ratio: 16.91%
3CACHE: dirty items replaced:0
ITLB: size: 48, misses 1, miss rate 0.00%
DTLB: size: 128, misses 11, miss rate 0.02%
Avg mem delay: 1.349 cycles
----------------------------------------
==== Global Resource Utilization ====
STASH: size: 65536 entries, full 4002271, empty 48885, misses 4610, full rate 98.68
icache bank util. 0.302 0.214 0.118 0.050 0.034 0.058 0.109 0.217 
dcache bank util. 0.053 0.062 0.032 0.039 0.051 0.112 0.142 0.082 
L2 bank util. 0.014 0.013 0.013 0.013 0.012 0.013 0.013 0.013 
L1-L2 bus util. = 0.051, L3 util. = 0.061
----------------------------------------

======================== 切片硬件状态 ========================
切片号 | 所属安全域 | 当前状态    | 路扩展 | LRU touched
------------------------------------------------------------------
  0    |   域0      | 正常运行   |  否   |  999999
  1    |   域3      | 正常运行   |  否   |  999993
  2    |   域2      | 正常运行   |  是   |  999971
  3    |   域2      | 正常运行   |  是   |  999981
==================================================================

branch prediction, hits = 251847, misses = 11303, hit rate = 95.70%
return_stack prediction, hits = 17953, misses = 22, hit rate = 99.88%
jump prediction, hits = 341773, misses = 5933, hit rate = 98.29%
 dgelq2_
======================== 切片硬件状态 ========================
切片号 | 所属安全域 | 当前状态    | 路扩展 | LRU touched
------------------------------------------------------------------
  0    |   域0      | 正常运行   |  否   |  4999819
  1    |   域3      | 正常运行   |  否   |  5000000
  2    |   域2      | 正常运行   |  是   |  4999972
  3    |   域2      | 正常运行   |  是   |  4999996
==================================================================

[动态重分配] 周期5000000：预约迁移 冗余域2(0%) -> 切片2 -> 饥饿域0(6%)
[切片剥夺] 周期5000000：切片2（所属域2）进入待剥夺状态，禁止新替换
[切片剥夺] 周期5000000：切片2在途请求已清空，开始执行脏行写回
[切片管理] 周期5000014：原域2仅剩1个切片，关闭路扩展模式
[动态重分配] 周期5000014：切片2写回完成，自动绑定到域0
[切片管理] 成功绑定切片2 → 安全域0，触发【路扩展模式】

======================== 切片硬件状态 ========================
切片号 | 所属安全域 | 当前状态    | 路扩展 | LRU touched
------------------------------------------------------------------
  0    |   域0      | 正常运行   |  是   |  5000013
  1    |   域3      | 正常运行   |  否   |  5000000
  2    |   域0      | 正常运行   |  是   |  5000014
  3    |   域2      | 正常运行   |  否   |  5000009
==================================================================


======================== 切片硬件状态 ========================
切片号 | 所属安全域 | 当前状态    | 路扩展 | LRU touched
------------------------------------------------------------------
  0    |   域0      | 正常运行   |  是   |  5499873
  1    |   域3      | 正常运行   |  否   |  5499993
  2    |   域0      | 正常运行   |  是   |  5499871
  3    |   域2      | 正常运行   |  否   |  5499999
==================================================================

[动态重分配] 周期5500000：预约迁移 冗余域0(1%) -> 切片0 -> 饥饿域2(22%)
[切片剥夺] 周期5500000：切片0（所属域0）进入待剥夺状态，禁止新替换
[切片剥夺] 周期5500000：切片0在途请求已清空，开始执行脏行写回
[切片管理] 周期5500260：原域0仅剩1个切片，关闭路扩展模式
[动态重分配] 周期5500260：切片0写回完成，自动绑定到域2
[切片管理] 成功绑定切片0 → 安全域2，触发【路扩展模式】

======================== 切片硬件状态 ========================
切片号 | 所属安全域 | 当前状态    | 路扩展 | LRU touched
------------------------------------------------------------------
  0    |   域2      | 正常运行   |  是   |  5500260
  1    |   域3      | 正常运行   |  否   |  5500166
  2    |   域0      | 正常运行   |  否   |  5500235
  3    |   域2      | 正常运行   |  是   |  5500227
==================================================================


======================== 切片硬件状态 ========================
切片号 | 所属安全域 | 当前状态    | 路扩展 | LRU touched
------------------------------------------------------------------
  0    |   域2      | 正常运行   |  是   |  7499992
  1    |   域3      | 正常运行   |  否   |  7499995
  2    |   域0      | 正常运行   |  否   |  7499955
  3    |   域2      | 正常运行   |  是   |  7499998
==================================================================

[动态重分配] 周期7500000：预约迁移 冗余域2(0%) -> 切片3 -> 饥饿域3(9%)
[切片剥夺] 周期7500000：切片3（所属域2）进入待剥夺状态，禁止新替换
[切片剥夺] 周期7500000：切片3在途请求已清空，开始执行脏行写回
[切片剥夺] 周期7500000：切片3无脏行，直接完成剥夺
[切片管理] 周期7500001：原域2仅剩1个切片，关闭路扩展模式
[动态重分配] 周期7500001：切片3写回完成，自动绑定到域3
[切片管理] 成功绑定切片3 → 安全域3，触发【路扩展模式】

======================== 切片硬件状态 ========================
切片号 | 所属安全域 | 当前状态    | 路扩展 | LRU touched
------------------------------------------------------------------
  0    |   域2      | 正常运行   |  否   |  7499992
  1    |   域3      | 正常运行   |  是   |  7499995
  2    |   域0      | 正常运行   |  否   |  7499955
  3    |   域3      | 正常运行   |  是   |  7500001
==================================================================


======================== 切片硬件状态 ========================
切片号 | 所属安全域 | 当前状态    | 路扩展 | LRU touched
------------------------------------------------------------------
  0    |   域2      | 正常运行   |  否   |  7999992
  1    |   域3      | 正常运行   |  是   |  7999991
  2    |   域0      | 正常运行   |  否   |  7999944
  3    |   域3      | 正常运行   |  是   |  7999719
==================================================================

[动态重分配] 周期8000000：预约迁移 冗余域3(0%) -> 切片1 -> 饥饿域2(22%)
[切片剥夺] 周期8000000：切片1（所属域3）进入待剥夺状态，禁止新替换
[切片剥夺] 周期8000000：切片1在途请求已清空，开始执行脏行写回
[切片剥夺] 周期8000000：切片1无脏行，直接完成剥夺
[切片管理] 周期8000001：原域3仅剩1个切片，关闭路扩展模式
[动态重分配] 周期8000001：切片1写回完成，自动绑定到域2
[切片管理] 成功绑定切片1 → 安全域2，触发【路扩展模式】

======================== 切片硬件状态 ========================
切片号 | 所属安全域 | 当前状态    | 路扩展 | LRU touched
------------------------------------------------------------------
  0    |   域2      | 正常运行   |  是   |  7999992
  1    |   域2      | 正常运行   |  是   |  8000001
  2    |   域0      | 正常运行   |  否   |  7999944
  3    |   域3      | 正常运行   |  否   |  7999719
==================================================================


======================== 切片硬件状态 ========================
切片号 | 所属安全域 | 当前状态    | 路扩展 | LRU touched
------------------------------------------------------------------
  0    |   域2      | 正常运行   |  是   |  14499982
  1    |   域2      | 正常运行   |  是   |  14499916
  2    |   域0      | 正常运行   |  否   |  14499999
  3    |   域3      | 正常运行   |  否   |  14499998
==================================================================

[动态重分配] 周期14500000：预约迁移 冗余域2(0%) -> 切片0 -> 饥饿域3(9%)
[切片剥夺] 周期14500000：切片0（所属域2）进入待剥夺状态，禁止新替换
[切片剥夺] 周期14500000：切片0在途请求已清空，开始执行脏行写回
[切片剥夺] 周期14500000：切片0无脏行，直接完成剥夺
[切片管理] 周期14500001：原域2仅剩1个切片，关闭路扩展模式
[动态重分配] 周期14500001：切片0写回完成，自动绑定到域3
[切片管理] 成功绑定切片0 → 安全域3，触发【路扩展模式】

======================== 切片硬件状态 ========================
切片号 | 所属安全域 | 当前状态    | 路扩展 | LRU touched
------------------------------------------------------------------
  0    |   域3      | 正常运行   |  是   |  14500001
  1    |   域2      | 正常运行   |  否   |  14500001
  2    |   域0      | 正常运行   |  否   |  14499999
  3    |   域3      | 正常运行   |  是   |  14499998
==================================================================


======================== 切片硬件状态 ========================
切片号 | 所属安全域 | 当前状态    | 路扩展 | LRU touched
------------------------------------------------------------------
  0    |   域3      | 正常运行   |  是   |  14999986
  1    |   域2      | 正常运行   |  否   |  14999998
  2    |   域0      | 正常运行   |  否   |  14999997
  3    |   域3      | 正常运行   |  是   |  14999998
==================================================================

[动态重分配] 周期15000000：预约迁移 冗余域3(0%) -> 切片3 -> 饥饿域2(21%)
[切片剥夺] 周期15000000：切片3（所属域3）进入待剥夺状态，禁止新替换
[切片剥夺] 周期15000000：切片3在途请求已清空，开始执行脏行写回
[切片剥夺] 周期15000000：切片3无脏行，直接完成剥夺
[切片管理] 周期15000001：原域3仅剩1个切片，关闭路扩展模式
[动态重分配] 周期15000001：切片3写回完成，自动绑定到域2
[切片管理] 成功绑定切片3 → 安全域2，触发【路扩展模式】

======================== 切片硬件状态 ========================
切片号 | 所属安全域 | 当前状态    | 路扩展 | LRU touched
------------------------------------------------------------------
  0    |   域3      | 正常运行   |  否   |  14999986
  1    |   域2      | 正常运行   |  是   |  14999998
  2    |   域0      | 正常运行   |  否   |  15000001
  3    |   域2      | 正常运行   |  是   |  15000001
==================================================================


======================== 切片硬件状态 ========================
切片号 | 所属安全域 | 当前状态    | 路扩展 | LRU touched
------------------------------------------------------------------
  0    |   域3      | 正常运行   |  否   |  15499993
  1    |   域2      | 正常运行   |  是   |  15499983
  2    |   域0      | 正常运行   |  否   |  15499999
  3    |   域2      | 正常运行   |  是   |  15499996
==================================================================

[动态重分配] 周期15500000：预约迁移 冗余域2(1%) -> 切片1 -> 饥饿域3(9%)
[切片剥夺] 周期15500000：切片1（所属域2）进入待剥夺状态，禁止新替换
[切片剥夺] 周期15500000：切片1在途请求已清空，开始执行脏行写回
[切片剥夺] 周期15500000：切片1无脏行，直接完成剥夺
[切片管理] 周期15500001：原域2仅剩1个切片，关闭路扩展模式
[动态重分配] 周期15500001：切片1写回完成，自动绑定到域3
[切片管理] 成功绑定切片1 → 安全域3，触发【路扩展模式】

======================== 切片硬件状态 ========================
切片号 | 所属安全域 | 当前状态    | 路扩展 | LRU touched
------------------------------------------------------------------
  0    |   域3      | 正常运行   |  是   |  15499993
  1    |   域3      | 正常运行   |  是   |  15500001
  2    |   域0      | 正常运行   |  否   |  15499999
  3    |   域2      | 正常运行   |  否   |  15499996
==================================================================


======================== 切片硬件状态 ========================
切片号 | 所属安全域 | 当前状态    | 路扩展 | LRU touched
------------------------------------------------------------------
  0    |   域3      | 正常运行   |  是   |  17499996
  1    |   域3      | 正常运行   |  是   |  17499977
  2    |   域0      | 正常运行   |  否   |  17500000
  3    |   域2      | 正常运行   |  否   |  17499994
==================================================================

[动态重分配] 周期17500000：预约迁移 冗余域3(0%) -> 切片0 -> 饥饿域2(21%)
[切片剥夺] 周期17500000：切片0（所属域3）进入待剥夺状态，禁止新替换
[切片剥夺] 周期17500000：切片0在途请求已清空，开始执行脏行写回
[切片剥夺] 周期17500000：切片0无脏行，直接完成剥夺
[切片管理] 周期17500001：原域3仅剩1个切片，关闭路扩展模式
[动态重分配] 周期17500001：切片0写回完成，自动绑定到域2
[切片管理] 成功绑定切片0 → 安全域2，触发【路扩展模式】

======================== 切片硬件状态 ========================
切片号 | 所属安全域 | 当前状态    | 路扩展 dgelqf_ | LRU touched
------------------------------------------------------------------
  0    |   域2      | 正常运行   |  是   |  17500001
  1    |   域3      | 正常运行   |  否   |  17499977
  2    |   域0      | 正常运行   |  否   |  17500001
  3    |   域2      | 正常运行   |  是   |  17499994
==================================================================


======================== 切片硬件状态 ========================
切片号 | 所属安全域 | 当前状态    | 路扩展 | LRU touched
------------------------------------------------------------------
  0    |   域2      | 正常运行   |  是   |  59499959
  1    |   域3      | 正常运行   |  否   |  59499998
  2    |   域0      | 正常运行   |  否   |  59499997
  3    |   域2      | 正常运行   |  是   |  59499990
==================================================================

[动态重分配] 周期59500000：预约迁移 冗余域2(0%) -> 切片3 -> 饥饿域3(9%)
[切片剥夺] 周期59500000：切片3（所属域2）进入待剥夺状态，禁止新替换
[切片剥夺] 周期59500000：切片3在途请求已清空，开始执行脏行写回
[切片剥夺] 周期59500000：切片3无脏行，直接完成剥夺
[切片管理] 周期59500001：原域2仅剩1个切片，关闭路扩展模式
[动态重分配] 周期59500001：切片3写回完成，自动绑定到域3
[切片管理] 成功绑定切片3 → 安全域3，触发【路扩展模式】

======================== 切片硬件状态 ========================
切片号 | 所属安全域 | 当前状态    | 路扩展 | LRU touched
------------------------------------------------------------------
  0    |   域2      | 正常运行   |  否   |  59499959
  1    |   域3      | 正常运行   |  是   |  59499998
  2    |   域0      | 正常运行   |  否   |  59500001
  3    |   域3      | 正常运行   |  是   |  59500001
==================================================================


======================== 切片硬件状态 ========================
切片号 | 所属安全域 | 当前状态    | 路扩展 | LRU touched
------------------------------------------------------------------
  0    |   域2      | 正常运行   |  否   |  59999998
  1    |   域3      | 正常运行   |  是   |  59999980
  2    |   域0      | 正常运行   |  否   |  59999998
  3    |   域3      | 正常运行   |  是   |  59999788
==================================================================

[动态重分配] 周期60000000：预约迁移 冗余域3(0%) -> 切片1 -> 饥饿域2(22%)
[切片剥夺] 周期60000000：切片1（所属域3）进入待剥夺状态，禁止新替换
[切片剥夺] 周期60000000：切片1在途请求已清空，开始执行脏行写回
[切片剥夺] 周期60000000：切片1无脏行，直接完成剥夺
[切片管理] 周期60000001：原域3仅剩1个切片，关闭路扩展模式
[动态重分配] 周期60000001：切片1写回完成，自动绑定到域2
[切片管理] 成功绑定切片1 → 安全域2，触发【路扩展模式】

======================== 切片硬件状态 ========================
切片号 | 所属安全域 | 当前状态    | 路扩展 | LRU touched
------------------------------------------------------------------
  0    |   域2      | 正常运行   |  是   |  59999998
  1    |   域2      | 正常运行   |  是   |  60000001
  2    |   域0      | 正常运行   |  否   |  60000001
  3    |   域3      | 正常运行   |  否   |  59999788
==================================================================


======================== 切片硬件状态 ========================
切片号 | 所属安全域 | 当前状态    | 路扩展 | LRU touched
------------------------------------------------------------------
  0    |   域2      | 正常运行   |  是   |  60499986
  1    |   域2      | 正常运行   |  是   |  60499999
  2    |   域0      | 正常运行   |  否   |  60500000
  3    |   域3      | 正常运行   |  否   |  60499997
==================================================================

[动态重分配] 周期60500000：预约迁移 冗余域2(1%) -> 切片0 -> 饥饿域3(9%)
[切片剥夺] 周期60500000：切片0（所属域2）进入待剥夺状态，禁止新替换
[切片剥夺] 周期60500000：切片0在途请求已清空，开始执行脏行写回
[切片剥夺] 周期60500000：切片0无脏行，直接完成剥夺
[切片管理] 周期60500001：原域2仅剩1个切片，关闭路扩展模式
[动态重分配] 周期60500001：切片0写回完成，自动绑定到域3
[切片管理] 成功绑定切片0 → 安全域3，触发【路扩展模式】

======================== 切片硬件状态 ========================
切片号 | 所属安全域 | 当前状态    | 路扩展 | LRU touched
------------------------------------------------------------------
  0    |   域3      | 正常运行   |  是   |  60500001
  1    |   域2      | 正常运行   |  否   |  60499999
  2    |   域0      | 正常运行   |  否   |  60500001
  3    |   域3      | 正常运行   |  是   |  60499997
==================================================================


======================== 切片硬件状态 ========================
切片号 | 所属安全域 | 当前状态    | 路扩展 | LRU touched
------------------------------------------------------------------
  0    |   域3      | 正常运行   |  是   |  62499841
  1    |   域2      | 正常运行   |  否   |  62499999
  2    |   域0      | 正常运行   |  否   |  62500000
  3    |   域3      | 正常运行   |  是   |  62499987
==================================================================

[动态重分配] 周期62500000：预约迁移 冗余域3(0%) -> 切片3 -> 饥饿域2(21%)
[切片剥夺] 周期62500000：切片3（所属域3）进入待剥夺状态，禁止新替换
[切片剥夺] 周期62500000：切片3在途请求已清空，开始执行脏行写回
[切片剥夺] 周期62500000：切片3无脏行，直接完成剥夺
[切片管理] 周期62500001：原域3仅剩1个切片，关闭路扩展模式
[动态重分配] 周期62500001：切片3写回完成，自动绑定到域2
[切片管理] 成功绑定切片3 → 安全域2，触发【路扩展模式】

======================== 切片硬件状态 ========================
切片号 | 所属安全域 | 当前状态    | 路扩展 | LRU touched
------------------------------------------------------------------
  0    |   域3      | 正常运行   |  否   |  62499841
  1    |   域2      | 正常运行   |  是   |  62499999
  2    |   域0      | 正常运行   |  否   |  62500000
  3    |   域2      | 正常运行   |  是   |  62500001
==================================================================


======================== 切片硬件状态 ========================
切片号 | 所属安全域 | 当前状态    | 路扩展 | LRU touched
------------------------------------------------------------------
  0    |   域3      | 正常运行   |  否   |  62999984
  1    |   域2      | 正常运行   |  是   |  62999987
  2    |   域0      | 正常运行   |  否   |  62999998
  3    |   域2      | 正常运行   |  是   |  62999979
==================================================================

[动态重分配] 周期63000000：预约迁移 冗余域2(1%) -> 切片1 -> 饥饿域3(9%)
[切片剥夺] 周期63000000：切片1（所属域2）进入待剥夺状态，禁止新替换
[切片剥夺] 周期63000000：切片1在途请求已清空，开始执行脏行写回
[切片剥夺] 周期63000000：切片1无脏行，直接完成剥夺
[切片管理] 周期63000001：原域2仅剩1个切片，关闭路扩展模式
[动态重分配] 周期63000001：切片1写回完成，自动绑定到域3
[切片管理] 成功绑定切片1 → 安全域3，触发【路扩展模式】

======================== 切片硬件状态 ========================
切片号 | 所属安全域 | 当前状态    | 路扩展 | LRU touched
------------------------------------------------------------------
  0    |   域3      | 正常运行   |  是   |  63000001
  1    |   域3      | 正常运行   |  是   |  63000001
  2    |   域0      | 正常运行   |  否   |  62999998
  3    |   域2      | 正常运行   |  否   |  62999979
==================================================================


======================== 切片硬件状态 ========================
切片号 | 所属安全域 | 当前状态    | 路扩展 | LRU touched
------------------------------------------------------------------
  0    |   域3      | 正常运行   |  是   |  63499999
  1    |   域3      | 正常运行   |  是   |  63499975
  2    |   域0      | 正常运行   |  否   |  63500000
  3    |   域2      | 正常运行   |  否   |  63499993
==================================================================

[动态重分配] 周期63500000：预约迁移 冗余域3(0%) -> 切片0 -> 饥饿域2(22%)
[切片剥夺] 周期63500000：切片0（所属域3）进入待剥夺状态，禁止新替换
[切片剥夺] 周期63500000：切片0在途请求已清空，开始执行脏行写回
[切片剥夺] 周期63500000：切片0无脏行，直接完成剥夺
[切片管理] 周期63500001：原域3仅剩1个切片，关闭路扩展模式
[动态重分配] 周期63500001：切片0写回完成，自动绑定到域2
[切片管理] 成功绑定切片0 → 安全域2，触发【路扩展模式】

======================== 切片硬件状态 ========================
切片号 | 所属安全域 | 当前状态    | 路扩展 | LRU touched
------------------------------------------------------------------
  0    |   域2      | 正常运行   |  是   |  63500001
  1    |   域3      | 正常运行   |  否   |  63499975
  2    |   域0      | 正常运行   |  否   |  63500001
  3    |   域2      | 正常运行   |  是   |  63499993
==================================================================


======================== 切片硬件状态 ========================
切片号 | 所属安全域 | 当前状态    | 路扩展 | LRU touched
------------------------------------------------------------------
  0    |   域2      | 正常运行   |  是   |  65499984
  1    |   域3      | 正常运行   |  否   |  65499991
  2    |   域0      | 正常运行   |  否   |  65499999
  3    |   域2      | 正常运行   |  是   |  65499994
==================================================================

[动态重分配] 周期65500000：预约迁移 冗余域2(0%) -> 切片3 -> 饥饿域3(9%)
[切片剥夺] 周期65500000：切片3（所属域2）进入待剥夺状态，禁止新替换
[切片剥夺] 周期65500000：切片3在途请求已清空，开始执行脏行写回
[切片剥夺] 周期65500000：切片3无脏行，直接完成剥夺
[切片管理] 周期65500001：原域2仅剩1个切片，关闭路扩展模式
[动态重分配] 周期65500001：切片3写回完成，自动绑定到域3
[切片管理] 成功绑定切片3 → 安全域3，触发【路扩展模式】

======================== 切片硬件状态 ========================
切片号 | 所属安全域 | 当前状态    | 路扩展 | LRU touched
------------------------------------------------------------------
  0    |   域2      | 正常运行   |  否   |  65499984
  1    |   域3      | 正常运行   |  是   |  65499991
  2    |   域0      | 正常运行   |  否   |  65499999
  3    |   域3      | 正常运行   |  是   |  65500001
==================================================================


======================== 切片硬件状态 ========================
切片号 | 所属安全域 | 当前状态    | 路扩展 | LRU touched
------------------------------------------------------------------
  0    |   域2      | 正常运行   |  否   |  65999999
  1    |   域3      | 正常运行   |  是   |  65999987
  2    |   域0      | 正常运行   |  否   |  66000000
  3    |   域3      | 正常运行   |  是   |  65999996
==================================================================

[动态重分配] 周期66000000：预约迁移 冗余域3(0%) -> 切片1 -> 饥饿域2(22%)
[切片剥夺] 周期66000000：切片1（所属域3）进入待剥夺状态，禁止新替换
[切片剥夺] 周期66000000：切片1在途请求已清空，开始执行脏行写回
[切片剥夺] 周期66000000：切片1无脏行，直接完成剥夺
[切片管理] 周期66000001：原域3仅剩1个切片，关闭路扩展模式
[动态重分配] 周期66000001：切片1写回完成，自动绑定到域2
[切片管理] 成功绑定切片1 → 安全域2，触发【路扩展模式】

======================== 切片硬件状态 ========================
切片号 | 所属安全域 | 当前状态    | 路扩展 | LRU touched
------------------------------------------------------------------
  0    |   域2      | 正常运行   |  是   |  65999999
  1    |   域2      | 正常运行   |  是   |  66000001
  2    |   域0      | 正常运行   |  否   |  66000001
  3    |   域3      | 正常运行   |  否   |  65999996
==================================================================


======================== 切片硬件状态 ========================
切片号 | 所属安全域 | 当前状态    | 路扩展 | LRU touched
------------------------------------------------------------------
  0    |   域2      | 正常运行   |  是   |  66499991
  1    |   域2      | 正常运行   |  是   |  66499921
  2    |   域0      | 正常运行   |  否   |  66500000
  3    |   域3      | 正常运行   |  否   |  66499997
==================================================================

[动态重分配] 周期66500000：预约迁移 冗余域2(1%) -> 切片0 -> 饥饿域3(9%)
[切片剥夺] 周期66500000：切片0（所属域2）进入待剥夺状态，禁止新替换
[切片剥夺] 周期66500000：切片0在途请求已清空，开始执行脏行写回
[切片剥夺] 周期66500000：切片0无脏行，直接完成剥夺
[切片管理] 周期66500001：原域2仅剩1个切片，关闭路扩展模式
[动态重分配] 周期66500001：切片0写回完成，自动绑定到域3
[切片管理] 成功绑定切片0 → 安全域3，触发【路扩展模式】

======================== 切片硬件状态 ========================
切片号 | 所属安全域 | 当前状态    | 路扩展 | LRU touched
------------------------------------------------------------------
  0    |   域3      | 正常运行   |  是   |  66500001
  1    |   域2      | 正常运行   |  否   |  66500001
  2    |   域0      | 正常运行   |  否   |  66500000
  3    |   域3      | 正常运行   |  是   |  66499997
==================================================================


======================== 切片硬件状态 ========================
切片号 | 所属安全域 | 当前状态    | 路扩展 | LRU touched
------------------------------------------------------------------
  0    |   域3      | 正常运行   |  是   |  68999574
  1    |   域2      | 正常运行   |  否   |  68999990
  2    |   域0      | 正常运行   |  否   |  68999999
  3    |   域3      | 正常运行   |  是   |  68999986
==================================================================

[动态重分配] 周期69000000：预约迁移 冗余域3(0%) -> 切片3 -> 饥饿域2(22%)
[切片剥夺] 周期69000000：切片3（所属域3）进入待剥夺状态，禁止新替换
[切片剥夺] 周期69000000：切片3在途请求已清空，开始执行脏行写回
[切片剥夺] 周期69000000：切片3无脏行，直接完成剥夺
[切片管理] 周期69000001：原域3仅剩1个切片，关闭路扩展模式
[动态重分配] 周期69000001：切片3写回完成，自动绑定到域2
[切片管理] 成功绑定切片3 → 安全域2，触发【路扩展模式】

======================== 切片硬件状态 ========================
切片号 | 所属安全域 | 当前状态    | 路扩展 | LRU touched
------------------------------------------------------------------
  0    |   域3      | 正常运行   |  否   |  68999574
  1    |   域2      | 正常运行   |  是   |  68999990
  2    |   域0      | 正常运行   |  否   |  68999999
  3    |   域2      | 正常运行   |  是   |  69000001
==================================================================


======================== 切片硬件状态 ========================
切片号 | 所属安全域 | 当前状态    | 路扩展 | LRU touched
------------------------------------------------------------------
  0    |   域3      | 正常运行   |  否   |  69499984
  1    |   域2      | 正常运行   |  是   |  69499997
  2    |   域0      | 正常运行   |  否   |  69500000
  3    |   域2      | 正常运行   |  是   |  69499990
==================================================================

[动态重分配] 周期69500000：预约迁移 冗余域2(1%) -> 切片1 -> 饥饿域3(10%)
[切片剥夺] 周期69500000：切片1（所属域2）进入待剥夺状态，禁止新替换
[切片剥夺] 周期69500000：切片1在途请求已清空，开始执行脏行写回
[切片剥夺] 周期69500000：切片1无脏行，直接完成剥夺
[切片管理] 周期69500001：原域2仅剩1个切片，关闭路扩展模式
[动态重分配] 周期69500001：切片1写回完成，自动绑定到域3
[切片管理] 成功绑定切片1 → 安全域3，触发【路扩展模式】

======================== 切片硬件状态 ========================
切片号 | 所属安全域 | 当前状态    | 路扩展 | LRU touched
------------------------------------------------------------------
  0    |   域3      | 正常运行   |  是   |  69499984
  1    |   域3      | 正常运行   |  是   |  69500001
  2    |   域0      | 正常运行   |  否   |  69500000
  3    |   域2      | 正常运行   |  否   |  69499990
==================================================================


======================== 切片硬件状态 ========================
切片号 | 所属安全域 | 当前状态    | 路扩展 | LRU touched
------------------------------------------------------------------
  0    |   域3      | 正常运行   |  是   |  70499988
  1    |   域3      | 正常运行   |  是   |  70499955
  2    |   域0      | 正常运行   |  否   |  70500000
  3    |   域2      | 正常运行   |  否   |  70500000
==================================================================

[动态重分配] 周期70500000：预约迁移 冗余域3(0%) -> 切片0 -> 饥饿域2(22%)
[切片剥夺] 周期70500000：切片0（所属域3）进入待剥夺状态，禁止新替换
[切片剥夺] 周期70500000：切片0在途请求已清空，开始执行脏行写回
[切片剥夺] 周期70500000：切片0无脏行，直接完成剥夺
[切片管理] 周期70500001：原域3仅剩1个切片，关闭路扩展模式
[动态重分配] 周期70500001：切片0写回完成，自动绑定到域2
[切片管理] 成功绑定切片0 → 安全域2，触发【路扩展模式】

======================== 切片硬件状态 ========================
切片号 | 所属安全域 | 当前状态    | 路扩展 | LRU touched
------------------------------------------------------------------
  0    |   域2      | 正常运行   |  是   |  70500001
  1    |   域3      | 正常运行   |  否   |  70499955
  2    |   域0      | 正常运行   |  否   |  70500000
  3    |   域2      | 正常运行   |  是   |  70500000
==================================================================


======================== 切片硬件状态 ========================
切片号 | 所属安全域 | 当前状态    | 路扩展 | LRU touched
------------------------------------------------------------------
  0    |   域2      | 正常运行   |  是   |  71999878
  1    |   域3      | 正常运行   |  否   |  71999981
  2    |   域0      | 正常运行   |  否   |  71999999
  3    |   域2      | 正常运行   |  是   |  71999992
==================================================================

[动态重分配] 周期72000000：预约迁移 冗余域2(0%) -> 切片3 -> 饥饿域3(9%)
[切片剥夺] 周期72000000：切片3（所属域2）进入待剥夺状态，禁止新替换
[切片剥夺] 周期72000000：切片3在途请求已清空，开始执行脏行写回
[切片剥夺] 周期72000000：切片3无脏行，直接完成剥夺
[切片管理] 周期72000001：原域2仅剩1个切片，关闭路扩展模式
[动态重分配] 周期72000001：切片3写回完成，自动绑定到域3
[切片管理] 成功绑定切片3 → 安全域3，触发【路扩展模式】

======================== 切片硬件状态 ========================
切片号 | 所属安全域 | 当前状态    | 路扩展 | LRU touched
------------------------------------------------------------------
  0    |   域2      | 正常运行   |  否   |  71999878
  1    |   域3      | 正常运行   |  是   |  72000001
  2    |   域0      | 正常运行   |  否   |  72000001
  3    |   域3      | 正常运行   |  是   |  72000001
==================================================================


======================== 切片硬件状态 ========================
切片号 | 所属安全域 | 当前状态    | 路扩展 | LRU touched
------------------------------------------------------------------
  0    |   域2      | 正常运行   |  否   |  72500000
  1    |   域3      | 正常运行   |  是   |  72499993
  2    |   域0      | 正常运行   |  否   |  72499999
  3    |   域3      | 正常运行   |  是   |  72499967
==================================================================

[动态重分配] 周期72500000：预约迁移 冗余域3(0%) -> 切片1 -> 饥饿域2(22%)
[切片剥夺] 周期72500000：切片1（所属域3）进入待剥夺状态，禁止新替换
[切片剥夺] 周期72500000：切片1在途请求已清空，开始执行脏行写回
[切片剥夺] 周期72500000：切片1无脏行，直接完成剥夺
[切片管理] 周期72500001：原域3仅剩1个切片，关闭路扩展模式
[动态重分配] 周期72500001：切片1写回完成，自动绑定到域2
[切片管理] 成功绑定切片1 → 安全域2，触发【路扩展模式】

======================== 切片硬件状态 ========================
切片号 | 所属安全域 | 当前状态    | 路扩展 | LRU touched
------------------------------------------------------------------
  0    |   域2      | 正常运行   |  是   |  72500000
  1    |   域2      | 正常运行   |  是   |  72500001
  2    |   域0      | 正常运行   |  否   |  72499999
  3    |   域3      | 正常运行   |  否   |  72499967
==================================================================


======================== 切片硬件状态 ========================
切片号 | 所属安全域 | 当前状态    | 路扩展 | LRU touched
------------------------------------------------------------------
  0    |   域2      | 正常运行   |  是   |  79499993
  1    |   域2      | 正常运行   |  是   |  79499964
  2    |   域0      | 正常运行   |  否   |  79499999
  3    |   域3      | 正常运行   |  否   |  79499978
==================================================================

[动态重分配] 周期79500000：预约迁移 冗余域2(0%) -> 切片0 -> 饥饿域3(9%)
[切片剥夺] 周期79500000：切片0（所属域2）进入待剥夺状态，禁止新替换
[切片剥夺] 周期79500000：切片0在途请求已清空，开始执行脏行写回
[切片剥夺] 周期79500000：切片0无脏行，直接完成剥夺
[切片管理] 周期79500001：原域2仅剩1个切片，关闭路扩展模式
[动态重分配] 周期79500001：切片0写回完成，自动绑定到域3
[切片管理] 成功绑定切片0 → 安全域3，触发【路扩展模式】

======================== 切片硬件状态 ========================
切片号 | 所属安全域 | 当前状态    | 路扩展 | LRU touched
------------------------------------------------------------------
  0    |   域3      | 正常运行   |  是   |  79500001
  1    |   域2      | 正常运行   |  否   |  79499964
  2    |   域0      | 正常运行   |  否   |  79499999
  3    |   域3      | 正常运行   |  是   |  79499978
==================================================================


======================== 切片硬件状态 ================= dgels_=======
切片号 | 所属安全域 | 当前状态    | 路扩展 | LRU touched
------------------------------------------------------------------
  0    |   域3      | 正常运行   |  是   |  79999997
  1    |   域2      | 正常运行   |  否   |  79999993
  2    |   域0      | 正常运行   |  否   |  79999991
  3    |   域3      | 正常运行   |  是   |  79999998
==================================================================

[动态重分配] 周期80000000：预约迁移 冗余域3(0%) -> 切片3 -> 饥饿域2(21%)
[切片剥夺] 周期80000000：切片3（所属域3）进入待剥夺状态，禁止新替换
[切片剥夺] 周期80000000：切片3在途请求已清空，开始执行脏行写回
[切片剥夺] 周期80000000：切片3无脏行，直接完成剥夺
[切片管理] 周期80000001：原域3仅剩1个切片，关闭路扩展模式
[动态重分配] 周期80000001：切片3写回完成，自动绑定到域2
[切片管理] 成功绑定切片3 → 安全域2，触发【路扩展模式】

======================== 切片硬件状态 ========================
切片号 | 所属安全域 | 当前状态    | 路扩展 | LRU touched
------------------------------------------------------------------
  0    |   域3      | 正常运行   |  否   |  79999997
  1    |   域2      | 正常运行   |  是   |  79999993
  2    |   域0      | 正常运行   |  否   |  79999991
  3    |   域2      | 正常运行   |  是   |  80000001
==================================================================


======================== 切片硬件状态 ========================
切片号 | 所属安全域 | 当前状态    | 路扩展 | LRU touched
------------------------------------------------------------------
  0    |   域3      | 正常运行   |  否   |  97000000
  1    |   域2      | 正常运行   |  是   |  96999987
  2    |   域0      | 正常运行   |  否   |  97000000
  3    |   域2      | 正常运行   |  是   |  96999958
==================================================================

[动态重分配] 周期97000000：预约迁移 冗余域2(0%) -> 切片1 -> 饥饿域0(7%)
[切片剥夺] 周期97000000：切片1（所属域2）进入待剥夺状态，禁止新替换
[切片剥夺] 周期97000000：切片1在途请求已清空，开始执行脏行写回
[切片剥夺] 周期97000000：切片1无脏行，直接完成剥夺
[切片管理] 周期97000001：原域2仅剩1个切片，关闭路扩展模式
[动态重分配] 周期97000001：切片1写回完成，自动绑定到域0
[切片管理] 成功绑定切片1 → 安全域0，触发【路扩展模式】

======================== 切片硬件状态 ========================
切片号 | 所属安全域 | 当前状态    | 路扩展 | LRU touched
------------------------------------------------------------------
  0    |   域3      | 正常运行   |  否   |  97000000
  1    |   域0      | 正常运行   |  是   |  97000001
  2    |   域0      | 正常运行   |  是   |  97000000
  3    |   域2      | 正常运行   |  否   |  97000001
==================================================================


======================== 切片硬件状态 ========================
切片号 | 所属安全域 | 当前状态    | 路扩展 | LRU touched
------------------------------------------------------------------
  0    |   域3      | 正常运行   |  否   |  97499997
  1    |   域0      | 正常运行   |  是   |  97499997
  2    |   域0      | 正常运行   |  是   |  97499995
  3    |   域2      | 正常运行   |  否   |  97499987
==================================================================

[动态重分配] 周期97500000：预约迁移 冗余域0(5%) -> 切片2 -> 饥饿域2(22%)
[切片剥夺] 周期97500000：切片2（所属域0）进入待剥夺状态，禁止新替换
[切片剥夺] 周期97500056：切片2在途请求已清空，开始执行脏行写回
[切片管理] 周期97500319：原域0仅剩1个切片，关闭路扩展模式
[动态重分配] 周期97500319：切片2写回完成，自动绑定到域2
[切片管理] 成功绑定切片2 → 安全域2，触发【路扩展模式】

======================== 切片硬件状态 ========================
切片号 | 所属安全域 | 当前状态    | 路扩展 | LRU touched
------------------------------------------------------------------
  0    |   域3      | 正常运行   |  否   |  97500062
  1    |   域0      | 正常运行   |  否   |  97500105
  2    |   域2      | 正常运行   |  是   |  97500319
  3    |   域2      | 正常运行   |  是   |  97500056
==================================================================


======================== 切片硬件状态 ========================
切片号 | 所属安全域 | 当前状态    | 路扩展 | LRU touched
------------------------------------------------------------------
  0    |   域3      | 正常运行   |  否   |  98499999
  1    |   域0      | 正常运行   |  否   |  98499995
  2    |   域2      | 正常运行   |  是   |  98499986
  3    |   域2      | 正常运行   |  是   |  98499994
==================================================================

[动态重分配] 周期98500000：预约迁移 冗余域2(0%) -> 切片3 -> 饥饿域0(9%)
[切片剥夺] 周期98500000：切片3（所属域2）进入待剥夺状态，禁止新替换
[切片剥夺] 周期98500000：切片3在途请求已清空，开始执行脏行写回
[切片剥夺] 周期98500000：切片3无脏行，直接完成剥夺
[切片管理] 周期98500001：原域2仅剩1个切片，关闭路扩展模式
[动态重分配] 周期98500001：切片3写回完成，自动绑定到域0
[切片管理] 成功绑定切片3 → 安全域0，触发【路扩展模式】

======================== 切片硬件状态 ========================
切片号 | 所属安全域 | 当前状态    | 路扩展 | LRU touched
------------------------------------------------------------------
  0    |   域3      | 正常运行   |  否   |  98499999
  1    |   域0      | 正常运行   |  是   |  98499995
  2    |   域2      | 正常运行   |  否   |  98499986
  3    |   域0      | 正常运行   |  是   |  98500001
==================================================================


======================== 切片硬件状态 ========================
切片号 | 所属安全域 | 当前状态    | 路扩展 | LRU touched
------------------------------------------------------------------
  0    |   域3      | 正常运行   |  否   |  99999997
  1    |   域0      | 正常运行   |  是   |  99999998
  2    |   域2      | 正常运行   |  否   |  99999995
  3    |   域0      | 正常运行   |  是   |  99999980
==================================================================

[动态重分配] 周期100000000：预约迁移 冗余域0(2%) -> 切片1 -> 饥饿域2(22%)
[切片剥夺] 周期100000000：切片1（所属域0）进入待剥夺状态，禁止新替换
[切片剥夺] 周期100000000：切片1在途请求已清空，开始执行脏行写回
[切片管理] 周期100000550：原域0仅剩1个切片，关闭路扩展模式
[动态重分配] 周期100000550：切片1写回完成，自动绑定到域2
[切片管理] 成功绑定切片1 → 安全域2，触发【路扩展模式】

======================== 切片硬件状态 ========================
切片号 | 所属安全域 | 当前状态    | 路扩展 | LRU touched
------------------------------------------------------------------
  0    |   域3      | 正常运行   |  否   |  100000533
  1    |   域2      | 正常运行   |  是   |  100000550
  2    |   域2      | 正常运行   |  是   |  100000544
  3    |   域0      | 正常运行   |  否   |  100000549
==================================================================


**** Debug Statistics at 101000000 Cycles *****
Threads: 4		Fetch Width: 8
No of useful instructions fetched:	448421151 (55.50% proc util.)
No of total instructions fetched:	545717706 (67.54% proc util.)
 includes 15765802 misfetch (2.9%), 81530753 (14.9%) wrong-path fetches
 and 0 flushed after failed lock(0.0%)
No of useful instructions issued/executed:	448421126 (55.50% proc util.)
No of total instructions issued/executed:	484177214 (59.92% proc util.)
 includes 35756088 wrong-path (7.4%) insts and 0 flushed (0.0%)
	fp 5949, 0.00%
	synch 0, 0.00%
	integer 404025191, 83.45%
	load/store 80146074, 16.55%
Avg size of int IQ (before scheduling): 34.73
Avg size of fp IQ (before scheduling): 0.00
No of cycles taken:		101000000
Parallelism [ 1.257, 0.000, 1.568, 1.615,] = 4.440
 IQ conflicts: 341869 (0.34%), FQ conflicts: 0 (0.00%) 
 I reg conflicts: 21530849 (21.32%), FP reg conflicts: 0 (0.00%)
  Activelist confs: 189 (0.00%), ROB confs: 30959 (0.03%)
  Int unit conflicts: 188034489 (186.17%), FP unit conflicts: 6 (0.00%)
  Load/store unit conflicts: 6384026 (6.32%)
  MSHR conflicts: 2819325 (2.79%)
----------------------------------------
==== System-wide Cache Statistics ====
Stall for miss queue full 35 cycles (0.00%)
----------------------------------------
==== Statistics for Master ID: 0 ====
Reads: 100761804   Writes: 17795205
ICACHE: size: 64 KB assoc: 2
ICACHE: hits:55801797 misses:698791  Hit Ratio: 98.76%
DCACHE: size: 1*16 KB assoc: 1*4
DCACHE: hits:60519104 misses:1537584 writebacks:442571  Hit Ratio: 97.52%
SCACHE: size: 512 KB assoc: 2
SCACHE: hits:1958421 misses:277687  Hit Ratio: 87.58%
3CACHE: size: 4096 KB assoc: 2
3CACHE: hits:209044 misses:68643  Hit Ratio: 75.28%
3CACHE: dirty items replaced:4112
ITLB: size: 48, misses 38961, miss rate 0.07%
DTLB: size: 128, misses 36045, miss rate 0.06%
Avg mem delay: 1.051 cycles
----------------------------------------
==== Statistics for Master ID: 2 ====
Reads: 57559491   Writes: 36
ICACHE: size: 64 KB assoc: 2
ICACHE: hits:48117115 misses:172  Hit Ratio: 100.00%
DCACHE: size: 2*16 KB assoc: 2*4
DCACHE: hits:9103733 misses:338508 writebacks:14  Hit Ratio: 96.41%
SCACHE: size: 512 KB assoc: 2
SCACHE: hits:313134 misses:25545  Hit Ratio: 92.46%
3CACHE: size: 4096 KB assoc: 2
3CACHE: hits:24615 misses:930  Hit Ratio: 96.36%
3CACHE: dirty items replaced:0
ITLB: size: 48, misses 4, miss rate 0.00%
DTLB: size: 128, misses 277, miss rate 0.00%
Avg mem delay: 1.051 cycles
----------------------------------------
==== Statistics for Master ID: 3 ====
Reads: 57451224   Writes: 5128
ICACHE: size: 64 KB assoc: 2
ICACHE: hits:48994397 misses:272  Hit Ratio: 100.00%
DCACHE: size: 1*16 KB assoc: 1*4
DCACHE: hits:7740919 misses:720763 writebacks:323  Hit Ratio: 91.48%
SCACHE: size: 512 KB assoc: 2
SCACHE: hits:701947 misses:19088  Hit Ratio: 97.35%
3CACHE: size: 4096 KB assoc: 2
3CACHE: hits:18729 misses:359  Hit Ratio: 98.12%
3CACHE: dirty items replaced:0
ITLB: size: 48, misses 1, miss rate 0.00%
DTLB: size: 128, misses 311, miss rate 0.00%
Avg mem delay: 1.051 cycles
----------------------------------------
==== Global Resource Utilization ====
STASH: size: 65536 entries, full 555512725, empty 13989449, misses 1237621, full rate 97.33
icache bank util. 0.425 0.292 0.144 0.074 0.076 0.072 0.136 0.322 
dcache bank util. 0.093 0.101 0.112 0.114 0.096 0.136 0.135 0.095 
L2 bank util. 0.024 0.024 0.024 0.024 0.024 0.022 0.024 0.023 
L1-L2 bus util. = 0.111, L3 util. = 0.007
----------------------------------------

======================== 切片硬件状态 ========================
切片号 | 所属安全域 | 当前状态    | 路扩展 | LRU touched
------------------------------------------------------------------
  0    |   域3      | 正常运行   |  否   |  100999992
  1    |   域2      | 正常运行   |  是   |  100999989
  2    |   域2      | 正常运行   |  是   |  100999998
  3    |   域0      | 正常运行   |  否   |  100999997
==================================================================

branch prediction, hits = 33223404, misses = 2944449, hit rate = 91.86%
return_stack prediction, hits = 1705844, misses = 2192, hit rate = 99.87%
jump prediction, hits = 39626015, misses = 3674718, hit rate = 91.51%

======================== 切片硬件状态 ========================
切片号 | 所属安全域 | 当前状态    | 路扩展 | LRU touched
------------------------------------------------------------------
  0    |   域3      | 正常运行   |  否   |  135499987
  1    |   域2      | 正常运行   |  是   |  135499980
  2    |   域2      | 正常运行   |  是   |  135499993
  3    |   域0      | 正常运行   |  否   |  135500000
==================================================================

[动态重分配] 周期135500000：预约迁移 冗余域2(0%) -> 切片2 -> 饥饿域0(7%)
[切片剥夺] 周期135500000：切片2（所属域2）进入待剥夺状态，禁止新替换
[切片剥夺] 周期135500000：切片2在途请求已清空，开始执行脏行写回
[切片剥夺] 周期135500000：切片2无脏行，直接完成剥夺
[切片管理] 周期135500001：原域2仅剩1个切片，关闭路扩展模式
[动态重分配] 周期135500001：切片2写回完成，自动绑定到域0
[切片管理] 成功绑定切片2 → 安全域0，触发【路扩展模式】

======================== 切片硬件状态 ========================
切片号 | 所属安全域 | 当前状态    | 路扩展 | LRU touched
------------------------------------------------------------------
  0    |   域3      | 正常运行   |  否   |  135499987
  1    |   域2      | 正常运行   |  否   |  135499980
  2    |   域0      | 正常运行   |  是   |  135500001
  3    |   域0      | 正常运行   |  是   |  135500000
==================================================================


======================== 切片硬件状态 ========================
切片号 | 所属安全域 | 当前状态    | 路扩展 | LRU touched
------------------------------------------------------------------
  0    |   域3      | 正常运行   |  否   |  135999992
  1    |   域2      | 正常运行   |  否   |  135999994
  2    |   域0      | 正常运行   |  是   |  135999992
  3    |   域0      | 正常运行   |  是   |  136000000
==================================================================

[动态重分配] 周期136000000：预约迁移 冗余域0(3%) -> 切片3 -> 饥饿域2(22%)
[切片剥夺] 周期136000000：切片3（所属域0）进入待剥夺状态，禁止新替换
[切片剥夺] 周期136000000：切片3在途请求已清空，开始执行脏行写回
[切片管理] 周期136004335：原域0仅剩1个切片，关闭路扩展模式
[动态重分配] 周期136004335：切片3写回完成，自动绑定到域2
[切片管理] 成功绑定切片3 → 安全域2，触发【路扩展模式】

======================== 切片硬件状态 ========================
切片号 | 所属安全域 | 当前状态    | 路扩展 | LRU touched
------------------------------------------------------------------
  0    |   域3      | 正常运行   |  否   |  136004317
  1    |   域2      | 正常运行   |  是   |  136004335
  2    |   域0      | 正常运行   |  否   |  136004334
  3    |   域2      | 正常运行   |  是   |  136004335
==================================================================


======================== 切片硬件状态 ========================
切片号 | 所属安全域 | 当前状态    | 路扩展 | LRU touched
------------------------------------------------------------------
  0    |   域3      | 正常运行   |  否   |  163500000
  1    |   域2      | 正常运行   |  是   |  163499992
  2    |   域0      | 正常运行   |  否   |  163499965
  3    |   域2      | 正常运行   |  是   |  163500000
==================================================================

[动态重分配] 周期163500000：预约迁移 冗余域2(0%) -> 切片1 -> 饥饿域0(7%)
[切片剥夺] 周期163500000：切片1（所属域2）进入待剥夺状态，禁止新替换
[切片剥夺] 周期163500000：切片1在途请求已清空，开始执行脏行写回
[切片剥夺] 周期163500000：切片1无脏行，直接完成剥夺
[切片管理] 周期163500001：原域2仅剩1个切片，关闭路扩展模式
[动态重分配] 周期163500001：切片1写回完成，自动绑定到域0
[切片管理] 成功绑定切片1 → 安全域0，触发【路扩展模式】

======================== 切片硬件状态 ========================
切片号 | 所属安全域 | 当前状态    | 路扩展 | LRU touched
------------------------------------------------------------------
  0    |   域3      | 正常运行   |  否   |  163500000
  1    |   域0      | 正常运行   |  是   |  163500001
  2    |   域0      | 正常运行   |  是   |  163499965
  3    |   域2      | 正常运行   |  否   |  163500000
==================================================================


======================== 切片硬件状态 ========================
切片号 | 所属安全域 | 当前状态    | 路扩展 | LRU touched
------------------------------------------------------------------
  0    |   域3      | 正常运行   |  否   |  163999984
  1    |   域0      | 正常运行   |  是   |  163999949
  2    |   域0      | 正常运行   |  是   |  163999994
  3    |   域2      | 正常运行   |  否   |  163999994
==================================================================

[动态重分配] 周期164000000：预约迁移 冗余域0(9%) -> 切片2 -> 饥饿域2(22%)
[切片剥夺] 周期164000000：切片2（所属域0）进入待剥夺状态，禁止新替换
[切片剥夺] 周期164000536：切片2在途请求已清空，开始执行脏行写回
[切片管理] 周期164008976：原域0仅剩1个切片，关闭路扩展模式
[动态重分配] 周期164008976：切片2写回完成，自动绑定到域2
[切片管理] 成功绑定切片2 → 安全域2，触发【路扩展模式】

======================== 切片硬件状态 ========================
切片号 | 所属安全域 | 当前状态    | 路扩展 | LRU touched
------------------------------------------------------------------
  0    |   域3      | 正常运行   |  否   |  164008972
  1    |   域0      | 正常运行   |  否   |  164008976
  2    |   域2      | 正常运行   |  是   |  164008976
  3    |   域2      | 正常运行   |  是   |  164008975
==================================================================


======================== 切片硬件状态 ========================
切片号 | 所属安全域 | 当前状态    | 路扩展 | LRU touched
------------------------------------------------------------------
  0    |   域3      | 正常运行   |  否   |  164999992
  1    |   域0      | 正常运行   |  否   |  164999996
  2    |   域2      | 正常运行   |  是   |  164999993
  3    |   域2      | 正常运行   |  是   |  164999998
==================================================================

[动态重分配] 周期165000000：预约迁移 冗余域2(0%) -> 切片3 -> 饥饿域3(9%)
[切片剥夺] 周期165000000：切片3（所属域2）进入待剥夺状态，禁止新替换
[切片剥夺] 周期165000000：切片3在途请求已清空，开始执行脏行写回
[切片剥夺] 周期165000000：切片3无脏行，直接完成剥夺
[切片管理] 周期165000001：原域2仅剩1个切片，关闭路扩展模式
[动态重分配] 周期165000001：切片3写回完成，自动绑定到域3
[切片管理] 成功绑定切片3 → 安全域3，触发【路扩展模式】

======================== 切片硬件状态 ========================
切片号 | 所属安全域 | 当前状态    | 路扩展 | LRU touched
------------------------------------------------------------------
  0    |   域3      | 正常运行   |  是   |  164999992
  1    |   域0      | 正常运行   |  否   |  165000001
  2    |   域2      | 正常运行   |  否   |  164999993
  3    |   域3      | 正常运行   |  是   |  165000001
==================================================================


======================== 切片硬件状态 ========================
切片号 | 所属安全域 | 当前状态    | 路扩展 | LRU touched
------------------------------------------------------------------
  0    |   域3      | 正常运行   |  是   |  165499994
  1    |   域0      | 正常运行   |  否   |  165500000
  2    |   域2      | 正常运行   |  否   |  165499995
  3    |   域3      | 正常运行   |  是   |  165499984
==================================================================

[动态重分配] 周期165500000：预约迁移 冗余域3(0%) -> 切片0 -> 饥饿域2(21%)
[切片剥夺] 周期165500000：切片0（所属域3）进入待剥夺状态，禁止新替换
[切片剥夺] 周期165500000：切片0在途请求已清空，开始执行脏行写回
[切片剥夺] 周期165500000：切片0无脏行，直接完成剥夺
[切片管理] 周期165500001：原域3仅剩1个切片，关闭路扩展模式
[动态重分配] 周期165500001：切片0写回完成，自动绑定到域2
[切片管理] 成功绑定切片0 → 安全域2，触发【路扩展模式】

======================== 切片硬件状态 ========================
切片号 | 所属安全域 | 当前状态    | 路扩展 | LRU touched
------------------------------------------------------------------
  0    |   域2      | 正常运行   |  是   |  165500001
  1    |   域0      | 正常运行   |  否   |  165500000
  2    |   域2      | 正常运行   |  是   |  165499995
  3    |   域3      | 正常运行   |  否   |  165499984
==================================================================


======================== 切片硬件状态 ========================
切片号 | 所属安全域 | 当前状态    | 路扩展 | LRU touched
------------------------------------------------------------------
  0    |   域2      | 正常运行   |  是   |  166999959
  1    |   域0      | 正常运行   |  否   |  167000000
  2    |   域2      | 正常运行   |  是   |  166999991
  3    |   域3      | 正常运行   |  否   |  166999984
==================================================================

[动态重分配] 周期167000000：预约迁移 冗余域2(0%) -> 切片2 -> 饥饿域3(9%)
[切片剥夺] 周期167000000：切片2（所属域2）进入待剥夺状态，禁止新替换
[切片剥夺] 周期167000000：切片2在途请求已清空，开始执行脏行写回
[切片剥夺] 周期167000000：切片2无脏行，直接完成剥夺
[切片管理] 周期167000001：原域2仅剩1个切片，关闭路扩展模式
[动态重分配] 周期167000001：切片2写回完成，自动绑定到域3
[切片管理] 成功绑定切片2 → 安全域3，触发【路扩展模式】

======================== 切片硬件状态 ========================
切片号 | 所属安全域 | 当前状态    | 路扩展 | LRU touched
------------------------------------------------------------------
  0    |   域2      | 正常运行   |  否   |  167000001
  1    |   域0      | 正常运行   |  否   |  167000000
  2    |   域3      | 正常运行   |  是   |  167000001
  3    |   域3      | 正常运行   |  是   |  166999984
==================================================================


======================== 切片硬件状态 ========================
切片号 | 所属安全域 | 当前状态    | 路扩展 | LRU touched
------------------------------------------------------------------
  0    |   域2      | 正常运行   |  否   |  167999995
  1    |   域0      | 正常运行   |  否   |  167999999
  2    |   域3      | 正常运行   |  是   |  167999842
  3    |   域3      | 正常运行   |  是   |  167999977
==================================================================

[动态重分配] 周期168000000：预约迁移 冗余域3(0%) -> 切片3 -> 饥饿域2(22%)
[切片剥夺] 周期168000000：切片3（所属域3）进入待剥夺状态，禁止新替换
[切片剥夺] 周期168000000：切片3在途请求已清空，开始执行脏行写回
[切片剥夺] 周期168000000：切片3无脏行，直接完成剥夺
[切片管理] 周期168000001：原域3仅剩1个切片，关闭路扩展模式
[动态重分配] 周期168000001：切片3写回完成，自动绑定到域2
[切片管理] 成功绑定切片3 → 安全域2，触发【路扩展模式】

======================== 切片硬件状态 ========================
切片号 | 所属安全域 | 当前状态    | 路扩展 | LRU touched
------------------------------------------------------------------
  0    |   域2      | 正常运行   |  是   |  168000001
  1    |   域0      | 正常运行   |  否   |  168000001
  2    |   域3      | 正常运行   |  否   |  167999842
  3    |   域2      | 正常运行   |  是   |  168000001
==================================================================


======================== 切片硬件状态 ========================
切片号 | 所属安全域 | 当前状态    | 路扩展 | LRU touched
------------------------------------------------------------------
  0    |   域2      | 正常运行   |  是   |  168499992
  1    |   域0      | 正常运行   |  否   |  168499998
  2    |   域3      | 正常运行   |  否   |  168499988
  3    |   域2      | 正常运行   |  是   |  168499985
==================================================================

[动态重分配] 周期168500000：预约迁移 冗余域2(1%) -> 切片0 -> 饥饿域3(9%)
[切片剥夺] 周期168500000：切片0（所属域2）进入待剥夺状态，禁止新替换
[切片剥夺] 周期168500000：切片0在途请求已清空，开始执行脏行写回
[切片剥夺] 周期168500000：切片0无脏行，直接完成剥夺
[切片管理] 周期168500001：原域2仅剩1个切片，关闭路扩展模式
[动态重分配] 周期168500001：切片0写回完成，自动绑定到域3
[切片管理] 成功绑定切片0 → 安全域3，触发【路扩展模式】

======================== 切片硬件状态 ========================
切片号 | 所属安全域 | 当前状态    | 路扩展 | LRU touched
------------------------------------------------------------------
  0    |   域3      | 正常运行   |  是   |  168500001
  1    |   域0      | 正常运行   |  否   |  168499998
  2    |   域3      | 正常运行   |  是   |  168499988
  3    |   域2      | 正常运行   |  否   |  168499985
==================================================================


======================== 切片硬件状态 ========================
切片号 | 所属安全域 | 当前状态    | 路扩展 | LRU touched
------------------------------------------------------------------
  0    |   域3      | 正常运行   |  是   |  169999859
  1    |   域0      | 正常运行   |  否   |  170000000
  2    |   域3      | 正常运行   |  是   |  169999992
  3    |   域2      | 正常运行   |  否   |  169999997
==================================================================

[动态重分配] 周期170000000：预约迁移 冗余域3(0%) -> 切片2 -> 饥饿域2(21%)
[切片剥夺] 周期170000000：切片2（所属域3）进入待剥夺状态，禁止新替换
[切片剥夺] 周期170000000：切片2在途请求已清空，开始执行脏行写回
[切片剥夺] 周期170000000：切片2无脏行，直接完成剥夺
[切片管理] 周期170000001：原域3仅剩1个切片，关闭路扩展模式
[动态重分配] 周期170000001：切片2写回完成，自动绑定到域2
[切片管理] 成功绑定切片2 → 安全域2，触发【路扩展模式】

======================== 切片硬件状态 ========================
切片号 | 所属安全域 | 当前状态    | 路扩展 | LRU touched
------------------------------------------------------------------
  0    |   域3      | 正常运行   |  否   |  169999859
  1    |   域0      | 正常运行   |  否   |  170000000
  2    |   域2      | 正常运行   |  是   |  170000001
  3    |   域2      | 正常运行   |  是   |  169999997
==================================================================


======================== 切片硬件状态 ========================
切片号 | 所属安全域 | 当前状态    | 路扩展 | LRU touched
------------------------------------------------------------------
  0    |   域3      | 正常运行   |  否   |  170999998
  1    |   域0      | 正常运行   |  否   |  171000000
  2    |   域2      | 正常运行   |  是   |  170999985
  3    |   域2      | 正常运行   |  是   |  170999995
==================================================================

[动态重分配] 周期171000000：预约迁移 冗余域2(0%) -> 切片3 -> 饥饿域3(9%)
[切片剥夺] 周期171000000：切片3（所属域2）进入待剥夺状态，禁止新替换
[切片剥夺] 周期171000000：切片3在途请求已清空，开始执行脏行写回
[切片剥夺] 周期171000000：切片3无脏行，直接完成剥夺
[切片管理] 周期171000001：原域2仅剩1个切片，关闭路扩展模式
[动态重分配] 周期171000001：切片3写回完成，自动绑定到域3
[切片管理] 成功绑定切片3 → 安全域3，触发【路扩展模式】

======================== 切片硬件状态 ========================
切片号 | 所属安全域 | 当前状态    | 路扩展 | LRU touched
------------------------------------------------------------------
  0    |   域3      | 正常运行   |  是   |  170999998
  1    |   域0      | 正常运行   |  否   |  171000001
  2    |   域2      | 正常运行   |  否   |  170999985
  3    |   域3      | 正常运行   |  是   |  171000001
==================================================================


======================== 切片硬件状态 ========================
切片号 | 所属安全域 | 当前状态    | 路扩展 | LRU touched
------------------------------------------------------------------
  0    |   域3      | 正常运行   |  是   |  171499983
  1    |   域0      | 正常运行   |  否   |  171500000
  2    |   域2      | 正常运行   |  否   |  171499995
  3    |   域3      | 正常运行   |  是   |  171499944
==================================================================

[动态重分配] 周期171500000：预约迁移 冗余域3(0%) -> 切片0 -> 饥饿域2(22%)
[切片剥夺] 周期171500000：切片0（所属域3）进入待剥夺状态，禁止新替换
[切片剥夺] 周期171500000：切片0在途请求已清空，开始执行脏行写回
[切片剥夺] 周期171500000：切片0无脏行，直接完成剥夺
[切片管理] 周期171500001：原域3仅剩1个切片，关闭路扩展模式
[动态重分配] 周期171500001：切片0写回完成，自动绑定到域2
[切片管理] 成功绑定切片0 → 安全域2，触发【路扩展模式】

======================== 切片硬件状态 ========================
切片号 | 所属安全域 | 当前状态    | 路扩展 | LRU touched
------------------------------------------------------------------
  0    |   域2      | 正常运行   |  是   |  171500001
  1    |   域0      | 正常运行   |  否   |  171500000
  2    |   域2      | 正常运行   |  是   |  171499995
  3    |   域3      | 正常运行   |  否   |  171500001
==================================================================


======================== 切片硬件状态 ========================
切片号 | 所属安全域 | 当前状态    | 路扩展 | LRU touched
------------------------------------------------------------------
  0    |   域2      | 正常运行   |  是   |  173999948
  1    |   域0      | 正常运行   |  否   |  173999993
  2    |   域2      | 正常运行   |  是   |  173999997
  3    |   域3      | 正常运行   |  否   |  173999999
==================================================================

[动态重分配] 周期174000000：预约迁移 冗余域2(0%) -> 切片2 -> 饥饿域3(9%)
[切片剥夺] 周期174000000：切片2（所属域2）进入待剥夺状态，禁止新替换
[切片剥夺] 周期174000000：切片2在途请求已清空，开始执行脏行写回
[切片剥夺] 周期174000000：切片2无脏行，直接完成剥夺
[切片管理] 周期174000001：原域2仅剩1个切片，关闭路扩展模式
[动态重分配] 周期174000001：切片2写回完成，自动绑定到域3
[切片管理] 成功绑定切片2 → 安全域3，触发【路扩展模式】

======================== 切片硬件状态 ========================
切片号 | 所属安全域 | 当前状态    | 路扩展 | LRU touched
------------------------------------------------------------------
  0    |   域2      | 正常运行   |  否   |  173999948
  1    |   域0      | 正常运行   |  否   |  173999993
  2    |   域3      | 正常运行   |  是   |  174000001
  3    |   域3      | 正常运行   |  是   |  173999999
==================================================================


======================== 切片硬件状态 ========================
切片号 | 所属安全域 | 当前状态    | 路扩展 | LRU touched
------------------------------------------------------------------
  0    |   域2      | 正常运行   |  否   |  174499997
  1    |   域0      | 正常运行   |  否   |  174499999
  2    |   域3      | 正常运行   |  是   |  174499901
  3    |   域3      | 正常运行   |  是   |  174499987
==================================================================

[动态重分配] 周期174500000：预约迁移 冗余域3(0%) -> 切片3 -> 饥饿域2(21%)
[切片剥夺] 周期174500000：切片3（所属域3）进入待剥夺状态，禁止新替换
[切片剥夺] 周期174500000：切片3在途请求已清空，开始执行脏行写回
[切片剥夺] 周期174500000：切片3无脏行，直接完成剥夺
[切片管理] 周期174500001：原域3仅剩1个切片，关闭路扩展模式
[动态重分配] 周期174500001：切片3写回完成，自动绑定到域2
[切片管理] 成功绑定切片3 → 安全域2，触发【路扩展模式】

======================== 切片硬件状态 ========================
切片号 | 所属安全域 | 当前状态    | 路扩展 | LRU touched
------------------------------------------------------------------
  0    |   域2      | 正常运行   |  是   |  174499997
  1    |   域0      | 正常运行   |  否   |  174499999
  2    |   域3      | 正常运行   |  否   |  174499901
  3    |   域2      | 正常运行   |  是   |  174500001
==================================================================


======================== 切片硬件状态 ========================
切片号 | 所属安全域 | 当前状态    | 路扩展 | LRU touched
------------------------------------------------------------------
  0    |   域2      | 正常运行   |  是   |  174999993
  1    |   域0      | 正常运行   |  否   |  174999996
  2    |   域3      | 正常运行   |  否   |  174999997
  3    |   域2      | 正常运行   |  是   |  174999836
==================================================================

[动态重分配] 周期175000000：预约迁移 冗余域2(1%) -> 切片0 -> 饥饿域3(9%)
[切片剥夺] 周期175000000：切片0（所属域2）进入待剥夺状态，禁止新替换
[切片剥夺] 周期175000000：切片0在途请求已清空，开始执行脏行写回
[切片剥夺] 周期175000000：切片0无脏行，直接完成剥夺
[切片管理] 周期175000001：原域2仅剩1个切片，关闭路扩展模式
[动态重分配] 周期175000001：切片0写回完成，自动绑定到域3
[切片管理] 成功绑定切片0 → 安全域3，触发【路扩展模式】

======================== 切片硬件状态 ========================
切片号 | 所属安全域 | 当前状态    | 路扩展 | LRU touched
------------------------------------------------------------------
  0    |   域3      | 正常运行   |  是   |  175000001
  1    |   域0      | 正常运行   |  否   |  175000001
  2    |   域3      | 正常运行   |  是   |  174999997
  3    |   域2      | 正常运行   |  否   |  174999836
==================================================================


======================== 切片硬件状态 ========================
切片号 | 所属安全域 | 当前状态    | 路扩展 | LRU touched
------------------------------------------------------------------
  0    |   域3      | 正常运行   |  是   |  176999523
  1    |   域0      | 正常运行   |  否   |  177000000
  2    |   域3      | 正常运行   |  是   |  176999998
  3    |   域2      | 正常运行   |  否   |  176999992
==================================================================

[动态重分配] 周期177000000：预约迁移 冗余域3(0%) -> 切片2 -> 饥饿域2(22%)
[切片剥夺] 周期177000000：切片2（所属域3）进入待剥夺状态，禁止新替换
[切片剥夺] 周期177000000：切片2在途请求已清空，开始执行脏行写回
[切片剥夺] 周期177000000：切片2无脏行，直接完成剥夺
[切片管理] 周期177000001：原域3仅剩1个切片，关闭路扩展模式
[动态重分配] 周期177000001：切片2写回完成，自动绑定到域2
[切片管理] 成功绑定切片2 → 安全域2，触发【路扩展模式】

======================== 切片硬件状态 ========================
切片号 | 所属安全域 | 当前状态    | 路扩展 | LRU touched
------------------------------------------------------------------
  0    |   域3      | 正常运行   |  否   |  176999523
  1    |   域0      | 正常运行   |  否   |  177000000
  2    |   域2      | 正常运行   |  是   |  177000001
  3    |   域2      | 正常运行   |  是   |  177000001
==================================================================


======================== 切片硬件状态 ========================
切片号 | 所属安全域 | 当前状态    | 路扩展 | LRU touched
------------------------------------------------------------------
  0    |   域3      | 正常运行   |  否   |  177499996
  1    |   域0      | 正常运行   |  否   |  177499986
  2    |   域2      | 正常运行   |  是   |  177499974
  3    |   域2      | 正常运行   |  是   |  177499987
==================================================================

[动态重分配] 周期177500000：预约迁移 冗余域2(1%) -> 切片3 -> 饥饿域3(9%)
[切片剥夺] 周期177500000：切片3（所属域2）进入待剥夺状态，禁止新替换
[切片剥夺] 周期177500000：切片3在途请求已清空，开始执行脏行写回
[切片剥夺] 周期177500000：切片3无脏行，直接完成剥夺
[切片管理] 周期177500001：原域2仅剩1个切片，关闭路扩展模式
[动态重分配] 周期177500001：切片3写回完成，自动绑定到域3
[切片管理] 成功绑定切片3 → 安全域3，触发【路扩展模式】

======================== 切片硬件状态 ========================
切片号 | 所属安全域 | 当前状态    | 路扩展 | LRU touched
------------------------------------------------------------------
  0    |   域3      | 正常运行   |  是   |  177499996
  1    |   域0      | 正常运行   |  否   |  177499986
  2    |   域2      | 正常运行   |  否   |  177499974
  3    |   域3      | 正常运行   |  是   |  177500001
==================================================================


======================== 切片硬件状态 ========================
切片号 | 所属安全域 | 当前状态    | 路扩展 | LRU touched
------------------------------------------------------------------
  0    |   域3      | 正常运行   |  是   |  177999990
  1    |   域0      | 正常运行   |  否   |  177999999
  2    |   域2      | 正常运行   |  否   |  178000000
  3    |   域3      | 正常运行   |  是   |  177999941
==================================================================

[动态重分配] 周期178000000：预约迁移 冗余域3(0%) -> 切片0 -> 饥饿域2(22%)
[切片剥夺] 周期178000000：切片0（所属域3）进入待剥夺状态，禁止新替换
[切片剥夺] 周期178000000：切片0在途请求已清空，开始执行脏行写回
[切片剥夺] 周期178000000：切片0无脏行，直接完成剥夺
[切片管理] 周期178000001：原域3仅剩1个切片，关闭路扩展模式
[动态重分配] 周期178000001：切片0写回完成，自动绑定到域2
[切片管理] 成功绑定切片0 → 安全域2，触发【路扩展模式】

======================== 切片硬件状态 ========================
切片号 | 所属安全域 | 当前状态    | 路扩展 | LRU touched
------------------------------------------------------------------
  0    |   域2      | 正常运行   |  是   |  178000001
  1    |   域0      | 正常运行   |  否   |  177999999
  2    |   域2      | 正常运行   |  是   |  178000000
  3    |   域3      | 正常运行   |  否   |  177999941
==================================================================


======================== 切片硬件状态 ========================
切片号 | 所属安全域 | 当前状态    | 路扩展 | LRU touched
------------------------------------------------------------------
  0    |   域2      | 正常运行   |  是   |  179999915
  1    |   域0      | 正常运行   |  否   |  179999999
  2    |   域2      | 正常运行   |  是   |  179999998
  3    |   域3      | 正常运行   |  否   |  179999995
==================================================================

[动态重分配] 周期180000000：预约迁移 冗余域2(0%) -> 切片2 -> 饥饿域3(9%)
[切片剥夺] 周期180000000：切片2（所属域2）进入待剥夺状态，禁止新替换
[切片剥夺] 周期180000000：切片2在途请求已清空，开始执行脏行写回
[切片剥夺] 周期180000000：切片2无脏行，直接完成剥夺
[切片管理] 周期180000001：原域2仅剩1个切片，关闭路扩展模式
[动态重分配] 周期180000001：切片2写回完成，自动绑定到域3
[切片管理] 成功绑定切片2 → 安全域3，触发【路扩展模式】

======================== 切片硬件状态 ========================
切片号 | 所属安全域 | 当前状态    | 路扩展 | LRU touched
------------------------------------------------------------------
  0    |   域2      | 正常运行   |  否   |  179999915
  1    |   域0      | 正常运行   |  否   |  180000001
  2    |   域3      | 正常运行   |  是   |  180000001
  3    |   域3      | 正常运行   |  是   |  179999995
==================================================================


======================== 切片硬件状态 ========================
切片号 | 所属安全域 | 当前状态    | 路扩展 | LRU touched
------------------------------------------------------------------
  0    |   域2      | 正常运行   |  否   |  180499997
  1    |   域0      | 正常运行   |  否   |  180500000
  2    |   域3      | 正常运行   |  是   |  180499988
  3    |   域3      | 正常运行   |  是   |  180499993
==================================================================

[动态重分配] 周期180500000：预约迁移 冗余域3(0%) -> 切片3 -> 饥饿域2(22%)
[切片剥夺] 周期180500000：切片3（所属域3）进入待剥夺状态，禁止新替换
[切片剥夺] 周期180500000：切片3在途请求已清空，开始执行脏行写回
[切片剥夺] 周期180500000：切片3无脏行，直接完成剥夺
[切片管理] 周期180500001：原域3仅剩1个切片，关闭路扩展模式
[动态重分配] 周期180500001：切片3写回完成，自动绑定到域2
[切片管理] 成功绑定切片3 → 安全域2，触发【路扩展模式】

======================== 切片硬件状态 ========================
切片号 | 所属安全域 | 当前状态    | 路扩展 | LRU touched
------------------------------------------------------------------
  0    |   域2      | 正常运行   |  是   |  180499997
  1    |   域0      | 正常运行   |  否   |  180500001
  2    |   域3      | 正常运行   |  否   |  180499988
  3    |   域2      | 正常运行   |  是   |  180500001
==================================================================


======================== 切片硬件状态 ========================
切片号 | 所属安全域 | 当前状态    | 路扩展 | LRU touched
------------------------------------------------------------------
  0    |   域2      | 正常运行   |  是   |  180999996
  1    |   域0      | 正常运行   |  否   |  181000000
  2    |   域3      | 正常运行   |  否   |  180999991
  3    |   域2      | 正常运行   |  是   |  180999943
==================================================================

[动态重分配] 周期181000000：预约迁移 冗余域2(1%) -> 切片0 -> 饥饿域3(10%)
[切片剥夺] 周期181000000：切片0（所属域2）进入待剥夺状态，禁止新替换
[切片剥夺] 周期181000000：切片0在途请求已清空，开始执行脏行写回
[切片剥夺] 周期181000000：切片0无脏行，直接完成剥夺
[切片管理] 周期181000001：原域2仅剩1个切片，关闭路扩展模式
[动态重分配] 周期181000001：切片0写回完成，自动绑定到域3
[切片管理] 成功绑定切片0 → 安全域3，触发【路扩展模式】

======================== 切片硬件状态 ========================
切片号 | 所属安全域 | 当前状态    | 路扩展 | LRU touched
------------------------------------------------------------------
  0    |   域3      | 正常运行   |  是   |  181000001
  1    |   域0      | 正常运行   |  否   |  181000001
  2    |   域3      | 正常运行   |  是   |  180999991
  3    |   域2      | 正常运行   |  否   |  180999943
==================================================================


======================== 切片硬件状态 ========================
切片号 | 所属安全域 | 当前状态    | 路扩展 | LRU touched
------------------------------------------------------------------
  0    |   域3      | 正常运行   |  是   |  182999910
  1    |   域0      | 正常运行   |  否   |  183000000
  2    |   域3      | 正常运行   |  是   |  182999998
  3    |   域2      | 正常运行   |  否   |  183000000
==================================================================

[动态重分配] 周期183000000：预约迁移 冗余域3(0%) -> 切片2 -> 饥饿域2(21%)
[切片剥夺] 周期183000000：切片2（所属域3）进入待剥夺状态，禁止新替换
[切片剥夺] 周期183000000：切片2在途请求已清空，开始执行脏行写回
[切片剥夺] 周期183000000：切片2无脏行，直接完成剥夺
[切片管理] 周期183000001：原域3仅剩1个切片，关闭路扩展模式
[动态重分配] 周期183000001：切片2写回完成，自动绑定到域2
[切片管理] 成功绑定切片2 → 安全域2，触发【路扩展模式】

======================== 切片硬件状态 ========================
切片号 | 所属安全域 | 当前状态    | 路扩展 | LRU touched
------------------------------------------------------------------
  0    |   域3      | 正常运行   |  否   |  182999910
  1    |   域0      | 正常运行   |  否   |  183000001
  2    |   域2      | 正常运行   |  是   |  183000001
  3    |   域2      | 正常运行   |  是   |  183000000
==================================================================


======================== 切片硬件状态 ========================
切片号 | 所属安全域 | 当前状态    | 路扩展 | LRU touched
------------------------------------------------------------------
  0    |   域3      | 正常运行   |  否   |  183499992
  1    |   域0      | 正常运行   |  否   |  183500000
  2    |   域2      | 正常运行   |  是   |  183499931
  3    |   域2      | 正常运行   |  是   |  183499997
==================================================================

[动态重分配] 周期183500000：预约迁移 冗余域2(1%) -> 切片3 -> 饥饿域3(9%)
[切片剥夺] 周期183500000：切片3（所属域2）进入待剥夺状态，禁止新替换
[切片剥夺] 周期183500000：切片3在途请求已清空，开始执行脏行写回
[切片剥夺] 周期183500000：切片3无脏行，直接完成剥夺
[切片管理] 周期183500001：原域2仅剩1个切片，关闭路扩展模式
[动态重分配] 周期183500001：切片3写回完成，自动绑定到域3
[切片管理] 成功绑定切片3 → 安全域3，触发【路扩展模式】

======================== 切片硬件状态 ========================
切片号 | 所属安全域 | 当前状态    | 路扩展 | LRU touched
------------------------------------------------------------------
  0    |   域3      | 正常运行   |  是   |  183499992
  1    |   域0      | 正常运行   |  否   |  183500000
  2    |   域2      | 正常运行   |  否   |  183499931
  3    |   域3      | 正常运行   |  是   |  183500001
==================================================================


======================== 切片硬件状态 ========================
切片号 | 所属安全域 | 当前状态    | 路扩展 | LRU touched
------------------------------------------------------------------
  0    |   域3      | 正常运行   |  是   |  183999999
  1    |   域0      | 正常运行   |  否   |  183999987
  2    |   域2      | 正常运行   |  否   |  183999990
  3    |   域3      | 正常运行   |  是   |  183999718
==================================================================

[动态重分配] 周期184000000：预约迁移 冗余域3(0%) -> 切片0 -> 饥饿域2(22%)
[切片剥夺] 周期184000000：切片0（所属域3）进入待剥夺状态，禁止新替换
[切片剥夺] 周期184000000：切片0在途请求已清空，开始执行脏行写回
[切片剥夺] 周期184000000：切片0无脏行，直接完成剥夺
[切片管理] 周期184000001：原域3仅剩1个切片，关闭路扩展模式
[动态重分配] 周期184000001：切片0写回完成，自动绑定到域2
[切片管理] 成功绑定切片0 → 安全域2，触发【路扩展模式】

======================== 切片硬件状态 ========================
切片号 | 所属安全域 | 当前状态    | 路扩展 | LRU touched
------------------------------------------------------------------
  0    |   域2      | 正常运行   |  是   |  184000001
  1    |   域0      | 正常运行   |  否   |  183999987
  2    |   域2      | 正常运行   |  是   |  183999990
  3    |   域3      | 正常运行   |  否   |  183999718
==================================================================


======================== 切片硬件状态 ========================
切片号 | 所属安全域 | 当前状态    | 路扩展 | LRU touched
------------------------------------------------------------------
  0    |   域2      | 正常运行   |  是   |  185999977
  1    |   域0      | 正常运行   |  否   |  186000000
  2    |   域2      | 正常运行   |  是   |  185999994
  3    |   域3      | 正常运行   |  否   |  185999991
==================================================================

[动态重分配] 周期186000000：预约迁移 冗余域2(0%) -> 切片2 -> 饥饿域3(9%)
[切片剥夺] 周期186000000：切片2（所属域2）进入待剥夺状态，禁止新替换
[切片剥夺] 周期186000000：切片2在途请求已清空，开始执行脏行写回
[切片剥夺] 周期186000000：切片2无脏行，直接完成剥夺
[切片管理] 周期186000001：原域2仅剩1个切片，关闭路扩展模式
[动态重分配] 周期186000001：切片2写回完成，自动绑定到域3
[切片管理] 成功绑定切片2 → 安全域3，触发【路扩展模式】

======================== 切片硬件状态 ========================
切片号 | 所属安全域 | 当前状态    | 路扩展 | LRU touched
------------------------------------------------------------------
  0    |   域2      | 正常运行   |  否   |  185999977
  1    |   域0      | 正常运行   |  否   |  186000001
  2    |   域3      | 正常运行   |  是   |  186000001
  3    |   域3      | 正常运行   |  是   |  185999991
==================================================================


======================== 切片硬件状态 ========================
切片号 | 所属安全域 | 当前状态    | 路扩展 | LRU touched
------------------------------------------------------------------
  0    |   域2      | 正常运行   |  否   |  186499999
  1    |   域0      | 正常运行   |  否   |  186499999
  2    |   域3      | 正常运行   |  是   |  186499894
  3    |   域3      | 正常运行   |  是   |  186499994
==================================================================

[动态重分配] 周期186500000：预约迁移 冗余域3(0%) -> 切片3 -> 饥饿域2(22%)
[切片剥夺] 周期186500000：切片3（所属域3）进入待剥夺状态，禁止新替换
[切片剥夺] 周期186500000：切片3在途请求已清空，开始执行脏行写回
[切片剥夺] 周期186500000：切片3无脏行，直接完成剥夺
[切片管理] 周期186500001：原域3仅剩1个切片，关闭路扩展模式
[动态重分配] 周期186500001：切片3写回完成，自动绑定到域2
[切片管理] 成功绑定切片3 → 安全域2，触发【路扩展模式】

======================== 切片硬件状态 ========================
切片号 | 所属安全域 | 当前状态    | 路扩展 | LRU touched
------------------------------------------------------------------
  0    |   域2      | 正常运行   |  是   |  186499999
  1    |   域0      | 正常运行   |  否   |  186499999
  2    |   域3      | 正常运行   |  否   |  186499894
  3    |   域2      | 正常运行   |  是   |  186500001
==================================================================


======================== 切片硬件状态 ========================
切片号 | 所属安全域 | 当前状态    | 路扩展 | LRU touched
------------------------------------------------------------------
  0    |   域2      | 正常运行   |  是   |  194999991
  1    |   域0      | 正常运行   |  否   |  195000000
  2    |   域3      | 正常运行   |  否   |  194999986
  3    |   域2      | 正常运行   |  是   |  194999942
==================================================================

[动态重分配] 周期195000000：预约迁移 冗余域2(0%) -> 切片0 -> 饥饿域3(9%)
[切片剥夺] 周期195000000：切片0（所属域2）进入待剥夺状态，禁止新替换
[切片剥夺] 周期195000000：切片0在途请求已清空，开始执行脏行写回
[切片剥夺] 周期195000000：切片0无脏行，直接完成剥夺
[切片管理] 周期195000001：原域2仅剩1个切片，关闭路扩展模式
[动态重分配] 周期195000001：切片0写回完成，自动绑定到域3
[切片管理] 成功绑定切片0 → 安全域3，触发【路扩展模式】

======================== 切片硬件状态 ========================
切片号 | 所属安全域 | 当前状态    | 路扩展 | LRU touched
------------------------------------------------------------------
  0    |   域3      | 正常运行   |  是   |  195000001
  1    |   域0      | 正常运行   |  否   |  195000000
  2    |   域3      | 正常运行   |  是   |  194999986
  3    |   域2      | 正常运行   |  否   |  194999942
==================================================================


======================== 切片硬件状态 ========================
切片号 | 所属安全域 | 当前状态    | 路扩展 | LRU touched
------------------------------------------------------------------
  0    |   域3      | 正常运行   |  是   |  195499979
  1    |   域0      | 正常运行   |  否   |  195499999
  2    |   域3      | 正常运行   |  是   |  195499973
  3    |   域2      | 正常运行   |  否   |  195499989
==================================================================

[动态重分配] 周期195500000：预约迁移 冗余域3(0%) -> 切片2 -> 饥饿域2(21%)
[切片剥夺] 周期195500000：切片2（所属域3）进入待剥夺状态，禁止新替换
[切片剥夺] 周期195500000：切片2在途请求已清空，开始执行脏行写回
[切片剥夺] 周期195500000：切片2无脏行，直接完成剥夺
[切片管理] 周期195500001：原域3仅剩1个切片，关闭路扩展模式
[动态重分配] 周期195500001：切片2写回完成，自动绑定到域2
[切片管理] 成功绑定切片2 → 安全域2，触发【路扩展模式】

======================== 切片硬件状态 ========================
切片号 | 所属安全域 | 当前状态    | 路扩展 | LRU touched
------------------------------------------------------------------
  0    |   域3      | 正常运行   |  否   |  195500001
  1    |   域0      | 正常运行   |  否   |  195499999
  2    |   域2      | 正常运行   |  是   |  195500001
  3    |   域2      | 正常运行   |  是   |  195500001
==================================================================


======================== 切片硬件状态 ========================
切片号 | 所属安全域 | 当前状态    | 路扩展 | LRU touched
------------------------------------------------------------------
  0    |   域3      | 正常运行   |  否   |  195999991
  1    |   域0      | 正常运行   |  否   |  196000000
  2    |   域2      | 正常运行   |  是   |  196000000
  3    |   域2      | 正常运行   |  是   |  195999986
==================================================================

[动态重分配] 周期196000000：预约迁移 冗余域2(1%) -> 切片3 -> 饥饿域3(9%)
[切片剥夺] 周期196000000：切片3（所属域2）进入待剥夺状态，禁止新替换
[切片剥夺] 周期196000000：切片3在途请求已清空，开始执行脏行写回
[切片剥夺] 周期196000000：切片3无脏行，直接完成剥夺
[切片管理] 周期196000001：原域2仅剩1个切片，关闭路扩展模式
[动态重分配] 周期196000001：切片3写回完成，自动绑定到域3
[切片管理] 成功绑定切片3 → 安全域3，触发【路扩展模式】

======================== 切片硬件状态 ========================
切片号 | 所属安全域 | 当前状态    | 路扩展 | LRU touched
------------------------------------------------------------------
  0    |   域3      | 正常运行   |  是   |  195999991
  1    |   域0      | 正常运行   |  否   |  196000000
  2    |   域2      | 正常运行   |  否   |  196000000
  3    |   域3      | 正常运行   |  是   |  196000001
==================================================================


======================== 切片硬件状态 ========================
切片号 | 所属安全域 | 当前状态    | 路扩展 | LRU touched
------------------------------------------------------------------
  0    |   域3      | 正常运行   |  是   |  197999993
  1    |   域0      | 正常运行   |  否   |  197999998
  2    |   域2      | 正常运行   |  否   |  197999999
  3    |   域3      | 正常运行   |  是   |  197999933
==================================================================

[动态重分配] 周期198000000：预约迁移 冗余域3(0%) -> 切片0 -> 饥饿域2(22%)
[切片剥夺] 周期198000000：切片0（所属域3）进入待剥夺状态，禁止新替换
[切片剥夺] 周期198000000：切片0在途请求已清空，开始执行脏行写回
[切片剥夺] 周期198000000：切片0无脏行，直接完成剥夺
[切片管理] 周期198000001：原域3仅剩1个切片，关闭路扩展模式
[动态重分配] 周期198000001：切片0写回完成，自动绑定到域2
[切片管理] 成功绑定切片0 → 安全域2，触发【路扩展模式】

======================== 切片硬件状态 ========================
切片号 | 所属安全域 | 当前状态    | 路扩展 | LRU touched
------------------------------------------------------------------
  0    |   域2      | 正常运行   |  是   |  198000001
  1    |   域0      | 正常运行   |  否   |  197999998
  2    |   域2      | 正常运行   |  是   |  197999999
  3    |   域3      | 正常运行   |  否   |  197999933
==================================================================


======================== 切片硬件状态 ========================
切片号 | 所属安全域 | 当前状态    | 路扩展 | LRU touched
------------------------------------------------------------------
  0    |   域2      | 正常运行   |  是   |  198999899
  1    |   域0      | 正常运行   |  否   |  199000000
  2    |   域2      | 正常运行   |  是   |  198999994
  3    |   域3      | 正常运行   |  否   |  198999994
==================================================================

[动态重分配] 周期199000000：预约迁移 冗余域2(0%) -> 切片2 -> 饥饿域3(9%)
[切片剥夺] 周期199000000：切片2（所属域2）进入待剥夺状态，禁止新替换
[切片剥夺] 周期199000000：切片2在途请求已清空，开始执行脏行写回
[切片剥夺] 周期199000000：切片2无脏行，直接完成剥夺
[切片管理] 周期199000001：原域2仅剩1个切片，关闭路扩展模式
[动态重分配] 周期199000001：切片2写回完成，自动绑定到域3
[切片管理] 成功绑定切片2 → 安全域3，触发【路扩展模式】

======================== 切片硬件状态 ========================
切片号 | 所属安全域 | 当前状态    | 路扩展 | LRU touched
------------------------------------------------------------------
  0    |   域2      | 正常运行   |  否   |  198999899
  1    |   域0      | 正常运行   |  否   |  199000001
  2    |   域3      | 正常运行   |  是   |  199000001
  3    |   域3      | 正常运行   |  是   |  199000001
==================================================================


======================== 切片硬件状态 ========================
切片号 | 所属安全域 | 当前状态    | 路扩展 | LRU touched
------------------------------------------------------------------
  0    |   域2      | 正常运行   |  否   |  199499997
  1    |   域0      | 正常运行   |  否   |  199500000
  2    |   域3      | 正常运行   |  是   |  199499978
  3    |   域3      | 正常运行   |  是   |  199499993
==================================================================

[动态重分配] 周期199500000：预约迁移 冗余域3(0%) -> 切片3 -> 饥饿域2(22%)
[切片剥夺] 周期199500000：切片3（所属域3）进入待剥夺状态，禁止新替换
[切片剥夺] 周期199500000：切片3在途请求已清空，开始执行脏行写回
[切片剥夺] 周期199500000：切片3无脏行，直接完成剥夺
[切片管理] 周期199500001：原域3仅剩1个切片，关闭路扩展模式
[动态重分配] 周期199500001：切片3写回完成，自动绑定到域2
[切片管理] 成功绑定切片3 → 安全域2，触发【路扩展模式】

======================== 切片硬件状态 ========================
切片号 | 所属安全域 | 当前状态    | 路扩展 | LRU touched
------------------------------------------------------------------
  0    |   域2      | 正常运行   |  是   |  199499997
  1    |   域0      | 正常运行   |  否   |  199500001
  2    |   域3      | 正常运行   |  否   |  199499978
  3    |   域2      | 正常运行   |  是   |  199500001
==================================================================


**** Debug Statistics at 201000000 Cycles *****
Threads: 4		Fetch Width: 8
No of useful instructions fetched:	905113994 (56.29% proc util.)
No of total instructions fetched:	1110841720 (69.08% proc util.)
 includes 34026576 misfetch (3.1%), 171701150 (15.5%) wrong-path fetches
 and 0 flushed after failed lock(0.0%)
No of useful instructions issued/executed:	905113971 (56.29% proc util.)
No of total instructions issued/executed:	979243548 (60.90% proc util.)
 includes 74129577 wrong-path (7.6%) insts and 0 flushed (0.0%)
	fp 6100, 0.00%
	synch 0, 0.00%
	integer 813545214, 83.08%
	load/store 165692234, 16.92%
Avg size of int IQ (before scheduling): 34.86
Avg size of fp IQ (before scheduling): 0.00
No of cycles taken:		201000000
Parallelism [ 1.324, 0.000, 1.567, 1.612,] = 4.503
 IQ conflicts: 649977 (0.32%), FQ conflicts: 0 (0.00%) 
 I reg conflicts: 39413544 (19.61%), FP reg conflicts: 0 (0.00%)
  Activelist confs: 189 (0.00%), ROB confs: 105770 (0.05%)
  Int unit conflicts: 394945505 (196.49%), FP unit conflicts: 6 (0.00%)
  Load/store unit conflicts: 13470680 (6.70%)
  MSHR conflicts: 8360282 (4.16%)
----------------------------------------
==== System-wide Cache Statistics ====
Stall for miss queue full 890 cycles (0.00%)
----------------------------------------
==== Statistics for Master ID: 0 ====
Reads: 211249720   Writes: 36877953
ICACHE: size: 64 KB assoc: 2
ICACHE: hits:117164468 misses:1288194  Hit Ratio: 98.91%
DCACHE: size: 1*16 KB assoc: 1*4
DCACHE: hits:126488024 misses:3187705 writebacks:1035215  Hit Ratio: 97.54%
SCACHE: size: 512 KB assoc: 2
SCACHE: hits:3964388 misses:510793  Hit Ratio: 88.59%
3CACHE: size: 4096 KB assoc: 2
3CACHE: hits:409813 misses:100979  Hit Ratio: 80.23%
3CACHE: dirty items replaced:12101
ITLB: size: 48, misses 50791, miss rate 0.04%
DTLB: size: 128, misses 76625, miss rate 0.06%
Avg mem delay: 1.053 cycles
----------------------------------------
==== Statistics for Master ID: 2 ====
Reads: 115336263   Writes: 37
ICACHE: size: 64 KB assoc: 2
ICACHE: hits:96563197 misses:237  Hit Ratio: 100.00%
DCACHE: size: 2*16 KB assoc: 2*4
DCACHE: hits:18089462 misses:683405 writebacks:15  Hit Ratio: 96.36%
SCACHE: size: 512 KB assoc: 2
SCACHE: hits:641824 misses:41817  Hit Ratio: 93.88%
3CACHE: size: 4096 KB assoc: 2
3CACHE: hits:40642 misses:1175  Hit Ratio: 97.19%
3CACHE: dirty items replaced:26
ITLB: size: 48, misses 4, miss rate 0.00%
DTLB: size: 128, misses 582, miss rate 0.00%
Avg mem delay: 1.053 cycles
----------------------------------------
==== Statistics for Master ID: 3 ====
Reads: 115059195   Writes: 5128
ICACHE: size: 64 KB assoc: 2
ICACHE: hits:98255442 misses:606  Hit Ratio: 100.00%
DCACHE: size: 1*16 KB assoc: 1*4
DCACHE: hits:15392184 misses:1416090 writebacks:323  Hit Ratio: 91.58%
SCACHE: size: 512 KB assoc: 2
SCACHE: hits:1382774 misses:33922  Hit Ratio: 97.61%
3CACHE: size: 4096 KB assoc: 2
3CACHE: hits:33533 misses:389  Hit Ratio: 98.85%
3CACHE: dirty items replaced:5
ITLB: size: 48, misses 1, miss rate 0.00%
DTLB: size: 128, misses 788, miss rate 0.00%
Avg mem delay: 1.053 cycles
----------------------------------------
==== Global Resource Utilization ====
STASH: size: 65536 entries, full 1133567696, empty 26916367, misses 2393543, full rate 97.48
icache bank util. 0.431 0.298 0.146 0.075 0.082 0.079 0.138 0.329 
dcache bank util. 0.104 0.097 0.102 0.115 0.109 0.143 0.143 0.105 
L2 bank util. 0.023 0.024 0.024 0.025 0.024 0.022 0.024 0.023 
L1-L2 bus util. = 0.114, L3 util. = 0.005
----------------------------------------

======================== 切片硬件状态 ========================
切片号 | 所属安全域 | 当前状态    | 路扩展 | LRU touched
------------------------------------------------------------------
  0    |   域2      | 正常运行   |  是   |  200999984
  1    |   域0      | 正常运行   |  否   |  200999995
  2    |   域3      | 正常运行   |  否   |  200999994
  3    |   域2      | 正常运行   |  是   |  200999997
==================================================================

branch prediction, hits = 68064189, misses = 6291370, hit rate = 91.54%
return_stack prediction, hits = 3367661, misses = 2410, hit rate = 99.93%
jump prediction, hits = 79756377, misses = 7805529, hit rate = 91.09%

======================== 切片硬件状态 ========================
切片号 | 所属安全域 | 当前状态    | 路扩展 | LRU touched
------------------------------------------------------------------
  0    |   域2      | 正常运行   |  是   |  200999984
  1    |   域0      | 正常运行   |  否   |  201000000
  2    |   域3      | 正常运行   |  否   |  200999994
  3    |   域2      | 正常运行   |  是   |  200999997
==================================================================

[动态重分配] 周期201000000：预约迁移 冗余域2(0%) -> 切片0 -> 饥饿域3(9%)
[切片剥夺] 周期201000000：切片0（所属域2）进入待剥夺状态，禁止新替换
[切片剥夺] 周期201000000：切片0在途请求已清空，开始执行脏行写回
[切片剥夺] 周期201000000：切片0无脏行，直接完成剥夺
[切片管理] 周期201000001：原域2仅剩1个切片，关闭路扩展模式
[动态重分配] 周期201000001：切片0写回完成，自动绑定到域3
[切片管理] 成功绑定切片0 → 安全域3，触发【路扩展模式】

======================== 切片硬件状态 ========================
切片号 | 所属安全域 | 当前状态    | 路扩展 | LRU touched
------------------------------------------------------------------
  0    |   域3      | 正常运行   |  是   |  201000001
  1    |   域0      | 正常运行   |  否   |  201000000
  2    |   域3      | 正常运行   |  是   |  200999994
  3    |   域2      | 正常运行   |  否   |  200999997
==================================================================


======================== 切片硬件状态 ========================
切片号 | 所属安全域 | 当前状态    | 路扩展 | LRU touched
------------------------------------------------------------------
  0    |   域3      | 正常运行   |  是   |  201999994
  1    |   域0      | 正常运行   |  否   |  201999939
  2    |   域3      | 正常运行   |  是   |  201999998
  3    |   域2      | 正常运行   |  否   |  201999996
==================================================================

[动态重分配] 周期202000000：预约迁移 冗余域3(0%) -> 切片2 -> 饥饿域2(22%)
[切片剥夺] 周期202000000：切片2（所属域3）进入待剥夺状态，禁止新替换
[切片剥夺] 周期202000000：切片2在途请求已清空，开始执行脏行写回
[切片剥夺] 周期202000000：切片2无脏行，直接完成剥夺
[切片管理] 周期202000001：原域3仅剩1个切片，关闭路扩展模式
[动态重分配] 周期202000001：切片2写回完成，自动绑定到域2
[切片管理] 成功绑定切片2 → 安全域2，触发【路扩展模式】

======================== 切片硬件状态 ========================
切片号 | 所属安全域 | 当前状态    | 路扩展 | LRU touched
------------------------------------------------------------------
  0    |   域3      | 正常运行   |  否   |  201999994
  1    |   域0      | 正常运行   |  否   |  201999939
  2    |   域2      | 正常运行   |  是   |  202000001
  3    |   域2      | 正常运行   |  是   |  201999996
==================================================================


======================== 切片硬件状态 ========================
切片号 | 所属安全域 | 当前状态    | 路扩展 | LRU touched
------------------------------------------------------------------
  0    |   域3      | 正常运行   |  否   |  204499995
  1    |   域0      | 正常运行   |  否   |  204499995
  2    |   域2      | 正常运行   |  是   |  204499917
  3    |   域2      | 正常运行   |  是   |  204499993
==================================================================

[动态重分配] 周期204500000：预约迁移 冗余域2(0%) -> 切片3 -> 饥饿域3(9%)
[切片剥夺] 周期204500000：切片3（所属域2）进入待剥夺状态，禁止新替换
[切片剥夺] 周期204500000：切片3在途请求已清空，开始执行脏行写回
[切片剥夺] 周期204500000：切片3无脏行，直接完成剥夺
[切片管理] 周期204500001：原域2仅剩1个切片，关闭路扩展模式
[动态重分配] 周期204500001：切片3写回完成，自动绑定到域3
[切片管理] 成功绑定切片3 → 安全域3，触发【路扩展模式】

======================== 切片硬件状态 ========================
切片号 | 所属安全域 | 当前状态    | 路扩展 | LRU touched
------------------------------------------------------------------
  0    |   域3      | 正常运行   |  是   |  204499995
  1    |   域0      | 正常运行   |  否   |  204499995
  2    |   域2      | 正常运行   |  否   |  204499917
  3    |   域3      | 正常运行   |  是   |  204500001
==================================================================


======================== 切片硬件状态 ========================
切片号 | 所属安全域 | 当前状态    | 路扩展 | LRU touched
------------------------------------------------------------------
  0    |   域3      | 正常运行   |  是   |  204999999
  1    |   域0      | 正常运行   |  否   |  204999998
  2    |   域2      | 正常运行   |  否   |  204999991
  3    |   域3      | 正常运行   |  是   |  204999917
==================================================================

[动态重分配] 周期205000000：预约迁移 冗余域3(0%) -> 切片0 -> 饥饿域2(22%)
[切片剥夺] 周期205000000：切片0（所属域3）进入待剥夺状态，禁止新替换
[切片剥夺] 周期205000000：切片0在途请求已清空，开始执行脏行写回
[切片剥夺] 周期205000000：切片0无脏行，直接完成剥夺
[切片管理] 周期205000001：原域3仅剩1个切片，关闭路扩展模式
[动态重分配] 周期205000001：切片0写回完成，自动绑定到域2
[切片管理] 成功绑定切片0 → 安全域2，触发【路扩展模式】

======================== 切片硬件状态 ========================
切片号 | 所属安全域 | 当前状态    | 路扩展 | LRU touched
------------------------------------------------------------------
  0    |   域2      | 正常运行   |  是   |  205000001
  1    |   域0      | 正常运行   |  否   |  204999998
  2    |   域2      | 正常运行   |  是   |  204999991
  3    |   域3      | 正常运行   |  否   |  204999917
==================================================================


======================== 切片硬件状态 ========================
切片号 | 所属安全域 | 当前状态    | 路扩展 | LRU touched
------------------------------------------------------------------
  0    |   域2      | 正常运行   |  是   |  205499980
  1    |   域0      | 正常运行   |  否   |  205499999
  2    |   域2      | 正常运行   |  是   |  205499990
  3    |   域3      | 正常运行   |  否   |  205499984
==================================================================

[动态重分配] 周期205500000：预约迁移 冗余域2(1%) -> 切片2 -> 饥饿域3(10%)
[切片剥夺] 周期205500000：切片2（所属域2）进入待剥夺状态，禁止新替换
[切片剥夺] 周期205500000：切片2在途请求已清空，开始执行脏行写回
[切片剥夺] 周期205500000：切片2无脏行，直接完成剥夺
[切片管理] 周期205500001：原域2仅剩1个切片，关闭路扩展模式
[动态重分配] 周期205500001：切片2写回完成，自动绑定到域3
[切片管理] 成功绑定切片2 → 安全域3，触发【路扩展模式】

======================== 切片硬件状态 ========================
切片号 | 所属安全域 | 当前状态    | 路扩展 | LRU touched
------------------------------------------------------------------
  0    |   域2      | 正常运行   |  否   |  205499980
  1    |   域0      | 正常运行   |  否   |  205499999
  2    |   域3      | 正常运行   |  是   |  205500001
  3    |   域3      | 正常运行   |  是   |  205499984
==================================================================


======================== 切片硬件状态 ========================
切片号 | 所属安全域 | 当前状态    | 路扩展 | LRU touched
------------------------------------------------------------------
  0    |   域2      | 正常运行   |  否   |  207499986
  1    |   域0      | 正常运行   |  否   |  207499997
  2    |   域3      | 正常运行   |  是   |  207499845
  3    |   域3      | 正常运行   |  是   |  207499987
==================================================================

[动态重分配] 周期207500000：预约迁移 冗余域3(0%) -> 切片3 -> 饥饿域2(21%)
[切片剥夺] 周期207500000：切片3（所属域3）进入待剥夺状态，禁止新替换
[切片剥夺] 周期207500000：切片3在途请求已清空，开始执行脏行写回
[切片剥夺] 周期207500000：切片3无脏行，直接完成剥夺
[切片管理] 周期207500001：原域3仅剩1个切片，关闭路扩展模式
[动态重分配] 周期207500001：切片3写回完成，自动绑定到域2
[切片管理] 成功绑定切片3 → 安全域2，触发【路扩展模式】

======================== 切片硬件状态 ========================
切片号 | 所属安全域 | 当前状态    | 路扩展 | LRU touched
------------------------------------------------------------------
  0    |   域2      | 正常运行   |  是   |  207499986
  1    |   域0      | 正常运行   |  否   |  207499997
  2    |   域3      | 正常运行   |  否   |  207499845
  3    |   域2      | 正常运行   |  是   |  207500001
==================================================================


======================== 切片硬件状态 ========================
切片号 | 所属安全域 | 当前状态    | 路扩展 | LRU touched
------------------------------------------------------------------
  0    |   域2      | 正常运行   |  是   |  219999998
  1    |   域0      | 正常运行   |  否   |  219999994
  2    |   域3      | 正常运行   |  否   |  219999993
  3    |   域2      | 正常运行   |  是   |  219999972
==================================================================

[动态重分配] 周期220000000：预约迁移 冗余域2(0%) -> 切片0 -> 饥饿域3(9%)
[切片剥夺] 周期220000000：切片0（所属域2）进入待剥夺状态，禁止新替换
[切片剥夺] 周期220000000：切片0在途请求已清空，开始执行脏行写回
[切片剥夺] 周期220000000：切片0无脏行，直接完成剥夺
[切片管理] 周期220000001：原域2仅剩1个切片，关闭路扩展模式
[动态重分配] 周期220000001：切片0写回完成，自动绑定到域3
[切片管理] 成功绑定切片0 → 安全域3，触发【路扩展模式】

======================== 切片硬件状态 ========================
切片号 | 所属安全域 | 当前状态    | 路扩展 | LRU touched
------------------------------------------------------------------
  0    |   域3      | 正常运行   |  是   |  220000001
  1    |   域0      | 正常运行   |  否   |  220000001
  2    |   域3      | 正常运行   |  是   |  219999993
  3    |   域2      | 正常运行   |  否   |  219999972
==================================================================


======================== 切片硬件状态 ========================
切片号 | 所属安全域 | 当前状态    | 路扩展 | LRU touched
------------------------------------------------------------------
  0    |   域3      | 正常运行   |  是   |  220499808
  1    |   域0      | 正常运行   |  否   |  220499997
  2    |   域3      | 正常运行   |  是   |  220499995
  3    |   域2      | 正常运行   |  否   |  220499998
==================================================================

[动态重分配] 周期220500000：预约迁移 冗余域3(0%) -> 切片2 -> 饥饿域2(22%)
[切片剥夺] 周期220500000：切片2（所属域3）进入待剥夺状态，禁止新替换
[切片剥夺] 周期220500000：切片2在途请求已清空，开始执行脏行写回
[切片剥夺] 周期220500000：切片2无脏行，直接完成剥夺
[切片管理] 周期220500001：原域3仅剩1个切片，关闭路扩展模式
[动态重分配] 周期220500001：切片2写回完成，自动绑定到域2
[切片管理] 成功绑定切片2 → 安全域2，触发【路扩展模式】

======================== 切片硬件状态 ========================
切片号 | 所属安全域 | 当前状态    | 路扩展 | LRU touched
------------------------------------------------------------------
  0    |   域3      | 正常运行   |  否   |  220499808
  1    |   域0      | 正常运行   |  否   |  220500001
  2    |   域2      | 正常运行   |  是   |  220500001
  3    |   域2      | 正常运行   |  是   |  220499998
==================================================================


======================== 切片硬件状态 ========================
切片号 | 所属安全域 | 当前状态    | 路扩展 | LRU touched
------------------------------------------------------------------
  0    |   域3      | 正常运行   |  否   |  224499999
  1    |   域0      | 正常运行   |  否   |  224499988
  2    |   域2      | 正常运行   |  是   |  224499949
  3    |   域2      | 正常运行   |  是   |  224499997
==================================================================

[动态重分配] 周期224500000：预约迁移 冗余域2(0%) -> 切片3 -> 饥饿域3(9%)
[切片剥夺] 周期224500000：切片3（所属域2）进入待剥夺状态，禁止新替换
[切片剥夺] 周期224500000：切片3在途请求已清空，开始执行脏行写回
[切片剥夺] 周期224500000：切片3无脏行，直接完成剥夺
[切片管理] 周期224500001：原域2仅剩1个切片，关闭路扩展模式
[动态重分配] 周期224500001：切片3写回完成，自动绑定到域3
[切片管理] 成功绑定切片3 → 安全域3，触发【路扩展模式】

======================== 切片硬件状态 ========================
切片号 | 所属安全域 | 当前状态    | 路扩展 | LRU touched
------------------------------------------------------------------
  0    |   域3      | 正常运行   |  是   |  224499999
  1    |   域0      | 正常运行   |  否   |  224499988
  2    |   域2      | 正常运行   |  否   |  224499949
  3    |   域3      | 正常运行   |  是   |  224500001
==================================================================


======================== 切片硬件状态 ========================
切片号 | 所属安全域 | 当前状态    | 路扩展 | LRU touched
------------------------------------------------------------------
  0    |   域3      | 正常运行   |  是   |  224999984
  1    |   域0      | 正常运行   |  否   |  224999999
  2    |   域2      | 正常运行   |  否   |  224999992
  3    |   域3      | 正常运行   |  是   |  224999926
==================================================================

[动态重分配] 周期225000000：预约迁移 冗余域3(0%) -> 切片0 -> 饥饿域2(22%)
[切片剥夺] 周期225000000：切片0（所属域3）进入待剥夺状态，禁止新替换
[切片剥夺] 周期225000000：切片0在途请求已清空，开始执行脏行写回
[切片剥夺] 周期225000000：切片0无脏行，直接完成剥夺
[切片管理] 周期225000001：原域3仅剩1个切片，关闭路扩展模式
[动态重分配] 周期225000001：切片0写回完成，自动绑定到域2
[切片管理] 成功绑定切片0 → 安全域2，触发【路扩展模式】

======================== 切片硬件状态 ========================
切片号 | 所属安全域 | 当前状态    | 路扩展 | LRU touched
------------------------------------------------------------------
  0    |   域2      | 正常运行   |  是   |  225000001
  1    |   域0      | 正常运行   |  否   |  225000001
  2    |   域2      | 正常运行   |  是   |  224999992
  3    |   域3      | 正常运行   |  否   |  224999926
==================================================================


======================== 切片硬件状态 ========================
切片号 | 所属安全域 | 当前状态    | 路扩展 | LRU touched
------------------------------------------------------------------
  0    |   域2      | 正常运行   |  是   |  227499982
  1    |   域0      | 正常运行   |  否   |  227499999
  2    |   域2      | 正常运行   |  是   |  227499995
  3    |   域3      | 正常运行   |  否   |  227499986
==================================================================

[动态重分配] 周期227500000：预约迁移 冗余域2(0%) -> 切片2 -> 饥饿域0(11%)
[切片剥夺] 周期227500000：切片2（所属域2）进入待剥夺状态，禁止新替换
[切片剥夺] 周期227500000：切片2在途请求已清空，开始执行脏行写回
[切片剥夺] 周期227500000：切片2无脏行，直接完成剥夺
[切片管理] 周期227500001：原域2仅剩1个切片，关闭路扩展模式
[动态重分配] 周期227500001：切片2写回完成，自动绑定到域0
[切片管理] 成功绑定切片2 → 安全域0，触发【路扩展模式】

======================== 切片硬件状态 ========================
切片号 | 所属安全域 | 当前状态    | 路扩展 | LRU touched
------------------------------------------------------------------
  0    |   域2      | 正常运行   |  否   |  227499982
  1    |   域0      | 正常运行   |  是   |  227500001
  2    |   域0      | 正常运行   |  是   |  227500001
  3    |   域3      | 正常运行   |  否   |  227499986
==================================================================


======================== 切片硬件状态 ========================
切片号 | 所属安全域 | 当前状态    | 路扩展 | LRU touched
------------------------------------------------------------------
  0    |   域2      | 正常运行   |  否   |  227999991
  1    |   域0      | 正常运行   |  是   |  227999997
  2    |   域0      | 正常运行   |  是   |  227999995
  3    |   域3      | 正常运行   |  否   |  227999991
==================================================================

[动态重分配] 周期228000000：预约迁移 冗余域0(1%) -> 切片1 -> 饥饿域2(22%)
[切片剥夺] 周期228000000：切片1（所属域0）进入待剥夺状态，禁止新替换
[切片剥夺] 周期228000000：切片1在途请求已清空，开始执行脏行写回
[切片管理] 周期228000158：原域0仅剩1个切片，关闭路扩展模式
[动态重分配] 周期228000158：切片1写回完成，自动绑定到域2
[切片管理] 成功绑定切片1 → 安全域2，触发【路扩展模式】

======================== 切片硬件状态 ========================
切片号 | 所属安全域 | 当前状态    | 路扩展 | LRU touched
------------------------------------------------------------------
  0    |   域2      | 正常运行   |  是   |  228000070
  1    |   域2      | 正常运行   |  是   |  228000158
  2    |   域0      | 正常运行   |  否   |  228000153
  3    |   域3      | 正常运行   |  否   |  228000099
==================================================================


======================== 切片硬件状态 ========================
切片号 | 所属安全域 | 当前状态    | 路扩展 | LRU touched
------------------------------------------------------------------
  0    |   域2      | 正常运行   |  是   |  233499993
  1    |   域2      | 正常运行   |  是   |  233499942
  2    |   域0      | 正常运行   |  否   |  233499994
  3    |   域3      | 正常运行   |  否   |  233499985
==================================================================

[动态重分配] 周期233500000：预约迁移 冗余域2(0%) -> 切片0 -> 饥饿域0(6%)
[切片剥夺] 周期233500000：切片0（所属域2）进入待剥夺状态，禁止新替换
[切片剥夺] 周期233500000：切片0在途请求已清空，开始执行脏行写回
[切片剥夺] 周期233500000：切片0无脏行，直接完成剥夺
[切片管理] 周期233500001：原域2仅剩1个切片，关闭路扩展模式
[动态重分配] 周期233500001：切片0写回完成，自动绑定到域0
[切片管理] 成功绑定切片0 → 安全域0，� dgemm_�发【路扩展模式】

======================== 切片硬件状态 ========================
切片号 | 所属安全域 | 当前状态    | 路扩展 | LRU touched
------------------------------------------------------------------
  0    |   域0      | 正常运行   |  是   |  233500001
  1    |   域2      | 正常运行   |  否   |  233499942
  2    |   域0      | 正常运行   |  是   |  233500001
  3    |   域3      | 正常运行   |  否   |  233499985
==================================================================


======================== 切片硬件状态 ========================
切片号 | 所属安全域 | 当前状态    | 路扩展 | LRU touched
------------------------------------------------------------------
  0    |   域0      | 正常运行   |  是   |  233999940
  1    |   域2      | 正常运行   |  否   |  233999991
  2    |   域0      | 正常运行   |  是   |  233999994
  3    |   域3      | 正常运行   |  否   |  233999999
==================================================================

[动态重分配] 周期234000000：预约迁移 冗余域0(0%) -> 切片2 -> 饥饿域2(21%)
[切片剥夺] 周期234000000：切片2（所属域0）进入待剥夺状态，禁止新替换
[切片剥夺] 周期234000000：切片2在途请求已清空，开始执行脏行写回
[切片管理] 周期234000236：原域0仅剩1个切片，关闭路扩展模式
[动态重分配] 周期234000236：切片2写回完成，自动绑定到域2
[切片管理] 成功绑定切片2 → 安全域2，触发【路扩展模式】

======================== 切片硬件状态 ========================
切片号 | 所属安全域 | 当前状态    | 路扩展 | LRU touched
------------------------------------------------------------------
  0    |   域0      | 正常运行   |  否   |  234000005
  1    |   域2      | 正常运行   |  是   |  234000203
  2    |   域2      | 正常运行   |  是   |  234000236
  3    |   域3      | 正常运行   |  否   |  234000236
==================================================================


======================== 切片硬件状态 ========================
切片号 | 所属安全域 | 当前状态    | 路扩展 | LRU touched
------------------------------------------------------------------
  0    |   域0      | 正常运行   |  否   |  260499999
  1    |   域2      | 正常运行   |  是   |  260499999
  2    |   域2      | 正常运行   |  是   |  260499956
  3    |   域3      | 正常运行   |  否   |  260500000
==================================================================

[动态重分配] 周期260500000：预约迁移 冗余域2(0%) -> 切片1 -> 饥饿域3(9%)
[切片剥夺] 周期260500000：切片1（所属域2）进入待剥夺状态，禁止新替换
[切片剥夺] 周期260500000：切片1在途请求已清空，开始执行脏行写回
[切片剥夺] 周期260500000：切片1无脏行，直接完成剥夺
[切片管理] 周期260500001：原域2仅剩1个切片，关闭路扩展模式
[动态重分配] 周期260500001：切片1写回完成，自动绑定到域3
[切片管理] 成功绑定切片1 → 安全域3，触发【路扩展模式】

======================== 切片硬件状态 ========================
切片号 | 所属安全域 | 当前状态    | 路扩展 | LRU touched
------------------------------------------------------------------
  0    |   域0      | 正常运行   |  否   |  260499999
  1    |   域3      | 正常运行   |  是   |  260500001
  2    |   域2      | 正常运行   |  否   |  260499956
  3    |   域3      | 正常运行   |  是   |  260500000
==================================================================


======================== 切片硬件状态 ========================
切片号 | 所属安全域 | 当前状态    | 路扩展 | LRU touched
------------------------------------------------------------------
  0    |   域0      | 正常运行   |  否   |  260999997
  1    |   域3      | 正常运行   |  是   |  260999878
  2    |   域2      | 正常运行   |  否   |  260999999
  3    |   域3      | 正常运行   |  是   |  260999999
==================================================================

[动态重分配] 周期261000000：预约迁移 冗余域3(0%) -> 切片3 -> 饥饿域2(22%)
[切片剥夺] 周期261000000：切片3（所属域3）进入待剥夺状态，禁止新替换
[切片剥夺] 周期261000000：切片3在途请求已清空，开始执行脏行写回
[切片剥夺] 周期261000000：切片3无脏行，直接完成剥夺
[切片管理] 周期261000001：原域3仅剩1个切片，关闭路扩展模式
[动态重分配] 周期261000001：切片3写回完成，自动绑定到域2
[切片管理] 成功绑定切片3 → 安全域2，触发【路扩展模式】

======================== 切片硬件状态 ========================
切片号 | 所属安全域 | 当前状态    | 路扩展 | LRU touched
------------------------------------------------------------------
  0    |   域0      | 正常运行   |  否   |  261000001
  1    |   域3      | 正常运行   |  否   |  260999878
  2    |   域2      | 正常运行   |  是   |  260999999
  3    |   域2      | 正常运行   |  是   |  261000001
==================================================================


======================== 切片硬件状态 ========================
切片号 | 所属安全域 | 当前状态    | 路扩展 | LRU touched
------------------------------------------------------------------
  0    |   域0      | 正常运行   |  否   |  261499999
  1    |   域3      | 正常运行   |  否   |  261499998
  2    |   域2      | 正常运行   |  是   |  261500000
  3    |   域2      | 正常运行   |  是   |  261499958
==================================================================

[动态重分配] 周期261500000：预约迁移 冗余域2(1%) -> 切片2 -> 饥饿域3(9%)
[切片剥夺] 周期261500000：切片2（所属域2）进入待剥夺状态，禁止新替换
[切片剥夺] 周期261500000：切片2在途请求已清空，开始执行脏行写回
[切片剥夺] 周期261500000：切片2无脏行，直接完成剥夺
[切片管理] 周期261500001：原域2仅剩1个切片，关闭路扩展模式
[动态重分配] 周期261500001：切片2写回完成，自动绑定到域3
[切片管理] 成功绑定切片2 → 安全域3，触发【路扩展模式】

======================== 切片硬件状态 ========================
切片号 | 所属安全域 | 当前状态    | 路扩展 | LRU touched
------------------------------------------------------------------
  0    |   域0      | 正常运行   |  否   |  261499999
  1    |   域3      | 正常运行   |  是   |  261499998
  2    |   域3      | 正常运行   |  是   |  261500001
  3    |   域2      | 正常运行   |  否   |  261500001
==================================================================


======================== 切片硬件状态 ========================
切片号 | 所属安全域 | 当前状态    | 路扩展 | LRU touched
------------------------------------------------------------------
  0    |   域0      | 正常运行   |  否   |  263500000
  1    |   域3      | 正常运行   |  是   |  263499992
  2    |   域3      | 正常运行   |  是   |  263499956
  3    |   域2      | 正常运行   |  否   |  263499986
==================================================================

[动态重分配] 周期263500000：预约迁移 冗余域3(0%) -> 切片1 -> 饥饿域2(21%)
[切片剥夺] 周期263500000：切片1（所属域3）进入待剥夺状态，禁止新替换
[切片剥夺] 周期263500000：切片1在途请求已清空，开始执行脏行写回
[切片剥夺] 周期263500000：切片1无脏行，直接完成剥夺
[切片管理] 周期263500001：原域3仅剩1个切片，关闭路扩展模式
[动态重分配] 周期263500001：切片1写回完成，自动绑定到域2
[切片管理] 成功绑定切片1 → 安全域2，触发【路扩展模式】

======================== 切片硬件状态 ========================
切片号 | 所属安全域 | 当前状态    | 路扩展 | LRU touched
------------------------------------------------------------------
  0    |   域0      | 正常运行   |  否   |  263500000
  1    |   域2      | 正常运行   |  是   |  263500001
  2    |   域3      | 正常运行   |  否   |  263499956
  3    |   域2      | 正常运行   |  是   |  263499986
==================================================================


======================== 切片硬件状态 ========================
切片号 | 所属安全域 | 当前状态    | 路扩展 | LRU touched
------------------------------------------------------------------
  0    |   域0      | 正常运行   |  否   |  264000000
  1    |   域2      | 正常运行   |  是   |  263999988
  2    |   域3      | 正常运行   |  否   |  263999987
  3    |   域2      | 正常运行   |  是   |  263999995
==================================================================

[动态重分配] 周期264000000：预约迁移 冗余域2(1%) -> 切片3 -> 饥饿域3(9%)
[切片剥夺] 周期264000000：切片3（所属域2）进入待剥夺状态，禁止新替换
[切片剥夺] 周期264000000：切片3在途请求已清空，开始执行脏行写回
[切片剥夺] 周期264000000：切片3无脏行，直接完成剥夺
[切片管理] 周期264000001：原域2仅剩1个切片，关闭路扩展模式
[动态重分配] 周期264000001：切片3写回完成，自动绑定到域3
[切片管理] 成功绑定切片3 → 安全域3，触发【路扩展模式】

======================== 切片硬件状态 ========================
切片号 | 所属安全域 | 当前状态    | 路扩展 | LRU touched
------------------------------------------------------------------
  0    |   域0      | 正常运行   |  否   |  264000001
  1    |   域2      | 正常运行   |  否   |  263999988
  2    |   域3      | 正常运行   |  是   |  263999987
  3    |   域3      | 正常运行   |  是   |  264000001
==================================================================


======================== 切片硬件状态 ========================
切片号 | 所属安全域 | 当前状态    | 路扩展 | LRU touched
------------------------------------------------------------------
  0    |   域0      | 正常运行   |  否   |  264499995
  1    |   域2      | 正常运行   |  否   |  264499989
  2    |   域3      | 正常运行   |  是   |  264499991
  3    |   域3      | 正常运行   |  是   |  264499850
==================================================================

[动态重分配] 周期264500000：预约迁移 冗余域3(0%) -> 切片2 -> 饥饿域2(21%)
[切片剥夺] 周期264500000：切片2（所属域3）进入待剥夺状态，禁止新替换
[切片剥夺] 周期264500000：切片2在途请求已清空，开始执行脏行写回
[切片剥夺] 周期264500000：切片2无脏行，直接完成剥夺
[切片管理] 周期264500001：原域3仅剩1个切片，关闭路扩展模式
[动态重分配] 周期264500001：切片2写回完成，自动绑定到域2
[切片管理] 成功绑定切片2 → 安全域2，触发【路扩展模式】

======================== 切片硬件状态 ========================
切片号 | 所属安全域 | 当前状态    | 路扩展 | LRU touched
------------------------------------------------------------------
  0    |   域0      | 正常运行   |  否   |  264500001
  1    |   域2      | 正常运行   |  是   |  264499989
  2    |   域2      | 正常运行   |  是   |  264500001
  3    |   域3      | 正常运行   |  否   |  264499850
==================================================================


======================== 切片硬件状态 ========================
切片号 | 所属安全域 | 当前状态    | 路扩展 | LRU touched
------------------------------------------------------------------
  0    |   域0      | 正常运行   |  否   |  266499998
  1    |   域2      | 正常运行   |  是   |  266499988
  2    |   域2      | 正常运行   |  是   |  266499997
  3    |   域3      | 正常运行   |  否   |  266499982
==================================================================

[动态重分配] 周期266500000：预约迁移 冗余域2(0%) -> 切片1 -> 饥饿域3(9%)
[切片剥夺] 周期266500000：切片1（所属域2）进入待剥夺状态，禁止新替换
[切片剥夺] 周期266500000：切片1在途请求已清空，开始执行脏行写回
[切片剥夺] 周期266500000：切片1无脏行，直接完成剥夺
[切片管理] 周期266500001：原域2仅剩1个切片，关闭路扩展模式
[动态重分配] 周期266500001：切片1写回完成，自动绑定到域3
[切片管理] 成功绑定切片1 → 安全域3，触发【路扩展模式】

======================== 切片硬件状态 ========================
切片号 | 所属安全域 | 当前状态    | 路扩展 | LRU touched
------------------------------------------------------------------
  0    |   域0      | 正常运行   |  否   |  266500001
  1    |   域3      | 正常运行   |  是   |  266500001
  2    |   域2      | 正常运行   |  否   |  266499997
  3    |   域3      | 正常运行   |  是   |  266499982
==================================================================


======================== 切片硬件状态 ========================
切片号 | 所属安全域 | 当前状态    | 路扩展 | LRU touched
------------------------------------------------------------------
  0    |   域0      | 正常运行   |  否   |  266999999
  1    |   域3      | 正常运行   |  是   |  266999914
  2    |   域2      | 正常运行   |  否   |  266999999
  3    |   域3      | 正常运行   |  是   |  266999997
==================================================================

[动态重分配] 周期267000000：预约迁移 冗余域3(0%) -> 切片3 -> 饥饿域2(22%)
[切片剥夺] 周期267000000：切片3（所属域3）进入待剥夺状态，禁止新替换
[切片剥夺] 周期267000000：切片3在途请求已清空，开始执行脏行写回
[切片剥夺] 周期267000000：切片3无脏行，直接完成剥夺
[切片管理] 周期267000001：原域3仅剩1个切片，关闭路扩展模式
[动态重分配] 周期267000001：切片3写回完成，自动绑定到域2
[切片管理] 成功绑定切片3 → 安全域2，触发【路扩展模式】

======================== 切片硬件状态 ========================
切片号 | 所属安全域 | 当前状态    | 路扩展 | LRU touched
------------------------------------------------------------------
  0    |   域0      | 正常运行   |  否   |  266999999
  1    |   域3      | 正常运行   |  否   |  266999914
  2    |   域2      | 正常运行   |  是   |  266999999
  3    |   域2      | 正常运行   |  是   |  267000001
==================================================================


======================== 切片硬件状态 ========================
切片号 | 所属安全域 | 当前状态    | 路扩展 | LRU touched
------------------------------------------------------------------
  0    |   域0      | 正常运行   |  否   |  270000000
  1    |   域3      | 正常运行   |  否   |  269999995
  2    |   域2      | 正常运行   |  是   |  269999987
  3    |   域2      | 正常运行   |  是   |  269999973
==================================================================

[动态重分配] 周期270000000：预约迁移 冗余域2(0%) -> 切片2 -> 饥饿域3(9%)
[切片剥夺] 周期270000000：切片2（所属域2）进入待剥夺状态，禁止新替换
[切片剥夺] 周期270000000：切片2在途请求已清空，开始执行脏行写回
[切片剥夺] 周期270000000：切片2无脏行，直接完成剥夺
[切片管理] 周期270000001：原域2仅剩1个切片，关闭路扩展模式
[动态重分配] 周期270000001：切片2写回完成，自动绑定到域3
[切片管理] 成功绑定切片2 → 安全域3，触发【路扩展模式】

======================== 切片硬件状态 ========================
切片号 | 所属安全域 | 当前状态    | 路扩展 | LRU touched
------------------------------------------------------------------
  0    |   域0      | 正常运行   |  否   |  270000001
  1    |   域3      | 正常运行   |  是   |  269999995
  2    |   域3      | 正常运行   |  是   |  270000001
  3    |   域2      | 正常运行   |  否   |  270000001
==================================================================


======================== 切片硬件状态 ========================
切片号 | 所属安全域 | 当前状态    | 路扩展 | LRU touched
------------------------------------------------------------------
  0    |   域0      | 正常运行   |  否   |  270500000
  1    |   域3      | 正常运行   |  是   |  270499998
  2    |   域3      | 正常运行   |  是   |  270499945
  3    |   域2      | 正常运行   |  否   |  270499993
==================================================================

[动态重分配] 周期270500000：预约迁移 冗余域3(0%) -> 切片1 -> 饥饿域2(21%)
[切片剥夺] 周期270500000：切片1（所属域3）进入待剥夺状态，禁止新替换
[切片剥夺] 周期270500000：切片1在途请求已清空，开始执行脏行写回
[切片剥夺] 周期270500000：切片1无脏行，直接完成剥夺
[切片管理] 周期270500001：原域3仅剩1个切片，关闭路扩展模式
[动态重分配] 周期270500001：切片1写回完成，自动绑定到域2
[切片管理] 成功绑定切片1 → 安全域2，触发【路扩展模式】

======================== 切片硬件状态 ========================
切片号 | 所属安全域 | 当前状态    | 路扩展 | LRU touched
------------------------------------------------------------------
  0    |   域0      | 正常运行   |  否   |  270500001
  1    |   域2      | 正常运行   |  是   |  270500001
  2    |   域3      | 正常运行   |  否   |  270499945
  3    |   域2      | 正常运行   |  是   |  270499993
==================================================================


======================== 切片硬件状态 ========================
切片号 | 所属安全域 | 当前状态    | 路扩展 | LRU touched
------------------------------------------------------------------
  0    |   域0      | 正常运行   |  否   |  271000000
  1    |   域2      | 正常运行   |  是   |  270999857
  2    |   域3      | 正常运行   |  否   |  270999992
  3    |   域2      | 正常运行   |  是   |  270999991
==================================================================

[动态重分配] 周期271000000：预约迁移 冗余域2(1%) -> 切片3 -> 饥饿域3(9%)
[切片剥夺] 周期271000000：切片3（所属域2）进入待剥夺状态，禁止新替换
[切片剥夺] 周期271000000：切片3在途请求已清空，开始执行脏行写回
[切片剥夺] 周期271000000：切片3无脏行，直接完成剥夺
[切片管理] 周期271000001：原域2仅剩1个切片，关闭路扩展模式
[动态重分配] 周期271000001：切片3写回完成，自动绑定到域3
[切片管理] 成功绑定切片3 → 安全域3，触发【路扩展模式】

======================== 切片硬件状态 ========================
切片号 | 所属安全域 | 当前状态    | 路扩展 | LRU touched
------------------------------------------------------------------
  0    |   域0      | 正常运行   |  否   |  271000000
  1    |   域2      | 正常运行   |  否   |  271000001
  2    |   域3      | 正常运行   |  是   |  270999992
  3    |   域3      | 正常运行   |  是   |  271000001
==================================================================


======================== 切片硬件状态 ========================
切片号 | 所属安全域 | 当前状态    | 路扩展 | LRU touched
------------------------------------------------------------------
  0    |   域0      | 正常运行   |  否   |  273000000
  1    |   域2      | 正常运行   |  否   |  272999995
  2    |   域3      | 正常运行   |  是   |  272999988
  3    |   域3      | 正常运行   |  是   |  272999870
==================================================================

[动态重分配] 周期273000000：预约迁移 冗余域3(0%) -> 切片2 -> 饥饿域2(21%)
[切片剥夺] 周期273000000：切片2（所属域3）进入待剥夺状态，禁止新替换
[切片剥夺] 周期273000000：切片2在途请求已清空，开始执行脏行写回
[切片剥夺] 周期273000000：切片2无脏行，直接完成剥夺
[切片管理] 周期273000001：原域3仅剩1个切片，关闭路扩展模式
[动态重分配] 周期273000001：切片2写回完成，自动绑定到域2
[切片管理] 成功绑定切片2 → 安全域2，触发【路扩展模式】

======================== 切片硬件状态 ========================
切片号 | 所属安全域 | 当前状态    | 路扩展 | LRU touched
------------------------------------------------------------------
  0    |   域0      | 正常运行   |  否   |  273000001
  1    |   域2      | 正常运行   |  是   |  273000001
  2    |   域2      | 正常运行   |  是   |  273000001
  3    |   域3      | 正常运行   |  否   |  272999870
==================================================================


======================== 切片硬件状态 ========================
切片号 | 所属安全域 | 当前状态    | 路扩展 | LRU touched
------------------------------------------------------------------
  0    |   域0      | 正常运行   |  否   |  273499998
  1    |   域2      | 正常运行   |  是   |  273499995
  2    |   域2      | 正常运行   |  是   |  273499914
  3    |   域3      | 正常运行   |  否   |  273499999
==================================================================

[动态重分配] 周期273500000：预约迁移 冗余域2(1%) -> 切片1 -> 饥饿域3(9%)
[切片剥夺] 周期273500000：切片1（所属域2）进入待剥夺状态，禁止新替换
[切片剥夺] 周期273500000：切片1在途请求已清空，开始执行脏行写回
[切片剥夺] 周期273500000：切片1无脏行，直接完成剥夺
[切片管理] 周期273500001：原域2仅剩1个切片，关闭路扩展模式
[动态重分配] 周期273500001：切片1写回完成，自动绑定到域3
[切片管理] 成功绑定切片1 → 安全域3，触发【路扩展模式】

======================== 切片硬件状态 ========================
切片号 | 所属安全域 | 当前状态    | 路扩展 | LRU touched
------------------------------------------------------------------
  0    |   域0      | 正常运行   |  否   |  273500001
  1    |   域3      | 正常运行   |  是   |  273500001
  2    |   域2      | 正常运行   |  否   |  273499914
  3    |   域3      | 正常运行   |  是   |  273499999
==================================================================


======================== 切片硬件状态 ========================
切片号 | 所属安全域 | 当前状态    | 路扩展 | LRU touched
------------------------------------------------------------------
  0    |   域0      | 正常运行   |  否   |  274000000
  1    |   域3      | 正常运行   |  是   |  273999853
  2    |   域2      | 正常运行   |  否   |  274000000
  3    |   域3      | 正常运行   |  是   |  273999998
==================================================================

[动态重分配] 周期274000000：预约迁移 冗余域3(0%) -> 切片3 -> 饥饿域2(21%)
[切片剥夺] 周期274000000：切片3（所属域3）进入待剥夺状态，禁止新替换
[切片剥夺] 周期274000000：切片3在途请求已清空，开始执行脏行写回
[切片剥夺] 周期274000000：切片3无脏行，直接完成剥夺
[切片管理] 周期274000001：原域3仅剩1个切片，关闭路扩展模式
[动态重分配] 周期274000001：切片3写回完成，自动绑定到域2
[切片管理] 成功绑定切片3 → 安全域2，触发【路扩展模式】

======================== 切片硬件状态 ========================
切片号 | 所属安全域 | 当前状态    | 路扩展 | LRU touched
------------------------------------------------------------------
  0    |   域0      | 正常运行   |  否   |  274000000
  1    |   域 dgemv_3      | 正常运行   |  否   |  273999853
  2    |   域2      | 正常运行   |  是   |  274000000
  3    |   域2      | 正常运行   |  是   |  274000001
==================================================================


**** Debug Statistics at 301000000 Cycles *****
Threads: 4		Fetch Width: 8
No of useful instructions fetched:	1361507851 (56.54% proc util.)
No of total instructions fetched:	1656074088 (68.77% proc util.)
 includes 46737516 misfetch (2.8%), 247828721 (15.0%) wrong-path fetches
 and 0 flushed after failed lock(0.0%)
No of useful instructions issued/executed:	1361507794 (56.54% proc util.)
No of total instructions issued/executed:	1468995566 (61.00% proc util.)
 includes 107487772 wrong-path (7.3%) insts and 0 flushed (0.0%)
	fp 26079, 0.00%
	synch 0, 0.00%
	integer 1221637899, 83.16%
	load/store 247331588, 16.84%
Avg size of int IQ (before scheduling): 35.02
Avg size of fp IQ (before scheduling): 0.00
No of cycles taken:		301000000
Parallelism [ 1.347, 0.000, 1.566, 1.611,] = 4.523
 IQ conflicts: 1005379 (0.33%), FQ conflicts: 0 (0.00%) 
 I reg conflicts: 60152719 (19.98%), FP reg conflicts: 0 (0.00%)
  Activelist confs: 510 (0.00%), ROB confs: 224391 (0.07%)
  Int unit conflicts: 600086667 (199.36%), FP unit conflicts: 6 (0.00%)
  Load/store unit conflicts: 19963590 (6.63%)
  MSHR conflicts: 12399085 (4.12%)
----------------------------------------
==== System-wide Cache Statistics ====
Stall for miss queue full 890 cycles (0.00%)
----------------------------------------
==== Statistics for Master ID: 0 ====
Reads: 314215462   Writes: 55884186
ICACHE: size: 64 KB assoc: 2
ICACHE: hits:174766665 misses:1818649  Hit Ratio: 98.97%
DCACHE: size: 1*16 KB assoc: 1*4
DCACHE: hits:188749238 misses:4765930 writebacks:1597066  Hit Ratio: 97.54%
SCACHE: size: 512 KB assoc: 2
SCACHE: hits:5775770 misses:807975  Hit Ratio: 87.73%
3CACHE: size: 4096 KB assoc: 2
3CACHE: hits:666283 misses:141692  Hit Ratio: 82.46%
3CACHE: dirty items replaced:26030
ITLB: size: 48, misses 78101, miss rate 0.04%
DTLB: size: 128, misses 116561, miss rate 0.06%
Avg mem delay: 1.053 cycles
----------------------------------------
==== Statistics for Master ID: 2 ====
Reads: 172125593   Writes: 37
ICACHE: size: 64 KB assoc: 2
ICACHE: hits:144031362 misses:283  Hit Ratio: 100.00%
DCACHE: size: 2*16 KB assoc: 2*4
DCACHE: hits:27109743 misses:984243 writebacks:15  Hit Ratio: 96.50%
SCACHE: size: 512 KB assoc: 2
SCACHE: hits:919069 misses:65456  Hit Ratio: 93.35%
3CACHE: size: 4096 KB assoc: 2
3CACHE: hits:63786 misses:1670  Hit Ratio: 97.45%
3CACHE: dirty items replaced:142
ITLB: size: 48, misses 4, miss rate 0.00%
DTLB: size: 128, misses 869, miss rate 0.00%
Avg mem delay: 1.053 cycles
----------------------------------------
==== Statistics for Master ID: 3 ====
Reads: 171597931   Writes: 5128
ICACHE: size: 64 KB assoc: 2
ICACHE: hits:146451594 misses:817  Hit Ratio: 100.00%
DCACHE: size: 1*16 KB assoc: 1*4
DCACHE: hits:23022248 misses:2128399 writebacks:323  Hit Ratio: 91.54%
SCACHE: size: 512 KB assoc: 2
SCACHE: hits:2079035 misses:50181  Hit Ratio: 97.64%
3CACHE: size: 4096 KB assoc: 2
3CACHE: hits:49750 misses:431  Hit Ratio: 99.14%
3CACHE: dirty items replaced:14
ITLB: size: 48, misses 1, miss rate 0.00%
DTLB: size: 128, misses 1131, miss rate 0.00%
Avg mem delay: 1.053 cycles
----------------------------------------
==== Global Resource Utilization ====
STASH: size: 65536 entries, full 1689599957, empty 39407584, misses 3493833, full rate 97.52
icache bank util. 0.427 0.296 0.147 0.077 0.082 0.078 0.137 0.326 
dcache bank util. 0.103 0.096 0.102 0.111 0.107 0.147 0.143 0.105 
L2 bank util. 0.023 0.024 0.024 0.025 0.024 0.022 0.024 0.023 
L1-L2 bus util. = 0.113, L3 util. = 0.005
----------------------------------------

======================== 切片硬件状态 ========================
切片号 | 所属安全域 | 当前状态    | 路扩展 | LRU touched
------------------------------------------------------------------
  0    |   域0      | 正常运行   |  否   |  300999999
  1    |   域3      | 正常运行   |  否   |  300999999
  2    |   域2      | 正常运行   |  是   |  300999996
  3    |   域2      | 正常运行   |  是   |  300999977
==================================================================

branch prediction, hits = 103050041, misses = 8927721, hit rate = 92.03%
return_stack prediction, hits = 5103051, misses = 5129, hit rate = 99.90%
jump prediction, hits = 121523008, misses = 10847274, hit rate = 91.81%

======================== 切片硬件状态 ========================
切片号 | 所属安全域 | 当前状态    | 路扩展 | LRU touched
------------------------------------------------------------------
  0    |   域0      | 正常运行   |  否   |  302500000
  1    |   域3      | 正常运行   |  否   |  302499997
  2    |   域2      | 正常运行   |  是   |  302499992
  3    |   域2      | 正常运行   |  是   |  302499963
==================================================================

[动态重分配] 周期302500000：预约迁移 冗余域2(0%) -> 切片2 -> 饥饿域3(9%)
[切片剥夺] 周期302500000：切片2（所属域2）进入待剥夺状态，禁止新替换
[切片剥夺] 周期302500000：切片2在途请求已清空，开始执行脏行写回
[切片剥夺] 周期302500000：切片2无脏行，直接完成剥夺
[切片管理] 周期302500001：原域2仅剩1个切片，关闭路扩展模式
[动态重分配] 周期302500001：切片2写回完成，自动绑定到域3
[切片管理] 成功绑定切片2 → 安全域3，触发【路扩展模式】

======================== 切片硬件状态 ========================
切片号 | 所属安全域 | 当前状态    | 路扩展 | LRU touched
------------------------------------------------------------------
  0    |   域0      | 正常运行   |  否   |  302500001
  1    |   域3      | 正常运行   |  是   |  302499997
  2    |   域3      | 正常运行   |  是   |  302500001
  3    |   域2      | 正常运行   |  否   |  302499963
==================================================================


======================== 切片硬件状态 ========================
切片号 | 所属安全域 | 当前状态    | 路扩展 | LRU touched
------------------------------------------------------------------
  0    |   域0      | 正常运行   |  否   |  303000000
  1    |   域3      | 正常运行   |  是   |  302999991
  2    |   域3      | 正常运行   |  是   |  302999952
  3    |   域2      | 正常运行   |  否   |  302999992
==================================================================

[动态重分配] 周期303000000：预约迁移 冗余域3(0%) -> 切片1 -> 饥饿域2(21%)
[切片剥夺] 周期303000000：切片1（所属域3）进入待剥夺状态，禁止新替换
[切片剥夺] 周期303000000：切片1在途请求已清空，开始执行脏行写回
[切片剥夺] 周期303000000：切片1无脏行，直接完成剥夺
[切片管理] 周期303000001：原域3仅剩1个切片，关闭路扩展模式
[动态重分配] 周期303000001：切片1写回完成，自动绑定到域2
[切片管理] 成功绑定切片1 → 安全域2，触发【路扩展模式】

======================== 切片硬件状态 ========================
切片号 | 所属安全域 | 当前状态    | 路扩展 | LRU touched
------------------------------------------------------------------
  0    |   域0      | 正常运行   |  否   |  303000001
  1    |   域2      | 正常运行   |  是   |  303000001
  2    |   域3      | 正常运行   |  否   |  302999952
  3    |   域2      | 正常运行   |  是   |  302999992
==================================================================


======================== 切片硬件状态 ========================
切片号 | 所属安全域 | 当前状态    | 路扩展 | LRU touched
------------------------------------------------------------------
  0    |   域0      | 正常运行   |  否   |  303999813
  1    |   域2      | 正常运行   |  是   |  303999980
  2    |   域3      | 正常运行   |  否   |  303999997
  3    |   域2      | 正常运行   |  是   |  303999993
==================================================================

[动态重分配] 周期304000000：预约迁移 冗余域2(0%) -> 切片3 -> 饥饿域3(9%)
[切片剥夺] 周期304000000：切片3（所属域2）进入待剥夺状态，禁止新替换
[切片剥夺] 周期304000000：切片3在途请求已清空，开始执行脏行写回
[切片剥夺] 周期304000000：切片3无脏行，直接完成剥夺
[切片管理] 周期304000001：原域2仅剩1个切片，关闭路扩展模式
[动态重分配] 周期304000001：切片3写回完成，自动绑定到域3
[切片管理] 成功绑定切片3 → 安全域3，触发【路扩展模式】

======================== 切片硬件状态 ========================
切片号 | 所属安全域 | 当前状态    | 路扩展 | LRU touched
------------------------------------------------------------------
  0    |   域0      | 正常运行   |  否   |  303999813
  1    |   域2      | 正常运行   |  否   |  303999980
  2    |   域3      | 正常运行   |  是   |  303999997
  3    |   域3      | 正常运行   |  是   |  304000001
==================================================================


======================== 切片硬件状态 ========================
切片号 | 所属安全域 | 当前状态    | 路扩展 | LRU touched
------------------------------------------------------------------
  0    |   域0      | 正常运行   |  否   |  305499997
  1    |   域2      | 正常运行   |  否   |  305499993
  2    |   域3      | 正常运行   |  是   |  305499999
  3    |   域3      | 正常运行   |  是   |  305499898
==================================================================

[动态重分配] 周期305500000：预约迁移 冗余域3(0%) -> 切片2 -> 饥饿域2(22%)
[切片剥夺] 周期305500000：切片2（所属域3）进入待剥夺状态，禁止新替换
[切片剥夺] 周期305500000：切片2在途请求已清空，开始执行脏行写回
[切片剥夺] 周期305500000：切片2无脏行，直接完成剥夺
[切片管理] 周期305500001：原域3仅剩1个切片，关闭路扩展模式
[动态重分配] 周期305500001：切片2写回完成，自动绑定到域2
[切片管理] 成功绑定切片2 → 安全域2，触发【路扩展模式】

======================== 切片硬件状态 ========================
切片号 | 所属安全域 | 当前状态    | 路扩展 | LRU touched
------------------------------------------------------------------
  0    |   域0      | 正常运行   |  否   |  305499997
  1    |   域2      | 正常运行   |  是   |  305499993
  2    |   域2      | 正常运行   |  是   |  305500001
  3    |   域3      | 正常运行   |  否   |  305499898
==================================================================


======================== 切片硬件状态 ========================
切片号 | 所属安全域 | 当前状态    | 路扩展 | LRU touched
------------------------------------------------------------------
  0    |   域0      | 正常运行   |  否   |  305999996
  1    |   域2      | 正常运行   |  是   |  305999983
  2    |   域2      | 正常运行   |  是   |  305999997
  3    |   域3      | 正常运行   |  否   |  306000000
==================================================================

[动态重分配] 周期306000000：预约迁移 冗余域2(1%) -> 切片1 -> 饥饿域3(9%)
[切片剥夺] 周期306000000：切片1（所属域2）进入待剥夺状态，禁止新替换
[切片剥夺] 周期306000000：切片1在途请求已清空，开始执行脏行写回
[切片剥夺] 周期306000000：切片1无脏行，直接完成剥夺
[切片管理] 周期306000001：原域2仅剩1个切片，关闭路扩展模式
[动态重分配] 周期306000001：切片1写回完成，自动绑定到域3
[切片管理] 成功绑定切片1 → 安全域3，触发【路扩展模式】

======================== 切片硬件状态 ========================
切片号 | 所属安全域 | 当前状态    | 路扩展 | LRU touched
------------------------------------------------------------------
  0    |   域0      | 正常运行   |  否   |  305999996
  1    |   域3      | 正常运行   |  是   |  306000001
  2    |   域2      | 正常运行   |  否   |  305999997
  3    |   域3      | 正常运行   |  是   |  306000000
==================================================================


======================== 切片硬件状态 ========================
切片号 | 所属安全域 | 当前状态    | 路扩展 | LRU touched
------------------------------------------------------------------
  0    |   域0      | 正常运行   |  否   |  306999997
  1    |   域3      | 正常运行   |  是   |  306999985
  2    |   域2      | 正常运行   |  否   |  306999998
  3    |   域3      | 正常运行   |  是   |  306999994
==================================================================

[动态重分配] 周期307000000：预约迁移 冗余域3(0%) -> 切片3 -> 饥饿域2(22%)
[切片剥夺] 周期307000000：切片3（所属域3）进入待剥夺状态，禁止新替换
[切片剥夺] 周期307000000：切片3在途请求已清空，开始执行脏行写回
[切片剥夺] 周期307000000：切片3无脏行，直接完成剥夺
[切片管理] 周期307000001：原域3仅剩1个切片，关闭路扩展模式
[动态重分配] 周期307000001：切片3写回完成，自动绑定到域2
[切片管理] 成功绑定切片3 → 安全域2，触发【路扩展模式】

======================== 切片硬件状态 ========================
切片号 | 所属安全域 | 当前状态    | 路扩展 | LRU touched
------------------------------------------------------------------
  0    |   域0      | 正常运行   |  否   |  306999997
  1    |   域3      | 正常运行   |  否   |  306999985
  2    |   域2      | 正常运行   |  是   |  306999998
  3    |   域2      | 正常运行   |  是   |  307000001
==================================================================


======================== 切片硬件状态 ========================
切片号 | 所属安全域 | 当前状态    | 路扩展 | LRU touched
------------------------------------------------------------------
  0    |   域0      | 正常运行   |  否   |  309500000
  1    |   域3      | 正常运行   |  否   |  309500000
  2    |   域2      | 正常运行   |  是   |  309499989
  3    |   域2      | 正常运行   |  是   |  309499979
==================================================================

[动态重分配] 周期309500000：预约迁移 冗余域2(0%) -> 切片2 -> 饥饿域3(9%)
[切片剥夺] 周期309500000：切片2（所属域2）进入待剥夺状态，禁止新替换
[切片剥夺] 周期309500000：切片2在途请求已清空，开始执行脏行写回
[切片剥夺] 周期309500000：切片2无脏行，直接完成剥夺
[切片管理] 周期309500001：原域2仅剩1个切片，关闭路扩展模式
[动态重分配] 周期309500001：切片2写回完成，自动绑定到域3
[切片管理] 成功绑定切片2 → 安全域3，触发【路扩展模式】

======================== 切片硬件状态 ========================
切片号 | 所属安全域 | 当前状态    | 路扩展 | LRU touched
------------------------------------------------------------------
  0    |   域0      | 正常运行   |  否   |  309500000
  1    |   域3      | 正常运行   |  是   |  309500000
  2    |   域3      | 正常运行   |  是   |  309500001
  3    |   域2      | 正常运行   |  否   |  309499979
==================================================================


======================== 切片硬件状态 ========================
切片号 | 所属安全域 | 当前状态    | 路扩展 | LRU touched
------------------------------------------------------------------
  0    |   域0      | 正常运行   |  否   |  310000000
  1    |   域3      | 正常运行   |  是   |  309999994
  2    |   域3      | 正常运行   |  是   |  309999932
  3    |   域2      | 正常运行   |  否   |  309999996
==================================================================

[动态重分配] 周期310000000：预约迁移 冗余域3(0%) -> 切片1 -> 饥饿域2(22%)
[切片剥夺] 周期310000000：切片1（所属域3）进入待剥夺状态，禁止新替换
[切片剥夺] 周期310000000：切片1在途请求已清空，开始执行脏行写回
[切片剥夺] 周期310000000：切片1无脏行，直接完成剥夺
[切片管理] 周期310000001：原域3仅剩1个切片，关闭路扩展模式
[动态重分配] 周期310000001：切片1写回完成，自动绑定到域2
[切片管理] 成功绑定切片1 → 安全域2，触发【路扩展模式】

======================== 切片硬件状态 ========================
切片号 | 所属安全域 | 当前状态    | 路扩展 | LRU touched
------------------------------------------------------------------
  0    |   域0      | 正常运行   |  否   |  310000000
  1    |   域2      | 正常运行   |  是   |  310000001
  2    |   域3      | 正常运行   |  否   |  309999932
  3    |   域2      | 正常运行   |  是   |  309999996
==================================================================


======================== 切片硬件状态 ========================
切片号 | 所属安全域 | 当前状态    | 路扩展 | LRU touched
------------------------------------------------------------------
  0    |   域0      | 正常运行   |  否   |  310499997
  1    |   域2      | 正常运行   |  是   |  310499968
  2    |   域3      | 正常运行   |  否   |  310499997
  3    |   域2      | 正常运行   |  是   |  310499985
==================================================================

[动态重分配] 周期310500000：预约迁移 冗余域2(1%) -> 切片3 -> 饥饿域3(9%)
[切片剥夺] 周期310500000：切片3（所属域2）进入待剥夺状态，禁止新替换
[切片剥夺] 周期310500000：切片3在途请求已清空，开始执行脏行写回
[切片剥夺] 周期310500000：切片3无脏行，直接完成剥夺
[切片管理] 周期310500001：原域2仅剩1个切片，关闭路扩展模式
[动态重分配] 周期310500001：切片3写回完成，自动绑定到域3
[切片管理] 成功绑定切片3 → 安全域3，触发【路扩展模式】

======================== 切片硬件状态 ========================
切片号 | 所属安全域 | 当前状态    | 路扩展 | LRU touched
------------------------------------------------------------------
  0    |   域0      | 正常运行   |  否   |  310500001
  1    |   域2      | 正常运行   |  否   |  310500001
  2    |   域3      | 正常运行   |  是   |  310499997
  3    |   域3      | 正常运行   |  是   |  310500001
==================================================================


======================== 切片硬件状态 ========================
切片号 | 所属安全域 | 当前状态    | 路扩展 | LRU touched
------------------------------------------------------------------
  0    |   域0      | 正常运行   |  否   |  312499997
  1    |   域2      | 正常运行   |  否   |  312499993
  2    |   域3      | 正常运行   |  是   |  312499993
  3    |   域3      | 正常运行   |  是   |  312499933
==================================================================

[动态重分配] 周期312500000：预约迁移 冗余域3(0%) -> 切片2 -> 饥饿域2(22%)
[切片剥夺] 周期312500000：切片2（所属域3）进入待剥夺状态，禁止新替换
[切片剥夺] 周期312500000：切片2在途请求已清空，开始执行脏行写回
[切片剥夺] 周期312500000：切片2无脏行，直接完成剥夺
[切片管理] 周期312500001：原域3仅剩1个切片，关闭路扩展模式
[动态重分配] 周期312500001：切片2写回完成，自动绑定到域2
[切片管理] 成功绑定切片2 → 安全域2，触发【路扩展模式】

======================== 切片硬件状态 ========================
切片号 | 所属安全域 | 当前状态    | 路扩展 | LRU touched
------------------------------------------------------------------
  0    |   域0      | 正常运行   |  否   |  312500001
  1    |   域2      | 正常运行   |  是   |  312499993
  2    |   域2      | 正常运行   |  是   |  312500001
  3    |   域3      | 正常运行   |  否   |  312499933
==================================================================


======================== 切片硬件状态 ========================
切片号 | 所属安全域 | 当前状态    | 路扩展 | LRU touched
----------------- dgeqr2_-------------------------------------------------
  0    |   域0      | 正常运行   |  否   |  312999997
  1    |   域2      | 正常运行   |  是   |  312999992
  2    |   域2      | 正常运行   |  是   |  312999972
  3    |   域3      | 正常运行   |  否   |  312999986
==================================================================

[动态重分配] 周期313000000：预约迁移 冗余域2(1%) -> 切片1 -> 饥饿域3(9%)
[切片剥夺] 周期313000000：切片1（所属域2）进入待剥夺状态，禁止新替换
[切片剥夺] 周期313000000：切片1在途请求已清空，开始执行脏行写回
[切片剥夺] 周期313000000：切片1无脏行，直接完成剥夺
[切片管理] 周期313000001：原域2仅剩1个切片，关闭路扩展模式
[动态重分配] 周期313000001：切片1写回完成，自动绑定到域3
[切片管理] 成功绑定切片1 → 安全域3，触发【路扩展模式】

======================== 切片硬件状态 ========================
切片号 | 所属安全域 | 当前状态    | 路扩展 | LRU touched
------------------------------------------------------------------
  0    |   域0      | 正常运行   |  否   |  312999997
  1    |   域3      | 正常运行   |  是   |  313000001
  2    |   域2      | 正常运行   |  否   |  313000001
  3    |   域3      | 正常运行   |  是   |  312999986
==================================================================


======================== 切片硬件状态 ========================
切片号 | 所属安全域 | 当前状态    | 路扩展 | LRU touched
------------------------------------------------------------------
  0    |   域0      | 正常运行   |  否   |  313499991
  1    |   域3      | 正常运行   |  是   |  313499797
  2    |   域2      | 正常运行   |  否   |  313499998
  3    |   域3      | 正常运行   |  是   |  313499999
==================================================================

[动态重分配] 周期313500000：预约迁移 冗余域3(0%) -> 切片3 -> 饥饿域2(22%)
[切片剥夺] 周期313500000：切片3（所属域3）进入待剥夺状态，禁止新替换
[切片剥夺] 周期313500000：切片3在途请求已清空，开始执行脏行写回
[切片剥夺] 周期313500000：切片3无脏行，直接完成剥夺
[切片管理] 周期313500001：原域3仅剩1个切片，关闭路扩展模式
[动态重分配] 周期313500001：切片3写回完成，自动绑定到域2
[切片管理] 成功绑定切片3 → 安全域2，触发【路扩展模式】

======================== 切片硬件状态 ========================
切片号 | 所属安全域 | 当前状态    | 路扩展 | LRU touched
------------------------------------------------------------------
  0    |   域0      | 正常运行   |  否   |  313500001
  1    |   域3      | 正常运行   |  否   |  313499797
  2    |   域2      | 正常运行   |  是   |  313499998
  3    |   域2      | 正常运行   |  是   |  313500001
==================================================================


======================== 切片硬件状态 ========================
切片号 | 所属安全域 | 当前状态    | 路扩展 | LRU touched
------------------------------------------------------------------
  0    |   域0      | 正常运行   |  否   |  327499891
  1    |   域3      | 正常运行   |  否   |  327499992
  2    |   域2      | 正常运行   |  是   |  327499995
  3    |   域2      | 正常运行   |  是   |  327499992
==================================================================

[动态重分配] 周期327500000：预约迁移 冗余域2(0%) -> 切片2 -> 饥饿域3(9%)
[切片剥夺] 周期327500000：切片2（所属域2）进入待剥夺状态，禁止新替换
[切片剥夺] 周期327500000：切片2在途请求已清空，开始执行脏行写回
[切片剥夺] 周期327500000：切片2无脏行，直接完成剥夺
[切片管理] 周期327500001：原域2仅剩1个切片，关闭路扩展模式
[动态重分配] 周期327500001：切片2写回完成，自� dgeqrf_�绑定到域3
[切片管理] 成功绑定切片2 → 安全域3，触发【路扩展模式】

======================== 切片硬件状态 ========================
切片号 | 所属安全域 | 当前状态    | 路扩展 | LRU touched
------------------------------------------------------------------
  0    |   域0      | 正常运行   |  否   |  327499891
  1    |   域3      | 正常运行   |  是   |  327499992
  2    |   域3      | 正常运行   |  是   |  327500001
  3    |   域2      | 正常运行   |  否   |  327499992
==================================================================


======================== 切片硬件状态 ========================
切片号 | 所属安全域 | 当前状态    | 路扩展 | LRU touched
------------------------------------------------------------------
  0    |   域0      | 正常运行   |  否   |  327999999
  1    |   域3      | 正常运行   |  是   |  327999975
  2    |   域3      | 正常运行   |  是   |  327999999
  3    |   域2      | 正常运行   |  否   |  327999998
==================================================================

[动态重分配] 周期328000000：预约迁移 冗余域3(0%) -> 切片1 -> 饥饿域2(21%)
[切片剥夺] 周期328000000：切片1（所属域3）进入待剥夺状态，禁止新替换
[切片剥夺] 周期328000000：切片1在途请求已清空，开始执行脏行写回
[切片剥夺] 周期328000000：切片1无脏行，直接完成剥夺
[切片管理] 周期328000001：原域3仅剩1个切片，关闭路扩展模式
[动态重分配] 周期328000001：切片1写回完成，自动绑定到域2
[切片管理] 成功绑定切片1 → 安全域2，触发【路扩展模式】

======================== 切片硬件状态 ========================
切片号 | 所属安全域 | 当前状态    | 路扩展 | LRU touched
------------------------------------------------------------------
  0    |   域0      | 正常运行   |  否   |  327999999
  1    |   域2      | 正常运行   |  是   |  328000001
  2    |   域3      | 正常运行   |  否   |  327999999
  3    |   域2      | 正常运行   |  是   |  327999998
==================================================================


======================== 切片硬件状态 ========================
切片号 | 所属安全域 | 当前状态    | 路扩展 | LRU touched
------------------------------------------------------------------
  0    |   域0      | 正常运行   |  否   |  372500000
  1    |   域2      | 正常运行   |  是   |  372499993
  2    |   域3      | 正常运行   |  否   |  372499989
  3    |   域2      | 正常运行   |  是   |  372499985
==================================================================

[动态重分配] 周期372500000：预约迁移 冗余域2(0%) -> 切片3 -> 饥饿域3(9%)
[切片剥夺] 周期372500000：切片3（所属域2）进入待剥夺状态，禁止新替换
[切片剥夺] 周期372500000：切片3在途请求已清空，开始执行脏行写回
[切片剥夺] 周期372500000：切片3无脏行，直接完成剥夺
[切片管理] 周期372500001：原域2仅剩1个切片，关闭路扩展模式
[动态重分配] 周期372500001：切片3写回完成，自动绑定到域3
[切片管理] 成功绑定切片3 → 安全域3，触发【路扩展模式】

======================== 切片硬件状态 ========================
切片号 | 所属安全域 | 当前状态    | 路扩展 | LRU touched
------------------------------------------------------------------
  0    |   域0      | 正常运行   |  否   |  372500000
  1    |   域2      | 正常运行   |  否   |  372499993
  2    |   域3      | 正常运行   |  是   |  372499989
  3    |   域3      | 正常运行   |  是   |  372500001
==================================================================


======================== 切片硬件状态 ========================
切片号 | 所属安全域 | 当前状态    | 路扩展 | LRU touched
------------------------------------------------------------------
  0    |   域0      | 正常运行   |  否   |  373000000
  1    |   域2      | 正常运行   |  否   |  372999998
  2    |   域3      | 正常运行   |  是   |  372999992
  3    |   域3      | 正常运行   |  是   |  372999951
==================================================================

[动态重分配] 周期373000000：预约迁移 冗余域3(0%) -> 切片2 -> 饥饿域2(21%)
[切片剥夺] 周期373000000：切片2（所属域3）进入待剥夺状态，禁止新替换
[切片剥夺] 周期373000000：切片2在途请求已清空，开始执行脏行写回
[切片剥夺] 周期373000000：切片2无脏行，直接完成剥夺
[切片管理] 周期373000001：原域3仅剩1个切片，关闭路扩展模式
[动态重分配] 周期373000001：切片2写回完成，自动绑定到域2
[切片管理] 成功绑定切片2 → 安全域2，触发【路扩展模式】

======================== 切片硬件状态 ========================
切片号 | 所属安全域 | 当前状态    | 路扩展 | LRU touched
------------------------------------------------------------------
  0    |   域0      | 正常运行   |  否   |  373000000
  1    |   域2      | 正常运行   |  是   |  372999998
  2    |   域2      | 正常运行   |  是   |  373000001
  3    |   域3      | 正常运行   |  否   |  372999951
==================================================================


======================== 切片硬件状态 ========================
切片号 | 所属安全域 | 当前状态    | 路扩展 | LRU touched
------------------------------------------------------------------
  0    |   域0      | 正常运行   |  否   |  374499993
  1    |   域2      | 正常运行   |  是   |  374499981
  2    |   域2      | 正常运行   |  是   |  374499989
  3    |   域3      | 正常运行   |  否   |  374499977
==================================================================

[动态重分配] 周期374500000：预约迁移 冗余域2(0%) -> 切片1 -> 饥饿域3(9%)
[切片剥夺] 周期374500000：切片1（所属域2）进入待剥夺状态，禁止新替换
[切片剥夺] 周期374500000：切片1在途请求已清空，开始执行脏行写回
[切片剥夺] 周期374500000：切片1无脏行，直接完成剥夺
[切片管理] 周期374500001：原域2仅剩1个切片，关闭路扩展模式
[动态重分配] 周期374500001：切片1写回完成，自动绑定到域3
[切片管理] 成功绑定切片1 → 安全域3，触发【路扩展模式】

======================== 切片硬件状态 ========================
切片号 | 所属安全域 | 当前状态    | 路扩展 | LRU touched
------------------------------------------------------------------
  0    |   域0      | 正常运行   |  否   |  374499993
  1    |   域3      | 正常运行   |  是   |  374500001
  2    |   域2      | 正常运行   |  否   |  374499989
  3    |   域3      | 正常运行   |  是   |  374499977
==================================================================


======================== 切片硬件状态 ========================
切片号 | 所属安全域 | 当前状态    | 路扩展 | LRU touched
------------------------------------------------------------------
  0    |   域0      | 正常运行   |  否   |  375499999
  1    |   域3      | 正常运行   |  是   |  375499676
  2    |   域2      | 正常运行   |  否   |  375499995
  3    |   域3      | 正常运行   |  是   |  375499978
==================================================================

[动态重分配] 周期375500000：预约迁移 冗余域3(0%) -> 切片3 -> 饥饿域2(22%)
[切片剥夺] 周期375500000：切片3（所属域3）进入待剥夺状态，禁止新替换
[切片剥夺] 周期375500000：切片3在途请求已清空，开始执行脏行写回
[切片剥夺] 周期375500000：切片3无脏行，直接完成剥夺
[切片管理] 周期375500001：原域3仅剩1个切片，关闭路扩展模式
[动态重分配] 周期375500001：切片3写回完成，自动绑定到域2
[切片管理] 成功绑定切片3 → 安全域2，触发【路扩展模式】

======================== 切片硬件状态 ========================
切片号 | 所属安全域 | 当前状态    | 路扩展 | LRU touched
------------------------------------------------------------------
  0    |   域0      | 正常运行   |  否   |  375499999
  1    |   域3      | 正常运行   |  否   |  375499676
  2    |   域2      | 正常运行   |  是   |  375499995
  3    |   域2      | 正常运行   |  是   |  375500001
==================================================================


======================== 切片硬件状态 ========================
切片号 | 所属安全域 | 当前状态    | 路扩展 | LRU touched
------------------------------------------------------------------
  0    |   域0      | 正常运行   |  否   |  375999978
  1    |   域3      | 正常运行   |  否   |  375999999
  2    |   域2      | 正常运行   |  是   |  375999997
  3    |   域2      | 正常运行   |  是   |  375999971
==================================================================

[动态重分配] 周期376000000：预约迁移 冗余域2(1%) -> 切片2 -> 饥饿域3(9%)
[切片剥夺] 周期376000000：切片2（所属域2）进入待剥夺状态，禁止新替换
[切片剥夺] 周期376000000：切片2在途请求已清空，开始执行脏行写回
[切片剥夺] 周期376000000：切片2无脏行，直接完成剥夺
[切片管理] 周期376000001：原域2仅剩1个切片，关闭路扩展模式
[动态重分配] 周期376000001：切片2写回完成，自动绑定到域3
[切片管理] 成功绑定切片2 → 安全域3，触发【路扩展模式】

======================== 切片硬件状态 ========================
切片号 | 所属安全域 | 当前状态    | 路扩展 | LRU touched
------------------------------------------------------------------
  0    |   域0      | 正常运行   |  否   |  375999978
  1    |   域3      | 正常运行   |  是   |  375999999
  2    |   域3      | 正常运行   |  是   |  376000001
  3    |   域2      | 正常运行   |  否   |  375999971
==================================================================


======================== 切片硬件状态 ========================
切片号 | 所属安全域 | 当前状态    | 路扩展 | LRU touched
------------------------------------------------------------------
  0    |   域0      | 正常运行   |  否   |  377500000
  1    |   域3      | 正常运行   |  是   |  377499970
  2    |   域3      | 正常运行   |  是   |  377499997
  3    |   域2      | 正常运行   |  否   |  377499990
==================================================================

[动态重分配] 周期377500000：预约迁移 冗余域3(0%) -> 切片1 -> 饥饿域2(22%)
[切片剥夺] 周期377500000：切片1（所属域3）进入待剥夺状态，禁止新替换
[切片剥夺] 周期377500000：切片1在途请求已清空，开始执行脏行写回
[切片剥夺] 周期377500000：切片1无脏行，直接完成剥夺
[切片管理] 周期377500001：原域3仅剩1个切片，关闭路扩展模式
[动态重分配] 周期377500001：切片1写回完成，自动绑定到域2
[切片管理] 成功绑定切片1 → 安全域2，触发【路扩展模式】

======================== 切片硬件状态 ========================
切片号 | 所属安全域 | 当前状态    | 路扩展 | LRU touched
------------------------------------------------------------------
  0    |   域0      | 正常运行   |  否   |  377500001
  1    |   域2      | 正常运行   |  是   |  377500001
  2    |   域3      | 正常运行   |  否   |  377499997
  3    |   域2      | 正常运行   |  是   |  377499990
==================================================================


======================== 切片硬件状态 ========================
切片号 | 所属安全域 | 当前状态    | 路扩展 | LRU touched
------------------------------------------------------------------
  0    |   域0      | 正常运行   |  否   |  378499922
  1    |   域2      | 正常运行   |  是   |  378499992
  2    |   域3      | 正常运行   |  否   |  378499990
  3    |   域2      | 正常运行   |  是   |  378499989
==================================================================

[动态重分配] 周期378500000：预约迁移 冗余域2(0%) -> 切片3 -> 饥饿域3(9%)
[切片剥夺] 周期378500000：切片3（所属域2）进入待剥夺状态，禁止新替换
[切片剥夺] 周期378500000：切片3在途请求已清空，开始执行脏行写回
[切片剥夺] 周期378500000：切片3无脏行，直接完成剥夺
[切片管理] 周期378500001：原域2仅剩1个切片，关闭路扩展模式
[动态重分配] 周期378500001：切片3写回完成，自动绑定到域3
[切片管理] 成功绑定切片3 → 安全域3，触发【路扩展模式】

======================== 切片硬件状态 ========================
切片号 | 所属安全域 | 当前状态    | 路扩展 | LRU touched
------------------------------------------------------------------
  0    |   域0      | 正常运行   |  否   |  378499922
  1    |   域2      | 正常运行   |  否   |  378499992
  2    |   域3      | 正常运行   |  是   |  378500001
  3    |   域3      | 正常运行   |  是   |  378500001
==================================================================


======================== 切片硬件状态 ========================
切片号 | 所属安全域 | 当前状态    | 路扩展 | LRU touched
------------------------------------------------------------------
  0    |   域0      | 正常运行   |  否   |  378999999
  1    |   域2      | 正常运行   |  否   |  378999995
  2    |   域3      | 正常运行   |  是   |  378999998
  3    |   域3      | 正常运行   |  是   |  378999976
==================================================================

[动态重分配] 周期379000000：预约迁移 冗余域3(0%) -> 切片2 -> 饥饿域2(21%)
[切片剥夺] 周期379000000：切片2（所属域3）进入待剥夺状态，禁止新替换
[切片剥夺] 周期379000000：切片2在途请求已清空，开始执行脏行写回
[切片剥夺] 周期379000000：切片2无脏行，直接完成剥夺
[切片管理] 周期379000001：原域3仅剩1个切片，关闭路扩展模式
[动态重分配] 周期379000001：切片2写回完成，自动绑定到域2
[切片管理] 成功绑定切片2 → 安全域2，触发【路扩展模式】

======================== 切片硬件状态 ========================
切片号 | 所属安全域 | 当前状态    | 路扩展 | LRU touched
------------------------------------------------------------------
  0    |   域0      | 正常运行   |  否   |  378999999
  1    |   域2      | 正常运行   |  是   |  378999995
  2    |   域2      | 正常运行   |  是   |  379000001
  3    |   域3      | 正常运行   |  否   |  378999976
==================================================================


======================== 切片硬件状态 ========================
切片号 | 所属安全域 | 当前状态    | 路扩展 | LRU touched
------------------------------------------------------------------
  0    |   域0      | 正常运行   |  否   |  383500000
  1    |   域2      | 正常运行   |  是   |  383499985
  2    |   域2      | 正常运行   |  是   |  383499986
  3    |   域3      | 正常运行   |  否   |  383499998
==================================================================

[动态重分配] 周期383500000：预约迁移 冗余域2(0%) -> 切片1 -> 饥饿域3(9%)
[切片剥夺] 周期383500000：切片1（所属域2）进入待剥夺状态，禁止新替换
[切片剥夺] 周期383500000：切片1在途请求已清空，开始执行脏行写回
[切片剥夺] 周期383500000：切片1无脏行，直接完成剥夺
[切片管理] 周期383500001：原域2仅剩1个切片，关闭路扩展模式
[动态重分配] 周期383500001：切片1写回完成，自动绑定到域3
[切片管理] 成功绑定切片1 → 安全域3，触发【路扩展模式】

======================== 切片硬件状态 ========================
切片号 | 所属安全域 | 当前状态    | 路扩展 | LRU touched
------------------------------------------------------------------
  0    |   域0      | 正常运行   |  否   |  383500001
  1    |   域3      | 正常运行   |  是   |  383500001
  2    |   域2      | 正常运行   |  否   |  383499986
  3    |   域3      | 正常运行   |  是   |  383500001
==================================================================


======================== 切片硬件状态 ========================
切片号 | 所属安全域 | 当前状态    | 路扩展 | LRU touched
------------------------------------------------------------------
  0    |   域0      | 正常运行   |  否   |  383999998
  1    |   域3      | 正常运行   |  是   |  383999806
  2    |   域2      | 正常运行   |  否   |  383999988
  3    |   域3      | 正常运行   |  是   |  383999988
==================================================================

[动态重分配] 周期384000000：预约迁移 冗余域3(0%) -> 切片3 -> 饥饿域2(22%)
[切片剥夺] 周期384000000：切片3（所属域3）进入待剥夺状态，禁止新替换
[切片剥夺] 周期384000000：切片3在途请求已清空，开始执行脏行写回
[切片剥夺] 周期384000000：切片3无脏行，直接完成剥夺
[切片管理] 周期384000001：原域3仅剩1个切片，关闭路扩展模式
[动态重分配] 周期384000001：切片3写回完成，自动绑定到域2
[切片管理] 成功绑定切片3 → 安全域2，触发【路扩展模式】

======================== 切片硬件状态 ========================
切片号 | 所属安全域 | 当前状态    | 路扩展 | LRU touched
------------------------------------------------------------------
  0    |   域0      | 正常运行   |  否   |  383999998
  1    |   域3      | 正常运行   |  否   |  383999806
  2    |   域2      | 正常运行   |  是   |  383999988
  3    |   域2      | 正常运行   |  是   |  384000001
==================================================================


======================== 切片硬件状态 ========================
切片号 | 所属安全域 | 当前状态    | 路扩展 | LRU touched
------------------------------------------------------------------
  0    |   域0      | 正常运行   |  否   |  384500000
  1    |   域3      | 正常运行   |  否   |  384499998
  2    |   域2      | 正常运行   |  是   |  384499993
  3    |   域2      | 正常运行   |  是   |  384500000
==================================================================

[动态重分配] 周期384500000：预约迁移 冗余域2(1%) -> 切片2 -> 饥饿域3(9%)
[切片剥夺] 周期384500000：切片2（所属域2）进入待剥夺状态，禁止新替换
[切片剥夺] 周期384500000：切片2在途请求已清空，开始执行脏行写回
[切片剥夺] 周期384500000：切片2无脏行，直接完成剥夺
[切片管理] 周期384500001：原域2仅剩1个切片，关闭路扩展模式
[动态重分配] 周期384500001：切片2写回完成，自动绑定到域3
[切片管理] 成功绑定切片2 → 安全域3，触发【路扩展模式】

======================== 切片硬件状态 ========================
切片号 | 所属安全域 | 当前状态    | 路扩展 | LRU touched
------------------------------------------------------------------
  0    |   域0      | 正常运行   |  否   |  384500001
  1    |   域3      | 正常运行   |  是   |  384499998
  2    |   域3      | 正常运行   |  是   |  384500001
  3    |   域2      | 正常运行   |  否   |  384500000
==================================================================


======================== 切片硬件状态 ========================
切片号 | 所属安全域 | 当前状态    | 路扩展 | LRU touched
------------------------------------------------------------------
  0    |   域0      | 正常运行   |  否   |  386499998
  1    |   域3      | 正常运行   |  是   |  386499981
  2    |   域3      | 正常运行   |  是   |  386499983
  3    |  dger_  域2      | 正常运行   |  否   |  386499996
==================================================================

[动态重分配] 周期386500000：预约迁移 冗余域3(0%) -> 切片1 -> 饥饿域2(22%)
[切片剥夺] 周期386500000：切片1（所属域3）进入待剥夺状态，禁止新替换
[切片剥夺] 周期386500000：切片1在途请求已清空，开始执行脏行写回
[切片剥夺] 周期386500000：切片1无脏行，直接完成剥夺
[切片管理] 周期386500001：原域3仅剩1个切片，关闭路扩展模式
[动态重分配] 周期386500001：切片1写回完成，自动绑定到域2
[切片管理] 成功绑定切片1 → 安全域2，触发【路扩展模式】

======================== 切片硬件状态 ========================
切片号 | 所属安全域 | 当前状态    | 路扩展 | LRU touched
------------------------------------------------------------------
  0    |   域0      | 正常运行   |  否   |  386499998
  1    |   域2      | 正常运行   |  是   |  386500001
  2    |   域3      | 正常运行   |  否   |  386499983
  3    |   域2      | 正常运行   |  是   |  386499996
==================================================================


**** Debug Statistics at 401000000 Cycles *****
Threads: 4		Fetch Width: 8
No of useful instructions fetched:	1817795699 (56.66% proc util.)
No of total instructions fetched:	2214871147 (69.04% proc util.)
 includes 62412160 misfetch (2.8%), 334663288 (15.1%) wrong-path fetches
 and 0 flushed after failed lock(0.0%)
No of useful instructions issued/executed:	1817795650 (56.66% proc util.)
No of total instructions issued/executed:	1962638150 (61.18% proc util.)
 includes 144842500 wrong-path (7.4%) insts and 0 flushed (0.0%)
	fp 35412, 0.00%
	synch 0, 0.00%
	integer 1631367995, 83.12%
	load/store 331234743, 16.88%
Avg size of int IQ (before scheduling): 35.03
Avg size of fp IQ (before scheduling): 0.00
No of cycles taken:		401000000
Parallelism [ 1.353, 0.000, 1.568, 1.613,] = 4.533
 IQ conflicts: 1186362 (0.30%), FQ conflicts: 0 (0.00%) 
 I reg conflicts: 79024127 (19.71%), FP reg conflicts: 0 (0.00%)
  Activelist confs: 919 (0.00%), ROB confs: 306478 (0.08%)
  Int unit conflicts: 806475637 (201.12%), FP unit conflicts: 6 (0.00%)
  Load/store unit conflicts: 26693624 (6.66%)
  MSHR conflicts: 14361985 (3.58%)
----------------------------------------
==== System-wide Cache Statistics ====
Stall for miss queue full 890 cycles (0.00%)
----------------------------------------
==== Statistics for Master ID: 0 ====
Reads: 421739579   Writes: 74449539
ICACHE: size: 64 KB assoc: 2
ICACHE: hits:234330812 misses:2409490  Hit Ratio: 98.98%
DCACHE: size: 1*16 KB assoc: 1*4
DCACHE: hits:253237726 misses:6211924 writebacks:2028756  Hit Ratio: 97.61%
SCACHE: size: 512 KB assoc: 2
SCACHE: hits:7603712 misses:1016868  Hit Ratio: 88.20%
3CACHE: size: 4096 KB assoc: 2
3CACHE: hits:836866 misses:180002  Hit Ratio: 82.30%
3CACHE: dirty items replaced:45092
ITLB: size: 48, misses 103317, miss rate 0.04%
DTLB: size: 128, misses 153608, miss rate 0.06%
Avg mem delay: 1.035 cycles
----------------------------------------
==== Statistics for Master ID: 2 ====
Reads: 229864547   Writes: 39
ICACHE: size: 64 KB assoc: 2
ICACHE: hits:192389681 misses:400  Hit Ratio: 100.00%
DCACHE: size: 2*16 KB assoc: 2*4
DCACHE: hits:36172518 misses:1301988 writebacks:17  Hit Ratio: 96.53%
SCACHE: size: 512 KB assoc: 2
SCACHE: hits:1218091 misses:84296  Hit Ratio: 93.53%
3CACHE: size: 4096 KB assoc: 2
3CACHE: hits:82003 misses:2293  Hit Ratio: 97.28%
3CACHE: dirty items replaced:387
ITLB: size: 48, misses 4, miss rate 0.00%
DTLB: size: 128, misses 1135, miss rate 0.00%
Avg mem delay: 1.035 cycles
----------------------------------------
==== Statistics for Master ID: 3 ====
Reads: 229187508   Writes: 5128
ICACHE: size: 64 KB assoc: 2
ICACHE: hits:195641430 misses:1116  Hit Ratio: 100.00%
DCACHE: size: 1*16 KB assoc: 1*4
DCACHE: hits:30717849 misses:2832240 writebacks:323  Hit Ratio: 91.56%
SCACHE: size: 512 KB assoc: 2
SCACHE: hits:2769747 misses:63608  Hit Ratio: 97.76%
3CACHE: size: 4096 KB assoc: 2
3CACHE: hits:63138 misses:470  Hit Ratio: 99.26%
3CACHE: dirty items replaced:25
ITLB: size: 48, misses 1, miss rate 0.00%
DTLB: size: 128, misses 1445, miss rate 0.00%
Avg mem delay: 1.035 cycles
----------------------------------------
==== Global Resource Utilization ====
STASH: size: 65536 entries, full 2260518660, empty 52357057, misses 4640338, full rate 97.54
icache bank util. 0.428 0.297 0.148 0.078 0.082 0.078 0.138 0.327 
dcache bank util. 0.104 0.097 0.102 0.109 0.106 0.147 0.143 0.108 
L2 bank util. 0.023 0.024 0.023 0.024 0.023 0.022 0.024 0.023 
L1-L2 bus util. = 0.111, L3 util. = 0.005
----------------------------------------

======================== 切片硬件状态 ========================
切片号 | 所属安全域 | 当前状态    | 路扩展 | LRU touched
------------------------------------------------------------------
  0    |   域0      | 正常运行   |  否   |  400999996
  1    |   域2      | 正常运行   |  是   |  400999981
  2    |   域3      | 正常运行   |  否   |  400999997
  3    |   域2      | 正常运行   |  是   |  400999987
==================================================================

branch prediction, hits = 137515038, misses = 12055680, hit rate = 91.94%
return_stack prediction, hits = 6849067, misses = 6698, hit rate = 99.90%
jump prediction, hits = 162192623, misses = 14513125, hit rate = 91.79%

======================== 切片硬件状态 ========================
切片号 | 所属安全域 | 当前状态    | 路扩展 | LRU touched
------------------------------------------------------------------
  0    |   域0      | 正常运行   |  否   |  405999994
  1    |   域2      | 正常运行   |  是   |  405999984
  2    |   域3      | 正常运行   |  否   |  405999986
  3    |   域2      | 正常运行   |  是   |  405999993
==================================================================

[动态重分配] 周期406000000：预约迁移 冗余域2(0%) -> 切片3 -> 饥饿域3(9%)
[切片剥夺] 周期406000000：切片3（所属域2）进入待剥夺状态，禁止新替换
[切片剥夺] 周期406000000：切片3在途请求已清空，开始执行脏行写回
[切片剥夺] 周期406000000：切片3无脏行，直接完成剥夺
[切片管理] 周期406000001：原域2仅剩1个切片，关闭路扩展模式
[动态重分配] 周期406000001：切片3写回完成，自动绑定到域3
[切片管理] 成功绑定切片3 → 安全域3，触发【路扩展模式】

======================== 切片硬件状态 ========================
切片号 | 所属安全域 | 当前状态    | 路扩展 | LRU touched
------------------------------------------------------------------
  0    |   域0      | 正常运行   |  否   |  406000001
  1    |   域2      | 正常运行   |  否   |  405999984
  2    |   域3      | 正常运行   |  是   |  405999986
  3    |   域3      | 正常运行   |  是   |  406000001
==================================================================


======================== 切片硬件状态 ========================
切片号 | 所属安全域 | 当前状态    | 路扩展 | LRU touched
------------------------------------------------------------------
  0    |   域0      | 正常运行   |  否   |  406499995
  1    |   域2      | 正常运行   |  否   |  406499999
  2    |   域3      | 正常运行   |  是   |  406499987
  3    |   域3      | 正常运行   |  是   |  406499890
==================================================================

[动态重分配] 周期406500000：预约迁移 冗余域3(0%) -> 切片2 -> 饥饿域2(22%)
[切片剥夺] 周期406500000：切片2（所属域3）进入待剥夺状态，禁止新替换
[切片剥夺] 周期406500000：切片2在途请求已清空，开始执行脏行写回
[切片剥夺] 周期406500000：切片2无脏行，直接完成剥夺
[切片管理] 周期406500001：原域3仅剩1个切片，关闭路扩展模式
[动态重分配] 周期406500001：切片2写回完成，自动绑定到域2
[切片管理] 成功绑定切片2 → 安全域2，触发【路扩展模式】

======================== 切片硬件状态 ========================
切片号 | 所属安全域 | 当前状态    | 路扩展 | LRU touched
------------------------------------------------------------------
  0    |   域0      | 正常运行   |  否   |  406499995
  1    |   域2      | 正常运行   |  是   |  406499999
  2    |   域2      | 正常运行   |  是   |  406500001
  3    |   域3      | 正常运行   |  否   |  406499890
==================================================================


======================== 切片硬件状态 ========================
切片号 | 所属安全域 | 当前状态    | 路扩展 | LRU touched
------------------------------------------------------------------
  0    |   域0      | 正常运行   |  否   |  406999998
  1    |   域2      | 正常运行   |  是   |  406999997
  2    |   域2      | 正常运行   |  是   |  406999988
  3    |   域3      | 正常运行   |  否   |  406999988
==================================================================

[动态重分配] 周期407000000：预约迁移 冗余域2(1%) -> 切片1 -> 饥饿域3(9%)
[切片剥夺] 周期407000000：切片1（所属域2）进入待剥夺状态，禁止新替换
[切片剥夺] 周期407000000：切片1在途请求已清空，开始执行脏行写回
[切片剥夺] 周期407000000：切片1无脏行，直� dlabad_��完成剥夺
[切片管理] 周期407000001：原域2仅剩1个切片，关闭路扩展模式
[动态重分配] 周期407000001：切片1写回完成，自动绑定到域3
[切片管理] 成功绑定切片1 → 安全域3，触发【路扩展模式】

======================== 切片硬件状态 ========================
切片号 | 所属安全域 | 当前状态    | 路扩展 | LRU touched
------------------------------------------------------------------
  0    |   域0      | 正常运行   |  否   |  406999998
  1    |   域3      | 正常运行   |  是   |  407000001
  2    |   域2      | 正常运行   |  否   |  406999988
  3    |   域3      | 正常运行   |  是   |  406999988
==================================================================


======================== 切片硬件状态 ========================
切片号 | 所属安全域 | 当前状态    | 路扩展 | LRU touched
------------------------------------------------------------------
  0    |   域0      | 正常运行   |  否   |  409000000
  1    |   域3      | 正常运行   |  是   |  408999994
  2    |   域2      | 正常运行   |  否   |  409000000
  3    |   域3      | 正常运行   |  是   |  409000000
==================================================================

[动态重分配] 周期409000000：预约迁移 冗余域3(0%) -> 切片3 -> 饥饿域2(22%)
[切片剥夺] 周期409000000：切片3（所属域3）进入待剥夺状态，禁止新替换
[切片剥夺] 周期409000000：切片3在途请求已清空，开始执行脏行写回
[切片剥夺] 周期409000000：切片3无脏行，直接完成剥夺
[切片管理] 周期409000001：原域3仅剩1个切片，关闭路扩展模式
[动态重分配] 周期409000001：切片3写回完成，自动绑定到域2
[切片管理] 成功绑定切片3 → 安全域2，触发【路扩展模式】

======================== 切片硬件状态 ========================
切片号 | 所属安全域 | 当前状态    | 路扩展 | LRU touched
------------------------------------------------------------------
  0    |   域0      | 正常运行   |  否   |  409000000
  1    |   域3      | 正常运行   |  否   |  408999994
  2    |   域2      | 正常运行   |  是   |  409000000
  3    |   域2      | 正常运行   |  是   |  409000001
==================================================================


======================== 切片硬件状态 ========================
切片号 | 所属安全域 | 当前状态    | 路扩展 | LRU touched
------------------------------------------------------------------
  0    |   域0      | 正常运行   |  否   |  413499988
  1    |   域3      | 正常运行   |  否   |  413499999
  2    |   域2      | 正常运行   |  是   |  413499999
  3    |   域2      | 正常运行   |  是   |  413499993
==================================================================

[动态重分配] 周期413500000：预约迁移 冗余域2(0%) -> 切片2 -> 饥饿域3(9%)
[切片剥夺] 周期413500000：切片2（所属域2）进入待剥夺状态，禁止新替换
[切片剥夺] 周期413500000：切片2在途请求已清空，开始执行脏行写回
[切片剥夺] 周期413500000：切片2无脏行，直接完成剥夺
[切片管理] 周期413500001：原域2仅剩1个切片，关闭路扩展模式
[动态重分配] 周期413500001：切片2写回完成，自动绑定到域3
[切片管理] 成功绑定切片2 → 安全域3，触发【路扩展模式】

======================== 切片硬件状态 ========================
切片号 | 所属安全域 | 当前状态    | 路扩展 | LRU touched
------------------------------------------------------------------
  0    |   域0      | 正常运行   |  否   |  413499988
  1    |   域3      | 正常运行   |  是   |  413499999
  2    |   域3      | 正常运行   |  是   |  413500001
  3    |   域2      | 正常运行   |  否   |  413499993
==================================================================


======================== 切片硬件状态 ========================
切片号  dlacon_| 所属安全域 | 当前状态    | 路扩展 | LRU touched
------------------------------------------------------------------
  0    |   域0      | 正常运行   |  否   |  413999975
  1    |   域3      | 正常运行   |  是   |  414000000
  2    |   域3      | 正常运行   |  是   |  413999879
  3    |   域2      | 正常运行   |  否   |  414000000
==================================================================

[动态重分配] 周期414000000：预约迁移 冗余域3(0%) -> 切片1 -> 饥饿域2(22%)
[切片剥夺] 周期414000000：切片1（所属域3）进入待剥夺状态，禁止新替换
[切片剥夺] 周期414000000：切片1在途请求已清空，开始执行脏行写回
[切片剥夺] 周期414000000：切片1无脏行，直接完成剥夺
[切片管理] 周期414000001：原域3仅剩1个切片，关闭路扩展模式
[动态重分配] 周期414000001：切片1写回完成，自动绑定到域2
[切片管理] 成功绑定切片1 → 安全域2，触发【路扩展模式】

======================== 切片硬件状态 ========================
切片号 | 所属安全域 | 当前状态    | 路扩展 | LRU touched
------------------------------------------------------------------
  0    |   域0      | 正常运行   |  否   |  413999975
  1    |   域2      | 正常运行   |  是   |  414000001
  2    |   域3      | 正常运行   |  否   |  414000001
  3    |   域2      | 正常运行   |  是   |  414000000
==================================================================


======================== 切片硬件状态 ========================
切片号 | 所属安全域 | 当前状态    | 路扩展 | LRU touched
------------------------------------------------------------------
  0    |   域0      | 正常运行   |  否   |  427999999
  1    |   域2      | 正常运行   |  是   |  427999995
  2    |   域3      | 正常运行   |  否   |  427999993
  3    |   域2      | 正常运行   |  是   |  427999982
==================================================================

[动态重分配] 周期428000000：预约迁移 冗余域2(0%) -> 切片3 -> 饥饿域3(9%)
[切片剥夺] 周期428000000：切片3（所属域2）进入待剥夺状态，禁止新替换
[切片剥夺] 周期428000000：切片3在途请求已清空，开始执行脏行写回
[切片剥夺] 周期428000000：切片3无脏行，直接完成剥夺
[切片管理] 周期428000001：原域2仅剩1个切片，关闭路扩展模式
[动态重分配] 周期428000001：切片3写回完成，自动绑定到域3
[切片管理] 成功绑定切片3 → 安全域3，触发【路扩展模式】

======================== 切片硬件状态 ========================
切片号 | 所属安全域 | 当前状态    | 路扩展 | LRU touched
------------------------------------------------------------------
  0    |   域0      | 正常运行   |  否   |  428000001
  1    |   域2      | 正常运行   |  否   |  427999995
  2    |   域3      | 正常运行   |  是   |  427999993
  3    |   域3      | 正常运行   |  是   |  428000001
==================================================================


======================== 切片硬件状态 ========================
切片号 | 所属安全域 | 当前状态    | 路扩展 | LRU touched
------------------------------------------------------------------
  0    |   域0      | 正常运行   |  否   |  428499880
  1    |   域2      | 正常运行   |  否   |  428499984
  2    |   域3      | 正常运行   |  是   |  428499996
  3    |   域3      | 正常运行   |  是   |  428499792
==================================================================

[动态重分配] 周期428500000：预约迁移 冗余域3(0%) -> 切片2 -> 饥饿域2(22%)
[切片剥夺] 周期428500000：切片2（所属域3）进入待剥夺状态，禁止新替换
[切片剥夺] 周期428500000：切片2在途请求已清空，开始执行脏行写回
[切片剥夺] 周期428500000：切片2无脏行，直接完成剥夺
[切片管理] 周期428500001：原域3仅剩1个切片，关闭路扩展模式
[动态重分配] 周期428500001：切片2写回完成，自动绑定到域2
[切片管理] 成功绑定切片2 → 安全域2，触发【路扩展模式】

======================== 切片硬件状态 ========================
切片号 | 所属安全域 | 当前状态    | 路扩展 | LRU touched
------------------------------------------------------------------
  0    |   域0      | 正常运行   |  否   |  428499880
  1    |   域2      | 正常运行   |  是   |  428500001
  2    |   域2      | 正常运行   |  是   |  428500001
  3    |   域3      | 正常运行   |  否   |  428499792
==================================================================


======================== 切片硬件状态 ========================
切片号 | 所属安全域 | 当前状态    | 路扩展 | LRU touched
------------------------------------------------------------------
  0    |   域0      | 正常运行   |  否   |  429000000
  1    |   域2      | 正常运行   |  是   |  428999999
  2    |   域2      | 正常运行   |  是   |  428999921
  3    |   域3      | 正常运行   |  否   |  428999988
==================================================================

[动态重分配] 周期429000000：预约迁移 冗余域2(1%) -> 切片1 -> 饥饿域3(10%)
[切片剥夺] 周期429000000：切片1（所属域2）进入待剥夺状态，禁止新替换
[切片剥夺] 周期429000000：切片1在途请求已清空，开始执行脏行写回
[切片剥夺] 周期429000000：切片1无脏行，直接完成剥夺
[切片管理] 周期429000001：原域2仅剩1个切片，关闭路扩展模式
[动态重分配] 周期429000001：切片1写回完成，自动绑定到域3
[切片管理] 成功绑定切片1 → 安全域3，触发【路扩展模式】

======================== 切片硬件状态 ========================
切片号 | 所属安全域 | 当前状态    | 路扩展 | LRU touched
------------------------------------------------------------------
  0    |   域0      | 正常运行   |  否   |  429000000
  1    |   域3      | 正常运行   |  是   |  429000001
  2    |   域2      | 正常运行   |  否   |  428999921
  3    |   域3      | 正常运行   |  是   |  428999988
==================================================================


======================== 切片硬件状态 ========================
切片号 | 所属安全域 | 当前状态    | 路扩展 | LRU touched
------------------------------------------------------------------
  0    |   域0      | 正常运行   |  否   |  431000000
  1    |   域3      | 正常运行   |  是   |  430999842
  2    |   域2      | 正常运行   |  否   |  430999997
  3    |   域3      | 正常运行   |  是   |  430999999
==================================================================

[动态重分配] 周期431000000：预约迁移 冗余域3(0%) -> 切片3 -> 饥饿域2(22%)
[切片剥夺] 周期431000000：切片3（所属域3）进入待剥夺状态，禁止新替换
[切片剥夺] 周期431000000：切片3在途请求已清空，开始执行脏行写回
[切片剥夺] 周期431000000：切片3无脏行，直接完成剥夺
[切片管理] 周期431000001：原域3仅剩1个切片，关闭路扩展模式
[动态重分配] 周期431000001：切片3写回完成，自动绑定到域2
[切片管理] 成功绑定切片3 → 安全域2，触发【路扩展模式】

======================== 切片硬件状态 ========================
切片号 | 所属安全域 | 当前状态    | 路扩展 | LRU touched
------------------------------------------------------------------
  0    |   域0      | 正常运行   |  否   |  431000000
  1    |   域3      | 正常运行   |  否   |  430999842
  2    |   域2      | 正常运行   |  是   |  430999997
  3    |   域2      | 正常运行   |  是   |  431000001
==================================================================


======================== 切片硬件状态 ========================
切片号 | 所属安全域 | 当前状态    | 路扩展 | LRU touched
------------------------------------------------------------------
  0    |   域0      | 正常运行   |  否   |  431999998
  1    |   域3      | 正常运行   |  否   |  431999980
  2    |   域2      | 正常运行   |  是   |  431999999
  3    |   域2      | 正常运行   |  是   |  431999957
==================================================================

[动态重分配] 周期432000000：预约迁移 冗余域2(0%) -> 切片2 -> 饥饿域3(9%)
[切片剥夺] 周期432000000：切片2（所属域2）进入待剥夺状态，禁止新替换
[切片剥夺] 周期432000000：切片2在途请求已清空，开始执行脏行写回
[切片剥夺] 周期432000000：切片2无脏行，直接完成剥夺
[切片管理] 周期432000001：原域2仅剩1个切片，关闭路扩展模式
[动态重分配] 周期432000001：切片2写回完成，自动绑定到域3
[切片管理] 成功绑定切片2 → 安全域3，触发【路扩展模式】

======================== 切片硬件状态 ========================
切片号 | 所属安全域 | 当前状态    | 路扩展 | LRU touched
------------------------------------------------------------------
  0    |   域0      | 正常运行   |  否   |  431999998
  1    |   域3      | 正常运行   |  是   |  431999980
  2    |   域3      | 正常运行   |  是   |  432000001
  3    |   域2      | 正常运行   |  否   |  431999957
==================================================================


======================== 切片硬件状态 ========================
切片号 | 所属安全域 | 当前状态    | 路扩展 | LRU touched
------------------------------------------------------------------
  0    |   域0      | 正常运行   |  否   |  432500000
  1    |   域3      | 正常运行   |  是   |  432499996
  2    |   域3      | 正常运行   |  是   |  432499942
  3    |   域2      | 正常运行   |  否   |  432499987
==================================================================

[动态重分配] 周期432500000：预约迁移 冗余域3(0%) -> 切片1 -> 饥饿域2(22%)
[切片剥夺] 周期432500000：切片1（所属域3）进入待剥夺状态，禁止新替换
[切片剥夺] 周期432500000：切片1在途请求已清空，开始执行脏行写回
[切片剥夺] 周期432500000：切片1无脏行，直接完成剥夺
[切片管理] 周期432500001：原域3仅剩1个切片，关闭路扩展模式
[动态重分配] 周期432500001：切片1写回完成，自动绑定到域2
[切片管理] 成功绑定切片1 → 安全域2，触发【路扩展模式】

======================== 切片硬件状态 ========================
切片号 | 所属安全域 | 当前状态    | 路扩展 | LRU touched
------------------------------------------------------------------
  0    |   域0      | 正常运行   |  否   |  432500001
  1    |   域2      | 正常运行   |  是   |  432500001
  2    |   域3      | 正常运行   |  否   |  432500001
  3    |   域2      | 正常运行   |  是   |  432499987
==================================================================


======================== 切片硬件状态 ========================
切片号 | 所属安全域 | 当前状态    | 路扩展 | LRU touched
------------------------------------------------------------------
  0    |   域0      | 正常运行   |  否   |  434000000
  1    |   域2      | 正常运行   |  是   |  433999924
  2    |   域3      | 正常运行   |  否   |  433999992
  3    |   域2      | 正常运行   |  是   |  433999990
==================================================================

[动态重分配] 周期434000000：预约迁移 冗余域2(0%) -> 切片3 -> 饥饿域3(9%)
[切片剥夺] 周期434000000：切片3（所属域2）进入待剥夺状态，禁止新替换
[切片剥夺] 周期434000000：切片3在途请求已清空，开始执行脏行写回
[切片剥夺] 周期434000000：切片3无脏行，直接完成剥夺
[切片管理] 周期434000001：原域2仅剩1个切片，关闭路扩展模式
[动态重分配] 周期434000001：切片3写回完成，自� dlae2_��绑定到域3
[切片管理] 成功绑定切片3 → 安全域3，触发【路扩展模式】

======================== 切片硬件状态 ========================
切片号 | 所属安全域 | 当前状态    | 路扩展 | LRU touched
------------------------------------------------------------------
  0    |   域0      | 正常运行   |  否   |  434000001
  1    |   域2      | 正常运行   |  否   |  433999924
  2    |   域3      | 正常运行   |  是   |  433999992
  3    |   域3      | 正常运行   |  是   |  434000001
==================================================================


======================== 切片硬件状态 ========================
切片号 | 所属安全域 | 当前状态    | 路扩展 | LRU touched
------------------------------------------------------------------
  0    |   域0      | 正常运行   |  否   |  435000000
  1    |   域2      | 正常运行   |  否   |  434999993
  2    |   域3      | 正常运行   |  是   |  434999989
  3    |   域3      | 正常运行   |  是   |  434999762
==================================================================

[动态重分配] 周期435000000：预约迁移 冗余域3(0%) -> 切片2 -> 饥饿域2(22%)
[切片剥夺] 周期435000000：切片2（所属域3）进入待剥夺状态，禁止新替换
[切片剥夺] 周期435000000：切片2在途请求已清空，开始执行脏行写回
[切片剥夺] 周期435000000：切片2无脏行，直接完成剥夺
[切片管理] 周期435000001：原域3仅剩1个切片，关闭路扩展模式
[动态重分配] 周期435000001：切片2写回完成，自动绑定到域2
[切片管理] 成功绑定切片2 → 安全域2，触发【路扩展模式】

======================== 切片硬件状态 ========================
切片号 | 所属安全域 | 当前状态    | 路扩展 | LRU touched
------------------------------------------------------------------
  0    |   域0      | 正常运行   |  否   |  435000001
  1    |   域2      | 正常运行   |  是   |  434999993
  2    |   域2      | 正常运行   |  是   |  435000001
  3    |   域3      | 正常运行   |  否   |  434999762
==================================================================


**** Early Exiting at 441364071 Cycles *****
========================================
 SMTSIM Global Statistics
========================================
Threads: 4		Fetch Width: 8
No of useful instructions fetched:	2000000107 (56.64% proc util.)
No of total instructions fetched:	2439194173 (69.08% proc util.)
 includes 68884055 misfetch (2.8%), 370310011 (15.2%) wrong-path fetches
 and 0 flushed after failed lock(0.0%)
No of useful instructions issued/executed:	2000000062 (56.64% proc util.)
No of total instructions issued/executed:	2160151796 (61.18% proc util.)
 includes 160151734 wrong-path (7.4%) insts and 0 flushed (0.0%)
	fp 39979, 0.00%
	synch 0, 0.00%
	integer 1795915478, 83.14%
	load/store 364196339, 16.86%
Avg size of int IQ (before scheduling): 35.01
Avg size of fp IQ (before scheduling): 0.00
No of cycles taken:		441364071
Parallelism [ 1.348, 0.000, 1.569, 1.615,] = 4.531
 IQ conflicts: 1245737 (0.28%), FQ conflicts: 0 (0.00%) 
 I reg conflicts: 86771342 (19.66%), FP reg conflicts: 0 (0.00%)
  Activelist confs: 936 (0.00%), ROB confs: 322752 (0.07%)
  Int unit conflicts: 885652297 (200.66%), FP unit conflicts: 6 (0.00%)
  Load/store unit conflicts: 29291182 (6.64%)
  MSHR conflicts: 15003236 (3.40%)
----------------------------------------
==== System-wide Cache Statistics ====
Stall for miss queue full 890 cycles (0.00%)
----------------------------------------
==== Statistics for Master ID: 0 ====
Reads: 463801614   Writes: 81697521
ICACHE: size: 64 KB assoc: 2
ICACHE: hits:257689159 misses:2708840  Hit Ratio: 98.96%
DCACHE: size: 1*16 KB assoc: 1*4
DCACHE: hits:278380694 misses:6721276 writebacks:2182137  Hit Ratio: 97.64%
SCACHE: size: 512 KB assoc: 2
SCACHE: hits:8300030 misses:1129252  Hit Ratio: 88.02%
3CACHE: size: 4096 KB assoc: 2
3CACHE: hits:933227 misses:196025  Hit Ratio: 82.64%
3CACHE: dirty items replaced:53008
ITLB: size: 48, misses 117426, miss rate 0.05%
DTLB: size: 128, misses 168613, miss rate 0.06%
Avg mem delay: 1.028 cycles
----------------------------------------
==== Statistics for Master ID: 2 ====
Reads: 253291228   Writes: 39
ICACHE: size: 64 KB assoc: 2
ICACHE: hits:212001269 misses:456  Hit Ratio: 100.00%
DCACHE: size: 2*16 KB assoc: 2*4
DCACHE: hits:39819124 misses:1470419 writebacks:17  Hit Ratio: 96.44%
SCACHE: size: 512 KB assoc: 2
SCACHE: hits:1376210 misses:94664  Hit Ratio: 93.56%
3CACHE: size: 4096 KB assoc: 2
3CACHE: hits:92311 misses:2353  Hit Ratio: 97.51%
3CACHE: dirty items replaced:415
ITLB: size: 48, misses 4, miss rate 0.00%
DTLB: size: 128, misses 1236, miss rate 0.00%
Avg mem delay: 1.028 cycles
----------------------------------------
==== Statistics for Master ID: 3 ====
Reads: 252577699   Writes: 5128
ICACHE: size: 64 KB assoc: 2
ICACHE: hits:215611273 misses:1229  Hit Ratio: 100.00%
DCACHE: size: 1*16 KB assoc: 1*4
DCACHE: hits:33866805 misses:3103519 writebacks:323  Hit Ratio: 91.61%
SCACHE: size: 512 KB assoc: 2
SCACHE: hits:3033541 misses:71207  Hit Ratio: 97.71%
3CACHE: size: 4096 KB assoc: 2
3CACHE: hits:70641 misses:566  Hit Ratio: 99.21%
3CACHE: dirty items replaced:52
ITLB: size: 48, misses 1, miss rate 0.00%
DTLB: size: 128, misses 1566, miss rate 0.00%
Avg mem delay: 1.028 cycles
----------------------------------------
==== Global Resource Utilization ====
STASH: size: 65536 entries, full 2488857318, empty 58411301, misses 5167750, full rate 97.51
icache bank util. 0.429 0.297 0.148 0.078 0.082 0.078 0.138 0.328 
dcache bank util. 0.103 0.097 0.103 0.109 0.105 0.147 0.143 0.108 
L2 bank util. 0.023 0.024 0.023 0.024 0.023 0.022 0.024 0.023 
L1-L2 bus util. = 0.110, L3 util. = 0.005
----------------------------------------

======================== 切片硬件状态 ========================
切片号 | 所属安全域 | 当前状态    | 路扩展 | LRU touched
------------------------------------------------------------------
  0    |   域0      | 正常运行   |  否   |  441364070
  1    |   域2      | 正常运行   |  是   |  441364070
  2    |   域2      | 正常运行   |  是   |  441364043
  3    |   域3      | 正常运行   |  否   |  441364064
==================================================================

branch prediction, hits = 150902060, misses = 13363734, hit rate = 91.86%
return_stack prediction, hits = 7537362, misses = 7604, hit rate = 99.90%
jump prediction, hits = 178237310, misses = 16033692, hit rate = 91.75%
total IPC 4.531

=== Results saved to: ./results/gcc-scilab_2_randacc_1_seqacc_1.txt ===
