测试组合（多线程优先）：gcc-200.arg2 + gzip-program.arg + randacc.arg
执行命令：./smtsim gcc-200.arg2 gzip-program.arg randacc.arg
==================================================

动态重分配参数：每50万周期检查，阈值5
Process 0, Thread 0: gcc-200
Process 0, Thread 1: gcc-200
Process 2, Thread 2: gzip-program
Process 3, Thread 3: randacc
[切片调度] 新安全域0无任何切片，尝试分配空闲切片
[切片管理] 成功绑定切片0 → 安全域0

======================== 切片硬件状态 ========================
切片号 | 所属安全域 | 当前状态    | 路扩展 | LRU touched
------------------------------------------------------------------
  0    |   域0      | 正常运行   |  否   |  0
  1    |   域-1     | 切片空闲   |  否   |  0
  2    |   域-1     | 切片空闲   |  否   |  0
  3    |   域-1     | 切片空闲   |  否   |  0
==================================================================

[切片管理] 成功绑定切片1 → 安全域0，触发【路扩展模式】

======================== 切片硬件状态 ========================
切片号 | 所属安全域 | 当前状态    | 路扩展 | LRU touched
------------------------------------------------------------------
  0    |   域0      | 正常运行   |  是   |  0
  1    |   域0      | 正常运行   |  是   |  0
  2    |   域-1     | 切片空闲   |  否   |  0
  3    |   域-1     | 切片空闲   |  否   |  0
==================================================================

[切片调度] 新安全域2无任何切片，尝试分配空闲切片
[切片管理] 成功绑定切片2 → 安全域2

======================== 切片硬件状态 ========================
切片号 | 所属安全域 | 当前状态    | 路扩展 | LRU touched
------------------------------------------------------------------
  0    |   域0      | 正常运行   |  是   |  320
  1    |   域0      | 正常运行   |  是   |  0
  2    |   域2      | 正常运行   |  否   |  0
  3    |   域-1     | 切片空闲   |  否   |  0
==================================================================

[切片管理] 成功绑定切片3 → 安全域2，触发【路扩展模式】

======================== 切片硬件状态 ========================
切片号 | 所属安全域 | 当前状态    | 路扩展 | LRU touched
------------------------------------------------------------------
  0    |   域0      | 正常运行   |  是   |  320
  1    |   域0      | 正常运行   |  是   |  0
  2    |   域2      | 正常运行   |  是   |  0
  3    |   域2      | 正常运行   |  是   |  0
==================================================================

[切片调度] 新安全域3无任何切片，尝试分配空闲切片
[切片调度] 新安全域3未找到空闲切片，尝试剥夺切片
[切片替换] 优先从【路扩展切片】中选择LRU替换目标...
[切片替换] 找到路扩展切片作为受害者：切片1（最后访问：0）
[切片调度] 安全域3触发切片剥夺：从域0剥夺切片1
[切片剥夺] 周期751：切片1（所属域0）进入待剥夺状态，禁止新替换
[切片剥夺] 周期751：切片1在途请求已清空，开始执行脏行写回
[切片剥夺] 周期751：切片1无脏行，直接完成剥夺
[切片管理] 周期751：原域0仅剩1个切片，关闭路扩展模式
[动态重分配] 周期751：切片1写回完成，自动绑定到域3
[切片管理] 成功绑定切片1 → 安全域3

======================== 切片硬件状态 ========================
切片号 | 所属安全域 | 当前状态    | 路扩展 | LRU touched
------------------------------------------------------------------
  0    |   域0      | 正常运行   |  否   |  320
  1    |   域3      | 正常运行   |  否   |  751
  2    |   域2      | 正常运行   |  是   |  751
  3    |   域2      | 正常运行   |  是   |  0
==================================================================

[切片唤醒] 周期751：域3切片就绪，唤醒等待指令

**** Debug Statistics at 1000000 Cycles *****
Threads: 4		Fetch Width: 8
No of useful instructions fetched:	1059927 (13.25% proc util.)
No of total instructions fetched:	1168583 (14.61% proc util.)
 includes 16015 misfetch (1.4%), 92641 (7.9%) wrong-path fetches
 and 0 flushed after failed lock(0.0%)
No of useful instructions issued/executed:	1059875 (13.25% proc util.)
No of total instructions issued/executed:	1099407 (13.74% proc util.)
 includes 39532 wrong-path (3.6%) insts and 0 flushed (0.0%)
	fp 73, 0.01%
	synch 0, 0.00%
	integer 881276, 80.16%
	load/store 218058, 19.83%
Avg size of int IQ (before scheduling): 31.65
Avg size of fp IQ (before scheduling): 0.00
No of cycles taken:		1000000
Parallelism [ 0.334, 0.000, 0.138, 0.588,] = 1.060
 IQ conflicts: 1259 (0.13%), FQ conflicts: 0 (0.00%) 
 I reg conflicts: 825153 (82.52%), FP reg conflicts: 0 (0.00%)
  Activelist confs: 0 (0.00%), ROB confs: 0 (0.00%)
  Int unit conflicts: 56696 (5.67%), FP unit conflicts: 0 (0.00%)
  Load/store unit conflicts: 13978 (1.40%)
  MSHR conflicts: 905648 (90.56%)
----------------------------------------
==== System-wide Cache Statistics ====
Stall for miss queue full 0 cycles (0.00%)
----------------------------------------
==== Statistics for Master ID: 0 ====
Reads: 175806   Writes: 51042
ICACHE: size: 64 KB assoc: 2
ICACHE: hits:108930 misses:1402  Hit Ratio: 98.73%
DCACHE: size: 1*16 KB assoc: 1*4
DCACHE: hits:113545 misses:2971 writebacks:2050  Hit Ratio: 97.45%
SCACHE: size: 512 KB assoc: 2
SCACHE: hits:656 misses:3717  Hit Ratio: 15.00%
3CACHE: size: 4096 KB assoc: 2
3CACHE: hits:44 misses:3672  Hit Ratio: 1.18%
3CACHE: dirty items replaced:0
ITLB: size: 48, misses 89, miss rate 0.08%
DTLB: size: 128, misses 403, miss rate 0.35%
Avg mem delay: 55.190 cycles
----------------------------------------
==== Statistics for Master ID: 2 ====
Reads: 106659   Writes: 22459
ICACHE: size: 64 KB assoc: 2
ICACHE: hits:62671 misses:208  Hit Ratio: 99.67%
DCACHE: size: 2*16 KB assoc: 2*4
DCACHE: hits:44539 misses:21700 writebacks:21527  Hit Ratio: 67.24%
SCACHE: size: 512 KB assoc: 2
SCACHE: hits:10 misses:21898  Hit Ratio: 0.05%
3CACHE: size: 4096 KB assoc: 2
3CACHE: hits:0 misses:21898  Hit Ratio: 0.00%
3CACHE: dirty items replaced:0
ITLB: size: 48, misses 18, miss rate 0.03%
DTLB: size: 128, misses 5406, miss rate 8.16%
Avg mem delay: 55.190 cycles
----------------------------------------
==== Statistics for Master ID: 3 ====
Reads: 183164   Writes: 37
ICACHE: size: 64 KB assoc: 2
ICACHE: hits:148005 misses:23  Hit Ratio: 99.98%
DCACHE: size: 1*16 KB assoc: 1*4
DCACHE: hits:27371 misses:7801 writebacks:13  Hit Ratio: 77.82%
SCACHE: size: 512 KB assoc: 2
SCACHE: hits:6751 misses:1073  Hit Ratio: 86.29%
3CACHE: size: 4096 KB assoc: 2
3CACHE: hits:379 misses:694  Hit Ratio: 35.32%
3CACHE: dirty items replaced:0
ITLB: size: 48, misses 4, miss rate 0.00%
DTLB: size: 128, misses 116, miss rate 0.33%
Avg mem delay: 55.190 cycles
----------------------------------------
==== Global Resource Utilization ====
STASH: size: 65536 entries, full 1196294, empty 23592, misses 1994, full rate 97.91
icache bank util. 0.081 0.064 0.040 0.016 0.014 0.014 0.023 0.074 
dcache bank util. 0.027 0.028 0.038 0.018 0.017 0.035 0.195 0.027 
L2 bank util. 0.012 0.011 0.011 0.011 0.011 0.011 0.270 0.011 
L1-L2 bus util. = 0.173, L3 util. = 0.263
----------------------------------------

======================== 切片硬件状态 ========================
切片号 | 所属安全域 | 当前状态    | 路扩展 | LRU touched
------------------------------------------------------------------
  0    |   域0      | 正常运行   |  否   |  999992
  1    |   域3      | 正常运行   |  否   |  999989
  2    |   域2      | 正常运行   |  是   |  999965
  3    |   域2      | 正常运行   |  是   |  999984
==================================================================

branch prediction, hits = 75978, misses = 5466, hit rate = 93.29%
return_stack prediction, hits = 4274, misses = 14, hit rate = 99.67%
jump prediction, hits = 94367, misses = 3912, hit rate = 96.02%

======================== 切片硬件状态 ========================
切片号 | 所属安全域 | 当前状态    | 路扩展 | LRU touched
------------------------------------------------------------------
  0    |   域0      | 正常运行   |  否   |  10499990
  1    |   域3      | 正常运行   |  否   |  10499982
  2    |   域2      | 正常运行   |  是   |  10499965
  3    |   域2      | 正常运行   |  是   |  10499141
==================================================================

[动态重分配] 周期10500000：预约迁移 冗余域2(12%) -> 切片2 -> 饥饿域3(21%)
[切片剥夺] 周期10500000：切片2（所属域2）进入待剥夺状态，禁止新替换
[切片剥夺] 周期10500008：切片2在途请求已清空，开始执行脏行写回
[切片管理] 周期10505620：原域2仅剩1个切片，关闭路扩展模式
[动态重分配] 周期10505620：切片2写回完成，自动绑定到域3
[切片管理] 成功绑定切片2 → 安全域3，触发【路扩展模式】

======================== 切片硬件状态 ========================
切片号 | 所属安全域 | 当前状态    | 路扩展 | LRU touched
------------------------------------------------------------------
  0    |   域0      | 正常运行   |  否   |  10505619
  1    |   域3      | 正常运行   |  是   |  10505604
  2    |   域3      | 正常运行   |  是   |  10505620
  3    |   域2      | 正常运行   |  否   |  10505620
==================================================================


======================== 切片硬件状态 ========================
切片号 | 所属安全域 | 当前状态    | 路扩展 | LRU touched
------------------------------------------------------------------
  0    |   域0      | 正常运行   |  否   |  12999866
  1    |   域3      | 正常运行   |  是   |  12999982
  2    |   域3      | 正常运行   |  是   |  12999974
  3    |   域2      | 正常运行   |  否   |  12999922
==================================================================

[动态重分配] 周期13000000：预约迁移 冗余域3(0%) -> 切片1 -> 饥饿域0(7%)
[切片剥夺] 周期13000000：切片1（所属域3）进入待剥夺状态，禁止新替换
[切片剥夺] 周期13000000：切片1在途请求已清空，开始执行脏行写回
[切片剥夺] 周期13000000：切片1无脏行，直接完成剥夺
[切片管理] 周期13000001：原域3仅剩1个切片，关闭路扩展模式
[动态重分配] 周期13000001：切片1写回完成，自动绑定到域0
[切片管理] 成功绑定切片1 → 安全域0，触发【路扩展模式】

======================== 切片硬件状态 ========================
切片号 | 所属安全域 | 当前状态    | 路扩展 | LRU touched
------------------------------------------------------------------
  0    |   域0      | 正常运行   |  是   |  12999866
  1    |   域0      | 正常运行   |  是   |  13000001
  2    |   域3      | 正常运行   |  否   |  12999974
  3    |   域2      | 正常运行   |  否   |  12999922
==================================================================


======================== 切片硬件状态 ========================
切片号 | 所属安全域 | 当前状态    | 路扩展 | LRU touched
------------------------------------------------------------------
  0    |   域0      | 正常运行   |  是   |  13499997
  1    |   域0      | 正常运行   |  是   |  13499872
  2    |   域3      | 正常运行   |  否   |  13499990
  3    |   域2      | 正常运行   |  否   |  13499887
==================================================================

[动态重分配] 周期13500000：预约迁移 冗余域0(1%) -> 切片0 -> 饥饿域3(22%)
[切片剥夺] 周期13500000：切片0（所属域0）进入待剥夺状态，禁止新替换
[切片剥夺] 周期13500000：切片0在途请求已清空，开始执行脏行写回
[切片管理] 周期13500266：原域0仅剩1个切片，关闭路扩展模式
[动态重分配] 周期13500266：切片0写回完成，自动绑定到域3
[切片管理] 成功绑定切片0 → 安全域3，触发【路扩展模式】

======================== 切片硬件状态 ========================
切片号 | 所属安全域 | 当前状态    | 路扩展 | LRU touched
------------------------------------------------------------------
  0    |   域3      | 正常运行   |  是   |  13500266
  1    |   域0      | 正常运行   |  否   |  13500050
  2    |   域3      | 正常运行   |  是   |  13500161
  3    |   域2      | 正常运行   |  否   |  13500164
==================================================================


======================== 切片硬件状态 ========================
切片号 | 所属安全域 | 当前状态    | 路扩展 | LRU touched
------------------------------------------------------------------
  0    |   域3      | 正常运行   |  是   |  13999940
  1    |   域0      | 正常运行   |  否   |  13999994
  2    |   域3      | 正常运行   |  是   |  13999980
  3    |   域2      | 正常运行   |  否   |  13999887
==================================================================

[动态重分配] 周期14000000：预约迁移 冗余域3(1%) -> 切片2 -> 饥饿域2(12%)
[切片剥夺] 周期14000000：切片2（所属域3）进入待剥夺状态，禁止新替换
[切片剥夺] 周期14000000：切片2在途请求已清空，开始执行脏行写回
[切片剥夺] 周期14000000：切片2无脏行，直接完成剥夺
[切片管理] 周期14000001：原域3仅剩1个切片，关闭路扩展模式
[动态重分配] 周期14000001：切片2写回完成，自动绑定到域2
[切片管理] 成功绑定切片2 → 安全域2，触发【路扩展模式】

======================== 切片硬件状态 ========================
切片号 | 所属安全域 | 当前状态    | 路扩展 | LRU touched
------------------------------------------------------------------
  0    |   域3      | 正常运行   |  否   |  13999940
  1    |   域0      | 正常运行   |  否   |  13999994
  2    |   域2      | 正常运行   |  是   |  14000001
  3    |   域2      | 正常运行   |  是   |  13999887
==================================================================


======================== 切片硬件状态 ========================
切片号 | 所属安全域 | 当前状态    | 路扩展 | LRU touched
------------------------------------------------------------------
  0    |   域3      | 正常运行   |  否   |  14499999
  1    |   域0      | 正常运行   |  否   |  14499895
  2    |   域2      | 正常运行   |  是   |  14499981
  3    |   域2      | 正常运行   |  是   |  14494189
==================================================================

[动态重分配] 周期14500000：预约迁移 冗余域2(12%) -> 切片3 -> 饥饿域3(22%)
[切片剥夺] 周期14500000：切片3（所属域2）进入待剥夺状态，禁止新替换
[切片剥夺] 周期14500000：切片3在途请求已清空，开始执行脏行写回
[切片管理] 周期14509918：原域2仅剩1个切片，关闭路扩展模式
[动态重分配] 周期14509918：切片3写回完成，自动绑定到域3
[切片管理] 成功绑定切片3 → 安全域3，触发【路扩展模式】

======================== 切片硬件状态 ========================
切片号 | 所属安全域 | 当前状态    | 路扩展 | LRU touched
------------------------------------------------------------------
  0    |   域3      | 正常运行   |  是   |  14509896
  1    |   域0      | 正常运行   |  否   |  14509907
  2    |   域2      | 正常运行   |  否   |  14509894
  3    |   域3      | 正常运行   |  是   |  14509918
==================================================================


======================== 切片硬件状态 ========================
切片号 | 所属安全域 | 当前状态    | 路扩展 | LRU touched
------------------------------------------------------------------
  0    |   域3      | 正常运行   |  是   |  16499991
  1    |   域0      | 正常运行   |  否   |  16499999
  2    |   域2      | 正常运行   |  否   |  16499971
  3    |   域3      | 正常运行   |  是   |  16499901
==================================================================

[动态重分配] 周期16500000：预约迁移 冗余域3(0%) -> 切片0 -> 饥饿域2(12%)
[切片剥夺] 周期16500000：切片0（所属域3）进入待剥夺状态，禁止新替换
[切片剥夺] 周期16500000：切片0在途请求已清空，开始执行脏行写回
[切片剥夺] 周期16500000：切片0无脏行，直接完成剥夺
[切片管理] 周期16500001：原域3仅剩1个切片，关闭路扩展模式
[动态重分配] 周期16500001：切片0写回完成，自动绑定到域2
[切片管理] 成功绑定切片0 → 安全域2，触发【路扩展模式】

======================== 切片硬件状态 ========================
切片号 | 所属安全域 | 当前状态    | 路扩展 | LRU touched
------------------------------------------------------------------
  0    |   域2      | 正常运行   |  是   |  16500001
  1    |   域0      | 正常运行   |  否   |  16499999
  2    |   域2      | 正常运行   |  是   |  16499971
  3    |   域3      | 正常运行   |  否   |  16499901
==================================================================


======================== 切片硬件状态 ========================
切片号 | 所属安全域 | 当前状态    | 路扩展 | LRU touched
------------------------------------------------------------------
  0    |   域2      | 正常运行   |  是   |  16999934
  1    |   域0      | 正常运行   |  否   |  16999868
  2    |   域2      | 正常运行   |  是   |  16998373
  3    |   域3      | 正常运行   |  否   |  16999996
==================================================================

[动态重分配] 周期17000000：预约迁移 冗余域2(12%) -> 切片2 -> 饥饿域3(21%)
[切片剥夺] 周期17000000：切片2（所属域2）进入待剥夺状态，禁止新替换
[切片剥夺] 周期17000000：切片2在途请求已清空，开始执行脏行写回
[切片管理] 周期17004857：原域2仅剩1个切片，关闭路扩展模式
[动态重分配] 周期17004857：切片2写回完成，自动绑定到域3
[切片管理] 成功绑定切片2 → 安全域3，触发【路扩展模式】

======================== 切片硬件状态 ========================
切片号 | 所属安全域 | 当前状态    | 路扩展 | LRU touched
------------------------------------------------------------------
  0    |   域2      | 正常运行   |  否   |  17004852
  1    |   域0      | 正常运行   |  否   |  17004800
  2    |   域3      | 正常运行   |  是   |  17004857
  3    |   域3      | 正常运行   |  是   |  17004848
==================================================================


======================== 切片硬件状态 ========================
切片号 | 所属安全域 | 当前状态    | 路扩展 | LRU touched
------------------------------------------------------------------
  0    |   域2      | 正常运行   |  否   |  17499920
  1    |   域0      | 正常运行   |  否   |  17499988
  2    |   域3      | 正常运行   |  是   |  17499975
  3    |   域3      | 正常运行   |  是   |  17499969
==================================================================

[动态重分配] 周期17500000：预约迁移 冗余域3(1%) -> 切片3 -> 饥饿域2(12%)
[切片剥夺] 周期17500000：切片3（所属域3）进入待剥夺状态，禁止新替换
[切片剥夺] 周期17500000：切片3在途请求已清空，开始执行脏行写回
[切片管理] 周期17500014：原域3仅剩1个切片，关闭路扩展模式
[动态重分配] 周期17500014：切片3写回完成，自动绑定到域2
[切片管理] 成功绑定切片3 → 安全域2，触发【路扩展模式】

======================== 切片硬件状态 ========================
切片号 | 所属安全域 | 当前状态    | 路扩展 | LRU touched
------------------------------------------------------------------
  0    |   域2      | 正常运行   |  是   |  17499920
  1    |  abend_ adia_  域0      | 正常运行   |  否   |  17499988
  2    |   域3      | 正常运行   |  否   |  17499975
  3    |   域2      | 正常运行   |  是   |  17500014
==================================================================


======================== 切片硬件状态 ========================
切片号 | 所属安全域 | 当前状态    | 路扩展 | LRU touched
------------------------------------------------------------------
  0    |   域2      | 正常运行   |  是   |  19499954
  1    |   域0      | 正常运行   |  否   |  19499887
  2    |   域3      | 正常运行   |  否   |  19499999
  3    |   域2      | 正常运行   |  是   |  19491180
==================================================================

[动态重分配] 周期19500000：预约迁移 冗余域2(12%) -> 切片0 -> 饥饿域3(22%)
[切片剥夺] 周期19500000：切片0（所属域2）进入待剥夺状态，禁止新替换
[切片剥夺] 周期19500032：切片0在途请求已清空，开始执行脏行写回
[切片管理] 周期19507988：原域2仅剩1个切片，关闭路扩展模式
[动态重分配] 周期19507988：切片0写回完成，自动绑定到域3
[切片管理] 成功绑定切片0 → 安全域3，触发【路扩展模式】

======================== 切片硬件状态 ========================
切片号 | 所属安全域 | 当前状态    | 路扩展 | LRU touched
------------------------------------------------------------------
  0    |   域3      | 正常运行   |  是   |  19507988
  1    |   域0      | 正常运行   |  否   |  19507254
  2    |   域3      | 正常运行   |  是   |  19507986
  3    |   域2      | 正常运行   |  否   |  19507986
==================================================================


======================== 切片硬件状态 ========================
切片号 | 所属安全域 | 当前状态    | 路扩展 | LRU touched
------------------------------------------------------------------
  0    |   域3      | 正常运行   |  是   |  19999950
  1    |   域0      | 正常运行   |  否   |  19999811
  2    |   域3      | 正常运行   |  是   |  19999984
  3    |   域2      | 正常运行   |  否   |  19999993
==================================================================

[动态重分配] 周期20000000：预约迁移 冗余域3(1%) -> 切片2 -> 饥饿域2(12%)
[切片剥夺] 周期20000000：切片2（所属域3）进入待剥夺状态，禁止新替换
[切片剥夺] 周期20000000：切片2在途请求已清空，开始执行脏行写回
[切片剥夺] 周期20000000：切片2无脏行，直接完成剥夺
[切片管理] 周期20000001：原域3仅剩1个切片，关闭路扩展模式
[动态重分配] 周期20000001：切片2写回完成，自动绑定到域2
[切片管理] 成功绑定切片2 → 安全域2，触发【路扩展模式】

======================== 切片硬件状态 ========================
切片号 | 所属安全域 | 当前状态    | 路扩展 | LRU touched
------------------------------------------------------------------
  0    |   域3      | 正常运行   |  否   |  19999950
  1    |   域0      | 正常运行   |  否   |  19999811
  2    |   域2      | 正常运行   |  是   |  20000001
  3    |   域2      | 正常运行   |  是   |  19999993
==================================================================


======================== 切片硬件状态 ========================
切片号 | 所属安全域 | 当前状态    | 路扩展 | LRU touched
------------------------------------------------------------------
  0    |   域3      | 正常运行   |  否   |  20499980
  1    |   域0      | 正常运行   |  否   |  20499936
  2    |   域2      | 正常运行   |  是   |  20480693
  3    |   域2      | 正常运行   |  是   |  20499969
==================================================================

[动态重分配] 周期20500000：预约迁移 冗余域2(12%) -> 切片3 -> 饥饿域3(22%)
[切片剥夺] 周期20500000：切片3（所属域2）进入待剥夺状态，禁止新替换
[切片剥夺] 周期20500044：切片3在途请求已清空，开始执行脏行写回
[切片管理] 周期20507409：原域2仅剩1个切片，关闭路扩展模式
[动态重分配] 周期20507409：切片3写回完成，自动绑定到域3
[切片管理] 成功绑定切片3 → 安全域3，触发【路扩展模式】

======================== 切片硬件状态 ========================
切片号 | 所属安全域 | 当前状态    | 路扩展 | LRU touched
------------------------------------------------------------------
  0    |   域3      | 正常运行   |  是   |  20507403
  1    |   域0      | 正常运行   |  否   |  20507409
  2    |   域2      | 正常运行   |  否   |  20507407
  3    |   域3      | 正常运行   |  是   |  20507409
==================================================================


======================== 切片硬件状态 ========================
切片号 | 所属安全域 | 当前状态    | 路扩展 | LRU touched
------------------------------------------------------------------
  0    |   域3      | 正常运行   |  是   |  22499982
  1    |   域0      | 正常运行   |  否   |  22499999
  2    |   域2      | 正常运行   |  否   |  22499976
  3    |   域3      | 正常运行   |  是   |  22499992
==================================================================

[动态重分配] 周期22500000：预约迁移 冗余域3(0%) -> 切片0 -> 饥饿域2(12%)
[切片剥夺] 周期22500000：切片0（所属域3）进入待剥夺状态，禁止新替换
[切片剥夺] 周期22500000：切片0在途请求已清空，开始执行脏行写回
[切片剥夺] 周期22500000：切片0无脏行，直接完成剥夺
[切片管理] 周期22500001：原域3仅剩1个切片，关闭路扩展模式
[动态重分配] 周期22500001：切片0写回完成，自动绑定到域2
[切片管理] 成功绑定切片0 → 安全域2，触发【路扩展模式】

======================== 切片硬件状态 ========================
切片号 | 所属安全域 | 当前状态    | 路扩展 | LRU touched
------------------------------------------------------------------
  0    |   域2      | 正常运行   |  是   |  22500001
  1    |   域0      | 正常运行   |  否   |  22500001
  2    |   域2      | 正常运行   |  是   |  22499976
  3    |   域3      | 正常运行   |  否   |  22499992
==================================================================


======================== 切片硬件状态 ========================
切片号 | 所属安全域 | 当前状态    | 路扩展 | LRU touched
------------------------------------------------------------------
  0    |   域2      | 正常运行   |  是   |  22987037
  1    |   域0      | 正常运行   |  否   |  22999998
  2    |   域2      | 正常运行   |  是   |  22999968
  3    |   域3      | 正常运行   |  否   |  22999999
==================================================================

[动态重分配] 周期23000000：预约迁移 冗余域2(12%) -> 切片2 -> 饥饿域3(22%)
[切片剥夺] 周期23000000：切片2（所属域2）进入待剥夺状态，禁止新替换
[切片剥夺] 周期23000100：切片2在途请求已清空，开始执行脏行写回
[切片管理] 周期23005446：原域2仅剩1个切片，关闭路扩展模式
[动态重分配] 周期23005446：切片2写回完成，自动绑定到域3
[切片管理] 成功绑定切片2 → 安全域3，触发【路扩展模式】

======================== 切片硬件状态 ========================
切片号 | 所属安全域 | 当前状态    | 路扩展 | LRU touched
------------------------------------------------------------------
  0    |   域2      | 正常运行   |  否   |  23005444
  1    |   域0      | 正常运行   |  否   |  23005444
  2    |   域3      | 正常运行   |  是   |  23005446
  3    |   域3      | 正常运行   |  是   |  23005443
==================================================================


======================== 切片硬件状态 ========================
切片号 | 所属安全域 | 当前状态    | 路扩展 | LRU touched
------------------------------------------------------------------
  0    |   域2      | 正常运行   |  否   |  23500000
  1    |   域0      | 正常运行   |  否   |  23499984
  2    |   域3      | 正常运行   |  是   |  23499997
  3    |   域3      | 正常运行   |  是   |  23499986
==================================================================

[动态重分配] 周期23500000：预约迁移 冗余域3(1%) -> 切片3 -> 饥饿域2(12%)
[切片剥夺] 周期23500000：切片3（所属域3）进入待剥夺状态，禁止新替换
[切片剥夺] 周期23500000：切片3在途请求已清空，开始执行脏行写回
[切片剥夺] 周期23500000：切片3无脏行，直接完成剥夺
[切片管理] 周期23500001：原域3仅剩1个切片，关闭路扩展模式
[动态重分配] 周期23500001：切片3写回完成，自动绑定到域2
[切片管理] 成功绑定切片3 → 安全域2，触发【路扩展模式】

======================== 切片硬件状态 ========================
切片号 | 所属安全域 | 当前状态    | 路扩展 | LRU touched
------------------------------------------------------------------
  0    |   域2      | 正常运行   |  是   |  23500000
  1    |   域0      | 正常运行   |  否   |  23499984
  2    |   域3      | 正常运行   |  否   |  23499997
  3    |   域2      | 正常运行   |  是   |  23500001
==================================================================


======================== 切片硬件状态 ========================
切片号 | 所属安全域 | 当前状态    | 路扩展 | LRU touched
------------------------------------------------------------------
  0    |   域2      | 正常运行   |  是   |  25480778
  1    |   域0      | 正常运行   |  否   |  25499995
  2    |   域3      | 正常运行   |  否   |  25499972
  3    |   域2      | 正常运行   |  是   |  25499963
==================================================================

[动态重分配] 周期25500000：预约迁移 冗余域2(12%) -> 切片0 -> 饥饿域3(21%)
[切片剥夺] 周期25500000：切片0（所属域2）进入待剥夺状态，禁止新替换
[切片剥夺] 周期25500000：切片0在途请求已清空，开始执行脏行写回
[切片管理] 周期25507131：原域2仅剩1个切片，关闭路扩展模式
[动态重分配] 周期25507131：切片0写回完成，自动绑定到域3
[切片管理] 成功绑定切片0 → 安全域3，触发【路扩展模式】

======================== 切片硬件状态 ========================
切片号 | 所属安全域 | 当前状态    | 路扩展 | LRU touched
------------------------------------------------------------------
  0    |   域3      | 正常运行   |  是   |  25507131
  1    |   域0      | 正常运行   |  否   |  25507128
  2    |   域3      | 正常运行   |  是   |  25507123
  3    |   域2      | 正常运行   |  否   |  25507131
==================================================================


======================== 切片硬件状态 ========================
切片号 | 所属安全域 | 当前状态    | 路扩展 | LRU touched
------------------------------------------------------------------
  0    |   域3      | 正常运行   |  是   |  25999904
  1    |   域0      | 正常运行   |  否   |  25999923
  2    |   域3      | 正常运行   |  是   |  25999902
  3    |   域2      | 正常运行   |  否   |  25999899
==================================================================

[动态重分配] 周期26000000：预约迁移 冗余域3(1%) -> 切片2 -> 饥饿域2(12%)
[切片剥夺] 周期26000000：切片2（所属域3）进入待剥夺状态，禁止新替换
[切片剥夺] 周期26000072：切片2在途请求已清空，开始执行脏行写回
[切片剥夺] 周期26000072：切片2无脏行，直接完成剥夺
[切片管理] 周期26000073：原域3仅剩1个切片，关闭路扩展模式
[动态重分配] 周期26000073：切片2写回完成，自动绑定到域2
[切片管理] 成功绑定切片2 → 安全域2 adib_，触发【路扩展模式】

======================== 切片硬件状态 ========================
切片号 | 所属安全域 | 当前状态    | 路扩展 | LRU touched
------------------------------------------------------------------
  0    |   域3      | 正常运行   |  否   |  25999904
  1    |   域0      | 正常运行   |  否   |  25999923
  2    |   域2      | 正常运行   |  是   |  26000073
  3    |   域2      | 正常运行   |  是   |  25999899
==================================================================


======================== 切片硬件状态 ========================
切片号 | 所属安全域 | 当前状态    | 路扩展 | LRU touched
------------------------------------------------------------------
  0    |   域3      | 正常运行   |  否   |  26499979
  1    |   域0      | 正常运行   |  否   |  26500000
  2    |   域2      | 正常运行   |  是   |  26488912
  3    |   域2      | 正常运行   |  是   |  26499988
==================================================================

[动态重分配] 周期26500000：预约迁移 冗余域2(12%) -> 切片3 -> 饥饿域3(21%)
[切片剥夺] 周期26500000：切片3（所属域2）进入待剥夺状态，禁止新替换
[切片剥夺] 周期26500156：切片3在途请求已清空，开始执行脏行写回
[切片管理] 周期26507585：原域2仅剩1个切片，关闭路扩展模式
[动态重分配] 周期26507585：切片3写回完成，自动绑定到域3
[切片管理] 成功绑定切片3 → 安全域3，触发【路扩展模式】

======================== 切片硬件状态 ========================
切片号 | 所属安全域 | 当前状态    | 路扩展 | LRU touched
------------------------------------------------------------------
  0    |   域3      | 正常运行   |  是   |  26507577
  1    |   域0      | 正常运行   |  否   |  26507584
  2    |   域2      | 正常运行   |  否   |  26507585
  3    |   域3      | 正常运行   |  是   |  26507585
==================================================================


======================== 切片硬件状态 ========================
切片号 | 所属安全域 | 当前状态    | 路扩展 | LRU touched
------------------------------------------------------------------
  0    |   域3      | 正常运行   |  是   |  28499995
  1    |   域0      | 正常运行   |  否   |  28499600
  2    |   域2      | 正常运行   |  否   |  28499999
  3    |   域3      | 正常运行   |  是   |  28499921
==================================================================

[动态重分配] 周期28500000：预约迁移 冗余域3(0%) -> 切片0 -> 饥饿域2(12%)
[切片剥夺] 周期28500000：切片0（所属域3）进入待剥夺状态，禁止新替换
[切片剥夺] 周期28500000：切片0在途请求已清空，开始执行脏行写回
[切片剥夺] 周期28500000：切片0无脏行，直接完成剥夺
[切片管理] 周期28500001：原域3仅剩1个切片，关闭路扩展模式
[动态重分配] 周期28500001：切片0写回完成，自动绑定到域2
[切片管理] 成功绑定切片0 → 安全域2，触发【路扩展模式】

======================== 切片硬件状态 ========================
切片号 | 所属安全域 | 当前状态    | 路扩展 | LRU touched
------------------------------------------------------------------
  0    |   域2      | 正常运行   |  是   |  28500001
  1    |   域0      | 正常运行   |  否   |  28499600
  2    |   域2      | 正常运行   |  是   |  28499999
  3    |   域3      | 正常运行   |  否   |  28499921
==================================================================


======================== 切片硬件状态 ========================
切片号 | 所属安全域 | 当前状态    | 路扩展 | LRU touched
------------------------------------------------------------------
  0    |   域2      | 正常运行   |  是   |  28980382
  1    |   域0      | 正常运行   |  否   |  28999958
  2    |   域2      | 正常运行   |  是   |  28999990
  3    |   域3      | 正常运行   |  否   |  28999990
==================================================================

[动态重分配] 周期29000000：预约迁移 冗余域2(12%) -> 切片2 -> 饥饿域3(22%)
[切片剥夺] 周期29000000：切片2（所属域2）进入待剥夺状态，禁止新替换
[切片剥夺] 周期29000164：切片2在途请求已清空，开始执行脏行写回
[切片管理] 周期29006559：原域2仅剩1个切片，关闭路扩展模式
[动态重分配] 周期29006559：切片2写回完成，自动绑定到域3
[切片管理] 成功绑定切片2 → 安全域3，触发【路扩展模式】

======================== 切片硬件状态 ========================
切片号 | 所属安全域 | 当前状态    | 路扩展 | LRU touched
------------------------------------------------------------------
  0    |   域2      | 正常运行   |  否   |  29006550
  1    |   域0      | 正常运行   |  否   |  29006522
  2    |   域3      | 正常运行   |  是   |  29006559
  3    |   域3      | 正常运行   |  是   |  29006523
==================================================================


======================== 切片硬件状态 ========================
切片号 | 所属安全域 | 当前状态    | 路扩展 | LRU touched
------------------------------------------------------------------
  0    |   域2      | 正常运行   |  否   |  29499973
  1    |   域0      | 正常运行   |  否   |  29500000
  2    |   域3      | 正常运行   |  是   |  29499916
  3    |   域3      | 正常运行   |  是   |  29500000
==================================================================

[动态重分配] 周期29500000：预约迁移 冗余域3(1%) -> 切片3 -> 饥饿域2(12%)
[切片剥夺] 周期29500000：切片3（所属域3）进入待剥夺状态，禁止新替换
[切片剥夺] 周期29500000：切片3在途请求已清空，开始执行脏行写回
[切片剥夺] 周期29500000：切片3无脏行，直接完成剥夺
[切片管理] 周期29500001：原域3仅剩1个切片，关闭路扩展模式
[动态重分配] 周期29500001：切片3写回完成，自动绑定到域2
[切片管理] 成功绑定切片3 → 安全域2，触发【路扩展模式】

======================== 切片硬件状态 ========================
切片号 | 所属安全域 | 当前状态    | 路扩展 | LRU touched
------------------------------------------------------------------
  0    |   域2      | 正常运行   |  是   |  29499973
  1    |   域0      | 正常运行   |  否   |  29500000
  2    |   域3      | 正常运行   |  否   |  29499916
  3    |   域2      | 正常运行   |  是   |  29500001
==================================================================


======================== 切片硬件状态 ========================
切片号 | 所属安全域 | 当前状态    | 路扩展 | LRU touched
------------------------------------------------------------------
  0    |   域2      | 正常运行   |  是   |  31481121
  1    |   域0      | 正常运行   |  否   |  31499978
  2    |   域3      | 正常运行   |  否   |  31499984
  3    |   域2      | 正常运行   |  是   |  31499984
==================================================================

[动态重分配] 周期31500000：预约迁移 冗余域2(12%) -> 切片0 -> 饥饿域3(22%)
[切片剥夺] 周期31500000：切片0（所属域2）进入待剥夺状态，禁止新替换
[切片剥夺] 周期31500000：切片0在途请求已清空，开始执行脏行写回
[切片管理] 周期31509567：原域2仅剩1个切片，关闭路扩展模式
[动态重分配] 周期31509567：切片0写回完成，自动绑定到域3
[切片管理] 成功绑定切片0 → 安全域3，触发【路扩展模式】

======================== 切片硬件状态 ========================
切片号 | 所属安全域 | 当前状态    | 路扩展 | LRU touched
------------------------------------------------------------------
  0    |   域3      | 正常运行   |  是   |  31509567
  1    |   域0      | 正常运行   |  否   |  31509 ambm6_561
  2    |   域3      | 正常运行   |  是   |  31509554
  3    |   域2      | 正常运行   |  否   |  31509518
==================================================================


======================== 切片硬件状态 ========================
切片号 | 所属安全域 | 当前状态    | 路扩展 | LRU touched
------------------------------------------------------------------
  0    |   域3      | 正常运行   |  是   |  31999996
  1    |   域0      | 正常运行   |  否   |  32000000
  2    |   域3      | 正常运行   |  是   |  31999986
  3    |   域2      | 正常运行   |  否   |  31999883
==================================================================

[动态重分配] 周期32000000：预约迁移 冗余域3(1%) -> 切片2 -> 饥饿域2(12%)
[切片剥夺] 周期32000000：切片2（所属域3）进入待剥夺状态，禁止新替换
[切片剥夺] 周期32000000：切片2在途请求已清空，开始执行脏行写回
[切片剥夺] 周期32000000：切片2无脏行，直接完成剥夺
[切片管理] 周期32000001：原域3仅剩1个切片，关闭路扩展模式
[动态重分配] 周期32000001：切片2写回完成，自动绑定到域2
[切片管理] 成功绑定切片2 → 安全域2，触发【路扩展模式】

======================== 切片硬件状态 ========================
切片号 | 所属安全域 | 当前状态    | 路扩展 | LRU touched
------------------------------------------------------------------
  0    |   域3      | 正常运行   |  否   |  31999996
  1    |   域0      | 正常运行   |  否   |  32000000
  2    |   域2      | 正常运行   |  是   |  32000001
  3    |   域2      | 正常运行   |  是   |  31999883
==================================================================


======================== 切片硬件状态 ========================
切片号 | 所属安全域 | 当前状态    | 路扩展 | LRU touched
------------------------------------------------------------------
  0    |   域3      | 正常运行   |  否   |  32499997
  1    |   域0      | 正常运行   |  否   |  32500000
  2    |   域2      | 正常运行   |  是   |  32480895
  3    |   域2      | 正常运行   |  是   |  32499932
==================================================================

[动态重分配] 周期32500000：预约迁移 冗余域2(12%) -> 切片3 -> 饥饿域3(22%)
[切片剥夺] 周期32500000：切片3（所属域2）进入待剥夺状态，禁止新替换
[切片剥夺] 周期32500068：切片3在途请求已清空，开始执行脏行写回
[切片管理] 周期32506848：原域2仅剩1个切片，关闭路扩展模式
[动态重分配] 周期32506848：切片3写回完成，自动绑定到域3
[切片管理] 成功绑定切片3 → 安全域3，触发【路扩展模式】

======================== 切片硬件状态 ========================
切片号 | 所属安全域 | 当前状态    | 路扩展 | LRU touched
------------------------------------------------------------------
  0    |   域3      | 正常运行   |  是   |  32506847
  1    |   域0      | 正常运行   |  否   |  32506846
  2    |   域2      | 正常运行   |  否   |  32506846
  3    |   域3      | 正常运行   |  是   |  32506848
==================================================================


======================== 切片硬件状态 ========================
切片号 | 所属安全域 | 当前状态    | 路扩展 | LRU touched
------------------------------------------------------------------
  0    |   域3      | 正常运行   |  是   |  34499998
  1    |   域0      | 正常运行   |  否   |  34499821
  2    |   域2      | 正常运行   |  否   |  34499963
  3    |   域3      | 正常运行   |  是   |  34499928
==================================================================

[动态重分配] 周期34500000：预约迁移 冗余域3(0%) -> 切片0 -> 饥饿域2(12%)
[切片剥夺] 周期34500000：切片0（所属域3）进入待剥夺状态，禁止新替换
[切片剥夺] 周期34500000：切片0在途请求已清空，开始执行脏行写回
[切片剥夺] 周期34500000：切片0无脏行，直接完成剥夺
[切片管理] 周期34500001：原域3仅剩1个切片，关闭路扩展模式
[动态重分配] 周期34500001：切片0写回完成，自动绑定到域2
[切片管理] 成功绑定切片0 → 安全域2，触发【路扩展模式】

======================== 切片硬件状态 ========================
切片号 | 所属安全域 | 当前状态    | 路扩展 | LRU touched
------------------------------------------------------------------
  0    |   域2      | 正常运行   |  是   |  34500001
  1    |   域0      | 正常运行   |  否   |  34499821
  2    |   域2      | 正常运行   |  是   |  34499963
  3    |   域3      | 正常运行   |  否   |  34499928
==================================================================


======================== 切片硬件状态 ========================
切片号 | 所属安全域 | 当前状态    | 路扩展 | LRU touched
------------------------------------------------------------------
  0    |   域2      | 正常运行   |  是   |  34991061
  1    |   域0      | 正常运行   |  否   |  34999997
  2    |   域2      | 正常运行   |  是   |  34999958
  3    |   域3      | 正常运行   |  否   |  34999996
==================================================================

[动态重分配] 周期35000000：预约迁移 冗余域2(12%) -> 切片2 -> 饥饿域3(21%)
[切片剥夺] 周期35000000：切片2（所属域2）进入待剥夺状态，禁止新替换
[切片剥夺] 周期35000116：切片2在途请求已清空，开始执行脏行写回
[切片管理] 周期35004400：原域2仅剩1个切片，关闭路扩展模式
[动态重分配] 周期35004400：切片2写回完成，自动绑定到域3
[切片管理] 成功绑定切片2 → 安全域3，触发【路扩展模式】

======================== 切片硬件状态 ========================
切片号 | 所属安全域 | 当前状态    | 路扩展 | LRU touched
------------------------------------------------------------------
  0    |   域2      | 正常运行   |  否   |  35004397
  1    |   域0      | 正常运行   |  否   |  35004089
  2    |   域3      | 正常运行   |  是   |  35004400
  3    |   域3      | 正常运行   |  是   |  35004396
==================================================================


======================== 切片硬件状态 ========================
切片号 | 所属安全域 | 当前状态    | 路扩展 | LRU touched
------------------------------------------------------------------
  0    |   域2      | 正常运行   |  否   |  35499998
  1    |   域0      | 正常运行   |  否   |  35499990
  2    |   域3      | 正常运行   |  是   |  35499980
  3    |   域3      | 正常运行   |  是   |  35499997
==================================================================

[动态重分配] 周期35500000：预约迁移 冗余域3(1%) -> 切片3 -> 饥饿域2(12%)
[切片剥夺] 周期35500000：切片3（所属域3）进入待剥夺状态，禁止新替换
[切片剥夺] 周期35500000：切片3在途请求已清空，开始执行脏行写回
[切片剥夺] 周期35500000：切片3无脏行，直接完成剥夺
[切片管理] 周期35500001：原域3仅剩1个切片，关闭路扩展模式
[动态重分配] 周期35500001：切片3写回完成，自动绑定到域2
[切片管理] 成功绑定切片3 → 安全域2，触发【路扩展模式】

======================== 切片硬件状态 ========================
切片号 | 所属安全域 | 当前状态    | 路扩展 | LRU touched
------------------------------------------------------------------
  0    |   域2      | 正常运行   |  是   |  35499998
  1    |   域0      | 正常运行   |  否   |  35499990
  2    |   域3      | 正常运行   |  否   |  35499980
  3    |   域2      | 正常运行   |  是   |  35500001
==================================================================


======================== 切片硬件状态 ========================
切片号 | 所属安全域 | 当前状态    | 路扩展 | LRU touched
------------------------------------------------------------------
  0    |   域2      | 正常运行   |  是   |  37499997
  1    |   域0      | 正常运行   |  否   |  37500000
  2    |   域3      | 正常运行   |  否   |  37499990
  3    |   域2      | 正常运行   |  是   |  37495746
==================================================================

[动态重分配] 周期37500000：预约迁移 冗余域2(12%) -> 切片0 -> 饥饿域3(22%)
[切片剥夺] 周期37500000：切片0（所属域2）进入待剥夺状态，禁止新替换
[切片剥夺] 周期37500184：切片0在途请求已清空，开始执行脏行写回
[切片管理] 周期37506462：原域2仅剩1个切片，关闭路扩展模式
[动态重分配] 周期37506462：切片0写回完成，自动绑定到域3
[切片管理] 成功绑定切片0 → 安全域3，触发【路扩展模式】

======================== 切片硬件状态 ========================
切片号 | 所属安全域 | 当前状态    | 路扩展 | LRU touched
------------------------------------------------------------------
  0    |   域3      | 正常运行   |  是   |  37506462
  1    |   域0      | 正常运行   |  否   |  37506460
  2    |   域3      | 正常运行   |  是   |  37506435
  3    |   域2      | 正常运行   |  否   |  37506426
==================================================================


======================== 切片硬件状态 ========================
切片号 | 所属安全域 | 当前状态    | 路扩展 | LRU touched
------------------------------------------------------------------
  0    |   域3      | 正常运行   |  是   |  37999983
  1    |   域0      | 正常运行   |  否   |  37999994
  2    |   域3      | 正常运行   |  是   |  37999997
  3    |   域2      | 正常运行   |  否   |  37999973
==================================================================

[动态重分配] 周期38000000：预约迁移 冗余域3(1%) -> 切片2 -> 饥饿域2(12%)
[切片剥夺] 周期38000000：切片2（所属域3）进入待剥夺状态，禁止新替换
[切片剥夺] 周期38000000：切片2在途请求已清空，开始执行脏行写回
[切片剥夺] 周期38000000：切片2无脏行，直接完成剥夺
[切片管理] 周期38000001：原域3仅剩1个切片，关闭路扩展模式
[动态重分配] 周期38000001：切片2写回完成，自动绑定到域2
[切片管理] 成功绑定切片2 → 安全域2，触发【路扩展模式】

======================== 切片硬件状态 ========================
切片号 | 所属安全域 | 当前状态    | 路扩展 | LRU touched
------------------------------------------------------------------
  0    |   域3      | 正常运行   |  否   |  37999983
  1    |   域0      | 正常运行   |  否   |  37999994
  2    |   域2      | 正常运行   |  是   |  38000001
  3    |   域2      | 正常运行   |  是   |  37999973
==================================================================


======================== 切片硬件状态 ========================
切片号 | 所属安全域 | 当前状态    | 路扩展 | LRU touched
------------------------------------------------------------------
  0    |   域3      | 正常运行   |  否   |  38499995
  1    |   域0      | 正常运行   |  否   |  38500000
  2    |   域2      | 正常运行   |  是   |  38487056
  3    |   域2      | 正常运行   |  是   |  38499994
==================================================================

[动态重分配] 周期38500000：预约迁移 冗余域2(12%) -> 切片3 -> 饥饿域3(22%)
[切片剥夺] 周期38500000：切片3（所属域2）进入待剥夺状态，禁止新替换
[切片剥夺] 周期38500156：切片3在途请求已清空，开始执行脏行写回
[切片管理] 周期38506706：原域2仅剩1个切片，关闭路扩展模式
[动态重分配] 周期38506706：切片3写回完成，自动绑定到域3
[切片管理] 成功绑定切片3 → 安全域3，触发【路扩展模式】

======================== 切片硬件状态 ========================
切片号 | 所属安全域 | 当前状态    | 路扩展 | LRU touched
------------------------------------------------------------------
  0    |   域3      | 正常运行   |  是   |  38506694
  1    |   域0      | 正常运行   |  否   |  38506706
  2    |   域2      | 正常运行   |  否   |  38506696
  3    |   域3      | 正常运行   |  是   |  38506706
==================================================================


======================== 切片硬件状态 ========================
切片号 | 所属安全域 | 当前状态    | 路扩展 | LRU touched
------------------------------------------------------------------
  0    |   域3      | 正常运行   |  是   |  42499978
  1    |   域0      | 正常运行   |  否   |  42499952
  2    |   域2      | 正常运行   |  否   |  42499983
  3    |   域3      | 正常运行   |  是   |  42499911
==================================================================

[动态重分配] 周期42500000：预约迁移 冗余域3(0%) -> 切片0 -> 饥饿域2(12%)
[切片剥夺] 周期42500000：切片0（所属域3）进入待剥夺状态，禁止新替换
[切片剥夺] 周期42500000：切片0在途请求已清空，开始执行脏行写回
[切片剥夺] 周期42500000：切片0无脏行，直接完成剥夺
[切片管理] 周期42500001：原域3仅剩1个切片，关闭路扩展模式
[动态重分配] 周期42500001：切片0写回完成，自动绑定到域2
[切片管理] 成功绑定切片0 → 安全域2，触发【路扩展模式】

======================== 切片硬件状态 ========================
切片号 | 所属安全域 | 当前状态    | 路扩展 | LRU touched
------------------------------------------------------------------
  0    |   域2      | 正常运行   |  是   |  42500001
  1    |   域0      | 正常运行   |  否   |  42499952
  2    |   域2      | 正常运行   |  是   |  42500001
  3    |   域3      | 正常运行   |  否   |  42500001
==================================================================


======================== 切片硬件状态 ========================
切片号 | 所属安全域 | 当前状态    | 路扩展 | LRU touched
------------------------------------------------------------------
  0    |   域2      | 正常运行   |  是   |  42997636
  1    |   域0      | 正常运行   |  否   |  42999982
  2    |   域2      | 正常运行   |  是   |  42999991
  3    |   域3      | 正常运行   |  否   |  42999988
==================================================================

[动态重分配] 周期43000000：预约迁移 冗余域2(12%) -> 切片2 -> 饥饿域3(22%)
[切片剥夺] 周期43000000：切片2（所属域2）进入待剥夺状态，禁止新替换
[切片剥夺] 周期43000168：切片2在途请求已清空，开始执行脏行写回
[切片管理] 周期43006958：原域2仅剩1个切片，关闭路扩展模式
[动态重分配] 周期43006958：切片2写回完成，自动绑定到域3
[切片管理] 成功绑定切片2 → 安全域3，触发【路扩展模式】

======================== 切片硬件状态 ========================
切片号 | 所属安全域 | 当前状态    | 路扩展 | LRU touched
------------------------------------------------------------------
  0    |   域2      | 正常运行   |  否   |  43006904
  1    |   域0      | 正常运行   |  否   |  43006956
  2    |   域3      | 正常运行   |  是   |  43006958
  3    |   域3      | 正常运行   |  是   |  43006955
==================================================================


======================== 切片硬件状态 ========================
切片号 | 所属安全域 | 当前状态    | 路扩展 | LRU touched
------------------------------------------------------------------
  0    |   域2      | 正常运行   |  否   |  43500000
  1    |   域0      | 正常运行   |  否   |  43499995
  2    |   域3      | 正常运行   |  是   |  43499970
  3    |   域3      | 正常运行   |  是   |  43499972
==================================================================

[动态重分配] 周期43500000：预约迁移 冗余域3(1%) -> 切片3 -> 饥饿域2(12%)
[切片剥夺] 周期43500000：切片3（所属域3）进入待剥夺状态，禁止新替换
[切片剥夺] 周期43500000：切片3在途请求已清空，开始执行脏行写回
[切片剥夺] 周期43500000：切片3无脏行，直接完成剥夺
[切片管理] 周期43500001：原域3仅剩1个切片，关闭路扩展模式
[动态重分配] 周期43500001：切片3写回完成，自动绑定到域2
[切片管理] 成功绑定切片3 → 安全域2，触发【路扩展模式】

======================== 切片硬件状态 ========================
切片号 | 所属安全域 | 当前状态    | 路扩展 | LRU touched
------------------------------------------------------------------
  0    |   域2      | 正常运行   |  是   |  43500001
  1    |   域0      | 正常运行   |  否   |  43500001
  2    |   域3      | 正常运行   |  否   |  43499970
  3    |   域2      | 正常运行   |  是   |  43500001
==================================================================


======================== 切片硬件状态 ========================
切片号 | 所属安全域 | 当前状态    | 路扩展 | LRU touched
------------------------------------------------------------------
  0    |   域2      | 正常运行   |  是   |  46999992
  1    |   域0      | 正常运行   |  否   |  46999998
  2    |   域3      | 正常运行   |  否   |  46999994
  3    |   域2      | 正常运行   |  是   |  46999773
==================================================================

[动态重分配] 周期47000000：预约迁移 冗余域2(12%) -> 切片0 -> 饥饿域3(21%)
[切片剥夺] 周期47000000：切片0（所属域2）进入待剥夺状态，禁止新替换
[切片剥夺] 周期47000160：切片0在途请求已清空，开始执行脏行写回
[切片管理] 周期47003933：原域2仅剩1个切片，关闭路扩展模式
[动态重分配] 周期47003933：切片0写回完成，自动绑定到域3
[切片管理] 成功绑定切片0 → 安全域3，触发【路扩展模式】

======================== 切片硬件状态 ========================
切片号 | 所属安全域 | 当前状态    | 路扩展 | LRU touched
------------------------------------------------------------------
  0    |   域3      | 正常运行   |  是   |  47003933
  1    |   域0      | 正常运行   |  否   |  47003927
  2    |   域3      | 正常运行   |  是   |  47003927
  3    |   域2      | 正常运行   |  否   |  47003925
==================================================================


======================== 切片硬件状态 ========================
切片号 | 所属安全域 | 当前状态    | 路扩展 | LRU touched
------------------------------------------------------------------
  0    |   域3      | 正常运行   |  是   |  47499998
  1    |   域0      | 正常运行   |  否   |  47499987
  2    |   域3      | 正常运行   |  是   |  47499953
  3    |   域2      | 正常运行   |  否   |  47499998
==================================================================

[动态重分配] 周期47500000：预约迁移 冗余域3(1%) -> 切片2 -> 饥饿域2(12%)
[切片剥夺] 周期47500000：切片2（所属域3）进入待剥夺状态，禁止新替换
[切片剥夺] 周期47500000：切片2在途请求已清空，开始执行脏行写回
[切片剥夺] 周期47500000：切片2无脏行，直接完成剥夺
[切片管理] 周期47500001：原域3仅剩1个切片，关闭路扩展模式
[动态重分配] 周期47500001：切片2写回完成，自动绑定到域2
[切片管理] 成功绑定切片2 → 安全域2，触发【路扩展模式】

======================== 切片硬件状态 ========================
切片号 | 所属安全域 | 当前状态    | 路扩展 | LRU touched
------------------------------------------------------------------
  0    |   域3      | 正常运行   |  否   |  47499998
  1    |   域0      | 正常运行   |  否   |  47500001
  2    |   域2      | 正常运行   |  是   |  47500001
  3    |   域2      | 正常运行   |  是   |  47500001
==================================================================


======================== 切片硬件状态 ========================
切片号 | 所属安全域 | 当前状态    | 路扩展 | LRU touched
------------------------------------------------------------------
  0    |   域3      | 正常运行   |  否   |  49999989
  1    |   域0      | 正常运行   |  否   |  50000000
  2    |   域2      | 正常运行   |  是   |  49999999
  3    |   域2      | 正常运行   |  是   |  49997175
==================================================================

[动态重分配] 周期50000000：预约迁移 冗余域2(12%) -> 切片3 -> 饥饿域3(22%)
[切片剥夺] 周期50000000：切片3（所属域2）进入待剥夺状态，禁止新替换
[切片剥夺] 周期50000000：切片3在途请求已清空，开始执行脏行写回
[切片管理] 周期50003958：原域2仅剩1个切片，关闭路扩展模式
[动态重分配] 周期50003958：切片3写回完成，自动绑定到域3
[切片管理] 成功绑定切片3 → 安全域3，触发【路扩展模式】

======================== 切片硬件状态 ========================
切片号 | 所属安全域 | 当前状态    | 路扩展 | LRU touched
------------------------------------------------------------------
  0    |   域3      | 正常运行   |  是   |  50003932
  1    |   域0      | 正常运行   |  否   |  50003957
  2    |   域2      | 正常运行   |  否   |  50003954
  3    |   域3      | 正常运行   |  是   |  50003958
==================================================================


======================== 切片硬件状态 ========================
切片号 | 所属安全域 | 当前状态    | 路扩展 | LRU touched
------------------------------------------------------------------
  0    |   域3      | 正常运行   |  是   |  50499964
  1    |   域0      | 正常运行   |  否   |  50499923
  2    |   域2      | 正常运行   |  否   |  50499970
  3    |   域3      | 正常运行   |  是   |  50499826
==================================================================

[动态重分配] 周期50500000：预约迁移 冗余域3(1%) -> 切片0 -> 饥饿域2(12%)
[切片剥夺] 周期50500000：切片0（所属域3）进入待剥夺状态，禁止新替换
[切片剥夺] 周期50500000：切片0在途请求已清空，开始执行脏行写回
[切片剥夺] 周期50500000：切片0无脏行，直接完成剥夺
[切片管理] 周期50500001：原域3仅剩1个切片，关闭路扩展模式
[动态重分配] 周期50500001：切片0写回完成，自动绑定到域2
[切片管理] 成功绑定切片0 → 安全域2，触发【路扩展模式】

======================== 切片硬件状态 ========================
切片号 | 所属安全域 | 当前状态    | 路扩展 | LRU touched
------------------------------------------------------------------
  0    |   域2      | 正常运行   |  是   |  50500001
  1    |   域0      | 正常运行   |  否   |  50499923
  2    |   域2      | 正常运行   |  是   |  50500001
  3    |   域3      | 正常运行   |  否   |  50499826
==================================================================


======================== 切片硬件状态 ========================
切片号 | 所属安全域 | 当前状态    | 路扩展 | LRU touched
------------------------------------------------------------------
  0    |   域2      | 正常运行   |  是   |  50989807
  1    |   域0      | 正常运行   |  否   |  50999998
  2    |   域2      | 正常运行   |  是   |  50999996
  3    |   域3      | 正常运行   |  否   |  50999986
==================================================================

[动态重分配] 周期51000000：预约迁移 冗余域2(12%) -> 切片2 -> 饥饿域3(21%)
[切片剥夺] 周期51000000：切片2（所属域2）进入待剥夺状态，禁止新替换
[切片剥夺] 周期51000112：切片2在途请求已清空，开始执行脏行写回
[切片管理] 周期51005224：原域2仅剩1个切片，关闭路扩展模式
[动态重分配] 周期51005224：切片2写回完成，自动绑定到域3
[切片管理] 成功绑定切片2 → 安全域3，触发【路扩展模式】

======================== 切片硬件状态 ========================
切片号 | 所属安全域 | 当前状态    | 路扩展 | LRU touched
------------------------------------------------------------------
  0    |   域2      | 正常运行   |  否   |  51005222
  1    |   域0      | 正常运行   |  否   |  51005220
  2    |   域3      | 正常运行   |  是   |  51005224
  3    |   域3      | 正常运行   |  是   |  51005206
==================================================================


======================== 切片硬件状态 ========================
切片号 | 所属安全域 | 当前状态    | 路扩展 | LRU touched
------------------------------------------------------------------
  0    |   域2      | 正常运行   |  否   |  52999996
  1    |   域0      | 正常运行   |  否   |  53000000
  2    |   域3      | 正常运行   |  是   |  52999984
  3    |   域3      | 正常运行   |  是   |  52999984
==================================================================

[动态重分配] 周期53000000：预约迁移 冗余域3(0%) -> 切片3 -> 饥饿域2(12%)
[切片剥夺] 周期53000000：切片3（所属域3）进入待剥夺状态，禁止新替换
[切片剥夺] 周期53000000：切片3在途请求已清空，开始执行脏行写回
[切片剥夺] 周期53000000：切片3无脏行，直接完成剥夺
[切片管理] 周期53000001：原域3仅剩1个切片，关闭路扩展模式
[动态重分配] 周期53000001：切片3写回完成，自动绑定到域2
[切片管理] 成功绑定切片3 → 安全域2，触发【路扩展模式】

======================== 切片硬件状态 ========================
切片号 | 所属安全域 | 当前状态    | 路扩展 | LRU touched
------------------------------------------------------------------
  0    |   域2      | 正常运行   |  是   |  52999996
  1    |   域0      | 正常运行   |  否   |  53000000
  2    |   域3      | 正常运行   |  否   |  52999984
  3    |   域2      | 正常运行   |  是   |  53000001
==================================================================


======================== 切片硬件状态 ========================
切片号 | 所属安全域 | 当前状态    | 路扩展 | LRU touched
------------------------------------------------------------------
  0    |   域2      | 正常运行   |  是   |  53499989
  1    |   域0      | 正常运行   |  否   |  53499982
  2    |   域3      | 正常运行   |  否   |  53499998
  3    |   域2      | 正常运行   |  是   |  53493730
==================================================================

[动态重分配] 周期53500000：预约迁移 冗余域2(12%) -> 切片0 -> 饥饿域3(21%)
[切片剥夺] 周期53500000：切片0（所属域2）进入待剥夺状态，禁止新替换
[切片剥夺] 周期53500200：切片0在途请求已清空，开始执行脏行写回
[切片管理] 周期53505400：原域2仅剩1个切片，关闭路扩展模式
[动态重分配] 周期53505400：切片0写回完成，自动绑定到域3
[切片管理] 成功绑定切片0 → 安全域3，触发【路扩展模式】

======================== 切片硬件状态 ========================
切片号 | 所属安全域 | 当前状态    | 路扩展 | LRU touched
------------------------------------------------------------------
  0    |   域3      | 正常运行   |  是   |  53505400
  1    |   域0      | 正常运行   |  否   |  53505392
  2    |   域3      | 正常运行   |  是   |  53505400
  3    |   域2      | 正常运行   |  否   |  53505393
==================================================================


======================== 切片硬件状态 ========================
切片号 | 所属安全域 | 当前状态    | 路扩展 | LRU touched
------------------------------------------------------------------
  0    |   域3      | 正常运行   |  是   |  53999971
  1    |   域0      | 正常运行   |  否   |  53999991
  2    |   域3      | 正常运行   |  是   |  53999974
  3    |   域2      | 正常运行   |  否   |  54000000
==================================================================

[动态重分配] 周期54000000：预约迁移 冗余域3(1%) -> 切片2 -> 饥饿域2(12%)
[切片剥夺] 周期54000000：切片2（所属域3）进入待剥夺状态，禁止新替换
[切片剥夺] 周期54000000：切片2在途请求已清空，开始执行脏行写回
[切片剥夺] 周期54000000：切片2无脏行，直接完成剥夺
[切片管理] 周期54000001：原域3仅剩1个切片，关闭路扩展模式
[动态重分配] 周期54000001：切片2写回完成，自动绑定到域2
[切片管理] 成功绑定切片2 → 安全域2，触发【路扩展模式】

======================== 切片硬件状态 ========================
切片号 | 所属安全域 | 当前状态    | 路扩展 | LRU touched
------------------------------------------------------------------
  0    |   域3      | 正常运行   |  否   |  53999971
  1    |   域0      | 正常运行   |  否   |  54000001
  2    |   域2      | 正常运行   |  是   |  54000001
  3    |   域2      | 正常运行   |  是   |  54000001
==================================================================


======================== 切片硬件状态 ========================
切片号 | 所属安全域 | 当前状态    | 路扩展 | LRU touched
------------------------------------------------------------------
  0    |   域3      | 正常运行   |  否   |  55999948
  1    |   域0      | 正常运行   |  否   |  55999960
  2    |   域2      | 正常运行   |  是   |  55989736
  3    |   域2      | 正常运行   |  是   |  55999962
==================================================================

[动态重分配] 周期56000000：预约迁移 冗余域2(12%) -> 切片3 -> 饥饿域3(21%)
[切片剥夺] 周期56000000：切片3（所属域2）进入待剥夺状态，禁止新替换
[切片剥夺] 周期56000104：切片3在途请求已清空，开始执行脏行写回
[切片管理] 周期56004914：原域2仅剩1个切片，关闭路扩展模式
[动态重分配] 周期56004914：切片3写回完成，自动绑定到域3
[切片管理] 成功绑定切片3 → 安全域3，触发【路扩展模式】

======================== 切片硬件状态 ========================
切片号 | 所属安全域 | 当前状态    | 路扩展 | LRU touched
------------------------------------------------------------------
  0    |   域3      | 正常运行   |  是   |  56004904
  1    |   域0      | 正常运行   |  否   |  56004900
  2    |   域2      | 正常运行   |  否   |  56004913
  3    |   域3      | 正常运行   |  是   |  56004914
==================================================================


======================== 切片硬件状态 ========================
切片号 | 所属安全域 | 当前状态    | 路扩展 | LRU touched
------------------------------------------------------------------
  0    |   域3      | 正常运行   |  是   |  56499985
  1    |   域0      | 正常运行   |  否   |  56499894
  2    |   域2      | 正常运行   |  否   |  56499999
  3    |   域3      | 正常运行   |  是   |  56499985
==================================================================

[动态重分配] 周期56500000：预约迁移 冗余域3(1%) -> 切片0 -> 饥饿域2(12%)
[切片剥夺] 周期56500000：切片0（所属域3）进入待剥夺状态，禁止新替换
[切片剥夺] 周期56500000：切片0在途请求已清空，开始执行脏行写回
[切片剥夺] 周期56500000：切片0无脏行，直接完成剥夺
[切片管理] 周期56500001：原域3仅剩1个切片，关闭路扩展模式
[动态重分配] 周期56500001：切片0写回完成，自动绑定到域2
[切片管理] 成功绑定切片0 → 安全域2，触发【路扩展模式】

======================== 切片硬件状态 ========================
切片号 | 所属安全域 | 当前状态    | 路扩展 | LRU touched
------------------------------------------------------------------
  0    |   域2      | 正常运行   |  是   |  56500001
  1    |   域0      | 正常运行   |  否   |  56499894
  2    |   域2      | 正常运行   |  是   |  56499999
  3    |   域3      | 正常运行   |  否   |  56499985
==================================================================


======================== 切片硬件状态 ========================
切片号 | 所属安全域 | 当前状态    | 路扩展 | LRU touched
------------------------------------------------------------------
  0    |   域2      | 正常运行   |  是   |  57489259
  1    |   域0      | 正常运行   |  否   |  57499814
  2    |   域2      | 正常运行   |  是   |  57499975
  3    |   域3      | 正常运行   |  否   |  57499927
==================================================================

[动态重分配] 周期57500000：预约迁移 冗余域2(12%) -> 切片2 -> 饥饿域3(22%)
[切片剥夺] 周期57500000：切片2（所属域2）进入待剥夺状态，禁止新替换
[切片剥夺] 周期57500156：切片2在途请求已清空，开始执行脏行写回
[切片管理] 周期57506491：原域2仅剩1个切片，关闭路扩展模式
[动态重分配] 周期57506491：切片2写回完成，自动绑定到域3
[切片管理] 成功绑定切片2 → 安全域3，触发【路扩展模式】

======================== 切片硬件状态 ========================
切片号 | 所属安全域 | 当前状态    | 路扩展 | LRU touched
------------------------------------------------------------------
  0    |   域2      | 正常运行   |  否   |  57506477
  1    |   域0      | 正常运行   |  否   |  57506482
  2    |   域3      | 正常运行   |  是   |  57506491
  3    |   域3      | 正常运行   |  是   |  57506488
==================================================================


======================== 切片硬件状态 ========================
切片号 | 所属安全域 | 当前状态    | 路扩展 | LRU touched
------------------------------------------------------------------
  0    |   域2      | 正常运行   |  否   |  58999969
  1    |   域0      | 正常运行   |  否   |  58999972
  2    |   域3      | 正常运行   |  是   |  58999944
  3    |   域3      | 正常运行   |  是   |  58999997
==================================================================

[动态重分配] 周期59000000：预约迁移 冗余域3(0%) -> 切片3 -> 饥饿域2(12%)
[切片剥夺] 周期59000000：切片3（所属域3）进入待剥夺状态，禁止新替换
[切片剥夺] 周期59000000：切片3在途请求已清空，开始执行脏行写回
[切片剥夺] 周期59000000：切片3无脏行，直接完成剥夺
[切片管理] 周期59000001：原域3仅剩1个切片，关闭路扩展模式
[动态重分配] 周期59000001：切片3写回完成，自动绑定到域2
[切片管理] 成功绑定切片3 → 安全域2，触发【路扩展模式】

======================== 切片硬件状态 ========================
切片号 | 所属安全域 | 当前状态    | 路扩展 | LRU touched
------------------------------------------------------------------
  0    |   域2      | 正常运行   |  是   |  58999969
  1    |   域0      | 正常运行   |  否   |  58999972
  2    |   域3      | 正常运行   |  否   |  58999944
  3    |   域2      | 正常运行   |  是   |  59000001
==================================================================


======================== 切片硬件状态 ========================
切片号 | 所属安全域 | 当前状态    | 路扩展 | LRU touched
------------------------------------------------------------------
  0    |   域2      | 正常运行   |  是   |  59499985
  1    |   域0      | 正常运行   |  否   |  59499991
  2    |   域3      | 正常运行   |  否   |  59499996
  3    |   域2      | 正常运行   |  是   |  59483886
==================================================================

[动态重分配] 周期59500000：预约迁移 冗余域2(12%) -> 切片0 -> 饥饿域3(22%)
[切片剥夺] 周期59500000：切片0（所属域2）进入待剥夺状态，禁止新替换
[切片剥夺] 周期59500132：切片0在途请求已清空，开始执行脏行写回
[切片管理] 周期59503434：原域2仅剩1个切片，关闭路扩展模式
[动态重分配] 周期59503434：切片0写回完成，自动绑定到域3
[切片管理] 成功绑定切片0 → 安全域3，触发【路扩展模式】

======================== 切片硬件状态 ========================
切片号 | 所属安全域 | 当前状态    | 路扩展 | LRU touched
------------------------------------------------------------------
  0    |   域3      | 正常运行   |  是   |  59503434
  1    |   域0      | 正常运行   |  否   |  59503432
  2    |   域3      | 正常运行   |  是   |  59503425
  3    |   域2      | 正常运行   |  否   |  59503431
==================================================================


======================== 切片硬件状态 ========================
切片号 | 所属安全域 | 当前状态    | 路扩展 | LRU touched
------------------------------------------------------------------
  0    |   域3      | 正常运行   |  是   |  60499999
  1    |   域0      | 正常运行   |  否   |  60500000
  2    |   域3      | 正常运行   |  是   |  60499958
  3    |   域2      | 正常运行   |  否   |  60499987
==================================================================

[动态重分配] 周期60500000：预约迁移 冗余域3(0%) -> 切片2 -> 饥饿域2(12%)
[切片剥夺] 周期60500000：切片2（所属域3）进入待剥夺状态，禁止新替换
[切片剥夺] 周期60500000：切片2在途请求已清空，开始执行脏行写回
[切片剥夺] 周期60500000：切片2无脏行，直接完成剥夺
[切片管理] 周期60500001：原域3仅剩1个切片，关闭路扩展模式
[动态重分配] 周期60500001：切片2写回完成，自动绑定到域2
[切片管理] 成功绑定切片2 → 安全域2，触发【路扩展模式】

======================== 切片硬件状态 ========================
切片号 | 所属安全域 | 当前状态    | 路扩展 | LRU touched
------------------------------------------------------------------
  0    |   域3      | 正常运行   |  否   |  60499999
  1    |   域0      | 正常运行   |  否   |  60500001
  2    |   域2      | 正常运行   |  是   |  60500001
  3    |   域2      | 正常运行   |  是   |  60499987
==================================================================


======================== 切片硬件状态 ========================
切片号 | 所属安全域 | 当前状态    | 路扩展 | LRU touched
------------------------------------------------------------------
  0    |   域3      | 正常运行   |  否   |  61999976
  1    |   域0      | 正常运行   |  否   |  61999997
  2    |   域2      | 正常运行   |  是   |  61999996
  3    |   域2      | 正常运行   |  是   |  61987918
==================================================================

[动态重分配] 周期62000000：预约迁移 冗余域2(12%) -> 切片3 -> 饥饿域3(22%)
[切片剥夺] 周期62000000：切片3（所属域2）进入待剥夺状态，禁止新替换
[切片剥夺] 周期62000000：切片3在途请求已清空，开始执行脏行写回
[切片管理] 周期62005178：原域2仅剩1个切片，关闭路扩展模式
[动态重分配] 周期62005178：切片3写回完成，自动绑定到域3
[切片管理] 成功绑定切片3 → 安全域3，触发【路扩展模式】

======================== 切片硬件状态 ========================
切片号 | 所属安全域 | 当前状态    | 路扩展 | LRU touched
------------------------------------------------------------------
  0    |   域3      | 正常运行   |  是   |  62005174
  1    |   域0      | 正常运行   |  否   |  62005170
  2    |   域2      | 正常运行   |  否   |  62005176
  3    |   域3      | 正常运行   |  是   |  62005178
==================================================================


======================== 切片硬件状态 ========================
切片号 | 所属安全域 | 当前状态    | 路扩展 | LRU touched
------------------------------------------------------------------
  0    |   域3      | 正常运行   |  是   |  62500000
  1    |   域0      | 正常运行   |  否   |  62499998
  2    |   域2      | 正常运行   |  否   |  62500000
  3    |   域3      | 正常运行   |  是   |  62499947
==================================================================

[动态重分配] 周期62500000：预约迁移 冗余域3(1%) -> 切片0 -> 饥饿域2(12%)
[切片剥夺] 周期62500000：切片0（所属域3）进入待剥夺状态，禁止新替换
[切片剥夺] 周期62500000：切片0在途请求已清空，开始执行脏行写回
[切片剥夺] 周期62500000：切片0无脏行，直接完成剥夺
[切片管理] 周期62500001：原域3仅剩1个切片，关闭路扩展模式
[动态重分配] 周期62500001：切片0写回完成，自动绑定到域2
[切片管理] 成功绑定切片0 → 安全域2，触发【路扩展模式】

======================== 切片硬件状态 ========================
切片号 | 所属安全域 | 当前状态    | 路扩展 | LRU touched
------------------------------------------------------------------
  0    |   域2      | 正常运行   |  是   |  62500001
  1    |   域0      | 正常运行   |  否   |  62499998
  2    |   域2      | 正常运行   |  是   |  62500000
  3    |   域3      | 正常运行   |  否   |  62499947
==================================================================


======================== 切片硬件状态 ========================
切片号 | 所属安全域 | 当前状态    | 路扩展 | LRU touched
------------------------------------------------------------------
  0    |   域2      | 正常运行   |  是   |  63485971
  1    |   域0      | 正常运行   |  否   |  63499994
  2    |   域2      | 正常运行   |  是   |  63499920
  3    |   域3      | 正常运行   |  否   |  63499981
==================================================================

[动态重分配] 周期63500000：预约迁移 冗余域2(12%) -> 切片2 -> 饥饿域3(21%)
[切片剥夺] 周期63500000：切片2（所属域2）进入待剥夺状态，禁止新替换
[切片剥夺] 周期63500108：切片2在途请求已清空，开始执行脏行写回
[切片管理] 周期63506323：原域2仅剩1个切片，关闭路扩展模式
[动态重分配] 周期63506323：切片2写回完成，自动绑定到域3
[切片管理] 成功绑定切片2 → 安全域3，触发【路扩展模式】

======================== 切片硬件状态 ========================
切片号 | 所属安全域 | 当前状态    | 路扩展 | LRU touched
------------------------------------------------------------------
  0    |   域2      | 正常运行   |  否   |  63506315
  1    |   域0      | 正常运行   |  否   |  63506299
  2    |   域3      | 正常运行   |  是   |  63506323
  3    |   域3      | 正常运行   |  是   |  63506288
==================================================================


======================== 切片硬件状态 ========================
切片号 | 所属安全域 | 当前状态    | 路扩展 | LRU touched
------------------------------------------------------------------
  0    |   域2      | 正常运行   |  否   |  64999992
  1    |   域0      | 正常运行   |  否   |  64999784
  2    |   域3      | 正常运行   |  是   |  64999957
  3    |   域3      | 正常运行   |  是   |  64999980
==================================================================

[动态重分配] 周期65000000：预约迁移 冗余域3(0%) -> 切片3 -> 饥饿域2(12%)
[切片剥夺] 周期65000000：切片3（所属域3）进入待剥夺状态，禁止新替换
[切片剥夺] 周期65000000：切片3在途请求已清空，开始执行脏行写回
[切片剥夺] 周期65000000：切片3无脏行，直接完成剥夺
[切片管理] 周期65000001：原域3仅剩1个切片，关闭路扩展模式
[动态重分配] 周期65000001：切片3写回完成，自动绑定到域2
[切片管理] 成功绑定切片3 → 安全域2，触发【路扩展模式】

======================== 切片硬件状态 ========================
切片号 | 所属安全域 | 当前状态    | 路扩展 | LRU touched
------------------------------------------------------------------
  0    |   域2      | 正常运行   |  是   |  64999992
  1    |   域0      | 正常运行   |  否   |  64999784
  2    |   域3      | 正常运行   |  否   |  64999957
  3    |   域2      | 正常运行   |  是   |  65000001
==================================================================


======================== 切片硬件状态 ========================
切片号 | 所属安全域 | 当前状态    | 路扩展 | LRU touched
------------------------------------------------------------------
  0    |   域2      | 正常运行   |  是   |  65486890
  1    |   域0      | 正常运行   |  否   |  65499999
  2    |   域3      | 正常运行   |  否   |  65499979
  3    |   域2      | 正常运行   |  是   |  65500000
==================================================================

[动态重分配] 周期65500000：预约迁移 冗余域2(12%) -> 切片0 -> 饥饿域3(21%)
[切片剥夺] 周期65500000：切片0（所属域2）进入待剥夺状态，禁止新替换
[切片剥夺] 周期65500000：切片0在途请求已清空，开始执行脏行写回
[切片管理] 周期65504782：原域2仅剩1个切片，关闭路扩展模式
[动态重分配] 周期65504782：切片0写回完成，自动绑定到域3
[切片管理] 成功绑定切片0 → 安全域3，触发【路扩展模式】

======================== 切片硬件状态 ========================
切片号 | 所属安全域 | 当前状态    | 路扩展 | LRU touched
------------------------------------------------------------------
  0    |   域3      | 正常运行   |  是   |  65504782
  1    |   域0      | 正常运行   |  否   |  65504763
  2    |   域3      | 正常运行   |  是   |  65504763
  3    |   域2      | 正常运行   |  否   |  65504779
==================================================================


======================== 切片硬件状态 ========================
切片号 | 所属安全域 | 当前状态    | 路扩展 | LRU touched
------------------------------------------------------------------
  0    |   域3      | 正常运行   |  是   |  66499970
  1    |   域0      | 正常运行   |  否   |  66499991
  2    |   域3      | 正常运行   |  是   |  66499974
  3    |   域2      | 正常运行   |  否   |  66499990
==================================================================

[动态重分配] 周期66500000：预约迁移 冗余域3(0%) -> 切片2 -> 饥饿域2(12%)
[切片剥夺] 周期66500000：切片2（所属域3）进入待剥夺状态，禁止新替换
[切片剥夺] 周期66500000：切片2在途请求已清空，开始执行脏行写回
[切片剥夺] 周期66500000：切片2无脏行，直接完成剥夺
[切片管理] 周期66500001：原域3仅剩1个切片，关闭路扩展模式
[动态重分配] 周期66500001：切片2写回完成，自动绑定到域2
[切片管理] 成功绑定切片2 → 安全域2，触发【路扩展模式】

======================== 切片硬件状态 ========================
切片号 | 所属安全域 | 当前状态    | 路扩展 | LRU touched
------------------------------------------------------------------
  0    |   域3      | 正常运行   |  否   |  66499970
  1    |   域0      | 正常运行   |  否   |  66499991
  2    |   域2      | 正常运行   |  是   |  66500001
  3    |   域2      | 正常运行   |  是   |  66499990
==================================================================


======================== 切片硬件状态 ========================
切片号 | 所属安全域 | 当前状态    | 路扩展 | LRU touched
------------------------------------------------------------------
  0    |   域3      | 正常运行   |  否   |  67999997
  1    |   域0      | 正常运行   |  否   |  67999972
  2    |   域2      | 正常运行   |  是   |  68000000
  3    |   域2      | 正常运行   |  是   |  67993884
==================================================================

[动态重分配] 周期68000000：预约迁移 冗余域2(12%) -> 切片3 -> 饥饿域3(21%)
[切片剥夺] 周期68000000：切片3（所属域2）进入待剥夺状态，禁止新替换
[切片剥夺] 周期68000000：切片3在途请求已清空，开始执行脏行写回
[切片管理] 周期68005315：原域2仅剩1个切片，关闭路扩展模式
[动态重分配] 周期68005315：切片3写回完成，自动绑定到域3
[切片管理] 成功绑定切片3 → 安全域3，触发【路扩展模式】

======================== 切片硬件状态 ========================
切片号 | 所属安全域 | 当前状态    | 路扩展 | LRU touched
------------------------------------------------------------------
  0    |   域3      | 正常运行   |  是   |  68005300
  1    |   域0      | 正常运行   |  否   |  68005312
  2    |   域2      | 正常运行   |  否   |  68005307
  3    |   域3      | 正常运行   |  是   |  68005315
==================================================================


======================== 切片硬件状态 ========================
切片号 | 所属安全域 | 当前状态    | 路扩展 | LRU touched
------------------------------------------------------------------
  0    |   域3      | 正常运行   |  是   |  68499991
  1    |   域0      | 正常运行   |  否   |  68499989
  2    |   域2      | 正常运行   |  否   |  68499998
  3    |   域3      | 正常运行   |  是   |  68499989
==================================================================

[动态重分配] 周期68500000：预约迁移 冗余域3(1%) -> 切片0 -> 饥饿域2(12%)
[切片剥夺] 周期68500000：切片0（所属域3）进入待剥夺状态，禁止新替换
[切片剥夺] 周期68500000：切片0在途请求已清空，开始执行脏行写回
[切片剥夺] 周期68500000：切片0无脏行，直接完成剥夺
[切片管理] 周期68500001：原域3仅剩1个切片，关闭路扩展模式
[动态重分配] 周期68500001：切片0写回完成，自动绑定到域2
[切片管理] 成功绑定切片0 → 安全域2，触发【路扩展模式】

======================== 切片硬件状态 ========================
切片号 | 所属安全域 | 当前状态    | 路扩展 | LRU touched
------------------------------------------------------------------
  0    |   域2      | 正常运行   |  是   |  68500001
  1    |   域0      | 正常运行   |  否   |  68499989
  2    |   域2      | 正常运行   |  是   |  68500001
  3    |   域3      | 正常运行   |  否   |  68499989
==================================================================


======================== 切片硬件状态 ========================
切片号 | 所属安全域 | 当前状态    | 路扩展 | LRU touched
------------------------------------------------------------------
  0    |   域2      | 正常运行   |  是   |  69493556
  1    |   域0      | 正常运行   |  否   |  69499993
  2    |   域2      | 正常运行   |  是   |  69499987
  3    |   域3      | 正常运行   |  否   |  69499993
==================================================================

[动态重分配] 周期69500000：预约迁移 冗余域2(12%) -> 切片2 -> 饥饿域3(22%)
[切片剥夺] 周期69500000：切片2（所属域2）进入待剥夺状态，禁止新替换
[切片剥夺] 周期69500208：切片2在途请求已清空，开始执行脏行写回
[切片管理] 周期69505998：原域2仅剩1个切片，关闭路扩展模式
[动态重分配] 周期69505998：切片2写回完成，自动绑定到域3
[切片管理] 成功绑定切片2 → 安全域3，触发【路扩展模式】

======================== 切片硬件状态 ========================
切片号 | 所属安全域 | 当前状态    | 路扩展 | LRU touched
------------------------------------------------------------------
  0    |   域2      | 正常运行   |  否   |  69505986
  1    |   域0      | 正常运行   |  否   |  69505895
  2    |   域3      | 正常运行   |  是   |  69505998
  3    |   域3      | 正常运行   |  是   |  69505991
==================================================================


======================== 切片硬件状态 ========================
切片号 | 所属安全域 | 当前状态    | 路扩展 | LRU touched
------------------------------------------------------------------
  0    |   域2      | 正常运行   |  否   |  70999833
  1    |   域0      | 正常运行   |  否   |  70999797
  2    |   域3      | 正常运行   |  是   |  70999950
  3    |   域3      | 正常运行   |  是   |  70999998
==================================================================

[动态重分配] 周期71000000：预约迁移 冗余域3(0%) -> 切片3 -> 饥饿域2(12%)
[切片剥夺] 周期71000000：切片3（所属域3）进入待剥夺状态，禁止新替换
[切片剥夺] 周期71000000：切片3在途请求已清空，开始执行脏行写回
[切片剥夺] 周期71000000：切片3无脏行，直接完成剥夺
[切片管理] 周期71000001：原域3仅剩1个切片，关闭路扩展模式
[动态重分配] 周期71000001：切片3写回完成，自动绑定到域2
[切片管理] 成功绑定切片3 → 安全域2，触发【路扩展模式】

======================== 切片硬件状态 ========================
切片号 | 所属安全域 | 当前状态    | 路扩展 | LRU touched
------------------------------------------------------------------
  0    |   域2      | 正常运行   |  是   |  70999833
  1    |   域0      | 正常运行   |  否   |  70999797
  2    |   域3      | 正常运行   |  否   |  70999950
  3    |   域2      | 正常运行   |  是   |  71000001
==================================================================


======================== 切片硬件状态 ========================
切片号 | 所属安全域 | 当前状态    | 路扩展 | LRU touched
------------------------------------------------------------------
  0    |   域2      | 正常运行   |  是   |  71488451
  1    |   域0      | 正常运行   |  否   |  71499952
  2    |   域3      | 正常运行   |  否   |  71499997
  3    |   域2      | 正常运行   |  是   |  71499988
==================================================================

[动态重分配] 周期71500000：预约迁移 冗余域2(12%) -> 切片0 -> 饥饿域3(22%)
[切片剥夺] 周期71500000：切片0（所属域2）进入待剥夺状态，禁止新替换
[切片剥夺] 周期71500000：切片0在途请求已清空，开始执行脏行写回
[切片管理] 周期71506236：原域2仅剩1个切片，关闭路扩展模式
[动态重分配] 周期71506236：切片0写回完成，自动绑定到域3
[切片管理] 成功绑定切片0 → 安全域3，触发【路扩展模式】

======================== 切片硬件状态 ========================
切片号 | 所属安全域 | 当前状态    | 路扩展 | LRU touched
------------------------------------------------------------------
  0    |   域3      | 正常运行   |  是   |  71506236
  1    |   域0      | 正常运行   |  否   |  71506228
  2    |   域3      | 正常运行   |  是   |  71506221
  3    |   域2      | 正常运行   |  否   |  71506223
==================================================================


======================== 切片硬件状态 ========================
切片号 | 所属安全域 | 当前状态    | 路扩展 | LRU touched
------------------------------------------------------------------
  0    |   域3      | 正常运行   |  是   |  72499986
  1    |   域0      | 正常运行   |  否   |  72500000
  2    |   域3      | 正常运行   |  是   |  72499997
  3    |   域2      | 正常运行   |  否   |  72499972
==================================================================

[动态重分配] 周期72500000：预约迁移 冗余域3(0%) -> 切片2 -> 饥饿域2(12%)
[切片剥夺] 周期72500000：切片2（所属域3）进入待剥夺状态，禁止新替换
[切片剥夺] 周期72500000：切片2在途请求已清空，开始执行脏行写回
[切片剥夺] 周期72500000：切片2无脏行，直接完成剥夺
[切片管理] 周期72500001：原域3仅剩1个切片，关闭路扩展模式
[动态重分配] 周期72500001：切片2写回完成，自动绑定到域2
[切片管理] 成功绑定切片2 → 安全域2，触发【路扩展模式】

======================== 切片硬件状态 ========================
切片号 | 所属安全域 | 当前状态    | 路扩展 | LRU touched
------------------------------------------------------------------
  0    |   域3      | 正常运行   |  否   |  72499986
  1    |   域0      | 正常运行   |  否   |  72500001
  2    |   域2      | 正常运行   |  是   |  72500001
  3    |   域2      | 正常运行   |  是   |  72499972
==================================================================


======================== 切片硬件状态 ========================
切片号 | 所属安全域 | 当前状态    | 路扩展 | LRU touched
------------------------------------------------------------------
  0    |   域3      | 正常运行   |  否   |  73999991
  1    |   域0      | 正常运行   |  否   |  73999996
  2    |   域2      | 正常运行   |  是   |  73999987
  3    |   域2      | 正常运行   |  是   |  73986286
==================================================================

[动态重分配] 周期74000000：预约迁移 冗余域2(12%) -> 切片3 -> 饥饿域3(22%)
[切片剥夺] 周期74000000：切片3（所属域2）进入待剥夺状态，禁止新替换
[切片剥夺] 周期74000000：切片3在途请求已清空，开始执行脏行写回
[切片管理] 周期74003734：原域2仅剩1个切片，关闭路扩展模式
[动态重分配] 周期74003734：切片3写回完成，自动绑定到域3
[切片管理] 成功绑定切片3 → 安全域3，触发【路扩展模式】

======================== 切片硬件状态 ========================
切片号 | 所属安全域 | 当前状态    | 路扩展 | LRU touched
------------------------------------------------------------------
  0    |   域3      | 正常运行   |  是   |  74003718
  1    |   域0      | 正常运行   |  否   |  74003730
  2    |   域2      | 正常运行   |  否   |  74003722
  3    |   域3      | 正常运行   |  是   |  74003734
==================================================================


======================== 切片硬件状态 ========================
切片号 | 所属安全域 | 当前状态    | 路扩展 | LRU touched
------------------------------------------------------------------
  0    |   域3      | 正常运行   |  是   |  74499990
  1    |   域0      | 正常运行   |  否   |  74499994
  2    |   域2      | 正常运行   |  否   |  74499988
  3    |   域3      | 正常运行   |  是   |  74499866
==================================================================

[动态重分配] 周期74500000：预约迁移 冗余域3(1%) -> 切片0 -> 饥饿域2(12%)
[切片剥夺] 周期74500000：切片0（所属域3）进入待剥夺状态，禁止新替换
[切片剥夺] 周期74500000：切片0在途请求已清空，开始执行脏行写回
[切片剥夺] 周期74500000：切片0无脏行，直接完成剥夺
[切片管理] 周期74500001：原域3仅剩1个切片，关闭路扩展模式
[动态重分配] 周期74500001：切片0写回完成，自动绑定到域2
[切片管理] 成功绑定切片0 → 安全域2，触发【路扩展模式】

======================== 切片硬件状态 ========================
切片号 | 所属安全域 | 当前状态    | 路扩展 | LRU touched
------------------------------------------------------------------
  0    |   域2      | 正常运行   |  是   |  74500001
  1    |   域0      | 正常运行   |  否   |  74499994
  2    |   域2      | 正常运行   |  是   |  74499988
  3    |   域3      | 正常运行   |  否   |  74499866
==================================================================


======================== 切片硬件状态 ========================
切片号 | 所属安全域 | 当前状态    | 路扩展 | LRU touched
------------------------------------------------------------------
  0    |   域2      | 正常运行   |  是   |  75489468
  1    |   域0      | 正常运行   |  否   |  75500000
  2    |   域2      | 正常运行   |  是   |  75500000
  3    |   域3      | 正常运行   |  否   |  75499935
==================================================================

[动态重分配] 周期75500000：预约迁移 冗余域2(12%) -> 切片2 -> 饥饿域3(21%)
[切片剥夺] 周期75500000：切片2（所属域2）进入待剥夺状态，禁止新替换
[切片剥夺] 周期75500156：切片2在途请求已清空，开始执行脏行写回
[切片管理] 周期75501998：原域2仅剩1个切片，关闭路扩展模式
[动态重分配] 周期75501998：切片2写回完成，自动绑定到域3
[切片管理] 成功绑定切片2 → 安全域3，触发【路扩展模式】

======================== 切片硬件状态 ========================
切片号 | 所属安全域 | 当前状态    | 路扩展 | LRU touched
------------------------------------------------------------------
  0    |   域2      | 正常运行   |  否   |  75501995
  1    |   域0      | 正常运行   |  否   |  75501996
  2    |   域3      | 正常运行   |  是   |  75501998
  3    |   域3      | 正常运行   |  是   |  75501985
==================================================================


======================== 切片硬件状态 ========================
切片号 | 所属安全域 | 当前状态    | 路扩展 | LRU touched
------------------------------------------------------------------
  0    |   域2      | 正常运行   |  否   |  76999936
  1    |   域0      | 正常运行   |  否   |  76999999
  2    |   域3      | 正常运行   |  是   |  76999865
  3    |   域3      | 正常运行   |  是   |  76999997
==================================================================

[动态重分配] 周期77000000：预约迁移 冗余域3(0%) -> 切片3 -> 饥饿域2(12%)
[切片剥夺] 周期77000000：切片3（所属域3）进入待剥夺状态，禁止新替换
[切片剥夺] 周期77000000：切片3在途请求已清空，开始执行脏行写回
[切片剥夺] 周期77000000：切片3无脏行，直接完成剥夺
[切片管理] 周期77000001：原域3仅剩1个切片，关闭路扩展模式
[动态重分配] 周期77000001：切片3写回完成，自动绑定到域2
[切片管理] 成功绑定切片3 → 安全域2，触发【路扩展模式】

======================== 切片硬件状态 ========================
切片号 | 所属安全域 | 当前状态    | 路扩展 | LRU touched
------------------------------------------------------------------
  0    |   域2      | 正常运行   |  是   |  76999936
  1    |   域0      | 正常运行   |  否   |  76999999
  2    |   域3      | 正常运行   |  否   |  76999865
  3    |   域2      | 正常运行   |  是   |  77000001
==================================================================


======================== 切片硬件状态 ========================
切片号 | 所属安全域 | 当前状态    | 路扩展 | LRU touched
------------------------------------------------------------------
  0    |   域2      | 正常运行   |  是   |  77495356
  1    |   域0      | 正常运行   |  否   |  77500000
  2    |   域3      | 正常运行   |  否   |  77499988
  3    |   域2      | 正常运行   |  是   |  77499961
==================================================================

[动态重分配] 周期77500000：预约迁移 冗余域2(12%) -> 切片0 -> 饥饿域3(22%)
[切片剥夺] 周期77500000：切片0（所属域2）进入待剥夺状态，禁止新替换
[切片剥夺] 周期77500000：切片0在途请求已清空，开始执行脏行写回
[切片管理] 周期77503714：原域2仅剩1个切片，关闭路扩展模式
[动态重分配] 周期77503714：切片0写回完成，自动绑定到域3
[切片管理] 成功绑定切片0 → 安全域3，触发【路扩展模式】

======================== 切片硬件状态 ========================
切片号 | 所属安全域 | 当前状态    | 路扩展 | LRU touched
------------------------------------------------------------------
  0    |   域3      | 正常运行   |  是   |  77503714
  1    |   域0      | 正常运行   |  否   |  77503693
  2    |   域3      | 正常运行   |  是   |  77503712
  3    |   域2      | 正常运行   |  否   |  77503702
==================================================================


======================== 切片硬件状态 ========================
切片号 | 所属安全域 | 当前状态    | 路扩展 | LRU touched
------------------------------------------------------------------
  0    |   域3      | 正常运行   |  是   |  78499979
  1    |   域0      | 正常运行   |  否   |  78499997
  2    |   域3      | 正常运行   |  是   |  78499987
  3    |   域2      | 正常运行   |  否   |  78499972
==================================================================

[动态重分配] 周期78500000：预约迁移 冗余域3(0%) -> 切片2 -> 饥饿域2(12%)
[切片剥夺] 周期78500000：切片2（所属域3）进入待剥夺状态，禁止新替换
[切片剥夺] 周期78500000：切片2在途请求已清空，开始执行脏行写回
[切片剥夺] 周期78500000：切片2无脏行，直接完成剥夺
[切片管理] 周期78500001：原域3仅剩1个切片，关闭路扩展模式
[动态重分配] 周期78500001：切片2写回完成，自动绑定到域2
[切片管理] 成功绑定切片2 → 安全域2，触发【路扩展模式】

======================== 切片硬件状态 ========================
切片号 | 所属安全域 | 当前状态    | 路扩展 | LRU touched
------------------------------------------------------------------
  0    |   域3      | 正常运行   |  否   |  78499979
  1    |   域0      | 正常运行   |  否   |  78499997
  2    |   域2      | 正常运行   |  是   |  78500001
  3    |   域2      | 正常运行   |  是   |  78500001
==================================================================


======================== 切片硬件状态 ========================
切片号 | 所属安全域 | 当前状态    | 路扩展 | LRU touched
------------------------------------------------------------------
  0    |   域3      | 正常运行   |  否   |  79999959
  1    |   域0      | 正常运行   |  否   |  79999985
  2    |   域2      | 正常运行   |  是   |  79996227
  3    |   域2      | 正常运行   |  是   |  79999935
==================================================================

[动态重分配] 周期80000000：预约迁移 冗余域2(12%) -> 切片3 -> 饥饿域3(22%)
[切片剥夺] 周期80000000：切片3（所属域2）进入待剥夺状态，禁止新替换
[切片剥夺] 周期80000240：切片3在途请求已清空，开始执行脏行写回
[切片管理] 周期80006103：原域2仅剩1个切片，关闭路扩展模式
[动态重分配] 周期80006103：切片3写回完成，自动绑定到域3
[切片管理] 成功绑定切片3 → 安全域3，触发【路扩展模式】

======================== 切片硬件状态 ========================
切片号 | 所属安全域 | 当前状态    | 路扩展 | LRU touched
------------------------------------------------------------------
  0    |   域3      | 正常运行   |  是   |  80006103
  1    |   域0      | 正常运行   |  否   |  80006096
  2    |   域2      | 正常运行   |  否   |  80006094
  3    |   域3      | 正常运行   |  是   |  80006103
==================================================================


======================== 切片硬件状态 ========================
切片号 | 所属安全域 | 当前状态    | 路扩展 | LRU touched
------------------------------------------------------------------
  0    |   域3      | 正常运行   |  是   |  80499929
  1    |   域0      | 正常运行   |  否   |  80499957
  2    |   域2      | 正常运行   |  否   |  80500000
  3    |   域3      | 正常运行   |  是   |  80499915
==================================================================

[动态重分配] 周期80500000：预约迁移 冗余域3(1%) -> 切片0 -> 饥饿域2(12%)
[切片剥夺] 周期80500000：切片0（所属域3）进入待剥夺状态，禁止新替换
[切片剥夺] 周期80500000：切片0在途请求已清空，开始执行脏行写回
[切片剥夺] 周期80500000：切片0无脏行，直接完成剥夺
[切片管理] 周期80500001：原域3仅剩1个切片，关闭路扩展模式
[动态重分配] 周期80500001：切片0写回完成，自动绑定到域2
[切片管理] 成功绑定切片0 → 安全域2，触发【路扩展模式】

======================== 切片硬件状态 ========================
切片号 | 所属安全域 | 当前状态    | 路扩展 | LRU touched
------------------------------------------------------------------
  0    |   域2      | 正常运行   |  是   |  80500001
  1    |   域0      | 正常运行   |  否   |  80499957
  2    |   域2      | 正常运行   |  是   |  80500000
  3    |   域3      | 正常运行   |  否   |  80499915
==================================================================


======================== 切片硬件状态 ========================
切片号 | 所属安全域 | 当前状态    | 路扩展 | LRU touched
------------------------------------------------------------------
  0    |   域2      | 正常运行   |  是   |  81485000
  1    |   域0      | 正常运行   |  否   |  81499916
  2    |   域2      | 正常运行   |  是   |  81499970
  3    |   域3      | 正常运行   |  否   |  81499963
==================================================================

[动态重分配] 周期81500000：预约迁移 冗余域2(12%) -> 切片2 -> 饥饿域3(22%)
[切片剥夺] 周期81500000：切片2（所属域2）进入待剥夺状态，禁止新替换
[切片剥夺] 周期81500160：切片2在途请求已清空，开始执行脏行写回
[切片管理] 周期81503585：原域2仅剩1个切片，关闭路扩展模式
[动态重分配] 周期81503585：切片2写回完成，自动绑定到域3
[切片管理] 成功绑定切片2 → 安全域3，触发【路扩展模式】

======================== 切片硬件状态 ========================
切片号 | 所属安全域 | 当前状态    | 路扩展 | LRU touched
------------------------------------------------------------------
  0    |   域2      | 正常运行   |  否   |  81503585
  1    |   域0      | 正常运行   |  否   |  81503354
  2    |   域3      | 正常运行   |  是   |  81503585
  3    |   域3      | 正常运行   |  是   |  81503585
==================================================================


======================== 切片硬件状态 ========================
切片号 | 所属安全域 | 当前状态    | 路扩展 | LRU touched
------------------------------------------------------------------
  0    |   域2      | 正常运行   |  否   |  82999998
  1    |   域0      | 正常运行   |  否   |  82999997
  2    |   域3      | 正常运行   |  是   |  82999974
  3    |   域3      | 正常运行   |  是   |  82999990
==================================================================

[动态重分配] 周期83000000：预约迁移 冗余域3(0%) -> 切片3 -> 饥饿域2(12%)
[切片剥夺] 周期83000000：切片3（所属域3）进入待剥夺状态，禁止新替换
[切片剥夺] 周期83000000：切片3在途请求已清空，开始执行脏行写回
[切片剥夺] 周期83000000：切片3无脏行，直接完成剥夺
[切片管理] 周期83000001：原域3仅剩1个切片，关闭路扩展模式
[动态重分配] 周期83000001：切片3写回完成，自动绑定到域2
[切片管理] 成功绑定切片3 → 安全域2，触发【路扩展模式】

======================== 切片硬件状态 ========================
切片号 | 所属安全域 | 当前状态    | 路扩展 | LRU touched
------------------------------------------------------------------
  0    |   域2      | 正常运行   |  是   |  82999998
  1    |   域0      | 正常运行   |  否   |  82999997
  2    |   域3      | 正常运行   |  否   |  82999974
  3    |   域2      | 正常运行   |  是   |  83000001
==================================================================


======================== 切片硬件状态 ========================
切片号 | 所属安全域 | 当前状态    | 路扩展 | LRU touched
------------------------------------------------------------------
  0    |   域2      | 正常运行   |  是   |  83499930
  1    |   域0      | 正常运行   |  否   |  83499999
  2    |   域3      | 正常运行   |  否   |  83499984
  3    |   域2      | 正常运行   |  是   |  83488181
==================================================================

[动态重分配] 周期83500000：预约迁移 冗余域2(12%) -> 切片0 -> 饥饿域3(21%)
[切片剥夺] 周期83500000：切片0（所属域2）进入待剥夺状态，禁止新替换
[切片剥夺] 周期83500108：切片0在途请求已清空，开始执行脏行写回
[切片管理] 周期83503977：原域2仅剩1个切片，关闭路扩展模式
[动态重分配] 周期83503977：切片0写回完成，自动绑定到域3
[切片管理] 成功绑定切片0 → 安全域3，触发【路扩展模式】

======================== 切片硬件状态 ========================
切片号 | 所属安全域 | 当前状态    | 路扩展 | LRU touched
------------------------------------------------------------------
  0    |   域3      | 正常运行   |  是   |  83503977
  1    |   域0      | 正常运行   |  否   |  83503964
  2    |   域3      | 正常运行   |  是   |  83503977
  3    |   域2      | 正常运行   |  否   |  83503966
==================================================================


======================== 切片硬件状态 ========================
切片号 | 所属安全域 | 当前状态    | 路扩展 | LRU touched
------------------------------------------------------------------
  0    |   域3      | 正常运行   |  是   |  84499815
  1    |   域0      | 正常运行   |  否   |  84499986
  2    |   域3      | 正常运行   |  是   |  84499997
  3    |   域2      | 正常运行   |  否   |  84499986
==================================================================

[动态重分配] 周期84500000：预约迁移 冗余域3(0%) -> 切片2 -> 饥饿域2(12%)
[切片剥夺] 周期84500000：切片2（所属域3）进入待剥夺状态，禁止新替换
[切片剥夺] 周期84500000：切片2在途请求已清空，开始执行脏行写回
[切片剥夺] 周期84500000：切片2无脏行，直接完成剥夺
[切片管理] 周期84500001：原域3仅剩1个切片，关闭路扩展模式
[动态重分配] 周期84500001：切片2写回完成，自动绑定到域2
[切片管理] 成功绑定切片2 → 安全域2，触发【路扩展模式】

======================== 切片硬件状态 ========================
切片号 | 所属安全域 | 当前状态    | 路扩展 | LRU touched
------------------------------------------------------------------
  0    |   域3      | 正常运行   |  否   |  84499815
  1    |   域0      | 正常运行   |  否   |  84499986
  2    |   域2      | 正常运行   |  是   |  84500001
  3    |   域2      | 正常运行   |  是   |  84499986
==================================================================


======================== 切片硬件状态 ========================
切片号 | 所属安全域 | 当前状态    | 路扩展 | LRU touched
------------------------------------------------------------------
  0    |   域3      | 正常运行   |  否   |  85999993
  1    |   域0      | 正常运行   |  否   |  85999998
  2    |   域2      | 正常运行   |  是   |  85999986
  3    |   域2      | 正常运行   |  是   |  85998693
==================================================================

[动态重分配] 周期86000000：预约迁移 冗余域2(12%) -> 切片3 -> 饥饿域3(21%)
[切片剥夺] 周期86000000：切片3（所属域2）进入待剥夺状态，禁止新替换
[切片剥夺] 周期86000000：切片3在途请求已清空，开始执行脏行写回
[切片管理] 周期86003486：原域2仅剩1个切片，关闭路扩展模式
[动态重分配] 周期86003486：切片3写回完成，自动绑定到域3
[切片管理] 成功绑定切片3 → 安全域3，触发【路扩展模式】

======================== 切片硬件状态 ========================
切片号 | 所属安全域 | 当前状态    | 路扩展 | LRU touched
------------------------------------------------------------------
  0    |   域3      | 正常运行   |  是   |  86003480
  1    |   域0      | 正常运行   |  否   |  86003484
  2    |   域2      | 正常运行   |  否   |  86003481
  3    |   域3      | 正常运行   |  是   |  86003486
==================================================================


======================== 切片硬件状态 ========================
切片号 | 所属安全域 | 当前状态    | 路扩展 | LRU touched
------------------------------------------------------------------
  0    |   域3      | 正常运行   |  是   |  86499971
  1    |   域0      | 正常运行   |  否   |  86499999
  2    |   域2      | 正常运行   |  否   |  86499986
  3    |   域3      | 正常运行   |  是   |  86499994
==================================================================

[动态重分配] 周期86500000：预约迁移 冗余域3(1%) -> 切片0 -> 饥饿域2(12%)
[切片剥夺] 周期86500000：切片0（所属域3）进入待剥夺状态，禁止新替换
[切片剥夺] 周期86500000：切片0在途请求已清空，开始执行脏行写回
[切片剥夺] 周期86500000：切片0无脏行，直接完成剥夺
[切片管理] 周期86500001：原域3仅剩1个切片，关闭路扩展模式
[动态重分配] 周期86500001：切片0写回完成，自动绑定到域2
[切片管理] 成功绑定切片0 → 安全域2，触发【路扩展模式】

======================== 切片硬件状态 ========================
切片号 | 所属安全域 | 当前状态    | 路扩展 | LRU touched
------------------------------------------------------------------
  0    |   域2      | 正常运行   |  是   |  86500001
  1    |   域0      | 正常运行   |  否   |  86500001
  2    |   域2      | 正常运行   |  是   |  86499986
  3    |   域3      | 正常运行   |  否   |  86499994
==================================================================


======================== 切片硬件状态 ========================
切片号 | 所属安全域 | 当前状态    | 路扩展 | LRU touched
------------------------------------------------------------------
  0    |   域2      | 正常运行   |  是   |  87493398
  1    |   域0      | 正常运行   |  否   |  87499991
  2    |   域2      | 正常运行   |  是   |  87499948
  3    |   域3      | 正常运行   |  否   |  87499994
==================================================================

[动态重分配] 周期87500000：预约迁移 冗余域2(12%) -> 切片2 -> 饥饿域3(21%)
[切片剥夺] 周期87500000：切片2（所属域2）进入待剥夺状态，禁止新替换
[切片剥夺] 周期87500104：切片2在途请求已清空，开始执行脏行写回
[切片管理] 周期87503730：原域2仅剩1个切片，关闭路扩展模式
[动态重分配] 周期87503730：切片2写回完成，自动绑定到域3
[切片管理] 成功绑定切片2 → 安全域3，触发【路扩展模式】

======================== 切片硬件状态 ========================
切片号 | 所属安全域 | 当前状态    | 路扩展 | LRU touched
------------------------------------------------------------------
  0    |   域2      | 正常运行   |  否   |  87503718
  1    |   域0      | 正常运行   |  否   |  87503720
  2    |   域3      | 正常运行   |  是   |  87503730
  3    |   域3      | 正常运行   |  是   |  87503694
==================================================================


======================== 切片硬件状态 ========================
切片号 | 所属安全域 | 当前状态    | 路扩展 | LRU touched
------------------------------------------------------------------
  0    |   域2      | 正常运行   |  否   |  88999988
  1    |   域0      | 正常运行   |  否   |  88999998
  2    |   域3      | 正常运行   |  是   |  88999962
  3    |   域3      | 正常运行   |  是   |  88999990
==================================================================

[动态重分配] 周期89000000：预约迁移 冗余域3(0%) -> 切片3 -> 饥饿域2(12%)
[切片剥夺] 周期89000000：切片3（所属域3）进入待剥夺状态，禁止新替换
[切片剥夺] 周期89000000：切片3在途请求已清空，开始执行脏行写回
[切片剥夺] 周期89000000：切片3无脏行，直接完成剥夺
[切片管理] 周期89000001：原域3仅剩1个切片，关闭路扩展模式
[动态重分配] 周期89000001：切片3写回完成，自动绑定到域2
[切片管理] 成功绑定切片3 → 安全域2，触发【路扩展模式】

======================== 切片硬件状态 ========================
切片号 | 所属安全域 | 当前状态    | 路扩展 | LRU touched
------------------------------------------------------------------
  0    |   域2      | 正常运行   |  是   |  88999988
  1    |   域0      | 正常运行   |  否   |  89000001
  2    |   域3      | 正常运行   |  否   |  88999962
  3    |   域2      | 正常运行   |  是   |  89000001
==================================================================


======================== 切片硬件状态 ========================
切片号 | 所属安全域 | 当前状态    | 路扩展 | LRU touched
------------------------------------------------------------------
  0    |   域2      | 正常运行   |  是   |  89499935
  1    |   域0      | 正常运行   |  否   |  89499991
  2    |   域3      | 正常运行   |  否   |  89499998
  3    |   域2      | 正常运行   |  是   |  89490218
==================================================================

[动态重分配] 周期89500000：预约迁移 冗余域2(12%) -> 切片0 -> 饥饿域3(22%)
[切片剥夺] 周期89500000：切片0（所属域2）进入待剥夺状态，禁止新替换
[切片剥夺] 周期89500124：切片0在途请求已清空，开始执行脏行写回
[切片管理] 周期89501866：原域2仅剩1个切片，关闭路扩展模式
[动态重分配] 周期89501866：切片0写回完成，自动绑定到域3
[切片管理] 成功绑定切片0 → 安全域3，触发【路扩展模式】

======================== 切片硬件状态 ========================
切片号 | 所属安全域 | 当前状态    | 路扩展 | LRU touched
------------------------------------------------------------------
  0    |   域3      | 正常运行   |  是   |  89501866
  1    |   域0      | 正常运行   |  否   |  89501861
  2    |   域3      | 正常运行   |  是   |  89501837
  3    |   域2      | 正常运行   |  否   |  89501849
==================================================================


======================== 切片硬件状态 ========================
切片号 | 所属安全域 | 当前状态    | 路扩展 | LRU touched
------------------------------------------------------------------
  0    |   域3      | 正常运行   |  是   |  90499960
  1    |   域0      | 正常运行   |  否   |  90499975
  2    |   域3      | 正常运行   |  是   |  90499967
  3    |   域2      | 正常运行   |  否   |  90499992
==================================================================

[动态重分配] 周期90500000：预约迁移 冗余域3(0%) -> 切片2 -> 饥饿域2(12%)
[切片剥夺] 周期90500000：切片2（所属域3）进入待剥夺状态，禁止新替换
[切片剥夺] 周期90500000：切片2在途请求已清空，开始执行脏行写回
[切片剥夺] 周期90500000：切片2无脏行，直接完成剥夺
[切片管理] 周期90500001：原域3仅剩1个切片，关闭路扩展模式
[动态重分配] 周期90500001：切片2写回完成，自动绑定到域2
[切片管理] 成功绑定切片2 → 安全域2，触发【路扩展模式】

======================== 切片硬件状态 ========================
切片号 | 所属安全域 | 当前状态    | 路扩展 | LRU touched
------------------------------------------------------------------
  0    |   域3      | 正常运行   |  否   |  90499960
  1    |   域0      | 正常运行   |  否   |  90499975
  2    |   域2      | 正常运行   |  是   |  90500001
  3    |   域2      | 正常运行   |  是   |  90499992
==================================================================


======================== 切片硬件状态 ========================
切片号 | 所属安全域 | 当前状态    | 路扩展 | LRU touched
------------------------------------------------------------------
  0    |   域3      | 正常运行   |  否   |  91999977
  1    |   域0      | 正常运行   |  否   |  91999991
  2    |   域2      | 正常运行   |  是   |  91999967
  3    |   域2      | 正常运行   |  是   |  91997348
==================================================================

[动态重分配] 周期92000000：预约迁移 冗余域2(12%) -> 切片3 -> 饥饿域3(21%)
[切片剥夺] 周期92000000：切片3（所属域2）进入待剥夺状态，禁止新替换
[切片剥夺] 周期92000000：切片3在途请求已清空，开始执行脏行写回
[切片管理] 周期92003926：原域2仅剩1个切片，关闭路扩展模式
[动态重分配] 周期92003926：切片3写回完成，自动绑定到域3
[切片管理] 成功绑定切片3 → 安全域3，触发【路扩展模式】

======================== 切片硬件状态 ========================
切片号 | 所属安全域 | 当前状态    | 路扩展 | LRU touched
------------------------------------------------------------------
  0    |   域3      | 正常运行   |  是   |  92003902
  1    |   域0      | 正常运行   |  否   |  92003925
  2    |   域2      | 正常运行   |  否   |  92003921
  3    |   域3      | 正常运行   |  是   |  92003926
==================================================================


======================== 切片硬件状态 ========================
切片号 | 所属安全域 | 当前状态    | 路扩展 | LRU touched
------------------------------------------------------------------
  0    |   域3      | 正常运行   |  是   |  92499968
  1    |   域0      | 正常运行   |  否   |  92499994
  2    |   域2      | 正常运行   |  否   |  92499993
  3    |   域3      | 正常运行   |  是   |  92499982
==================================================================

[动态重分配] 周期92500000：预约迁移 冗余域3(1%) -> 切片0 -> 饥饿域2(12%)
[切片剥夺] 周期92500000：切片0（所属域3）进入待剥夺状态，禁止新替换
[切片剥夺] 周期92500000：切片0在途请求已清空，开始执行脏行写回
[切片管理] 周期92500014：原域3仅剩1个切片，关闭路扩展模式
[动态重分配] 周期92500014：切片0写回完成，自动绑定到域2
[切片管理] 成功绑定切片0 → 安全域2，触发【路扩展模式】

======================== 切片硬件状态 ========================
切片号 | 所属安全域 | 当前状态    | 路扩展 | LRU touched
------------------------------------------------------------------
  0    |   域2      | 正常运行   |  是   |  92500014
  1    |   域0      | 正常运行   |  否   |  92499994
  2    |   域2      | 正常运行   |  是   |  92500013
  3    |   域3      | 正常运行   |  否   |  92500012
==================================================================


======================== 切片硬件状态 ========================
切片号 | 所属安全域 | 当前状态    | 路扩展 | LRU touched
------------------------------------------------------------------
  0    |   域2      | 正常运行   |  是   |  93499174
  1    |   域0      | 正常运行   |  否   |  93499999
  2    |   域2      | 正常运行   |  是   |  93499991
  3    |   域3      | 正常运行   |  否   |  93499987
==================================================================

[动态重分配] 周期93500000：预约迁移 冗余域2(12%) -> 切片2 -> 饥饿域3(21%)
[切片剥夺] 周期93500000：切片2（所属域2）进入待剥夺状态，禁止新替换
[切片剥夺] 周期93500180：切片2在途请求已清空，开始执行脏行写回
[切片管理] 周期93503533：原域2仅剩1个切片，关闭路扩展模式
[动态重分配] 周期93503533：切片2写回完成，自动绑定到域3
[切片管理] 成功绑定切片2 → 安全域3，触发【路扩展模式】

======================== 切片硬件状态 ========================
切片号 | 所属安全域 | 当前状态    | 路扩展 | LRU touched
------------------------------------------------------------------
  0    |   域2      | 正常运行   |  否   |  93503532
  1    |   域0      | 正常运行   |  否   |  93503531
  2    |   域3      | 正常运行   |  是   |  93503533
  3    |   域3      | 正常运行   |  是   |  93503509
==================================================================


======================== 切片硬件状态 ========================
切片号 | 所属安全域 | 当前状态    | 路扩展 | LRU touched
------------------------------------------------------------------
  0    |   域2      | 正常运行   |  否   |  94999999
  1    |   域0      | 正常运行   |  否   |  94999991
  2    |   域3      | 正常运行   |  是   |  94999892
  3    |   域3      | 正常运行   |  是   |  94999997
==================================================================

[动态重分配] 周期95000000：预约迁移 冗余域3(0%) -> 切片3 -> 饥饿域2(12%)
[切片剥夺] 周期95000000：切片3（所属域3）进入待剥夺状态，禁止新替换
[切片剥夺] 周期95000000：切片3在途请求已清空，开始执行脏行写回
[切片剥夺] 周期95000000：切片3无脏行，直接完成剥夺
[切片管理] 周期95000001：原域3仅剩1个切片，关闭路扩展模式
[动态重分配] 周期95000001：切片3写回完成，自动绑定到域2
[切片管理] 成功绑定切片3 → 安全域2，触发【路扩展模式】

======================== 切片硬件状态 ========================
切片号 | 所属安全域 | 当前状态    | 路扩展 | LRU touched
------------------------------------------------------------------
  0    |   域2      | 正常运行   |  是   |  94999999
  1    |   域0      | 正常运行   |  否   |  94999991
  2    |   域3      | 正常运行   |  否   |  94999892
  3    |   域2      | 正常运行   |  是   |  95000001
==================================================================


======================== 切片硬件状态 ========================
切片号 | 所属安全域 | 当前状态    | 路扩展 | LRU touched
------------------------------------------------------------------
  0    |   域2      | 正常运行   |  是   |  95496372
  1    |   域0      | 正常运行   |  否   |  95499989
  2    |   域3      | 正常运行   |  否   |  95499996
  3    |   域2      | 正常运行   |  是   |  95499998
==================================================================

[动态重分配] 周期95500000：预约迁移 冗余域2(12%) -> 切片0 -> 饥饿域3(22%)
[切片剥夺] 周期95500000：切片0（所属域2）进入待剥夺状态，禁止新替换
[切片剥夺] 周期95500000：切片0在途请求已清空，开始执行脏行写回
[切片管理] 周期95504735：原域2仅剩1个切片，关闭路扩展模式
[动态重分配] 周期95504735：切片0写回完成，自动绑定到域3
[切片管理] 成功绑定切片0 → 安全域3，触发【路扩展模式】

======================== 切片硬件状态 ========================
切片号 | 所属安全域 | 当前状态    | 路扩展 | L analie6_RU touched
------------------------------------------------------------------
  0    |   域3      | 正常运行   |  是   |  95504735
  1    |   域0      | 正常运行   |  否   |  95504732
  2    |   域3      | 正常运行   |  是   |  95504678
  3    |   域2      | 正常运行   |  否   |  95504686
==================================================================


======================== 切片硬件状态 ========================
切片号 | 所属安全域 | 当前状态    | 路扩展 | LRU touched
------------------------------------------------------------------
  0    |   域3      | 正常运行   |  是   |  96499899
  1    |   域0      | 正常运行   |  否   |  96499909
  2    |   域3      | 正常运行   |  是   |  96499943
  3    |   域2      | 正常运行   |  否   |  96499963
==================================================================

[动态重分配] 周期96500000：预约迁移 冗余域3(0%) -> 切片2 -> 饥饿域2(12%)
[切片剥夺] 周期96500000：切片2（所属域3）进入待剥夺状态，禁止新替换
[切片剥夺] 周期96500000：切片2在途请求已清空，开始执行脏行写回
[切片剥夺] 周期96500000：切片2无脏行，直接完成剥夺
[切片管理] 周期96500001：原域3仅剩1个切片，关闭路扩展模式
[动态重分配] 周期96500001：切片2写回完成，自动绑定到域2
[切片管理] 成功绑定切片2 → 安全域2，触发【路扩展模式】

======================== 切片硬件状态 ========================
切片号 | 所属安全域 | 当前状态    | 路扩展 | LRU touched
------------------------------------------------------------------
  0    |   域3      | 正常运行   |  否   |  96499899
  1    |   域0      | 正常运行   |  否   |  96499909
  2    |   域2      | 正常运行   |  是   |  96500001
  3    |   域2      | 正常运行   |  是   |  96499963
==================================================================


======================== 切片硬件状态 ========================
切片号 | 所属安全域 | 当前状态    | 路扩展 | LRU touched
------------------------------------------------------------------
  0    |   域3      | 正常运行   |  否   |  97999998
  1    |   域0      | 正常运行   |  否   |  97999981
  2    |   域2      | 正常运行   |  是   |  98000000
  3    |   域2      | 正常运行   |  是   |  97986973
==================================================================

[动态重分配] 周期98000000：预约迁移 冗余域2(12%) -> 切片3 -> 饥饿域3(21%)
[切片剥夺] 周期98000000：切片3（所属域2）进入待剥夺状态，禁止新替换
[切片剥夺] 周期98000000：切片3在途请求已清空，开始执行脏行写回
[切片管理] 周期98004004：原域2仅剩1个切片，关闭路扩展模式
[动态重分配] 周期98004004：切片3写回完成，自动绑定到域3
[切片管理] 成功绑定切片3 → 安全域3，触发【路扩展模式】

======================== 切片硬件状态 ========================
切片号 | 所属安全域 | 当前状态    | 路扩展 | LRU touched
------------------------------------------------------------------
  0    |   域3      | 正常运行   |  是   |  98003992
  1    |   域0      | 正常运行   |  否   |  98003980
  2    |   域2      | 正常运行   |  否   |  98004003
  3    |   域3      | 正常运行   |  是   |  98004004
==================================================================


======================== 切片硬件状态 ========================
切片号 | 所属安全域 | 当前状态    | 路扩展 | LRU touched
------------------------------------------------------------------
  0    |   域3      | 正常运行   |  是   |  98499975
  1    |   域0      | 正常运行   |  否   |  98499987
  2    |   域2      | 正常运行   |  否   |  98499982
  3    |   域3      | 正常运行   |  是   |  98499805
==================================================================

[动态重分配] 周期98500000：预约迁移 冗余域3(1%) -> 切片0 -> 饥饿域2(12%)
[切片剥夺] 周期98500000：切片0（所属域3）进入待剥夺状态，禁止新替换
[切片剥夺] 周期98500000：切片0在途请求已清空，开始执行脏行写回
[切片剥夺] 周期98500000：切片0无脏行，直接完成剥夺
[切片管理] 周期98500001：原域3仅剩1个切片，关闭路扩展模式
[动态重分配] 周期98500001：切片0写回完成，自动绑定到域2
[切片管理] 成功绑定切片0 → 安全域2，触发【路扩展模式】

======================== 切片硬件状态 ========================
切片号 | 所属安全域 | 当前状态    | 路扩展 | LRU touched
------------------------------------------------------------------
  0    |   域2      | 正常运行   |  是   |  98500001
  1    |   域0      | 正常运行   |  否   |  98499987
  2    |   域2      | 正常运行   |  是   |  98499982
  3    |   域3      | 正常运行   |  否   |  98499805
==================================================================


======================== 切片硬件状态 ========================
切片号 | 所属安全域 | 当前状态    | 路扩展 | LRU touched
------------------------------------------------------------------
  0    |   域2      | 正常运行   |  是   |  99499974
  1    |   域0      | 正常运行   |  否   |  99499977
  2    |   域2      | 正常运行   |  是   |  99497217
  3    |   域3      | 正常运行   |  否   |  99499952
==================================================================

[动态重分配] 周期99500000：预约迁移 冗余域2(12%) -> 切片2 -> 饥饿域3(22%)
[切片剥夺] 周期99500000：切片2（所属域2）进入待剥夺状态，禁止新替换
[切片剥夺] 周期99500000：切片2在途请求已清空，开始执行脏行写回
[切片管理] 周期99505196：原域2仅剩1个切片，关闭路扩展模式
[动态重分配] 周期99505196：切片2写回完成，自动绑定到域3
[切片管理] 成功绑定切片2 → 安全域3，触发【路扩展模式】

======================== 切片硬件状态 ========================
切片号 | 所属安全域 | 当前状态    | 路扩展 | LRU touched
------------------------------------------------------------------
  0    |   域2      | 正常运行   |  否   |  99505184
  1    |   域0      | 正常运行   |  否   |  99505189
  2    |   域3      | 正常运行   |  是   |  99505196
  3    |   域3      | 正常运行   |  是   |  99505181
==================================================================


**** Debug Statistics at 101000000 Cycles *****
Threads: 4		Fetch Width: 8
No of useful instructions fetched:	179786363 (22.25% proc util.)
No of total instructions fetched:	206098672 (25.51% proc util.)
 includes 6642212 misfetch (3.2%), 19670097 (9.5%) wrong-path fetches
 and 0 flushed after failed lock(0.0%)
No of useful instructions issued/executed:	179786343 (22.25% proc util.)
No of total instructions issued/executed:	188040747 (23.27% proc util.)
 includes 8254404 wrong-path (4.4%) insts and 0 flushed (0.0%)
	fp 10230, 0.01%
	synch 0, 0.00%
	integer 146829085, 78.08%
	load/store 41201432, 21.91%
Avg size of int IQ (before scheduling): 21.29
Avg size of fp IQ (before scheduling): 0.00
No of cycles taken:		101000000
Parallelism [ 0.619, 0.000, 0.341, 0.820,] = 1.780
 IQ conflicts: 44013 (0.04%), FQ conflicts: 0 (0.00%) 
 I reg conflicts: 71362783 (70.66%), FP reg conflicts: 0 (0.00%)
  Activelist confs: 0 (0.00%), ROB confs: 0 (0.00%)
  Int unit conflicts: 11556367 (11.44%), FP unit conflicts: 2 (0.00%)
  Load/store unit conflicts: 2295609 (2.27%)
  MSHR conflicts: 17160907 (16.99%)
----------------------------------------
==== System-wide Cache Statistics ====
Stall for miss queue full 4397 cycles (0.00%)
----------------------------------------
==== Statistics for Master ID: 0 ====
Reads: 40314781   Writes: 7815233
ICACHE: size: 64 KB assoc: 2
ICACHE: hits:21848813 misses:404201  Hit Ratio: 98.18%
DCACHE: size: 1*16 KB assoc: 1*4
DCACHE: hits:25183151 misses:693933 writebacks:166572  Hit Ratio: 97.32%
SCACHE: size: 512 KB assoc: 2
SCACHE: hits:821879 misses:276171  Hit Ratio: 74.85%
3CACHE: size: 4096 KB assoc: 2
3CACHE: hits:173506 misses:102665  Hit Ratio: 62.83%
3CACHE: dirty items replaced:6329
ITLB: size: 48, misses 32482, miss rate 0.15%
DTLB: size: 128, misses 24533, miss rate 0.09%
Avg mem delay: 7.917 cycles
----------------------------------------
==== Statistics for Master ID: 2 ====
Reads: 18180495   Writes: 5080748
ICACHE: size: 64 KB assoc: 2
ICACHE: hits:12913876 misses:753  Hit Ratio: 99.99%
DCACHE: size: 1*16 KB assoc: 1*4
DCACHE: hits:8938291 misses:1413696 writebacks:796212  Hit Ratio: 86.34%
SCACHE: size: 512 KB assoc: 2
SCACHE: hits:144 misses:1408932  Hit Ratio: 0.01%
3CACHE: size: 4096 KB assoc: 2
3CACHE: hits:90 misses:1408841  Hit Ratio: 0.01%
3CACHE: dirty items replaced:48565
ITLB: size: 48, misses 72, miss rate 0.00%
DTLB: size: 128, misses 65293, miss rate 0.63%
Avg mem delay: 7.917 cycles
----------------------------------------
==== Statistics for Master ID: 3 ====
Reads: 28222152   Writes: 111
ICACHE: size: 64 KB assoc: 2
ICACHE: hits:23282467 misses:74  Hit Ratio: 100.00%
DCACHE: size: 2*16 KB assoc: 2*4
DCACHE: hits:4337311 misses:602412 writebacks:53  Hit Ratio: 87.80%
SCACHE: size: 512 KB assoc: 2
SCACHE: hits:553182 misses:49302  Hit Ratio: 91.82%
3CACHE: size: 4096 KB assoc: 2
3CACHE: hits:42072 misses:7230  Hit Ratio: 85.34%
3CACHE: dirty items replaced:13
ITLB: size: 48, misses 4, miss rate 0.00%
DTLB: size: 128, misses 1270, miss rate 0.03%
Avg mem delay: 7.917 cycles
----------------------------------------
==== Global Resource Utilization ====
STASH: size: 65536 entries, full 209188517, empty 7572126, misses 671603, full rate 96.21
icache bank util. 0.128 0.100 0.066 0.029 0.029 0.103 0.039 0.096 
dcache bank util. 0.064 0.064 0.061 0.057 0.058 0.080 0.063 0.069 
L2 bank util. 0.029 0.029 0.029 0.029 0.028 0.028 0.036 0.044 
L1-L2 bus util. = 0.121, L3 util. = 0.150
----------------------------------------

======================== 切片硬件状态 ========================
切片号 | 所属安全域 | 当前状态    | 路扩展 | LRU touched
------------------------------------------------------------------
  0    |   域2      | 正常运行   |  否   |  100999982
  1    |   域0      | 正常运行   |  否   |  100999967
  2    |   域3      | 正常运行   |  是   |  100999931
  3    |   域3      | 正常运行   |  是   |  100999992
==================================================================

branch prediction, hits = 16736082, misses = 1329902, hit rate = 92.64%
return_stack prediction, hits = 810238, misses = 1343, hit rate = 99.83%
jump prediction, hits = 18327644, misses = 1668813, hit rate = 91.65%

======================== 切片硬件状态 ========================
切片号 | 所属安全域 | 当前状态    | 路扩展 | LRU touched
------------------------------------------------------------------
  0    |   域2      | 正常运行   |  否   |  100999982
  1    |   域0      | 正常运行   |  否   |  100999967
  2    |   域3      | 正常运行   |  是   |  100999931
  3    |   域3      | 正常运行   |  是   |  100999992
==================================================================

[动态重分配] 周期101000000：预约迁移 冗余域3(0%) -> 切片3 -> 饥饿域2(12%)
[切片剥夺] 周期101000000：切片3（所属域3）进入待剥夺状态，禁止新替换
[切片剥夺] 周期101000000：切片3在途请求已清空，开始执行脏行写回
[切片剥夺] 周期101000000：切片3无脏行，直接完成剥夺
[切片管理] 周期101000001：原域3仅剩1个切片，关闭路扩展模式
[动态重分配] 周期101000001：切片3写回完成，自动绑定到域2
[切片管理] 成功绑定切片3 → 安全域2，触发【路扩展模式】

======================== 切片硬件状态 ========================
切片号 | 所属安全域 | 当前状态    | 路扩展 | LRU touched
------------------------------------------------------------------
  0    |   域2      | 正常运行   |  是   |  100999982
  1    |   域0      | 正常运行   |  否   |  100999967
  2    |   域3      | 正常运行   |  否   |  100999931
  3    |   域2      | 正常运行   |  是   |  101000001
==================================================================


======================== 切片硬件状态 ========================
切片号 | 所属安全域 | 当前状态    | 路扩展 | LRU touched
------------------------------------------------------------------
  0    |   域2      | 正常运行   |  是   |  103499999
  1    |   域0      | 正常运行   |  否   |  103499996
  2    |   域3      | 正常运行   |  否   |  103499990
  3    |   域2      | 正常运行   |  是   |  103488718
==================================================================

[动态重分配] 周期103500000：预约迁移 冗余域2(12%) -> 切片0 -> 饥饿域3(22%)
[切片剥夺] 周期103500000：切片0（所属域2）进入待剥夺状态，禁止新替换
[切片剥夺] 周期103500204：切片0在途请求已清空，开始执行脏行写回
[切片管理] 周期103504923：原域2仅剩1个切片，关闭路扩展模式
[动态重分配] 周期103504923：切片0写回完成，自动绑定到域3
[切片管理] 成功绑定切片0 → 安全域3，触发【路扩展模式】

======================== 切片硬件状态 ========================
切片号 | 所属安全域 | 当前状态    | 路扩展 | LRU touched
------------------------------------------------------------------
  0    |   域3      | 正常运行   |  是   |  103504923
  1    |   域0      | 正常运行   |  否   |  103504920
  2    |   域3      | 正常运行   |  是   |  103504919
  3    |   域2      | 正常运行   |  否   |  103504909
==================================================================


======================== 切片硬件状态 ========================
切片号 | 所属安全域 | 当前状态    | 路扩展 | LRU touched
------------------------------------------------------------------
  0    |   域3      | 正常运行   |  是   |  104499955
  1    |   域0      | 正常运行   |  否   |  104499997
  2    |   域3      | 正常运行   |  是   |  104499991
  3    |   域2      | 正常运行   |  否   |  104499987
==================================================================

[动态重分配] 周期104500000：预约迁移 冗余域3(0%) -> 切片2 -> 饥饿域2(12%)
[切片剥夺] 周期104500000：切片2（所属域3）进入待剥夺状态，禁止新替换
[切片剥夺] 周期104500000：切片2在途请求已清空，开始执行脏行写回
[切片剥夺] 周期104500000：切片2无脏行，直接完成剥夺
[切片管理] 周期104500001：原域3仅剩1个切片，关闭路扩展模式
[动态重分配] 周期104500001：切片2写回完成，自动绑定到域2
[切片管理] 成功绑定切片2 → 安全域2，触发【路扩展模式】

======================== 切片硬件状态 ========================
切片号 | 所属安全域 | 当前状态    | 路扩展 | LRU touched
------------------------------------------------------------------
  0    |   域3      | 正常运行   |  否   |  104499955
  1    |   域0      | 正常运行   |  否   |  104500001
  2    |   域2      | 正常运行   |  是   |  104500001
  3    |   域2      | 正常运行   |  是   |  104499987
==================================================================


======================== 切片硬件状态 ========================
切片号 | 所属安全域 | 当前状态    | 路扩展 | LRU touched
------------------------------------------------------------------
  0    |   域3      | 正常运行   |  否   |  104999994
  1    |   域0      | 正常运行   |  否   |  104999997
  2    |   域2      | 正常运行   |  是   |  104990132
  3    |   域2      | 正常运行   |  是   |  104999969
==================================================================

[动态重分配] 周期105000000：预约迁移 冗余域2(12%) -> 切片3 -> 饥饿域3(21%)
[切片剥夺] 周期105000000：切片3（所属域2）进入待剥夺状态，禁止新替换
[切片剥夺] 周期105000160：切片3在途请求已清空，开始执行脏行写回
[切片管理] 周期105002880：原域2仅剩1个切片，关闭路扩展模式
[动态重分配] 周期105002880：切片3写回完成，自动绑定到域3
[切片管理] 成功绑定切片3 → 安全域3，触发【路扩展模式】

======================== 切片硬件状态 ========================
切片号 | 所属安全域 | 当前状态    | 路扩展 | LRU touched
------------------------------------------------------------------
  0    |   域3      | 正常运行   |  是   |  105002879
  1    |   域0      | 正常运行   |  否   |  105002876
  2    |   域2      | 正常运行   |  否   |  105002878
  3    |   域3      | 正常运行   |  是   |  105002880
==================================================================


======================== 切片硬件状态 ========================
切片号 | 所属安全域 | 当前状态    | 路扩展 | LRU touched
------------------------------------------------------------------
  0    |   域3      | 正常运行   |  是   |  106499990
  1    |   域0      | 正常运行   |  否   |  106499996
  2    |   域2      | 正常运行   |  否   |  106500000
  3    |   域3      | 正常运行   |  是   |  106499990
==================================================================

[动态重分配] 周期106500000：预约迁移 冗余域3(0%) -> 切片0 -> 饥饿域2(12%)
[切片剥夺] 周期106500000：切片0（所属域3）进入待剥夺状态，禁止新替换
[切片剥夺] 周期106500000：切片0在途请求已清空，开始执行脏行写回
[切片剥夺] 周期106500000：切片0无脏行，直接完成剥夺
[切片管理] 周期106500001：原域3仅剩1个切片，关闭路扩展模式
[动态重分配] 周期106500001：切片0写回完成，自动绑定到域2
[切片管理] 成功绑定切片0 → 安全域2，触发【路扩展模式】

======================== 切片硬件状态 ========================
切片号 | 所属安全域 | 当前状态    | 路扩展 | LRU touched
------------------------------------------------------------------
  0    |   域2      | 正常运行   |  是   |  106500001
  1    |   域0      | 正常运行   |  否   |  106499996
  2    |   域2      | 正常运行   |  是   |  106500000
  3    |   域3      | 正常运行   |  否   |  106499990
==================================================================


======================== 切片硬件状态 ========================
切片号 | 所属安全域 | 当前状态    | 路扩展 | LRU touched
------------------------------------------------------------------
  0    |   域2      | 正常运行   |  是   |  107488015
  1    |   域0      | 正常运行   |  否   |  107499998
  2    |   域2      | 正常运行   |  是   |  107500000
  3    |   域3      | 正常运行   |  否   |  107499996
==================================================================

[动态重分配] 周期107500000：预约迁移 冗余域2(12%) -> 切片2 -> 饥饿域3(22%)
[切片剥夺] 周期107500000：切片2（所属域2）进入待剥夺状态，禁止新替换
[切片剥夺] 周期107500112：切片2在途请求已清空，开始执行脏行写回
[切片管理] 周期107504618：原域2仅剩1个切片，关闭路扩展模式
[动态重分配] 周期107504618：切片2写回完成，自动绑定到域3
[切片管理] 成功绑定切片2 → 安全域3，触发【路扩展模式】

======================== 切片硬件状态 ========================
切片号 | 所属安全域 | 当前状态    | 路扩展 | LRU touched
------------------------------------------------------------------
  0    |   域2      | 正常运行   |  否   |  107504612
  1    |   域0      | 正常运行   |  否   |  107504614
  2    |   域3      | 正常运行   |  是   |  107504618
  3    |   域3      | 正常运行   |  是   |  107504591
==================================================================


======================== 切片硬件状态 ========================
切片号 | 所属安全域 | 当前状态    | 路扩展 | LRU touched
------------------------------------------------------------------
  0    |   域2      | 正常运行   |  否   |  107999990
  1    |   域0      | 正常运行   |  否   |  107999999
  2    |   域3      | 正常运行   |  是   |  107999824
  3    |   域3      | 正常运行   |  是   |  107999990
==================================================================

[动态重分配] 周期108000000：预约迁移 冗余域3(1%) -> 切片3 -> 饥饿域2(12%)
[切片剥夺] 周期108000000：切片3（所属域3）进入待剥夺状态，禁止新替换
[切片剥夺] 周期108000000：切片3在途请求已清空，开始执行脏行写回
[切片剥夺] 周期108000000：切片3无脏行，直接完成剥夺
[切片管理] 周期108000001：原域3仅剩1个切片，关闭路扩展模式
[动态重分配] 周期108000001：切片3写回完成，自动绑定到域2
[切片管理] 成功绑定切片3 → 安全域2，触发【路扩展模式】

======================== 切片硬件状态 ========================
切片号 | 所属安全域 | 当前状态    | 路扩展 | LRU touched
------------------------------------------------------------------
  0    |   域2      | 正常运行   |  是   |  107999990
  1    |   域0      | 正常运行   |  否   |  107999999
  2    |   域3      | 正常运行   |  否   |  107999824
  3    |   域2      | 正常运行   |  是   |  108000001
==================================================================


======================== 切片硬件状态 ========================
切片号 | 所属安全域 | 当前状态    | 路扩展 | LRU touched
------------------------------------------------------------------
  0    |   域2      | 正常运行   |  是   |  109499989
  1    |   域0      | 正常运行   |  否   |  109499985
  2    |   域3      | 正常运行   |  否   |  109499985
  3    |   域2      | 正常运行   |  是   |  109496952
==================================================================

[动态重分配] 周期109500000：预约迁移 冗余域2(12%) -> 切片0 -> 饥饿域3(21%)
[切片剥夺] 周期109500000：切片0（所属域2）进入待剥夺状态，禁止新替换
[切片剥夺] 周期109500160：切片0在途请求已清空，开始执行脏行写回
[切片管理] 周期109503690：原域2仅剩1个切片，关闭路扩展模式
[动态重分配] 周期109503690：切片0写回完成，自动绑定到域3
[切片管理] 成功绑定切片0 → 安全域3，触发【路扩展模式】

======================== 切片硬件状态 ========================
切片号 | 所属安全域 | 当前状态    | 路扩展 | LRU touched
------------------------------------------------------------------
  0    |   域3      | 正常运行   |  是   |  109503690
  1    |   域0      | 正常运行   |  否   |  109503679
  2    |   域3      | 正常运行   |  是   |  109503665
  3    |   域2      | 正常运行   |  否   |  109503687
==================================================================


======================== 切片硬件状态 ========================
切片号 | 所属安全域 | 当前状态    | 路扩展 | LRU touched
------------------------------------------------------------------
  0    |   域3      | 正常运行   |  是   |  110499828
  1    |   域0      | 正常运行   |  否   |  110499979
  2    |   域3      | 正常运行   |  是   |  110499972
  3    |   域2      | 正常运行   |  否   |  110499981
==================================================================

[动态重分配] 周期110500000：预约迁移 冗余域3(0%) -> 切片2 -> 饥饿域2(12%)
[切片剥夺] 周期110500000：切片2（所属域3）进入待剥夺状态，禁止新替换
[切片剥夺] 周期110500000：切片2在途请求已清空，开始执行脏行写回
[切片剥夺] 周期110500000：切片2无脏行，直接完成剥夺
[切片管理] 周期110500001：原域3仅剩1个切片，关闭路扩展模式
[动态重分配] 周期110500001：切片2写回完成，自动绑定到域2
[切片管理] 成功绑定切片2 → 安全域2，触发【路扩展模式】

======================== 切片硬件状态 ========================
切片号 | 所属安全域 | 当前状态    | 路扩展 | LRU touched
------------------------------------------------------------------
  0    |   域3      | 正常运行   |  否   |  110499828
  1    |   域0      | 正常运行   |  否   |  110499979
  2    |   域2      | 正常运行   |  是   |  110500001
  3    |   域2      | 正常运行   |  是   |  110499981
==================================================================


======================== 切片硬件状态 ========================
切片号 | 所属安全域 | 当前状态    | 路扩展 | LRU touched
------------------------------------------------------------------
  0    |   域3      | 正常运行   |  否   |  110999997
  1    |   域0      | 正常运行   |  否   |  111000000
  2    |   域2      | 正常运行   |  是   |  110999998
  3    |   域2      | 正常运行   |  是   |  110994933
==================================================================

[动态重分配] 周期111000000：预约迁移 冗余域2(12%) -> 切片3 -> 饥饿域3(22%)
[切片剥夺] 周期111000000：切片3（所属域2）进入待剥夺状态，禁止新替换
[切片剥夺] 周期111000000：切片3在途请求已清空，开始执行脏行写回
[切片管理] 周期111004599：原域2仅剩1个切片，关闭路扩展模式
[动态重分配] 周期111004599：切片3写回完成，自动绑定到域3
[切片管理] 成功绑定切片3 → 安全域3，触发【路扩展模式】

======================== 切片硬件状态 ========================
切片号 | 所属安全域 | 当前状态    | 路扩展 | LRU touched
------------------------------------------------------------------
  0    |   域3      | 正常运行   |  是   |  111004584
  1    |   域0      | 正常运行   |  否   |  111004597
  2    |   域2      | 正常运行   |  否   |  111004598
  3    |   域3      | 正常运行   |  是   |  111004599
==================================================================


======================== 切片硬件状态 ========================
切片号 | 所属安全域 | 当前状态    | 路扩展 | LRU touched
------------------------------------------------------------------
  0    |   域3      | 正常运行   |  是   |  112499933
  1    |   域0      | 正常运行   |  否   |  112499981
  2    |   域2      | 正常运行   |  否   |  112499981
  3    |   域3      | 正常运行   |  是   |  112499971
======================================================= betalf_===========

[动态重分配] 周期112500000：预约迁移 冗余域3(0%) -> 切片0 -> 饥饿域2(12%)
[切片剥夺] 周期112500000：切片0（所属域3）进入待剥夺状态，禁止新替换
[切片剥夺] 周期112500000：切片0在途请求已清空，开始执行脏行写回
[切片剥夺] 周期112500000：切片0无脏行，直接完成剥夺
[切片管理] 周期112500001：原域3仅剩1个切片，关闭路扩展模式
[动态重分配] 周期112500001：切片0写回完成，自动绑定到域2
[切片管理] 成功绑定切片0 → 安全域2，触发【路扩展模式】

======================== 切片硬件状态 ========================
切片号 | 所属安全域 | 当前状态    | 路扩展 | LRU touched
------------------------------------------------------------------
  0    |   域2      | 正常运行   |  是   |  112500001
  1    |   域0      | 正常运行   |  否   |  112499981
  2    |   域2      | 正常运行   |  是   |  112499981
  3    |   域3      | 正常运行   |  否   |  112499971
==================================================================


======================== 切片硬件状态 ========================
切片号 | 所属安全域 | 当前状态    | 路扩展 | LRU touched
------------------------------------------------------------------
  0    |   域2      | 正常运行   |  是   |  113487873
  1    |   域0      | 正常运行   |  否   |  113499990
  2    |   域2      | 正常运行   |  是   |  113499999
  3    |   域3      | 正常运行   |  否   |  113499966
==================================================================

[动态重分配] 周期113500000：预约迁移 冗余域2(12%) -> 切片2 -> 饥饿域3(22%)
[切片剥夺] 周期113500000：切片2（所属域2）进入待剥夺状态，禁止新替换
[切片剥夺] 周期113500192：切片2在途请求已清空，开始执行脏行写回
[切片管理] 周期113504164：原域2仅剩1个切片，关闭路扩展模式
[动态重分配] 周期113504164：切片2写回完成，自动绑定到域3
[切片管理] 成功绑定切片2 → 安全域3，触发【路扩展模式】

======================== 切片硬件状态 ========================
切片号 | 所属安全域 | 当前状态    | 路扩展 | LRU touched
------------------------------------------------------------------
  0    |   域2      | 正常运行   |  否   |  113504155
  1    |   域0      | 正常运行   |  否   |  113504164
  2    |   域3      | 正常运行   |  是   |  113504164
  3    |   域3      | 正常运行   |  是   |  113504160
==================================================================


======================== 切片硬件状态 ========================
切片号 | 所属安全域 | 当前状态    | 路扩展 | LRU touched
------------------------------------------------------------------
  0    |   域2      | 正常运行   |  否   |  113999988
  1    |   域0      | 正常运行   |  否   |  113999889
  2    |   域3      | 正常运行   |  是   |  113999964
  3    |   域3      | 正常运行   |  是   |  113999975
==================================================================

[动态重分配] 周期114000000：预约迁移 冗余域3(1%) -> 切片3 -> 饥饿域2(12%)
[切片剥夺] 周期114000000：切片3（所属域3）进入待剥夺状态，禁止新替换
[切片剥夺] 周期114000000：切片3在途请求已清空，开始执行脏行写回
[切片剥夺] 周期114000000：切片3无脏行，直接完成剥夺
[切片管理] 周期114000001：原域3仅剩1个切片，关闭路扩展模式
[动态重分配] 周期114000001：切片3写回完成，自动绑定到域2
[切片管理] 成功绑定切片3 → 安全域2，触发【路扩展模式】

======================== 切片硬件状态 ========================
切片号 | 所属安全域 | 当前状态    | 路扩展 | LRU touched
------------------------------------------------------------------
  0    |   域2      | 正常运行   |  是   |  113999988
  1    |   域0      | 正常运行   |  否   |  113999889
  2    |   域3      | 正常运行   |  否   |  113999964
  3    |   域2      | 正常运行   |  是   |  114000001
==================================================================


======================== 切片硬件状态 ========================
切片号 | 所属安全域 | 当前状态    | 路扩展 | LRU touched
------------------------------------------------------------------
  0    |   域2      | 正常运行   |  是   |  115499975
  1    |   域0      | 正常运行   |  否   |  115499972
  2    |   域3      | 正常运行   |  否   |  115499983
  3    |   域2      | 正常运行   |  是   |  115490260
==================================================================

[动态重分配] 周期115500000：预约迁移 冗余域2(12%) -> 切片0 -> 饥饿域3(22%)
[切片剥夺] 周期115500000：切片0（所属域2）进入待剥夺状态，禁止新替换
[切片剥夺] 周期115500204：切片0在途请求已清空，开始执行脏行写回
[切片管理] 周期115502717：原域2仅剩1个切片，关闭路扩展模式
[动态重分配] 周期115502717：切片0写回完成，自动绑定到域3
[切片管理] 成功绑定切片0 → 安全域3，触发【路扩展模式】

======================== 切片硬件状态 ========================
切片号 | 所属安全域 | 当前状态    | 路扩展 | LRU touched
------------------------------------------------------------------
  0    |   域3      | 正常运行   |  是   |  115502717
  1    |   域0      | 正常运行   |  否   |  115502708
  2    |   域3      | 正常运行   |  是   |  115502704
  3    |   域2      | 正常运行   |  否   |  115502682
==================================================================


======================== 切片硬件状态 ========================
切片号 | 所属安全域 | 当前状态    | 路扩展 | LRU touched
------------------------------------------------------------------
  0    |   域3      | 正常运行   |  是   |  116499965
  1    |   域0      | 正常运行   |  否   |  116499998
  2    |   域3      | 正常运行   |  是   |  116499994
  3    |   域2      | 正常运行   |  否   |  116500000
==================================================================

[动态重分配] 周期116500000：预约迁移 冗余域3(0%) -> 切片2 -> 饥饿域2(12%)
[切片剥夺] 周期116500000：切片2（所属域3）进入待剥夺状态，禁止新替换
[切片剥夺] 周期116500000：切片2在途请求已清空，开始执行脏行写回
[切片剥夺] 周期116500000：切片2无脏行，直接完成剥夺
[切片管理] 周期116500001：原域3仅剩1个切片，关闭路扩展模式
[动态重分配] 周期116500001：切片2写回完成，自动绑定到域2
[切片管理] 成功绑定切片2 → 安全域2，触发【路扩展模式】

======================== 切片硬件状态 ========================
切片号 | 所属安全域 | 当前状态    | 路扩展 | LRU touched
------------------------------------------------------------------
  0    |   域3      | 正常运行   |  否   |  116499965
  1    |   域0      | 正常运行   |  否   |  116499998
  2    |   域2      | 正常运行   |  是   |  116500001
  3    |   域2      | 正常运行   |  是   |  116500001
==================================================================


======================== 切片硬件状态 ========================
切片号 | 所属安全域 | 当前状态    | 路扩展 | LRU touched
------------------------------------------------------------------
  0    |   域3      | 正常运行   |  否   |  116999984
  1    |   域0      | 正常运行   |  否   |  116999997
  2    |   域2      | 正常运行   |  是   |  116993778
  3    |   域2      | 正常运行   |  是   |  116999996
==================================================================

[动态重分配] 周期117000000：预约迁移 冗余域2(12%) -> 切片3 -> 饥饿域3(22%)
[切片剥夺] 周期117000000：切片3（所属域2）进入待剥夺状态，禁止新替换
[切片剥夺] 周期117000164：切片3在途请求已清空，开始执行脏行写回
[切片管理] 周期117003545：原域2仅剩1个切片，关闭路扩展模式
[动态重分配] 周期117003545：切片3写回完成，自动绑定到域3
[切片管理] 成功绑定切片3 → 安全域3，触发【路扩展模式】

======================== 切片硬件状态 ========================
切片号 | 所属安全域 | 当前状态    | 路扩展 | LRU touched
------------------------------------------------------------------
  0    |   域3      | 正常运行   |  是   |  117003543
  1    |   域0      | 正常运行   |  否   |  117003539
  2    |   域2      | 正常运行   |  否   |  117003544
  3    |   域3      | 正常运行   |  是   |  117003545
==================================================================


======================== 切片硬件状态 ========================
切片号 | 所属安全域 | 当前状态    | 路扩展 | LRU touched
------------------------------------------------------------------
  0    |   域3      | 正常运行   |  是   |  118499985
  1    |   域0      | 正常运行   |  否   |  118499991
  2    |   域2      | 正常运行   |  否   |  118499997
  3    |   域3      | 正常运行   |  是   |  118499838
==================================================================

[动态重分配] 周期118500000：预约迁移 冗余域3(0%) -> 切片0 -> 饥饿域2(12%)
[切片剥夺] 周期118500000：切片0（所属域3）进入待剥夺状态，禁止新替换
[切片剥夺] 周期118500000：切片0在途请求已清空，开始执行脏行写回
[切片剥夺] 周期118500000：切片0无脏行，直接完成剥夺
[切片管理] 周期118500001：原域3仅剩1个切片，关闭路扩展模式
[动态重分配] 周期118500001：切片0写回完成，自动绑定到域2
[切片管理] 成功绑定切片0 → 安全域2，触发【路扩展模式】

======================== 切片硬件状态 ========================
切片号 | 所属安全域 | 当前状态    | 路扩展 | LRU touched
------------------------------------------------------------------
  0    |   域2      | 正常运行   |  是   |  118500001
  1    |   域0      | 正常运行   |  否   |  118499991
  2    |   域2      | 正常运行   |  是   |  118499997
  3    |   域3      | 正常运行   |  否   |  118499838
==================================================================


======================== 切片硬件状态 ========================
切片号 | 所属安全域 | 当前状态    | 路扩展 | LRU touched
------------------------------------------------------------------
  0    |   域2      | 正常运行   |  是   |  119500000
  1    |   域0      | 正常运行   |  否   |  119500000
  2    |   域2      | 正常运行   |  是   |  119492592
  3    |   域3      | 正常运行   |  否   |  119499998
==================================================================

[动态重分配] 周期119500000：预约迁移 冗余域2(12%) -> 切片2 -> 饥饿域3(22%)
[切片剥夺] 周期119500000：切片2（所属域2）进入待剥夺状态，禁止新替换
[切片剥夺] 周期119500000：切片2在途请求已清空，开始执行脏行写回
[切片管理] 周期119504579：原域2仅剩1个切片，关闭路扩展模式
[动态重分配] 周期119504579：切片2写回完成，自动绑定到域3
[切片管理] 成功绑定切片2 → 安全域3，触发【路扩展模式】

======================== 切片硬件状态 ========================
切片号 | 所属安全域 | 当前状态    | 路扩展 | LRU touched
------------------------------------------------------------------
  0    |   域2      | 正常运行   |  否   |  119504572
  1    |   域0      | 正常运行   |  否   |  119504572
  2    |   域3      | 正常运行   |  是   |  119504579
  3    |   域3      | 正常运行   |  是   |  119504579
==================================================================


======================== 切片硬件状态 ========================
切片号 | 所属安全域 | 当前状态    | 路扩展 | LRU touched
------------------------------------------------------------------
  0    |   域2      | 正常运行   |  否   |  119999995
  1    |   域0      | 正常运行   |  否   |  120000000
  2    |   域3      | 正常运行   |  是   |  119999837
  3    |   域3      | 正常运行   |  是   |  119999995
==================================================================

[动态重分配] 周期120000000：预约迁移 冗余域3(1%) -> 切片3 -> 饥饿域2(12%)
[切片剥夺] 周期120000000：切片3（所属域3）进入待剥夺状态，禁止新替换
[切片剥夺] 周期120000000：切片3在途请求已清空，开始执行脏行写回
[切片剥夺] 周期120000000：切片3无脏行，直接完成剥夺
[切片管理] 周期120000001：原域3仅剩1个切片，关闭路扩展模式
[动态重分配] 周期120000001：切片3写回完成，自动绑定到域2
[切片管理] 成功绑定切片3 → 安全域2，触发【路扩展模式】

======================== 切片硬件状态 ========================
切片号 | 所属安全域 | 当前状态    | 路扩展 | LRU touched
------------------------------------------------------------------
  0    |   域2      | 正常运行   |  是   |  119999995
  1    |   域0      | 正常运行   |  否   |  120000000
  2    |   域3      | 正常运行   |  否   |  119999837
  3    |   域2      | 正常运行   |  是   |  120000001
==================================================================


======================== 切片硬件状态 ========================
切片号 | 所属安全域 | 当前状态    | 路扩展 | LRU touched
------------------------------------------------------------------
  0    |   域2      | 正常运行   |  是   |  121499966
  1    |   域0      | 正常运行   |  否   |  121499935
  2    |   域3      | 正常运行   |  否   |  121499970
  3    |   域2      | 正常运行   |  是   |  121483749
==================================================================

[动态重分配] 周期121500000：预约迁移 冗余域2(12%) -> 切片0 -> 饥饿域3(22%)
[切片剥夺] 周期121500000：切片0（所属域2）进入待剥夺状态，禁止新替换
[切片剥夺] 周期121500276：切片0在途请求已清空，开始执行脏行写回
[切片管理] 周期121504621：原域2仅剩1个切片，关闭路扩展模式
[动态重分配] 周期121504621：切片0写回完成，自动绑定到域3
[切片管理] 成功绑定切片0 → 安全域3，触发【路扩展模式】

======================== 切片硬件状态 ========================
切片号 | 所属安全域 | 当前状态    | 路扩展 | LRU touched
------------------------------------------------------------------
  0    |   域3      | 正常运行   |  是   |  121504621
  1    |   域0      | 正常运行   |  否   |  121504574
  2    |   域3      | 正常运行   |  是   |  121504601
  3    |   域2      | 正常运行   |  否   |  121504621
==================================================================


======================== 切片硬件状态 ========================
切片号 | 所属安全域 | 当前状态    | 路扩展 | LRU touched
------------------------------------------------------------------
  0    |   域3      | 正常运行   |  是   |  122499954
  1    |   域0      | 正常运行   |  否   |  122499987
  2    |   域3      | 正常运行   |  是   |  122500000
  3    |   域2      | 正常运行   |  否   |  122499995
==================================================================

[动态重分配] 周期122500000：预约迁移 冗余域3(0%) -> 切片2 -> 饥饿域2(12%)
[切片剥夺] 周期122500000：切片2（所属域3）进入待剥夺状态，禁止新替换
[切片剥夺] 周期122500000：切片2在途请求已清空，开始执行脏行写回
[切片剥夺] 周期122500000：切片2无脏行，直接完成剥夺
[切片管理] 周期122500001：原域3仅剩1个切片，关闭路扩展模式
[动态重分配] 周期122500001：切片2写回完成，自动绑定到域2
[切片管理] 成功绑定切片2 → 安全域2，触发【路扩展模式】

======================== 切片硬件状态 ========================
切片号 | 所属安全域 | 当前状态    | 路扩展 | LRU touched
------------------------------------------------------------------
  0    |   域3      | 正常运行   |  否   |  122499954
  1    |   域0      | 正常运行   |  否   |  122499987
  2    |   域2      | 正常运行   |  是   |  122500001
  3    |   域2      | 正常运行   |  是   |  122499995
==================================================================


======================== 切片硬件状态 ========================
切片号 | 所属安全域 | 当前状态    | 路扩展 | LRU touched
------------------------------------------------------------------
  0    |   域3      | 正常运行   |  否   |  122999983
  1    |   域0      | 正常运行   |  否   |  123000000
  2    |   域2      | 正常运行   |  是   |  122999993
  3    |   域2      | 正常运行   |  是   |  122995553
==================================================================

[动态重分配] 周期123000000：预约迁移 冗余域2(12%) -> 切片3 -> 饥饿域3(22%)
[切片剥夺] 周期123000000：切片3（所属域2）进入待剥夺状态，禁止新替换
[切片剥夺] 周期123000000：切片3在途请求已清空，开始执行脏行写回
[切片管理] 周期123004022：原域2仅剩1个切片，关闭路扩展模式
[动态重分配] 周期123004022：切片3写回完成，自动绑定到域3
[切片管理] 成功绑定切片3 → 安全域3，触发【路扩展模式】

======================== 切片硬件状态 ========================
切片号 | 所属安全域 | 当前状态    | 路扩展 | LRU touched
------------------------------------------------------------------
  0    |   域3      | 正常运行   |  是   |  123003970
  1    |   域0      | 正常运行   |  否   |  123003970
  2    |   域2      | 正常运行   |  否   |  123004010
  3    |   域3      | 正常运行   |  是   |  123004022
==================================================================


======================== 切片硬件状态 ========================
切片号 | 所属安全域 | 当前状态    | 路扩展 | LRU touched
------------------------------------------------------------------
  0    |   域3      | 正常运行   |  是   |  124499974
  1    |   域0      | 正常运行   |  否   |  124499997
  2    |   域2      | 正常运行   |  否   |  124499992
  3    |   域3      | 正常运行   |  是   |  124499974
==================================================================

[动态重分配] 周期124500000：预约迁移 冗余域3(0%) -> 切片0 -> 饥饿域2(12%)
[切片剥夺] 周期124500000：切片0（所属域3）进入待剥夺状态，禁止新替换
[切片剥夺] 周期124500000：切片0在途请求已清空，开始执行脏行写回
[切片剥夺] 周期124500000：切片0无脏行，直接完成剥夺
[切片管理] 周期124500001：原域3仅剩1个切片，关闭路扩展模式
[动态重分配] 周期124500001：切片0写回完成，自动绑定到域2
[切片管理] 成功绑定切片0 → 安全域2，触发【路扩展模式】

======================== 切片硬件状态 ========================
切片号 | 所属安全域 | 当前状态    | 路扩展 | LRU touched
------------------------------------------------------------------
  0    |   域2      | 正常运行   |  是   |  124500001
  1    |   域0      | 正常运行   |  否   |  124499997
  2    |   域2      | 正常运行   |  是   |  124499992
  3    |   域3      | 正常运行   |  否   |  124499974
==================================================================


======================== 切片硬件状态 ========================
切片号 | 所属安全域 | 当前状态    | 路扩展 | LRU touched
------------------------------------------------------------------
  0    |   域2      | 正常运行   |  是   |  125490707
  1    |   域0      | 正常运行   |  否   |  125499988
  2    |   域2      | 正常运行   |  是   |  125499997
  3    |   域3      | 正常运行   |  否   |  125499995
==================================================================

[动态重分配] 周期125500000：预约迁移 冗余域2(12%) -> 切片2 -> 饥饿域3(22%)
[切片剥夺] 周期125500000：切片2（所属域2）进入待剥夺状态，禁止新替换
[切片剥夺] 周期125500188：切片2在途请求已清空，开始执行脏行写回
[切片管理] 周期125502916：原域2仅剩1个切片，关闭路扩展模式
[动态重分配] 周期125502916：切片2写回完成，自动绑定到域3
[切片管理] 成功绑定切片2 → 安全域3，触发【路扩展模式】

======================== 切片硬件状态 ========================
切片号 | 所属安全域 | 当前状态    | 路扩展 | LRU touched
------------------------------------------------------------------
  0    |   域2      | 正常运行   |  否   |  125502911
  1    |   域0      | 正常运行   |  否   |  125502911
  2    |   域3      | 正常运行   |  是   |  125502916
  3    |   域3      | 正常运行   |  是   |  125502906
==================================================================


======================== 切片硬件状态 ========================
切片号 | 所属安全域 | 当前状态    | 路扩展 | LRU touched
------------------------------------------------------------------
  0    |   域2      | 正常运行   |  否   |  125999906
  1    |   域0      | 正常运行   |  否   |  125999968
  2    |   域3      | 正常运行   |  是   |  125999886
  3    |   域3      | 正常运行   |  是   |  125999991
==================================================================

[动态重分配] 周期126000000：预约迁移 冗余域3(1%) -> 切片3 -> 饥饿域2(12%)
[切片剥夺] 周期126000000：切片3（所属域3）进入待剥夺状态，禁止新替换
[切片剥夺] 周期126000000：切片3在途请求已清空，开始执行脏行写回
[切片剥夺] 周期126000000：切片3无脏行，直接完成剥夺
[切片管理] 周期126000001：原域3仅剩1个切片，关闭路扩展模式
[动态重分配] 周期126000001：切片3写回完成，自动绑定到域2
[切片管理] 成功绑定切片3 → 安全域2，触发【路扩展模式】

======================== 切片硬件状态 ========================
切片号 | 所属安全域 | 当前状态    | 路扩展 | LRU touched
------------------------------------------------------------------
  0    |   域2      | 正常运行   |  是   |  125999906
  1    |   域0      | 正常运行   |  否   |  125999968
  2    |   域3      | 正常运行   |  否   |  125999886
  3    |   域2      | 正常运行   |  是   |  126000001
==================================================================


======================== 切片硬件状态 ========================
切片号 | 所属安全域 | 当前状态    | 路扩展 | LRU touched
------------------------------------------------------------------
  0    |   域2      | 正常运行   |  是   |  127499984
  1    |   域0      | 正常运行   |  否   |  127499988
  2    |   域3      | 正常运行   |  否   |  127499993
  3    |   域2      | 正常运行   |  是   |  127499960
==================================================================

[动态重分配] 周期127500000：预约迁移 冗余域2(12%) -> 切片0 -> 饥饿域3(21%)
[切片剥夺] 周期127500000：切片0（所属域2）进入待剥夺状态，禁止新替换
[切片剥夺] 周期127500176：切片0在途请求已清空，开始执行脏行写回
[切片管理] 周期127504443：原域2仅剩1个切片，关闭路扩展模式
[动态重分配] 周期127504443：切片0写回完成，自动绑定到域3
[切片管理] 成功绑定切片0 → 安全域3，触发【路扩展模式】

======================== 切片硬件状态 ========================
切片号 | 所属安全域 | 当前状态    | 路扩展 | LRU touched
------------------------------------------------------------------
  0    |   域3      | 正常运行   |  是   |  127504443
  1    |   域0      | 正常运行   |  否   |  127504441
  2    |   域3      | 正常运行   |  是   |  127504443
  3    |   域2      | 正常运行   |  否   |  127504439
==================================================================


======================== 切片硬件状态 ========================
切片号 | 所属安全域 | 当前状态    | 路扩展 | LRU touched
------------------------------------------------------------------
  0    |   域3      | 正常运行   |  是   |  128499966
  1    |   域0      | 正常运行   |  否   |  128499931
  2    |   域3      | 正常运行   |  是   |  128499970
  3    |   域2      | 正常运行   |  否   |  128499983
==================================================================

[动态重分配] 周期128500000：预约迁移 冗余域3(0%) -> 切片2 -> 饥饿域2(12%)
[切片剥夺] 周期128500000：切片2（所属域3）进入待剥夺状态，禁止新替换
[切片剥夺] 周期128500000：切片2在途请求已清空，开始执行脏行写回
[切片剥夺] 周期128500000：切片2无脏行，直接完成剥夺
[切片管理] 周期128500001：原域3仅剩1个切片，关闭路扩展模式
[动态重分配] 周期128500001：切片2写回完成，自动绑定到域2
[切片管理] 成功绑定切片2 → 安全域2，触发【路扩展模式】

======================== 切片硬件状态 ========================
切片号 | 所属安全域 | 当前状态    | 路扩展 | LRU touched
------------------------------------------------------------------
  0    |   域3      | 正常运行   |  否   |  128499966
  1    |   域0      | 正常运行   |  否   |  128499931
  2    |   域2      | 正常运行   |  是   |  128500001
  3    |   域2      | 正常运行   |  是   |  128499983
==================================================================


======================== 切片硬件状态 ========================
切片号 | 所属安全域 | 当前状态    | 路扩展 | LRU touched
------------------------------------------------------------------
  0    |   域3      | 正常运行   |  否   |  128999985
  1    |   域0      | 正常运行   |  否   |  128999933
  2    |   域2      | 正常运行   |  是   |  128985291
  3    |   域2      | 正常运行   |  是   |  128999965
==================================================================

[动态重分配] 周期129000000：预约迁移 冗余域2(12%) -> 切片3 -> 饥饿域3(21%)
[切片剥夺] 周期129000000：切片3（所属域2）进入待剥夺状态，禁止新替换
[切片剥夺] 周期129000148：切片3在途请求已清空，开始执行脏行写回
[切片管理] 周期129004728：原域2仅剩1个切片，关闭路扩展模式
[动态重分配] 周期129004728：切片3写回完成，自动绑定到域3
[切片管理] 成功绑定切片3 → 安全域3，触发【路扩展模式】

======================== 切片硬件状态 ========================
切片号 | 所属安全域 | 当前状态    | 路扩展 | LRU touched
------------------------------------------------------------------
  0    |   域3      | 正常运行   |  是   |  129004705
  1    |   域0      | 正常运行   |  否   |  129004618
  2    |   域2      | 正常运行   |  否   |  129004716
  3    |   域3      | 正常运行   |  是   |  129004728
==================================================================


======================== 切片硬件状态 ========================
切片号 | 所属安全域 | 当前状态    | 路扩展 | LRU touched
------------------------------------------------------------------
  0    |   域3      | 正常运行   |  是   |  130499999
  1    |   域0      | 正常运行   |  否   |  130499838
  2    |   域2      | 正常运行   |  否   |  130499999
  3    |   域3      | 正常运行   |  是   |  130499970
==================================================================

[动态重分配] 周期130500000：预约迁移 冗余域3(0%) -> 切片0 -> 饥饿域2(12%)
[切片剥夺] 周期130500000：切片0（所属域3）进入待剥夺状态，禁止新替换
[切片剥夺] 周期130500000：切片0在途请求已清空，开始执行脏行写回
[切片剥夺] 周期130500000：切片0无脏行，直接完成剥夺
[切片管理] 周期130500001：原域3仅剩1个切片，关闭路扩展模式
[动态重分配] 周期130500001：切片0写回完成，自动绑定到域2
[切片管理] 成功绑定切片0 → 安全域2，触发【路扩展模式】

======================== 切片硬件状态 ========================
切片号 | 所属安全域 | 当前状态    | 路扩展 | LRU touched
------------------------------------------------------------------
  0    |   域2      | 正常运行   |  是   |  130500001
  1    |   域0      | 正常运行   |  否   |  130499838
  2    |   域2      | 正常运行   |  是   |  130500001
  3    |   域3      | 正常运行   |  否   |  130499970
==================================================================


======================== 切片硬件状态 ========================
切片号 | 所属安全域 | 当前状态    | 路扩展 | LRU touched
------------------------------------------------------------------
  0    |   域2      | 正常运行   |  是   |  131490610
  1    |   域0      | 正常运行   |  否   |  131499998
  2    |   域2      | 正常运行   |  是   |  131499998
  3    |   域3      | 正常运行   |  否   |  131499987
==================================================================

[动态重分配] 周期131500000：预约迁移 冗余域2(12%) -> 切片2 -> 饥饿域3(22%)
[切片剥夺] 周期131500000：切片2（所属域2）进入待剥夺状态，禁止新替换
[切片剥夺] 周期131500192：切片2在途请求已清空，开始执行脏行写回
[切片管理] 周期131504761：原域2仅剩1个切片，关闭路扩展模式
[动态重分配] 周期131504761：切片2写回完成，自动绑定到域3
[切片管理] 成功绑定切片2 → 安全域3，触发【路扩展模式】

======================== 切片硬件状态 ========================
切片号 | 所属安全域 | 当前状态    | 路扩展 | LRU touched
------------------------------------------------------------------
  0    |   域2      | 正常运行   |  否   |  131504731
  1    |   域0      | 正常运行   |  否   |  131504747
  2    |   域3      | 正常运行   |  是   |  131504761
  3    |   域3      | 正常运行   |  是   |  131504725
==================================================================


======================== 切片硬件状态 ========================
切片号 | 所属安全域 | 当前状态    | 路扩展 | LRU touched
------------------------------------------------------------------
  0    |   域2      | 正常运行   |  否   |  131999973
  1    |   域0      | 正常运行   |  否   |  131999972
  2    |   域3      | 正常运行   |  是   |  131999729
  3    |   域3      | 正常运行   |  是   |  131999990
==================================================================

[动态重分配] 周期132000000：预约迁移 冗余域3(1%) -> 切片3 -> 饥饿域2(12%)
[切片剥夺] 周期132000000：切片3（所属域3）进入待剥夺状态，禁止新替换
[切片剥夺] 周期132000000：切片3在途请求已清空，开始执行脏行写回
[切片剥夺] 周期132000000：切片3无脏行，直接完成剥夺
[切片管理] 周期132000001：原域3仅剩1个切片，关闭路扩展模式
[动态重分配] 周期132000001：切片3写回完成，自动绑定到域2
[切片管理] 成功绑定切片3 → 安全域2，触发【路扩展模式】

======================== 切片硬件状态 ========================
切片号 | 所属安全域 | 当前状态    | 路扩展 | LRU touched
------------------------------------------------------------------
  0    |   域2      | 正常运行   |  是   |  131999973
  1    |   域0      | 正常运行   |  否   |  131999972
  2    |   域3      | 正常运行   |  否   |  131999729
  3    |   域2      | 正常运行   |  是   |  132000001
==================================================================


======================== 切片硬件状态 ========================
切片号 | 所属安全域 | 当前状态    | 路扩展 | LRU touched
------------------------------------------------------------------
  0    |   域2      | 正常运行   |  是   |  133997188
  1    |   域0      | 正常运行   |  否   |  133999992
  2    |   域3      | 正常运行   |  否   |  133999997
  3    |   域2      | 正常运行   |  是   |  133999959
==================================================================

[动态重分配] 周期134000000：预约迁移 冗余域2(12%) -> 切片0 -> 饥饿域3(22%)
[切片剥夺] 周期134000000：切片0（所属域2）进入待剥夺状态，禁止新替换
[切片剥夺] 周期134000000：切片0在途请求已清空，开始执行脏行写回
[切片管理] 周期134004064：原域2仅剩1个切片，关闭路扩展模式
[动态重分配] 周期134004064：切片0写回完成，自动绑定到域3
[切片管理] 成功绑定切片0 → 安全域3，触发【路扩展模式】

======================== 切片硬件状态 ========================
切片号 | 所属安全域 | 当前状态    | 路扩展 | LRU touched
------------------------------------------------------------------
  0    |   域3      | 正常运行   |  是   |  134004064
  1    |   域0      | 正常运行   |  否   |  134004062
  2    |   域3      | 正常运行   |  是   |  134004055
  3    |   域2      | 正常运行   |  否   |  134004052
==================================================================


======================== 切片硬件状态 ========================
切片号 | 所属安全域 | 当前状态    | 路扩展 | LRU touched
------------------------------------------------------------------
  0    |   域3      | 正常运行   |  是   |  134499833
  1    |   域0      | 正常运行   |  否   |  134499954
  2    |   域3      | 正常运行   |  是   |  134499995
  3    |   域2      | 正常运行   |  否   |  134500000
==================================================================

[动态重分配] 周期134500000：预约迁移 冗余域3(1%) -> 切片2 -> 饥饿域0(7%)
[切片剥夺] 周期134500000：切片2（所属域3）进入待剥夺状态，禁止新替换
[切片剥夺] 周期134500000：切片2在途请求已清空，开始执行脏行写回
[切片剥夺] 周期134500000：切片2无脏行，直接完成剥夺
[切片管理] 周期134500001：原域3仅剩1个切片，关闭路扩展模式
[动态重分配] 周期134500001：切片2写回完成，自动绑定到域0
[切片管理] 成功绑定切片2 → 安全域0，触发【路扩展模式】

======================== 切片硬件状态 ========================
切片号 | 所属安全域 | 当前状态    | 路扩展 | LRU touched
------------------------------------------------------------------
  0    |   域3      | 正常运行   |  否   |  134499833
  1    |   域0      | 正常运行   |  是   |  134499954
  2    |   域0      | 正常运行   |  是   |  134500001
  3    |   域2      | 正常运行   |  否   |  134500001
==================================================================


======================== 切片硬件状态 ========================
切片号 | 所属安全域 | 当前状态    | 路扩展 | LRU touched
------------------------------------------------------------------
  0    |   域3      | 正常运行   |  否   |  135499999
  1    |   域0      | 正常运行   |  是   |  135499997
  2    |   域0      | 正常运行   |  是   |  135499929
  3    |   域2      | 正常运行   |  否   |  135500000
==================================================================

[动态重分配] 周期135500000：预约迁移 冗余域0(3%) -> 切片1 -> 饥饿域2(12%)
[切片剥夺] 周期135500000：切片1（所属域0）进入待剥夺状态，禁止新替换
[切片剥夺] 周期135500000：切片1在途请求已清空，开始执行脏行写回
[切片管理] 周期135500194：原域0仅剩1个切片，关闭路扩展模式
[动态重分配] 周期135500194：切片1写回完成，自动绑定到域2
[切片管理] 成功绑定切片1 → 安全域2，触发【路扩展模式】

======================== 切片硬件状态 ========================
切片号 | 所属安全域 | 当前状态    | 路扩展 | LRU touched
------------------------------------------------------------------
  0    |   域3      | 正常运行   |  否   |  135500190
  1    |   域2      | 正常运行   |  是   |  135500194
  2    |   域0      | 正常运行   |  否   |  135500189
  3    |   域2      | 正常运行   |  是   |  135500194
==================================================================


======================== 切片硬件状态 ========================
切片号 | 所属安全域 | 当前状态    | 路扩展 | LRU touched
------------------------------------------------------------------
  0    |   域3      | 正常运行   |  否   |  135999995
  1    |   域2      | 正常运行   |  是   |  135985395
  2    |   域0      | 正常运行   |  否   |  135999554
  3    |   域2      | 正常运行   |  是   |  136000000
==================================================================

[动态重分配] 周期136000000：预约迁移 冗余域2(12%) -> 切片3 -> 饥饿域3(22%)
[切片剥夺] 周期136000000：切片3（所属域2）进入待剥夺状态，禁止新替换
[切片剥夺] 周期136000136：切片3在途请求已清空，开始执行脏行写回
[切片管理] 周期136005993：原域2仅剩1个切片，关闭路扩展模式
[动态重分配] 周期136005993：切片3写回完成，自动绑定到域3
[切片管理] 成功绑定切片3 → 安全域3，触发【路扩展模式】

======================== 切片硬件状态 ========================
切片号 | 所属安全域 | 当前状态    | 路扩展 | LRU touched
------------------------------------------------------------------
  0    |   域3      | 正常运行   |  是   |  136005974
  1    |   域2      | 正常运行   |  否   |  136005986
  2    |   域0      | 正常运行   |  否   |  136005876
  3    |   域3      | 正常运行   |  是   |  136005993
==================================================================


======================== 切片硬件状态 ========================
切片号 | 所属安全域 | 当前状态    | 路扩展 | LRU touched
------------------------------------------------------------------
  0    |   域3      | 正常运行   |  是   |  136999989
  1    |   域2      | 正常运行   |  否   |  136999996
  2    |   域0      | 正常运行   |  否   |  136999999
  3    |   域3      | 正常运行   |  是   |  136999772
==================================================================

[动态重分配] 周期137000000：预约迁移 冗余域3(0%) -> 切片0 -> 饥饿域2(12%)
[切片剥夺] 周期137000000：切片0（所属域3）进入待剥夺状态，禁止新替换
[切片剥夺] 周期137000000：切片0在途请求已清空，开始执行脏行写回
[切片剥夺] 周期137000000：切片0无脏行，直接完成剥夺
[切片管理] 周期137000001：原域3仅剩1个切片，关闭路扩展模式
[动态重分配] 周期137000001：切片0写回完成，自动绑定到域2
[切片管理] 成功绑定切片0 → 安全域2，触发【路扩展模式】

======================== 切片硬件状态 ========================
切片号 | 所属安全域 | 当前状态    | 路扩展 | LRU touched
------------------------------------------------------------------
  0    |   域2      | 正常运行   |  是   |  137000001
  1    |   域2      | 正常运行   |  是   |  136999996
  2    |   域0      | 正常运行   |  否   |  137000001
  3    |   域3      | 正常运行   |  否   |  136999772
==================================================================


======================== 切片硬件状态 ========================
切片号 | 所属安全域 | 当前状态    | 路扩展 | LRU touched
------------------------------------------------------------------
  0    |   域2      | 正常运行   |  是   |  138494507
  1    |   域2      | 正常运行   |  是   |  138499998
  2    |   域0      | 正常运行   |  否   |  138499999
  3    |   域3      | 正常运行   |  否   |  138499998
==================================================================

[动态重分配] 周期138500000：预约迁移 冗余域2(12%) -> 切片1 -> 饥饿域3(22%)
[切片剥夺] 周期138500000：切片1（所属域2）进入待剥夺状态，禁止新替换
[切片剥夺] 周期138500180：切片1在途请求已清空，开始执行脏行写回
[切片管理] 周期138504973：原域2仅剩1个切片，关闭路扩展模式
[动态重分配] 周期138504973：切片1写回完成，自动绑定到域3
[切片管理] 成功绑定切片1 → 安全域3，触发【路扩展模式】

======================== 切片硬件状态 ========================
切片号 | 所属安全域 | 当前状态    | 路扩展 | LRU touched
------------------------------------------------------------------
  0    |   域2      | 正常运行   |  否   |  138504946
  1    |   域3      | 正常运行   |  是   |  138504973
  2    |   域0      | 正常运行   |  否   |  138504959
  3    |   域3      | 正常运行   |  是   |  138504960
==================================================================


======================== 切片硬件状态 ========================
切片号 | 所属安全域 | 当前状态    | 路扩展 | LRU touched
------------------------------------------------------------------
  0    |   域2      | 正常运行   |  否   |  138999995
  1    |   域3      | 正常运行   |  是   |  138999923
  2    |   域0      | 正常运行   |  否   |  138999991
  3    |   域3      | 正常运行   |  是   |  138999988
==================================================================

[动态重分配] 周期139000000：预约迁移 冗余域3(1%) -> 切片3 -> 饥饿域2(12%)
[切片剥夺] 周期139000000：切片3（所属域3）进入待剥夺状态，禁止新替换
[切片剥夺] 周期139000000：切片3在途请求已清空，开始执行脏行写回
[切片剥夺] 周期139000000：切片3无脏行，直接完成剥夺
[切片管理] 周期139000001：原域3仅剩1个切片，关闭路扩展模式
[动态重分配] 周期139000001：切片3写回完成，自动绑定到域2
[切片管理] 成功绑定切片3 → 安全域2，触发【路扩展模式】

======================== 切片硬件状态 ========================
切片号 | 所属安全域 | 当前状态    | 路扩展 | LRU touched
------------------------------------------------------------------
  0    |   域2      | 正常运行   |  是   |  138999995
  1    |   域3      | 正常运行   |  否   |  138999923
  2    |   域0      | 正常运行   |  否   |  139000001
  3    |   域2      | 正常运行   |  是   |  139000001
==================================================================


======================== 切片硬件状态 ========================
切片号 | 所属安全域 | 当前状态    | 路扩展 | LRU touched
------------------------------------------------------------------
  0    |   域2      | 正常运行   |  是   |  140489898
  1    |   域3      | 正常运行   |  否   |  140499990
  2    |   域0      | 正常运行   |  否   |  140499997
  3    |   域2      | 正常运行   |  是   |  140499989
==================================================================

[动态重分配] 周期140500000：预约迁移 冗余域2(12%) -> 切片0 -> 饥饿域3(21%)
[切片剥夺] 周期140500000：切片0（所属域2）进入待剥夺状态，禁止新替换
[切片剥夺] 周期140500000：切片0在途请求已清空，开始执行脏行写回
[切片管理] 周期140505698：原域2仅剩1个切片，关闭路扩展模式
[动态重分配] 周期140505698：切片0写回完成，自动绑定到域3
[切片管理] 成功绑定切片0 → 安全域3，触发【路扩展模式】

======================== 切片硬件状态 ========================
切片号 | 所属安全域 | 当前状态    | 路扩展 | LRU touched
------------------------------------------------------------------
  0    |   域3      | 正常运行   |  是   |  140505698
  1    |   域3      | 正常运行   |  是   |  140505683
  2    |   域0      | 正常运行   |  否   |  140505698
  3    |   域2      | 正常运行   |  否   |  140505692
==================================================================


======================== 切片硬件状态 ========================
切片号 | 所属安全域 | 当前状态    | 路扩展 | LRU touched
------------------------------------------------------------------
  0    |   域3      | 正常运行   |  是   |  141499977
  1    |   域3      | 正常运行   |  是   |  141499871
  2    |   域0      | 正常运行   |  否   |  141499831
  3    |   域2      | 正常运行   |  否   |  141499986
==================================================================

[动态重分配] 周期141500000：预约迁移 冗余域3(0%) -> 切片1 -> 饥饿域2(12%)
[切片剥夺] 周期141500000：切片1（所属域3）进入待剥夺状态，禁止新替换
[切片剥夺] 周期141500000：切片1在途请求已清空，开始执行脏行写回
[切片剥夺] 周期141500000：切片1无脏行，直接完成剥夺
[切片管理] 周期141500001：原域3仅剩1个切片，关闭路扩展模式
[动态重分配] 周期141500001：切片1写回完成，自动绑定到域2
[切片管理] 成功绑定切片1 → 安全域2，触发【路扩展模式】

======================== 切片硬件状态 ========================
切片号 | 所属安全域 | 当前状态    | 路扩展 | LRU touched
------------------------------------------------------------------
  0    |   域3      | 正常运行   |  否   |  141499977
  1    |   域2      | 正常运行   |  是   |  141500001
  2    |   域0      | 正常运行   |  否   |  141499831
  3    |   域2      | 正常运行   |  是   |  141499986
==================================================================


======================== 切片硬件状态 ========================
切片号 | 所属安全域 | 当前状态    | 路扩展 | LRU touched
------------------------------------------------------------------
  0    |   域3      | 正常运行   |  否   |  145999995
  1    |   域2      | 正常运行   |  是   |  145999966
  2    |   域0      | 正常运行   |  否   |  145999998
  3    |   域2      | 正常运行   |  是   |  145999997
==================================================================

[动态重分配] 周期146000000：预约迁移 冗余域2(1%) -> 切片1 -> 饥饿域3(22%)
[切片剥夺] 周期146000000：切片1（所属域2）进入待剥夺状态，禁止新替换
[切片剥夺] 周期146000000：切片1在途请求已清空，开始执行脏行写回
[切片剥夺] 周期146000000：切片1无脏行，直接完成剥夺
[切片管理] 周期146000001：原域2仅剩1个切片，关闭路扩展模式
[动态重分配] 周期146000001：切片1写回完成，自动绑定到域3
[切片管理] 成功绑定切片1 → 安全域3，触发【路扩展模式】

======================== 切片硬件状态 ========================
切片号 | 所属安全域 | 当前状态    | 路扩展 | LRU touched
------------------------------------------------------------------
  0    |   域3      | 正常运行   |  是   |  145999995
  1    |   域3      | 正常运行   |  是   |  146000001
  2    |   域0      | 正常运行   |  否   |  145999998
  3    |   域2      | 正常运行   |  否   |  146000001
==================================================================


======================== 切片硬件状态 ========================
切片号 | 所属安全域 | 当前状态    | 路扩展 | LRU touched
------------------------------------------------------------------
  0    |   域3      | 正常运行   |  是   |  155999986
  1    |   域3      | 正常运行   |  是   |  155999981
  2    |   域0      | 正常运行   |  否   |  155999993
  3    |   域2      | 正常运行   |  否   |  155999994
==================================================================

[动态重分配] 周期156000000：预约迁移 冗余域3(0%) -> 切片0 -> 饥饿域0(6%)
[切片剥夺] 周期156000000：切片0（所属域3）进入待剥夺状态，禁止新替换
[切片剥夺] 周期156000000：切片0在途请求已清空，开始执行脏行写回
[切片剥夺] 周期156000000：切片0无脏行，直接完成剥夺
[切片管理] 周期156000001：原域3仅剩1个切片，关闭路扩展模式
[动态重分配] 周期156000001：切片0写回完成，自动绑定到域0
[切片管理] 成功绑定切片0 → 安全域0，触发【路扩展模式】

======================== 切片硬件状态 ========================
切片号 | 所属安全域 | 当前状态    | 路扩展 | LRU touched
------------------------------------------------------------------
  0    |   域0      | 正常运行   |  是   |  156000001
  1    |   域3      | 正常运行   |  否   |  156000001
  2    |   域0      | 正常运行   |  是   |  155999993
  3    |   域2      | 正常运行   |  否   |  156000001
==================================================================


======================== 切片硬件状态 ========================
切片号 | 所属安全域 | 当前状态    | 路扩展 | LRU touched
------------------------------------------------------------------
  0    |   域0      | 正常运行   |  是   |  156499999
  1    |   域3      | 正常运行   |  否   |  156499942
  2    |   域0      | 正常运行   |  是   |  156499261
  3    |   域2      | 正常运行   |  否   |  156499990
==================================================================

[动态重分配] 周期156500000：预约迁移 冗余域0(3%) -> 切片2 -> 饥饿域3(22%)
[切片剥夺] 周期156500000：切片2（所属域0）进入待剥夺状态，禁止新替换
[切片剥夺] 周期156500000：切片2在途请求已清空，开始执行脏行写回
[切片管理] 周期156509741：原域0仅剩1个切片，关闭路扩展模式
[动态重分配] 周期156509741：切片2写回完成，自动绑定到域3
[切片管理] 成功绑定切片2 → 安全域3，触发【路扩展模式】

======================== 切片硬件状态 ========================
切片号 | 所属安全域 | 当前状态    | 路扩展 | LRU touched
------------------------------------------------------------------
  0    |   域0      | 正常运行   |  否   |  156509741
  1    |   域3      | 正常运行   |  是   |  156509737
  2    |   域3      | 正常运行   |  是   |  156509741
  3    |   域2      | 正常运行   |  否   |  156509738
==================================================================


======================== 切片硬件状态 ========================
切片号 | 所属安全域 | 当前状态    | 路扩展 | LRU touched
------------------------------------------------------------------
  0    |   域0      | 正常运行   |  否   |  164999941
  1    |   域3      | 正常运行   |  是   |  164999894
  2    |   域3      | 正常运行   |  是   |  164999861
  3    |   域2      | 正常运行   |  否   |  164999940
==================================================================

[动态重分配] 周期165000000：预约迁移 冗余域3(0%) -> 切片1 -> 饥饿域0(7%)
[切片剥夺] 周期165000000：切片1（所属域3）进入待剥夺状态，禁止新替换
[切片剥夺] 周期165000000：切片1在途请求已清空，开始执行脏行写回
[切片剥夺] 周期165000000：切片1无脏行，直接完成剥夺
[切片管理] 周期165000001：原域3仅剩1个切片，关闭路扩展模式
[动态重分配] 周期165000001：切片1写回完成，自动绑定到域0
[切片管理] 成功绑定切片1 → 安全域0，触发【路扩展模式】

======================== 切片硬件状态 ========================
切片号 | 所属安全域 | 当前状态    | 路扩展 | LRU touched
------------------------------------------------------------------
  0    |   域0      | 正常运行   |  是   |  164999941
  1    |   域0      | 正常运行   |  是   |  165000001
  2    |   域3      | 正常运行   |  否   |  164999861
  3    |   域2      | 正常运行   |  否   |  164999940
==================================================================


======================== 切片硬件状态 ========================
切片号 | 所属安全域 | 当前状态    | 路扩展 | LRU touched
------------------------------------------------------------------
  0    |   域0      | 正常运行   |  是   |  165500000
  1    |   域0      | 正常运行   |  是   |  165499998
  2    |   域3      | 正常运行   |  否   |  165499998
  3    |   域2      | 正常运行   |  否   |  165500000
==================================================================

[动态重分配] 周期165500000：预约迁移 冗余域0(1%) -> 切片0 -> 饥饿域3(22%)
[切片剥夺] 周期165500000：切片0（所属域0）进入待剥夺状态，禁止新替换
[切片剥夺] 周期165500000：切片0在途请求已清空，开始执行脏行写回
[切片管理] 周期165500173：原域0仅剩1个切片，关闭路扩展模式
[动态重分配] 周期165500173：切片0写回完成，自动绑定到域3
[切片管理] 成功绑定切片0 → 安全域3，触发【路扩展模式】

======================== 切片硬件状态 ========================
切片号 | 所属安全域 | 当前状态    | 路扩展 | LRU touched
------------------------------------------------------------------
  0    |   域3      | 正常运行   |  是   |  165500173
  1    |   域0      | 正常运行   |  否   |  165500049
  2    |   域3      | 正常运行   |  是   |  165500149
  3    |   域2      | 正常运行   |  否   |  165500145
==================================================================


**** Debug Statistics at 201000000 Cycles *****
Threads: 4		Fetch Width: 8
No of useful instructions fetched:	501169243 (31.17% proc util.)
No of total instructions fetched:	612379237 (38.08% proc util.)
 includes 16073682 misfetch (2.6%), 95136312 (15.5%) wrong-path fetches
 and 0 flushed after failed lock(0.0%)
No of useful instructions issued/executed:	501169186 (31.17% proc util.)
No of total instructions issued/executed:	540874501 (33.64% proc util.)
 includes 39705315 wrong-path (7.3%) insts and 0 flushed (0.0%)
	fp 39570, 0.01%
	synch 0, 0.00%
	integer 416330827, 76.97%
	load/store 124504104, 23.02%
Avg size of int IQ (before scheduling): 24.47
Avg size of fp IQ (before scheduling): 0.01
No of cycles taken:		201000000
Parallelism [ 0.796, 0.000, 0.698, 0.999,] = 2.493
 IQ conflicts: 314192 (0.16%), FQ conflicts: 0 (0.00%) 
 I reg conflicts: 111868746 (55.66%), FP reg conflicts: 0 (0.00%)
  Activelist confs: 482 (0.00%), ROB confs: 68169 (0.03%)
  Int unit conflicts: 177047626 (88.08%), FP unit conflicts: 7 (0.00%)
  Load/store unit conflicts: 11521292 (5.73%)
  MSHR conflicts: 39770210 (19.79%)
----------------------------------------
==== System-wide Cache Statistics ====
Stall for miss queue full 6682 cycles (0.00%)
----------------------------------------
==== Statistics for Master ID: 0 ====
Reads: 113679242   Writes: 20923769
ICACHE: size: 64 KB assoc: 2
ICACHE: hits:63198702 misses:850392  Hit Ratio: 98.67%
DCACHE: size: 1*16 KB assoc: 1*4
DCACHE: hits:68826349 misses:1727943 writebacks:460511  Hit Ratio: 97.55%
SCACHE: size: 512 KB assoc: 2
SCACHE: hits:1969854 misses:608106  Hit Ratio: 76.41%
3CACHE: size: 4096 KB assoc: 2
3CACHE: hits:425844 misses:182262  Hit Ratio: 70.03%
3CACHE: dirty items replaced:16866
ITLB: size: 48, misses 56964, miss rate 0.09%
DTLB: size: 128, misses 76603, miss rate 0.11%
Avg mem delay: 4.137 cycles
----------------------------------------
==== Statistics for Master ID: 2 ====
Reads: 78646408   Writes: 14332997
ICACHE: size: 64 KB assoc: 2
ICACHE: hits:51135063 misses:5638  Hit Ratio: 99.99%
DCACHE: size: 1*16 KB assoc: 1*4
DCACHE: hits:38978687 misses:2867822 writebacks:1409648  Hit Ratio: 93.15%
SCACHE: size: 512 KB assoc: 2
SCACHE: hits:685914 misses:2179740  Hit Ratio: 23.94%
3CACHE: size: 4096 KB assoc: 2
3CACHE: hits:54185 misses:2125555  Hit Ratio: 2.49%
3CACHE: dirty items replaced:97999
ITLB: size: 48, misses 266, miss rate 0.00%
DTLB: size: 128, misses 101311, miss rate 0.24%
Avg mem delay: 4.137 cycles
----------------------------------------
==== Statistics for Master ID: 3 ====
Reads: 72207713   Writes: 149
ICACHE: size: 64 KB assoc: 2
ICACHE: hits:60229338 misses:108  Hit Ratio: 100.00%
DCACHE: size: 2*16 KB assoc: 2*4
DCACHE: hits:11027673 misses:950744 writebacks:79  Hit Ratio: 92.06%
SCACHE: size: 512 KB assoc: 2
SCACHE: hits:864928 misses:85922  Hit Ratio: 90.96%
3CACHE: size: 4096 KB assoc: 2
3CACHE: hits:71850 misses:14072  Hit Ratio: 83.62%
3CACHE: dirty items replaced:704
ITLB: size: 48, misses 4, miss rate 0.00%
DTLB: size: 128, misses 3608, miss rate 0.03%
Avg mem delay: 4.137 cycles
----------------------------------------
==== Global Resource Utilization ====
STASH: size: 65536 entries, full 637697813, empty 16833130, misses 1501659, full rate 97.21
icache bank util. 0.179 0.147 0.098 0.059 0.069 0.138 0.070 0.126 
dcache bank util. 0.082 0.087 0.088 0.082 0.095 0.110 0.098 0.087 
L2 bank util. 0.029 0.030 0.029 0.030 0.029 0.028 0.032 0.038 
L1-L2 bus util. = 0.123, L3 util. = 0.116
----------------------------------------

======================== 切片硬件状态 ========================
切片号 | 所属安全域 | 当前状态    | 路扩展 | LRU touched
------------------------------------------------------------------
  0    |   域3      | 正常运行   |  是   |  200999982
  1    |   域0      | 正常运行   |  否   |  200999995
  2    |   域3      | 正常运行   |  是   |  200999991
  3    |   域2      | 正常运行   |  否   |  200999998
==================================================================

branch prediction, hits = 42247624, misses = 4444959, hit rate = 90.48%
return_stack prediction, hits = 2665109, misses = 3343, hit rate = 99.87%
jump prediction, hits = 48503268, misses = 4067420, hit rate = 92.26%
 block_
======================== 切片硬件状态 ========================
切片号 | 所属安全域 | 当前状态    | 路扩展 | LRU touched
------------------------------------------------------------------
  0    |   域3      | 正常运行   |  是   |  219999982
  1    |   域0      | 正常运行   |  否   |  220000000
  2    |   域3      | 正常运行   |  是   |  219999992
  3    |   域2      | 正常运行   |  否   |  219999994
==================================================================

[动态重分配] 周期220000000：预约迁移 冗余域3(0%) -> 切片2 -> 饥饿域0(6%)
[切片剥夺] 周期220000000：切片2（所属域3）进入待剥夺状态，禁止新替换
[切片剥夺] 周期220000000：切片2在途请求已清空，开始执行脏行写回
[切片剥夺] 周期220000000：切片2无脏行，直接完成剥夺
[切片管理] 周期220000001：原域3仅剩1个切片，关闭路扩展模式
[动态重分配] 周期220000001：切片2写回完成，自动绑定到域0
[切片管理] 成功绑定切片2 → 安全域0，触发【路扩展模式】

======================== 切片硬件状态 ========================
切片号 | 所属安全域 | 当前状态    | 路扩展 | LRU touched
------------------------------------------------------------------
  0    |   域3      | 正常运行   |  否   |  219999982
  1    |   域0      | 正常运行   |  是   |  220000000
  2    |   域0      | 正常运行   |  是   |  220000001
  3    |   域2      | 正常运行   |  否   |  220000001
==================================================================


======================== 切片硬件状态 ========================
切片号 | 所属安全域 | 当前状态    | 路扩展 | LRU touched
------------------------------------------------------------------
  0    |   域3      | 正常运行   |  否   |  220499998
  1    |   域0      | 正常运行   |  是   |  220499997
  2    |   域0      | 正常运行   |  是   |  220499997
  3    |   域2      | 正常运行   |  否   |  220499996
==================================================================

[动态重分配] 周期220500000：预约迁移 冗余域0(4%) -> 切片1 -> 饥饿域3(21%)
[切片剥夺] 周期220500000：切片1（所属域0）进入待剥夺状态，禁止新替换
[切片剥夺] 周期220500000：切片1在途请求已清空，开始执行脏行写回
[切片管理] 周期220500118：原域0仅剩1个切片，关闭路扩展模式
[动态重分配] 周期220500118：切片1写回完成，自动绑定到域3
[切片管理] 成功绑定切片1 → 安全域3，触发【路扩展模式】

======================== 切片硬件状态 ========================
切片号 | 所属安全域 | 当前状态    | 路扩展 | LRU touched
------------------------------------------------------------------
  0    |   域3      | 正常运行   |  是   |  220500063
  1    |   域3      | 正常运行   |  是   |  220500118
  2    |   域0      | 正常运行   |  否   |  220500118
  3    |   域2      | 正常运行   |  否   |  220500043
==================================================================


======================== 切片硬件状态 ========================
切片号 | 所属安全域 | 当前状态    | 路扩展 | LRU touched
------------------------------------------------------------------
  0    |   域3      | 正常运行   |  是   |  220999997
  1    |   域3      | 正常运行   |  是   |  220999989
  2    |   域0      | 正常运行   |  否   |  221000000
  3    |   域2      | 正常运行   |  否   |  220999999
==================================================================

[动态重分配] 周期221000000：预约迁移 冗余域3(1%) -> 切片0 -> 饥饿域0(7%)
[切片剥夺] 周期221000000：切片0（所属域3）进入待剥夺状态，禁止新替换
[切片剥夺] 周期221000000：切片0在途请求已清空，开始执行脏行写回
[切片剥夺] 周期221000000：切片0无脏行，直接完成剥夺
[切片管理] 周期221000001：原域3仅剩1个切片，关闭路扩展模式
[动态重分配] 周期221000001：切片0写回完成，自动绑定到域0
[切片管理] 成功绑定切片0 → 安全域0，触发【路扩展模式】

======================== 切片硬件状态 ========================
切片号 | 所属安全域 | 当前状态    | 路扩展 | LRU touched
------------------------------------------------------------------
  0    |   域0      | 正常运行   |  是   |  221000001
  1    |   域3      | 正常运行   |  否   |  220999989
  2    |   域0      | 正常运行   |  是   |  221000001
  3    |   域2      | 正常运行   |  否   |  221000001
==================================================================


======================== 切片硬件状态 ========================
切片号 | 所属安全域 | 当前状态    | 路扩展 | LRU touched
------------------------------------------------------------------
  0    |   域0      | 正常运行   |  是   |  223000000
  1    |   域3      | 正常运行   |  否   |  222999997
  2    |   域0      | 正常运行   |  是   |  222999998
  3    |   域2      | 正常运行   |  否   |  222999999
==================================================================

[动态重分配] 周期223000000：预约迁移 冗余域0(5%) -> 切片2 -> 饥饿域3(22%)
[切片剥夺] 周期223000000：切片2（所属域0）进入待剥夺状态，禁止新替换
[切片剥夺] 周期223000000：切片2在途请求已清空，开始执行脏行写回
[切片管理] 周期223000083：原域0仅剩1个切片，关闭路扩展模式
[动态重分配] 周期223000083：切片2写回完成，自动绑定到域3
[切片管理] 成功绑定切片2 → 安全域3，触发【路扩展模式】

======================== 切片硬件状态 ========================
切片号 | 所属安全域 | 当前状态    | 路扩展 | LRU touched
------------------------------------------------------------------
  0    |   域0      | 正常运行   |  否   |  223000083
  1    |   域3      | 正常运行   |  是   |  223000080
  2    |   域3      | 正常运行   |  是   |  223000083
  3    |   域2      | 正常运行   |  否   |  223000082
==================================================================


======================== 切片硬件状态 ========================
切片号 | 所属安全域 | 当前状态    | 路扩展 | LRU touched
------------------------------------------------------------------
  0    |   域0      | 正常运行   |  否   |  223499999
  1    |   域3      | 正常运行   |  是   |  223499991
  2    |   域3      | 正常运行   |  是   |  223499905
  3    |   域2      | 正常运行   |  否   |  223500000
==================================================================

[动态重分配] 周期223500000：预约迁移 冗余域3(1%) -> 切片1 -> 饥饿域0(8%)
[切片剥夺] 周期223500000：切片1（所属域3）进入待剥夺状态，禁止新替换
[切片剥夺] 周期223500000：切片1在途请求已清空，开始执行脏行写回
[切片剥夺] 周期223500000：切片1无脏行，直接完成剥夺
[切片管理] 周期223500001：原域3仅剩1个切片，关闭路扩展模式
[动态重分配] 周期223500001：切片1写回完成，自动绑定到域0
[切片管理] 成功绑定切片1 → 安全域0，触发【路扩展模式】

======================== 切片硬件状态 ========================
切片号 | 所属安全域 | 当前状态    | 路扩展 | LRU touched
------------------------------------------------------------------
  0    |   域0      | 正常运行   |  是   |  223500001
  1    |   域0      | 正常运行   |  是   |  223500001
  2    |   域3      | 正常运行   |  否   |  223500001
  3    |   域2      | 正常运行   |  否   |  223500000
==================================================================


======================== 切片硬件状态 ========================
切片号 | 所属安全域 | 当前状态    | 路扩展 | LRU touched
------------------------------------------------------------------
  0    |   域0      | 正常运行   |  是   |  223999992
  1    |   域0      | 正常运行   |  是   |  223999972
  2    |   域3      | 正常运行   |  否   |  223999996
  3    |   域2      | 正常运行   |  否   |  223999994
==================================================================

[动态重分配] 周期224000000：预约迁移 冗余域0(6%) -> 切片0 -> 饥饿域3(22%)
[切片剥夺] 周期224000000：切片0（所属域0）进入待剥夺状态，禁止新替换
[切片剥夺] 周期224000000：切片0在途请求已清空，开始执行脏行写回
[切片管理] 周期224000047：原域0仅剩1个切片，关闭路扩展模式
[动态重分配] 周期224000047：切片0写回完成，自动绑定到域3
[切片管理] 成功绑定切片0 → 安全域3，触发【路扩展模式】

======================== 切片硬件状态 ========================
切片号 | 所属安全域 | 当前状态    | 路扩展 | LRU touched
------------------------------------------------------------------
  0    |   域3      | 正常运行   |  是   |  224000047
  1    |   域0      | 正常运行   |  否   |  224000028
  2    |   域3      | 正常运行   |  是   |  224000010
  3    |   域2      | 正常运行   |  否   |  224000032
==================================================================


======================== 切片硬件状态 ========================
切片号 | 所属安全域 | 当前状态    | 路扩展 | LRU touched
------------------------------------------------------------------
  0    |   域3      | 正常运行   |  是   |  255499993
  1    |   域0      | 正常运行   |  否   |  255499933
  2    |   域3      | 正常运行   |  是   |  255499997
  3    |   域2      | 正常运行   |  否   |  255499998
==================================================================

[动态重分配] 周期255500000：预约迁移 冗余域3(0%) -> 切片2 -> 饥饿域0(6%)
[切片剥夺] 周期255500000：切片2（所属域3）进入待剥夺状态，禁止新替换
[切片剥夺] 周期255500000：切片2在途请求已清空，开始执行脏行写回
[切片剥夺] 周期255500000：切片2无脏行，直接完成剥夺
[切片管理] 周期255500001：原域3仅剩1个切片，关闭路扩展模式
[动态重分配] 周期255500001：切片2写回完成，自动绑定到域0
[切片管理] 成功绑定切片2 → 安全域0，触发【路扩展模式】

======================== 切片硬件状态 ========================
切片号 | 所属安全域 | 当前状态    | 路扩展 | LRU touched
------------------------------------------------------------------
  0    |   域3      | 正常运行   |  否   |  255499993
  1    |   域0      | 正常运行   |  是   |  255499933
  2    |   域0      | 正常运行   |  是   |  255500001
  3    |   域2      | 正常运行   |  否   |  255499998
==================================================================


======================== 切片硬件状态 ========================
切片号 | 所属安全域 | 当前状态    | 路扩展 | LRU touched
------------------------------------------------------------------
  0    |   域3      | 正常运行   |  否   |  255999993
  1    |   域0      | 正常运行   |  是   |  255999994
  2    |   域0      | 正常运行   |  是   |  256000000
  3    |   域2      | 正常运行   |  否   |  256000000
==================================================================

[动态重分配] 周期256000000：预约迁移 冗余域0(4%) -> 切片1 -> 饥饿域3(21%)
[切片剥夺] 周期256000000：切片1（所属域0）进入待剥夺状态，禁止新替换
[切片剥夺] 周期256000000：切片1在途请求已清空，开始执行脏行写回
[切片管理] 周期256000179：原域0仅剩1个切片，关闭路扩展模式
[动态重分配] 周期256000179：切片1写回完成，自动绑定到域3
[切片管理] 成功绑定切片1 → 安全域3，触发【路扩展模式】

======================== 切片硬件状态 ========================
切片号 | 所属安全域 | 当前状 blockdis_态    | 路扩展 | LRU touched
------------------------------------------------------------------
  0    |   域3      | 正常运行   |  是   |  256000173
  1    |   域3      | 正常运行   |  是   |  256000179
  2    |   域0      | 正常运行   |  否   |  256000179
  3    |   域2      | 正常运行   |  否   |  256000173
==================================================================


======================== 切片硬件状态 ========================
切片号 | 所属安全域 | 当前状态    | 路扩展 | LRU touched
------------------------------------------------------------------
  0    |   域3      | 正常运行   |  是   |  271999979
  1    |   域3      | 正常运行   |  是   |  271999992
  2    |   域0      | 正常运行   |  否   |  271999997
  3    |   域2      | 正常运行   |  否   |  271999982
==================================================================

[动态重分配] 周期272000000：预约迁移 冗余域3(0%) -> 切片0 -> 饥饿域0(6%)
[切片剥夺] 周期272000000：切片0（所属域3）进入待剥夺状态，禁止新替换
[切片剥夺] 周期272000000：切片0在途请求已清空，开始执行脏行写回
[切片剥夺] 周期272000000：切片0无脏行，直接完成剥夺
[切片管理] 周期272000001：原域3仅剩1个切片，关闭路扩展模式
[动态重分配] 周期272000001：切片0写回完成，自动绑定到域0
[切片管理] 成功绑定切片0 → 安全域0，触发【路扩展模式】

======================== 切片硬件状态 ========================
切片号 | 所属安全域 | 当前状态    | 路扩展 | LRU touched
------------------------------------------------------------------
  0    |   域0      | 正常运行   |  是   |  272000001
  1    |   域3      | 正常运行   |  否   |  271999992
  2    |   域0      | 正常运行   |  是   |  272000001
  3    |   域2      | 正常运行   |  否   |  271999982
==================================================================


======================== 切片硬件状态 ========================
切片号 | 所属安全域 | 当前状态    | 路扩展 | LRU touched
------------------------------------------------------------------
  0    |   域0      | 正常运行   |  是   |  272499922
  1    |   域3      | 正常运行   |  否   |  272499994
  2    |   域0      | 正常运行   |  是   |  272500000
  3    |   域2      | 正常运行   |  否   |  272499999
==================================================================

[动态重分配] 周期272500000：预约迁移 冗余域0(3%) -> 切片2 -> 饥饿域3(22%)
[切片剥夺] 周期272500000：切片2（所属域0）进入待剥夺状态，禁止新替换
[切片剥夺] 周期272500000：切片2在途请求已清空，开始执行脏行写回
[切片管理] 周期272500110：原域0仅剩1个切片，关闭路扩展模式
[动态重分配] 周期272500110：切片2写回完成，自动绑定到域3
[切片管理] 成功绑定切片2 → 安全域3，触发【路扩展模式】

======================== 切片硬件状态 ========================
切片号 | 所属安全域 | 当前状态    | 路扩展 | LRU touched
------------------------------------------------------------------
  0    |   域0      | 正常运行   |  否   |  272500098
  1    |   域3      | 正常运行   |  是   |  272500081
  2    |   域3      | 正常运行   |  是   |  272500110
  3    |   域2      | 正常运行   |  否   |  272500088
==================================================================


======================== 切片硬件状态 ========================
切片号 | 所属安全域 | 当前状态    | 路扩展 | LRU touched
------------------------------------------------------------------
  0    |   域0      | 正常运行   |  否   |  273500000
  1    |   域3      | 正常运行   |  是   |  273499988
  2    |   域3      | 正常运行   |  是   |  273499990
  3    |   域2      | 正常运行   |  否   |  273500000
==================================================================

[动态重分配] 周期273500000：预约迁移 冗余域3(0%) -> 切片1 -> 饥饿域0(6%)
[切片剥夺] 周期273500000：切片1（所属域3）进入待剥夺状态，禁止新替换
[切片剥夺] 周期273500000：切片1在途请求已清空，开始执行脏行写回
[切片剥夺] 周期273500000：切片1无脏行，直接完成剥夺
[切片管理] 周期273500001：原域3仅剩1个切片，关闭路扩展模式
[动态重分配] 周期273500001：切片1写回完成，自动绑定到域0
[切片管理] 成功绑定切片1 → 安全域0，触发【路扩展模式】

======================== 切片硬件状态 ========================
切片号 | 所属安全域 | 当前状态    | 路扩展 | LRU touched
------------------------------------------------------------------
  0    |   域0      | 正常运行   |  是   |  273500001
  1    |   域0      | 正常运行   |  是   |  273500001
  2    |   域3      | 正常运行   |  否   |  273499990
  3    |   域2      | 正常运行   |  否   |  273500000
==================================================================


======================== 切片硬件状态 ========================
切片号 | 所属安全域 | 当前状态    | 路扩展 | LRU touched
------------------------------------------------------------------
  0    |   域0      | 正常运行   |  是   |  274999991
  1    |   域0      | 正常运行   |  是   |  274999988
  2    |   域3      | 正常运行   |  否   |  274999991
  3    |   域2      | 正常运行   |  否   |  275000000
==================================================================

[动态重分配] 周期275000000：预约迁移 冗余域0(4%) -> 切片0 -> 饥饿域3(22%)
[切片剥夺] 周期275000000：切片0（所属域0）进入待剥夺状态，禁止新替换
[切片剥夺] 周期275000004：切片0在途请求已清空，开始执行脏行写回
[切片管理] 周期275000066：原域0仅剩1个切片，关闭路扩展模式
[动态重分配] 周期275000066：切片0写回完成，自动绑定到域3
[切片管理] 成功绑定切片0 → 安全域3，触发【路扩展模式】

======================== 切片硬件状态 ========================
切片号 | 所属安全域 | 当前状态    | 路扩展 | LRU touched
------------------------------------------------------------------
  0    |   域3      | 正常运行   |  是   |  275000066
  1    |   域0      | 正常运行   |  否   |  275000061
  2    |   域3      | 正常运行   |  是   |  275000053
  3    |   域2      | 正常运行   |  否   |  275000054
==================================================================


======================== 切片硬件状态 ========================
切片号 | 所属安全域 | 当前状态    | 路扩展 | LRU touched
------------------------------------------------------------------
  0    |   域3      | 正常运行   |  是   |  275499945
  1    |   域0      | 正常运行   |  否   |  275499987
  2    |   域3      | 正常运行   |  是   |  275499991
  3    |   域2      | 正常运行   |  否   |  275500000
==================================================================

[动态重分配] 周期275500000：预约迁移 冗余域3(1%) -> 切片2 -> 饥饿域0(11%)
[切片剥夺] 周期275500000：切片2（所属域3）进入待剥夺状态，禁止新替换
[切片剥夺] 周期275500000：切片2在途请求已清空，开始执行脏行写回
[切片剥夺] 周期275500000：切片2无脏行，直接完成剥夺
[切片管理] 周期275500001：原域3仅剩1个切片，关闭路扩展模式
[动态重分配] 周期275500001：切片2写回完成，自动绑定到域0
[切片管理] 成功绑定切片2 → 安全域0，触发【路扩展模式】

======================== 切片硬件状态 ========================
切片号 | 所属安全域 | 当前状态    | 路扩展 | LRU touched
------------------------------------------------------------------
  0    |   域3      | 正常运行   |  否   |  275499945
  1    |   域0      | 正常运行   |  是   |  275500001
  2    |   域0      | 正常运行   |  是   |  275500001
  3    |   域2      | 正常运行   |  否   |  275500000
==================================================================


======================== 切片硬件状态 ========================
切片号 | 所属安全域 | 当前状态    | 路扩展 | LRU touched
------------------------------------------------------------------
  0    |   域3      | 正常运行   |  否   |  276499991
  1    |   域0      | 正常运行   |  是   |  276499997
  2    |   域0      | 正常运行   |  是   |  276499988
  3    |   域2      | 正常运行   |  否   |  276499999
==================================================================

[动态重分配] 周期276500000：预约迁移 冗余域0(6%) -> 切片1 -> 饥饿域3(21%)
[切片剥夺] 周期276500000：切片1（所属域0）进入待剥夺状态，禁止新替换
[切片剥夺] 周期276500000：切片1在途请求已清空，开始执行脏行写回
[切片管理] 周期276500245：原域0仅剩1个切片，关闭路扩展模式
[动态重分配] 周期276500245：切片1写回完成，自动绑定到域3
[切片管理] 成功绑定切片1 → 安全域3，触发【路扩展模式】

======================== 切片硬件状态 ========================
切片号 | 所属安全域 | 当前状态    | 路扩展 | LRU touched
------------------------------------------------------------------
  0    |   域3      | 正常运行   |  是   |  276500057
  1    |   域3      | 正常运行   |  是   |  276500245
  2    |   域0      | 正常运行   |  否   |  276500234
  3    |   域2      | 正常运行   |  否   |  276500243
==================================================================


**** Debug Statistics at 301000000 Cycles *****
Threads: 4		Fetch Width: 8
No of useful instructions fetched:	949905514 (39.45% proc util.)
No of total instructions fetched:	1172844768 (48.71% proc util.)
 includes 26200996 misfetch (2.2%), 196738258 (16.8%) wrong-path fetches
 and 0 flushed after failed lock(0.0%)
No of useful instructions issued/executed:	949905465 (39.45% proc util.)
No of total instructions issued/executed:	1032407732 (42.87% proc util.)
 includes 82502267 wrong-path (8.0%) insts and 0 flushed (0.0%)
	fp 60893, 0.01%
	synch 0, 0.00%
	integer 793241670, 76.83%
	load/store 239105169, 23.16%
Avg size of int IQ (before scheduling): 28.33
Avg size of fp IQ (before scheduling): 0.01
No of cycles taken:		301000000
Parallelism [ 0.954, 0.000, 1.029, 1.173,] = 3.156
 IQ conflicts: 891738 (0.30%), FQ conflicts: 0 (0.00%) 
 I reg conflicts: 128662532 (42.75%), FP reg conflicts: 0 (0.00%)
  Activelist confs: 879 (0.00%), ROB confs: 212636 (0.07%)
  Int unit conflicts: 468728886 (155.72%), FP unit conflicts: 12 (0.00%)
  Load/store unit conflicts: 25328512 (8.41%)
  MSHR conflicts: 50507884 (16.78%)
----------------------------------------
==== System-wide Cache Statistics ====
Stall for miss queue full 6682 cycles (0.00%)
----------------------------------------
==== Statistics for Master ID: 0 ====
Reads: 210163299   Writes: 37865083
ICACHE: size: 64 KB assoc: 2
ICACHE: hits:118485299 misses:1385106  Hit Ratio: 98.84%
DCACHE: size: 1*16 KB assoc: 1*4
DCACHE: hits:124840156 misses:3318440 writebacks:798930  Hit Ratio: 97.41%
SCACHE: size: 512 KB assoc: 2
SCACHE: hits:3807025 misses:895902  Hit Ratio: 80.95%
3CACHE: size: 4096 KB assoc: 2
3CACHE: hits:667424 misses:228478  Hit Ratio: 74.50%
3CACHE: dirty items replaced:29837
ITLB: size: 48, misses 82860, miss rate 0.07%
DTLB: size: 128, misses 183330, miss rate 0.14%
Avg mem delay: 2.680 cycles
----------------------------------------
==== Statistics for Master ID: 2 ====
Reads: 171661219   Writes: 26651776
ICACHE: size: 64 KB assoc: 2
ICACHE: hits:108665044 misses:15767  Hit Ratio: 99.99%
DCACHE: size: 1*16 KB assoc: 1*4
DCACHE: hits:85659532 misses:3980457 writebacks:1881448  Hit Ratio: 95.56%
SCACHE: size: 512 KB assoc: 2
SCACHE: hits:1676393 misses:2312026  Hit Ratio: 42.03%
3CACHE: size: 4096 KB assoc: 2
3CACHE: hits:153873 misses:2158153  Hit Ratio: 6.66%
3CACHE: dirty items replaced:105474
ITLB: size: 48, misses 575, miss rate 0.00%
DTLB: size: 128, misses 127174, miss rate 0.14%
Avg mem delay: 2.680 cycles
----------------------------------------
==== Statistics for Master ID: 3 ====
Reads: 130627075   Writes: 168
ICACHE: size: 64 KB assoc: 2
ICACHE: hits:109559045 misses:241  Hit Ratio: 100.00%
DCACHE: size: 2*16 KB assoc: 2*4
DCACHE: hits:19936524 misses:1131434 writebacks:96  Hit Ratio: 94.63%
SCACHE: size: 512 KB assoc: 2
SCACHE: hits:1020378 misses:111295  Hit Ratio: 90.17%
3CACHE: size: 4096 KB assoc: 2
3CACHE: hits:91964 misses:19331  Hit Ratio: 82.63%
3CACHE: dirty items replaced:3235
ITLB: size: 48, misses 4, miss rate 0.00%
DTLB: size: 128, misses 7849, miss rate 0.04%
Avg mem delay: 2.680 cycles
----------------------------------------
==== Global Resource Utilization ====
STASH: size: 65536 entries, full 1235316725, empty 27347046, misses 2438121, full rate 97.65
icache bank util. 0.226 0.187 0.126 0.084 0.101 0.154 0.099 0.159 
dcache bank util. 0.096 0.107 0.114 0.103 0.126 0.130 0.128 0.102 
L2 bank util. 0.028 0.029 0.028 0.029 0.027 0.027 0.030 0.036 
L1-L2 bus util. = 0.125, L3 util. = 0.080
----------------------------------------

======================== 切片硬件状态 ========================
切片号 | 所属安全域 | 当前状态    | 路扩展 | LRU touched
------------------------------------------------------------------
  0    |   域3      | 正常运行   |  是   |  300999997
  1    |   域3      | 正常运行   |  是   |  300999946
  2    |   域0      | 正常运行   |  否   |  300999996
  3    |   域2      | 正常运行   |  否   |  300999991
==================================================================

branch prediction, hits = 76475834, misses = 8237893, hit rate = 90.28%
return_stack prediction, hits = 5602346, misses = 6698, hit rate = 99.88%
jump prediction, hits = 89765334, misses = 6667192, hit rate = 93.09%
 caconv_ calrms_ chroma_
======================== 切片硬件状态 ========================
切片号 | 所属安全域 | 当前状态    | 路扩展 | LRU touched
------------------------------------------------------------------
  0    |   域3      | 正常运行   |  是   |  304999989
  1    |   域3      | 正常运行   |  是   |  304999873
  2    |   域0      | 正常运行   |  否   |  304999999
  3    |   域2      | 正常运行   |  否   |  304999997
==================================================================

[动态重分配] 周期305000000：预约迁移 冗余域3(0%) -> 切片0 -> 饥饿域0(6%)
[切片剥夺] 周期305000000：切片0（所属域3）进入待剥夺状态，禁止新替换
[切片剥夺] 周期305000000：切片0在途请求已清空，开始执行脏行写回
[切片剥夺] 周期305000000：切片0无脏行，直接完成剥夺
[切片管理] 周期305000001：原域3仅剩1个切片，关闭路扩展模式
[动态重分配] 周期305000001：切片0写回完成，自动绑定到域0
[切片管理] 成功绑定切片0 → 安全域0，触发【路扩展模式】

======================== 切片硬件状态 ========================
切片号 | 所属安全域 | 当前状态    | 路扩展 | LRU touched
------------------------------------------------------------------
  0    |   域0      | 正常运行   |  是   |  305000001
  1    |   域3      | 正常运行   |  否   |  304999873
  2    |   域0      | 正常运行   |  是   |  304999999
  3    |   域2      | 正常运行   |  否   |  304999997
==================================================================


======================== 切片硬件状态 ========================
切片号 | 所属安全域 | 当前状态    | 路扩展 | LRU touched
------------------------------------------------------------------
  0    |   域0      | 正常运行   |  是   |  306499987
  1    |   域3      | 正常运行   |  否   |  306500000
  2    |   域0      | 正常运行   |  是   |  306499987
  3    |   域2      | 正常运行   |  否   |  306499998
==================================================================

[动态重分配] 周期306500000：预约迁移 冗余域0(1%) -> 切片2 -> 饥饿域3(21%)
[切片剥夺] 周期306500000：切片2（所属域0）进入待剥夺状态，禁止新替换
[切片剥夺] 周期306500000：切片2在途请求已清空，开始执行脏行写回
[切片管理] 周期306500284：原域0仅剩1个切片，关闭路扩展模式
[动态重分配] 周期306500284：切片2写回完成，自动绑定到域3
[切片管理] 成功绑定切片2 → 安全域3，触发【路扩展模式】

======================== 切片硬件状态 ========================
切片号 | 所属安全域 | 当前状态    | 路扩展 | LRU touched
------------------------------------------------------------------
  0    |   域0      | 正常运行   |  否   |  306499987
  1    |   域3      | 正常运行   |  是   |  306500117
  2    |   域3      | 正常运行   |  是   |  306500284
  3    |   域2      | 正常运行   |  否   |  306500108
==================================================================


======================== 切片硬件状态 ========================
切片号 | 所属安全域 | 当前状态    | 路扩展 | LRU touched
------------------------------------------------------------------
  0    |   域0      | 正常运行   |  否   |  363999992
  1    |   域3      | 正常运行   |  是   |  363999992
  2    |   域3      | 正常运行   |  是   |  363999971
  3    |   域2      | 正常运行   |  否   |  364000000
==================================================================

[动态重分配] 周期364000000：预约迁移 冗余域3(0%) -> 切片1 -> 饥饿域0(10%)
[切片剥夺] 周期364000000：切片1（所属域3）进入待剥夺状态，禁止新替换
[切片剥夺] 周期364000000：切片1在途请求已清空，开始执行脏行写回
[切片剥夺] 周期364000000：切片1无脏行，直接完成剥夺
[切片管理] 周期364000001：原域3仅剩1个切� cinvar_ clor6_�，关闭路扩展模式
[动态重分配] 周期364000001：切片1写回完成，自动绑定到域0
[切片管理] 成功绑定切片1 → 安全域0，触发【路扩展模式】

======================== 切片硬件状态 ========================
切片号 | 所属安全域 | 当前状态    | 路扩展 | LRU touched
------------------------------------------------------------------
  0    |   域0      | 正常运行   |  是   |  363999992
  1    |   域0      | 正常运行   |  是   |  364000001
  2    |   域3      | 正常运行   |  否   |  363999971
  3    |   域2      | 正常运行   |  否   |  364000000
==================================================================


======================== 切片硬件状态 ========================
切片号 | 所属安全域 | 当前状态    | 路扩展 | LRU touched
------------------------------------------------------------------
  0    |   域0      | 正常运行   |  是   |  365499998
  1    |   域0      | 正常运行   |  是   |  365500000
  2    |   域3      | 正常运行   |  否   |  365499994
  3    |   域2      | 正常运行   |  否   |  365499879
==================================================================

[动态重分配] 周期365500000：预约迁移 冗余域0(3%) -> 切片0 -> 饥饿域3(21%)
[切片剥夺] 周期365500000：切片0（所属域0）进入待剥夺状态，禁止新替换
[切片剥夺] 周期365500000：切片0在途请求已清空，开始执行脏行写回
[切片管理] 周期365500044：原域0仅剩1个切片，关闭路扩展模式
[动态重分配] 周期365500044：切片0写回完成，自动绑定到域3
[切片管理] 成功绑定切片0 → 安全域3，触发【路扩展模式】

======================== 切片硬件状态 ========================
切片号 | 所属安全域 | 当前状态    | 路扩展 | LRU touched
------------------------------------------------------------------
  0    |   域3      | 正常运行   |  是   |  365500044
  1    |   域0      | 正常运行   |  否   |  365500044
  2    |   域3      | 正常运行   |  是   |  365500041
  3    |   域2      | 正常运行   |  否   |  365499879
==================================================================


======================== 切片硬件状态 ========================
切片号 | 所属安全域 | 当前状态    | 路扩展 | LRU touched
------------------------------------------------------------------
  0    |   域3      | 正常运行   |  是   |  389999766
  1    |   域0      | 正常运行   |  否   |  390000000
  2    |   域3      | 正常运行   |  是   |  389999988
  3    |   域2      | 正常运行   |  否   |  389999999
==================================================================

[动态重分配] 周期390000000：预约迁移 冗余域3(0%) -> 切片2 -> 饥饿域0(8%)
[切片剥夺] 周期390000000：切片2（所属域3）进入待剥夺状态，禁止新替换
[切片剥夺] 周期390000000：切片2在途请求已清空，开始执行脏行写回
[切片剥夺] 周期390000000：切片2无脏行，直接完成剥夺
[切片管理] 周期390000001：原域3仅剩1个切片，关闭路扩展模式
[动态重分配] 周期390000001：切片2写回完成，自动绑定到域0
[切片管理] 成功绑定切片2 → 安全域0，触发【路扩展模式】

======================== 切片硬件状态 ========================
切片号 | 所属安全域 | 当前状态    | 路扩展 | LRU touched
------------------------------------------------------------------
  0    |   域3      | 正常运行   |  否   |  390000001
  1    |   域0      | 正常运行   |  是   |  390000000
  2    |   域0      | 正常运行   |  是   |  390000001
  3    |   域2      | 正常运行   |  否   |  389999999
==================================================================


======================== 切片硬件状态 ========================
切片号 | 所属安全域 | 当前状态    | 路扩展 | LRU touched
------------------------------------------------------------------
  0    |   域3      | 正常运行   |  否   |  392499988
  1    |   域0      | 正常运行   |  是   |  392499995
  2    |   域0      | 正常运行   |  是   |  392499989
  3    |   域2      | 正常运行   |  否   |  392500000
==================================================================

[动态重分配] 周期392500000：预约迁移 冗余域0(1%) -> 切片1 -> 饥饿域3(22%)
[切片剥夺] 周期392500000：切片1（所属域0）进入待剥夺状态，禁止新替换
[切片剥夺] 周期392500000：切片1在途请求已清空，开始执行脏行写回
[切片管理] 周期392501928：原域0仅剩1个切片，关闭路扩展模式
[动态重分配] 周期392501928：切片1写回完成，自动绑定到域3
[切片管理] 成功绑定切片1 → 安全域3，触发【路扩展模式】

======================== 切片硬件状态 ========================
切片号 | 所属安全域 | 当前状态    | 路扩展 | LRU touched
------------------------------------------------------------------
  0    |   域3      | 正常运行   |  是   |  392501924
  1    |   域3      | 正常运行   |  是   |  392501928
  2    |   域0      | 正常运行   |  否   |  392501928
  3    |   域2      | 正常运行   |  否   |  392501928
==================================================================


**** Debug Statistics at 401000000 Cycles *****
Threads: 4		Fetch Width: 8
No of useful instructions fetched:	1378204810 (42.96% proc util.)
No of total instructions fetched:	1730067292 (53.93% proc util.)
 includes 38771762 misfetch (2.2%), 313090720 (18.1%) wrong-path fetches
 and 0 flushed after failed lock(0.0%)
No of useful instructions issued/executed:	1378204762 (42.96% proc util.)
No of total instructions issued/executed:	1510785477 (47.09% proc util.)
 includes 132580715 wrong-path (8.8%) insts and 0 flushed (0.0%)
	fp 70950, 0.00%
	synch 0, 0.00%
	integer 1160178986, 76.79%
	load/store 350535541, 23.20%
Avg size of int IQ (before scheduling): 29.80
Avg size of fp IQ (before scheduling): 0.01
No of cycles taken:		401000000
Parallelism [ 0.989, 0.000, 1.185, 1.263,] = 3.437
 IQ conflicts: 1403396 (0.35%), FQ conflicts: 0 (0.00%) 
 I reg conflicts: 145926660 (36.39%), FP reg conflicts: 0 (0.00%)
  Activelist confs: 1619 (0.00%), ROB confs: 307682 (0.08%)
  Int unit conflicts: 718741356 (179.24%), FP unit conflicts: 12 (0.00%)
  Load/store unit conflicts: 37515527 (9.36%)
  MSHR conflicts: 58545775 (14.60%)
----------------------------------------
==== System-wide Cache Statistics ====
Stall for miss queue full 6779 cycles (0.00%)
----------------------------------------
==== Statistics for Master ID: 0 ====
Reads: 300800697   Writes: 53111333
ICACHE: size: 64 KB assoc: 2
ICACHE: hits:170506565 misses:2154398  Hit Ratio: 98.75%
DCACHE: size: 1*16 KB assoc: 1*4
DCACHE: hits:176630839 misses:4621072 writebacks:1164727  Hit Ratio: 97.45%
SCACHE: size: 512 KB assoc: 2
SCACHE: hits:5506830 misses:1267796  Hit Ratio: 81.29%
3CACHE: size: 4096 KB assoc: 2
3CACHE: hits:966692 misses:301104  Hit Ratio: 76.25%
3CACHE: dirty items replaced:61932
ITLB: size: 48, misses 131542, miss rate 0.08%
DTLB: size: 128, misses 262187, miss rate 0.14%
Avg mem delay: 2.183 cycles
----------------------------------------
==== Statistics for Master ID: 2 ====
Reads: 265916107   Writes: 39773076
ICACHE: size: 64 KB assoc: 2
ICACHE: hits:166976414 misses:26297  Hit Ratio: 99.98%
DCACHE: size: 1*16 KB assoc: 1*4
DCACHE: hits:133394559 misses:5299718 writebacks:2430389  Hit Ratio: 96.18%
SCACHE: size: 512 KB assoc: 2
SCACHE: hits:2857367 misses:2460843  Hit Ratio: 53.73%
3CACHE: size: 4096 KB assoc: 2
3CACHE: hits:257977 misses:2202866  Hit Ratio: 10.48%
3CACHE: dirty items replaced:124270
ITLB: size: 48, misses 950, miss rate 0.00%
DTLB: size: 128, misses 143056, miss rate 0.10%
Avg mem delay: 2.183 cycles
----------------------------------------
==== Statistics for Master ID: 3 ====
Reads: 189958050   Writes: 185
ICACHE: size: 64 KB assoc: 2
ICACHE: hits:159752829 misses:436  Hit Ratio: 100.00%
DCACHE: size: 2*16 KB assoc: 2*4
DCACHE: hits:28906830 misses:1298141 writebacks:113  Hit Ratio: 95.70%
SCACHE: size: 512 KB assoc: 2
SCACHE: hits:1162218 misses:136357  Hit Ratio: 89.50%
3CACHE: size: 4096 KB assoc: 2
3CACHE: hits:107960 misses:28397  Hit Ratio: 79.17%
3CACHE: dirty items replaced:8038
ITLB: size: 48, misses 4, miss rate 0.00%
DTLB: size: 128, misses 10861, miss rate 0.04%
Avg mem delay: 2.183 cycles
----------------------------------------
==== Global Resource Utilization ====
STASH: size: 65536 entries, full 1827063167, empty 41295614, misses 3661200, full rate 97.60
icache bank util. 0.250 0.207 0.140 0.095 0.118 0.163 0.113 0.176 
dcache bank util. 0.102 0.114 0.125 0.113 0.144 0.137 0.142 0.108 
L2 bank util. 0.028 0.029 0.028 0.029 0.027 0.026 0.029 0.035 
L1-L2 bus util. = 0.127, L3 util. = 0.063
----------------------------------------

======================== 切片硬件状态 ========================
切片号 | 所属安全域 | 当前状态    | 路扩展 | LRU touched
------------------------------------------------------------------
  0    |   域3      | 正常运行   |  是   |  400999984
  1    |   域3      | 正常运行   |  是   |  400999997
  2    |   域0      | 正常运行   |  否   |  400999996
  3    |   域2      | 正常运行   |  否   |  400999996
==================================================================

branch prediction, hits = 106319608, misses = 12638937, hit rate = 89.38%
return_stack prediction, hits = 8222558, misses = 10335, hit rate = 99.87%
jump prediction, hits = 126889047, misses = 9870229, hit rate = 92.78%

======================== 切片硬件状态 ========================
切片号 | 所属安全域 | 当前状态    | 路扩展 | LRU touched
------------------------------------------------------------------
  0    |   域3      | 正常运行   |  是   |  409999998
  1    |   域3      | 正常运行   |  是   |  409999988
  2    |   域0      | 正常运行   |  否   |  410000000
  3    |   域2      | 正常运行   |  否   |  410000000
==================================================================

[动态重分配] 周期410000000：预约迁移 冗余域3(0%) -> 切片0 -> 饥饿域0(8%)
[切片剥夺] 周期410000000：切片0（所属域3）进入待剥夺状态，禁止新替换
[切片剥夺] 周期410000000：切片0在途请求已清空，开始执行脏行写回
[切片剥夺] 周期410000000：切片0无脏行，直接完成剥夺
[切片管理] 周期410000001：原域3仅剩1个切片，关闭路扩展模式
[动态重分配] 周期410000001：切片0写回完成，自动绑定到域0
[切片管理] 成功绑定切片0 → 安全域0，触发【路扩展模式】

======================== 切片硬件状态 ========================
切片号 | 所属安全域 | 当前状态    | 路扩展 | LRU touched
------------------------------------------------------------------
  0    |   域0      | 正常运行   |  是   |  410000001
  1    |   域3      | 正常运行   |  否   |  409999988
  2    |   域0      | 正常运行   |  是   |  410000000
  3    |   域2      | 正常运行   |  否   |  410000000
==================================================================


======================== 切片硬件状态 ========================
切片号 | 所属安全域 | 当前状态    | 路扩展 | LRU touched
------------------------------------------------------------------
  0    |   域0      | 正常运行   |  是   |  410499995
  1    |   域3      | 正常运行   |  否   |  410499998
  2    |   域0      | 正常运行   |  是   |  410499991
  3    |   域2      | 正常运行   |  否   |  410499996
==================================================================

[动态重分配] 周期410500000：预约迁移 冗余域0(3%) -> 切片2 -> 饥饿域3(22%)
[切片剥夺] 周期410500000：切片2（所属域0）进入待剥夺状态，禁止新替换
[切片剥夺] 周期410500000：切片2在途请求已清空，开始执行脏行写回
[切片管理] 周期410504409：原域0仅剩1个切片，关闭路扩展模式
[动态重分配] 周期410504409：切片2写回完成，自动绑定到域3
[切片管理] 成功绑定切片2 → 安全域3，触发【路扩展模式】

======================== 切片硬件状态 ========================
切片号 | 所属安全域 | 当前状态    | 路扩展 | LRU touched
------------------------------------------------------------------
  0    |   域0      | 正常运行   |  否   |  410504409
  1    |   域3      | 正常运行   |  是   |  410504407
  2    |   域3      | 正常运行   |  是   |  410504409
  3    |   域2      | 正常运行   |  否   |  410504409
==================================================================


======================== 切片硬件状态 ========================
切片号 | 所属安全域 | 当前状态    | 路扩展 | LRU touched
------------------------------------------------------------------
  0    |   域0      | 正常运行   |  否   |  425999998
  1    |   域3      | 正常运行   |  是   |  425999980
  2    |   域3      | 正常运行   |  是   |  425999996
  3    |   域2      | 正常运行   |  否   |  425999996
==================================================================

[动态重分配] 周期426000000：预约迁移 冗余域3(0%) -> 切片1 -> 饥饿域0(6%)
[切片剥夺] 周期426000000：切片1（所属域3）进入待剥夺状态，禁止新替换
[切片剥夺] 周期426000000：切片1在途请求已清空，开始执行脏行写回
[切片剥夺] 周期426000000：切片1无脏行，直接完成剥夺
[切片管理] 周期426000001：原域3仅剩1个切片，关闭路扩展模式
[动态重分配] 周期426000001：切片1写回完成，自动绑定到域0
[切片管理] 成功绑定切片1 → 安全域0，触发【路扩展模式】

======================== 切片硬件状态 ========================
切片号 | 所属安全域 | 当前状态    | 路扩展 | LRU touched
------------------------------------------------------------------
  0    |   域0      | 正常运行   |  是   |  425999998
  1    |   域0      | 正常运行   |  是   |  426000001
  2    |   域3      | 正常运行   |  否   |  426000001
  3    |   域2      | 正常运行   |  否   |  425999996
==================================================================


======================== 切片硬件状态 ========================
切片号 | 所属安全域 | 当前状态    | 路扩展 | LRU touched
------------------------------------------------------------------
  0    |   域0      | 正常运行   |  是   |  426499999
  1    |   域0      | 正常运行   |  是   |  426499978
  2    |   域3      | 正常运行   |  否   |  426500000
  3    |   域2      | 正常运行   |  否   |  426499997
==================================================================

[动态重分配] 周期426500000：预约迁移 冗余域0(6%) -> 切片0 -> 饥饿域3(22%)
[切片剥夺] 周期426500000：切片0（所属域0）进入待剥夺状态，禁止新替换
[切片剥夺] 周期426500000：切片0在途请求已清空，开始执行脏行写回
[切片管理] 周期426500056：原域0仅剩1个切片，关闭路扩展模式
[动态重分配] 周期426500056：切片0写回完成，自动绑定到域3
[切片管理] 成功绑定切片0 → 安全域3，触发【路扩展模式】

======================== 切片硬件状态 ========================
切片号 | 所属安全域 | 当前状态    | 路扩展 | LRU touched
------------------------------------------------------------------
  0    |   域3      | 正常运行   |  是   |  426500056
  1    |   域0      | 正常运行   |  否   |  426500050
  2    |   域3      | 正常运行   |  是   |  426500040
  3    |   域2      | 正常运行   |  否   |  426500056
==================================================================


======================== 切片硬件状态 ========================
切片号 | 所属安全域 | 当前状态    | 路扩展 | LRU touched
------------------------------------------------------------------
  0    |   域3      | 正常运行   |  是   |  461999978
  1    |   域0      | 正常运行   |  否   |  462000000
  2    |   域3      | 正常运行   |  是   |  461999986
  3    |   域2      | 正常运行   |  否   |  462000000
==================================================================

[动态重分配] 周期462000000：预约迁移 冗余域3(0%) -> 切片2 -> 饥饿域0(9%)
[切片剥夺] 周期462000000：切片2（所属域3）进入待剥夺状态，禁止新替换
[切片剥夺] 周期462000000：切片2在途请求已清空，开始执行脏行写回
[切片剥夺] 周期462000000：切片2无脏行，直接完成剥夺
[切片管理] 周期462000001：原域3仅剩1个切片，关闭路扩展模式
[动态重分配] 周期462000001：切片2写回完成，自动绑定到域0
[切片管理] 成功绑定切片2 → 安全域0，触发【路扩展模式】

======================== 切片硬件状态 ========================
切片号 | 所属安全域 | 当前状态    | 路扩展 | LRU touched
------------------------------------------------------------------
  0    |   域3      | 正常运行   |  否   |  462000001
  1    |   域0      | 正常运行   |  是   |  462000001
  2    |   域0      | 正常运行   |  是   |  462000001
  3    |   域2      | 正常运行   |  否   |  462000000
==================================================================


======================== 切片硬件状态 ========================
切片号 | 所属安全域 | 当前状态    | 路扩展 | LRU touched
------------------------------------------------------------------
  0    |   域3      | 正常运行   |  否   |  462499997
  1    |   域0      | 正常运行   |  是   |  462500000
  2    |   域0      | 正常运行   |  是   |  462499998
  3    |   域2      | 正常运行   |  否   |  462499997
==================================================================

[动态重分配] 周期462500000：预约迁移 冗余域0(6%) -> 切片1 -> 饥饿域3(22%)
[切片剥夺] 周期462500000：切片1（所属域0）进入待剥夺状态，禁止新替换
[切片剥夺] 周期462500000：切片1在途请求已清空，开始执行脏行写回
[切片管理] 周期462500098：原域0仅剩1个切片，关闭路扩展模式
[动态重分配] 周期462500098：切片1写回完成，自动绑定到域3
[切片管理] 成功绑定切片1 → 安全域3，触发【路扩展模式】

======================== 切片硬件状态 ========================
切片号 | 所属安全域 | 当前状态    | 路扩展 | LRU touched
------------------------------------------------------------------
  0    |   域3      | 正常运行   |  是   |  462500095
  1    |   域3      | 正常运行   |  是   |  462500098
  2    |   域0      | 正常运行   |  否   |  462500097
  3    |   域2      | 正常运行   |  否   |  462500098
==================================================================


======================== 切片硬件状态 ========================
切片号 | 所属安全域 | 当前状态    | 路扩展 | LRU touched
------------------------------------------------------------------
  0    |   域3      | 正常运行   |  是   |  463499997
  1    |   域3      | 正常运行   |  是   |  463499965
  2    |   域0      | 正常运行   |  否   |  463499998
  3    |   域2      | 正常运行   |  否   |  463499994
==================================================================

[动态重分配] 周期463500000：预约迁移 冗余域3(0%) -> 切片0 -> 饥饿域0(8%)
[切片剥夺] 周期463500000：切片0（所属域3）进入待剥夺状态，禁止新替换
[切片剥夺] 周期463500000：切片0在途请求已清空，开始执行脏行写回
[切片剥夺] 周期463500000：切片0无脏行，直接完成剥夺
[切片管理] 周期463500001：原域3仅剩1个切片，关闭路扩展模式
[动态重分配] 周期463500001：切片0写回完成，自动绑定到域0
[切片管理] 成功绑定切片0 → 安全域0，触发【路扩展模式】

======================== 切片硬件状态 ========================
切片号 | 所属安全域 | 当前状态    | 路扩展 | LRU touched
------------------------------------------------------------------
  0    |   域0      | 正常运行   |  是   |  463500001
  1    |   域3      | 正常运行   |  否   |  463499965
  2    |   域0      | 正常运行   |  是   |  463500001
  3    |   域2      | 正常运行   |  否   |  463499994
==================================================================


======================== 切片硬件状态 ========================
切片号 | 所属安全域 | 当前状态    | 路扩展 | LRU touched
------------------------------------------------------------------
  0    |   域0      | 正常运行   |  是   |  465999935
  1    |   域3      | 正常运行   |  否   |  466000000
  2    |   域0      | 正常运行   |  是   |  466000000
  3    |   域2      | 正常运行   |  否   |  466000000
==================================================================

[动态重分配] 周期466000000：预约迁移 冗余域0(1%) -> 切片2 -> 饥饿域3(22%)
[切片剥夺] 周期466000000：切片2（所属域0）进入待剥夺状态，禁止新替换
[切片剥夺] 周期466000084：切片2在途请求已清空，开始执行脏行写回
[切片管理] 周期466000269：原域0仅剩1个切片，关闭路扩展模式
[动态重分配] 周期466000269：切片2写回完成，自动绑定到域3
[切片管理] 成功绑定切片2 → 安全域3，触发【路扩展模式】

======================== 切片硬件状态 ========================
切片号 | 所属安全域 | 当前状 clorb_态    | 路扩展 | LRU touched
------------------------------------------------------------------
  0    |   域0      | 正常运行   |  否   |  466000264
  1    |   域3      | 正常运行   |  是   |  466000265
  2    |   域3      | 正常运行   |  是   |  466000269
  3    |   域2      | 正常运行   |  否   |  466000262
==================================================================


======================== 切片硬件状态 ========================
切片号 | 所属安全域 | 当前状态    | 路扩展 | LRU touched
------------------------------------------------------------------
  0    |   域0      | 正常运行   |  否   |  475999983
  1    |   域3      | 正常运行   |  是   |  475999998
  2    |   域3      | 正常运行   |  是   |  475999986
  3    |   域2      | 正常运行   |  否   |  475999998
==================================================================

[动态重分配] 周期476000000：预约迁移 冗余域3(0%) -> 切片1 -> 饥饿域2(6%)
[切片剥夺] 周期476000000：切片1（所属域3）进入待剥夺状态，禁止新替换
[切片剥夺] 周期476000000：切片1在途请求已清空，开始执行脏行写回
[切片剥夺] 周期476000000：切片1无脏行，直接完成剥夺
[切片管理] 周期476000001：原域3仅剩1个切片，关闭路扩展模式
[动态重分配] 周期476000001：切片1写回完成，自动绑定到域2
[切片管理] 成功绑定切片1 → 安全域2，触发【路扩展模式】

======================== 切片硬件状态 ========================
切片号 | 所属安全域 | 当前状态    | 路扩展 | LRU touched
------------------------------------------------------------------
  0    |   域0      | 正常运行   |  否   |  475999983
  1    |   域2      | 正常运行   |  是   |  476000001
  2    |   域3      | 正常运行   |  否   |  475999986
  3    |   域2      | 正常运行   |  是   |  475999998
==================================================================


======================== 切片硬件状态 ========================
切片号 | 所属安全域 | 当前状态    | 路扩展 | LRU touched
------------------------------------------------------------------
  0    |   域0      | 正常运行   |  否   |  476500000
  1    |   域2      | 正常运行   |  是   |  476500000
  2    |   域3      | 正常运行   |  否   |  476499996
  3    |   域2      | 正常运行   |  是   |  476499998
==================================================================

[动态重分配] 周期476500000：预约迁移 冗余域2(4%) -> 切片3 -> 饥饿域3(22%)
[切片剥夺] 周期476500000：切片3（所属域2）进入待剥夺状态，禁止新替换
[切片剥夺] 周期476500000：切片3在途请求已清空，开始执行脏行写回
[切片管理] 周期476500298：原域2仅剩1个切片，关闭路扩展模式
[动态重分配] 周期476500298：切片3写回完成，自动绑定到域3
[切片管理] 成功绑定切片3 → 安全域3，触发【路扩展模式】

======================== 切片硬件状态 ========================
切片号 | 所属安全域 | 当前状态    | 路扩展 | LRU touched
------------------------------------------------------------------
  0    |   域0      | 正常运行   |  否   |  476500298
  1    |   域2      | 正常运行   |  否   |  476500296
  2    |   域3      | 正常运行   |  是   |  476500298
  3    |   域3      | 正常运行   |  是   |  476500298
==================================================================


**** Debug Statistics at 501000000 Cycles *****
Threads: 4		Fetch Width: 8
No of useful instructions fetched:	1819334379 (45.39% proc util.)
No of total instructions fetched:	2300789341 (57.40% proc util.)
 includes 50368665 misfetch (2.2%), 431086297 (18.7%) wrong-path fetches
 and 0 flushed after failed lock(0.0%)
No of useful instructions issued/executed:	1819334342 (45.39% proc util.)
No of total instructions issued/executed:	2001825021 (49.95% proc util.)
 includes 182490679 wrong-path (9.1%) insts and 0 flushed (0.0%)
	fp 88100, 0.00%
	synch 0, 0.00%
	integer 1535600609, 76.71%
	load/store 466136312, 23.29%
Avg size of int IQ (before scheduling): 30.84
Avg size of fp IQ (before scheduling): 0.01
No of cycles taken:		501000000
Parallelism [ 1.043, 0.000, 1.276, 1.313,] = 3.631
 IQ conflicts: 1972325 (0.39%), FQ conflicts: 0 (0.00%) 
 I reg conflicts: 161393618 (32.21%), FP reg conflicts: 0 (0.00%)
  Activelist confs: 1690 (0.00%), ROB confs: 401579 (0.08%)
  Int unit conflicts: 1000100013 (199.62%), FP unit conflicts: 14 (0.00%)
  Load/store unit conflicts: 51149788 (10.21%)
  MSHR conflicts: 71648949 (14.30%)
----------------------------------------
==== System-wide Cache Statistics ====
Stall for miss queue full 7009 cycles (0.00%)
----------------------------------------
==== Statistics for Master ID: 0 ====
Reads: 400291498   Writes: 69938644
ICACHE: size: 64 KB assoc: 2
ICACHE: hits:227625943 misses:2678872  Hit Ratio: 98.84%
DCACHE: size: 1*16 KB assoc: 1*4
DCACHE: hits:233927967 misses:5998476 writebacks:1582928  Hit Ratio: 97.50%
SCACHE: size: 512 KB assoc: 2
SCACHE: hits:7074814 misses:1601418  Hit Ratio: 81.54%
3CACHE: size: 4096 KB assoc: 2
3CACHE: hits:1242261 misses:359157  Hit Ratio: 77.57%
3CACHE: dirty items replaced:86329
ITLB: size: 48, misses 151076, miss rate 0.07%
DTLB: size: 128, misses 345111, miss rate 0.14%
Avg mem delay: 1.921 cycles
----------------------------------------
==== Statistics for Master ID: 2 ====
Reads: 359688418   Writes: 52079444
ICACHE: size: 64 KB assoc: 2
ICACHE: hits:225321802 misses:34839  Hit Ratio: 99.98%
DCACHE: size: 1*16 KB assoc: 1*4
DCACHE: hits:179749268 misses:6669847 writebacks:2966338  Hit Ratio: 96.42%
SCACHE: size: 512 KB assoc: 2
SCACHE: hits:4097900 misses:2598892  Hit Ratio: 61.19%
3CACHE: size: 4096 KB assoc: 2
3CACHE: hits:360928 misses:2237964  Hit Ratio: 13.89%
3CACHE: dirty items replaced:140087
ITLB: size: 48, misses 1234, miss rate 0.00%
DTLB: size: 128, misses 159920, miss rate 0.09%
Avg mem delay: 1.921 cycles
----------------------------------------
==== Statistics for Master ID: 3 ====
Reads: 248592217   Writes: 193
ICACHE: size: 64 KB assoc: 2
ICACHE: hits:209335803 misses:482  Hit Ratio: 100.00%
DCACHE: size: 2*16 KB assoc: 2*4
DCACHE: hits:37811320 misses:1444806 writebacks:121  Hit Ratio: 96.32%
SCACHE: size: 512 KB assoc: 2
SCACHE: hits:1282050 misses:163236  Hit Ratio: 88.71%
3CACHE: size: 4096 KB assoc: 2
3CACHE: hits:128233 misses:35003  Hit Ratio: 78.56%
3CACHE: dirty items replaced:12647
ITLB: size: 48, misses 4, miss rate 0.00%
DTLB: size: 128, misses 13834, miss rate 0.04%
Avg mem delay: 1.921 cycles
----------------------------------------
==== Global Resource Utilization ====
STASH: size: 65536 entries, full 2436112752, empty 52172387, misses 4620618, full rate 97.72
icache bank util. 0.264 0.220 0.149 0.103 0.129 0.170 0.123 0.186 
dcache bank util. 0.109 0.121 0.132 0.119 0.152 0.142 0.152 0.115 
L2 bank util. 0.028 0.028 0.028 0.029 0.027 0.026 0.029 0.035 
L1-L2 bus util. = 0.128, L3 util. = 0.053
----------------------------------------

======================== 切片硬件状态 ========================
切片号 | 所属安全域 | 当前状态    | 路扩展 | LRU touched
------------------------------------------------------------------
  0    |   域0      | 正常运行   |  否   |  500999999
  1    |   域2      | 正常运行   |  否   |  500999998
  2    |   域3      | 正常运行   |  是   |  500999979
  3    |   域3      | 正常运行   |  是   |  500999986
==================================================================

branch prediction, hits = 138791483, misses = 17087922, hit rate = 89.04%
return_stack prediction, hits = 10905556, misses = 11665, hit rate = 99.89%
jump prediction, hits = 166499141, misses = 12837939, hit rate = 92.84%
 clorb2_ combel_
======================== 切片硬件状态 ========================
切片号 | 所属安全域 | 当前状态    | 路扩展 | LRU touched
------------------------------------------------------------------
  0    |   域0      | 正常运行   |  否   |  513999997
  1    |   域2      | 正常运行   |  否   |  514000000
  2    |   域3      | 正常运行   |  是   |  513999987
  3    |   域3      | 正常运行   |  是   |  513999951
==================================================================

[动态重分配] 周期514000000：预约迁移 冗余域3(0%) -> 切片2 -> 饥饿域0(6%)
[切片剥夺] 周期514000000：切片2（所属域3）进入待剥夺状态，禁止新替换
[切片剥夺] 周期514000000：切片2在途请求已清空，开始执行脏行写回
[切片剥夺] 周期514000000：切片2无脏行，直接完成剥夺
[切片管理] 周期514000001：原域3仅剩1个切片，关闭路扩展模式
[动态重分配] 周期514000001：切片2写回完成，自动绑定到域0
[切片管理] 成功绑定切片2 → 安全域0，触发【路扩展模式】

======================== 切片硬件状态 ========================
切片号 | 所属安全域 | 当前状态    | 路扩展 | LRU touched
------------------------------------------------------------------
  0    |   域0      | 正常运行   |  是   |  514000001
  1    |   域2      | 正常运行   |  否   |  514000000
  2    |   域0      | 正常运行   |  是   |  514000001
  3    |   域3      | 正常运行   |  否   |  513999951
==================================================================


======================== 切片硬件状态 ========================
切片号 | 所属安全域 | 当前状态    | 路扩展 | LRU touched
------------------------------------------------------------------
  0    |   域0      | 正常运行   |  是   |  514499990
  1    |   域2      | 正常运行   |  否   |  514499994
  2    |   域0      | 正常运行   |  是   |  514499995
  3    |   域3      | 正常运行   |  否   |  514499999
==================================================================

[动态重分配] 周期514500000：预约迁移 冗余域0(2%) -> 切片0 -> 饥饿域3(21%)
[切片剥夺] 周期514500000：切片0（所属域0）进入待剥夺状态，禁止新替换
[切片剥夺] 周期514500000：切片0在途请求已清空，开始执行脏行写回
[切片管理] 周期514500188：原域0仅剩1个切片，关闭路扩展模式
[动态重分配] 周期514500188：切片0写回完成，自动绑定到域3
[切片管理] 成功绑定切片0 → 安全域3，触发【路扩展模式】

======================== 切片硬件状态 ========================
切片号 | 所属安全域 | 当前状态    | 路扩展 | LRU touched
------------------------------------------------------------------
  0    |   域3      | 正常运行   |  是   |  514500188
  1    |   域2      | 正常运行   |  否   |  514500174
  2    |   域0      | 正常运行   |  否   |  514500111
  3    |   域3      | 正常运行   |  是   |  514500148
==================================================================


**** Early Exiting at 541653620 Cycles *****
========================================
 SMTSIM Global Statistics
========================================
Threads: 4		Fetch Width: 8
No of useful instructions fetched:	2000000053 (46.15% proc util.)
No of total instructions fetched:	2537270871 (58.55% proc util.)
 includes 55689424 misfetch (2.2%), 481581394 (19.0%) wrong-path fetches
 and 0 flushed after failed lock(0.0%)
No of useful instructions issued/executed:	2000000030 (46.15% proc util.)
No of total instructions issued/executed:	2203688145 (50.86% proc util.)
 includes 203688115 wrong-path (9.2%) insts and 0 flushed (0.0%)
	fp 92376, 0.00%
	synch 0, 0.00%
	integer 1689980040, 76.69%
	load/store 513615729, 23.31%
Avg size of int IQ (before scheduling): 31.13
Avg size of fp IQ (before scheduling): 0.01
No of cycles taken:		541653620
Parallelism [ 1.054, 0.000, 1.307, 1.331,] = 3.692
 IQ conflicts: 2125972 (0.39%), FQ conflicts: 0 (0.00%) 
 I reg conflicts: 166979950 (30.83%), FP reg conflicts: 0 (0.00%)
  Activelist confs: 1773 (0.00%), ROB confs: 439246 (0.08%)
  Int unit conflicts: 1111684798 (205.24%), FP unit conflicts: 14 (0.00%)
  Load/store unit conflicts: 56655405 (10.46%)
  MSHR conflicts: 74405234 (13.74%)
----------------------------------------
==== System-wide Cache Statistics ====
Stall for miss queue full 7009 cycles (0.00%)
----------------------------------------
==== Statistics for Master ID: 0 ====
Reads: 440310541   Writes: 76703327
ICACHE: size: 64 KB assoc: 2
ICACHE: hits:250608132 misses:2973823  Hit Ratio: 98.83%
DCACHE: size: 1*16 KB assoc: 1*4
DCACHE: hits:256904556 misses:6528530 writebacks:1722171  Hit Ratio: 97.52%
SCACHE: size: 512 KB assoc: 2
SCACHE: hits:7770486 misses:1730694  Hit Ratio: 81.78%
3CACHE: size: 4096 KB assoc: 2
3CACHE: hits:1351793 misses:378901  Hit Ratio: 78.11%
3CACHE: dirty items replaced:96435
ITLB: size: 48, misses 165680, miss rate 0.07%
DTLB: size: 128, misses 375490, miss rate 0.14%
Avg mem delay: 1.840 cycles
----------------------------------------
==== Statistics for Master ID: 2 ====
Reads: 399163725   Writes: 57297475
ICACHE: size: 64 KB assoc: 2
ICACHE: hits:249870495 misses:39352  Hit Ratio: 99.98%
DCACHE: size: 1*16 KB assoc: 1*4
DCACHE: hits:199377286 misses:7181961 writebacks:3171795  Hit Ratio: 96.52%
SCACHE: size: 512 KB assoc: 2
SCACHE: hits:4559057 misses:2654362  Hit Ratio: 63.20%
3CACHE: size: 4096 KB assoc: 2
3CACHE: hits:402671 misses:2251691  Hit Ratio: 15.17%
3CACHE: dirty items replaced:149361
ITLB: size: 48, misses 1372, miss rate 0.00%
DTLB: size: 128, misses 166923, miss rate 0.08%
Avg mem delay: 1.840 cycles
----------------------------------------
==== Statistics for Master ID: 3 ====
Reads: 273162213   Writes: 197
ICACHE: size: 64 KB assoc: 2
ICACHE: hits:230133322 misses:530  Hit Ratio: 100.00%
DCACHE: size: 2*16 KB assoc: 2*4
DCACHE: hits:41547610 misses:1480949 writebacks:125  Hit Ratio: 96.56%
SCACHE: size: 512 KB assoc: 2
SCACHE: hits:1309437 misses:172040  Hit Ratio: 88.39%
3CACHE: size: 4096 KB assoc: 2
3CACHE: hits:134966 misses:37074  Hit Ratio: 78.45%
3CACHE: dirty items replaced:13764
ITLB: size: 48, misses 4, miss rate 0.00%
DTLB: size: 128, misses 14796, miss rate 0.03%
Avg mem delay: 1.840 cycles
----------------------------------------
==== Global Resource Utilization ====
STASH: size: 65536 entries, full 2687920736, empty 57660417, misses 5101328, full rate 97.72
icache bank util. 0.269 0.224 0.152 0.105 0.132 0.172 0.126 0.190 
dcache bank util. 0.111 0.123 0.134 0.121 0.155 0.143 0.155 0.117 
L2 bank util. 0.028 0.028 0.028 0.029 0.027 0.026 0.029 0.034 
L1-L2 bus util. = 0.128, L3 util. = 0.049
----------------------------------------

======================== 切片硬件状态 ========================
切片号 | 所属安全域 | 当前状态    | 路扩展 | LRU touched
------------------------------------------------------------------
  0    |   域3      | 正常运行   |  是   |  541653507
  1    |   域2      | 正常运行   |  否   |  541653619
  2    |   域0      | 正常运行   |  否   |  541653615
  3    |   域3      | 正常运行   |  是   |  541653604
==================================================================

branch prediction, hits = 151783893, misses = 19017707, hit rate = 88.87%
return_stack prediction, hits = 12066592, misses = 12945, hit rate = 99.89%
jump prediction, hits = 182529060, misses = 14200340, hit rate = 92.78%
total IPC 3.692

=== Results saved to: ./results/gcc-200_2_gzip-program_1_randacc_1.txt ===
