测试组合（多线程优先）：mgrid.arg2 + gcc-166.arg + gzip-log.arg
执行命令：./smtsim mgrid.arg2 gcc-166.arg gzip-log.arg
==================================================

动态重分配参数：每10万周期检查，阈值10
Process 0, Thread 0: mgrid
Process 0, Thread 1: mgrid
Process 2, Thread 2: gcc-166
Process 3, Thread 3: gzip-log
[切片调度] 新安全域2无任何切片，尝试分配空闲切片
[切片管理] 成功绑定切片0 → 安全域2

======================== 切片硬件状态 ========================
切片号 | 所属安全域 | 当前状态    | 路扩展 | LRU touched
------------------------------------------------------------------
  0    |   域2      | 正常运行   |  否   |  0
  1    |   域-1     | 切片空闲   |  否   |  0
  2    |   域-1     | 切片空闲   |  否   |  0
  3    |   域-1     | 切片空闲   |  否   |  0
==================================================================

[切片管理] 成功绑定切片1 → 安全域2，触发【路扩展模式】

======================== 切片硬件状态 ========================
切片号 | 所属安全域 | 当前状态    | 路扩展 | LRU touched
------------------------------------------------------------------
  0    |   域2      | 正常运行   |  是   |  0
  1    |   域2      | 正常运行   |  是   |  0
  2    |   域-1     | 切片空闲   |  否   |  0
  3    |   域-1     | 切片空闲   |  否   |  0
==================================================================

[切片调度] 新安全域3无任何切片，尝试分配空闲切片
[切片管理] 成功绑定切片2 → 安全域3

======================== 切片硬件状态 ========================
切片号 | 所属安全域 | 当前状态    | 路扩展 | LRU touched
------------------------------------------------------------------
  0    |   域2      | 正常运行   |  是   |  435
  1    |   域2      | 正常运行   |  是   |  0
  2    |   域3      | 正常运行   |  否   |  0
  3    |   域-1     | 切片空闲   |  否   |  0
==================================================================

[切片管理] 成功绑定切片3 → 安全域3，触发【路扩展模式】

======================== 切片硬件状态 ========================
切片号 | 所属安全域 | 当前状态    | 路扩展 | LRU touched
------------------------------------------------------------------
  0    |   域2      | 正常运行   |  是   |  435
  1    |   域2      | 正常运行   |  是   |  0
  2    |   域3      | 正常运行   |  是   |  0
  3    |   域3      | 正常运行   |  是   |  0
==================================================================

[切片调度] 新安全域0无任何切片，尝试分配空闲切片
[切片调度] 新安全域0未找到空闲切片，尝试剥夺切片
[切片替换] 优先从【路扩展切片】中选择LRU替换目标...
[切片替换] 找到路扩展切片作为受害者：切片1（最后访问：0）
[切片调度] 安全域0触发切片剥夺：从域2剥夺切片1
[切片剥夺] 周期827：切片1（所属域2）进入待剥夺状态，禁止新替换
[切片剥夺] 周期827：切片1在途请求已清空，开始执行脏行写回
[切片剥夺] 周期827：切片1无脏行，直接完成剥夺
[切片管理] 周期827：原域2仅剩1个切片，关闭路扩展模式
[动态重分配] 周期827：切片1写回完成，自动绑定到域0
[切片管理] 成功绑定切片1 → 安全域0

======================== 切片硬件状态 ========================
切片号 | 所属安全域 | 当前状态    | 路扩展 | LRU touched
------------------------------------------------------------------
  0    |   域2      | 正常运行   |  否   |  435
  1    |   域0      | 正常运行   |  否   |  827
  2    |   域3      | 正常运行   |  是   |  827
  3    |   域3      | 正常运行   |  是   |  0
==================================================================

[切片唤醒] 周期827：域0切片就绪，唤醒等待指令

**** Debug Statistics at 1000000 Cycles *****
Threads: 4		Fetch Width: 8
No of useful instructions fetched:	846532 (10.58% proc util.)
No of total instructions fetched:	950962 (11.89% proc util.)
 includes 12865 misfetch (1.4%), 91565 (9.6%) wrong-path fetches
 and 0 flushed after failed lock(0.0%)
No of useful instructions issued/executed:	846492 (10.58% proc util.)
No of total instructions issued/executed:	891023 (11.14% proc util.)
 includes 44531 wrong-path (5.0%) insts and 0 flushed (0.0%)
	fp 191124, 21.45%
	synch 0, 0.00%
	integer 369499, 41.47%
	load/store 330400, 37.08%
Avg size of int IQ (before scheduling): 28.00
Avg size of fp IQ (before scheduling): 9.64
No of cycles taken:		1000000
Parallelism [ 0.452, 0.000, 0.273, 0.122,] = 0.847
 IQ conflicts: 47243 (4.72%), FQ conflicts: 0 (0.00%) 
 I reg conflicts: 215276 (21.53%), FP reg conflicts: 566573 (56.66%)
  Activelist confs: 0 (0.00%), ROB confs: 0 (0.00%)
  Int unit conflicts: 34699 (3.47%), FP unit conflicts: 719 (0.07%)
  Load/store unit conflicts: 124660 (12.47%)
  MSHR conflicts: 4294534 (429.45%)
----------------------------------------
==== System-wide Cache Statistics ====
Stall for miss queue full 0 cycles (0.00%)
----------------------------------------
==== Statistics for Master ID: 0 ====
Reads: 316924   Writes: 6159
ICACHE: size: 64 KB assoc: 2
ICACHE: hits:143866 misses:40  Hit Ratio: 99.97%
DCACHE: size: 1*16 KB assoc: 1*4
DCACHE: hits:174152 misses:5024 writebacks:885  Hit Ratio: 97.20%
SCACHE: size: 512 KB assoc: 2
SCACHE: hits:1021 misses:4043  Hit Ratio: 20.16%
3CACHE: size: 4096 KB assoc: 2
3CACHE: hits:5 misses:4038  Hit Ratio: 0.12%
3CACHE: dirty items replaced:0
ITLB: size: 48, misses 2, miss rate 0.00%
DTLB: size: 128, misses 99, miss rate 0.06%
Avg mem delay: 34.243 cycles
----------------------------------------
==== Statistics for Master ID: 2 ====
Reads: 168961   Writes: 35357
ICACHE: size: 64 KB assoc: 2
ICACHE: hits:110355 misses:1197  Hit Ratio: 98.93%
DCACHE: size: 1*16 KB assoc: 1*4
DCACHE: hits:90899 misses:1867 writebacks:1095  Hit Ratio: 97.99%
SCACHE: size: 512 KB assoc: 2
SCACHE: hits:440 misses:2624  Hit Ratio: 14.36%
3CACHE: size: 4096 KB assoc: 2
3CACHE: hits:45 misses:2579  Hit Ratio: 1.71%
3CACHE: dirty items replaced:0
ITLB: size: 48, misses 66, miss rate 0.06%
DTLB: size: 128, misses 296, miss rate 0.32%
Avg mem delay: 34.243 cycles
----------------------------------------
==== Statistics for Master ID: 3 ====
Reads: 105652   Writes: 19836
ICACHE: size: 64 KB assoc: 2
ICACHE: hits:66893 misses:209  Hit Ratio: 99.69%
DCACHE: size: 2*16 KB assoc: 2*4
DCACHE: hits:39309 misses:19077 writebacks:18911  Hit Ratio: 67.33%
SCACHE: size: 512 KB assoc: 2
SCACHE: hits:11 misses:19268  Hit Ratio: 0.06%
3CACHE: size: 4096 KB assoc: 2
3CACHE: hits:0 misses:19268  Hit Ratio: 0.00%
3CACHE: dirty items replaced:0
ITLB: size: 48, misses 18, miss rate 0.03%
DTLB: size: 128, misses 4751, miss rate 8.14%
Avg mem delay: 34.243 cycles
----------------------------------------
==== Global Resource Utilization ====
STASH: size: 65536 entries, full 101218598, empty 34287, misses 3413, full rate 99.96
icache bank util. 0.043 0.036 0.036 0.038 0.035 0.031 0.042 0.066 
dcache bank util. 0.042 0.044 0.052 0.034 0.034 0.033 0.190 0.042 
L2 bank util. 0.010 0.010 0.009 0.010 0.009 0.009 0.236 0.009 
L1-L2 bus util. = 0.145, L3 util. = 0.259
----------------------------------------

======================== 切片硬件状态 ========================
切片号 | 所属安全域 | 当前状态    | 路扩展 | LRU touched
------------------------------------------------------------------
  0    |   域2      | 正常运行   |  否   |  999910
  1    |   域0      | 正常运行   |  否   |  999997
  2    |   域3      | 正常运行   |  是   |  999997
  3    |   域3      | 正常运行   |  是   |  999996
==================================================================

branch prediction, hits = 41394, misses = 4312, hit rate = 90.57%
return_stack prediction, hits = 3535, misses = 13, hit rate = 99.63%
jump prediction, hits = 42084, misses = 3323, hit rate = 92.68%
 __sigismember __sigaddset __sigdelset
======================== 切片硬件状态 ========================
切片号 | 所属安全域 | 当前状态    | 路扩展 | LRU touched
------------------------------------------------------------------
  0    |   域2      | 正常运行   |  否   |  28199773
  1    |   域0      | 正常运行   |  否   |  28199915
  2    |   域3      | 正常运行   |  是   |  28199912
  3    |   域3      | 正常运行   |  是   |  28199894
==================================================================

[动态重分配] 周期28200000：预约迁移 冗余域3(12%) -> 切片2 -> 饥饿域2(23%)
[切片剥夺] 周期28200000：切片2（所属域3）进入待剥夺状态，禁止新替换
[切片剥夺] 周期28200104：切片2在途请求已清空，开始执行脏行写回
[切片管理] 周期28206407：原域3仅剩1个切片，关闭路扩展模式
[动态重分配] 周期28206407：切片2写回完成，自动绑定到域2
[切片管理] 成功绑定切片2 → 安全域2，触发【路扩展模式】

======================== 切片硬件状态 ========================
切片号 | 所属安全域 | 当前状态    | 路扩展 | LRU touched
------------------------------------------------------------------
  0    |   域2      | 正常运行   |  是   |  28206263
  1    |   域0      | 正常运行   |  否   |  28206395
  2    |   域2      | 正常运行   |  是   |  28206407
  3    |   域3      | 正常运行   |  否   |  28206395
==================================================================


======================== 切片硬件状态 ========================
切片号 | 所属安全域 | 当前状态    | 路扩展 | LRU touched
------------------------------------------------------------------
  0    |   域2      | 正常运行   |  是   |  28399997
  1    |   域0      | 正常运行   |  否   |  28399997
  2    |   域2      | 正常运行   |  是   |  28400000
  3    |   域3      | 正常运行   |  否   |  28400000
==================================================================

[动态重分配] 周期28400000：预约迁移 冗余域2(1%) -> 切片0 -> 饥饿域3(12%)
[切片剥夺] 周期28400000：切片0（所属域2）进入待剥夺状态，禁止新替换
[切片剥夺] 周期28400000：切片0在途请求已清空，开始执行脏行写回
[切片管理] 周期28400138：原域2仅剩1个切片，关闭路扩展模式
[动态重分配] 周期28400138：切片0写回完成，自动绑定到域3
[切片管理] 成功绑定切片0 → 安全域3，触发【路扩展模式】

======================== 切片硬件状态 ========================
切片号 | 所属安全域 | 当前状态    | 路扩展 | LRU touched
------------------------------------------------------------------
  0    |   域3      | 正常运行   |  是   |  28400138
  1    |   域0      | 正常运行   |  否   |  28400111
  2    |   域2      | 正常运行   |  否   |  28400136
  3    |   域3      | 正常运行   |  是   |  28400132
==================================================================


======================== 切片硬件状态 ========================
切片号 | 所属安全域 | 当前状态    | 路扩展 | LRU touched
------------------------------------------------------------------
  0    |   域3      | 正常运行   |  是   |  33093625
  1    |   域0      | 正常运行   |  否   |  33099942
  2    |   域2      | 正常运行   |  否   |  33099910
  3    |   域3      | 正常运行   |  是   |  33099946
==================================================================

[动态重分配] 周期33100000：预约迁移 冗余域3(12%) -> 切片0 -> 饥饿域2(45%)
[切片剥夺] 周期33100000：切片0（所属域3）进入待剥夺状态，禁止新替换
[切片剥夺] 周期33100000：切片0在途请求已清空，开始执行脏行写回
[切片管理] 周期33106688：原域3仅剩1个切片，关闭路扩展模式
[动态重分配] 周期33106688：切片0写回完成，自动绑定到域2
[切片管理] 成功绑定切片0 → 安全域2，触发【路扩展模式】

======================== 切片硬件状态 ========================
切片号 | 所属安全域 | 当前状态    | 路扩展 | LRU touched
------------------------------------------------------------------
  0    |   域2      | 正常运行   |  是   |  33106688
  1    |   域0      | 正常运行   |  否   |  33106671
  2    |   域2      | 正常运行   |  是   |  33106665
  3    |   域3      | 正常运行   |  否   |  33106676
==================================================================


======================== 切片硬件状态 ========================
切片号 | 所属安全域 | 当前状态    | 路扩展 | LRU touched
------------------------------------------------------------------
  0    |   域2      | 正常运行   |  是   |  33299948
  1    |   域0      | 正常运行   |  否   |  33299999
  2    |   域2      | 正常运行   |  是   |  33299946
  3    |   域3      | 正常运行   |  否   |  33299998
==================================================================

[动态重分配] 周期33300000：预约迁移 冗余域2(0%) -> 切片2 -> 饥饿域3(12%)
[切片剥夺] 周期33300000：切片2（所属域2）进入待剥夺状态，禁止新替换
[切片剥夺] 周期33300000：切片2在途请求已清空，开始执行脏行写回
[切片管理] 周期33300245：原域2仅剩1个切片，关闭路扩展模式
[动态重分配] 周期33300245：切片2写回完成，自动绑定到域3
[切片管理] 成功绑定切片2 → 安全域3，触发【路扩展模式】

======================== 切片硬件状态 ========================
切片号 | 所属安全域 | 当前状态    | 路扩展 | LRU touched
------------------------------------------------------------------
  0    |   域2      | 正常运行   |  否   |  33299948
  1    |   域0      | 正常运行   |  否   |  33299999
  2    |   域3      | 正常运行   |  是   |  33300245
  3    |   域3      | 正常运行   |  是   |  33299998
==================================================================


======================== 切片硬件状态 ========================
切片号 | 所属安全域 | 当前状态    | 路扩展 | LRU touched
------------------------------------------------------------------
  0    |   域2      | 正常运行   |  否   |  33899995
  1    |   域0      | 正常运行   |  否   |  33899989
  2    |   域3      | 正常运行   |  是   |  33900000
  3    |   域3      | 正常运行   |  是   |  33890683
==================================================================

[动态重分配] 周期33900000：预约迁移 冗余域3(12%) -> 切片2 -> 饥饿域2(33%)
[切片剥夺] 周期33900000：切片2（所属域3）进入待剥夺状态，禁止新替换
[切片剥夺] 周期33900244：切片2在途请求已清空，开始执行脏行写回
[切片管理] 周期33906370：原域3仅剩1个切片，关闭路扩展模式
[动态重分配] 周期33906370：切片2写回完成，自动绑定到域2
[切片管理] 成功绑定切片2 → 安全域2，触发【路扩展模式】

======================== 切片硬件状态 ========================
切片号 | 所属安全域 | 当前状态    | 路扩展 | LRU touched
------------------------------------------------------------------
  0    |   域2      | 正常运行   |  是   |  33906367
  1    |   域0      | 正常运行   |  否   |  33906370
  2    |   域2      | 正常运行   |  是   |  33906370
  3    |   域3      | 正常运行   |  否   |  33906368
==================================================================


======================== 切片硬件状态 ========================
切片号 | 所属安全域 | 当前状态    | 路扩展 | LRU touched
------------------------------------------------------------------
  0    |   域2      | 正常运行   |  是   |  34099975
  1    |   域0      | 正常运行   |  否   |  34099983
  2    |   域2      | 正常运行   |  是   |  34099991
  3    |   域3      | 正常运行   |  否   |  34099986
==================================================================

[动态重分配] 周期34100000：预约迁移 冗余域2(1%) -> 切片0 -> 饥饿域3(12%)
[切片剥夺] 周期34100000：切片0（所属域2）进入待剥夺状态，禁止新替换
[切片剥夺] 周期34100188：切片0在途请求已清空，开始执行脏行写回
[切片管理] 周期34100415：原域2仅剩1个切片，关闭路扩展模式
[动态重分配] 周期34100415：切片0写回完成，自动绑定到域3
[切片管理] 成功绑定切片0 → 安全域3，触发【路扩展模式】

======================== 切片硬件状态 ========================
切片号 | 所属安全域 | 当前状态    | 路扩展 | LRU touched
------------------------------------------------------------------
  0    |   域3      | 正常运行   |  是   |  34100415
  1    |   域0      | 正常运行   |  否   |  34100414
  2    |   域2      | 正常运行   |  否   |  34100415
  3    |   域3      | 正常运行   |  是   |  34100415
==================================================================


======================== 切片硬件状态 ========================
切片号 | 所属安全域 | 当前状态    | 路扩展 | LRU touched
------------------------------------------------------------------
  0    |   域3      | 正常运行   |  是   |  38385619
  1    |   域0      | 正常运行   |  否   |  38399989
  2    |   域2      | 正常运行   |  否   |  38399786
  3    |   域3      | 正常运行   |  是   |  38399989
==================================================================

[动态重分配] 周期38400000：预约迁移 冗余域3(12%) -> 切片0 -> 饥饿域2(26%)
[切片剥夺] 周期38400000：切片0（所属域3）进入待剥夺状态，禁止新替换
[切片剥夺] 周期38400000：切片0在途请求已清空，开始执行脏行写回
[切片管理] 周期38403922：原域3仅剩1个切片，关闭路扩展模式
[动态重分配] 周期38403922：切片0写回完成，自动绑定到域2
[切片管理] 成功绑定切片0 → 安全域2，触发【路扩展模式】

======================== 切片硬件状态 ========================
切片号 | 所属安全域 | 当前状态    | 路扩展 | LRU touched
------------------------------------------------------------------
  0    |   域2      | 正常运行   |  是   |  38403922
  1    |   域0      | 正常运行   |  否   |  38403907
  2    |   域2      | 正常运行   |  是   |  38403621
  3    |   域3      | 正常运行   |  否   |  38403910
==================================================================


======================== 切片硬件状态 ========================
切片号 | 所属安全域 | 当前状态    | 路扩展 | LRU touched
------------------------------------------------------------------
  0    |   域2      | 正常运行   |  是   |  38599914
  1    |   域0      | 正常运行   |  否   |  38599987
  2    |   域2      | 正常运行   |  是   |  38599839
  3    |   域3      | 正常运行   |  否   |  38599919
==================================================================

[动态重分配] 周期38600000：预约迁移 冗余域2(1%) -> 切片2 -> 饥饿域3(12%)
[切片剥夺] 周期38600000：切片2（所属域2）进入待剥夺状态，禁止新替换
[切片剥夺] 周期38600000：切片2在途请求已清空，开始执行脏行写回
[切片管理] 周期38600151：原域2仅剩1个切片，关闭路扩展模式
[动态重分配] 周期38600151：切片2写回完成，自动绑定到域3
[切片管理] 成功绑定切片2 → 安全域3，触发【路扩展模式】

======================== 切片硬件状态 ========================
切片号 | 所属安全域 | 当前状态    | 路扩展 | LRU touched
------------------------------------------------------------------
  0    |   域2      | 正常运行   |  否   |  38600151
  1    |   域0      | 正常运行   |  否   |  38600151
  2    |   域3      | 正常运行   |  是   |  38600151
  3    |   域3      | 正常运行   |  是   |  38600151
==================================================================


======================== 切片硬件状态 ========================
切片号 | 所属安全域 | 当前状态    | 路扩展 | LRU touched
------------------------------------------------------------------
  0    |   域2      | 正常运行   |  否   |  39199973
  1    |   域0      | 正常运行   |  否   |  39199977
  2    |   域3      | 正常运行   |  是   |  39199999
  3    |   域3      | 正常运行   |  是   |  39193847
==================================================================

[动态重分配] 周期39200000：预约迁移 冗余域3(12%) -> 切片2 -> 饥饿域2(27%)
[切片剥夺] 周期39200000：切片2（所属域3）进入待剥夺状态，禁止新替换
[切片剥夺] 周期39200292：切片2在途请求已清空，开始执行脏行写回
[切片管理] 周期39206458：原域3仅剩1个切片，关闭路扩展模式
[动态重分配] 周期39206458：切片2写回完成，自动绑定到域2
[切片管理] 成功绑定切片2 → 安全域2，触发【路扩展模式】

======================== 切片硬件状态 ========================
切片号 | 所属安全域 | 当前状态    | 路扩展 | LRU touched
------------------------------------------------------------------
  0    |   域2      | 正常运行   |  是   |  39206367
  1    |   域0      | 正常运行   |  否   |  39206453
  2    |   域2      | 正常运行   |  是   |  39206458
  3    |   域3      | 正常运行   |  否   |  39206455
==================================================================


======================== 切片硬件状态 ========================
切片号 | 所属安全域 | 当前状态    | 路扩展 | LRU touched
------------------------------------------------------------------
  0    |   域2      | 正常运行   |  是   |  40499986
  1    |   域0      | 正常运行   |  否   |  40500000
  2    |   域2      | 正常运行   |  是   |  40499991
  3    |   域3      | 正常运行   |  否   |  40499968
==================================================================

[动态重分配] 周期40500000：预约迁移 冗余域2(1%) -> 切片0 -> 饥饿域3(12%)
[切片剥夺] 周期40500000：切片0（所属域2）进入待剥夺状态，禁止新替换
[切片剥夺] 周期40500000：切片0在途请求已清空，开始执行脏行写回
[切片管理] 周期40500203：原域2仅剩1个切片，关闭路扩展模式
[动态重分配] 周期40500203：切片0写回完成，自动绑定到域3
[切片管理] 成功绑定切片0 → 安全域3，触发【路扩展模式】

======================== 切片硬件状态 ========================
切片号 | 所属安全域 | 当前状态    | 路扩展 | LRU touched
------------------------------------------------------------------
  0    |   域3      | 正常运行   |  是   |  40500203
  1    |   域0      | 正常运行   |  否   |  40500198
  2    |   域2      | 正常运行   |  否   |  40500201
  3    |   域3      | 正常运行   |  是   |  40500062
==================================================================


======================== 切片硬件状态 ========================
切片号 | 所属安全域 | 当前状态    | 路扩展 | LRU touched
------------------------------------------------------------------
  0    |   域3      | 正常运行   |  是   |  43094168
  1    |   域0      | 正常运行   |  否   |  43099999
  2    |   域2      | 正常运行   |  否   |  43099915
  3    |   域3      | 正常运行   |  是   |  43100000
==================================================================

[动态重分配] 周期43100000：预约迁移 冗余域3(12%) -> 切片0 -> 饥饿域2(40%)
[切片剥夺] 周期43100000：切片0（所属域3）进入待剥夺状态，禁止新替换
[切片剥夺] 周期43100000：切片0在途请求已清空，开始执行脏行写回
[切片管理] 周期43105660：原域3仅剩1个切片，关闭路扩展模式
[动态重分配] 周期43105660：切片0写回完成，自动绑定到域2
[切片管理] 成功绑定切片0 → 安全域2，触发【路扩展模式】

======================== 切片硬件状态 ========================
切片号 | 所属安全域 | 当前状态    | 路扩展 | LRU touched
------------------------------------------------------------------
  0    |   域2      | 正常运行   |  是   |  43105660
  1    |   域0      | 正常运行   |  否   |  43105637
  2    |   域2      | 正常运行   |  是   |  43105631
  3    |   域3      | 正常运行   |  否   |  43105648
==================================================================


======================== 切片硬件状态 ========================
切片号 | 所属安全域 | 当前状态    | 路扩展 | LRU touched
------------------------------------------------------------------
  0    |   域2      | 正常运行   |  是   |  43399926
  1    |   域0      | 正常运行   |  否   |  43399999
  2    |   域2      | 正常运行   |  是   |  43399928
  3    |   域3      | 正常运行   |  否   |  43399997
==================================================================

[动态重分配] 周期43400000：预约迁移 冗余域2(1%) -> 切片2 -> 饥饿域3(12%)
[切片剥夺] 周期43400000：切片2（所属域2）进入待剥夺状态，禁止新替换
[切片剥夺] 周期43400000：切片2在途请求已清空，开始执行脏行写回
[切片管理] 周期43400221：原域2仅剩1个切片，关闭路扩展模式
[动态重分配] 周期43400221：切片2写回完成，自动绑定到域3
[切片管理] 成功绑定切片2 → 安全域3，触发【路扩展模式】

======================== 切片硬件状态 ========================
切片号 | 所属安全域 | 当前状态    | 路扩展 | LRU touched
------------------------------------------------------------------
  0    |   域2      | 正常运行   |  否   |  43400219
  1    |   域0      | 正常运行   |  否   |  43400016
  2    |   域3      | 正常运行   |  是   |  43400221
  3    |   域3      | 正常运行   |  是   |  43400016
==================================================================


======================== 切片硬件状态 ========================
切片号 | 所属安全域 | 当前状态    | 路扩展 | LRU touched
------------------------------------------------------------------
  0    |   域2      | 正常运行   |  否   |  43799965
  1    |   域0      | 正常运行   |  否   |  43799964
  2    |   域3      | 正常运行   |  是   |  43799960
  3    |   域3      | 正常运行   |  是   |  43792585
==================================================================

[动态重分配] 周期43800000：预约迁移 冗余域3(12%) -> 切片3 -> 饥饿域2(37%)
[切片剥夺] 周期43800000：切片3（所属域3）进入待剥夺状态，禁止新替换
[切片剥夺] 周期43800000：切片3在途请求已清空，开始执行脏行写回
[切片管理] 周期43809541：原域3仅剩1个切片，关闭路扩展模式
[动态重分配] 周期43809541：切片3写回完成，自动绑定到域2
[切片管理] 成功绑定切片3 → 安全域2，触发【路扩展模式】

======================== 切片硬件状态 ========================
切片号 | 所属安全域 | 当前状态    | 路扩展 | LRU touched
------------------------------------------------------------------
  0    |   域2      | 正常运行   |  是   |  43809521
  1    |   域0      | 正常运行   |  否   |  43809541
  2    |   域3      | 正常运行   |  否   |  43809541
  3    |   域2      | 正常运行   |  是   |  43809541
==================================================================


======================== 切片硬件状态 ========================
切片号 | 所属安全域 | 当前状态    | 路扩展 | LRU touched
------------------------------------------------------------------
  0    |   域2      | 正常运行   |  是   |  43999680
  1    |   域0      | 正常运行   |  否   |  43999886
  2    |   域3      | 正常运行   |  否   |  43999905
  3    |   域2      | 正常运行   |  是   |  43999894
==================================================================

[动态重分配] 周期44000000：预约迁移 冗余域2(1%) -> 切片0 -> 饥饿域3(12%)
[切片剥夺] 周期44000000：切片0（所属域2）进入待剥夺状态，禁止新替换
[切片剥夺] 周期44000000：切片0在途请求已清空，开始执行脏行写回
[切片管理] 周期44000191：原域2仅剩1个切片，关闭路扩展模式
[动态重分配] 周期44000191：切片0写回完成，自动绑定到域3
[切片管理] 成功绑定切片0 → 安全域3，触发【路扩展模式】

======================== 切片硬件状态 ========================
切片号 | 所属安全域 | 当前状态    | 路扩展 | LRU touched
------------------------------------------------------------------
  0    |   域3      | 正常运行   |  是   |  44000191
  1    |   域0      | 正常运行   |  否   |  44000015
  2    |   域3      | 正常运行   |  是   |  44000191
  3    |   域2      | 正常运行   |  否   |  44000191
==================================================================


======================== 切片硬件状态 ========================
切片号 | 所属安全域 | 当前状态    | 路扩展 | LRU touched
------------------------------------------------------------------
  0    |   域3      | 正常运行   |  是   |  44899994
  1    |   域0      | 正常运行   |  否   |  44899989
  2    |   域3      | 正常运行   |  是   |  44881940
  3    |   域2      | 正常运行   |  否   |  44899887
==================================================================

[动态重分配] 周期44900000：预约迁移 冗余域3(12%) -> 切片0 -> 饥饿域2(23%)
[切片剥夺] 周期44900000：切片0（所属域3）进入待剥夺状态，禁止新替换
[切片剥夺] 周期44900252：切片0在途请求已清空，开始执行脏行写回
[切片管理] 周期44904968：原域3仅剩1个切片，关闭路扩展模式
[动态重分配] 周期44904968：切片0写回完成，自动绑定到域2
[切片管理] 成功绑定切片0 → 安全域2，触发【路扩展模式】

======================== 切片硬件状态 ========================
切片号 | 所属安全域 | 当前状态    | 路扩展 | LRU touched
------------------------------------------------------------------
  0    |   域2      | 正常运行   |  是   |  44904968
  1    |   域0      | 正常运行   |  否   |  44904952
  2    |   域3      | 正常运行   |  否   |  44904958
  3    |   域2      | 正常运行   |  是   |  44904834
==================================================================


======================== 切片硬件状态 ========================
切片号 | 所属安全域 | 当前状态    | 路扩展 | LRU touched
------------------------------------------------------------------
  0    |   域2      | 正常运行   |  是   |  45599873
  1    |   域0      | 正常运行   |  否   |  45599991
  2    |   域3      | 正常运行   |  否   |  45599956
  3    |   域2      | 正常运行   |  是   |  45599872
==================================================================

[动态重分配] 周期45600000：预约迁移 冗余域2(1%) -> 切片0 -> 饥饿域3(12%)
[切片剥夺] 周期45600000：切片0（所属域2）进入待剥夺状态，禁止新替换
[切片剥夺] 周期45600000：切片0在途请求已清空，开始执行脏行写回
[切片管理] 周期45600185：原域2仅剩1个切片，关闭路扩展模式
[动态重分配] 周期45600185：切片0写回完成，自动绑定到域3
[切片管理] 成功绑定切片0 → 安全域3，触发【路扩展模式】

======================== 切片硬件状态 ========================
切片号 | 所属安全域 | 当前状态    | 路扩展 | LRU touched
------------------------------------------------------------------
  0    |   域3      | 正常运行   |  是   |  45600185
  1    |   域0      | 正常运行   |  否   |  45599991
  2    |   域3      | 正常运行   |  是   |  45599956
  3    |   域2      | 正常运行   |  否   |  45599872
==================================================================


======================== 切片硬件状态 ========================
切片号 | 所属安全域 | 当前状态    | 路扩展 | LRU touched
------------------------------------------------------------------
  0    |   域3      | 正常运行   |  是   |  45690080
  1    |   域0      | 正常运行   |  否   |  45699968
  2    |   域3      | 正常运行   |  是   |  45699977
  3    |   域2      | 正常运行   |  否   |  45699931
==================================================================

[动态重分配] 周期45700000：预约迁移 冗余域3(12%) -> 切片2 -> 饥饿域2(31%)
[切片剥夺] 周期45700000：切片2（所属域3）进入待剥夺状态，禁止新替换
[切片剥夺] 周期45700224：切片2在途请求已清空，开始执行脏行写回
[切片管理] 周期45705197：原域3仅剩1个切片，关闭路扩展模式
[动态重分配] 周期45705197：切片2写回完成，自动绑定到域2
[切片管理] 成功绑定切片2 → 安全域2，触发【路扩展模式】

======================== 切片硬件状态 ========================
切片号 | 所属安全域 | 当前状态    | 路扩展 | LRU touched
------------------------------------------------------------------
  0    |   域3      | 正常运行   |  否   |  45705194
  1    |   域0      | 正常运行   |  否   |  45705197
  2    |   域2      | 正常运行   |  是   |  45705197
  3    |   域2      | 正常运行   |  是   |  45705195
==================================================================


======================== 切片硬件状态 ========================
切片号 | 所属安全域 | 当前状态    | 路扩展 | LRU touched
------------------------------------------------------------------
  0    |   域3      | 正常运行   |  否   |  46500000
  1    |   域0      | 正常运行   |  否   |  46499989
  2    |   域2      | 正常运行   |  是   |  46499999
  3    |   域2      | 正常运行   |  是   |  46499992
==================================================================

[动态重分配] 周期46500000：预约迁移 冗余域2(0%) -> 切片2 -> 饥饿域3(12%)
[切片剥夺] 周期46500000：切片2（所属域2）进入待剥夺状态，禁止新替换
[切片剥夺] 周期46500000：切片2在途请求已清空，开始执行脏行写回
[切片管理] 周期46500197：原域2仅剩1个切片，关闭路扩展模式
[动态重分配] 周期46500197：切片2写回完成，自动绑定到域3
[切片管理] 成功绑定切片2 → 安全域3，触发【路扩展模式】

======================== 切片硬件状态 ========================
切片号 | 所属安全域 | 当前状态    | 路扩展 | LRU touched
------------------------------------------------------------------
  0    |   域3      | 正常运行   |  是   |  46500000
  1    |   域0      | 正常运行   |  否   |  46500018
  2    |   域3      | 正常运行   |  是   |  46500197
  3    |   域2      | 正常运行   |  否   |  46500191
==================================================================


======================== 切片硬件状态 ========================
切片号 | 所属安全域 | 当前状态    | 路扩展 | LRU touched
------------------------------------------------------------------
  0    |   域3      | 正常运行   |  是   |  48896622
  1    |   域0      | 正常运行   |  否   |  48899970
  2    |   域3      | 正常运行   |  是   |  48899977
  3    |   域2      | 正常运行   |  否   |  48899796
==================================================================

[动态重分配] 周期48900000：预约迁移 冗余域3(12%) -> 切片0 -> 饥饿域2(41%)
[切片剥夺] 周期48900000：切片0（所属域3）进入待剥夺状态，禁止新替换
[切片剥夺] 周期48900000：切片0在途请求已清空，开始执行脏行写回
[切片管理] 周期48904897：原域3仅剩1个切片，关闭路扩展模式
[动态重分配] 周期48904897：切片0写回完成，自动绑定到域2
[切片管理] 成功绑定切片0 → 安全域2，触发【路扩展模式】

======================== 切片硬件状态 ========================
切片号 | 所属安全域 | 当前状态    | 路扩展 | LRU touched
------------------------------------------------------------------
  0    |   域2      | 正常运行   |  是   |  48904897
  1    |   域0      | 正常运行   |  否   |  48904883
  2    |   域3      | 正常运行   |  否   |  48904886
  3    |   域2      | 正常运行   |  是   |  48904875
==================================================================


======================== 切片硬件状态 ========================
切片号 | 所属安全域 | 当前状态    | 路扩展 | LRU touched
------------------------------------------------------------------
  0    |   域2      | 正常运行   |  是   |  49399992
  1    |   域0      | 正常运行   |  否   |  49399969
  2    |   域3      | 正常运行   |  否   |  49399990
  3    |   域2      | 正常运行   |  是   |  49399990
==================================================================

[动态重分配] 周期49400000：预约迁移 冗余域2(0%) -> 切片3 -> 饥饿域3(12%)
[切片剥夺] 周期49400000：切片3（所属域2）进入待剥夺状态，禁止新替换
[切片剥夺] 周期49400000：切片3在途请求已清空，开始执行脏行写回
[切片管理] 周期49400206：原域2仅剩1个切片，关闭路扩展模式
[动态重分配] 周期49400206：切片3写回完成，自动绑定到域3
[切片管理] 成功绑定切片3 → 安全域3，触发【路扩展模式】

======================== 切片硬件状态 ========================
切片号 | 所属安全域 | 当前状态    | 路扩展 | LRU touched
------------------------------------------------------------------
  0    |   域2      | 正常运行   |  否   |  49399992
  1    |   域0      | 正常运行   |  否   |  49399969
  2    |   域3      | 正常运行   |  是   |  49400088
  3    |   域3      | 正常运行   |  是   |  49400206
==================================================================


======================== 切片硬件状态 ========================
切片号 | 所属安全域 | 当前状态    | 路扩展 | LRU touched
------------------------------------------------------------------
  0    |   域2      | 正常运行   |  否   |  51199934
  1    |   域0      | 正常运行   |  否   |  51199842
  2    |   域3      | 正常运行   |  是   |  51186354
  3    |   域3      | 正常运行   |  是   |  51199842
==================================================================

[动态重分配] 周期51200000：预约迁移 冗余域3(12%) -> 切片2 -> 饥饿域2(42%)
[切片剥夺] 周期51200000：切片2（所属域3）进入待剥夺状态，禁止新替换
[切片剥夺] 周期51200000：切片2在途请求已清空，开始执行脏行写回
[切片管理] 周期51204584：原域3仅剩1个切片，关闭路扩展模式
[动态重分配] 周期51204584：切片2写回完成，自动绑定到域2
[切片管理] 成功绑定切片2 → 安全域2，触发【路扩展模式】

======================== 切片硬件状态 ========================
切片号 | 所属安全域 | 当前状态    | 路扩展 | LRU touched
------------------------------------------------------------------
  0    |   域2      | 正常运行   |  是   |  51204568
  1    |   域0      | 正常运行   |  否   |  51204581
  2    |   域2      | 正常运行   |  是   |  51204584
  3    |   域3      | 正常运行   |  否   |  51204581
==================================================================


======================== 切片硬件状态 ========================
切片号 | 所属安全域 | 当前状态    | 路扩展 | LRU touched
------------------------------------------------------------------
  0    |   域2      | 正常运行   |  是   |  51399817
  1    |   域0      | 正常运行   |  否   |  51399982
  2    |   域2      | 正常运行   |  是   |  51399977
  3    |   域3      | 正常运行   |  否   |  51399986
==================================================================

[动态重分配] 周期51400000：预约迁移 冗余域2(1%) -> 切片0 -> 饥饿域3(12%)
[切片剥夺] 周期51400000：切片0（所属域2）进入待剥夺状态，禁止新替换
[切片剥夺] 周期51400004：切片0在途请求已清空，开始执行脏行写回
[切片管理] 周期51400162：原域2仅剩1个切片，关闭路扩展模式
[动态重分配] 周期51400162：切片0写回完成，自动绑定到域3
[切片管理] 成功绑定切片0 → 安全域3，触发【路扩展模式】

======================== 切片硬件状态 ========================
切片号 | 所属安全域 | 当前状态    | 路扩展 | LRU touched
------------------------------------------------------------------
  0    |   域3      | 正常运行   |  是   |  51400162
  1    |   域0      | 正常运行   |  否   |  51399982
  2    |   域2      | 正常运行   |  否   |  51400009
  3    |   域3      | 正常运行   |  是   |  51399986
==================================================================


======================== 切片硬件状态 ========================
切片号 | 所属安全域 | 当前状态    | 路扩展 | LRU touched
------------------------------------------------------------------
  0    |   域3      | 正常运行   |  是   |  52899971
  1    |   域0      | 正常运行   |  否   |  52899970
  2    |   域2      | 正常运行   |  否   |  52899864
  3    |   域3      | 正常运行   |  是   |  52884675
==================================================================

[动态重分配] 周期52900000：预约迁移 冗余域3(12%) -> 切片0 -> 饥饿域2(44%)
[切片剥夺] 周期52900000：切片0（所属域3）进入待剥夺状态，禁止新替换
[切片剥夺] 周期52900148：切片0在途请求已清空，开始执行脏行写回
[切片管理] 周期52907202：原域3仅剩1个切片，关闭路扩展模式
[动态重分配] 周期52907202：切片0写回完成，自动绑定到域2
[切片管理] 成功绑定切片0 → 安全域2，触发【路扩展模式】

======================== 切片硬件状态 ========================
切片号 | 所属安全域 | 当前状态    | 路扩展 | LRU touched
------------------------------------------------------------------
  0    |   域2      | 正常运行   |  是   |  52907202
  1    |   域0      | 正常运行   |  否   |  52907190
  2    |   域2      | 正常运行   |  是   |  52907163
  3    |   域3      | 正常运行   |  否   |  52907191
==================================================================


======================== 切片硬件状态 ========================
切片号 | 所属安全域 | 当前状态    | 路扩展 | LRU touched
------------------------------------------------------------------
  0    |   域2      | 正常运行   |  是   |  53299962
  1    |   域0      | 正常运行   |  否   |  53299973
  2    |   域2      | 正常运行   |  是   |  53299852
  3    |   域3      | 正常运行   |  否   |  53299975
==================================================================

[动态重分配] 周期53300000：预约迁移 冗余域2(1%) -> 切片2 -> 饥饿域3(12%)
[切片剥夺] 周期53300000：切片2（所属域2）进入待剥夺状态，禁止新替换
[切片剥夺] 周期53300000：切片2在途请求已清空，开始执行脏行写回
[切片管理] 周期53300209：原域2仅剩1个切片，关闭路扩展模式
[动态重分配] 周期53300209：切片2写回完成，自动绑定到域3
[切片管理] 成功绑定切片2 → 安全域3，触发【路扩展模式】

======================== 切片硬件状态 ========================
切片号 | 所属安全域 | 当前状态    | 路扩展 | LRU touched
------------------------------------------------------------------
  0    |   域2      | 正常运行   |  否   |  53300209
  1    |   域0      | 正常运行   |  否   |  53300207
  2    |   域3      | 正常运行   |  是   |  53300209
  3    |   域3      | 正常运行   |  是   |  53300207
==================================================================


======================== 切片硬件状态 ========================
切片号 | 所属安全域 | 当前状态    | 路扩展 | LRU touched
------------------------------------------------------------------
  0    |   域2      | 正常运行   |  否   |  54599956
  1    |   域0      | 正常运行   |  否   |  54599954
  2    |   域3      | 正常运行   |  是   |  54580599
  3    |   域3      | 正常运行   |  是   |  54599948
==================================================================

[动态重分配] 周期54600000：预约迁移 冗余域3(12%) -> 切片2 -> 饥饿域2(37%)
[切片剥夺] 周期54600000：切片2（所属域3）进入待剥夺状态，禁止新替换
[切片剥夺] 周期54600000：切片2在途请求已清空，开始执行脏行写回
[切片管理] 周期54604888：原域3仅剩1个切片，关闭路扩展模式
[动态重分配] 周期54604888：切片2写回完成，自动绑定到域2
[切片管理] 成功绑定切片2 → 安全域2，触发【路扩展模式】

======================== 切片硬件状态 ========================
切片号 | 所属安全域 | 当前状态    | 路扩展 | LRU touched
------------------------------------------------------------------
  0    |   域2      | 正常运行   |  是   |  54604868
  1    |   域0      | 正常运行   |  否   |  54604870
  2    |   域2      | 正常运行   |  是   |  54604888
  3    |   域3      | 正常运行   |  否   |  54604879
==================================================================


======================== 切片硬件状态 ========================
切片号 | 所属安全域 | 当前状态    | 路扩展 | LRU touched
------------------------------------------------------------------
  0    |   域2      | 正常运行   |  是   |  54899920
  1    |   域0      | 正常运行   |  否   |  54899915
  2    |   域2      | 正常运行   |  是   |  54899918
  3    |   域3      | 正常运行   |  否   |  54899913
==================================================================

[动态重分配] 周期54900000：预约迁移 冗余域2(1%) -> 切片0 -> 饥饿域3(12%)
[切片剥夺] 周期54900000：切片0（所属域2）进入待剥夺状态，禁止新替换
[切片剥夺] 周期54900000：切片0在途请求已清空，开始执行脏行写回
[切片管理] 周期54900182：原域2仅剩1个切片，关闭路扩展模式
[动态重分配] 周期54900182：切片0写回完成，自动绑定到域3
[切片管理] 成功绑定切片0 → 安全域3，触发【路扩展模式】

======================== 切片硬件状态 ========================
切片号 | 所属安全域 | 当前状态    | 路扩展 | LRU touched
------------------------------------------------------------------
  0    |   域3      | 正常运行   |  是   |  54900182
  1    |   域0      | 正常运行   |  否   |  54900127
  2    |   域2      | 正常运行   |  否   |  54900128
  3    |   域3      | 正常运行   |  是   |  54900127
==================================================================


======================== 切片硬件状态 ========================
切片号 | 所属安全域 | 当前状态    | 路扩展 | LRU touched
------------------------------------------------------------------
  0    |   域3      | 正常运行   |  是   |  55100000
  1    |   域0      | 正常运行   |  否   |  55100000
  2    |   域2      | 正常运行   |  否   |  55099906
  3    |   域3      | 正常运行   |  是   |  55084520
==================================================================

[动态重分配] 周期55100000：预约迁移 冗余域3(12%) -> 切片3 -> 饥饿域2(35%)
[切片剥夺] 周期55100000：切片3（所属域3）进入待剥夺状态，禁止新替换
[切片剥夺] 周期55100000：切片3在途请求已清空，开始执行脏行写回
[切片管理] 周期55105116：原域3仅剩1个切片，关闭路扩展模式
[动态重分配] 周期55105116：切片3写回完成，自动绑定到域2
[切片管理] 成功绑定切片3 → 安全域2，触发【路扩展模式】

======================== 切片硬件状态 ========================
切片号 | 所属安全域 | 当前状态    | 路扩展 | LRU touched
------------------------------------------------------------------
  0    |   域3      | 正常运行   |  否   |  55105107
  1    |   域0      | 正常运行   |  否   |  55105106
  2    |   域2      | 正常运行   |  是   |  55105056
  3    |   域2      | 正常运行   |  是   |  55105116
==================================================================


======================== 切片硬件状态 ========================
切片号 | 所属安全域 | 当前状态    | 路扩展 | LRU touched
------------------------------------------------------------------
  0    |   域3      | 正常运行   |  否   |  56499971
  1    |   域0      | 正常运行   |  否   |  56499973
  2    |   域2      | 正常运行   |  是   |  56499968
  3    |   域2      | 正常运行   |  是   |  56499965
==================================================================

[动态重分配] 周期56500000：预约迁移 冗余域2(1%) -> 切片2 -> 饥饿域3(12%)
[切片剥夺] 周期56500000：切片2（所属域2）进入待剥夺状态，禁止新替换
[切片剥夺] 周期56500000：切片2在途请求已清空，开始执行脏行写回
[切片管理] 周期56500206：原域2仅剩1个切片，关闭路扩展模式
[动态重分配] 周期56500206：切片2写回完成，自动绑定到域3
[切片管理] 成功绑定切片2 → 安全域3，触发【路扩展模式】

======================== 切片硬件状态 ========================
切片号 | 所属安全域 | 当前状态    | 路扩展 | LRU touched
------------------------------------------------------------------
  0    |   域3      | 正常运行   |  是   |  56500206
  1    |   域0      | 正常运行   |  否   |  56500206
  2    |   域3      | 正常运行   |  是   |  56500206
  3    |   域2      | 正常运行   |  否   |  56500206
==================================================================


======================== 切片硬件状态 ========================
切片号 | 所属安全域 | 当前状态    | 路扩展 | LRU touched
------------------------------------------------------------------
  0    |   域3      | 正常运行   |  是   |  57081415
  1    |   域0      | 正常运行   |  否   |  57099973
  2    |   域3      | 正常运行   |  是   |  57099970
  3    |   域2      | 正常运行   |  否   |  57099997
==================================================================

[动态重分配] 周期57100000：预约迁移 冗余域3(12%) -> 切片0 -> 饥饿域2(47%)
[切片剥夺] 周期57100000：切片0（所属域3）进入待剥夺状态，禁止新替换
[切片剥夺] 周期57100000：切片0在途请求已清空，开始执行脏行写回
[切片管理] 周期57106645：原域3仅剩1个切片，关闭路扩展模式
[动态重分配] 周期57106645：切片0写回完成，自动绑定到域2
[切片管理] 成功绑定切片0 → 安全域2，触发【路扩展模式】

======================== 切片硬件状态 ========================
切片号 | 所属安全域 | 当前状态    | 路扩展 | LRU touched
------------------------------------------------------------------
  0    |   域2      | 正常运行   |  是   |  57106645
  1    |   域0      | 正常运行   |  否   |  57106627
  2    |   域3      | 正常运行   |  否   |  57106636
  3    |   域2      | 正常运行   |  是   |  57106628
==================================================================


======================== 切片硬件状态 ========================
切片号 | 所属安全域 | 当前状态    | 路扩展 | LRU touched
------------------------------------------------------------------
  0    |   域2      | 正常运行   |  是   |  57399974
  1    |   域0      | 正常运行   |  否   |  57399985
  2    |   域3      | 正常运行   |  否   |  57399985
  3    |   域2      | 正常运行   |  是   |  57399979
==================================================================

[动态重分配] 周期57400000：预约迁移 冗余域2(1%) -> 切片3 -> 饥饿域3(12%)
[切片剥夺] 周期57400000：切片3（所属域2）进入待剥夺状态，禁止新替换
[切片剥夺] 周期57400000：切片3在途请求已清空，开始执行脏行写回
[切片管理] 周期57400179：原域2仅剩1个切片，关闭路扩展模式
[动态重分配] 周期57400179：切片3写回完成，自动绑定到域3
[切片管理] 成功绑定切片3 → 安全域3，触发【路扩展模式】

======================== 切片硬件状态 ========================
切片号 | 所属安全域 | 当前状态    | 路扩展 | LRU touched
------------------------------------------------------------------
  0    |   域2      | 正常运行   |  否   |  57400113
  1    |   域0      | 正常运行   |  否   |  57400082
  2    |   域3      | 正常运行   |  是   |  57400088
  3    |   域3      | 正常运行   |  是   |  57400179
==================================================================


======================== 切片硬件状态 ========================
切片号 | 所属安全域 | 当前状态    | 路扩展 | LRU touched
------------------------------------------------------------------
  0    |   域2      | 正常运行   |  否   |  58099888
  1    |   域0      | 正常运行   |  否   |  58099995
  2    |   域3      | 正常运行   |  是   |  58099995
  3    |   域3      | 正常运行   |  是   |  58078986
==================================================================

[动态重分配] 周期58100000：预约迁移 冗余域3(12%) -> 切片2 -> 饥饿域2(47%)
[切片剥夺] 周期58100000：切片2（所属域3）进入待剥夺状态，禁止新替换
[切片剥夺] 周期58100200：切片2在途请求已清空，开始执行脏行写回
[切片管理] 周期58106321：原域3仅剩1个切片，关闭路扩展模式
[动态重分配] 周期58106321：切片2写回完成，自动绑定到域2
[切片管理] 成功绑定切片2 → 安全域2，触发【路扩展模式】

======================== 切片硬件状态 ========================
切片号 | 所属安全域 | 当前状态    | 路扩展 | LRU touched
------------------------------------------------------------------
  0    |   域2      | 正常运行   |  是   |  58106301
  1    |   域0      | 正常运行   |  否   |  58106305
  2    |   域2      | 正常运行   |  是   |  58106321
  3    |   域3      | 正常运行   |  否   |  58106312
==================================================================


======================== 切片硬件状态 ========================
切片号 | 所属安全域 | 当前状态    | 路扩展 | LRU touched
------------------------------------------------------------------
  0    |   域2      | 正常运行   |  是   |  58399999
  1    |   域0      | 正常运行   |  否   |  58399983
  2    |   域2      | 正常运行   |  是   |  58399999
  3    |   域3      | 正常运行   |  否   |  58399980
==================================================================

[动态重分配] 周期58400000：预约迁移 冗余域2(1%) -> 切片0 -> 饥饿域3(12%)
[切片剥夺] 周期58400000：切片0（所属域2）进入待剥夺状态，禁止新替换
[切片剥夺] 周期58400000：切片0在途请求已清空，开始执行脏行写回
[切片管理] 周期58400188：原域2仅剩1个切片，关闭路扩展模式
[动态重分配] 周期58400188：切片0写回完成，自动绑定到域3
[切片管理] 成功绑定切片0 → 安全域3，触发【路扩展模式】

======================== 切片硬件状态 ========================
切片号 | 所属安全域 | 当前状态    | 路扩展 | LRU touched
------------------------------------------------------------------
  0    |   域3      | 正常运行   |  是   |  58400188
  1    |   域0      | 正常运行   |  否   |  58400184
  2    |   域2      | 正常运行   |  否   |  58399999
  3    |   域3      | 正常运行   |  是   |  58400188
==================================================================


======================== 切片硬件状态 ========================
切片号 | 所属安全域 | 当前状态    | 路扩展 | LRU touched
------------------------------------------------------------------
  0    |   域3      | 正常运行   |  是   |  59486982
  1    |   域0      | 正常运行   |  否   |  59499993
  2    |   域2      | 正常运行   |  否   |  59499932
  3    |   域3      | 正常运行   |  是   |  59499998
==================================================================

[动态重分配] 周期59500000：预约迁移 冗余域3(12%) -> 切片0 -> 饥饿域2(45%)
[切片剥夺] 周期59500000：切片0（所属域3）进入待剥夺状态，禁止新替换
[切片剥夺] 周期59500000：切片0在途请求已清空，开始执行脏行写回
[切片管理] 周期59505039：原域3仅剩1个切片，关闭路扩展模式
[动态重分配] 周期59505039：切片0写回完成，自动绑定到域2
[切片管理] 成功绑定切片0 → 安全域2，触发【路扩展模式】

======================== 切片硬件状态 ========================
切片号 | 所属安全域 | 当前状态    | 路扩展 | LRU touched
------------------------------------------------------------------
  0    |   域2      | 正常运行   |  是   |  59505039
  1    |   域0      | 正常运行   |  否   |  59505035
  2    |   域2      | 正常运行   |  是   |  59505027
  3    |   域3      | 正常运行   |  否   |  59505036
==================================================================


======================== 切片硬件状态 ========================
切片号 | 所属安全域 | 当前状态    | 路扩展 | LRU touched
------------------------------------------------------------------
  0    |   域2      | 正常运行   |  是   |  59699984
  1    |   域0      | 正常运行   |  否   |  59699983
  2    |   域2      | 正常运行   |  是   |  59699984
  3    |   域3      | 正常运行   |  否   |  59699985
==================================================================

[动态重分配] 周期59700000：预约迁移 冗余域2(1%) -> 切片2 -> 饥饿域3(12%)
[切片剥夺] 周期59700000：切片2（所属域2）进入待剥夺状态，禁止新替换
[切片剥夺] 周期59700000：切片2在途请求已清空，开始执行脏行写回
[切片管理] 周期59700194：原域2仅剩1个切片，关闭路扩展模式
[动态重分配] 周期59700194：切片2写回完成，自动绑定到域3
[切片管理] 成功绑定切片2 → 安全域3，触发【路扩展模式】

======================== 切片硬件状态 ========================
切片号 | 所属安全域 | 当前状态    | 路扩展 | LRU touched
------------------------------------------------------------------
  0    |   域2      | 正常运行   |  否   |  59700165
  1    |   域0      | 正常运行   |  否   |  59700164
  2    |   域3      | 正常运行   |  是   |  59700194
  3    |   域3      | 正常运行   |  是   |  59700172
==================================================================


======================== 切片硬件状态 ========================
切片号 | 所属安全域 | 当前状态    | 路扩展 | LRU touched
------------------------------------------------------------------
  0    |   域2      | 正常运行   |  否   |  60499982
  1    |   域0      | 正常运行   |  否   |  60499999
  2    |   域3      | 正常运行   |  是   |  60499993
  3    |   域3      | 正常运行   |  是   |  60484415
==================================================================

[动态重分配] 周期60500000：预约迁移 冗余域3(12%) -> 切片2 -> 饥饿域2(46%)
[切片剥夺] 周期60500000：切片2（所属域3）进入待剥夺状态，禁止新替换
[切片剥夺] 周期60500260：切片2在途请求已清空，开始执行脏行写回
[切片管理] 周期60504946：原域3仅剩1个切片，关闭路扩展模式
[动态重分配] 周期60504946： mem_access_latency dl1_access_fn dl2_access_fn il1_access_fn il2_access_fn itlb_access_fn dtlb_access_fn sim_reg_options切片2写回完成，自动绑定到域2
[切片管理] 成功绑定切片2 → 安全域2，触发【路扩展模式】

======================== 切片硬件状态 ========================
切片号 | 所属安全域 | 当前状态    | 路扩展 | LRU touched
------------------------------------------------------------------
  0    |   域2      | 正常运行   |  是   |  60504844
  1    |   域0      | 正常运行   |  否   |  60504939
  2    |   域2      | 正常运行   |  是   |  60504946
  3    |   域3      | 正常运行   |  否   |  60504946
==================================================================


======================== 切片硬件状态 ========================
切片号 | 所属安全域 | 当前状态    | 路扩展 | LRU touched
------------------------------------------------------------------
  0    |   域2      | 正常运行   |  是   |  60699986
  1    |   域0      | 正常运行   |  否   |  60700000
  2    |   域2      | 正常运行   |  是   |  60699993
  3    |   域3      | 正常运行   |  否   |  60699989
==================================================================

[动态重分配] 周期60700000：预约迁移 冗余域2(1%) -> 切片0 -> 饥饿域3(12%)
[切片剥夺] 周期60700000：切片0（所属域2）进入待剥夺状态，禁止新替换
[切片剥夺] 周期60700000：切片0在途请求已清空，开始执行脏行写回
[切片管理] 周期60700227：原域2仅剩1个切片，关闭路扩展模式
[动态重分配] 周期60700227：切片0写回完成，自动绑定到域3
[切片管理] 成功绑定切片0 → 安全域3，触发【路扩展模式】

======================== 切片硬件状态 ========================
切片号 | 所属安全域 | 当前状态    | 路扩展 | LRU touched
------------------------------------------------------------------
  0    |   域3      | 正常运行   |  是   |  60700227
  1    |   域0      | 正常运行   |  否   |  60700000
  2    |   域2      | 正常运行   |  否   |  60700036
  3    |   域3      | 正常运行   |  是   |  60699989
==================================================================


======================== 切片硬件状态 ========================
切片号 | 所属安全域 | 当前状态    | 路扩展 | LRU touched
------------------------------------------------------------------
  0    |   域3      | 正常运行   |  是   |  90598826
  1    |   域0      | 正常运行   |  否   |  90600000
  2    |   域2      | 正常运行   |  否   |  90599925
  3    |   域3      | 正常运行   |  是   |  90600000
==================================================================

[动态重分配] 周期90600000：预约迁移 冗余域3(12%) -> 切片0 -> 饥饿域2(24%)
[切片剥夺] 周期90600000：切片0（所属域3）进入待剥夺状态，禁止新替换
[切片剥夺] 周期90600000：切片0在途请求已清空，开始执行脏行写回
[切片管理] 周期90603419：原域3仅剩1个切片，关闭路扩展模式
[动态重分配] 周期90603419：切片0写回完成，自动绑定到域2
[切片管理] 成功绑定切片0 → 安全域2，触发【路扩展模式】

======================== 切片硬件状态 ========================
切片号 | 所属安全域 | 当前状态    | 路扩展 | LRU touched
------------------------------------------------------------------
  0    |   域2      | 正常运行   |  是   |  90603419
  1    |   域0      | 正常运行   |  否   |  90603419
  2    |   域2      | 正常运行   |  是   |  90603418
  3    |   域3      | 正常运行   |  否   |  90603411
==================================================================


======================== 切片硬件状态 ========================
切片号 | 所属安全域 | 当前状态    | 路扩展 | LRU touched
------------------------------------------------------------------
  0    |   域2      | 正常运行   |  是   |  97899996
  1    |   域0      | 正常运行   |  否   |  97900000
  2    |   域2      | 正常运行   |  是   |  97899994
  3    |   域3      | 正常运行   |  否   |  97899988
==================================================================

[动态重分配] 周期97900000：预约迁移 冗余域2(1%) -> 切片0 -> 饥饿域3(12%)
[切片剥夺] 周期97900000：切片0（所属域2）进入待剥夺状态，禁止新替换
[切片剥夺] 周期97900192：切片0在途请求已清空，开始执行脏行写回
[切片管理] 周期97900238：原域2仅剩1个切片，关闭路扩展模式
[动态重分配] 周期97900238：切片0写回完成，自动绑定到域3
[切片管理] 成功绑定切片0 → 安全域3，触发【路扩展模式】

======================== 切片硬件状态 ========================
切片号 | 所属安全域 | 当前状态    | 路扩展 | LRU touched
------------------------------------------------------------------
  0    |   域3      | 正常运行   |  是   |  97900238
  1    |   域0      | 正常运行   |  否   |  97900078
  2    |   域2      | 正常运行   |  否   |  97900232
  3    |   域3      | 正常运行   |  是   |  97900067
==================================================================


**** Debug Statistics at 101000000 Cycles *****
Threads: 4		Fetch Width: 8
No of useful instructions fetched:	130162971 (16.11% proc util.)
No of total instructions fetched:	149084651 (18.45% proc util.)
 includes 4772430 misfetch (3.2%), 14149250 (9.5%) wrong-path fetches
 and 0 flushed after failed lock(0.0%)
No of useful instructions issued/executed:	130162899 (16.11% proc util.)
No of total instructions issued/executed:	137432188 (17.01% proc util.)
 includes 7269289 wrong-path (5.3%) insts and 0 flushed (0.0%)
	fp 25385323, 18.47%
	synch 0, 0.00%
	integer 61448545, 44.71%
	load/store 50598320, 36.82%
Avg size of int IQ (before scheduling): 19.87
Avg size of fp IQ (before scheduling): 5.68
No of cycles taken:		101000000
Parallelism [ 0.594, 0.000, 0.380, 0.315,] = 1.289
 IQ conflicts: 719018 (0.71%), FQ conflicts: 0 (0.00%) 
 I reg conflicts: 53660759 (53.13%), FP reg conflicts: 21621336 (21.41%)
  Activelist confs: 0 (0.00%), ROB confs: 0 (0.00%)
  Int unit conflicts: 5147917 (5.10%), FP unit conflicts: 87769 (0.09%)
  Load/store unit conflicts: 15028594 (14.88%)
  MSHR conflicts: 257567619 (255.02%)
----------------------------------------
==== System-wide Cache Statistics ====
Stall for miss queue full 2096 cycles (0.00%)
----------------------------------------
==== Statistics for Master ID: 0 ====
Reads: 43003326   Writes: 818273
ICACHE: size: 64 KB assoc: 2
ICACHE: hits:20023860 misses:5831  Hit Ratio: 99.97%
DCACHE: size: 1*16 KB assoc: 1*4
DCACHE: hits:23209666 misses:582241 writebacks:105056  Hit Ratio: 97.55%
SCACHE: size: 512 KB assoc: 2
SCACHE: hits:64025 misses:524047  Hit Ratio: 10.89%
3CACHE: size: 4096 KB assoc: 2
3CACHE: hits:118724 misses:405323  Hit Ratio: 22.66%
3CACHE: dirty items replaced:5023
ITLB: size: 48, misses 46, miss rate 0.00%
DTLB: size: 128, misses 8716, miss rate 0.04%
Avg mem delay: 9.210 cycles
----------------------------------------
==== Statistics for Master ID: 2 ====
Reads: 28682705   Writes: 4700277
ICACHE: size: 64 KB assoc: 2
ICACHE: hits:16509487 misses:305136  Hit Ratio: 98.19%
DCACHE: size: 1*16 KB assoc: 1*4
DCACHE: hits:15765493 misses:803955 writebacks:108251  Hit Ratio: 95.15%
SCACHE: size: 512 KB assoc: 2
SCACHE: hits:782271 misses:325731  Hit Ratio: 70.60%
3CACHE: size: 4096 KB assoc: 2
3CACHE: hits:228151 misses:97580  Hit Ratio: 70.04%
3CACHE: dirty items replaced:2777
ITLB: size: 48, misses 19780, miss rate 0.12%
DTLB: size: 128, misses 47783, miss rate 0.29%
Avg mem delay: 9.210 cycles
----------------------------------------
==== Statistics for Master ID: 3 ====
Reads: 17444254   Writes: 5012955
ICACHE: size: 64 KB assoc: 2
ICACHE: hits:12245563 misses:732  Hit Ratio: 99.99%
DCACHE: size: 2*16 KB assoc: 2*4
DCACHE: hits:8819566 misses:1393778 writebacks:787597  Hit Ratio: 86.35%
SCACHE: size: 512 KB assoc: 2
SCACHE: hits:38 misses:1392042  Hit Ratio: 0.00%
3CACHE: size: 4096 KB assoc: 2
3CACHE: hits:168 misses:1391874  Hit Ratio: 0.01%
3CACHE: dirty items replaced:14138
ITLB: size: 48, misses 66, miss rate 0.00%
DTLB: size: 128, misses 65018, miss rate 0.64%
Avg mem delay: 9.210 cycles
----------------------------------------
==== Global Resource Utilization ====
STASH: size: 65536 entries, full 284465185, empty 5612097, misses 502204, full rate 97.90
icache bank util. 0.056 0.051 0.045 0.047 0.048 0.131 0.055 0.062 
dcache bank util. 0.074 0.089 0.081 0.071 0.068 0.069 0.078 0.083 
L2 bank util. 0.032 0.033 0.031 0.031 0.030 0.031 0.038 0.046 
L1-L2 bus util. = 0.121, L3 util. = 0.188
----------------------------------------

======================== 切片硬件状态 ========================
切片号 | 所属安全域 | 当前状态    | 路扩展 | LRU touched
------------------------------------------------------------------
  0    |   域3      | 正常运行   |  是   |  100999979
  1    |   域0      | 正常运行   |  否   |  100999938
  2    |   域2      | 正常运行   |  否   |  100999978
  3    |   域3      | 正常运行   |  是   |  100986936
==================================================================

branch prediction, hits = 9944277, misses = 720756, hit rate = 93.24%
return_stack prediction, hits = 411258, misses = 580, hit rate = 99.86%
jump prediction, hits = 9126206, misses = 1243827, hit rate = 88.01%

======================== 切片硬件状态 ========================
切片号 | 所属安全域 | 当前状态    | 路扩展 | LRU touched
------------------------------------------------------------------
  0    |   域3      | 正常运行   |  是   |  103700000
  1    |   域0      | 正常运行   |  否   |  103699998
  2    |   域2      | 正常运行   |  否   |  103699996
  3    |   域3      | 正常运行   |  是   |  103695648
==================================================================

[动态重分配] 周期103700000：预约迁移 冗余域3(12%) -> 切片0 -> 饥饿域2(26%)
[切片剥夺] 周期103700000：切片0（所属域3）进入待剥夺状态，禁止新替换
[切片剥夺] 周期103700192：切片0在途请求已清空，开始执行脏行写回
[切片管理] 周期103703269：原域3仅剩1个切片，关闭路扩展模式
[动态重分配] 周期103703269：切片0写回完成，自动绑定到域2
[切片管理] 成功绑定切片0 → 安全域2，触发【路扩展模式】

======================== 切片硬件状态 ========================
切片号 | 所属安全域 | 当前状态    | 路扩展 | LRU touched
------------------------------------------------------------------
  0    |   域2      | 正常运行   |  是   |  103703269
  1    |   域0      | 正常运行   |  否   |  103703254
  2    |   域2      | 正常运行   |  是   |  103703258
  3    |   域3      | 正常运行   |  否   |  103703261
==================================================================


======================== 切片硬件状态 ========================
切片号 | 所属安全域 | 当前状态    | 路扩展 | LRU touched
------------------------------------------------------------------
  0    |   域2      | 正常运行   |  是   |  103799986
  1    |   域0      | 正常运行   |  否   |  103799995
  2    |   域2      | 正常运行   |  是   |  103800000
  3    |   域3      | 正常运行   |  否   |  103799986
==================================================================

[动态重分配] 周期103800000：预约迁移 冗余域2(1%) -> 切片2 -> 饥饿域3(12%)
[切片剥夺] 周期103800000：切片2（所属域2）进入待剥夺状态，禁止新替换
[切片剥夺] 周期103800000：切片2在途请求已清空，开始执行脏行写回
[切片管理] 周期103800155：原域2仅剩1个切片，关闭路扩展模式
[动态重分配] 周期103800155：切片2写回完成，自动绑定到域3
[切片管理] 成功绑定切片2 → 安全域3，触发【路扩展模式】

======================== 切片硬件状态 ========================
切片号 | 所属安全域 | 当前状态    | 路扩展 | LRU touched
------------------------------------------------------------------
  0    |   域2      | 正常运行   |  否   |  103800012
  1    |   域0      | 正常运行   |  否   |  103799995
  2    |   域3      | 正常运行   |  是   |  103800155
  3    |   域3      | 正常运行   |  是   |  103800018
==================================================================


======================== 切片硬件状态 ========================
切片号 | 所属安全域 | 当前状态    | 路扩展 | LRU touched
------------------------------------------------------------------
  0    |   域2      | 正常运行   |  否   |  103900000
  1    |   域0      | 正常运行   |  否   |  103899997
  2    |   域3      | 正常运行   |  是   |  103884296
  3    |   域3      | 正常运行   |  是   |  103899997
==================================================================

[动态重分配] 周期103900000：预约迁移 冗余域3(12%) -> 切片3 -> 饥饿域2(23%)
[切片剥夺] 周期103900000：切片3（所属域3）进入待剥夺状态，禁止新替换
[切片剥夺] 周期103900160：切片3在途请求已清空，开始执行脏行写回
[切片管理] 周期103903849：原域3仅剩1个切片，关闭路扩展模式
[动态重分配] 周期103903849：切片3写回完成，自动绑定到域2
[切片管理] 成功绑定切片3 → 安全域2，触发【路扩展模式】

======================== 切片硬件状态 ========================
切片号 | 所属安全域 | 当前状态    | 路扩展 | LRU touched
------------------------------------------------------------------
  0    |   域2      | 正常运行   |  是   |  103903848
  1    |   域0      | 正常运行   |  否   |  103903835
  2    |   域3      | 正常运行   |  否   |  103903841
  3    |   域2      | 正常运行   |  是   |  103903849
==================================================================


======================== 切片硬件状态 ========================
切片号 | 所属安全域 | 当前状态    | 路扩展 | LRU touched
------------------------------------------------------------------
  0    |   域2      | 正常运行   |  是   |  111799694
  1    |   域0      | 正常运行   |  否   |  111799994
  2    |   域3      | 正常运行   |  否   |  111799998
  3    |   域2      | 正常运行   |  是   |  111799695
==================================================================

[动态重分配] 周期111800000：预约迁移 冗余域2(1%) -> 切片0 -> 饥饿域3(12%)
[切片剥夺] 周期111800000：切片0（所属域2）进入待剥夺状态，禁止新替换
[切片剥夺] 周期111800000：切片0在途请求已清空，开始执行脏行写回
[切片管理] 周期111800057：原域2仅剩1个切片，关闭路扩展模式
[动态重分配] 周期111800057：切片0写回完成，自动绑定到域3
[切片管理] 成功绑定切片0 → 安全域3，触发【路扩展模式】

======================== 切片硬件状态 ========================
切片号 | 所属安全域 | 当前状态    | 路扩展 | LRU touched
------------------------------------------------------------------
  0    |   域3      | 正常运行   |  是   |  111800057
  1    |   域0      | 正常运行   |  否   |  111799994
  2    |   域3      | 正常运行   |  是   |  111800016
  3    |   域2      | 正常运行   |  否   |  111799695
==================================================================


======================== 切片硬件状态 ========================
切片号 | 所属安全域 | 当前状态    | 路扩展 | LRU touched
------------------------------------------------------------------
  0    |   域3      | 正常运行   |  是   |  116999921
  1    |   域0      | 正常运行   |  否   |  116999921
  2    |   域3      | 正常运行   |  是   |  116983642
  3    |   域2      | 正常运行   |  否   |  116999915
==================================================================

[动态重分配] 周期117000000：预约迁移 冗余域3(12%) -> 切片0 -> 饥饿域2(62%)
[切片剥夺] 周期117000000：切片0（所属域3）进入待剥夺状态，禁止新替换
[切片剥夺] 周期117000084：切片0在途请求已清空，开始执行脏行写回
[切片管理] 周期117004252：原域3仅剩1个切片，关闭路扩展模式
[动态重分配] 周期117004252：切片0写回完成，自动绑定到域2
[切片管理] 成功绑定切片0 → 安全域2，触发【路扩展模式】

======================== 切片硬件状态 ========================
切片号 | 所属安全域 | 当前状态    | 路扩展 | LRU touched
------------------------------------------------------------------
  0    |   域2      | 正常运行   |  是   |  117004252
  1    |   域0      | 正常运行   |  否   |  117004250
  2    |   域3      | 正常运行   |  否   |  117004250
  3    |   域2      | 正常运行   |  是   |  117004245
==================================================================


======================== 切片硬件状态 ========================
切片号 | 所属安全域 | 当前状态    | 路扩展 | LRU touched
------------------------------------------------------------------
  0    |   域2      | 正常运行   |  是   |  117099958
  1    |   域0      | 正常运行   |  否   |  117099993
  2    |   域3      | 正常运行   |  否   |  117099977
  3    |   域2      | 正常运行   |  是   |  117099977
==================================================================

[动态重分配] 周期117100000：预约迁移 冗余域2(1%) -> 切片3 -> 饥饿域3(12%)
[切片剥夺] 周期117100000：切片3（所属域2）进入待剥夺状态，禁止新替换
[切片剥夺] 周期117100028：切片3在途请求已清空，开始执行脏行写回
[切片管理] 周期117100078：原域2仅剩1个切片，关闭路扩展模式
[动态重分配] 周期117100078：切片3写回完成，自动绑定到域3
[切片管理] 成功绑定切片3 → 安全域3，触发【路扩展模式】

======================== 切片硬件状态 ========================
切片号 | 所属安全域 | 当前状态    | 路扩展 | LRU touched
------------------------------------------------------------------
  0    |   域2      | 正常运行   |  否   |  117100033
  1    |   域0      | 正常运行   |  否   |  117099993
  2    |   域3      | 正常运行   |  是   |  117099977
  3    |   域3      | 正常运行   |  是   |  117100078
==================================================================


======================== 切片硬件状态 ========================
切片号 | 所属安全域 | 当前状态    | 路扩展 | LRU touched
------------------------------------------------------------------
  0    |   域2      | 正常运行   |  否   |  145699991
  1    |   域0      | 正常运行   |  否   |  145700000
  2    |   域3      | 正常运行   |  是   |  145699967
  3    |   域3      | 正常运行   |  是   |  145699983
==================================================================

[动态重分配] 周期145700000：预约迁移 冗余域3(25%) -> 切片3 -> 饥饿域2(39%)
[切片剥夺] 周期145700000：切片3（所属域3）进入待剥夺状态，禁止新替换
[切片剥夺] 周期145700000：切片3在途请求已清空，开始执行脏行写回
[切片管理] 周期145700020：原域3仅剩1个切片，关闭路扩展模式
[动态重分配] 周期145700020：切片3写回完成，自动绑定到域2
[切片管理] 成功绑定切片3 → 安全域2，触发【路扩展模式】

======================== 切片硬件状态 ========================
切片号 | 所属安全域 | 当前状态    | 路扩展 | LRU touched
------------------------------------------------------------------
  0    |   域2      | 正常运行   |  是   |  145700019
  1    |   域0      | 正常运行   |  否   |  145700020
  2    |   域3      | 正常运行   |  否   |  145700004
  3    |   域2      | 正常运行   |  是   |  145700020
==================================================================


======================== 切片硬件状态 ========================
切片号 | 所属安全域 | 当前状态    | 路扩展 | LRU touched
------------------------------------------------------------------
  0    |   域2      | 正常运行   |  是   |  145799979
  1    |   域0      | 正常运行   |  否   |  145799970
  2    |   域3      | 正常运行   |  否   |  145799943
  3    |   域2      | 正常运行   |  是   |  145799969
==================================================================

[动态重分配] 周期145800000：预约迁移 冗余域2(3%) -> 切片0 -> 饥饿域3(25%)
[切片剥夺] 周期145800000：切片0（所属域2）进入待剥夺状态，禁止新替换
[切片剥夺] 周期145800212：切片0在途请求已清空，开始执行脏行写回
[切片管理] 周期145800235：原域2仅剩1个切片，关闭路扩展模式
[动态重分配] 周期145800235：切片0写回完成，自动绑定到域3
[切片管理] 成功绑定切片0 → 安全域3，触发【路扩展模式】

======================== 切片硬件状态 ========================
切片号 | 所属安全域 | 当前状态    | 路扩展 | LRU touched
------------------------------------------------------------------
  0    |   域3      | 正常运行   |  是   |  145800235
  1    |   域0      | 正常运行   |  否   |  145799970
  2    |   域3      | 正常运行   |  是   |  145800 sim_check_options222
  3    |   域2      | 正常运行   |  否   |  145799969
==================================================================


======================== 切片硬件状态 ========================
切片号 | 所属安全域 | 当前状态    | 路扩展 | LRU touched
------------------------------------------------------------------
  0    |   域3      | 正常运行   |  是   |  156299861
  1    |   域0      | 正常运行   |  否   |  156299994
  2    |   域3      | 正常运行   |  是   |  156300000
  3    |   域2      | 正常运行   |  否   |  156300000
==================================================================

[动态重分配] 周期156300000：预约迁移 冗余域3(2%) -> 切片2 -> 饥饿域0(31%)
[切片剥夺] 周期156300000：切片2（所属域3）进入待剥夺状态，禁止新替换
[切片剥夺] 周期156300000：切片2在途请求已清空，开始执行脏行写回
[切片管理] 周期156302525：原域3仅剩1个切片，关闭路扩展模式
[动态重分配] 周期156302525：切片2写回完成，自动绑定到域0
[切片管理] 成功绑定切片2 → 安全域0，触发【路扩展模式】

======================== 切片硬件状态 ========================
切片号 | 所属安全域 | 当前状态    | 路扩展 | LRU touched
------------------------------------------------------------------
  0    |   域3      | 正常运行   |  否   |  156302520
  1    |   域0      | 正常运行   |  是   |  156302520
  2    |   域0      | 正常运行   |  是   |  156302525
  3    |   域2      | 正常运行   |  否   |  156302509
==================================================================


======================== 切片硬件状态 ========================
切片号 | 所属安全域 | 当前状态    | 路扩展 | LRU touched
------------------------------------------------------------------
  0    |   域3      | 正常运行   |  否   |  157599996
  1    |   域0      | 正常运行   |  是   |  157599996
  2    |   域0      | 正常运行   |  是   |  157599988
  3    |   域2      | 正常运行   |  否   |  157599996
==================================================================

[动态重分配] 周期157600000：预约迁移 冗余域0(12%) -> 切片1 -> 饥饿域2(39%)
[切片剥夺] 周期157600000：切片1（所属域0）进入待剥夺状态，禁止新替换
[切片剥夺] 周期157600112：切片1在途请求已清空，开始执行脏行写回
[切片管理] 周期157602578：原域0仅剩1个切片，关闭路扩展模式
[动态重分配] 周期157602578：切片1写回完成，自动绑定到域2
[切片管理] 成功绑定切片1 → 安全域2，触发【路扩展模式】

======================== 切片硬件状态 ========================
切片号 | 所属安全域 | 当前状态    | 路扩展 | LRU touched
------------------------------------------------------------------
  0    |   域3      | 正常运行   |  否   |  157602530
  1    |   域2      | 正常运行   |  是   |  157602578
  2    |   域0      | 正常运行   |  否   |  157602572
  3    |   域2      | 正常运行   |  是   |  157602572
==================================================================


**** Debug Statistics at 201000000 Cycles *****
Threads: 4		Fetch Width: 8
No of useful instructions fetched:	356744578 (22.19% proc util.)
No of total instructions fetched:	440344279 (27.38% proc util.)
 includes 15208943 misfetch (3.5%), 68390758 (15.5%) wrong-path fetches
 and 0 flushed after failed lock(0.0%)
No of useful instructions issued/executed:	356744536 (22.19% proc util.)
No of total instructions issued/executed:	389186609 (24.20% proc util.)
 includes 32442073 wrong-path (8.3%) insts and 0 flushed (0.0%)
	fp 52003507, 13.36%
	synch 0, 0.00%
	integer 208333630, 53.53%
	load/store 128849472, 33.11%
Avg size of int IQ (before scheduling): 22.67
Avg size of fp IQ (before scheduling): 11.99
No of cycles taken:		201000000
Parallelism [ 0.570, 0.000, 0.554, 0.651,] = 1.775
 IQ conflicts: 3562968 (1.77%), FQ conflicts: 3040704 (1.51%) 
 I reg conflicts: 89532704 (44.54%), FP reg conflicts: 34980726 (17.40%)
  Activelist confs: 498 (0.00%), ROB confs: 4426 (0.00%)
  Int unit conflicts: 52365484 (26.05%), FP unit conflicts: 406274 (0.20%)
  Load/store unit conflicts: 32564903 (16.20%)
  MSHR conflicts: 433881275 (215.86%)
----------------------------------------
==== System-wide Cache Statistics ====
Stall for miss queue full 2635 cycles (0.00%)
----------------------------------------
==== Statistics for Master ID: 0 ====
Reads: 81537820   Writes: 1964730
ICACHE: size: 64 KB assoc: 2
ICACHE: hits:41238671 misses:7864  Hit Ratio: 99.98%
DCACHE: size: 1*16 KB assoc: 1*4
DCACHE: hits:40996102 misses:1260039 writebacks:196585  Hit Ratio: 97.02%
SCACHE: size: 512 KB assoc: 2
SCACHE: hits:92104 misses:1175672  Hit Ratio: 7.27%
3CACHE: size: 4096 KB assoc: 2
3CACHE: hits:205825 misses:969847  Hit Ratio: 17.51%
3CACHE: dirty items replaced:39459
ITLB: size: 48, misses 77, miss rate 0.00%
DTLB: size: 128, misses 23243, miss rate 0.06%
Avg mem delay: 6.377 cycles
----------------------------------------
==== Statistics for Master ID: 2 ====
Reads: 89208820   Writes: 14321148
ICACHE: size: 64 KB assoc: 2
ICACHE: hits:51153231 misses:713928  Hit Ratio: 98.62%
DCACHE: size: 2*16 KB assoc: 2*4
DCACHE: hits:50048322 misses:1615654 writebacks:243748  Hit Ratio: 96.87%
SCACHE: size: 512 KB assoc: 2
SCACHE: hits:1710069 misses:618346  Hit Ratio: 73.44%
3CACHE: size: 4096 KB assoc: 2
3CACHE: hits:444552 misses:173794  Hit Ratio: 71.89%
3CACHE: dirty items replaced:14790
ITLB: size: 48, misses 37144, miss rate 0.07%
DTLB: size: 128, misses 91010, miss rate 0.18%
Avg mem delay: 6.377 cycles
----------------------------------------
==== Statistics for Master ID: 3 ====
Reads: 66429048   Writes: 12394957
ICACHE: size: 64 KB assoc: 2
ICACHE: hits:44081155 misses:5083  Hit Ratio: 99.99%
DCACHE: size: 1*16 KB assoc: 1*4
DCACHE: hits:32302070 misses:2438633 writebacks:1303444  Hit Ratio: 92.98%
SCACHE: size: 512 KB assoc: 2
SCACHE: hits:210144 misses:2230636  Hit Ratio: 8.61%
3CACHE: size: 4096 KB assoc: 2
3CACHE: hits:117743 misses:2112893  Hit Ratio: 5.28%
3CACHE: dirty items replaced:42963
ITLB: size: 48, misses 262, miss rate 0.00%
DTLB: size: 128, misses 99318, miss rate 0.29%
Avg mem delay: 6.377 cycles
----------------------------------------
==== Global Resource Utilization ====
STASH: size: 65536 entries, full 614237591, empty 13314669, misses 1183375, full rate 97.69
icache bank util. 0.084 0.069 0.065 0.068 0.072 0.154 0.088 0.093 
dcache bank util. 0.090 0.104 0.094 0.087 0.090 0.094 0.095 0.091 
L2 bank util. 0.031 0.032 0.031 0.031 0.030 0.030 0.034 0.038 
L1-L2 bus util. = 0.116, L3 util. = 0.162
----------------------------------------

======================== 切片硬件状态 ========================
切片号 | 所属安全域 | 当前状态    | 路扩展 | LRU touched
------------------------------------------------------------------
  0    |   域3      | 正常运行   |  否   |  200999982
  1    |   域2      | 正常运行   |  是   |  200999922
  2    |   域0      | 正常运行   |  否   |  200999916
  3    |   域2      | 正常运行   |  是   |  200999923
==================================================================

branch prediction, hits = 27231430, misses = 2520058, hit rate = 91.53%
return_stack prediction, hits = 1717309, misses = 1630, hit rate = 99.91%
jump prediction, hits = 25867221, misses = 3365243, hit rate = 88.49%

======================== 切片硬件状态 ========================
切片号 | 所属安全域 | 当前状态    | 路扩展 | LRU touched
------------------------------------------------------------------
  0    |   域3      | 正常运行   |  否   |  229599999
  1    |   域2      | 正常运行   |  是   |  229600000
  2    |   域0      | 正常运行   |  否   |  229599999
  3    |   域2      | 正常运行   |  是   |  229600000
==================================================================

[动态重分配] 周期229600000：预约迁移 冗余域2(0%) -> 切片1 -> 饥饿域0(24%)
[切片剥夺] 周期229600000：切片1（所属域2）进入待剥夺状态，禁止新替换
[切片剥夺] 周期229600000：切片1在途请求已清空，开始执行脏行写回
[切片管理] 周期229602053：原域2仅剩1个切片，关闭路扩展模式
[动态重分配] 周期229602053：切片1写回完成，自动绑定到域0
[切片管理] 成功绑定切片1 → 安全域0，触发【路扩展模式】

======================== 切片硬件状态 ========================
切片号 | 所属安全域 | 当前状态    | 路扩展 | LRU touched
------------------------------------------------------------------
  0    |   域3      | 正常运行   |  否   |  229602053
  1    |   域0      | 正常运行   |  是   |  229602053
  2    |   域0      | 正常运行   |  是   |  229602053
  3    |   域2      | 正常运行   |  否   |  229602053
==================================================================


======================== 切片硬件状态 ========================
切片号 | 所属安全域 | 当前状态    | 路扩展 | LRU touched
------------------------------------------------------------------
  0    |   域3      | 正常运行   |  否   |  261299958
  1    |   域0      | 正常运行   |  是   |  261299947
  2    |   域0      | 正常运行   |  是   |  261299951
  3    |   域2      | 正常运行   |  否   |  261299949
==================================================================

[动态重分配] 周期261300000：预约迁移 冗余域0(1%) -> 切片1 -> 饥饿域2(17%)
[切片剥夺] 周期261300000：切片1（所属域0）进入待剥夺状态，禁止新替换
[切片剥夺] 周期261300132：切片1在途请求已清空，开始执行脏行写回
[切片管理] 周期261300359：原域0仅剩1个切片，关闭路扩展模式
[动态重分配] 周期261300359：切片1写回完成，自动绑定到域2
[切片管理] 成功绑定切片1 → 安全域2，触发【路扩展模式】

======================== 切片硬件状态 ========================
切片号 | 所属安全域 | 当前状态    | 路扩展 | LRU touched
------------------------------------------------------------------
  0    |   域3      | 正常运行   |  否   |  261300353
  1    |   域2      | 正常运行   |  是   |  261300359
  2    |   域0      | 正常运行   |  否   |  261300359
  3    |   域2      | 正常运行   |  是   |  261300359
==================================================================


======================== 切片硬件状态 ========================
切片号 | 所属安全域 | 当前状态    | 路扩展 | LRU touched
------------------------------------------------------------------
  0    |   域3      | 正常运行   |  否   |  267299916
  1    |   域2      | 正常运行   |  是   |  267299916
  2    |   域0      | 正常运行   |  否   |  267299979
  3    |   域2      | 正常运行   |  是   |  267299916
==================================================================

[动态重分配] 周期267300000：预约迁移 冗余域2(0%) -> 切片1 -> 饥饿域0(26%)
[切片剥夺] 周期267300000：切片1（所属域2）进入待剥夺状态，禁止新替换
[切片剥夺] 周期267300000：切片1在途请求已清空，开始执行脏行写回
[切片管理] 周期267302643：原域2仅剩1个切片，关闭路扩展模式
[动态重分配] 周期267302643：切片1写回完成，自动绑定到域0
[切片管理] 成功绑定切片1 → 安全域0，触发【路扩展模式】

======================== 切片硬件状态 ========================
切片号 | 所属安全域 | 当前状态    | 路扩展 | LRU touched
------------------------------------------------------------------
  0    |   域3      | 正常运行   |  否   |  267302641
  1    |   域0      | 正常运行   |  是   |  267302643
  2    |   域0      | 正常运行   |  是   |  267302642
  3    |   域2      | 正常运行   |  否   |  267302642
==================================================================


**** Debug Statistics at 301000000 Cycles *****
Threads: 4		Fetch Width: 8
No of useful instructions fetched:	624288504 (25.93% proc util.)
No of total instructions fetched:	788940195 (32.76% proc util.)
 includes 29808364 misfetch (3.8%), 134843327 (17.1%) wrong-path fetches
 and 0 flushed after failed lock(0.0%)
No of useful instructions issued/executed:	624288488 (25.93% proc util.)
No of total instructions issued/executed:	688161330 (28.58% proc util.)
 includes 63872842 wrong-path (9.3%) insts and 0 flushed (0.0%)
	fp 91233964, 13.26%
	synch 0, 0.00%
	integer 367761245, 53.44%
	load/store 229166121, 33.30%
Avg size of int IQ (before scheduling): 21.07
Avg size of fp IQ (before scheduling): 11.35
No of cycles taken:		301000000
Parallelism [ 0.683, 0.000, 0.608, 0.783,] = 2.074
 IQ conflicts: 5733851 (1.90%), FQ conflicts: 3040712 (1.01%) 
 I reg conflicts: 98925235 (32.87%), FP reg conflicts: 68634025 (22.80%)
  Activelist confs: 608 (0.00%), ROB confs: 29012 (0.01%)
  Int unit conflicts: 104784803 (34.81%), FP unit conflicts: 1484225 (0.49%)
  Load/store unit conflicts: 51431118 (17.09%)
  MSHR conflicts: 510966675 (169.76%)
----------------------------------------
==== System-wide Cache Statistics ====
Stall for miss queue full 2987 cycles (0.00%)
----------------------------------------
==== Statistics for Master ID: 0 ====
Reads: 145343952   Writes: 5886166
ICACHE: size: 64 KB assoc: 2
ICACHE: hits:73647202 misses:18354  Hit Ratio: 99.98%
DCACHE: size: 2*16 KB assoc: 2*4
DCACHE: hits:74967450 misses:2597308 writebacks:724168  Hit Ratio: 96.65%
SCACHE: size: 512 KB assoc: 2
SCACHE: hits:311896 misses:2303569  Hit Ratio: 11.93%
3CACHE: size: 4096 KB assoc: 2
3CACHE: hits:539164 misses:1764405  Hit Ratio: 23.41%
3CACHE: dirty items replaced:159487
ITLB: size: 48, misses 357, miss rate 0.00%
DTLB: size: 128, misses 50671, miss rate 0.07%
Avg mem delay: 5.032 cycles
----------------------------------------
==== Statistics for Master ID: 2 ====
Reads: 156091142   Writes: 24888028
ICACHE: size: 64 KB assoc: 2
ICACHE: hits:90080733 misses:1187968  Hit Ratio: 98.70%
DCACHE: size: 1*16 KB assoc: 1*4
DCACHE: hits:87401686 misses:2310240 writebacks:487174  Hit Ratio: 97.42%
SCACHE: size: 512 KB assoc: 2
SCACHE: hits:2583432 misses:913319  Hit Ratio: 73.88%
3CACHE: size: 4096 KB assoc: 2
3CACHE: hits:697157 misses:216162  Hit Ratio: 76.33%
3CACHE: dirty items replaced:33351
ITLB: size: 48, misses 37761, miss rate 0.04%
DTLB: size: 128, misses 133101, miss rate 0.15%
Avg mem delay: 5.032 cycles
----------------------------------------
==== Statistics for Master ID: 3 ====
Reads: 121720425   Writes: 19676630
ICACHE: size: 64 KB assoc: 2
ICACHE: hits:79921246 misses:10695  Hit Ratio: 99.99%
DCACHE: size: 1*16 KB assoc: 1*4
DCACHE: hits:58525320 misses:2942730 writebacks:1566898  Hit Ratio: 95.21%
SCACHE: size: 512 KB assoc: 2
SCACHE: hits:470869 misses:2479620  Hit Ratio: 15.96%
3CACHE: size: 4096 KB assoc: 2
3CACHE: hits:312674 misses:2166946  Hit Ratio: 12.61%
3CACHE: dirty items replaced:54920
ITLB: size: 48, misses 419, miss rate 0.00%
DTLB: size: 128, misses 112370, miss rate 0.18%
Avg mem delay: 5.032 cycles
----------------------------------------
==== Global Resource Utilization ====
STASH: size: 65536 entries, full 1019878935, empty 22803176, misses 2050732, full rate 97.62
icache bank util. 0.107 0.088 0.085 0.087 0.094 0.150 0.103 0.112 
dcache bank util. 0.100 0.111 0.108 0.099 0.112 0.121 0.115 0.099 
L2 bank util. 0.031 0.031 0.030 0.031 0.031 0.030 0.033 0.036 
L1-L2 bus util. = 0.118, L3 util. = 0.138
----------------------------------------

======================== 切片硬件状态 ========================
切片号 | 所属安全域 | 当前状态    | 路扩展 | LRU touched
------------------------------------------------------------------
  0    |   域3      | 正常运行   |  否   |  300999952
  1    |   域0      | 正常运行   |  是   |  300999941
  2    |   域0      | 正常运行   |  是   |  300999939
  3    |   域2      | 正常运行   |  否   |  300999941
==================================================================

branch prediction, hits = 42379711, misses = 5306629, hit rate = 88.87%
return_stack prediction, hits = 3297625, misses = 1725, hit rate = 99.95%
jump prediction, hits = 39863623, misses = 6837040, hit rate = 85.36%

======================== 切片硬件状态 ========================
切片号 | 所属安全域 | 当前状态    | 路扩展 | LRU touched
------------------------------------------------------------------
  0    |   域3      | 正常运行   |  否   |  355599999
  1    |   域0      | 正常运行   |  是   |  355599998
  2    |   域0      | 正常运行   |  是   |  355599997
  3    |   域2      | 正常运行   |  否   |  355599999
==================================================================

[动态重分配] 周期355600000：预约迁移 冗余域0(2%) -> 切片1 -> 饥饿域2(23%)
[切片剥夺] 周期355600000：切片1（所属域0）进入待剥夺状态，禁止新替换
[切片剥夺] 周期355600212：切片1在途请求已清空，开始执行脏行写回
[切片管理] 周期355600328：原域0仅剩1个切片，关闭路扩展模式
[动态重分配] 周期355600328：切片1写回完成，自动绑定到域2
[切片管理] 成功绑定切片1 → 安全域2，触发【路扩展模式】

======================== 切片硬件状态 ========================
切片号 | 所属安全域 | 当前状态    | 路扩展 | LRU touched
------------------------------------------------------------------
  0    |   域3      | 正常运行   |  否   |  355600177
  1    |   域2      | 正常运行   |  是   |  355600328
  2    |   域0      | 正常运行   |  否   |  355600229
  3    |   域2      | 正常运行   |  是   |  355600178
==================================================================


**** Debug Statistics at 401000000 Cycles *****
Threads: 4		Fetch Width: 8
No of useful instructions fetched:	853468043 (26.60% proc util.)
No of total instructions fetched:	1061660006 (33.09% proc util.)
 includes 37094764 misfetch (3.5%), 171097199 (16.1%) wrong-path fetches
 and 0 flushed after failed lock(0.0%)
No of useful instructions issued/executed:	853468021 (26.60% proc util.)
No of total instructions issued/executed:	934883633 (29.14% proc util.)
 includes 81415612 wrong-path (8.7%) insts and 0 flushed (0.0%)
	fp 129019814, 13.80%
	synch 0, 0.00%
	integer 492779263, 52.71%
	load/store 313084556, 33.49%
Avg size of int IQ (before scheduling): 18.31
Avg size of fp IQ (before scheduling): 9.91
No of cycles taken:		401000000
Parallelism [ 0.735, 0.000, 0.611, 0.783,] = 2.128
 IQ conflicts: 6001930 (1.50%), FQ conflicts: 3040712 (0.76%) 
 I reg conflicts: 101860743 (25.40%), FP reg conflicts: 120384096 (30.02%)
  Activelist confs: 622 (0.00%), ROB confs: 50403 (0.01%)
  Int unit conflicts: 135232685 (33.72%), FP unit conflicts: 1647099 (0.41%)
  Load/store unit conflicts: 64891759 (16.18%)
  MSHR conflicts: 538112077 (134.19%)
----------------------------------------
==== System-wide Cache Statistics ====
Stall for miss queue full 2987 cycles (0.00%)
----------------------------------------
==== Statistics for Master ID: 0 ====
Reads: 211420270   Writes: 7104065
ICACHE: size: 64 KB assoc: 2
ICACHE: hits:105523446 misses:26730  Hit Ratio: 99.97%
DCACHE: size: 1*16 KB assoc: 1*4
DCACHE: hits:109552256 misses:3422134 writebacks:880036  Hit Ratio: 96.97%
SCACHE: size: 512 KB assoc: 2
SCACHE: hits:402998 misses:3045634  Hit Ratio: 11.69%
3CACHE: size: 4096 KB assoc: 2
3CACHE: hits:792249 misses:2253385  Hit Ratio: 26.01%
3CACHE: dirty items replaced:249250
ITLB: size: 48, misses 357, miss rate 0.00%
DTLB: size: 128, misses 63060, miss rate 0.06%
Avg mem delay: 4.392 cycles
----------------------------------------
==== Statistics for Master ID: 2 ====
Reads: 206263150   Writes: 33087007
ICACHE: size: 64 KB assoc: 2
ICACHE: hits:119513819 misses:1513548  Hit Ratio: 98.75%
DCACHE: size: 2*16 KB assoc: 2*4
DCACHE: hits:115575976 misses:2748271 writebacks:647743  Hit Ratio: 97.68%
SCACHE: size: 512 KB assoc: 2
SCACHE: hits:3147033 misses:1113329  Hit Ratio: 73.87%
3CACHE: size: 4096 KB assoc: 2
3CACHE: hits:849505 misses:263824  Hit Ratio: 76.30%
3CACHE: dirty items replaced:49317
ITLB: size: 48, misses 43760, miss rate 0.04%
DTLB: size: 128, misses 158176, miss rate 0.13%
Avg mem delay: 4.392 cycles
----------------------------------------
==== Statistics for Master ID: 3 ====
Reads: 163063646   Writes: 25162233
ICACHE: size: 64 KB assoc: 2
ICACHE: hits:106941850 misses:13818  Hit Ratio: 99.99%
DCACHE: size: 1*16 KB assoc: 1*4
DCACHE: hits:77965474 misses:3307673 writebacks:1757557  Hit Ratio: 95.93%
SCACHE: size: 512 KB assoc: 2
SCACHE: hits:657379 misses:2661176  Hit Ratio: 19.81%
3CACHE: size: 4096 KB assoc: 2
3CACHE: hits:456638 misses:2204538  Hit Ratio: 17.16%
3CACHE: dirty items replaced:63914
ITLB: size: 48, misses 562, miss rate 0.00%
DTLB: size: 128, misses 120044, miss rate 0.15%
Avg mem delay: 4.392 cycles
----------------------------------------
==== Global Resource Utilization ====
STASH: size: 65536 entries, full 1355863910, empty 28717476, misses 2582650, full rate 97.74
icache bank util. 0.108 0.092 0.089 0.094 0.100 0.142 0.104 0.114 
dcache bank util. 0.102 0.109 0.109 0.100 0.115 0.122 0.118 0.100 
L2 bank util. 0.028 0.029 0.028 0.028 0.028 0.027 0.030 0.032 
L1-L2 bus util. = 0.107, L3 util. = 0.118
----------------------------------------

======================== 切片硬件状态 ========================
切片号 | 所属安全域 | 当前状态    | 路扩展 | LRU touched
------------------------------------------------------------------
  0    |   域3      | 正常运行   |  否   |  400999971
  1    |   域2      | 正常运行   |  是   |  400999974
  2    |   域0      | 正常运行   |  否   |  400999973
  3    |   域2      | 正常运行   |  是   |  400999850
==================================================================

branch prediction, hits = 54834114, misses = 7116681, hit rate = 88.51%
return_stack prediction, hits = 4424989, misses = 1882, hit rate = 99.96%
jump prediction, hits = 51867452, misses = 8878698, hit rate = 85.38%
 sim_aux_config sim_reg_stats sim_init sim_aux_stats sim_uninit ruu_init ruu_dumpent ruu_dump lsq_init
======================== 切片硬件状态 ========================
切片号 | 所属安全域 | 当前状态    | 路扩展 | LRU touched
------------------------------------------------------------------
  0    |   域3      | 正常运行   |  否   |  467999940
  1    |   域2      | 正常运行   |  是   |  467999922
  2    |   域0      | 正常运行   |  否   |  467999941
  3    |   域2      | 正常运行   |  是   |  467999941
==================================================================

[动态重分配] 周期468000000：预约迁移 冗余域2(0%) -> 切片1 -> 饥饿域0(31%)
[切片剥夺] 周期468000000：切片1（所属域2）进入待剥夺状态，禁止新替换
[切片剥夺] 周期468000000：切片1在途请求已清空，开始执行脏行写回
[切片管理] 周期468000194：原域2仅剩1个切片，关闭路扩展模式
[动态重分配] 周期468000194：切片1写回完成，自动绑定到域0
[切片管理] 成功绑定切片1 → 安全域0，触发【路扩展模式】

======================== 切片硬件状态 ========================
切片号 | 所属安全域 | 当前状态    | 路扩展 | LRU touched
------------------------------------------------------------------
  0    |   域3      | 正常运行   |  否   |  468000194
  1    |   域0      | 正常运行   |  是   |  468000194
  2    |   域0      | 正常运行   |  是   |  468000194
  3    |   域2      | 正常运行   |  否   |  468000194
==================================================================


======================== 切片硬件状态 ========================
切片号 | 所属安全域 | 当前状态    | 路扩展 | LRU touched
------------------------------------------------------------------
  0    |   域3      | 正常运行   |  否   |  492299998
  1    |   域0      | 正常运行   |  是   |  492300000
  2    |   域0      | 正常运行   |  是   |  492300000
  3    |   域2      | 正常运行   |  否   |  492299732
==================================================================

[动态重分配] 周期492300000：预约迁移 冗余域0(1%) -> 切片1 -> 饥饿域2(35%)
[切片剥夺] 周期492300000：切片1（所属域0）进入待剥夺状态，禁止新替换
[切片剥夺] 周期492300000：切片1在途请求已清空，开始执行脏行写回
[切片管理] 周期492300185：原域0仅剩1个切片，关闭路扩展模式
[动态重分配] 周期492300185：切片1写回完成，自动绑定到域2
[切片管理] 成功绑定切片1 → 安全域2，触发【路扩展模式】

======================== 切片硬件状态 ========================
切片号 | 所属安全域 | 当前状态    | 路扩展 | LRU touched
------------------------------------------------------------------
  0    |   域3      | 正常运行   |  否   |  492300179
  1    |   域2      | 正常运行   |  是   |  492300185
  2    |   域0      | 正常运行   |  否   |  492300180
  3    |   域2      | 正常运行   |  是   |  492299732
==================================================================


**** Debug Statistics at 501000000 Cycles *****
Threads: 4		Fetch Width: 8
No of useful instructions fetched:	1096527932 (27.36% proc util.)
No of total instructions fetched:	1345596799 (33.57% proc util.)
 includes 42175294 misfetch (3.1%), 206893573 (15.4%) wrong-path fetches
 and 0 flushed after failed lock(0.0%)
No of useful instructions issued/executed:	1096527903 (27.36% proc util.)
No of total instructions issued/executed:	1195883783 (29.84% proc util.)
 includes 99355880 wrong-path (8.3%) insts and 0 flushed (0.0%)
	fp 170849674, 14.29%
	synch 0, 0.00%
	integer 624114767, 52.19%
	load/store 400919342, 33.52%
Avg size of int IQ (before scheduling): 17.12
Avg size of fp IQ (before scheduling): 9.22
No of cycles taken:		501000000
Parallelism [ 0.785, 0.000, 0.607, 0.797,] = 2.189
 IQ conflicts: 7107158 (1.42%), FQ conflicts: 3040712 (0.61%) 
 I reg conflicts: 106724052 (21.30%), FP reg conflicts: 167360615 (33.41%)
  Activelist confs: 697 (0.00%), ROB confs: 63171 (0.01%)
  Int unit conflicts: 167759470 (33.48%), FP unit conflicts: 1865246 (0.37%)
  Load/store unit conflicts: 79477200 (15.86%)
  MSHR conflicts: 582802719 (116.33%)
----------------------------------------
==== System-wide Cache Statistics ====
Stall for miss queue full 2987 cycles (0.00%)
----------------------------------------
==== Statistics for Master ID: 0 ====
Reads: 283422220   Writes: 8554589
ICACHE: size: 64 KB assoc: 2
ICACHE: hits:139566903 misses:34593  Hit Ratio: 99.98%
DCACHE: size: 1*16 KB assoc: 1*4
DCACHE: hits:148045167 misses:4330435 writebacks:1077924  Hit Ratio: 97.16%
SCACHE: size: 512 KB assoc: 2
SCACHE: hits:521707 misses:3843031  Hit Ratio: 11.95%
3CACHE: size: 4096 KB assoc: 2
3CACHE: hits:1078883 misses:2764148  Hit Ratio: 28.07%
3CACHE: dirty items replaced:350859
ITLB: size: 48, misses 392, miss rate 0.00%
DTLB: size: 128, misses 80320, miss rate 0.05%
Avg mem delay: 4.062 cycles
----------------------------------------
==== Statistics for Master ID: 2 ====
Reads: 254109993   Writes: 40600039
ICACHE: size: 64 KB assoc: 2
ICACHE: hits:147788631 misses:1854784  Hit Ratio: 98.76%
DCACHE: size: 2*16 KB assoc: 2*4
DCACHE: hits:141832741 misses:3235394 writebacks:744198  Hit Ratio: 97.77%
SCACHE: size: 512 KB assoc: 2
SCACHE: hits:3688959 misses:1399701  Hit Ratio: 72.49%
3CACHE: size: 4096 KB assoc: 2
3CACHE: hits:1039003 misses:360698  Hit Ratio: 74.23%
3CACHE: dirty items replaced:75522
ITLB: size: 48, misses 62626, miss rate 0.04%
DTLB: size: 128, misses 192964, miss rate 0.13%
Avg mem delay: 4.062 cycles
----------------------------------------
==== Statistics for Master ID: 3 ====
Reads: 208286955   Writes: 31097913
ICACHE: size: 64 KB assoc: 2
ICACHE: hits:136485815 misses:17841  Hit Ratio: 99.99%
DCACHE: size: 1*16 KB assoc: 1*4
DCACHE: hits:99173927 misses:3710221 writebacks:1969487  Hit Ratio: 96.39%
SCACHE: size: 512 KB assoc: 2
SCACHE: hits:861841 misses:2863285  Hit Ratio: 23.14%
3CACHE: size: 4096 KB assoc: 2
3CACHE: hits:606363 misses:2256922  Hit Ratio: 21.18%
3CACHE: dirty items replaced:76969
ITLB: size: 48, misses 803, miss rate 0.00%
DTLB: size: 128, misses 128965, miss rate 0.13%
Avg mem delay: 4.062 cycles
----------------------------------------
==== Global Resource Utilization ====
STASH: size: 65536 entries, full 1707156430, empty 34472755, misses 3095897, full rate 97.85
icache bank util. 0.112 0.094 0.091 0.098 0.104 0.139 0.106 0.117 
dcache bank util. 0.104 0.110 0.111 0.104 0.118 0.121 0.119 0.102 
L2 bank util. 0.027 0.027 0.027 0.027 0.026 0.026 0.028 0.030 
L1-L2 bus util. = 0.102, L3 util. = 0.107
----------------------------------------

======================== 切片硬件状态 ========================
切片号 | 所属安全域 | 当前状态    | 路扩展 | LRU touched
------------------------------------------------------------------
  0    |   域3      | 正常运行   |  否   |  500999997
  1    |   域2      | 正常运行   |  是   |  500999999
  2    |   域0      | 正常运行   |  否   |  500999998
  3    |   域2      | 正常运行   |  是   |  500999995
==================================================================

branch prediction, hits = 67656004, misses = 8771190, hit rate = 88.52%
return_stack prediction, hits = 5628568, misses = 2842, hit rate = 99.95%
jump prediction, hits = 65202204, misses = 10398003, hit rate = 86.25%
 lsq_dump rslink_init ruu_release_fu eventq_init eventq_dump eventq_queue_event eventq_next_event readyq_init readyq_dump readyq_enqueue cv_init cv_dump ruu_commit ruu_recover ruu_writeback lsq_refresh ruu_issue rspec_dump tracer_recover tracer_init spec_mem_access mspec_dump simoo_mem_obj
======================== 切片硬件状态 ========================
切片号 | 所属安全域 | 当前状态    | 路扩展 | LRU touched
------------------------------------------------------------------
  0    |   域3      | 正常运行   |  否   |  593499984
  1    |   域2      | 正常运行   |  是   |  593499924
  2    |   域0      | 正常运行   |  否   |  593499984
  3    |   域2      | 正常运行   |  是   |  593499810
==================================================================

[动态重分配] 周期593500000：预约迁移 冗余域2(9%) -> 切片3 -> 饥饿域0(31%)
[切片剥夺] 周期593500000：切片3（所属域2）进入待剥夺状态，禁止新替换
[切片剥夺] 周期593500088：切片3在途请求已清空，开始执行脏行写回
[切片管理] 周期593500138：原域2仅剩1个切片，关闭路扩展模式
[动态重分配] 周期593500138：切片3写回完成，自动绑定到域0
[切片管理] 成功绑定切片3 → 安全域0，触发【路扩展模式】

======================== 切片硬件状态 ========================
切片号 | 所属安全域 | 当前状态    | 路扩展 | LRU touched
------------------------------------------------------------------
  0    |   域3      | 正常运行   |  否   |  593500120
  1    |   域2      | 正常运行   |  否   |  593500132
  2    |   域0      | 正常运行   |  是   |  593500120
  3    |   域0      | 正常运行   |  是   |  593500138
==================================================================


**** Debug Statistics at 601000000 Cycles *****
Threads: 4		Fetch Width: 8
No of useful instructions fetched:	1369174360 (28.48% proc util.)
No of total instructions fetched:	1659976313 (34.53% proc util.)
 includes 48044168 misfetch (2.9%), 242757785 (14.6%) wrong-path fetches
 and 0 flushed after failed lock(0.0%)
No of useful instructions issued/executed:	1369174343 (28.48% proc util.)
No of total instructions issued/executed:	1486766593 (30.92% proc util.)
 includes 117592250 wrong-path (7.9%) insts and 0 flushed (0.0%)
	fp 221536278, 14.90%
	synch 0, 0.00%
	integer 767593136, 51.63%
	load/store 497637179, 33.47%
Avg size of int IQ (before scheduling): 16.81
Avg size of fp IQ (before scheduling): 9.12
No of cycles taken:		601000000
Parallelism [ 0.852, 0.000, 0.594, 0.833,] = 2.278
 IQ conflicts: 8439516 (1.40%), FQ conflicts: 3040712 (0.51%) 
 I reg conflicts: 113750466 (18.93%), FP reg conflicts: 206856516 (34.42%)
  Activelist confs: 758 (0.00%), ROB confs: 73840 (0.01%)
  Int unit conflicts: 200386224 (33.34%), FP unit conflicts: 2192349 (0.36%)
  Load/store unit conflicts: 94215000 (15.68%)
  MSHR conflicts: 638419583 (106.23%)
----------------------------------------
==== System-wide Cache Statistics ====
Stall for miss queue full 2987 cycles (0.00%)
----------------------------------------
==== Statistics for Master ID: 0 ====
Reads: 368804981   Writes: 10291059
ICACHE: size: 64 KB assoc: 2
ICACHE: hits:178966760 misses:46807  Hit Ratio: 99.97%
DCACHE: size: 2*16 KB assoc: 2*4
DCACHE: hits:194862909 misses:5219853 writebacks:1311326  Hit Ratio: 97.39%
SCACHE: size: 512 KB assoc: 2
SCACHE: hits:570943 misses:4695427  Hit Ratio: 10.84%
3CACHE: size: 4096 KB assoc: 2
3CACHE: hits:1435423 misses:3260004  Hit Ratio: 30.57%
3CACHE: dirty items replaced:479164
ITLB: size: 48, misses 431, miss rate 0.00%
DTLB: size: 128, misses 98350, miss rate 0.05%
Avg mem delay: 3.849 cycles
----------------------------------------
==== Statistics for Master ID: 2 ====
Reads: 298064563   Writes: 47895420
ICACHE: size: 64 KB assoc: 2
ICACHE: hits:173473151 misses:2504655  Hit Ratio: 98.58%
DCACHE: size: 1*16 KB assoc: 1*4
DCACHE: hits:166418319 misses:3565388 writebacks:841449  Hit Ratio: 97.90%
SCACHE: size: 512 KB assoc: 2
SCACHE: hits:4198133 misses:1870380  Hit Ratio: 69.18%
3CACHE: size: 4096 KB assoc: 2
3CACHE: hits:1366700 misses:503680  Hit Ratio: 73.07%
3CACHE: dirty items replaced:113539
ITLB: size: 48, misses 122310, miss rate 0.07%
DTLB: size: 128, misses 232316, miss rate 0.14%
Avg mem delay: 3.849 cycles
----------------------------------------
==== Statistics for Master ID: 3 ====
Reads: 261007779   Writes: 37432764
ICACHE: size: 64 KB assoc: 2
ICACHE: hits:171490490 misses:23329  Hit Ratio: 99.99%
DCACHE: size: 1*16 KB assoc: 1*4
DCACHE: hits:122784894 misses:4144766 writebacks:2211300  Hit Ratio: 96.73%
SCACHE: size: 512 KB assoc: 2
SCACHE: hits:1051426 misses:3113733  Hit Ratio: 25.24%
3CACHE: size: 4096 KB assoc: 2
3CACHE: hits:791896 misses:2321837  Hit Ratio: 25.43%
3CACHE: dirty items replaced:97445
ITLB: size: 48, misses 1232, miss rate 0.00%
DTLB: size: 128, misses 138178, miss rate 0.11%
Avg mem delay: 3.849 cycles
----------------------------------------
==== Global Resource Utilization ====
STASH: size: 65536 entries, full 2094416009, empty 44007905, misses 3934390, full rate 97.76
icache bank util. 0.118 0.094 0.094 0.102 0.109 0.139 0.110 0.124 
dcache bank util. 0.107 0.113 0.116 0.107 0.120 0.122 0.122 0.106 
L2 bank util. 0.027 0.027 0.026 0.027 0.026 0.025 0.027 0.029 
L1-L2 bus util. = 0.099, L3 util. = 0.101
----------------------------------------

======================== 切片硬件状态 ========================
切片号 | 所属安全域 | 当前状态    | 路扩展 | LRU touched
------------------------------------------------------------------
  0    |   域3      | 正常运行   |  否   |  600999968
  1    |   域2      | 正常运行   |  否   |  600999965
  2    |   域0      | 正常运行   |  是   |  600999968
  3    |   域0      | 正常运行   |  是   |  600999964
==================================================================

branch prediction, hits = 80283966, misses = 10441521, hit rate = 88.49%
return_stack prediction, hits = 6708406, misses = 6388, hit rate = 99.90%
jump prediction, hits = 78117781, misses = 12080004, hit rate = 86.61%
 ruu_link_idep ruu_install_odep InstSRA InstSRAV InstMULT InstMULTU simoo_reg_obj
**** Debug Statistics at 701000000 Cycles *****
Threads: 4		Fetch Width: 8
No of useful instructions fetched:	1586134733 (28.28% proc util.)
No of total instructions fetched:	1918572173 (34.21% proc util.)
 includes 54417193 misfetch (2.8%), 278020247 (14.5%) wrong-path fetches
 and 0 flushed after failed lock(0.0%)
No of useful instructions issued/executed:	1586134701 (28.28% proc util.)
No of total instructions issued/executed:	1721348820 (30.69% proc util.)
 includes 135214119 wrong-path (7.9%) insts and 0 flushed (0.0%)
	fp 259377136, 15.07%
	synch 0, 0.00%
	integer 885132717, 51.42%
	load/store 576838967, 33.51%
Avg size of int IQ (before scheduling): 15.80
Avg size of fp IQ (before scheduling): 8.66
No of cycles taken:		701000000
Parallelism [ 0.858, 0.000, 0.581, 0.824,] = 2.263
 IQ conflicts: 8570274 (1.22%), FQ conflicts: 3040712 (0.43%) 
 I reg conflicts: 117002471 (16.69%), FP reg conflicts: 260360379 (37.14%)
  Activelist confs: 758 (0.00%), ROB confs: 78445 (0.01%)
  Int unit conflicts: 226566964 (32.32%), FP unit conflicts: 2356560 (0.34%)
  Load/store unit conflicts: 105919386 (15.11%)
  MSHR conflicts: 658882212 (93.99%)
----------------------------------------
==== System-wide Cache Statistics ====
Stall for miss queue full 2987 cycles (0.00%)
----------------------------------------
==== Statistics for Master ID: 0 ====
Reads: 434522176   Writes: 11510946
ICACHE: size: 64 KB assoc: 2
ICACHE: hits:210428049 misses:55358  Hit Ratio: 99.97%
DCACHE: size: 2*16 KB assoc: 2*4
DCACHE: hits:229548158 misses:6001846 writebacks:1466268  Hit Ratio: 97.45%
SCACHE: size: 512 KB assoc: 2
SCACHE: hits:614393 misses:5442521  Hit Ratio: 10.14%
3CACHE: size: 4096 KB assoc: 2
3CACHE: hits:1690049 misses:3752472  Hit Ratio: 31.05%
3CACHE: dirty items replaced:630756
ITLB: size: 48, misses 436, miss rate 0.00%
DTLB: size: 128, misses 110842, miss rate 0.05%
Avg mem delay: 3.714 cycles
----------------------------------------
==== Statistics for Master ID: 2 ====
Reads: 341230532   Writes: 54953433
ICACHE: size: 64 KB assoc: 2
ICACHE: hits:198805519 misses:2971299  Hit Ratio: 98.53%
DCACHE: size: 1*16 KB assoc: 1*4
DCACHE: hits:190350744 misses:4057933 writebacks:990442  Hit Ratio: 97.91%
SCACHE: size: 512 KB assoc: 2
SCACHE: hits:4893863 misses:2133838  Hit Ratio: 69.64%
3CACHE: size: 4096 KB assoc: 2
3CACHE: hits:1569524 misses:564314  Hit Ratio: 73.55%
3CACHE: dirty items replaced:134210
ITLB: size: 48, misses 148623, miss rate 0.07%
DTLB: size: 128, misses 258179, miss rate 0.13%
Avg mem delay: 3.714 cycles
----------------------------------------
==== Statistics for Master ID: 3 ====
Reads: 302070302   Writes: 42620138
ICACHE: size: 64 KB assoc: 2
ICACHE: hits:198498134 misses:27201  Hit Ratio: 99.99%
DCACHE: size: 1*16 KB assoc: 1*4
DCACHE: hits:141645483 misses:4522558 writebacks:2409034  Hit Ratio: 96.91%
SCACHE: size: 512 KB assoc: 2
SCACHE: hits:1246400 misses:3300423  Hit Ratio: 27.41%
3CACHE: size: 4096 KB assoc: 2
3CACHE: hits:932625 misses:2367798  Hit Ratio: 28.26%
3CACHE: dirty items replaced:112360
ITLB: size: 48, misses 1468, miss rate 0.00%
DTLB: size: 128, misses 145527, miss rate 0.10%
Avg mem delay: 3.714 cycles
----------------------------------------
==== Global Resource Utilization ====
STASH: size: 65536 entries, full 2413872450, empty 51372968, misses 4588964, full rate 97.73
icache bank util. 0.117 0.095 0.094 0.103 0.109 0.135 0.109 0.123 
dcache bank util. 0.106 0.112 0.116 0.106 0.119 0.119 0.121 0.105 
L2 bank util. 0.026 0.026 0.025 0.026 0.025 0.025 0.026 0.028 
L1-L2 bus util. = 0.096, L3 util. = 0.095
----------------------------------------

======================== 切片硬件状态 ========================
切片号 | 所属安全域 | 当前状态    | 路扩展 | LRU touched
------------------------------------------------------------------
  0    |   域3      | 正常运行   |  否   |  700999995
  1    |   域2      | 正常运行   |  否   |  700999993
  2    |   域0      | 正常运行   |  是   |  700999999
  3    |   域0      | 正常运行   |  是   |  700999999
==================================================================

branch prediction, hits = 91072992, misses = 12170536, hit rate = 88.21%
return_stack prediction, hits = 7734133, misses = 9276, hit rate = 99.88%
jump prediction, hits = 88750912, misses = 13961828, hit rate = 86.41%
 ruu_dispatch
======================== 切片硬件状态 ========================
切片号 | 所属安全域 | 当前状态    | 路扩展 | LRU touched
------------------------------------------------------------------
  0    |   域3      | 正常运行   |  否   |  740599903
  1    |   域2      | 正常运行   |  否   |  740599861
  2    |   域0      | 正常运行   |  是   |  740599874
  3    |   域0      | 正常运行   |  是   |  740599915
==================================================================

[动态重分配] 周期740600000：预约迁移 冗余域0(2%) -> 切片2 -> 饥饿域2(17%)
[切片剥夺] 周期740600000：切片2（所属域0）进入待剥夺状态，禁止新替换
[切片剥夺] 周期740600000：切片2在途请求已清空，开始执行脏行写回
[切片管理] 周期740600098：原域0仅剩1个切片，关闭路扩展模式
[动态重分配] 周期740600098：切片2写回完成，自动绑定到域2
[切片管理] 成功绑定切片2 → 安全域2，触发【路扩展模式】

======================== 切片硬件状态 ========================
切片号 | 所属安全域 | 当前状态    | 路扩展 | LRU touched
------------------------------------------------------------------
  0    |   域3      | 正常运行   |  否   |  740599903
  1    |   域2      | 正常运行   |  是   |  740599861
  2    |   域2      | 正常运行   |  是   |  740600098
  3    |   域0      | 正常运行   |  否   |  740599915
==================================================================


======================== 切片硬件状态 ========================
切片号 | 所属安全域 | 当前状态    | 路扩展 | LRU touched
------------------------------------------------------------------
  0    |   域3      | 正常运行   |  否   |  767099970
  1    |   域2      | 正常运行   |  是   |  767099969
  2    |   域2      | 正常运行   |  是   |  767099885
  3    |   域0      | 正常运行   |  否   |  767099970
==================================================================

[动态重分配] 周期767100000：预约迁移 冗余域2(0%) -> 切片1 -> 饥饿域0(15%)
[切片剥夺] 周期767100000：切片1（所属域2）进入待剥夺状态，禁止新替换
[切片剥夺] 周期767100000：切片1在途请求已清空，开始执行脏行写回
[切片管理] 周期767100718：原域2仅剩1个切片，关闭路扩展模式
[动态重分配] 周期767100718：切片1写回完成，自动绑定到域0
[切片管理] 成功绑定切片1 → 安全域0，触发【路扩展模式】

======================== 切片硬件状态 ========================
切片号 | 所属安全域 | 当前状态    | 路扩展 | LRU touched
------------------------------------------------------------------
  0    |   域3      | 正常运行   |  否   |  767100701
  1    |   域0      | 正常运行   |  是   |  767100718
  2    |   域2      | 正常运行   |  否   |  767100701
  3    |   域0      | 正常运行   |  是   |  767100701
==================================================================


**** Debug Statistics at 801000000 Cycles *****
Threads: 4		Fetch Width: 8
No of useful instructions fetched:	1797288588 (28.05% proc util.)
No of total instructions fetched:	2170060551 (33.86% proc util.)
 includes 60129471 misfetch (2.8%), 312642492 (14.4%) wrong-path fetches
 and 0 flushed after failed lock(0.0%)
No of useful instructions issued/executed:	1797288542 (28.05% proc util.)
No of total instructions issued/executed:	1949850396 (30.43% proc util.)
 includes 152561854 wrong-path (7.8%) insts and 0 flushed (0.0%)
	fp 292431437, 15.00%
	synch 0, 0.00%
	integer 1003140089, 51.45%
	load/store 654278870, 33.56%
Avg size of int IQ (before scheduling): 15.43
Avg size of fp IQ (before scheduling): 8.66
No of cycles taken:		801000000
Parallelism [ 0.849, 0.000, 0.574, 0.820,] = 2.244
 IQ conflicts: 10400216 (1.30%), FQ conflicts: 3040712 (0.38%) 
 I reg conflicts: 123660845 (15.44%), FP reg conflicts: 310607190 (38.78%)
  Activelist confs: 878 (0.00%), ROB confs: 87501 (0.01%)
  Int unit conflicts: 258879852 (32.32%), FP unit conflicts: 2475674 (0.31%)
  Load/store unit conflicts: 120192022 (15.01%)
  MSHR conflicts: 730980479 (91.26%)
----------------------------------------
==== System-wide Cache Statistics ====
Stall for miss queue full 3009 cycles (0.00%)
----------------------------------------
==== Statistics for Master ID: 0 ====
Reads: 493079404   Writes: 12712733
ICACHE: size: 64 KB assoc: 2
ICACHE: hits:238944840 misses:62586  Hit Ratio: 99.97%
DCACHE: size: 2*16 KB assoc: 2*4
DCACHE: hits:259733950 misses:7051079 writebacks:1635239  Hit Ratio: 97.36%
SCACHE: size: 512 KB assoc: 2
SCACHE: hits:694235 misses:6419107  Hit Ratio: 9.76%
3CACHE: size: 4096 KB assoc: 2
3CACHE: hits:1989801 misses:4429305  Hit Ratio: 31.00%
3CACHE: dirty items replaced:855972
ITLB: size: 48, misses 465, miss rate 0.00%
DTLB: size: 128, misses 131483, miss rate 0.05%
Avg mem delay: 3.708 cycles
----------------------------------------
==== Statistics for Master ID: 2 ====
Reads: 384232556   Writes: 62491521
ICACHE: size: 64 KB assoc: 2
ICACHE: hits:223564234 misses:3383132  Hit Ratio: 98.51%
DCACHE: size: 1*16 KB assoc: 1*4
DCACHE: hits:215286650 misses:4491684 writebacks:1117329  Hit Ratio: 97.96%
SCACHE: size: 512 KB assoc: 2
SCACHE: hits:5442659 misses:2430534  Hit Ratio: 69.13%
3CACHE: size: 4096 KB assoc: 2
3CACHE: hits:1754126 misses:676408  Hit Ratio: 72.17%
3CACHE: dirty items replaced:172615
ITLB: size: 48, misses 177687, miss rate 0.08%
DTLB: size: 128, misses 283613, miss rate 0.13%
Avg mem delay: 3.708 cycles
----------------------------------------
==== Statistics for Master ID: 3 ====
Reads: 344037235   Writes: 48467985
ICACHE: size: 64 KB assoc: 2
ICACHE: hits:225536002 misses:31030  Hit Ratio: 99.99%
DCACHE: size: 1*16 KB assoc: 1*4
DCACHE: hits:162055557 misses:4885567 writebacks:2598045  Hit Ratio: 97.07%
SCACHE: size: 512 KB assoc: 2
SCACHE: hits:1420832 misses:3492829  Hit Ratio: 28.92%
3CACHE: size: 4096 KB assoc: 2
3CACHE: hits:1078289 misses:2414540  Hit Ratio: 30.87%
3CACHE: dirty items replaced:128809
ITLB: size: 48, misses 1725, miss rate 0.00%
DTLB: size: 128, misses 153099, miss rate 0.09%
Avg mem delay: 3.708 cycles
----------------------------------------
==== Global Resource Utilization ====
STASH: size: 65536 entries, full 2719787499, empty 58434763, misses 5225018, full rate 97.71
icache bank util. 0.116 0.095 0.094 0.103 0.109 0.131 0.107 0.122 
dcache bank util. 0.105 0.111 0.116 0.105 0.118 0.117 0.120 0.104 
L2 bank util. 0.026 0.026 0.025 0.026 0.025 0.024 0.026 0.028 
L1-L2 bus util. = 0.095, L3 util. = 0.094
----------------------------------------

======================== 切片硬件状态 ========================
切片号 | 所属安全域 | 当前状态    | 路扩展 | LRU touched
------------------------------------------------------------------
  0    |   域3      | 正常运行   |  否   |  800999998
  1    |   域0      | 正常运行   |  是   |  800999996
  2    |   域2      | 正常运行   |  否   |  800999991
  3    |   域0      | 正常运行   |  是   |  800999999
==================================================================

branch prediction, hits = 102057578, misses = 13693177, hit rate = 88.17%
return_stack prediction, hits = 8854625, misses = 12210, hit rate = 99.86%
jump prediction, hits = 100018615, misses = 15611812, hit rate = 86.50%

**** Early Exiting at 881781980 Cycles *****
========================================
 SMTSIM Global Statistics
========================================
Threads: 4		Fetch Width: 8
No of useful instructions fetched:	2000000129 (28.35% proc util.)
No of total instructions fetched:	2409689747 (34.16% proc util.)
 includes 65634696 misfetch (2.7%), 344054922 (14.3%) wrong-path fetches
 and 0 flushed after failed lock(0.0%)
No of useful instructions issued/executed:	2000000088 (28.35% proc util.)
No of total instructions issued/executed:	2168885417 (30.75% proc util.)
 includes 168885329 wrong-path (7.8%) insts and 0 flushed (0.0%)
	fp 326817810, 15.07%
	synch 0, 0.00%
	integer 1115317357, 51.42%
	load/store 726750250, 33.51%
Avg size of int IQ (before scheduling): 15.77
Avg size of fp IQ (before scheduling): 8.65
No of cycles taken:		881781980
Parallelism [ 0.861, 0.000, 0.572, 0.834,] = 2.268
 IQ conflicts: 13045616 (1.48%), FQ conflicts: 3040827 (0.34%) 
 I reg conflicts: 134490454 (15.25%), FP reg conflicts: 339612306 (38.51%)
  Activelist confs: 878 (0.00%), ROB confs: 113608 (0.01%)
  Int unit conflicts: 292448596 (33.17%), FP unit conflicts: 3711920 (0.42%)
  Load/store unit conflicts: 134839083 (15.29%)
  MSHR conflicts: 822172213 (93.24%)
----------------------------------------
==== System-wide Cache Statistics ====
Stall for miss queue full 3009 cycles (0.00%)
----------------------------------------
==== Statistics for Master ID: 0 ====
Reads: 546328152   Writes: 16444751
ICACHE: size: 64 KB assoc: 2
ICACHE: hits:265192196 misses:68997  Hit Ratio: 99.97%
DCACHE: size: 2*16 KB assoc: 2*4
DCACHE: hits:289495283 misses:8016745 writebacks:2135161  Hit Ratio: 97.31%
SCACHE: size: 512 KB assoc: 2
SCACHE: hits:891260 misses:7194163  Hit Ratio: 11.02%
3CACHE: size: 4096 KB assoc: 2
3CACHE: hits:2204588 misses:4989574  Hit Ratio: 30.64%
3CACHE: dirty items replaced:1080627
ITLB: size: 48, misses 749, miss rate 0.00%
DTLB: size: 128, misses 152246, miss rate 0.05%
Avg mem delay: 3.684 cycles
----------------------------------------
==== Statistics for Master ID: 2 ====
Reads: 420681882   Writes: 69418607
ICACHE: size: 64 KB assoc: 2
ICACHE: hits:244669596 misses:3838821  Hit Ratio: 98.46%
DCACHE: size: 1*16 KB assoc: 1*4
DCACHE: hits:236586891 misses:5006804 writebacks:1276466  Hit Ratio: 97.93%
SCACHE: size: 512 KB assoc: 2
SCACHE: hits:6054207 misses:2789795  Hit Ratio: 68.46%
3CACHE: size: 4096 KB assoc: 2
3CACHE: hits:1976153 misses:813642  Hit Ratio: 70.84%
3CACHE: dirty items replaced:228057
ITLB: size: 48, misses 218091, miss rate 0.09%
DTLB: size: 128, misses 316095, miss rate 0.13%
Avg mem delay: 3.684 cycles
----------------------------------------
==== Statistics for Master ID: 3 ====
Reads: 385126676   Writes: 53867962
ICACHE: size: 64 KB assoc: 2
ICACHE: hits:252131069 misses:35520  Hit Ratio: 99.99%
DCACHE: size: 1*16 KB assoc: 1*4
DCACHE: hits:181564721 misses:5266264 writebacks:2797961  Hit Ratio: 97.18%
SCACHE: size: 512 KB assoc: 2
SCACHE: hits:1611262 misses:3687586  Hit Ratio: 30.41%
3CACHE: size: 4096 KB assoc: 2
3CACHE: hits:1221804 misses:2465782  Hit Ratio: 33.13%
3CACHE: dirty items replaced:146055
ITLB: size: 48, misses 2028, miss rate 0.00%
DTLB: size: 128, misses 160910, miss rate 0.09%
Avg mem delay: 3.684 cycles
----------------------------------------
==== Global Resource Utilization ====
STASH: size: 65536 entries, full 3002423469, empty 66471710, misses 5950833, full rate 97.64
icache bank util. 0.118 0.096 0.096 0.103 0.108 0.130 0.108 0.124 
dcache bank util. 0.107 0.112 0.118 0.106 0.120 0.117 0.122 0.105 
L2 bank util. 0.027 0.026 0.026 0.026 0.025 0.025 0.026 0.028 
L1-L2 bus util. = 0.097, L3 util. = 0.094
----------------------------------------

======================== 切片硬件状态 ========================
切片号 | 所属安全域 | 当前状态    | 路扩展 | LRU touched
------------------------------------------------------------------
  0    |   域3      | 正常运行   |  否   |  881781979
  1    |   域0      | 正常运行   |  是   |  881781977
  2    |   域2      | 正常运行   |  否   |  881781976
  3    |   域0      | 正常运行   |  是   |  881781977
==================================================================

branch prediction, hits = 111799362, misses = 14969997, hit rate = 88.19%
return_stack prediction, hits = 9851237, misses = 17515, hit rate = 99.82%
jump prediction, hits = 110061999, misses = 17103369, hit rate = 86.55%
total IPC 2.268

=== Results saved to: ./results/mgrid_2_gcc-166_1_gzip-log_1.txt ===
