测试组合（多线程优先）：gcc-scilab.arg2 + gcc-200.arg + mgrid.arg
执行命令：./smtsim gcc-scilab.arg2 gcc-200.arg mgrid.arg
==================================================

 dgelq2_ dgelqf_动态重分配参数：每10万周期检查，阈值10
Process 0, Thread 0: gcc-scilab
Process 0, Thread 1: gcc-scilab
Process 2, Thread 2: gcc-200
Process 3, Thread 3: mgrid
[切片调度] 新安全域2无任何切片，尝试分配空闲切片
[切片管理] 成功绑定切片0 → 安全域2

======================== 切片硬件状态 ========================
切片号 | 所属安全域 | 当前状态    | 路扩展 | LRU touched
------------------------------------------------------------------
  0    |   域2      | 正常运行   |  否   |  0
  1    |   域-1     | 切片空闲   |  否   |  0
  2    |   域-1     | 切片空闲   |  否   |  0
  3    |   域-1     | 切片空闲   |  否   |  0
==================================================================

[切片管理] 成功绑定切片1 → 安全域2，触发【路扩展模式】

======================== 切片硬件状态 ========================
切片号 | 所属安全域 | 当前状态    | 路扩展 | LRU touched
------------------------------------------------------------------
  0    |   域2      | 正常运行   |  是   |  0
  1    |   域2      | 正常运行   |  是   |  0
  2    |   域-1     | 切片空闲   |  否   |  0
  3    |   域-1     | 切片空闲   |  否   |  0
==================================================================

[切片调度] 新安全域3无任何切片，尝试分配空闲切片
[切片管理] 成功绑定切片2 → 安全域3

======================== 切片硬件状态 ========================
切片号 | 所属安全域 | 当前状态    | 路扩展 | LRU touched
------------------------------------------------------------------
  0    |   域2      | 正常运行   |  是   |  435
  1    |   域2      | 正常运行   |  是   |  0
  2    |   域3      | 正常运行   |  否   |  0
  3    |   域-1     | 切片空闲   |  否   |  0
==================================================================

[切片管理] 成功绑定切片3 → 安全域3，触发【路扩展模式】

======================== 切片硬件状态 ========================
切片号 | 所属安全域 | 当前状态    | 路扩展 | LRU touched
------------------------------------------------------------------
  0    |   域2      | 正常运行   |  是   |  435
  1    |   域2      | 正常运行   |  是   |  0
  2    |   域3      | 正常运行   |  是   |  0
  3    |   域3      | 正常运行   |  是   |  0
==================================================================

[切片调度] 新安全域0无任何切片，尝试分配空闲切片
[切片调度] 新安全域0未找到空闲切片，尝试剥夺切片
[切片替换] 优先从【路扩展切片】中选择LRU替换目标...
[切片替换] 找到路扩展切片作为受害者：切片1（最后访问：0）
[切片调度] 安全域0触发切片剥夺：从域2剥夺切片1
[切片剥夺] 周期519：切片1（所属域2）进入待剥夺状态，禁止新替换
[切片剥夺] 周期519：切片1在途请求已清空，开始执行脏行写回
[切片剥夺] 周期519：切片1无脏行，直接完成剥夺
[切片管理] 周期519：原域2仅剩1个切片，关闭路扩展模式
[动态重分配] 周期519：切片1写回完成，自动绑定到域0
[切片管理] 成功绑定切片1 → 安全域0

======================== 切片硬件状态 ========================
切片号 | 所属安全域 | 当前状态    | 路扩展 | LRU touched
------------------------------------------------------------------
  0    |   域2      | 正常运行   |  否   |  435
  1    |   域0      | 正常运行   |  否   |  519
  2    |   域3      | 正常运行   |  是   |  511
  3    |   域3      | 正常运行   |  是   |  0
==================================================================

[切片唤醒] 周期519：域0切片就绪，唤醒等待指令

**** Debug Statistics at 1000000 Cycles *****
Threads: 4		Fetch Width: 8
No of useful instructions fetched:	1101456 (13.77% proc util.)
No of total instructions fetched:	1526662 (19.08% proc util.)
 includes 46670 misfetch (3.1%), 378536 (24.8%) wrong-path fetches
 and 0 flushed after failed lock(0.0%)
No of useful instructions issued/executed:	1101448 (13.77% proc util.)
No of total instructions issued/executed:	1303219 (16.29% proc util.)
 includes 201771 wrong-path (15.5%) insts and 0 flushed (0.0%)
	fp 193, 0.01%
	synch 0, 0.00%
	integer 825009, 63.31%
	load/store 478017, 36.68%
Avg size of int IQ (before scheduling): 14.54
Avg size of fp IQ (before scheduling): 0.01
No of cycles taken:		1000000
Parallelism [ 0.326, 0.000, 0.337, 0.439,] = 1.101
 IQ conflicts: 21006 (2.10%), FQ conflicts: 0 (0.00%) 
 I reg conflicts: 704582 (70.46%), FP reg conflicts: 0 (0.00%)
  Activelist confs: 317 (0.03%), ROB confs: 1772 (0.18%)
  Int unit conflicts: 309755 (30.98%), FP unit conflicts: 0 (0.00%)
  Load/store unit conflicts: 88239 (8.82%)
  MSHR conflicts: 718027 (71.80%)
----------------------------------------
==== System-wide Cache Statistics ====
Stall for miss queue full 0 cycles (0.00%)
----------------------------------------
==== Statistics for Master ID: 0 ====
Reads: 301922   Writes: 49540
ICACHE: size: 64 KB assoc: 2
ICACHE: hits:177968 misses:834  Hit Ratio: 99.53%
DCACHE: size: 1*16 KB assoc: 1*4
DCACHE: hits:168580 misses:4079 writebacks:529  Hit Ratio: 97.64%
SCACHE: size: 512 KB assoc: 2
SCACHE: hits:1463 misses:3450  Hit Ratio: 29.78%
3CACHE: size: 4096 KB assoc: 2
3CACHE: hits:417 misses:3033  Hit Ratio: 12.09%
3CACHE: dirty items replaced:2
ITLB: size: 48, misses 27, miss rate 0.02%
DTLB: size: 128, misses 350, miss rate 0.20%
Avg mem delay: 4.124 cycles
----------------------------------------
==== Statistics for Master ID: 2 ====
Reads: 195645   Writes: 51978
ICACHE: size: 64 KB assoc: 2
ICACHE: hits:125864 misses:2081  Hit Ratio: 98.37%
DCACHE: size: 1*16 KB assoc: 1*4
DCACHE: hits:116671 misses:3007 writebacks:2069  Hit Ratio: 97.49%
SCACHE: size: 512 KB assoc: 2
SCACHE: hits:1063 misses:4025  Hit Ratio: 20.89%
3CACHE: size: 4096 KB assoc: 2
3CACHE: hits:311 misses:3714  Hit Ratio: 7.73%
3CACHE: dirty items replaced:2
ITLB: size: 48, misses 119, miss rate 0.09%
DTLB: size: 128, misses 196, miss rate 0.16%
Avg mem delay: 4.124 cycles
----------------------------------------
==== Statistics for Master ID: 3 ====
Reads: 185542   Writes: 131079
ICACHE: size: 64 KB assoc: 2
ICACHE: hits:131208 misses:1785  Hit Ratio: 98.66%
DCACHE: size: 2*16 KB assoc: 2*4
DCACHE: hits:170352 misses:13276 writebacks:12549  Hit Ratio: 92.77%
SCACHE: size: 512 KB assoc: 2
SCACHE: hits:727 misses:14334  Hit Ratio: 4.83%
3CACHE: size: 4096 KB assoc: 2
3CACHE: hits:110 misses:14223  Hit Ratio: 0.77%
3CACHE: dirty items replaced:5
ITLB: size: 48, misses 105, miss rate 0.08%
DTLB: size: 128, misses 285, miss rate 0.16%
Avg mem delay: 4.124 cycles
----------------------------------------
==== Global Resource Utilization ====
STASH: size: 65536 entries, full 95215912, empty 5769544, misses 694673, full rate 93.64
icache bank util. 0.049 0.062 0.060 0.046 0.043 0.089 0.055 0.049 
dcache bank util. 0.084 0.066 0.067 0.070 0.071 0.064 0.076 0.084 
L2 bank util. 0.033 0.033 0.032 0.032 0.033 0.031 0.031 0.032 
L1-L2 bus util. = 0.121, L3 util. = 0.210
----------------------------------------

======================== 切片硬件状态 ========================
切片号 | 所属安全域 | 当前状态    | 路扩展 | LRU touched
------------------------------------------------------------------
  0    |   域2      | 正常运行   |  否   |  999999
  1    |   域0      | 正常运行   |  否   |  999995
  2    |   域3      | 正常运行   |  是   |  999999
  3    |   域3      | 正常运行   |  是   |  999808
==================================================================

branch prediction, hits = 123288, misses = 16426, hit rate = 88.24%
return_stack prediction, hits = 18862, misses = 32, hit rate = 99.83%
jump prediction, hits = 136396, misses = 12557, hit rate = 91.57%
 abend_ adia_ dgels_ adib_ ambm6_
======================== 切片硬件状态 ========================
切片号 | 所属安全域 | 当前状态    | 路扩展 | LRU touched
------------------------------------------------------------------
  0    |   域2      | 正常运行   |  否   |  36099995
  1    |   域0      | 正常运行   |  否   |  36099996
  2    |   域3      | 正常运行   |  是   |  36099997
  3    |   域3      | 正常运行   |  是   |  36099994
==================================================================

[动态重分配] 周期36100000：预约迁移 冗余域3(2%) -> 切片2 -> 饥饿域0(21%)
[切片剥夺] 周期36100000：切片2（所属域3）进入待剥夺状态，禁止新替换
[切片剥夺] 周期36100000：切片2在途请求已清空，开始执行脏行写回
[切片管理] 周期36100110：原域3仅剩1个切片，关闭路扩展模式
[动态重分配] 周期36100110：切片2写回完成，自动绑定到域0
[切片管理] 成功绑定切片2 → 安全域0，触发【路扩展模式】

======================== 切片硬件状态 ========================
切片号 | 所属安全域 | 当前状态    | 路扩展 | LRU touched
------------------------------------------------------------------
  0    |   域2      | 正常运行   |  否   |  36100107
  1    |   域0      | 正常运行   |  是   |  36100056
  2    |   域0      | 正常运行   |  是   |  36100110
  3    |   域3      | 正常运行   |  否   |  36100109
==================================================================


======================== 切片硬件状态 ========================
切片号 | 所属安全域 | 当前状态    | 路扩展 | LRU touched
------------------------------------------------------------------
  0    |   域2      | 正常运行   |  否   |  83099998
  1    |   域0      | 正常运行   |  是   |  83099995
  2    |   域0      | 正常运行   |  是   |  83099999
  3    |   域3      | 正常运行   |  否   |  83099997
==================================================================

[动态重分配] 周期83100000：预约迁移 冗余域0(2%) -> 切片1 -> 饥饿域2(15%)
[切片剥夺] 周期83100000：切片1（所属域0）进入待剥夺状态，禁止新替换
[切片剥夺] 周期83100000：切片1在途请求已清空，开始执行脏行写回
[切片管理] 周期83100098：原域0仅剩1个切片，关闭路扩展模式
[动态重分配] 周期83100098：切片1写回完成，自动绑定到域2
[切片管理] 成功绑定切片1 → 安全域2，触发【路扩展模式】

======================== 切片硬件状态 ========================
切片号 | 所属安全域 | 当前状态    | 路扩展 | LRU touched
------------------------------------------------------------------
  0    |   域2      | 正常运行   |  是   |  83100087
  1    |   域2      | 正常运行   |  是   |  83100098
  2    |   域0      | 正常运行   |  否   |  83100079
  3    |   域3      | 正常运行   |  否   |  83100082
==================================================================


======================== 切片硬件状态 ========================
切片号 | 所属安全域 | 当前状态    | 路扩展 | LRU touched
------------------------------------------------------------------
  0    |   域2      | 正常运行   |  是   |  84199166
  1    |   域2      | 正常运行   |  是   |  84199653
  2    |   域0      | 正常运行   |  否   |  84199993
  3    |   域3      | 正常运行   |  否   |  84199988
==================================================================

[动态重分配] 周期84200000：预约迁移 冗余域2(2%) -> 切片0 -> 饥饿域0(30%)
[切片剥夺] 周期84200000：切片0（所属域2）进入待剥夺状态，禁止新替换
[切片剥夺] 周期84200000：切片0在途请求已清空，开始执行脏行写回
[切片管理] 周期84200305：原域2仅剩1个切片，关闭路扩展模式
[动态重分配] 周期84200305：切片0写回完成，自动绑定到域0
[切片管理] 成功绑定切片0 → 安全域0，触发【路扩展模式】

======================== 切片硬件状态 ========================
切片号 | 所属安全域 | 当前状态    | 路扩展 | LRU touched
------------------------------------------------------------------
  0    |   域0      | 正常运行   |  是   |  84200305
  1    |   域2      | 正常运行   |  否   |  84199653
  2    |   域0      | 正常运行   |  是   |  84199993
  3    |   域3      | 正常运行   |  否   |  84199988
==================================================================


======================== 切片硬件状态 ========================
切片号 | 所属安全域 | 当前状态    | 路扩展 | LRU touched
------------------------------------------------------------------
  0    |   域0      | 正常运行   |  是   |  96899905
  1    |   域2      | 正常运行   |  否   |  96899911
  2    |   域0      | 正常运行   |  是   |  96899633
  3    |   域3      | 正常运行   |  否   |  96899974
==================================================================

[动态重分配] 周期96900000：预约迁移 冗余域0(0%) -> 切片0 -> 饥饿域2(12%)
[切片剥夺] 周期96900000：切片0（所属域0）进入待剥夺状态，禁止新替换
[切片剥夺] 周期96900000：切片0在途请求已清空，开始执行脏行写回
[切片管理] 周期96904412：原域0仅剩1个切片，关闭路扩展模式
[动态重分配] 周期96904412：切片0写回完成，自动绑定到域2
[切片管理] 成功绑定切片0 → 安全域2，触发【路扩展模式】

======================== 切片硬件状态 ========================
切片号 | 所属安全域 | 当前状态    | 路扩展 | LRU touched
------------------------------------------------------------------
  0    |   域2      | 正常运行   |  是   |  96904412
  1    |   域2      | 正常运行   |  是   |  96904396
  2    |   域0      | 正常运行   |  否   |  96904366
  3    |   域3      | 正常运行   |  否   |  96904393
==================================================================


**** Debug Statistics at 101000000 Cycles *****
Threads: 4		Fetch Width: 8
No of useful instructions fetched:	144385409 (17.87% proc util.)
No of total instructions fetched:	185551669 (22.96% proc util.)
 includes 8119642 misfetch (4.4%), 33046618 (17.8%) wrong-path fetches
 and 0 flushed after failed lock(0.0%)
No of useful instructions issued/executed:	144385402 (17.87% proc util.)
No of total instructions issued/executed:	162144764 (20.07% proc util.)
 includes 17759362 wrong-path (11.0%) insts and 0 flushed (0.0%)
	fp 28726373, 17.72%
	synch 0, 0.00%
	integer 70415135, 43.43%
	load/store 63003256, 38.86%
Avg size of int IQ (before scheduling): 8.27
Avg size of fp IQ (before scheduling): 4.92
No of cycles taken:		101000000
Parallelism [ 0.355, 0.000, 0.300, 0.775,] = 1.430
 IQ conflicts: 1399939 (1.39%), FQ conflicts: 0 (0.00%) 
 I reg conflicts: 21242465 (21.03%), FP reg conflicts: 45657155 (45.21%)
  Activelist confs: 898 (0.00%), ROB confs: 313529 (0.31%)
  Int unit conflicts: 12355111 (12.23%), FP unit conflicts: 122562 (0.12%)
  Load/store unit conflicts: 11396003 (11.28%)
  MSHR conflicts: 52755323 (52.23%)
----------------------------------------
==== System-wide Cache Statistics ====
Stall for miss queue full 92 cycles (0.00%)
----------------------------------------
==== Statistics for Master ID: 0 ====
Reads: 29678311   Writes: 5101900
ICACHE: size: 64 KB assoc: 2
ICACHE: hits:17354125 misses:467096  Hit Ratio: 97.38%
DCACHE: size: 1*16 KB assoc: 1*4
DCACHE: hits:16587619 misses:371522 writebacks:111344  Hit Ratio: 97.81%
SCACHE: size: 512 KB assoc: 2
SCACHE: hits:473993 misses:364473  Hit Ratio: 56.53%
3CACHE: size: 4096 KB assoc: 2
3CACHE: hits:266709 misses:97764  Hit Ratio: 73.18%
3CACHE: dirty items replaced:9970
ITLB: size: 48, misses 45799, miss rate 0.26%
DTLB: size: 128, misses 37691, miss rate 0.22%
Avg mem delay: 4.095 cycles
----------------------------------------
==== Statistics for Master ID: 2 ====
Reads: 25340240   Writes: 4113077
ICACHE: size: 64 KB assoc: 2
ICACHE: hits:14685832 misses:619254  Hit Ratio: 95.95%
DCACHE: size: 2*16 KB assoc: 2*4
DCACHE: hits:13736812 misses:411516 writebacks:93705  Hit Ratio: 97.09%
SCACHE: size: 512 KB assoc: 2
SCACHE: hits:691830 misses:338843  Hit Ratio: 67.12%
3CACHE: size: 4096 KB assoc: 2
3CACHE: hits:248573 misses:90270  Hit Ratio: 73.36%
3CACHE: dirty items replaced:9573
ITLB: size: 48, misses 65896, miss rate 0.43%
DTLB: size: 128, misses 37588, miss rate 0.27%
Avg mem delay: 4.095 cycles
----------------------------------------
==== Statistics for Master ID: 3 ====
Reads: 51332653   Writes: 5518029
ICACHE: size: 64 KB assoc: 2
ICACHE: hits:25010218 misses:19009  Hit Ratio: 99.92%
DCACHE: size: 1*16 KB assoc: 1*4
DCACHE: hits:30487002 misses:1334484 writebacks:699974  Hit Ratio: 95.81%
SCACHE: size: 512 KB assoc: 2
SCACHE: hits:193274 misses:1160188  Hit Ratio: 14.28%
3CACHE: size: 4096 KB assoc: 2
3CACHE: hits:196367 misses:963821  Hit Ratio: 16.93%
3CACHE: dirty items replaced:38751
ITLB: size: 48, misses 1409, miss rate 0.01%
DTLB: size: 128, misses 23090, miss rate 0.07%
Avg mem delay: 4.095 cycles
----------------------------------------
==== Global Resource Utilization ====
STASH: size: 65536 entries, full 320782037, empty 14602039, misses 1460591, full rate 95.23
icache bank util. 0.074 0.075 0.073 0.078 0.077 0.091 0.073 0.069 
dcache bank util. 0.089 0.093 0.091 0.092 0.091 0.084 0.085 0.087 
L2 bank util. 0.033 0.033 0.032 0.033 0.032 0.032 0.032 0.032 
L1-L2 bus util. = 0.123, L3 util. = 0.114
----------------------------------------

======================== 切片硬件状态 ========================
切片号 | 所属安全域 | 当前状态    | 路扩展 | LRU touched
------------------------------------------------------------------
  0    |   域2      | 正常运行   |  是   |  100999942
  1    |   域2      | 正常运行   |  是   |  100999928
  2    |   域0      | 正常运行   |  否   |  100999750
  3    |   域3      | 正常运行   |  否   |  100999960
==================================================================

branch prediction, hits = 9246366, misses = 1635714, hit rate = 84.97%
return_stack prediction, hits = 904749, misses = 2295, hit rate = 99.75%
jump prediction, hits = 8026631, misses = 2360481, hit rate = 77.27%
 analie6_ betalf_
======================== 切片硬件状态 ========================
切片号 | 所属安全域 | 当前状态    | 路扩展 | LRU touched
------------------------------------------------------------------
  0    |   域2      | 正常运行   |  是   |  179800000
  1    |   域2      | 正常运行   |  是   |  179799996
  2    |   域0      | 正常运行   |  否   |  179799977
  3    |   域3      | 正常运行   |  否   |  179800000
==================================================================

[动态重分配] 周期179800000：预约迁移 冗余域2(0%) -> 切片0 -> 饥饿域0(12%)
[切片剥夺] 周期179800000：切片0（所属域2）进入待剥夺状态，禁止新替换
[切片剥夺] 周期179800000：切片0在途请求已清空，开始执行脏行写回
[切片管理] 周期179800618：原域2仅剩1个切片，关闭路扩展模式
[动态重分配] 周期179800618：切片0写回完成，自动绑定到域0
[切片管理] 成功绑定切片0 → 安全域0，触发【路扩展模式】

======================== 切片硬件状态 ========================
切片号 | 所属安全域 | 当前状态    | 路扩展 | LRU touched
------------------------------------------------------------------
  0    |   域0      | 正常运行   |  是   |  179800618
  1    |   域2      | 正常运行   |  否   |  179800616
  2    |   域0      | 正常运行   |  是   |  179800612
  3    |   域3      | 正常运行   |  否   |  179800615
==================================================================


======================== 切片硬件状态 ========================
切片号 | 所属安全域 | 当前状态    | 路扩展 | LRU touched
------------------------------------------------------------------
  0    |   域0      | 正常运行   |  是   |  196899982
  1    |   域2      | 正常运行   |  否   |  196899982
  2    |   域0      | 正常运行   |  是   |  196899976
  3    |   域3      | 正常运行   |  否   |  196899983
==================================================================

[动态重分配] 周期196900000：预约迁移 冗余域0(1%) -> 切片0 -> 饥饿域3(31%)
[切片剥夺] 周期196900000：切片0（所属域0）进入待剥夺状态，禁止新替换
[切片剥夺] 周期196900000：切片0在途请求已清空，开始执行脏行写回
[切片管理] 周期196900077：原域0仅剩1个切片，关闭路扩展模式
[动态重分配] 周期196900077：切片0写回完成，自动绑定到域3
[切片管理] 成功绑定切片0 → 安全域3，触发【路扩展模式】

======================== 切片硬件状态 ========================
切片号 | 所属安全域 | 当前状态    | 路扩展 | LRU touched
------------------------------------------------------------------
  0    |   域3      | 正常运行   |  是   |  196900077
  1    |   域2      | 正常运行   |  否   |  196899982
  2    |   域0      | 正常运行   |  否   |  196899976
  3    |   域3      | 正常运行   |  是   |  196900071
==================================================================


======================== 切片硬件状态 ========================
切片号 | 所属安全域 | 当前状态    | 路扩展 | LRU touched
------------------------------------------------------------------
  0    |   域3      | 正常运行   |  是   |  199999999
  1    |   域2      | 正常运行   |  否   |  199999967
  2    |   域0      | 正常运行   |  否   |  199999999
  3    |   域3      | 正常运行   |  是   |  199999989
==================================================================

[动态重分配] 周期200000000：预约迁移 冗余域3(8%) -> 切片3 -> 饥饿域0(21%)
[切片剥夺] 周期200000000：切片3（所属域3）进入待剥夺状态，禁止新替换
[切片剥夺] 周期200000000：切片3在途请求已清空，开始执行脏行写回
[切片管理] 周期200000014：原域3仅剩1个切片，关闭路扩展模式
[动态重分配] 周期200000014：切片3写回完成，自动绑定到域0
[切片管理] 成功绑定切片3 → 安全域0，触发【路扩展模式】

======================== 切片硬件状态 ========================
切片号 | 所属安全域 | 当前状态    | 路扩展 | LRU touched
------------------------------------------------------------------
  0    |   域3      | 正常运行   |  否   |  199999999
  1    |   域2      | 正常运行   |  否   |  199999967
  2    |   域0      | 正常运行   |  是   |  199999999
  3    |   域0      | 正常运行   |  是   |  200000014
==================================================================


**** Debug Statistics at 201000000 Cycles *****
Threads: 4		Fetch Width: 8
No of useful instructions fetched:	319994213 (19.90% proc util.)
No of total instructions fetched:	423847415 (26.36% proc util.)
 includes 20714306 misfetch (4.9%), 83138896 (19.6%) wrong-path fetches
 and 0 flushed after failed lock(0.0%)
No of useful instructions issued/executed:	319994096 (19.90% proc util.)
No of total instructions issued/executed:	363711812 (22.62% proc util.)
 includes 43717716 wrong-path (12.0%) insts and 0 flushed (0.0%)
	fp 65822966, 18.10%
	synch 0, 0.00%
	integer 156684612, 43.08%
	load/store 141204234, 38.82%
Avg size of int IQ (before scheduling): 8.08
Avg size of fp IQ (before scheduling): 5.82
No of cycles taken:		201000000
Parallelism [ 0.390, 0.000, 0.377, 0.824,] = 1.592
 IQ conflicts: 2909509 (1.45%), FQ conflicts: 753769 (0.38%) 
 I reg conflicts: 23731565 (11.81%), FP reg conflicts: 99269270 (49.39%)
  Activelist confs: 915 (0.00%), ROB confs: 351125 (0.17%)
  Int unit conflicts: 30096765 (14.97%), FP unit conflicts: 302192 (0.15%)
  Load/store unit conflicts: 27728073 (13.80%)
  MSHR conflicts: 93711253 (46.62%)
----------------------------------------
==== System-wide Cache Statistics ====
Stall for miss queue full 131 cycles (0.00%)
----------------------------------------
==== Statistics for Master ID: 0 ====
Reads: 70436994   Writes: 11587095
ICACHE: size: 64 KB assoc: 2
ICACHE: hits:40989840 misses:1134545  Hit Ratio: 97.31%
DCACHE: size: 2*16 KB assoc: 2*4
DCACHE: hits:38894760 misses:1005117 writebacks:307425  Hit Ratio: 97.48%
SCACHE: size: 512 KB assoc: 2
SCACHE: hits:1452706 misses:686782  Hit Ratio: 67.90%
3CACHE: size: 4096 KB assoc: 2
3CACHE: hits:546135 misses:140647  Hit Ratio: 79.52%
3CACHE: dirty items replaced:23921
ITLB: size: 48, misses 83028, miss rate 0.20%
DTLB: size: 128, misses 81261, miss rate 0.20%
Avg mem delay: 3.648 cycles
----------------------------------------
==== Statistics for Master ID: 2 ====
Reads: 61910440   Writes: 9973374
ICACHE: size: 64 KB assoc: 2
ICACHE: hits:35891660 misses:1252605  Hit Ratio: 96.63%
DCACHE: size: 1*16 KB assoc: 1*4
DCACHE: hits:34023794 misses:715957 writebacks:170270  Hit Ratio: 97.94%
SCACHE: size: 512 KB assoc: 2
SCACHE: hits:1338216 misses:630144  Hit Ratio: 67.99%
3CACHE: size: 4096 KB assoc: 2
3CACHE: hits:471687 misses:158457  Hit Ratio: 74.85%
3CACHE: dirty items replaced:25184
ITLB: size: 48, misses 129045, miss rate 0.35%
DTLB: size: 128, misses 80722, miss rate 0.23%
Avg mem delay: 3.648 cycles
----------------------------------------
==== Statistics for Master ID: 3 ====
Reads: 114813414   Writes: 6829259
ICACHE: size: 64 KB assoc: 2
ICACHE: hits:55283389 misses:46585  Hit Ratio: 99.92%
DCACHE: size: 1*16 KB assoc: 1*4
DCACHE: hits:64016160 misses:2296571 writebacks:879022  Hit Ratio: 96.54%
SCACHE: size: 512 KB assoc: 2
SCACHE: hits:423499 misses:1919625  Hit Ratio: 18.07%
3CACHE: size: 4096 KB assoc: 2
3CACHE: hits:435571 misses:1484054  Hit Ratio: 22.69%
3CACHE: dirty items replaced:128351
ITLB: size: 48, misses 3168, miss rate 0.01%
DTLB: size: 128, misses 40145, miss rate 0.06%
Avg mem delay: 3.648 cycles
----------------------------------------
==== Global Resource Utilization ====
STASH: size: 65536 entries, full 615573169, empty 24009673, misses 2291536, full rate 95.90
icache bank util. 0.086 0.089 0.085 0.092 0.092 0.096 0.085 0.081 
dcache bank util. 0.098 0.099 0.094 0.101 0.108 0.095 0.092 0.095 
L2 bank util. 0.031 0.032 0.031 0.032 0.031 0.029 0.030 0.030 
L1-L2 bus util. = 0.117, L3 util. = 0.089
----------------------------------------

======================== 切片硬件状态 ========================
切片号 | 所属安全域 | 当前状态    | 路扩展 | LRU touched
------------------------------------------------------------------
  0    |   域3      | 正常运行   |  否   |  200999964
  1    |   域2      | 正常运行   |  否   |  200999919
  2    |   域0      | 正常运行   |  是   |  200999963
  3    |   域0      | 正常运行   |  是   |  200999961
==================================================================

branch prediction, hits = 20363798, misses = 4122741, hit rate = 83.16%
return_stack prediction, hits = 2145520, misses = 3717, hit rate = 99.83%
jump prediction, hits = 16779672, misses = 5947291, hit rate = 73.83%

======================== 切片硬件状态 ========================
切片号 | 所属安全域 | 当前状态    | 路扩展 | LRU touched
------------------------------------------------------------------
  0    |   域3      | 正常运行   |  否   |  205299880
  1    |   域2      | 正常运行   |  否   |  205299922
  2    |   域0      | 正常运行   |  是   |  205299999
  3    |   域0      | 正常运行   |  是   |  205299877
==================================================================

[动态重分配] 周期205300000：预约迁移 冗余域0(10%) -> 切片2 -> 饥饿域2(37%)
[切片剥夺] 周期205300000：切片2（所属域0）进入待剥夺状态，禁止新替换
[切片剥夺] 周期205300056：切片2在途请求已清空，开始执行脏行写回
[切片管理] 周期205300109：原域0仅剩1个切片，关闭路扩展模式
[动态重分配] 周期205300109：切片2写回完成，自动绑定到域2
[切片管理] 成功绑定切片2 → 安全域2，触发【路扩展模式】

======================== 切片硬件状态 ========================
切片号 | 所属安全域 | 当前状态    | 路扩展 | LRU touched
------------------------------------------------------------------
  0    |   域3      | 正常运行   |  否   |  205300085
  1    |   域2      | 正常运行   |  是   |  205299922
  2    |   域2      | 正常运行   |  是   |  205300109
  3    |   域0      | 正常运行   |  否   |  205300067
==================================================================


======================== 切片硬件状态 ========================
切片号 | 所属安全域 | 当前状态    | 路扩展 | LRU touched
------------------------------------------------------------------
  0    |   域3      | 正常运行   |  否   |  205499983
  1    |   域2      | 正常运行   |  是   |  205499949
  2    |   域2      | 正常运行   |  是   |  205499698
  3    |   域0      | 正常运行   |  否   |  205499987
==================================================================

[动态重分配] 周期205500000：预约迁移 冗余域2(15%) -> 切片1 -> 饥饿域0(35%)
[切片剥夺] 周期205500000：切片1（所属域2）进入待剥夺状态，禁止新替换
[切片剥夺] 周期205500000：切片1在途请求已清空，开始执行脏行写回
[切片管理] 周期205500098：原域2仅剩1个切片，关闭路扩展模式
[动态重分配] 周期205500098：切片1写回完成，自动绑定到域0
[切片管理] 成功绑定切片1 → 安全域0，触发【路扩展模式】

======================== 切片硬件状态 ========================
切片号 | 所属安全域 | 当前状态    | 路扩展 | LRU touched
------------------------------------------------------------------
  0    |   域3      | 正常运行   |  否   |  205499983
  1    |   域0      | 正常运行   |  是   |  205500098
  2    |   域2      | 正常运行   |  否   |  205499698
  3    |   域0      | 正常运行   |  是   |  205500098
==================================================================


======================== 切片硬件状态 ========================
切片号 | 所属安全域 | 当前状态    | 路扩展 | LRU touched
------------------------------------------------------------------
  0    |   域3      | 正常运行   |  否   |  207799992
  1    |   域0      | 正常运行   |  是   |  207799998
  2    |   域2      | 正常运行   |  否   |  207799993
  3    |   域0      | 正常运行   |  是   |  207799998
==================================================================

[动态重分配] 周期207800000：预约迁移 冗余域0(0%) -> 切片1 -> 饥饿域2(25%)
[切片剥夺] 周期207800000：切片1（所属域0）进入待剥夺状态，禁止新替换
[切片剥夺] 周期207800196：切片1在途请求已清空，开始执行脏行写回
[切片管理] 周期207806852：原域0仅剩1个切片，关闭路扩展模式
[动态重分配] 周期207806852：切片1写回完成，自动绑定到域2
[切片管理] 成功绑定切片1 → 安全域2，触发【路扩展模式】

======================== 切片硬件状态 ========================
切片号 | 所属安全域 | 当前状态    | 路扩展 | LRU touched
------------------------------------------------------------------
  0    |   域3      | 正常运行   |  否   |  207806835
  1    |   域2      | 正常运行   |  是   |  207806852
  2    |   域2      | 正常运行   |  是   |  207806835
  3    |   域0      | 正常运行   |  否   |  207806586
==================================================================


======================== 切片硬件状态 ========================
切片号 | 所属安全域 | 当前状态    | 路扩展 | LRU touched
------------------------------------------------------------------
  0    |   域3      | 正常运行   |  否   |  265899992
  1    |   域2      | 正常运行   |  是   |  265897077
  2    |   域2      | 正常运行   |  是   |  265899638
  3    |   域0      | 正常运行   |  否   |  265899639
==================================================================

[动态重分配] 周期265900000：预约迁移 冗余域2(0%) -> 切片1 -> 饥饿域3(18%)
[切片剥夺] 周期265900000：切片1（所属域2）进入待剥夺状态，禁止新替换
[切片剥夺] 周期265900000：切片1在途请求已清空，开始执行脏行写回
[切片管理] 周期265902131：原域2仅剩1个切片，关闭路扩展模式
[动态重分配] 周期265902131：切片1写回完成，自动绑定到域3
[切片管理] 成功绑定切片1 → 安全域3，触发【路扩展模式】

======================== 切片硬件状态 ========================
切片号 | 所属安全域 | 当前状态    | 路扩展 | LRU touched
------------------------------------------------------------------
  0    |   域3      | 正常运行   |  是   |  265902125
  1    |   域3      | 正常运行   |  是   |  265902131
  2    |   域2      | 正常运行   |  否   |  265902026
  3    |   域0      | 正常运行   |  否   |  265902023
==================================================================


======================== 切片硬件状态 ========================
切片号 | 所属安全域 | 当前状态    | 路扩展 | LRU touched
------------------------------------------------------------------
  0    |   域3      | 正常运行   |  是   |  284200000
  1    |   域3      | 正常运行   |  是   |  284199999
  2    |   域2      | 正常运行   |  否   |  284199999
  3    |   域0      | 正常运行   |  否   |  284199998
==================================================================

[动态重分配] 周期284200000：预约迁移 冗余域3(1%) -> 切片0 -> 饥饿域0(18%)
[切片剥夺] 周期284200000：切片0（所属域3）进入待剥夺状态，禁止新替换
[切片剥夺] 周期284200016：切片0在途请求已清空，开始执行脏行写回
[切片管理] 周期284200237：原域3仅剩1个切片，关闭路扩展模式
[动态重分配] 周期284200237：切片0写回完成，自动绑定到域0
[切片管理] 成功绑定切片0 → 安全域0，触发【路扩展模式】

======================== 切片硬件状态 ========================
切片号 | 所属安全域 | 当前状态    | 路扩展 | LRU touched
------------------------------------------------------------------
  0    |   域0      | 正常运行   |  是   |  284200237
  1    |   域3      | 正常运行   |  否   |  284200235
  2    |   域2      | 正常运行   |  否   |  284200237
  3    |   域0      | 正常运行   |  是   |  284200236
==================================================================


======================== 切片硬件状态 ========================
切片号 | 所属安全域 | 当前状态    | 路扩展 | LRU touched
------------------------------------------------------------------
  0    |   域0      | 正常运行   |  是   |  291685445
  1    |   域3      | 正常运行   |  否   |  291699978
  2    |   域2      | 正常运行   |  否   |  291699976
  3    |   域0      | 正常运行   |  是   |  291699977
==================================================================

[动态重分配] 周期291700000：预约迁移 冗余域0(0%) -> 切片0 -> 饥饿域3(31%)
[切片剥夺] 周期291700000：切片0（所属域0）进入待剥夺状态，禁止新替换
[切片剥夺] 周期291700000：切片0在途请求已清空，开始执行脏行写回
[切片管理] 周期291700761：原域0仅剩1个切片，关闭路扩展模式
[动态重分配] 周期291700761：切片0写回完成，自动绑定到域3
[切片管理] 成功绑定切片0 → 安全域3，触发【路扩展模式】

======================== 切片硬件状态 ========================
切片号 | 所属安全域 | 当前状态    | 路扩展 | LRU touched
------------------------------------------------------------------
  0    |   域3      | 正常运行   |  是   |  291700761
  1    |   域3      | 正常运行   |  是   |  291700761
  2    |   域2      | 正常运行   |  否   |  291700761
  3    |   域0      | 正常运行   |  否   |  291700761
==================================================================


======================== 切片硬件状态 ========================
切片号 | 所属安全域 | 当前状态    | 路扩展 | LRU touched
------------------------------------------------------------------
  0    |   域3      | 正常运行   |  是   |  298399867
  1    |   域3      | 正常运行   |  是   |  298399881
  2    |   域2      | 正常运行   |  否   |  298399887
  3    |   域0      | 正常运行   |  否   |  298399811
==================================================================

[动态重分配] 周期298400000：预约迁移 冗余域3(1%) -> 切片0 -> 饥饿域0(62%)
[切片剥夺] 周期298400000：切片0（所属域3）进入待剥夺状态，禁止新替换
[切片剥夺] 周期298400000：切片0在途请求已清空，开始执行脏行写回
[切片管理] 周期298400191：原域3仅剩1个切片，关闭路扩展模式
[动态重分配] 周期298400191：切片0写回完成，自动绑定到域0
[切片管理] 成功绑定切片0 → 安全域0，触发【路扩展模式】

======================== 切片硬件状态 ========================
切片号 | 所属安全域 | 当前状态    | 路扩展 | LRU touched
------------------------------------------------------------------
  0    |   域0      | 正常运行   |  是   |  298400191
  1    |   域3      | 正常运行   |  否   |  298400191
  2    |   域2      | 正常运行   |  否   |  298400175
  3    |   域0      | 正常运行   |  是   |  298400165
==================================================================


**** Debug Statistics at 301000000 Cycles *****
Threads: 4		Fetch Width: 8
No of useful instructions fetched:	501346053 (20.82% proc util.)
No of total instructions fetched:	684731541 (28.44% proc util.)
 includes 36357061 misfetch (5.3%), 147028427 (21.5%) wrong-path fetches
 and 0 flushed after failed lock(0.0%)
No of useful instructions issued/executed:	501346037 (20.82% proc util.)
No of total instructions issued/executed:	578074823 (24.01% proc util.)
 includes 76728786 wrong-path (13.3%) insts and 0 flushed (0.0%)
	fp 101372268, 17.54%
	synch 0, 0.00%
	integer 255320013, 44.17%
	load/store 221382542, 38.30%
Avg size of int IQ (before scheduling): 10.03
Avg size of fp IQ (before scheduling): 12.32
No of cycles taken:		301000000
Parallelism [ 0.447, 0.000, 0.413, 0.805,] = 1.666
 IQ conflicts: 6460662 (2.15%), FQ conflicts: 15467989 (5.14%) 
 I reg conflicts: 31155326 (10.35%), FP reg conflicts: 130467238 (43.34%)
  Activelist confs: 2641 (0.00%), ROB confs: 444917 (0.15%)
  Int unit conflicts: 59364332 (19.72%), FP unit conflicts: 839485 (0.28%)
  Load/store unit conflicts: 48584355 (16.14%)
  MSHR conflicts: 183713130 (61.03%)
----------------------------------------
==== System-wide Cache Statistics ====
Stall for miss queue full 464 cycles (0.00%)
----------------------------------------
==== Statistics for Master ID: 0 ====
Reads: 117827619   Writes: 19135838
ICACHE: size: 64 KB assoc: 2
ICACHE: hits:67806982 misses:1840441  Hit Ratio: 97.36%
DCACHE: size: 2*16 KB assoc: 2*4
DCACHE: hits:65620327 misses:1696129 writebacks:546888  Hit Ratio: 97.48%
SCACHE: size: 512 KB assoc: 2
SCACHE: hits:2351786 misses:1184361  Hit Ratio: 66.51%
3CACHE: size: 4096 KB assoc: 2
3CACHE: hits:954464 misses:229897  Hit Ratio: 80.59%
3CACHE: dirty items replaced:54027
ITLB: size: 48, misses 115085, miss rate 0.17%
DTLB: size: 128, misses 142155, miss rate 0.21%
Avg mem delay: 3.854 cycles
----------------------------------------
==== Statistics for Master ID: 2 ====
Reads: 104246914   Writes: 17289722
ICACHE: size: 64 KB assoc: 2
ICACHE: hits:59645747 misses:2074953  Hit Ratio: 96.64%
DCACHE: size: 1*16 KB assoc: 1*4
DCACHE: hits:58625485 misses:1190812 writebacks:303584  Hit Ratio: 98.01%
SCACHE: size: 512 KB assoc: 2
SCACHE: hits:2133120 misses:1132284  Hit Ratio: 65.32%
3CACHE: size: 4096 KB assoc: 2
3CACHE: hits:880325 misses:251959  Hit Ratio: 77.75%
3CACHE: dirty items replaced:55260
ITLB: size: 48, misses 187985, miss rate 0.30%
DTLB: size: 128, misses 139656, miss rate 0.23%
Avg mem delay: 3.854 cycles
----------------------------------------
==== Statistics for Master ID: 3 ====
Reads: 167605411   Writes: 8874224
ICACHE: size: 64 KB assoc: 2
ICACHE: hits:82620749 misses:66712  Hit Ratio: 99.92%
DCACHE: size: 1*16 KB assoc: 1*4
DCACHE: hits:90355332 misses:3437000 writebacks:1090724  Hit Ratio: 96.34%
SCACHE: size: 512 KB assoc: 2
SCACHE: hits:606131 misses:2897423  Hit Ratio: 17.30%
3CACHE: size: 4096 KB assoc: 2
3CACHE: hits:696847 misses:2200576  Hit Ratio: 24.05%
3CACHE: dirty items replaced:307623
ITLB: size: 48, misses 3499, miss rate 0.00%
DTLB: size: 128, misses 60326, miss rate 0.06%
Avg mem delay: 3.854 cycles
----------------------------------------
==== Global Resource Utilization ====
STASH: size: 65536 entries, full 921584279, empty 32960512, misses 3071471, full rate 96.24
icache bank util. 0.092 0.095 0.088 0.092 0.095 0.104 0.094 0.091 
dcache bank util. 0.104 0.101 0.097 0.105 0.109 0.100 0.098 0.101 
L2 bank util. 0.032 0.034 0.032 0.034 0.033 0.031 0.032 0.032 
L1-L2 bus util. = 0.122, L3 util. = 0.089
----------------------------------------

======================== 切片硬件状态 ========================
切片号 | 所属安全域 | 当前状态    | 路扩展 | LRU touched
------------------------------------------------------------------
  0    |   域0      | 正常运行   |  是   |  300999488
  1    |   域3      | 正常运行   |  否   |  300999871
  2    |   域2      | 正常运行   |  否   |  300999797
  3    |   域0      | 正常运行   |  是   |  300999487
==================================================================

branch prediction, hits = 34086367, misses = 6610042, hit rate = 83.76%
return_stack prediction, hits = 3401303, misses = 4351, hit rate = 99.87%
jump prediction, hits = 27216480, misses = 9754489, hit rate = 73.62%
 block_
======================== 切片硬件状态 ========================
切片号 | 所属安全域 | 当前状态    | 路扩展 | LRU touched
------------------------------------------------------------------
  0    |   域0      | 正常运行   |  是   |  305399379
  1    |   域3      | 正常运行   |  否   |  305399969
  2    |   域2      | 正常运行   |  否   |  305399832
  3    |   域0      | 正常运行   |  是   |  305399378
==================================================================

[动态重分配] 周期305400000：预约迁移 冗余域0(0%) -> 切片0 -> 饥饿域3(16%)
[切片剥夺] 周期305400000：切片0（所属域0）进入待剥夺状态，禁止新替换
[切片剥夺] 周期305400000：切片0在途请求已清空，开始执行脏行写回
[切片管理] 周期305400334：原域0仅剩1个切片，关闭路扩展模式
[动态重分配] 周期305400334：切片0写回完成，自动绑定到域3
[切片管理] 成功绑定切片0 → 安全域3，触发【路扩展模式】

======================== 切片硬件状态 ========================
切片号 | 所属安全域 | 当前状态    | 路扩展 | LRU touched
------------------------------------------------------------------
  0    |   域3      | 正常运行   |  是   |  305400334
  1    |   域3      | 正常运行   |  是   |  305400319
  2    |   域2      | 正常运行   |  否   |  305400319
  3    |   域0      | 正常运行   |  否   |  305400319
==================================================================


======================== 切片硬件状态 ========================
切片号 | 所属安全域 | 当前状态    | 路扩展 | LRU touched
------------------------------------------------------------------
  0    |   域3      | 正常运行   |  是   |  354599889
  1    |   域3      | 正常运行   |  是   |  354599890
  2    |   域2      | 正常运行   |  否   |  354599814
  3    |   域0      | 正常运行   |  否   |  354599890
==================================================================

[动态重分配] 周期354600000：预约迁移 冗余域3(2%) -> 切片0 -> 饥饿域2(14%)
[切片剥夺] 周期354600000：切片0（所属域3）进入待剥夺状态，禁止新替换
[切片剥夺] 周期354600000：切片0在途请求已清空，开始执行脏行写回
[切片管理] 周期354600104：原域3仅剩1个切片，关闭路扩展模式
[动态重分配] 周期354600104：切片0写回完成，自动绑定到域2
[切片管理] 成功绑定切片0 → 安全域2，触发【路扩展模式】

======================== 切片硬件状态 ========================
切片号 | 所属安全域 | 当前状态    | 路扩展 | LRU touched
------------------------------------------------------------------
  0    |   域2      | 正常运行   |  是   |  354600104
  1    |   域3      | 正常运行   |  否   |  354599890
  2    |   域2      | 正常运行   |  是   |  354599814
  3    |   域0      | 正常运行   |  否   |  354599890
==================================================================


**** Debug Statistics at 401000000 Cycles *****
Threads: 4		Fetch Width: 8
No of useful instructions fetched:	697827499 (21.75% proc util.)
No of total instructions fetched:	942837430 (29.39% proc util.)
 includes 46200765 misfetch (4.9%), 198809166 (21.1%) wrong-path fetches
 and 0 flushed after failed lock(0.0%)
No of useful instructions issued/executed:	697827460 (21.75% proc util.)
No of total instructions issued/executed:	801018514 (24.97% proc util.)
 includes 103191054 wrong-path (12.9%) insts and 0 flushed (0.0%)
	fp 138348768, 17.27%
	synch 0, 0.00%
	integer 358770862, 44.79%
	load/store 303898884, 37.94%
Avg size of int IQ (before scheduling): 10.55
Avg size of fp IQ (before scheduling): 11.20
No of cycles taken:		401000000
Parallelism [ 0.475, 0.000, 0.449, 0.816,] = 1.740
 IQ conflicts: 8210278 (2.05%), FQ conflicts: 15468325 (3.86%) 
 I reg conflicts: 35874964 (8.95%), FP reg conflicts: 181124055 (45.17%)
  Activelist confs: 3150 (0.00%), ROB confs: 535404 (0.13%)
  Int unit conflicts: 89049214 (22.21%), FP unit conflicts: 2100893 (0.52%)
  Load/store unit conflicts: 67490096 (16.83%)
  MSHR conflicts: 246276767 (61.42%)
----------------------------------------
==== System-wide Cache Statistics ====
Stall for miss queue full 491 cycles (0.00%)
----------------------------------------
==== Statistics for Master ID: 0 ====
Reads: 161605385   Writes: 25760084
ICACHE: size: 64 KB assoc: 2
ICACHE: hits:93341681 misses:2359084  Hit Ratio: 97.53%
DCACHE: size: 1*16 KB assoc: 1*4
DCACHE: hits:89570760 misses:2094458 writebacks:718252  Hit Ratio: 97.72%
SCACHE: size: 512 KB assoc: 2
SCACHE: hits:3004194 misses:1448832  Hit Ratio: 67.46%
3CACHE: size: 4096 KB assoc: 2
3CACHE: hits:1139327 misses:309505  Hit Ratio: 78.64%
3CACHE: dirty items replaced:88317
ITLB: size: 48, misses 167685, miss rate 0.18%
DTLB: size: 128, misses 189381, miss rate 0.21%
Avg mem delay: 3.818 cycles
----------------------------------------
==== Statistics for Master ID: 2 ====
Reads: 148232583   Writes: 24613439
ICACHE: size: 64 KB assoc: 2
ICACHE: hits:85240227 misses:2555919  Hit Ratio: 97.09%
DCACHE: size: 2*16 KB assoc: 2*4
DCACHE: hits:83383717 misses:1666520 writebacks:454184  Hit Ratio: 98.04%
SCACHE: size: 512 KB assoc: 2
SCACHE: hits:2768303 misses:1453775  Hit Ratio: 65.57%
3CACHE: size: 4096 KB assoc: 2
3CACHE: hits:1115069 misses:338705  Hit Ratio: 76.70%
3CACHE: dirty items replaced:87351
ITLB: size: 48, misses 222693, miss rate 0.25%
DTLB: size: 128, misses 192616, miss rate 0.23%
Avg mem delay: 3.818 cycles
----------------------------------------
==== Statistics for Master ID: 3 ====
Reads: 226162579   Writes: 12000410
ICACHE: size: 64 KB assoc: 2
ICACHE: hits:111441834 misses:88922  Hit Ratio: 99.92%
DCACHE: size: 1*16 KB assoc: 1*4
DCACHE: hits:122181826 misses:4450596 writebacks:1505573  Hit Ratio: 96.49%
SCACHE: size: 512 KB assoc: 2
SCACHE: hits:753936 misses:3785393  Hit Ratio: 16.61%
3CACHE: size: 4096 KB assoc: 2
3CACHE: hits:911350 misses:2874043  Hit Ratio: 24.08%
3CACHE: dirty items replaced:522899
ITLB: size: 48, misses 3875, miss rate 0.00%
DTLB: size: 128, misses 80166, miss rate 0.06%
Avg mem delay: 3.818 cycles
----------------------------------------
==== Global Resource Utilization ====
STASH: size: 65536 entries, full 1229127549, empty 41300707, misses 3796781, full rate 96.46
icache bank util. 0.094 0.098 0.094 0.097 0.098 0.103 0.096 0.094 
dcache bank util. 0.107 0.103 0.099 0.106 0.109 0.105 0.105 0.104 
L2 bank util. 0.031 0.033 0.031 0.033 0.032 0.030 0.031 0.031 
L1-L2 bus util. = 0.119, L3 util. = 0.088
----------------------------------------

======================== 切片硬件状态 ========================
切片号 | 所属安全域 | 当前状态    | 路扩展 | LRU touched
------------------------------------------------------------------
  0    |   域2      | 正常运行   |  是   |  400999964
  1    |   域3      | 正常运行   |  否   |  400999999
  2    |   域2      | 正常运行   |  是   |  400999972
  3    |   域0      | 正常运行   |  否   |  400999999
==================================================================

branch prediction, hits = 47932608, misses = 8900353, hit rate = 84.34%
return_stack prediction, hits = 4663368, misses = 6279, hit rate = 99.87%
jump prediction, hits = 39235140, misses = 12498947, hit rate = 75.84%

======================== 切片硬件状态 ========================
切片号 | 所属安全域 | 当前状态    | 路扩展 | LRU touched
------------------------------------------------------------------
  0    |   域2      | 正常运行   |  是   |  439899857
  1    |   域3      | 正常运行   |  否   |  439899872
  2    |   域2      | 正常运行   |  是   |  439899856
  3    |   域0      | 正常运行   |  否   |  439899865
==================================================================

[动态重分配] 周期439900000：预约迁移 冗余域2(5%) -> 切片2 -> 饥饿域0(21%)
[切片剥夺] 周期439900000：切片2（所属域2）进入待剥夺状态，禁止新替换
[切片剥夺] 周期439900000：切片2在途请求已清空，开始执行脏行写回
[切片管理] 周期439902390：原域2仅剩1个切片，关闭路扩展模式
[动态重分配] 周期439902390：切片2写回完成，自动绑定到域0
[切片管理] 成功绑定切片2 → 安全域0，触发【路扩展模式】

======================== 切片硬件状态 ========================
切片号 | 所属安全域 | 当前状态    | 路扩展 | LRU touched
------------------------------------------------------------------
  0    |   域2      | 正常运行   |  否   |  439902380
  1    |   域3      | 正常运行   |  否   |  439902387
  2    |   域0      | 正常运行   |  是   |  439902390
  3    |   域0      | 正常运行   |  是   |  439902386
==================================================================


======================== 切片硬件状态 ========================
切片号 | 所属安全域 | 当前状态    | 路扩展 | LRU touched
------------------------------------------------------------------
  0    |   域2      | 正常运行   |  否   |  442999971
  1    |   域3      | 正常运行   |  否   |  442999962
  2    |   域0      | 正常运行   |  是   |  442999942
  3    |   域0      | 正常运行   |  是   |  442999924
==================================================================

[动态重分配] 周期443000000：预约迁移 冗余域0(2%) -> 切片2 -> 饥饿域2(13%)
[切片剥夺] 周期443000000：切片2（所属域0）进入待剥夺状态，禁止新替换
[切片剥夺] 周期443000000：切片2在途请求已清空，开始执行脏行写回
[切片管理] 周期443000044：原域0仅剩1个切片，关闭路扩展模式
[动态重分配] 周期443000044：切片2写回完成，自动绑定到域2
[切片管理] 成功绑定切片2 → 安全域2，触发【路扩展模式】

======================== 切片硬件状态 ========================
切片号 | 所属安全域 | 当前状态    | 路扩展 | LRU touched
------------------------------------------------------------------
  0    |   域2      | 正常运行   |  是   |  442999971
  1    |   域3      | 正常运行   |  否   |  442999962
  2    |   域2      | 正常运行   |  是   |  443000044
  3    |   域0      | 正常运行   |  否   |  442999924
==================================================================


======================== 切片硬件状态 ========================
切片号 | 所属安全域 | 当前状态    | 路扩展 | LRU touched
------------------------------------------------------------------
  0    |   域2      | 正常运行   |  是   |  444800000
  1    |   域3      | 正常运行   |  否   |  444799999
  2    |   域2      | 正常运行   |  是   |  444800000
  3    |   域0      | 正常运行   |  否   |  444799998
==================================================================

[动态重分配] 周期444800000：预约迁移 冗余域2(0%) -> 切片0 -> 饥饿域0(32%)
[切片剥夺] 周期444800000：切片0（所属域2）进入待剥夺状态，禁止新替换
[切片剥夺] 周期444800000：切片0在途请求已清空，开始执行脏行写回
[切片管理] 周期444804964：原域2仅剩1个切片，关闭路扩展模式
[动态重分配] 周期444804964：切片0写回完成，自动绑定到域0
[切片管理] 成功绑定切片0 � dgemm_� 安全域0，触发【路扩展模式】

======================== 切片硬件状态 ========================
切片号 | 所属安全域 | 当前状态    | 路扩展 | LRU touched
------------------------------------------------------------------
  0    |   域0      | 正常运行   |  是   |  444804964
  1    |   域3      | 正常运行   |  否   |  444804964
  2    |   域2      | 正常运行   |  否   |  444804948
  3    |   域0      | 正常运行   |  是   |  444804958
==================================================================


======================== 切片硬件状态 ========================
切片号 | 所属安全域 | 当前状态    | 路扩展 | LRU touched
------------------------------------------------------------------
  0    |   域0      | 正常运行   |  是   |  486899896
  1    |   域3      | 正常运行   |  否   |  486899999
  2    |   域2      | 正常运行   |  否   |  486899928
  3    |   域0      | 正常运行   |  是   |  486900000
==================================================================

[动态重分配] 周期486900000：预约迁移 冗余域0(1%) -> 切片3 -> 饥饿域2(24%)
[切片剥夺] 周期486900000：切片3（所属域0）进入待剥夺状态，禁止新替换
[切片剥夺] 周期486900000：切片3在途请求已清空，开始执行脏行写回
[切片管理] 周期486900257：原域0仅剩1个切片，关闭路扩展模式
[动态重分配] 周期486900257：切片3写回完成，自动绑定到域2
[切片管理] 成功绑定切片3 → 安全域2，触发【路扩展模式】

======================== 切片硬件状态 ========================
切片号 | 所属安全域 | 当前状态    | 路扩展 | LRU touched
------------------------------------------------------------------
  0    |   域0      | 正常运行   |  否   |  486900018
  1    |   域3      | 正常运行   |  否   |  486900021
  2    |   域2      | 正常运行   |  是   |  486899928
  3    |   域2      | 正常运行   |  是   |  486900257
==================================================================


======================== 切片硬件状态 ========================
切片号 | 所属安全域 | 当前状态    | 路扩展 | LRU touched
------------------------------------------------------------------
  0    |   域0      | 正常运行   |  否   |  487199959
  1    |   域3      | 正常运行   |  否   |  487199936
  2    |   域2      | 正常运行   |  是   |  487199939
  3    |   域2      | 正常运行   |  是   |  487199923
==================================================================

[动态重分配] 周期487200000：预约迁移 冗余域2(5%) -> 切片2 -> 饥饿域0(31%)
[切片剥夺] 周期487200000：切片2（所属域2）进入待剥夺状态，禁止新替换
[切片剥夺] 周期487200000：切片2在途请求已清空，开始执行脏行写回
[切片管理] 周期487200041：原域2仅剩1个切片，关闭路扩展模式
[动态重分配] 周期487200041：切片2写回完成，自动绑定到域0
[切片管理] 成功绑定切片2 → 安全域0，触发【路扩展模式】

======================== 切片硬件状态 ========================
切片号 | 所属安全域 | 当前状态    | 路扩展 | LRU touched
------------------------------------------------------------------
  0    |   域0      | 正常运行   |  是   |  487199959
  1    |   域3      | 正常运行   |  否   |  487199936
  2    |   域0      | 正常运行   |  是   |  487200041
  3    |   域2      | 正常运行   |  否   |  487199923
==================================================================


======================== 切片硬件状态 ========================
切片号 | 所属安全域 | 当前状态    | 路扩展 | LRU touched
------------------------------------------------------------------
  0    |   域0      | 正常运行   |  是   |  488499937
  1    |   域3      | 正常运行   |  否   |  488499979
  2    |   域0      | 正常运行   |  是   |  488499977
  3    |   域2      | 正常运行   |  � blockdis_�   |  488499992
==================================================================

[动态重分配] 周期488500000：预约迁移 冗余域0(2%) -> 切片0 -> 饥饿域2(23%)
[切片剥夺] 周期488500000：切片0（所属域0）进入待剥夺状态，禁止新替换
[切片剥夺] 周期488500000：切片0在途请求已清空，开始执行脏行写回
[切片管理] 周期488500115：原域0仅剩1个切片，关闭路扩展模式
[动态重分配] 周期488500115：切片0写回完成，自动绑定到域2
[切片管理] 成功绑定切片0 → 安全域2，触发【路扩展模式】

======================== 切片硬件状态 ========================
切片号 | 所属安全域 | 当前状态    | 路扩展 | LRU touched
------------------------------------------------------------------
  0    |   域2      | 正常运行   |  是   |  488500115
  1    |   域3      | 正常运行   |  否   |  488499979
  2    |   域0      | 正常运行   |  否   |  488499977
  3    |   域2      | 正常运行   |  是   |  488500114
==================================================================


**** Debug Statistics at 501000000 Cycles *****
Threads: 4		Fetch Width: 8
No of useful instructions fetched:	887946349 (22.15% proc util.)
No of total instructions fetched:	1182851544 (29.51% proc util.)
 includes 54478258 misfetch (4.6%), 240426937 (20.3%) wrong-path fetches
 and 0 flushed after failed lock(0.0%)
No of useful instructions issued/executed:	887946328 (22.15% proc util.)
No of total instructions issued/executed:	1013486678 (25.29% proc util.)
 includes 125540350 wrong-path (12.4%) insts and 0 flushed (0.0%)
	fp 175924623, 17.36%
	synch 0, 0.00%
	integer 452184468, 44.62%
	load/store 385377587, 38.02%
Avg size of int IQ (before scheduling): 10.23
Avg size of fp IQ (before scheduling): 10.11
No of cycles taken:		501000000
Parallelism [ 0.477, 0.000, 0.465, 0.830,] = 1.772
 IQ conflicts: 8731336 (1.74%), FQ conflicts: 15468325 (3.09%) 
 I reg conflicts: 39310720 (7.85%), FP reg conflicts: 235307708 (46.97%)
  Activelist confs: 3254 (0.00%), ROB confs: 589629 (0.12%)
  Int unit conflicts: 110195935 (22.00%), FP unit conflicts: 2258304 (0.45%)
  Load/store unit conflicts: 85418499 (17.05%)
  MSHR conflicts: 271936914 (54.28%)
----------------------------------------
==== System-wide Cache Statistics ====
Stall for miss queue full 698 cycles (0.00%)
----------------------------------------
==== Statistics for Master ID: 0 ====
Reads: 201570832   Writes: 32894926
ICACHE: size: 64 KB assoc: 2
ICACHE: hits:116912851 misses:2812364  Hit Ratio: 97.65%
DCACHE: size: 1*16 KB assoc: 1*4
DCACHE: hits:112122283 misses:2618899 writebacks:922938  Hit Ratio: 97.72%
SCACHE: size: 512 KB assoc: 2
SCACHE: hits:3667451 misses:1763171  Hit Ratio: 67.53%
3CACHE: size: 4096 KB assoc: 2
3CACHE: hits:1368766 misses:394405  Hit Ratio: 77.63%
3CACHE: dirty items replaced:122967
ITLB: size: 48, misses 208846, miss rate 0.17%
DTLB: size: 128, misses 244996, miss rate 0.21%
Avg mem delay: 3.713 cycles
----------------------------------------
==== Statistics for Master ID: 2 ====
Reads: 188831012   Writes: 31393589
ICACHE: size: 64 KB assoc: 2
ICACHE: hits:109079303 misses:2994463  Hit Ratio: 97.33%
DCACHE: size: 2*16 KB assoc: 2*4
DCACHE: hits:105954082 misses:2197374 writebacks:575723  Hit Ratio: 97.97%
SCACHE: size: 512 KB assoc: 2
SCACHE: hits:3469986 misses:1721229  Hit Ratio: 66.84%
3CACHE: size: 4096 KB assoc: 2
3CACHE: hits:1316155 misses:405074  Hit Ratio: 76.47%
3CACHE: dirty items replaced:118599
ITLB: size: 48, misses 265203, miss rate 0.24%
DTLB: size: 128, misses 273897, miss rate 0.25%
Avg mem delay: 3.713 cycles
----------------------------------------
==== Statistics for Master ID: 3 ====
Reads: 290679708   Writes: 13211470
ICACHE: size: 64 KB assoc: 2
ICACHE: hits:141936711 misses:108357  Hit Ratio: 99.92%
DCACHE: size: 1*16 KB assoc: 1*4
DCACHE: hits:156466986 misses:5379313 writebacks:1663842  Hit Ratio: 96.68%
SCACHE: size: 512 KB assoc: 2
SCACHE: hits:960813 misses:4526668  Hit Ratio: 17.51%
3CACHE: size: 4096 KB assoc: 2
3CACHE: hits:1168059 misses:3358609  Hit Ratio: 25.80%
3CACHE: dirty items replaced:710448
ITLB: size: 48, misses 4873, miss rate 0.00%
DTLB: size: 128, misses 92890, miss rate 0.06%
Avg mem delay: 3.713 cycles
----------------------------------------
==== Global Resource Utilization ====
STASH: size: 65536 entries, full 1528272287, empty 49044277, misses 4482215, full rate 96.62
icache bank util. 0.094 0.099 0.096 0.101 0.101 0.102 0.096 0.093 
dcache bank util. 0.107 0.104 0.102 0.107 0.109 0.107 0.107 0.105 
L2 bank util. 0.030 0.032 0.031 0.031 0.031 0.029 0.030 0.030 
L1-L2 bus util. = 0.115, L3 util. = 0.083
----------------------------------------

======================== 切片硬件状态 ========================
切片号 | 所属安全域 | 当前状态    | 路扩展 | LRU touched
------------------------------------------------------------------
  0    |   域2      | 正常运行   |  是   |  500999979
  1    |   域3      | 正常运行   |  否   |  500999999
  2    |   域0      | 正常运行   |  否   |  500999999
  3    |   域2      | 正常运行   |  是   |  500999994
==================================================================

branch prediction, hits = 61341129, misses = 10809959, hit rate = 85.02%
return_stack prediction, hits = 6115360, misses = 8610, hit rate = 99.86%
jump prediction, hits = 51437968, misses = 14976680, hit rate = 77.45%

======================== 切片硬件状态 ========================
切片号 | 所属安全域 | 当前状态    | 路扩展 | LRU touched
------------------------------------------------------------------
  0    |   域2      | 正常运行   |  是   |  507699292
  1    |   域3      | 正常运行   |  否   |  507699981
  2    |   域0      | 正常运行   |  否   |  507699361
  3    |   域2      | 正常运行   |  是   |  507699292
==================================================================

[动态重分配] 周期507700000：预约迁移 冗余域2(1%) -> 切片0 -> 饥饿域3(31%)
[切片剥夺] 周期507700000：切片0（所属域2）进入待剥夺状态，禁止新替换
[切片剥夺] 周期507700000：切片0在途请求已清空，开始执行脏行写回
[切片管理] 周期507701293：原域2仅剩1个切片，关闭路扩展模式
[动态重分配] 周期507701293：切片0写回完成，自动绑定到域3
[切片管理] 成功绑定切片0 → 安全域3，触发【路扩展模式】

======================== 切片硬件状态 ========================
切片号 | 所属安全域 | 当前状态    | 路扩展 | LRU touched
------------------------------------------------------------------
  0    |   域3      | 正常运行   |  是   |  507701293
  1    |   域3      | 正常运行   |  是   |  507701278
  2    |   域0      | 正常运行   |  否   |  507701023
  3    |   域2      | 正常运行   |  否   |  507701058
==================================================================


======================== 切片硬件状态 ========================
切片号 | 所属安全域 | 当前状态    | 路扩展 | LRU touched
------------------------------------------------------------------
  0    |   域3      | 正常运行   |  是   |  512699933
  1    |   域3      | 正常运行   |  是   |  512699934
  2    |   域0      | 正常运行   |  否   |  512699935
  3    |   域2      | 正常运行   |  否   |  512699917
==================================================================

[动态重分配] 周期512700000：预约迁移 冗余域3(1%) -> 切片0 -> 饥饿域2(14%)
[切片剥夺] 周期512700000：切片0（所属域3）进入待剥夺状态，禁止新替换
[切片剥夺] 周期512700184：切片0在途请求已清空，开始执行脏行写回
[切片管理] 周期512700387：原域3仅剩1个切片，关闭路扩展模式
[动态重分配] 周期512700387：切片0写回完成，自动绑定到域2
[切片管理] 成功绑定切片0 → 安全域2，触发【路扩展模式】

======================== 切片硬件状态 ========================
切片号 | 所属安全域 | 当前状态    | 路扩展 | LRU touched
------------------------------------------------------------------
  0    |   域2      | 正常运行   |  是   |  512700387
  1    |   域3      | 正常运行   |  否   |  512700219
  2    |   域0      | 正常运行   |  否   |  512700212
  3    |   域2      | 正常运行   |  是   |  512700161
==================================================================


======================== 切片硬件状态 ========================
切片号 | 所属安全域 | 当前状态    | 路扩展 | LRU touched
------------------------------------------------------------------
  0    |   域2      | 正常运行   |  是   |  514299991
  1    |   域3      | 正常运行   |  否   |  514300000
  2    |   域0      | 正常运行   |  否   |  514300000
  3    |   域2      | 正常运行   |  是   |  514299999
==================================================================

[动态重分配] 周期514300000：预约迁移 冗余域2(5%) -> 切片3 -> 饥饿域0(18%)
[切片剥夺] 周期514300000：切片3（所属域2）进入待剥夺状态，禁止新替换
[切片剥夺] 周期514300000：切片3在途请求已清空，开始执行脏行写回
[切片管理] 周期514300257：原域2仅剩1个切片，关闭路扩展模式
[动态重分配] 周期514300257：切片3写回完成，自动绑定到域0
[切片管理] 成功绑定切片3 → 安全域0，触发【路扩展模式】

======================== 切片硬件状态 ========================
切片号 | 所属安全域 | 当前状态    | 路扩展 | LRU touched
------------------------------------------------------------------
  0    |   域2      | 正常运行   |  否   |  514300019
  1    |   域3      | 正常运行   |  否   |  514300252
  2    |   域0      | 正常运行   |  是   |  514300048
  3    |   域0      | 正常运行   |  是   |  514300257
==================================================================


======================== 切片硬件状态 ========================
切片号 | 所属安全域 | 当前状态    | 路扩展 | LRU touched
------------------------------------------------------------------
  0    |   域2      | 正常运行   |  否   |  516099996
  1    |   域3      | 正常运行   |  否   |  516099992
  2    |   域0      | 正常运行   |  是   |  516099994
  3    |   域0      | 正常运行   |  是   |  516099997
==================================================================

[动态重分配] 周期516100000：预约迁移 冗余域0(0%) -> 切片2 -> 饥饿域2(17%)
[切片剥夺] 周期516100000：切片2（所属域0）进入待剥夺状态，禁止新替换
[切片剥夺] 周期516100084：切片2在途请求已清空，开始执行脏行写回
[切片管理] 周期516115728：原域0仅剩1个切片，关闭路扩展模式
[动态重分配] 周期516115728：切片2写回完成，自动绑定到域2
[切片管理] 成功绑定切片2 → 安全域2，触发【路扩展模式】

======================== 切片硬件状态 ========================
切片号 | 所属安全域 | 当前状态    | 路扩展 | LRU touched
------------------------------------------------------------------
  0    |   域2      | 正常运行   |  是   |  516115714
  1    |   域3      | 正常运行   |  否   |  516115713
  2    |   域2      | 正常运行   |  是   |  516115728
  3    |   域0      | 正常运行   |  否   |  516115712
==================================================================


======================== 切片硬件状态 ========================
切片号 | 所属安全域 | 当前状态    | 路扩展 | LRU touched
------------------------------------------------------------------
  0    |   域2      | 正常运行   |  是   |  537899954
  1    |   域3      | 正常运行   |  否   |  537899999
  2    |   域2      | 正常运行   |  是   |  537899994
  3    |   域0      | 正常运行   |  否   |  537899990
==================================================================

[动态重分配] 周期537900000：预约迁移 冗余域2(16%) -> 切片2 -> 饥饿域0(28%)
[切片剥夺] 周期537900000：切片2（所属域2）进入待剥夺状态，禁止新替换
[切片剥夺] 周期537900004：切片2在途请求已清空，开始执行脏行写回
[切片管理] 周期537900075：原域2仅剩1个切片，关闭路扩展模式
[动态重分配] 周期537900075：切片2写回完成，自动绑定到域0
[切片管理] 成功绑定切片2 → 安全域0，触发【路扩展模式】

======================== 切片硬件状态 ========================
切片号 | 所属安全域 | 当前状态    | 路扩展 | LRU touched
------------------------------------------------------------------
  0    |   域2      | 正常运行   |  否   |  537900073
  1    |   域3      | 正常运行   |  否   |  537899999
  2    |   域0      | 正常运行   |  是   |  537900075
  3    |   域0      | 正常运行   |  是   |  537900015
==================================================================


======================== 切片硬件状态 ========================
切片号 | 所属安全域 | 当前状态    | 路扩展 | LRU touched
------------------------------------------------------------------
  0    |   域2      | 正常运行   |  否   |  537999927
  1    |   域3      | 正常运行   |  否   |  537999896
  2    |   域0      | 正常运行   |  是   |  537999892
  3    |   域0      | 正常运行   |  � dgemv_��   |  537999899
==================================================================

[动态重分配] 周期538000000：预约迁移 冗余域0(1%) -> 切片3 -> 饥饿域2(13%)
[切片剥夺] 周期538000000：切片3（所属域0）进入待剥夺状态，禁止新替换
[切片剥夺] 周期538000000：切片3在途请求已清空，开始执行脏行写回
[切片管理] 周期538000182：原域0仅剩1个切片，关闭路扩展模式
[动态重分配] 周期538000182：切片3写回完成，自动绑定到域2
[切片管理] 成功绑定切片3 → 安全域2，触发【路扩展模式】

======================== 切片硬件状态 ========================
切片号 | 所属安全域 | 当前状态    | 路扩展 | LRU touched
------------------------------------------------------------------
  0    |   域2      | 正常运行   |  是   |  537999927
  1    |   域3      | 正常运行   |  否   |  537999896
  2    |   域0      | 正常运行   |  否   |  537999892
  3    |   域2      | 正常运行   |  是   |  538000182
==================================================================


======================== 切片硬件状态 ========================
切片号 | 所属安全域 | 当前状态    | 路扩展 | LRU touched
------------------------------------------------------------------
  0    |   域2      | 正常运行   |  是   |  571399842
  1    |   域3      | 正常运行   |  否   |  571399847
  2    |   域0      | 正常运行   |  否   |  571399852
  3    |   域2      | 正常运行   |  是   |  571399835
==================================================================

[动态重分配] 周期571400000：预约迁移 冗余域2(0%) -> 切片0 -> 饥饿域0(11%)
[切片剥夺] 周期571400000：切片0（所属域2）进入待剥夺状态，禁止新替换
[切片剥夺] 周期571400000：切片0在途请求已清空，开始执行脏行写回
[切片管理] 周期571400260：原域2仅剩1个切片，关闭路扩展模式
[动态重分配] 周期571400260：切片0写回完成，自动绑定到域0
[切片管理] 成功绑定切片0 → 安全域0，触发【路扩展模式】

======================== 切片硬件状态 ========================
切片号 | 所属安全域 | 当前状态    | 路扩展 | LRU touched
------------------------------------------------------------------
  0    |   域0      | 正常运行   |  是   |  571400260
  1    |   域3      | 正常运行   |  否   |  571400234
  2    |   域0      | 正常运行   |  是   |  571399852
  3    |   域2      | 正常运行   |  否   |  571400217
==================================================================


======================== 切片硬件状态 ========================
切片号 | 所属安全域 | 当前状态    | 路扩展 | LRU touched
------------------------------------------------------------------
  0    |   域0      | 正常运行   |  是   |  592599998
  1    |   域3      | 正常运行   |  否   |  592599999
  2    |   域0      | 正常运行   |  是   |  592599998
  3    |   域2      | 正常运行   |  否   |  592600000
==================================================================

[动态重分配] 周期592600000：预约迁移 冗余域0(1%) -> 切片0 -> 饥饿域2(16%)
[切片剥夺] 周期592600000：切片0（所属域0）进入待剥夺状态，禁止新替换
[切片剥夺] 周期592600000：切片0在途请求已清空，开始执行脏行写回
[切片管理] 周期592600255：原域0仅剩1个切片，关闭路扩展模式
[动态重分配] 周期592600255：切片0写回完成，自动绑定到域2
[切片管理] 成功绑定切片0 → 安全域2，触发【路扩展模式】

======================== 切片硬件状态 ========================
切片号 | 所属安全域 | 当前状态    | 路扩展 | LRU touched
------------------------------------------------------------------
  0    |   域2      | 正常运行   |  是   |  592600255
  1    |   域3      | 正常运行   |  否   |  592600215
  2    |   域0      | 正常运行   |  否   |  592599998 caconv_ calrms_
  3    |   域2      | 正常运行   |  是   |  592600056
==================================================================


======================== 切片硬件状态 ========================
切片号 | 所属安全域 | 当前状态    | 路扩展 | LRU touched
------------------------------------------------------------------
  0    |   域2      | 正常运行   |  是   |  596199942
  1    |   域3      | 正常运行   |  否   |  596199942
  2    |   域0      | 正常运行   |  否   |  596199941
  3    |   域2      | 正常运行   |  是   |  596199940
==================================================================

[动态重分配] 周期596200000：预约迁移 冗余域2(1%) -> 切片0 -> 饥饿域0(12%)
[切片剥夺] 周期596200000：切片0（所属域2）进入待剥夺状态，禁止新替换
[切片剥夺] 周期596200000：切片0在途请求已清空，开始执行脏行写回
[切片管理] 周期596200598：原域2仅剩1个切片，关闭路扩展模式
[动态重分配] 周期596200598：切片0写回完成，自动绑定到域0
[切片管理] 成功绑定切片0 → 安全域0，触发【路扩展模式】

======================== 切片硬件状态 ========================
切片号 | 所属安全域 | 当前状态    | 路扩展 | LRU touched
------------------------------------------------------------------
  0    |   域0      | 正常运行   |  是   |  596200598
  1    |   域3      | 正常运行   |  否   |  596200594
  2    |   域0      | 正常运行   |  是   |  596200598
  3    |   域2      | 正常运行   |  否   |  596200597
==================================================================


**** Debug Statistics at 601000000 Cycles *****
Threads: 4		Fetch Width: 8
No of useful instructions fetched:	1132666583 (23.56% proc util.)
No of total instructions fetched:	1499296085 (31.18% proc util.)
 includes 66910747 misfetch (4.5%), 299718755 (20.0%) wrong-path fetches
 and 0 flushed after failed lock(0.0%)
No of useful instructions issued/executed:	1132666564 (23.56% proc util.)
No of total instructions issued/executed:	1289567776 (26.82% proc util.)
 includes 156901212 wrong-path (12.2%) insts and 0 flushed (0.0%)
	fp 226211780, 17.54%
	synch 0, 0.00%
	integer 570979363, 44.28%
	load/store 492376633, 38.18%
Avg size of int IQ (before scheduling): 10.44
Avg size of fp IQ (before scheduling): 9.81
No of cycles taken:		601000000
Parallelism [ 0.503, 0.000, 0.493, 0.888,] = 1.885
 IQ conflicts: 10533520 (1.75%), FQ conflicts: 15468325 (2.57%) 
 I reg conflicts: 44108569 (7.34%), FP reg conflicts: 274164640 (45.62%)
  Activelist confs: 4062 (0.00%), ROB confs: 707791 (0.12%)
  Int unit conflicts: 140540343 (23.38%), FP unit conflicts: 2560466 (0.43%)
  Load/store unit conflicts: 110396444 (18.37%)
  MSHR conflicts: 337002089 (56.07%)
----------------------------------------
==== System-wide Cache Statistics ====
Stall for miss queue full 1079 cycles (0.00%)
----------------------------------------
==== Statistics for Master ID: 0 ====
Reads: 253592777   Writes: 41763065
ICACHE: size: 64 KB assoc: 2
ICACHE: hits:147028396 misses:3505093  Hit Ratio: 97.67%
DCACHE: size: 2*16 KB assoc: 2*4
DCACHE: hits:141588544 misses:3234757 writebacks:1149929  Hit Ratio: 97.77%
SCACHE: size: 512 KB assoc: 2
SCACHE: hits:4597995 misses:2140906  Hit Ratio: 68.23%
3CACHE: size: 4096 KB assoc: 2
3CACHE: hits:1655114 misses:485792  Hit Ratio: 77.31%
3CACHE: dirty items replaced:175094
ITLB: size: 48, misses 264497, miss rate 0.18%
DTLB: size: 128, misses 305612, miss rate 0.21%
Avg mem delay: 3.566 cycles
----------------------------------------
==== Statistics for Master ID: 2 ====
Reads: 240107153   Writes: 40005781
ICACHE: size: 64 KB assoc: 2
ICACHE: hits:138860897 misses:3640013  Hit Ratio: 97.45%
DCACHE: size: 1*16 KB assoc: 1*4
DCACHE: hits:134855409 misses:2757641 writebacks:717087  Hit Ratio: 98.00%
SCACHE: size: 512 KB assoc: 2
SCACHE: hits:4308411 misses:2088217  Hit Ratio: 67.35%
3CACHE: size: 4096 KB assoc: 2
3CACHE: hits:1590980 misses:497237  Hit Ratio: 76.19%
3CACHE: dirty items replaced:168549
ITLB: size: 48, misses 321257, miss rate 0.23%
DTLB: size: 128, misses 347161, miss rate 0.25%
Avg mem delay: 3.566 cycles
----------------------------------------
==== Statistics for Master ID: 3 ====
Reads: 375970596   Writes: 14934682
ICACHE: size: 64 KB assoc: 2
ICACHE: hits:181590374 misses:145360  Hit Ratio: 99.92%
DCACHE: size: 1*16 KB assoc: 1*4
DCACHE: hits:202893440 misses:6276356 writebacks:1896274  Hit Ratio: 97.00%
SCACHE: size: 512 KB assoc: 2
SCACHE: hits:1070463 misses:5351001  Hit Ratio: 16.67%
3CACHE: size: 4096 KB assoc: 2
3CACHE: hits:1505175 misses:3845826  Hit Ratio: 28.13%
3CACHE: dirty items replaced:916658
ITLB: size: 48, misses 5195, miss rate 0.00%
DTLB: size: 128, misses 110914, miss rate 0.05%
Avg mem delay: 3.566 cycles
----------------------------------------
==== Global Resource Utilization ====
STASH: size: 65536 entries, full 1918547810, empty 59604317, misses 5399538, full rate 96.72
icache bank util. 0.101 0.100 0.100 0.108 0.108 0.108 0.102 0.100 
dcache bank util. 0.113 0.110 0.111 0.113 0.115 0.112 0.113 0.111 
L2 bank util. 0.030 0.032 0.031 0.032 0.031 0.029 0.030 0.030 
L1-L2 bus util. = 0.116, L3 util. = 0.080
----------------------------------------

======================== 切片硬件状态 ========================
切片号 | 所属安全域 | 当前状态    | 路扩展 | LRU touched
------------------------------------------------------------------
  0    |   域0      | 正常运行   |  是   |  600999996
  1    |   域3      | 正常运行   |  否   |  600999999
  2    |   域0      | 正常运行   |  是   |  600999999
  3    |   域2      | 正常运行   |  否   |  600999990
==================================================================

branch prediction, hits = 77806430, misses = 13451811, hit rate = 85.26%
return_stack prediction, hits = 7767177, misses = 10929, hit rate = 99.86%
jump prediction, hits = 65746706, misses = 18489395, hit rate = 78.05%
 chroma_
======================== 切片硬件状态 ========================
切片号 | 所属安全域 | 当前状态    | 路扩展 | LRU touched
------------------------------------------------------------------
  0    |   域0      | 正常运行   |  是   |  626700000
  1    |   域3      | 正常运行   |  否   |  626700000
  2    |   域0      | 正常运行   |  是   |  626699991
  3    |   域2      | 正常运行   |  否   |  626699999
==================================================================

[动态重分配] 周期626700000：预约迁移 冗余域0(0%) -> 切片0 -> 饥饿域2(29%)
[切片剥夺] 周期626700000：切片0（所属域0）进入待剥夺状态，禁止新替换
[切片剥夺] 周期626700000：切片0在途请求已清空，开始执行脏行写回
[切片管理] 周期626707728：原域0仅剩1个切片，关闭路扩展模式
[动态重分配] 周期626707728：切片0写回完成，自动绑定到域2
[切片管理] 成功绑定切片0 → 安全域2，触发【路扩展模式】

======================== 切片硬件状态 ========================
切片号 | 所属安全域 | 当前状态    | 路扩展 | LRU touched
------------------------------------------------------------------
  0    |   域2      | 正常运行   |  是   |  626707728
  1    |   域3      | 正常运行   |  否   |  626707727
  2    |   域0      | 正常运行   |  否   |  626707699
  3    |   域2      | 正常运行   |  是   |  626707728
==================================================================


======================== 切片硬件状态 ========================
切片号 | 所属安全域 | 当前状态    | 路扩展 | LRU touched
------------------------------------------------------------------
  0    |   域2      | 正常运行   |  是   |  633599990
  1    |   域3      | 正常运行   |  否   |  633599999
  2    |   域0      | 正常运行   |  否   |  633599989
  3    |   域2      | 正常运行   |  是   |  633599989
==================================================================

[动态重分配] 周期633600000：预约迁移 冗余域2(0%) -> 切片0 -> 饥饿域3(31%)
[切片剥夺] 周期633600000：切片0（所属域2）进入待剥夺状态，禁止新替换
[切片剥夺] 周期633600000：切片0在途请求已清空，开始执行脏行写回
[切片管理] 周期633602235：原域2仅剩1个切片，关闭路扩展模式
[动态重分配] 周期633602235：切片0写回完成，自动绑定到域3
[切片管理] 成功绑定切片0 → 安全域3，触发【路扩展模式】

======================== 切片硬件状态 ========================
切片号 | 所属安全域 | 当前状态    | 路扩展 | LRU touched
------------------------------------------------------------------
  0    |   域3      | 正常运行   |  是   |  633602235
  1    |   域3      | 正常运行   |  是   |  633602230
  2    |   域0      | 正常运行   |  否   |  633601696
  3    |   域2      | 正常运行   |  否   |  633602230
==================================================================


======================== 切片硬件状态 ========================
切片号 | 所属安全域 | 当前状态    | 路扩展 | LRU touched
------------------------------------------------------------------
  0    |   域3      | 正常运行   |  是   |  654599946
  1    |   域3      | 正常运行   |  是   |  654599935
  2    |   域0      | 正常运行   |  否   |  654599937
  3    |   域2      | 正常运行   |  否   |  654599985
==================================================================

[动态重分配] 周期654600000：预约迁移 冗余域3(2%) -> 切片0 -> 饥饿域2(16%)
[切片剥夺] 周期654600000：切片0（所属域3）进入待剥夺状态，禁止新替换
[切片剥夺] 周期654600336：切片0在途请求已清空，开始执行脏行写回
[切片管理] 周期654600425：原域3仅剩1个切片，关闭路扩展模式
[动态重分配] 周期654600425：切片0写回完成，自动绑定到域2
[切片管理] 成功绑定切片0 � dgeqr2_� 安全域2，触发【路扩展模式】

======================== 切片硬件状态 ========================
切片号 | 所属安全域 | 当前状态    | 路扩展 | LRU touched
------------------------------------------------------------------
  0    |   域2      | 正常运行   |  是   |  654600425
  1    |   域3      | 正常运行   |  否   |  654600185
  2    |   域0      | 正常运行   |  否   |  654600113
  3    |   域2      | 正常运行   |  是   |  654600259
==================================================================


======================== 切片硬件状态 ========================
切片号 | 所属安全域 | 当前状态    | 路扩展 | LRU touched
------------------------------------------------------------------
  0    |   域2      | 正常运行   |  是   |  663099876
  1    |   域3      | 正常运行   |  否   |  663099875
  2    |   域0      | 正常运行   |  否   |  663099878
  3    |   域2      | 正常运行   |  是   |  663099877
==================================================================

[动态重分配] 周期663100000：预约迁移 冗余域2(3%) -> 切片0 -> 饥饿域0(20%)
[切片剥夺] 周期663100000：切片0（所属域2）进入待剥夺状态，禁止新替换
[切片剥夺] 周期663100000：切片0在途请求已清空，开始执行脏行写回
[切片管理] 周期663100308：原域2仅剩1个切片，关闭路扩展模式
[动态重分配] 周期663100308：切片0写回完成，自动绑定到域0
[切片管理] 成功绑定切片0 → 安全域0，触发【路扩展模式】

======================== 切片硬件状态 ========================
切片号 | 所属安全域 | 当前状态    | 路扩展 | LRU touched
------------------------------------------------------------------
  0    |   域0      | 正常运行   |  是   |  663100308
  1    |   域3      | 正常运行   |  否   |  663100187
  2    |   域0      | 正常运行   |  是   |  663100186
  3    |   域2      | 正常运行   |  否   |  663100308
==================================================================


======================== 切片硬件状态 ========================
切片号 | 所属安全域 | 当前状态    | 路扩展 | LRU touched
------------------------------------------------------------------
  0    |   域0      | 正常运行   |  是   |  678699906
  1    |   域3      | 正常运行   |  否   |  678699903
  2    |   域0      | 正常运行   |  是   |  678699906
  3    |   域2      | 正常运行   |  否   |  678699997
==================================================================

[动态重分配] 周期678700000：预约迁移 冗余域0(2%) -> 切片0 -> 饥饿域2(13%)
[切片剥夺] 周期678700000：切片0（所属域0）进入待剥夺状态，禁止新替换
[切片剥夺] 周期678700000：切片0在途请求已清空，开始执行脏行写回
[切片管理] 周期678700239：原域0仅剩1个切片，关闭路扩展模式
[动态重分配] 周期678700239：切片0写回完成，自动绑定到域2
[切片管理] 成功绑定切片0 → 安全域2，触发【路扩展模式】

======================== 切片硬件状态 ========================
切片号 | 所属安全域 | 当前状态    | 路扩展 | LRU touched
------------------------------------------------------------------
  0    |   域2      | 正常运行   |  是   |  678700239
  1    |   域3      | 正常运行   |  否   |  678700238
  2    |   域0      | 正常运行   |  否   |  678700237
  3    |   域2      | 正常运行   |  是   |  678700048
==================================================================


**** Debug Statistics at 701000000 Cycles *****
Threads: 4		Fetch Width: 8
No of useful instructions fetched:	1330280013 (23.72% proc util.)
No of total instructions fetched:	1762661246 (31.43% proc util.)
 includes 79000243 misfetch (4.5%), 353380990 (20.0%) wrong-path fetches
 and 0 flushed after failed lock(0.0%)
No of useful instructions issued/executed:	1330279992 (23.72% proc util.)
No of total instructions issued/executed:	1515019161 (27.02% proc util.)
 includes 184739169 wrong-path (12.2%) insts and 0 flushed (0.0%)
	fp 268258332, 17.71%
	synch 0, 0.00%
	integer 666760028, 44.01%
	load/store 580000801, 38.28%
Avg size of int IQ (before scheduling): 10.20
Avg size of fp IQ (before scheduling): 9.39
No of cycles taken:		701000000
Parallelism [ 0.506, 0.000, 0.489, 0.903,] = 1.898
 IQ conflicts: 12035626 (1.72%), FQ conflicts: 15468325 (2.21%) 
 I reg conflicts: 46633911 (6.65%), FP reg conflicts: 324253600 (46.26%)
  Activelist confs: 4399 (0.00%), ROB confs: 793422 (0.11%)
  Int unit conflicts: 161638705 (23.06%), FP unit conflicts: 2774389 (0.40%)
  Load/store unit conflicts: 129125134 (18.42%)
  MSHR conflicts: 385707779 (55.02%)
----------------------------------------
==== System-wide Cache Statistics ====
Stall for miss queue full 1395 cycles (0.00%)
----------------------------------------
==== Statistics for Master ID: 0 ====
Reads: 297905589   Writes: 48848173
ICACHE: size: 64 KB assoc: 2
ICACHE: hits:172709493 misses:4125602  Hit Ratio: 97.67%
DCACHE: size: 1*16 KB assoc: 1*4
DCACHE: hits:166268637 misses:3651195 writebacks:1289206  Hit Ratio: 97.85%
SCACHE: size: 512 KB assoc: 2
SCACHE: hits:5332954 misses:2442676  Hit Ratio: 68.59%
3CACHE: size: 4096 KB assoc: 2
3CACHE: hits:1873538 misses:569138  Hit Ratio: 76.70%
3CACHE: dirty items replaced:225481
ITLB: size: 48, misses 315114, miss rate 0.18%
DTLB: size: 128, misses 349845, miss rate 0.21%
Avg mem delay: 3.504 cycles
----------------------------------------
==== Statistics for Master ID: 2 ====
Reads: 280111628   Writes: 46573736
ICACHE: size: 64 KB assoc: 2
ICACHE: hits:161950762 misses:4352401  Hit Ratio: 97.38%
DCACHE: size: 2*16 KB assoc: 2*4
DCACHE: hits:157147997 misses:3235469 writebacks:853951  Hit Ratio: 97.98%
SCACHE: size: 512 KB assoc: 2
SCACHE: hits:5152903 misses:2433702  Hit Ratio: 67.92%
3CACHE: size: 4096 KB assoc: 2
3CACHE: hits:1850938 misses:582764  Hit Ratio: 76.05%
3CACHE: dirty items replaced:213518
ITLB: size: 48, misses 385254, miss rate 0.23%
DTLB: size: 128, misses 394862, miss rate 0.25%
Avg mem delay: 3.504 cycles
----------------------------------------
==== Statistics for Master ID: 3 ====
Reads: 448038471   Writes: 16392406
ICACHE: size: 64 KB assoc: 2
ICACHE: hits:215469078 misses:174263  Hit Ratio: 99.92%
DCACHE: size: 1*16 KB assoc: 1*4
DCACHE: hits:241601027 misses:7186787 writebacks:2096815  Hit Ratio: 97.11%
SCACHE: size: 512 KB assoc: 2
SCACHE: hits:1222606 misses:6138166  Hit Ratio: 16.61%
3CACHE: size: 4096 KB assoc: 2
3CACHE: hits:1779340 misses:4358825  Hit Ratio: 28.99%
3CACHE: dirty items replaced:1147642
ITLB: size: 48, misses 6078, miss rate 0.00%
DTLB: size: 128, misses 128261, miss rate 0.05%
Avg mem delay: 3.504 cycles
----------------------------------------
==== Global Resource Utilization ====
STASH: size: 65536 entries, full 2244428483, empty 69999374, misses 6300416, full rate 96.71
icache bank util. 0.102 0.101 0.101 0.109 0.109 0.108 0.103 0.101 
dcache bank util. 0.114 0.111 0.111 0.114 0.115 0.113 0.114 0.112 
L2 bank util. 0.030 0.032 0.030 0.031 0.031 0.029 0.030 0.030 
L1-L2 bus util. = 0.115, L3 util. = 0.079
----------------------------------------

======================== 切片硬件状态 ========================
切片号 | 所属安全域 | 当前状态    | 路扩展 | LRU touched
------------------------------------------------------------------
  0    |   域2      | 正常运行   |  是   |  700999975
  1    |   域3      | 正常运行   |  否   |  700999980
  2    |   域0      | 正常运行   |  否   |  700999977
  3    |   域2      | 正常运行   |  是   |  700999980
==================================================================

branch prediction, hits = 89988304, misses = 16025145, hit rate = 84.88%
return_stack prediction, hits = 9045855, misses = 12713, hit rate = 99.86%
jump prediction, hits = 75819631, misses = 21953987, hit rate = 77.55%
 dgeqrf_ cinvar_ clor6_
======================== 切片硬件状态 ========================
切片号 | 所属安全域 | 当前状态    | 路扩展 | LRU touched
------------------------------------------------------------------
  0    |   域2      | 正常运行   |  是   |  723599887
  1    |   域3      | 正常运行   |  否   |  723599899
  2    |   域0      | 正常运行   |  否   |  723599884
  3    |   域2      | 正常运行   |  是   |  723599880
==================================================================

[动态重分配] 周期723600000：预约迁移 冗余域2(0%) -> 切片0 -> 饥饿域0(16%)
[切片剥夺] 周期723600000：切片0（所属域2）进入待剥夺状态，禁止新替换
[切片剥夺] 周期723600000：切片0在途请求已清空，开始执行脏行写回
[切片管理] 周期723600296：原域2仅剩1个切片，关闭路扩展模式
[动态重分配] 周期723600296：切片0写回完成，自动绑定到域0
[切片管理] 成功绑定切片0 → 安全域0，触发【路扩展模式】

======================== 切片硬件状态 ========================
切片号 | 所属安全域 | 当前状态    | 路扩展 | LRU touched
------------------------------------------------------------------
  0    |   域0      | 正常运行   |  是   |  723600296
  1    |   域3      | 正常运行   |  否   |  723600287
  2    |   域0      | 正常运行   |  是   |  723600295
  3    |   域2      | 正常运行   |  否   |  723600295
==================================================================


======================== 切片硬件状态 ========================
切片号 | 所属安全域 | 当前状态    | 路扩展 | LRU touched
------------------------------------------------------------------
  0    |   域0      | 正常运行   |  是   |  729399998
  1    |   域3      | 正常运行   |  否   |  729400000
  2    |   域0      | 正常运行   |  是   |  729399996
  3    |   域2      | 正常运行   |  否   |  729399995
==================================================================

[动态重分配] 周期729400000：预约迁移 冗余域0(0%) -> 切片0 -> 饥饿域2(19%)
[切片剥夺] 周期729400000：切片0（所属域0）进入待剥夺状态，禁止新替换
[切片剥夺] 周期729400000：切片0在途请求已清空，开始执行脏行写回
[切片管理] 周期729404134：原域0仅剩1个切片，关闭路扩展模式
[动态重分配] 周期729404134：切片0写回完成，自动绑定到域2
[切片管理] 成功绑定切片0 → 安全域2，触发【路扩展模式】

======================== 切片硬件状态 ========================
切片号 | 所属安全域 | 当前状态    | 路扩展 | LRU touched
------------------------------------------------------------------
  0    |   域2      | 正常运行   |  是   |  729404134
  1    |   域3      | 正常运行   |  否   |  729404131
  2    |   域0      | 正常运行   |  否   |  729404132
  3    |   域2      | 正常运行   |  是   |  729404121
==================================================================


======================== 切片硬件状态 ========================
切片号 | 所属安全域 | 当前状态    | 路扩展 | LRU touched
------------------------------------------------------------------
  0    |   域2      | 正常运行   |  是   |  771899883
  1    |   域3      | 正常运行   |  否   |  771899977
  2    |   域0      | 正常运行   |  否   |  771899888
  3    |   域2      | 正常运行   |  是   |  771899946
==================================================================

[动态重分配] 周期771900000：预约迁移 冗余域2(0%) -> 切片0 -> 饥饿域0(12%)
[切片剥夺] 周期771900000：切片0（所属域2）进入待剥夺状态，禁止新替换
[切片剥夺] 周期771900000：切片0在途请求已清空，开始执行脏行写回
[切片管理] 周期771906051：原域2仅剩1个切片，关闭路扩展模式
[动态重分配] 周期771906051：切片0写回完成，自动绑定到域0
[切片管理] 成功绑定切片0 → 安全域0，触发【路扩展模式】

======================== 切片硬件状态 ========================
切片号 | 所属安全域 | 当前状态    | 路扩展 | LRU touched
------------------------------------------------------------------
  0    |   域0      | 正常运行   |  是   |  771906051
  1    |   域3      | 正常运行   |  否   |  771906039
  2    |   域0      | 正常运行   |  是   |  771905934
  3    |   域2      | 正常运行   |  否   |  771906022
==================================================================


======================== 切片硬件状态 ========================
切片号 | 所属安全域 | 当前状态    | 路扩展 | LRU touched
------------------------------------------------------------------
  0    |   域0      | 正常运行   |  是   |  795999999
  1    |   域3      | 正常运行   |  否   |  796000000
  2    |   域0      | 正常运行   |  是   |  796000000
  3    |   域2      | 正常运行   |  否   |  795999951
==================================================================

[动态重分配] 周期796000000：预约迁移 冗余域0(0%) -> 切片0 -> 饥饿域2(29%)
[切片剥夺] 周期796000000：切片0（所属域0）进入待剥夺状态，禁止新替换
[切片剥夺] 周期796000000：切片0在途请求已清空，开始执行脏行写回
[切片管理] 周期796004239：原域0仅剩1个切片，关闭路扩展模式
[动态重分配] 周期796004239：切片0写回完成，自动绑定到域2
[切片管理] 成功绑定切片0 → 安全域2，触发【路扩展模式】

======================== 切片硬件状态 ========================
切片号 | 所属安全域 | 当前状态    | 路扩展 | LRU touched
------------------------------------------------------------------
  0    |   域2      | 正常运行   |  是   |  796004239
  1    |   域3      | 正常运行   |  否   |  796004233
  2    |   域0      | 正常运行   |  否   |  796004228
  3    |   域2      | 正常运行   |  是   |  796004180
==================================================================


**** Debug Statistics at 801000000 Cycles *****
Threads: 4		Fetch Width: 8
No of useful instructions fetched:	1505281388 (23.49% proc util.)
No of total instructions fetched:	1997007267 (31.16% proc util.)
 includes 89921019 misfetch (4.5%), 401804860 (20.1%) wrong-path fetches
 and 0 flushed after failed lock(0.0%)
No of useful instructions issued/executed:	1505281376 (23.49% proc util.)
No of total instructions issued/executed:	1715625385 (26.77% proc util.)
 includes 210344009 wrong-path (12.3%) insts and 0 flushed (0.0%)
	fp 305642539, 17.82%
	synch 0, 0.00%
	integer 752073100, 43.84%
	load/store 657909746, 38.35%
Avg size of int IQ (before scheduling): 9.86
Avg size of fp IQ (before scheduling): 8.97
No of cycles taken:		801000000
Parallelism [ 0.497, 0.000, 0.481, 0.900,] = 1.879
 IQ conflicts: 12294993 (1.53%), FQ conflicts: 15468325 (1.93%) 
 I reg conflicts: 49052744 (6.12%), FP reg conflicts: 380555929 (47.51%)
  Activelist confs: 4581 (0.00%), ROB confs: 816718 (0.10%)
  Int unit conflicts: 178877687 (22.33%), FP unit conflicts: 2935042 (0.37%)
  Load/store unit conflicts: 144148555 (18.00%)
  MSHR conflicts: 397420587 (49.62%)
----------------------------------------
==== System-wide Cache Statistics ====
Stall for miss queue full 1751 cycles (0.00%)
----------------------------------------
==== Statistics for Master ID: 0 ====
Reads: 338413842   Writes: 55385385
ICACHE: size: 64 KB assoc: 2
ICACHE: hits:196064873 misses:4717140  Hit Ratio: 97.65%
DCACHE: size: 1*16 KB assoc: 1*4
DCACHE: hits:188843027 misses:4175625 writebacks:1430689  Hit Ratio: 97.84%
SCACHE: size: 512 KB assoc: 2
SCACHE: hits:6149804 misses:2741522  Hit Ratio: 69.17%
3CACHE: size: 4096 KB assoc: 2
3CACHE: hits:2107650 misses:633872  Hit Ratio: 76.88%
3CACHE: dirty items replaced:257399
ITLB: size: 48, misses 354280, miss rate 0.18%
DTLB: size: 128, misses 390626, miss rate 0.20%
Avg mem delay: 3.475 cycles
----------------------------------------
==== Statistics for Master ID: 2 ====
Reads: 315449970   Writes: 52202967
ICACHE: size: 64 KB assoc: 2
ICACHE: hits:182711084 misses:4931018  Hit Ratio: 97.37%
DCACHE: size: 2*16 KB assoc: 2*4
DCACHE: hits:176392916 misses:3619403 writebacks:950419  Hit Ratio: 97.99%
SCACHE: size: 512 KB assoc: 2
SCACHE: hits:5772274 misses:2776663  Hit Ratio: 67.52%
3CACHE: size: 4096 KB assoc: 2
3CACHE: hits:2104214 misses:672449  Hit Ratio: 75.78%
3CACHE: dirty items replaced:259502
ITLB: size: 48, misses 442349, miss rate 0.24%
DTLB: size: 128, misses 444849, miss rate 0.25%
Avg mem delay: 3.475 cycles
----------------------------------------
==== Statistics for Master ID: 3 ====
Reads: 512426345   Writes: 17597428
ICACHE: size: 64 KB assoc: 2
ICACHE: hits:246000474 misses:198068  Hit Ratio: 99.92%
DCACHE: size: 1*16 KB assoc: 1*4
DCACHE: hits:275697345 misses:8128164 writebacks:2255345  Hit Ratio: 97.14%
SCACHE: size: 512 KB assoc: 2
SCACHE: hits:1445452 misses:6880502  Hit Ratio: 17.36%
3CACHE: size: 4096 KB assoc: 2
3CACHE: hits:2029219 misses:4851283  Hit Ratio: 29.49%
3CACHE: dirty items replaced:1389450
ITLB: size: 48, misses 7654, miss rate 0.00%
DTLB: size: 128, misses 140928, miss rate 0.05%
Avg mem delay: 3.475 cycles
----------------------------------------
==== Global Resource Utilization ====
STASH: size: 65536 entries, full 2535627558, empty 79484954, misses 7133125, full rate 96.70
icache bank util. 0.101 0.101 0.101 0.109 0.109 0.107 0.102 0.100 
dcache bank util. 0.112 0.110 0.111 0.113 0.114 0.112 0.113 0.112 
L2 bank util. 0.030 0.031 0.030 0.031 0.030 0.029 0.029 0.029 
L1-L2 bus util. = 0.114, L3 util. = 0.077
----------------------------------------

======================== 切片硬件状态 ========================
切片号 | 所属安全域 | 当前状态    | 路扩展 | LRU touched
------------------------------------------------------------------
  0    |   域2      | 正常运行   |  是   |  800999807
  1    |   域3      | 正常运行   |  否   |  800999856
  2    |   域0      | 正常运行   |  否   |  800999821
  3    |   域2      | 正常运行   |  是   |  800999803
==================================================================

branch prediction, hits = 100646228, misses = 18346640, hit rate = 84.58%
return_stack prediction, hits = 10235989, misses = 15427, hit rate = 99.85%
jump prediction, hits = 84761847, misses = 25138969, hit rate = 77.13%

======================== 切片硬件状态 ========================
切片号 | 所属安全域 | 当前状态    | 路扩展 | LRU touched
------------------------------------------------------------------
  0    |   域2      | 正常运行   |  是   |  808699907
  1    |   域3      | 正常运行   |  否   |  808699983
  2    |   域0      | 正常运行   |  否   |  808699985
  3    |   域2      | 正常运行   |  是   |  808699985
==================================================================

[动态重分配] 周期808700000：预约迁移 冗余域2(3%) -> 切片0 -> 饥饿域3(14%)
[切片剥夺] 周期808700000：切片0（所属域2）进入待剥夺状态，禁止新替换
[切片剥夺] 周期808700000：切片0在途请求已清空，开始执行脏行写回
[切片管理] 周期808702747：原域2仅剩1个切片，关闭路扩展模式
[动态重分配] 周期808702747：切片0写回完成，自动绑定到域3
[切片管理] 成功绑定切片0 → 安全域3，触发【路扩展模式】

======================== 切片硬件状态 ========================
切片号 | 所属安全域 | 当前状态    | 路扩展 | LRU touched
------------------------------------------------------------------
  0    |   域3      | 正常运行   |  是   |  808702747
  1    |   域3      | 正常运行   |  是   |  808702743
  2    |   域0      | 正常运行   |  否   |  808702737
  3    |   域2      | 正常运行   |  否   |  808702745
==================================================================


======================== 切片硬件状态 ========================
切片号 | 所属安全域 | 当前状态    | 路扩展 | LRU touched
------------------------------------------------------------------
  0    |   域3      | 正常运行   |  是   |  857899995
  1    |   域3      | 正常运行   |  是   |  857899996
  2    |   域0      | 正常运行   |  否   |  857899874
  3    |   域2      | 正常运行   |  否   |  857899995
==================================================================

[动态重分配] 周期857900000：预约迁移 冗余域3(1%) -> 切片0 -> 饥饿域2(33%)
[切片剥夺] 周期857900000：切片0（所属域3）进入待剥夺状态，禁止新替换
[切片剥夺] 周期857900000：切片0在途请求已清空，开始执行脏行写回
[切片管理] 周期857900200：原域3仅剩1个切片，关闭路扩展模式
[动态重分配] 周期857900200：切片0写回完成，自动绑定到域2
[切片管理] 成功绑定切片0 → 安全域2，触发【路扩展模式】

======================== 切片硬件状态 ========================
切片号 | 所属安全域 | 当前状态    | 路扩展 | LRU touched
------------------------------------------------------------------
  0    |   域2      | 正常运行   |  是   |  857900200
  1    |   域3      | 正常运行   |  否   |  857900200
  2    |   域0      | 正常运行   |  否   |  857900197
  3    |   域2      | 正常运行   |  是   |  857900197
==================================================================


======================== 切片硬件状态 ========================
切片号 | 所属安全域 | 当前状态    | 路扩展 | LRU touched
------------------------------------------------------------------
  0    |   域2      | 正常运行   |  是   |  867499832
  1    |   域3      | 正常运行   |  否   |  867499891
  2    |   域0      | 正常运行   |  否   |  867499867
  3    |   域2      | 正常运行   |  是   |  867499381
==================================================================

[动态重分配] 周期867500000：预约迁移 冗余域2(20%) -> 切片0 -> 饥饿域3(31%)
[切片剥夺] 周期867500000：切片0（所属域2）进入待剥夺状态，禁止新替换
[切片剥夺] 周期867500068：切片0在途请求已清空，开始执行脏行写回
[切片管理] 周期867500085：原域2仅剩1个切片，关闭路扩展模式
[动态重分配] 周期867500085：切片0写回完成，自动绑定到域3
[切片管理] 成功绑定切片0 → 安全域3，触发【路扩展模式】

======================== 切片硬件状态 ========================
切片号 | 所属安全域 | 当前状态    | 路扩展 | LRU touched
------------------------------------------------------------------
  0    |   域3      | 正常运行   |  是   |  867500085
  1    |   域3      | 正常运行   |  是   |  867500066
  2    |   域0      | 正常运行   |  否   |  867500066
  3    |   域2      | 正常运行   |  否   |  867499381
==================================================================


======================== 切片硬件状态 ========================
切片号 | 所属安全域 | 当前状态    | 路扩展 | LRU touched
------------------------------------------------------------------
  0    |   域3      | 正常运行   |  是   |  867899995
  1    |   域3      | 正常运行   |  是   |  867899994
  2    |   域0      | 正常运行   |  否   |  867899997
  3    |   域2      | 正常运行   |  否   |  867899992
==================================================================

[动态重分配] 周期867900000：预约迁移 冗余域3(1%) -> 切片1 -> 饥饿域2(14%)
[切片剥夺] 周期867900000：切片1（所属域3）进入待剥夺状态，禁止新替换
[切片剥夺] 周期867900000：切片1在途请求已清空，开始执行脏行写回
[切片管理] 周期867900212：原域3仅剩1个切片，关闭路扩展模式
[动态重分配] 周期867900212：切片1写回完成，自动绑定到域2
[切片管理] 成功绑定切片1 → 安全域2，触发【路扩展模式】

======================== 切片硬件状态 ========================
切片号 | 所属安全域 | 当前状态    | 路扩展 | LRU touched
------------------------------------------------------------------
  0    |   域3      | 正常运行   |  否   |  867900212
  1    |   域2      | 正常运行   |  是   |  867900212
  2    |   域0      | 正常运行   |  否   |  867900212
  3    |   域2      | 正常运行   |  是   |  867900212
==================================================================


======================== 切片硬件状态 ========================
切片号 | 所属安全域 | 当前状态    | 路扩展 | LRU touched
------------------------------------------------------------------
  0    |   域3      | 正常运行   |  否   |  881499991
  1    |   域2      | 正常运行   |  是   |  881499941
  2    |   域0      | 正常运行   |  否   |  881499708
  3    |   域2      | 正常运行   |  是   |  881499868
==================================================================

[动态重分配] 周期881500000：预约迁移 冗余域2(0%) -> 切片1 -> 饥饿域3(24%)
[切片剥夺] 周期881500000：切片1（所属域2）进入待剥夺状态，禁止新替换
[切片剥夺] 周期881500000：切片1在途请求已清空，开始执行脏行写回
[切片管理] 周期881501591：原域2仅剩1个切片，关闭路扩展模式
[动态重分配] 周期881501591：切片1写回完成，自动绑定到域3
[切片管理] 成功绑定切片1 → 安全域3，触发【路扩展模式】

======================== 切片硬件状态 ========================
切片号 | 所属安全域 | 当前状态    | 路扩展 | LRU touched
------------------------------------------------------------------
  0    |   域3      | 正常运行   |  是   |  881501576
  1    |   域3      | 正常运行   |  是   |  881501591
  2    |   域0      | 正常运行   |  否   |  881501575
  3    |   域2      | 正常运行   |  否   |  881501576
==================================================================


======================== 切片硬件状态 ========================
切片号 | 所属安全域 | 当前状态    | 路扩展 | LRU touched
------------------------------------------------------------------
  0    |   域3      | 正常运行   |  是   |  882399856
  1    |   域3      | 正常运行   |  是   |  882399990
  2    |   域0      | 正常运行   |  否   |  882399996
  3    |   域2      | 正常运行   |  � dger_��   |  882399997
==================================================================

[动态重分配] 周期882400000：预约迁移 冗余域3(5%) -> 切片0 -> 饥饿域0(17%)
[切片剥夺] 周期882400000：切片0（所属域3）进入待剥夺状态，禁止新替换
[切片剥夺] 周期882400132：切片0在途请求已清空，开始执行脏行写回
[切片管理] 周期882410084：原域3仅剩1个切片，关闭路扩展模式
[动态重分配] 周期882410084：切片0写回完成，自动绑定到域0
[切片管理] 成功绑定切片0 → 安全域0，触发【路扩展模式】

======================== 切片硬件状态 ========================
切片号 | 所属安全域 | 当前状态    | 路扩展 | LRU touched
------------------------------------------------------------------
  0    |   域0      | 正常运行   |  是   |  882410084
  1    |   域3      | 正常运行   |  否   |  882410070
  2    |   域0      | 正常运行   |  是   |  882410071
  3    |   域2      | 正常运行   |  否   |  882410066
==================================================================


======================== 切片硬件状态 ========================
切片号 | 所属安全域 | 当前状态    | 路扩展 | LRU touched
------------------------------------------------------------------
  0    |   域0      | 正常运行   |  是   |  889699798
  1    |   域3      | 正常运行   |  否   |  889699863
  2    |   域0      | 正常运行   |  是   |  889699843
  3    |   域2      | 正常运行   |  否   |  889699923
==================================================================

[动态重分配] 周期889700000：预约迁移 冗余域0(0%) -> 切片0 -> 饥饿域2(13%)
[切片剥夺] 周期889700000：切片0（所属域0）进入待剥夺状态，禁止新替换
[切片剥夺] 周期889700000：切片0在途请求已清空，开始执行脏行写回
[切片管理] 周期889700212：原域0仅剩1个切片，关闭路扩展模式
[动态重分配] 周期889700212：切片0写回完成，自动绑定到域2
[切片管理] 成功绑定切片0 → 安全域2，触发【路扩展模式】

======================== 切片硬件状态 ========================
切片号 | 所属安全域 | 当前状态    | 路扩展 | LRU touched
------------------------------------------------------------------
  0    |   域2      | 正常运行   |  是   |  889700212
  1    |   域3      | 正常运行   |  否   |  889700209
  2    |   域0      | 正常运行   |  否   |  889699843
  3    |   域2      | 正常运行   |  是   |  889700212
==================================================================


**** Debug Statistics at 901000000 Cycles *****
Threads: 4		Fetch Width: 8
No of useful instructions fetched:	1697157866 (23.55% proc util.)
No of total instructions fetched:	2263050517 (31.40% proc util.)
 includes 103728287 misfetch (4.6%), 462164364 (20.4%) wrong-path fetches
 and 0 flushed after failed lock(0.0%)
No of useful instructions issued/executed:	1697157819 (23.55% proc util.)
No of total instructions issued/executed:	1938554381 (26.89% proc util.)
 includes 241396562 wrong-path (12.5%) insts and 0 flushed (0.0%)
	fp 343693030, 17.73%
	synch 0, 0.00%
	integer 851611518, 43.93%
	load/store 743249833, 38.34%
Avg size of int IQ (before scheduling): 10.18
Avg size of fp IQ (before scheduling): 9.23
No of cycles taken:		901000000
Parallelism [ 0.501, 0.000, 0.484, 0.899,] = 1.884
 IQ conflicts: 15202080 (1.69%), FQ conflicts: 15469686 (1.72%) 
 I reg conflicts: 55593938 (6.17%), FP reg conflicts: 426469963 (47.33%)
  Activelist confs: 5275 (0.00%), ROB confs: 917552 (0.10%)
  Int unit conflicts: 208945683 (23.19%), FP unit conflicts: 4025326 (0.45%)
  Load/store unit conflicts: 165344861 (18.35%)
  MSHR conflicts: 497816993 (55.25%)
----------------------------------------
==== System-wide Cache Statistics ====
Stall for miss queue full 2382 cycles (0.00%)
----------------------------------------
==== Statistics for Master ID: 0 ====
Reads: 382237015   Writes: 62305771
ICACHE: size: 64 KB assoc: 2
ICACHE: hits:221163455 misses:5425506  Hit Ratio: 97.61%
DCACHE: size: 1*16 KB assoc: 1*4
DCACHE: hits:213297904 misses:4657425 writebacks:1590951  Hit Ratio: 97.86%
SCACHE: size: 512 KB assoc: 2
SCACHE: hits:6980147 misses:3101278  Hit Ratio: 69.24%
3CACHE: size: 4096 KB assoc: 2
3CACHE: hits:2387285 misses:713993  Hit Ratio: 76.98%
3CACHE: dirty items replaced:300724
ITLB: size: 48, misses 408603, miss rate 0.18%
DTLB: size: 128, misses 442776, miss rate 0.20%
Avg mem delay: 3.556 cycles
----------------------------------------
==== Statistics for Master ID: 2 ====
Reads: 359288649   Writes: 59548778
ICACHE: size: 64 KB assoc: 2
ICACHE: hits:207765420 misses:5670169  Hit Ratio: 97.34%
DCACHE: size: 2*16 KB assoc: 2*4
DCACHE: hits:201240556 misses:4163048 writebacks:1132386  Hit Ratio: 97.97%
SCACHE: size: 512 KB assoc: 2
SCACHE: hits:6606250 misses:3225201  Hit Ratio: 67.20%
3CACHE: size: 4096 KB assoc: 2
3CACHE: hits:2470391 misses:754810  Hit Ratio: 76.60%
3CACHE: dirty items replaced:303431
ITLB: size: 48, misses 485309, miss rate 0.23%
DTLB: size: 128, misses 500848, miss rate 0.24%
Avg mem delay: 3.556 cycles
----------------------------------------
==== Statistics for Master ID: 3 ====
Reads: 574059463   Writes: 20951009
ICACHE: size: 64 KB assoc: 2
ICACHE: hits:276123775 misses:226756  Hit Ratio: 99.92%
DCACHE: size: 1*16 KB assoc: 1*4
DCACHE: hits:309227976 misses:9432566 writebacks:2711540  Hit Ratio: 97.04%
SCACHE: size: 512 KB assoc: 2
SCACHE: hits:1690197 misses:7968524  Hit Ratio: 17.50%
3CACHE: size: 4096 KB assoc: 2
3CACHE: hits:2346907 misses:5621617  Hit Ratio: 29.45%
3CACHE: dirty items replaced:1790944
ITLB: size: 48, misses 8188, miss rate 0.00%
DTLB: size: 128, misses 168030, miss rate 0.05%
Avg mem delay: 3.556 cycles
----------------------------------------
==== Global Resource Utilization ====
STASH: size: 65536 entries, full 2852456384, empty 88968928, misses 7958043, full rate 96.71
icache bank util. 0.103 0.102 0.101 0.108 0.109 0.107 0.102 0.101 
dcache bank util. 0.114 0.110 0.111 0.114 0.115 0.112 0.113 0.113 
L2 bank util. 0.030 0.032 0.031 0.032 0.031 0.029 0.030 0.030 
L1-L2 bus util. = 0.117, L3 util. = 0.079
----------------------------------------

======================== 切片硬件状态 ========================
切片号 | 所属安全域 | 当前状态    | 路扩展 | LRU touched
------------------------------------------------------------------
  0    |   域2      | 正常运行   |  是   |  900999999
  1    |   域3      | 正常运行   |  否   |  900999998
  2    |   域0      | 正常运行   |  否   |  900999943
  3    |   域2      | 正常运行   |  是   |  900999996
==================================================================

branch prediction, hits = 113733232, misses = 20954821, hit rate = 84.44%
return_stack prediction, hits = 11532263, misses = 16134, hit rate = 99.86%
jump prediction, hits = 95270805, misses = 28763466, hit rate = 76.81%
 dlabad_ dlacon_ clorb_
======================== 切片硬件状态 ========================
切片号 | 所属安全域 | 当前状态    | 路扩展 | LRU touched
------------------------------------------------------------------
  0    |   域2      | 正常运行   |  是   |  908799841
  1    |   域3      | 正常运行   |  否   |  908799981
  2    |   域0      | 正常运行   |  否   |  908799949
  3    |   域2      | 正常运行   |  是   |  908799681
==================================================================

[动态重分配] 周期908800000：预约迁移 冗余域2(0%) -> 切片3 -> 饥饿域3(31%)
[切片剥夺] 周期908800000：切片3（所属域2）进入待剥夺状态，禁止新替换
[切片剥夺] 周期908800000：切片3在途请求已清空，开始执行脏行写回
[切片管理] 周期908800263：原域2仅剩1个切片，关闭路扩展模式
[动态重分配] 周期908800263：切片3写回完成，自动绑定到域3
[切片管理] 成功绑定切片3 → 安全域3，触发【路扩展模式】

======================== 切片硬件状态 ========================
切片号 | 所属安全域 | 当前状态    | 路扩展 | LRU touched
------------------------------------------------------------------
  0    |   域2      | 正常运行   |  否   |  908799841
  1    |   域3      | 正常运行   |  是   |  908800263
  2    |   域0      | 正常运行   |  否   |  908799949
  3    |   域3      | 正常运行   |  是   |  908800263
==================================================================


======================== 切片硬件状态 ========================
切片号 | 所属安全域 | 当前状态    | 路扩展 | LRU touched
------------------------------------------------------------------
  0    |   域2      | 正常运行   |  否   |  974399983
  1    |   域3      | 正常运行   |  是   |  974399999
  2    |   域0      | 正常运行   |  否   |  974400000
  3    |   域3      | 正常运行   |  是   |  974400000
==================================================================

[动态重分配] 周期974400000：预约迁移 冗余域3(2%) -> 切片1 -> 饥饿域2(20%)
[切片剥夺] 周期974400000：切片1（所属域3）进入待剥夺状态，禁止新替换
[切片剥夺] 周期974400000：切片1在途请求已清空，开始执行脏行写回
[切片管理] 周期974400146：原域3仅剩1个切片，关闭路扩展模式
[动态重分配] 周期974400146：切片1写回完成，自动绑定到域2
[切片管理] 成功绑定切片1 → 安全域2，触发【路扩展模式】

======================== 切片硬件状态 ========================
切片号 | 所属安全域 | 当前状态    | 路扩展 | LRU touched
------------------------------------------------------------------
  0    |   域2      | 正常运行   |  是   |  974400144
  1    |   域2      | 正常运行   |  是   |  974400146
  2    |   域0      | 正常运行   |  否   |  974400146
  3    |   域3      | 正常运行   |  否   |  974400146
==================================================================


**** Debug Statistics at 1001000000 Cycles *****
Threads: 4		Fetch Width: 8
No of useful instructions fetched:	1878651940 (23.46% proc util.)
No of total instructions fetched:	2502796910 (31.25% proc util.)
 includes 113713917 misfetch (4.5%), 510431053 (20.4%) wrong-path fetches
 and 0 flushed after failed lock(0.0%)
No of useful instructions issued/executed:	1878651916 (23.46% proc util.)
No of total instructions issued/executed:	2144993046 (26.79% proc util.)
 includes 266341130 wrong-path (12.4%) insts and 0 flushed (0.0%)
	fp 380273509, 17.73%
	synch 0, 0.00%
	integer 943215903, 43.97%
	load/store 821503634, 38.30%
Avg size of int IQ (before scheduling): 10.07
Avg size of fp IQ (before scheduling): 8.97
No of cycles taken:		1001000000
Parallelism [ 0.496, 0.000, 0.485, 0.895,] = 1.877
 IQ conflicts: 16654622 (1.66%), FQ conflicts: 15470465 (1.55%) 
 I reg conflicts: 58333940 (5.83%), FP reg conflicts: 481138425 (48.07%)
  Activelist confs: 5582 (0.00%), ROB confs: 975951 (0.10%)
  Int unit conflicts: 229486664 (22.93%), FP unit conflicts: 4562224 (0.46%)
  Load/store unit conflicts: 181744045 (18.16%)
  MSHR conflicts: 548361048 (54.78%)
----------------------------------------
==== System-wide Cache Statistics ====
Stall for miss queue full 2382 cycles (0.00%)
----------------------------------------
==== Statistics for Master ID: 0 ====
Reads: 421846106   Writes: 68619709
ICACHE: size: 64 KB assoc: 2
ICACHE: hits:244019472 misses:6010339  Hit Ratio: 97.60%
DCACHE: size: 1*16 KB assoc: 1*4
DCACHE: hits:235336879 misses:5100629 writebacks:1727167  Hit Ratio: 97.88%
SCACHE: size: 512 KB assoc: 2
SCACHE: hits:7723246 misses:3386217  Hit Ratio: 69.52%
3CACHE: size: 4096 KB assoc: 2
3CACHE: hits:2595779 misses:790438  Hit Ratio: 76.66%
3CACHE: dirty items replaced:344637
ITLB: size: 48, misses 452379, miss rate 0.18%
DTLB: size: 128, misses 482361, miss rate 0.20%
Avg mem delay: 3.541 cycles
----------------------------------------
==== Statistics for Master ID: 2 ====
Reads: 398818852   Writes: 65655842
ICACHE: size: 64 KB assoc: 2
ICACHE: hits:231117762 misses:6164986  Hit Ratio: 97.40%
DCACHE: size: 2*16 KB assoc: 2*4
DCACHE: hits:222601293 misses:4592503 writebacks:1276120  Hit Ratio: 97.98%
SCACHE: size: 512 KB assoc: 2
SCACHE: hits:7230188 misses:3525451  Hit Ratio: 67.22%
3CACHE: size: 4096 KB assoc: 2
3CACHE: hits:2686675 misses:838776  Hit Ratio: 76.21%
3CACHE: dirty items replaced:354095
ITLB: size: 48, misses 531477, miss rate 0.22%
DTLB: size: 128, misses 549405, miss rate 0.24%
Avg mem delay: 3.541 cycles
----------------------------------------
==== Statistics for Master ID: 3 ====
Reads: 635826551   Writes: 22765781
ICACHE: size: 64 KB assoc: 2
ICACHE: hits:305812338 misses:245337  Hit Ratio: 99.92%
DCACHE: size: 1*16 KB assoc: 1*4
DCACHE: hits:342222389 misses:10312909 writebacks:2956770  Hit Ratio: 97.07%
SCACHE: size: 512 KB assoc: 2
SCACHE: hits:1788773 misses:8768832  Hit Ratio: 16.94%
3CACHE: size: 4096 KB assoc: 2
3CACHE: hits:2581197 misses:6187635  Hit Ratio: 29.44%
3CACHE: dirty items replaced:2106020
ITLB: size: 48, misses 8982, miss rate 0.00%
DTLB: size: 128, misses 185523, miss rate 0.05%
Avg mem delay: 3.541 cycles
----------------------------------------
==== Global Resource Utilization ====
STASH: size: 65536 entries, full 3146394223, empty 97544855, misses 8700139, full rate 96.73
icache bank util. 0.102 0.102 0.102 0.109 0.108 0.106 0.101 0.100 
dcache bank util. 0.113 0.110 0.111 0.113 0.114 0.111 0.113 0.112 
L2 bank util. 0.030 0.032 0.030 0.031 0.031 0.029 0.030 0.030 
L1-L2 bus util. = 0.115, L3 util. = 0.078
----------------------------------------

======================== 切片硬件状态 ========================
切片号 | 所属安全域 | 当前状态    | 路扩展 | LRU touched
------------------------------------------------------------------
  0    |   域2      | 正常运行   |  是   |  1000999887
  1    |   域2      | 正常运行   |  是   |  1000999890
  2    |   域0      | 正常运行   |  否   |  1000999936
  3    |   域3      | 正常运行   |  否   |  1000999891
==================================================================

branch prediction, hits = 125576686, misses = 23255439, hit rate = 84.37%
return_stack prediction, hits = 12708076, misses = 17774, hit rate = 99.86%
jump prediction, hits = 105350903, misses = 31671268, hit rate = 76.89%
 dlae2_ dlaev2_
======================== 切片硬件状态 ========================
切片号 | 所属安全域 | 当前状态    | 路扩展 | LRU touched
------------------------------------------------------------------
  0    |   域2      | 正常运行   |  是   |  1003999926
  1    |   域2      | 正常运行   |  是   |  1003999930
  2    |   域0      | 正常运行   |  否   |  1003999909
  3    |   域3      | 正常运行   |  否   |  1003999962
==================================================================

[动态重分配] 周期1004000000：预约迁移 冗余域2(1%) -> 切片0 -> 饥饿域0(16%)
[切片剥夺] 周期1004000000：切片0（所属域2）进入待剥夺状态，禁止新替换
[切片剥夺] 周期1004000000：切片0在途请求已清空，开始执行脏行写回
[切片管理] 周期1004000299：原域2仅剩1个切片，关闭路扩展模式
[动态重分配] 周期1004000299：切片0写回完成，自动绑定到域0
[切片管理] 成功绑定切片0 → 安全域0，触发【路扩展模式】

======================== 切片硬件状态 ========================
切片号 | 所属安全域 | 当前状态    | 路扩展 | LRU touched
------------------------------------------------------------------
  0    |   域0      | 正常运行   |  是   |  1004000299
  1    |   域2      | 正常运行   |  否   |  1003999930
  2    |   域0      | 正常运行   |  是   |  1003999909
  3    |   域3      | 正常运行   |  否   |  1003999962
==================================================================


======================== 切片硬件状态 ========================
切片号 | 所属安全域 | 当前状态    | 路扩展 | LRU touched
------------------------------------------------------------------
  0    |   域0      | 正常运行   |  是   |  1006099947
  1    |   域2      | 正常运行   |  否   |  1006099815
  2    |   域0      | 正常运行   |  是   |  1006099998
  3    |   域3      | 正常运行   |  否   |  1006099992
==================================================================

[动态重分配] 周期1006100000：预约迁移 冗余域0(0%) -> 切片2 -> 饥饿域2(19%)
[切片剥夺] 周期1006100000：切片2（所属域0）进入待剥夺状态，禁止新替换
[切片剥夺] 周期1006100000：切片2在途请求已清空，开始执行脏行写回
[切片管理] 周期1006100305：原域0仅剩1个切片，关闭路扩展模式
[动态重分配] 周期1006100305：切片2写回完成，自动绑定到域2
[切片管理] 成功绑定切片2 → 安全域2，触发【路扩展模式】

======================== 切片硬件状态 ========================
切片号 | 所属安全域 | 当前状态    | 路扩展 | LRU touched
------------------------------------------------------------------
  0    |   域0      | 正常运行   |  否   |  1006099947
  1    |   域2      | 正常运行   |  是   |  1006099815
  2    |   域2      | 正常运行   |  是   |  1006100305
  3    |   域3      | 正常运行   |  否   |  1006099992
==================================================================


**** Early Exiting at 1067838680 Cycles *****
========================================
 SMTSIM Global Statistics
========================================
Threads: 4		Fetch Width: 8
No of useful instructions fetched:	2000000071 (23.41% proc util.)
No of total instructions fetched:	2663904552 (31.18% proc util.)
 includes 121639156 misfetch (4.6%), 542265325 (20.4%) wrong-path fetches
 and 0 flushed after failed lock(0.0%)
No of useful instructions issued/executed:	2000000044 (23.41% proc util.)
No of total instructions issued/executed:	2282668910 (26.72% proc util.)
 includes 282668866 wrong-path (12.4%) insts and 0 flushed (0.0%)
	fp 405756585, 17.78%
	synch 0, 0.00%
	integer 1001855409, 43.89%
	load/store 875056916, 38.33%
Avg size of int IQ (before scheduling): 9.84
Avg size of fp IQ (before scheduling): 8.77
No of cycles taken:		1067838680
Parallelism [ 0.492, 0.000, 0.485, 0.896,] = 1.873
 IQ conflicts: 16795365 (1.57%), FQ conflicts: 15470465 (1.45%) 
 I reg conflicts: 59456286 (5.57%), FP reg conflicts: 518518873 (48.56%)
  Activelist confs: 5867 (0.00%), ROB confs: 1002382 (0.09%)
  Int unit conflicts: 241681559 (22.63%), FP unit conflicts: 4674920 (0.44%)
  Load/store unit conflicts: 192275558 (18.01%)
  MSHR conflicts: 555826404 (52.05%)
----------------------------------------
==== System-wide Cache Statistics ====
Stall for miss queue full 2382 cycles (0.00%)
----------------------------------------
==== Statistics for Master ID: 0 ====
Reads: 447288176   Writes: 72759248
ICACHE: size: 64 KB assoc: 2
ICACHE: hits:258763776 misses:6451479  Hit Ratio: 97.57%
DCACHE: size: 1*16 KB assoc: 1*4
DCACHE: hits:249451879 misses:5381892 writebacks:1810692  Hit Ratio: 97.89%
SCACHE: size: 512 KB assoc: 2
SCACHE: hits:8255477 misses:3576291  Hit Ratio: 69.77%
3CACHE: size: 4096 KB assoc: 2
3CACHE: hits:2739065 misses:837226  Hit Ratio: 76.59%
3CACHE: dirty items replaced:370723
ITLB: size: 48, misses 484697, miss rate 0.18%
DTLB: size: 128, misses 505692, miss rate 0.20%
Avg mem delay: 3.508 cycles
----------------------------------------
==== Statistics for Master ID: 2 ====
Reads: 425482304   Writes: 70008249
ICACHE: size: 64 KB assoc: 2
ICACHE: hits:246543150 misses:6568282  Hit Ratio: 97.40%
DCACHE: size: 2*16 KB assoc: 2*4
DCACHE: hits:237601235 misses:4779832 writebacks:1332557  Hit Ratio: 98.03%
SCACHE: size: 512 KB assoc: 2
SCACHE: hits:7624300 misses:3721868  Hit Ratio: 67.20%
3CACHE: size: 4096 KB assoc: 2
3CACHE: hits:2839348 misses:882520  Hit Ratio: 76.29%
3CACHE: dirty items replaced:379994
ITLB: size: 48, misses 562502, miss rate 0.22%
DTLB: size: 128, misses 573907, miss rate 0.24%
Avg mem delay: 3.508 cycles
----------------------------------------
==== Statistics for Master ID: 3 ====
Reads: 679752275   Writes: 23587011
ICACHE: size: 64 KB assoc: 2
ICACHE: hits:326661852 misses:260003  Hit Ratio: 99.92%
DCACHE: size: 1*16 KB assoc: 1*4
DCACHE: hits:365469435 misses:10948637 writebacks:3064653  Hit Ratio: 97.09%
SCACHE: size: 512 KB assoc: 2
SCACHE: hits:1944058 misses:9263941  Hit Ratio: 17.35%
3CACHE: size: 4096 KB assoc: 2
3CACHE: hits:2749532 misses:6514409  Hit Ratio: 29.68%
3CACHE: dirty items replaced:2298030
ITLB: size: 48, misses 9812, miss rate 0.00%
DTLB: size: 128, misses 193981, miss rate 0.05%
Avg mem delay: 3.508 cycles
----------------------------------------
==== Global Resource Utilization ====
STASH: size: 65536 entries, full 3346770659, empty 103702727, misses 9238210, full rate 96.74
icache bank util. 0.102 0.103 0.102 0.109 0.108 0.106 0.101 0.100 
dcache bank util. 0.113 0.110 0.111 0.113 0.114 0.111 0.112 0.112 
L2 bank util. 0.030 0.031 0.030 0.031 0.030 0.029 0.030 0.029 
L1-L2 bus util. = 0.114, L3 util. = 0.077
----------------------------------------

======================== 切片硬件状态 ========================
切片号 | 所属安全域 | 当前状态    | 路扩展 | LRU touched
------------------------------------------------------------------
  0    |   域0      | 正常运行   |  否   |  1067838677
  1    |   域2      | 正常运行   |  是   |  1067838675
  2    |   域2      | 正常运行   |  是   |  1067838677
  3    |   域3      | 正常运行   |  否   |  1067838679
==================================================================

branch prediction, hits = 133143284, misses = 24854550, hit rate = 84.27%
return_stack prediction, hits = 13556526, misses = 18711, hit rate = 99.86%
jump prediction, hits = 111499886, misses = 33970574, hit rate = 76.65%
total IPC 1.873

=== Results saved to: ./results/gcc-scilab_2_gcc-200_1_mgrid_1.txt ===
