测试组合（多线程优先）：gcc-166.arg2 + gcc-scilab.arg + mgrid.arg
执行命令：./smtsim gcc-166.arg2 gcc-scilab.arg mgrid.arg
==================================================

 __sigismember __sigaddset __sigdelset mem_access_latency dl1_access_fn dl2_access_fn il1_access_fn il2_access_fn itlb_access_fn dtlb_access_fn sim_reg_options sim_check_options动态重分配参数：每10万周期检查，阈值10
Process 0, Thread 0: gcc-166
Process 0, Thread 1: gcc-166
Process 2, Thread 2: gcc-scilab
Process 3, Thread 3: mgrid
[切片调度] 新安全域2无任何切片，尝试分配空闲切片
[切片管理] 成功绑定切片0 → 安全域2

======================== 切片硬件状态 ========================
切片号 | 所属安全域 | 当前状态    | 路扩展 | LRU touched
------------------------------------------------------------------
  0    |   域2      | 正常运行   |  否   |  0
  1    |   域-1     | 切片空闲   |  否   |  0
  2    |   域-1     | 切片空闲   |  否   |  0
  3    |   域-1     | 切片空闲   |  否   |  0
==================================================================

[切片管理] 成功绑定切片1 → 安全域2，触发【路扩展模式】

======================== 切片硬件状态 ========================
切片号 | 所属安全域 | 当前状态    | 路扩展 | LRU touched
------------------------------------------------------------------
  0    |   域2      | 正常运行   |  是   |  0
  1    |   域2      | 正常运行   |  是   |  0
  2    |   域-1     | 切片空闲   |  否   |  0
  3    |   域-1     | 切片空闲   |  否   |  0
==================================================================

[切片调度] 新安全域3无任何切片，尝试分配空闲切片
[切片管理] 成功绑定切片2 → 安全域3

======================== 切片硬件状态 ========================
切片号 | 所属安全域 | 当前状态    | 路扩展 | LRU touched
------------------------------------------------------------------
  0    |   域2      | 正常运行   |  是   |  435
  1    |   域2      | 正常运行   |  是   |  0
  2    |   域3      | 正常运行   |  否   |  0
  3    |   域-1     | 切片空闲   |  否   |  0
==================================================================

[切片管理] 成功绑定切片3 → 安全域3，触发【路扩展模式】

======================== 切片硬件状态 ========================
切片号 | 所属安全域 | 当前状态    | 路扩展 | LRU touched
------------------------------------------------------------------
  0    |   域2      | 正常运行   |  是   |  435
  1    |   域2      | 正常运行   |  是   |  0
  2    |   域3      | 正常运行   |  是   |  0
  3    |   域3      | 正常运行   |  是   |  0
==================================================================

[切片调度] 新安全域0无任何切片，尝试分配空闲切片
[切片调度] 新安全域0未找到空闲切片，尝试剥夺切片
[切片替换] 优先从【路扩展切片】中选择LRU替换目标...
[切片替换] 找到路扩展切片作为受害者：切片1（最后访问：0）
[切片调度] 安全域0触发切片剥夺：从域2剥夺切片1
[切片剥夺] 周期544：切片1（所属域2）进入待剥夺状态，禁止新替换
[切片剥夺] 周期544：切片1在途请求已清空，开始执行脏行写回
[切片剥夺] 周期544：切片1无脏行，直接完成剥夺
[切片管理] 周期544：原域2仅剩1个切片，关闭路扩展模式
[动态重分配] 周期544：切片1写回完成，自动绑定到域0
[切片管理] 成功绑定切片1 → 安全域0

======================== 切片硬件状态 ========================
切片号 | 所属安全域 | 当前状态    | 路扩展 | LRU touched
------------------------------------------------------------------
  0    |   域2      | 正常运行   |  否   |  435
  1    |   域0      | 正常运行   |  否   |  544
  2    |   域3      | 正常运行   |  是   |  511
  3    |   域3      | 正常运行   |  是   |  0
==================================================================

[切片唤醒] 周期544：域0切片就绪，唤醒等待指令

**** Debug Statistics at 1000000 Cycles *****
Threads: 4		Fetch Width: 8
No of useful instructions fetched:	1119152 (13.99% proc util.)
No of total instructions fetched:	1670338 (20.88% proc util.)
 includes 118438 misfetch (7.1%), 432748 (25.9%) wrong-path fetches
 and 0 flushed after failed lock(0.0%)
No of useful instructions issued/executed:	1119138 (13.99% proc util.)
No of total instructions issued/executed:	1323136 (16.54% proc util.)
 includes 203998 wrong-path (15.4%) insts and 0 flushed (0.0%)
	fp 196, 0.01%
	synch 0, 0.00%
	integer 832967, 62.95%
	load/store 489973, 37.03%
Avg size of int IQ (before scheduling): 7.83
Avg size of fp IQ (before scheduling): 0.01
No of cycles taken:		1000000
Parallelism [ 0.307, 0.000, 0.353, 0.459,] = 1.119
 IQ conflicts: 6267 (0.63%), FQ conflicts: 0 (0.00%) 
 I reg conflicts: 651403 (65.14%), FP reg conflicts: 0 (0.00%)
  Activelist confs: 187 (0.02%), ROB confs: 9801 (0.98%)
  Int unit conflicts: 239492 (23.95%), FP unit conflicts: 0 (0.00%)
  Load/store unit conflicts: 80886 (8.09%)
  MSHR conflicts: 856446 (85.64%)
----------------------------------------
==== System-wide Cache Statistics ====
Stall for miss queue full 0 cycles (0.00%)
----------------------------------------
==== Statistics for Master ID: 0 ====
Reads: 291343   Writes: 44866
ICACHE: size: 64 KB assoc: 2
ICACHE: hits:165270 misses:5505  Hit Ratio: 96.78%
DCACHE: size: 1*16 KB assoc: 1*4
DCACHE: hits:162270 misses:3163 writebacks:1067  Hit Ratio: 98.09%
SCACHE: size: 512 KB assoc: 2
SCACHE: hits:5464 misses:3204  Hit Ratio: 63.04%
3CACHE: size: 4096 KB assoc: 2
3CACHE: hits:1157 misses:2046  Hit Ratio: 36.12%
3CACHE: dirty items replaced:5
ITLB: size: 48, misses 343, miss rate 0.20%
DTLB: size: 128, misses 327, miss rate 0.20%
Avg mem delay: 2.994 cycles
----------------------------------------
==== Statistics for Master ID: 2 ====
Reads: 213237   Writes: 55155
ICACHE: size: 64 KB assoc: 2
ICACHE: hits:136445 misses:2846  Hit Ratio: 97.96%
DCACHE: size: 1*16 KB assoc: 1*4
DCACHE: hits:126000 misses:3101 writebacks:2136  Hit Ratio: 97.60%
SCACHE: size: 512 KB assoc: 2
SCACHE: hits:1767 misses:4180  Hit Ratio: 29.71%
3CACHE: size: 4096 KB assoc: 2
3CACHE: hits:407 misses:3773  Hit Ratio: 9.74%
3CACHE: dirty items replaced:0
ITLB: size: 48, misses 272, miss rate 0.20%
DTLB: size: 128, misses 233, miss rate 0.18%
Avg mem delay: 2.994 cycles
----------------------------------------
==== Statistics for Master ID: 3 ====
Reads: 192952   Writes: 140527
ICACHE: size: 64 KB assoc: 2
ICACHE: hits:137516 misses:2285  Hit Ratio: 98.37%
DCACHE: size: 2*16 KB assoc: 2*4
DCACHE: hits:179213 misses:14465 writebacks:13720  Hit Ratio: 92.53%
SCACHE: size: 512 KB assoc: 2
SCACHE: hits:1240 misses:15510  Hit Ratio: 7.40%
3CACHE: size: 4096 KB assoc: 2
3CACHE: hits:96 misses:15413  Hit Ratio: 0.62%
3CACHE: dirty items replaced:4
ITLB: size: 48, misses 210, miss rate 0.15%
DTLB: size: 128, misses 334, miss rate 0.17%
Avg mem delay: 2.994 cycles
----------------------------------------
==== Global Resource Utilization ====
STASH: size: 65536 entries, full 94660491, empty 6403055, misses 766846, full rate 92.96
icache bank util. 0.058 0.063 0.061 0.051 0.053 0.093 0.052 0.050 
dcache bank util. 0.073 0.080 0.076 0.073 0.071 0.081 0.076 0.071 
L2 bank util. 0.039 0.039 0.036 0.038 0.037 0.036 0.037 0.037 
L1-L2 bus util. = 0.145, L3 util. = 0.212
----------------------------------------

======================== 切片硬件状态 ========================
切片号 | 所属安全域 | 当前状态    | 路扩展 | LRU touched
------------------------------------------------------------------
  0    |   域2      | 正常运行   |  否   |  999832
  1    |   域0      | 正常运行   |  否   |  999819
  2    |   域3      | 正常运行   |  是   |  999976
  3    |   域3      | 正常运行   |  是   |  999832
==================================================================

branch prediction, hits = 116488, misses = 21590, hit rate = 84.36%
return_stack prediction, hits = 17242, misses = 32, hit rate = 99.81%
jump prediction, hits = 113777, misses = 28653, hit rate = 79.88%
 dgelq2_ dgelqf_
======================== 切片硬件状态 ========================
切片号 | 所属安全域 | 当前状态    | 路扩展 | LRU touched
------------------------------------------------------------------
  0    |   域2      | 正常运行   |  否   |  86499965
  1    |   域0      | 正常运行   |  否   |  86499780
  2    |   域3      | 正常运行   |  是   |  86499961
  3    |   域3      | 正常运行   |  是   |  86499964
==================================================================

[动态重分配] 周期86500000：预约迁移 冗余域3(2%) -> 切片2 -> 饥饿域2(32%)
[切片剥夺] 周期86500000：切片2（所属域3）进入待剥夺状态，禁止新替换
[切片剥夺] 周期86500000：切片2在途请求已清空，开始执行脏行写回
[切片管理] 周期86500104：原域3仅剩1个切片，关闭路扩展模式
[动态重分配] 周期86500104：切片2写回完成，自动绑定到域2
[切片管理] 成功绑定切片2 → 安全域2，触发【路扩展模式】

======================== 切片硬件状态 ========================
切片号 | 所属安全域 | 当前状态    | 路扩展 | LRU touched
------------------------------------------------------------------
  0    |   域2      | 正常运行   |  是   |  86499965
  1    |   域0      | 正常运行   |  否   |  86499780
  2    |   域2      | 正常运行   |  是   |  86500104
  3    |   域3      | 正常运行   |  否   |  86499964
==================================================================


**** Debug Statistics at 101000000 Cycles *****
Threads: 4		Fetch Width: 8
No of useful instructions fetched:	147286448 (18.23% proc util.)
No of total instructions fetched:	200455646 (24.81% proc util.)
 includes 12097946 misfetch (6.0%), 41071252 (20.5%) wrong-path fetches
 and 0 flushed after failed lock(0.0%)
No of useful instructions issued/executed:	147286442 (18.23% proc util.)
No of total instructions issued/executed:	168367346 (20.84% proc util.)
 includes 21080904 wrong-path (12.5%) insts and 0 flushed (0.0%)
	fp 29212645, 17.35%
	synch 0, 0.00%
	integer 73006145, 43.36%
	load/store 66148556, 39.29%
Avg size of int IQ (before scheduling): 6.92
Avg size of fp IQ (before scheduling): 4.77
No of cycles taken:		101000000
Parallelism [ 0.341, 0.000, 0.331, 0.787,] = 1.458
 IQ conflicts: 1163866 (1.15%), FQ conflicts: 0 (0.00%) 
 I reg conflicts: 20365578 (20.16%), FP reg conflicts: 44025380 (43.59%)
  Activelist confs: 542 (0.00%), ROB confs: 617743 (0.61%)
  Int unit conflicts: 12581458 (12.46%), FP unit conflicts: 124946 (0.12%)
  Load/store unit conflicts: 11666183 (11.55%)
  MSHR conflicts: 52437626 (51.92%)
----------------------------------------
==== System-wide Cache Statistics ====
Stall for miss queue full 0 cycles (0.00%)
----------------------------------------
==== Statistics for Master ID: 0 ====
Reads: 32665704   Writes: 4754454
ICACHE: size: 64 KB assoc: 2
ICACHE: hits:19053462 misses:658496  Hit Ratio: 96.66%
DCACHE: size: 1*16 KB assoc: 1*4
DCACHE: hits:17233250 misses:474949 writebacks:132480  Hit Ratio: 97.32%
SCACHE: size: 512 KB assoc: 2
SCACHE: hits:826530 misses:306915  Hit Ratio: 72.92%
3CACHE: size: 4096 KB assoc: 2
3CACHE: hits:272819 misses:34096  Hit Ratio: 88.89%
3CACHE: dirty items replaced:6360
ITLB: size: 48, misses 36777, miss rate 0.19%
DTLB: size: 128, misses 33923, miss rate 0.19%
Avg mem delay: 3.691 cycles
----------------------------------------
==== Statistics for Master ID: 2 ====
Reads: 28157613   Writes: 4627068
ICACHE: size: 64 KB assoc: 2
ICACHE: hits:16141709 misses:656555  Hit Ratio: 96.09%
DCACHE: size: 2*16 KB assoc: 2*4
DCACHE: hits:15605528 misses:380889 writebacks:95520  Hit Ratio: 97.62%
SCACHE: size: 512 KB assoc: 2
SCACHE: hits:686737 misses:350707  Hit Ratio: 66.20%
3CACHE: size: 4096 KB assoc: 2
3CACHE: hits:273825 misses:76882  Hit Ratio: 78.08%
3CACHE: dirty items replaced:9911
ITLB: size: 48, misses 56718, miss rate 0.34%
DTLB: size: 128, misses 38363, miss rate 0.24%
Avg mem delay: 3.691 cycles
----------------------------------------
==== Statistics for Master ID: 3 ====
Reads: 52869051   Writes: 5532303
ICACHE: size: 64 KB assoc: 2
ICACHE: hits:26088573 misses:29591  Hit Ratio: 99.89%
DCACHE: size: 1*16 KB assoc: 1*4
DCACHE: hits:31060886 misses:1222335 writebacks:697982  Hit Ratio: 96.21%
SCACHE: size: 512 KB assoc: 2
SCACHE: hits:94107 misses:1157788  Hit Ratio: 7.52%
3CACHE: size: 4096 KB assoc: 2
3CACHE: hits:195120 misses:962668  Hit Ratio: 16.85%
3CACHE: dirty items replaced:33925
ITLB: size: 48, misses 1659, miss rate 0.01%
DTLB: size: 128, misses 23312, miss rate 0.07%
Avg mem delay: 3.691 cycles
----------------------------------------
==== Global Resource Utilization ====
STASH: size: 65536 entries, full 338065316, empty 14665906, misses 1501930, full rate 95.44
icache bank util. 0.080 0.082 0.079 0.084 0.085 0.098 0.080 0.071 
dcache bank util. 0.088 0.093 0.091 0.090 0.096 0.107 0.094 0.084 
L2 bank util. 0.033 0.035 0.033 0.035 0.034 0.032 0.033 0.034 
L1-L2 bus util. = 0.129, L3 util. = 0.106
----------------------------------------

======================== 切片硬件状态 ========================
切片号 | 所属安全域 | 当前状态    | 路扩展 | LRU touched
------------------------------------------------------------------
  0    |   域2      | 正常运行   |  是   |  100999845
  1    |   域0      | 正常运行   |  否   |  100999881
  2    |   域2      | 正常运行   |  是   |  100999690
  3    |   域3      | 正常运行   |  否   |  100999892
==================================================================

branch prediction, hits = 9564721, misses = 2195671, hit rate = 81.33%
return_stack prediction, hits = 994140, misses = 947, hit rate = 99.90%
jump prediction, hits = 7325057, misses = 3364183, hit rate = 68.53%

======================== 切片硬件状态 ========================
切片号 | 所属安全域 | 当前状态    | 路扩展 | LRU touched
------------------------------------------------------------------
  0    |   域2      | 正常运行   |  是   |  184599978
  1    |   域0      | 正常运行   |  否   |  184599980
  2    |   域2      | 正常运行   |  是   |  184599974
  3    |   域3      | 正常运行   |  否   |  184599978
==================================================================

[动态重分配] 周期184600000：预约迁移 冗余域2(1%) -> 切片0 -> 饥饿域0(25%)
[切片剥夺] 周期184600000：切片0（所属域2）进入待剥夺状态，禁止新替换
[切片剥夺] 周期184600000：切片0在途请求已清空，开始执行脏行写回
[切片管理] 周期184601873：原域2仅剩1个切片，关闭路扩展模式
[动态重分配] 周期184601873：切片0写回完成，自动绑定到域0
[切片管理] 成功绑定切片0 → 安全域0，触发【路扩展模式】

======================== 切片硬件状态 ========================
切片号 | 所属安全域 | 当前状态    | 路扩展 | LRU touched
------------------------------------------------------------------
  0    |   域0      | 正常运行   |  是   |  184601873
  1    |   域0      | 正常运行   |  是   |  184601871
  2    |   域2      | 正常运行   |  否   |  184601873
  3    |   域3      | 正常运行   |  否   |  184601863
==================================================================


======================== 切片硬件状态 ========================
切片号 | 所属安全域 | 当前状态    | 路扩展 | LRU touched
------------------------------------------------------------------
  0    |   域0      | 正常运行   |  是   |  194999019
  1    |   域0      | 正常运行   |  是   |  194999841
  2    |   域2      | 正常运行   |  否   |  194999841
  3    |   域3      | 正常运行   |  否   |  194999977
==================================================================

[动态重分配] 周期195000000：预约迁移 冗余域0(0%) -> 切片1 -> 饥饿域3(31%)
[切片剥夺] 周期195000000：切片1（所属域0）进入待剥夺状态，禁止新替换
[切片剥夺] 周期195000000：切片1在途请求已清空，开始执行脏行写回
[切片管理] 周期195005903：原域0仅剩1个切片，关闭路扩展模式
[动态重分配] 周期195005903：切片1写回完成，自动绑定到域3
[切片管理] 成功绑定切片1 → 安全域3，触发【路扩展模式】

======================== 切片硬件状态 ========================
切片号 | 所属安全域 | 当前状态    | 路扩展 | LRU touched
------------------------------------------------------------------
  0    |   域0      | 正常运行   |  否   |  195005767
  1    |   域3      | 正常运行   |  是   |  195005903
  2    |   域2      | 正常运行   |  否   |  195005835
  3    |   域3      | 正常运行   |  是   |  195005885
==================================================================


**** Debug Statistics at 201000000 Cycles *****
Threads: 4		Fetch Width: 8
No of useful instructions fetched:	307336609 (19.11% proc util.)
No of total instructions fetched:	419965686 (26.12% proc util.)
 includes 27688028 misfetch (6.6%), 84941049 (20.2%) wrong-path fetches
 and 0 flushed after failed lock(0.0%)
No of useful instructions issued/executed:	307336484 (19.11% proc util.)
No of total instructions issued/executed:	350907050 (21.82% proc util.)
 includes 43570566 wrong-path (12.4%) insts and 0 flushed (0.0%)
	fp 66497603, 18.95%
	synch 0, 0.00%
	integer 146177437, 41.66%
	load/store 138232010, 39.39%
Avg size of int IQ (before scheduling): 6.87
Avg size of fp IQ (before scheduling): 6.43
No of cycles taken:		201000000
Parallelism [ 0.349, 0.000, 0.350, 0.830,] = 1.529
 IQ conflicts: 2592604 (1.29%), FQ conflicts: 2123000 (1.06%) 
 I reg conflicts: 21833330 (10.86%), FP reg conflicts: 99868236 (49.69%)
  Activelist confs: 589 (0.00%), ROB confs: 638833 (0.32%)
  Int unit conflicts: 25873776 (12.87%), FP unit conflicts: 323205 (0.16%)
  Load/store unit conflicts: 26232050 (13.05%)
  MSHR conflicts: 91847617 (45.70%)
----------------------------------------
==== System-wide Cache Statistics ====
Stall for miss queue full 259 cycles (0.00%)
----------------------------------------
==== Statistics for Master ID: 0 ====
Reads: 65127788   Writes: 10078170
ICACHE: size: 64 KB assoc: 2
ICACHE: hits:37509030 misses:1564879  Hit Ratio: 96.00%
DCACHE: size: 1*16 KB assoc: 1*4
DCACHE: hits:35279574 misses:852613 writebacks:264357  Hit Ratio: 97.64%
SCACHE: size: 512 KB assoc: 2
SCACHE: hits:1694456 misses:722896  Hit Ratio: 70.10%
3CACHE: size: 4096 KB assoc: 2
3CACHE: hits:647736 misses:75160  Hit Ratio: 89.60%
3CACHE: dirty items replaced:16322
ITLB: size: 48, misses 81451, miss rate 0.21%
DTLB: size: 128, misses 72056, miss rate 0.20%
Avg mem delay: 3.615 cycles
----------------------------------------
==== Statistics for Master ID: 2 ====
Reads: 61998172   Writes: 10053247
ICACHE: size: 64 KB assoc: 2
ICACHE: hits:35326467 misses:1511202  Hit Ratio: 95.90%
DCACHE: size: 1*16 KB assoc: 1*4
DCACHE: hits:34555411 misses:658466 writebacks:194839  Hit Ratio: 98.13%
SCACHE: size: 512 KB assoc: 2
SCACHE: hits:1411609 misses:757930  Hit Ratio: 65.06%
3CACHE: size: 4096 KB assoc: 2
3CACHE: hits:634989 misses:122941  Hit Ratio: 83.78%
3CACHE: dirty items replaced:22732
ITLB: size: 48, misses 97818, miss rate 0.27%
DTLB: size: 128, misses 73246, miss rate 0.21%
Avg mem delay: 3.615 cycles
----------------------------------------
==== Statistics for Master ID: 3 ====
Reads: 115204721   Writes: 6862290
ICACHE: size: 64 KB assoc: 2
ICACHE: hits:55474308 misses:66180  Hit Ratio: 99.88%
DCACHE: size: 2*16 KB assoc: 2*4
DCACHE: hits:64292249 misses:2234305 writebacks:877359  Hit Ratio: 96.64%
SCACHE: size: 512 KB assoc: 2
SCACHE: hits:394830 misses:1905624  Hit Ratio: 17.16%
3CACHE: size: 4096 KB assoc: 2
3CACHE: hits:412925 misses:1492699  Hit Ratio: 21.67%
3CACHE: dirty items replaced:98813
ITLB: size: 48, misses 2660, miss rate 0.00%
DTLB: size: 128, misses 40373, miss rate 0.06%
Avg mem delay: 3.615 cycles
----------------------------------------
==== Global Resource Utilization ====
STASH: size: 65536 entries, full 613189798, empty 22993329, misses 2246968, full rate 96.05
icache bank util. 0.085 0.089 0.085 0.092 0.093 0.097 0.084 0.077 
dcache bank util. 0.089 0.094 0.098 0.095 0.095 0.107 0.096 0.086 
L2 bank util. 0.031 0.034 0.032 0.034 0.033 0.031 0.031 0.031 
L1-L2 bus util. = 0.123, L3 util. = 0.084
----------------------------------------

======================== 切片硬件状态 ========================
切片号 | 所属安全域 | 当前状态    | 路扩展 | LRU touched
------------------------------------------------------------------
  0    |   域0      | 正常运行   |  否   |  200999999
  1    |   域3      | 正常运行   |  是   |  200999942
  2    |   域2      | 正常运行   |  否   |  200999995
  3    |   域3      | 正常运行   |  是   |  200999821
==================================================================

branch prediction, hits = 19072558, misses = 4415169, hit rate = 81.20%
return_stack prediction, hits = 2138860, misses = 1043, hit rate = 99.95%
jump prediction, hits = 13702730, misses = 7483303, hit rate = 64.68%
 dgels_
======================== 切片硬件状态 ========================
切片号 | 所属安全域 | 当前状态    | 路扩展 | LRU touched
------------------------------------------------------------------
  0    |   域0      | 正常运行   |  否   |  247399988
  1    |   域3      | 正常运行   |  是   |  247399988
  2    |   域2      | 正常运行   |  否   |  247399949
  3    |   域3      | 正常运行   |  是   |  247399988
==================================================================

[动态重分配] 周期247400000：预约迁移 冗余域3(6%) -> 切片1 -> 饥饿域2(20%)
[切片剥夺] 周期247400000：切片1（所属域3）进入待剥夺状态，禁止新替换
[切片剥夺] 周期247400256：切片1在途请求已清空，开始执行脏行写回
[切片管理] 周期247400315：原域3仅剩1个切片，关闭路扩展模式
[动态重分配] 周期247400315：切片1写回完成，自动绑定到域2
[切片管理] 成功绑定切片1 → 安全域2，触发【路扩展模式】

======================== 切片硬件状态 ========================
切片号 | 所属安全域 | 当前状态    | 路扩展 | LRU touched
------------------------------------------------------------------
  0    |   域0      | 正常运行   |  否   |  247400294
  1    |   域2      | 正常运行   |  是   |  247400315
  2    |   域2      | 正常运行   |  是   |  247400299
  3    |   域3      | 正常运行   |  否   |  247400295
==================================================================


======================== 切片硬件状态 ========================
切片号 | 所属安全域 | 当前状态    | 路扩展 | LRU touched
------------------------------------------------------------------
  0    |   域0      | 正常运行   |  否   |  261799648
  1    |   域2      | 正常运行   |  是   |  261799124
  2    |   域2      | 正常运行   |  是   |  261799688
  3    |   域3      | 正常运行   |  否   |  261799923
==================================================================

[动态重分配] 周期261800000：预约迁移 冗余域2(1%) -> 切片1 -> 饥饿域3(14%)
[切片剥夺] 周期261800000：切片1（所属域2）进入待剥夺状态，禁止新替换
[切片剥夺] 周期261800000：切片1在途请求已清空，开始执行脏行写回
[切片管理] 周期261800269：原域2仅剩1个切片，关闭路扩展模式
[动态重分配] 周期261800269：切片1写回完成，自动绑定到域3
[切片管理] 成功绑定切片1 → 安全域3，触发【路扩展模式】

======================== 切片硬件状态 ========================
切片号 | 所属安全域 | 当前状态    | 路扩展 | LRU touched
------------------------------------------------------------------
  0    |   域0      | 正常运行   |  否   |  261799648
  1    |   域3      | 正常运行   |  是   |  261800269
  2    |   域2      | 正常运行   |  否   |  261800269
  3    |   域3      | 正常运行   |  是   |  261800269
==================================================================


======================== 切片硬件状态 ========================
切片号 | 所属安全域 | 当前状态    | 路扩展 | LRU touched
------------------------------------------------------------------
  0    |   域0      | 正常运行   |  否   |  284300000
  1    |   域3      | 正常运行   |  是   |  284299800
  2    |   域2      | 正常运行   |  否   |  284299963
  3    |   域3      | 正常运行   |  是   |  284299994
==================================================================

[动态重分配] 周期284300000：预约迁移 冗余域3(1%) -> 切片1 -> 饥饿域2(19%)
[切片剥夺] 周期284300000：切片1（所属域3）进入待剥夺状态，禁止新替换
[切片剥夺] 周期284300008：切片1在途请求已清空，开始执行脏行写回
[切片管理] 周期284300163：原域3仅剩1个切片，关闭路扩展模式
[动态重分配] 周期284300163：切片1写回完成，自动绑定到域2
[切片管理] 成功绑定切片1 → 安全域2，触发【路扩展模式】

======================== 切片硬件状态 ========================
切片号 | 所属安全域 | 当前状态    | 路扩展 | LRU touched
------------------------------------------------------------------
  0    |   域0      | 正常运行   |  否   |  284300077
  1    |   域2      | 正常运行   |  是   |  284300163
  2    |   域2      | 正常运行   |  是   |  284299963
  3    |   域3      | 正常运行   |  否   |  284300076
==================================================================


======================== 切片硬件状态 ========================
切片号 | 所属安全域 | 当前状态    | 路扩展 | LRU touched
------------------------------------------------------------------
  0    |   域0      | 正常运行   |  否   |  286799971
  1    |   域2      | 正常运行   |  是   |  286799971
  2    |   域2      | 正常运行   |  是   |  286799942
  3    |   域3      | 正常运行   |  否   |  286799994
==================================================================

[动态重分配] 周期286800000：预约迁移 冗余域2(1%) -> 切片1 -> 饥饿域3(31%)
[切片剥夺] 周期286800000：切片1（所属域2）进入待剥夺状态，禁止新替换
[切片剥夺] 周期286800000：切片1在途请求已清空，开始执行脏行写回
[切片管理] 周期286800068：原域2仅剩1个切片，关闭路扩展模式
[动态重分配] 周期286800068：切片1写回完成，自动绑定到域3
[切片管理] 成功绑定切片1 → 安全域3，触发【路扩展模式】

======================== 切片硬件状态 ========================
切片号 | 所属安全域 | 当前状态    | 路扩展 | LRU touched
------------------------------------------------------------------
  0    |   域0      | 正常运行   |  否   |  286800068
  1    |   域3      | 正常运行   |  是   |  286800068
  2    |   域2      | 正常运行   |  否   |  286800067
  3    |   域3      | 正常运行   |  是   |  286800065
==================================================================


======================== 切片硬件状态 ========================
切片号 | 所属安全域 | 当前状态    | 路扩展 | LRU touched
------------------------------------------------------------------
  0    |   域0      | 正常运行   |  否   |  288699893
  1    |   域3      | 正常运行   |  是   |  288699838
  2    |   域2      | 正常运行   |  否   |  288699907
  3    |   域3      | 正常运行   |  是   |  288699837
==================================================================

[动态重分配] 周期288700000：预约迁移 冗余域3(1%) -> 切片1 -> 饥饿域2(28%)
[切片剥夺] 周期288700000：切片1（所属域3）进入待剥夺状态，禁止新替换
[切片剥夺] 周期288700076：切片1在途请求已清空，开始执行脏行写回
[切片管理] 周期288700295：原域3仅剩1个切片，关闭路扩展模式
[动态重分配] 周期288700295：切片1写回完成，自动绑定到域2
[切片管理] 成功绑定切片1 → 安全域2，触发【路扩展模式】

======================== 切片硬件状态 ========================
切片号 | 所属安全域 | 当前状态    | 路扩展 | LRU touched
------------------------------------------------------------------
  0    |   域0      | 正常运行   |  否   |  288700069
  1    |   域2      | 正常运行   |  是   |  288700295
  2    |   域2      | 正常运行   |  是   |  288700295
  3    |   域3      | 正常运行   |  否   |  288700295
==================================================================


**** Debug Statistics at 301000000 Cycles *****
Threads: 4		Fetch Width: 8
No of useful instructions fetched:	505498425 (20.99% proc util.)
No of total instructions fetched:	720596940 (29.93% proc util.)
 includes 47282467 misfetch (6.6%), 167816048 (23.3%) wrong-path fetches
 and 0 flushed after failed lock(0.0%)
No of useful instructions issued/executed:	505498366 (20.99% proc util.)
No of total instructions issued/executed:	591017853 (24.54% proc util.)
 includes 85519487 wrong-path (14.5%) insts and 0 flushed (0.0%)
	fp 104397992, 17.66%
	synch 0, 0.00%
	integer 258949647, 43.81%
	load/store 227670214, 38.52%
Avg size of int IQ (before scheduling): 8.94
Avg size of fp IQ (before scheduling): 11.90
No of cycles taken:		301000000
Parallelism [ 0.425, 0.000, 0.426, 0.829,] = 1.679
 IQ conflicts: 4609097 (1.53%), FQ conflicts: 12952705 (4.30%) 
 I reg conflicts: 28481676 (9.46%), FP reg conflicts: 130657043 (43.41%)
  Activelist confs: 1514 (0.00%), ROB confs: 708472 (0.24%)
  Int unit conflicts: 59962707 (19.92%), FP unit conflicts: 873988 (0.29%)
  Load/store unit conflicts: 46494921 (15.45%)
  MSHR conflicts: 152329316 (50.61%)
----------------------------------------
==== System-wide Cache Statistics ====
Stall for miss queue full 259 cycles (0.00%)
----------------------------------------
==== Statistics for Master ID: 0 ====
Reads: 120090535   Writes: 18362233
ICACHE: size: 64 KB assoc: 2
ICACHE: hits:69153850 misses:2492347  Hit Ratio: 96.52%
DCACHE: size: 1*16 KB assoc: 1*4
DCACHE: hits:65304484 misses:1502225 writebacks:490516  Hit Ratio: 97.75%
SCACHE: size: 512 KB assoc: 2
SCACHE: hits:2932346 misses:1062087  Hit Ratio: 73.41%
3CACHE: size: 4096 KB assoc: 2
3CACHE: hits:942319 misses:119768  Hit Ratio: 88.72%
3CACHE: dirty items replaced:31872
ITLB: size: 48, misses 132932, miss rate 0.19%
DTLB: size: 128, misses 129451, miss rate 0.19%
Avg mem delay: 3.677 cycles
----------------------------------------
==== Statistics for Master ID: 2 ====
Reads: 111712486   Writes: 18083375
ICACHE: size: 64 KB assoc: 2
ICACHE: hits:63874774 misses:2323705  Hit Ratio: 96.49%
DCACHE: size: 2*16 KB assoc: 2*4
DCACHE: hits:62373766 misses:1223847 writebacks:373172  Hit Ratio: 98.08%
SCACHE: size: 512 KB assoc: 2
SCACHE: hits:2328999 misses:1218322  Hit Ratio: 65.66%
3CACHE: size: 4096 KB assoc: 2
3CACHE: hits:995094 misses:223228  Hit Ratio: 81.68%
3CACHE: dirty items replaced:50572
ITLB: size: 48, misses 171786, miss rate 0.26%
DTLB: size: 128, misses 138091, miss rate 0.22%
Avg mem delay: 3.677 cycles
----------------------------------------
==== Statistics for Master ID: 3 ====
Reads: 172782869   Writes: 8972752
ICACHE: size: 64 KB assoc: 2
ICACHE: hits:85022482 misses:82582  Hit Ratio: 99.90%
DCACHE: size: 1*16 KB assoc: 1*4
DCACHE: hits:93241029 misses:3409689 writebacks:1102378  Hit Ratio: 96.47%
SCACHE: size: 512 KB assoc: 2
SCACHE: hits:583702 misses:2908408  Hit Ratio: 16.71%
3CACHE: size: 4096 KB assoc: 2
3CACHE: hits:704465 misses:2203942  Hit Ratio: 24.22%
3CACHE: dirty items replaced:213527
ITLB: size: 48, misses 3027, miss rate 0.00%
DTLB: size: 128, misses 61230, miss rate 0.06%
Avg mem delay: 3.677 cycles
----------------------------------------
==== Global Resource Utilization ====
STASH: size: 65536 entries, full 963409065, empty 35388054, misses 3322911, full rate 96.14
icache bank util. 0.096 0.097 0.094 0.100 0.102 0.111 0.099 0.091 
dcache bank util. 0.099 0.104 0.103 0.102 0.106 0.119 0.107 0.095 
L2 bank util. 0.033 0.036 0.034 0.036 0.035 0.032 0.034 0.033 
L1-L2 bus util. = 0.130, L3 util. = 0.085
----------------------------------------

======================== 切片硬件状态 ========================
切片号 | 所属安全域 | 当前状态    | 路扩展 | LRU touched
------------------------------------------------------------------
  0    |   域0      | 正常运行   |  否   |  300999920
  1    |   域2      | 正常运行   |  是   |  300999991
  2    |   域2      | 正常运行   |  是   |  300999942
  3    |   域3      | 正常运行   |  否   |  300999991
==================================================================

branch prediction, hits = 33311805, misses = 7693461, hit rate = 81.24%
return_stack prediction, hits = 3672467, misses = 2402, hit rate = 99.93%
jump prediction, hits = 24692663, misses = 12252793, hit rate = 66.84%
 sim_aux_config sim_reg_stats
======================== 切片硬件状态 ========================
切片号 | 所属安全域 | 当前状态    | 路扩展 | LRU touched
------------------------------------------------------------------
  0    |   域0      | 正常运行   |  否   |  301099931
  1    |   域2      | 正常运行   |  是   |  301098907
  2    |   域2      | 正常运行   |  是   |  301099656
  3    |   域3      | 正常运行   |  否   |  301099981
==================================================================

[动态重分配] 周期301100000：预约迁移 冗余域2(5%) -> 切片2 -> 饥饿域3(31%)
[切片剥夺] 周期301100000：切片2（所属域2）进入待剥夺状态，禁止新替换
[切片剥夺] 周期301100000：切片2在途请求已清空，开始执行脏行写回
[切片管理] 周期301102584：原域2仅剩1个切片，关闭路扩展模式
[动态重分配] 周期301102584：切片2写回完成，自动绑定到域3
[切片管理] 成功绑定切片2 → 安全域3，触发【路扩展模式】

======================== 切片硬件状态 ========================
切片号 | 所属安全域 | 当前状态    | 路扩展 | LRU touched
------------------------------------------------------------------
  0    |   域0      | 正常运行   |  否   |  301102570
  1    |   域2      | 正常运行   |  否   |  301102563
  2    |   域3      | 正常运行   |  是   |  301102584
  3    |   域3      | 正常运行   |  是   |  301102570
==================================================================


======================== 切片硬件状态 ========================
切片号 | 所属安全域 | 当前状态    | 路扩展 | LRU touched
------------------------------------------------------------------
  0    |   域0      | 正常运行   |  否   |  353999980
  1    |   域2      | 正常运行   |  否   |  353999980
  2    |   域3      | 正常运行   |  是   |  353999954
  3    |   域3      | 正常运行   |  是   |  353999979
==================================================================

[动态重分配] 周期354000000：预约迁移 冗余域3(2%) -> 切片2 -> 饥饿域0(33%)
[切片剥夺] 周期354000000：切片2（所属域3）进入待剥夺状态，禁止新替换
[切片剥夺] 周期354000000：切片2在途请求已清空，开始执行脏行写回
[切片管理] 周期354000113：原域3仅剩1个切片，关闭路扩展模式
[动态重分配] 周期354000113：切片2写回完成，自动绑定到域0
[切片管理] 成功绑定切片2 → 安全域0，触发【路扩展模式】

======================== 切片硬件状态 ========================
切片号 | 所属安全域 | 当前状态    | 路扩展 | LRU touched
------------------------------------------------------------------
  0    |   域0      | 正常运行   |  是   |  354000002
  1    |   域2      | 正常运行   |  否   |  354000107
  2    |   域0      | 正常运行   |  是   |  354000113
  3    |   域3      | 正常运行   |  否   |  354000113
==================================================================


======================== 切片硬件状态 ========================
切片号 | 所属安全域 | 当前状态    | 路扩展 | LRU touched
------------------------------------------------------------------
  0    |   域0      | 正常运行   |  是   |  377499824
  1    |   域2      | 正常运行   |  否   |  377499818
  2    |   域0      | 正常运行   |  是   |  377499815
  3    |   域3      | 正常运行   |  否   |  377499830
==================================================================

[动态重分配] 周期377500000：预约迁移 冗余域0(1%) -> 切片2 -> 饥饿域2(13%)
[切片剥夺] 周期377500000：切片2（所属域0）进入待剥夺状态，禁止新替换
[切片剥夺] 周期377500000：切片2在途请求已清空，开始执行脏行写回
[切片管理] 周期377500305：原域0仅剩1个切片，关闭路扩展模式
[动态重分配] 周期377500305：切片2写回完成，自动绑定到域2
[切片管理] 成功绑定切片2 → 安全域2，触发【路扩展模式】

======================== 切片硬件状态 ========================
切片号 | 所属安全域 | 当前状态    | 路扩展 | LRU touched
------------------------------------------------------------------
  0    |   域0      | 正常运行   |  否   |  377500073
  1    |   域2      | 正常运行   |  是   |  377500051
  2    |   域2      | 正常运行   |  是   |  377500305
  3    |   域3      | 正常运行   |  否   |  377500096
==================================================================


======================== 切片硬件状态 ========================
切片号 | 所属安全域 | 当前状态    | 路扩展 | LRU touched
------------------------------------------------------------------
  0    |   域0      | 正常运行   |  否   |  383499998
  1    |   域2      | 正常运行   |  是   |  383499999
  2    |   域2      | 正常运行   |  是   |  383499989
  3    |   域3      | 正常运行   |  否   |  383500000
==================================================================

[动态重分配] 周期383500000：预约迁移 冗余域2(0%) -> 切片1 -> 饥饿域0(11%)
[切片剥夺] 周期383500000：切片1（所属域2）进入待剥夺状态，禁止新替换
[切片剥夺] 周期383500000：切片1在途请求已清空，开始执行脏行写回
[切片管理] 周期383506405：原域2仅剩1个切片，关闭路扩展模式
[动态重分配] 周期383506405：切片1写回完成，自动绑定到域0
[切片管理] 成功绑定切片1 → 安全域0，触发【路扩展模式】

======================== 切片硬件状态 ========================
切片号 | 所属安全域 | 当前状态    | 路扩展 | LRU touched
------------------------------------------------------------------
  0    |   域0      | 正常运行   |  是   |  383506405
  1    |   域0      | 正常运行   |  是   |  383506405
  2    |   域2      | 正常运行   |  否   |  383506403
  3    |   域3      | 正常运行   |  否   |  383506395
==================================================================


======================== 切片硬件状态 ========================
切片号 | 所属安全域 | 当前状态    | 路扩展 | LRU touched
------------------------------------------------------------------
  0    |   域0      | 正常运行   |  是   |  384799889
  1    |   域0      | 正常运行   |  是   |  384799886
  2    |   域2      | 正常运行   |  否   |  384799938
  3    |   域3      | 正常运行   |  否   |  384799898
==================================================================

[动态重分配] 周期384800000：预约迁移 冗余域0(0%) -> 切片0 -> 饥饿域2(12%)
[切片剥夺] 周期384800000：切片0（所属域0）进入待剥夺状态，禁止新替换
[切片剥夺] 周期384800000：切片0在途请求已清空，开始执行脏行写回
[切片管理] 周期384814424：原域0仅剩1个切片，关闭路扩展模式
[动态重分配] 周期384814424：切片0写回完成，自动绑定到域2
[切片管理] 成功绑定切片0 → 安全域2，触发【路扩展模式】

======================== 切片硬件状态 ========================
切片号 | 所属安全域 | 当前状态    | 路扩展 | LRU touched
------------------------------------------------------------------
  0    |   域2      | 正常运行   |  是   |  384814424
  1    |   域0      | 正常运行   |  否   |  384814424
  2    |   域2      | 正常运行   |  是   |  384814424
  3    |   域3      | 正常运行   |  否   |  384814416
==================================================================


======================== 切片硬件状态 ========================
切片号 | 所属安全域 | 当前状态    | 路扩展 | LRU touched
------------------------------------------------------------------
  0    |   域2      | 正常运行   |  是   |  385899936
  1    |   域0      | 正常运行   |  否   |  385899950
  2    |   域2      | 正常运行   |  是   |  385899947
  3    |   域3      | 正常运行   |  否   |  385899993
==================================================================

[动态重分配] 周期385900000：预约迁移 冗余域2(0%) -> 切片0 -> 饥饿域0(11%)
[切片剥夺] 周期385900000：切片0（所属域2）进入待剥夺状态，禁止新替换
[切片剥夺] 周期385900000：切片0在途请求已清空，开始执行脏行写回
[切片管理] 周期385900281：原域2仅剩1个切片，关闭路扩展模式
[动态重分配] 周期385900281：切片0写回完成，自动绑定到域0
[切片管理] 成功绑定切片0 → 安全域0，触发【路扩展模式】

======================== 切片硬件状态 ========================
切片号 | 所属安全域 | 当前状态    | 路扩展 | LRU touched
------------------------------------------------------------------
  0    |   域0      | 正常运行   |  是   |  385900281
  1    |   域0      | 正常运行   |  是   |  385899950
  2    |   域2      | 正常运行   |  否   |  385899947
  3    |   域3      | 正常运行   |  否   |  385899993
==================================================================


======================== 切片硬件状态 ========================
切片号 | 所属安全域 | 当前状态    | 路扩展 | LRU touched
------------------------------------------------------------------
  0    |   域0      | 正常运行   |  是   |  399299775
  1    |   域0      | 正常运行   |  是   |  399299778
  2    |   域2      | 正常运行   |  否   |  399299811
  3    |   域3      | 正常运行   |  否   |  399300000
==================================================================

[动态重分配] 周期399300000：预约迁移 冗余域0(2%) -> 切片0 -> 饥饿域2(27%)
[切片剥夺] 周期399300000：切片0（所属域0）进入待剥夺状态，禁止新替换
[切片剥夺] 周期399300000：切片0在途请求已清空，开始执行脏行写回
[切片管理] 周期399300179：原域0仅剩1个切片，关闭路扩展模式
[动态重分配] 周期399300179：切片0写回完成，自动绑定到域2
[切片管理] 成功绑定切片0 → 安全域2，触发【路扩展模式】

======================== 切片硬件状态 ========================
切片号 | 所属安全域 | 当前状态    | 路扩展 | LRU touched
------------------------------------------------------------------
  0    |   域2      | 正常运行   |  是   |  399300179
  1    |   域0      | 正常运行   |  否   |  399300178
  2    |   域2      | 正常运行   |  是   |  399300176
  3    |   域3      | 正常运行   |  否   |  399300179
==================================================================


**** Debug Statistics at 401000000 Cycles *****
Threads: 4		Fetch Width: 8
No of useful instructions fetched:	674177441 (21.02% proc util.)
No of total instructions fetched:	958858107 (29.89% proc util.)
 includes 60945760 misfetch (6.4%), 223734906 (23.3%) wrong-path fetches
 and 0 flushed after failed lock(0.0%)
No of useful instructions issued/executed:	674177432 (21.02% proc util.)
No of total instructions issued/executed:	788721218 (24.59% proc util.)
 includes 114543786 wrong-path (14.5%) insts and 0 flushed (0.0%)
	fp 140030459, 17.75%
	synch 0, 0.00%
	integer 344671314, 43.70%
	load/store 304019445, 38.55%
Avg size of int IQ (before scheduling): 9.34
Avg size of fp IQ (before scheduling): 10.93
No of cycles taken:		401000000
Parallelism [ 0.431, 0.000, 0.425, 0.826,] = 1.681
 IQ conflicts: 6052632 (1.51%), FQ conflicts: 12953602 (3.23%) 
 I reg conflicts: 31934004 (7.96%), FP reg conflicts: 185599122 (46.28%)
  Activelist confs: 1548 (0.00%), ROB confs: 763428 (0.19%)
  Int unit conflicts: 81365744 (20.29%), FP unit conflicts: 2230887 (0.56%)
  Load/store unit conflicts: 63449456 (15.82%)
  MSHR conflicts: 198377928 (49.47%)
----------------------------------------
==== System-wide Cache Statistics ====
Stall for miss queue full 673 cycles (0.00%)
----------------------------------------
==== Statistics for Master ID: 0 ====
Reads: 158142571   Writes: 24495257
ICACHE: size: 64 KB assoc: 2
ICACHE: hits:91158177 misses:3104195  Hit Ratio: 96.71%
DCACHE: size: 1*16 KB assoc: 1*4
DCACHE: hits:86440080 misses:1935805 writebacks:624062  Hit Ratio: 97.81%
SCACHE: size: 512 KB assoc: 2
SCACHE: hits:3651712 misses:1387858  Hit Ratio: 72.46%
3CACHE: size: 4096 KB assoc: 2
3CACHE: hits:1187559 misses:200299  Hit Ratio: 85.57%
3CACHE: dirty items replaced:60916
ITLB: size: 48, misses 188541, miss rate 0.20%
DTLB: size: 128, misses 184980, miss rate 0.21%
Avg mem delay: 3.750 cycles
----------------------------------------
==== Statistics for Master ID: 2 ====
Reads: 152393465   Writes: 24515015
ICACHE: size: 64 KB assoc: 2
ICACHE: hits:87326075 misses:3004459  Hit Ratio: 96.67%
DCACHE: size: 2*16 KB assoc: 2*4
DCACHE: hits:84686881 misses:1891655 writebacks:575255  Hit Ratio: 97.82%
SCACHE: size: 512 KB assoc: 2
SCACHE: hits:3312857 misses:1582667  Hit Ratio: 67.67%
3CACHE: size: 4096 KB assoc: 2
3CACHE: hits:1313917 misses:268750  Hit Ratio: 83.02%
3CACHE: dirty items replaced:68165
ITLB: size: 48, misses 206803, miss rate 0.23%
DTLB: size: 128, misses 188617, miss rate 0.22%
Avg mem delay: 3.750 cycles
----------------------------------------
==== Statistics for Master ID: 3 ====
Reads: 228928182   Writes: 12054970
ICACHE: size: 64 KB assoc: 2
ICACHE: hits:112614861 misses:111222  Hit Ratio: 99.90%
DCACHE: size: 1*16 KB assoc: 1*4
DCACHE: hits:123828088 misses:4429176 writebacks:1511896  Hit Ratio: 96.55%
SCACHE: size: 512 KB assoc: 2
SCACHE: hits:745830 misses:3794373  Hit Ratio: 16.43%
3CACHE: size: 4096 KB assoc: 2
3CACHE: hits:907026 misses:2887347  Hit Ratio: 23.90%
3CACHE: dirty items replaced:383118
ITLB: size: 48, misses 3969, miss rate 0.00%
DTLB: size: 128, misses 80806, miss rate 0.06%
Avg mem delay: 3.750 cycles
----------------------------------------
==== Global Resource Utilization ====
STASH: size: 65536 entries, full 1248537071, empty 44248444, misses 4102975, full rate 96.27
icache bank util. 0.097 0.099 0.095 0.099 0.102 0.106 0.099 0.091 
dcache bank util. 0.100 0.102 0.101 0.105 0.111 0.117 0.105 0.097 
L2 bank util. 0.033 0.035 0.033 0.035 0.034 0.032 0.033 0.033 
L1-L2 bus util. = 0.129, L3 util. = 0.084
----------------------------------------

======================== 切片硬件状态 ========================
切片号 | 所属安全域 | 当前状态    | 路扩展 | LRU touched
------------------------------------------------------------------
  0    |   域2      | 正常运行   |  是   |  400999849
  1    |   域0      | 正常运行   |  否   |  400999852
  2    |   域2      | 正常运行   |  是   |  400999899
  3    |   域3      | 正常运行   |  否   |  400999907
==================================================================

branch prediction, hits = 44109554, misses = 10231825, hit rate = 81.17%
return_stack prediction, hits = 4893872, misses = 2855, hit rate = 99.94%
jump prediction, hits = 33182855, misses = 15959771, hit rate = 67.52%

======================== 切片硬件状态 ========================
切片号 | 所属安全域 | 当前状态    | 路扩展 | LRU touched
------------------------------------------------------------------
  0    |   域2      | 正常运行   |  是   |  403099964
  1    |   域0      | 正常运行   |  否   |  403099989
  2    |   域2      | 正常运行   |  是   |  403099995
  3    |   域3      | 正常运行   |  否   |  403099991
==================================================================

[动态重分配] 周期403100000：预约迁移 冗余域2(2%) -> 切片0 -> 饥饿域0(17%)
[切片剥夺] 周期403100000：切片0（所属域2）进入待剥夺状态，禁止新替换
[切片剥夺] 周期403100280：切片0在途请求已清空，开始执行脏行写回
[切片管理] 周期403105963：原域2仅剩1个切片，关闭路扩展模式
[动态重分配] 周期403105963：切片0写回完成，自动绑定到域0
[切片管理] 成功绑定切片0 → 安全域0，触发【路扩展模式】

======================== 切片硬件状态 ========================
切片号 | 所属安全域 | 当前状态    | 路扩展 | LRU touched
------------------------------------------------------------------
  0    |   域0      | 正常运行   |  是   |  403105963
  1    |   域0      | 正常运行   |  是   |  403105925
  2    |   域2      | 正常运行   |  否   |  403105930
  3    |   域3      | 正常运行   |  否   |  403105930
==================================================================


======================== 切片硬件状态 ========================
切片号 | 所属安全域 | 当前状态    | 路扩展 | LRU touched
------------------------------------------------------------------
  0    |   域0      | 正常运行   |  是   |  406499834
  1    |   域0      | 正常运行   |  是   |  406499838
  2    |   域2      | 正常运行   |  否   |  406499885
  3    |   域3      | 正常运行   |  否   |  406499859
==================================================================

[动态重分配] 周期406500000：预约迁移 冗余域0(8%) -> 切片1 -> 饥饿域2(26%)
[切片剥夺] 周期406500000：切片1（所属域0）进入待剥夺状态，禁止新替换
[切片剥夺] 周期406500000：切片1在途请求已清空，开始执行脏行写回
[切片管理] 周期406500101：原域0仅剩1个切片，关闭路扩展模式
[动态重分配] 周期406500101：切片1写回完成，自动绑定到域2
[切片管理] 成功绑定切片1 → 安全域2，触发【路扩展模式】

======================== 切片硬件状态 ========================
切片号 | 所属安全域 | 当前状态    | 路扩展 | LRU touched
------------------------------------------------------------------
  0    |   域0      | 正常运行   |  否   |  406500089
  1    |   域2      | 正常运行   |  是   |  406500101
  2    |   域2      | 正常运行   |  是   |  406500038
  3    |   域3      | 正常运行   |  否   |  406500098
==================================================================


======================== 切片硬件状态 ========================
切片号 | 所属安全域 | 当前状态    | 路扩展 | LRU touched
------------------------------------------------------------------
  0    |   域0      | 正常运行   |  否   |  406800000
  1    |   域2      | 正常运行   |  是   |  406799996
  2    |   域2      | 正常运行   |  是   |  406799995
  3    |   域3      | 正常运行   |  否   |  406799999
==================================================================

[动态重分配] 周期406800000：预约迁移 冗余域2(2%) -> 切片2 -> 饥饿域0(19%)
[切片剥夺] 周期406800000：切片2（所属域2）进入待剥夺状态，禁止新替换
[切片剥夺] 周期406800000：切片2在途请求已清空，开始执行脏行写回
[切片管理] 周期406800140：原域2仅剩1个切片，关闭路扩展模式
[动态重分配] 周期406800140：切片2写回完成，自动绑定到域0
[切片管理] 成功绑定切片2 � sim_init sim_aux_stats sim_uninit ruu_init ruu_dumpent� 安全域0，触发【路扩展模式】

======================== 切片硬件状态 ========================
切片号 | 所属安全域 | 当前状态    | 路扩展 | LRU touched
------------------------------------------------------------------
  0    |   域0      | 正常运行   |  是   |  406800037
  1    |   域2      | 正常运行   |  否   |  406800041
  2    |   域0      | 正常运行   |  是   |  406800140
  3    |   域3      | 正常运行   |  否   |  406800040
==================================================================


======================== 切片硬件状态 ========================
切片号 | 所属安全域 | 当前状态    | 路扩展 | LRU touched
------------------------------------------------------------------
  0    |   域0      | 正常运行   |  是   |  407699982
  1    |   域2      | 正常运行   |  否   |  407699988
  2    |   域0      | 正常运行   |  是   |  407699980
  3    |   域3      | 正常运行   |  否   |  407699981
==================================================================

[动态重分配] 周期407700000：预约迁移 冗余域0(0%) -> 切片0 -> 饥饿域2(25%)
[切片剥夺] 周期407700000：切片0（所属域0）进入待剥夺状态，禁止新替换
[切片剥夺] 周期407700000：切片0在途请求已清空，开始执行脏行写回
[切片管理] 周期407708764：原域0仅剩1个切片，关闭路扩展模式
[动态重分配] 周期407708764：切片0写回完成，自动绑定到域2
[切片管理] 成功绑定切片0 → 安全域2，触发【路扩展模式】

======================== 切片硬件状态 ========================
切片号 | 所属安全域 | 当前状态    | 路扩展 | LRU touched
------------------------------------------------------------------
  0    |   域2      | 正常运行   |  是   |  407708764
  1    |   域2      | 正常运行   |  是   |  407708763
  2    |   域0      | 正常运行   |  否   |  407708760
  3    |   域3      | 正常运行   |  否   |  407708763
==================================================================


======================== 切片硬件状态 ========================
切片号 | 所属安全域 | 当前状态    | 路扩展 | LRU touched
------------------------------------------------------------------
  0    |   域2      | 正常运行   |  是   |  437099968
  1    |   域2      | 正常运行   |  是   |  437099960
  2    |   域0      | 正常运行   |  否   |  437099999
  3    |   域3      | 正常运行   |  否   |  437099998
==================================================================

[动态重分配] 周期437100000：预约迁移 冗余域2(0%) -> 切片0 -> 饥饿域0(16%)
[切片剥夺] 周期437100000：切片0（所属域2）进入待剥夺状态，禁止新替换
[切片剥夺] 周期437100000：切片0在途请求已清空，开始执行脏行写回
[切片管理] 周期437105183：原域2仅剩1个切片，关闭路扩展模式
[动态重分配] 周期437105183：切片0写回完成，自动绑定到域0
[切片管理] 成功绑定切片0 → 安全域0，触发【路扩展模式】

======================== 切片硬件状态 ========================
切片号 | 所属安全域 | 当前状态    | 路扩展 | LRU touched
------------------------------------------------------------------
  0    |   域0      | 正常运行   |  是   |  437105183
  1    |   域2      | 正常运行   |  否   |  437105174
  2    |   域0      | 正常运行   |  是   |  437105178
  3    |   域3      | 正常运行   |  否   |  437105183
==================================================================


======================== 切片硬件状态 ========================
切片号 | 所属安全域 | 当前状态    | 路扩展 | LRU touched
------------------------------------------------------------------
  0    |   域0      | 正常运行   |  是   |  482899998
  1    |   域2      | 正常运行   |  否   |  482899998
  2    |   域0      | 正常运行   |  是   |  482899989
  3    |   域3      | 正常运行   |  � ruu_dump lsq_init lsq_dump rslink_init�   |  482899987
==================================================================

[动态重分配] 周期482900000：预约迁移 冗余域0(2%) -> 切片2 -> 饥饿域2(16%)
[切片剥夺] 周期482900000：切片2（所属域0）进入待剥夺状态，禁止新替换
[切片剥夺] 周期482900000：切片2在途请求已清空，开始执行脏行写回
[切片管理] 周期482900274：原域0仅剩1个切片，关闭路扩展模式
[动态重分配] 周期482900274：切片2写回完成，自动绑定到域2
[切片管理] 成功绑定切片2 → 安全域2，触发【路扩展模式】

======================== 切片硬件状态 ========================
切片号 | 所属安全域 | 当前状态    | 路扩展 | LRU touched
------------------------------------------------------------------
  0    |   域0      | 正常运行   |  否   |  482900218
  1    |   域2      | 正常运行   |  是   |  482900266
  2    |   域2      | 正常运行   |  是   |  482900274
  3    |   域3      | 正常运行   |  否   |  482900220
==================================================================


======================== 切片硬件状态 ========================
切片号 | 所属安全域 | 当前状态    | 路扩展 | LRU touched
------------------------------------------------------------------
  0    |   域0      | 正常运行   |  否   |  494699982
  1    |   域2      | 正常运行   |  是   |  494699999
  2    |   域2      | 正常运行   |  是   |  494700000
  3    |   域3      | 正常运行   |  否   |  494699997
==================================================================

[动态重分配] 周期494700000：预约迁移 冗余域2(0%) -> 切片1 -> 饥饿域0(23%)
[切片剥夺] 周期494700000：切片1（所属域2）进入待剥夺状态，禁止新替换
[切片剥夺] 周期494700000：切片1在途请求已清空，开始执行脏行写回
[切片管理] 周期494700293：原域2仅剩1个切片，关闭路扩展模式
[动态重分配] 周期494700293：切片1写回完成，自动绑定到域0
[切片管理] 成功绑定切片1 → 安全域0，触发【路扩展模式】

======================== 切片硬件状态 ========================
切片号 | 所属安全域 | 当前状态    | 路扩展 | LRU touched
------------------------------------------------------------------
  0    |   域0      | 正常运行   |  是   |  494699982
  1    |   域0      | 正常运行   |  是   |  494700293
  2    |   域2      | 正常运行   |  否   |  494700293
  3    |   域3      | 正常运行   |  否   |  494700292
==================================================================


**** Debug Statistics at 501000000 Cycles *****
Threads: 4		Fetch Width: 8
No of useful instructions fetched:	859558063 (21.45% proc util.)
No of total instructions fetched:	1203275632 (30.02% proc util.)
 includes 72233678 misfetch (6.0%), 271483891 (22.6%) wrong-path fetches
 and 0 flushed after failed lock(0.0%)
No of useful instructions issued/executed:	859558037 (21.45% proc util.)
No of total instructions issued/executed:	998500934 (24.91% proc util.)
 includes 138942897 wrong-path (13.9%) insts and 0 flushed (0.0%)
	fp 177407845, 17.77%
	synch 0, 0.00%
	integer 436970837, 43.76%
	load/store 384122252, 38.47%
Avg size of int IQ (before scheduling): 8.99
Avg size of fp IQ (before scheduling): 9.91
No of cycles taken:		501000000
Parallelism [ 0.434, 0.000, 0.445, 0.837,] = 1.716
 IQ conflicts: 6573573 (1.31%), FQ conflicts: 12953602 (2.59%) 
 I reg conflicts: 33950191 (6.78%), FP reg conflicts: 240759823 (48.06%)
  Activelist confs: 1724 (0.00%), ROB confs: 796160 (0.16%)
  Int unit conflicts: 100433741 (20.05%), FP unit conflicts: 2392415 (0.48%)
  Load/store unit conflicts: 78405118 (15.65%)
  MSHR conflicts: 215538198 (43.02%)
----------------------------------------
==== System-wide Cache Statistics ====
Stall for miss queue full 1195 cycles (0.00%)
----------------------------------------
==== Statistics for Master ID: 0 ====
Reads: 195012332   Writes: 30021042
ICACHE: size: 64 KB assoc: 2
ICACHE: hits:112754236 misses:3670110  Hit Ratio: 96.85%
DCACHE: size: 2*16 KB assoc: 2*4
DCACHE: hits:106320855 misses:2288836 writebacks:702306  Hit Ratio: 97.89%
SCACHE: size: 512 KB assoc: 2
SCACHE: hits:4274275 misses:1684007  Hit Ratio: 71.74%
3CACHE: size: 4096 KB assoc: 2
3CACHE: hits:1395572 misses:288435  Hit Ratio: 82.87%
3CACHE: dirty items replaced:93227
ITLB: size: 48, misses 234717, miss rate 0.20%
DTLB: size: 128, misses 225657, miss rate 0.21%
Avg mem delay: 3.608 cycles
----------------------------------------
==== Statistics for Master ID: 2 ====
Reads: 196212480   Writes: 31399913
ICACHE: size: 64 KB assoc: 2
ICACHE: hits:112857662 misses:3505405  Hit Ratio: 96.99%
DCACHE: size: 1*16 KB assoc: 1*4
DCACHE: hits:108783435 misses:2466945 writebacks:786572  Hit Ratio: 97.78%
SCACHE: size: 512 KB assoc: 2
SCACHE: hits:4058407 misses:1912889  Hit Ratio: 67.97%
3CACHE: size: 4096 KB assoc: 2
3CACHE: hits:1584007 misses:328882  Hit Ratio: 82.81%
3CACHE: dirty items replaced:90605
ITLB: size: 48, misses 230010, miss rate 0.20%
DTLB: size: 128, misses 230533, miss rate 0.21%
Avg mem delay: 3.608 cycles
----------------------------------------
==== Statistics for Master ID: 3 ====
Reads: 293718512   Writes: 13259571
ICACHE: size: 64 KB assoc: 2
ICACHE: hits:143556846 misses:130373  Hit Ratio: 99.91%
DCACHE: size: 1*16 KB assoc: 1*4
DCACHE: hits:157946177 misses:5344882 writebacks:1669544  Hit Ratio: 96.73%
SCACHE: size: 512 KB assoc: 2
SCACHE: hits:946432 misses:4528628  Hit Ratio: 17.29%
3CACHE: size: 4096 KB assoc: 2
3CACHE: hits:1154120 misses:3374507  Hit Ratio: 25.48%
3CACHE: dirty items replaced:532108
ITLB: size: 48, misses 4784, miss rate 0.00%
DTLB: size: 128, misses 93205, miss rate 0.06%
Avg mem delay: 3.608 cycles
----------------------------------------
==== Global Resource Utilization ====
STASH: size: 65536 entries, full 1551587074, empty 52433678, misses 4825425, full rate 96.44
icache bank util. 0.097 0.101 0.096 0.100 0.103 0.106 0.098 0.093 
dcache bank util. 0.103 0.102 0.101 0.107 0.109 0.114 0.106 0.101 
L2 bank util. 0.031 0.034 0.032 0.034 0.033 0.030 0.032 0.031 
L1-L2 bus util. = 0.123, L3 util. = 0.080
----------------------------------------

======================== 切片硬件状态 ========================
切片号 | 所属安全域 | 当前状态    | 路扩展 | LRU touched
------------------------------------------------------------------
  0    |   域0      | 正常运行   |  是   |  500999999
  1    |   域0      | 正常运行   |  是   |  500999992
  2    |   域2      | 正常运行   |  否   |  500999999
  3    |   域3      | 正常运行   |  否   |  500999995
==================================================================

branch prediction, hits = 56531514, misses = 12639572, hit rate = 81.73%
return_stack prediction, hits = 6061662, misses = 3585, hit rate = 99.94%
jump prediction, hits = 43187874, misses = 19241033, hit rate = 69.18%
 ruu_release_fu eventq_init eventq_dump eventq_queue_event eventq_next_event readyq_init readyq_dump readyq_enqueue
======================== 切片硬件状态 ========================
切片号 | 所属安全域 | 当前状态    | 路扩展 | LRU touched
------------------------------------------------------------------
  0    |   域0      | 正常运行   |  是   |  503299935
  1    |   域0      | 正常运行   |  是   |  503299947
  2    |   域2      | 正常运行   |  否   |  503299908
  3    |   域3      | 正常运行   |  否   |  503299946
==================================================================

[动态重分配] 周期503300000：预约迁移 冗余域0(0%) -> 切片0 -> 饥饿域2(61%)
[切片剥夺] 周期503300000：切片0（所属域0）进入待剥夺状态，禁止新替换
[切片剥夺] 周期503300000：切片0在途请求已清空，开始执行脏行写回
[切片管理] 周期503300275：原域0仅剩1个切片，关闭路扩展模式
[动态重分配] 周期503300275：切片0写回完成，自动绑定到域2
[切片管理] 成功绑定切片0 → 安全域2，触发【路扩展模式】

======================== 切片硬件状态 ========================
切片号 | 所属安全域 | 当前状态    | 路扩展 | LRU touched
------------------------------------------------------------------
  0    |   域2      | 正常运行   |  是   |  503300275
  1    |   域0      | 正常运行   |  否   |  503299947
  2    |   域2      | 正常运行   |  是   |  503300274
  3    |   域3      | 正常运行   |  否   |  503299946
==================================================================


======================== 切片硬件状态 ========================
切片号 | 所属安全域 | 当前状态    | 路扩展 | LRU touched
------------------------------------------------------------------
  0    |   域2      | 正常运行   |  是   |  503799967
  1    |   域0      | 正常运行   |  否   |  503799599
  2    |   域2      | 正常运行   |  是   |  503799473
  3    |   域3      | 正常运行   |  否   |  503799967
==================================================================

[动态重分配] 周期503800000：预约迁移 冗余域2(1%) -> 切片2 -> 饥饿域3(31%)
[切片剥夺] 周期503800000：切片2（所属域2）进入待剥夺状态，禁止新替换
[切片剥夺] 周期503800000：切片2在途请求已清空，开始执行脏行写回
[切片管理] 周期503800221：原域2仅剩1个切片，关闭路扩展模式
[动态重分配] 周期503800221：切片2写回完成，自动绑定到域3
[切片管理] 成功绑定切片2 → 安全域3，触发【路扩展模式】

======================== 切片硬件状态 ========================
切片号 | 所属安全域 | 当前状态    | 路扩展 | LRU touched
------------------------------------------------------------------
  0    |   域2      | 正常运行   |  否   |  503800219
  1    |   域0      | 正常运行   |  否   |  503800221
  2    |   域3      | 正常运行   |  是   |  503800221
  3    |   域3      | 正常运行   |  是   |  503800219
==================================================================


======================== 切片硬件状态 ========================
切片号 | 所属安全域 | 当前状态    | 路扩展 | LRU touched
------------------------------------------------------------------
  0    |   域2      | 正常运行   |  否   |  523999893
  1    |   域0      | 正常运行   |  否   |  523999867
  2    |   域3      | 正常运行   |  是   |  523999900
  3    |   域3      | 正常运行   |  是   |  523999900
==================================================================

[动态重分配] 周期524000000：预约迁移 冗余域3(2%) -> 切片3 -> 饥饿域0(43%)
[切片剥夺] 周期524000000：切片3（所属域3）进入待剥夺状态，禁止新替换
[切片剥夺] 周期524000132：切片3在途请求已清空，开始执行脏行写回
[切片管理] 周期524000275：原域3仅剩1个切片，关闭路扩展模式
[动态重分配] 周期524000275：切片3写回完成，自动绑定到域0
[切片管理] 成功绑定切片3 � cv_init cv_dump ruu_commit ruu_recover ruu_writeback lsq_refresh ruu_issue rspec_dump tracer_recover tracer_init spec_mem_access� 安全域0，触发【路扩展模式】

======================== 切片硬件状态 ========================
切片号 | 所属安全域 | 当前状态    | 路扩展 | LRU touched
------------------------------------------------------------------
  0    |   域2      | 正常运行   |  否   |  524000269
  1    |   域0      | 正常运行   |  是   |  524000111
  2    |   域3      | 正常运行   |  否   |  524000269
  3    |   域0      | 正常运行   |  是   |  524000275
==================================================================


**** Debug Statistics at 601000000 Cycles *****
Threads: 4		Fetch Width: 8
No of useful instructions fetched:	1090121776 (22.67% proc util.)
No of total instructions fetched:	1503127062 (31.26% proc util.)
 includes 83905020 misfetch (5.6%), 329100266 (21.9%) wrong-path fetches
 and 0 flushed after failed lock(0.0%)
No of useful instructions issued/executed:	1090121752 (22.67% proc util.)
No of total instructions issued/executed:	1259436169 (26.19% proc util.)
 includes 169314417 wrong-path (13.4%) insts and 0 flushed (0.0%)
	fp 228841616, 18.17%
	synch 0, 0.00%
	integer 547438984, 43.47%
	load/store 483155569, 38.36%
Avg size of int IQ (before scheduling): 9.31
Avg size of fp IQ (before scheduling): 9.74
No of cycles taken:		601000000
Parallelism [ 0.435, 0.000, 0.480, 0.898,] = 1.814
 IQ conflicts: 8417861 (1.40%), FQ conflicts: 12953602 (2.16%) 
 I reg conflicts: 38910832 (6.47%), FP reg conflicts: 281872813 (46.90%)
  Activelist confs: 2086 (0.00%), ROB confs: 880452 (0.15%)
  Int unit conflicts: 123486844 (20.55%), FP unit conflicts: 2702051 (0.45%)
  Load/store unit conflicts: 98214909 (16.34%)
  MSHR conflicts: 264293599 (43.98%)
----------------------------------------
==== System-wide Cache Statistics ====
Stall for miss queue full 1195 cycles (0.00%)
----------------------------------------
==== Statistics for Master ID: 0 ====
Reads: 233010220   Writes: 36150518
ICACHE: size: 64 KB assoc: 2
ICACHE: hits:134820950 misses:4553349  Hit Ratio: 96.73%
DCACHE: size: 2*16 KB assoc: 2*4
DCACHE: hits:127180380 misses:2606810 writebacks:793391  Hit Ratio: 97.99%
SCACHE: size: 512 KB assoc: 2
SCACHE: hits:4995196 misses:2164211  Hit Ratio: 69.77%
3CACHE: size: 4096 KB assoc: 2
3CACHE: hits:1745357 misses:418854  Hit Ratio: 80.65%
3CACHE: dirty items replaced:139385
ITLB: size: 48, misses 326911, miss rate 0.23%
DTLB: size: 128, misses 288536, miss rate 0.22%
Avg mem delay: 3.527 cycles
----------------------------------------
==== Statistics for Master ID: 2 ====
Reads: 248988537   Writes: 39408073
ICACHE: size: 64 KB assoc: 2
ICACHE: hits:143652916 misses:4145003  Hit Ratio: 97.20%
DCACHE: size: 1*16 KB assoc: 1*4
DCACHE: hits:137641435 misses:2958377 writebacks:984591  Hit Ratio: 97.90%
SCACHE: size: 512 KB assoc: 2
SCACHE: hits:4866730 misses:2235529  Hit Ratio: 68.52%
3CACHE: size: 4096 KB assoc: 2
3CACHE: hits:1809728 misses:425801  Hit Ratio: 80.95%
3CACHE: dirty items replaced:135193
ITLB: size: 48, misses 304180, miss rate 0.21%
DTLB: size: 128, misses 286767, miss rate 0.20%
Avg mem delay: 3.527 cycles
----------------------------------------
==== Statistics for Master ID: 3 ====
Reads: 380305032   Writes: 15019522
ICACHE: size: 64 KB assoc: 2
ICACHE: hits:183471866 misses:154968  Hit Ratio: 99.92%
DCACHE: size: 1*16 KB assoc: 1*4
DCACHE: hits:205454761 misses:6243198 writebacks:1905530  Hit Ratio: 97.05%
SCACHE: size: 512 KB assoc: 2
SCACHE: hits:1022376 misses:5375551  Hit Ratio: 15.98%
3CACHE: size: 4096 KB assoc: 2
3CACHE: hits:1503922 misses:3871629  Hit Ratio: 27.98%
3CACHE: dirty items replaced:702546
ITLB: size: 48, misses 4824, miss rate 0.00%
DTLB: size: 128, misses 111419, miss rate 0.05%
Avg mem delay: 3.527 cycles
----------------------------------------
==== Global Resource Utilization ====
STASH: size: 65536 entries, full 1922399967, empty 65304127, misses 5925787, full rate 96.43
icache bank util. 0.102 0.101 0.100 0.106 0.108 0.110 0.103 0.099 
dcache bank util. 0.108 0.106 0.105 0.110 0.113 0.118 0.113 0.106 
L2 bank util. 0.031 0.033 0.032 0.033 0.032 0.030 0.031 0.031 
L1-L2 bus util. = 0.122, L3 util. = 0.078
----------------------------------------

======================== 切片硬件状态 ========================
切片号 | 所属安全域 | 当前状态    | 路扩展 | LRU touched
------------------------------------------------------------------
  0    |   域2      | 正常运行   |  否   |  600999914
  1    |   域0      | 正常运行   |  是   |  600999916
  2    |   域3      | 正常运行   |  否   |  600999932
  3    |   域0      | 正常运行   |  是   |  600999918
==================================================================

branch prediction, hits = 70000464, misses = 15289643, hit rate = 82.07%
return_stack prediction, hits = 7319123, misses = 7029, hit rate = 99.90%
jump prediction, hits = 54590131, misses = 22545325, hit rate = 70.77%
 mspec_dump simoo_mem_obj
======================== 切片硬件状态 ========================
切片号 | 所属安全域 | 当前状态    | 路扩展 | LRU touched
------------------------------------------------------------------
  0    |   域2      | 正常运行   |  否   |  605600000
  1    |   域0      | 正常运行   |  是   |  605599813
  2    |   域3      | 正常运行   |  否   |  605599870
  3    |   域0      | 正常运行   |  是   |  605599811
==================================================================

[动态重分配] 周期605600000：预约迁移 冗余域0(0%) -> 切片1 -> 饥饿域2(12%)
[切片剥夺] 周期605600000：切片1（所属域0）进入待剥夺状态，禁止新替换
[切片剥夺] 周期605600000：切片1在途请求已清空，开始执行脏行写回
[切片管理] 周期605601816：原域0仅剩1个切片，关闭路扩展模式
[动态重分配] 周期605601816：切片1写回完成，自动绑定到域2
[切片管理] 成功绑定切片1 → 安全域2，触发【路扩展模式】

======================== 切片硬件状态 ========================
切片号 | 所属安全域 | 当前状态    | 路扩展 | LRU touched
------------------------------------------------------------------
  0    |   域2      | 正常运行   |  是   |  605601805
  1    |   域2      | 正常运行   |  是   |  605601816
  2    |   域3      | 正常运行   |  否   |  605601802
  3    |   域0      | 正常运行   |  否   |  605601798
==================================================================


======================== 切片硬件状态 ========================
切片号 | 所属安全域 | 当前状态    | 路扩展 | LRU touched
------------------------------------------------------------------
  0    |   域2      | 正常运行   |  是   |  629299989
  1    |   域2      | 正常运行   |  是   |  629299990
  2    |   域3      | 正常运行   |  否   |  629299990
  3    |   域0      | 正常运行   |  否   |  629299987
==================================================================

[动态重分配] 周期629300000：预约迁移 冗余域2(1%) -> 切片0 -> 饥饿域3(22%)
[切片剥夺] 周期629300000：切片0（所属域2）进入待剥夺状态，禁止新替换
[切片剥夺] 周期629300000：切片0在途请求已清空，开始执行脏行写回
[切片管理] 周期629300104：原域2仅剩1个切片，关闭路扩展模式
[动态重分配] 周期629300104：切片0写回完成，自动绑定到域3
[切片管理] 成功绑定切片0 → 安全域3，触发【路扩展模式】

======================== 切片硬件状态 ========================
切片号 | 所属安全域 | 当前状态    | 路扩展 | LRU touched
------------------------------------------------------------------
  0    |   域3      | 正常运行   |  是   |  629300104
  1    |   域2      | 正常运行   |  否   |  629300098
  2    |   域3      | 正常运行   |  是   |  629300098
  3    |   域0      | 正常运行   |  否   |  629299987
==================================================================


======================== 切片硬件状态 ========================
切片号 | 所属安全域 | 当前状态    | 路扩展 | LRU touched
------------------------------------------------------------------
  0    |   域3      | 正常运行   |  是   |  639400000
  1    |   域2      | 正常运行   |  否   |  639399999
  2    |   域3      | 正常运行   |  是   |  639400000
  3    |   域0      | 正常运行   |  否   |  639400000
==================================================================

[动态重分配] 周期639400000：预约迁移 冗余域3(2%) -> 切片0 -> 饥饿域2(17%)
[切片剥夺] 周期639400000：切片0（所属域3）进入待剥夺状态，禁止新替换
[切片剥夺] 周期639400000：切片0在途请求已清空，开始执行脏行写回
[切片管理] 周期639400142：原域3仅剩1个切片，关闭路扩展模式
[动态重分配] 周期639400142：切片0写回完成，自动绑定到域2
[切片管理] 成功绑定切片0 � dgemm_ ruu_link_idep ruu_install_odep InstSRA InstSRAV InstMULT InstMULTU� 安全域2，触发【路扩展模式】

======================== 切片硬件状态 ========================
切片号 | 所属安全域 | 当前状态    | 路扩展 | LRU touched
------------------------------------------------------------------
  0    |   域2      | 正常运行   |  是   |  639400142
  1    |   域2      | 正常运行   |  是   |  639400130
  2    |   域3      | 正常运行   |  否   |  639400141
  3    |   域0      | 正常运行   |  否   |  639400141
==================================================================


**** Debug Statistics at 701000000 Cycles *****
Threads: 4		Fetch Width: 8
No of useful instructions fetched:	1280726189 (22.84% proc util.)
No of total instructions fetched:	1757882671 (31.35% proc util.)
 includes 95589191 misfetch (5.4%), 381567291 (21.7%) wrong-path fetches
 and 0 flushed after failed lock(0.0%)
No of useful instructions issued/executed:	1280726170 (22.84% proc util.)
No of total instructions issued/executed:	1477860135 (26.35% proc util.)
 includes 197133965 wrong-path (13.3%) insts and 0 flushed (0.0%)
	fp 269585616, 18.24%
	synch 0, 0.00%
	integer 640430359, 43.33%
	load/store 567844160, 38.42%
Avg size of int IQ (before scheduling): 9.28
Avg size of fp IQ (before scheduling): 9.31
No of cycles taken:		701000000
Parallelism [ 0.437, 0.000, 0.483, 0.907,] = 1.827
 IQ conflicts: 9829198 (1.40%), FQ conflicts: 12953602 (1.85%) 
 I reg conflicts: 41889189 (5.98%), FP reg conflicts: 332896818 (47.49%)
  Activelist confs: 2773 (0.00%), ROB confs: 924100 (0.13%)
  Int unit conflicts: 142948253 (20.39%), FP unit conflicts: 2903284 (0.41%)
  Load/store unit conflicts: 116473143 (16.62%)
  MSHR conflicts: 306650559 (43.74%)
----------------------------------------
==== System-wide Cache Statistics ====
Stall for miss queue full 1267 cycles (0.00%)
----------------------------------------
==== Statistics for Master ID: 0 ====
Reads: 272470974   Writes: 42449631
ICACHE: size: 64 KB assoc: 2
ICACHE: hits:157693128 misses:5292635  Hit Ratio: 96.75%
DCACHE: size: 1*16 KB assoc: 1*4
DCACHE: hits:148882237 misses:3053460 writebacks:924908  Hit Ratio: 97.99%
SCACHE: size: 512 KB assoc: 2
SCACHE: hits:5869806 misses:2475433  Hit Ratio: 70.34%
3CACHE: size: 4096 KB assoc: 2
3CACHE: hits:1987285 misses:488148  Hit Ratio: 80.28%
3CACHE: dirty items replaced:169311
ITLB: size: 48, misses 391276, miss rate 0.24%
DTLB: size: 128, misses 333557, miss rate 0.22%
Avg mem delay: 3.490 cycles
----------------------------------------
==== Statistics for Master ID: 2 ====
Reads: 291010857   Writes: 46902773
ICACHE: size: 64 KB assoc: 2
ICACHE: hits:168564878 misses:4732198  Hit Ratio: 97.27%
DCACHE: size: 2*16 KB assoc: 2*4
DCACHE: hits:161175224 misses:3442482 writebacks:1158260  Hit Ratio: 97.91%
SCACHE: size: 512 KB assoc: 2
SCACHE: hits:5583065 misses:2590463  Hit Ratio: 68.31%
3CACHE: size: 4096 KB assoc: 2
3CACHE: hits:2079043 misses:511420  Hit Ratio: 80.26%
3CACHE: dirty items replaced:171827
ITLB: size: 48, misses 356805, miss rate 0.21%
DTLB: size: 128, misses 333897, miss rate 0.20%
Avg mem delay: 3.490 cycles
----------------------------------------
==== Statistics for Master ID: 3 ====
Reads: 450210192   Writes: 16435393
ICACHE: size: 64 KB assoc: 2
ICACHE: hits:216368362 misses:180809  Hit Ratio: 99.92%
DCACHE: size: 1*16 KB assoc: 1*4
DCACHE: hits:242911891 misses:7184801 writebacks:2102109  Hit Ratio: 97.13%
SCACHE: size: 512 KB assoc: 2
SCACHE: hits:1207260 misses:6158072  Hit Ratio: 16.39%
3CACHE: size: 4096 KB assoc: 2
3CACHE: hits:1775945 misses:4382127  Hit Ratio: 28.84%
3CACHE: dirty items replaced:909390
ITLB: size: 48, misses 6539, miss rate 0.00%
DTLB: size: 128, misses 128759, miss rate 0.05%
Avg mem delay: 3.490 cycles
----------------------------------------
==== Global Resource Utilization ====
STASH: size: 65536 entries, full 2237563938, empty 76312709, misses 6892710, full rate 96.41
icache bank util. 0.102 0.101 0.100 0.107 0.109 0.110 0.103 0.099 
dcache bank util. 0.109 0.107 0.108 0.111 0.113 0.117 0.113 0.107 
L2 bank util. 0.031 0.033 0.031 0.033 0.032 0.030 0.031 0.031 
L1-L2 bus util. = 0.120, L3 util. = 0.077
----------------------------------------

======================== 切片硬件状态 ========================
切片号 | 所属安全域 | 当前状态    | 路扩展 | LRU touched
------------------------------------------------------------------
  0    |   域2      | 正常运行   |  是   |  700999931
  1    |   域2      | 正常运行   |  是   |  700999930
  2    |   域3      | 正常运行   |  否   |  700999930
  3    |   域0      | 正常运行   |  否   |  700999897
==================================================================

branch prediction, hits = 81595561, misses = 17707097, hit rate = 82.17%
return_stack prediction, hits = 8718834, misses = 11236, hit rate = 99.87%
jump prediction, hits = 64523546, misses = 25970813, hit rate = 71.30%
 simoo_reg_obj ruu_dispatch dgemv_
======================== 切片硬件状态 ========================
切片号 | 所属安全域 | 当前状态    | 路扩展 | LRU touched
------------------------------------------------------------------
  0    |   域2      | 正常运行   |  是   |  748899897
  1    |   域2      | 正常运行   |  是   |  748899896
  2    |   域3      | 正常运行   |  否   |  748899922
  3    |   域0      | 正常运行   |  否   |  748899890
==================================================================

[动态重分配] 周期748900000：预约迁移 冗余域2(1%) -> 切片0 -> 饥饿域0(23%)
[切片剥夺] 周期748900000：切片0（所属域2）进入待剥夺状态，禁止新替换
[切片剥夺] 周期748900000：切片0在途请求已清空，开始执行脏行写回
[切片管理] 周期748909049：原域2仅剩1个切片，关闭路扩展模式
[动态重分配] 周期748909049：切片0写回完成，自动绑定到域0
[切片管理] 成功绑定切片0 → 安全域0，触发【路扩展模式】

======================== 切片硬件状态 ========================
切片号 | 所属安全域 | 当前状态    | 路扩展 | LRU touched
------------------------------------------------------------------
  0    |   域0      | 正常运行   |  是   |  748909049
  1    |   域2      | 正常运行   |  否   |  748909048
  2    |   域3      | 正常运行   |  否   |  748909049
  3    |   域0      | 正常运行   |  是   |  748909047
==================================================================


======================== 切片硬件状态 ========================
切片号 | 所属安全域 | 当前状态    | 路扩展 | LRU touched
------------------------------------------------------------------
  0    |   域0      | 正常运行   |  是   |  780199974
  1    |   域2      | 正常运行   |  否   |  780199996
  2    |   域3      | 正常运行   |  否   |  780199972
  3    |   域0      | 正常运行   |  是   |  780199974
==================================================================

[动态重分配] 周期780200000：预约迁移 冗余域0(0%) -> 切片0 -> 饥饿域2(19%)
[切片剥夺] 周期780200000：切片0（所属域0）进入待剥夺状态，禁止新替换
[切片剥夺] 周期780200092：切片0在途请求已清空，开始执行脏行写回
[切片管理] 周期780200316：原域0仅剩1个切片，关闭路扩展模式
[动态重分配] 周期780200316：切片0写回完成，自动绑定到域2
[切片管理] 成功绑定切片0 → 安全域2，触发【路扩展模式】

======================== 切片硬件状态 ========================
切片号 | 所属安全域 | 当前状态    | 路扩展 | LRU touched
------------------------------------------------------------------
  0    |   域2      | 正常运行   |  是   |  780200316
  1    |   域2      | 正常运行   |  是   |  780200019
  2    |   域3      | 正常运行   |  否   |  780199972
  3    |   域0      | 正常运行   |  否   |  780200094
==================================================================


**** Debug Statistics at 801000000 Cycles *****
Threads: 4		Fetch Width: 8
No of useful instructions fetched:	1462114857 (22.82% proc util.)
No of total instructions fetched:	1995101060 (31.13% proc util.)
 includes 106576815 misfetch (5.3%), 426409388 (21.4%) wrong-path fetches
 and 0 flushed after failed lock(0.0%)
No of useful instructions issued/executed:	1462114839 (22.82% proc util.)
No of total instructions issued/executed:	1682436424 (26.26% proc util.)
 includes 220321585 wrong-path (13.1%) insts and 0 flushed (0.0%)
	fp 307560329, 18.28%
	synch 0, 0.00%
	integer 728609957, 43.31%
	load/store 646266138, 38.41%
Avg size of int IQ (before scheduling): 8.95
Avg size of fp IQ (before scheduling): 8.87
No of cycles taken:		801000000
Parallelism [ 0.435, 0.000, 0.484, 0.906,] = 1.825
 IQ conflicts: 10119551 (1.26%), FQ conflicts: 12953602 (1.62%) 
 I reg conflicts: 43837791 (5.47%), FP reg conflicts: 389157208 (48.58%)
  Activelist confs: 3338 (0.00%), ROB confs: 959400 (0.12%)
  Int unit conflicts: 161169628 (20.12%), FP unit conflicts: 3071141 (0.38%)
  Load/store unit conflicts: 131363138 (16.40%)
  MSHR conflicts: 322645610 (40.28%)
----------------------------------------
==== System-wide Cache Statistics ====
Stall for miss queue full 1494 cycles (0.00%)
----------------------------------------
==== Statistics for Master ID: 0 ====
Reads: 308642166   Writes: 48320961
ICACHE: size: 64 KB assoc: 2
ICACHE: hits:178648595 misses:5992083  Hit Ratio: 96.75%
DCACHE: size: 1*16 KB assoc: 1*4
DCACHE: hits:168918161 misses:3405213 writebacks:1031673  Hit Ratio: 98.02%
SCACHE: size: 512 KB assoc: 2
SCACHE: hits:6629332 misses:2767038  Hit Ratio: 70.55%
3CACHE: size: 4096 KB assoc: 2
3CACHE: hits:2217054 misses:549984  Hit Ratio: 80.12%
3CACHE: dirty items replaced:199031
ITLB: size: 48, misses 451154, miss rate 0.24%
DTLB: size: 128, misses 369233, miss rate 0.21%
Avg mem delay: 3.440 cycles
----------------------------------------
==== Statistics for Master ID: 2 ====
Reads: 330425958   Writes: 53410456
ICACHE: size: 64 KB assoc: 2
ICACHE: hits:191599124 misses:5276922  Hit Ratio: 97.32%
DCACHE: size: 2*16 KB assoc: 2*4
DCACHE: hits:183134356 misses:3827332 writebacks:1313850  Hit Ratio: 97.95%
SCACHE: size: 512 KB assoc: 2
SCACHE: hits:6226056 misses:2876878  Hit Ratio: 68.40%
3CACHE: size: 4096 KB assoc: 2
3CACHE: hits:2295391 misses:581487  Hit Ratio: 79.79%
3CACHE: dirty items replaced:210653
ITLB: size: 48, misses 408372, miss rate 0.21%
DTLB: size: 128, misses 372515, miss rate 0.20%
Avg mem delay: 3.440 cycles
----------------------------------------
==== Statistics for Master ID: 3 ====
Reads: 515428738   Writes: 17659337
ICACHE: size: 64 KB assoc: 2
ICACHE: hits:247194210 misses:201381  Hit Ratio: 99.92%
DCACHE: size: 1*16 KB assoc: 1*4
DCACHE: hits:277552356 misses:8140406 writebacks:2262975  Hit Ratio: 97.15%
SCACHE: size: 512 KB assoc: 2
SCACHE: hits:1445161 misses:6896348  Hit Ratio: 17.32%
3CACHE: size: 4096 KB assoc: 2
3CACHE: hits:2024312 misses:4872036  Hit Ratio: 29.35%
3CACHE: dirty items replaced:1132533
ITLB: size: 48, misses 7922, miss rate 0.00%
DTLB: size: 128, misses 141467, miss rate 0.05%
Avg mem delay: 3.440 cycles
----------------------------------------
==== Global Resource Utilization ====
STASH: size: 65536 entries, full 2532519444, empty 85685564, misses 7701007, full rate 96.44
icache bank util. 0.101 0.101 0.100 0.107 0.108 0.109 0.102 0.099 
dcache bank util. 0.109 0.107 0.108 0.110 0.111 0.115 0.113 0.107 
L2 bank util. 0.031 0.032 0.031 0.032 0.031 0.029 0.030 0.030 
L1-L2 bus util. = 0.118, L3 util. = 0.075
----------------------------------------

======================== 切片硬件状态 ========================
切片号 | 所属安全域 | 当前状态    | 路扩展 | LRU touched
------------------------------------------------------------------
  0    |   域2      | 正常运行   |  是   |  800999921
  1    |   域2      | 正常运行   |  是   |  800999920
  2    |   域3      | 正常运行   |  否   |  800999920
  3    |   域0      | 正常运行   |  否   |  800999912
==================================================================

branch prediction, hits = 92921583, misses = 19947819, hit rate = 82.33%
return_stack prediction, hits = 9818747, misses = 13376, hit rate = 99.86%
jump prediction, hits = 73531042, misses = 29188923, hit rate = 71.58%

======================== 切片硬件状态 ========================
切片号 | 所属安全域 | 当前状态    | 路扩展 | LRU touched
------------------------------------------------------------------
  0    |   域2      | 正常运行   |  是   |  803599803
  1    |   域2      | 正常运行   |  是   |  803599958
  2    |   域3      | 正常运行   |  否   |  803599979
  3    |   域0      | 正常运行   |  否   |  803599979
==================================================================

[动态重分配] 周期803600000：预约迁移 冗余域2(1%) -> 切片1 -> 饥饿域3(31%)
[切片剥夺] 周期803600000：切片1（所属域2）进入待剥夺状态，禁止新替换
[切片剥夺] 周期803600004：切片1在途请求已清空，开始执行脏行写回
[切片管理] 周期803600249：原域2仅剩1个切片，关闭路扩展模式
[动态重分配] 周期803600249：切片1写回完成，自动绑定到域3
[切片管理] 成功绑定切片1 → 安全域3，触发【路扩展模式】

======================== 切片硬件状态 ========================
切片号 | 所属安全域 | 当前状态    | 路扩展 | LRU touched
------------------------------------------------------------------
  0    |   域2      | 正常运行   |  否   |  803600247
  1    |   域3      | 正常运行   |  是   |  803600249
  2    |   域3      | 正常运行   |  是   |  803600249
  3    |   域0      | 正常运行   |  否   |  803600249
==================================================================


======================== 切片硬件状态 ========================
切片号 | 所属安全域 | 当前状态    | 路扩展 | LRU touched
------------------------------------------------------------------
  0    |   域2      | 正常运行   |  否   |  811399971
  1    |   域3      | 正常运行   |  是   |  811399969
  2    |   域3      | 正常运行   |  是   |  811399968
  3    |   域0      | 正常运行   |  否   |  811399898
==================================================================

[动态重分配] 周期811400000：预约迁移 冗余域3(5%) -> 切片1 -> 饥饿域2(29%)
[切片剥夺] 周期811400000：切片1（所属域3）进入待剥夺状态，禁止新替换
[切片剥夺] 周期811400196：切片1在途请求已清空，开始执行脏行写回
[切片管理] 周期811400282：原域3仅剩1个切片，关闭路扩展模式
[动态重分配] 周期811400282：切片1写回完成，自动绑定到域2
[切片管理] 成功绑定切片1 → 安全域2，触发【路扩展模式】

======================== 切片硬件状态 ========================
切片号 | 所属安全域 | 当前状态    | 路扩展 | LRU touched
------------------------------------------------------------------
  0    |   域2      | 正常运行   |  是   |  811400282
  1    |   域2      | 正常运行   |  是   |  811400282
  2    |   域3      | 正常运行   |  否   |  811400282
  3    |   域0      | 正常运行   |  否   |  811400181
==================================================================


======================== 切片硬件状态 ========================
切片号 | 所属安全域 | 当前状态    | 路扩展 | LRU touched
------------------------------------------------------------------
  0    |   域2      | 正常运行   |  是   |  836999993
  1    |   域2      | 正常运行   |  是   |  836999981
  2    |   域3      | 正常运行   |  否   |  836999993
  3    |   域0      | 正常运行   |  否   |  836999986
==================================================================

[动态重分配] 周期837000000：预约迁移 冗余域2(2%) -> 切片0 -> 饥饿域3(16%)
[切片剥夺] 周期837000000：切片0（所属域2）进入待剥夺状态，禁止新替换
[切片剥夺] 周期837000184：切片0在途请求已清空，开始执行脏行写回
[切片管理] 周期837000366：原域2仅剩1个切片，关闭路扩展模式
[动态重分配] 周期837000366：切片0写回完成，自动绑定到域3
[切片管理] 成功绑定切片0 � dgeqr2_� 安全域3，触发【路扩展模式】

======================== 切片硬件状态 ========================
切片号 | 所属安全域 | 当前状态    | 路扩展 | LRU touched
------------------------------------------------------------------
  0    |   域3      | 正常运行   |  是   |  837000366
  1    |   域2      | 正常运行   |  否   |  837000366
  2    |   域3      | 正常运行   |  是   |  837000366
  3    |   域0      | 正常运行   |  否   |  837000366
==================================================================


======================== 切片硬件状态 ========================
切片号 | 所属安全域 | 当前状态    | 路扩展 | LRU touched
------------------------------------------------------------------
  0    |   域3      | 正常运行   |  是   |  879700000
  1    |   域2      | 正常运行   |  否   |  879700000
  2    |   域3      | 正常运行   |  是   |  879700000
  3    |   域0      | 正常运行   |  否   |  879699998
==================================================================

[动态重分配] 周期879700000：预约迁移 冗余域3(5%) -> 切片0 -> 饥饿域2(18%)
[切片剥夺] 周期879700000：切片0（所属域3）进入待剥夺状态，禁止新替换
[切片剥夺] 周期879700184：切片0在途请求已清空，开始执行脏行写回
[切片管理] 周期879704984：原域3仅剩1个切片，关闭路扩展模式
[动态重分配] 周期879704984：切片0写回完成，自动绑定到域2
[切片管理] 成功绑定切片0 → 安全域2，触发【路扩展模式】

======================== 切片硬件状态 ========================
切片号 | 所属安全域 | 当前状态    | 路扩展 | LRU touched
------------------------------------------------------------------
  0    |   域2      | 正常运行   |  是   |  879704984
  1    |   域2      | 正常运行   |  是   |  879704971
  2    |   域3      | 正常运行   |  否   |  879704978
  3    |   域0      | 正常运行   |  否   |  879704952
==================================================================


======================== 切片硬件状态 ========================
切片号 | 所属安全域 | 当前状态    | 路扩展 | LRU touched
------------------------------------------------------------------
  0    |   域2      | 正常运行   |  是   |  886199724
  1    |   域2      | 正常运行   |  是   |  886199876
  2    |   域3      | 正常运行   |  否   |  886199925
  3    |   域0      | 正常运行   |  否   |  886199886
==================================================================

[动态重分配] 周期886200000：预约迁移 冗余域2(0%) -> 切片0 -> 饥饿域0(11%)
[切片剥夺] 周期886200000：切片0（所属域2）进入待剥夺状态，禁止新替换
[切片剥夺] 周期886200000：切片0在途请求已清空，开始执行脏行写回
[切片管理] 周期886200180：原域2仅剩1个切片，关闭路扩展模式
[动态重分配] 周期886200180：切片0写回完成，自动绑定到域0
[切片管理] 成功绑定切片0 → 安全域0，触发【路扩展模式】

======================== 切片硬件状态 ========================
切片号 | 所属安全域 | 当前状态    | 路扩展 | LRU touched
------------------------------------------------------------------
  0    |   域0      | 正常运行   |  是   |  886200180
  1    |   域2      | 正常运行   |  否   |  886199876
  2    |   域3      | 正常运行   |  否   |  886199925
  3    |   域0      | 正常运行   |  是   |  886199886
==================================================================


**** Debug Statistics at 901000000 Cycles *****
Threads: 4		Fetch Width: 8
No of useful instructions fetched:	1643093561 (22.80% proc util.)
No of total instructions fetched:	2244185384 (31.13% proc util.)
 includes 119366423 misfetch (5.3%), 481725400 (21.5%) wrong-path fetches
 and 0 flushed after failed lock(0.0%)
No of useful instructions issued/executed:	1643093545 (22.80% proc util.)
No of total instructions issued/executed:	1892993772 (26.26% proc util.)
 includes 249900227 wrong-path (13.2%) insts and 0 flushed (0.0%)
	fp 345005577, 18.23%
	synch 0, 0.00%
	integer 820031206, 43.32%
	load/store 727956989, 38.46%
Avg size of int IQ (before scheduling): 9.49
Avg size of fp IQ (before scheduling): 9.20
No of cycles taken:		901000000
Parallelism [ 0.434, 0.000, 0.488, 0.902,] = 1.824
 IQ conflicts: 13071195 (1.45%), FQ conflicts: 12954340 (1.44%) 
 I reg conflicts: 52512306 (5.83%), FP reg conflicts: 435781236 (48.37%)
  Activelist confs: 3748 (0.00%), ROB confs: 1039484 (0.12%)
  Int unit conflicts: 187783253 (20.84%), FP unit conflicts: 4424539 (0.49%)
  Load/store unit conflicts: 152477874 (16.92%)
  MSHR conflicts: 430582797 (47.79%)
----------------------------------------
==== System-wide Cache Statistics ====
Stall for miss queue full 1791 cycles (0.00%)
----------------------------------------
==== Statistics for Master ID: 0 ====
Reads: 345240771   Writes: 55094244
ICACHE: size: 64 KB assoc: 2
ICACHE: hits:199345291 misses:6715436  Hit Ratio: 96.74%
DCACHE: size: 2*16 KB assoc: 2*4
DCACHE: hits:190419593 misses:3855620 writebacks:1157361  Hit Ratio: 98.02%
SCACHE: size: 512 KB assoc: 2
SCACHE: hits:7365002 misses:3205128  Hit Ratio: 69.68%
3CACHE: size: 4096 KB assoc: 2
3CACHE: hits:2494265 misses:710863  Hit Ratio: 77.82%
3CACHE: dirty items replaced:277724
ITLB: size: 48, misses 524425, miss rate 0.25%
DTLB: size: 128, misses 421693, miss rate 0.22%
Avg mem delay: 3.550 cycles
----------------------------------------
==== Statistics for Master ID: 2 ====
Reads: 374607500   Writes: 60729516
ICACHE: size: 64 KB assoc: 2
ICACHE: hits:216829156 misses:5898004  Hit Ratio: 97.35%
DCACHE: size: 1*16 KB assoc: 1*4
DCACHE: hits:208298109 misses:4313255 writebacks:1475010  Hit Ratio: 97.97%
SCACHE: size: 512 KB assoc: 2
SCACHE: hits:6954700 misses:3255051  Hit Ratio: 68.12%
3CACHE: size: 4096 KB assoc: 2
3CACHE: hits:2580475 misses:674576  Hit Ratio: 79.28%
3CACHE: dirty items replaced:264770
ITLB: size: 48, misses 463745, miss rate 0.21%
DTLB: size: 128, misses 421013, miss rate 0.20%
Avg mem delay: 3.550 cycles
----------------------------------------
==== Statistics for Master ID: 3 ====
Reads: 574940178   Writes: 21270844
ICACHE: size: 64 KB assoc: 2
ICACHE: hits:276340225 misses:222750  Hit Ratio: 99.92%
DCACHE: size: 1*16 KB assoc: 1*4
DCACHE: hits:310200848 misses:9447690 writebacks:2751172  Hit Ratio: 97.04%
SCACHE: size: 512 KB assoc: 2
SCACHE: hits:1667894 misses:8002055  Hit Ratio: 17.25%
3CACHE: size: 4096 KB assoc: 2
3CACHE: hits:2328345 misses:5673710  Hit Ratio: 29.10%
3CACHE: dirty items replaced:1522792
ITLB: size: 48, misses 8399, miss rate 0.00%
DTLB: size: 128, misses 168655, miss rate 0.05%
Avg mem delay: 3.550 cycles
----------------------------------------
==== Global Resource Utilization ====
STASH: size: 65536 entries, full 2827002082, empty 97585143, misses 8743210, full rate 96.38
icache bank util. 0.102 0.101 0.101 0.106 0.107 0.107 0.101 0.099 
dcache bank util. 0.109 0.108 0.110 0.110 0.111 0.114 0.113 0.108 
L2 bank util. 0.031 0.033 0.031 0.033 0.032 0.030 0.031 0.031 
L1-L2 bus util. = 0.119, L3 util. = 0.078
----------------------------------------

======================== 切片硬件状态 ========================
切片号 | 所属安全域 | 当前状态    | 路扩展 | LRU touched
------------------------------------------------------------------
  0    |   域0      | 正常运行   |  是   |  900999718
  1    |   域2      | 正常运行   |  否   |  900999988
  2    |   域3      | 正常运行   |  否   |  900999989
  3    |   域0      | 正常运行   |  是   |  900999721
==================================================================

branch prediction, hits = 103938334, misses = 22162225, hit rate = 82.42%
return_stack prediction, hits = 11119932, misses = 18289, hit rate = 99.84%
jump prediction, hits = 82821608, misses = 32581166, hit rate = 71.77%
 dgeqrf_
======================== 切片硬件状态 ========================
切片号 | 所属安全域 | 当前状态    | 路扩展 | LRU touched
------------------------------------------------------------------
  0    |   域0      | 正常运行   |  是   |  904898514
  1    |   域2      | 正常运行   |  否   |  904899999
  2    |   域3      | 正常运行   |  否   |  904900000
  3    |   域0      | 正常运行   |  是   |  904899366
==================================================================

[动态重分配] 周期904900000：预约迁移 冗余域0(0%) -> 切片0 -> 饥饿域3(15%)
[切片剥夺] 周期904900000：切片0（所属域0）进入待剥夺状态，禁止新替换
[切片剥夺] 周期904900000：切片0在途请求已清空，开始执行脏行写回
[切片管理] 周期904900732：原域0仅剩1个切片，关闭路扩展模式
[动态重分配] 周期904900732：切片0写回完成，自动绑定到域3
[切片管理] 成功绑定切片0 → 安全域3，触发【路扩展模式】

======================== 切片硬件状态 ========================
切片号 | 所属安全域 | 当前状态    | 路扩展 | LRU touched
------------------------------------------------------------------
  0    |   域3      | 正常运行   |  是   |  904900732
  1    |   域2      | 正常运行   |  否   |  904900330
  2    |   域3      | 正常运行   |  是   |  904900726
  3    |   域0      | 正常运行   |  否   |  904900369
==================================================================


======================== 切片硬件状态 ========================
切片号 | 所属安全域 | 当前状态    | 路扩展 | LRU touched
------------------------------------------------------------------
  0    |   域3      | 正常运行   |  是   |  944399922
  1    |   域2      | 正常运行   |  否   |  944399977
  2    |   域3      | 正常运行   |  是   |  944399926
  3    |   域0      | 正常运行   |  否   |  944399926
==================================================================

[动态重分配] 周期944400000：预约迁移 冗余域3(2%) -> 切片0 -> 饥饿域2(33%)
[切片剥夺] 周期944400000：切片0（所属域3）进入待剥夺状态，禁止新替换
[切片剥夺] 周期944400128：切片0在途请求已清空，开始执行脏行写回
[切片管理] 周期944400241：原域3仅剩1个切片，关闭路扩展模式
[动态重分配] 周期944400241：切片0写回完成，自动绑定到域2
[切片管理] 成功绑定切片0 → 安全域2，触发【路扩展模式】

======================== 切片硬件状态 ========================
切片号 | 所属安全域 | 当前状态    | 路扩展 | LRU touched
------------------------------------------------------------------
  0    |   域2      | 正常运行   |  是   |  944400241
  1    |   域2      | 正常运行   |  是   |  944400224
  2    |   域3      | 正常运行   |  否   |  944400144
  3    |   域0      | 正常运行   |  否   |  944400126
==================================================================


======================== 切片硬件状态 ========================
切片号 | 所属安全域 | 当前状态    | 路扩展 | LRU touched
------------------------------------------------------------------
  0    |   域2      | 正常运行   |  是   |  958299990
  1    |   域2      | 正常运行   |  是   |  958299996
  2    |   域3      | 正常运行   |  否   |  958299995
  3    |   域0      | 正常运行   |  否   |  958299245
==================================================================

[动态重分配] 周期958300000：预约迁移 冗余域2(0%) -> 切片0 -> 饥饿域0(12%)
[切片剥夺] 周期958300000：切片0（所属域2）进入待剥夺状态，禁止新替换
[切片剥夺] 周期958300000：切片0在途请求已清空，开始执行脏行写回
[切片管理] 周期958301544：原域2仅剩1个切片，关闭路扩展模式
[动态重分配] 周期958301544：切片0写回完成，自动绑定到域0
[切片管理] 成功绑定切片0 → 安全域0，触发【路扩展模式】

======================== 切片硬件状态 ========================
切片号 | 所属安全域 | 当前状态    | 路扩展 | LRU touched
------------------------------------------------------------------
  0    |   域0      | 正常运行   |  是   |  958301544
  1    |   域2      | 正常运行   |  否   |  958301410
  2    |   域3      | 正常运行   |  否   |  958301544
  3    |   域0      | 正常运行   |  是   |  958301530
==================================================================


======================== 切片硬件状态 ========================
切片号 | 所属安全域 | 当前状态    | 路扩展 | LRU touched
------------------------------------------------------------------
  0    |   域0      | 正常运行   |  是   |  996899857
  1    |   域2      | 正常运行   |  否   |  996899855
  2    |   域3      | 正常运行   |  否   |  996899859
  3    |   域0      | 正常运行   |  是   |  996899844
==================================================================

[动态重分配] 周期996900000：预约迁移 冗余域0(0%) -> 切片0 -> 饥饿域2(14%)
[切片剥夺] 周期996900000：切片0（所属域0）进入待剥夺状态，禁止新替换
[切片剥夺] 周期996900000：切片0在途请求已清空，开始执行脏行写回
[切片管理] 周期996900296：原域0仅剩1个切片，关闭路扩展模式
[动态重分配] 周期996900296：切片0写回完成，自动绑定到域2
[切片管理] 成功绑定切片0 → 安全域2，触发【路扩展模式】

======================== 切片硬件状态 ========================
切片号 | 所属安全域 | 当前状态    | 路扩展 | LRU touched
------------------------------------------------------------------
  0    |   域2      | 正常运行   |  是   |  996900296
  1    |   域2      | 正常运行   |  是   |  996900281
  2    |   域3      | 正常运行   |  否   |  996900296
  3    |   域0      | 正常运行   |  否   |  996900295
==================================================================


======================== 切片硬件状态 ========================
切片号 | 所属安全域 | 当前状态    | 路扩展 | LRU touched
------------------------------------------------------------------
  0    |   域2      | 正常运行   |  是   |  998299903
  1    |   域2      | 正常运行   |  是   |  998299904
  2    |   域3      | 正常运行   |  否   |  998299906
  3    |   域0      | 正常运行   |  否   |  998299895
==================================================================

[动态重分配] 周期998300000：预约迁移 冗余域2(0%) -> 切片0 -> 饥饿域0(12%)
[切片剥夺] 周期998300000：切片0（所属域2）进入待剥夺状态，禁止新替换
[切片剥夺] 周期998300000：切片0在途请求已清空，开始执行脏行写回
[切片管理] 周期998304934：原域2仅剩1个切片，关闭路扩展模式
[动态重分配] 周期998304934：切片0写回完成，自动绑定到域0
[切片管理] 成功绑定切片0 → 安全域0，触发【路扩展模式】

======================== 切片硬件状态 ========================
切片号 | 所属安全域 | 当前状态    | 路扩展 | LRU touched
------------------------------------------------------------------
  0    |   域0      | 正常运行   |  是   |  998304934
  1    |   域2      | 正常运行   |  否   |  998304879
  2    |   域3      | 正常运行   |  否   |  998304927
  3    |   域0      | 正常运行   |  是   |  998304908
==================================================================


**** Debug Statistics at 1001000000 Cycles *****
Threads: 4		Fetch Width: 8
No of useful instructions fetched:	1803039550 (22.52% proc util.)
No of total instructions fetched:	2458311189 (30.70% proc util.)
 includes 131054120 misfetch (5.3%), 524217519 (21.3%) wrong-path fetches
 and 0 flushed after failed lock(0.0%)
No of useful instructions issued/executed:	1803039528 (22.52% proc util.)
No of total instructions issued/executed:	2075676121 (25.92% proc util.)
 includes 272636593 wrong-path (13.1%) insts and 0 flushed (0.0%)
	fp 381695009, 18.39%
	synch 0, 0.00%
	integer 894389052, 43.09%
	load/store 799592060, 38.52%
Avg size of int IQ (before scheduling): 9.35
Avg size of fp IQ (before scheduling): 8.94
No of cycles taken:		1001000000
Parallelism [ 0.424, 0.000, 0.478, 0.899,] = 1.801
 IQ conflicts: 14854148 (1.48%), FQ conflicts: 12954498 (1.29%) 
 I reg conflicts: 55695624 (5.56%), FP reg conflicts: 492736108 (49.22%)
  Activelist confs: 3779 (0.00%), ROB confs: 1091405 (0.11%)
  Int unit conflicts: 201774122 (20.16%), FP unit conflicts: 4766228 (0.48%)
  Load/store unit conflicts: 168912821 (16.87%)
  MSHR conflicts: 501052464 (50.06%)
----------------------------------------
==== System-wide Cache Statistics ====
Stall for miss queue full 2104 cycles (0.00%)
----------------------------------------
==== Statistics for Master ID: 0 ====
Reads: 374218944   Writes: 60458094
ICACHE: size: 64 KB assoc: 2
ICACHE: hits:216100274 misses:7489156  Hit Ratio: 96.65%
DCACHE: size: 2*16 KB assoc: 2*4
DCACHE: hits:206905920 misses:4182808 writebacks:1278621  Hit Ratio: 98.02%
SCACHE: size: 512 KB assoc: 2
SCACHE: hits:8087449 misses:3583394  Hit Ratio: 69.30%
3CACHE: size: 4096 KB assoc: 2
3CACHE: hits:2755597 misses:827797  Hit Ratio: 76.90%
3CACHE: dirty items replaced:341702
ITLB: size: 48, misses 608582, miss rate 0.27%
DTLB: size: 128, misses 466519, miss rate 0.22%
Avg mem delay: 3.557 cycles
----------------------------------------
==== Statistics for Master ID: 2 ====
Reads: 410690661   Writes: 66451914
ICACHE: size: 64 KB assoc: 2
ICACHE: hits:237571597 misses:6550540  Hit Ratio: 97.32%
DCACHE: size: 1*16 KB assoc: 1*4
DCACHE: hits:228255580 misses:4766634 writebacks:1600806  Hit Ratio: 97.95%
SCACHE: size: 512 KB assoc: 2
SCACHE: hits:7742459 misses:3572938  Hit Ratio: 68.42%
3CACHE: size: 4096 KB assoc: 2
3CACHE: hits:2831346 misses:741592  Hit Ratio: 79.24%
3CACHE: dirty items replaced:299029
ITLB: size: 48, misses 520277, miss rate 0.21%
DTLB: size: 128, misses 459901, miss rate 0.20%
Avg mem delay: 3.557 cycles
----------------------------------------
==== Statistics for Master ID: 3 ====
Reads: 636840181   Writes: 22811820
ICACHE: size: 64 KB assoc: 2
ICACHE: hits:305457091 misses:241911  Hit Ratio: 99.92%
DCACHE: size: 1*16 KB assoc: 1*4
DCACHE: hits:343577246 misses:10376276 writebacks:2964019  Hit Ratio: 97.07%
SCACHE: size: 512 KB assoc: 2
SCACHE: hits:1829122 misses:8788542  Hit Ratio: 17.23%
3CACHE: size: 4096 KB assoc: 2
3CACHE: hits:2576761 misses:6211781  Hit Ratio: 29.32%
3CACHE: dirty items replaced:1806856
ITLB: size: 48, misses 10709, miss rate 0.00%
DTLB: size: 128, misses 186115, miss rate 0.05%
Avg mem delay: 3.557 cycles
----------------------------------------
==== Global Resource Utilization ====
STASH: size: 65536 entries, full 3093589981, empty 108234969, misses 9678017, full rate 96.33
icache bank util. 0.101 0.101 0.100 0.105 0.105 0.105 0.100 0.098 
dcache bank util. 0.108 0.106 0.109 0.108 0.109 0.112 0.112 0.108 
L2 bank util. 0.031 0.032 0.031 0.032 0.031 0.030 0.031 0.031 
L1-L2 bus util. = 0.118, L3 util. = 0.078
----------------------------------------

======================== 切片硬件状态 ========================
切片号 | 所属安全域 | 当前状态    | 路扩展 | LRU touched
------------------------------------------------------------------
  0    |   域0      | 正常运行   |  是   |  1000999976
  1    |   域2      | 正常运行   |  否   |  1000999996
  2    |   域3      | 正常运行   |  否   |  1000999997
  3    |   域0      | 正常运行   |  是   |  1000999999
==================================================================

branch prediction, hits = 112481698, misses = 24204988, hit rate = 82.29%
return_stack prediction, hits = 12206106, misses = 23432, hit rate = 99.81%
jump prediction, hits = 89469566, misses = 35877956, hit rate = 71.38%

======================== 切片硬件状态 ========================
切片号 | 所属安全域 | 当前状态    | 路扩展 | LRU touched
------------------------------------------------------------------
  0    |   域0      | 正常运行   |  是   |  1008599997
  1    |   域2      | 正常运行   |  否   |  1008599988
  2    |   域3      | 正常运行   |  否   |  1008600000
  3    |   域0      | 正常运行   |  是   |  1008599806
==================================================================

[动态重分配] 周期1008600000：预约迁移 冗余域0(1%) -> 切片3 -> 饥饿域2(16%)
[切片剥夺] 周期1008600000：切片3（所属域0）进入待剥夺状态，禁止新替换
[切片剥夺] 周期1008600000：切片3在途请求已清空，开始执行脏行写回
[切片管理] 周期1008600290：原域0仅剩1个切片，关闭路扩展模式
[动态重分配] 周期1008600290：切片3写回完成，自动绑定到域2
[切片管理] 成功绑定切片3 → 安全域2，触发【路扩展模式】

======================== 切片硬件状态 ========================
切片号 | 所属安全域 | 当前状态    | 路扩展 | LRU touched
------------------------------------------------------------------
  0    |   域0      | 正常运行   |  否   |  1008600287
  1    |   域2      | 正常运行   |  是   |  1008600287
  2    |   域3      | 正常运行   |  否   |  1008600290
  3    |   域2      | 正常运行   |  是   |  1008600290
==================================================================


======================== 切片硬件状态 ========================
切片号 | 所属安全域 | 当前状态    | 路扩展 | LRU touched
------------------------------------------------------------------
  0    |   域0      | 正常运行   |  否   |  1017599958
  1    |   域2      | 正常运行   |  是   |  1017599899
  2    |   域3      | 正常运行   |  否   |  1017599957
  3    |   域2      | 正常运行   |  是   |  1017599896
==================================================================

[动态重分配] 周期1017600000：预约迁移 冗余域2(0%) -> 切片1 -> 饥饿域0(12%)
[切片剥夺] 周期1017600000：切片1（所属域2）进入待剥夺状态，禁止新替换
[切片剥夺] 周期1017600000：切片1在途请求已清空，开始执行脏行写回
[切片管理] 周期1017605612：原域2仅剩1个切片，关闭路扩展模式
[动态重分配] 周期1017605612：切片1写回完成，自动绑定到域0
[切片管理] 成功绑定切片1 → 安全域0，触发【路扩展模式】

======================== 切片硬件状态 ========================
切片号 | 所属安全域 | 当前状态    | 路扩展 | LRU touched
------------------------------------------------------------------
  0    |   域0      | 正常运行   |  是   |  1017605598
  1    |   域0      | 正常运行   |  是   |  1017605612
  2    |   域3      | 正常运行   |  否   |  1017605597
  3    |   域2      | 正常运行   |  否   |  1017605598
==================================================================


======================== 切片硬件状态 ========================
切片号 | 所属安全域 | 当前状态    | 路扩展 | LRU touched
------------------------------------------------------------------
  0    |   域0      | 正常运行   |  是   |  1057699471
  1    |   域0      | 正常运行   |  是   |  1057699906
  2    |   域3      | 正常运行   |  否   |  1057699912
  3    |   域2      | 正常运行   |  否   |  1057699868
==================================================================

[动态重分配] 周期1057700000：预约迁移 冗余域0(5%) -> 切片0 -> 饥饿域2(17%)
[切片剥夺] 周期1057700000：切片0（所属域0）进入待剥夺状态，禁止新替换
[切片剥夺] 周期1057700000：切片0在途请求已清空，开始执行脏行写回
[切片管理] 周期1057700203：原域0仅剩1个切片，关闭路扩展模式
[动态重分配] 周期1057700203：切片0写回完成，自动绑定到域2
[切片管理] 成功绑定切片0 → 安全域2，触发【路扩展模式】

======================== 切片硬件状态 ========================
切片号 | 所属安全域 | 当前状态    | 路扩展 | LRU touched
------------------------------------------------------------------
  0    |   域2      | 正常运行   |  是   |  1057700203
  1    |   域0      | 正常运行   |  否   |  1057699906
  2    |   域3      | 正常运行   |  否   |  1057699912
  3    |   域2      | 正常运行   |  是   |  1057700202
==================================================================


======================== 切片硬件状态 ========================
切片号 | 所属安全域 | 当前状态    | 路扩展 | LRU touched
------------------------------------------------------------------
  0    |   域2      | 正常运行   |  是   |  1067199875
  1    |   域0      | 正常运行   |  否   |  1067199997
  2    |   域3      | 正常运行   |  否   |  1067199998
  3    |   域2      | 正常运行   |  是   |  1067199853
==================================================================

[动态重分配] 周期1067200000：预约迁移 冗余域2(0%) -> 切片0 -> 饥饿域0(12%)
[切片剥夺] 周期1067200000：切片0（所属域2）进入待剥夺状态，禁止新替换
[切片剥夺] 周期1067200000：切片0在途请求已清空，开始执行脏行写回
[切片管理] 周期1067200308：原域2仅剩1个切片，关闭路扩展模式
[动态重分配] 周期1067200308：切片0写回完成，自动绑定到域0
[切片管理] 成功绑定切片0 → 安全域0，触发【路扩展模式】

======================== 切片硬件状态 ========================
切片号 | 所属安全域 | 当前状态    | 路扩展 | LRU touched
------------------------------------------------------------------
  0    |   域0      | 正常运行   |  是   |  1067200308
  1    |   域0      | 正常运行   |  是   |  1067200308
  2    |   域3      | 正常运行   |  否   |  1067200306
  3    |   域2      | 正常运行   |  否   |  1067200307
==================================================================


======================== 切片硬件状态 ========================
切片号 | 所属安全域 | 当前状态    | 路扩展 | LRU touched
------------------------------------------------------------------
  0    |   域0      | 正常运行   |  是   |  1080799976
  1    |   域0      | 正常运行   |  是   |  1080799831
  2    |   域3      | 正常运行   |  否   |  1080799981
  3    |   域2      | 正常运行   |  否   |  1080799975
==================================================================

[动态重分配] 周期1080800000：预约迁移 冗余域0(0%) -> 切片0 -> 饥饿域3(31%)
[切片剥夺] 周期1080800000：切片0（所属域0）进入待剥夺状态，禁止新替换
[切片剥夺] 周期1080800000：切片0在途请求已清空，开始执行脏行写回
[切片管理] 周期1080800344：原域0仅剩1个切片，关闭路扩展模式
[动态重分配] 周期1080800344：切片0写回完成，自动绑定到域3
[切片管理] 成功绑定切片0 → 安全域3，触发【路扩展模式】

======================== 切片硬件状态 ========================
切片号 | 所属安全域 | 当前状态    | 路扩展 | LRU touched
------------------------------------------------------------------
  0    |   域3      | 正常运行   |  是   |  1080800344
  1    |   域0      | 正常运行   |  否   |  1080800311
  2    |   域3      | 正常运行   |  是   |  1080800338
  3    |   域2      | 正常运行   |  否   |  1080800331
==================================================================


======================== 切片硬件状态 ========================
切片号 | 所属安全域 | 当前状态    | 路扩展 | LRU touched
------------------------------------------------------------------
  0    |   域3      | 正常运行   |  是   |  1086699989
  1    |   域0      | 正常运行   |  否   |  1086699996
  2    |   域3      | 正常运行   |  是   |  1086699991
  3    |   域2      | 正常运行   |  否   |  1086699998
==================================================================

[动态重分配] 周期1086700000：预约迁移 冗余域3(1%) -> 切片0 -> 饥饿域0(12%)
[切片剥夺] 周期1086700000：切片0（所属域3）进入待剥夺状态，禁止新替换
[切片剥夺] 周期1086700000：切片0在途请求已清空，开始执行脏行写回
[切片管理] 周期1086700200：原域3仅剩1个切片，关闭路扩展模式
[动态重分配] 周期1086700200：切片0写回完成，自动绑定到域0
[切片管理] 成功绑定切片0 → 安全域0，触发【路扩展模式】

======================== 切片硬件状态 ========================
切片号 | 所属安全域 | 当前状态    | 路扩展 | LRU touched
------------------------------------------------------------------
  0    |   域0      | 正常运行   |  是   |  1086700200
  1    |   域0      | 正常运行   |  是   |  1086700198
  2    |   域3      | 正常运行   |  否   |  1086700200
  3    |   域2      | 正常运行   |  否   |  1086700199
==================================================================


**** Debug Statistics at 1101000000 Cycles *****
Threads: 4		Fetch Width: 8
No of useful instructions fetched:	1981066551 (22.49% proc util.)
No of total instructions fetched:	2694293458 (30.59% proc util.)
 includes 142841225 misfetch (5.3%), 570385682 (21.2%) wrong-path fetches
 and 0 flushed after failed lock(0.0%)
No of useful instructions issued/executed:	1981066528 (22.49% proc util.)
No of total instructions issued/executed:	2278013438 (25.86% proc util.)
 includes 296946910 wrong-path (13.0%) insts and 0 flushed (0.0%)
	fp 420435336, 18.46%
	synch 0, 0.00%
	integer 979301810, 42.99%
	load/store 878276292, 38.55%
Avg size of int IQ (before scheduling): 9.33
Avg size of fp IQ (before scheduling): 8.71
No of cycles taken:		1101000000
Parallelism [ 0.421, 0.000, 0.478, 0.900,] = 1.799
 IQ conflicts: 17450375 (1.58%), FQ conflicts: 12954498 (1.18%) 
 I reg conflicts: 59399225 (5.40%), FP reg conflicts: 544869617 (49.49%)
  Activelist confs: 3904 (0.00%), ROB confs: 1162398 (0.11%)
  Int unit conflicts: 218586261 (19.85%), FP unit conflicts: 4951057 (0.45%)
  Load/store unit conflicts: 189970183 (17.25%)
  MSHR conflicts: 610578648 (55.46%)
----------------------------------------
==== System-wide Cache Statistics ====
Stall for miss queue full 2350 cycles (0.00%)
----------------------------------------
==== Statistics for Master ID: 0 ====
Reads: 406322212   Writes: 66680236
ICACHE: size: 64 KB assoc: 2
ICACHE: hits:234723514 misses:8272682  Hit Ratio: 96.60%
DCACHE: size: 2*16 KB assoc: 2*4
DCACHE: hits:225500437 misses:4507185 writebacks:1432321  Hit Ratio: 98.04%
SCACHE: size: 512 KB assoc: 2
SCACHE: hits:8796017 misses:3982479  Hit Ratio: 68.83%
3CACHE: size: 4096 KB assoc: 2
3CACHE: hits:3025600 misses:956879  Hit Ratio: 75.97%
3CACHE: dirty items replaced:422816
ITLB: size: 48, misses 694213, miss rate 0.29%
DTLB: size: 128, misses 515971, miss rate 0.22%
Avg mem delay: 3.536 cycles
----------------------------------------
==== Statistics for Master ID: 2 ====
Reads: 452138025   Writes: 72760087
ICACHE: size: 64 KB assoc: 2
ICACHE: hits:261565816 misses:7169680  Hit Ratio: 97.33%
DCACHE: size: 1*16 KB assoc: 1*4
DCACHE: hits:250962917 misses:5201710 writebacks:1739707  Hit Ratio: 97.97%
SCACHE: size: 512 KB assoc: 2
SCACHE: hits:8528949 misses:3840430  Hit Ratio: 68.95%
3CACHE: size: 4096 KB assoc: 2
3CACHE: hits:3044567 misses:795863  Hit Ratio: 79.28%
3CACHE: dirty items replaced:332017
ITLB: size: 48, misses 580187, miss rate 0.22%
DTLB: size: 128, misses 499544, miss rate 0.20%
Avg mem delay: 3.536 cycles
----------------------------------------
==== Statistics for Master ID: 3 ====
Reads: 703339713   Writes: 24162682
ICACHE: size: 64 KB assoc: 2
ICACHE: hits:336765777 misses:261610  Hit Ratio: 99.92%
DCACHE: size: 1*16 KB assoc: 1*4
DCACHE: hits:379143320 misses:11332273 writebacks:3153581  Hit Ratio: 97.10%
SCACHE: size: 512 KB assoc: 2
SCACHE: hits:2033989 misses:9559308  Hit Ratio: 17.54%
3CACHE: size: 4096 KB assoc: 2
3CACHE: hits:2841152 misses:6718156  Hit Ratio: 29.72%
3CACHE: dirty items replaced:2103678
ITLB: size: 48, misses 13238, miss rate 0.00%
DTLB: size: 128, misses 203198, miss rate 0.05%
Avg mem delay: 3.536 cycles
----------------------------------------
==== Global Resource Utilization ====
STASH: size: 65536 entries, full 3386593112, empty 118967748, misses 10618109, full rate 96.31
icache bank util. 0.101 0.101 0.100 0.105 0.105 0.105 0.099 0.098 
dcache bank util. 0.108 0.106 0.109 0.108 0.109 0.111 0.111 0.108 
L2 bank util. 0.031 0.032 0.031 0.032 0.031 0.029 0.030 0.030 
L1-L2 bus util. = 0.117, L3 util. = 0.077
----------------------------------------

======================== 切片硬件状态 ========================
切片号 | 所属安全域 | 当前状态    | 路扩展 | LRU touched
------------------------------------------------------------------
  0    |   域0      | 正常运行   |  是   |  1100999981
  1    |   域0      | 正常运行   |  是   |  1100999999
  2    |   域3      | 正常运行   |  否   |  1100999999
  3    |   域2      | 正常运行   |  否   |  1100999997
==================================================================

branch prediction, hits = 122568103, misses = 26447090, hit rate = 82.25%
return_stack prediction, hits = 13361341, misses = 28270, hit rate = 99.79%
jump prediction, hits = 97533029, misses = 39258908, hit rate = 71.30%

**** Early Exiting at 1109080139 Cycles *****
========================================
 SMTSIM Global Statistics
========================================
Threads: 4		Fetch Width: 8
No of useful instructions fetched:	2000000112 (22.54% proc util.)
No of total instructions fetched:	2718966865 (30.64% proc util.)
 includes 143946858 misfetch (5.3%), 575019895 (21.1%) wrong-path fetches
 and 0 flushed after failed lock(0.0%)
No of useful instructions issued/executed:	2000000098 (22.54% proc util.)
No of total instructions issued/executed:	2299421152 (25.92% proc util.)
 includes 299421054 wrong-path (13.0%) insts and 0 flushed (0.0%)
	fp 424645713, 18.47%
	synch 0, 0.00%
	integer 988146084, 42.97%
	load/store 886629355, 38.56%
Avg size of int IQ (before scheduling): 9.33
Avg size of fp IQ (before scheduling): 8.72
No of cycles taken:		1109080139
Parallelism [ 0.421, 0.000, 0.480, 0.903,] = 1.803
 IQ conflicts: 17538431 (1.58%), FQ conflicts: 12954498 (1.17%) 
 I reg conflicts: 59822881 (5.39%), FP reg conflicts: 548124597 (49.42%)
  Activelist confs: 4065 (0.00%), ROB confs: 1178249 (0.11%)
  Int unit conflicts: 220421146 (19.87%), FP unit conflicts: 4976657 (0.45%)
  Load/store unit conflicts: 191879840 (17.30%)
  MSHR conflicts: 616175603 (55.56%)
----------------------------------------
==== System-wide Cache Statistics ====
Stall for miss queue full 2350 cycles (0.00%)
----------------------------------------
==== Statistics for Master ID: 0 ====
Reads: 409458110   Writes: 67229386
ICACHE: size: 64 KB assoc: 2
ICACHE: hits:236544337 misses:8356806  Hit Ratio: 96.59%
DCACHE: size: 2*16 KB assoc: 2*4
DCACHE: hits:227259953 misses:4527770 writebacks:1442236  Hit Ratio: 98.05%
SCACHE: size: 512 KB assoc: 2
SCACHE: hits:8867859 misses:4015346  Hit Ratio: 68.83%
3CACHE: size: 4096 KB assoc: 2
3CACHE: hits:3049911 misses:965435  Hit Ratio: 75.96%
3CACHE: dirty items replaced:427514
ITLB: size: 48, misses 703265, miss rate 0.29%
DTLB: size: 128, misses 520940, miss rate 0.22%
Avg mem delay: 3.531 cycles
----------------------------------------
==== Statistics for Master ID: 2 ====
Reads: 456527771   Writes: 73589234
ICACHE: size: 64 KB assoc: 2
ICACHE: hits:264107855 misses:7226447  Hit Ratio: 97.34%
DCACHE: size: 1*16 KB assoc: 1*4
DCACHE: hits:253528247 misses:5256467 writebacks:1766223  Hit Ratio: 97.97%
SCACHE: size: 512 KB assoc: 2
SCACHE: hits:8612547 misses:3868356  Hit Ratio: 69.01%
3CACHE: size: 4096 KB assoc: 2
3CACHE: hits:3064682 misses:803674  Hit Ratio: 79.22%
3CACHE: dirty items replaced:336705
ITLB: size: 48, misses 585557, miss rate 0.22%
DTLB: size: 128, misses 504166, miss rate 0.19%
Avg mem delay: 3.531 cycles
----------------------------------------
==== Statistics for Master ID: 3 ====
Reads: 710417661   Writes: 24298423
ICACHE: size: 64 KB assoc: 2
ICACHE: hits:340029794 misses:263692  Hit Ratio: 99.92%
DCACHE: size: 1*16 KB assoc: 1*4
DCACHE: hits:383020825 misses:11402358 writebacks:3170821  Hit Ratio: 97.11%
SCACHE: size: 512 KB assoc: 2
SCACHE: hits:2040210 misses:9625255  Hit Ratio: 17.49%
3CACHE: size: 4096 KB assoc: 2
3CACHE: hits:2870214 misses:6755041  Hit Ratio: 29.82%
3CACHE: dirty items replaced:2125312
ITLB: size: 48, misses 13238, miss rate 0.00%
DTLB: size: 128, misses 204296, miss rate 0.05%
Avg mem delay: 3.531 cycles
----------------------------------------
==== Global Resource Utilization ====
STASH: size: 65536 entries, full 3416901148, empty 120241989, misses 10728917, full rate 96.31
icache bank util. 0.101 0.101 0.100 0.105 0.105 0.105 0.100 0.098 
dcache bank util. 0.109 0.106 0.109 0.108 0.109 0.111 0.111 0.108 
L2 bank util. 0.031 0.032 0.031 0.032 0.031 0.029 0.030 0.030 
L1-L2 bus util. = 0.117, L3 util. = 0.077
----------------------------------------

======================== 切片硬件状态 ========================
切片号 | 所属安全域 | 当前状态    | 路扩展 | LRU touched
------------------------------------------------------------------
  0    |   域0      | 正常运行   |  是   |  1109080135
  1    |   域0      | 正常运行   |  是   |  1109080133
  2    |   域3      | 正常运行   |  否   |  1109080133
  3    |   域2      | 正常运行   |  否   |  1109080136
==================================================================

branch prediction, hits = 123650591, misses = 26660749, hit rate = 82.26%
return_stack prediction, hits = 13476808, misses = 28828, hit rate = 99.79%
jump prediction, hits = 98453562, misses = 39567429, hit rate = 71.33%
total IPC 1.803

=== Results saved to: ./results/gcc-166_2_gcc-scilab_1_mgrid_1.txt ===
