SMT测试场景,SMT进程数,share32-IPC,share32-命中率(%),share32-平均延迟,share32-MSHR冲突,share32-重分配次数,share32-Bank利用率,share32-总周期,smtc128-IPC,smtc128-命中率(%),smtc128-平均延迟,smtc128-MSHR冲突,smtc128-重分配次数,smtc128-Bank利用率,smtc128-总周期,smtc64-IPC,smtc64-命中率(%),smtc64-平均延迟,smtc64-MSHR冲突,smtc64-重分配次数,smtc64-Bank利用率,smtc64-总周期,ssmtc64-100-5%-IPC,ssmtc64-100-5%-命中率(%),ssmtc64-100-5%-平均延迟,ssmtc64-100-5%-MSHR冲突,ssmtc64-100-5%-重分配次数,ssmtc64-100-5%-Bank利用率,ssmtc64-100-5%-总周期,ssmtc64-200-5%-IPC,ssmtc64-200-5%-命中率(%),ssmtc64-200-5%-平均延迟,ssmtc64-200-5%-MSHR冲突,ssmtc64-200-5%-重分配次数,ssmtc64-200-5%-Bank利用率,ssmtc64-200-5%-总周期,ssmtc64-500-5%-IPC,ssmtc64-500-5%-命中率(%),ssmtc64-500-5%-平均延迟,ssmtc64-500-5%-MSHR冲突,ssmtc64-500-5%-重分配次数,ssmtc64-500-5%-Bank利用率,ssmtc64-500-5%-总周期,smtc128 vs share32-IPC变化(%),smtc128 vs share32-命中率变化(%),smtc128 vs share32-延迟变化(%),smtc64 vs share32-IPC变化(%),smtc64 vs share32-命中率变化(%),smtc64 vs share32-延迟变化(%),ssmtc64-100-5% vs share32-IPC变化(%),ssmtc64-100-5% vs share32-命中率变化(%),ssmtc64-100-5% vs share32-延迟变化(%),ssmtc64-200-5% vs share32-IPC变化(%),ssmtc64-200-5% vs share32-命中率变化(%),ssmtc64-200-5% vs share32-延迟变化(%),ssmtc64-500-5% vs share32-IPC变化(%),ssmtc64-500-5% vs share32-命中率变化(%),ssmtc64-500-5% vs share32-延迟变化(%)
cacherand_2_crafty_1_gcc-200_1.txt,3,3.0264,73.3324,2.9493,24538,0,0.000000,660844637,3.4906,87.9787,1.9322,11011,0,0.000000,572965006,3.2126,75.6067,2.5302,20692,0,0.000000,622546672,3.2906,86.5988,2.1655,10763,1,0.000000,607785907,3.2908,86.4946,2.1672,10784,1,0.000000,607757339,3.2919,86.1542,2.1745,10866,1,0.000000,607543078,+15.3377%,+14.6463%,-34.4858%,+6.1518%,+2.2743%,-14.2090%,+8.7299%,+13.2664%,-26.5739%,+8.7349%,+13.1622%,-26.5189%,+8.7733%,+12.8218%,-26.2690%
cacherand_2_crafty_1_gcc-expr_1.txt,3,3.0268,73.3029,2.9127,23378,0,0.000000,660767809,3.5192,88.0074,1.8660,9386,0,0.000000,568303065,3.2378,75.6542,2.4610,19823,0,0.000000,617701255,3.3182,86.6513,2.1027,10215,1,0.000000,602733361,3.3184,86.5587,2.1018,10351,1,0.000000,602698902,3.3195,86.2284,2.1071,10282,1,0.000000,602506441,+16.2703%,+14.7045%,-35.9369%,+6.9721%,+2.3513%,-15.5101%,+9.6285%,+13.3484%,-27.8085%,+9.6348%,+13.2557%,-27.8415%,+9.6698%,+12.9255%,-27.6586%
cacherand_2_crafty_1_gcc-scilab_1.txt,3,3.0476,73.2771,2.8795,24880,0,0.000000,656253895,3.5278,88.0404,1.8577,10926,0,0.000000,566931819,3.2446,75.6530,2.4449,21460,0,0.000000,616402249,3.3228,86.6443,2.0900,11536,1,0.000000,601897328,3.3223,86.5384,2.0916,11446,1,0.000000,601991357,3.3246,86.2056,2.0946,11572,1,0.000000,601571461,+15.7553%,+14.7633%,-35.4859%,+6.4652%,+2.3759%,-15.0922%,+9.0309%,+13.3672%,-27.4193%,+9.0138%,+13.2613%,-27.3611%,+9.0899%,+12.9285%,-27.2583%
cacherand_2_crafty_1_gzip-program_1.txt,3,3.4000,73.4516,2.8527,41093,0,0.000000,588232359,3.6209,87.5506,2.0983,19912,0,0.000000,552341624,3.4611,75.2764,2.6423,37653,0,0.000000,577844154,3.5284,86.2967,2.3194,20783,1,0.000000,566821282,3.5274,86.2166,2.3210,20978,1,0.000000,566993839,3.5261,85.9575,2.3257,20811,1,0.000000,567195923,+6.4979%,+14.0990%,-26.4435%,+1.7978%,+1.8247%,-7.3755%,+3.7774%,+12.8451%,-18.6939%,+3.7458%,+12.7650%,-18.6378%,+3.7089%,+12.5059%,-18.4737%
cacherand_2_crafty_1_gzip-source_1.txt,3,3.4832,73.7199,2.8611,36692,0,0.000000,574179814,3.6990,87.6061,2.1320,18175,0,0.000000,540693314,3.5400,75.3454,2.6703,34045,0,0.000000,564972155,3.6076,86.3611,2.3504,18888,1,0.000000,554384604,3.6073,86.2937,2.3511,19212,1,0.000000,554431347,3.6068,86.1021,2.3542,19986,1,0.000000,554502980,+6.1932%,+13.8861%,-25.4851%,+1.6298%,+1.6255%,-6.6707%,+3.5707%,+12.6412%,-17.8515%,+3.5619%,+12.5738%,-17.8276%,+3.5485%,+12.3822%,-17.7189%
cacherand_2_crafty_1_randacc_1.txt,3,3.2617,61.9011,3.4827,24,0,0.000000,613184365,4.2772,88.2626,1.2436,6,0,0.000000,467594679,3.4747,69.1161,2.7222,17,0,0.000000,575592872,3.6278,80.0779,2.2203,6,1,0.000000,551291818,3.6281,79.9764,2.2208,9,1,0.000000,551251200,3.6316,79.6429,2.2176,12,1,0.000000,550714906,+31.1359%,+26.3615%,-64.2919%,+6.5309%,+7.2150%,-21.8381%,+11.2268%,+18.1768%,-36.2473%,+11.2350%,+18.0752%,-36.2327%,+11.3433%,+17.7418%,-36.3258%
cacherand_2_crafty_1_recurseq_1.txt,3,3.3622,72.4659,1.9796,71,0,0.000000,594851432,3.9017,88.2969,1.0312,12,0,0.000000,512602423,3.6388,75.9325,1.5821,48,0,0.000000,549628557,3.7200,86.9094,1.3074,14,1,0.000000,537637939,3.7207,86.7992,1.3075,23,1,0.000000,537526835,3.7238,86.4567,1.3060,22,1,0.000000,537091951,+16.0454%,+15.8310%,-47.9086%,+8.2279%,+3.4666%,-20.0797%,+10.6417%,+14.4434%,-33.9569%,+10.6645%,+14.3332%,-33.9519%,+10.7541%,+13.9907%,-34.0269%
cacherand_2_crafty_1_seqacc_1.txt,3,3.7509,64.2490,2.9933,22,0,0.000000,533203423,4.5238,88.4986,1.1430,5,0,0.000000,442107407,4.0315,73.2988,2.2189,13,0,0.000000,496090641,4.1510,84.2556,1.7793,17,1,0.000000,481811124,4.1518,84.1359,1.7791,17,1,0.000000,481724190,4.1566,83.7506,1.7741,14,1,0.000000,481159683,+20.6050%,+24.2496%,-61.8133%,+7.4810%,+9.0498%,-25.8703%,+10.6665%,+20.0066%,-40.5568%,+10.6864%,+19.8869%,-40.5636%,+10.8163%,+19.5016%,-40.7308%
cacherand_2_gcc-200_1_gcc-expr_1.txt,3,3.1262,75.6590,2.5057,54491,0,0.000000,639757272,3.4833,87.8907,1.7213,23956,0,0.000000,574170405,3.3237,76.1268,2.1475,46498,0,0.000000,601742137,3.3846,87.1134,1.8106,24186,1,0.000000,590906325,3.3850,86.9986,1.8120,24311,1,0.000000,590848934,3.3873,86.6504,1.8163,24237,1,0.000000,590433473,+11.4229%,+12.2317%,-31.3040%,+6.3175%,+0.4679%,-14.2952%,+8.2671%,+11.4544%,-27.7429%,+8.2776%,+11.3397%,-27.6867%,+8.3538%,+10.9914%,-27.5140%
cacherand_2_gcc-200_1_gcc-scilab_1.txt,3,3.1414,75.6204,2.4859,57548,0,0.000000,636649743,3.4969,87.9346,1.7047,25955,0,0.000000,571928099,3.3291,76.1259,2.1367,52095,0,0.000000,600758601,3.3902,87.1154,1.8060,26330,1,0.000000,589931815,3.3924,86.9927,1.8059,26268,1,0.000000,589557167,3.3933,86.6332,1.8119,26605,1,0.000000,589389857,+11.3164%,+12.3142%,-31.4263%,+5.9743%,+0.5055%,-14.0459%,+7.9192%,+11.4949%,-27.3516%,+7.9878%,+11.3722%,-27.3521%,+8.0184%,+11.0128%,-27.1125%
cacherand_2_gcc-200_1_gzip-program_1.txt,3,3.4672,75.2116,2.5625,79509,0,0.000000,576827864,3.6308,87.4475,2.0142,38236,0,0.000000,550849857,3.5364,75.7595,2.3685,74115,0,0.000000,565538851,3.5906,86.7964,2.0932,39747,1,0.000000,557014029,3.5904,86.7133,2.0942,40535,1,0.000000,557047669,3.5890,86.4581,2.0989,39692,1,0.000000,557264407,+4.7160%,+12.2359%,-21.3960%,+1.9961%,+0.5479%,-7.5688%,+3.5572%,+11.5847%,-18.3148%,+3.5509%,+11.5017%,-18.2769%,+3.5106%,+11.2465%,-18.0919%
cacherand_2_gcc-200_1_gzip-source_1.txt,3,3.5413,75.5455,2.5949,74567,0,0.000000,564769079,3.7097,87.5063,2.0554,36768,0,0.000000,539133710,3.6074,75.8297,2.4106,69395,0,0.000000,554419894,3.6635,86.8696,2.1349,37049,1,0.000000,545932370,3.6632,86.8020,2.1356,37662,1,0.000000,545971727,3.6619,86.6158,2.1393,38724,1,0.000000,546167482,+4.7549%,+11.9608%,-20.7925%,+1.8667%,+0.2842%,-7.1022%,+3.4504%,+11.3241%,-17.7269%,+3.4429%,+11.2565%,-17.7008%,+3.4059%,+11.0704%,-17.5575%
cacherand_2_gcc-200_1_randacc_1.txt,3,3.4668,64.0500,2.9178,15449,0,0.000000,576895368,4.2681,88.1188,1.2175,6705,0,0.000000,468592465,3.7044,69.5494,2.2776,13450,0,0.000000,539891817,3.8266,80.5340,1.8674,6669,1,0.000000,522658407,3.8280,80.4032,1.8685,6744,1,0.000000,522465020,3.8296,80.0165,1.8737,6774,1,0.000000,522240917,+23.1124%,+24.0688%,-58.2729%,+6.8539%,+5.4994%,-21.9418%,+10.3771%,+16.4840%,-36.0008%,+10.4180%,+16.3532%,-35.9640%,+10.4654%,+15.9665%,-35.7839%
cacherand_2_gcc-200_1_recurseq_1.txt,3,3.4127,74.0725,1.8049,28451,0,0.000000,586048648,3.7803,88.1236,1.1311,14184,0,0.000000,529064338,3.6235,76.3369,1.4814,27010,0,0.000000,551955681,3.6809,87.3256,1.2432,12888,1,0.000000,543338104,3.6808,87.1984,1.2441,12809,1,0.000000,543364262,3.6795,86.8356,1.2489,12910,1,0.000000,543547433,+10.7708%,+14.0512%,-37.3345%,+6.1767%,+2.2644%,-17.9225%,+7.8608%,+13.2532%,-31.1208%,+7.8556%,+13.1259%,-31.0708%,+7.8192%,+12.7631%,-30.8072%
cacherand_2_gcc-200_1_seqacc_1.txt,3,3.8938,66.7230,2.4639,13954,0,0.000000,513631225,4.4217,88.3586,1.1699,7012,0,0.000000,452319332,4.1213,73.7296,1.8664,12587,0,0.000000,485284041,4.2272,84.7057,1.4758,6317,1,0.000000,473124997,4.2271,84.5650,1.4777,6370,1,0.000000,473141699,4.2267,84.1552,1.4850,6468,1,0.000000,473178409,+13.5550%,+21.6356%,-52.5166%,+5.8414%,+7.0066%,-24.2499%,+8.5614%,+17.9827%,-40.1027%,+8.5576%,+17.8420%,-40.0233%,+8.5492%,+17.4322%,-39.7278%
cacherand_2_gcc-expr_1_gcc-scilab_1.txt,3,3.1631,75.6414,2.4232,49654,0,0.000000,632285556,3.5315,87.9523,1.6498,22612,0,0.000000,566333021,3.3675,76.1696,2.0718,43945,0,0.000000,593910440,3.4305,87.1615,1.7385,23333,1,0.000000,582998706,3.4319,87.0443,1.7401,23400,1,0.000000,582765147,3.4326,86.7031,1.7478,23549,1,0.000000,582655095,+11.6455%,+12.3109%,-31.9163%,+6.4615%,+0.5282%,-14.4998%,+8.4540%,+11.5200%,-28.2535%,+8.4975%,+11.4029%,-28.1881%,+8.5180%,+11.0617%,-27.8700%
cacherand_2_gcc-expr_1_gzip-program_1.txt,3,3.5206,75.2458,2.4832,71761,0,0.000000,568080944,3.6861,87.4673,1.9516,34996,0,0.000000,542584638,3.5905,75.8176,2.2906,64850,0,0.000000,557031863,3.6469,86.8578,2.0184,36653,1,0.000000,548416141,3.6462,86.7744,2.0192,36904,1,0.000000,548519581,3.6456,86.5190,2.0240,36714,1,0.000000,548610510,+4.6991%,+12.2215%,-21.4068%,+1.9836%,+0.5718%,-7.7567%,+3.5858%,+11.6119%,-18.7179%,+3.5662%,+11.5286%,-18.6847%,+3.5491%,+11.2732%,-18.4910%
cacherand_2_gcc-expr_1_gzip-source_1.txt,3,3.5874,75.5206,2.5240,68772,0,0.000000,557502312,3.7535,87.5233,1.9987,34683,0,0.000000,532831796,3.6579,75.8844,2.3411,64123,0,0.000000,546761045,3.7127,86.9181,2.0723,36124,1,0.000000,538694412,3.7121,86.8490,2.0723,35996,1,0.000000,538774205,3.7114,86.6631,2.0761,37091,1,0.000000,538873185,+4.6301%,+12.0027%,-20.8133%,+1.9645%,+0.3638%,-7.2475%,+3.4914%,+11.3975%,-17.8980%,+3.4761%,+11.3284%,-17.8964%,+3.4571%,+11.1425%,-17.7471%
cacherand_2_gcc-expr_1_randacc_1.txt,3,3.5640,64.0287,2.7129,13013,0,0.000000,561167032,4.3063,88.1530,1.1795,7622,0,0.000000,464438128,3.8257,69.6101,2.1002,10820,0,0.000000,522775594,3.9448,80.5958,1.7224,5493,1,0.000000,506995748,3.9450,80.4808,1.7223,5601,1,0.000000,506976166,3.9449,80.0829,1.7285,5617,1,0.000000,506987461,+20.8271%,+24.1243%,-56.5242%,+7.3438%,+5.5814%,-22.5873%,+10.6848%,+16.5671%,-36.5112%,+10.6891%,+16.4522%,-36.5135%,+10.6866%,+16.0542%,-36.2852%
cacherand_2_gcc-expr_1_recurseq_1.txt,3,3.4569,74.1618,1.7243,20608,0,0.000000,578547763,3.8021,88.1896,1.0913,10614,0,0.000000,526027564,3.6583,76.4374,1.4228,21979,0,0.000000,546699076,3.7126,87.4302,1.1946,10838,1,0.000000,538706242,3.7122,87.3244,1.1954,10571,1,0.000000,538764550,3.7115,86.9501,1.1999,10517,1,0.000000,538871138,+9.9843%,+14.0279%,-36.7085%,+5.8256%,+2.2756%,-17.4823%,+7.3958%,+13.2684%,-30.7178%,+7.3841%,+13.1626%,-30.6726%,+7.3629%,+12.7883%,-30.4098%
cacherand_2_gcc-expr_1_seqacc_1.txt,3,3.9579,66.6760,2.3408,14229,0,0.000000,505318188,4.4490,88.3850,1.1505,7761,0,0.000000,449539615,4.1852,73.7847,1.7795,12578,0,0.000000,477874715,4.2902,84.7642,1.4065,6573,1,0.000000,466182032,4.2908,84.6444,1.4070,6650,1,0.000000,466114596,4.2900,84.2202,1.4142,6463,1,0.000000,466198332,+12.4079%,+21.7090%,-50.8492%,+5.7428%,+7.1087%,-23.9785%,+8.3950%,+18.0882%,-39.9146%,+8.4107%,+17.9684%,-39.8894%,+8.3912%,+17.5442%,-39.5820%
cacherand_2_gcc-scilab_1_gzip-program_1.txt,3,3.4963,75.2205,2.4997,69842,0,0.000000,572034737,3.6696,87.5030,1.9541,33233,0,0.000000,545014173,3.5672,75.8017,2.3029,64060,0,0.000000,560666097,3.6254,86.8444,2.0303,34990,1,0.000000,551666784,3.6247,86.7602,2.0316,34868,1,0.000000,551775814,3.6228,86.4969,2.0370,34812,1,0.000000,552060807,+4.9578%,+12.2825%,-21.8278%,+2.0277%,+0.5811%,-7.8719%,+3.6921%,+11.6239%,-18.7790%,+3.6716%,+11.5396%,-18.7266%,+3.6181%,+11.2764%,-18.5092%
cacherand_2_gcc-scilab_1_gzip-source_1.txt,3,3.5681,75.5335,2.5327,69186,0,0.000000,560528577,3.7439,87.5643,1.9951,33697,0,0.000000,534204075,3.6377,75.8739,2.3491,64470,0,0.000000,549790947,3.6950,86.9124,2.0795,35105,1,0.000000,541270951,3.6947,86.8437,2.0804,35344,1,0.000000,541310164,3.6934,86.6531,2.0835,36500,1,0.000000,541505176,+4.9278%,+12.0307%,-21.2262%,+1.9530%,+0.3404%,-7.2491%,+3.5578%,+11.3789%,-17.8916%,+3.5504%,+11.3102%,-17.8561%,+3.5131%,+11.1196%,-17.7339%
cacherand_2_gcc-scilab_1_randacc_1.txt,3,3.4993,64.0359,2.7808,11336,0,0.000000,571548625,4.3211,88.2152,1.1433,6784,0,0.000000,462842654,3.7682,69.6328,2.1316,9562,0,0.000000,530761567,3.8917,80.6125,1.7481,4986,1,0.000000,513920373,3.8928,80.4806,1.7488,4864,1,0.000000,513765298,3.8949,80.1007,1.7531,5162,1,0.000000,513496662,+23.4866%,+24.1793%,-58.8864%,+7.6846%,+5.5969%,-23.3459%,+11.2135%,+16.5766%,-37.1367%,+11.2470%,+16.4446%,-37.1133%,+11.3052%,+16.0648%,-36.9584%
cacherand_2_gcc-scilab_1_recurseq_1.txt,3,3.4530,74.1773,1.7223,21007,0,0.000000,579207052,3.8113,88.2517,1.0721,11100,0,0.000000,524749910,3.6602,76.4638,1.4137,20660,0,0.000000,546419134,3.7131,87.4492,1.1879,9677,1,0.000000,538627162,3.7140,87.3234,1.1885,10106,1,0.000000,538498583,3.7134,86.9643,1.1929,10116,1,0.000000,538588701,+10.3777%,+14.0743%,-37.7530%,+6.0005%,+2.2865%,-17.9193%,+7.5339%,+13.2719%,-31.0282%,+7.5596%,+13.1461%,-30.9924%,+7.5416%,+12.7870%,-30.7390%
cacherand_2_gcc-scilab_1_seqacc_1.txt,3,3.9386,66.6975,2.3542,11993,0,0.000000,507788802,4.4564,88.4474,1.1122,6953,0,0.000000,448789894,4.1710,73.8048,1.7719,10708,0,0.000000,479503635,4.2751,84.7758,1.4015,5693,1,0.000000,467820931,4.2750,84.6368,1.4035,5557,1,0.000000,467836130,4.2748,84.2310,1.4095,5567,1,0.000000,467859042,+13.1462%,+21.7499%,-52.7583%,+5.8989%,+7.1073%,-24.7341%,+8.5434%,+18.0783%,-40.4673%,+8.5399%,+17.9393%,-40.3810%,+8.5346%,+17.5335%,-40.1281%
cacherand_2_gzip-program_1_gzip-source_1.txt,3,3.2899,76.1867,3.4199,174146,0,0.000000,607928798,3.4318,87.0115,2.9065,114531,0,0.000000,582777750,3.3604,75.4559,3.2648,205702,0,0.000000,595168689,3.3971,86.4737,2.9855,152839,1,0.000000,588744388,3.3971,86.4612,2.9855,153110,1,0.000000,588731050,3.3969,86.3707,2.9871,153715,1,0.000000,588780089,+4.3157%,+10.8248%,-15.0129%,+2.1440%,-0.7308%,-4.5372%,+3.2585%,+10.2870%,-12.7015%,+3.2609%,+10.2744%,-12.7043%,+3.2523%,+10.1840%,-12.6563%
cacherand_2_gzip-program_1_randacc_1.txt,3,3.3498,65.0004,3.9741,18315,0,0.000000,597053938,3.9325,87.6882,2.2040,9067,0,0.000000,508587823,3.5152,69.2200,3.3915,17786,0,0.000000,568959457,3.5988,80.2621,2.9587,10362,1,0.000000,555745500,3.5982,80.1780,2.9611,10283,1,0.000000,555826625,3.5978,79.9253,2.9677,10418,1,0.000000,555900780,+17.3945%,+22.6878%,-44.5420%,+4.9379%,+4.2197%,-14.6595%,+7.4330%,+15.2617%,-25.5502%,+7.4173%,+15.1777%,-25.4896%,+7.4030%,+14.9250%,-25.3243%
cacherand_2_gzip-program_1_recurseq_1.txt,3,3.4087,74.7044,2.1178,36573,0,0.000000,586731626,3.6676,87.7236,1.5425,19182,0,0.000000,545314860,3.5499,76.0397,1.8686,33050,0,0.000000,563399633,3.5842,87.0759,1.6449,20071,1,0.000000,558007895,3.5837,86.9850,1.6464,20231,1,0.000000,558086530,3.5832,86.7155,1.6502,19921,1,0.000000,558155531,+7.5950%,+13.0193%,-27.1632%,+4.1413%,+1.3354%,-11.7637%,+5.1475%,+12.3715%,-22.3276%,+5.1327%,+12.2806%,-22.2574%,+5.1197%,+12.0111%,-22.0793%
cacherand_2_gzip-program_1_seqacc_1.txt,3,3.7339,67.8091,3.3942,20823,0,0.000000,535630436,4.0181,87.9163,2.1706,11496,0,0.000000,497746139,3.8490,73.3860,2.8965,20598,0,0.000000,519613630,3.9233,84.4104,2.4709,11412,1,0.000000,509773697,3.9228,84.3168,2.4733,11490,1,0.000000,509838741,3.9212,84.0459,2.4814,11276,1,0.000000,510042330,+7.6112%,+20.1072%,-36.0503%,+3.0824%,+5.5769%,-14.6624%,+5.0722%,+16.6014%,-27.2021%,+5.0588%,+16.5077%,-27.1317%,+5.0168%,+16.2368%,-26.8913%
cacherand_2_gzip-source_1_randacc_1.txt,3,3.4612,65.4206,3.9419,16937,0,0.000000,577834298,3.9990,87.7476,2.2852,8563,0,0.000000,500124896,3.6129,69.2971,3.4161,16608,0,0.000000,553570062,3.6928,80.3405,2.9896,9957,1,0.000000,541599471,3.6922,80.2718,2.9919,9897,1,0.000000,541683277,3.6912,80.0804,2.9982,10025,1,0.000000,541825396,+15.5380%,+22.3270%,-42.0286%,+4.3832%,+3.8765%,-13.3390%,+6.6903%,+14.9199%,-24.1570%,+6.6738%,+14.8511%,-24.0989%,+6.6458%,+14.6598%,-23.9406%
cacherand_2_gzip-source_1_recurseq_1.txt,3,3.4708,75.0729,2.1471,29906,0,0.000000,576236887,3.7277,87.7950,1.5900,16298,0,0.000000,536527204,3.6095,76.1264,1.9128,28105,0,0.000000,554095600,3.6458,87.1624,1.6896,16432,1,0.000000,548582350,3.6451,87.0908,1.6906,16582,1,0.000000,548675035,3.6449,86.9050,1.6930,17174,1,0.000000,548710532,+7.4012%,+12.7221%,-25.9439%,+3.9959%,+1.0535%,-10.9105%,+5.0411%,+12.0895%,-21.3061%,+5.0233%,+12.0179%,-21.2600%,+5.0165%,+11.8321%,-21.1464%
cacherand_2_gzip-source_1_seqacc_1.txt,3,3.8040,68.2465,3.4331,21897,0,0.000000,525766747,4.0846,87.9724,2.2511,12175,0,0.000000,489642368,3.9173,73.4589,2.9609,22116,0,0.000000,510557449,3.9914,84.4812,2.5410,11922,1,0.000000,501078491,3.9910,84.4057,2.5429,12033,1,0.000000,501124172,3.9902,84.2053,2.5487,12303,1,0.000000,501225212,+7.3777%,+19.7259%,-34.4283%,+2.9790%,+5.2123%,-13.7523%,+4.9270%,+16.2346%,-25.9851%,+4.9175%,+16.1592%,-25.9286%,+4.8963%,+15.9588%,-25.7596%
cacherand_2_randacc_1_recurseq_1.txt,3,0.3453,63.5829,2.1542,0,0,0.000000,5791730564,0.3228,88.4207,0.7430,0,0,0.000000,6195734865,0.3186,69.8463,1.7731,0,0,0.000000,6278412798,0.3177,80.9393,1.4476,0,1,0.000000,6295329752,0.3166,80.9355,1.4495,0,1,0.000000,6317971107,0.3170,80.9254,1.4469,0,1,0.000000,6308198620,-6.5206%,+24.8378%,-65.5090%,-7.7517%,+6.2634%,-17.6896%,-7.9995%,+17.3564%,-32.7989%,-8.3294%,+17.3527%,-32.7110%,-8.1872%,+17.3425%,-32.8311%
cacherand_2_randacc_1_seqacc_1.txt,3,3.6053,56.2060,6.9285,0,0,0.000000,554735665,4.3723,88.6378,0.9673,0,0,0.000000,457422086,3.8800,67.2423,4.4781,0,0,0.000000,515458148,3.9974,78.2980,3.3194,0,1,0.000000,500327193,4.0000,78.2522,3.3075,0,1,0.000000,499996138,4.0075,78.1138,3.2728,0,1,0.000000,499065481,+21.2744%,+32.4318%,-86.0391%,+7.6199%,+11.0363%,-35.3670%,+10.8746%,+22.0921%,-52.0911%,+10.9480%,+22.0462%,-52.2628%,+11.1549%,+21.9078%,-52.7634%
cacherand_2_recurseq_1_seqacc_1.txt,3,3.8891,66.6597,1.7361,0,0,0.000000,514258409,4.3783,88.6783,0.6598,0,0,0.000000,456799687,4.1587,74.0748,1.1869,0,0,0.000000,480914452,4.2291,85.0487,0.8813,0,1,0.000000,472917539,4.2292,84.9135,0.8839,0,1,0.000000,472900667,4.2297,84.5072,0.8917,0,1,0.000000,472845048,+12.5785%,+22.0186%,-61.9958%,+6.9334%,+7.4151%,-31.6386%,+8.7416%,+18.3890%,-49.2385%,+8.7455%,+18.2538%,-49.0902%,+8.7583%,+17.8475%,-48.6412%
crafty_1_randacc_2_gcc-200_1.txt,3,3.2315,87.8106,2.4563,12279,0,0.000000,618906351,3.7068,98.8739,1.5630,2539,0,0.000000,539555155,3.3951,90.4854,2.1347,7723,0,0.000000,589082873,3.6039,97.2799,1.7161,8553,22,0.000000,554947246,3.6039,97.1761,1.7193,8887,10,0.000000,554952797,3.6083,97.3653,1.7098,8911,4,0.000000,554275043,+14.7068%,+11.0632%,-36.3671%,+5.0627%,+2.6748%,-13.0922%,+11.5252%,+9.4692%,-30.1341%,+11.5241%,+9.3655%,-30.0052%,+11.6605%,+9.5546%,-30.3891%
crafty_1_randacc_2_gcc-expr_1.txt,3,3.2326,87.8150,2.3992,11351,0,0.000000,618697797,3.7371,98.9193,1.4809,2100,0,0.000000,535171042,3.4197,90.5405,2.0615,6793,0,0.000000,584842131,3.6458,97.4846,1.6185,6710,8,0.000000,548583653,3.6443,97.3660,1.6258,6217,2,0.000000,548799345,3.6491,97.6440,1.6127,6338,0,0.000000,548076314,+15.6075%,+11.1043%,-38.2768%,+5.7888%,+2.7255%,-14.0770%,+12.7809%,+9.6696%,-32.5409%,+12.7366%,+9.5510%,-32.2348%,+12.8853%,+9.8290%,-32.7804%
crafty_1_randacc_2_gcc-scilab_1.txt,3,3.2472,87.7827,2.4063,13529,0,0.000000,615924238,3.7419,98.9393,1.4975,2517,0,0.000000,534491363,3.4241,90.5300,2.0675,8201,0,0.000000,584094326,3.6441,97.5676,1.6387,9763,6,0.000000,548834402,3.6455,97.6237,1.6358,9707,0,0.000000,548626057,3.6455,97.6237,1.6358,9707,0,0.000000,548626057,+15.2356%,+11.1566%,-37.7692%,+5.4495%,+2.7473%,-14.0813%,+12.2241%,+9.7849%,-31.8979%,+12.2667%,+9.8410%,-32.0196%,+12.2667%,+9.8410%,-32.0196%
crafty_1_recurseq_2_gcc-scilab_1.txt,3,2.9641,96.5516,1.7173,21551,0,0.000000,674749276,3.2385,98.9693,1.3832,2904,0,0.000000,617576910,3.0748,97.3191,1.6168,13234,0,0.000000,650439254,3.1369,97.6667,1.5038,8491,1,0.000000,637567722,3.1417,97.6442,1.5001,8945,1,0.000000,636599170,3.1554,97.6470,1.4842,10974,0,0.000000,633831930,+9.2575%,+2.4177%,-19.4575%,+3.7375%,+0.7675%,-5.8522%,+5.8318%,+1.1151%,-12.4349%,+5.9928%,+1.0926%,-12.6524%,+6.4556%,+1.0954%,-13.5737%
crafty_1_recurseq_2_gzip-source_1.txt,3,3.2501,96.6450,1.8934,62085,0,0.000000,615369172,3.4079,98.5321,1.6109,16057,0,0.000000,586879869,3.3090,97.0156,1.8458,61148,0,0.000000,604406295,3.3408,97.2437,1.7491,60008,1,0.000000,598659238,3.3410,97.2463,1.7494,60138,1,0.000000,598615124,3.3405,97.2533,1.7494,59555,1,0.000000,598721009,+4.8544%,+1.8872%,-14.9220%,+1.8138%,+0.3706%,-2.5157%,+2.7912%,+0.5987%,-7.6221%,+2.7988%,+0.6014%,-7.6085%,+2.7806%,+0.6083%,-7.6067%
crafty_2_cacherand_1_gcc-200_1.txt,3,3.0304,73.2568,2.9328,13242,0,0.000000,659987705,3.4947,87.9827,1.9170,2008,0,0.000000,572287488,3.2203,75.5913,2.5089,7223,0,0.000000,621050756,3.3005,86.6844,2.1433,6805,0,0.000000,605973871,3.3005,86.6844,2.1433,6805,0,0.000000,605973871,3.3005,86.6844,2.1433,6805,0,0.000000,605973871,+15.3245%,+14.7259%,-34.6369%,+6.2695%,+2.3345%,-14.4524%,+8.9136%,+13.4277%,-26.9188%,+8.9136%,+13.4277%,-26.9188%,+8.9136%,+13.4277%,-26.9188%
crafty_2_cacherand_1_gcc-expr_1.txt,3,3.0315,73.2281,2.8895,13501,0,0.000000,659729804,3.5283,88.0142,1.8377,1785,0,0.000000,566843325,3.2462,75.6380,2.4396,7181,0,0.000000,616109619,3.3281,86.7271,2.0780,6241,0,0.000000,600938502,3.3281,86.7271,2.0780,6241,0,0.000000,600938502,3.3281,86.7271,2.0780,6241,0,0.000000,600938502,+16.3866%,+14.7861%,-36.4000%,+7.0800%,+2.4099%,-15.5697%,+9.7833%,+13.4991%,-28.0861%,+9.7833%,+13.4991%,-28.0861%,+9.7833%,+13.4991%,-28.0861%
crafty_2_cacherand_1_gcc-scilab_1.txt,3,3.0453,73.2188,2.8754,14246,0,0.000000,656748777,3.5362,88.0450,1.8362,2060,0,0.000000,565575393,3.2465,75.6369,2.4336,7303,0,0.000000,616042058,3.3281,86.7288,2.0725,7355,0,0.000000,600942931,3.3281,86.7288,2.0725,7355,0,0.000000,600942931,3.3281,86.7288,2.0725,7355,0,0.000000,600942931,+16.1205%,+14.8262%,-36.1411%,+6.6078%,+2.4181%,-15.3628%,+9.2864%,+13.5100%,-27.9234%,+9.2864%,+13.5100%,-27.9234%,+9.2864%,+13.5100%,-27.9234%
crafty_2_cacherand_1_gzip-program_1.txt,3,3.3972,73.3452,2.8690,45333,0,0.000000,588713864,3.6195,87.5508,2.1126,10452,0,0.000000,552560864,3.4593,75.2762,2.6574,37209,0,0.000000,578145516,3.5278,86.3888,2.3332,36832,0,0.000000,566931975,3.5278,86.3888,2.3332,36832,0,0.000000,566931975,3.5278,86.3888,2.3332,36832,0,0.000000,566931975,+6.5428%,+14.2057%,-26.3658%,+1.8280%,+1.9311%,-7.3732%,+3.8421%,+13.0437%,-18.6746%,+3.8421%,+13.0437%,-18.6746%,+3.8421%,+13.0437%,-18.6746%
crafty_2_cacherand_1_gzip-source_1.txt,3,3.4788,73.6091,2.8784,37493,0,0.000000,574907143,3.7014,87.6069,2.1412,9738,0,0.000000,540335128,3.5370,75.3466,2.6881,33687,0,0.000000,565449104,3.6052,86.4575,2.3666,33004,0,0.000000,554761115,3.6052,86.4575,2.3666,33004,0,0.000000,554761115,3.6052,86.4575,2.3666,33004,0,0.000000,554761115,+6.3983%,+13.9978%,-25.6137%,+1.6727%,+1.7375%,-6.6105%,+3.6315%,+12.8484%,-17.7819%,+3.6315%,+12.8484%,-17.7819%,+3.6315%,+12.8484%,-17.7819%
crafty_2_cacherand_1_randacc_1.txt,3,3.2609,61.8993,3.4843,140,0,0.000000,613325222,4.2774,88.2624,1.2436,21,0,0.000000,467574387,3.4747,69.1159,2.7220,35,0,0.000000,575591545,3.6288,80.2125,2.2163,30,0,0.000000,551148030,3.6288,80.2125,2.2163,30,0,0.000000,551148030,3.6288,80.2125,2.2163,30,0,0.000000,551148030,+31.1717%,+26.3631%,-64.3082%,+6.5556%,+7.2167%,-21.8784%,+11.2814%,+18.3132%,-36.3928%,+11.2814%,+18.3132%,-36.3928%,+11.2814%,+18.3132%,-36.3928%
crafty_2_cacherand_1_recurseq_1.txt,3,3.3623,72.4637,1.9800,252,0,0.000000,594831671,3.9019,88.2969,1.0308,39,0,0.000000,512575481,3.6395,75.9325,1.5816,106,0,0.000000,549533511,3.7205,87.0265,1.3054,73,0,0.000000,537568617,3.7205,87.0265,1.3054,73,0,0.000000,537568617,3.7205,87.0265,1.3054,73,0,0.000000,537568617,+16.0476%,+15.8332%,-47.9384%,+8.2430%,+3.4688%,-20.1194%,+10.6522%,+14.5628%,-34.0718%,+10.6522%,+14.5628%,-34.0718%,+10.6522%,+14.5628%,-34.0718%
crafty_2_cacherand_1_seqacc_1.txt,3,3.7510,64.2505,2.9930,88,0,0.000000,533184892,4.5239,88.4985,1.1430,24,0,0.000000,442100476,4.0317,73.2989,2.2187,39,0,0.000000,496062995,4.1517,84.3960,1.7755,25,0,0.000000,481733214,4.1517,84.3960,1.7755,25,0,0.000000,481733214,4.1517,84.3960,1.7755,25,0,0.000000,481733214,+20.6027%,+24.2479%,-61.8096%,+7.4833%,+9.0484%,-25.8705%,+10.6805%,+20.1455%,-40.6786%,+10.6805%,+20.1455%,-40.6786%,+10.6805%,+20.1455%,-40.6786%
crafty_2_gcc-200_1_gcc-expr_1.txt,3,2.1341,96.4131,2.6291,56696,0,0.000000,937182363,2.3690,98.6146,2.3689,7231,0,0.000000,844250372,2.2231,97.0183,2.5605,32780,0,0.000000,899647240,2.2809,97.3550,2.4548,22786,3,0.000000,876860185,2.2814,97.3613,2.4550,25410,2,0.000000,876667317,2.2819,97.3649,2.4548,25232,0,0.000000,876455564,+11.0077%,+2.2015%,-9.8973%,+4.1722%,+0.6052%,-2.6064%,+6.8793%,+0.9420%,-6.6299%,+6.9029%,+0.9482%,-6.6221%,+6.9287%,+0.9518%,-6.6289%
crafty_2_gcc-200_1_gcc-scilab_1.txt,3,2.1362,96.4025,2.6322,51889,0,0.000000,936241285,2.3649,98.6551,2.3808,6682,0,0.000000,845718000,2.2232,97.0184,2.5696,30296,0,0.000000,899598599,2.2812,97.3618,2.4624,23281,6,0.000000,876727934,2.2795,97.3614,2.4627,23186,0,0.000000,877371381,2.2795,97.3614,2.4627,23186,0,0.000000,877371381,+10.7037%,+2.2526%,-9.5525%,+4.0732%,+0.6159%,-2.3796%,+6.7881%,+0.9594%,-6.4506%,+6.7098%,+0.9590%,-6.4405%,+6.7098%,+0.9590%,-6.4405%
crafty_2_gcc-200_1_gzip-program_1.txt,3,2.7435,96.4003,2.6013,96493,0,0.000000,728986231,2.8709,98.2228,2.3899,19643,0,0.000000,696637934,2.7742,96.7059,2.5823,80046,0,0.000000,720927987,2.8109,97.0113,2.4911,74021,2,0.000000,711515880,2.8115,97.0132,2.4909,74816,2,0.000000,711374353,2.8124,97.0169,2.4891,74080,2,0.000000,711136331,+4.6435%,+1.8224%,-8.1291%,+1.1178%,+0.3056%,-0.7311%,+2.4554%,+0.6109%,-4.2364%,+2.4757%,+0.6129%,-4.2445%,+2.5100%,+0.6166%,-4.3129%
crafty_2_gcc-200_1_gzip-source_1.txt,3,2.8405,96.5248,2.6017,95722,0,0.000000,704103815,2.9655,98.2681,2.4090,19238,0,0.000000,674432883,2.8683,96.7615,2.6003,78663,0,0.000000,697283577,2.9127,97.0710,2.4936,71600,2,0.000000,686656190,2.9132,97.0728,2.4927,71646,2,0.000000,686537804,2.9125,97.0737,2.4935,71793,2,0.000000,686704279,+4.3994%,+1.7432%,-7.4062%,+0.9781%,+0.2366%,-0.0515%,+2.5410%,+0.5461%,-4.1547%,+2.5586%,+0.5480%,-4.1877%,+2.5338%,+0.5488%,-4.1566%
crafty_2_gcc-200_1_randacc_1.txt,3,3.2444,87.8432,2.4584,12036,0,0.000000,616448202,3.7115,98.8676,1.5777,2494,0,0.000000,538868900,3.4010,90.4973,2.1480,6414,0,0.000000,588061924,3.6128,97.3149,1.7197,7520,19,0.000000,553580804,3.6075,97.0064,1.7341,7387,13,0.000000,554399126,3.6095,97.1218,1.7270,8213,5,0.000000,554094011,+14.3967%,+11.0245%,-35.8245%,+4.8271%,+2.6542%,-12.6247%,+11.3565%,+9.4717%,-30.0483%,+11.1921%,+9.1632%,-29.4626%,+11.2534%,+9.2786%,-29.7499%
crafty_2_gcc-200_1_recurseq_1.txt,3,2.8877,96.5333,1.7951,19670,0,0.000000,692585836,3.1876,98.8989,1.4497,3077,0,0.000000,627434503,3.0193,97.2871,1.6841,11889,0,0.000000,662411184,3.0724,97.6351,1.5782,8966,0,0.000000,650953593,3.0724,97.6351,1.5782,8966,0,0.000000,650953593,3.0724,97.6351,1.5782,8966,0,0.000000,650953593,+10.3838%,+2.3656%,-19.2430%,+4.5553%,+0.7538%,-6.1826%,+6.3956%,+1.1017%,-12.0820%,+6.3956%,+1.1017%,-12.0820%,+6.3956%,+1.1017%,-12.0820%
crafty_2_gcc-200_1_seqacc_1.txt,3,3.5019,90.2238,2.1722,10480,0,0.000000,571112176,3.8698,99.0965,1.4936,2380,0,0.000000,516826953,3.6279,94.6439,1.9070,7924,0,0.000000,551279495,3.7274,96.0255,1.7168,6165,2,0.000000,536562022,3.7005,94.9964,1.7639,5862,0,0.000000,540473099,3.7005,94.9964,1.7639,5862,0,0.000000,540473099,+10.5036%,+8.8727%,-31.2411%,+3.5976%,+4.4201%,-12.2093%,+6.4392%,+5.8017%,-20.9653%,+5.6689%,+4.7726%,-18.7977%,+5.6689%,+4.7726%,-18.7977%
crafty_2_gcc-expr_1_gcc-scilab_1.txt,3,2.1345,96.4233,2.5853,61001,0,0.000000,936981928,2.3679,98.6674,2.3253,7124,0,0.000000,844641184,2.2278,97.0563,2.5097,35444,0,0.000000,897750174,2.2811,97.3725,2.4127,23739,2,0.000000,876765985,2.2848,97.3620,2.4112,21820,2,0.000000,875368590,2.2840,97.3713,2.4089,23489,0,0.000000,875675496,+10.9325%,+2.2441%,-10.0585%,+4.3700%,+0.6330%,-2.9242%,+6.8679%,+0.9492%,-6.6756%,+7.0386%,+0.9387%,-6.7360%,+7.0010%,+0.9480%,-6.8241%
crafty_2_gcc-expr_1_gzip-program_1.txt,3,2.7645,96.4374,2.5394,96219,0,0.000000,723452470,2.8888,98.2558,2.3316,19005,0,0.000000,692324793,2.7986,96.7660,2.5150,79055,0,0.000000,714643121,2.8376,97.0011,2.4176,72324,2,0.000000,704828131,2.8396,97.0084,2.4045,72827,1,0.000000,704318482,2.8429,97.0176,2.4021,73497,1,0.000000,703513661,+4.4961%,+1.8184%,-8.1803%,+1.2327%,+0.3286%,-0.9586%,+2.6424%,+0.5636%,-4.7930%,+2.7167%,+0.5710%,-5.3094%,+2.8342%,+0.5802%,-5.4050%
crafty_2_gcc-expr_1_gzip-source_1.txt,3,2.8758,96.5713,2.5358,92680,0,0.000000,695456916,3.0018,98.3089,2.3355,18482,0,0.000000,666276340,2.9068,96.8300,2.5190,76497,0,0.000000,688031765,2.9473,97.0605,2.4133,71131,2,0.000000,678583414,2.9502,97.0545,2.4090,71093,1,0.000000,677925905,2.9510,97.0624,2.4083,70047,1,0.000000,677725368,+4.3797%,+1.7376%,-7.9001%,+1.0792%,+0.2587%,-0.6614%,+2.4866%,+0.4892%,-4.8308%,+2.5860%,+0.4832%,-5.0013%,+2.6163%,+0.4911%,-5.0276%
crafty_2_gcc-expr_1_randacc_1.txt,3,3.2617,87.8615,2.3875,10332,0,0.000000,613168431,3.7428,98.9115,1.4958,2343,0,0.000000,534353995,3.4387,90.5529,2.0620,6616,0,0.000000,581608217,3.6505,97.4001,1.6343,6463,13,0.000000,547864180,3.6529,97.4930,1.6306,6200,5,0.000000,547512693,3.6480,97.3171,1.6389,6323,1,0.000000,548240613,+14.7495%,+11.0500%,-37.3501%,+5.4264%,+2.6914%,-13.6346%,+11.9198%,+9.5385%,-31.5466%,+11.9916%,+9.6314%,-31.7041%,+11.8429%,+9.4556%,-31.3576%
crafty_2_gcc-expr_1_recurseq_1.txt,3,2.9396,96.5738,1.7550,24323,0,0.000000,680360771,3.2482,98.9219,1.3974,2842,0,0.000000,615729318,3.0817,97.3446,1.6289,14546,0,0.000000,648998912,3.1347,97.6490,1.5356,8569,0,0.000000,638023704,3.1347,97.6490,1.5356,8569,0,0.000000,638023704,3.1347,97.6490,1.5356,8569,0,0.000000,638023704,+10.4967%,+2.3480%,-20.3730%,+4.8323%,+0.7708%,-7.1840%,+6.6357%,+1.0752%,-12.5009%,+6.6357%,+1.0752%,-12.5009%,+6.6357%,+1.0752%,-12.5009%
crafty_2_gcc-expr_1_seqacc_1.txt,3,3.5312,90.2313,2.1007,9422,0,0.000000,566376757,3.8955,99.1393,1.4179,2300,0,0.000000,513409217,3.6640,94.7118,1.8219,6985,0,0.000000,545846894,3.7247,95.0347,1.6826,5739,0,0.000000,536961129,3.7247,95.0347,1.6826,5739,0,0.000000,536961129,3.7247,95.0347,1.6826,5739,0,0.000000,536961129,+10.3168%,+8.9080%,-32.5063%,+3.7611%,+4.4805%,-13.2708%,+5.4782%,+4.8034%,-19.9032%,+5.4782%,+4.8034%,-19.9032%,+5.4782%,+4.8034%,-19.9032%
crafty_2_gcc-scilab_1_gzip-program_1.txt,3,2.7707,96.4087,2.5488,103458,0,0.000000,721848737,2.8966,98.2792,2.3392,19540,0,0.000000,690458373,2.8062,96.7478,2.5189,82019,0,0.000000,712696422,2.8439,97.0281,2.4235,72185,2,0.000000,703260436,2.8481,96.9885,2.4080,75269,1,0.000000,702226687,2.8483,96.9957,2.4088,75702,1,0.000000,702174015,+4.5463%,+1.8706%,-8.2252%,+1.2842%,+0.3392%,-1.1749%,+2.6432%,+0.6194%,-4.9170%,+2.7942%,+0.5798%,-5.5248%,+2.8020%,+0.5871%,-5.4930%
crafty_2_gcc-scilab_1_gzip-source_1.txt,3,2.8688,96.5420,2.5593,101875,0,0.000000,697150599,2.9993,98.3250,2.3496,18919,0,0.000000,666828117,2.9020,96.8066,2.5403,79920,0,0.000000,689174950,2.9463,97.1072,2.4330,69982,2,0.000000,678818122,2.9439,97.0328,2.4315,73402,1,0.000000,679359601,2.9449,97.0378,2.4315,73744,1,0.000000,679134362,+4.5473%,+1.7829%,-8.1935%,+1.1573%,+0.2646%,-0.7416%,+2.7006%,+0.5651%,-4.9370%,+2.6188%,+0.4908%,-4.9948%,+2.6528%,+0.4958%,-4.9956%
crafty_2_gcc-scilab_1_randacc_1.txt,3,3.2694,87.8168,2.3982,11082,0,0.000000,611726666,3.7396,98.9306,1.5164,2266,0,0.000000,534813560,3.4407,90.5401,2.0698,6489,0,0.000000,581277825,3.6453,97.3998,1.6563,9321,9,0.000000,548658491,3.6468,97.4997,1.6523,9352,1,0.000000,548426029,3.6418,97.2779,1.6610,9023,1,0.000000,549173801,+14.3813%,+11.1139%,-36.7683%,+5.2383%,+2.7233%,-13.6944%,+11.4950%,+9.5830%,-30.9371%,+11.5422%,+9.6829%,-31.1001%,+11.3904%,+9.4611%,-30.7379%
crafty_2_gcc-scilab_1_recurseq_1.txt,3,2.9176,96.5470,1.7638,21322,0,0.000000,685500831,3.2273,98.9601,1.4067,2801,0,0.000000,619715535,3.0601,97.3331,1.6402,13848,0,0.000000,653572497,3.1179,97.6925,1.5318,7928,0,0.000000,641450905,3.1179,97.6925,1.5318,7928,0,0.000000,641450905,3.1179,97.6925,1.5318,7928,0,0.000000,641450905,+10.6154%,+2.4131%,-20.2440%,+4.8852%,+0.7861%,-7.0078%,+6.8672%,+1.1455%,-13.1522%,+6.8672%,+1.1455%,-13.1522%,+6.8672%,+1.1455%,-13.1522%
crafty_2_gcc-scilab_1_seqacc_1.txt,3,3.5302,90.1985,2.1167,10277,0,0.000000,566535073,3.8945,99.1622,1.4339,2765,0,0.000000,513548206,3.6628,94.6939,1.8398,8514,0,0.000000,546024606,3.7582,95.7345,1.6621,5381,2,0.000000,532163375,3.7397,95.0582,1.6937,5448,0,0.000000,534795145,3.7397,95.0582,1.6937,5448,0,0.000000,534795145,+10.3178%,+8.9637%,-32.2559%,+3.7563%,+4.4954%,-13.0797%,+6.4589%,+5.5359%,-21.4731%,+5.9350%,+4.8596%,-19.9839%,+5.9350%,+4.8596%,-19.9839%
crafty_2_gzip-program_1_gzip-source_1.txt,3,2.6908,96.4100,2.8790,133234,0,0.000000,743277011,2.7697,97.7864,2.6804,35251,0,0.000000,722100175,2.7053,96.4057,2.8984,134349,0,0.000000,739288488,2.7454,96.6417,2.7861,134433,2,0.000000,728500963,2.7467,96.6419,2.7859,134451,2,0.000000,728150190,2.7464,96.6438,2.7858,134597,2,0.000000,728226591,+2.9327%,+1.3764%,-6.8978%,+0.5395%,-0.0042%,+0.6746%,+2.0283%,+0.2318%,-3.2281%,+2.0774%,+0.2319%,-3.2343%,+2.0667%,+0.2339%,-3.2390%
crafty_2_gzip-program_1_randacc_1.txt,3,3.5502,88.0175,2.5041,43879,0,0.000000,563346829,3.7547,98.4358,1.8132,11839,0,0.000000,532663416,3.5944,90.1456,2.3447,42266,0,0.000000,556426419,3.6829,96.6150,2.0136,40451,41,0.000000,543048918,3.6829,96.5986,2.0141,40431,21,0.000000,543047145,3.6810,96.3524,2.0208,41224,7,0.000000,543333226,+5.7604%,+10.4182%,-27.5891%,+1.2437%,+2.1280%,-6.3643%,+3.7378%,+8.5975%,-19.5862%,+3.7381%,+8.5811%,-19.5653%,+3.6835%,+8.3348%,-19.3003%
crafty_2_gzip-program_1_recurseq_1.txt,3,3.1842,96.5348,1.8819,64074,0,0.000000,628093196,3.3564,98.4621,1.5779,17352,0,0.000000,595876579,3.2506,96.9425,1.8176,64471,0,0.000000,615265702,3.2833,97.1876,1.7212,62523,0,0.000000,609142792,3.2833,97.1876,1.7212,62523,0,0.000000,609142792,3.2833,97.1876,1.7212,62523,0,0.000000,609142792,+5.4066%,+1.9274%,-16.1564%,+2.0849%,+0.4077%,-3.4159%,+3.1110%,+0.6529%,-8.5400%,+3.1110%,+0.6529%,-8.5400%,+3.1110%,+0.6529%,-8.5400%
crafty_2_gzip-program_1_seqacc_1.txt,3,3.6798,90.3438,2.3224,45140,0,0.000000,543505285,3.8833,98.6564,1.7529,13716,0,0.000000,515032223,3.7303,94.3081,2.1739,48213,0,0.000000,536147309,3.7776,94.5530,2.0352,47671,0,0.000000,529442200,3.7776,94.5530,2.0352,47671,0,0.000000,529442200,3.7776,94.5530,2.0352,47671,0,0.000000,529442200,+5.5284%,+8.3126%,-24.5213%,+1.3724%,+3.9643%,-6.3940%,+2.6562%,+4.2092%,-12.3639%,+2.6562%,+4.2092%,-12.3639%,+2.6562%,+4.2092%,-12.3639%
crafty_2_gzip-source_1_randacc_1.txt,3,3.6232,88.2543,2.5245,37461,0,0.000000,551992595,3.8280,98.4887,1.8509,10763,0,0.000000,522460661,3.6672,90.2235,2.3773,34928,0,0.000000,545375128,3.7569,96.6428,2.0504,34457,41,0.000000,532358749,3.7564,96.4411,2.0556,35172,23,0.000000,532419013,3.7492,95.1473,2.0963,35314,9,0.000000,533440390,+5.6525%,+10.2344%,-26.6810%,+1.2134%,+1.9692%,-5.8323%,+3.6881%,+8.3885%,-18.7797%,+3.6764%,+8.1868%,-18.5728%,+3.4779%,+6.8930%,-16.9605%
crafty_2_gzip-source_1_recurseq_1.txt,3,3.2421,96.6642,1.8962,54338,0,0.000000,616886974,3.4031,98.5324,1.6040,15238,0,0.000000,587696444,3.3024,97.0200,1.8442,53580,0,0.000000,605614002,3.3328,97.2485,1.7503,52263,0,0.000000,600104953,3.3328,97.2485,1.7503,52263,0,0.000000,600104953,3.3328,97.2485,1.7503,52263,0,0.000000,600104953,+4.9670%,+1.8682%,-15.4092%,+1.8614%,+0.3558%,-2.7387%,+2.7965%,+0.5843%,-7.6907%,+2.7965%,+0.5843%,-7.6907%,+2.7965%,+0.5843%,-7.6907%
crafty_2_gzip-source_1_seqacc_1.txt,3,3.7524,90.5911,2.3463,39243,0,0.000000,532988120,3.9571,98.7141,1.7890,12187,0,0.000000,505423757,3.8007,94.3711,2.2123,41113,0,0.000000,526213107,3.8488,94.6033,2.0732,41308,0,0.000000,519647685,3.8488,94.6033,2.0732,41308,0,0.000000,519647685,3.8488,94.6033,2.0732,41308,0,0.000000,519647685,+5.4537%,+8.1231%,-23.7522%,+1.2875%,+3.7801%,-5.7107%,+2.5672%,+4.0123%,-11.6391%,+2.5672%,+4.0123%,-11.6391%,+2.5672%,+4.0123%,-11.6391%
crafty_2_randacc_1_recurseq_1.txt,3,3.6160,87.2074,1.5918,177,0,0.000000,553092182,3.9959,99.1895,0.8202,47,0,0.000000,500508266,3.7836,90.8016,1.3148,80,0,0.000000,528603672,3.9030,97.9156,1.0143,53,0,0.000000,512423898,3.9030,97.9156,1.0143,53,0,0.000000,512423898,3.9030,97.9156,1.0143,53,0,0.000000,512423898,+10.5061%,+11.9821%,-48.4707%,+4.6327%,+3.5943%,-17.4046%,+7.9365%,+10.7083%,-36.2778%,+7.9365%,+10.7083%,-36.2778%,+7.9365%,+10.7083%,-36.2778%
crafty_2_randacc_1_seqacc_1.txt,3,4.0934,79.6189,2.2937,60,0,0.000000,488596949,4.7017,99.3922,0.8164,28,0,0.000000,425380314,4.3042,88.1744,1.7235,33,0,0.000000,464658178,4.5134,95.2739,1.2140,26,2,0.000000,443128926,4.5134,95.2871,1.2134,24,0,0.000000,443123728,4.5134,95.2871,1.2134,24,0,0.000000,443123728,+14.8612%,+19.7733%,-64.4050%,+5.1519%,+8.5555%,-24.8586%,+10.2607%,+15.6550%,-47.0721%,+10.2620%,+15.6682%,-47.0963%,+10.2620%,+15.6682%,-47.0963%
crafty_2_recurseq_1_seqacc_1.txt,3,3.9162,89.4514,1.3768,118,0,0.000000,510701445,4.1954,99.4270,0.7630,42,0,0.000000,476714531,4.0406,94.9862,1.1385,72,0,0.000000,494975697,4.1148,98.1289,0.9525,53,1,0.000000,486053507,4.1114,95.3187,1.0026,54,0,0.000000,486453351,4.1114,95.3187,1.0026,54,0,0.000000,486453351,+7.1294%,+9.9756%,-44.5799%,+3.1771%,+5.5349%,-17.3065%,+5.0710%,+8.6776%,-30.8177%,+4.9846%,+5.8673%,-27.1791%,+4.9846%,+5.8673%,-27.1791%
gcc-200_1_randacc_2_gcc-expr_1.txt,3,3.3009,89.6139,2.1959,131338,0,0.000000,605894330,3.6866,98.6522,1.5028,350109,0,0.000000,542505689,3.4720,90.9436,1.9351,155003,0,0.000000,576037606,3.6269,97.5820,1.5546,359294,50,0.000000,551431793,3.6309,97.7248,1.5469,363662,17,0.000000,550829526,3.6312,97.4830,1.5570,347661,9,0.000000,550780617,+11.6844%,+9.0383%,-31.5637%,+5.1831%,+1.3297%,-11.8768%,+9.8766%,+7.9681%,-29.2037%,+9.9967%,+8.1109%,-29.5543%,+10.0065%,+7.8692%,-29.0946%
gcc-200_1_randacc_2_gcc-scilab_1.txt,3,3.3379,89.4805,2.1896,128587,0,0.000000,599174652,3.7176,98.6858,1.5085,357007,0,0.000000,537984005,3.4977,90.9353,1.9312,146943,0,0.000000,571808733,3.6508,97.5641,1.5718,355243,41,0.000000,547819843,3.6530,97.6661,1.5675,361576,15,0.000000,547493245,3.6525,97.6100,1.5652,371150,3,0.000000,547566487,+11.3741%,+9.2053%,-31.1043%,+4.7858%,+1.4548%,-11.8017%,+9.3744%,+8.0836%,-28.2152%,+9.4396%,+8.1856%,-28.4107%,+9.4250%,+8.1295%,-28.5142%
gcc-200_1_recurseq_2_crafty_1.txt,3,2.7412,96.4619,1.8687,143245,0,0.000000,729619505,3.0015,98.8228,1.5548,198791,0,0.000000,666331958,2.8371,97.2080,1.7873,170673,0,0.000000,704935347,2.8811,97.6761,1.6940,170803,1,0.000000,694180610,2.8812,97.6776,1.6929,167085,1,0.000000,694165739,2.9381,98.1330,1.5865,153216,0,0.000000,680714810,+9.4979%,+2.3609%,-16.7992%,+3.5016%,+0.7460%,-4.3540%,+5.1051%,+1.2142%,-9.3517%,+5.1074%,+1.2157%,-9.4062%,+7.1843%,+1.6711%,-15.1005%
gcc-200_1_recurseq_2_gcc-expr_1.txt,3,2.8526,96.9529,1.6934,351811,0,0.000000,701119477,3.0633,98.6300,1.4280,402427,0,0.000000,652896269,2.9512,97.6854,1.5707,447886,0,0.000000,677686562,3.0088,97.9818,1.4811,354763,5,0.000000,664718918,3.0057,97.9821,1.4787,364364,5,0.000000,665413585,3.0100,97.9786,1.4787,302054,1,0.000000,664459616,+7.3860%,+1.6771%,-15.6729%,+3.4578%,+0.7325%,-7.2451%,+5.4761%,+1.0288%,-12.5400%,+5.3660%,+1.0291%,-12.6806%,+5.5172%,+1.0257%,-12.6797%
gcc-200_2_cacherand_1_crafty_1.txt,3,2.8983,73.5402,3.1651,55001,0,0.000000,690054959,3.3347,87.9181,2.0824,59199,0,0.000000,599748667,3.0594,75.5354,2.7448,48918,0,0.000000,653722065,3.1334,86.5365,2.3523,57207,1,0.000000,638279383,3.1339,86.4444,2.3538,57048,1,0.000000,638181909,3.1376,86.1261,2.3539,57780,1,0.000000,637436237,+15.0573%,+14.3779%,-34.2082%,+5.5578%,+1.9952%,-13.2774%,+8.1117%,+12.9963%,-25.6797%,+8.1283%,+12.9042%,-25.6327%,+8.2547%,+12.5859%,-25.6287%
gcc-200_2_cacherand_1_gcc-expr_1.txt,3,3.1308,75.6256,2.6020,125783,0,0.000000,638812679,3.4799,87.7448,1.8596,140537,0,0.000000,574723206,3.3278,76.0300,2.2672,125444,0,0.000000,600990677,3.3875,87.0361,1.9305,142787,1,0.000000,590413529,3.3874,86.9361,1.9316,138877,1,0.000000,590421390,3.3897,86.6108,1.9364,138490,1,0.000000,590029871,+11.1514%,+12.1192%,-28.5329%,+6.2933%,+0.4044%,-12.8682%,+8.1975%,+11.4105%,-25.8053%,+8.1961%,+11.3105%,-25.7640%,+8.2679%,+10.9852%,-25.5787%
gcc-200_2_cacherand_1_gcc-scilab_1.txt,3,3.1863,75.4821,2.5597,121668,0,0.000000,627689234,3.5328,87.7968,1.8317,132429,0,0.000000,566123683,3.3741,76.0390,2.2352,118419,0,0.000000,592754081,3.4366,87.0395,1.9132,136020,1,0.000000,581978039,3.4373,86.9243,1.9154,134806,1,0.000000,581846982,3.4388,86.5819,1.9201,134549,1,0.000000,581590285,+10.8749%,+12.3148%,-28.4418%,+5.8937%,+0.5569%,-12.6771%,+7.8545%,+11.5574%,-25.2586%,+7.8788%,+11.4422%,-25.1708%,+7.9264%,+11.0999%,-24.9859%
gcc-200_2_cacherand_1_gzip-program_1.txt,3,3.4473,75.0734,2.6198,109455,0,0.000000,580168091,3.6207,87.3803,2.0683,92848,0,0.000000,552383902,3.5197,75.6883,2.4222,106212,0,0.000000,568236077,3.5802,86.7275,2.1325,107550,1,0.000000,558625621,3.5792,86.6438,2.1337,106035,1,0.000000,558780636,3.5773,86.3855,2.1400,104238,1,0.000000,559078836,+5.0299%,+12.3068%,-21.0514%,+2.0998%,+0.6149%,-7.5416%,+3.8563%,+11.6541%,-18.6002%,+3.8275%,+11.5704%,-18.5557%,+3.7721%,+11.3121%,-18.3153%
gcc-200_2_cacherand_1_gzip-source_1.txt,3,3.5251,75.4067,2.6450,94198,0,0.000000,567356783,3.6904,87.4376,2.1109,77611,0,0.000000,541950919,3.5899,75.7579,2.4671,85326,0,0.000000,557123046,3.6503,86.7983,2.1789,84716,1,0.000000,547900975,3.6499,86.7297,2.1791,85386,1,0.000000,547957818,3.6496,86.5406,2.1831,83901,1,0.000000,548002606,+4.6878%,+12.0309%,-20.1961%,+1.8369%,+0.3512%,-6.7259%,+3.5510%,+11.3916%,-17.6241%,+3.5402%,+11.3230%,-17.6159%,+3.5318%,+11.1339%,-17.4651%
gcc-200_2_cacherand_1_randacc_1.txt,3,3.4742,64.0444,2.9091,24423,0,0.000000,575668010,4.2683,88.1178,1.2181,32370,0,0.000000,468570642,3.7130,69.5491,2.2690,24024,0,0.000000,538648743,3.8352,80.6520,1.8591,23930,0,0.000000,521484932,3.8352,80.6520,1.8591,23930,0,0.000000,521484932,3.8352,80.6520,1.8591,23930,0,0.000000,521484932,+22.8562%,+24.0734%,-58.1297%,+6.8726%,+5.5047%,-22.0026%,+10.3901%,+16.6076%,-36.0940%,+10.3901%,+16.6076%,-36.0940%,+10.3901%,+16.6076%,-36.0940%
gcc-200_2_cacherand_1_recurseq_1.txt,3,3.4142,74.0696,1.8047,56531,0,0.000000,585784512,3.7806,88.1227,1.1314,64549,0,0.000000,529011862,3.6238,76.3363,1.4823,63193,0,0.000000,551903300,3.6823,87.4349,1.2423,58456,0,0.000000,543135276,3.6823,87.4349,1.2423,58456,0,0.000000,543135276,3.6823,87.4349,1.2423,58456,0,0.000000,543135276,+10.7318%,+14.0531%,-37.3073%,+6.1390%,+2.2668%,-17.8684%,+7.8524%,+13.3653%,-31.1673%,+7.8524%,+13.3653%,-31.1673%,+7.8524%,+13.3653%,-31.1673%
gcc-200_2_cacherand_1_seqacc_1.txt,3,3.8970,66.7203,2.4599,27955,0,0.000000,513208913,4.4214,88.3581,1.1700,33628,0,0.000000,452347879,4.1237,73.7286,1.8639,28667,0,0.000000,484998849,4.2296,84.8313,1.4725,28166,0,0.000000,472855483,4.2296,84.8313,1.4725,28166,0,0.000000,472855483,4.2296,84.8313,1.4725,28166,0,0.000000,472855483,+13.4545%,+21.6378%,-52.4371%,+5.8165%,+7.0083%,-24.2280%,+8.5340%,+18.1110%,-40.1411%,+8.5340%,+18.1110%,-40.1411%,+8.5340%,+18.1110%,-40.1411%
gcc-200_2_crafty_1_gcc-expr_1.txt,3,2.1737,96.3405,2.7312,522806,0,0.000000,920083507,2.3932,98.4674,2.4834,390218,0,0.000000,835704066,2.2600,96.9292,2.6669,524115,0,0.000000,884954335,2.3111,97.2138,2.5779,361049,7,0.000000,865392767,2.3107,97.2227,2.5648,382280,4,0.000000,865553624,2.3119,97.2476,2.5609,379117,1,0.000000,865100555,+10.0968%,+2.1269%,-9.0741%,+3.9696%,+0.5887%,-2.3519%,+6.3197%,+0.8733%,-5.6140%,+6.3000%,+0.8822%,-6.0907%,+6.3557%,+0.9071%,-6.2331%
gcc-200_2_crafty_1_gcc-scilab_1.txt,3,2.1716,96.3052,2.7435,550566,0,0.000000,920976913,2.3966,98.4976,2.5021,451541,0,0.000000,834514610,2.2540,96.9115,2.6822,568854,0,0.000000,887296925,2.3114,97.2033,2.5883,390466,5,0.000000,865266709,2.3117,97.2017,2.5867,385935,1,0.000000,865152502,2.3163,97.2293,2.5803,386978,1,0.000000,863444330,+10.3608%,+2.1924%,-8.7995%,+3.7958%,+0.6063%,-2.2353%,+6.4385%,+0.8980%,-5.6587%,+6.4525%,+0.8965%,-5.7166%,+6.6632%,+0.9240%,-5.9489%
gcc-200_2_crafty_1_gzip-program_1.txt,3,2.7504,96.3972,2.6056,170664,0,0.000000,727166687,2.8749,98.1952,2.4009,98331,0,0.000000,695683393,2.7796,96.6886,2.5912,150262,0,0.000000,719529211,2.8190,97.0026,2.4981,105230,1,0.000000,709463271,2.8170,97.0006,2.5012,107372,1,0.000000,709964197,2.8170,97.0006,2.5012,107372,1,0.000000,709964197,+4.5255%,+1.7980%,-7.8576%,+1.0614%,+0.2914%,-0.5526%,+2.4953%,+0.6055%,-4.1247%,+2.4230%,+0.6034%,-4.0071%,+2.4230%,+0.6034%,-4.0071%
gcc-200_2_crafty_1_gzip-source_1.txt,3,2.8566,96.5523,2.5881,168026,0,0.000000,700137204,2.9867,98.2562,2.3823,95066,0,0.000000,669630140,2.8855,96.7659,2.5818,152005,0,0.000000,693127113,2.9266,97.0811,2.4810,101512,1,0.000000,683385934,2.9266,97.0803,2.4809,101238,1,0.000000,683388743,2.9266,97.0803,2.4809,101238,1,0.000000,683388743,+4.5558%,+1.7039%,-7.9519%,+1.0114%,+0.2136%,-0.2414%,+2.4512%,+0.5288%,-4.1369%,+2.4508%,+0.5280%,-4.1400%,+2.4508%,+0.5280%,-4.1400%
gcc-200_2_crafty_1_randacc_1.txt,3,3.2464,87.8414,2.4588,44720,0,0.000000,616074071,3.7129,98.8676,1.5759,62975,0,0.000000,538661189,3.4035,90.4949,2.1456,44859,0,0.000000,587626795,3.6154,97.3604,1.7175,70613,17,0.000000,553189266,3.6100,97.0243,1.7312,70716,13,0.000000,554015601,3.6109,97.0308,1.7260,69657,5,0.000000,553881786,+14.3713%,+11.0262%,-35.9075%,+4.8410%,+2.6535%,-12.7373%,+11.3677%,+9.5190%,-30.1487%,+11.2016%,+9.1829%,-29.5928%,+11.2284%,+9.1894%,-29.8028%
gcc-200_2_crafty_1_recurseq_1.txt,3,2.8879,96.5334,1.7954,97629,0,0.000000,692538836,3.1888,98.8989,1.4497,76832,0,0.000000,627195375,3.0215,97.2876,1.6830,105671,0,0.000000,661913863,3.0926,97.8249,1.5464,67727,1,0.000000,646713589,3.0925,97.8253,1.5464,68849,1,0.000000,646725221,3.0930,97.8267,1.5454,69012,1,0.000000,646623443,+10.4183%,+2.3655%,-19.2547%,+4.6267%,+0.7542%,-6.2562%,+7.0858%,+1.2915%,-13.8683%,+7.0839%,+1.2919%,-13.8661%,+7.1008%,+1.2933%,-13.9214%
gcc-200_2_crafty_1_seqacc_1.txt,3,3.5035,90.2214,2.1714,43146,0,0.000000,570851412,3.8709,99.0965,1.4927,65348,0,0.000000,516669289,3.6296,94.6440,1.9060,59961,0,0.000000,551027520,3.7265,95.9785,1.7176,51244,2,0.000000,536696150,3.7266,95.9776,1.7166,52325,2,0.000000,536689048,3.7267,95.9312,1.7150,50895,2,0.000000,536664388,+10.4868%,+8.8751%,-31.2551%,+3.5976%,+4.4226%,-12.2223%,+6.3640%,+5.7571%,-20.8978%,+6.3654%,+5.7562%,-20.9437%,+6.3703%,+5.7098%,-21.0180%
gcc-200_2_gcc-expr_1_gcc-scilab_1.txt,3,1.6677,96.9332,2.4898,656391,0,0.000000,1199237382,1.8131,98.4727,2.2688,554395,0,0.000000,1103064181,1.7356,97.5032,2.3628,704542,0,0.000000,1152316264,1.7789,97.8047,2.2734,548607,14,0.000000,1124284784,1.7703,97.7999,2.2757,534439,4,0.000000,1129779198,1.7711,97.8233,2.2728,507422,1,0.000000,1129245463,+8.7187%,+1.5396%,-8.8783%,+4.0719%,+0.5700%,-5.1031%,+6.6667%,+0.8715%,-8.6917%,+6.1479%,+0.8668%,-8.6000%,+6.1981%,+0.8902%,-8.7183%
gcc-200_2_gcc-expr_1_gzip-program_1.txt,3,2.7781,96.8904,2.3044,194415,0,0.000000,719910850,2.8911,98.1505,2.1756,115228,0,0.000000,691787451,2.8128,97.2626,2.2798,180177,0,0.000000,711047506,2.8502,97.5634,2.1955,124180,3,0.000000,701715050,2.8497,97.5617,2.1960,125029,3,0.000000,701829923,2.8496,97.5746,2.1962,122637,1,0.000000,701855526,+4.0653%,+1.2601%,-5.5878%,+1.2465%,+0.3722%,-1.0680%,+2.5930%,+0.6730%,-4.7268%,+2.5762%,+0.6712%,-4.7038%,+2.5725%,+0.6842%,-4.6970%
gcc-200_2_gcc-expr_1_gzip-source_1.txt,3,2.8713,96.9924,2.3137,198301,0,0.000000,696548456,2.9766,98.2098,2.1822,118267,0,0.000000,671912678,2.8970,97.3323,2.2973,171585,0,0.000000,690373323,2.9380,97.6333,2.2009,136498,5,0.000000,680743539,2.9402,97.6291,2.2031,126080,2,0.000000,680236501,2.9412,97.6477,2.1995,121926,1,0.000000,680003101,+3.6665%,+1.2174%,-5.6844%,+0.8944%,+0.3399%,-0.7079%,+2.3217%,+0.6409%,-4.8751%,+2.3980%,+0.6367%,-4.7814%,+2.4331%,+0.6553%,-4.9340%
gcc-200_2_gcc-expr_1_randacc_1.txt,3,3.3151,89.6920,2.0732,70400,0,0.000000,603303234,3.6967,98.7930,1.3633,82403,0,0.000000,541024691,3.4834,91.0362,1.8029,68652,0,0.000000,574149337,3.6339,97.8101,1.4206,92576,29,0.000000,550377230,3.6330,97.7644,1.4216,89854,15,0.000000,550506188,3.6304,97.6115,1.4269,91054,7,0.000000,550906935,+11.5112%,+9.1010%,-34.2407%,+5.0777%,+1.3442%,-13.0380%,+9.6163%,+8.1181%,-31.4777%,+9.5906%,+8.0724%,-31.4325%,+9.5109%,+7.9195%,-31.1731%
gcc-200_2_gcc-expr_1_recurseq_1.txt,3,2.8074,97.0503,1.6158,135350,0,0.000000,712404393,3.0309,98.8029,1.3221,94404,0,0.000000,659880383,2.9158,97.8032,1.4781,132115,0,0.000000,685917895,2.9587,98.1598,1.3816,92665,4,0.000000,675975199,2.9642,98.1391,1.3802,100924,4,0.000000,674708669,2.9668,98.1601,1.3756,89066,1,0.000000,674115752,+7.9596%,+1.7526%,-18.1772%,+3.8615%,+0.7528%,-8.5242%,+5.3891%,+1.1095%,-14.4988%,+5.5870%,+1.0888%,-14.5850%,+5.6799%,+1.1098%,-14.8704%
gcc-200_2_gcc-expr_1_seqacc_1.txt,3,3.5279,92.2709,1.8160,68106,0,0.000000,566917022,3.7960,99.0287,1.3072,87084,0,0.000000,526865663,3.6343,95.1742,1.5865,83318,0,0.000000,550316728,3.7342,97.7801,1.3788,88542,23,0.000000,535594723,3.7357,97.8600,1.3775,91800,13,0.000000,535381767,3.7389,97.9103,1.3737,92488,5,0.000000,534920012,+7.6018%,+6.7577%,-28.0184%,+3.0165%,+2.9033%,-12.6388%,+5.8481%,+5.5092%,-24.0753%,+5.8902%,+5.5890%,-24.1456%,+5.9817%,+5.6394%,-24.3524%
gcc-200_2_gcc-scilab_1_gzip-program_1.txt,3,2.7884,96.8850,2.3167,190260,0,0.000000,717256566,2.9010,98.1828,2.1761,114222,0,0.000000,689412784,2.8208,97.2469,2.2814,176275,0,0.000000,709019467,2.8625,97.5619,2.1978,123549,7,0.000000,698682136,2.8587,97.5624,2.1973,121361,1,0.000000,699611361,2.8594,97.5613,2.1971,118939,1,0.000000,699439220,+4.0388%,+1.2977%,-6.0698%,+1.1617%,+0.3619%,-1.5242%,+2.6585%,+0.6769%,-5.1350%,+2.5221%,+0.6774%,-5.1574%,+2.5474%,+0.6762%,-5.1650%
gcc-200_2_gcc-scilab_1_gzip-source_1.txt,3,2.8785,96.9763,2.3318,208751,0,0.000000,694818151,2.9836,98.2218,2.2020,120108,0,0.000000,670341192,2.9080,97.2995,2.3156,181369,0,0.000000,687767659,2.9485,97.6157,2.2179,142439,5,0.000000,678305281,2.9453,97.6193,2.2202,128041,1,0.000000,679037609,2.9450,97.6180,2.2204,126033,1,0.000000,679126414,+3.6514%,+1.2454%,-5.5682%,+1.0251%,+0.3232%,-0.6957%,+2.4344%,+0.6394%,-4.8849%,+2.3240%,+0.6430%,-4.7875%,+2.3106%,+0.6417%,-4.7784%
gcc-200_2_gcc-scilab_1_randacc_1.txt,3,3.3286,89.6301,2.0772,71828,0,0.000000,600861397,3.7050,98.8214,1.3721,91712,0,0.000000,539817645,3.4865,91.0233,1.8117,72729,0,0.000000,573644475,3.6410,97.8342,1.4392,108308,29,0.000000,549299250,3.6398,97.7199,1.4431,107055,13,0.000000,549473750,3.6367,97.4079,1.4540,105948,7,0.000000,549948113,+11.3082%,+9.1913%,-33.9462%,+4.7446%,+1.3932%,-12.7797%,+9.3869%,+8.2041%,-30.7127%,+9.3522%,+8.0898%,-30.5251%,+9.2578%,+7.7778%,-30.0023%
gcc-200_2_gcc-scilab_1_recurseq_1.txt,3,2.7888,97.0682,1.6140,137351,0,0.000000,717161335,3.0112,98.8599,1.3197,100119,0,0.000000,664177329,2.8900,97.8210,1.4818,145827,0,0.000000,692038462,2.9430,98.1863,1.3782,94518,7,0.000000,679576824,2.9376,98.1938,1.3778,94653,1,0.000000,680831151,2.9389,98.1932,1.3780,94506,1,0.000000,680521089,+7.9774%,+1.7917%,-18.2348%,+3.6303%,+0.7528%,-8.1929%,+5.5306%,+1.1181%,-14.6153%,+5.3361%,+1.1256%,-14.6393%,+5.3841%,+1.1250%,-14.6238%
gcc-200_2_gcc-scilab_1_seqacc_1.txt,3,3.5409,92.1907,1.8256,70223,0,0.000000,564822021,3.8133,99.0539,1.3188,100660,0,0.000000,524478434,3.6456,95.1625,1.5990,90835,0,0.000000,548612331,3.7465,97.9591,1.3944,108630,18,0.000000,533834474,3.7469,98.0206,1.3912,110431,7,0.000000,533773603,3.7481,98.0126,1.3893,110643,5,0.000000,533600272,+7.6921%,+6.8631%,-27.7580%,+2.9547%,+2.9717%,-12.4101%,+5.8047%,+5.7684%,-23.6211%,+5.8168%,+5.8299%,-23.7974%,+5.8511%,+5.8219%,-23.8986%
gcc-200_2_gzip-program_1_gzip-source_1.txt,3,2.8769,96.6431,2.7690,228093,0,0.000000,695189037,2.9449,97.6279,2.6309,139472,0,0.000000,679145728,2.8946,96.8309,2.7500,214531,0,0.000000,690941055,2.9227,97.1649,2.6541,153829,2,0.000000,684303667,2.9228,97.1664,2.6545,151106,2,0.000000,684271648,2.9210,97.1626,2.6555,151423,2,0.000000,684692611,+2.3623%,+0.9848%,-4.9895%,+0.6148%,+0.1878%,-0.6852%,+1.5907%,+0.5218%,-4.1486%,+1.5955%,+0.5233%,-4.1344%,+1.5330%,+0.5195%,-4.0985%
gcc-200_2_gzip-program_1_randacc_1.txt,3,3.5775,89.2848,2.2906,101724,0,0.000000,559046311,3.7526,98.3293,1.7469,108972,0,0.000000,532964287,3.6321,90.6267,2.1296,94479,0,0.000000,550641243,3.7080,96.9300,1.8452,116073,79,0.000000,539381082,3.7094,96.9032,1.8449,116833,41,0.000000,539176402,3.7114,96.8567,1.8436,116209,17,0.000000,538873348,+4.8938%,+9.0445%,-23.7361%,+1.5264%,+1.3419%,-7.0262%,+3.6459%,+7.6452%,-19.4444%,+3.6852%,+7.6184%,-19.4591%,+3.7435%,+7.5719%,-19.5155%
gcc-200_2_gzip-program_1_recurseq_1.txt,3,3.0923,96.8401,1.8500,171641,0,0.000000,646772708,3.2176,98.3286,1.6246,121466,0,0.000000,621588253,3.1488,97.3972,1.7605,183034,0,0.000000,635167432,3.1834,97.6875,1.6690,133646,2,0.000000,628251094,3.1827,97.6920,1.6716,132721,1,0.000000,628389493,3.1754,97.6358,1.6772,144087,0,0.000000,629846185,+4.0516%,+1.4885%,-12.1874%,+1.8271%,+0.5571%,-4.8375%,+2.9481%,+0.8474%,-9.7877%,+2.9254%,+0.8519%,-9.6428%,+2.6874%,+0.7957%,-9.3400%
gcc-200_2_gzip-program_1_seqacc_1.txt,3,3.6937,91.7010,2.1384,104941,0,0.000000,541457898,3.8390,98.5586,1.7277,114766,0,0.000000,520964418,3.7432,94.7860,1.9819,117559,0,0.000000,534304947,3.7965,97.2302,1.8223,123208,9,0.000000,526804723,3.7966,97.2424,1.8216,122143,7,0.000000,526787356,3.7959,97.1036,1.8248,119282,5,0.000000,526885688,+3.9338%,+6.8576%,-19.2025%,+1.3388%,+3.0849%,-7.3161%,+2.7815%,+5.5292%,-14.7796%,+2.7849%,+5.5414%,-14.8115%,+2.7657%,+5.4025%,-14.6638%
gcc-200_2_gzip-source_1_randacc_1.txt,3,3.6524,89.5568,2.3207,98124,0,0.000000,547582869,3.8254,98.3830,1.7929,103553,0,0.000000,522818208,3.7056,90.6964,2.1741,89276,0,0.000000,539722959,3.7815,97.1356,1.8845,110889,70,0.000000,528891073,3.7834,97.1435,1.8825,111752,35,0.000000,528620505,3.7838,97.0982,1.8823,109647,15,0.000000,528571694,+4.7368%,+8.8261%,-22.7421%,+1.4563%,+1.1396%,-6.3160%,+3.5342%,+7.5788%,-18.7949%,+3.5872%,+7.5867%,-18.8793%,+3.5967%,+7.5413%,-18.8903%
gcc-200_2_gzip-source_1_recurseq_1.txt,3,3.1499,96.9700,1.8685,158312,0,0.000000,634939791,3.2747,98.4012,1.6421,114550,0,0.000000,610735384,3.1992,97.4809,1.7879,163262,0,0.000000,625159178,3.2352,97.7876,1.6923,117991,1,0.000000,618206421,3.2352,97.7857,1.6928,119268,1,0.000000,618205805,3.2347,97.7839,1.6931,119416,1,0.000000,618286084,+3.9632%,+1.4312%,-12.1195%,+1.5645%,+0.5109%,-4.3174%,+2.7068%,+0.8176%,-9.4303%,+2.7069%,+0.8157%,-9.4040%,+2.6935%,+0.8139%,-9.3872%
gcc-200_2_gzip-source_1_seqacc_1.txt,3,3.7655,91.9707,2.1772,102282,0,0.000000,531133262,3.9167,98.6028,1.7758,109087,0,0.000000,510637019,3.8136,94.8429,2.0332,111954,0,0.000000,524443291,3.8718,97.3864,1.8685,113068,11,0.000000,516560577,3.8723,97.4762,1.8658,111472,7,0.000000,516495437,3.8694,97.2622,1.8747,114547,5,0.000000,516873126,+4.0139%,+6.6320%,-18.4348%,+1.2756%,+2.8722%,-6.6149%,+2.8211%,+5.4157%,-14.1793%,+2.8341%,+5.5055%,-14.3015%,+2.7589%,+5.2915%,-13.8958%
gcc-200_2_randacc_1_recurseq_1.txt,3,3.5774,88.4346,1.5313,52981,0,0.000000,559069262,3.8852,99.0249,0.8985,82049,0,0.000000,514775575,3.7300,91.2184,1.2590,56131,0,0.000000,536198720,3.8195,98.1044,0.9923,71405,20,0.000000,523630338,3.8203,98.1149,0.9917,72430,12,0.000000,523514918,3.8215,98.2125,0.9895,72383,4,0.000000,523357406,+8.6045%,+10.5902%,-41.3267%,+4.2653%,+2.7838%,-17.7816%,+6.7680%,+9.6697%,-35.1971%,+6.7915%,+9.6803%,-35.2406%,+6.8236%,+9.7779%,-35.3850%
gcc-200_2_randacc_1_seqacc_1.txt,3,4.1389,81.7703,1.9797,26127,0,0.000000,483222888,4.6300,99.2746,0.8116,79833,0,0.000000,431960863,4.3413,88.6284,1.4703,27759,0,0.000000,460694189,4.5093,95.0430,1.0589,35902,76,0.000000,443530025,4.5110,95.0911,1.0548,35289,40,0.000000,443358602,4.5147,95.3796,1.0411,37390,14,0.000000,442998421,+11.8673%,+17.5043%,-59.0014%,+4.8902%,+6.8581%,-25.7319%,+8.9493%,+13.2727%,-46.5114%,+8.9914%,+13.3208%,-46.7180%,+9.0800%,+13.6093%,-47.4133%
gcc-200_2_recurseq_1_seqacc_1.txt,3,3.7642,90.8061,1.3609,61229,0,0.000000,531326081,4.0144,99.2596,0.8664,88900,0,0.000000,498203253,3.8960,95.3967,1.1096,75452,0,0.000000,513347212,3.9471,96.5224,0.9750,64119,2,0.000000,506704443,3.9473,96.5143,0.9752,64994,2,0.000000,506679892,3.9498,96.0220,0.9827,64030,2,0.000000,506354923,+6.6485%,+8.4535%,-36.3372%,+3.5023%,+4.5906%,-18.4676%,+4.8592%,+5.7164%,-28.3566%,+4.8642%,+5.7082%,-28.3440%,+4.9316%,+5.2159%,-27.7899%
gcc-expr_1_randacc_2_gcc-scilab_1.txt,3,3.4141,89.6493,2.0242,99615,0,0.000000,585802919,3.7956,98.8229,1.3492,144738,0,0.000000,526919238,3.5807,91.0713,1.7705,112189,0,0.000000,558553969,3.7333,97.8918,1.4103,294884,26,0.000000,535723529,3.7363,98.1200,1.4043,311028,4,0.000000,535285221,3.7361,98.1048,1.4054,310065,2,0.000000,535323037,+11.1751%,+9.1736%,-33.3489%,+4.8785%,+1.4220%,-12.5342%,+9.3480%,+8.2425%,-30.3284%,+9.4375%,+8.4707%,-30.6261%,+9.4298%,+8.4555%,-30.5703%
gcc-expr_1_recurseq_2_crafty_1.txt,3,2.9829,96.3489,1.9192,294540,0,0.000000,670480826,3.2150,98.6300,1.6076,283599,0,0.000000,622078096,3.0863,97.0847,1.8261,378621,0,0.000000,648022959,3.1407,97.3824,1.6990,182193,1,0.000000,636792901,3.1430,97.4387,1.6948,185509,1,0.000000,636334372,3.1483,97.6952,1.6710,257778,1,0.000000,635269350,+7.7808%,+2.2810%,-16.2362%,+3.4656%,+0.7357%,-4.8553%,+5.2903%,+1.0334%,-11.4764%,+5.3661%,+1.0897%,-11.6928%,+5.5428%,+1.3463%,-12.9349%
gcc-expr_2_cacherand_1_crafty_1.txt,3,3.0697,72.8984,3.1268,87113,0,0.000000,651525524,3.5212,87.7210,2.1327,93118,0,0.000000,567994093,3.2650,75.4061,2.7089,84451,0,0.000000,612565853,3.3498,86.3944,2.3407,94212,1,0.000000,597046615,3.3511,86.2926,2.3403,94743,1,0.000000,596820456,3.3550,86.0064,2.3408,93184,1,0.000000,596133966,+14.7064%,+14.8225%,-31.7919%,+6.3601%,+2.5076%,-13.3630%,+9.1247%,+13.4960%,-25.1383%,+9.1661%,+13.3942%,-25.1533%,+9.2918%,+13.1080%,-25.1358%
gcc-expr_2_cacherand_1_gcc-200_1.txt,3,3.2304,75.7150,2.4405,88499,0,0.000000,619121849,3.5618,87.8792,1.7169,73074,0,0.000000,561512526,3.4108,76.1387,2.1258,81659,0,0.000000,586374332,3.4751,87.2346,1.7993,92250,0,0.000000,575531158,3.4751,87.2346,1.7993,92250,0,0.000000,575531158,3.4751,87.2346,1.7993,92250,0,0.000000,575531158,+10.2597%,+12.1642%,-29.6478%,+5.5848%,+0.4238%,-12.8938%,+7.5740%,+11.5196%,-26.2701%,+7.5740%,+11.5196%,-26.2701%,+7.5740%,+11.5196%,-26.2701%
gcc-expr_2_cacherand_1_gcc-scilab_1.txt,3,3.2510,75.6397,2.3863,86948,0,0.000000,615186938,3.6027,87.9388,1.6523,71500,0,0.000000,555137004,3.4406,76.1849,2.0615,82039,0,0.000000,581290367,3.5037,87.2799,1.7429,95418,0,0.000000,570822946,3.5037,87.2799,1.7429,95418,0,0.000000,570822946,3.5037,87.2799,1.7429,95418,0,0.000000,570822946,+10.8171%,+12.2991%,-30.7615%,+5.8313%,+0.5452%,-13.6115%,+7.7720%,+11.6402%,-26.9629%,+7.7720%,+11.6402%,-26.9629%,+7.7720%,+11.6402%,-26.9629%
gcc-expr_2_cacherand_1_gzip-program_1.txt,3,3.5343,75.2531,2.4981,83340,0,0.000000,565882088,3.7013,87.4375,1.9722,62335,0,0.000000,540344505,3.6021,75.7887,2.3142,73522,0,0.000000,555227510,3.6612,86.9135,2.0410,80798,0,0.000000,546266316,3.6612,86.9135,2.0410,80798,0,0.000000,546266316,3.6612,86.9135,2.0410,80798,0,0.000000,546266316,+4.7262%,+12.1844%,-21.0517%,+1.9190%,+0.5356%,-7.3584%,+3.5909%,+11.6603%,-18.2964%,+3.5909%,+11.6603%,-18.2964%,+3.5909%,+11.6603%,-18.2964%
gcc-expr_2_cacherand_1_gzip-source_1.txt,3,3.6016,75.5120,2.5392,80468,0,0.000000,555315225,3.7666,87.4894,2.0211,61491,0,0.000000,530986909,3.6659,75.8498,2.3663,72499,0,0.000000,545571223,3.7267,86.9715,2.0937,81264,0,0.000000,536669286,3.7267,86.9715,2.0937,81264,0,0.000000,536669286,3.7267,86.9715,2.0937,81264,0,0.000000,536669286,+4.5817%,+11.9774%,-20.4053%,+1.7860%,+0.3378%,-6.8073%,+3.4744%,+11.4596%,-17.5458%,+3.4744%,+11.4596%,-17.5458%,+3.4744%,+11.4596%,-17.5458%
gcc-expr_2_cacherand_1_randacc_1.txt,3,3.5608,64.0167,2.7153,30294,0,0.000000,561673228,4.3093,88.1529,1.1785,34793,0,0.000000,464117026,3.8238,69.6100,2.1004,28506,0,0.000000,523034814,3.9405,80.7117,1.7224,27256,0,0.000000,507548905,3.9405,80.7117,1.7224,27256,0,0.000000,507548905,3.9405,80.7117,1.7224,27256,0,0.000000,507548905,+21.0198%,+24.1362%,-56.5987%,+7.3874%,+5.5933%,-22.6471%,+10.6639%,+16.6949%,-36.5689%,+10.6639%,+16.6949%,-36.5689%,+10.6639%,+16.6949%,-36.5689%
gcc-expr_2_cacherand_1_recurseq_1.txt,3,3.4597,74.1526,1.7237,43543,0,0.000000,578089539,3.8036,88.1892,1.0921,48091,0,0.000000,525819150,3.6609,76.4365,1.4230,58626,0,0.000000,546313748,3.7140,87.5352,1.1941,54088,0,0.000000,538503004,3.7140,87.5352,1.1941,54088,0,0.000000,538503004,3.7140,87.5352,1.1941,54088,0,0.000000,538503004,+9.9407%,+14.0366%,-36.6431%,+5.8164%,+2.2839%,-17.4436%,+7.3512%,+13.3827%,-30.7211%,+7.3512%,+13.3827%,-30.7211%,+7.3512%,+13.3827%,-30.7211%
gcc-expr_2_cacherand_1_seqacc_1.txt,3,3.9627,66.6714,2.3356,28641,0,0.000000,504705578,4.4538,88.3853,1.1484,37010,0,0.000000,449050185,4.1904,73.7851,1.7759,28904,0,0.000000,477277127,4.2950,84.8853,1.4028,30807,0,0.000000,465661512,4.2950,84.8853,1.4028,30807,0,0.000000,465661512,4.2950,84.8853,1.4028,30807,0,0.000000,465661512,+12.3940%,+21.7139%,-50.8294%,+5.7469%,+7.1137%,-23.9644%,+8.3846%,+18.2140%,-39.9386%,+8.3846%,+18.2140%,-39.9386%,+8.3846%,+18.2140%,-39.9386%
gcc-expr_2_crafty_1_gcc-200_1.txt,3,2.2123,96.4699,2.6260,532523,0,0.000000,904040984,2.4254,98.5891,2.3998,239883,0,0.000000,824598340,2.2941,97.0320,2.5754,536231,0,0.000000,871809156,2.3524,97.4669,2.4506,414907,3,0.000000,850191995,2.3565,97.5372,2.4389,411259,2,0.000000,848716866,2.3588,97.5649,2.4373,446805,1,0.000000,847902914,+9.6341%,+2.1192%,-8.6136%,+3.6971%,+0.5620%,-1.9262%,+6.3338%,+0.9970%,-6.6781%,+6.5186%,+1.0672%,-7.1233%,+6.6208%,+1.0949%,-7.1859%
gcc-expr_2_crafty_1_gcc-scilab_1.txt,3,2.2099,96.4869,2.5918,587179,0,0.000000,905013889,2.4221,98.6496,2.3558,253522,0,0.000000,825716765,2.2935,97.0740,2.5311,592268,0,0.000000,872034142,2.3521,97.4839,2.4127,472349,4,0.000000,850313727,2.3559,97.5939,2.3895,448902,2,0.000000,848948744,2.3807,97.9914,2.3104,443960,0,0.000000,840091306,+9.6034%,+2.1627%,-9.1071%,+3.7819%,+0.5871%,-2.3437%,+6.4329%,+0.9970%,-6.9128%,+6.6041%,+1.1070%,-7.8071%,+7.7280%,+1.5045%,-10.8583%
gcc-expr_2_crafty_1_gzip-program_1.txt,3,2.8113,96.4196,2.5567,353073,0,0.000000,711420480,2.9466,98.2015,2.3451,151276,0,0.000000,678758083,2.8485,96.7278,2.5296,341633,0,0.000000,702135425,2.8885,96.9747,2.4316,142851,2,0.000000,692409184,2.8887,96.9647,2.4240,279108,1,0.000000,692357562,2.8903,96.9809,2.4210,281070,1,0.000000,691980393,+4.8121%,+1.7819%,-8.2768%,+1.3224%,+0.3082%,-1.0585%,+2.7457%,+0.5550%,-4.8918%,+2.7533%,+0.5451%,-5.1896%,+2.8093%,+0.5613%,-5.3048%
gcc-expr_2_crafty_1_gzip-source_1.txt,3,2.9209,96.5545,2.5478,354831,0,0.000000,684708695,3.0583,98.2507,2.3446,143866,0,0.000000,653958096,2.9524,96.7837,2.5334,334416,0,0.000000,677408240,2.9943,97.0257,2.4411,136237,2,0.000000,667929858,2.9972,97.0211,2.4370,139730,2,0.000000,667288188,2.9972,97.0245,2.4262,278860,1,0.000000,667285871,+4.7022%,+1.6963%,-7.9767%,+1.0777%,+0.2293%,-0.5648%,+2.5121%,+0.4712%,-4.1881%,+2.6107%,+0.4666%,-4.3491%,+2.6110%,+0.4701%,-4.7707%
gcc-expr_2_crafty_1_randacc_1.txt,3,3.2662,87.8484,2.3862,47032,0,0.000000,612332383,3.7466,98.9130,1.4942,75981,0,0.000000,533816034,3.4439,90.5495,2.0613,51765,0,0.000000,580732717,3.6570,97.4583,1.6298,47723,9,0.000000,546899095,3.6541,97.3528,1.6351,46897,7,0.000000,547328558,3.6549,97.3276,1.6319,51533,1,0.000000,547209041,+14.7085%,+11.0646%,-37.3792%,+5.4413%,+2.7011%,-13.6137%,+11.9644%,+9.6099%,-31.6979%,+11.8766%,+9.5044%,-31.4763%,+11.9010%,+9.4792%,-31.6106%
gcc-expr_2_crafty_1_recurseq_1.txt,3,2.9450,96.5642,1.7574,174563,0,0.000000,679126848,3.2529,98.9233,1.3967,97926,0,0.000000,614833759,3.0859,97.3438,1.6281,162774,0,0.000000,648117827,3.1407,97.6390,1.5377,66731,1,0.000000,636809838,3.1617,97.9660,1.4811,64710,1,0.000000,632578614,3.1814,98.2657,1.4356,119189,0,0.000000,628644891,+10.4570%,+2.3591%,-20.5264%,+4.7845%,+0.7796%,-7.3619%,+6.6452%,+1.0748%,-12.5049%,+7.3585%,+1.4018%,-15.7247%,+8.0303%,+1.7015%,-18.3155%
gcc-expr_2_crafty_1_seqacc_1.txt,3,3.5348,90.2291,2.0976,41164,0,0.000000,565796627,3.9002,99.1404,1.4159,76563,0,0.000000,512790871,3.6679,94.7128,1.8206,52819,0,0.000000,545273544,3.7781,96.6582,1.6042,37092,2,0.000000,529361317,3.7783,96.6478,1.6048,37792,2,0.000000,529333506,3.8166,97.7537,1.5477,50320,1,0.000000,524031727,+10.3367%,+8.9112%,-32.4962%,+3.7638%,+4.4836%,-13.2029%,+6.8829%,+6.4291%,-23.5216%,+6.8885%,+6.4187%,-23.4922%,+7.9699%,+7.5245%,-26.2145%
gcc-expr_2_gcc-200_1_gcc-scilab_1.txt,3,1.8970,96.9950,2.4063,766626,0,0.000000,1054321285,2.0478,98.5409,2.2303,409034,0,0.000000,976672109,1.9736,97.5551,2.3062,819249,0,0.000000,1013356485,2.0108,97.8818,2.2239,388947,13,0.000000,994604900,1.9875,97.8629,2.2246,560375,1,0.000000,1006288839,1.9918,97.8970,2.2254,673693,0,0.000000,1004133890,+7.9504%,+1.5459%,-7.3150%,+4.0425%,+0.5601%,-4.1624%,+6.0040%,+0.8868%,-7.5832%,+4.7732%,+0.8679%,-7.5518%,+4.9981%,+0.9020%,-7.5197%
gcc-expr_2_gcc-200_1_gzip-program_1.txt,3,2.8118,96.8925,2.3185,351374,0,0.000000,711277017,2.9246,98.1342,2.1895,155467,0,0.000000,683860986,2.8455,97.2534,2.2853,351946,0,0.000000,702858389,2.8854,97.5429,2.1880,275419,7,0.000000,693150326,2.8891,97.5549,2.1904,286764,4,0.000000,692249024,2.8900,97.5594,2.1882,289201,2,0.000000,692051240,+4.0090%,+1.2417%,-5.5613%,+1.1978%,+0.3608%,-1.4322%,+2.6151%,+0.6503%,-5.6291%,+2.7487%,+0.6623%,-5.5260%,+2.7781%,+0.6669%,-5.6191%
gcc-expr_2_gcc-200_1_gzip-source_1.txt,3,2.8995,96.9546,2.3387,360468,0,0.000000,689764616,3.0125,98.1632,2.2035,160194,0,0.000000,663906215,2.9281,97.2744,2.3114,366129,0,0.000000,683030015,2.9721,97.5735,2.2119,287359,7,0.000000,672933001,2.9753,97.5679,2.2177,146055,3,0.000000,672203741,2.9776,97.5898,2.2118,295948,2,0.000000,671688082,+3.8949%,+1.2086%,-5.7831%,+0.9860%,+0.3197%,-1.1709%,+2.5012%,+0.6188%,-5.4232%,+2.6124%,+0.6133%,-5.1758%,+2.6912%,+0.6352%,-5.4289%
gcc-expr_2_gcc-200_1_randacc_1.txt,3,3.3187,89.6763,2.0726,69525,0,0.000000,602641369,3.7025,98.7886,1.3638,102912,0,0.000000,540170649,3.4867,91.0327,1.8028,70413,0,0.000000,573612486,3.6369,97.7676,1.4236,105966,33,0.000000,549922283,3.6364,97.6757,1.4271,105245,15,0.000000,549995206,3.6369,97.6509,1.4251,103877,5,0.000000,549914128,+11.5650%,+9.1123%,-34.2006%,+5.0607%,+1.3564%,-13.0160%,+9.5866%,+8.0913%,-31.3145%,+9.5721%,+7.9994%,-31.1448%,+9.5883%,+7.9746%,-31.2389%
gcc-expr_2_gcc-200_1_recurseq_1.txt,3,2.8113,97.0458,1.6174,241452,0,0.000000,711426602,3.0371,98.8031,1.3226,123661,0,0.000000,658516374,2.9216,97.8036,1.4784,297775,0,0.000000,684552670,2.9694,98.1349,1.3801,167806,5,0.000000,673547711,2.9591,98.1462,1.3825,224954,2,0.000000,675871016,2.9595,98.1521,1.3814,228796,0,0.000000,675795038,+8.0347%,+1.7573%,-18.2306%,+3.9258%,+0.7578%,-8.5967%,+5.6238%,+1.0891%,-14.6725%,+5.2607%,+1.1005%,-14.5225%,+5.2725%,+1.1063%,-14.5934%
gcc-expr_2_gcc-200_1_seqacc_1.txt,3,3.5302,92.2626,1.8134,64435,0,0.000000,566535505,3.7996,99.0264,1.3074,94378,0,0.000000,526365826,3.6389,95.1754,1.5838,69558,0,0.000000,549622215,3.7410,97.9940,1.3716,63256,21,0.000000,534611077,3.7379,97.6786,1.3796,59248,13,0.000000,535064595,3.7418,97.9015,1.3712,66011,5,0.000000,534497560,+7.6315%,+6.7638%,-27.9013%,+3.0773%,+2.9128%,-12.6579%,+5.9715%,+5.7314%,-24.3605%,+5.8817%,+5.4160%,-23.9195%,+5.9940%,+5.6389%,-24.3847%
gcc-expr_2_gcc-scilab_1_gzip-program_1.txt,3,2.8569,96.9414,2.2575,363709,0,0.000000,700052105,2.9643,98.1940,2.1290,158440,0,0.000000,674698016,2.8848,97.2923,2.2286,367866,0,0.000000,693279191,2.9245,97.5651,2.1416,138107,3,0.000000,683887446,2.9257,97.5525,2.1427,140717,2,0.000000,683606344,2.9315,97.5327,2.1305,292695,1,0.000000,682250435,+3.7578%,+1.2526%,-5.6885%,+0.9770%,+0.3509%,-1.2778%,+2.3637%,+0.6237%,-5.1327%,+2.4057%,+0.6111%,-5.0829%,+2.6093%,+0.5913%,-5.6248%
gcc-expr_2_gcc-scilab_1_gzip-source_1.txt,3,2.9412,97.0152,2.2811,392173,0,0.000000,679988636,3.0575,98.2243,2.1486,160373,0,0.000000,654138007,2.9755,97.3295,2.2500,391790,0,0.000000,672158798,3.0174,97.6005,2.1630,143930,4,0.000000,662821301,3.0116,97.5903,2.1645,146031,2,0.000000,664101585,3.0228,97.5806,2.1584,153046,2,0.000000,661643912,+3.9519%,+1.2091%,-5.8073%,+1.1649%,+0.3143%,-1.3599%,+2.5900%,+0.5853%,-5.1760%,+2.3923%,+0.5751%,-5.1107%,+2.7726%,+0.5653%,-5.3772%
gcc-expr_2_gcc-scilab_1_randacc_1.txt,3,3.3505,89.6851,2.0110,61948,0,0.000000,596921918,3.7419,98.8615,1.3072,89627,0,0.000000,534490590,3.5285,91.0923,1.7358,61715,0,0.000000,566813131,3.6818,98.0049,1.3591,62963,17,0.000000,543215305,3.6832,98.0178,1.3587,63930,3,0.000000,543012278,3.6807,97.8173,1.3666,64465,1,0.000000,543377753,+11.6805%,+9.1764%,-34.9971%,+5.3119%,+1.4072%,-13.6849%,+9.8868%,+8.3198%,-32.4192%,+9.9279%,+8.3327%,-32.4389%,+9.8540%,+8.1322%,-32.0435%
gcc-expr_2_gcc-scilab_1_recurseq_1.txt,3,2.8585,97.1082,1.5752,221178,0,0.000000,699658087,3.0891,98.8634,1.2848,121047,0,0.000000,647433427,2.9649,97.8561,1.4403,285433,0,0.000000,674560320,3.0223,98.1786,1.3486,84875,1,0.000000,661753268,3.0253,98.1861,1.3474,84056,1,0.000000,661084611,3.0262,98.2149,1.3392,235617,0,0.000000,660901279,+8.0664%,+1.7552%,-18.4367%,+3.7206%,+0.7479%,-8.5641%,+5.7279%,+1.0704%,-14.3887%,+5.8349%,+1.0779%,-14.4628%,+5.8643%,+1.1067%,-14.9805%
gcc-expr_2_gcc-scilab_1_seqacc_1.txt,3,3.5697,92.2406,1.7621,62551,0,0.000000,560268500,3.8413,99.0938,1.2552,83864,0,0.000000,520652318,3.6759,95.2244,1.5308,68313,0,0.000000,544081953,3.7744,97.9362,1.3288,60168,11,0.000000,529889273,3.7766,98.0579,1.3264,62634,5,0.000000,529571957,3.7805,98.2413,1.3184,66261,1,0.000000,529033791,+7.6090%,+6.8532%,-28.7684%,+2.9750%,+2.9838%,-13.1287%,+5.7331%,+5.6956%,-24.5935%,+5.7965%,+5.8173%,-24.7273%,+5.9041%,+6.0007%,-25.1845%
gcc-expr_2_gzip-program_1_gzip-source_1.txt,3,2.9652,96.7041,2.6689,374804,0,0.000000,674488384,3.0399,97.6552,2.5367,170885,0,0.000000,657906600,2.9842,96.8951,2.6466,404668,0,0.000000,670198448,3.0161,97.1605,2.5643,174727,3,0.000000,663116080,3.0185,97.1475,2.5592,176104,3,0.000000,662575566,3.0191,97.1476,2.5593,176668,1,0.000000,662456936,+2.5204%,+0.9512%,-4.9552%,+0.6401%,+0.1911%,-0.8388%,+1.7150%,+0.4564%,-3.9201%,+1.7979%,+0.4435%,-4.1107%,+1.8162%,+0.4436%,-4.1097%
gcc-expr_2_gzip-program_1_randacc_1.txt,3,3.6308,89.3377,2.2192,91167,0,0.000000,550838994,3.7958,98.3459,1.7079,115163,0,0.000000,526903811,3.6857,90.6842,2.0644,88467,0,0.000000,542633833,3.7576,97.0480,1.7829,158927,75,0.000000,532248723,3.7590,97.1306,1.7802,162498,35,0.000000,532055156,3.7593,97.0424,1.7813,165646,13,0.000000,532009358,+4.5426%,+9.0082%,-23.0405%,+1.5121%,+1.3465%,-6.9777%,+3.4928%,+7.7103%,-19.6587%,+3.5304%,+7.7929%,-19.7806%,+3.5394%,+7.7047%,-19.7325%
gcc-expr_2_gzip-program_1_recurseq_1.txt,3,3.1884,96.9117,1.7879,224512,0,0.000000,627265939,3.3231,98.3497,1.5606,127436,0,0.000000,601855330,3.2482,97.4503,1.7003,289959,0,0.000000,615729705,3.2771,97.6887,1.6153,186099,3,0.000000,610290035,3.2774,97.6868,1.6166,110933,1,0.000000,610247787,3.2759,97.6889,1.6170,211264,0,0.000000,610523659,+4.2221%,+1.4380%,-12.7112%,+1.8736%,+0.5385%,-4.8988%,+2.7816%,+0.7769%,-9.6566%,+2.7887%,+0.7751%,-9.5830%,+2.7423%,+0.7772%,-9.5606%
gcc-expr_2_gzip-program_1_seqacc_1.txt,3,3.7335,91.7293,2.0817,93419,0,0.000000,535697372,3.8740,98.5666,1.6907,125804,0,0.000000,516260980,3.7844,94.8329,1.9289,128984,0,0.000000,528483783,3.8334,97.3510,1.7690,168750,7,0.000000,521734477,3.8339,97.3723,1.7696,169003,5,0.000000,521655903,3.8344,97.3752,1.7700,168780,1,0.000000,521597013,+3.7649%,+6.8373%,-18.7845%,+1.3650%,+3.1036%,-7.3417%,+2.6763%,+5.6216%,-15.0201%,+2.6917%,+5.6429%,-14.9920%,+2.7033%,+5.6458%,-14.9744%
gcc-expr_2_gzip-source_1_randacc_1.txt,3,3.7000,89.5717,2.2515,84970,0,0.000000,540544643,3.8667,98.4004,1.7462,117116,0,0.000000,517239235,3.7530,90.7534,2.1077,82735,0,0.000000,532904249,3.8276,97.2967,1.8194,152460,65,0.000000,522520980,3.8295,97.3398,1.8179,162645,33,0.000000,522256475,3.8305,97.3673,1.8163,159988,11,0.000000,522126158,+4.5057%,+8.8288%,-22.4419%,+1.4337%,+1.1817%,-6.3846%,+3.4494%,+7.7251%,-19.1889%,+3.5018%,+7.7682%,-19.2561%,+3.5276%,+7.7956%,-19.3262%
gcc-expr_2_gzip-source_1_recurseq_1.txt,3,3.2409,97.0229,1.8139,217456,0,0.000000,617114957,3.3625,98.4084,1.5940,118491,0,0.000000,594802165,3.2912,97.5169,1.7333,285508,0,0.000000,607677943,3.3229,97.7616,1.6454,95148,1,0.000000,601889908,3.3261,97.7512,1.6470,99806,1,0.000000,601309356,3.3248,97.7506,1.6468,199297,0,0.000000,601542237,+3.7513%,+1.3855%,-12.1206%,+1.5530%,+0.4940%,-4.4432%,+2.5296%,+0.7387%,-9.2886%,+2.6285%,+0.7283%,-9.2008%,+2.5888%,+0.7277%,-9.2078%
gcc-expr_2_gzip-source_1_seqacc_1.txt,3,3.7960,91.9429,2.1198,90380,0,0.000000,526865975,3.9418,98.6182,1.7349,120317,0,0.000000,507379750,3.8470,94.8907,1.9748,123245,0,0.000000,519879321,3.8990,97.2923,1.8180,167640,9,0.000000,512946228,3.9002,97.3610,1.8170,168383,3,0.000000,512799065,3.9007,97.4337,1.8144,168492,1,0.000000,512727566,+3.8406%,+6.6753%,-18.1560%,+1.3439%,+2.9479%,-6.8382%,+2.7137%,+5.3494%,-14.2392%,+2.7432%,+5.4181%,-14.2820%,+2.7575%,+5.4908%,-14.4066%
gcc-expr_2_randacc_1_recurseq_1.txt,3,3.6177,88.5020,1.4849,44642,0,0.000000,552830607,3.9118,99.0717,0.8868,97676,0,0.000000,511275893,3.7693,91.2995,1.2281,61566,0,0.000000,530608366,3.8492,98.2505,0.9705,136933,18,0.000000,519591655,3.8498,98.3710,0.9692,144232,4,0.000000,519506846,3.8504,98.4178,0.9679,158652,0,0.000000,519429171,+8.1276%,+10.5697%,-40.2777%,+4.1881%,+2.7975%,-17.2909%,+6.3971%,+9.7485%,-34.6416%,+6.4145%,+9.8691%,-34.7304%,+6.4304%,+9.9158%,-34.8146%
gcc-expr_2_randacc_1_seqacc_1.txt,3,4.1834,81.7655,1.9023,30434,0,0.000000,478083965,4.6464,99.2871,0.8171,110700,0,0.000000,430444288,4.3870,88.6742,1.4225,34139,0,0.000000,455894081,4.5377,95.1720,1.0315,43662,68,0.000000,440751779,4.5379,95.1467,1.0337,44254,34,0.000000,440727999,4.5405,95.2620,1.0267,57058,11,0.000000,440475317,+11.0676%,+17.5216%,-57.0466%,+4.8673%,+6.9087%,-25.2224%,+8.4701%,+13.4065%,-45.7753%,+8.4760%,+13.3812%,-45.6640%,+8.5382%,+13.4965%,-46.0277%
gcc-expr_2_recurseq_1_seqacc_1.txt,3,3.7903,90.8523,1.3293,54916,0,0.000000,527666968,4.0271,99.3038,0.8627,107316,0,0.000000,496631195,3.9183,95.4714,1.0920,112308,0,0.000000,510420146,3.9665,97.0873,0.9615,43793,2,0.000000,504216507,3.9665,97.0834,0.9626,44329,2,0.000000,504220621,3.9683,98.4831,0.9448,180560,1,0.000000,503993952,+6.2493%,+8.4515%,-35.0994%,+3.3789%,+4.6191%,-17.8540%,+4.6509%,+6.2350%,-27.6663%,+4.6500%,+6.2311%,-27.5839%,+4.6971%,+7.6308%,-28.9206%
gcc-scilab_1_recurseq_2_gcc-200_1.txt,3,2.8066,97.1009,1.5844,143472,0,0.000000,712605920,3.0101,98.8731,1.3015,74195,0,0.000000,664432314,2.8997,97.8556,1.4559,154200,0,0.000000,689734758,2.9307,98.2006,1.3644,102722,0,0.000000,682431216,2.9307,98.2006,1.3644,102722,0,0.000000,682431216,2.9307,98.2006,1.3644,102722,0,0.000000,682431216,+7.2503%,+1.7721%,-17.8597%,+3.3160%,+0.7547%,-8.1106%,+4.4216%,+1.0996%,-13.8901%,+4.4216%,+1.0996%,-13.8901%,+4.4216%,+1.0996%,-13.8901%
gcc-scilab_1_recurseq_2_gcc-expr_1.txt,3,2.8690,97.1529,1.5486,146358,0,0.000000,697111465,3.0755,98.8935,1.2667,71514,0,0.000000,650305420,2.9662,97.9088,1.4178,152300,0,0.000000,674265814,3.0177,98.2286,1.3244,74660,2,0.000000,662758675,3.0190,98.2287,1.3246,98157,0,0.000000,662477126,3.0190,98.2287,1.3246,98157,0,0.000000,662477126,+7.1975%,+1.7406%,-18.2052%,+3.3882%,+0.7559%,-8.4501%,+5.1833%,+1.0756%,-14.4811%,+5.2280%,+1.0757%,-14.4684%,+5.2280%,+1.0757%,-14.4684%
gcc-scilab_2_cacherand_1_crafty_1.txt,3,3.0353,72.1800,3.5456,212644,0,0.000000,658903469,3.4622,87.1785,2.5632,216712,0,0.000000,577669530,3.2088,74.9346,3.1491,202041,0,0.000000,623281294,3.2982,85.9281,2.7592,222497,1,0.000000,606385537,3.2997,85.8222,2.7599,222565,1,0.000000,606121196,3.3036,85.4868,2.7624,222983,1,0.000000,605397966,+14.0624%,+14.9986%,-27.7070%,+5.7153%,+2.7546%,-11.1842%,+8.6608%,+13.7481%,-22.1792%,+8.7082%,+13.6422%,-22.1598%,+8.8381%,+13.3068%,-22.0892%
gcc-scilab_2_cacherand_1_gcc-200_1.txt,3,3.1503,75.7675,2.4194,46606,0,0.000000,634856033,3.4910,87.9720,1.6659,40868,0,0.000000,572895081,3.3326,76.1943,2.0817,42129,0,0.000000,600125939,3.3910,87.1848,1.7493,38818,1,0.000000,589794074,3.3915,87.0692,1.7514,39310,1,0.000000,589716877,3.3920,86.7183,1.7585,39423,1,0.000000,589624457,+10.8154%,+12.2045%,-31.1421%,+5.7871%,+0.4268%,-13.9578%,+7.6403%,+11.4173%,-27.6968%,+7.6544%,+11.3017%,-27.6093%,+7.6713%,+10.9508%,-27.3154%
gcc-scilab_2_cacherand_1_gcc-expr_1.txt,3,3.1515,75.7121,2.3830,45081,0,0.000000,634616148,3.5204,87.9969,1.6142,39400,0,0.000000,568125056,3.3560,76.2445,2.0315,40775,0,0.000000,595941199,3.4140,87.2296,1.7050,40992,1,0.000000,585829699,3.4147,87.1207,1.7061,39935,1,0.000000,585706085,3.4153,86.7848,1.7124,39428,1,0.000000,585592453,+11.7036%,+12.2848%,-32.2619%,+6.4897%,+0.5324%,-14.7491%,+8.3278%,+11.5175%,-28.4495%,+8.3506%,+11.4086%,-28.4045%,+8.3717%,+11.0727%,-28.1399%
gcc-scilab_2_cacherand_1_gzip-program_1.txt,3,3.5015,75.3081,2.4789,101081,0,0.000000,571184533,3.6750,87.5165,1.9292,74813,0,0.000000,544215625,3.5733,75.8320,2.2910,92525,0,0.000000,559700683,3.6317,86.8683,2.0145,91102,1,0.000000,550704721,3.6308,86.7767,2.0158,89659,1,0.000000,550836915,3.6290,86.5211,2.0225,88914,1,0.000000,551119871,+4.9555%,+12.2084%,-22.1742%,+2.0518%,+0.5240%,-7.5775%,+3.7188%,+11.5602%,-18.7353%,+3.6939%,+11.4686%,-18.6812%,+3.6407%,+11.2130%,-18.4098%
gcc-scilab_2_cacherand_1_gzip-source_1.txt,3,3.5748,75.5990,2.5156,84577,0,0.000000,559470106,3.7464,87.5770,1.9805,64006,0,0.000000,533843561,3.6457,75.9030,2.3318,71591,0,0.000000,548595395,3.7019,86.9333,2.0637,73062,1,0.000000,540269846,3.7016,86.8591,2.0637,72893,1,0.000000,540304034,3.7012,86.6703,2.0667,72281,1,0.000000,540358409,+4.8004%,+11.9780%,-21.2736%,+1.9823%,+0.3040%,-7.3094%,+3.5538%,+11.3342%,-17.9638%,+3.5473%,+11.2600%,-17.9640%,+3.5369%,+11.0713%,-17.8462%
gcc-scilab_2_cacherand_1_randacc_1.txt,3,3.4852,64.0305,2.7947,34338,0,0.000000,573857146,4.3223,88.2150,1.1433,31371,0,0.000000,462713621,3.7523,69.6327,2.1448,35183,0,0.000000,533005537,3.8787,80.7339,1.7550,34638,0,0.000000,515638504,3.8787,80.7339,1.7550,34638,0,0.000000,515638504,3.8787,80.7339,1.7550,34638,0,0.000000,515638504,+24.0199%,+24.1844%,-59.0897%,+7.6644%,+5.6022%,-23.2542%,+11.2906%,+16.7034%,-37.2008%,+11.2906%,+16.7034%,-37.2008%,+11.2906%,+16.7034%,-37.2008%
gcc-scilab_2_cacherand_1_recurseq_1.txt,3,3.4529,74.1707,1.7228,48215,0,0.000000,579231180,3.8105,88.2519,1.0731,50257,0,0.000000,524870027,3.6586,76.4635,1.4142,53227,0,0.000000,546653855,3.7121,87.5612,1.1876,48514,0,0.000000,538775772,3.7121,87.5612,1.1876,48514,0,0.000000,538775772,3.7121,87.5612,1.1876,48514,0,0.000000,538775772,+10.3571%,+14.0812%,-37.7089%,+5.9594%,+2.2928%,-17.9106%,+7.5088%,+13.3905%,-31.0673%,+7.5088%,+13.3905%,-31.0673%,+7.5088%,+13.3905%,-31.0673%
gcc-scilab_2_cacherand_1_seqacc_1.txt,3,3.9358,66.6854,2.3545,30254,0,0.000000,508160513,4.4586,88.4478,1.1120,33009,0,0.000000,448569718,4.1695,73.8050,1.7719,30711,0,0.000000,479676626,4.2739,84.9058,1.4003,30003,0,0.000000,467961033,4.2739,84.9058,1.4003,30003,0,0.000000,467961033,4.2739,84.9058,1.4003,30003,0,0.000000,467961033,+13.2846%,+21.7624%,-52.7691%,+5.9381%,+7.1196%,-24.7416%,+8.5903%,+18.2204%,-40.5274%,+8.5903%,+18.2204%,-40.5274%,+8.5903%,+18.2204%,-40.5274%
gcc-scilab_2_crafty_1_gcc-200_1.txt,3,2.1093,96.4580,2.6339,203559,0,0.000000,948196052,2.3311,98.6850,2.3856,67562,0,0.000000,857946561,2.1903,97.0773,2.5776,168691,0,0.000000,913132560,2.2443,97.4226,2.4796,87541,1,0.000000,891128326,2.2438,97.4218,2.4785,122288,0,0.000000,891328214,2.2438,97.4218,2.4785,122288,0,0.000000,891328214,+10.5193%,+2.2270%,-9.4281%,+3.8400%,+0.6193%,-2.1383%,+6.4040%,+0.9646%,-5.8598%,+6.3801%,+0.9638%,-5.9024%,+6.3801%,+0.9638%,-5.9024%
gcc-scilab_2_crafty_1_gcc-expr_1.txt,3,2.1271,96.4958,2.5834,207773,0,0.000000,940261710,2.3494,98.7052,2.3291,69666,0,0.000000,851264512,2.2112,97.1233,2.5178,170073,0,0.000000,904501409,2.2683,97.4281,2.4194,90183,2,0.000000,881714848,2.2689,97.4333,2.4201,103011,0,0.000000,881476484,2.2689,97.4333,2.4201,103011,0,0.000000,881476484,+10.4547%,+2.2093%,-9.8428%,+3.9536%,+0.6274%,-2.5374%,+6.6401%,+0.9322%,-6.3468%,+6.6689%,+0.9375%,-6.3213%,+6.6689%,+0.9375%,-6.3213%
gcc-scilab_2_crafty_1_gzip-program_1.txt,3,2.7804,96.4485,2.5161,244434,0,0.000000,719326049,2.9042,98.2849,2.3122,114986,0,0.000000,688648669,2.8101,96.7759,2.4901,214959,0,0.000000,711715981,2.8500,97.0718,2.3992,122847,1,0.000000,701757149,2.8524,97.0094,2.3855,172456,0,0.000000,701163551,2.8524,97.0094,2.3855,172456,0,0.000000,701163551,+4.4548%,+1.8363%,-8.1039%,+1.0693%,+0.3273%,-1.0316%,+2.5036%,+0.6233%,-4.6448%,+2.5904%,+0.5609%,-5.1893%,+2.5904%,+0.5609%,-5.1893%
gcc-scilab_2_crafty_1_gzip-source_1.txt,3,2.8811,96.5830,2.5227,227184,0,0.000000,694183691,3.0090,98.3245,2.3228,103437,0,0.000000,664680805,2.9121,96.8369,2.5073,198538,0,0.000000,686780136,2.9559,97.1339,2.3997,143465,1,0.000000,676610370,2.9540,97.0561,2.3975,157942,0,0.000000,677046166,2.9540,97.0561,2.3975,157942,0,0.000000,677046166,+4.4386%,+1.7415%,-7.9212%,+1.0780%,+0.2539%,-0.6090%,+2.5973%,+0.5510%,-4.8753%,+2.5312%,+0.4732%,-4.9623%,+2.5312%,+0.4732%,-4.9623%
gcc-scilab_2_crafty_1_randacc_1.txt,3,3.2667,87.8122,2.3987,53011,0,0.000000,612233014,3.7390,98.9315,1.5173,68771,0,0.000000,534905246,3.4374,90.5395,2.0700,53854,0,0.000000,581842968,3.6455,97.4960,1.6533,96809,11,0.000000,548627010,3.6463,97.4969,1.6513,98605,1,0.000000,548496395,3.6442,97.2936,1.6560,98450,1,0.000000,548824640,+14.4564%,+11.1192%,-36.7428%,+5.2231%,+2.7272%,-13.7023%,+11.5937%,+9.6838%,-31.0765%,+11.6202%,+9.6846%,-31.1572%,+11.5535%,+9.4813%,-30.9624%
gcc-scilab_2_crafty_1_recurseq_1.txt,3,2.9197,96.5480,1.7626,125450,0,0.000000,684998027,3.2281,98.9609,1.4052,72773,0,0.000000,619556058,3.0605,97.3324,1.6411,137197,0,0.000000,653492597,3.1264,97.8051,1.5163,56782,1,0.000000,639707151,3.1513,98.2512,1.4527,89783,0,0.000000,634667651,3.1513,98.2512,1.4527,89783,0,0.000000,634667651,+10.5627%,+2.4129%,-20.2746%,+4.8211%,+0.7843%,-6.8923%,+7.0799%,+1.2571%,-13.9739%,+7.9302%,+1.7032%,-17.5797%,+7.9302%,+1.7032%,-17.5797%
gcc-scilab_2_crafty_1_seqacc_1.txt,3,3.5287,90.1956,2.1177,45869,0,0.000000,566777435,3.8930,99.1619,1.4360,70876,0,0.000000,513744219,3.6637,94.6951,1.8401,71755,0,0.000000,545893144,3.7559,95.7152,1.6638,40138,2,0.000000,532501379,3.8002,97.7710,1.5753,95730,1,0.000000,526281449,3.8000,97.4973,1.5735,97499,1,0.000000,526310747,+10.3229%,+8.9663%,-32.1885%,+3.8257%,+4.4994%,-13.1082%,+6.4368%,+5.5196%,-21.4324%,+7.6947%,+7.5754%,-25.6134%,+7.6888%,+7.3017%,-25.6988%
gcc-scilab_2_gcc-200_1_gcc-expr_1.txt,3,1.6242,96.9746,2.4331,287828,0,0.000000,1231375275,1.7476,98.5529,2.2186,134110,0,0.000000,1144456602,1.6764,97.5597,2.3062,273043,0,0.000000,1193019204,1.6906,97.8961,2.2114,203081,12,0.000000,1183023149,1.6952,97.8842,2.2120,195059,4,0.000000,1179807607,1.7129,97.9019,2.2092,204975,1,0.000000,1167635961,+7.5948%,+1.5782%,-8.8159%,+3.2151%,+0.5850%,-5.2146%,+4.0872%,+0.9215%,-9.1107%,+4.3709%,+0.9095%,-9.0859%,+5.4589%,+0.9273%,-9.2014%
gcc-scilab_2_gcc-200_1_gzip-program_1.txt,3,2.7689,96.9142,2.3026,245720,0,0.000000,722305999,2.8804,98.2178,2.1603,127848,0,0.000000,694339292,2.8011,97.2924,2.2697,223567,0,0.000000,713992393,2.8392,97.6029,2.1866,160003,4,0.000000,704414521,2.8389,97.5951,2.1843,165026,2,0.000000,704494165,2.8370,97.5860,2.1870,178525,1,0.000000,704972305,+4.0278%,+1.3036%,-6.1796%,+1.1644%,+0.3782%,-1.4287%,+2.5399%,+0.6888%,-5.0393%,+2.5283%,+0.6809%,-5.1364%,+2.4588%,+0.6719%,-5.0198%
gcc-scilab_2_gcc-200_1_gzip-source_1.txt,3,2.8573,96.9927,2.3258,244821,0,0.000000,699956576,2.9739,98.2476,2.1929,120387,0,0.000000,672507191,2.8873,97.3313,2.3012,218831,0,0.000000,692695760,2.9326,97.6388,2.2065,171862,3,0.000000,681984478,2.9278,97.6386,2.2112,172688,1,0.000000,683101709,2.9258,97.6363,2.2131,171238,1,0.000000,683565219,+4.0817%,+1.2550%,-5.7130%,+1.0482%,+0.3386%,-1.0574%,+2.6353%,+0.6461%,-5.1297%,+2.4674%,+0.6459%,-4.9276%,+2.3979%,+0.6436%,-4.8454%
gcc-scilab_2_gcc-200_1_randacc_1.txt,3,3.3279,89.6273,2.0777,73947,0,0.000000,600976474,3.7068,98.8217,1.3725,87105,0,0.000000,539552005,3.4840,91.0237,1.8143,69109,0,0.000000,574047614,3.6430,97.7959,1.4414,130492,29,0.000000,548997702,3.6422,97.7210,1.4436,130251,13,0.000000,549124095,3.6416,97.6270,1.4469,132792,5,0.000000,549210404,+11.3844%,+9.1943%,-33.9422%,+4.6911%,+1.3964%,-12.6784%,+9.4680%,+8.1685%,-30.6264%,+9.4428%,+8.0937%,-30.5205%,+9.4256%,+7.9997%,-30.3610%
gcc-scilab_2_gcc-200_1_recurseq_1.txt,3,2.7914,97.0708,1.6136,150582,0,0.000000,716482663,3.0152,98.8597,1.3193,92251,0,0.000000,663296926,2.8921,97.8218,1.4819,167211,0,0.000000,691548382,2.9462,98.1754,1.3859,114835,6,0.000000,678843392,2.9431,98.1819,1.3872,114711,2,0.000000,679553119,2.9383,98.1602,1.3909,116604,0,0.000000,680655734,+8.0184%,+1.7889%,-18.2359%,+3.6056%,+0.7511%,-8.1613%,+5.5446%,+1.1046%,-14.1089%,+5.4344%,+1.1111%,-14.0300%,+5.2636%,+1.0894%,-13.8020%
gcc-scilab_2_gcc-200_1_seqacc_1.txt,3,3.5425,92.1898,1.8284,69467,0,0.000000,564579972,3.8166,99.0529,1.3193,91927,0,0.000000,524032772,3.6460,95.1625,1.6020,100676,0,0.000000,548539829,3.7480,98.0001,1.3930,131284,19,0.000000,533621019,3.7479,97.9832,1.3939,133947,9,0.000000,533631068,3.7506,98.0103,1.3922,139563,5,0.000000,533244347,+7.7375%,+6.8631%,-27.8438%,+2.9242%,+2.9727%,-12.3813%,+5.8017%,+5.8103%,-23.8116%,+5.7997%,+5.7934%,-23.7659%,+5.8764%,+5.8205%,-23.8560%
gcc-scilab_2_gcc-expr_1_gzip-program_1.txt,3,2.7799,96.9712,2.2470,252418,0,0.000000,719452603,2.8952,98.2528,2.0970,134657,0,0.000000,690801075,2.8151,97.3587,2.2087,231419,0,0.000000,710460893,2.8515,97.6160,2.1208,179889,2,0.000000,701387194,2.8502,97.5898,2.1206,189026,1,0.000000,701715219,2.8518,97.5863,2.1134,187622,0,0.000000,701320635,+4.1476%,+1.2817%,-6.6787%,+1.2656%,+0.3876%,-1.7056%,+2.5757%,+0.6448%,-5.6182%,+2.5277%,+0.6187%,-5.6249%,+2.5854%,+0.6152%,-5.9467%
gcc-scilab_2_gcc-expr_1_gzip-source_1.txt,3,2.8823,97.0432,2.2707,240632,0,0.000000,693896081,2.9933,98.2846,2.1239,125446,0,0.000000,668155573,2.9144,97.3897,2.2363,225759,0,0.000000,686241003,2.9515,97.6550,2.1444,176499,2,0.000000,677624400,2.9565,97.6003,2.1397,185339,1,0.000000,676475390,2.9571,97.6077,2.1367,185294,0,0.000000,676327086,+3.8525%,+1.2414%,-6.4639%,+1.1155%,+0.3465%,-1.5119%,+2.4013%,+0.6118%,-5.5608%,+2.5752%,+0.5571%,-5.7655%,+2.5977%,+0.5645%,-5.9016%
gcc-scilab_2_gcc-expr_1_randacc_1.txt,3,3.3525,89.6749,2.0166,72889,0,0.000000,596575215,3.7413,98.8631,1.3093,87629,0,0.000000,534568375,3.5268,91.0948,1.7379,70728,0,0.000000,567081892,3.6822,97.9256,1.3671,132692,22,0.000000,543148784,3.6825,97.9957,1.3645,132894,5,0.000000,543110158,3.6798,97.8206,1.3691,134963,1,0.000000,543500824,+11.5994%,+9.1882%,-35.0761%,+5.2009%,+1.4199%,-13.8212%,+9.8365%,+8.2507%,-32.2062%,+9.8442%,+8.3208%,-32.3386%,+9.7653%,+8.1457%,-32.1113%
gcc-scilab_2_gcc-expr_1_recurseq_1.txt,3,2.8591,97.1060,1.5793,165726,0,0.000000,699511581,3.0874,98.8629,1.2870,89655,0,0.000000,647795513,2.9657,97.8562,1.4435,173169,0,0.000000,674367097,3.0163,98.1806,1.3486,84428,2,0.000000,663069187,3.0068,98.1728,1.3465,114980,0,0.000000,665167216,3.0068,98.1728,1.3465,114980,0,0.000000,665167216,+7.9834%,+1.7568%,-18.5127%,+3.7286%,+0.7502%,-8.6035%,+5.4960%,+1.0746%,-14.6125%,+5.1633%,+1.0668%,-14.7444%,+5.1633%,+1.0668%,-14.7444%
gcc-scilab_2_gcc-expr_1_seqacc_1.txt,3,3.5706,92.2348,1.7686,68499,0,0.000000,560129106,3.8413,99.0935,1.2584,92531,0,0.000000,520651975,3.6787,95.2234,1.5349,98525,0,0.000000,543676650,3.7761,97.9703,1.3324,139476,16,0.000000,529653450,3.7781,98.0791,1.3300,138189,7,0.000000,529365839,3.7798,98.2449,1.3198,143464,1,0.000000,529129861,+7.5822%,+6.8587%,-28.8484%,+3.0261%,+2.9886%,-13.2115%,+5.7539%,+5.7356%,-24.6594%,+5.8113%,+5.8444%,-24.7989%,+5.8585%,+6.0101%,-25.3718%
gcc-scilab_2_gzip-program_1_gzip-source_1.txt,3,2.9307,96.7522,2.6560,288165,0,0.000000,682423248,3.0038,97.7358,2.5130,159261,0,0.000000,665822284,2.9524,96.9342,2.6299,286692,0,0.000000,677416209,2.9819,97.2502,2.5311,166202,2,0.000000,670710453,2.9880,97.1842,2.5309,236016,1,0.000000,669349685,2.9887,97.1847,2.5300,238239,1,0.000000,669185144,+2.4933%,+0.9837%,-5.3814%,+0.7391%,+0.1820%,-0.9828%,+1.7463%,+0.4981%,-4.7012%,+1.9532%,+0.4320%,-4.7091%,+1.9782%,+0.4325%,-4.7421%
gcc-scilab_2_gzip-program_1_randacc_1.txt,3,3.6060,89.3053,2.2426,95304,0,0.000000,554627550,3.7914,98.3868,1.6973,102139,0,0.000000,527506052,3.6679,90.6710,2.0786,89584,0,0.000000,545273822,3.7462,97.1063,1.7951,134849,73,0.000000,533879219,3.7476,97.2006,1.7919,136171,33,0.000000,533680894,3.7471,97.0167,1.7959,136271,13,0.000000,533740297,+5.1415%,+9.0814%,-24.3160%,+1.7154%,+1.3657%,-7.3142%,+3.8863%,+7.8010%,-19.9532%,+3.9249%,+7.8953%,-20.0959%,+3.9134%,+7.7114%,-19.9210%
gcc-scilab_2_gzip-program_1_recurseq_1.txt,3,3.1827,96.9283,1.7784,173815,0,0.000000,628397992,3.3174,98.4170,1.5412,108402,0,0.000000,602886710,3.2389,97.4733,1.6897,184756,0,0.000000,617502475,3.2701,97.7113,1.6044,136107,0,0.000000,611610794,3.2701,97.7113,1.6044,136107,0,0.000000,611610794,3.2701,97.7113,1.6044,136107,0,0.000000,611610794,+4.2315%,+1.4887%,-13.3393%,+1.7644%,+0.5450%,-4.9864%,+2.7448%,+0.7830%,-9.7861%,+2.7448%,+0.7830%,-9.7861%,+2.7448%,+0.7830%,-9.7861%
gcc-scilab_2_gzip-program_1_seqacc_1.txt,3,3.7244,91.7158,2.0958,95369,0,0.000000,536994482,3.8719,98.6117,1.6832,107942,0,0.000000,516539263,3.7747,94.8266,1.9406,120150,0,0.000000,529841523,3.8257,96.8313,1.7899,136539,4,0.000000,522786507,3.8256,96.8753,1.7907,136939,1,0.000000,522799325,3.8258,96.8692,1.7907,137684,1,0.000000,522764440,+3.9601%,+6.8959%,-19.6882%,+1.3500%,+3.1108%,-7.4052%,+2.7178%,+5.1155%,-14.5936%,+2.7152%,+5.1595%,-14.5558%,+2.7221%,+5.1534%,-14.5586%
gcc-scilab_2_gzip-source_1_randacc_1.txt,3,3.6820,89.5753,2.2709,94053,0,0.000000,543184942,3.8610,98.4435,1.7477,99566,0,0.000000,517994012,3.7381,90.7445,2.1229,88113,0,0.000000,535027716,3.8179,97.2878,1.8389,128192,65,0.000000,523845464,3.8193,97.3551,1.8358,130567,29,0.000000,523661530,3.8198,97.3091,1.8363,133244,11,0.000000,523581308,+4.8632%,+8.8682%,-23.0421%,+1.5246%,+1.1692%,-6.5174%,+3.6918%,+7.7125%,-19.0252%,+3.7283%,+7.7798%,-19.1586%,+3.7441%,+7.7338%,-19.1374%
gcc-scilab_2_gzip-source_1_recurseq_1.txt,3,3.2344,97.0481,1.8024,172535,0,0.000000,618359983,3.3598,98.4724,1.5791,107998,0,0.000000,595266041,3.2819,97.5390,1.7264,192022,0,0.000000,609402871,3.3152,97.8257,1.6349,104697,1,0.000000,603279113,3.3132,97.7735,1.6458,138796,0,0.000000,603650780,3.3132,97.7735,1.6458,138796,0,0.000000,603650780,+3.8796%,+1.4242%,-12.3871%,+1.4698%,+0.4908%,-4.2131%,+2.4998%,+0.7776%,-9.2880%,+2.4367%,+0.7253%,-8.6833%,+2.4367%,+0.7253%,-8.6833%
gcc-scilab_2_gzip-source_1_seqacc_1.txt,3,3.7952,91.9819,2.1330,91872,0,0.000000,526984339,3.9412,98.6604,1.7390,106309,0,0.000000,507463125,3.8436,94.8826,1.9904,113929,0,0.000000,520350847,3.8975,97.5369,1.8317,132565,9,0.000000,513143932,3.8993,97.6685,1.8290,131253,1,0.000000,512914057,3.8996,97.6432,1.8285,131255,1,0.000000,512879432,+3.8468%,+6.6786%,-18.4704%,+1.2748%,+2.9008%,-6.6860%,+2.6972%,+5.5550%,-14.1265%,+2.7432%,+5.6866%,-14.2548%,+2.7501%,+5.6614%,-14.2783%
gcc-scilab_2_randacc_1_recurseq_1.txt,3,3.6140,88.5244,1.4737,51337,0,0.000000,553403558,3.9190,99.1383,0.8616,78705,0,0.000000,510331068,3.7649,91.3284,1.2132,56010,0,0.000000,531224697,3.8532,98.3846,0.9557,77734,10,0.000000,519049648,3.8539,98.4458,0.9540,79741,0,0.000000,518949934,3.8539,98.4458,0.9540,79741,0,0.000000,518949934,+8.4401%,+10.6138%,-41.5355%,+4.1750%,+2.8039%,-17.6721%,+6.6186%,+9.8602%,-35.1487%,+6.6391%,+9.9213%,-35.2625%,+6.6391%,+9.9213%,-35.2625%
gcc-scilab_2_randacc_1_seqacc_1.txt,3,4.1622,81.7286,1.9179,33680,0,0.000000,480511256,4.6523,99.3366,0.7909,85001,0,0.000000,429896559,4.3698,88.6787,1.4217,33856,0,0.000000,457690278,4.5334,95.3212,1.0253,40810,58,0.000000,441169887,4.5342,95.3140,1.0245,43672,28,0.000000,441093712,4.5350,95.4450,1.0190,38386,10,0.000000,441015269,+11.7737%,+17.6081%,-58.7640%,+4.9861%,+6.9502%,-25.8725%,+8.9175%,+13.5926%,-46.5399%,+8.9363%,+13.5854%,-46.5810%,+8.9557%,+13.7165%,-46.8727%
gcc-scilab_2_recurseq_1_seqacc_1.txt,3,3.7873,90.8892,1.3171,54874,0,0.000000,528075815,4.0292,99.3704,0.8382,85176,0,0.000000,496374611,3.9144,95.4990,1.0769,74688,0,0.000000,510933911,3.9647,96.3483,0.9498,47307,2,0.000000,504445407,3.9668,98.5865,0.9306,89781,1,0.000000,504185630,3.9684,98.2860,0.9348,89236,1,0.000000,503979364,+6.3865%,+8.4811%,-36.3596%,+3.3550%,+4.6097%,-18.2363%,+4.6844%,+5.4590%,-27.8872%,+4.7384%,+7.6973%,-29.3431%,+4.7813%,+7.3968%,-29.0279%
gzip-program_1_recurseq_2_crafty_1.txt,3,3.6127,96.8503,1.4109,47147,0,0.000000,553604914,3.8159,98.7655,1.1160,34958,0,0.000000,524120469,3.6875,97.2572,1.3584,43862,0,0.000000,542375688,3.7480,97.5320,1.2414,41314,1,0.000000,533616173,3.7635,97.5915,1.2293,39499,0,0.000000,531426700,3.7635,97.5915,1.2293,39499,0,0.000000,531426700,+5.6255%,+1.9152%,-20.9023%,+2.0704%,+0.4069%,-3.7196%,+3.7459%,+0.6817%,-12.0156%,+4.1733%,+0.7412%,-12.8716%,+4.1733%,+0.7412%,-12.8716%
gzip-program_1_recurseq_2_gcc-200_1.txt,3,3.5195,97.1781,1.3925,74326,0,0.000000,568266348,3.6778,98.6259,1.1533,53659,0,0.000000,543800743,3.5872,97.7088,1.3018,65890,0,0.000000,557544215,3.6342,98.0343,1.2031,58374,4,0.000000,550333889,3.6314,98.0453,1.2047,58714,1,0.000000,550758577,3.6320,98.0410,1.2035,58633,1,0.000000,550661905,+4.4990%,+1.4478%,-17.1778%,+1.9231%,+0.5307%,-6.5141%,+3.2585%,+0.8562%,-13.6041%,+3.1788%,+0.8672%,-13.4836%,+3.1970%,+0.8629%,-13.5723%
gzip-program_1_recurseq_2_gcc-expr_1.txt,3,3.6302,97.2129,1.3494,76560,0,0.000000,550939173,3.8005,98.6464,1.1002,49245,0,0.000000,526250358,3.7032,97.7544,1.2529,68794,0,0.000000,540076850,3.7491,98.0122,1.1567,55336,3,0.000000,533467264,3.7584,98.0531,1.1490,54190,1,0.000000,532143077,3.7695,98.0978,1.1354,57288,0,0.000000,530572383,+4.6915%,+1.4334%,-18.4703%,+2.0113%,+0.5414%,-7.1515%,+3.2752%,+0.7993%,-14.2799%,+3.5322%,+0.8401%,-14.8490%,+3.8386%,+0.8848%,-15.8626%
gzip-program_1_recurseq_2_gcc-scilab_1.txt,3,3.6181,97.2297,1.3426,72563,0,0.000000,552782348,3.7909,98.6913,1.0952,52065,0,0.000000,527579473,3.6864,97.7564,1.2545,63937,0,0.000000,542531510,3.7397,98.0755,1.1495,58747,3,0.000000,534802665,3.7434,98.1087,1.1451,56103,1,0.000000,534277213,3.7551,98.0908,1.1448,56230,0,0.000000,532610479,+4.7771%,+1.4617%,-18.4281%,+1.8894%,+0.5268%,-6.5667%,+3.3619%,+0.8459%,-14.3815%,+3.4636%,+0.8790%,-14.7147%,+3.7874%,+0.8611%,-14.7303%
gzip-program_1_recurseq_2_gzip-source_1.txt,3,3.2598,97.0424,1.8794,78463,0,0.000000,613526769,3.3613,98.2178,1.6881,58961,0,0.000000,595010778,3.2967,97.4064,1.8190,72525,0,0.000000,606661300,3.3211,97.6461,1.7485,70425,2,0.000000,602211156,3.3167,97.6370,1.7565,70358,1,0.000000,603015664,3.3205,97.6438,1.7521,71212,1,0.000000,602327191,+3.1119%,+1.1754%,-10.1805%,+1.1317%,+0.3640%,-3.2133%,+1.8790%,+0.6037%,-6.9621%,+1.7431%,+0.5946%,-6.5383%,+1.8594%,+0.6014%,-6.7724%
gzip-program_2_cacherand_1_crafty_1.txt,3,3.9561,73.8355,2.1336,29275,0,0.000000,505548751,4.2614,87.8501,1.3998,25699,0,0.000000,469329802,4.0399,75.5817,1.9317,28173,0,0.000000,495060399,4.1312,86.6750,1.6083,28699,0,0.000000,484126013,4.1312,86.6750,1.6083,28699,0,0.000000,484126013,4.1312,86.6750,1.6083,28699,0,0.000000,484126013,+7.7172%,+14.0146%,-34.3901%,+2.1186%,+1.7462%,-9.4615%,+4.4250%,+12.8394%,-24.6216%,+4.4250%,+12.8394%,-24.6216%,+4.4250%,+12.8394%,-24.6216%
gzip-program_2_cacherand_1_gcc-200_1.txt,3,4.0620,75.6147,1.8806,45369,0,0.000000,492373963,4.2966,87.7176,1.3376,41239,0,0.000000,465480982,4.1607,76.0371,1.6878,44420,0,0.000000,480688471,4.2387,87.1384,1.4085,43077,0,0.000000,471838694,4.2387,87.1384,1.4085,43077,0,0.000000,471838694,4.2387,87.1384,1.4085,43077,0,0.000000,471838694,+5.7775%,+12.1029%,-28.8775%,+2.4310%,+0.4224%,-10.2537%,+4.3522%,+11.5237%,-25.1076%,+4.3522%,+11.5237%,-25.1076%,+4.3522%,+11.5237%,-25.1076%
gzip-program_2_cacherand_1_gcc-expr_1.txt,3,4.1148,75.6226,1.8219,42458,0,0.000000,486054069,4.3573,87.7385,1.2953,40050,0,0.000000,458995578,4.2211,76.0967,1.6354,40408,0,0.000000,473808874,4.2947,87.1966,1.3651,41045,0,0.000000,465693330,4.2947,87.1966,1.3651,41045,0,0.000000,465693330,4.2947,87.1966,1.3651,41045,0,0.000000,465693330,+5.8952%,+12.1159%,-28.9041%,+2.5844%,+0.4740%,-10.2356%,+4.3721%,+11.5739%,-25.0743%,+4.3721%,+11.5739%,-25.0743%,+4.3721%,+11.5739%,-25.0743%
gzip-program_2_cacherand_1_gcc-scilab_1.txt,3,4.0924,75.5763,1.8450,44485,0,0.000000,488712772,4.3456,87.7797,1.2867,39300,0,0.000000,460233533,4.1986,76.0842,1.6520,42893,0,0.000000,476352470,4.2754,87.1861,1.3787,42606,0,0.000000,467789598,4.2754,87.1861,1.3787,42606,0,0.000000,467789598,4.2754,87.1861,1.3787,42606,0,0.000000,467789598,+6.1880%,+12.2034%,-30.2571%,+2.5948%,+0.5079%,-10.4571%,+4.4728%,+11.6098%,-25.2717%,+4.4728%,+11.6098%,-25.2717%,+4.4728%,+11.6098%,-25.2717%
gzip-program_2_cacherand_1_gzip-source_1.txt,3,3.8817,76.6207,2.4711,43420,0,0.000000,515233993,4.0853,87.3013,1.9560,36136,0,0.000000,489561274,3.9792,75.7285,2.3262,40776,0,0.000000,502611027,4.0407,86.8452,2.0390,41501,0,0.000000,494960180,4.0407,86.8452,2.0390,41501,0,0.000000,494960180,4.0407,86.8452,2.0390,41501,0,0.000000,494960180,+5.2440%,+10.6806%,-20.8462%,+2.5115%,-0.8922%,-5.8659%,+4.0960%,+10.2245%,-17.4888%,+4.0960%,+10.2245%,-17.4888%,+4.0960%,+10.2245%,-17.4888%
gzip-program_2_cacherand_1_randacc_1.txt,3,3.3495,64.9979,3.9743,26641,0,0.000000,597102331,3.9326,87.6882,2.2042,25246,0,0.000000,508572367,3.5152,69.2200,3.3920,28144,0,0.000000,568950819,3.6001,80.3410,2.9582,26630,0,0.000000,555536069,3.6001,80.3410,2.9582,26630,0,0.000000,555536069,3.6001,80.3410,2.9582,26630,0,0.000000,555536069,+17.4075%,+22.6902%,-44.5391%,+4.9480%,+4.2220%,-14.6532%,+7.4822%,+15.3431%,-25.5669%,+7.4822%,+15.3431%,-25.5669%,+7.4822%,+15.3431%,-25.5669%
gzip-program_2_cacherand_1_recurseq_1.txt,3,3.4086,74.7035,2.1180,64207,0,0.000000,586750646,3.6675,87.7238,1.5423,65727,0,0.000000,545328798,3.5501,76.0398,1.8682,66174,0,0.000000,563361202,3.5869,87.1559,1.6423,66561,0,0.000000,557588921,3.5869,87.1559,1.6423,66561,0,0.000000,557588921,3.5869,87.1559,1.6423,66561,0,0.000000,557588921,+7.5958%,+13.0203%,-27.1826%,+4.1518%,+1.3364%,-11.7943%,+5.2300%,+12.4525%,-22.4626%,+5.2300%,+12.4525%,-22.4626%,+5.2300%,+12.4525%,-22.4626%
gzip-program_2_cacherand_1_seqacc_1.txt,3,3.7338,67.8111,3.3946,33143,0,0.000000,535650933,4.0181,87.9163,2.1707,36300,0,0.000000,497752780,3.8491,73.3859,2.8957,35026,0,0.000000,519598127,3.9244,84.5104,2.4687,35716,0,0.000000,509637822,3.9244,84.5104,2.4687,35716,0,0.000000,509637822,3.9244,84.5104,2.4687,35716,0,0.000000,509637822,+7.6138%,+20.1051%,-36.0534%,+3.0895%,+5.5748%,-14.6962%,+5.1042%,+16.6993%,-27.2759%,+5.1042%,+16.6993%,-27.2759%,+5.1042%,+16.6993%,-27.2759%
gzip-program_2_crafty_1_gcc-200_1.txt,3,3.0926,96.6342,2.1183,99510,0,0.000000,646712764,3.2544,98.4497,1.9208,72100,0,0.000000,614557020,3.1292,96.9409,2.1056,89116,0,0.000000,639149782,3.1960,97.4957,1.9693,80338,1,0.000000,625785473,3.1961,97.4972,1.9682,79932,1,0.000000,625755920,3.1962,97.4984,1.9667,80220,1,0.000000,625741332,+5.2324%,+1.8155%,-9.3221%,+1.1833%,+0.3067%,-0.5992%,+3.3442%,+0.8615%,-7.0314%,+3.3490%,+0.8629%,-7.0834%,+3.3515%,+0.8641%,-7.1548%
gzip-program_2_crafty_1_gcc-expr_1.txt,3,3.1212,96.6823,2.0546,99203,0,0.000000,640773772,3.2944,98.4912,1.8417,73024,0,0.000000,607097713,3.1635,97.0117,2.0339,88619,0,0.000000,632220534,3.2177,97.3242,1.9261,82172,2,0.000000,621565522,3.2509,97.8541,1.8475,76320,1,0.000000,615216841,3.2543,97.9319,1.8358,75749,0,0.000000,614576403,+5.5471%,+1.8089%,-10.3598%,+1.3529%,+0.3294%,-1.0048%,+3.0903%,+0.6419%,-6.2544%,+4.1541%,+1.1718%,-10.0755%,+4.2627%,+1.2496%,-10.6448%
gzip-program_2_crafty_1_gcc-scilab_1.txt,3,3.1204,96.6460,2.0780,104874,0,0.000000,640938513,3.2890,98.5091,1.8688,70426,0,0.000000,608085709,3.1611,96.9879,2.0596,90442,0,0.000000,632687120,3.2318,97.4817,1.9301,76390,1,0.000000,618849750,3.2398,97.9052,1.8667,78183,0,0.000000,617313921,3.2398,97.9052,1.8667,78183,0,0.000000,617313921,+5.4027%,+1.8632%,-10.0675%,+1.3042%,+0.3419%,-0.8836%,+3.5693%,+0.8357%,-7.1176%,+3.8270%,+1.2593%,-10.1694%,+3.8270%,+1.2593%,-10.1694%
gzip-program_2_crafty_1_gzip-source_1.txt,3,3.0931,96.7097,2.2755,96321,0,0.000000,646590932,3.1751,98.0732,2.0829,72687,0,0.000000,629904504,3.1033,96.6746,2.2953,92213,0,0.000000,644470775,3.1449,96.8988,2.1895,89072,1,0.000000,635945760,3.1422,96.8989,2.1909,88766,1,0.000000,636504209,3.1462,96.9143,2.1874,88820,1,0.000000,635695161,+2.6491%,+1.3635%,-8.4655%,+0.3290%,-0.0350%,+0.8673%,+1.6739%,+0.1891%,-3.7784%,+1.5847%,+0.1892%,-3.7185%,+1.7140%,+0.2047%,-3.8741%
gzip-program_2_crafty_1_randacc_1.txt,3,3.5498,88.0168,2.5046,80498,0,0.000000,563411882,3.7546,98.4360,1.8130,66318,0,0.000000,532684299,3.5941,90.1452,2.3458,81982,0,0.000000,556459857,3.6818,96.5920,2.0152,76178,40,0.000000,543218958,3.6828,96.5994,2.0144,76254,21,0.000000,543063423,3.6833,96.5017,2.0135,75583,11,0.000000,542995712,+5.7684%,+10.4192%,-27.6135%,+1.2493%,+2.1284%,-6.3389%,+3.7173%,+8.5752%,-19.5380%,+3.7470%,+8.5826%,-19.5712%,+3.7599%,+8.4849%,-19.6076%
gzip-program_2_crafty_1_recurseq_1.txt,3,3.1833,96.5347,1.8828,145593,0,0.000000,628282718,3.3558,98.4620,1.5783,117244,0,0.000000,595990972,3.2490,96.9429,1.8190,141023,0,0.000000,615574728,3.2825,97.1875,1.7216,134920,1,0.000000,609290549,3.2825,97.1884,1.7217,135057,1,0.000000,609297688,3.2828,97.2147,1.7188,134788,1,0.000000,609228127,+5.4182%,+1.9273%,-16.1716%,+2.0644%,+0.4082%,-3.3902%,+3.1171%,+0.6528%,-8.5630%,+3.1159%,+0.6537%,-8.5553%,+3.1277%,+0.6800%,-8.7096%
gzip-program_2_crafty_1_seqacc_1.txt,3,3.6795,90.3462,2.3227,80557,0,0.000000,543547758,3.8827,98.6565,1.7530,68871,0,0.000000,515099149,3.7298,94.3081,2.1743,84521,0,0.000000,536228690,3.7772,94.5533,2.0356,82650,1,0.000000,529496623,3.7771,94.5549,2.0349,81959,1,0.000000,529502054,3.7794,94.5832,2.0292,81750,1,0.000000,529180758,+5.5229%,+8.3102%,-24.5244%,+1.3649%,+3.9619%,-6.3881%,+2.6537%,+4.2070%,-12.3607%,+2.6526%,+4.2086%,-12.3886%,+2.7149%,+4.2370%,-12.6361%
gzip-program_2_gcc-200_1_gcc-expr_1.txt,3,3.1265,97.0846,1.8335,137777,0,0.000000,639691152,3.2628,98.3806,1.7023,105026,0,0.000000,612962057,3.1643,97.4775,1.8047,121670,0,0.000000,632054243,3.2164,97.8060,1.7118,111009,4,0.000000,621819689,3.2220,97.8194,1.7093,108855,2,0.000000,620725118,3.2223,97.8260,1.7084,108960,0,0.000000,620670833,+4.3606%,+1.2960%,-7.1526%,+1.2082%,+0.3929%,-1.5697%,+2.8741%,+0.7214%,-6.6383%,+3.0555%,+0.7348%,-6.7755%,+3.0645%,+0.7414%,-6.8196%
gzip-program_2_gcc-200_1_gcc-scilab_1.txt,3,3.1212,97.0736,1.8567,138303,0,0.000000,640778735,3.2707,98.4035,1.7136,103709,0,0.000000,611491301,3.1592,97.4554,1.8247,125688,0,0.000000,633062959,3.2317,97.8212,1.7314,111441,6,0.000000,618865731,3.2329,97.7924,1.7377,110186,2,0.000000,618643917,3.2326,97.8083,1.7375,111539,0,0.000000,618706050,+4.7895%,+1.3299%,-7.7071%,+1.2188%,+0.3818%,-1.7224%,+3.5408%,+0.7476%,-6.7501%,+3.5780%,+0.7188%,-6.4113%,+3.5676%,+0.7347%,-6.4191%
gzip-program_2_gcc-200_1_gzip-source_1.txt,3,3.3511,96.9865,2.1778,132313,0,0.000000,596823556,3.4544,97.9509,2.0317,97100,0,0.000000,578968001,3.3789,97.1314,2.1550,125028,0,0.000000,591911923,3.4215,97.4441,2.0597,114243,2,0.000000,584541282,3.4216,97.4470,2.0589,113550,2,0.000000,584527529,3.4236,97.4525,2.0561,112459,2,0.000000,584177757,+3.0840%,+0.9644%,-6.7089%,+0.8298%,+0.1449%,-1.0463%,+2.1012%,+0.4577%,-5.4213%,+2.1036%,+0.4605%,-5.4605%,+2.1647%,+0.4660%,-5.5893%
gzip-program_2_gcc-200_1_randacc_1.txt,3,3.5771,89.2873,2.2923,125895,0,0.000000,559104843,3.7545,98.3294,1.7463,113351,0,0.000000,532693020,3.6327,90.6256,2.1308,133417,0,0.000000,550547716,3.7100,96.9428,1.8425,117378,77,0.000000,539085099,3.7111,96.9197,1.8421,117860,39,0.000000,538922599,3.7123,96.8679,1.8412,118763,17,0.000000,538746561,+4.9582%,+9.0421%,-23.8196%,+1.5543%,+1.3383%,-7.0465%,+3.7137%,+7.6554%,-19.6227%,+3.7449%,+7.6324%,-19.6424%,+3.7788%,+7.5806%,-19.6806%
gzip-program_2_gcc-200_1_recurseq_1.txt,3,3.0905,96.8426,1.8510,225707,0,0.000000,647146025,3.2198,98.3299,1.6225,183215,0,0.000000,621164839,3.1478,97.3977,1.7615,218322,0,0.000000,635363084,3.1826,97.6980,1.6718,198156,2,0.000000,628409090,3.1829,97.7019,1.6712,196577,2,0.000000,628348099,3.1761,97.6518,1.6754,201046,1,0.000000,629703971,+4.1826%,+1.4872%,-12.3428%,+1.8545%,+0.5551%,-4.8373%,+2.9816%,+0.8554%,-9.6822%,+2.9916%,+0.8592%,-9.7135%,+2.7699%,+0.8091%,-9.4860%
gzip-program_2_gcc-200_1_seqacc_1.txt,3,3.6953,91.7051,2.1393,146340,0,0.000000,541228941,3.8401,98.5577,1.7288,131528,0,0.000000,520818294,3.7438,94.7858,1.9839,160008,0,0.000000,534218239,3.7973,97.1518,1.8235,139998,14,0.000000,526689109,3.7986,97.2613,1.8201,138952,6,0.000000,526505154,3.7987,97.1171,1.8218,138254,6,0.000000,526489328,+3.9190%,+6.8526%,-19.1875%,+1.3123%,+3.0807%,-7.2662%,+2.7606%,+5.4467%,-14.7625%,+2.7965%,+5.5562%,-14.9196%,+2.7996%,+5.4120%,-14.8415%
gzip-program_2_gcc-expr_1_gcc-scilab_1.txt,3,3.1586,97.1285,1.7932,135689,0,0.000000,633193665,3.3174,98.4437,1.6390,102177,0,0.000000,602887658,3.1998,97.5220,1.7603,123521,0,0.000000,625041243,3.2587,97.8489,1.6586,107870,2,0.000000,613737841,3.2507,97.8435,1.6605,112989,0,0.000000,615255819,3.2507,97.8435,1.6605,112989,0,0.000000,615255819,+5.0268%,+1.3152%,-8.5988%,+1.3043%,+0.3935%,-1.8372%,+3.1701%,+0.7204%,-7.5070%,+2.9155%,+0.7150%,-7.4018%,+2.9155%,+0.7150%,-7.4018%
gzip-program_2_gcc-expr_1_gzip-source_1.txt,3,3.4377,97.0313,2.0937,136924,0,0.000000,581786122,3.5427,97.9688,1.9468,97544,0,0.000000,564537050,3.4625,97.1869,2.0729,123506,0,0.000000,577613917,3.5076,97.4290,1.9830,114582,2,0.000000,570188965,3.5133,97.4185,1.9807,117873,1,0.000000,569272192,3.5122,97.4293,1.9813,118283,1,0.000000,569438309,+3.0554%,+0.9374%,-7.0140%,+0.7223%,+0.1556%,-0.9944%,+2.0339%,+0.3976%,-5.2874%,+2.1982%,+0.3871%,-5.3984%,+2.1684%,+0.3980%,-5.3684%
gzip-program_2_gcc-expr_1_randacc_1.txt,3,3.6294,89.3338,2.2221,118882,0,0.000000,551057000,3.7948,98.3447,1.7084,104103,0,0.000000,527043371,3.6854,90.6829,2.0635,123637,0,0.000000,542686142,3.7582,97.0195,1.7815,111634,76,0.000000,532162582,3.7609,97.1341,1.7788,111439,35,0.000000,531793248,3.7625,97.0578,1.7780,110132,13,0.000000,531567518,+4.5563%,+9.0110%,-23.1171%,+1.5425%,+1.3491%,-7.1362%,+3.5505%,+7.6858%,-19.8266%,+3.6224%,+7.8004%,-19.9477%,+3.6664%,+7.7241%,-19.9848%
gzip-program_2_gcc-expr_1_recurseq_1.txt,3,3.1866,96.9104,1.7900,228054,0,0.000000,627633732,3.3206,98.3515,1.5621,177855,0,0.000000,602297976,3.2475,97.4519,1.6992,220963,0,0.000000,615855223,3.2738,97.6920,1.6185,195122,4,0.000000,610904526,3.2725,97.6970,1.6193,200945,1,0.000000,611156299,3.2748,97.7092,1.6153,199012,1,0.000000,610716366,+4.2065%,+1.4411%,-12.7280%,+1.9126%,+0.5415%,-5.0726%,+2.7384%,+0.7816%,-9.5810%,+2.6961%,+0.7866%,-9.5372%,+2.7701%,+0.7988%,-9.7604%
gzip-program_2_gcc-expr_1_seqacc_1.txt,3,3.7336,91.7246,2.0806,137255,0,0.000000,535675532,3.8708,98.5678,1.6955,126247,0,0.000000,516693816,3.7837,94.8325,1.9272,150695,0,0.000000,528587127,3.8330,97.2919,1.7693,134507,12,0.000000,521779647,3.8345,97.3408,1.7690,135964,6,0.000000,521585148,3.8367,97.3954,1.7659,134148,2,0.000000,521285372,+3.6737%,+6.8432%,-18.5080%,+1.3410%,+3.1079%,-7.3750%,+2.6632%,+5.5673%,-14.9609%,+2.7014%,+5.6162%,-14.9754%,+2.7605%,+5.6708%,-15.1239%
gzip-program_2_gcc-scilab_1_gzip-source_1.txt,3,3.4219,97.0312,2.1160,131764,0,0.000000,584475542,3.5406,98.0128,1.9573,97163,0,0.000000,564881277,3.4587,97.1819,2.0851,122325,0,0.000000,578256617,3.5015,97.4701,1.9827,112852,2,0.000000,571186133,3.5036,97.4137,1.9792,117229,1,0.000000,570847465,3.5053,97.4218,1.9785,115943,1,0.000000,570556973,+3.4687%,+0.9815%,-7.4987%,+1.0755%,+0.1506%,-1.4562%,+2.3267%,+0.4388%,-6.2968%,+2.3873%,+0.3825%,-6.4624%,+2.4395%,+0.3905%,-6.4976%
gzip-program_2_gcc-scilab_1_randacc_1.txt,3,3.6053,89.3141,2.2414,98828,0,0.000000,554741160,3.7896,98.3865,1.6987,85645,0,0.000000,527764241,3.6677,90.6710,2.0743,105423,0,0.000000,545305217,3.7442,97.1393,1.7958,92227,72,0.000000,534166345,3.7466,97.1951,1.7923,92470,35,0.000000,533819734,3.7464,97.0306,1.7946,93529,13,0.000000,533838683,+5.1116%,+9.0724%,-24.2114%,+1.7304%,+1.3569%,-7.4538%,+3.8518%,+7.8252%,-19.8805%,+3.9192%,+7.8810%,-20.0379%,+3.9155%,+7.7165%,-19.9334%
gzip-program_2_gcc-scilab_1_recurseq_1.txt,3,3.1841,96.9283,1.7761,179549,0,0.000000,628113895,3.3140,98.4182,1.5423,141721,0,0.000000,603500060,3.2374,97.4729,1.6893,175046,0,0.000000,617771575,3.2708,97.7595,1.5994,153096,3,0.000000,611466054,3.2694,97.7168,1.6029,154532,1,0.000000,611739117,3.2688,97.7265,1.6030,155753,1,0.000000,611848064,+4.0785%,+1.4898%,-13.1608%,+1.6741%,+0.5446%,-4.8854%,+2.7226%,+0.8312%,-9.9476%,+2.6768%,+0.7885%,-9.7509%,+2.6585%,+0.7981%,-9.7449%
gzip-program_2_gcc-scilab_1_seqacc_1.txt,3,3.7224,91.7165,2.0935,112776,0,0.000000,537280690,3.8712,98.6128,1.6836,98599,0,0.000000,516641019,3.7735,94.8294,1.9390,127606,0,0.000000,530007291,3.8230,96.8564,1.7910,108960,5,0.000000,523147585,3.8236,96.8841,1.7911,108559,2,0.000000,523072123,3.8236,96.8870,1.7906,110795,2,0.000000,523064278,+3.9950%,+6.8964%,-19.5807%,+1.3723%,+3.1130%,-7.3777%,+2.7016%,+5.1400%,-14.4484%,+2.7164%,+5.1677%,-14.4429%,+2.7179%,+5.1705%,-14.4693%
gzip-program_2_gzip-source_1_randacc_1.txt,3,3.3362,89.9352,3.1232,502966,0,0.000000,599487674,3.4871,97.8919,2.6032,442731,0,0.000000,573546657,3.3987,90.3223,2.9964,494294,0,0.000000,588468084,3.4592,96.5801,2.7027,419033,14,0.000000,578171606,3.4593,96.5791,2.7024,418958,8,0.000000,578146510,3.4591,96.4523,2.7051,419842,4,0.000000,578179076,+4.5229%,+7.9567%,-16.6500%,+1.8726%,+0.3870%,-4.0590%,+3.6868%,+6.6449%,-13.4654%,+3.6913%,+6.6438%,-13.4744%,+3.6855%,+6.5170%,-13.3890%
gzip-program_2_gzip-source_1_recurseq_1.txt,3,2.8343,96.7183,2.4444,583133,0,0.000000,705640694,2.8846,97.9320,2.2924,453715,0,0.000000,693328741,2.8508,97.1129,2.4004,568381,0,0.000000,701554441,2.8748,97.3801,2.3204,458729,1,0.000000,695696448,2.8731,97.3806,2.3229,459792,1,0.000000,696110059,2.8747,97.3818,2.3210,459512,1,0.000000,695736194,+1.7758%,+1.2138%,-6.2186%,+0.5824%,+0.3946%,-1.8011%,+1.4294%,+0.6618%,-5.0723%,+1.3691%,+0.6623%,-4.9719%,+1.4236%,+0.6636%,-5.0490%
gzip-program_2_gzip-source_1_seqacc_1.txt,3,3.4929,92.1988,2.9632,550650,0,0.000000,572597591,3.5758,98.1058,2.6107,468608,0,0.000000,559314163,3.5171,94.4539,2.8502,562938,0,0.000000,568652731,3.5531,97.1851,2.7001,453029,4,0.000000,562893824,3.5532,97.1926,2.6998,453015,2,0.000000,562878548,3.5531,97.1739,2.6998,453405,2,0.000000,562894628,+2.3750%,+5.9071%,-11.8960%,+0.6937%,+2.2551%,-3.8146%,+1.7239%,+4.9863%,-8.8778%,+1.7267%,+4.9939%,-8.8883%,+1.7238%,+4.9751%,-8.8893%
gzip-program_2_randacc_1_recurseq_1.txt,3,3.5164,88.8256,1.8820,90951,0,0.000000,568764313,3.7010,98.6035,1.3507,83004,0,0.000000,540399784,3.6137,90.8900,1.6740,91486,0,0.000000,553455922,3.6450,97.3538,1.4492,84634,76,0.000000,548704020,3.6458,97.4229,1.4472,85764,36,0.000000,548575120,3.6549,97.5751,1.4373,83144,12,0.000000,547204615,+5.2488%,+9.7779%,-28.2281%,+2.7660%,+2.0644%,-11.0486%,+3.6559%,+8.5282%,-22.9964%,+3.6803%,+8.5973%,-23.1035%,+3.9400%,+8.7495%,-23.6263%
gzip-program_2_randacc_1_seqacc_1.txt,3,3.9068,82.7462,2.8682,36985,0,0.000000,511933828,4.1835,98.8011,1.7427,37164,0,0.000000,478065442,4.0103,88.2602,2.4389,37725,0,0.000000,498712732,4.0938,94.0532,2.0604,38530,155,0.000000,488546384,4.0950,94.0410,2.0579,38306,94,0.000000,488404049,4.1013,94.5734,2.0235,38565,20,0.000000,487652797,+7.0845%,+16.0549%,-39.2418%,+2.6510%,+5.5140%,-14.9684%,+4.7871%,+11.3070%,-28.1637%,+4.8177%,+11.2948%,-28.2518%,+4.9792%,+11.8272%,-29.4509%
gzip-program_2_recurseq_1_seqacc_1.txt,3,3.6772,91.2367,1.7100,95342,0,0.000000,543886673,3.8436,98.8305,1.2972,84580,0,0.000000,520347108,3.7550,95.0622,1.5074,95778,0,0.000000,532621879,3.7854,95.3180,1.4291,92847,1,0.000000,528349954,3.7868,95.3213,1.4282,90738,1,0.000000,528148985,3.7858,95.3315,1.4280,93561,1,0.000000,528284203,+4.5238%,+7.5938%,-24.1377%,+2.1150%,+3.8255%,-11.8441%,+2.9406%,+4.0813%,-16.4257%,+2.9798%,+4.0845%,-16.4766%,+2.9534%,+4.0948%,-16.4874%
gzip-source_1_recurseq_2_gcc-200_1.txt,3,3.5672,97.3291,1.3891,98007,0,0.000000,560656073,3.7200,98.7028,1.1585,71749,0,0.000000,537640277,3.6298,97.7904,1.3087,89517,0,0.000000,550992883,3.6730,98.1386,1.2070,79789,1,0.000000,544513659,3.6731,98.1364,1.2072,80617,1,0.000000,544506268,3.6716,98.1318,1.2076,79907,1,0.000000,544720601,+4.2809%,+1.3736%,-16.6023%,+1.7538%,+0.4613%,-5.7888%,+2.9646%,+0.8095%,-13.1081%,+2.9660%,+0.8073%,-13.0944%,+2.9254%,+0.8026%,-13.0681%
gzip-source_1_recurseq_2_gcc-expr_1.txt,3,3.6706,97.3614,1.3503,101710,0,0.000000,544869144,3.8301,98.7231,1.1108,71155,0,0.000000,522184592,3.7384,97.8485,1.2604,87237,0,0.000000,534987715,3.7820,98.1461,1.1632,74978,1,0.000000,528816812,3.7914,98.1445,1.1593,75527,1,0.000000,527513631,3.8044,98.1841,1.1469,78795,0,0.000000,525713254,+4.3442%,+1.3617%,-17.7385%,+1.8471%,+0.4871%,-6.6551%,+3.0355%,+0.7847%,-13.8523%,+3.2901%,+0.7832%,-14.1423%,+3.6438%,+0.8227%,-15.0587%
gzip-source_1_recurseq_2_gcc-scilab_1.txt,3,3.6625,97.3649,1.3451,96121,0,0.000000,546071294,3.8295,98.7656,1.1039,69509,0,0.000000,522256255,3.7274,97.8421,1.2639,88366,0,0.000000,536570289,3.7821,98.1956,1.1546,76472,1,0.000000,528807417,3.7939,98.1765,1.1566,76253,0,0.000000,527162541,3.7939,98.1765,1.1566,76253,0,0.000000,527162541,+4.5600%,+1.4007%,-17.9329%,+1.7707%,+0.4772%,-6.0403%,+3.2647%,+0.8307%,-14.1639%,+3.5869%,+0.8116%,-14.0133%,+3.5869%,+0.8116%,-14.0133%
gzip-source_2_cacherand_1_crafty_1.txt,3,4.0252,74.1253,2.1116,37513,0,0.000000,496871573,4.3274,87.8863,1.3946,34010,0,0.000000,462174650,4.1034,75.6216,1.9296,37511,0,0.000000,487402792,4.1943,86.5784,1.6098,38180,1,0.000000,476838915,4.1939,86.4644,1.6119,37855,1,0.000000,476885210,4.1973,86.0798,1.6120,37785,1,0.000000,476495095,+7.5073%,+13.7610%,-33.9568%,+1.9427%,+1.4963%,-8.6193%,+4.2011%,+12.4530%,-23.7662%,+4.1910%,+12.3390%,-23.6627%,+4.2763%,+11.9545%,-23.6604%
gzip-source_2_cacherand_1_gcc-200_1.txt,3,4.1200,76.0508,1.8739,59686,0,0.000000,485431410,4.3482,87.7865,1.3448,57285,0,0.000000,459961089,4.2126,76.1150,1.6987,58810,0,0.000000,474762518,4.2887,87.2171,1.4199,57484,0,0.000000,466337825,4.2887,87.2171,1.4199,57484,0,0.000000,466337825,4.2887,87.2171,1.4199,57484,0,0.000000,466337825,+5.5375%,+11.7357%,-28.2376%,+2.2472%,+0.0642%,-9.3513%,+4.0944%,+11.1663%,-24.2283%,+4.0944%,+11.1663%,-24.2283%,+4.0944%,+11.1663%,-24.2283%
gzip-source_2_cacherand_1_gcc-expr_1.txt,3,4.1714,76.0166,1.8252,57407,0,0.000000,479460172,4.4030,87.8054,1.3094,54240,0,0.000000,454232595,4.2686,76.1710,1.6542,53900,0,0.000000,468542506,4.3447,87.2713,1.3805,55665,0,0.000000,460334695,4.3447,87.2713,1.3805,55665,0,0.000000,460334695,4.3447,87.2713,1.3805,55665,0,0.000000,460334695,+5.5539%,+11.7888%,-28.2573%,+2.3301%,+0.1544%,-9.3681%,+4.1547%,+11.2547%,-24.3648%,+4.1547%,+11.2547%,-24.3648%,+4.1547%,+11.2547%,-24.3648%
gzip-source_2_cacherand_1_gcc-scilab_1.txt,3,4.1493,76.0157,1.8389,59270,0,0.000000,482003300,4.3910,87.8480,1.3042,52464,0,0.000000,455472917,4.2460,76.1603,1.6619,57387,0,0.000000,471028347,4.3232,87.2633,1.3899,56165,0,0.000000,462623005,4.3232,87.2633,1.3899,56165,0,0.000000,462623005,4.3232,87.2633,1.3899,56165,0,0.000000,462623005,+5.8248%,+11.8323%,-29.0730%,+2.3300%,+0.1447%,-9.6205%,+4.1892%,+11.2477%,-24.4124%,+4.1892%,+11.2477%,-24.4124%,+4.1892%,+11.2477%,-24.4124%
gzip-source_2_cacherand_1_gzip-program_1.txt,3,3.8488,76.6802,2.4354,47304,0,0.000000,519643392,4.0389,87.2700,1.9410,40865,0,0.000000,495178549,3.9353,75.7057,2.2962,44958,0,0.000000,508217001,3.9970,86.8215,2.0148,45985,0,0.000000,500373836,3.9970,86.8215,2.0148,45985,0,0.000000,500373836,3.9970,86.8215,2.0148,45985,0,0.000000,500373836,+4.9406%,+10.5899%,-20.3002%,+2.2483%,-0.9744%,-5.7173%,+3.8511%,+10.1414%,-17.2733%,+3.8511%,+10.1414%,-17.2733%,+3.8511%,+10.1414%,-17.2733%
gzip-source_2_cacherand_1_randacc_1.txt,3,3.4617,65.4180,3.9412,26644,0,0.000000,577748470,3.9984,87.7476,2.2856,26798,0,0.000000,500196030,3.6131,69.2971,3.4165,29272,0,0.000000,553543063,3.6940,80.4209,2.9892,28187,0,0.000000,541418336,3.6940,80.4209,2.9892,28187,0,0.000000,541418336,3.6940,80.4209,2.9892,28187,0,0.000000,541418336,+15.5044%,+22.3296%,-42.0078%,+4.3728%,+3.8791%,-13.3130%,+6.7102%,+15.0030%,-24.1562%,+6.7102%,+15.0030%,-24.1562%,+6.7102%,+15.0030%,-24.1562%
gzip-source_2_cacherand_1_recurseq_1.txt,3,3.4709,75.0734,2.1468,61279,0,0.000000,576221403,3.7282,87.7950,1.5900,65313,0,0.000000,536454835,3.6092,76.1263,1.9126,64855,0,0.000000,554139745,3.6456,87.2448,1.6890,65092,0,0.000000,548602513,3.6456,87.2448,1.6890,65092,0,0.000000,548602513,3.6456,87.2448,1.6890,65092,0,0.000000,548602513,+7.4129%,+12.7215%,-25.9352%,+3.9849%,+1.0529%,-10.9097%,+5.0344%,+12.1713%,-21.3232%,+5.0344%,+12.1713%,-21.3232%,+5.0344%,+12.1713%,-21.3232%
gzip-source_2_cacherand_1_seqacc_1.txt,3,3.8039,68.2494,3.4332,33491,0,0.000000,525777411,4.0846,87.9724,2.2509,41378,0,0.000000,489639386,3.9172,73.4588,2.9604,37398,0,0.000000,510569272,3.9925,84.5830,2.5387,38279,0,0.000000,500934209,3.9925,84.5830,2.5387,38279,0,0.000000,500934209,3.9925,84.5830,2.5387,38279,0,0.000000,500934209,+7.3805%,+19.7230%,-34.4380%,+2.9787%,+5.2094%,-13.7713%,+4.9594%,+16.3337%,-26.0533%,+4.9594%,+16.3337%,-26.0533%,+4.9594%,+16.3337%,-26.0533%
gzip-source_2_crafty_1_gcc-200_1.txt,3,3.2059,96.7971,2.0786,133814,0,0.000000,623850003,3.3691,98.5057,1.8774,101510,0,0.000000,593627796,3.2393,97.0092,2.0786,120941,0,0.000000,617416003,3.3083,97.5687,1.9364,108411,1,0.000000,604533724,3.3089,97.5707,1.9346,108649,1,0.000000,604429834,3.3088,97.5707,1.9336,108186,1,0.000000,604444236,+5.0911%,+1.7086%,-9.6794%,+1.0421%,+0.2122%,-0.0006%,+3.1952%,+0.7717%,-6.8398%,+3.2130%,+0.7736%,-6.9278%,+3.2105%,+0.7737%,-6.9735%
gzip-source_2_crafty_1_gcc-expr_1.txt,3,3.2459,96.8327,2.0168,134542,0,0.000000,616164365,3.4125,98.5460,1.8077,101559,0,0.000000,586083939,3.2850,97.0775,2.0042,122966,0,0.000000,608821943,3.3371,97.3910,1.8969,109313,1,0.000000,599330494,3.3724,97.9333,1.8136,104809,1,0.000000,593044731,3.3760,97.9964,1.8045,103403,0,0.000000,592425215,+5.1325%,+1.7132%,-10.3695%,+1.2060%,+0.2448%,-0.6253%,+2.8088%,+0.5582%,-5.9468%,+3.8985%,+1.1005%,-10.0754%,+4.0071%,+1.1637%,-10.5247%
gzip-source_2_crafty_1_gcc-scilab_1.txt,3,3.2291,96.7969,2.0400,137400,0,0.000000,619360929,3.4081,98.5713,1.8260,100462,0,0.000000,586843404,3.2709,97.0553,2.0237,124643,0,0.000000,611458094,3.3418,97.5969,1.8873,108632,1,0.000000,598471549,3.3413,97.6303,1.8845,108483,1,0.000000,598567324,3.3587,97.9761,1.8282,107363,0,0.000000,595468634,+5.5411%,+1.7744%,-10.4900%,+1.2925%,+0.2584%,-0.7987%,+3.4904%,+0.8000%,-7.4874%,+3.4739%,+0.8334%,-7.6216%,+4.0123%,+1.1793%,-10.3838%
gzip-source_2_crafty_1_gzip-program_1.txt,3,3.1020,96.7143,2.2454,126948,0,0.000000,644749076,3.1902,98.0390,2.0488,94962,0,0.000000,626924932,3.1076,96.6516,2.2742,120917,0,0.000000,643578565,3.1404,96.8892,2.1642,115043,1,0.000000,636856553,3.1353,96.8893,2.1666,114538,1,0.000000,637905501,3.1590,96.9135,2.1607,116403,1,0.000000,633102634,+2.8431%,+1.3247%,-8.7564%,+0.1819%,-0.0627%,+1.2837%,+1.2393%,+0.1749%,-3.6176%,+1.0728%,+0.1750%,-3.5085%,+1.8396%,+0.1991%,-3.7693%
gzip-source_2_crafty_1_randacc_1.txt,3,3.6225,88.2525,2.5249,71591,0,0.000000,552106311,3.8275,98.4886,1.8517,59041,0,0.000000,522528996,3.6663,90.2236,2.3784,72477,0,0.000000,545503450,3.7565,96.6569,2.0508,65148,44,0.000000,532410036,3.7549,96.4141,2.0579,65922,22,0.000000,532633504,3.7485,95.0910,2.0965,65941,8,0.000000,533544772,+5.6604%,+10.2361%,-26.6634%,+1.2104%,+1.9711%,-5.8035%,+3.6994%,+8.4044%,-18.7790%,+3.6559%,+8.1616%,-18.4954%,+3.4789%,+6.8385%,-16.9693%
gzip-source_2_crafty_1_recurseq_1.txt,3,3.2410,96.6638,1.8974,128850,0,0.000000,617093149,3.4026,98.5326,1.6042,105792,0,0.000000,587789686,3.3017,97.0201,1.8447,125074,0,0.000000,605754044,3.3323,97.2484,1.7509,120493,1,0.000000,600179193,3.3326,97.2482,1.7508,120826,1,0.000000,600132853,3.3333,97.2642,1.7480,120196,1,0.000000,600004302,+4.9854%,+1.8688%,-15.4507%,+1.8719%,+0.3563%,-2.7749%,+2.8181%,+0.5847%,-7.7222%,+2.8261%,+0.5844%,-7.7236%,+2.8481%,+0.6004%,-7.8749%
gzip-source_2_crafty_1_seqacc_1.txt,3,3.7519,90.5913,2.3468,69692,0,0.000000,533057345,3.9561,98.7142,1.7899,63932,0,0.000000,505551214,3.8004,94.3711,2.2127,73454,0,0.000000,526258253,3.8484,94.6031,2.0738,72002,1,0.000000,519692848,3.8484,94.6036,2.0737,72557,1,0.000000,519699408,3.8503,94.6217,2.0688,71695,1,0.000000,519446177,+5.4408%,+8.1228%,-23.7299%,+1.2920%,+3.7797%,-5.7146%,+2.5716%,+4.0117%,-11.6323%,+2.5703%,+4.0123%,-11.6343%,+2.6203%,+4.0303%,-11.8435%
gzip-source_2_gcc-200_1_gcc-expr_1.txt,3,3.2265,97.1738,1.8253,180193,0,0.000000,619867864,3.3690,98.4112,1.6891,140369,0,0.000000,593654904,3.2650,97.5169,1.8028,164092,0,0.000000,612564662,3.3188,97.8432,1.7029,143739,6,0.000000,602621253,3.3206,97.8578,1.7037,148406,2,0.000000,602297277,3.3209,97.8648,1.7028,147974,0,0.000000,602249056,+4.4155%,+1.2375%,-7.4623%,+1.1923%,+0.3431%,-1.2341%,+2.8619%,+0.6694%,-6.7045%,+2.9173%,+0.6840%,-6.6623%,+2.9255%,+0.6910%,-6.7117%
gzip-source_2_gcc-200_1_gcc-scilab_1.txt,3,3.2184,97.1716,1.8425,181748,0,0.000000,621420165,3.3643,98.4340,1.7037,141421,0,0.000000,594475300,3.2570,97.5021,1.8177,165329,0,0.000000,614064290,3.3211,97.8255,1.7299,147580,6,0.000000,602213127,3.3225,97.8365,1.7277,147326,2,0.000000,601961591,3.3174,97.8506,1.7286,151246,0,0.000000,602878633,+4.5325%,+1.2623%,-7.5295%,+1.1979%,+0.3304%,-1.3431%,+3.1894%,+0.6538%,-6.1109%,+3.2325%,+0.6648%,-6.2300%,+3.0755%,+0.6790%,-6.1795%
gzip-source_2_gcc-200_1_gzip-program_1.txt,3,3.3367,96.9798,2.1555,162518,0,0.000000,599400751,3.4363,97.9250,2.0001,120876,0,0.000000,582018095,3.3626,97.1169,2.1269,155583,0,0.000000,594778673,3.3945,97.4257,2.0350,141897,2,0.000000,589187845,3.4002,97.4303,2.0273,143333,2,0.000000,588193859,3.3991,97.4361,2.0275,141307,2,0.000000,588394161,+2.9866%,+0.9452%,-7.2113%,+0.7771%,+0.1370%,-1.3291%,+1.7334%,+0.4459%,-5.5903%,+1.9053%,+0.4505%,-5.9496%,+1.8706%,+0.4563%,-5.9409%
gzip-source_2_gcc-200_1_randacc_1.txt,3,3.6519,89.5686,2.3217,111295,0,0.000000,547664031,3.8276,98.3829,1.7920,92811,0,0.000000,522525436,3.7031,90.6963,2.1748,119800,0,0.000000,540093552,3.7824,97.1334,1.8831,100420,73,0.000000,528764448,3.7839,97.1403,1.8814,100423,36,0.000000,528548733,3.7856,97.1096,1.8791,100652,14,0.000000,528317134,+4.8110%,+8.8143%,-22.8142%,+1.4017%,+1.1276%,-6.3265%,+3.5743%,+7.5648%,-18.8924%,+3.6166%,+7.5717%,-18.9640%,+3.6620%,+7.5410%,-19.0632%
gzip-source_2_gcc-200_1_recurseq_1.txt,3,3.1504,96.9716,1.8679,210256,0,0.000000,634849864,3.2740,98.4046,1.6421,180647,0,0.000000,610873357,3.2003,97.4830,1.7874,211353,0,0.000000,624949269,3.2334,97.7906,1.6933,191483,2,0.000000,618544509,3.2328,97.7917,1.6941,189375,2,0.000000,618660543,3.2270,97.7249,1.7047,192539,1,0.000000,619761597,+3.9250%,+1.4329%,-12.0917%,+1.5842%,+0.5114%,-4.3133%,+2.6361%,+0.8190%,-9.3490%,+2.6169%,+0.8201%,-9.3040%,+2.4345%,+0.7533%,-8.7363%
gzip-source_2_gcc-200_1_seqacc_1.txt,3,3.7664,91.9880,2.1763,123374,0,0.000000,531013423,3.9180,98.6038,1.7773,116181,0,0.000000,510468221,3.8143,94.8446,2.0337,141333,0,0.000000,524336887,3.8725,97.4115,1.8674,119673,12,0.000000,516458630,3.8713,97.2161,1.8744,120726,10,0.000000,516619072,3.8713,97.2749,1.8718,119566,6,0.000000,516622071,+4.0248%,+6.6159%,-18.3309%,+1.2733%,+2.8566%,-6.5501%,+2.8182%,+5.4235%,-14.1922%,+2.7863%,+5.2282%,-13.8721%,+2.7857%,+5.2869%,-13.9892%
gzip-source_2_gcc-expr_1_gcc-scilab_1.txt,3,3.2653,97.2232,1.7827,176634,0,0.000000,612493618,3.4065,98.4688,1.6403,139442,0,0.000000,587111650,3.3015,97.5538,1.7584,160827,0,0.000000,605786838,3.3543,97.8853,1.6571,143325,2,0.000000,596257346,3.3510,97.8759,1.6579,146111,0,0.000000,596839336,3.3510,97.8759,1.6579,146111,0,0.000000,596839336,+4.3232%,+1.2457%,-7.9875%,+1.1071%,+0.3306%,-1.3625%,+2.7231%,+0.6621%,-7.0476%,+2.6229%,+0.6527%,-7.0036%,+2.6229%,+0.6527%,-7.0036%
gzip-source_2_gcc-expr_1_gzip-program_1.txt,3,3.4237,97.0322,2.0716,168151,0,0.000000,584164648,3.5300,97.9433,1.9310,125392,0,0.000000,566572230,3.4546,97.1713,2.0463,158013,0,0.000000,578943648,3.4946,97.4092,1.9567,142560,2,0.000000,572316764,3.5007,97.4115,1.9462,148370,1,0.000000,571311432,3.5055,97.4271,1.9426,148525,1,0.000000,570532211,+3.1051%,+0.9112%,-6.7867%,+0.9018%,+0.1391%,-1.2212%,+2.0702%,+0.3771%,-5.5493%,+2.2498%,+0.3794%,-6.0558%,+2.3894%,+0.3949%,-6.2291%
gzip-source_2_gcc-expr_1_randacc_1.txt,3,3.6937,89.5683,2.2539,110863,0,0.000000,541455805,3.8626,98.4016,1.7449,96317,0,0.000000,517783578,3.7481,90.7531,2.1105,113612,0,0.000000,533610551,3.8222,97.3304,1.8199,103262,62,0.000000,523259747,3.8237,97.3469,1.8198,102479,32,0.000000,523057299,3.8251,97.2318,1.8200,104219,12,0.000000,522862556,+4.5718%,+8.8333%,-22.5809%,+1.4702%,+1.1848%,-6.3624%,+3.4774%,+7.7621%,-19.2531%,+3.5175%,+7.7786%,-19.2572%,+3.5560%,+7.6635%,-19.2510%
gzip-source_2_gcc-expr_1_recurseq_1.txt,3,3.2384,97.0309,1.8145,233173,0,0.000000,617592285,3.3627,98.4103,1.5934,197431,0,0.000000,594755336,3.2889,97.5162,1.7341,235609,0,0.000000,608099931,3.3211,97.7667,1.6490,205723,2,0.000000,602208170,3.3249,97.7605,1.6480,203370,2,0.000000,601526667,3.3248,97.7708,1.6448,212912,1,0.000000,601539601,+3.8397%,+1.3793%,-12.1866%,+1.5610%,+0.4853%,-4.4284%,+2.5546%,+0.7358%,-9.1217%,+2.6708%,+0.7296%,-9.1776%,+2.6686%,+0.7398%,-9.3537%
gzip-source_2_gcc-expr_1_seqacc_1.txt,3,3.7899,91.9520,2.1236,126812,0,0.000000,527719191,3.9373,98.6207,1.7348,122118,0,0.000000,507965182,3.8398,94.8926,1.9785,142687,0,0.000000,520864634,3.8937,97.3801,1.8190,128156,10,0.000000,513653515,3.8944,97.3724,1.8200,126845,6,0.000000,513562391,3.8962,97.4535,1.8155,129247,2,0.000000,513319399,+3.8888%,+6.6687%,-18.3053%,+1.3160%,+2.9406%,-6.8329%,+2.7383%,+5.4281%,-14.3434%,+2.7566%,+5.4205%,-14.2941%,+2.8052%,+5.5015%,-14.5078%
gzip-source_2_gcc-scilab_1_gzip-program_1.txt,3,3.4052,97.0250,2.0918,159050,0,0.000000,587335643,3.5092,97.9861,1.9439,120126,0,0.000000,569934502,3.4491,97.1650,2.0647,150829,0,0.000000,579861897,3.4778,97.4626,1.9715,137636,2,0.000000,575070361,3.4754,97.4051,1.9904,142202,1,0.000000,575478747,3.4728,97.4165,1.9918,144974,1,0.000000,575906681,+3.0532%,+0.9611%,-7.0718%,+1.2889%,+0.1400%,-1.2943%,+2.1329%,+0.4376%,-5.7498%,+2.0603%,+0.3801%,-4.8498%,+1.9845%,+0.3915%,-4.7804%
gzip-source_2_gcc-scilab_1_randacc_1.txt,3,3.6823,89.5824,2.2673,102252,0,0.000000,543135465,3.8598,98.4443,1.7484,85801,0,0.000000,518157524,3.7375,90.7440,2.1216,107971,0,0.000000,535117561,3.8161,97.3032,1.8383,92468,66,0.000000,524095465,3.8181,97.3309,1.8362,93362,30,0.000000,523823030,3.8188,97.2112,1.8376,94327,12,0.000000,523727285,+4.8205%,+8.8620%,-22.8850%,+1.4983%,+1.1616%,-6.4262%,+3.6329%,+7.7208%,-18.9211%,+3.6868%,+7.7486%,-19.0128%,+3.7058%,+7.6288%,-18.9489%
gzip-source_2_gcc-scilab_1_recurseq_1.txt,3,3.2319,97.0487,1.8029,192195,0,0.000000,618826065,3.3592,98.4721,1.5789,160300,0,0.000000,595382529,3.2808,97.5401,1.7259,194012,0,0.000000,609605699,3.3161,97.8310,1.6334,170643,2,0.000000,603127154,3.3126,97.7786,1.6466,171507,1,0.000000,603751322,3.3132,97.7862,1.6457,172158,1,0.000000,603643945,+3.9376%,+1.4234%,-12.4238%,+1.5125%,+0.4914%,-4.2722%,+2.6029%,+0.7824%,-9.4011%,+2.4968%,+0.7299%,-8.6711%,+2.5151%,+0.7375%,-8.7184%
gzip-source_2_gcc-scilab_1_seqacc_1.txt,3,3.7943,91.9818,2.1311,111554,0,0.000000,527102789,3.9393,98.6611,1.7435,106426,0,0.000000,507705790,3.8420,94.8840,1.9893,128755,0,0.000000,520561551,3.8961,97.5481,1.8313,111210,10,0.000000,513336977,3.8979,97.6761,1.8281,111065,2,0.000000,513097032,3.8989,97.6572,1.8257,110938,2,0.000000,512958705,+3.8205%,+6.6792%,-18.1884%,+1.2566%,+2.9022%,-6.6508%,+2.6816%,+5.5663%,-14.0681%,+2.7296%,+5.6943%,-14.2192%,+2.7573%,+5.6753%,-14.3282%
gzip-source_2_gzip-program_1_randacc_1.txt,3,3.3363,89.9340,3.1239,532229,0,0.000000,599473041,3.4869,97.8918,2.6033,464014,0,0.000000,573572723,3.3984,90.3222,2.9965,524381,0,0.000000,588512055,3.4592,96.5802,2.7028,450073,15,0.000000,578165858,3.4592,96.5793,2.7024,450996,9,0.000000,578174822,3.4590,96.4524,2.7051,451184,5,0.000000,578205601,+4.5156%,+7.9578%,-16.6643%,+1.8625%,+0.3882%,-4.0782%,+3.6853%,+6.6462%,-13.4791%,+3.6837%,+6.6453%,-13.4914%,+3.6782%,+6.5184%,-13.4047%
gzip-source_2_gzip-program_1_recurseq_1.txt,3,2.8344,96.7156,2.4453,607395,0,0.000000,705627538,2.8845,97.9323,2.2912,507269,0,0.000000,693368900,2.8519,97.1128,2.3983,614130,0,0.000000,701276196,2.8774,97.3800,2.3159,512785,2,0.000000,695073721,2.8767,97.3806,2.3168,511971,2,0.000000,695249785,2.8784,97.3816,2.3159,511813,2,0.000000,694839665,+1.7679%,+1.2167%,-6.3012%,+0.6205%,+0.3972%,-1.9217%,+1.5184%,+0.6644%,-5.2936%,+1.4926%,+0.6650%,-5.2561%,+1.5526%,+0.6660%,-5.2943%
gzip-source_2_gzip-program_1_seqacc_1.txt,3,3.4931,92.1962,2.9626,577003,0,0.000000,572563269,3.5757,98.1058,2.6107,505542,0,0.000000,559334407,3.5171,94.4539,2.8495,590226,0,0.000000,568652962,3.5529,97.1853,2.6997,481514,5,0.000000,562922758,3.5530,97.1929,2.6996,482113,3,0.000000,562910408,3.5527,97.1716,2.7006,482084,1,0.000000,562956279,+2.3651%,+5.9096%,-11.8794%,+0.6876%,+2.2576%,-3.8188%,+1.7126%,+4.9891%,-8.8738%,+1.7148%,+4.9967%,-8.8767%,+1.7065%,+4.9754%,-8.8441%
gzip-source_2_randacc_1_recurseq_1.txt,3,3.5686,89.1288,1.9111,71020,0,0.000000,560442692,3.7526,98.6690,1.3896,58419,0,0.000000,532967761,3.6601,90.9876,1.7151,69252,0,0.000000,546432797,3.6951,97.6803,1.4833,61487,60,0.000000,541252260,3.7002,97.6733,1.4797,61046,30,0.000000,540516651,3.7017,97.6791,1.4788,61298,12,0.000000,540290401,+5.1551%,+9.5401%,-27.2876%,+2.5639%,+1.8587%,-10.2569%,+3.5456%,+8.5515%,-22.3841%,+3.6865%,+8.5445%,-22.5733%,+3.7299%,+8.5502%,-22.6234%
gzip-source_2_randacc_1_seqacc_1.txt,3,3.9722,83.1230,2.9118,33560,0,0.000000,503497126,4.2483,98.8551,1.8181,39851,0,0.000000,470778928,4.0717,88.3294,2.5078,36885,0,0.000000,491193027,4.1559,93.8449,2.1497,38249,157,0.000000,481242203,4.1621,94.4519,2.1102,38250,78,0.000000,480526069,4.1638,94.3858,2.1112,38346,26,0.000000,480333046,+6.9498%,+15.7321%,-37.5595%,+2.5049%,+5.2064%,-13.8733%,+4.6245%,+10.7219%,-26.1711%,+4.7804%,+11.3289%,-27.5284%,+4.8225%,+11.2628%,-27.4954%
gzip-source_2_recurseq_1_seqacc_1.txt,3,3.7369,91.5342,1.7431,90299,0,0.000000,535197216,3.9035,98.8906,1.3399,84108,0,0.000000,512365663,3.8168,95.1349,1.5486,87709,0,0.000000,524004566,3.8465,95.3805,1.4697,87615,1,0.000000,519955477,3.8460,95.3831,1.4699,87574,1,0.000000,520022660,3.8461,95.3905,1.4696,87233,1,0.000000,520008822,+4.4561%,+7.3564%,-23.1270%,+2.1360%,+3.6007%,-11.1572%,+2.9314%,+3.8464%,-15.6837%,+2.9181%,+3.8489%,-15.6704%,+2.9208%,+3.8563%,-15.6872%
randacc_2_cacherand_1_gzip-program_1.txt,3,3.3490,64.9966,3.9749,14088,0,0.000000,597196519,3.9308,87.6883,2.2045,414,0,0.000000,508798738,3.5150,69.2195,3.3905,10932,0,0.000000,568995534,3.5987,80.3405,2.9594,10676,0,0.000000,555754518,3.5987,80.3405,2.9594,10676,0,0.000000,555754518,3.5987,80.3405,2.9594,10676,0,0.000000,555754518,+17.3738%,+22.6917%,-44.5382%,+4.9563%,+4.2228%,-14.7016%,+7.4569%,+15.3439%,-25.5473%,+7.4569%,+15.3439%,-25.5473%,+7.4569%,+15.3439%,-25.5473%
randacc_2_cacherand_1_recurseq_1.txt,3,0.3456,63.5814,2.1534,0,0,0.000000,5786634177,0.3219,88.4205,0.7428,0,0,0.000000,6212163864,0.3188,69.8465,1.7726,0,0,0.000000,6273066547,0.3166,80.9411,1.4496,0,0,0.000000,6317455120,0.3166,80.9411,1.4496,0,0,0.000000,6317455120,0.3166,80.9411,1.4496,0,0,0.000000,6317455120,-6.8499%,+24.8392%,-65.5051%,-7.7544%,+6.2651%,-17.6833%,-8.4025%,+17.3598%,-32.6819%,-8.4025%,+17.3598%,-32.6819%,-8.4025%,+17.3598%,-32.6819%
randacc_2_cacherand_1_seqacc_1.txt,3,3.6067,56.2044,6.9162,0,0,0.000000,554519700,4.3724,88.6378,0.9673,0,0,0.000000,457414792,3.8800,67.2422,4.4784,0,0,0.000000,515463876,3.9950,78.3426,3.3306,0,0,0.000000,500623371,3.9950,78.3426,3.3306,0,0,0.000000,500623371,3.9950,78.3426,3.3306,0,0,0.000000,500623371,+21.2291%,+32.4333%,-86.0146%,+7.5768%,+11.0378%,-35.2474%,+10.7658%,+22.1382%,-51.8437%,+10.7658%,+22.1382%,-51.8437%,+10.7658%,+22.1382%,-51.8437%
randacc_2_crafty_1_cacherand_1.txt,3,3.2606,61.9010,3.4848,16,0,0.000000,613388826,4.2776,88.2625,1.2436,0,0,0.000000,467555170,3.4749,69.1160,2.7220,11,0,0.000000,575552763,3.6275,80.0780,2.2204,7,1,0.000000,551337653,3.6285,79.9762,2.2208,5,1,0.000000,551191782,3.6319,79.6430,2.2170,7,1,0.000000,550669555,+31.1907%,+26.3616%,-64.3138%,+6.5739%,+7.2150%,-21.8893%,+11.2546%,+18.1771%,-36.2838%,+11.2841%,+18.0752%,-36.2713%,+11.3896%,+17.7420%,-36.3803%
randacc_2_crafty_1_gzip-program_1.txt,3,3.5496,88.0178,2.5048,35557,0,0.000000,563447609,3.7543,98.4361,1.8136,861,0,0.000000,532729160,3.5946,90.1459,2.3433,27021,0,0.000000,556388761,3.6819,96.6011,2.0155,12017,40,0.000000,543194420,3.6829,96.5998,2.0145,13146,21,0.000000,543043011,3.6830,96.5020,2.0138,10546,11,0.000000,543036241,+5.7662%,+10.4183%,-27.5934%,+1.2687%,+2.1281%,-6.4468%,+3.7285%,+8.5833%,-19.5351%,+3.7575%,+8.5820%,-19.5765%,+3.7588%,+8.4842%,-19.6039%
randacc_2_crafty_1_gzip-source_1.txt,3,3.6225,88.2516,2.5251,30537,0,0.000000,552103450,3.8273,98.4889,1.8515,841,0,0.000000,522560644,3.6666,90.2235,2.3768,23495,0,0.000000,545461979,3.7577,96.7153,2.0489,7343,42,0.000000,532242285,3.7551,96.4286,2.0572,8054,24,0.000000,532606004,3.7483,95.0922,2.0967,10768,8,0.000000,533571026,+5.6535%,+10.2373%,-26.6765%,+1.2176%,+1.9719%,-5.8708%,+3.7316%,+8.4637%,-18.8594%,+3.6607%,+8.1770%,-18.5283%,+3.4733%,+6.8406%,-16.9663%
randacc_2_crafty_1_recurseq_1.txt,3,3.6159,87.2096,1.5922,62,0,0.000000,553116815,3.9958,99.1894,0.8205,0,0,0.000000,500523627,3.7832,90.8016,1.3151,24,0,0.000000,528653295,3.9024,97.8383,1.0169,2,1,0.000000,512504970,3.9024,97.7689,1.0180,5,1,0.000000,512507525,3.9012,97.5590,1.0195,5,1,0.000000,512659403,+10.5076%,+11.9798%,-48.4687%,+4.6275%,+3.5920%,-17.4065%,+7.9242%,+10.6287%,-36.1302%,+7.9236%,+10.5593%,-36.0658%,+7.8917%,+10.3494%,-35.9686%
randacc_2_crafty_1_seqacc_1.txt,3,4.0935,79.6210,2.2936,12,0,0.000000,488574208,4.7015,99.3923,0.8167,1,0,0.000000,425394002,4.3038,88.1743,1.7238,8,0,0.000000,464700285,4.5118,95.1944,1.2180,3,1,0.000000,443283681,4.5110,95.1174,1.2199,3,1,0.000000,443357685,4.5098,94.8730,1.2232,3,1,0.000000,443477897,+14.8522%,+19.7713%,-64.3934%,+5.1375%,+8.5533%,-24.8426%,+10.2171%,+15.5734%,-46.8937%,+10.1987%,+15.4964%,-46.8131%,+10.1688%,+15.2520%,-46.6673%
randacc_2_gcc-200_1_cacherand_1.txt,3,3.4669,64.0478,2.9176,10328,0,0.000000,576886572,4.2679,88.1188,1.2175,202,0,0.000000,468619670,3.7050,69.5496,2.2768,6396,0,0.000000,539808521,3.8268,80.5340,1.8680,6375,1,0.000000,522627783,3.8279,80.4035,1.8683,6343,1,0.000000,522473883,3.8299,80.0166,1.8740,6286,1,0.000000,522202127,+23.1034%,+24.0710%,-58.2691%,+6.8688%,+5.5018%,-21.9640%,+10.3819%,+16.4861%,-35.9748%,+10.4144%,+16.3557%,-35.9639%,+10.4719%,+15.9688%,-35.7710%
randacc_2_gcc-200_1_gzip-program_1.txt,3,3.5769,89.2866,2.2925,60574,0,0.000000,559141071,3.7546,98.3298,1.7463,1583,0,0.000000,532676906,3.6331,90.6267,2.1294,48008,0,0.000000,550497709,3.7099,96.9343,1.8425,16809,77,0.000000,539095050,3.7098,96.8912,1.8438,15784,41,0.000000,539107584,3.7118,96.8683,1.8416,15037,17,0.000000,538814988,+4.9681%,+9.0432%,-23.8255%,+1.5701%,+1.3401%,-7.1149%,+3.7185%,+7.6477%,-19.6272%,+3.7161%,+7.6047%,-19.5700%,+3.7724%,+7.5818%,-19.6661%
randacc_2_gcc-200_1_gzip-source_1.txt,3,3.6515,89.5677,2.3221,54742,0,0.000000,547723373,3.8273,98.3835,1.7925,1557,0,0.000000,522564311,3.7042,90.6966,2.1733,44008,0,0.000000,539932097,3.7823,97.1324,1.8825,11569,73,0.000000,528777566,3.7832,97.1393,1.8823,12001,36,0.000000,528648623,3.7850,97.1199,1.8796,13212,12,0.000000,528402484,+4.8145%,+8.8158%,-22.8082%,+1.4430%,+1.1289%,-6.4091%,+3.5830%,+7.5647%,-18.9288%,+3.6082%,+7.5716%,-18.9402%,+3.6565%,+7.5522%,-19.0562%
randacc_2_gcc-200_1_recurseq_1.txt,3,3.5762,88.4370,1.5304,16607,0,0.000000,559254502,3.8867,99.0248,0.8978,501,0,0.000000,514579131,3.7293,91.2185,1.2591,11339,0,0.000000,536292233,3.8206,98.0976,0.9913,698,17,0.000000,523471642,3.8204,97.9632,0.9947,761,13,0.000000,523499822,3.8205,97.8278,0.9976,915,5,0.000000,523490261,+8.6819%,+10.5878%,-41.3370%,+4.2817%,+2.7815%,-17.7263%,+6.8357%,+9.6605%,-35.2263%,+6.8299%,+9.5262%,-35.0021%,+6.8319%,+9.3907%,-34.8158%
randacc_2_gcc-200_1_seqacc_1.txt,3,4.1361,81.7743,1.9821,9107,0,0.000000,483542956,4.6311,99.2746,0.8103,385,0,0.000000,431865829,4.3395,88.6287,1.4708,5951,0,0.000000,460879186,4.5093,95.0257,1.0589,1151,73,0.000000,443529603,4.5103,95.0279,1.0567,1532,37,0.000000,443428772,4.5088,94.9345,1.0583,1309,15,0.000000,443574974,+11.9660%,+17.5003%,-59.1185%,+4.9175%,+6.8544%,-25.7968%,+9.0216%,+13.2515%,-46.5793%,+9.0464%,+13.2536%,-46.6868%,+9.0104%,+13.1602%,-46.6085%
randacc_2_gcc-expr_1_cacherand_1.txt,3,3.5626,64.0281,2.7129,8424,0,0.000000,561394701,4.3060,88.1531,1.1796,221,0,0.000000,464467376,3.8253,69.6100,2.1000,4993,0,0.000000,522828625,3.9442,80.5957,1.7225,5045,1,0.000000,507070035,3.9441,80.4807,1.7224,5124,1,0.000000,507087236,3.9447,80.0829,1.7286,5159,1,0.000000,507003719,+20.8685%,+24.1251%,-56.5199%,+7.3764%,+5.5819%,-22.5924%,+10.7135%,+16.5677%,-36.5072%,+10.7097%,+16.4526%,-36.5104%,+10.7279%,+16.0549%,-36.2835%
randacc_2_gcc-expr_1_gzip-program_1.txt,3,3.6295,89.3330,2.2217,56973,0,0.000000,551035746,3.7949,98.3452,1.7080,1655,0,0.000000,527019328,3.6855,90.6833,2.0624,44930,0,0.000000,542666178,3.7588,97.0616,1.7809,14476,74,0.000000,532086531,3.7609,97.1357,1.7788,14790,35,0.000000,531781350,3.7622,97.0585,1.7785,15344,13,0.000000,531597910,+4.5570%,+9.0122%,-23.1210%,+1.5423%,+1.3502%,-7.1695%,+3.5613%,+7.7285%,-19.8400%,+3.6207%,+7.8026%,-19.9334%,+3.6565%,+7.7254%,-19.9462%
randacc_2_gcc-expr_1_gzip-source_1.txt,3,3.6940,89.5698,2.2542,52875,0,0.000000,541423983,3.8628,98.4017,1.7447,1718,0,0.000000,517758806,3.7484,90.7531,2.1090,43432,0,0.000000,533562832,3.8225,97.3453,1.8200,11274,60,0.000000,523219573,3.8240,97.3471,1.8202,12411,32,0.000000,523010466,3.8251,97.2321,1.8202,12317,12,0.000000,522858897,+4.5707%,+8.8319%,-22.6049%,+1.4733%,+1.1833%,-6.4438%,+3.4793%,+7.7756%,-19.2624%,+3.5207%,+7.7774%,-19.2521%,+3.5507%,+7.6623%,-19.2516%
randacc_2_gcc-expr_1_recurseq_1.txt,3,3.6142,88.5063,1.4852,13462,0,0.000000,553374839,3.9073,99.0712,0.8869,557,0,0.000000,511858507,3.7657,91.3003,1.2283,11173,0,0.000000,531106406,3.8462,98.2428,0.9719,1398,15,0.000000,519993142,3.8461,98.2605,0.9715,1711,3,0.000000,520008864,3.8458,98.0442,0.9762,787,1,0.000000,520044877,+8.1109%,+10.5649%,-40.2840%,+4.1928%,+2.7940%,-17.2997%,+6.4196%,+9.7365%,-34.5599%,+6.4164%,+9.7542%,-34.5879%,+6.4090%,+9.5379%,-34.2749%
randacc_2_gcc-expr_1_seqacc_1.txt,3,4.1794,81.7844,1.9017,9610,0,0.000000,478543387,4.6402,99.2901,0.8155,538,0,0.000000,431018295,4.3821,88.6782,1.4217,6619,0,0.000000,456404175,4.5322,95.1440,1.0297,2250,69,0.000000,441282530,4.5325,95.0102,1.0351,2583,37,0.000000,441254472,4.5322,95.0048,1.0325,541,11,0.000000,441286400,+11.0262%,+17.5057%,-57.1166%,+4.8508%,+6.8938%,-25.2434%,+8.4438%,+13.3595%,-45.8525%,+8.4506%,+13.2257%,-45.5681%,+8.4428%,+13.2203%,-45.7092%
randacc_2_gcc-scilab_1_cacherand_1.txt,3,3.4989,64.0350,2.7818,7485,0,0.000000,571614752,4.3215,88.2152,1.1429,192,0,0.000000,462797913,3.7675,69.6327,2.1323,4603,0,0.000000,530862896,3.8920,80.6126,1.7474,4675,1,0.000000,513876662,3.8921,80.4805,1.7491,4666,1,0.000000,513865579,3.8944,80.1004,1.7536,4609,1,0.000000,513554603,+23.5128%,+24.1802%,-58.9129%,+7.6765%,+5.5978%,-23.3471%,+11.2358%,+16.5776%,-37.1840%,+11.2382%,+16.4455%,-37.1226%,+11.3055%,+16.0655%,-36.9612%
randacc_2_gcc-scilab_1_gzip-program_1.txt,3,3.6052,89.3141,2.2421,51296,0,0.000000,554748326,3.7896,98.3869,1.6983,1509,0,0.000000,527761777,3.6684,90.6719,2.0729,41072,0,0.000000,545193117,3.7445,97.1079,1.7957,11448,74,0.000000,534113210,3.7461,97.1948,1.7921,11641,35,0.000000,533886245,3.7465,97.0310,1.7948,11806,13,0.000000,533837049,+5.1134%,+9.0728%,-24.2562%,+1.7526%,+1.3577%,-7.5462%,+3.8634%,+7.7938%,-19.9125%,+3.9076%,+7.8807%,-20.0718%,+3.9172%,+7.7168%,-19.9491%
randacc_2_gcc-scilab_1_gzip-source_1.txt,3,3.6826,89.5813,2.2670,52475,0,0.000000,543094285,3.8597,98.4447,1.7484,1502,0,0.000000,518178016,3.7381,90.7442,2.1206,41658,0,0.000000,535030550,3.8165,97.3160,1.8378,9862,66,0.000000,524045335,3.8182,97.3314,1.8360,9954,30,0.000000,523804169,3.8186,97.2109,1.8377,11113,12,0.000000,523745955,+4.8084%,+8.8634%,-22.8754%,+1.5071%,+1.1629%,-6.4575%,+3.6350%,+7.7347%,-18.9290%,+3.6827%,+7.7501%,-19.0096%,+3.6942%,+7.6297%,-18.9361%
randacc_2_gcc-scilab_1_recurseq_1.txt,3,3.6157,88.5262,1.4725,13898,0,0.000000,553138445,3.9182,99.1376,0.8608,474,0,0.000000,510438352,3.7670,91.3284,1.2119,10259,0,0.000000,530925701,3.8521,98.3243,0.9565,744,9,0.000000,519201884,3.8520,98.2686,0.9571,472,3,0.000000,519204374,3.8511,98.0631,0.9619,676,1,0.000000,519337545,+8.3654%,+10.6114%,-41.5447%,+4.1838%,+2.8021%,-17.6976%,+6.5363%,+9.7980%,-35.0461%,+6.5358%,+9.7424%,-35.0063%,+6.5084%,+9.5368%,-34.6749%
randacc_2_gcc-scilab_1_seqacc_1.txt,3,4.1661,81.7357,1.9169,8335,0,0.000000,480064421,4.6494,99.3360,0.7900,426,0,0.000000,430161566,4.3719,88.6784,1.4211,5709,0,0.000000,457468722,4.5297,95.2051,1.0293,1788,63,0.000000,441531432,4.5295,95.1204,1.0321,1301,31,0.000000,441546002,4.5270,95.0010,1.0355,1714,11,0.000000,441794898,+11.6009%,+17.6003%,-58.7864%,+4.9393%,+6.9426%,-25.8683%,+8.7271%,+13.4694%,-46.3050%,+8.7235%,+13.3846%,-46.1569%,+8.6623%,+13.2653%,-45.9823%
randacc_2_gzip-program_1_seqacc_1.txt,3,3.9067,82.7457,2.8683,17179,0,0.000000,511942937,4.1835,98.8011,1.7429,486,0,0.000000,478071167,4.0103,88.2601,2.4395,13629,0,0.000000,498716414,4.0905,93.9465,2.0685,5216,157,0.000000,488933651,4.0928,93.9696,2.0646,5420,93,0.000000,488666727,4.0957,94.1909,2.0444,4915,21,0.000000,488312380,+7.0851%,+16.0554%,-39.2356%,+2.6521%,+5.5144%,-14.9491%,+4.7060%,+11.2009%,-27.8833%,+4.7632%,+11.2239%,-28.0211%,+4.8392%,+11.4452%,-28.7237%
randacc_2_gzip-source_1_cacherand_1.txt,3,3.4615,65.4214,3.9417,14124,0,0.000000,577777667,3.9984,87.7476,2.2854,407,0,0.000000,500201726,3.6138,69.2970,3.4158,10918,0,0.000000,553432254,3.6929,80.3404,2.9901,10495,1,0.000000,541584788,3.6924,80.2717,2.9916,10377,1,0.000000,541648410,3.6914,80.0805,2.9980,10564,1,0.000000,541794656,+15.5089%,+22.3261%,-42.0190%,+4.3990%,+3.8756%,-13.3417%,+6.6828%,+14.9190%,-24.1411%,+6.6702%,+14.8502%,-24.1051%,+6.6415%,+14.6590%,-23.9410%
randacc_2_gzip-source_1_gzip-program_1.txt,3,3.3351,89.9354,3.1244,75728,0,0.000000,599674575,3.4869,97.8915,2.6032,4066,0,0.000000,573578684,3.3990,90.3210,2.9955,109270,0,0.000000,588400824,3.4591,96.5795,2.7032,88730,14,0.000000,578185054,3.4592,96.5781,2.7032,88672,8,0.000000,578170506,3.4588,96.4515,2.7055,89519,4,0.000000,578236337,+4.5497%,+7.9561%,-16.6826%,+1.9160%,+0.3856%,-4.1246%,+3.7167%,+6.6442%,-13.4814%,+3.7193%,+6.6427%,-13.4813%,+3.7075%,+6.5161%,-13.4084%
randacc_2_gzip-source_1_recurseq_1.txt,3,3.5686,89.1288,1.9111,29277,0,0.000000,560448303,3.7527,98.6688,1.3897,649,0,0.000000,532948132,3.6598,90.9875,1.7156,24468,0,0.000000,546476068,3.6928,97.6294,1.4841,5841,61,0.000000,541592460,3.6941,97.6165,1.4831,5760,29,0.000000,541406449,3.6949,97.6062,1.4824,5966,11,0.000000,541288183,+5.1600%,+9.5400%,-27.2832%,+2.5568%,+1.8587%,-10.2299%,+3.4816%,+8.5007%,-22.3449%,+3.5171%,+8.4878%,-22.3964%,+3.5397%,+8.4774%,-22.4323%
randacc_2_gzip-source_1_seqacc_1.txt,3,3.9722,83.1236,2.9115,18726,0,0.000000,503499300,4.2482,98.8551,1.8183,588,0,0.000000,470788627,4.0716,88.3293,2.5086,14622,0,0.000000,491204360,4.1547,93.8962,2.1485,5924,154,0.000000,481385427,4.1599,94.4050,2.1145,3956,79,0.000000,480775736,4.1598,94.2210,2.1225,5087,27,0.000000,480792912,+6.9481%,+15.7315%,-37.5474%,+2.5030%,+5.2057%,-13.8371%,+4.5938%,+10.7727%,-26.2053%,+4.7264%,+11.2814%,-27.3736%,+4.7227%,+11.0974%,-27.0988%
randacc_2_recurseq_1_gzip-program_1.txt,3,3.5346,88.8212,1.8711,36094,0,0.000000,565832966,3.7005,98.6038,1.3512,870,0,0.000000,540465784,3.6287,90.8906,1.6633,27687,0,0.000000,551161662,3.6500,97.3569,1.4443,9490,74,0.000000,547943430,3.6542,97.4211,1.4401,9759,35,0.000000,547309684,3.6598,97.2634,1.4391,9404,13,0.000000,546479233,+4.6936%,+9.7826%,-27.7883%,+2.6619%,+2.0694%,-11.1054%,+3.2649%,+8.5357%,-22.8092%,+3.3844%,+8.5999%,-23.0349%,+3.5415%,+8.4422%,-23.0862%
randacc_2_recurseq_1_seqacc_1.txt,3,4.0732,81.5793,1.4083,0,0,0.000000,491019779,4.5362,99.5683,0.3703,0,0,0.000000,440899147,4.3126,88.9430,0.9065,0,0,0.000000,463760573,4.4129,95.9824,0.5681,0,1,0.000000,453212561,4.4124,95.8948,0.5714,0,1,0.000000,453263295,4.4114,95.6319,0.5814,0,1,0.000000,453369801,+11.3678%,+17.9890%,-73.7093%,+5.8779%,+7.3637%,-35.6294%,+8.3420%,+14.4031%,-59.6645%,+8.3299%,+14.3155%,-59.4273%,+8.3045%,+14.0526%,-58.7189%
recurseq_2_cacherand_1_randacc_1.txt,3,0.3421,63.6380,1.8962,0,0,0.000000,5846191879,0.3229,88.4207,0.7427,0,0,0.000000,6193557958,0.3325,69.8605,1.5544,0,0,0.000000,6015649087,0.3320,80.9579,1.2744,0,0,0.000000,6023290351,0.3320,80.9579,1.2744,0,0,0.000000,6023290351,0.3320,80.9579,1.2744,0,0,0.000000,6023290351,-5.6085%,+24.7827%,-60.8314%,-2.8170%,+6.2225%,-18.0284%,-2.9403%,+17.3200%,-32.7938%,-2.9403%,+17.3200%,-32.7938%,-2.9403%,+17.3200%,-32.7938%
recurseq_2_cacherand_1_seqacc_1.txt,3,3.8891,66.6618,1.7362,0,0,0.000000,514259184,4.3783,88.6783,0.6598,0,0,0.000000,456798742,4.1587,74.0747,1.1868,0,0,0.000000,480918922,4.2289,85.1768,0.8788,0,0,0.000000,472933705,4.2289,85.1768,0.8788,0,0,0.000000,472933705,4.2289,85.1768,0.8788,0,0,0.000000,472933705,+12.5789%,+22.0164%,-61.9997%,+6.9326%,+7.4129%,-31.6440%,+8.7381%,+18.5150%,-49.3863%,+8.7381%,+18.5150%,-49.3863%,+8.7381%,+18.5150%,-49.3863%
recurseq_2_crafty_1_cacherand_1.txt,3,3.5648,72.4288,1.7955,88,0,0.000000,561042402,3.9017,88.2970,1.0309,11,0,0.000000,512595563,3.7245,75.9300,1.5080,33,0,0.000000,536985353,3.7850,86.9074,1.2487,13,1,0.000000,528402396,3.7852,86.7965,1.2492,27,1,0.000000,528375919,3.7883,86.4512,1.2483,18,1,0.000000,527944848,+9.4513%,+15.8682%,-42.5864%,+4.4800%,+3.5011%,-16.0124%,+6.1771%,+14.4786%,-30.4551%,+6.1824%,+14.3677%,-30.4242%,+6.2691%,+14.0224%,-30.4777%
recurseq_2_crafty_1_randacc_1.txt,3,3.6797,87.2132,1.5508,69,0,0.000000,543522853,3.9957,99.1894,0.8206,2,0,0.000000,500539256,3.8127,90.8028,1.2970,23,0,0.000000,524557606,3.9133,97.8390,1.0085,16,1,0.000000,511077163,3.9129,97.7691,1.0097,18,1,0.000000,511132554,3.9128,97.5581,1.0113,25,1,0.000000,511137508,+8.5875%,+11.9762%,-47.0889%,+3.6155%,+3.5896%,-16.3653%,+6.3485%,+10.6258%,-34.9707%,+6.3370%,+10.5559%,-34.8912%,+6.3360%,+10.3449%,-34.7877%
recurseq_2_crafty_1_seqacc_1.txt,3,3.9166,89.4519,1.3765,35,0,0.000000,510643039,4.1952,99.4270,0.7631,11,0,0.000000,476730685,4.0415,94.9866,1.1383,24,0,0.000000,494871211,4.1290,95.9104,0.8863,13,0,0.000000,484384303,4.1290,95.9104,0.8863,13,0,0.000000,484384303,4.1290,95.9104,0.8863,13,0,0.000000,484384303,+7.1135%,+9.9751%,-44.5635%,+3.1871%,+5.5346%,-17.3074%,+5.4211%,+6.4585%,-35.6094%,+5.4211%,+6.4585%,-35.6094%,+5.4211%,+6.4585%,-35.6094%
recurseq_2_gcc-200_1_cacherand_1.txt,3,3.4927,74.0749,1.7565,11031,0,0.000000,572629592,3.7800,88.1236,1.1306,3438,0,0.000000,529105029,3.6595,76.3385,1.4622,5207,0,0.000000,546515757,3.7099,87.3268,1.2266,5441,1,0.000000,539091180,3.7103,87.1980,1.2278,5330,1,0.000000,539038396,3.7089,86.8331,1.2322,5239,1,0.000000,539245418,+8.2261%,+14.0488%,-35.6327%,+4.7783%,+2.2636%,-16.7588%,+6.2213%,+13.2519%,-30.1670%,+6.2317%,+13.1231%,-30.1039%,+6.1909%,+12.7582%,-29.8504%
recurseq_2_gcc-200_1_randacc_1.txt,3,3.6131,88.4444,1.5134,9865,0,0.000000,553540604,3.8868,99.0248,0.8980,4470,0,0.000000,514565988,3.7505,91.2196,1.2490,5023,0,0.000000,533257528,3.8261,98.0477,0.9905,6173,21,0.000000,522725190,3.8255,97.8628,0.9944,6126,15,0.000000,522805549,3.8268,97.8250,0.9950,5777,5,0.000000,522634501,+7.5743%,+10.5804%,-40.6653%,+3.8036%,+2.7752%,-17.4669%,+5.8951%,+9.6033%,-34.5498%,+5.8788%,+9.4184%,-34.2930%,+5.9135%,+9.3806%,-34.2504%
recurseq_2_gcc-200_1_seqacc_1.txt,3,3.7741,90.7975,1.3607,9338,0,0.000000,529933799,4.0165,99.2594,0.8656,4538,0,0.000000,497946819,3.8995,95.3970,1.1090,6298,0,0.000000,512892606,3.9477,95.7494,0.9844,4850,0,0.000000,506618010,3.9477,95.7494,0.9844,4850,0,0.000000,506618010,3.9477,95.7494,0.9844,4850,0,0.000000,506618010,+6.4238%,+8.4619%,-36.3855%,+3.3226%,+4.5995%,-18.4963%,+4.6023%,+4.9519%,-27.6538%,+4.6023%,+4.9519%,-27.6538%,+4.6023%,+4.9519%,-27.6538%
recurseq_2_gcc-expr_1_cacherand_1.txt,3,3.5230,74.1645,1.6848,8605,0,0.000000,567697998,3.8021,88.1895,1.0915,2979,0,0.000000,526026602,3.6863,76.4393,1.4075,4404,0,0.000000,542550836,3.7349,87.4314,1.1815,4814,1,0.000000,535489737,3.7357,87.3252,1.1820,5079,1,0.000000,535373429,3.7354,86.9482,1.1861,4891,1,0.000000,535412875,+7.9219%,+14.0250%,-35.2152%,+4.6350%,+2.2747%,-16.4583%,+6.0147%,+13.2669%,-29.8754%,+6.0378%,+13.1606%,-29.8443%,+6.0299%,+12.7837%,-29.6010%
recurseq_2_gcc-expr_1_randacc_1.txt,3,3.6480,88.5153,1.4681,8593,0,0.000000,548238397,3.9076,99.0712,0.8869,5029,0,0.000000,511818668,3.7840,91.3013,1.2194,5161,0,0.000000,528536311,3.8501,98.1795,0.9701,11018,19,0.000000,519467213,3.8515,98.2381,0.9684,13399,5,0.000000,519277280,3.8505,98.0428,0.9732,13049,1,0.000000,519409845,+7.1158%,+10.5560%,-39.5939%,+3.7277%,+2.7861%,-16.9450%,+5.5386%,+9.6642%,-33.9231%,+5.5772%,+9.7228%,-34.0396%,+5.5503%,+9.5275%,-33.7116%
recurseq_2_gcc-expr_1_seqacc_1.txt,3,3.7992,90.8481,1.3294,8985,0,0.000000,526431672,4.0248,99.3033,0.8623,5717,0,0.000000,496914443,3.9186,95.4720,1.0910,11265,0,0.000000,510385298,3.9652,95.7959,0.9688,3989,0,0.000000,504387317,3.9652,95.7959,0.9688,3989,0,0.000000,504387317,3.9652,95.7959,0.9688,3989,0,0.000000,504387317,+5.9401%,+8.4553%,-35.1358%,+3.1440%,+4.6240%,-17.9315%,+4.3705%,+4.9478%,-27.1231%,+4.3705%,+4.9478%,-27.1231%,+4.3705%,+4.9478%,-27.1231%
recurseq_2_gcc-scilab_1_cacherand_1.txt,3,3.5244,74.1799,1.6796,8667,0,0.000000,567466274,3.8112,88.2516,1.0720,2662,0,0.000000,524763892,3.6896,76.4652,1.3977,4223,0,0.000000,542065223,3.7372,87.4496,1.1741,4237,1,0.000000,535166222,3.7370,87.3236,1.1754,4535,1,0.000000,535192664,3.7372,86.9611,1.1790,4275,1,0.000000,535164656,+8.1374%,+14.0717%,-36.1784%,+4.6860%,+2.2853%,-16.7876%,+6.0355%,+13.2697%,-30.0980%,+6.0303%,+13.1438%,-30.0217%,+6.0358%,+12.7812%,-29.8035%
recurseq_2_gcc-scilab_1_randacc_1.txt,3,3.6501,88.5360,1.4557,8946,0,0.000000,547933698,3.9187,99.1377,0.8609,4507,0,0.000000,510370662,3.7861,91.3291,1.2028,4881,0,0.000000,528243701,3.8569,98.2860,0.9548,6939,11,0.000000,518552091,3.8574,98.2940,0.9539,7080,1,0.000000,518486000,3.8566,98.0611,0.9587,6800,1,0.000000,518593240,+7.3600%,+10.6016%,-40.8643%,+3.7274%,+2.7931%,-17.3731%,+5.6661%,+9.7499%,-34.4141%,+5.6796%,+9.7580%,-34.4729%,+5.6577%,+9.5251%,-34.1431%
recurseq_2_gcc-scilab_1_seqacc_1.txt,3,3.7965,90.8827,1.3165,8727,0,0.000000,526798417,4.0289,99.3699,0.8372,5005,0,0.000000,496407946,3.9174,95.4990,1.0748,6908,0,0.000000,510542339,3.9662,95.8617,0.9515,4181,0,0.000000,504265343,3.9662,95.8617,0.9515,4181,0,0.000000,504265343,3.9662,95.8617,0.9515,4181,0,0.000000,504265343,+6.1221%,+8.4871%,-36.4049%,+3.1841%,+4.6163%,-18.3546%,+4.4685%,+4.9789%,-27.7263%,+4.4685%,+4.9789%,-27.7263%,+4.4685%,+4.9789%,-27.7263%
recurseq_2_gzip-program_1_cacherand_1.txt,3,3.4625,74.6967,2.0771,41954,0,0.000000,577618235,3.6678,87.7237,1.5423,13593,0,0.000000,545282840,3.5845,76.0370,1.8443,19313,0,0.000000,557951844,3.6133,87.0719,1.6235,21292,1,0.000000,553511696,3.6142,86.9808,1.6238,21000,1,0.000000,553379093,3.6126,86.7077,1.6285,20986,1,0.000000,553615361,+5.9300%,+13.0270%,-25.7486%,+3.5247%,+1.3402%,-11.2075%,+4.3552%,+12.3751%,-21.8381%,+4.3802%,+12.2841%,-21.8231%,+4.3357%,+12.0109%,-21.5973%
recurseq_2_gzip-program_1_randacc_1.txt,3,3.5364,88.8216,1.8688,54728,0,0.000000,565543708,3.7012,98.6034,1.3509,24677,0,0.000000,540358662,3.6298,90.8904,1.6630,33584,0,0.000000,551001285,3.6524,97.3420,1.4436,33833,75,0.000000,547579380,3.6549,97.4179,1.4401,34784,35,0.000000,547208164,3.6560,97.2554,1.4426,34570,13,0.000000,547044013,+4.6608%,+9.7817%,-27.7148%,+2.6393%,+2.0688%,-11.0140%,+3.2807%,+8.5204%,-22.7535%,+3.3507%,+8.5963%,-22.9422%,+3.3818%,+8.4338%,-22.8088%
recurseq_2_gzip-program_1_seqacc_1.txt,3,3.6796,91.2342,1.7075,55826,0,0.000000,543530140,3.8435,98.8304,1.2972,25402,0,0.000000,520352853,3.7565,95.0626,1.5063,39294,0,0.000000,532414778,3.7833,95.3152,1.4300,39413,0,0.000000,528632840,3.7833,95.3152,1.4300,39413,0,0.000000,528632840,3.7833,95.3152,1.4300,39413,0,0.000000,528632840,+4.4541%,+7.5962%,-24.0285%,+2.0877%,+3.8284%,-11.7830%,+2.8181%,+4.0810%,-16.2517%,+2.8181%,+4.0810%,-16.2517%,+2.8181%,+4.0810%,-16.2517%
recurseq_2_gzip-source_1_cacherand_1.txt,3,3.5284,75.0619,2.1075,29802,0,0.000000,566822074,3.7267,87.7949,1.5903,7918,0,0.000000,536661059,3.6429,76.1263,1.8916,15124,0,0.000000,549015842,3.6706,87.1614,1.6729,16169,1,0.000000,544867264,3.6710,87.0894,1.6733,16252,1,0.000000,544807039,3.6713,86.9015,1.6754,15425,1,0.000000,544768875,+5.6201%,+12.7330%,-24.5390%,+3.2433%,+1.0644%,-10.2435%,+4.0294%,+12.0995%,-20.6237%,+4.0409%,+12.0275%,-20.6048%,+4.0482%,+11.8396%,-20.5053%
recurseq_2_gzip-source_1_randacc_1.txt,3,3.5883,89.1288,1.8987,39282,0,0.000000,557367210,3.7526,98.6686,1.3903,11562,0,0.000000,532960098,3.6741,90.9872,1.7064,22604,0,0.000000,544357911,3.6989,97.6250,1.4811,21701,61,0.000000,540704355,3.7003,97.6114,1.4798,21941,29,0.000000,540500726,3.7055,97.5917,1.4760,20611,11,0.000000,539741477,+4.5795%,+9.5397%,-26.7764%,+2.3899%,+1.8584%,-10.1305%,+3.0817%,+8.4962%,-21.9955%,+3.1205%,+8.4825%,-22.0636%,+3.2656%,+8.4629%,-22.2637%
recurseq_2_gzip-source_1_seqacc_1.txt,3,3.7397,91.5348,1.7402,42748,0,0.000000,534808196,3.9040,98.8905,1.3396,17138,0,0.000000,512297060,3.8186,95.1350,1.5472,25642,0,0.000000,523753935,3.8475,95.3780,1.4681,25663,0,0.000000,519822264,3.8475,95.3780,1.4681,25663,0,0.000000,519822264,3.8475,95.3780,1.4681,25663,0,0.000000,519822264,+4.3941%,+7.3558%,-23.0197%,+2.1106%,+3.6003%,-11.0920%,+2.8829%,+3.8433%,-15.6350%,+2.8829%,+3.8433%,-15.6350%,+2.8829%,+3.8433%,-15.6350%
recurseq_2_randacc_1_seqacc_1.txt,3,4.0731,81.5782,1.4085,0,0,0.000000,491027468,4.5362,99.5683,0.3703,0,0,0.000000,440900467,4.3125,88.9431,0.9066,0,0,0.000000,463772605,4.4133,96.0651,0.5648,0,0,0.000000,453179895,4.4133,96.0651,0.5648,0,0,0.000000,453179895,4.4133,96.0651,0.5648,0,0,0.000000,453179895,+11.3692%,+17.9902%,-73.7074%,+5.8768%,+7.3649%,-35.6332%,+8.3516%,+14.4870%,-59.8966%,+8.3516%,+14.4870%,-59.8966%,+8.3516%,+14.4870%,-59.8966%
seqacc_2_cacherand_1_crafty_1.txt,3,4.0252,64.2119,2.5669,168,0,0.000000,496875429,4.5197,88.4986,1.1480,1,0,0.000000,442503566,4.2228,73.2970,1.9709,45,0,0.000000,473624907,4.3313,84.3933,1.5678,32,0,0.000000,461750979,4.3313,84.3933,1.5678,32,0,0.000000,461750979,4.3313,84.3933,1.5678,32,0,0.000000,461750979,+12.2873%,+24.2867%,-55.2756%,+4.9091%,+9.0851%,-23.2177%,+7.6068%,+20.1814%,-38.9216%,+7.6068%,+20.1814%,-38.9216%,+7.6068%,+20.1814%,-38.9216%
seqacc_2_cacherand_1_gcc-200_1.txt,3,3.9931,66.7143,2.3309,11157,0,0.000000,500866522,4.4067,88.3585,1.1789,0,0,0.000000,453849728,4.2035,73.7292,1.7636,3256,0,0.000000,475796335,4.2974,84.8330,1.4004,3329,0,0.000000,465399856,4.2974,84.8330,1.4004,3329,0,0.000000,465399856,4.2974,84.8330,1.4004,3329,0,0.000000,465399856,+10.3595%,+21.6442%,-49.4233%,+5.2691%,+7.0150%,-24.3410%,+7.6207%,+18.1187%,-39.9213%,+7.6207%,+18.1187%,-39.9213%,+7.6207%,+18.1187%,-39.9213%
seqacc_2_cacherand_1_gcc-expr_1.txt,3,4.0320,66.6642,2.2531,9366,0,0.000000,496028009,4.4417,88.3850,1.1598,0,0,0.000000,450280092,4.2461,73.7852,1.7108,2724,0,0.000000,471016652,4.3387,84.8858,1.3634,2761,0,0.000000,460966327,4.3387,84.8858,1.3634,2761,0,0.000000,460966327,4.3387,84.8858,1.3634,2761,0,0.000000,460966327,+10.1599%,+21.7208%,-48.5245%,+5.3101%,+7.1210%,-24.0693%,+7.6061%,+18.2215%,-39.4888%,+7.6061%,+18.2215%,-39.4888%,+7.6061%,+18.2215%,-39.4888%
seqacc_2_cacherand_1_gcc-scilab_1.txt,3,4.0226,66.6862,2.2475,9852,0,0.000000,497189192,4.4451,88.4473,1.1208,1,0,0.000000,449932369,4.2399,73.8050,1.6890,3050,0,0.000000,471708958,4.3320,84.9061,1.3450,2994,0,0.000000,461684525,4.3320,84.9061,1.3450,2994,0,0.000000,461684525,4.3320,84.9061,1.3450,2994,0,0.000000,461684525,+10.5031%,+21.7611%,-50.1329%,+5.4017%,+7.1188%,-24.8499%,+7.6902%,+18.2198%,-40.1573%,+7.6902%,+18.2198%,-40.1573%,+7.6902%,+18.2198%,-40.1573%
seqacc_2_cacherand_1_gzip-program_1.txt,3,3.7640,67.8219,3.3291,15761,0,0.000000,531350099,4.0180,87.9163,2.1712,1,0,0.000000,497763309,3.8853,73.3842,2.8151,6352,0,0.000000,514757472,3.9539,84.4092,2.4118,6047,1,0.000000,505828778,3.9533,84.3148,2.4147,6009,1,0.000000,505910229,3.9518,84.0406,2.4226,6079,1,0.000000,506103251,+6.7475%,+20.0943%,-34.7813%,+3.2234%,+5.5623%,-15.4408%,+5.0454%,+16.5872%,-27.5533%,+5.0285%,+16.4929%,-27.4676%,+4.9885%,+16.2187%,-27.2308%
seqacc_2_cacherand_1_gzip-source_1.txt,3,3.8326,68.2580,3.3738,14233,0,0.000000,521840200,4.0846,87.9724,2.2518,1,0,0.000000,489647264,3.9508,73.4577,2.8896,6155,0,0.000000,506229557,4.0181,84.4794,2.4922,6015,1,0.000000,497751318,4.0174,84.4025,2.4948,5923,1,0.000000,497832568,4.0165,84.1981,2.5012,6004,1,0.000000,497941560,+6.5747%,+19.7144%,-33.2562%,+3.0837%,+5.1997%,-14.3512%,+4.8395%,+16.2214%,-26.1310%,+4.8224%,+16.1446%,-26.0540%,+4.7995%,+15.9401%,-25.8622%
seqacc_2_cacherand_1_randacc_1.txt,3,3.9225,56.2070,5.1776,0,0,0.000000,509874312,4.3724,88.6378,0.9672,0,0,0.000000,457415051,4.1076,67.2422,3.4718,0,0,0.000000,486897471,4.2084,78.3428,2.4759,0,0,0.000000,475238733,4.2084,78.3428,2.4759,0,0,0.000000,475238733,4.2084,78.3428,2.4759,0,0,0.000000,475238733,+11.4686%,+32.4308%,-81.3195%,+4.7190%,+11.0352%,-32.9448%,+7.2880%,+22.1358%,-52.1807%,+7.2880%,+22.1358%,-52.1807%,+7.2880%,+22.1358%,-52.1807%
seqacc_2_cacherand_1_recurseq_1.txt,3,3.8929,66.6697,1.7262,1,0,0.000000,513754670,4.3783,88.6783,0.6597,1,0,0.000000,456794035,4.1761,74.0757,1.1662,1,0,0.000000,478913569,4.2483,85.1774,0.8575,1,0,0.000000,470779093,4.2483,85.1774,0.8575,1,0,0.000000,470779093,4.2483,85.1774,0.8575,1,0,0.000000,470779093,+12.4696%,+22.0085%,-61.7815%,+7.2750%,+7.4060%,-32.4422%,+9.1286%,+18.5077%,-50.3226%,+9.1286%,+18.5077%,-50.3226%,+9.1286%,+18.5077%,-50.3226%
seqacc_2_crafty_1_gcc-200_1.txt,3,3.5987,90.1937,2.0833,12721,0,0.000000,555751686,3.8690,99.0963,1.4939,5,0,0.000000,516936029,3.7073,94.6428,1.8344,5296,0,0.000000,539468920,3.7701,95.9805,1.6858,2531,2,0.000000,530490199,3.7697,95.9791,1.6853,2504,2,0.000000,530546484,3.7704,95.9339,1.6827,2507,2,0.000000,530442394,+7.5088%,+8.9026%,-28.2889%,+3.0183%,+4.4491%,-11.9483%,+4.7619%,+5.7868%,-19.0768%,+4.7508%,+5.7854%,-19.1028%,+4.7713%,+5.7402%,-19.2266%
seqacc_2_crafty_1_gcc-expr_1.txt,3,3.6235,90.1983,2.0217,10674,0,0.000000,551960130,3.8912,99.1410,1.4206,5,0,0.000000,513977183,3.7387,94.7137,1.7545,4123,0,0.000000,534940766,3.7937,96.6380,1.5926,2080,2,0.000000,527184993,3.7943,96.6452,1.5939,1938,2,0.000000,527110432,3.8039,97.7528,1.5571,30,1,0.000000,525771493,+7.3900%,+8.9427%,-29.7361%,+3.1816%,+4.5154%,-13.2195%,+4.6995%,+6.4397%,-21.2283%,+4.7143%,+6.4469%,-21.1613%,+4.9810%,+7.5545%,-22.9814%
seqacc_2_crafty_1_gcc-scilab_1.txt,3,3.6178,90.1630,2.0399,12653,0,0.000000,552822371,3.8940,99.1629,1.4353,2,0,0.000000,513612716,3.7330,94.6919,1.7737,5704,0,0.000000,535759396,3.8016,95.7170,1.6317,2954,2,0.000000,526100634,3.7990,97.7699,1.5779,23,1,0.000000,526450986,3.8041,97.4965,1.5723,324,1,0.000000,525745124,+7.6341%,+8.9999%,-29.6396%,+3.1848%,+4.5289%,-13.0478%,+5.0792%,+5.5540%,-20.0131%,+5.0093%,+7.6070%,-22.6482%,+5.1503%,+7.3335%,-22.9203%
seqacc_2_crafty_1_gzip-program_1.txt,3,3.7188,90.3465,2.2755,27485,0,0.000000,537812435,3.8825,98.6564,1.7536,2,0,0.000000,515137347,3.7700,94.3073,2.1177,11313,0,0.000000,530507821,3.8118,94.5540,1.9978,10955,0,0.000000,524690060,3.8118,94.5540,1.9978,10955,0,0.000000,524690060,3.8118,94.5540,1.9978,10955,0,0.000000,524690060,+4.4018%,+8.3099%,-22.9368%,+1.3769%,+3.9608%,-6.9356%,+2.5010%,+4.2075%,-12.2066%,+2.5010%,+4.2075%,-12.2066%,+2.5010%,+4.2075%,-12.2066%
seqacc_2_crafty_1_gzip-source_1.txt,3,3.7963,90.5976,2.2940,28102,0,0.000000,526825980,3.9564,98.7140,1.7897,2,0,0.000000,505507089,3.8390,94.3713,2.1589,11562,0,0.000000,520965787,3.8813,94.6017,2.0376,11581,0,0.000000,515290981,3.8813,94.6017,2.0376,11581,0,0.000000,515290981,3.8813,94.6017,2.0376,11581,0,0.000000,515290981,+4.2173%,+8.1164%,-21.9818%,+1.1249%,+3.7738%,-5.8881%,+2.2385%,+4.0041%,-11.1756%,+2.2385%,+4.0041%,-11.1756%,+2.2385%,+4.0041%,-11.1756%
seqacc_2_crafty_1_randacc_1.txt,3,4.2267,79.5979,2.1318,13,0,0.000000,473183332,4.7015,99.3922,0.8165,2,0,0.000000,425399207,4.4045,88.1750,1.6216,5,0,0.000000,454078355,4.5593,95.1950,1.1749,2,1,0.000000,438667932,4.5588,95.1164,1.1764,1,1,0.000000,438710694,4.5583,94.8688,1.1788,2,1,0.000000,438755714,+11.2328%,+19.7943%,-61.6970%,+4.2074%,+8.5771%,-23.9308%,+7.8682%,+15.5972%,-44.8890%,+7.8577%,+15.5185%,-44.8174%,+7.8466%,+15.2709%,-44.7053%
seqacc_2_crafty_1_recurseq_1.txt,3,3.9162,89.4596,1.3690,24,0,0.000000,510703761,4.1952,99.4271,0.7632,1,0,0.000000,476732084,4.0555,94.9880,1.1240,6,0,0.000000,493154874,4.1370,95.9112,0.8783,4,0,0.000000,483439511,4.1370,95.9112,0.8783,4,0,0.000000,483439511,4.1370,95.9112,0.8783,4,0,0.000000,483439511,+7.1260%,+9.9674%,-44.2487%,+3.5585%,+5.5283%,-17.8976%,+5.6396%,+6.4516%,-35.8425%,+5.6396%,+6.4516%,-35.8425%,+5.6396%,+6.4516%,-35.8425%
seqacc_2_gcc-200_1_gcc-expr_1.txt,3,3.5634,92.2520,1.7942,23515,0,0.000000,561254788,3.8001,99.0250,1.3135,2,0,0.000000,526301830,3.6664,95.1750,1.5574,10251,0,0.000000,545500172,3.7425,97.8326,1.3809,2738,15,0.000000,534401434,3.7444,97.9467,1.3779,1915,11,0.000000,534127743,3.7450,97.8988,1.3775,1140,5,0.000000,534050032,+6.6412%,+6.7730%,-26.7896%,+2.8881%,+2.9231%,-13.1994%,+5.0249%,+5.5807%,-23.0342%,+5.0788%,+5.6948%,-23.2037%,+5.0941%,+5.6469%,-23.2268%
seqacc_2_gcc-200_1_gcc-scilab_1.txt,3,3.5735,92.1926,1.8038,26251,0,0.000000,559678479,3.8200,99.0526,1.3185,2,0,0.000000,523562321,3.6752,95.1618,1.5703,12579,0,0.000000,544194014,3.7522,97.9844,1.3928,952,23,0.000000,533020455,3.7557,98.0505,1.3904,948,7,0.000000,532528134,3.7547,98.0077,1.3931,988,5,0.000000,532661039,+6.8982%,+6.8600%,-26.9071%,+2.8454%,+2.9692%,-12.9483%,+5.0013%,+5.7918%,-22.7890%,+5.0984%,+5.8579%,-22.9221%,+5.0722%,+5.8151%,-22.7690%
seqacc_2_gcc-200_1_gzip-program_1.txt,3,3.6996,91.7111,2.1318,43659,0,0.000000,540592789,3.8403,98.5578,1.7289,7,0,0.000000,520796152,3.7536,94.7845,1.9599,19897,0,0.000000,532826813,3.8007,97.2224,1.8196,10494,9,0.000000,526221427,3.8011,97.2379,1.8187,10663,7,0.000000,526168264,3.8000,97.0986,1.8219,11237,5,0.000000,526318052,+3.8012%,+6.8468%,-18.8985%,+1.4575%,+3.0735%,-8.0667%,+2.7310%,+5.5113%,-14.6447%,+2.7414%,+5.5268%,-14.6899%,+2.7122%,+5.3875%,-14.5405%
seqacc_2_gcc-200_1_gzip-source_1.txt,3,3.7719,91.9790,2.1741,55751,0,0.000000,530237521,3.9181,98.6037,1.7772,7,0,0.000000,510450298,3.8250,94.8419,2.0104,25185,0,0.000000,522876503,3.8739,97.3865,1.8665,13809,11,0.000000,516278671,3.8747,97.2864,1.8703,14312,7,0.000000,516163264,3.8718,97.2932,1.8720,14259,5,0.000000,516553866,+3.8764%,+6.6247%,-18.2535%,+1.4078%,+2.8629%,-7.5272%,+2.7037%,+5.4074%,-14.1489%,+2.7267%,+5.3074%,-13.9730%,+2.6490%,+5.3142%,-13.8953%
seqacc_2_gcc-200_1_randacc_1.txt,3,4.2077,81.7757,1.9039,6908,0,0.000000,475321347,4.6313,99.2746,0.8101,0,0,0.000000,431841666,4.3925,88.6297,1.4224,2317,0,0.000000,455324568,4.5265,95.0072,1.0452,2316,71,0.000000,441841736,4.5276,95.1373,1.0379,2343,33,0.000000,441732114,4.5244,94.8409,1.0490,2191,19,0.000000,442045126,+10.0684%,+17.4989%,-57.4525%,+4.3918%,+6.8540%,-25.2927%,+7.5773%,+13.2315%,-45.1040%,+7.6040%,+13.3616%,-45.4894%,+7.5278%,+13.0652%,-44.9062%
seqacc_2_gcc-200_1_recurseq_1.txt,3,3.7738,90.8007,1.3580,12584,0,0.000000,529969673,4.0165,99.2594,0.8656,0,0,0.000000,497944818,3.9020,95.3970,1.1059,4950,0,0.000000,512562182,3.9502,95.7496,0.9823,3970,0,0.000000,506307309,3.9502,95.7496,0.9823,3970,0,0.000000,506307309,3.9502,95.7496,0.9823,3970,0,0.000000,506307309,+6.4314%,+8.4587%,-36.2564%,+3.3962%,+4.5962%,-18.5613%,+4.6735%,+4.9488%,-27.6621%,+4.6735%,+4.9488%,-27.6621%,+4.6735%,+4.9488%,-27.6621%
seqacc_2_gcc-expr_1_gcc-scilab_1.txt,3,3.6055,92.2275,1.7435,22479,0,0.000000,554709304,3.8437,99.0937,1.2583,2,0,0.000000,520330530,3.7092,95.2231,1.5035,10773,0,0.000000,539202607,3.7807,97.9719,1.3321,2145,14,0.000000,529001290,3.7839,98.1643,1.3248,901,3,0.000000,528548199,3.7845,98.2438,1.3201,58,1,0.000000,528473609,+6.6071%,+6.8661%,-27.8297%,+2.8759%,+2.9956%,-13.7695%,+4.8597%,+5.7444%,-23.5963%,+4.9496%,+5.9368%,-24.0166%,+4.9644%,+6.0162%,-24.2884%
seqacc_2_gcc-expr_1_gzip-program_1.txt,3,3.7353,91.7280,2.0773,41368,0,0.000000,535425482,3.8709,98.5677,1.6954,7,0,0.000000,516671123,3.7905,94.8304,1.9113,19893,0,0.000000,527631625,3.8333,97.2866,1.7685,10275,11,0.000000,521742062,3.8341,97.3314,1.7692,9693,5,0.000000,521630432,3.8350,97.3743,1.7676,9537,1,0.000000,521508192,+3.6299%,+6.8398%,-18.3863%,+1.4772%,+3.1024%,-7.9909%,+2.6226%,+5.5587%,-14.8684%,+2.6446%,+5.6034%,-14.8315%,+2.6687%,+5.6463%,-14.9104%
seqacc_2_gcc-expr_1_gzip-source_1.txt,3,3.7949,91.9493,2.1189,56826,0,0.000000,527022882,3.9376,98.6208,1.7346,7,0,0.000000,507929833,3.8502,94.8903,1.9583,26998,0,0.000000,519459841,3.8946,97.3742,1.8176,16405,9,0.000000,513535498,3.8947,97.3768,1.8192,16311,5,0.000000,513519542,3.8959,97.4344,1.8167,15450,1,0.000000,513361861,+3.7590%,+6.6715%,-18.1368%,+1.4559%,+2.9410%,-7.5753%,+2.6264%,+5.4249%,-14.2173%,+2.6296%,+5.4275%,-14.1401%,+2.6611%,+5.4851%,-14.2585%
seqacc_2_gcc-expr_1_randacc_1.txt,3,4.2314,81.7879,1.8462,8226,0,0.000000,472657481,4.6402,99.2900,0.8155,0,0,0.000000,431011801,4.4165,88.6795,1.3908,2665,0,0.000000,452844370,4.5424,95.1527,1.0210,3386,67,0.000000,440295013,4.5416,94.9759,1.0291,2293,35,0.000000,440372575,4.5410,94.8251,1.0331,3246,12,0.000000,440434618,+9.6623%,+17.5021%,-55.8259%,+4.3753%,+6.8916%,-24.6682%,+7.3502%,+13.3648%,-44.6971%,+7.3313%,+13.1880%,-44.2590%,+7.3161%,+13.0372%,-44.0428%
seqacc_2_gcc-expr_1_recurseq_1.txt,3,3.7974,90.8500,1.3280,10977,0,0.000000,526682605,4.0248,99.3033,0.8625,0,0,0.000000,496924710,3.9186,95.4717,1.0897,6712,0,0.000000,510386217,3.9649,95.7957,0.9686,3306,0,0.000000,504422314,3.9649,95.7957,0.9686,3306,0,0.000000,504422314,3.9649,95.7957,0.9686,3306,0,0.000000,504422314,+5.9884%,+8.4533%,-35.0533%,+3.1929%,+4.6217%,-17.9454%,+4.4130%,+4.9457%,-27.0602%,+4.4130%,+4.9457%,-27.0602%,+4.4130%,+4.9457%,-27.0602%
seqacc_2_gcc-scilab_1_gzip-program_1.txt,3,3.7257,91.7206,2.0916,40109,0,0.000000,536807168,3.8713,98.6128,1.6843,3,0,0.000000,516626806,3.7814,94.8256,1.9209,18739,0,0.000000,528910490,3.8252,97.3675,1.7832,8923,9,0.000000,522854476,3.8243,96.8747,1.7907,10439,1,0.000000,522971568,3.8244,96.8683,1.7906,10492,1,0.000000,522956000,+3.9062%,+6.8922%,-19.4770%,+1.4930%,+3.1049%,-8.1616%,+2.6685%,+5.6469%,-14.7452%,+2.6456%,+5.1541%,-14.3865%,+2.6486%,+5.1476%,-14.3939%
seqacc_2_gcc-scilab_1_gzip-source_1.txt,3,3.7975,91.9813,2.1297,50441,0,0.000000,526667713,3.9401,98.6610,1.7427,3,0,0.000000,507597730,3.8512,94.8812,1.9696,23366,0,0.000000,519315527,3.8972,97.5478,1.8304,11312,9,0.000000,513190116,3.8983,97.6799,1.8277,10648,1,0.000000,513045733,3.8981,97.6416,1.8281,10736,1,0.000000,513071312,+3.7569%,+6.6798%,-18.1680%,+1.4157%,+2.8999%,-7.5153%,+2.6262%,+5.5666%,-14.0534%,+2.6551%,+5.6986%,-14.1765%,+2.6500%,+5.6604%,-14.1598%
seqacc_2_gcc-scilab_1_randacc_1.txt,3,4.2245,81.7367,1.8552,7452,0,0.000000,473428769,4.6495,99.3361,0.7902,0,0,0.000000,430152399,4.4135,88.6788,1.3832,2429,0,0.000000,453156679,4.5428,95.1935,1.0187,2436,63,0.000000,440252277,4.5421,95.0887,1.0222,2678,33,0.000000,440324479,4.5416,94.9975,1.0234,2289,11,0.000000,440374787,+10.0607%,+17.5994%,-57.4052%,+4.4735%,+6.9421%,-25.4420%,+7.5358%,+13.4569%,-45.0879%,+7.5181%,+13.3520%,-44.8991%,+7.5059%,+13.2609%,-44.8358%
seqacc_2_gcc-scilab_1_recurseq_1.txt,3,3.7957,90.8853,1.3142,11745,0,0.000000,526906192,4.0289,99.3700,0.8370,0,0,0.000000,496419007,3.9178,95.4993,1.0732,5126,0,0.000000,510484749,3.9670,95.8618,0.9509,3633,0,0.000000,504163925,3.9670,95.8618,0.9509,3633,0,0.000000,504163925,3.9670,95.8618,0.9509,3633,0,0.000000,504163925,+6.1414%,+8.4847%,-36.3089%,+3.2168%,+4.6141%,-18.3410%,+4.5109%,+4.9765%,-27.6451%,+4.5109%,+4.9765%,-27.6451%,+4.5109%,+4.9765%,-27.6451%
seqacc_2_gzip-program_1_gzip-source_1.txt,3,3.4900,92.1978,2.9702,91364,0,0.000000,573072751,3.5768,98.1058,2.6114,20,0,0.000000,559166623,3.5183,94.4509,2.8392,52316,0,0.000000,568450861,3.5529,97.1825,2.7007,42928,4,0.000000,562925529,3.5531,97.1904,2.7005,42929,2,0.000000,562891766,3.5531,97.1710,2.7004,42963,2,0.000000,562886359,+2.4870%,+5.9080%,-12.0785%,+0.8131%,+2.2531%,-4.4079%,+1.8026%,+4.9847%,-9.0726%,+1.8087%,+4.9927%,-9.0782%,+1.8097%,+4.9732%,-9.0823%
seqacc_2_gzip-program_1_randacc_1.txt,3,3.9262,82.7481,2.8338,15031,0,0.000000,509393137,4.1835,98.8011,1.7427,1,0,0.000000,478064257,4.0289,88.2599,2.4075,6359,0,0.000000,496410741,4.1034,94.1462,2.0399,5979,148,0.000000,487406315,4.1020,93.8503,2.0565,5376,97,0.000000,487571219,4.1074,94.3155,2.0204,5879,19,0.000000,486922263,+6.5533%,+16.0530%,-38.5024%,+2.6152%,+5.5118%,-15.0415%,+4.5110%,+11.3980%,-28.0137%,+4.4756%,+11.1022%,-27.4283%,+4.6149%,+11.5673%,-28.7016%
seqacc_2_gzip-program_1_recurseq_1.txt,3,3.6783,91.2377,1.7088,31567,0,0.000000,543731349,3.8434,98.8305,1.2973,1,0,0.000000,520368985,3.7535,95.0609,1.5097,12349,0,0.000000,532833233,3.7812,95.3149,1.4324,12182,0,0.000000,528928197,3.7812,95.3149,1.4324,12182,0,0.000000,528928197,3.7812,95.3149,1.4324,12182,0,0.000000,528928197,+4.4896%,+7.5929%,-24.0762%,+2.0453%,+3.8232%,-11.6491%,+2.7987%,+4.0772%,-16.1739%,+2.7987%,+4.0772%,-16.1739%,+2.7987%,+4.0772%,-16.1739%
seqacc_2_gzip-source_1_randacc_1.txt,3,3.9908,83.1343,2.8799,14043,0,0.000000,501151494,4.2483,98.8550,1.8182,1,0,0.000000,470778657,4.0878,88.3293,2.4820,5958,0,0.000000,489264534,4.1645,94.0393,2.1272,4719,146,0.000000,480254045,4.1693,94.4565,2.0985,5376,77,0.000000,479701486,4.1683,94.2147,2.1104,4620,27,0.000000,479816232,+6.4516%,+15.7207%,-36.8638%,+2.4296%,+5.1950%,-13.8171%,+4.3513%,+10.9050%,-26.1348%,+4.4715%,+11.3222%,-27.1304%,+4.4466%,+11.0804%,-26.7186%
seqacc_2_gzip-source_1_recurseq_1.txt,3,3.7389,91.5359,1.7405,27070,0,0.000000,534911505,3.9038,98.8905,1.3396,1,0,0.000000,512317100,3.8164,95.1351,1.5491,11675,0,0.000000,524051372,3.8454,95.3768,1.4701,11642,0,0.000000,520095582,3.8454,95.3768,1.4701,11642,0,0.000000,520095582,3.8454,95.3768,1.4701,11642,0,0.000000,520095582,+4.4102%,+7.3546%,-23.0305%,+2.0724%,+3.5992%,-10.9975%,+2.8487%,+3.8408%,-15.5333%,+2.8487%,+3.8408%,-15.5333%,+2.8487%,+3.8408%,-15.5333%
seqacc_2_randacc_1_recurseq_1.txt,3,4.0782,81.5765,1.4003,1,0,0.000000,490415038,4.5362,99.5683,0.3703,1,0,0.000000,440899050,4.3277,88.9435,0.8906,1,0,0.000000,462140945,4.4241,96.0654,0.5556,1,0,0.000000,452069457,4.4241,96.0654,0.5556,1,0,0.000000,452069457,4.4241,96.0654,0.5556,1,0,0.000000,452069457,+11.2307%,+17.9918%,-73.5568%,+6.1180%,+7.3670%,-36.4021%,+8.4822%,+14.4889%,-60.3213%,+8.4822%,+14.4889%,-60.3213%,+8.4822%,+14.4889%,-60.3213%
