测试组合（多线程优先）：gcc-integrate.arg2 + gcc-166.arg + gzip-source.arg
执行命令：./smtsim gcc-integrate.arg2 gcc-166.arg gzip-source.arg
==================================================

 function_cannot_inline_p save_for_inline copy_for_inline expand_inline_functionProcess 0, Thread 0: gcc-integrate
Process 0, Thread 1: gcc-integrate
Process 2, Thread 2: gcc-166
Process 3, Thread 3: gzip-source
[切片调度] 新安全域0无任何切片，尝试分配空闲切片
[切片管理] 成功绑定切片0 → 安全域0

======================== 切片硬件状态 ========================
切片号 | 所属安全域 | 当前状态    | 路扩展 | LRU touched
------------------------------------------------------------------
  0    |   域0      | 正常运行   |  否   |  0
  1    |   域-1     | 切片空闲   |  否   |  0
  2    |   域-1     | 切片空闲   |  否   |  0
  3    |   域-1     | 切片空闲   |  否   |  0
==================================================================

[切片管理] 成功绑定切片1 → 安全域0，触发【路扩展模式】

======================== 切片硬件状态 ========================
切片号 | 所属安全域 | 当前状态    | 路扩展 | LRU touched
------------------------------------------------------------------
  0    |   域0      | 正常运行   |  是   |  0
  1    |   域0      | 正常运行   |  是   |  0
  2    |   域-1     | 切片空闲   |  否   |  0
  3    |   域-1     | 切片空闲   |  否   |  0
==================================================================

[切片调度] 新安全域2无任何切片，尝试分配空闲切片
[切片管理] 成功绑定切片2 → 安全域2

======================== 切片硬件状态 ========================
切片号 | 所属安全域 | 当前状态    | 路扩展 | LRU touched
------------------------------------------------------------------
  0    |   域0      | 正常运行   |  是   |  318
  1    |   域0      | 正常运行   |  是   |  0
  2    |   域2      | 正常运行   |  否   |  0
  3    |   域-1     | 切片空闲   |  否   |  0
==================================================================

[切片管理] 成功绑定切片3 → 安全域2，触发【路扩展模式】

======================== 切片硬件状态 ========================
切片号 | 所属安全域 | 当前状态    | 路扩展 | LRU touched
------------------------------------------------------------------
  0    |   域0      | 正常运行   |  是   |  318
  1    |   域0      | 正常运行   |  是   |  0
  2    |   域2      | 正常运行   |  是   |  0
  3    |   域2      | 正常运行   |  是   |  0
==================================================================

[切片调度] 新安全域3无任何切片，尝试分配空闲切片
[切片调度] 新安全域3未找到空闲切片，尝试剥夺切片
[切片替换] 优先从【路扩展切片】中选择LRU替换目标...
[切片替换] 找到路扩展切片作为受害者：切片1（最后访问：0）
[切片调度] 安全域3触发切片剥夺：从域0剥夺切片1
[切片剥夺] 周期560：切片1（所属域0）进入待剥夺状态，禁止新替换
[切片剥夺] 周期560：切片1在途请求已清空，开始执行脏行写回
[切片剥夺] 周期560：切片1无脏行，直接完成剥夺
[切片管理] 周期560：原域0仅剩1个切片，关闭路扩展模式
[动态重分配] 周期560：切片1写回完成，自动绑定到域3
[切片管理] 成功绑定切片1 → 安全域3

======================== 切片硬件状态 ========================
切片号 | 所属安全域 | 当前状态    | 路扩展 | LRU touched
------------------------------------------------------------------
  0    |   域0      | 正常运行   |  否   |  318
  1    |   域3      | 正常运行   |  否   |  560
  2    |   域2      | 正常运行   |  是   |  435
  3    |   域2      | 正常运行   |  是   |  0
==================================================================

[切片唤醒] 周期560：域3切片就绪，唤醒等待指令

======================== 切片硬件状态 ========================
切片号 | 所属安全域 | 当前状态    | 路扩展 | LRU touched
------------------------------------------------------------------
  0    |   域0      | 正常运行   |  否   |  599899
  1    |   域3      | 正常运行   |  否   |  599904
  2    |   域2      | 正常运行   |  是   |  599617
  3    |   域2      | 正常运行   |  是   |  599619
==================================================================

[动态重分配] 周期600000：预约迁移 冗余域2(0%) -> 切片2 -> 饥饿域3(33%)
[切片剥夺] 周期600000：切片2（所属域2）进入待剥夺状态，禁止新替换
[切片剥夺] 周期600000：切片2在途请求已清空，开始执行脏行写回
[切片管理] 周期608012：原域2仅剩1个切片，关闭路扩展模式
[动态重分配] 周期608012：切片2写回完成，自动绑定到域3
[切片管理] 成功绑定切片2 → 安全域3，触发【路扩展模式】

======================== 切片硬件状态 ========================
切片号 | 所属安全域 | 当前状态    | 路扩展 | LRU touched
------------------------------------------------------------------
  0    |   域0      | 正常运行   |  否   |  608002
  1    |   域3      | 正常运行   |  是   |  608006
  2    |   域3      | 正常运行   |  是   |  608012
  3    |   域2      | 正常运行   |  否   |  607770
==================================================================


**** Debug Statistics at 1000000 Cycles *****
Threads: 4		Fetch Width: 8
No of useful instructions fetched:	521362 (6.52% proc util.)
No of total instructions fetched:	744890 (9.31% proc util.)
 includes 52866 misfetch (7.1%), 170662 (22.9%) wrong-path fetches
 and 0 flushed after failed lock(0.0%)
No of useful instructions issued/executed:	521316 (6.52% proc util.)
No of total instructions issued/executed:	600950 (7.51% proc util.)
 includes 79634 wrong-path (13.3%) insts and 0 flushed (0.0%)
	fp 61, 0.01%
	synch 0, 0.00%
	integer 384632, 64.00%
	load/store 216257, 35.99%
Avg size of int IQ (before scheduling): 40.80
Avg size of fp IQ (before scheduling): 0.01
No of cycles taken:		1000000
Parallelism [ 0.144, 0.000, 0.230, 0.147,] = 0.521
 IQ conflicts: 15147 (1.51%), FQ conflicts: 0 (0.00%) 
 I reg conflicts: 843337 (84.33%), FP reg conflicts: 0 (0.00%)
  Activelist confs: 0 (0.00%), ROB confs: 1007 (0.10%)
  Int unit conflicts: 45089 (4.51%), FP unit conflicts: 2 (0.00%)
  Load/store unit conflicts: 48084 (4.81%)
  MSHR conflicts: 2944563 (294.46%)
----------------------------------------
==== System-wide Cache Statistics ====
Stall for miss queue full 721 cycles (0.00%)
----------------------------------------
==== Statistics for Master ID: 0 ====
Reads: 126268   Writes: 21467
ICACHE: size: 64 KB assoc: 2
ICACHE: hits:72268 misses:2957  Hit Ratio: 96.07%
DCACHE: size: 1*32 KB assoc: 1*8
DCACHE: hits:71535 misses:975 writebacks:186  Hit Ratio: 98.66%
SCACHE: size: 512 KB assoc: 2
SCACHE: hits:1892 misses:2040  Hit Ratio: 48.12%
3CACHE: size: 4096 KB assoc: 2
3CACHE: hits:231 misses:1809  Hit Ratio: 11.32%
3CACHE: dirty items replaced:0
ITLB: size: 48, misses 147, miss rate 0.20%
DTLB: size: 128, misses 738, miss rate 1.02%
Avg mem delay: 65.366 cycles
----------------------------------------
==== Statistics for Master ID: 2 ====
Reads: 127984   Writes: 27443
ICACHE: size: 64 KB assoc: 2
ICACHE: hits:81104 misses:1692  Hit Ratio: 97.96%
DCACHE: size: 1*32 KB assoc: 1*8
DCACHE: hits:71242 misses:1694 writebacks:582  Hit Ratio: 97.68%
SCACHE: size: 512 KB assoc: 2
SCACHE: hits:639 misses:2442  Hit Ratio: 20.74%
3CACHE: size: 4096 KB assoc: 2
3CACHE: hits:44 misses:2398  Hit Ratio: 1.80%
3CACHE: dirty items replaced:0
ITLB: size: 48, misses 125, miss rate 0.15%
DTLB: size: 128, misses 326, miss rate 0.45%
Avg mem delay: 65.366 cycles
----------------------------------------
==== Statistics for Master ID: 3 ====
Reads: 102891   Writes: 23950
ICACHE: size: 64 KB assoc: 2
ICACHE: hits:55846 misses:225  Hit Ratio: 99.60%
DCACHE: size: 2*32 KB assoc: 2*8
DCACHE: hits:47581 misses:23188 writebacks:22986  Hit Ratio: 67.23%
SCACHE: size: 512 KB assoc: 2
SCACHE: hits:24 misses:23388  Hit Ratio: 0.10%
3CACHE: size: 4096 KB assoc: 2
3CACHE: hits:0 misses:23388  Hit Ratio: 0.00%
3CACHE: dirty items replaced:6
ITLB: size: 48, misses 18, miss rate 0.03%
DTLB: size: 128, misses 5780, miss rate 8.17%
Avg mem delay: 65.366 cycles
----------------------------------------
==== Global Resource Utilization ====
STASH: size: 65536 entries, full 92869750, empty 7118474, misses 837128, full rate 92.11
icache bank util. 0.034 0.023 0.023 0.024 0.025 0.023 0.029 0.048 
dcache bank util. 0.020 0.022 0.039 0.017 0.015 0.016 0.208 0.027 
L2 bank util. 0.008 0.007 0.007 0.007 0.007 0.007 0.284 0.007 
L1-L2 bus util. = 0.162, L3 util. = 0.276
----------------------------------------

======================== 切片硬件状态 ========================
切片号 | 所属安全域 | 当前状态    | 路扩展 | LRU touched
------------------------------------------------------------------
  0    |   域0      | 正常运行   |  否   |  999447
  1    |   域3      | 正常运行   |  是   |  999757
  2    |   域3      | 正常运行   |  是   |  999997
  3    |   域2      | 正常运行   |  否   |  999997
==================================================================

branch prediction, hits = 45637, misses = 9772, hit rate = 82.36%
return_stack prediction, hits = 5178, misses = 13, hit rate = 99.75%
jump prediction, hits = 41144, misses = 11935, hit rate = 77.51%

======================== 切片硬件状态 ========================
切片号 | 所属安全域 | 当前状态    | 路扩展 | LRU touched
------------------------------------------------------------------
  0    |   域0      | 正常运行   |  否   |  36099605
  1    |   域3      | 正常运行   |  是   |  36099918
  2    |   域3      | 正常运行   |  是   |  36099948
  3    |   域2      | 正常运行   |  否   |  36099791
==================================================================

[动态重分配] 周期36100000：预约迁移 冗余域3(12%) -> 切片1 -> 饥饿域2(48%)
[切片剥夺] 周期36100000：切片1（所属域3）进入待剥夺状态，禁止新替换
[切片剥夺] 周期36100236：切片1在途请求已清空，开始执行脏行写回
[切片管理] 周期36123632：原域3仅剩1个切片，关闭路扩展模式
[动态重分配] 周期36123632：切片1写回完成，自动绑定到域2
[切片管理] 成功绑定切片1 → 安全域2，触发【路扩展模式】

======================== 切片硬件状态 ========================
切片号 | 所属安全域 | 当前状态    | 路扩展 | LRU touched
------------------------------------------------------------------
  0    |   域0      | 正常运行   |  否   |  36123459
  1    |   域2      | 正常运行   |  是   |  36123632
  2    |   域3      | 正常运行   |  否   |  36123619
  3    |   域2      | 正常运行   |  是   |  36123361
==================================================================


======================== 切片硬件状态 ========================
切片号 | 所属安全域 | 当前状态    | 路扩展 | LRU touched
------------------------------------------------------------------
  0    |   域0      | 正常运行   |  否   |  36299974
  1    |   域2      | 正常运行   |  是   |  36299982
  2    |   域3      | 正常运行   |  否   |  36299990
  3    |   域2      | 正常运行   |  是   |  36299976
==================================================================

[动态重分配] 周期36300000：预约迁移 冗余域2(1%) -> 切片3 -> 饥饿域3(12%)
[切片剥夺] 周期36300000：切片3（所属域2）进入待剥夺状态，禁止新替换
[切片剥夺] 周期36300000：切片3在途请求已清空，开始执行脏行写回
[切片管理] 周期36300080：原域2仅剩1个切片，关闭路扩展模式
[动态重分配] 周期36300080：切片3写回完成，自动绑定到域3
[切片管理] 成功绑定切片3 → 安全域3，触发【路扩展模式】

======================== 切片硬件状态 ========================
切片号 | 所属安全域 | 当前状态    | 路扩展 | LRU touched
------------------------------------------------------------------
  0    |   域0      | 正常运行   |  否   |  36299974
  1    |   域2      | 正常运行   |  否   |  36299982
  2    |   域3      | 正常运行   |  是   |  36299990
  3    |   域3      | 正常运行   |  是   |  36300080
==================================================================


======================== 切片硬件状态 ========================
切片号 | 所属安全域 | 当前状态    | 路扩展 | LRU touched
------------------------------------------------------------------
  0    |   域0      | 正常运行   |  否   |  37099966
  1    |   域2      | 正常运行   |  否   |  37099971
  2    |   域3      | 正常运行   |  是   |  37061271
  3    |   域3      | 正常运行   |  是   |  37099997
==================================================================

[动态重分配] 周期37100000：预约迁移 冗余域3(12%) -> 切片2 -> 饥饿域2(24%)
[切片剥夺] 周期37100000：切片2（所属域3）进入待剥夺状态，禁止新替换
[切片剥夺] 周期37100000：切片2在途请求已清空，开始执行脏行写回
[切片管理] 周期37122309：原域3仅剩1个切片，关闭路扩展模式
[动态重分配] 周期37122309：切片2写回完成，自动绑定到域2
[切片管理] 成功绑定切片2 → 安全域2，触发【路扩展 __sigismember __sigaddset __sigdelset模式】

======================== 切片硬件状态 ========================
切片号 | 所属安全域 | 当前状态    | 路扩展 | LRU touched
------------------------------------------------------------------
  0    |   域0      | 正常运行   |  否   |  37122297
  1    |   域2      | 正常运行   |  是   |  37122304
  2    |   域2      | 正常运行   |  是   |  37122309
  3    |   域3      | 正常运行   |  否   |  37122296
==================================================================


======================== 切片硬件状态 ========================
切片号 | 所属安全域 | 当前状态    | 路扩展 | LRU touched
------------------------------------------------------------------
  0    |   域0      | 正常运行   |  否   |  37299999
  1    |   域2      | 正常运行   |  是   |  37299708
  2    |   域2      | 正常运行   |  是   |  37299960
  3    |   域3      | 正常运行   |  否   |  37299995
==================================================================

[动态重分配] 周期37300000：预约迁移 冗余域2(0%) -> 切片1 -> 饥饿域3(12%)
[切片剥夺] 周期37300000：切片1（所属域2）进入待剥夺状态，禁止新替换
[切片剥夺] 周期37300000：切片1在途请求已清空，开始执行脏行写回
[切片管理] 周期37300128：原域2仅剩1个切片，关闭路扩展模式
[动态重分配] 周期37300128：切片1写回完成，自动绑定到域3
[切片管理] 成功绑定切片1 → 安全域3，触发【路扩展模式】

======================== 切片硬件状态 ========================
切片号 | 所属安全域 | 当前状态    | 路扩展 | LRU touched
------------------------------------------------------------------
  0    |   域0      | 正常运行   |  否   |  37300034
  1    |   域3      | 正常运行   |  是   |  37300128
  2    |   域2      | 正常运行   |  否   |  37299960
  3    |   域3      | 正常运行   |  是   |  37300128
==================================================================


======================== 切片硬件状态 ========================
切片号 | 所属安全域 | 当前状态    | 路扩展 | LRU touched
------------------------------------------------------------------
  0    |   域0      | 正常运行   |  否   |  41999985
  1    |   域3      | 正常运行   |  是   |  41999983
  2    |   域2      | 正常运行   |  否   |  41999989
  3    |   域3      | 正常运行   |  是   |  41975641
==================================================================

[动态重分配] 周期42000000：预约迁移 冗余域3(12%) -> 切片1 -> 饥饿域2(50%)
[切片剥夺] 周期42000000：切片1（所属域3）进入待剥夺状态，禁止新替换
[切片剥夺] 周期42000168：切片1在途请求已清空，开始执行脏行写回
[切片管理] 周期42023515：原域3仅剩1个切片，关闭路扩展模式
[动态重分配] 周期42023515：切片1写回完成，自动绑定到域2
[切片管理] 成功绑定切片1 → 安全域2，触发【路扩展模式】

======================== 切片硬件状态 ========================
切片号 | 所属安全域 | 当前状态    | 路扩展 | LRU touched
------------------------------------------------------------------
  0    |   域0      | 正常运行   |  否   |  42023491
  1    |   域2      | 正常运行   |  是   |  42023515
  2    |   域2      | 正常运行   |  是   |  42023336
  3    |   域3      | 正常运行   |  否   |  42023502
==================================================================


======================== 切片硬件状态 ========================
切片号 | 所属安全域 | 当前状态    | 路扩展 | LRU touched
------------------------------------------------------------------
  0    |   域0      | 正常运行   |  否   |  42199998
  1    |   域2      | 正常运行   |  是   |  42200000
  2    |   域2      | 正常运行   |  是   |  42199900
  3    |   域3      | 正常运行   |  否   |  42199997
==================================================================

[动态重分配] 周期42200000：预约迁移 冗余域2(1%) -> 切片2 -> 饥饿域3(12%)
[切片剥夺] 周期42200000：切片2（所属域2）进入待剥夺状态，禁止新替换
[切片剥夺] 周期42200000：切片2在途请求已清空，开始执行脏行写回
[切片管理] 周期42200104：原域2仅剩1个切片，关闭路扩展模式
[动态重分配] 周期42200104：切片2写回完成，自动绑定到域3
[切片管理] 成功绑定切片2 → 安全域3，触发【路扩展模式】

======================== 切片硬件状态 ========================
切片号 | 所属安全域 | 当前状态    | 路扩展 | LRU touched
------------------------------------------------------------------
  0    |   域0      | 正常运行   |  否   |  42200094
  1    |   域2      | 正常运行   |  否   |  42200104
  2    |   域3      | 正常运行   |  是   |  42200104
  3    |   域3      | 正常运行   |  是   |  42200101
==================================================================


======================== 切片硬件状态 ========================
切片号 | 所属安全域 | 当前状态    | 路扩展 | LRU touched
------------------------------------------------------------------
  0    |   域0      | 正常运行   |  否   |  44200000
  1    |   域2      | 正常运行   |  否   |  44200000
  2    |   域3      | 正常运行   |  是   |  44174083
  3    |   域3      | 正常运行   |  是   |  44199984
==================================================================

[动态重分配] 周期44200000：预约迁移 冗余域3(12%) -> 切片2 -> 饥饿域2(23%)
[切片剥夺] 周期44200000：切片2（所属域3）进入待剥夺状态，禁止新替换
[切片剥夺] 周期44200000：切片2在途请求已清空，开始执行脏行写回
[切片管理] 周期44220489：原域3仅剩1个切片，关闭路扩展模式
[动态重分配] 周期44220489：切片2写回完成，自动绑定到域2
[切片管理] 成功绑定切片2 → 安全域2，触发【路扩展模式】

======================== 切片硬件状态 ========================
切片号 | 所属安全域 | 当前状态    | 路扩展 | LRU touched
------------------------------------------------------------------
  0    |   域0      | 正常运行   |  否   |  44220484
  1    |   域2      | 正常运行   |  是   |  44220478
  2    |   域2      | 正常运行   |  是   |  44220489
  3    |   域3      | 正常运行   |  否   |  44220489
==================================================================


======================== 切片硬件状态 ========================
切片号 | 所属安全域 | 当前状态    | 路扩展 | LRU touched
------------------------------------------------------------------
  0    |   域0      | 正常运行   |  否   |  44399987
  1    |   域2      | 正常运行   |  是   |  44399823
  2    |   域2      | 正常运行   |  是   |  44399979
  3    |   域3      | 正常运行   |  否   |  44399989
==================================================================

[动态重分配] 周期44400000：预约迁移 冗余域2(0%) -> 切片1 -> 饥饿域3(12%)
[切片剥夺] 周期44400000：切片1（所属域2）进入待剥夺状态，禁止新替换
[切片剥夺] 周期44400000：切片1在途请求已清空，开始执行脏行写回
[切片管理] 周期44400179：原域2仅剩1个切片，关闭路扩展模式
[动态重分配] 周期44400179：切片1写回完成，自动绑定到域3
[切片管理] 成功绑定切片1 → 安全域3，触发【路扩展模式】

======================== 切片硬件状态 ========================
切片号 | 所属安全域 | 当前状态    | 路扩展 | LRU touched
------------------------------------------------------------------
  0    |   域0      | 正常运行   |  否   |  44400173
  1    |   域3      | 正常运行   |  是   |  44400179
  2    |   域2      | 正常运行   |  否   |  44400174
  3    |   域3      | 正常运行   |  是   |  44400179
==================================================================


======================== 切片硬件状态 ========================
切片号 | 所属安全域 | 当前状态    | 路扩展 | LRU touched
------------------------------------------------------------------
  0    |   域0      | 正常运行   |  否   |  46099999
  1    |   域3      | 正常运行   |  是   |  46079996
  2    |   域2      | 正常运行   |  否   |  46100000
  3    |   域3      | 正常运行   |  是   |  46099997
==================================================================

[动态重分配] 周期46100000：预约迁移 冗余域3(12%) -> 切片1 -> 饥饿域2(32%)
[切片剥夺] 周期46100000：切片1（所属域3）进入待剥夺状态，禁止新替换
[切片剥夺] 周期46100000：切片1在途请求已清空，开始执行脏行写回
[切片管理] 周期46120233：原域3仅剩1个切片，关闭路扩展模式
[动态重分配] 周期46120233：切片1写回完成，自动绑定到域2
[切片管理] 成功绑定切片1 → 安全域2，触发【路扩展模式】

======================== 切片硬件状态 ========================
切片号 | 所属安全域 | 当前状态    | 路扩展 | LRU touched
------------------------------------------------------------------
  0    |   域0      | 正常运行   |  否   |  46120211
  1    |   域2      | 正常运行   |  是   |  46120233
  2    |   域2      | 正常运行   |  是   |  46120219
  3    |   域3      | 正常运行   |  否   |  46120221
==================================================================


======================== 切片硬件状态 ========================
切片号 | 所属安全域 | 当前状态    | 路扩展 | LRU touched
------------------------------------------------------------------
  0    |   域0      | 正常运行   |  否   |  46199850
  1    |   域2      | 正常运行   |  是   |  46199878
  2    |   域2      | 正常运行   |  是   |  46199877
  3    |   域3      | 正常运行   |  否   |  46199888
==================================================================

[动态重分配] 周期46200000：预约迁移 冗余域2(1%) -> 切片2 -> 饥饿域3(12%)
[切片剥夺] 周期46200000：切片2（所属域2）进入待剥夺状态，禁止新替换
[切片剥夺] 周期46200000：切片2在途请求已清空，开始执行脏行写回
[切片管理] 周期46200185：原域2仅剩1个切片，关闭路扩展模式
[动态重分配] 周期46200185：切片2写回完成，自动绑定到域3
[切片管理] 成功绑定切片2 → 安全域3，触发【路扩展模式】

======================== 切片硬件状态 ========================
切片号 | 所属安全域 | 当前状态    | 路扩展 | LRU touched
------------------------------------------------------------------
  0    |   域0      | 正常运行   |  否   |  46200146
  1    |   域2      | 正常运行   |  否   |  46200179
  2    |   域3      | 正常运行   |  是   |  46200185
  3    |   域3      | 正常运行   |  是   |  46200167
==================================================================


======================== 切片硬件状态 ========================
切片号 | 所属安全域 | 当前状态    | 路扩展 | LRU touched
------------------------------------------------------------------
  0    |   域0      | 正常运行   |  否   |  49199895
  1    |   域2      | 正常运行   |  否   |  49199992
  2    |   域3      | 正常运行   |  是   |  49199997
  3    |   域3      | 正常运行   |  是   |  49193502
==================================================================

[动态重分配] 周期49200000：预约迁移 冗余域3(12%) -> 切片2 -> 饥饿域2(47%)
[切片剥夺] 周期49200000：切片2（所属域3）进入待剥夺状态，禁止新替换
[切片剥夺] 周期49200184：切片2在途请求已清空，开始执行脏行写回
[切片管理] 周期49223859：原域3仅剩1个切片，关闭路扩展模式
[动态重分配] 周期49223859：切片2写回完成，自动绑定到域2
[切片管理] 成功绑定切片2 → 安全域2，触发【路扩展模式】

======================== 切片硬件状态 ========================
切片号 | 所属安全域 | 当前状态    | 路扩展 | LRU touched
------------------------------------------------------------------
  0    |   域0      | 正常运行   |  否   |  49223769
  1    |   域2      | 正常运行   |  是   |  49223857
  2    |   域2      | 正常运行   |  是   |  49223859
  3    |   域3      | 正常运行   |  否   |  49223853
==================================================================


======================== 切片硬件状态 ========================
切片号 | 所属安全域 | 当前状态    | 路扩展 | LRU touched
------------------------------------------------------------------
  0    |   域0      | 正常运行   |  否   |  49400000
  1    |   域2      | 正常运行   |  是   |  49399998
  2    |   域2      | 正常运行   |  是   |  49400000
  3    |   域3      | 正常运行   |  否   |  49399998
==================================================================

[动态重分配] 周期49400000：预约迁移 冗余域2(1%) -> 切片1 -> 饥饿域3(12%)
[切片剥夺] 周期49400000：切片1（所属域2）进入待剥夺状态，禁止新替换
[切片剥夺] 周期49400000：切片1在途请求已清空，开始执行脏行写回
[切片管理] 周期49400122：原域2仅剩1个切片，关闭路扩展模式
[动态重分配] 周期49400122：切片1写回完成，自动绑定到域3
[切片管理] 成功绑定切片1 → 安全域3，触发【路扩展模式】

======================== 切片硬件状态 ========================
切片号 | 所属安全域 | 当前状态    | 路扩展 | LRU touched
------------------------------------------------------------------
  0    |   域0      | 正常运行   |  否   |  49400046
  1    |   域3      | 正常运行   |  是   |  49400122
  2    |   域2      | 正常运行   |  否   |  49400060
  3    |   域3      | 正常运行   |  是   |  49400034
==================================================================


======================== 切片硬件状态 ========================
切片号 | 所属安全域 | 当前状态    | 路扩展 | LRU touched
------------------------------------------------------------------
  0    |   域0      | 正常运行   |  否   |  50199893
  1    |   域3      | 正常运行   |  是   |  50173722
  2    |   域2      | 正常运行   |  否   |  50199738
  3    |   域3      | 正常运行   |  是   |  50199968
==================================================================

[动态重分配] 周期50200000：预约迁移 冗余域3(12%) -> 切片1 -> 饥饿域2(28%)
[切片剥夺] 周期50200000：切片1（所属域3）进入待剥夺状态，禁止新替换
[切片剥夺] 周期50200000：切片1在途请求已清空，开始执行脏行写回
[切片管理] 周期50222396：原域3仅剩1个切片，关闭路扩展模式
[动态重分配] 周期50222396：切片1写回完成，自动绑定到域2
[切片管理] 成功绑定切片1 → 安全域2，触发【路扩展模式】

======================== 切片硬件状态 ========================
切片号 | 所属安全域 | 当前状态    | 路扩展 | LRU touched
------------------------------------------------------------------
  0    |   域0      | 正常运行   |  否   |  50222390
  1    |   域2      | 正常运行   |  是   |  50222396
  2    |   域2      | 正常运行   |  是   |  50222381
  3    |   域3      | 正常运行   |  否   |  50222387
==================================================================


======================== 切片硬件状态 ========================
切片号 | 所属安全域 | 当前状态    | 路扩展 | LRU touched
------------------------------------------------------------------
  0    |   域0      | 正常运行   |  否   |  51299931
  1    |   域2      | 正常运行   |  是   |  51299924
  2    |   域2      | 正常运行   |  是   |  51299926
  3    |   域3      | 正常运行   |  否   |  51299936
==================================================================

[动态重分配] 周期51300000：预约迁移 冗余域2(1%) -> 切片1 -> 饥饿域3(12%)
[切片剥夺] 周期51300000：切片1（所属域2）进入待剥夺状态，禁止新替换
[切片剥夺] 周期51300000：切片1在途请求已清空，开始执行脏行写回
[切片管理] 周期51300230：原域2仅剩1个切片，关闭路扩展模式
[动态重分配] 周期51300230：切片1写回完成，自动绑定到域3
[切片管理] 成功绑定切片1 → 安全域3，触发【路扩展模式】

======================== 切片硬件状态 ========================
切片号 | 所属安全域 | 当前状态    | 路扩展 | LRU touched
------------------------------------------------------------------
  0    |   域0      | 正常运行   |  否   |  51299931
  1    |   域3      | 正常运行   |  是   |  51300230
  2    |   域2      | 正常运行   |  否   |  51299926
  3    |   域3      | 正常运行   |  是   |  51299936
==================================================================


======================== 切片硬件状态 ========================
切片号 | 所属安全域 | 当前状态    | 路扩展 | LRU touched
------------------------------------------------------------------
  0    |   域0      | 正常运行   |  否   |  55599957
  1    |   域3      | 正常运行   |  是   |  55599964
  2    |   域2      | 正常运行   |  否   |  55599794
  3    |   域3      | 正常运行   |  是   |  55594452
==================================================================

[动态重分配] 周期55600000：预约迁移 冗余域3(12%) -> 切片1 -> 饥饿域2(37%)
[切片剥夺] 周期55600000：切片1（所属域3）进入待剥夺状态，禁止新替换
[切片剥夺] 周期55600140：切片1在途请求已清空，开始执行脏行写回
[切片管理] 周期55622052：原域3仅剩1个切片，关闭路扩展模式
[动态重分配] 周期55622052：切片1写回完成，自动绑定到域2
[切片管理] 成功绑定切片1 → 安全域2，触发【路扩展模式】

======================== 切片硬件状态 ========================
切片号 | 所属安全域 | 当前状态    | 路扩展 | LRU touched
------------------------------------------------------------------
  0    |   域0      | 正常运行   |  否   |  55622022
  1    |   域2      | 正常运行   |  是   |  55622052
  2    |   域2      | 正常运行   |  是   |  55621918
  3    |   域3      | 正常运行   |  否   |  55622040
==================================================================


======================== 切片硬件状态 ========================
切片号 | 所属安全域 | 当前状态    | 路扩展 | LRU touched
------------------------------------------------------------------
  0    |   域0      | 正常运行   |  否   |  55899954
  1    |   域2      | 正常运行   |  是   |  55899943
  2    |   域2      | 正常运行   |  是   |  55899968
  3    |   域3      | 正常运行   |  否   |  55899944
==================================================================

[动态重分配] 周期55900000：预约迁移 冗余域2(1%) -> 切片2 -> 饥饿域3(12%)
[切片剥夺] 周期55900000：切片2（所属域2）进入待剥夺状态，禁止新替换
[切片剥夺] 周期55900000：切片2在途请求已清空，开始执行脏行写回
[切片管理] 周期55900194：原域2仅剩1个切片，关闭路扩展模式
[动态重分配] 周期55900194：切片2写回完成，自动绑定到域3
[切片管理] 成功绑定切片2 → 安全域3，触发【路扩展模式】

======================== 切片硬件状态 ========================
切片号 | 所属安全域 | 当前状态    | 路扩展 | LRU touched
------------------------------------------------------------------
  0    |   域0      | 正常运行   |  否   |  55900194
  1    |   域2      | 正常运行   |  否   |  55900185
  2    |   域3      | 正常运行   |  是   |  55900194
  3    |   域3      | 正常运行   |  是   |  55900194
==================================================================


======================== 切片硬件状态 ========================
切片号 | 所属安全域 | 当前状态    | 路扩展 | LRU touched
------------------------------------------------------------------
  0    |   域0      | 正常运行   |  否   |  56399958
  1    |   域2      | 正常运行   |  否   |  56399847
  2    |   域3      | 正常运行   |  是   |  56399963
  3    |   域3      | 正常运行   |  是   |  56388402
==================================================================

[动态重分配] 周期56400000：预约迁移 冗余域3(12%) -> 切片3 -> 饥饿域2(26%)
[切片剥夺] 周期56400000：切片3（所属域3）进入待剥夺状态，禁止新替换
[切片剥夺] 周期56400000：切片3在途请求已清空，开始执行脏行写回
[切片管理] 周期56425009：原域3仅剩1个切片，关闭路扩展模式
[动态重分配] 周期56425009：切片3写回完成，自动绑定到域2
[切片管理] 成功绑定切片3 → 安全域2，触发【路扩展模式】

======================== 切片硬件状态 ========================
切片号 | 所属安全域 | 当前状态    | 路扩展 | LRU touched
------------------------------------------------------------------
  0    |   域0      | 正常运行   |  否   |  56425009
  1    |   域2      | 正常运行   |  是   |  56424958
  2    |   域3      | 正常运行   |  否   |  56424999
  3    |   域2      | 正常运行   |  是   |  56425009
==================================================================


======================== 切片硬件状态 ========================
切片号 | 所属安全域 | 当前状态    | 路扩展 | LRU touched
------------------------------------------------------------------
  0    |   域0      | 正常运行   |  否   |  56699734
  1    |   域2      | 正常运行   |  是   |  56699709
  2    |   域3      | 正常运行   |  否   |  56699996
  3    |   域2      | 正常运行   |  是   |  56699711
==================================================================

[动态重分配] 周期56700000：预约迁移 冗余域2(0%) -> 切片1 -> 饥饿域3(12%)
[切片剥夺] 周期56700000：切片1（所属域2）进入待剥夺状态，禁止新替换
[切片剥夺] 周期56700000：切片1在途请求已清空，开始执行脏行写回
[切片管理] 周期56700176：原域2仅剩1个切片，关闭路扩展模式
[动态重分配] 周期56700176：切片1写回完成，自动绑定到域3
[切片管理] 成功绑定切片1 → 安全域3，触发【路扩展模式】

======================== 切片硬件状态 ========================
切片号 | 所属安全域 | 当前状态    | 路扩展 | LRU touched
------------------------------------------------------------------
  0    |   域0      | 正常运行   |  否   |  56699734
  1    |   域3      | 正常运行   |  是   |  56700176
  2    |   域3      | 正常运行   |  是   |  56699996
  3    |   域2      | 正常运行   |  否   |  56699711
==================================================================


======================== 切片硬件状态 ========================
切片号 | 所属安全域 | 当前状态    | 路扩展 | LRU touched
------------------------------------------------------------------
  0    |   域0      | 正常运行   |  否   |  57499999
  1    |   域3      | 正常运行   |  是   |  57499994
  2    |   域3      | 正常运行   |  是   |  57456803
  3    |   域2      | 正常运行   |  否   |  57499988
==================================================================

[动态重分配] 周期57500000：预约迁移 冗余域3(12%) -> 切片1 -> 饥饿域2(43%)
[切片剥夺] 周期57500000：切片1（所属域3）进入待剥夺状态，禁止新替换
[切片剥夺] 周期57500192：切片1在途请求已清空，开始执行脏行写回
[切片管理] 周期57519160：原域3仅剩1个切片，关闭路扩展模式
[动态重分配] 周期57519160：切片1写回完成，自动绑定到域2
[切片管理] 成功绑定切片1 → 安全域2，触发【路扩展模式】

======================== 切片硬件状态 ========================
切片号 | 所属安全域 | 当前状态    | 路扩展 | LRU touched
------------------------------------------------------------------
  0    |   域0      | 正常运行   |  否   |  57519158
  1    |   域2      | 正常运行   |  是   |  57519160
  2    |   域3      | 正常运行   |  否   |  57519158
  3    |   域2      | 正常运行   |  是   |  57519140
==================================================================


======================== 切片硬件状态 ========================
切片号 | 所属安全域 | 当前状态    | 路扩展 | LRU touched
------------------------------------------------------------------
  0    |   域0      | 正常运行   |  否   |  57699891
  1    |   域2      | 正常运行   |  是   |  57699886
  2    |   域3      | 正常运行   |  否   |  57699923
  3    |   域2      | 正常运行   |  是   |  57699965
==================================================================

[动态重分配] 周期57700000：预约迁移 冗余域2(1%) -> 切片3 -> 饥饿域3(12%)
[切片剥夺] 周期57700000：切片3（所属域2）进入待剥夺状态，禁止新替换
[切片剥夺] 周期57700000：切片3在途请求已清空，开始执行脏行写回
[切片管理] 周期57700128：原域2仅剩1个切片，关闭路扩展模式
[动态重分配] 周期57700128：切片3写回完成，自动绑定到域3
[切片管理] 成功绑定切片3 → 安全域3，触发【路扩展模式】

======================== 切片硬件状态 ========================
切片号 | 所属安全域 | 当前状态    | 路扩展 | LRU touched
------------------------------------------------------------------
  0    |   域0      | 正常运行   |  否   |  57700055
  1    |   域2      | 正常运行   |  否   |  57700063
  2    |   域3      | 正常运行   |  是   |  57700057
  3    |   域3      | 正常运行   |  是   |  57700128
==================================================================


======================== 切片硬件状态 ========================
切片号 | 所属安全域 | 当前状态    | 路扩展 | LRU touched
------------------------------------------------------------------
  0    |   域0      | 正常运行   |  否   |  58099973
  1    |   域2      | 正常运行   |  否   |  58099873
  2    |   域3      | 正常运行   |  是   |  58063482
  3    |   域3      | 正常运行   |  是   |  58099974
==================================================================

[动态重分配] 周期58100000：预约迁移 冗余域3(12%) -> 切片2 -> 饥饿域2(31%)
[切片剥夺] 周期58100000：切片2（所属域3）进入待剥夺状态，禁止新替换
[切片剥夺] 周期58100000：切片2在途请求已清空，开始执行脏行写回
[切片管理] 周期58120462：原域3仅剩1个切片，关闭路扩展模式
[动态重分配] 周期58120462：切片2写回完成，自动绑定到域2
[切片管理] 成功绑定切片2 → 安全域2，触发【路扩展模式】

======================== 切片硬件状态 ========================
切片号 | 所属安全域 | 当前状态    | 路扩展 | LRU touched
------------------------------------------------------------------
  0    |   域0      | 正常运行   |  否   |  58120363
  1    |   域2      | 正常运行   |  是   |  58120439
  2    |   域2      | 正常运行   |  是   |  58120462
  3    |   域3      | 正常运行   |  否   |  58120450
==================================================================


======================== 切片硬件状态 ========================
切片号 | 所属安全域 | 当前状态    | 路扩展 | LRU touched
------------------------------------------------------------------
  0    |   域0      | 正常运行   |  否   |  58699991
  1    |   域2      | 正常运行   |  是   |  58699996
  2    |   域2      | 正常运行   |  是   |  58699989
  3    |   域3      | 正常运行   |  否   |  58700000
==================================================================

[动态重分配] 周期58700000：预约迁移 冗余域2(0%) -> 切片1 -> 饥饿域3(12%)
[切片剥夺] 周期58700000：切片1（所属域2）进入待剥夺状态，禁止新替换
[切片剥夺] 周期58700000：切片1在途请求已清空，开始执行脏行写回
[切片管理] 周期58700206：原域2仅剩1个切片，关闭路扩展模式
[动态重分配] 周期58700206：切片1写回完成，自动绑定到域3
[切片管理] 成功绑定切片1 → 安全域3，触发【路扩展模式】

======================== 切片硬件状态 ========================
切片号 | 所属安全域 | 当前状态    | 路扩展 | LRU touched
------------------------------------------------------------------
  0    |   域0      | 正常运行   |  否   |  58700026
  1    |   域3      | 正常运行   |  是   |  58700206
  2    |   域2      | 正常运行   |  否   |  58700205
  3    |   域3      | 正常运行   |  是   |  58700097
==================================================================


======================== 切片硬件状态 ========================
切片号 | 所属安全域 | 当前状态    | 路扩展 | LRU touched
------------------------------------------------------------------
  0    |   域0      | 正常运行   |  否   |  59199998
  1    |   域3      | 正常运行   |  是   |  59176076
  2    |   域2      | 正常运行   |  否   |  59199988
  3    |   域3      | 正常运行   |  是   |  59199969
==================================================================

[动态重分配] 周期59200000：预约迁移 冗余域3(12%) -> 切片3 -> 饥饿域2(24%)
[切片剥夺] 周期59200000：切片3（所属域3）进入待剥夺状态，禁止新替换
[切片剥夺] 周期59200136：切片3在途请求已清空，开始执行脏行写回
[切片管理] 周期59217311：原域3仅剩1个切片，关闭路扩展模式
[动态重分配] 周期59217311：切片3写回完成，自动绑定到域2
[切片管理] 成功绑定切片3 → 安全域2，触发【路扩展模式】

======================== 切片硬件状态 ========================
切片号 | 所属安全域 | 当前状态    | 路扩展 | LRU touched
------------------------------------------------------------------
  0    |   域0      | 正常运行   |  否   |  59217304
  1    |   域3      | 正常运行   |  否   |  59217300
  2    |   域2      | 正常运行   |  是   |  59217233
  3    |   域2      | 正常运行   |  是   |  59217311
==================================================================


======================== 切片硬件状态 ========================
切片号 | 所属安全域 | 当前状态    | 路扩展 | LRU touched
------------------------------------------------------------------
  0    |   域0      | 正常运行   |  否   |  59699910
  1    |   域3      | 正常运行   |  否   |  59699915
  2    |   域2      | 正常运行   |  是   |  59699897
  3    |   域2      | 正常运行   |  是   |  59699895
==================================================================

[动态重分配] 周期59700000：预约迁移 冗余域2(0%) -> 切片2 -> 饥饿域3(12%)
[切片剥夺] 周期59700000：切片2（所属域2）进入待剥夺状态，禁止新替换
[切片剥夺] 周期59700000：切片2在途请求已清空，开始执行脏行写回
[切片管理] 周期59700188：原域2仅剩1个切片，关闭路扩展模式
[动态重分配] 周期59700188：切片2写回完成，自动绑定到域3
[切片管理] 成功绑定切片2 → 安全域3，触发【路扩展模式】

======================== 切片硬件状态 ========================
切片号 | 所属安全域 | 当前状态    | 路扩展 | LRU touched
------------------------------------------------------------------
  0    |   域0      | 正常运行   |  否   |  59699910
  1    |   域3      | 正常运行   |  是   |  59700062
  2    |   域3      | 正常运行   |  是   |  59700188
  3    |   域2      | 正常运行   |  否   |  59700076
==================================================================


======================== 切片硬件状态 ========================
切片号 | 所属安全域 | 当前状态    | 路扩展 | LRU touched
------------------------------------------------------------------
  0    |   域0      | 正常运行   |  否   |  63199968
  1    |   域3      | 正常运行   |  是   |  63192464
  2    |   域3      | 正常运行   |  是   |  63199946
  3    |   域2      | 正常运行   |  否   |  63199942
==================================================================

[动态重分配] 周期63200000：预约迁移 冗余域3(12%) -> 切片1 -> 饥饿域2(45%)
[切片剥夺] 周期63200000：切片1（所属域3）进入待剥夺状态，禁止新替换
[切片剥夺] 周期63200000：切片1在途请求已清空，开始执行脏行写回
[切片管理] 周期63223435：原域3仅剩1个切片，关闭路扩展模式
[动态重分配] 周期63223435：切片1写回完成，自动绑定到域2
[切片管理] 成功绑定切片1 → 安全域2，触发【路扩展模式】

======================== 切片硬件状态 ========================
切片号 | 所属安全域 | 当前状态    | 路扩展 | LRU touched
------------------------------------------------------------------
  0    |   域0      | 正常运行   |  否   |  63223353
  1    |   域2      | 正常运行   |  是   |  63223435
  2    |   域3      | 正常运行   |  否   |  63223423
  3    |   域2      | 正常运行   |  是   |  63223342
==================================================================


======================== 切片硬件状态 ========================
切片号 | 所属安全域 | 当前状态    | 路扩展 | LRU touched
------------------------------------------------------------------
  0    |   域0      | 正常运行   |  否   |  63599739
  1    |   域2      | 正常运行   |  是   |  63599984
  2    |   域3      | 正常运行   |  否   |  63599996
  3    |   域2      | 正常运行   |  是   |  63599991
==================================================================

[动态重分配] 周期63600000：预约迁移 冗余域2(1%) -> 切片3 -> 饥饿域3(12%)
[切片剥夺] 周期63600000：切片3（所属域2）进入待剥夺状态，禁止新替换
[切片剥夺] 周期63600000：切片3在途请求已清空，开始执行脏行写回
[切片管理] 周期63600173：原域2仅剩1个切片，关闭路扩展模式
[动态重分配] 周期63600173：切片3写回完成，自动绑定到域3
[切片管理] 成功绑定切片3 → 安全域3，触发【路扩展模式】

======================== 切片硬件状态 ========================
切片号 | 所属安全域 | 当前状态    | 路扩展 | LRU touched
------------------------------------------------------------------
  0    |   域0      | 正常运行   |  否   |  63599739
  1    |   域2      | 正常运行   |  否   |  63600147
  2    |   域3      | 正常运行   |  是   |  63600173
  3    |   域3      | 正常运行   |  是   |  63600173
==================================================================


======================== 切片硬件状态 ========================
切片号 | 所属安全域 | 当前状态    | 路扩展 | LRU touched
------------------------------------------------------------------
  0    |   域0      | 正常运行   |  否   |  64699937
  1    |   域2      | 正常运行   |  否   |  64699990
  2    |   域3      | 正常运行   |  是   |  64699987
  3    |   域3      | 正常运行   |  是   |  64684271
==================================================================

[动态重分配] 周期64700000：预约迁移 冗余域3(12%) -> 切片2 -> 饥饿域0(25%)
[切片剥夺] 周期64700000：切片2（所属域3）进入待剥夺状态，禁止新替换
[切片剥夺] 周期64700192：切片2在途请求已清空，开始执行脏行写回
[切片管理] 周期64720985：原域3仅剩1个切片，关闭路扩展模式
[动态重分配] 周期64720985：切片2写回完成，自动绑定到域0
[切片管理] 成功绑定切片2 → 安全域0，触发【路扩展模式】

======================== 切片硬件状态 ========================
切片号 | 所属安全域 | 当前状态    | 路扩展 | LRU touched
------------------------------------------------------------------
  0    |   域0      | 正常运行   |  是   |  64720880
  1    |   域2      | 正常运行   |  否   |  64720976
  2    |   域0      | 正常运行   |  是   |  64720985
  3    |   域3      | 正常运行   |  否   |  64720977
==================================================================


======================== 切片硬件状态 ========================
切片号 | 所属安全域 | 当前状态    | 路扩展 | LRU touched
------------------------------------------------------------------
  0    |   域0      | 正常运行   |  是   |  65899999
  1    |   域2      | 正常运行   |  否   |  65900000
  2    |   域0      | 正常运行   |  是   |  65899991
  3    |   域3      | 正常运行   |  否   |  65899998
==================================================================

[动态重分配] 周期65900000：预约迁移 冗余域0(1%) -> 切片0 -> 饥饿域3(12%)
[切片剥夺] 周期65900000：切片0（所属域0）进入待剥夺状态，禁止新替换
[切片剥夺] 周期65900000：切片0在途请求已清空，开始执行脏行写回
[切片管理] 周期65900161：原域0仅剩1个切片，关闭路扩展模式
[动态重分配] 周期65900161：切片0写回完成，自动绑定到域3
[切片管理] 成功绑定切片0 → 安全域3，触发【路扩展模式】

======================== 切片硬件状态 ========================
切片号 | 所属安全域 | 当前状态    | 路扩展 | LRU touched
------------------------------------------------------------------
  0    |   域3      | 正常运行   |  是   |  65900161
  1    |   域2      | 正常运行   |  否   |  65900158
  2    |   域0      | 正常运行   |  否   |  65900158
  3    |   域3      | 正常运行   |  是   |  65900155
==================================================================


======================== 切片硬件状态 ========================
切片号 | 所属安全域 | 当前状态    | 路扩展 | LRU touched
------------------------------------------------------------------
  0    |   域3      | 正常运行   |  是   |  67493895
  1    |   域2      | 正常运行   |  否   |  67499871
  2    |   域0      | 正常运行   |  否   |  67499995
  3    |   域3      | 正常运行   |  是   |  67499991
==================================================================

[动态重分配] 周期67500000：预约迁移 冗余域3(12%) -> 切片0 -> 饥饿域2(29%)
[切片剥夺] 周期67500000：切片0（所属域3）进入待剥夺状态，禁止新替换
[切片剥夺] 周期67500000：切片0在途请求已清空，开始执行脏行写回
[切片管理] 周期67522436：原域3仅剩1个切片，关闭路扩展模式
[动态重分配] 周期67522436：切片0写回完成，自动绑定到域2
[切片管理] 成功绑定切片0 → 安全域2，触发【路扩展模式】

======================== 切片硬件状态 ========================
切片号 | 所属安全域 | 当前状态    | 路扩展 | LRU touched
------------------------------------------------------------------
  0    |   域2      | 正常运行   |  是   |  67522436
  1    |   域2      | 正常运行   |  是   |  67522412
  2    |   域0      | 正常运行   |  否   |  67522436
  3    |   域3      | 正常运行   |  否   |  67522419
==================================================================


======================== 切片硬件状态 ========================
切片号 | 所属安全域 | 当前状态    | 路扩展 | LRU touched
------------------------------------------------------------------
  0    |   域2      | 正常运行   |  是   |  67799995
  1    |   域2      | 正常运行   |  是   |  67799995
  2    |   域0      | 正常运行   |  否   |  67799998
  3    |   域3      | 正常运行   |  否   |  67799985
==================================================================

[动态重分配] 周期67800000：预约迁移 冗余域2(0%) -> 切片1 -> 饥饿域3(12%)
[切片剥夺] 周期67800000：切片1（所属域2）进入待剥夺状态，禁止新替换
[切片剥夺] 周期67800000：切片1在途请求已清空，开始执行脏行写回
[切片管理] 周期67800248：原域2仅剩1个切片，关闭路扩展模式
[动态重分配] 周期67800248：切片1写回完成，自动绑定到域3
[切片管理] 成功绑定切片1 → 安全域3，触发【路扩展模式】

======================== 切片硬件状态 ========================
切片号 | 所属安全域 | 当前状态    | 路扩展 | LRU touched
------------------------------------------------------------------
  0    |   域2      | 正常运行   |  否   |  67800243
  1    |   域3      | 正常运行   |  是   |  67800248
  2    |   域0      | 正常运行   |  否   |  67800243
  3    |   域3      | 正常运行   |  是   |  67800215
==================================================================


======================== 切片硬件状态 ========================
切片号 | 所属安全域 | 当前状态    | 路扩展 | LRU touched
------------------------------------------------------------------
  0    |   域2      | 正常运行   |  否   |  68999968
  1    |   域3      | 正常运行   |  是   |  68999994
  2    |   域0      | 正常运行   |  否   |  68999983
  3    |   域3      | 正常运行   |  是   |  68961561
==================================================================

[动态重分配] 周期69000000：预约迁移 冗余域3(12%) -> 切片1 -> 饥饿域2(45%)
[切片剥夺] 周期69000000：切片1（所属域3）进入待剥夺状态，禁止新替换
[切片剥夺] 周期69000180：切片1在途请求已清空，开始执行脏行写回
[切片管理] 周期69026093：原域3仅剩1个切片，关闭路扩展模式
[动态重分配] 周期69026093：切片1写回完成，自动绑定到域2
[切片管理] 成功绑定切片1 → 安全域2，触发【路扩展模式】

======================== 切片硬件状态 ========================
切片号 | 所属安全域 | 当前状态    | 路扩展 | LRU touched
------------------------------------------------------------------
  0    |   域2      | 正常运行   |  是   |  69026015
  1    |   域2      | 正常运行   |  是   |  69026093
  2    |   域0      | 正常运行   |  否   |  69026092
  3    |   域3      | 正常运行   |  否   |  69026081
==================================================================


======================== 切片硬件状态 ========================
切片号 | 所属安全域 | 当前状态    | 路扩展 | LRU touched
------------------------------------------------------------------
  0    |   域2      | 正常运行   |  是   |  69299883
  1    |   域2      | 正常运行   |  是   |  69299966
  2    |   域0      | 正常运行   |  否   |  69299987
  3    |   域3      | 正常运行   |  否   |  69299948
==================================================================

[动态重分配] 周期69300000：预约迁移 冗余域2(0%) -> 切片0 -> 饥饿域3(12%)
[切片剥夺] 周期69300000：切片0（所属域2）进入待剥夺状态，禁止新替换
[切片剥夺] 周期69300000：切片0在途请求已清空，开始执行脏行写回
[切片管理] 周期69300230：原域2仅剩1个切片，关闭路扩展模式
[动态重分配] 周期69300230：切片0写回完成，自动绑定到域3
[切片管理] 成功绑定切片0 → 安全域3，触发【路扩展模式】

======================== 切片硬件状态 ========================
切片号 | 所属安全域 | 当前状态    | 路扩展 | LRU touched
------------------------------------------------------------------
  0    |   域3      | 正常运行   |  是   |  69300230
  1    |   域2      | 正常运行   |  否   |  69300217
  2    |   域0      | 正常运行   |  否   |  69300229
  3    |   域3      | 正常运行   |  是   |  69300226
==================================================================


======================== 切片硬件状态 ========================
切片号 | 所属安全域 | 当前状态    | 路扩展 | LRU touched
------------------------------------------------------------------
  0    |   域3      | 正常运行   |  是   |  69599973
  1    |   域2      | 正常运行   |  否   |  69600000
  2    |   域0      | 正常运行   |  否   |  69599996
  3    |   域3      | 正常运行   |  是   |  69596852
==================================================================

[动态重分配] 周期69600000：预约迁移 冗余域3(12%) -> 切片3 -> 饥饿域2(24%)
[切片剥夺] 周期69600000：切片3（所属域3）进入待剥夺状态，禁止新替换
[切片剥夺] 周期69600000：切片3在途请求已清空，开始执行脏行写回
[切片管理] 周期69620320：原域3仅剩1个切片，关闭路扩展模式
[动态重分配] 周期69620320：切片3写回完成，自动绑定到域2
[切片管理] 成功绑定切片3 → 安全域2，触发【路扩展模式】

======================== 切片硬件状态 ========================
切片号 | 所属安全域 | 当前状态    | 路扩展 | LRU touched
------------------------------------------------------------------
  0    |   域3      | 正常运行   |  否   |  69620311
  1    |   域2      | 正常运行   |  是   |  69620294
  2    |   域0      | 正常运行   |  否   |  69620320
  3    |   域2      | 正常运行   |  是   |  69620320
==================================================================


======================== 切片硬件状态 ========================
切片号 | 所属安全域 | 当前状态    | 路扩展 | LRU touched
------------------------------------------------------------------
  0    |   域3      | 正常运行   |  否   |  69899988
  1    |   域2      | 正常运行   |  是   |  69899966
  2    |   域0      | 正常运行   |  否   |  69899995
  3    |   域2      | 正常运行   |  是   |  69899995
==================================================================

[动态重分配] 周期69900000：预约迁移 冗余域2(1%) -> 切片1 -> 饥饿域3(12%)
[切片剥夺] 周期69900000：切片1（所属域2）进入待剥夺状态，禁止新替换
[切片剥夺] 周期69900000：切片1在途请求已清空，开始执行脏行写回
[切片管理] 周期69900257：原域2仅剩1个切片，关闭路扩展模式
[动态重分配] 周期69900257：切片1写回完成，自动绑定到域3
[切片管理] 成功绑定切片1 → 安全域3，触发【路扩展模式】

======================== 切片硬件状态 ========================
切片号 | 所属安全域 | 当前状态    | 路扩展 | LRU touched
------------------------------------------------------------------
  0    |   域3      | 正常运行   |  是   |  69900257
  1    |   域3      | 正常运行   |  是   |  69900257
  2    |   域0      | 正常运行   |  否   |  69900248
  3    |   域2      | 正常运行   |  否   |  69900113
==================================================================


======================== 切片硬件状态 ========================
切片号 | 所属安全域 | 当前状态    | 路扩展 | LRU touched
------------------------------------------------------------------
  0    |   域3      | 正常运行   |  是   |  69978964
  1    |   域3      | 正常运行   |  是   |  69999939
  2    |   域0      | 正常运行   |  否   |  69999918
  3    |   域2      | 正常运行   |  否   |  69999927
==================================================================

[动态重分配] 周期70000000：预约迁移 冗余域3(12%) -> 切片0 -> 饥饿域2(38%)
[切片剥夺] 周期70000000：切片0（所属域3）进入待剥夺状态，禁止新替换
[切片剥夺] 周期70000000：切片0在途请求已清空，开始执行脏行写回
[切片管理] 周期70021693：原域3仅剩1个切片，关闭路扩展模式
[动态重分配] 周期70021693：切片0写回完成，自动绑定到域2
[切片管理] 成功绑定切片0 → 安全域2，触发【路扩展模式】

======================== 切片硬件状态 ========================
切片号 | 所属安全域 | 当前状态    | 路扩展 | LRU touched
------------------------------------------------------------------
  0    |   域2      | 正常运行   |  是   |  70021693
  1    |   域3      | 正常运行   |  否   |  70021693
  2    |   域0      | 正常运行   |  否   |  70021693
  3    |   域2      | 正常运行   |  是   |  70021692
==================================================================


======================== 切片硬件状态 ========================
切片号 | 所属安全域 | 当前状态    | 路扩展 | LRU touched
------------------------------------------------------------------
  0    |   域2      | 正常运行   |  是   |  70699999
  1    |   域3      | 正常运行   |  否   |  70699998
  2    |   域0      | 正常运行   |  否   |  70699999
  3    |   域2      | 正常运行   |  是   |  70699995
==================================================================

[动态重分配] 周期70700000：预约迁移 冗余域2(1%) -> 切片3 -> 饥饿域3(12%)
[切片剥夺] 周期70700000：切片3（所属域2）进入待剥夺状态，禁止新替换
[切片剥夺] 周期70700000：切片3在途请求已清空，开始执行脏行写回
[切片管理] 周期70700260：原域2仅剩1个切片，关闭路扩展模式
[动态重分配] 周期70700260：切片3写回完成，自动绑定到域3
[切片管理] 成功绑定切片3 → 安全域3，触发【路扩展模式】

======================== 切片硬件状态 ========================
切片号 | 所属安全域 | 当前状态    | 路扩展 | LRU touched
------------------------------------------------------------------
  0    |   域2      | 正常运行   |  否   |  70700256
  1    |   域3      | 正常运行   |  是   |  70700248
  2    |   域0      | 正常运行   |  否   |  70700132
  3    |   域3      | 正常运行   |  是   |  70700260
==================================================================


======================== 切片硬件状态 ========================
切片号 | 所属安全域 | 当前状态    | 路扩展 | LRU touched
------------------------------------------------------------------
  0    |   域2      | 正常运行   |  否   |  71199980
  1    |   域3      | 正常运行   |  是   |  71199985
  2    |   域0      | 正常运行   |  否   |  71199977
  3    |   域3      | 正常运行   |  是   |  71161959
==================================================================

[动态重分配] 周期71200000：预约迁移 冗余域3(12%) -> 切片1 -> 饥饿域2(47%)
[切片剥夺] 周期71200000：切片1（所属域3）进入待剥夺状态，禁止新替换
[切片剥夺] 周期71200188：切片1在途请求已清空，开始执行脏行写回
[切片管理] 周期71225458：原域3仅剩1个切片，关闭路扩展模式
[动态重分配] 周期71225458：切片1写回完成，自动绑定到域2
[切片管理] 成功绑定切片1 → 安全域2，触发【路扩展模式】

======================== 切片硬件状态 ========================
切片号 | 所属安全域 | 当前状态    | 路扩展 | LRU touched
------------------------------------------------------------------
  0    |   域2      | 正常运行   |  是   |  71225446
  1    |   域2      | 正常运行   |  是   |  71225458
  2    |   域0      | 正常运行   |  否   |  71225445
  3    |   域3      | 正常运行   |  否   |  71225451
==================================================================


======================== 切片硬件状态 ========================
切片号 | 所属安全域 | 当前状态    | 路扩展 | LRU touched
------------------------------------------------------------------
  0    |   域2      | 正常运行   |  是   |  71799993
  1    |   域2      | 正常运行   |  是   |  71799991
  2    |   域0      | 正常运行   |  否   |  71799994
  3    |   域3      | 正常运行   |  否   |  71799996
==================================================================

[动态重分配] 周期71800000：预约迁移 冗余域2(1%) -> 切片0 -> 饥饿域3(12%)
[切片剥夺] 周期71800000：切片0（所属域2）进入待剥夺状态，禁止新替换
[切片剥夺] 周期71800000：切片0在途请求已清空，开始执行脏行写回
[切片管理] 周期71800224：原域2仅剩1个切片，关闭路扩展模式
[动态重分配] 周期71800224：切片0写回完成，自动绑定到域3
[切片管理] 成功绑定切片0 → 安全域3，触发【路扩展模式】

======================== 切片硬件状态 ========================
切片号 | 所属安全域 | 当前状态    | 路扩展 | LRU touched
------------------------------------------------------------------
  0    |   域3      | 正常运行   |  是   |  71800224
  1    |   域2      | 正常运行   |  否   |  71800221
  2    |   域0      | 正常运行   |  否   |  71800212
  3    |   域3      | 正常运行   |  是   |  71800222
==================================================================


======================== 切片硬件状态 ========================
切片号 | 所属安全域 | 当前状态    | 路扩展 | LRU touched
------------------------------------------------------------------
  0    |   域3      | 正常运行   |  是   |  72199989
  1    |   域2      | 正常运行   |  否   |  72199969
  2    |   域0      | 正常运行   |  否   |  72199992
  3    |   域3      | 正常运行   |  是   |  72166688
==================================================================

[动态重分配] 周期72200000：预约迁移 冗余域3(12%) -> 切片3 -> 饥饿域2(24%)
[切片剥夺] 周期72200000：切片3（所属域3）进入待剥夺状态，禁止新替换
[切片剥夺] 周期72200000：切片3在途请求已清空，开始执行脏行写回
[切片管理] 周期72221323：原域3仅剩1个切片，关闭路扩展模式
[动态重分配] 周期72221323：切片3写回完成，自动绑定到域2
[切片管理] 成功绑定切片3 → 安全域2，触发【路扩展模式】

======================== 切片硬件状态 ========================
切片号 | 所属安全域 | 当前状态    | 路扩展 | LRU touched
------------------------------------------------------------------
  0    |   域3      | 正常运行   |  否   |  72221323
  1    |   域2      | 正常运行   |  是   |  72221323
  2    |   域0      | 正常运行   |  否   |  72221320
  3    |   域2      | 正常运行   |  是   |  72221323
==================================================================


======================== 切片硬件状态 ========================
切片号 | 所属安全域 | 当前状态    | 路扩展 | LRU touched
------------------------------------------------------------------
  0    |   域3      | 正常运行   |  否   |  72499998
  1    |   域2      | 正常运行   |  是   |  72499992
  2    |   域0      | 正常运行   |  否   |  72500000
  3    |   域2      | 正常运行   |  是   |  72499991
==================================================================

[动态重分配] 周期72500000：预约迁移 冗余域2(0%) -> 切片1 -> 饥饿域3(12%)
[切片剥夺] 周期72500000：切片1（所属域2）进入待剥夺状态，禁止新替换
[切片剥夺] 周期72500000：切片1在途请求已清空，开始执行脏行写回
[切片管理] 周期72500299：原域2仅剩1个切片，关闭路扩展模式
[动态重分配] 周期72500299：切片1写回完成，自动绑定到域3
[切片管理] 成功绑定切片1 → 安全域3，触发【路扩展模式】

======================== 切片硬件状态 ========================
切片号 | 所属安全域 | 当前状态    | 路扩展 | LRU touched
------------------------------------------------------------------
  0    |   域3      | 正常运行   |  是   |  72499998
  1    |   域3      | 正常运行   |  是   |  72500299
  2    |   域0      | 正常运行   |  否   |  72500262
  3    |   域2      | 正常运行   |  否   |  72500268
==================================================================


======================== 切片硬件状态 ========================
切片号 | 所属安全域 | 当前状态    | 路扩展 | LRU touched
------------------------------------------------------------------
  0    |   域3      | 正常运行   |  是   |  73399994
  1    |   域3      | 正常运行   |  是   |  73382654
  2    |   域0      | 正常运行   |  否   |  73399999
  3    |   域2      | 正常运行   |  否   |  73399913
==================================================================

[动态重分配] 周期73400000：预约迁移 冗余域3(12%) -> 切片0 -> 饥饿域2(45%)
[切片剥夺] 周期73400000：切片0（所属域3）进入待剥夺状态，禁止新替换
[切片剥夺] 周期73400212：切片0在途请求已清空，开始执行脏行写回
[切片管理] 周期73426283：原域3仅剩1个切片，关闭路扩展模式
[动态重分配] 周期73426283：切片0写回完成，自动绑定到域2
[切片管理] 成功绑定切片0 → 安全域2，触发【路扩展模式】

======================== 切片硬件状态 ========================
切片号 | 所属安全域 | 当前状态    | 路扩展 | LRU touched
------------------------------------------------------------------
  0    |   域2      | 正常运行   |  是   |  73426283
  1    |   域3      | 正常运行   |  否   |  73426270
  2    |   域0      | 正常运行   |  否   |  73426276
  3    |   域2      | 正常运行   |  是   |  73426266
==================================================================


======================== 切片硬件状态 ========================
切片号 | 所属安全域 | 当前状态    | 路扩展 | LRU touched
------------------------------------------------------------------
  0    |   域2      | 正常运行   |  是   |  73599996
  1    |   域3      | 正常运行   |  否   |  73599993
  2    |   域0      | 正常运行   |  否   |  73600000
  3    |   域2      | 正常运行   |  是   |  73599917
==================================================================

[动态重分配] 周期73600000：预约迁移 冗余域2(1%) -> 切片3 -> 饥饿域3(12%)
[切片剥夺] 周期73600000：切片3（所属域2）进入待剥夺状态，禁止新替换
[切片剥夺] 周期73600000：切片3在途请求已清空，开始执行脏行写回
[切片管理] 周期73600188：原域2仅剩1个切片，关闭路扩展模式
[动态重分配] 周期73600188：切片3写回完成，自动绑定到域3
[切片管理] 成功绑定切片3 → 安全域3，触发【路扩展模式】

======================== 切片硬件状态 ========================
切片号 | 所属安全域 | 当前状态    | 路扩展 | LRU touched
------------------------------------------------------------------
  0    |   域2      | 正常运行   |  否   |  73600186
  1    |   域3      | 正常运行   |  是   |  73600176
  2    |   域0      | 正常运行   |  否   |  73600144
  3    |   域3      | 正常运行   |  是   |  73600188
==================================================================


======================== 切片硬件状态 ========================
切片号 | 所属安全域 | 当前状态    | 路扩展 | LRU touched
------------------------------------------------------------------
  0    |   域2      | 正常运行   |  否   |  74099965
  1    |   域3      | 正常运行   |  是   |  74099990
  2    |   域0      | 正常运行   |  否   |  74099815
  3    |   域3      | 正常运行   |  是   |  74087502
==================================================================

[动态重分配] 周期74100000：预约迁移 冗余域3(12%) -> 切片1 -> 饥饿域0(60%)
[切片剥夺] 周期74100000：切片1（所属域3）进入待剥夺状态，禁止新替换
[切片剥夺] 周期74100128：切片1在途请求已清空，开始执行脏行写回
[切片管理] 周期74121954：原域3仅剩1个切片，关闭路扩展模式
[动态重分配] 周期74121954：切片1写回完成，自动绑定到域0
[切片管理] 成功绑定切片1 → 安全域0，触发【路扩展模式】

======================== 切片硬件状态 ========================
切片号 | 所属安全域 | 当前状态    | 路扩展 | LRU touched
------------------------------------------------------------------
  0    |   域2      | 正常运行   |  否   |  74121924
  1    |   域0      | 正常运行   |  是   |  74121954
  2    |   域0      | 正常运行   |  是   |  74121903
  3    |   域3      | 正常运行   |  否   |  74121942
==================================================================


======================== 切片硬件状态 ========================
切片号 | 所属安全域 | 当前状态    | 路扩展 | LRU touched
------------------------------------------------------------------
  0    |   域2      | 正常运行   |  否   |  74299997
  1    |   域0      | 正常运行   |  是   |  74299999
  2    |   域0      | 正常运行   |  是   |  74299708
  3    |   域3      | 正常运行   |  否   |  74299999
==================================================================

[动态重分配] 周期74300000：预约迁移 冗余域0(1%) -> 切片2 -> 饥饿域3(12%)
[切片剥夺] 周期74300000：切片2（所属域0）进入待剥夺状态，禁止新替换
[切片剥夺] 周期74300000：切片2在途请求已清空，开始执行脏行写回
[切片管理] 周期74300077：原域0仅剩1个切片，关闭路扩展模式
[动态重分配] 周期74300077：切片2写回完成，自动绑定到域3
[切片管理] 成功绑定切片2 → 安全域3，触发【路扩展模式】

======================== 切片硬件状态 ========================
切片号 | 所属安全域 | 当前状态    | 路扩展 | LRU touched
------------------------------------------------------------------
  0    |   域2      | 正常运行   |  否   |  74300010
  1    |   域0      | 正常运行   |  否   |  74300072
  2    |   域3      | 正常运行   |  是   |  74300077
  3    |   域3      | 正常运行   |  是   |  74300076
==================================================================


======================== 切片硬件状态 ========================
切片号 | 所属安全域 | 当前状态    | 路扩展 | LRU touched
------------------------------------------------------------------
  0    |   域2      | 正常运行   |  否   |  74399960
  1    |   域0      | 正常运行   |  否   |  74399998
  2    |   域3      | 正常运行   |  是   |  74400000
  3    |   域3      | 正常运行   |  是   |  74381941
==================================================================

[动态重分配] 周期74400000：预约迁移 冗余域3(12%) -> 切片3 -> 饥饿域2(37%)
[切片剥夺] 周期74400000：切片3（所属域3）进入待剥夺状态，禁止新替换
[切片剥夺] 周期74400000：切片3在途请求已清空，开始执行脏行写回
[切片管理] 周期74426619：原域3仅剩1个切片，关闭路扩展模式
[动态重分配] 周期74426619：切片3写回完成，自动绑定到域2
[切片管理] 成功绑定切片3 → 安全域2，触发【路扩展模式】

======================== 切片硬件状态 ========================
切片号 | 所属安全域 | 当前状态    | 路扩展 | LRU touched
------------------------------------------------------------------
  0    |   域2      | 正常运行   |  是   |  74426596
  1    |   域0      | 正常运行   |  否   |  74426619
  2    |   域3      | 正常运行   |  否   |  74426611
  3    |   域2      | 正常运行   |  是   |  74426619
==================================================================


======================== 切片硬件状态 ========================
切片号 | 所属安全域 | 当前状态    | 路扩展 | LRU touched
------------------------------------------------------------------
  0    |   域2      | 正常运行   |  是   |  74599995
  1    |   域0      | 正常运行   |  否   |  74599968
  2    |   域3      | 正� mem_access_latency dl1_access_fn dl2_access_fn il1_access_fn il2_access_fn itlb_access_fn dtlb_access_fn sim_reg_options��运行   |  否   |  74599990
  3    |   域2      | 正常运行   |  是   |  74599993
==================================================================

[动态重分配] 周期74600000：预约迁移 冗余域2(1%) -> 切片0 -> 饥饿域3(12%)
[切片剥夺] 周期74600000：切片0（所属域2）进入待剥夺状态，禁止新替换
[切片剥夺] 周期74600000：切片0在途请求已清空，开始执行脏行写回
[切片管理] 周期74600265：原域2仅剩1个切片，关闭路扩展模式
[动态重分配] 周期74600265：切片0写回完成，自动绑定到域3
[切片管理] 成功绑定切片0 → 安全域3，触发【路扩展模式】

======================== 切片硬件状态 ========================
切片号 | 所属安全域 | 当前状态    | 路扩展 | LRU touched
------------------------------------------------------------------
  0    |   域3      | 正常运行   |  是   |  74600265
  1    |   域0      | 正常运行   |  否   |  74600263
  2    |   域3      | 正常运行   |  是   |  74600265
  3    |   域2      | 正常运行   |  否   |  74600244
==================================================================


**** Debug Statistics at 101000000 Cycles *****
Threads: 4		Fetch Width: 8
No of useful instructions fetched:	97853109 (12.11% proc util.)
No of total instructions fetched:	131735100 (16.30% proc util.)
 includes 10407384 misfetch (7.9%), 23474607 (17.8%) wrong-path fetches
 and 0 flushed after failed lock(0.0%)
No of useful instructions issued/executed:	97853075 (12.11% proc util.)
No of total instructions issued/executed:	108212375 (13.39% proc util.)
 includes 10359300 wrong-path (9.6%) insts and 0 flushed (0.0%)
	fp 525, 0.00%
	synch 0, 0.00%
	integer 69311679, 64.05%
	load/store 38900171, 35.95%
Avg size of int IQ (before scheduling): 16.64
Avg size of fp IQ (before scheduling): 0.00
No of cycles taken:		101000000
Parallelism [ 0.322, 0.000, 0.301, 0.346,] = 0.969
 IQ conflicts: 100453 (0.10%), FQ conflicts: 0 (0.00%) 
 I reg conflicts: 80953449 (80.15%), FP reg conflicts: 0 (0.00%)
  Activelist confs: 11 (0.00%), ROB confs: 1191 (0.00%)
  Int unit conflicts: 7307973 (7.24%), FP unit conflicts: 11 (0.00%)
  Load/store unit conflicts: 4085740 (4.05%)
  MSHR conflicts: 83924712 (83.09%)
----------------------------------------
==== System-wide Cache Statistics ====
Stall for miss queue full 12205 cycles (0.00%)
----------------------------------------
==== Statistics for Master ID: 0 ====
Reads: 23981115   Writes: 4271045
ICACHE: size: 64 KB assoc: 2
ICACHE: hits:13147867 misses:551519  Hit Ratio: 95.97%
DCACHE: size: 1*32 KB assoc: 1*8
DCACHE: hits:14383796 misses:169049 writebacks:49055  Hit Ratio: 98.84%
SCACHE: size: 512 KB assoc: 2
SCACHE: hits:474494 misses:246003  Hit Ratio: 65.86%
3CACHE: size: 4096 KB assoc: 2
3CACHE: hits:189636 misses:56367  Hit Ratio: 77.09%
3CACHE: dirty items replaced:4434
ITLB: size: 48, misses 51688, miss rate 0.38%
DTLB: size: 128, misses 29457, miss rate 0.20%
Avg mem delay: 11.146 cycles
----------------------------------------
==== Statistics for Master ID: 2 ====
Reads: 21001927   Writes: 3619712
ICACHE: size: 64 KB assoc: 2
ICACHE: hits:11567467 misses:577637  Hit Ratio: 95.24%
DCACHE: size: 1*32 KB assoc: 1*8
DCACHE: hits:12230967 misses:247120 writebacks:53387  Hit Ratio: 98.02%
SCACHE: size: 512 KB assoc: 2
SCACHE: hits:487158 misses:336046  Hit Ratio: 59.18%
3CACHE: size: 4096 KB assoc: 2
3CACHE: hits:245336 misses:90710  Hit Ratio: 73.01%
3CACHE: dirty items replaced:3081
ITLB: size: 48, misses 69708, miss rate 0.57%
DTLB: size: 128, misses 48475, miss rate 0.39%
Avg mem delay: 11.146 cycles
----------------------------------------
==== Statistics for Master ID: 3 ====
Reads: 17282181   Writes: 5814020
ICACHE: size: 64 KB assoc: 2
ICACHE: hits:11282137 misses:763  Hit Ratio: 99.99%
DCACHE: size: 2*32 KB assoc: 2*8
DCACHE: hits:10221696 misses:1597494 writebacks:887464  Hit Ratio: 86.48%
SCACHE: size: 512 KB assoc: 2
SCACHE: hits:192 misses:1592175  Hit Ratio: 0.01%
3CACHE: size: 4096 KB assoc: 2
3CACHE: hits:113 misses:1592062  Hit Ratio: 0.01%
3CACHE: dirty items replaced:41548
ITLB: size: 48, misses 68, miss rate 0.00%
DTLB: size: 128, misses 68147, miss rate 0.58%
Avg mem delay: 11.146 cycles
----------------------------------------
==== Global Resource Utilization ====
STASH: size: 65536 entries, full 226576209, empty 15365726, misses 1556307, full rate 93.05
icache bank util. 0.042 0.040 0.032 0.032 0.035 0.140 0.036 0.043 
dcache bank util. 0.057 0.067 0.059 0.052 0.049 0.051 0.065 0.073 
L2 bank util. 0.032 0.032 0.031 0.031 0.030 0.031 0.038 0.046 
L1-L2 bus util. = 0.123, L3 util. = 0.172
----------------------------------------

======================== 切片硬件状态 ========================
切片号 | 所属安全域 | 当前状态    | 路扩展 | LRU touched
------------------------------------------------------------------
  0    |   域3      | 正常运行   |  是   |  100972792
  1    |   域0      | 正常运行   |  否   |  100999932
  2    |   域3      | 正常运行   |  是   |  100999967
  3    |   域2      | 正常运行   |  否   |  100999963
==================================================================

branch prediction, hits = 12249958, misses = 1765671, hit rate = 87.40%
return_stack prediction, hits = 732981, misses = 572, hit rate = 99.92%
jump prediction, hits = 10295735, misses = 2797605, hit rate = 78.63%

======================== 切片硬件状态 ========================
切片号 | 所属安全域 | 当前状态    | 路扩展 | LRU touched
------------------------------------------------------------------
  0    |   域3      | 正常运行   |  是   |  112478236
  1    |   域0      | 正常运行   |  否   |  112499967
  2    |   域3      | 正常运行   |  是   |  112499996
  3    |   域2      | 正常运行   |  否   |  112499965
==================================================================

[动态重分配] 周期112500000：预约迁移 冗余域3(12%) -> 切片0 -> 饥饿域2(23%)
[切片剥夺] 周期112500000：切片0（所属域3）进入待剥夺状态，禁止新替换
[切片剥夺] 周期112500000：切片0在途请求已清空，开始执行脏行写回
[切片管理] 周期112517326：原域3仅剩1个切片，关闭路扩展模式
[动态重分配] 周期112517326：切片0写回完成，自动绑定到域2
[切片管理] 成功绑定切片0 → 安全域2，触发【路扩展模式】

======================== 切片硬件状态 ========================
切片号 | 所属安全域 | 当前状态    | 路扩展 | LRU touched
------------------------------------------------------------------
  0    |   域2      | 正常运行   |  是   |  112517326
  1    |   域0      | 正常运行   |  否   |  112517282
  2    |   域3      | 正常运行   |  否   |  112517314
  3    |   域2      | 正常运行   |  是   |  112517268
==================================================================


======================== 切片硬件状态 ========================
切片号 | 所属安全域 | 当前状态    | 路扩展 | LRU touched
------------------------------------------------------------------
  0    |   域2      | 正常运行   |  是   |  112799900
  1    |   域0      | 正常运行   |  否   |  112799991
  2    |   域3      | 正常运行   |  否   |  112799958
  3    |   域2      | 正常运行   |  是   |  112799972
==================================================================

[动态重分配] 周期112800000：预约迁移 冗余域2(1%) -> 切片3 -> 饥饿域3(12%)
[切片剥夺] 周期112800000：切片3（所属域2）进入待剥夺状态，禁止新替换
[切片剥夺] 周期112800000：切片3在途请求已清空，开始执行脏行写回
[切片管理] 周期112800146：原域2仅剩1个切片，关闭路扩展模式
[动态重分配] 周期112800146：切片3写回完成，自动绑定到域3
[切片管理] 成功绑定切片3 → 安全域3，触发【路扩展模式】

======================== 切片硬件状态 ========================
切片号 | 所属安全域 | 当前状态    | 路扩展 | LRU touched
------------------------------------------------------------------
  0    |   域2      | 正常运行   |  否   |  112800045
  1    |   域0      | 正常运行   |  否   |  112800141
  2    |   域3      | 正常运行   |  是   |  112800146
  3    |   域3      | 正常运行   |  是   |  112800146
==================================================================


======================== 切片硬件状态 ========================
切片号 | 所属安全域 | 当前状态    | 路扩展 | LRU touched
------------------------------------------------------------------
  0    |   域2      | 正常运行   |  否   |  112999882
  1    |   域0      | 正常运行   |  否   |  112999999
  2    |   域3      | 正常运行   |  是   |  112999998
  3    |   域3      | 正常运行   |  是   |  112978004
==================================================================

[动态重分配] 周期113000000：预约迁移 冗余域3(12%) -> 切片2 -> 饥饿域2(24%)
[切片剥夺] 周期113000000：切片2（所属域3）进入待剥夺状态，禁止新替换
[切片剥夺] 周期113000196：切片2在途请求已清空，开始执行脏行写回
[切片管理] 周期113019206：原域3仅剩1个切片，关闭路扩展模式
[动态重分配] 周期113019206：切片2写回完成，自动绑定到域2
[切片管理] 成功绑定切片2 → 安全域2，触发【路扩展模式】

======================== 切片硬件状态 ========================
切片号 | 所属安全域 | 当前状态    | 路扩展 | LRU touched
------------------------------------------------------------------
  0    |   域2      | 正常运行   |  是   |  113018997
  1    |   域0      | 正常运行   |  否   |  113019194
  2    |   域2      | 正常运行   |  是   |  113019206
  3    |   域3      | 正常运行   |  否   |  113019194
==================================================================


======================== 切片硬件状态 ========================
切片号 | 所属安全域 | 当前状态    | 路扩展 | LRU touched
------------------------------------------------------------------
  0    |   域2      | 正常运行   |  是   |  113099961
  1    |   域0      | 正常运行   |  否   |  113099978
  2    |   域2      | 正常运行   |  是   |  113099960
  3    |   域3      | 正常运行   |  否   |  113099961
==================================================================

[动态重分配] 周期113100000：预约迁移 冗余域2(1%) -> 切片0 -> 饥饿域3(12%)
[切片剥夺] 周期113100000：切片0（所属域2）进入待剥夺状态，禁止新替换
[切片剥夺] 周期113100000：切片0在途请求已清空，开始执行脏行写回
[切片管理] 周期113100191：原域2仅剩1个切片，关闭路扩展模式
[动态重分配] 周期113100191：切片0写回完成，自动绑定到域3
[切片管理] 成功绑定切片0 → 安全域3，触发【路扩展模式】

======================== 切片硬件状态 ========================
切片号 | 所属安全域 | 当前状态    | 路扩展 | LRU touched
------------------------------------------------------------------
  0    |   域3      | 正常运行   |  是   |  113100191
  1    |   域0      | 正常运行   |  否   |  113100118
  2    |   域2      | 正常运行   |  否   |  113100075
  3    |   域3      | 正常运行   |  是   |  113100191
==================================================================


======================== 切片硬件状态 ========================
切片号 | 所属安全域 | 当前状态    | 路扩展 | LRU touched
------------------------------------------------------------------
  0    |   域3      | 正常运行   |  是   |  113599999
  1    |   域0      | 正常运行   |  否   |  113599998
  2    |   域2      | 正常运行   |  否   |  113599992
  3    |   域3      | 正常运行   |  是   |  113585134
==================================================================

[动态重分配] 周期113600000：预约迁移 冗余域3(12%) -> 切片3 -> 饥饿域2(25%)
[切片剥夺] 周期113600000：切片3（所属域3）进入待剥夺状态，禁止新替换
[切片剥夺] 周期113600000：切片3在途请求已清空，开始执行脏行写回
[切片管理] 周期113618355：原域3仅剩1个切片，关闭路扩展模式
[动态重分配] 周期113618355：切片3写回完成，自动绑定到域2
[切片管理] 成功绑定切片3 → 安全域2，触发【路扩展模式】

======================== 切片硬件状态 ========================
切片号 | 所属安全域 | 当前状态    | 路扩展 | LRU touched
------------------------------------------------------------------
  0    |   域3      | 正常运行   |  否   |  113618351
  1    |   域0      | 正常运行   |  否   |  113618354
  2    |   域2      | 正常运行   |  是   |  113618353
  3    |   域2      | 正常运行   |  是   |  113618355
==================================================================


======================== 切片硬件状态 ========================
切片号 | 所属安全域 | 当前状态    | 路扩展 | LRU touched
------------------------------------------------------------------
  0    |   域3      | 正常运行   |  否   |  114399982
  1    |   域0      | 正常运行   |  否   |  114399982
  2    |   域2      | 正常运行   |  是   |  114399978
  3    |   域2      | 正常运行   |  是   |  114399982
==================================================================

[动态重分配] 周期114400000：预约迁移 冗余域2(0%) -> 切片2 -> 饥饿域3(12%)
[切片剥夺] 周期114400000：切片2（所属域2）进入待剥夺状态，禁止新替换
[切片剥夺] 周期114400000：切片2在途请求已清空，开始执行脏行写回
[切片管理] 周期114400194：原域2仅剩1个切片，关闭路扩展模式
[动态重分配] 周期114400194：切片2写回完成，自动绑定到域3
[切片管理] 成功绑定切片2 → 安全域3，触发【路扩展模式】

======================== 切片硬件状态 ========================
切片号 | 所属安全域 | 当前状态    | 路扩展 | LRU touched
------------------------------------------------------------------
  0    |   域3      | 正常运行   |  是   |  114400194
  1    |   域0      | 正常运行   |  否   |  114400189
  2    |   域3      | 正常运行   |  是   |  114400194
  3    |   域2      | 正常运行   |  否   |  114400192
==================================================================


======================== 切片硬件状态 ========================
切片号 | 所属安全域 | 当前状态    | 路扩展 | LRU touched
------------------------------------------------------------------
  0    |   域3      | 正常运行   |  是   |  114688707
  1    |   域0      | 正常运行   |  否   |  114699938
  2    |   域3      | 正常运行   |  是   |  114699960
  3    |   域2      | 正常运行   |  否   |  114699998
==================================================================

[动态重分配] 周期114700000：预约迁移 冗余域3(12%) -> 切片0 -> 饥饿域2(25%)
[切片剥夺] 周期114700000：切片0（所属域3）进入待剥夺状态，禁止新替换
[切片剥夺] 周期114700000：切片0在途请求已清空，开始执行脏行写回
[切片管理] 周期114716851：原域3仅剩1个切片，关闭路扩展模式
[动态重分配] 周期114716851：切片0写回完成，自动绑定到域2
[切片管理] 成功绑定切片0 → 安全域2，触发【路扩展模式】

======================== 切片硬件状态 ========================
切片号 | 所属安全域 | 当前状态    | 路扩展 | LRU touched
------------------------------------------------------------------
  0    |   域2      | 正常运行   |  是   |  114716851
  1    |   域0      | 正常运行   |  否   |  114716807
  2    |   域3      | 正常运行   |  否   |  114716839
  3    |   域2      | 正常运行   |  是   |  114716827
==================================================================


======================== 切片硬件状态 ========================
切片号 | 所属安全域 | 当前状态    | 路扩展 | LRU touched
------------------------------------------------------------------
  0    |   域2      | 正常运行   |  是   |  115499961
  1    |   域0      | 正常运行   |  否   |  115499992
  2    |   域3      | 正常运行   |  否   |  115500000
  3    |   域2      | 正常运行   |  是   |  115499959
==================================================================

[动态重分配] 周期115500000：预约迁移 冗余域2(1%) -> 切片0 -> 饥饿域3(12%)
[切片剥夺] 周期115500000：切片0（所属域2）进入待剥夺状态，禁止新替换
[切片剥夺] 周期115500000：切片0在途请求已清空，开始执行脏行写回
[切片管理] 周期115500263：原域2仅剩1个切片，关闭路扩展模式
[动态重分配] 周期115500263：切片0写回完成，自动绑定到域3
[切片管理] 成功绑定切片0 → 安全域3，触发【路扩展模式】

======================== 切片硬件状态 ========================
切片号 | 所属安全域 | 当前状态    | 路扩展 | LRU touched
------------------------------------------------------------------
  0    |   域3      | 正常运行   |  是   |  115500263
  1    |   域0      | 正常运行   |  否   |  115500263
  2    |   域3      | 正常运行   |  是   |  115500255
  3    |   域2      | 正常运行   |  否   |  115500054
==================================================================


======================== 切片硬件状态 ========================
切片号 | 所属安全域 | 当前状态    | 路扩展 | LRU touched
------------------------------------------------------------------
  0    |   域3      | 正常运行   |  是   |  115599965
  1    |   域0      | 正常运行   |  否   |  115599979
  2    |   域3      | 正常运行   |  是   |  115574575
  3    |   域2      | 正常运行   |  否   |  115599990
==================================================================

[动态重分配] 周期115600000：预约迁移 冗余域3(12%) -> 切片2 -> 饥饿域2(27%)
[切片剥夺] 周期115600000：切片2（所属域3）进入待剥夺状态，禁止新替换
[切片剥夺] 周期115600000：切片2在途请求已清空，开始执行脏行写回
[切片管理] 周期115618909：原域3仅剩1个切片，关闭路扩展模式
[动态重分配] 周期115618909：切片2写回完成，自动绑定到域2
[切片管理] 成功绑定切片2 → 安全域2，触发【路扩展模式】

======================== 切片硬件状态 ========================
切片号 | 所属安全域 | 当前状态    | 路扩展 | LRU touched
------------------------------------------------------------------
  0    |   域3      | 正常运行   |  否   |  115618888
  1    |   域0      | 正常运行   |  否   |  115618898
  2    |   域2      | 正常运行   |  是   |  115618909
  3    |   域2      | 正常运行   |  是   |  115618900
==================================================================


======================== 切片硬件状态 ========================
切片号 | 所属安全域 | 当前状态    | 路扩展 | LRU touched
------------------------------------------------------------------
  0    |   域3      | 正常运行   |  否   |  116499989
  1    |   域0      | 正常运行   |  否   |  116499951
  2    |   域2      | 正常运行   |  是   |  116499975
  3    |   域2      | 正常运行   |  是   |  116499975
==================================================================

[动态重分配] 周期116500000：预约迁移 冗余域2(1%) -> 切片2 -> 饥饿域3(12%)
[切片剥夺] 周期116500000：切片2（所属域2）进入待剥夺状态，禁止新替换
[切片剥夺] 周期116500000：切片2在途请求已清空，开始执行脏行写回
[切片管理] 周期116500209：原域2仅剩1个切片，关闭路扩展模式
[动态重分配] 周期116500209：切片2写回完成，自动绑定到域3
[切片管理] 成功绑定切片2 → 安全域3，触发【路扩展模式】

======================== 切片硬件状态 ========================
切片号 | 所属安全域 | 当前状态    | 路扩展 | LRU touched
------------------------------------------------------------------
  0    |   域3      | 正常运行   |  是   |  116500058
  1    |   域0      | 正常运行   |  否   |  116499951
  2    |   域3      | 正常运行   |  是   |  116500209
  3    |   域2      | 正常运行   |  否   |  116500203
==================================================================


======================== 切片硬件状态 ========================
切片号 | 所属安全域 | 当前状态    | 路扩展 | LRU touched
------------------------------------------------------------------
  0    |   域3      | 正常运行   |  是   |  116699997
  1    |   域0      | 正常运行   |  否   |  116699996
  2    |   域3      | 正常运行   |  是   |  116680831
  3    |   域2      | 正常运行   |  否   |  116699995
==================================================================

[动态重分配] 周期116700000：预约迁移 冗余域3(12%) -> 切片0 -> 饥饿域2(27%)
[切片剥夺] 周期116700000：切片0（所属域3）进入待剥夺状态，禁止新替换
[切片剥夺] 周期116700124：切片0在途请求已清空，开始执行脏行写回
[切片管理] 周期116719041：原域3仅剩1个切片，关闭路扩展模式
[动态重分配] 周期116719041：切片0写回完成，自动绑定到域2
[切片管理] 成功绑定切片0 → 安全域2，触发【路扩展模式】

======================== 切片硬件状态 ========================
切片号 | 所属安全域 | 当前状态    | 路扩展 | LRU touched
------------------------------------------------------------------
  0    |   域2      | 正常运行   |  是   |  116719041
  1    |   域0      | 正常运行   |  否   |  116719039
  2    |   域3      | 正常运行   |  否   |  116719025
  3    |   域2      | 正常运行   |  是   |  116719041
==================================================================


======================== 切片硬件状态 ========================
切片号 | 所属安全域 | 当前状态    | 路扩展 | LRU touched
------------------------------------------------------------------
  0    |   域2      | 正常运行   |  是   |  117399948
  1    |   域0      | 正常运行   |  否   |  117399952
  2    |   域3      | 正常运行   |  否   |  117399955
  3    |   域2      | 正常运行   |  是   |  117399954
==================================================================

[动态重分配] 周期117400000：预约迁移 冗余域2(1%) -> 切片0 -> 饥饿域3(12%)
[切片剥夺] 周期117400000：切片0（所属域2）进入待剥夺状态，禁止新替换
[切片剥夺] 周期117400000：切片0在途请求已清空，开始执行脏行写回
[切片管理] 周期117400239：原域2仅剩1个切片，关闭路扩展模式
[动态重分配] 周期117400239：切片0写回完成，自动绑定到域3
[切片管理] 成功绑定切片0 → 安全域3，触发【路扩展模式】

======================== 切片硬件状态 ========================
切片号 | 所属安全域 | 当前状态    | 路扩展 | LRU touched
------------------------------------------------------------------
  0    |   域3      | 正常运行   |  是   |  117400239
  1    |   域0      | 正常运行   |  否   |  117400097
  2    |   域3      | 正常运行   |  是   |  117400064
  3    |   域2      | 正常运行   |  否   |  117400073
==================================================================


======================== 切片硬件状态 ========================
切片号 | 所属安全域 | 当前状态    | 路扩展 | LRU touched
------------------------------------------------------------------
  0    |   域3      | 正常运行   |  是   |  117499996
  1    |   域0      | 正常运行   |  否   |  117499994
  2    |   域3      | 正常运行   |  是   |  117475707
  3    |   域2      | 正常运行   |  否   |  117499998
==================================================================

[动态重分配] 周期117500000：预约迁移 冗余域3(12%) -> 切片2 -> 饥饿域2(29%)
[切片剥夺] 周期117500000：切片2（所属域3）进入待剥夺状态，禁止新替换
[切片剥夺] 周期117500000：切片2在途请求已清空，开始执行脏行写回
[切片管理] 周期117518087：原域3仅剩1个切片，关闭路扩展模式
[动态重分配] 周期117518087：切片2写回完成，自动绑定到域2
[切片管理] 成功绑定切片2 → 安全域2，触发【路扩展模式】

======================== 切片硬件状态 ========================
切片号 | 所属安全域 | 当前状态    | 路扩展 | LRU touched
------------------------------------------------------------------
  0    |   域3      | 正常运行   |  否   |  117518075
  1    |   域0      | 正常运行   |  否   |  117518013
  2    |   域2      | 正常运行   |  是   |  117518087
  3    |   域2      | 正常运行   |  是   |  117518020
==================================================================


======================== 切片硬件状态 ========================
切片号 | 所属安全域 | 当前状态    | 路扩展 | LRU touched
------------------------------------------------------------------
  0    |   域3      | 正常运行   |  否   |  117800000
  1    |   域0      | 正常运行   |  否   |  117799998
  2    |   域2      | 正常运行   |  是   |  117799999
  3    |   域2      | 正常运行   |  是   |  117799997
==================================================================

[动态重分配] 周期117800000：预约迁移 冗余域2(1%) -> 切片3 -> 饥饿域3(12%)
[切片剥夺] 周期117800000：切片3（所属域2）进入待剥夺状态，禁止新替换
[切片剥夺] 周期117800000：切片3在途请求已清空，开始执行脏行写回
[切片管理] 周期117800236：原域2仅剩1个切片，关闭路扩展模式
[动态重分配] 周期117800236：切片3写回完成，自动绑定到域3
[切片管理] 成功绑定切片3 → 安全域3，触发【路扩展模式】

======================== 切片硬件状态 ========================
切片号 | 所属安全域 | 当前状态    | 路扩展 | LRU touched
------------------------------------------------------------------
  0    |   域3      | 正常运行   |  是   |  117800223
  1    |   域0      | 正常运行   |  否   |  117800218
  2    |   域2      | 正常运行   |  否   |  117800208
  3    |   域3      | 正常运行   |  是   |  117800236
==================================================================


======================== 切片硬件状态 ========================
切片号 | 所属安全域 | 当前状态    | 路扩展 | LRU touched
------------------------------------------------------------------
  0    |   域3      | 正常运行   |  是   |  117999977
  1    |   域0      | 正常运行   |  否   |  117999987
  2    |   域2      | 正常运行   |  否   |  117999987
  3    |   域3      | 正常运行   |  是   |  117978207
==================================================================

[动态重分配] 周期118000000：预约迁移 冗余域3(12%) -> 切片0 -> 饥饿域2(26%)
[切片剥夺] 周期118000000：切片0（所属域3）进入待剥夺状态，禁止新替换
[切片剥夺] 周期118000184：切片0在途请求已清空，开始执行脏行写回
[切片管理] 周期118017625：原域3仅剩1个切片，关闭路扩展模式
[动态重分配] 周期118017625：切片0写回完成，自动绑定到域2
[切片管理] 成功绑定切片0 → 安全域2，触发【路扩展模式】

======================== 切片硬件状态 ========================
切片号 | 所属安全域 | 当前状态    | 路扩展 | LRU touched
------------------------------------------------------------------
  0    |   域2      | 正常运行   |  是   |  118017625
  1    |   域0      | 正常运行   |  否   |  118017618
  2    |   域2      | 正常运行   |  是   |  118017612
  3    |   域3      | 正常运行   |  否   |  118017609
==================================================================


======================== 切片硬件状态 ========================
切片号 | 所属安全域 | 当前状态    | 路扩展 | LRU touched
------------------------------------------------------------------
  0    |   域2      | 正常运行   |  是   |  119099990
  1    |   域0      | 正常运行   |  否   |  119099994
  2    |   域2      | 正常运行   |  是   |  119099994
  3    |   域3      | 正常运行   |  否   |  119099997
==================================================================

[动态重分配] 周期119100000：预约迁移 冗余域2(1%) -> 切片0 -> 饥饿域3(25%)
[切片剥夺] 周期119100000：切片0（所属域2）进入待剥夺状态，禁止新替换
[切片剥夺] 周期119100000：切片0在途请求已清空，开始执行脏行写回
[切片管理] 周期119100107：原域2仅剩1个切片，关闭路扩展模式
[动态重分配] 周期119100107：切片0写回完成，自动绑定到域3
[切片管理] 成功绑定切片0 → 安全域3，触发【路扩展模式】

======================== 切片硬件状态 ========================
切片号 | 所属安全域 | 当前状态    | 路扩展 | LRU touched
------------------------------------------------------------------
  0    |   域3      | 正常运行   |  是 copy_parm_decls copy_decl_tree   |  119100107
  1    |   域0      | 正常运行   |  否   |  119100089
  2    |   域2      | 正常运行   |  否   |  119100096
  3    |   域3      | 正常运行   |  是   |  119100036
==================================================================


======================== 切片硬件状态 ========================
切片号 | 所属安全域 | 当前状态    | 路扩展 | LRU touched
------------------------------------------------------------------
  0    |   域3      | 正常运行   |  是   |  123099999
  1    |   域0      | 正常运行   |  否   |  123100000
  2    |   域2      | 正常运行   |  否   |  123100000
  3    |   域3      | 正常运行   |  是   |  123100000
==================================================================

[动态重分配] 周期123100000：预约迁移 冗余域3(0%) -> 切片3 -> 饥饿域2(12%)
[切片剥夺] 周期123100000：切片3（所属域3）进入待剥夺状态，禁止新替换
[切片剥夺] 周期123100000：切片3在途请求已清空，开始执行脏行写回
[切片管理] 周期123100056：原域3仅剩1个切片，关闭路扩展模式
[动态重分配] 周期123100056：切片3写回完成，自动绑定到域2
[切片管理] 成功绑定切片3 → 安全域2，触发【路扩展模式】

======================== 切片硬件状态 ========================
切片号 | 所属安全域 | 当前状态    | 路扩展 | LRU touched
------------------------------------------------------------------
  0    |   域3      | 正常运行   |  否   |  123100050
  1    |   域0      | 正常运行   |  否   |  123100046
  2    |   域2      | 正常运行   |  是   |  123100043
  3    |   域2      | 正常运行   |  是   |  123100056
==================================================================


======================== 切片硬件状态 ========================
切片号 | 所属安全域 | 当前状态    | 路扩展 | LRU touched
------------------------------------------------------------------
  0    |   域3      | 正常运行   |  否   |  133299970
  1    |   域0      | 正常运行   |  否   |  133299965
  2    |   域2      | 正常运行   |  是   |  133299938
  3    |   域2      | 正常运行   |  是   |  133299946
==================================================================

[动态重分配] 周期133300000：预约迁移 冗余域2(0%) -> 切片2 -> 饥饿域0(16%)
[切片剥夺] 周期133300000：切片2（所属域2）进入待剥夺状态，禁止新替换
[切片剥夺] 周期133300000：切片2在途请求已清空，开始执行脏行写回
[切片管理] 周期133308887：原域2仅剩1个切片，关闭路扩展模式
[动态重分配] 周期133308887：切片2写回完成，自动绑定到域0
[切片管理] 成功绑定切片2 → 安全域0，触发【路扩展模式】

======================== 切片硬件状态 ========================
切片号 | 所属安全域 | 当前状态    | 路扩展 | LRU touched
------------------------------------------------------------------
  0    |   域3      | 正常运行   |  否   |  133308885
  1    |   域0      | 正常运行   |  是   |  133308885
  2    |   域0      | 正常运行   |  是   |  133308887
  3    |   域2      | 正常运行   |  否   |  133308870
==================================================================


======================== 切片硬件状态 ========================
切片号 | 所属安全域 | 当前状态    | 路扩展 | LRU touched
------------------------------------------------------------------
  0    |   域3      | 正常运行   |  否   |  150300000
  1    |   域0      | 正常运行   |  是   |  150299998
  2    |   域0      | 正常运行   |  是   |  150299998
  3    |   域2      | 正常运行   |  否   |  150299996
==================================================================

[动态重分配] 周期150300000：预约迁移 冗余域0(0%) -> 切片1 -> 饥饿域2(13%)
[切片剥夺] 周期150300000：切片1（所属域0）进入待剥夺状态，禁止新替换
[切片剥夺] 周期 sim_check_options copy_rtx_and_substitute150300000：切片1在途请求已清空，开始执行脏行写回
[切片管理] 周期150317011：原域0仅剩1个切片，关闭路扩展模式
[动态重分配] 周期150317011：切片1写回完成，自动绑定到域2
[切片管理] 成功绑定切片1 → 安全域2，触发【路扩展模式】

======================== 切片硬件状态 ========================
切片号 | 所属安全域 | 当前状态    | 路扩展 | LRU touched
------------------------------------------------------------------
  0    |   域3      | 正常运行   |  否   |  150317011
  1    |   域2      | 正常运行   |  是   |  150317011
  2    |   域0      | 正常运行   |  否   |  150317010
  3    |   域2      | 正常运行   |  是   |  150317010
==================================================================


======================== 切片硬件状态 ========================
切片号 | 所属安全域 | 当前状态    | 路扩展 | LRU touched
------------------------------------------------------------------
  0    |   域3      | 正常运行   |  否   |  172599995
  1    |   域2      | 正常运行   |  是   |  172599954
  2    |   域0      | 正常运行   |  否   |  172600000
  3    |   域2      | 正常运行   |  是   |  172599952
==================================================================

[动态重分配] 周期172600000：预约迁移 冗余域2(0%) -> 切片1 -> 饥饿域0(12%)
[切片剥夺] 周期172600000：切片1（所属域2）进入待剥夺状态，禁止新替换
[切片剥夺] 周期172600000：切片1在途请求已清空，开始执行脏行写回
[切片管理] 周期172607016：原域2仅剩1个切片，关闭路扩展模式
[动态重分配] 周期172607016：切片1写回完成，自动绑定到域0
[切片管理] 成功绑定切片1 → 安全域0，触发【路扩展模式】

======================== 切片硬件状态 ========================
切片号 | 所属安全域 | 当前状态    | 路扩展 | LRU touched
------------------------------------------------------------------
  0    |   域3      | 正常运行   |  否   |  172607004
  1    |   域0      | 正常运行   |  是   |  172607016
  2    |   域0      | 正常运行   |  是   |  172607014
  3    |   域2      | 正常运行   |  否   |  172607014
==================================================================


**** Debug Statistics at 201000000 Cycles *****
Threads: 4		Fetch Width: 8
No of useful instructions fetched:	379842546 (23.62% proc util.)
No of total instructions fetched:	552114392 (34.34% proc util.)
 includes 30192072 misfetch (5.5%), 142079774 (25.7%) wrong-path fetches
 and 0 flushed after failed lock(0.0%)
No of useful instructions issued/executed:	379842526 (23.62% proc util.)
No of total instructions issued/executed:	448277224 (27.88% proc util.)
 includes 68434698 wrong-path (15.3%) insts and 0 flushed (0.0%)
	fp 21297, 0.00%
	synch 0, 0.00%
	integer 298890372, 66.68%
	load/store 149365555, 33.32%
Avg size of int IQ (before scheduling): 21.09
Avg size of fp IQ (before scheduling): 0.00
No of cycles taken:		201000000
Parallelism [ 0.518, 0.000, 0.514, 0.858,] = 1.890
 IQ conflicts: 1899539 (0.95%), FQ conflicts: 0 (0.00%) 
 I reg conflicts: 112536375 (55.99%), FP reg conflicts: 0 (0.00%)
  Activelist confs: 535 (0.00%), ROB confs: 57168 (0.03%)
  Int unit conflicts: 122185484 (60.79%), FP unit conflicts: 12 (0.00%)
  Load/store unit conflicts: 22458362 (11.17%)
  MSHR conflicts: 112643687 (56.04%)
----------------------------------------
==== System-wide Cache Statistics ====
Stall for miss queue full 17638 cycles (0.00%)
----------------------------------------
==== Statistics for Master ID: 0 ====
Reads: 84445315   Writes: 14140113
ICACHE: size: 64 KB assoc: 2
ICACHE: hits:47590755 misses:1598524  Hit Ratio: 96.75%
DCACHE: size: 2*32 KB assoc: 2*8
DCACHE: hits:48880394 misses:516103 writebacks:134090  Hit Ratio: 98.96%
SCACHE: size: 512 KB assoc: 2
SCACHE: hits:1405062 misses:709216  Hit Ratio: 66.46%
3CACHE: size: 4096 KB assoc: 2
3CACHE: hits:567862 misses:141354  Hit Ratio: 80.07%
3CACHE: dirty items replaced:17750
ITLB: size: 48, misses 125486, miss rate 0.26%
DTLB: size: 128, misses 149772, miss rate 0.30%
Avg mem delay: 4.312 cycles
----------------------------------------
==== Statistics for Master ID: 2 ====
Reads: 81770101   Writes: 12862858
ICACHE: size: 64 KB assoc: 2
ICACHE: hits:46330538 misses:1602704  Hit Ratio: 96.66%
DCACHE: size: 1*32 KB assoc: 1*8
DCACHE: hits:45664730 misses:1037514 writebacks:170201  Hit Ratio: 97.78%
SCACHE: size: 512 KB assoc: 2
SCACHE: hits:1833233 misses:804456  Hit Ratio: 69.50%
3CACHE: size: 4096 KB assoc: 2
3CACHE: hits:644572 misses:159884  Hit Ratio: 80.13%
3CACHE: dirty items replaced:13118
ITLB: size: 48, misses 143457, miss rate 0.30%
DTLB: size: 128, misses 194157, miss rate 0.42%
Avg mem delay: 4.312 cycles
----------------------------------------
==== Statistics for Master ID: 3 ====
Reads: 95045033   Writes: 17188217
ICACHE: size: 64 KB assoc: 2
ICACHE: hits:59265002 misses:23152  Hit Ratio: 99.96%
DCACHE: size: 1*32 KB assoc: 1*8
DCACHE: hits:50226814 misses:2726234 writebacks:1375567  Hit Ratio: 94.85%
SCACHE: size: 512 KB assoc: 2
SCACHE: hits:625372 misses:2116061  Hit Ratio: 22.81%
3CACHE: size: 4096 KB assoc: 2
3CACHE: hits:166231 misses:1949830  Hit Ratio: 7.86%
3CACHE: dirty items replaced:64363
ITLB: size: 48, misses 604, miss rate 0.00%
DTLB: size: 128, misses 141641, miss rate 0.27%
Avg mem delay: 4.312 cycles
----------------------------------------
==== Global Resource Utilization ====
STASH: size: 65536 entries, full 680827113, empty 30123040, misses 2835088, full rate 95.38
icache bank util. 0.100 0.085 0.079 0.087 0.103 0.172 0.099 0.102 
dcache bank util. 0.093 0.107 0.108 0.098 0.114 0.089 0.121 0.099 
L2 bank util. 0.034 0.036 0.034 0.035 0.034 0.033 0.037 0.041 
L1-L2 bus util. = 0.137, L3 util. = 0.112
----------------------------------------

======================== 切片硬件状态 ========================
切片号 | 所属安全域 | 当前状态    | 路扩展 | LRU touched
------------------------------------------------------------------
  0    |   域3      | 正常运行   |  否   |  200999997
  1    |   域0      | 正常运行   |  是   |  200999998
  2    |   域0      | 正常运行   |  是   |  200999999
  3    |   域2      | 正常运行   |  否   |  200999999
==================================================================

branch prediction, hits = 36931896, misses = 6408819, hit rate = 85.21%
return_stack prediction, hits = 3578353, misses = 3074, hit rate = 99.91%
jump prediction, hits = 34825798, misses = 7939448, hit rate = 81.43%
 copy_address
======================== 切片硬件状态 ========================
切片号 | 所属安全域 | 当前状态    | 路扩展 | LRU touched
------------------------------------------------------------------
  0    |   域3      | 正常运行   |  否   |  265299906
  1    |   域0      | 正常运行   |  是   |  265299870
  2    |   域0      | 正常运行   |  是   |  265299873
  3    |   域2      | 正常运行   |  否   |  265299898
==================================================================

[动态重分配] 周期265300000：预约迁移 冗余域0(0%) -> 切片1 -> 饥饿域2(16%)
[切片剥夺] 周期265300000：切片1（所属域0）进入待剥夺状态，禁止新替换
[切片剥夺] 周期265300052：切片1在途请求已清空，开始执行脏行写回
[切片管理] 周期265308381：原域0仅剩1个切片，关闭路扩展模式
[动态重分配] 周期265308381：切片1写回完成，自动绑定到域2
[切片管理] 成功绑定切片1 → 安全域2，触发【路扩展模式】

======================== 切片硬件状态 ========================
切片号 | 所属安全域 | 当前状态    | 路扩展 | LRU touched
------------------------------------------------------------------
  0    |   域3      | 正常运行   |  否   |  265308378
  1    |   域2      | 正常运行   |  是   |  265308381
  2    |   域0      | 正常运行   |  否   |  265308378
  3    |   域2      | 正常运行   |  是   |  265308381
==================================================================


======================== 切片硬件状态 ========================
切片号 | 所属安全域 | 当前状态    | 路扩展 | LRU touched
------------------------------------------------------------------
  0    |   域3      | 正常运行   |  否   |  275100000
  1    |   域2      | 正常运行   |  是   |  275099994
  2    |   域0      | 正常运行   |  否   |  275099996
  3    |   域2      | 正常运行   |  是   |  275099995
==================================================================

[动态重分配] 周期275100000：预约迁移 冗余域2(0%) -> 切片1 -> 饥饿域0(23%)
[切片剥夺] 周期275100000：切片1（所属域2）进入待剥夺状态，禁止新替换
[切片剥夺] 周期275100000：切片1在途请求已清空，开始执行脏行写回
[切片管理] 周期275141421：原域2仅剩1个切片，关闭路扩展模式
[动态重分配] 周期275141421：切片1写回完成，自动绑定到域0
[切片管理] 成功绑定切片1 → 安全域0，触发【路扩展模式】

======================== 切片硬件状态 ========================
切片号 | 所属安全域 | 当前状态    | 路扩展 | LRU touched
------------------------------------------------------------------
  0    |   域3      | 正常运行   |  否   |  275141417
  1    |   域0      | 正常运行   |  是   |  275141421
  2    |   域0      | 正常运行   |  是   |  275141366
  3    |   域2      | 正常运行   |  否   |  275141410
==================================================================


**** Debug Statistics at 301000000 Cycles *****
Threads: 4		Fetch Width: 8
No of useful instructions fetched:	712177106 (29.58% proc util.)
No of total instructions fetched:	1068623186 (44.38% proc util.)
 includes 60401656 misfetch (5.7%), 296044424 (27.7%) wrong-path fetches
 and 0 flushed after failed lock(0.0%)
No of useful instructions issued/executed:	712177048 (29.58% proc util.)
No of total instructions issued/executed:	853601866 (35.45% proc util.)
 includes 141424818 wrong-path (16.6%) insts and 0 flushed (0.0%)
	fp 24262, 0.00%
	synch 0, 0.00%
	integer 570303397, 66.81%
	load/store 283274207, 33.19%
Avg size of int IQ (before scheduling): 23.09
Avg size of fp IQ (before scheduling): 0.00
No of cycles taken:		301000000
Parallelism [ 0.634, 0.000, 0.619, 1.113,] = 2.366
 IQ conflicts: 4241909 (1.41%), FQ conflicts: 0 (0.00%) 
 I reg conflicts: 129323919 (42.96%), FP reg conflicts: 0 (0.00%)
  Activelist confs: 906 (0.00%), ROB confs: 214462 (0.07%)
  Int unit conflicts: 262967383 (87.36%), FP unit conflicts: 12 (0.00%)
  Load/store unit conflicts: 47386225 (15.74%)
  MSHR conflicts: 140547013 (46.69%)
----------------------------------------
==== System-wide Cache Statistics ====
Stall for miss queue full 18565 cycles (0.00%)
----------------------------------------
==== Statistics for Master ID: 0 ====
Reads: 158207543   Writes: 27019761
ICACHE: size: 64 KB assoc: 2
ICACHE: hits:90254494 misses:2732548  Hit Ratio: 97.06%
DCACHE: size: 2*32 KB assoc: 2*8
DCACHE: hits:91185249 misses:1055574 writebacks:286099  Hit Ratio: 98.86%
SCACHE: size: 512 KB assoc: 2
SCACHE: hits:2498732 misses:1288829  Hit Ratio: 65.97%
3CACHE: size: 4096 KB assoc: 2
3CACHE: hits:1074311 misses:214517  Hit Ratio: 83.36%
3CACHE: dirty items replaced:43353
ITLB: size: 48, misses 197818, miss rate 0.21%
DTLB: size: 128, misses 294681, miss rate 0.32%
Avg mem delay: 3.025 cycles
----------------------------------------
==== Statistics for Master ID: 2 ====
Reads: 160851984   Writes: 24955493
ICACHE: size: 64 KB assoc: 2
ICACHE: hits:91883760 misses:3030086  Hit Ratio: 96.81%
DCACHE: size: 1*32 KB assoc: 1*8
DCACHE: hits:89423129 misses:1473313 writebacks:347896  Hit Ratio: 98.38%
SCACHE: size: 512 KB assoc: 2
SCACHE: hits:3231205 misses:1269383  Hit Ratio: 71.80%
3CACHE: size: 4096 KB assoc: 2
3CACHE: hits:1084352 misses:185031  Hit Ratio: 85.42%
3CACHE: dirty items replaced:24167
ITLB: size: 48, misses 198938, miss rate 0.21%
DTLB: size: 128, misses 343952, miss rate 0.38%
Avg mem delay: 3.025 cycles
----------------------------------------
==== Statistics for Master ID: 3 ====
Reads: 185784006   Writes: 29803907
ICACHE: size: 64 KB assoc: 2
ICACHE: hits:116135151 misses:53708  Hit Ratio: 99.95%
DCACHE: size: 1*32 KB assoc: 1*8
DCACHE: hits:95838179 misses:3568827 writebacks:1757711  Hit Ratio: 96.41%
SCACHE: size: 512 KB assoc: 2
SCACHE: hits:1261866 misses:2352716  Hit Ratio: 34.91%
3CACHE: size: 4096 KB assoc: 2
3CACHE: hits:361252 misses:1991464  Hit Ratio: 15.35%
3CACHE: dirty items replaced:76848
ITLB: size: 48, misses 1179, miss rate 0.00%
DTLB: size: 128, misses 216055, miss rate 0.22%
Avg mem delay: 3.025 cycles
----------------------------------------
==== Global Resource Utilization ====
STASH: size: 65536 entries, full 1238185888, empty 47130452, misses 4334826, full rate 96.01
icache bank util. 0.132 0.112 0.104 0.118 0.142 0.193 0.130 0.135 
dcache bank util. 0.111 0.125 0.132 0.119 0.153 0.122 0.149 0.112 
L2 bank util. 0.034 0.037 0.035 0.036 0.035 0.034 0.036 0.039 
L1-L2 bus util. = 0.142, L3 util. = 0.079
----------------------------------------

======================== 切片硬件状态 ========================
切片号 | 所属安全域 | 当前状态    | 路扩展 | LRU touched
------------------------------------------------------------------
  0    |   域3      | 正常运行   |  否   |  300999999
  1    |   域0      | 正常运行   |  是   |  300999976
  2    |   域0      | 正常运行   |  是   |  300999976
  3    |   域2      | 正常运行   |  否   |  300999939
==================================================================

branch prediction, hits = 64378110, misses = 12682478, hit rate = 83.54%
return_stack prediction, hits = 6883901, misses = 3681, hit rate = 99.95%
jump prediction, hits = 60251146, misses = 15697999, hit rate = 79.33%
 sim_aux_config sim_reg_stats
======================== 切片硬件状态 ========================
切片号 | 所属安全域 | 当前状态    | 路扩展 | LRU touched
------------------------------------------------------------------
  0    |   域3      | 正常运行   |  否   |  375499994
  1    |   域0      | 正常运行   |  是   |  375499994
  2    |   域0      | 正常运行   |  是   |  375499998
  3    |   域2      | 正常运行   |  否   |  375499985
==================================================================

[动态重分配] 周期375500000：预约迁移 冗余域0(2%) -> 切片1 -> 饥饿域2(26%)
[切片剥夺] 周期375500000：切片1（所属域0）进入待剥夺状态，禁止新替换
[切片剥夺] 周期375500000：切片1在途请求已清空，开始执行脏行写回
[切片管理] 周期375509952：原域0仅剩1个切片，关闭路扩展模式
[动态重分配] 周期375509952：切片1写回完成，自动绑定到域2
[切片管理] 成功绑定切片1 → 安全域2，触发【路扩展模式】

======================== 切片硬件状态 ========================
切片号 | 所属安全域 | 当前状态    | 路扩展 | LRU touched
------------------------------------------------------------------
  0    |   域3      | 正常运行   |  否   |  375509933
  1    |   域2      | 正常运行   |  是   |  375509952
  2    |   域0      | 正常运行   |  否   |  375509950
  3    |   域2      | 正常运行   |  是   |  375509945
==================================================================


**** Debug Statistics at 401000000 Cycles *****
Threads: 4		Fetch Width: 8
No of useful instructions fetched:	1037054860 (32.33% proc util.)
No of total instructions fetched:	1565148728 (48.79% proc util.)
 includes 89497923 misfetch (5.7%), 438595945 (28.0%) wrong-path fetches
 and 0 flushed after failed lock(0.0%)
No of useful instructions issued/executed:	1037054815 (32.33% proc util.)
No of total instructions issued/executed:	1245966962 (38.84% proc util.)
 includes 208912147 wrong-path (16.8%) insts and 0 flushed (0.0%)
	fp 30448, 0.00%
	synch 0, 0.00%
	integer 836627771, 67.15%
	load/store 409308743, 32.85%
Avg size of int IQ (before scheduling): 23.92
Avg size of fp IQ (before scheduling): 0.00
No of cycles taken:		401000000
Parallelism [ 0.667, 0.000, 0.658, 1.262,] = 2.586
 IQ conflicts: 6285061 (1.57%), FQ conflicts: 0 (0.00%) 
 I reg conflicts: 147948968 (36.90%), FP reg conflicts: 0 (0.00%)
  Activelist confs: 1978 (0.00%), ROB confs: 655207 (0.16%)
  Int unit conflicts: 388108824 (96.79%), FP unit conflicts: 12 (0.00%)
  Load/store unit conflicts: 69585401 (17.35%)
  MSHR conflicts: 179211367 (44.69%)
----------------------------------------
==== System-wide Cache Statistics ====
Stall for miss queue full 19064 cycles (0.00%)
----------------------------------------
==== Statistics for Master ID: 0 ====
Reads: 227280042   Writes: 39350079
ICACHE: size: 64 KB assoc: 2
ICACHE: hits:130664740 misses:4345187  Hit Ratio: 96.78%
DCACHE: size: 1*32 KB assoc: 1*8
DCACHE: hits:129642655 misses:1978354 writebacks:781456  Hit Ratio: 98.50%
SCACHE: size: 512 KB assoc: 2
SCACHE: hits:4387165 misses:1935561  Hit Ratio: 69.39%
3CACHE: size: 4096 KB assoc: 2
3CACHE: hits:1688481 misses:247080  Hit Ratio: 87.23%
3CACHE: dirty items replaced:60380
ITLB: size: 48, misses 281950, miss rate 0.21%
DTLB: size: 128, misses 458055, miss rate 0.35%
Avg mem delay: 2.620 cycles
----------------------------------------
==== Statistics for Master ID: 2 ====
Reads: 226744902   Writes: 35560201
ICACHE: size: 64 KB assoc: 2
ICACHE: hits:129217566 misses:4497230  Hit Ratio: 96.64%
DCACHE: size: 2*32 KB assoc: 2*8
DCACHE: hits:126726967 misses:1866151 writebacks:483844  Hit Ratio: 98.55%
SCACHE: size: 512 KB assoc: 2
SCACHE: hits:4535988 misses:1824582  Hit Ratio: 71.31%
3CACHE: size: 4096 KB assoc: 2
3CACHE: hits:1587405 misses:237177  Hit Ratio: 87.00%
3CACHE: dirty items replaced:45554
ITLB: size: 48, misses 301196, miss rate 0.23%
DTLB: size: 128, misses 490160, miss rate 0.38%
Avg mem delay: 2.620 cycles
----------------------------------------
==== Statistics for Master ID: 3 ====
Reads: 279474618   Writes: 42728941
ICACHE: size: 64 KB assoc: 2
ICACHE: hits:174130868 misses:84419  Hit Ratio: 99.95%
DCACHE: size: 1*32 KB assoc: 1*8
DCACHE: hits:143586659 misses:4409565 writebacks:2143436  Hit Ratio: 97.02%
SCACHE: size: 512 KB assoc: 2
SCACHE: hits:1890595 misses:2595436  Hit Ratio: 42.14%
3CACHE: size: 4096 KB assoc: 2
3CACHE: hits:568685 misses:2026751  Hit Ratio: 21.91%
3CACHE: dirty items replaced:89628
ITLB: size: 48, misses 1857, miss rate 0.00%
DTLB: size: 128, misses 291475, miss rate 0.20%
Avg mem delay: 2.620 cycles
----------------------------------------
==== Global Resource Utilization ====
STASH: size: 65536 entries, full 1773192319, empty 64309050, misses 5825315, full rate 96.20
icache bank util. 0.144 0.123 0.115 0.132 0.161 0.204 0.142 0.150 
dcache bank util. 0.124 0.135 0.139 0.125 0.168 0.129 0.162 0.122 
L2 bank util. 0.036 0.040 0.038 0.039 0.038 0.036 0.037 0.039 
L1-L2 bus util. = 0.154, L3 util. = 0.063
----------------------------------------

======================== 切片硬件状态 ========================
切片号 | 所属安全域 | 当前状态    | 路扩展 | LRU touched
------------------------------------------------------------------
  0    |   域3      | 正常运行   |  否   |  400999999
  1    |   域2      | 正常运行   |  是   |  400999999
  2    |   域0      | 正常运行   |  否   |  400999997
  3    |   域2      | 正常运行   |  是   |  400999998
==================================================================

branch prediction, hits = 90859499, misses = 18538207, hit rate = 83.05%
return_stack prediction, hits = 9815709, misses = 4428, hit rate = 99.95%
jump prediction, hits = 84410881, misses = 23046856, hit rate = 78.55%
 sim_init sim_aux_stats sim_uninit ruu_init ruu_dumpent ruu_dump lsq_init lsq_dump rslink_init ruu_release_fu eventq_init eventq_dump eventq_queue_event eventq_next_event readyq_init readyq_dump readyq_enqueue cv_init cv_dump ruu_commit ruu_recover ruu_writeback lsq_refresh ruu_issue
======================== 切片硬件状态 ========================
切片号 | 所属安全域 | 当前状态    | 路扩展 | LRU touched
------------------------------------------------------------------
  0    |   域3      | 正常运行   |  否   |  403599993
  1    |   域2      | 正常运行   |  是   |  403599997
  2    |   域0      | 正常运行   |  否   |  403599958
  3    |   域2      | 正常运行   |  是   |  403599999
==================================================================

[动态重分配] 周期403600000：预约迁移 冗余域2(0%) -> 切片1 -> 饥饿域0(22%)
[切片剥夺] 周期403600000：切片1（所属域2）进入待剥夺状态，禁止新替换
[切片剥夺] 周期403600000：切片1在途请求已清空，开始执行脏行写回
[切片管理] 周期403614072：原域2仅剩1个切片，关闭路扩展模式
[动态重分配] 周期403614072：切片1写回完成，自动绑定到域0
[切片管理] 成功绑定切片1 → 安全域0，触发【路扩展模式】

======================== 切片硬件状态 ========================
切片号 | 所属安全域 | 当前状态    | 路扩展 | LRU touched
------------------------------------------------------------------
  0    |   域3      | 正常运行   |  否   |  403614058
  1    |   域0      | 正常运行   |  是   |  403614072
  2    |   域0      | 正常运行   |  是   |  403614055
  3    |   域2      | 正常运行   |  否   |  403614070
==================================================================


======================== 切片硬件状态 ========================
切片号 | 所属安全域 | 当前状态    | 路扩展 | LRU touched
------------------------------------------------------------------
  0    |   域3      | 正常运行   |  否   |  437599973
  1    |   域0      | 正常运行   |  是   |  437599972
  2    |   域0      | 正常运行   |  是   |  437599975
  3    |   域2      | 正常运行   |  否   |  437599955
==================================================================

[动态重分配] 周期437600000：预约迁移 冗余域0(0%) -> 切片1 -> 饥饿域2(39%)
[切片剥夺] 周期437600000：切片1（所属域0）进入待剥夺状态，禁止新替换
[切片剥夺] 周期437600000：切片1在途请求已清空，开始执行脏行写回
[切片管理] 周期437625549：原域0仅剩1个切片，关闭路扩展模式
[动态重分配] 周期437625549：切片1写回完成，自动绑定到域2
[切片管理] 成功绑定切片1 → 安全域2，触发【路扩展模式】

======================== 切片硬件状态 ========================
切片号 | 所属安全域 | 当前状态    | 路扩展 | LRU touched
------------------------------------------------------------------
  0    |   域3      | 正常运行   |  否   |  437625549
  1    |   域2      | 正常运行   |  是   |  437625549
  2    |   域0      | 正常运行   |  否   |  437625548
  3    |   域2      | 正常运行   |  是   |  437625497
==================================================================


**** Debug Statistics at 501000000 Cycles *****
Threads: 4		Fetch Width: 8
No of useful instructions fetched:	1355911695 (33.83% proc util.)
No of total instructions fetched:	2041979508 (50.95% proc util.)
 includes 110723802 misfetch (5.4%), 575344011 (28.2%) wrong-path fetches
 and 0 flushed after failed lock(0.0%)
No of useful instructions issued/executed:	1355911670 (33.83% proc util.)
No of total instructions issued/executed:	1630640859 (40.68% proc util.)
 includes 274729189 wrong-path (16.8%) insts and 0 flushed (0.0%)
	fp 40114, 0.00%
	synch 0, 0.00%
	integer 1095084467, 67.16%
	load/store 535516278, 32.84%
Avg size of int IQ (before scheduling): 24.98
Avg size of fp IQ (before scheduling): 0.00
No of cycles taken:		501000000
Parallelism [ 0.705, 0.000, 0.670, 1.332,] = 2.706
 IQ conflicts: 10277263 (2.05%), FQ conflicts: 0 (0.00%) 
 I reg conflicts: 168283443 (33.59%), FP reg conflicts: 0 (0.00%)
  Activelist confs: 3320 (0.00%), ROB confs: 1146896 (0.23%)
  Int unit conflicts: 528483477 (105.49%), FP unit conflicts: 12 (0.00%)
  Load/store unit conflicts: 96229156 (19.21%)
  MSHR conflicts: 223927699 (44.70%)
----------------------------------------
==== System-wide Cache Statistics ====
Stall for miss queue full 20360 cycles (0.00%)
----------------------------------------
==== Statistics for Master ID: 0 ====
Reads: 301408536   Writes: 55130882
ICACHE: size: 64 KB assoc: 2
ICACHE: hits:174246917 misses:5355901  Hit Ratio: 97.02%
DCACHE: size: 1*32 KB assoc: 1*8
DCACHE: hits:173657218 misses:3280465 writebacks:1356550  Hit Ratio: 98.15%
SCACHE: size: 512 KB assoc: 2
SCACHE: hits:5954962 misses:2680321  Hit Ratio: 68.96%
3CACHE: size: 4096 KB assoc: 2
3CACHE: hits:2365786 misses:314535  Hit Ratio: 88.27%
3CACHE: dirty items replaced:93370
ITLB: size: 48, misses 341672, miss rate 0.19%
DTLB: size: 128, misses 605550, miss rate 0.34%
Avg mem delay: 2.437 cycles
----------------------------------------
==== Statistics for Master ID: 2 ====
Reads: 287300996   Writes: 45079861
ICACHE: size: 64 KB assoc: 2
ICACHE: hits:163985045 misses:5713799  Hit Ratio: 96.63%
DCACHE: size: 2*32 KB assoc: 2*8
DCACHE: hits:160483933 misses:2201232 writebacks:573357  Hit Ratio: 98.65%
SCACHE: size: 512 KB assoc: 2
SCACHE: hits:5549161 misses:2362716  Hit Ratio: 70.14%
3CACHE: size: 4096 KB assoc: 2
3CACHE: hits:2035270 misses:327446  Hit Ratio: 86.14%
3CACHE: dirty items replaced:84915
ITLB: size: 48, misses 411784, miss rate 0.24%
DTLB: size: 128, misses 622803, miss rate 0.38%
Avg mem delay: 2.437 cycles
----------------------------------------
==== Statistics for Master ID: 3 ====
Reads: 368575490   Writes: 55337785
ICACHE: size: 64 KB assoc: 2
ICACHE: hits:229318056 misses:111166  Hit Ratio: 99.95%
DCACHE: size: 1*32 KB assoc: 1*8
DCACHE: hits:189266899 misses:5225106 writebacks:2508105  Hit Ratio: 97.31%
SCACHE: size: 512 KB assoc: 2
SCACHE: hits:2444194 misses:2884125  Hit Ratio: 45.87%
3CACHE: size: 4096 KB assoc: 2
3CACHE: hits:808863 misses:2075262  Hit Ratio: 28.05%
3CACHE: dirty items replaced:110715
ITLB: size: 48, misses 2452, miss rate 0.00%
DTLB: size: 128, misses 351380, miss rate 0.18%
Avg mem delay: 2.437 cycles
----------------------------------------
==== Global Resource Utilization ====
STASH: size: 65536 entries, full 2285968053, empty 81404286, misses 7299799, full rate 96.26
icache bank util. 0.151 0.128 0.119 0.137 0.171 0.209 0.149 0.158 
dcache bank util. 0.128 0.140 0.149 0.135 0.176 0.131 0.171 0.128 
L2 bank util. 0.037 0.040 0.039 0.040 0.038 0.037 0.038 0.039 
L1-L2 bus util. = 0.158, L3 util. = 0.054
----------------------------------------

======================== 切片硬件状态 ========================
切片号 | 所属安全域 | 当前状态    | 路扩展 | LRU touched
------------------------------------------------------------------
  0    |   域3      | 正常运行   |  否   |  500999999
  1    |   域2      | 正常运行   |  是   |  500999990
  2    |   域0      | 正常运行   |  否   |  500999999
  3    |   域2      | 正常运行   |  是   |  500999990
==================================================================

branch prediction, hits = 117135425, misses = 23846713, hit rate = 83.09%
return_stack prediction, hits = 12830569, misses = 7816, hit rate = 99.94%
jump prediction, hits = 111085964, misses = 28596823, hit rate = 79.53%
 rspec_dump tracer_recover tracer_init spec_mem_access mspec_dump simoo_mem_obj ruu_link_idep ruu_install_odep InstSRA InstSRAV InstMULT InstMULTU simoo_reg_obj
======================== 切片硬件状态 ========================
切片号 | 所属安全域 | 当前状态    | 路扩展 | LRU touched
------------------------------------------------------------------
  0    |   域3      | 正常运行   |  否   |  513299993
  1    |   域2      | 正常运行   |  是   |  513300000
  2    |   域0      | 正常运行   |  否   |  513299967
  3    |   域2      | 正常运行   |  是   |  513299995
==================================================================

[动态重分配] 周期513300000：预约迁移 冗余域2(0%) -> 切片1 -> 饥饿域0(14%)
[切片剥夺] 周期513300000：切片1（所属域2）进入待剥夺状态，禁止新替换
[切片剥夺] 周期513300000：切片1在途请求已清空，开始执行脏行写回
[切片管理] 周期513328369：原域2仅剩1个切片，关闭路扩展模式
[动态重分配] 周期513328369：切片1写回完成，自动绑定到域0
[切片管理] 成功绑定切片1 → 安全域0，触发【路扩展模式】

======================== 切片硬件状态 ========================
切片号 | 所属安全域 | 当前状态    | 路扩展 | LRU touched
------------------------------------------------------------------
  0    |   域3      | 正常运行   |  否   |  513328366
  1    |   域0      | 正常运行   |  是   |  513328369
  2    |   域0      | 正常运行   |  是   |  513328357
  3    |   域2      | 正常运行   |  否   |  513328369
==================================================================


**** Debug Statistics at 601000000 Cycles *****
Threads: 4		Fetch Width: 8
No of useful instructions fetched:	1714999653 (35.67% proc util.)
No of total instructions fetched:	2552020367 (53.08% proc util.)
 includes 131103023 misfetch (5.1%), 705917691 (27.7%) wrong-path fetches
 and 0 flushed after failed lock(0.0%)
No of useful instructions issued/executed:	1714999615 (35.67% proc util.)
No of total instructions issued/executed:	2049248883 (42.62% proc util.)
 includes 334249268 wrong-path (16.3%) insts and 0 flushed (0.0%)
	fp 43200, 0.00%
	synch 0, 0.00%
	integer 1381485698, 67.41%
	load/store 667719985, 32.58%
Avg size of int IQ (before scheduling): 25.68
Avg size of fp IQ (before scheduling): 0.00
No of cycles taken:		601000000
Parallelism [ 0.780, 0.000, 0.688, 1.386,] = 2.854
 IQ conflicts: 13938877 (2.32%), FQ conflicts: 0 (0.00%) 
 I reg conflicts: 185245860 (30.82%), FP reg conflicts: 0 (0.00%)
  Activelist confs: 3783 (0.00%), ROB confs: 1252690 (0.21%)
  Int unit conflicts: 751610800 (125.06%), FP unit conflicts: 12 (0.00%)
  Load/store unit conflicts: 119950343 (19.96%)
  MSHR conflicts: 264688061 (44.04%)
----------------------------------------
==== System-wide Cache Statistics ====
Stall for miss queue full 21093 cycles (0.00%)
----------------------------------------
==== Statistics for Master ID: 0 ====
Reads: 381796574   Writes: 66276450
ICACHE: size: 64 KB assoc: 2
ICACHE: hits:219111995 misses:6325629  Hit Ratio: 97.19%
DCACHE: size: 2*32 KB assoc: 2*8
DCACHE: hits:218936163 misses:3700320 writebacks:1514337  Hit Ratio: 98.34%
SCACHE: size: 512 KB assoc: 2
SCACHE: hits:6940758 misses:3084107  Hit Ratio: 69.24%
3CACHE: size: 4096 KB assoc: 2
3CACHE: hits:2683093 misses:401014  Hit Ratio: 87.00%
3CACHE: dirty items replaced:144753
ITLB: size: 48, misses 435000, miss rate 0.19%
DTLB: size: 128, misses 720053, miss rate 0.32%
Avg mem delay: 2.227 cycles
----------------------------------------
==== Statistics for Master ID: 2 ====
Reads: 356092518   Writes: 56135721
ICACHE: size: 64 KB assoc: 2
ICACHE: hits:203725023 misses:7004911  Hit Ratio: 96.68%
DCACHE: size: 1*32 KB assoc: 1*8
DCACHE: hits:198919385 misses:2582406 writebacks:685499  Hit Ratio: 98.72%
SCACHE: size: 512 KB assoc: 2
SCACHE: hits:6796053 misses:2787777  Hit Ratio: 70.91%
3CACHE: size: 4096 KB assoc: 2
3CACHE: hits:2389206 misses:398571  Hit Ratio: 85.70%
3CACHE: dirty items replaced:121280
ITLB: size: 48, misses 520411, miss rate 0.25%
DTLB: size: 128, misses 730711, miss rate 0.36%
Avg mem delay: 2.227 cycles
----------------------------------------
==== Statistics for Master ID: 3 ====
Reads: 460311797   Writes: 68297543
ICACHE: size: 64 KB assoc: 2
ICACHE: hits:286513058 misses:128037  Hit Ratio: 99.96%
DCACHE: size: 1*32 KB assoc: 1*8
DCACHE: hits:235924704 misses:6051493 writebacks:2879050  Hit Ratio: 97.50%
SCACHE: size: 512 KB assoc: 2
SCACHE: hits:3065942 misses:3105635  Hit Ratio: 49.68%
3CACHE: size: 4096 KB assoc: 2
3CACHE: hits:982310 misses:2123325  Hit Ratio: 31.63%
3CACHE: dirty items replaced:135531
ITLB: size: 48, misses 3076, miss rate 0.00%
DTLB: size: 128, misses 398862, miss rate 0.16%
Avg mem delay: 2.227 cycles
----------------------------------------
==== Global Resource Utilization ====
STASH: size: 65536 entries, full 2836086757, empty 98570852, misses 8767801, full rate 96.35
icache bank util. 0.157 0.138 0.123 0.140 0.173 0.211 0.155 0.174 
dcache bank util. 0.140 0.143 0.155 0.137 0.180 0.134 0.175 0.131 
L2 bank util. 0.036 0.039 0.038 0.038 0.037 0.036 0.037 0.038 
L1-L2 bus util. = 0.154, L3 util. = 0.049
----------------------------------------

======================== 切片硬件状态 ========================
切片号 | 所属安全域 | 当前状态    | 路扩展 | LRU touched
------------------------------------------------------------------
  0    |   域3      | 正常运行   |  否   |  600999997
  1    |   域0      | 正常运行   |  是   |  600999979
  2    |   域0      | 正常运行   |  是   |  600999977
  3    |   域2      | 正常运行   |  否   |  600999999
==================================================================

branch prediction, hits = 148868789, misses = 29163447, hit rate = 83.62%
return_stack prediction, hits = 15553819, misses = 12051, hit rate = 99.92%
jump prediction, hits = 139874819, misses = 34021168, hit rate = 80.44%
 ruu_dispatch
**** Early Exiting at 685591124 Cycles *****
========================================
 SMTSIM Global Statistics
========================================
Threads: 4		Fetch Width: 8
No of useful instructions fetched:	2000000096 (36.46% proc util.)
No of total instructions fetched:	2963716670 (54.04% proc util.)
 includes 147538995 misfetch (5.0%), 816177579 (27.5%) wrong-path fetches
 and 0 flushed after failed lock(0.0%)
No of useful instructions issued/executed:	2000000038 (36.46% proc util.)
No of total instructions issued/executed:	2385858364 (43.50% proc util.)
 includes 385858326 wrong-path (16.2%) insts and 0 flushed (0.0%)
	fp 60744, 0.00%
	synch 0, 0.00%
	integer 1609774459, 67.47%
	load/store 776023161, 32.53%
Avg size of int IQ (before scheduling): 26.09
Avg size of fp IQ (before scheduling): 0.00
No of cycles taken:		685591124
Parallelism [ 0.806, 0.000, 0.697, 1.413,] = 2.917
 IQ conflicts: 16058042 (2.34%), FQ conflicts: 0 (0.00%) 
 I reg conflicts: 203381391 (29.67%), FP reg conflicts: 0 (0.00%)
  Activelist confs: 6024 (0.00%), ROB confs: 1868685 (0.27%)
  Int unit conflicts: 895534422 (130.62%), FP unit conflicts: 12 (0.00%)
  Load/store unit conflicts: 142036784 (20.72%)
  MSHR conflicts: 300915002 (43.89%)
----------------------------------------
==== System-wide Cache Statistics ====
Stall for miss queue full 21093 cycles (0.00%)
----------------------------------------
==== Statistics for Master ID: 0 ====
Reads: 446259058   Writes: 78376195
ICACHE: size: 64 KB assoc: 2
ICACHE: hits:256614935 misses:7092578  Hit Ratio: 97.31%
DCACHE: size: 2*32 KB assoc: 2*8
DCACHE: hits:256825753 misses:4103070 writebacks:1737755  Hit Ratio: 98.43%
SCACHE: size: 512 KB assoc: 2
SCACHE: hits:7766871 misses:3427694  Hit Ratio: 69.38%
3CACHE: size: 4096 KB assoc: 2
3CACHE: hits:2941120 misses:486574  Hit Ratio: 85.80%
3CACHE: dirty items replaced:196601
ITLB: size: 48, misses 503619, miss rate 0.19%
DTLB: size: 128, misses 838088, miss rate 0.32%
Avg mem delay: 2.190 cycles
----------------------------------------
==== Statistics for Master ID: 2 ====
Reads: 410918448   Writes: 65720232
ICACHE: size: 64 KB assoc: 2
ICACHE: hits:234868085 misses:8009584  Hit Ratio: 96.70%
DCACHE: size: 1*32 KB assoc: 1*8
DCACHE: hits:230833170 misses:2931327 writebacks:796424  Hit Ratio: 98.75%
SCACHE: size: 512 KB assoc: 2
SCACHE: hits:7742840 misses:3194585  Hit Ratio: 70.79%
3CACHE: size: 4096 KB assoc: 2
3CACHE: hits:2702490 misses:492095  Hit Ratio: 84.60%
3CACHE: dirty items replaced:174958
ITLB: size: 48, misses 615301, miss rate 0.25%
DTLB: size: 128, misses 826051, miss rate 0.35%
Avg mem delay: 2.190 cycles
----------------------------------------
==== Statistics for Master ID: 3 ====
Reads: 534202796   Writes: 78430723
ICACHE: size: 64 KB assoc: 2
ICACHE: hits:332925096 misses:140049  Hit Ratio: 99.96%
DCACHE: size: 1*32 KB assoc: 1*8
DCACHE: hits:272883703 misses:6692623 writebacks:3179932  Hit Ratio: 97.61%
SCACHE: size: 512 KB assoc: 2
SCACHE: hits:3520678 misses:3304041  Hit Ratio: 51.59%
3CACHE: size: 4096 KB assoc: 2
3CACHE: hits:1136179 misses:2167862  Hit Ratio: 34.39%
3CACHE: dirty items replaced:155234
ITLB: size: 48, misses 3639, miss rate 0.00%
DTLB: size: 128, misses 442483, miss rate 0.16%
Avg mem delay: 2.190 cycles
----------------------------------------
==== Global Resource Utilization ====
STASH: size: 65536 entries, full 3277927346, empty 113385039, misses 10052675, full rate 96.37
icache bank util. 0.159 0.140 0.127 0.144 0.175 0.210 0.157 0.178 
dcache bank util. 0.144 0.144 0.158 0.137 0.182 0.135 0.178 0.135 
L2 bank util. 0.036 0.039 0.037 0.038 0.036 0.035 0.036 0.037 
L1-L2 bus util. = 0.152, L3 util. = 0.046
----------------------------------------

======================== 切片硬件状态 ========================
切片号 | 所属安全域 | 当前状态    | 路扩展 | LRU touched
------------------------------------------------------------------
  0    |   域3      | 正常运行   |  否   |  685591122
  1    |   域0      | 正常运行   |  是   |  685590535
  2    |   域0      | 正常运行   |  是   |  685591119
  3    |   域2      | 正常运行   |  否   |  685591123
==================================================================

branch prediction, hits = 171788072, misses = 33445555, hit rate = 83.70%
return_stack prediction, hits = 17857019, misses = 17010, hit rate = 99.90%
jump prediction, hits = 162512863, misses = 38438512, hit rate = 80.87%
total IPC 2.917

=== Results saved to: ./results/gcc-integrate_2_gcc-166_1_gzip-source_1.txt ===
