测试组合（多线程优先）：gcc-200.arg2 + gcc-166.arg + gzip-graphic.arg
执行命令：./smtsim gcc-200.arg2 gcc-166.arg gzip-graphic.arg
==================================================

 abend_ adia_ adib_ ambm6_ analie6_ betalf_Process 0, Thread 0: gcc-200
Process 0, Thread 1: gcc-200
Process 2, Thread 2: gcc-166
Process 3, Thread 3: gzip-graphic
[切片调度] 新安全域2无任何切片，尝试分配空闲切片
[切片管理] 成功绑定切片0 → 安全域2

======================== 切片硬件状态 ========================
切片号 | 所属安全域 | 当前状态    | 路扩展 | LRU touched
------------------------------------------------------------------
  0    |   域2      | 正常运行   |  否   |  0
  1    |   域-1     | 切片空闲   |  否   |  0
  2    |   域-1     | 切片空闲   |  否   |  0
  3    |   域-1     | 切片空闲   |  否   |  0
==================================================================

[切片管理] 成功绑定切片1 → 安全域2，触发【路扩展模式】

======================== 切片硬件状态 ========================
切片号 | 所属安全域 | 当前状态    | 路扩展 | LRU touched
------------------------------------------------------------------
  0    |   域2      | 正常运行   |  是   |  0
  1    |   域2      | 正常运行   |  是   |  0
  2    |   域-1     | 切片空闲   |  否   |  0
  3    |   域-1     | 切片空闲   |  否   |  0
==================================================================

[切片调度] 新安全域3无任何切片，尝试分配空闲切片
[切片管理] 成功绑定切片2 → 安全域3

======================== 切片硬件状态 ========================
切片号 | 所属安全域 | 当前状态    | 路扩展 | LRU touched
------------------------------------------------------------------
  0    |   域2      | 正常运行   |  是   |  435
  1    |   域2      | 正常运行   |  是   |  0
  2    |   域3      | 正常运行   |  否   |  0
  3    |   域-1     | 切片空闲   |  否   |  0
==================================================================

[切片管理] 成功绑定切片3 → 安全域3，触发【路扩展模式】

======================== 切片硬件状态 ========================
切片号 | 所属安全域 | 当前状态    | 路扩展 | LRU touched
------------------------------------------------------------------
  0    |   域2      | 正常运行   |  是   |  435
  1    |   域2      | 正常运行   |  是   |  0
  2    |   域3      | 正常运行   |  是   |  0
  3    |   域3      | 正常运行   |  是   |  0
==================================================================

[切片调度] 新安全域0无任何切片，尝试分配空闲切片
[切片调度] 新安全域0未找到空闲切片，尝试剥夺切片
[切片替换] 优先从【路扩展切片】中选择LRU替换目标...
[切片替换] 找到路扩展切片作为受害者：切片1（最后访问：0）
[切片调度] 安全域0触发切片剥夺：从域2剥夺切片1
[切片剥夺] 周期520：切片1（所属域2）进入待剥夺状态，禁止新替换
[切片剥夺] 周期520：切片1在途请求已清空，开始执行脏行写回
[切片剥夺] 周期520：切片1无脏行，直接完成剥夺
[切片调度] 域0已有切片1在写回，指令入队等待
[切片调度] 域0已有切片1在写回，指令入队等待
[切片调度] 域0已有切片1在写回，指令入队等待
[切片管理] 周期520：原域2仅剩1个切片，关闭路扩展模式
[动态重分配] 周期520：切片1写回完成，自动绑定到域0
[切片管理] 成功绑定切片1 → 安全域0

======================== 切片硬件状态 ========================
切片号 | 所属安全域 | 当前状态    | 路扩展 | LRU touched
------------------------------------------------------------------
  0    |   域2      | 正常运行   |  否   |  435
  1    |   域0      | 正常运行   |  否   |  520
  2    |   域3      | 正常运行   |  是   |  511
  3    |   域3      | 正常运行   |  是   |  0
==================================================================

[切片唤醒] 周期520：域0切片就绪，唤醒等待指令
[切片唤醒] 周期520：域0切片就绪，唤醒等待指令
[切片唤醒] 周期520：域0切片就绪，唤醒等待指令
[切片唤醒] 周期520：域0切片就绪，唤醒等待指令

**** Debug Statistics at 1000000 Cycles *****
Threads: 4		Fetch Width: 8
No of useful instructions fetched:	534552 (6.68% proc util.)
No of total instructions fetched:	775479 (9.69% proc util.)
 includes 56486 misfetch (7.3%), 184441 (23.8%) wrong-path fetches
 and 0 flushed after failed lock(0.0%)
No of useful instructions issued/executed:	534481 (6.68% proc util.)
No of total instructions issued/executed:	620434 (7.76% proc util.)
 includes 85953 wrong-path (13.9%) insts and 0 flushed (0.0%)
	fp 64, 0.01%
	synch 0, 0.00%
	integer 394419, 63.57%
	load/store 225951, 36.42%
Avg size of int IQ (before scheduling): 40.73
Avg size of fp IQ (before scheduling): 0.01
No of cycles taken:		1000000
Parallelism [ 0.153, 0.000, 0.234, 0.147,] = 0.535
 IQ conflicts: 15505 (1.55%), FQ conflicts: 0 (0.00%) 
 I reg conflicts: 834895 (83.49%), FP reg conflicts: 0 (0.00%)
  Activelist confs: 0 (0.00%), ROB confs: 758 (0.08%)
  Int unit conflicts: 49547 (4.95%), FP unit conflicts: 0 (0.00%)
  Load/store unit conflicts: 51611 (5.16%)
  MSHR conflicts: 2840175 (284.02%)
----------------------------------------
==== System-wide Cache Statistics ====
Stall for miss queue full 0 cycles (0.00%)
----------------------------------------
==== Statistics for Master ID: 0 ====
Reads: 137318   Writes: 22393
ICACHE: size: 64 KB assoc: 2
ICACHE: hits:76440 misses:2909  Hit Ratio: 96.33%
DCACHE: size: 1*32 KB assoc: 1*8
DCACHE: hits:79346 misses:1012 writebacks:124  Hit Ratio: 98.74%
SCACHE: size: 512 KB assoc: 2
SCACHE: hits:1927 misses:1994  Hit Ratio: 49.15%
3CACHE: size: 4096 KB assoc: 2
3CACHE: hits:334 misses:1660  Hit Ratio: 16.75%
3CACHE: dirty items replaced:0
ITLB: size: 48, misses 128, miss rate 0.16%
DTLB: size: 128, misses 1174, miss rate 1.46%
Avg mem delay: 62.565 cycles
----------------------------------------
==== Statistics for Master ID: 2 ====
Reads: 129599   Writes: 28266
ICACHE: size: 64 KB assoc: 2
ICACHE: hits:81713 misses:1778  Hit Ratio: 97.87%
DCACHE: size: 1*32 KB assoc: 1*8
DCACHE: hits:72968 misses:1406 writebacks:584  Hit Ratio: 98.11%
SCACHE: size: 512 KB assoc: 2
SCACHE: hits:708 misses:2476  Hit Ratio: 22.24%
3CACHE: size: 4096 KB assoc: 2
3CACHE: hits:61 misses:2415  Hit Ratio: 2.46%
3CACHE: dirty items replaced:0
ITLB: size: 48, misses 128, miss rate 0.15%
DTLB: size: 128, misses 360, miss rate 0.48%
Avg mem delay: 62.565 cycles
----------------------------------------
==== Statistics for Master ID: 3 ====
Reads: 107337   Writes: 23951
ICACHE: size: 64 KB assoc: 2
ICACHE: hits:60231 misses:215  Hit Ratio: 99.64%
DCACHE: size: 2*32 KB assoc: 2*8
DCACHE: hits:47662 misses:23180 writebacks:22978  Hit Ratio: 67.28%
SCACHE: size: 512 KB assoc: 2
SCACHE: hits:10 misses:23385  Hit Ratio: 0.04%
3CACHE: size: 4096 KB assoc: 2
3CACHE: hits:2 misses:23383  Hit Ratio: 0.01%
3CACHE: dirty items replaced:0
ITLB: size: 48, misses 18, miss rate 0.03%
DTLB: size: 128, misses 5777, miss rate 8.15%
Avg mem delay: 62.565 cycles
----------------------------------------
==== Global Resource Utilization ====
STASH: size: 65536 entries, full 92638814, empty 7352927, misses 870534, full rate 91.85
icache bank util. 0.038 0.027 0.024 0.026 0.022 0.018 0.029 0.053 
dcache bank util. 0.019 0.024 0.041 0.018 0.021 0.021 0.208 0.021 
L2 bank util. 0.007 0.008 0.007 0.007 0.007 0.007 0.284 0.008 
L1-L2 bus util. = 0.163, L3 util. = 0.274
----------------------------------------

======================== 切片硬件状态 ========================
切片号 | 所属安全域 | 当前状态    | 路扩展 | LRU touched
------------------------------------------------------------------
  0    |   域2      | 正常运行   |  否   |  999807
  1    |   域0      | 正常运行   |  否   |  999799
  2    |   域3      | 正常运行   |  是   |  999809
  3    |   域3      | 正常运行   |  是   |  999797
==================================================================

branch prediction, hits = 47914, misses = 10388, hit rate = 82.18%
return_stack prediction, hits = 5542, misses = 13, hit rate = 99.77%
jump prediction, hits = 43300, misses = 12168, hit rate = 78.06%

======================== 切片硬件状态 ========================
切片号 | 所属安全域 | 当前状态    | 路扩展 | LRU touched
------------------------------------------------------------------
  0    |   域2      | 正常运行   |  否   |  28299708
  1    |   域0      | 正常运行   |  否   |  28299982
  2    |   域3      | 正常运行   |  是   |  28299984
  3    |   域3      | 正常运行   |  是   |  28298802
==================================================================

[动态重分配] 周期28300000：预约迁移 冗余域3(12%) -> 切片2 -> 饥饿域2(47%)
[切片剥夺] 周期28300000：切片2（所属域3）进入待剥夺状态，禁止新替换
[切片剥夺] 周期28300200：切片2在途请求已清空，开始执行脏行写回
[切片管理] 周期28319064：原域3仅剩1个切片，关闭路扩展模式
[动态重分配] 周期28319064：切片2写回完成，自动绑定到域2
[切片管理] 成功绑定切片2 → 安全域2，触发【路扩展模式】

======================== 切片硬件状态 ========================
切片号 | 所属安全域 | 当前状态    | 路扩展 | LRU touched
------------------------------------------------------------------
  0    |   域2      | 正常运行   |  是   |  28318934
  1    |   域0      | 正常运行   |  否   |  28319055
  2    |   域2      | 正常运行   |  是   |  28319064
  3    |   域3      | 正常运行   |  否   |  28319061
==================================================================


======================== 切片硬件状态 ========================
切片号 | 所属安全域 | 当前状态    | 路扩展 | LRU touched
------------------------------------------------------------------
  0    |   域2      | 正常运行   |  是   |  28500000
  1    |   域0      | 正常运行   |  否   |  28499997
  2    |   域2      | 正常运行   |  是   |  28499989
  3    |   域3      | 正常运行   |  否   |  28499998
==================================================================

[动态重分配] 周期28500000：预约迁移 冗余域2(1%) -> 切片0 -> 饥饿域3(12%)
[切片剥夺] 周期28500000：切片0（所属域2）进入待剥夺状态，禁止新替换
[切片剥夺] 周期28500000：切片0在途请求已清空，开始执行脏行写回
[切片管理] 周期28500161：原域2仅剩1个切片，关闭路扩展模式
[动态重分配] 周期28500161：切片0写回完成，自动绑定到域3
[切片管理] 成功绑定切片0 → 安全域3，触发【路扩展模式】

======================== 切片硬件状态 ========================
切片号 | 所属安全域 | 当前状态    | 路扩展 | LRU touched
------------------------------------------------------------------
  0    |   域3      | 正常运行   |  是   |  28500161
  1    |   域0      | 正常运行   |  否   |  28500160
  2    |   域2      | 正常运行   |  否   |  28500004
  3    |   域3      | 正常运行   |  是   |  28500158
==================================================================


======================== 切片硬件状态 ========================
切片号 | 所属安全域 | 当前状态    | 路扩展 | LRU touched
------------------------------------------------------------------
  0    |   域3      | 正常运行   |  是   |  29300000
  1    |   域0      | 正常运行   |  否   |  29299999
  2    |   域2      | 正常运行   |  否   |  29299992
  3    |   域3      | 正常运行   |  是   |  29291187
==================================================================

[动态重分配] 周期29300000：预约迁移 冗余域3(12%) -> 切片0 -> 饥饿域2(34%)
[切片剥夺] 周期29300000：切片0（所属域3）进入待剥夺状态，禁止新替换
[切片剥夺] 周期29300196：切片0在途请求已清空，开始执行脏行写回
[切片管理] 周期29319192：原域3仅剩1个切片，关闭路扩展模式
[动态重分配] 周期29319192：切片0写回完成，自动绑定到域2
[切片管理] 成功绑定切片0 → 安全域2，触发【路扩展 __sigismember __sigaddset __sigdelset模式】

======================== 切片硬件状态 ========================
切片号 | 所属安全域 | 当前状态    | 路扩展 | LRU touched
------------------------------------------------------------------
  0    |   域2      | 正常运行   |  是   |  29319192
  1    |   域0      | 正常运行   |  否   |  29319190
  2    |   域2      | 正常运行   |  是   |  29319185
  3    |   域3      | 正常运行   |  否   |  29319192
==================================================================


======================== 切片硬件状态 ========================
切片号 | 所属安全域 | 当前状态    | 路扩展 | LRU touched
------------------------------------------------------------------
  0    |   域2      | 正常运行   |  是   |  29499927
  1    |   域0      | 正常运行   |  否   |  29499553
  2    |   域2      | 正常运行   |  是   |  29499916
  3    |   域3      | 正常运行   |  否   |  29499931
==================================================================

[动态重分配] 周期29500000：预约迁移 冗余域2(0%) -> 切片2 -> 饥饿域3(12%)
[切片剥夺] 周期29500000：切片2（所属域2）进入待剥夺状态，禁止新替换
[切片剥夺] 周期29500000：切片2在途请求已清空，开始执行脏行写回
[切片管理] 周期29500160：原域2仅剩1个切片，关闭路扩展模式
[动态重分配] 周期29500160：切片2写回完成，自动绑定到域3
[切片管理] 成功绑定切片2 → 安全域3，触发【路扩展模式】

======================== 切片硬件状态 ========================
切片号 | 所属安全域 | 当前状态    | 路扩展 | LRU touched
------------------------------------------------------------------
  0    |   域2      | 正常运行   |  否   |  29500160
  1    |   域0      | 正常运行   |  否   |  29500155
  2    |   域3      | 正常运行   |  是   |  29500160
  3    |   域3      | 正常运行   |  是   |  29500154
==================================================================


======================== 切片硬件状态 ========================
切片号 | 所属安全域 | 当前状态    | 路扩展 | LRU touched
------------------------------------------------------------------
  0    |   域2      | 正常运行   |  否   |  33999923
  1    |   域0      | 正常运行   |  否   |  33999930
  2    |   域3      | 正常运行   |  是   |  33982134
  3    |   域3      | 正常运行   |  是   |  33999939
==================================================================

[动态重分配] 周期34000000：预约迁移 冗余域3(12%) -> 切片2 -> 饥饿域2(46%)
[切片剥夺] 周期34000000：切片2（所属域3）进入待剥夺状态，禁止新替换
[切片剥夺] 周期34000000：切片2在途请求已清空，开始执行脏行写回
[切片管理] 周期34020297：原域3仅剩1个切片，关闭路扩展模式
[动态重分配] 周期34020297：切片2写回完成，自动绑定到域2
[切片管理] 成功绑定切片2 → 安全域2，触发【路扩展模式】

======================== 切片硬件状态 ========================
切片号 | 所属安全域 | 当前状态    | 路扩展 | LRU touched
------------------------------------------------------------------
  0    |   域2      | 正常运行   |  是   |  34020167
  1    |   域0      | 正常运行   |  否   |  34020296
  2    |   域2      | 正常运行   |  是   |  34020297
  3    |   域3      | 正常运行   |  否   |  34020285
==================================================================


======================== 切片硬件状态 ========================
切片号 | 所属安全域 | 当前状态    | 路扩展 | LRU touched
------------------------------------------------------------------
  0    |   域2      | 正常运行   |  是   |  34199960
  1    |   域0      | 正常运行   |  否   |  34199961
  2    |   域2      | 正常运行   |  是   |  34199952
  3    |   域3      | 正常运行   |  否   |  34199962
==================================================================

[动态重分配] 周期34200000：预约迁移 冗余域2(1%) -> 切片0 -> 饥饿域3(12%)
[切片剥夺] 周期34200000：切片0（所属域2）进入待剥夺状态，禁止新替换
[切片剥夺] 周期34200000：切片0在途请求已清空，开始执行脏行写回
[切片管理] 周期34200221：原域2仅剩1个切片，关闭路扩展模式
[动态重分配] 周期34200221：切片0写回完成，自动绑定到域3
[切片管理] 成功绑定切片0 → 安全域3，触发【路扩展模式】

======================== 切片硬件状态 ========================
切片号 | 所属安全域 | 当前状态    | 路扩展 | LRU touched
------------------------------------------------------------------
  0    |   域3      | 正常运行   |  是   |  34200221
  1    |   域0      | 正常运行   |  否   |  34200216
  2    |   域2      | 正常运行   |  否   |  34200215
  3    |   域3      | 正常运行   |  是   |  34200221
==================================================================


======================== 切片硬件状态 ========================
切片号 | 所属安全域 | 当前状态    | 路扩展 | LRU touched
------------------------------------------------------------------
  0    |   域3      | 正常运行   |  是   |  35599922
  1    |   域0      | 正常运行   |  否   |  35599917
  2    |   域2      | 正常运行   |  否   |  35599920
  3    |   域3      | 正常运行   |  是   |  35584357
==================================================================

[动态重分配] 周期35600000：预约迁移 冗余域3(12%) -> 切片0 -> 饥饿域2(23%)
[切片剥夺] 周期35600000：切片0（所属域3）进入待剥夺状态，禁止新替换
[切片剥夺] 周期35600092：切片0在途请求已清空，开始执行脏行写回
[切片管理] 周期35619013：原域3仅剩1个切片，关闭路扩展模式
[动态重分配] 周期35619013：切片0写回完成，自动绑定到域2
[切片管理] 成功绑定切片0 → 安全域2，触发【路扩展模式】

======================== 切片硬件状态 ========================
切片号 | 所属安全域 | 当前状态    | 路扩展 | LRU touched
------------------------------------------------------------------
  0    |   域2      | 正常运行   |  是   |  35619013
  1    |   域0      | 正常运行   |  否   |  35619013
  2    |   域2      | 正常运行   |  是   |  35619004
  3    |   域3      | 正常运行   |  否   |  35619008
==================================================================


======================== 切片硬件状态 ========================
切片号 | 所属安全域 | 当前状态    | 路扩展 | LRU touched
------------------------------------------------------------------
  0    |   域2      | 正常运行   |  是   |  35699906
  1    |   域0      | 正常运行   |  否   |  35699988
  2    |   域2      | 正常运行   |  是   |  35700000
  3    |   域3      | 正常运行   |  否   |  35699994
==================================================================

[动态重分配] 周期35700000：预约迁移 冗余域2(1%) -> 切片2 -> 饥饿域3(12%)
[切片剥夺] 周期35700000：切片2（所属域2）进入待剥夺状态，禁止新替换
[切片剥夺] 周期35700000：切片2在途请求已清空，开始执行脏行写回
[切片管理] 周期35700203：原域2仅剩1个切片，关闭路扩展模式
[动态重分配] 周期35700203：切片2写回完成，自动绑定到域3
[切片管理] 成功绑定切片2 → 安全域3，触发【路扩展模式】

======================== 切片硬件状态 ========================
切片号 | 所属安全域 | 当前状态    | 路扩展 | LRU touched
------------------------------------------------------------------
  0    |   域2      | 正常运行   |  否   |  35700203
  1    |   域0      | 正常运行   |  否   |  35699988
  2    |   域3      | 正常运行   |  是   |  35700203
  3    |   域3      | 正常运行   |  是   |  35700203
==================================================================


======================== 切片硬件状态 ========================
切片号 | 所属安全域 | 当前状态    | 路扩展 | LRU touched
------------------------------------------------------------------
  0    |   域2      | 正常运行   |  否   |  36699971
  1    |   域0      | 正常运行   |  否   |  36699947
  2    |   域3      | 正常运行   |  是   |  36665616
  3    |   域3      | 正常运行   |  是   |  36699980
==================================================================

[动态重分配] 周期36700000：预约迁移 冗余域3(12%) -> 切片2 -> 饥饿域2(25%)
[切片剥夺] 周期36700000：切片2（所属域3）进入待剥夺状态，禁止新替换
[切片剥夺] 周期36700000：切片2在途请求已清空，开始执行脏行写回
[切片管理] 周期36719033：原域3仅剩1个切片，关闭路扩展模式
[动态重分配] 周期36719033：切片2写回完成，自动绑定到域2
[切片管理] 成功绑定切片2 → 安全域2，触发【路扩展模式】

======================== 切片硬件状态 ========================
切片号 | 所属安全域 | 当前状态    | 路扩展 | LRU touched
------------------------------------------------------------------
  0    |   域2      | 正常运行   |  是   |  36719025
  1    |   域0      | 正常运行   |  否   |  36719026
  2    |   域2      | 正常运行   |  是   |  36719033
  3    |   域3      | 正常运行   |  否   |  36719021
==================================================================


======================== 切片硬件状态 ========================
切片号 | 所属安全域 | 当前状态    | 路扩展 | LRU touched
------------------------------------------------------------------
  0    |   域2      | 正常运行   |  是   |  37099922
  1    |   域0      | 正常运行   |  否   |  37099916
  2    |   域2      | 正常运行   |  是   |  37099930
  3    |   域3      | 正常运行   |  否   |  37099920
==================================================================

[动态重分配] 周期37100000：预约迁移 冗余域2(0%) -> 切片0 -> 饥饿域3(12%)
[切片剥夺] 周期37100000：切片0（所属域2）进入待剥夺状态，禁止新替换
[切片剥夺] 周期37100000：切片0在途请求已清空，开始执行脏行写回
[切片管理] 周期37100200：原域2仅剩1个切片，关闭路扩展模式
[动态重分配] 周期37100200：切片0写回完成，自动绑定到域3
[切片管理] 成功绑定切片0 → 安全域3，触发【路扩展模式】

======================== 切片硬件状态 ========================
切片号 | 所属安全域 | 当前状态    | 路扩展 | LRU touched
------------------------------------------------------------------
  0    |   域3      | 正常运行   |  是   |  37100200
  1    |   域0      | 正常运行   |  否   |  37099916
  2    |   域2      | 正常运行   |  否   |  37099930
  3    |   域3      | 正常运行   |  是   |  37099920
==================================================================


======================== 切片硬件状态 ========================
切片号 | 所属安全域 | 当前状态    | 路扩展 | LRU touched
------------------------------------------------------------------
  0    |   域3      | 正常运行   |  是   |  41099924
  1    |   域0      | 正常运行   |  否   |  41099916
  2    |   域2      | 正常运行   |  否   |  41099898
  3    |   域3      | 正常运行   |  是   |  41088628
==================================================================

[动态重分配] 周期41100000：预约迁移 冗余域3(12%) -> 切片0 -> 饥饿域2(26%)
[切片剥夺] 周期41100000：切片0（所属域3）进入待剥夺状态，禁止新替换
[切片剥夺] 周期41100148：切片0在途请求已清空，开始执行脏行写回
[切片管理] 周期41118816：原域3仅剩1个切片，关闭路扩展模式
[动态重分配] 周期41118816：切片0写回完成，自动绑定到域2
[切片管理] 成功绑定切片0 → 安全域2，触发【路扩展模式】

======================== 切片硬件状态 ========================
切片号 | 所属安全域 | 当前状态    | 路扩展 | LRU touched
------------------------------------------------------------------
  0    |   域2      | 正常运行   |  是   |  41118816
  1    |   域0      | 正常运行   |  否   |  41118794
  2    |   域2      | 正常运行   |  是   |  41118493
  3    |   域3      | 正常运行   |  否   |  41118804
==================================================================


======================== 切片硬件状态 ========================
切片号 | 所属安全域 | 当前状态    | 路扩展 | LRU touched
------------------------------------------------------------------
  0    |   域2      | 正常运行   |  是   |  41299860
  1    |   域0      | 正常运行   |  否   |  41299988
  2    |   域2      | 正常运行   |  是   |  41299964
  3    |   域3      | 正常运行   |  否   |  41299994
==================================================================

[动态重分配] 周期41300000：预约迁移 冗余域2(1%) -> 切片2 -> 饥饿域3(12%)
[切片剥夺] 周期41300000：切片2（所属域2）进入待剥夺状态，禁止新替换
[切片剥夺] 周期41300000：切片2在途请求已清空，开始执行脏行写回
[切片管理] 周期41300161：原域2仅剩1个切片，关闭路扩展模式
[动态重分配] 周期41300161：切片2写回完成，自动绑定到域3
[切片管理] 成功绑定切片2 → 安全域3，触发【路扩展模式】

======================== 切片硬件状态 ========================
切片号 | 所属安全域 | 当前状态    | 路扩展 | LRU touched
------------------------------------------------------------------
  0    |   域2      | 正常运行   |  否   |  41299860
  1    |   域0      | 正常运行   |  否   |  41299988
  2    |   域3      | 正常运行   |  是   |  41300161
  3    |   域3      | 正常运行   |  是   |  41300161
==================================================================


======================== 切片硬件状态 ========================
切片号 | 所属安全域 | 当前状态    | 路扩展 | LRU touched
------------------------------------------------------------------
  0    |   域2      | 正常运行   |  否   |  42299976
  1    |   域0      | 正常运行   |  否   |  42299977
  2    |   域3      | 正常运行   |  是   |  42299978
  3    |   域3      | 正常运行   |  是   |  42276167
==================================================================

[动态重分配] 周期42300000：预约迁移 冗余域3(12%) -> 切片2 -> 饥饿域2(23%)
[切片剥夺] 周期42300000：切片2（所属域3）进入待剥夺状态，禁止新替换
[切片剥夺] 周期42300232：切片2在途请求已清空，开始执行脏行写回
[切片管理] 周期42317327：原域3仅剩1个切片，关闭路扩展模式
[动态重分配] 周期42317327：切片2写回完成，自动绑定到域2
[切片管理] 成功绑定切片2 → 安全域2，触发【路扩展模式】

======================== 切片硬件状态 ========================
切片号 | 所属安全域 | 当前状态    | 路扩展 | LRU touched
------------------------------------------------------------------
  0    |   域2      | 正常运行   |  是   |  42317257
  1    |   域0      | 正常运行   |  否   |  42317304
  2    |   域2      | 正常运行   |  是   |  42317327
  3    |   域3      | 正常运行   |  否   |  42317315
==================================================================


======================== 切片硬件状态 ========================
切片号 | 所属安全域 | 当前状态    | 路扩展 | LRU touched
------------------------------------------------------------------
  0    |   域2      | 正常运行   |  是   |  43199801
  1    |   域0      | 正常运行   |  否   |  43199679
  2    |   域2      | 正常运行   |  是   |  43199939
  3    |   域3      | 正常运行   |  否   |  43199939
==================================================================

[动态重分配] 周期43200000：预约迁移 冗余域2(1%) -> 切片0 -> 饥饿域3(12%)
[切片剥夺] 周期43200000：切片0（所属域2）进入待剥夺状态，禁止新替换
[切片剥夺] 周期43200000：切片0在途请求已清空，开始执行脏行写回
[切片管理] 周期43200200：原域2仅剩1个切片，关闭路扩展模式
[动态重分配] 周期43200200：切片0写回完成，自动绑定到域3
[切片管理] 成功绑定切片0 → 安全域3，触发【路扩展模式】

======================== 切片硬件状态 ========================
切片号 | 所属安全域 | 当前状态    | 路扩展 | LRU touched
------------------------------------------------------------------
  0    |   域3      | 正常运行   |  是   |  43200200
  1    |   域0      | 正常运行   |  否   |  43200152
  2    |   域2      | 正常运行   |  否   |  43200194
  3    |   域3      | 正常运行   |  是   |  43200200
==================================================================


======================== 切片硬件状态 ========================
切片号 | 所属安全域 | 当前状态    | 路扩展 | LRU touched
------------------------------------------------------------------
  0    |   域3      | 正常运行   |  是   |  46369509
  1    |   域0      | 正常运行   |  否   |  46399998
  2    |   域2      | 正常运行   |  否   |  46399951
  3    |   域3      | 正常运行   |  是   |  46399997
==================================================================

[动态重分配] 周期46400000：预约迁移 冗余域3(12%) -> 切片0 -> 饥饿域2(45%)
[切片剥夺] 周期46400000：切片0（所属域3）进入待剥夺状态，禁止新替换
[切片剥夺] 周期46400000：切片0在途请求已清空，开始执行脏行写回
[切片管理] 周期46422193：原域3仅剩1个切片，关闭路扩展模式
[动态重分配] 周期46422193：切片0写回完成，自动绑定到域2
[切片管理] 成功绑定切片0 → 安全域2，触发【路扩展模式】

======================== 切片硬件状态 ========================
切片号 | 所属安全域 | 当前状态    | 路扩展 | LRU touched
------------------------------------------------------------------
  0    |   域2      | 正常运行   |  是   |  46422193
  1    |   域0      | 正常运行   |  否   |  46422191
  2    |   域2      | 正常运行   |  是   |  46422170
  3    |   域3      | 正常运行   |  否   |  46422187
==================================================================


======================== 切片硬件状态 ========================
切片号 | 所属安全域 | 当前状态    | 路扩展 | LRU touched
------------------------------------------------------------------
  0    |   域2      | 正常运行   |  是   |  46599972
  1    |   域0      | 正常运行   |  否   |  46599999
  2    |   域2      | 正常运行   |  是   |  46599986
  3    |   域3      | 正常运行   |  否   |  46599994
==================================================================

[动态重分配] 周期46600000：预约迁移 冗余域2(1%) -> 切片2 -> 饥饿域3(12%)
[切片剥夺] 周期46600000：切片2（所属域2）进入待剥夺状态，禁止新替换
[切片剥夺] 周期46600100：切片2在途请求已清空，开始执行脏行写回
[切片管理] 周期46600312：原域2仅剩1个切片，关闭路扩展模式
[动态重分配] 周期46600312：切片2写回完成，自动绑定到域3
[切片管理] 成功绑定切片2 → 安全域3，触发【路扩展模式】

======================== 切片硬件状态 ========================
切片号 | 所属安全域 | 当前状态    | 路扩展 | LRU touched
------------------------------------------------------------------
  0    |   域2      | 正常运行   |  否   |  46599972
  1    |   域0      | 正常运行   |  否   |  46600309
  2    |   域3      | 正常运行   |  是   |  46600312
  3    |   域3      | 正常运行   |  是   |  46600309
==================================================================


======================== 切片硬件状态 ========================
切片号 | 所属安全域 | 当前状态    | 路扩展 | LRU touched
------------------------------------------------------------------
  0    |   域2      | 正常运行   |  否   |  46899996
  1    |   域0      | 正常运行   |  否   |  46899995
  2    |   域3      | 正常运行   |  是   |  46899921
  3    |   域3      | 正常运行   |  是   |  46867612
==================================================================

[动态重分配] 周期46900000：预约迁移 冗余域3(12%) -> 切片3 -> 饥饿域2(24%)
[切片剥夺] 周期46900000：切片3（所属域3）进入待剥夺状态，禁止新替换
[切片剥夺] 周期46900000：切片3在途请求已清空，开始执行脏行写回
[切片管理] 周期46923195：原域3仅剩1个切片，关闭路扩展模式
[动态重分配] 周期46923195：切片3写回完成，自动绑定到域2
[切片管理] 成功绑定切片3 → 安全域2，触发【路扩展模式】

======================== 切片硬件状态 ========================
切片号 | 所属安全域 | 当前状态    | 路扩展 | LRU touched
------------------------------------------------------------------
  0    |   域2      | 正常运行   |  是   |  46923179
  1    |   域0      | 正常运行   |  否   |  46923195
  2    |   域3      | 正常运行   |  否   |  46923195
  3    |   域2      | 正常运行   |  是   |  46923195
==================================================================


======================== 切片硬件状态 ========================
切片号 | 所属安全域 | 当前状态    | 路扩展 | LRU touched
------------------------------------------------------------------
  0    |   域2      | 正常运行   |  是   |  47199998
  1    |   域0      | 正常运行   |  否   |  47199998
  2    |   域3      | 正常运行   |  否   |  47199999
  3    |   域2      | 正常运行   |  是   |  47200000
==================================================================

[动态重分配] 周期47200000：预约迁移 冗余域2(0%) -> 切片0 -> 饥饿域3(12%)
[切片剥夺] 周期47200000：切片0（所属域2）进入待剥夺状态，禁止新替换
[切片剥夺] 周期47200000：切片0在途请求已清空，开始执行脏行写回
[切片管理] 周期47200275：原域2仅剩1个切片，关闭路扩展模式
[动态重分配] 周期47200275：切片0写回完成，自动绑定到域3
[切片管理] 成功绑定切片0 → 安全域3，触发【路扩展模式】

======================== 切片硬件状态 ========================
切片号 | 所属安全域 | 当前状态    | 路扩展 | LRU touched
------------------------------------------------------------------
  0    |   域3      | 正常运行   |  是   |  47200275
  1    |   域0      | 正常运行   |  否   |  47200269
  2    |   域3      | 正常运行   |  是   |  47200272
  3    |   域2      | 正常运行   |  否   |  47200272
==================================================================


======================== 切片硬件状态 ========================
切片号 | 所属安全域 | 当前状态    | 路扩展 | LRU touched
------------------------------------------------------------------
  0    |   域3      | 正常运行   |  是   |  47581028
  1    |   域0      | 正常运行   |  否   |  47599946
  2    |   域3      | 正常运行   |  是   |  47599950
  3    |   域2      | 正常运行   |  否   |  47599931
==================================================================

[动态重分配] 周期47600000：预约迁移 冗余域3(12%) -> 切片2 -> 饥饿域2(38%)
[切片剥夺] 周期47600000：切片2（所属域3）进入待剥夺状态，禁止新替换
[切片剥夺] 周期47600192：切片2在途请求已清空，开始执行脏行写回
[切片管理] 周期47622633：原域3仅剩1个切片，关闭路扩展模式
[动态重分配] 周期47622633：切片2写回完成，自动绑定到域2
[切片管理] 成功绑定切片2 → 安全域2，触发【路扩展模式】

======================== 切片硬件状态 ========================
切片号 | 所属安全域 | 当前状态    | 路扩展 | LRU touched
------------------------------------------------------------------
  0    |   域3      | 正常运行   |  否   |  47622629
  1    |   域0      | 正常运行   |  否   |  47622631
  2    |   域2      | 正常运行   |  是   |  47622633
  3    |   域2      | 正常运行   |  是   |  47622628
==================================================================


======================== 切片硬件状态 ========================
切片号 | 所属安全域 | 当前状态    | 路扩展 | LRU touched
------------------------------------------------------------------
  0    |   域3      | 正常运行   |  否   |  47799991
  1    |   域0      | 正常运行   |  否   |  47800000
  2    |   域2      | 正常运行   |  是   |  47799989
  3    |   域2      | 正常运行   |  是   |  47800000
==================================================================

[动态重分配] 周期47800000：预约迁移 冗余域2(0%) -> 切片3 -> 饥饿域3(12%)
[切片剥夺] 周期47800000：切片3（所属域2）进入待剥夺状态，禁止新替换
[切片剥夺] 周期47800000：切片3在途请求已清空，开始执行脏行写回
[切片管理] 周期47800149：原域2仅剩1个切片，关闭路扩展模式
[动态重分配] 周期47800149：切片3写回完成，自动绑定到域3
[切片管理] 成功绑定切片3 → 安全域3，触发【路扩展模式】

======================== 切片硬件状态 ========================
切片号 | 所属安全域 | 当前状态    | 路扩展 | LRU touched
------------------------------------------------------------------
  0    |   域3      | 正常运行   |  是   |  47800060
  1    |   域0      | 正常运行   |  否   |  47800147
  2    |   域2      | 正常运行   |  否   |  47800149
  3    |   域3      | 正常运行   |  是   |  47800149
==================================================================


======================== 切片硬件状态 ========================
切片号 | 所属安全域 | 当前状态    | 路扩展 | LRU touched
------------------------------------------------------------------
  0    |   域3      | 正常运行   |  是   |  48899996
  1    |   域0      | 正常运行   |  否   |  48900000
  2    |   域2      | 正常运行   |  否   |  48899992
  3    |   域3      | 正常运行   |  是   |  48897656
==================================================================

[动态重分配] 周期48900000：预约迁移 冗余域3(12%) -> 切片0 -> 饥饿域2(27%)
[切片剥夺] 周期48900000：切片0（所属域3）进入待剥夺状态，禁止新替换
[切片剥夺] 周期48900300：切片0在途请求已清空，开始执行脏行写回
[切片管理] 周期48915161：原域3仅剩1个切片，关闭路扩展模式
[动态重分配] 周期48915161：切片0写回完成，自动绑定到域2
[切片管理] 成功绑定切片0 → 安全域2，触发【路扩展模式】

======================== 切片硬件状态 ========================
切片号 | 所属安全域 | 当前状态    | 路扩展 | LRU touched
------------------------------------------------------------------
  0    |   域2      | 正常运行   |  是   |  48915161
  1    |   域0      | 正常运行   |  否   |  48915151
  2    |   域2      | 正常运行   |  是   |  48915054
  3    |   域3      | 正常运行   |  否   |  48915157
==================================================================


======================== 切片硬件状态 ========================
切片号 | 所属安全域 | 当前状态    | 路扩展 | LRU touched
------------------------------------------------------------------
  0    |   域2      | 正常运行   |  是   |  49299987
  1    |   域0      | 正常运行   |  否   |  49300000
  2    |   域2      | 正常运行   |  是   |  49299998
  3    |   域3      | 正常运行   |  否   |  49299995
==================================================================

[动态重分配] 周期49300000：预约迁移 冗余域2(0%) -> 切片2 -> 饥饿域3(12%)
[切片剥夺] 周期49300000：切片2（所属域2）进入待剥夺状态，禁止新替换
[切片剥夺] 周期49300000：切片2在途请求已清空，开始执行脏行写回
[切片管理] 周期49300191：原域2仅剩1个切片，关闭路扩展模式
[动态重分配] 周期49300191：切片2写回完成，自动绑定到域3
[切片管理] 成功绑定切片2 → 安全域3，触发【路扩展模式】

======================== 切片硬件状态 ========================
切片号 | 所属安全域 | 当前状态    | 路扩展 | LRU touched
------------------------------------------------------------------
  0    |   域2      | 正常运行   |  否   |  49300186
  1    |   域0      | 正常运行   |  否   |  49300191
  2    |   域3      | 正常运行   |  是   |  49300191
  3    |   域3      | 正常运行   |  是   |  49300007
==================================================================


======================== 切片硬件状态 ========================
切片号 | 所属安全域 | 当前状态    | 路扩展 | LRU touched
------------------------------------------------------------------
  0    |   域2      | 正常运行   |  否   |  51499997
  1    |   域0      | 正常运行   |  否   |  51499923
  2    |   域3      | 正常运行   |  是   |  51475821
  3    |   域3      | 正常运行   |  是   |  51499920
==================================================================

[动态重分配] 周期51500000：预约迁移 冗余域3(12%) -> 切片2 -> 饥饿域2(47%)
[切片剥夺] 周期51500000：切片2（所属域3）进入待剥夺状态，禁止新替换
[切片剥夺] 周期51500000：切片2在途请求已清空，开始执行脏行写回
[切片管理] 周期51521296：原域3仅剩1个切片，关闭路扩展模式
[动态重分配] 周期51521296：切片2写回完成，自动绑定到域2
[切片管理] 成功绑定切片2 → 安全域2，触发【路扩展模式】

======================== 切片硬件状态 ========================
切片号 | 所属安全域 | 当前状态    | 路扩展 | LRU touched
------------------------------------------------------------------
  0    |   域2      | 正常运行   |  是   |  51521286
  1    |   域0      | 正常运行   |  否   |  51521214
  2    |   域2      | 正常运行   |  是   |  51521296
  3    |   域3      | 正常运行   |  否   |  51521291
==================================================================


======================== 切片硬件状态 ========================
切片号 | 所属安全域 | 当前状态    | 路扩展 | LRU touched
------------------------------------------------------------------
  0    |   域2      | 正常运行   |  是   |  51799883
  1    |   域0      | 正常运行   |  否   |  51799886
  2    |   域2      | 正常运行   |  是   |  51799883
  3    |   域3      | 正常运行   |  否   |  51799886
==================================================================

[动态重分配] 周期51800000：预约迁移 冗余域2(1%) -> 切片0 -> 饥饿域3(12%)
[切片剥夺] 周期51800000：切片0（所属域2）进入待剥夺状态，禁止新替换
[切片剥夺] 周期51800000：切片0在途请求已清空，开始执行脏行写回
[切片管理] 周期51800215：原域2仅剩1个切片，关闭路扩展模式
[动态重分配] 周期51800215：切片0写回完成，自动绑定到域3
[切片管理] 成功绑定切片0 → 安全域3，触发【路扩展模式】

======================== 切片硬件状态 ========================
切片号 | 所属安全域 | 当前状态    | 路扩展 | LRU touched
------------------------------------------------------------------
  0    |   域3      | 正常运行   |  是   |  51800215
  1    |   域0      | 正常运行   |  否   |  51800209
  2    |   域2      | 正常运行   |  否   |  51800154
  3    |   域3      | 正常运行   |  是   |  51800209
==================================================================


======================== 切片硬件状态 ========================
切片号 | 所属安全域 | 当前状态    | 路扩展 | LRU touched
------------------------------------------------------------------
  0    |   域3      | 正常运行   |  是   |  52169905
  1    |   域0      | 正常运行   |  否   |  52199978
  2    |   域2      | 正常运行   |  否   |  52199968
  3    |   域3      | 正常运行   |  是   |  52199991
==================================================================

[动态重分配] 周期52200000：预约迁移 冗余域3(12%) -> 切片3 -> 饥饿域2(38%)
[切片剥夺] 周期52200000：切片3（所属域3）进入待剥夺状态，禁止新替换
[切片剥夺] 周期52200084：切片3在途请求已清空，开始执行脏行写回
[切片管理] 周期52222101：原域3仅剩1个切片，关闭路扩展模式
[动态重分配] 周期52222101：切片3写回完成，自动绑定到域2
[切片管理] 成功绑定切片3 → 安全域2，触发【路扩展模式】

======================== 切片硬件状态 ========================
切片号 | 所属安全域 | 当前状态    | 路扩展 | LRU touched
------------------------------------------------------------------
  0    |   域3      | 正常运行   |  否   |  52222099
  1    |   域0      | 正常运行   |  否   |  52222100
  2    |   域2      | 正常运行   |  是   |  52221929
  3    |   域2      | 正常运行   |  是   |  52222101
==================================================================


======================== 切片硬件状态 ========================
切片号 | 所属安全域 | 当前状态    | 路扩展 | LRU touched
------------------------------------------------------------------
  0    |   域3      | 正常运行   |  否   |  52399999
  1    |   域0      | 正常运行   |  否   |  52400000
  2    |   域2      | 正常运行   |  是   |  52399995
  3    |   域2      | 正常运行   |  是   |  52399996
==================================================================

[动态重分配] 周期52400000：预约迁移 冗余域2(0%) -> 切片2 -> 饥饿域3(12%)
[切片剥夺] 周期52400000：切片2（所属域2）进入待剥夺状态，禁止新替换
[切片剥夺] 周期52400004：切片2在途请求已清空，开始执行脏行写回
[切片管理] 周期52400135：原域2仅剩1个切片，关闭路扩展模式
[动态重分配] 周期52400135：切片2写回完成，自动绑定到域3
[切片管理] 成功绑定切片2 → 安全域3，触发【路扩展模式】

======================== 切片硬件状态 ========================
切片号 | 所属安全域 | 当前状态    | 路扩展 | LRU touched
------------------------------------------------------------------
  0    |   域3      | 正常运行   |  是   |  52400045
  1    |   域0      | 正常运行   |  否   |  52400132
  2    |   域3      | 正常运行   |  是   |  52400135
  3    |   域2      | 正常运行   |  否   |  52400135
==================================================================


======================== 切片硬件状态 ========================
切片号 | 所属安全域 | 当前状态    | 路扩展 | LRU touched
------------------------------------------------------------------
  0    |   域3      | 正常运行   |  是   |  53599965
  1    |   域0      | 正常运行   |  否   |  53599965
  2    |   域3      | 正常运行   |  是   |  53599929
  3    |   域2      | 正常运行   |  否   |  53599914
==================================================================

[动态重分配] 周期53600000：预约迁移 冗余域3(12%) -> 切片0 -> 饥饿域2(29%)
[切片剥夺] 周期53600000：切片0（所属域3）进入待剥夺状态，禁止新替换
[切片剥夺] 周期53600160：切片0在途请求已清空，开始执行脏行写回
[切片管理] 周期53620288：原域3仅剩1个切片，关闭路扩展模式
[动态重分配] 周期53620288：切片0写回完成，自动绑定到域2
[切片管理] 成功绑定切片0 → 安全域2，触发【路扩展模式】

======================== 切片硬件状态 ========================
切片号 | 所属安全域 | 当前状态    | 路扩展 | LRU touched
------------------------------------------------------------------
  0    |   域2      | 正常运行   |  是   |  53620288
  1    |   域0      | 正常运行   |  否   |  53620288
  2    |   域3      | 正常运行   |  否   |  53620284
  3    |   域2      | 正常运行   |  是   |  53620287
==================================================================


======================== 切片硬件状态 ========================
切片号 | 所属安全域 | 当前状态    | 路扩展 | LRU touched
------------------------------------------------------------------
  0    |   域2      | 正常运行   |  是   |  53698867
  1    |   域0      | 正常运行   |  否   |  53699998
  2    |   域3      | 正常运行   |  否   |  53699998
  3    |   域2      | 正常运行   |  是   |  53699996
==================================================================

[动态重分配] 周期53700000：预约迁移 冗余域2(1%) -> 切片3 -> 饥饿域3(12%)
[切片剥夺] 周期53700000：切片3（所属域2）进入待剥夺状态，禁止新替换
[切片剥夺] 周期53700000：切片3在途请求已清空，开始执行脏行写回
[切片管理] 周期53700185：原域2仅剩1个切片，关闭路扩展模式
[动态重分配] 周期53700185：切片3写回完成，自动绑定到域3
[切片管理] 成功绑定切片3 → 安全域3，触发【路扩展模式】

======================== 切片硬件状态 ========================
切片号 | 所属安全域 | 当前状态    | 路扩展 | LRU touched
------------------------------------------------------------------
  0    |   域2      | 正常运行   |  否   |  53700180
  1    |   域0      | 正常运行   |  否   |  53700176
  2    |   域3      | 正常运行   |  是   |  53700174
  3    |   域3      | 正常运行   |  是   |  53700185
==================================================================


======================== 切片硬件状态 ========================
切片号 | 所属安全域 | 当前状态    | 路扩展 | LRU touched
------------------------------------------------------------------
  0    |   域2      | 正常运行   |  否   |  55699889
  1    |   域0      | 正常运行   |  否   |  55699910
  2    |   域3      | 正常运行   |  是   |  55683119
  3    |   域3      | 正常运行   |  是   |  55699913
==================================================================

[动态重分配] 周期55700000：预约迁移 冗余域3(12%) -> 切片2 -> 饥饿域2(43%)
[切片剥夺] 周期55700000：切片2（所属域3）进入待剥夺状态，禁止新替换
[切片剥夺] 周期55700000：切片2在途请求已清空，开始执行脏行写回
[切片管理] 周期55723621：原域3仅剩1个切片，关闭路扩展模式
[动态重分配] 周期55723621：切片2写回完成，自动绑定到域2
[切片管理] 成功绑定切片2 → 安全域2，触发【路扩展模式】

======================== 切片硬件状态 ========================
切片号 | 所属安全域 | 当前状态    | 路扩展 | LRU touched
------------------------------------------------------------------
  0    |   域2      | 正常运行   |  是   |  55723614
  1    |   域0      | 正常运行   |  否   |  55723609
  2    |   域2      | 正常运行   |  是   |  55723621
  3    |   域3      | 正常运行   |  否   |  55723610
==================================================================


======================== 切片硬件状态 ========================
切片号 | 所属安全域 | 当前状态    | 路扩展 | LRU touched
------------------------------------------------------------------
  0    |   域2      | 正常运行   |  是   |  56099993
  1    |   域0      | 正常运行   |  否   |  56100000
  2    |   域2      | 正常运行   |  是   |  56099993
  3    |   域3      | 正常运行   |  否   |  56099982
==================================================================

[动态重分配] 周期56100000：预约迁移 冗余域2(0%) -> 切片0 -> 饥饿域3(12%)
[切片剥夺] 周期56100000：切片0（所属域2）进入待剥夺状态，禁止新替换
[切片剥夺] 周期56100000：切片0在途请求已清空，开始执行脏行写回
[切片管理] 周期56100194：原域2仅剩1个切片，关闭路扩展模式
[动态重分配] 周期56100194：切片0写回完成，自动绑定到域3
[切片管理] 成功绑定切片0 → 安全域3，触发【路扩展模式】

======================== 切片硬件状态 ========================
切片号 | 所属安全域 | 当前状态    | 路扩展 | LRU touched
------------------------------------------------------------------
  0    |   域3      | 正常运行   |  是   |  56100194
  1    |   域0      | 正常运行   |  否   |  56100064
  2    |   域2      | 正常运行   |  否   |  56100038
  3    |   域3      | 正常运行   |  是   |  56099982
==================================================================


======================== 切片硬件状态 ========================
切片号 | 所属安全域 | 当前状态    | 路扩展 | LRU touched
------------------------------------------------------------------
  0    |   域3      | 正常运行   |  是   |  56699929
  1    |   域0      | 正常运行   |  否   |  56699930
  2    |   域2      | 正常运行   |  否   |  56699916
  3    |   域3      | 正常运行   |  是   |  56683032
==================================================================

[动态重分配] 周期56700000：预约迁移 冗余域3(12%) -> 切片0 -> 饥饿域2(45%)
[切片剥夺] 周期56700000：切片0（所属域3）进入待剥夺状态，禁止新替换
[切片剥夺] 周期56700156：切片0在途请求已清空，开始执行脏行写回
[切片管理] 周期56723731：原域3仅剩1个切片，关闭路扩展模式
[动态重分配] 周期56723731：切片0写回完成，自动绑定到域2
[切片管理] 成功绑定切片0 → 安全域2，触发【路扩展模式】

======================== 切片硬件状态 ========================
切片号 | 所属安全域 | 当前状态    | 路扩展 | LRU touched
------------------------------------------------------------------
  0    |   域2      | 正常运行   |  是   |  56723731
  1    |   域0      | 正常运行   |  否   |  56723731
  2    |   域2      | 正常运行   |  是   |  56723713
  3    |   域3      | 正常运行   |  否   |  56723721
==================================================================


======================== 切片硬件状态 ========================
切片号 | 所属安全域 | 当前状态    | 路扩展 | LRU touched
------------------------------------------------------------------
  0    |   域2      | 正常运行   |  是   |  56899881
  1    |   域0      | 正常运行   |  否   |  56899897
  2    |   域2      | 正常运行   |  是   |  56899591
  3    |   域3      | 正常运行   |  否   |  56899905
==================================================================

[动态重分配] 周期56900000：预约迁移 冗余域2(0%) -> 切片2 -> 饥饿域3(12%)
[切片剥夺] 周期56900000：切片2（所属域2）进入待剥夺状态，禁止新替换
[切片剥夺] 周期56900000：切片2在途请求已清空，开始执行脏行写回
[切片管理] 周期56900056：原域2仅剩1个切片，关闭路扩展模式
[动态重分配] 周期56900056：切片2写回完成，自动绑定到域3
[切片管理] 成功绑定切片2 → 安全域3，触发【路扩展模式】

======================== 切片硬件状态 ========================
切片号 | 所属安全域 | 当前状态    | 路扩展 | LRU touched
------------------------------------------------------------------
  0    |   域2      | 正常运行   |  否   |  56899881
  1    |   域0      | 正常运行   |  否   |  56899897
  2    |   域3      | 正常运行   |  是   |  56900056
  3    |   域3      | 正常运行   |  是   |  56899905
==================================================================


======================== 切片硬件状态 ========================
切片号 | 所属安全域 | 当前状态    | 路扩展 | LRU touched
------------------------------------------------------------------
  0    |   域2      | 正常运行   |  否   |  57799998
  1    |   域0      | 正常运行   |  否   |  57799990
  2    |   域3      | 正常运行   |  是   |  57786598
  3    |   域3      | 正常运行   |  是   |  57799999
==================================================================

[动态重分配] 周期57800000：预约迁移 冗余域3(12%) -> 切片2 -> 饥饿域2(30%)
[切片剥夺] 周期57800000：切片2（所属域3）进入待剥夺状态，禁止新替换
[切片剥夺] 周期57800000：切片2在途请求已清空，开始执行脏行写回
[切片管理] 周期57821073：原域3仅剩1个切片，关闭路扩展模式
[动态重分配] 周期57821073：切片2写回完成，自动绑定到域2
[切片管理] 成功绑定切片2 → 安全域2，触发【路扩展模式】

======================== 切片硬件状态 ========================
切片号 | 所属安全域 | 当前状态    | 路扩展 | LRU touched
------------------------------------------------------------------
  0    |   域2      | 正常运行   |  是   |  57821072
  1    |   域0      | 正常运行   |  否   |  57821071
  2    |   域2      | 正常运行   |  是   |  57821073
  3    |   域3      | 正常运行   |  否   |  57821069
==================================================================


======================== 切片硬件状态 ========================
切片号 | 所属安全域 | 当前状态    | 路扩展 | LRU touched
------------------------------------------------------------------
  0    |   域2      | 正常运行   |  是   |  58099918
  1    |   域0      | 正常运行   |  否   |  58099957
  2    |   域2      | 正常运行   |  是   |  58099952
  3    |   域3      | 正常运行   |  否   |  58099980
==================================================================

[动态重分配] 周期58100000：预约迁移 冗余域2(0%) -> 切片0 -> 饥饿域3(12%)
[切片剥夺] 周期58100000：切片0（所属域2）进入待剥夺状态，禁止新替换
[切片剥夺] 周期58100000：切片0在途请求已清空，开始执行脏行写回
[切片管理] 周期58100179：原域2仅剩1个切片，关闭路扩展模式
[动态重分配] 周期58100179：切片0写回完成，自动绑定到域3
[切片管理] 成功绑定切片0 → 安全域3，触发【路扩展模式】

======================== 切片硬件状态 ========================
切片号 | 所属安全域 | 当前状态    | 路扩展 | LRU touched
------------------------------------------------------------------
  0    |   域3      | 正常运行   |  是   |  58100179
  1    |   域0      | 正常运行   |  否   |  58099957
  2    |   域2      | 正常运行   |  否   |  58099952
  3    |   域3      | 正常运行   |  是   |  58099980
==================================================================


======================== 切片硬件状态 ========================
切片号 | 所属安全域 | 当前状态    | 路扩展 | LRU touched
------------------------------------------------------------------
  0    |   域3      | 正常运行   |  是   |  58270166
  1    |   域0      | 正常运行   |  否   |  58299974
  2    |   域2      | 正常运行   |  否   |  58299979
  3    |   域3      | 正常运行   |  是   |  58299974
==================================================================

[动态重分配] 周期58300000：预约迁移 冗余域3(12%) -> 切片3 -> 饥饿域2(41%)
[切片剥夺] 周期58300000：切片3（所属域3）进入待剥夺状态，禁止新替换
[切片剥夺] 周期58300112：切片3在途请求已清空，开始执行脏行写回
[切片管理] 周期58321374：原域3仅剩1个切片，关闭路扩展模式
[动态重分配] 周期58321374：切片3写回完成，自动绑定到域2
[切片管理] 成功绑定切片3 → 安全域2，触发【路扩展模式】

======================== 切片硬件状态 ========================
切片号 | 所属安全域 | 当前状态    | 路扩展 | LRU touched
------------------------------------------------------------------
  0    |   域3      | 正常运行   |  否   |  58321370
  1    |   域0      | 正常运行   |  否   |  58321344
  2    |   域2      | 正常运行   |  是   |  58321349
  3    |   域2      | 正常运行   |  是   |  58321374
==================================================================


======================== 切片硬件状态 ========================
切片号 | 所属安全域 | 当前状态    | 路扩展 | LRU touched
------------------------------------------------------------------
  0    |   域3      | 正常运行   |  否   |  58900000
  1    |   域0      | 正常运行   |  否   |  58899999
  2    |   域2      | 正常运行   |  是   |  58899981
  3    |   域2      | 正常运行   |  是   |  58900000
==================================================================

[动态重分配] 周期58900000：预约迁移 冗余域2(1%) -> 切片2 -> 饥饿域3(12%)
[切片剥夺] 周期58900000：切片2（所属域2）进入待剥夺状态，禁止新替换
[切片剥夺] 周期58900000：切片2在途请求已清空，开始执行脏行写回
[切片管理] 周期58900260：原域2仅剩1个切片，关闭路扩展模式
[动态重分配] 周期58900260：切片2写回完成，自动绑定到域3
[切片管理] 成功绑定切片2 → 安全域3，触发【路扩展模式】

======================== 切片硬件状态 ========================
切片号 | 所属安全域 | 当前状态    | 路扩展 | LRU touched
------------------------------------------------------------------
  0    |   域3      | 正常运行   |  是   |  58900181
  1    |   域0      | 正常运行   |  否   |  58900231
  2    |   域3      | 正常运行   |  是   |  58900260
  3    |   域2      | 正常运行   |  否   |  58900053
==================================================================


======================== 切片硬件状态 ========================
切片号 | 所属安全域 | 当前状态    | 路扩展 | LRU touched
------------------------------------------------------------------
  0    |   域3      | 正常运行   |  是   |  59299981
  1    |   域0      | 正常运行   |  否   |  59299956
  2    |   域3      | 正常运行   |  是   |  59290939
  3    |   域2      | 正常运行   |  否   |  59299972
==================================================================

[动态重分配] 周期59300000：预约迁移 冗余域3(12%) -> 切片0 -> 饥饿域2(24%)
[切片剥夺] 周期59300000：切片0（所属域3）进入待剥夺状态，禁止新替换
[切片剥夺] 周期59300148：切片0在途请求已清空，开始执行脏行写回
[切片管理] 周期59319933：原域3仅剩1个切片，关闭路扩展模式
[动态重分配] 周期59319933：切片0写回完成，自动绑定到域2
[切片管理] 成功绑定切片0 → 安全域2，触发【路扩展模式】

======================== 切片硬件状态 ========================
切片号 | 所属安全域 | 当前状态    | 路扩展 | LRU touched
------------------------------------------------------------------
  0    |   域2      | 正常运行   |  是   |  59319933
  1    |   域0      | 正常运行   |  否   |  59319923
  2    |   域3      | 正常运行   |  否   |  59319931
  3    |   域2      | 正常运行   |  是   |  59319926
==================================================================


======================== 切片硬件状态 ========================
切片号 | 所属安全域 | 当前状态    | 路扩展 | LRU touched
------------------------------------------------------------------
  0    |   域2      | 正常运行   |  是   |  59899961
  1    |   域0      | 正常运行   |  否   |  59899925
  2    |   域3      | 正常运行   |  否   |  59899943
  3    |   域2      | 正常运行   |  是   |  59899942
==================================================================

[动态重分配] 周期59900000：预约迁移 冗余域2(1%) -> 切片0 -> 饥饿域3(12%)
[切片剥夺] 周期59900000：切片0（所属域2）进入待剥夺状态，禁止新替换
[切片剥夺] 周期59900000：切片0在途请求已清空，开始执行脏行写回
[切片管理] 周期59900191：原域2仅剩1个切片，关闭路扩展模式
[动态重分配] 周期59900191：切片0写回完成，自动绑定到域3
[切片管理] 成功绑定切片0 → 安全域3，触发【路扩展模式】

======================== 切片硬件状态 ========================
切片号 | 所属安全域 | 当前状态    | 路扩展 | LRU touched
------------------------------------------------------------------
  0    |   域3      | 正常运行   |  是   |  59900191
  1    |   域0      | 正常运行   |  否   |  59899925
  2    |   域3      | 正常运行   |  是   |  59899943
  3    |   域2      | 正常运行   |  否   |  59900004
==================================================================


======================== 切片硬件状态 ========================
切片号 | 所属安全域 | 当前状态    | 路扩展 | LRU touched
------------------------------------------------------------------
  0    |   域3      | 正常运行   |  是   |  60699969
  1    |   域0      | 正常运行   |  否   |  60699835
  2    |   域3      | 正常运行   |  是   |  60674008
  3    |   域2      | 正常运行   |  否   |  60699988
==================================================================

[动态重分配] 周期60700000：预约迁移 冗余域3(12%) -> 切片0 -> 饥饿域2(45%)
[切片剥夺] 周期60700000：切片0（所属域3）进入待剥夺状态，禁止新替换
[切片剥夺] 周期60700220：切片0在途请求已清空，开始执行脏行写回
[切片管理] 周期60723626：原域3仅剩1个切片，关闭路扩展模式
[动态重分配] 周期60723626：切片0写回完成，自动绑定到域2
[切片管理] 成功绑定切片0 → 安全域2，触发【路扩展模式】

======================== 切片硬件状态 ========================
切片号 | 所属安全域 | 当前状态    | 路扩展 | LRU touched
------------------------------------------------------------------
  0    |   域2      | 正常运行   |  是   |  60723626
  1    |   域0      | 正常运行   |  否   |  60723611
  2    |   域3      | 正常运行   |  否   |  60723612
  3    |   域2      | 正常运行   |  是   |  60723550
==================================================================


======================== 切片硬件状态 ========================
切片号 | 所属安全域 | 当前状态    | 路扩展 | LRU touched
------------------------------------------------------------------
  0    |   域2      | 正常运行   |  是   |  61099996
  1    |   域0      | 正常运行   |  否   |  61099998
  2    |   域3      | 正常运行   |  否   |  61099989
  3    |   域2      | 正常运行   |  是   |  61099998
==================================================================

[动态重分配] 周期61100000：预约迁移 冗余域2(1%) -> 切片3 -> 饥饿域3(12%)
[切片剥夺] 周期61100000：切片3（所属域2）进入待剥夺状态，禁止新替换
[切片剥夺] 周期61100000：切片3在途请求已清空，开始执行脏行写回
[切片管理] 周期61100167：原域2仅剩1个切片，关闭路扩展模式
[动态重分配] 周期61100167：切片3写回完成，自动绑定到域3
[切片管理] 成功绑定切片3 → 安全域3，触发【路扩展模式】

======================== 切片硬件状态 ========================
切片号 | 所属安全域 | 当前状态    | 路扩展 | LRU touched
------------------------------------------------------------------
  0    |   域2      | 正常运行   |  否   |  61100147
  1    |   域0      | 正常运行   |  否   |  61100038
  2    |   域3      | 正常运行   |  是   |  61100035
  3    |   域3      | 正常运行   |  是   |  61100167
==================================================================


======================== 切片硬件状态 ========================
切片号 | 所属安全域 | 当前状态    | 路扩展 | LRU touched
------------------------------------------------------------------
  0    |   域2      | 正常运行   |  否   |  61299932
  1    |   域0      | 正常运行   |  否   |  61299931
  2    |   域3      | 正常运行   |  是   |  61299936
  3    |   域3      | 正常运行   |  是   |  61275830
==================================================================

[动态重分配] 周期61300000：预约迁移 冗余域3(12%) -> 切片2 -> 饥饿域2(46%)
[切片剥夺] 周期61300000：切片2（所属域3）进入待剥夺状态，禁止新替换
[切片剥夺] 周期61300028：切片2在途请求已清空，开始执行脏行写回
[切片管理] 周期61319253：原域3仅剩1个切片，关闭路扩展模式
[动态重分配] 周期61319253：切片2写回完成，自动绑定到域2
[切片管理] 成功绑定切片2 → 安全域2，触发【路扩展模式】

======================== 切片硬件状态 ========================
切片号 | 所属安全域 | 当前状态    | 路扩展 | LRU touched
------------------------------------------------------------------
  0    |   域2      | 正常运行   |  是   |  61319250
  1    |   域0      | 正常运行   |  否   |  61319232
  2    |   域2      | 正常运行   |  是   |  61319253
  3    |   域3      | 正常运行   |  否   |  61319244
==================================================================


======================== 切片硬件状态 ========================
切片号 | 所属安全域 | 当前状态    | 路扩展 | LRU touched
------------------------------------------------------------------
  0    |   域2      | 正常运行   |  是   |  61499998
  1    |   域0      | 正常运行   |  否   |  61499990
  2    |   域2      | 正常运行   |  是   |  61499955
  3    |   域3      | 正常运行   |  否   |  61499975
==================================================================

[动态重分配] 周期61500000：预约迁移 冗余域2(1%) -> 切片0 -> 饥饿域3(12%)
[切片剥夺] 周期61500000：切片0（所属域2）进入待剥夺状态，禁止新替换
[切片剥夺] 周期61500000：切片0在途请求已清空，开始执行脏行写回
[切片管理] 周期61500116：原域2仅剩1个切片，关闭路扩展模式
[动态重分配] 周期61500116：切片0写回完成，自动绑定到域3
[切片管理] 成功绑定切片0 → 安全域3，触发【路扩展模式】

======================== 切片硬件状态 ========================
切片号 | 所属安全域 | 当前状态    | 路扩展 | LRU touched
------------------------------------------------------------------
  0    |   域3      | 正常运行   |  是   |  61500116
  1    |   域0      | 正常运行   |  否   |  61500011
  2    |   域2      | 正常运行   |  否   |  61500010
  3    |   域3      | 正常运行   |  是   |  61499975
==================================================================


======================== 切片硬件状态 ========================
切片号 | 所属安全域 | 当前状态    | 路扩展 | LRU touched
------------------------------------------------------------------
  0    |   域3      | 正常运行   |  是   |  61899982
  1    |   域0      | 正常运行   |  否   |  61899968
  2    |   域2      | 正常运行   |  否   |  61899895
  3    |   域3      | 正常运行   |  是   |  61899081
==================================================================

[动态重分配] 周期61900000：预约迁移 冗余域3(12%) -> 切片3 -> 饥饿域2(36%)
[切片剥夺] 周期61900000：切片3（所属域3）进入待剥夺状态，禁止新替换
[切片剥夺] 周期61900000：切片3在途请求已清空，开始执行脏行写回
[切片管理] 周期61924683：原域3仅剩1个切片，关闭路扩展模式
[动态重分配] 周期61924683：切片3写回完成，自动绑定到域2
[切片管理] 成功绑定切片3 → 安全域2，触发【路扩展模式】

======================== 切片硬件状态 ========================
切片号 | 所属安全域 | 当前状态    | 路扩展 | LRU touched
------------------------------------------------------------------
  0    |   域3      | 正常运行   |  否   |  61924679
  1    |   域0      | 正常运行   |  否   |  61924679
  2    |   域2      | 正常运行   |  是   |  61924644
  3    |   域2      | 正常运行   |  是   |  61924683
==================================================================


======================== 切片硬件状态 ========================
切片号 | 所属安全域 | 当前状态    | 路扩展 | LRU touched
------------------------------------------------------------------
  0    |   域3      | 正常运行   |  否   |  62299964
  1    |   域0      | 正常运行   |  否   |  62299985
  2    |   域2      | 正常运行   |  是   |  62299925
  3    |   域2      | 正常运行   |  是   |  62299965
==================================================================

[动态重分配] 周期62300000：预约迁移 冗余域2(1%) -> 切片2 -> 饥饿域3(12%)
[切片剥夺] 周期62300000：切片2（所属域2）进入待剥夺状态，禁止新替换
[切片剥夺] 周期62300000：切片2在途请求已清空，开始执行脏行写回
[切片管理] 周期62300179：原域2仅剩1个切片，关闭路扩展模式
[动态重分配] 周期62300179：切片2写回完成，自动绑定到域3
[切片管理] 成功绑定切片2 → 安全域3，触发【路扩展模式】

======================== 切片硬件状态 ========================
切片号 | 所属安全域 | 当前状态    | 路扩展 | LRU touched
------------------------------------------------------------------
  0    |   域3      | 正常运行   |  是   |  62300173
  1    |   域0      | 正常运行   |  否   |  62300166
  2    |   域3      | 正常运行   |  是   |  62300179
  3    |   域2      | 正常运行   |  否   |  62300086
==================================================================


======================== 切片硬件状态 ========================
切片号 | 所属安全域 | 当前状态    | 路扩展 | LRU touched
------------------------------------------------------------------
  0    |   域3      | 正常运行   |  是   |  63779620
  1    |   域0      | 正常运行   |  否   |  63799883
  2    |   域3      | 正常运行   |  是   |  63800000
  3    |   域2      | 正常运行   |  否   |  63799998
==================================================================

[动态重分配] 周期63800000：预约迁移 冗余域3(12%) -> 切片0 -> 饥饿域2(31%)
[切片剥夺] 周期63800000：切片0（所属域3）进入待剥夺状态，禁止新替换
[切片剥夺] 周期63800000：切片0在途请求已清空，开始执行脏行写回
[切片管理] 周期63820812：原域3仅剩1个切片，关闭路扩展模式
[动态重分配] 周期63820812：切片0写回完成，自动绑定到域2
[切片管理] 成功绑定切片0 → 安全域2，触发【路扩展模式】

======================== 切片硬件状态 ========================
切片号 | 所属安全域 | 当前状态    | 路扩展 | LRU touched
------------------------------------------------------------------
  0    |   域2      | 正常运行   |  是   |  63820812
  1    |   域0      | 正常运行   |  否   |  63820810
  2    |   域3      | 正常运行   |  否   |  63820808
  3    |   域2      | 正常运行   |  是   |  63820807
==================================================================


======================== 切片硬件状态 ========================
切片号 | 所属安全域 | 当前状态    | 路扩展 | LRU touched
------------------------------------------------------------------
  0    |   域2      | 正常运行   |  是   |  63899961
  1    |   域0      | 正常运行   |  否   |  63899996
  2    |   域3      | 正常运行   |  否   |  63899972
  3    |   域2      | 正常运行   |  是   |  63899961
==================================================================

[动态重分配] 周期63900000：预约迁移 冗余域2(1%) -> 切片3 -> 饥饿域3(12%)
[切片剥夺] 周期63900000：切片3（所属域2）进入待剥夺状态，禁止新替换
[切片剥夺] 周期63900000：切片3在途请求已清空，开始执行脏行写回
[切片管理] 周期63900149：原域2仅剩1个切片，关闭路扩展模式
[动态重分配] 周期63900149：切片3写回完成，自动绑定到域3
[切片管理] 成功绑定切片3 → 安全域3，触发【路扩展模式】

======================== 切片硬件状态 ========================
切片号 | 所属安全域 | 当前状态    | 路扩展 | LRU touched
------------------------------------------------------------------
  0    |   域2      | 正常运行   |  否   |  63900097
  1    |   域0      | 正常运行   |  否   |  63900116
  2    |   域3      | 正常运行   |  是   |  63899972
  3    |   域3      | 正常运行   |  是   |  63900149
==================================================================


======================== 切片硬件状态 ========================
切片号 | 所属安全域 | 当前状态    | 路扩展 | LRU touched
------------------------------------------------------------------
  0    |   域2      | 正常运行   |  否   |  64999905
  1    |   域0      | 正常运行   |  否   |  64999998
  2    |   域3      | 正常运行   |  是   |  64990708
  3    |   域3      | 正常运行   |  是   |  64999909
==================================================================

[动态重分配] 周期65000000：预约迁移 冗余域3(12%) -> 切片2 -> 饥饿域2(43%)
[切片剥夺] 周期65000000：切片2（所属域3）进入待剥夺状态，禁止新替换
[切片剥夺] 周期65000000：切片2在途请求已清空，开始执行脏行写回
[切片管理] 周期65024029：原域3仅剩1个切片，关闭路扩展模式
[动态重分配] 周期65024029：切片2写回完成，自动绑定到域2
[切片管理] 成功绑定切片2 → 安全域2，触发【路扩展模式】

======================== 切片硬件状态 ========================
切片号 | 所属安全域 | 当前状态    | 路扩展 | LRU touched
------------------------------------------------------------------
  0    |   域2      | 正常运行   |  是   |  65024004
  1    |   域0      | 正常运行   |  否   |  65024027
  2    |   域2      | 正常运行   |  是   |  65024029
  3    |   域3      | 正常运行   |  否   |  65024029
==================================================================


======================== 切片硬件状态 ========================
切片号 | 所属安全域 | 当前状态    | 路扩展 | LRU touched
------------------------------------------------------------------
  0    |   域2      | 正常运行   |  是   |  65199997
  1    |   域0      | 正常运行   |  否   |  65199990
  2    |   域2      | 正常运行   |  是   |  65199999
  3    |   域3      | 正常运行   |  否   |  65199995
==================================================================

[动态重分配] 周期65200000：预约迁移 冗余域2(1%) -> 切片0 -> 饥饿域3(12%)
[切片剥夺] 周期65200000：切片0（所属域2）进入待剥夺状态，禁止新替换
[切片剥夺] 周期65200000：切片0在途请求已清空，开始执行脏行写回
[切片管理] 周期65200239：原域2仅剩1个切片，关闭路扩展模式
[动态重分配] 周期65200239：切片0写回完成，自动绑定到域3
[切片管理] 成功绑定切片0 → 安全域3，触发【路扩展模式】

======================== 切片硬件状态 ========================
切片号 | 所属安全域 | 当前状态    | 路扩展 | LRU touched
------------------------------------------------------------------
  0    |   域3      | 正常运行   |  是   |  65200239
  1    |   域0      | 正常运行   |  否   |  65199990
  2    |   域2    mem_access_latency dl1_access_fn dl2_access_fn il1_access_fn il2_access_fn itlb_access_fn dtlb_access_fn sim_reg_options   | 正常运行   |  否   |  65200234
  3    |   域3      | 正常运行   |  是   |  65200006
==================================================================


======================== 切片硬件状态 ========================
切片号 | 所属安全域 | 当前状态    | 路扩展 | LRU touched
------------------------------------------------------------------
  0    |   域3      | 正常运行   |  是   |  100099998
  1    |   域0      | 正常运行   |  否   |  100099999
  2    |   域2      | 正常运行   |  否   |  100099991
  3    |   域3      | 正常运行   |  是   |  100078263
==================================================================

[动态重分配] 周期100100000：预约迁移 冗余域3(12%) -> 切片0 -> 饥饿域2(23%)
[切片剥夺] 周期100100000：切片0（所属域3）进入待剥夺状态，禁止新替换
[切片剥夺] 周期100100164：切片0在途请求已清空，开始执行脏行写回
[切片管理] 周期100114843：原域3仅剩1个切片，关闭路扩展模式
[动态重分配] 周期100114843：切片0写回完成，自动绑定到域2
[切片管理] 成功绑定切片0 → 安全域2，触发【路扩展模式】

======================== 切片硬件状态 ========================
切片号 | 所属安全域 | 当前状态    | 路扩展 | LRU touched
------------------------------------------------------------------
  0    |   域2      | 正常运行   |  是   |  100114843
  1    |   域0      | 正常运行   |  否   |  100114833
  2    |   域2      | 正常运行   |  是   |  100114830
  3    |   域3      | 正常运行   |  否   |  100114842
==================================================================


======================== 切片硬件状态 ========================
切片号 | 所属安全域 | 当前状态    | 路扩展 | LRU touched
------------------------------------------------------------------
  0    |   域2      | 正常运行   |  是   |  100499990
  1    |   域0      | 正常运行   |  否   |  100499998
  2    |   域2      | 正常运行   |  是   |  100499987
  3    |   域3      | 正常运行   |  否   |  100499998
==================================================================

[动态重分配] 周期100500000：预约迁移 冗余域2(1%) -> 切片2 -> 饥饿域3(12%)
[切片剥夺] 周期100500000：切片2（所属域2）进入待剥夺状态，禁止新替换
[切片剥夺] 周期100500000：切片2在途请求已清空，开始执行脏行写回
[切片管理] 周期100500227：原域2仅剩1个切片，关闭路扩展模式
[动态重分配] 周期100500227：切片2写回完成，自动绑定到域3
[切片管理] 成功绑定切片2 → 安全域3，触发【路扩展模式】

======================== 切片硬件状态 ========================
切片号 | 所属安全域 | 当前状态    | 路扩展 | LRU touched
------------------------------------------------------------------
  0    |   域2      | 正常运行   |  否   |  100499990
  1    |   域0      | 正常运行   |  否   |  100500225
  2    |   域3      | 正常运行   |  是   |  100500227
  3    |   域3      | 正常运行   |  是   |  100500221
==================================================================


======================== 切片硬件状态 ========================
切片号 | 所属安全域 | 当前状态    | 路扩展 | LRU touched
------------------------------------------------------------------
  0    |   域2      | 正常运行   |  否   |  100699907
  1    |   域0      | 正常运行   |  否   |  100699956
  2    |   域3      | 正常运行   |  是   |  100671700
  3    |   域3      | 正常运行   |  是   |  100699933
==================================================================

[动态重分配] 周期100700000：预约迁移 冗余域3(12%) -> 切片3 -> 饥饿域2(24%)
[切片剥夺] 周期100700000：切片3（所属域3）进入待剥夺状态，禁止新替换
[切片剥夺] 周期100700208：切片3在途请求已清空，开始执行脏行写回
[切片管理] 周期100712196：原域3仅剩1个切片，关闭路扩展模式
[动态重分配] 周期100712196：切片3写回完成，自动绑定到域2
[切片管理] 成功绑定切片3 → 安全域2，触发【路扩展模式】

======================== 切片硬件状态 ========================
切片号 | 所属安全域 | 当前状态    | 路扩展 | LRU touched
------------------------------------------------------------------
  0    |   域2      | 正常运行   |  是   |  100712195
  1    |   域0      | 正常运行   |  否   |  100712181
  2    |   域3      | 正常运行   |  否   |  100712192
  3    |   域2      | 正常运行   |  是   |  100712196
==================================================================


**** Debug Statistics at 101000000 Cycles *****
Threads: 4		Fetch Width: 8
No of useful instructions fetched:	111178629 (13.76% proc util.)
No of total instructions fetched:	151395131 (18.74% proc util.)
 includes 11202792 misfetch (7.4%), 29013710 (19.2%) wrong-path fetches
 and 0 flushed after failed lock(0.0%)
No of useful instructions issued/executed:	111178604 (13.76% proc util.)
No of total instructions issued/executed:	124596182 (15.42% proc util.)
 includes 13417578 wrong-path (10.8%) insts and 0 flushed (0.0%)
	fp 926, 0.00%
	synch 0, 0.00%
	integer 80260352, 64.42%
	load/store 44334904, 35.58%
Avg size of int IQ (before scheduling): 21.84
Avg size of fp IQ (before scheduling): 0.00
No of cycles taken:		101000000
Parallelism [ 0.394, 0.000, 0.346, 0.360,] = 1.101
 IQ conflicts: 195238 (0.19%), FQ conflicts: 0 (0.00%) 
 I reg conflicts: 77532641 (76.76%), FP reg conflicts: 0 (0.00%)
  Activelist confs: 0 (0.00%), ROB confs: 2415 (0.00%)
  Int unit conflicts: 11848094 (11.73%), FP unit conflicts: 7 (0.00%)
  Load/store unit conflicts: 6722844 (6.66%)
  MSHR conflicts: 126631928 (125.38%)
----------------------------------------
==== System-wide Cache Statistics ====
Stall for miss queue full 12990 cycles (0.00%)
----------------------------------------
==== Statistics for Master ID: 0 ====
Reads: 28809504   Writes: 5460424
ICACHE: size: 64 KB assoc: 2
ICACHE: hits:15844701 misses:523448  Hit Ratio: 96.80%
DCACHE: size: 1*32 KB assoc: 1*8
DCACHE: hits:17650090 misses:251685 writebacks:91405  Hit Ratio: 98.59%
SCACHE: size: 512 KB assoc: 2
SCACHE: hits:522221 misses:252912  Hit Ratio: 67.37%
3CACHE: size: 4096 KB assoc: 2
3CACHE: hits:181448 misses:71463  Hit Ratio: 71.74%
3CACHE: dirty items replaced:8373
ITLB: size: 48, misses 65213, miss rate 0.40%
DTLB: size: 128, misses 39454, miss rate 0.22%
Avg mem delay: 8.790 cycles
----------------------------------------
==== Statistics for Master ID: 2 ====
Reads: 25149954   Writes: 4270921
ICACHE: size: 64 KB assoc: 2
ICACHE: hits:13908178 misses:606740  Hit Ratio: 95.82%
DCACHE: size: 2*32 KB assoc: 2*8
DCACHE: hits:14562739 misses:344643 writebacks:65913  Hit Ratio: 97.69%
SCACHE: size: 512 KB assoc: 2
SCACHE: hits:588293 misses:361665  Hit Ratio: 61.93%
3CACHE: size: 4096 KB assoc: 2
3CACHE: hits:268349 misses:93316  Hit Ratio: 74.20%
3CACHE: dirty items replaced:4397
ITLB: size: 48, misses 71448, miss rate 0.49%
DTLB: size: 128, misses 57371, miss rate 0.38%
Avg mem delay: 8.790 cycles
----------------------------------------
==== Statistics for Master ID: 3 ====
Reads: 18316596   Writes: 5641796
ICACHE: size: 64 KB assoc: 2
ICACHE: hits:12488711 misses:814  Hit Ratio: 99.99%
DCACHE: size: 1*32 KB assoc: 1*8
DCACHE: hits:9920316 misses:1555204 writebacks:866200  Hit Ratio: 86.45%
SCACHE: size: 512 KB assoc: 2
SCACHE: hits:236 misses:1549129  Hit Ratio: 0.02%
3CACHE: size: 4096 KB assoc: 2
3CACHE: hits:111 misses:1549018  Hit Ratio: 0.01%
3CACHE: dirty items replaced:69342
ITLB: size: 48, misses 69, miss rate 0.00%
DTLB: size: 128, misses 67474, miss rate 0.59%
Avg mem delay: 8.790 cycles
----------------------------------------
==== Global Resource Utilization ====
STASH: size: 65536 entries, full 248249235, empty 16237469, misses 1646615, full rate 93.28
icache bank util. 0.056 0.048 0.037 0.039 0.041 0.127 0.048 0.067 
dcache bank util. 0.063 0.076 0.070 0.063 0.060 0.063 0.066 0.070 
L2 bank util. 0.033 0.033 0.032 0.032 0.031 0.031 0.039 0.047 
L1-L2 bus util. = 0.128, L3 util. = 0.170
----------------------------------------

======================== 切片硬件状态 ========================
切片号 | 所属安全域 | 当前状态    | 路扩展 | LRU touched
------------------------------------------------------------------
  0    |   域2      | 正常运行   |  是   |  100999988
  1    |   域0      | 正常运行   |  否   |  100999971
  2    |   域3      | 正常运行   |  否   |  100999988
  3    |   域2      | 正常运行   |  是   |  100999988
==================================================================

branch prediction, hits = 13539751, misses = 1834342, hit rate = 88.07%
return_stack prediction, hits = 890464, misses = 834, hit rate = 99.91%
jump prediction, hits = 11177119, misses = 2846627, hit rate = 79.70%

======================== 切片硬件状态 ========================
切片号 | 所属安全域 | 当前状态    | 路扩展 | LRU touched
------------------------------------------------------------------
  0    |   域2      | 正常运行   |  是   |  101099959
  1    |   域0      | 正常运行   |  否   |  101099962
  2    |   域3      | 正常运行   |  否   |  101099957
  3    |   域2      | 正常运行   |  是   |  101099918
==================================================================

[动态重分配] 周期101100000：预约迁移 冗余域2(1%) -> 切片0 -> 饥饿域3(12%)
[切片剥夺] 周期101100000：切片0（所属域2）进入待剥夺状态，禁止新替换
[切片剥夺] 周期101100000：切片0在途请求已清空，开始执行脏行写回
[切片管理] 周期101100188：原域2仅剩1个切片，关闭路扩展模式
[动态重分配] 周期101100188：切片0写回完成，自动绑定到域3
[切片管理] 成功绑定切片0 → 安全域3，触发【路扩展模式】

======================== 切片硬件状态 ========================
切片号 | 所属安全域 | 当前状态    | 路扩展 | LRU touched
------------------------------------------------------------------
  0    |   域3      | 正常运行   |  是   |  101100188
  1    |   域0      | 正常运行   |  否   |  101099962
  2    |   域3      | 正常运行   |  是   |  101100188
  3    |   域2      | 正常运行   |  否   |  101099918
==================================================================


======================== 切片硬件状态 ========================
切片号 | 所属安全域 | 当前状态    | 路扩展 | LRU touched
------------------------------------------------------------------
  0    |   域3      | 正常运行   |  是   |  101200000
  1    |   域0      | 正常运行   |  否   |  101199994
  2    |   域3      | 正常运行   |  是   |  101178972
  3    |   域2      | 正常运行   |  否   |  101199986
==================================================================

[动态重分配] 周期101200000：预约迁移 冗余域3(12%) -> 切片2 -> 饥饿域2(24%)
[切片剥夺] 周期101200000：切片2（所属域3）进入待剥夺状态，禁止新替换
[切片剥夺] 周期101200000：切片2在途请求已清空，开始执行脏行写回
[切片管理] 周期101214063：原域3仅剩1个切片，关闭路扩展模式
[动态重分配] 周期101214063：切片2写回完成，自动绑定到域2
[切片管理] 成功绑定切片2 → 安全域2，触发【路扩展模式】

======================== 切片硬件状态 ========================
切片号 | 所属安全域 | 当前状态    | 路扩展 | LRU touched
------------------------------------------------------------------
  0    |   域3      | 正常运行   |  否   |  101214061
  1    |   域0      | 正常运行   |  否   |  101214047
  2    |   域2      | 正常运行   |  是   |  101214063
  3    |   域2      | 正常运行   |  是   |  101214057
==================================================================


======================== 切片硬件状态 ========================
切片号 | 所属安全域 | 当前状态    | 路扩展 | LRU touched
------------------------------------------------------------------
  0    |   域3      | 正常运行   |  否   |  101399938
  1    |   域0      | 正常运行   |  否   |  101399996
  2    |   域2      | 正常运行   |  是   |  101399987
  3    |   域2      | 正常运行   |  是   |  101399971
==================================================================

[动态重分配] 周期101400000：预约迁移 冗余域2(1%) -> 切片3 -> 饥饿域3(12%)
[切片剥夺] 周期101400000：切片3（所属域2）进入待剥夺状态，禁止新替换
[切片剥夺] 周期101400000：切片3在途请求已清空，开始执行脏行写回
[切片管理] 周期101400155：原域2仅剩1个切片，关闭路扩展模式
[动态重分配] 周期101400155：切片3写回完成，自动绑定到域3
[切片管理] 成功绑定切片3 → 安全域3，触发【路扩展模式】

======================== 切片硬件状态 ========================
切片号 | 所属安全域 | 当前状态    | 路扩展 | LRU touched
------------------------------------------------------------------
  0    |   域3      | 正常运行   |  是   |  101400153
  1    |   域0      | 正常运行   |  否   |  101400152
  2    |   域2      | 正常运行   |  否   |  101400155
  3    |   域3      | 正常运行   |  是   |  101400155
==================================================================


======================== 切片硬件状态 ========================
切片号 | 所属安全域 | 当前状态    | 路扩展 | LRU touched
------------------------------------------------------------------
  0    |   域3      | 正常运行   |  是   |  101699998
  1    |   域0      | 正常运行   |  否   |  101700000
  2    |   域2      | 正常运行   |  否   |  101699993
  3    |   域3      | 正常运行   |  是   |  101699391
==================================================================

[动态重分配] 周期101700000：预约迁移 冗余域3(12%) -> 切片0 -> 饥饿域2(26%)
[切片剥夺] 周期101700000：切片0（所属域3）进入待剥夺状态，禁止新替换
[切片剥夺] 周期101700208：切片0在途请求已清空，开始执行脏行写回
[切片管理] 周期101718510：原域3仅剩1个切片，关闭路扩展模式
[动态重分配] 周期101718510：切片0写回完成，自动绑定到域2
[切片管理] 成功绑定切片0 → 安全域2，触发【路扩展模式】

======================== 切片硬件状态 ========================
切片号 | 所属安全域 | 当前状态    | 路扩展 | LRU touched
------------------------------------------------------------------
  0    |   域2      | 正常运行   |  是   |  101718510
  1    |   域0      | 正常运行   |  否   |  101718509
  2    |   域2      | 正常运行   |  是   |  101718510
  3    |   域3      | 正常运行   |  否   |  101718503
==================================================================


======================== 切片硬件状态 ========================
切片号 | 所属安全域 | 当前状态    | 路扩展 | LRU touched
------------------------------------------------------------------
  0    |   域2      | 正常运行   |  是   |  103099848
  1    |   域0      | 正常运行   |  否   |  103099999
  2    |   域2      | 正常运行   |  是   |  103099850
  3    |   域3      | 正常运行   |  否   |  103099988
==================================================================

[动态重分配] 周期103100000：预约迁移 冗余域2(1%) -> 切片0 -> 饥饿域3(12%)
[切片剥夺] 周期103100000：切片0（所属域2）进入待剥夺状态，禁止新替换
[切片剥夺] 周期103100000：切片0在途请求已清空，开始执行脏行写回
[切片管理] 周期103100266：原域2仅剩1个切片，关闭路扩展模式
[动态重分配] 周期103100266：切片0写回完成，自动绑定到域3
[切片管理] 成功绑定切片0 → 安全域3，触发【路扩展模式】

======================== 切片硬件状态 ========================
切片号 | 所属安全域 | 当前状态    | 路扩展 | LRU touched
------------------------------------------------------------------
  0    |   域3      | 正常运行   |  是   |  103100266
  1    |   域0      | 正常运行   |  否   |  103100083
  2    |   域2      | 正常运行   |  否   |  103100096
  3    |   域3      | 正常运行   |  是   |  103100004
==================================================================


======================== 切片硬件状态 ========================
切片号 | 所属安全域 | 当前状态    | 路扩展 | LRU touched
------------------------------------------------------------------
  0    |   域3      | 正常运行   |  是   |  103272808
  1    |   域0      | 正常运行   |  否   |  103299993
  2    |   域2      | 正常运行   |  否   |  103299991
  3    |   域3      | 正常运行   |  是   |  103299993
==================================================================

[动态重分配] 周期103300000：预约迁移 冗余域3(12%) -> 切片3 -> 饥饿域2(27%)
[切片剥夺] 周期103300000：切片3（所属域3）进入待剥夺状态，禁止新替换
[切片剥夺] 周期103300056：切片3在途请求已清空，开始执行脏行写回
[切片管理] 周期103318361：原域3仅剩1个切片，关闭路扩展模式
[动态重分配] 周期103318361：切片3写回完成，自动绑定到域2
[切片管理] 成功绑定切片3 → 安全域2，触发【路扩展模式】

======================== 切片硬件状态 ========================
切片号 | 所属安全域 | 当前状态    | 路扩展 | LRU touched
------------------------------------------------------------------
  0    |   域3      | 正常运行   |  否   |  103318352
  1    |   域0      | 正常运行   |  否   |  103318361
  2    |   域2      | 正常运行   |  是   |  103318358
  3    |   域2      | 正常运行   |  是   |  103318361
==================================================================


======================== 切片硬件状态 ========================
切片号 | 所属安全域 | 当前状态    | 路扩展 | LRU touched
------------------------------------------------------------------
  0    |   域3      | 正常运行   |  否   |  103500000
  1    |   域0      | 正常运行   |  否   |  103499998
  2    |   域2      | 正常运行   |  是   |  103499994
  3    |   域2      | 正常运行   |  是   |  103500000
==================================================================

[动态重分配] 周期103500000：预约迁移 冗余域2(1%) -> 切片2 -> 饥饿域3(12%)
[切片剥夺] 周期103500000：切片2（所属域2）进入待剥夺状态，禁止新替换
[切片剥夺] 周期103500000：切片2在途请求已清空，开始执行脏行写回
[切片管理] 周期103500150：原域2仅剩1个切片，关闭路扩展模式
[动态重分配] 周期103500150：切片2写回完成，自动绑定到域3
[切片管理] 成功绑定切片2 → 安全域3，触发【路扩展模式】

======================== 切片硬件状态 ========================
切片号 | 所属安全域 | 当前状态    | 路扩展 | LRU touched
------------------------------------------------------------------
  0    |   域3      | 正常运行   |  是   |  103500150
  1    |   域0      | 正常运行   |  否   |  103500150
  2    |   域3      | 正常运行   |  是   |  103500150
  3    |   域2      | 正常运行   |  否   |  103500147
==================================================================


======================== 切片硬件状态 ========================
切片号 | 所属安全域 | 当前状态    | 路扩展 | LRU touched
------------------------------------------------------------------
  0    |   域3      | 正常运行   |  是   |  103699189
  1    |   域0      | 正常运行   |  否   |  103699926
  2    |   域3      | 正常运行   |  是   |  103699901
  3    |   域2      | 正常运行   |  否   |  103699899
==================================================================

[动态重分配] 周期103700000：预约迁移 冗余域3(12%) -> 切片0 -> 饥饿域2(29%)
[切片剥夺] 周期103700000：切片0（所属域3）进入待剥夺状态，禁止新替换
[切片剥夺] 周期103700000：切片0在途请求已清空，开始执行脏行写回
[切片管理] 周期103718141：原域3仅剩1个切片，关闭路扩展模式
[动态重分配] 周期103718141：切片0写回完成，自动绑定到域2
[切片管理] 成功绑定切片0 → 安全域2，触发【路扩展模式】

======================== 切片硬件状态 ========================
切片号 | 所属安全域 | 当前状态    | 路扩展 | LRU touched
------------------------------------------------------------------
  0    |   域2      | 正常运行   |  是   |  103718141
  1    |   域0      | 正常运行   |  否   |  103718132
  2    |   域3      | 正常运行   |  否   |  103718140
  3    |   域2      | 正常运行   |  是   |  103718127
==================================================================


======================== 切片硬件状态 ========================
切片号 | 所属安全域 | 当前状态    | 路扩展 | LRU touched
------------------------------------------------------------------
  0    |   域2      | 正常运行   |  是   |  103999949
  1    |   域0      | 正常运行   |  否   |  103999961
  2    |   域3      | 正常运行   |  否   |  103999935
  3    |   域2      | 正常运行   |  是   |  103999981
==================================================================

[动态重分配] 周期104000000：预约迁移 冗余域2(1%) -> 切片3 -> 饥饿域3(12%)
[切片剥夺] 周期104000000：切片3（所属域2）进入待剥夺状态，禁止新替换
[切片剥夺] 周期104000000：切片3在途请求已清空，开始执行脏行写回
[切片管理] 周期104000215：原域2仅剩1个切片，关闭路扩展模式
[动态重分配] 周期104000215：切片3写回完成，自动绑定到域3
[切片管理] 成功绑定切片3 → 安全域3，触发【路扩展模式】

======================== 切片硬件状态 ========================
切片号 | 所属安全域 | 当前状态    | 路扩展 | LRU touched
------------------------------------------------------------------
  0    |   域2      | 正常运行   |  否   |  104000205
  1    |   域0      | 正常运行   |  否   |  104000204
  2    |   域3      | 正常运行   |  是   |  104000214
  3    |   域3      | 正常运行   |  是   |  104000215
==================================================================


======================== 切片硬件状态 ========================
切片号 | 所属安全域 | 当前状态    | 路扩展 | LRU touched
------------------------------------------------------------------
  0    |   域2      | 正常运行   |  否   |  104099997
  1    |   域0      | 正常运行   |  否   |  104099998
  2    |   域3      | 正常运行   |  是   |  104072975
  3    |   域3      | 正常运行   |  是   |  104100000
==================================================================

[动态重分配] 周期104100000：预约迁移 冗余域3(12%) -> 切片2 -> 饥饿域2(24%)
[切片剥夺] 周期104100000：切片2（所属域3）进入待剥夺状态，禁止新替换
[切片剥夺] 周期104100000：切片2在途请求已清空，开始执行脏行写回
[切片管理] 周期104114189：原域3仅剩1个切片，关闭路扩展模式
[动态重分配] 周期104114189：切片2写回完成，自动绑定到域2
[切片管理] 成功绑定切片2 → 安全域2，触发【路扩展模式】

======================== 切片硬件状态 ========================
切片号 | 所属安全域 | 当前状态    | 路扩展 | LRU touched
------------------------------------------------------------------
  0    |   域2      | 正常运行   |  是   |  104114184
  1    |   域0      | 正常运行   |  否   |  104114189
  2    |   域2      | 正常运行   |  是   |  104114189
  3    |   域3      | 正常运行   |  否   |  104114183
==================================================================


======================== 切片硬件状态 ========================
切片号 | 所属安全域 | 当前状态    | 路扩展 | LRU touched
------------------------------------------------------------------
  0    |   域2      | 正常运行   |  是   |  104499999
  1    |   域0      | 正常运行   |  否   |  104499997
  2    |   域2      | 正常运行   |  是   |  104499999
  3    |   域3      | 正常运行   |  否   |  104499999
==================================================================

[动态重分配] 周期104500000：预约迁移 冗余域2(1%) -> 切片0 -> 饥饿域3(12%)
[切片剥夺] 周期104500000：切片0（所属域2）进入待剥夺状态，禁止新替换
[切片剥夺] 周期104500000：切片0在途请求已清空，开始执行脏行写回
[切片管理] 周期104500176：原域2仅剩1个切片，关闭路扩展模式
[动态重分配] 周期104500176：切片0写回完成，自动绑定到域3
[切片管理] 成功绑定切片0 → 安全域3，触发【路扩展模式】

======================== 切片硬件状态 ========================
切片号 | 所属安全域 | 当前状态    | 路扩展 | LRU touched
------------------------------------------------------------------
  0    |   域3      | 正常运行   |  是   |  104500176
  1    |   域0      | 正常运行   |  否   |  104500158
  2    |   域2      | 正常运行   |  否   |  104500001
  3    |   域3      | 正常运行   |  是   |  104500147
==================================================================


======================== 切片硬件状态 ========================
切片号 | 所属安全域 | 当前状态    | 路扩展 | LRU touched
------------------------------------------------------------------
  0    |   域3      | 正常运行   |  是   |  104699983
  1    |   域0      | 正常运行   |  否   |  104700000
  2    |   域2      | 正常运行   |  否   |  104699985
  3    |   域3      | 正常运行   |  是   |  104674578
==================================================================

[动态重分配] 周期104700000：预约迁移 冗余域3(12%) -> 切片3 -> 饥饿域2(27%)
[切片剥夺] 周期104700000：切片3（所属域3）进入待剥夺状态，禁止新替换
[切片剥夺] 周期104700000：切片3在途请求已清空，开始执行脏行写回
[切片管理] 周期104715058：原域3仅剩1个切片，关闭路扩展模式
[动态重分配] 周期104715058：切片3写回完成，自动绑定到域2
[切片管理] 成功绑定切片3 → 安全域2，触发【路扩展模式】

======================== 切片硬件状态 ========================
切片号 | 所属安全域 | 当前状态    | 路扩展 | LRU touched
------------------------------------------------------------------
  0    |   域3      | 正常运行   |  否   |  104715058
  1    |   域0      | 正常运行   |  否   |  104714835
  2    |   域2      | 正常运行   |  是   |  104715056
  3    |   域2      | 正常运行   |  是   |  104715058
==================================================================


======================== 切片硬件状态 ========================
切片号 | 所属安全域 | 当前状态    | 路扩展 | LRU touched
------------------------------------------------------------------
  0    |   域3      | 正常运行   |  否   |  104999979
  1    |   域0      | 正常运行   |  否   |  104999987
  2    |   域2      | 正常运行   |  是   |  104999905
  3    |   域2      | 正常运行   |  是   |  104999954
==================================================================

[动态重分配] 周期105000000：预约迁移 冗余域2(1%) -> 切片2 -> 饥饿域3(12%)
[切片剥夺] 周期105000000：切片2（所属域2）进入待剥夺状态，禁止新替换
[切片剥夺] 周期105000000：切片2在途请求已清空，开始执行脏行写回
[切片管理] 周期105000214：原域2仅剩1个切片，关闭路扩展模式
[动态重分配] 周期105000214：切片2写回完成，自动绑定到域3
[切片管理] 成功绑定切片2 → 安全域3，触发【路扩展模式】

======================== 切片硬件状态 ========================
切片号 | 所属安全域 | 当前状态    | 路扩展 | LRU touched
------------------------------------------------------------------
  0    |   域3      | 正常运行   |  是   |  105000047
  1    |   域0      | 正常运行   |  否   |  105000042
  2    |   域3      | 正常运行   |  是   |  105000214
  3    |   域2      | 正常运行   |  否   |  104999954
==================================================================


======================== 切片硬件状态 ========================
切片号 | 所属安全域 | 当前状态    | 路扩展 | LRU touched
------------------------------------------------------------------
  0    |   域3      | 正常运行   |  是   |  105199989
  1    |   域0      | 正常运行   |  否   |  105199988
  2    |   域3      | 正常运行   |  是   |  105172092
  3    |   域2      | 正常运行   |  否   |  105199986
==================================================================

[动态重分配] 周期105200000：预约迁移 冗余域3(12%) -> 切片0 -> 饥饿域2(26%)
[切片剥夺] 周期105200000：切片0（所属域3）进入待剥夺状态，禁止新替换
[切片剥夺] 周期105200160：切片0在途请求已清空，开始执行脏行写回
[切片管理] 周期105216441：原域3仅剩1个切片，关闭路扩展模式
[动态重分配] 周期105216441：切片0写回完成，自动绑定到域2
[切片管理] 成功绑定切片0 → 安全域2，触发【路扩展模式】

======================== 切片硬件状态 ========================
切片号 | 所属安全域 | 当前状态    | 路扩展 | LRU touched
------------------------------------------------------------------
  0    |   域2      | 正常运行   |  是   |  105216441
  1    |   域0      | 正常运行   |  否   |  105216441
  2    |   域3      | 正常运行   |  否   |  105216426
  3    |   域2      | 正常运行   |  是   |  105216441
==================================================================


======================== 切片硬件状态 ========================
切片号 | 所属安全域 | 当前状态    | 路扩展 | LRU touched
------------------------------------------------------------------
  0    |   域2      | 正常运行   |  是   |  106299961
  1    |   域0      | 正常运行   |  否   |  106299986
  2    |   域3      | 正常运行   |  否   |  106299973
  3    |   域2      | 正常运行   |  是   |  106299973
==================================================================

[动态重分配] 周期106300000：预约迁移 冗余域2(1%) -> 切片3 -> 饥饿域3(12%)
[切片剥夺] 周期106300000：切片3（所属域2）进入待剥夺状态，禁止新替换
[切片剥夺] 周期106300000：切片3在途请求已清空，开始执行脏行写回
[切片管理] 周期106300101：原域2仅剩1个切片，关闭路扩展模式
[动态重分配] 周期106300101：切片3写回完成，自动绑定到域3
[切片管理] 成功绑定切片3 → 安全域3，触发【路扩展模式】

======================== 切片硬件状态 ========================
切片号 | 所属安全域 | 当前状态    | 路扩展 | LRU touched
------------------------------------------------------------------
  0    |   域2      | 正常运行   |  否   |  106299961
  1    |   域0      | 正常运行   |  否   |  106299986
  2    |   域3      | 正常运行   |  是   |  106299973
  3    |   域3      | 正常运行   |  是   |  106300101
==================================================================


======================== 切片硬件状态 ========================
切片号 | 所属安全域 | 当前状态    | 路扩展 | LRU touched
------------------------------------------------------------------
  0    |   域2      | 正常运行   |  否   |  111599996
  1    |   域0      | 正常运行   |  否   |  111599997
  2    |   域3      | 正常运行   |  是   |  111583009
  3    |   域3      | 正常运行   |  是   |  111600000
==================================================================

[动态重分配] 周期111600000：预约迁移 冗余域3(12%) -> 切片2 -> 饥饿域2(23%)
[切片剥夺] 周期111600000：切片2（所属域3）进入待剥夺状态，禁止新替换
[切片剥夺] 周期111600000：切片2在途请求已清空，开始执行脏行写回
[切片管理] 周期111620109：原域3仅剩1个切片，关闭路扩展模式
[动态重分配] 周期111620109：切片2写回完成，自动绑定到域2
[切片管理] 成功绑定切片2 → 安全域2，触发【路扩展模式】

======================== 切片硬件状态 ========================
切片号 | 所属安全域 | 当前状态    | 路扩展 | LRU touched
------------------------------------------------------------------
  0    |   域2      | 正常运行   |  是   |  111620102
  1    |   域0      | 正常运行   |  否   |  111620095
  2    |   域2      | 正常运行   |  是   |  111620109
  3    |   域3      | 正常运行   |  否   |  111620107
==================================================================


======================== 切片硬件状态 ========================
切片号 | 所属安全域 | 当前状态    | 路扩展 | LRU touched
------------------------------------------------------------------
  0    |   域2      | 正常运行   |  是   |  111799944
  1    |   域0      | 正常运行   |  否   |  111799927
  2    |   域2      | 正常运行   |  是   |  111799948
  3    |   域3      | 正常运行   |  否   |  111799956
==================================================================

[动态重分配] 周期111800000：预约迁移 冗余域2(0%) -> 切片0 -> 饥饿域3(12%)
[切片剥夺] 周期111800000：切片0（所属域2）进入待剥夺状态，禁止新替换
[切片剥夺] 周期111800000：切片0在途请求已清空，开始执行脏行写回
[切片管理] 周期111800209：原域2仅剩1个切片，关闭路扩展模式
[动态重分配] 周期111800209：切片0写回完成，自动绑定到域3
[切片管理] 成功绑定切片0 → 安全域3，触发【路扩展模式】

======================== 切片硬件状态 ========================
切片号 | 所属安全域 | 当前状态    | 路扩展 | LRU touched
------------------------------------------------------------------
  0    |   域3      | 正常运行   |  是   |  111800209
  1    |   域0      | 正常运行   |  否   |  111799927
  2    |   域2      | 正常运行   |  否   |  111799948
  3    |   域3      | 正常运行   |  是   |  111800209
==================================================================


======================== 切片硬件状态 ========================
切片号 | 所属安全域 | 当前状态    | 路扩展 | LRU touched
------------------------------------------------------------------
  0    |   域3      | 正常运行   |  是   |  111968168
  1    |   域0      | 正常运行   |  否   |  111999989
  2    |   域2      | 正常运行   |  否   |  111999989
  3    |   域3      | 正常运行   |  是   |  111999998
==================================================================

[动态重分配] 周期112000000：预约迁移 冗余域3(12%) -> 切片3 -> 饥饿域2(23%)
[切片剥夺] 周期112000000：切片3（所属域3）进入待剥夺状态，禁止新替换
[切片剥夺] 周期112000232：切片3在途请求已清空，开始执行脏行写回
[切片管理] 周期112017287：原域3仅剩1个切片，关闭路扩展模式
[动态重分配] 周期112017287：切片3写回完成，自动绑定到域2
[切片管理] 成功绑定切片3 → 安全域2，触发【路扩展模式】

======================== 切片硬件状态 ========================
切片号 | 所属安全域 | 当前状态    | 路扩展 | LRU touched
------------------------------------------------------------------
  0    |   域3      | 正常运行   |  否   |  112017285
  1    |   域0      | 正常运行   |  否   |  112017282
  2    |   域2      | 正常运行   |  是   |  112017286
  3    |   域2      | 正常运行   |  是   |  112017287
==================================================================


======================== 切片硬件状态 ========================
切片号 | 所属安全域 | 当前状态    | 路扩展 | LRU touched
------------------------------------------------------------------
  0    |   域3      | 正常运行   |  否   |  112799948
  1    |   域0      | 正常运行   |  否   |  112800000
  2    |   域2      | 正常运行   |  是   |  112799943
  3    |   域2      | 正常运行   |  是   |  112799998
==================================================================

[动态重分配] 周期112800000：预约迁移 冗余域2(1%) -> 切片2 -> 饥饿域3(12%)
[切片剥夺] 周期112800000：切片2（所属域2）进入待剥夺状态，禁止新替换
[切片剥夺] 周期112800000：切片2在途请求已清空，开始执行脏行写回
[切片管理] 周期112800191：原域2仅剩1个切片，关闭路扩展模式
[动态重分配] 周期112800191：切片2写回完成，自动绑定到域3
[切片管理] 成功绑定切片2 → 安全域3，触发【路扩展模式】

======================== 切片硬件状态 ========================
切片号 | 所属安全域 | 当前状态    | 路扩展 | LRU touched
------------------------------------------------------------------
  0    |   域3      | 正常运行   |  是   |  112800176
  1    |   域0      | 正常运行   |  否   |  112800173
  2    |   域3      | 正常运行   |  是   |  112800191
  3    |   域2      | 正常运行   |  否   |  112800172
==================================================================


======================== 切片硬件状态 ========================
切片号 | 所属安全域 | 当前状态    | 路扩展 | LRU touched
------------------------------------------------------------------
  0    |   域3      | 正常运行   |  是   |  112872192
  1    |   域0      | 正常运行   |  否   |  112899947
  2    |   域3      | 正常运行   |  是   |  112899945
  3    |   域2      | 正常运行   |  否   |  112899931
==================================================================

[动态重分配] 周期112900000：预约迁移 冗余域3(12%) -> 切片0 -> 饥饿域2(25%)
[切片剥夺] 周期112900000：切片0（所属域3）进入待剥夺状态，禁止新替换
[切片剥夺] 周期112900000：切片0在途请求已清空，开始执行脏行写回
[切片管理] 周期112916175：原域3仅剩1个切片，关闭路扩展模式
[动态重分配] 周期112916175：切片0写回完成，自动绑定到域2
[切片管理] 成功绑定切片0 → 安全域2，触发【路扩展模式】

======================== 切片硬件状态 ========================
切片号 | 所属安全域 | 当前状态    | 路扩展 | LRU touched
------------------------------------------------------------------
  0    |   域2      | 正常运行   |  是   |  112916175
  1    |   域0      | 正常运行   |  否   |  112916173
  2    |   域3      | 正常运行   |  否   |  112916172
  3    |   域2      | 正常运行   |  是   |  112916167
==================================================================


======================== 切片硬件状态 ========================
切片号 | 所属安全域 | 当前状态    | 路扩展 | LRU touched
------------------------------------------------------------------
  0    |   域2      | 正常运行   |  是   |  113099983
  1    |   域0      | 正常运行   |  否   |  113099983
  2    |   域3      | 正常运行   |  否   |  113099992
  3    |   域2      | 正常运行   |  是   |  113099997
==================================================================

[动态重分配] 周期113100000：预约迁移 冗余域2(1%) -> 切片3 -> 饥饿域3(12%)
[切片剥夺] 周期113100000：切片3（所属域2）进入待剥夺状态，禁止新替换
[切片剥夺] 周期113100000：切片3在途请求已清空，开始执行脏行写回
[切片管理] 周期113100197：原域2仅剩1个切片，关闭路扩展模式
[动态重分配] 周期113100197：切片3写回完成，自动绑定到域3
[切片管理] 成功绑定切片3 → 安全域3，触发【路扩展模式】

======================== 切片硬件状态 ========================
切片号 | 所属安全域 | 当前状态    | 路扩展 | LRU touched
------------------------------------------------------------------
  0    |   域2      | 正常运行   |  否   |  113100194
  1    |   域0      | 正常运行   |  否   |  113100192
  2    |   域3      | 正常运行   |  是   |  113100197
  3    |   域3      | 正常运行   |  是   |  113100197
==================================================================


======================== 切片硬件状态 ========================
切片号 | 所属安全域 | 当前状态    | 路扩展 | LRU touched
------------------------------------------------------------------
  0    |   域2      | 正常运行   |  否   |  113399938
  1    |   域0      | 正常运行   |  否   |  113399991
  2    |   域3      | 正常运行   |  是   |  113399996
  3    |   域3      | 正常运行   |  是   |  113391936
==================================================================

[动态重分配] 周期113400000：预约迁移 冗余域3(12%) -> 切片2 -> 饥饿域2(25%)
[切片剥夺] 周期113400000：切片2（所属域3）进入待剥夺状态，禁止新替换
[切片剥夺] 周期113400176：切片2在途请求已清空，开始执行脏行写回
[切片管理] 周期113416065：原域3仅剩1个切片，关闭路扩展模式
[动态重分配] 周期113416065：切片2写回完成，自动绑定到域2
[切片管理] 成功绑定切片2 → 安全域2，触发【路扩展模式】

======================== 切片硬件状态 ========================
切片号 | 所属安全域 | 当前状态    | 路扩展 | LRU touched
------------------------------------------------------------------
  0    |   域2      | 正常运行   |  是   |  113416055
  1    |   域0      | 正常运行   |  否   |  113416062
  2    |   域2      | 正常运行   |  是   |  113416065
  3    |   域3      | 正常运行   |  否   |  113416064
==================================================================


======================== 切片硬件状态 ========================
切片号 | 所属安全域 | 当前状态    | 路扩展 | LRU touched
------------------------------------------------------------------
  0    |   域2      | 正常运行   |  是   |  113899955
  1    |   域0      | 正常运行   |  否   |  113899969
  2    |   域2      | 正常运行   |  是   |  113899957
  3    |   域3      | 正常运行   |  否   |  113899978
==================================================================

[动态重分配] 周期113900000：预约迁移 冗余域2(0%) -> 切片0 -> 饥饿域3(12%)
[切片剥夺] 周期113900000：切片0（所属域2）进入待剥夺状态，禁止新替换
[切片剥夺] 周期113900000：切片0在途请求已清空，开始执行脏行写回
[切片管理] 周期113900188：原域2仅剩1个切片，关闭路扩展模式
[动态重分配] 周期113900188：切片0写回完成，自动绑定到域3
[切片管理] 成功绑定切片0 → 安全域3，触发【路扩展模式】

======================== 切片硬件状态 ========================
切片号 | 所属安全域 | 当前状态    | 路扩展 | LRU touched
------------------------------------------------------------------
  0    |   域3      | 正常运行   |  是   |  113900188
  1    |   域0      | 正常运行   |  否   |  113900188
  2    |   域2      | 正常运行   |  否   |  113899957
  3    |   域3      | 正常运行   |  是   |  113900188
==================================================================


======================== 切片硬件状态 ========================
切片号 | 所属安全域 | 当前状态    | 路扩展 | LRU touched
------------------------------------------------------------------
  0    |   域3      | 正常运行   |  是   |  113999962
  1    |   域0      | 正常运行   |  否   |  113999981
  2    |   域2      | 正常运行   |  否   |  113999994
  3    |   域3      | 正常运行   |  是   |  113982939
==================================================================

[动态重分配] 周期114000000：预约迁移 冗余域3(12%) -> 切片3 -> 饥饿域2(23%)
[切片剥夺] 周期114000000：切片3（所属域3）进入待剥夺状态，禁止新替换
[切片剥夺] 周期114000000：切片3在途请求已清空，开始执行脏行写回
[切片管理] 周期114016666：原域3仅剩1个切片，关闭路扩展模式
[动态重分配] 周期114016666：切片3写回完成，自动绑定到域2
[切片管理] 成功绑定切片3 → 安全域2，触发【路扩展模式】

======================== 切片硬件状态 ========================
切片号 | 所属安全域 | 当前状态    | 路扩展 | LRU touched
------------------------------------------------------------------
  0    |   域3      | 正常运行   |  否   |  114016655
  1    |   域0      | 正常运行   |  否   |  114016630
  2    |   域2      | 正常运行   |  是   |  114016621
  3    |   域2      | 正常运行   |  是   |  114016666
==================================================================


======================== 切片硬件状态 ========================
切片号 | 所属安全域 | 当前状态    | 路扩展 | LRU touched
------------------------------------------------------------------
  0    |   域3      | 正常运行   |  否   |  114299979
  1    |   域0      | 正常运行   |  否   |  114299997
  2    |   域2      | 正常运行   |  是   |  114299988
  3    |   域2      | 正常运行   |  是   |  114299993
==================================================================

[动态重分配] 周期114300000：预约迁移 冗余域2(0%) -> 切片2 -> 饥饿域3(12%)
[切片剥夺] 周期114300000：切片2（所属域2）进入待剥夺状态，禁止新替换
[切片剥夺] 周期114300000：切片2在途请求已清空，开始执行脏行写回
[切片管理] 周期114300200：原域2仅剩1个切片，关闭路扩展模式
[动态重分配] 周期114300200：切片2写回完成，自动绑定到域3
[切片管理] 成功绑定切片2 → 安全域3，触发【路扩展模式】

======================== 切片硬件状态 ========================
切片号 | 所属安全域 | 当前状态    | 路扩展 | LRU touched
------------------------------------------------------------------
  0    |   域3      | 正常运行   |  是   |  114300193
  1    |   域0      | 正常运行   |  否   |  114300193
  2    |   域3      | 正常运行   |  是   |  114300200
  3    |   域2      | 正常运行   |  否   |  114300010
==================================================================


======================== 切片硬件状态 ========================
切片号 | 所属安全域 | 当前状态    | 路扩展 | LRU touched
------------------------------------------------------------------
  0    |   域3      | 正常运行   |  是   |  114499967
  1    |   域0      | 正常运行   |  否   |  114499998
  2    |   域3      | 正常运行   |  是   |  114470202
  3    |   域2      | 正常运行   |  否   |  114499993
==================================================================

[动态重分配] 周期114500000：预约迁移 冗余域3(12%) -> 切片0 -> 饥饿域2(28%)
[切片剥夺] 周期114500000：切片0（所属域3）进入待剥夺状态，禁止新替换
[切片剥夺] 周期114500124：切片0在途请求已清空，开始执行脏行写回
[切片管理] 周期114518232：原域3仅剩1个切片，关闭路扩展模式
[动态重分配] 周期114518232：切片0写回完成，自动绑定到域2
[切片管理] 成功绑定切片0 → 安全域2，触发【路扩展模式】

======================== 切片硬件状态 ========================
切片号 | 所属安全域 | 当前状态    | 路扩展 | LRU touched
------------------------------------------------------------------
  0    |   域2      | 正常运行   |  是   |  114518232
  1    |   域0      | 正常运行   |  否   |  114518218
  2    |   域3      | 正常运行   |  否   |  114518186
  3    |   域2      | 正常运行   |  是   |  114518210
==================================================================


======================== 切片硬件状态 ========================
切片号 | 所属安全域 | 当前状态    | 路扩展 | LRU touched
------------------------------------------------------------------
  0    |   域2      | 正常运行   |  是   |  114999971
  1    |   域0      | 正常运行   |  否   |  114999956
  2    |   域3      | 正常运行   |  否   |  114999982
  3    |   域2      | 正常运行   |  是   |  114999953
==================================================================

[动态重分配] 周期115000000：预约迁移 冗余域2(1%) -> 切片3 -> 饥饿域3(12%)
[切片剥夺] 周期115000000：切片3（所属域2）进入待剥夺状态，禁止新替换
[切片剥夺] 周期115000168：切片3在途请求已清空，开始执行脏行写回
[切片管理] 周期115000365：原域2仅剩1个切片，关闭路扩展模式
[动态重分配] 周期115000365：切片3写回完成，自动绑定到域3
[切片管理] 成功绑定切片3 → 安全域3，触发【路扩展模式】

======================== 切片硬件状态 ========================
切片号 | 所属安全域 | 当前状态    | 路扩展 | LRU touched
------------------------------------------------------------------
  0    |   域2      | 正常运行   |  否   |  115000317
  1    |   域0      | 正常运行   |  否   |  115000309
  2    |   域3      | 正常运行   |  是   |  115000317
  3    |   域3      | 正常运行   |  是   |  115000365
==================================================================


======================== 切片硬件状态 ========================
切片号 | 所属安全域 | 当前状态    | 路扩展 | LRU touched
------------------------------------------------------------------
  0    |   域2      | 正常运行   |  否   |  115199997
  1    |   域0      | 正常运行   |  否   |  115199990
  2    |   域3      | 正常运行   |  是   |  115194308
  3    |   域3      | 正常运行   |  是   |  115199997
==================================================================

[动态重分配] 周期115200000：预约迁移 冗余域3(12%) -> 切片2 -> 饥饿域2(26%)
[切片剥夺] 周期115200000：切片2（所属域3）进入待剥夺状态，禁止新替换
[切片剥夺] 周期115200000：切片2在途请求已清空，开始执行脏行写回
[切片管理] 周期115218744：原域3仅剩1个切片，关闭路扩展模式
[动态重分配] 周期115218744：切片2写回完成，自动绑定到域2
[切片管理] 成功绑定切片2 → 安全域2，触发【路扩展模式】

======================== 切片硬件状态 ========================
切片号 | 所属安全域 | 当前状态    | 路扩展 | LRU touched
------------------------------------------------------------------
  0    |   域2      | 正常运行   |  是   |  115218725
  1    |   域0      | 正常运行   |  否   |  115218699
  2    |   域2      | 正常运行   |  是   |  115218744
  3    |   域3      | 正常运行   |  否   |  115218733
==================================================================


======================== 切片硬件状态 ========================
切片号 | 所属安全域 | 当前状态    | 路扩展 | LRU touched
------------------------------------------------------------------
  0    |   域2      | 正常运行   |  是   |  115399997
  1    |   域0      | 正常运行   |  否   |  115400000
  2    |   域2      | 正常运行   |  是   |  115399997
  3    |   域3      | 正常运行   |  否   |  115400000
==================================================================

[动态重分配] 周期115400000：预约迁移 冗余域2(1%) -> 切片0 -> 饥饿域3(12%)
[切片剥夺] 周期115400000：切片0（所属域2）进入待剥夺状态，禁止新替换
[切片剥夺] 周期115400000：切片0在途请求已清空，开始执行脏行写回
[切片管理] 周期115400183：原域2仅剩1个切片，关闭路扩展模式
[动态重分配] 周期115400183：切片0写回完成，自动绑定到域3
[切片管理] 成功绑定切片0 → 安全域3，触发【路扩展模式】

======================== 切片硬件状态 ========================
切片号 | 所属安全域 | 当前状态    | 路扩展 | LRU touched
------------------------------------------------------------------
  0    |   域3      | 正常运行   |  是   |  115400183
  1    |   域0      | 正常运行   |  否   |  115400177
  2    |   域2      | 正常运行   |  否   |  115399997
  3    |   域3      | 正常运行   |  是   |  115400100
==================================================================


======================== 切片硬件状态 ========================
切片号 | 所属安全域 | 当前状态    | 路扩展 | LRU touched
------------------------------------------------------------------
  0    |   域3      | 正常运行   |  是   |  115599981
  1    |   域0      | 正常运行   |  否   |  115599984
  2    |   域2      | 正常运行   |  否   |  115599972
  3    |   域3      | 正常运行   |  是   |  115597168
==================================================================

[动态重分配] 周期115600000：预约迁移 冗余域3(12%) -> 切片3 -> 饥饿域2(28%)
[切片剥夺] 周期115600000：切片3（所属域3）进入待剥夺状态，禁止新替换
[切片剥夺] 周期115600000：切片3在途请求已清空，开始执行脏行写回
[切片管理] 周期115615692：原域3仅剩1个切片，关闭路扩展模式
[动态重分配] 周期115615692：切片3写回完成，自动绑定到域2
[切片管理] 成功绑定切片3 → 安全域2，触发【路扩展模式】

======================== 切片硬件状态 ========================
切片号 | 所属安全域 | 当前状态    | 路扩展 | LRU touched
------------------------------------------------------------------
  0    |   域3      | 正常运行   |  否   |  115615691
  1    |   域0      | 正常运行   |  否   |  115615691
  2    |   域2      | 正常运行   |  是   |  115615691
  3    |   域2      | 正常运行   |  是   |  115615692
==================================================================


======================== 切片硬件状态 ========================
切片号 | 所属安全域 | 当前状态    | 路扩展 | LRU touched
------------------------------------------------------------------
  0    |   域3      | 正常运行   |  否   |  115799926
  1    |   域0      | 正常运行   |  否   |  115799936
  2    |   域2      | 正常运行   |  是   |  115799907
  3    |   域2      | 正常运行   |  是   |  115799907
==================================================================

[动态重分配] 周期115800000：预约迁移 冗余域2(1%) -> 切片2 -> 饥饿域3(12%)
[切片剥夺] 周期115800000：切片2（所属域2）进入待剥夺状态，禁止新替换
[切片剥夺] 周期115800000：切片2在途请求已清空，开始执行脏行写回
[切片管理] 周期115800227：原域2仅剩1个切片，关闭路扩展模式
[动态重分配] 周期115800227：切片2写回完成，自动绑定到域3
[切片管理] 成功绑定切片2 → 安全域3，触发【路扩展模式】

======================== 切片硬件状态 ========================
切片号 | 所属安全域 | 当前状态    | 路扩展 | LRU touched
------------------------------------------------------------------
  0    |   域3      | 正常运行   |  是   |  115800214
  1    |   域0      | 正常运行   |  否   |  115800225
  2    |   域3      | 正常运行   |  是   |  115800227
  3    |   域2      | 正常运行   |  否   |  115800221
==================================================================


======================== 切片硬件状态 ========================
切片号 | 所属安全域 | 当前状态    | 路扩展 | LRU touched
------------------------------------------------------------------
  0    |   域3      | 正常运行   |  是   |  115999966
  1    |   域0      | 正常运行   |  否   |  115999976
  2    |   域3      | 正常运行   |  是   |  115969878
  3    |   域2      | 正常运行   |  否   |  115999989
==================================================================

[动态重分配] 周期116000000：预约迁移 冗余域3(12%) -> 切片0 -> 饥饿域2(29%)
[切片剥夺] 周期116000000：切片0（所属域3）进入待剥夺状态，禁止新替换
[切片剥夺] 周期116000164：切片0在途请求已清空，开始执行脏行写回
[切片管理] 周期116018415：原域3仅剩1个切片，关闭路扩展模式
[动态重分配] 周期116018415：切片0写回完成，自动绑定到域2
[切片管理] 成功绑定切片0 → 安全域2，触发【路扩展模式】

======================== 切片硬件状态 ========================
切片号 | 所属安全域 | 当前状态    | 路扩展 | LRU touched
------------------------------------------------------------------
  0    |   域2      | 正常运行   |  是   |  116018415
  1    |   域0      | 正常运行   |  否   |  116018412
  2    |   域3      | 正常运行   |  否   |  116018413
  3    |   域2      | 正常运行   |  是   |  116018415
==================================================================


======================== 切片硬件状态 ========================
切片号 | 所属安全域 | 当前状态    | 路扩展 | LRU touched
------------------------------------------------------------------
  0    |   域2      | 正常运行   |  是   |  117099999
  1    |   域0      | 正常运行   |  否   |  117099991
  2    |   域3      | 正常运行   |  否   |  117100000
  3    |   域2      | 正常运行   |  是   |  117099992
==================================================================

[动态重分配] 周期117100000：预约迁移 冗余域2(1%) -> 切片0 -> 饥饿域3(12%)
[切片剥夺] 周期117100000：切片0（所属域2）进入待剥夺状态，禁止新替换
[切片剥夺] 周期117100000：切片0在途请求已清空，开始执行脏行写回
[切片管理] 周期117100224：原域2仅剩1个切片，关闭路扩展模式
[动态重分配] 周期117100224：切片0写回完成，自动绑定到域3
[切片管理] 成功绑定切片0 → 安全域3，触发【路扩展模式】

======================== 切片硬件状态 ========================
切片号 | 所属安全域 | 当前状态    | 路扩展 | LRU touched
------------------------------------------------------------------
  0    |   域3      | 正常运行   |  是   |  117100224
  1    |   域0      | 正常运行   |  否   |  117100185
  2    |   域3      | 正常运行   |  是   |  117100000
  3    |   域2      | 正常运行   |  否   |  117100224
==================================================================


======================== 切片硬件状态 ========================
切片号 | 所属安全域 | 当前状态    | 路扩展 | LRU touched
------------------------------------------------------------------
  0    |   域3      | 正常运行   |  是   |  117299989
  1    |   域0      | 正常运行   |  否   |  117299971
  2    |   域3      | 正常运行   |  是   |  117296512
  3    |   域2      | 正常运行   |  否   |  117299999
==================================================================

[动态重分配] 周期117300000：预约迁移 冗余域3(12%) -> 切片2 -> 饥饿域2(26%)
[切片剥夺] 周期117300000：切片2（所属域3）进入待剥夺状态，禁止新替换
[切片剥夺] 周期117300000：切片2在途请求已清空，开始执行脏行写回
[切片管理] 周期117316790：原域3仅剩1个切片，关闭路扩展模式
[动态重分配] 周期117316790：切片2写回完成，自动绑定到域2
[切片管理] 成功绑定切片2 → 安全域2，触发【路扩展模式】

======================== 切片硬件状态 ========================
切片号 | 所属安全域 | 当前状态    | 路扩展 | LRU touched
------------------------------------------------------------------
  0    |   域3      | 正常运行   |  否   |  117316782
  1    |   域0      | 正常运行   |  否   |  117316779
  2    |   域2      | 正常运行   |  是   |  117316790
  3    |   域2      | 正常运行   |  是   |  117316789
==================================================================


======================== 切片硬件状态 ========================
切片号 | 所属安全域 | 当前状态    | 路扩展 | LRU touched
------------------------------------------------------------------
  0    |   域3      | 正常运行   |  否   |  118299991
  1    |   域0      | 正常运行   |  否   |  118299994
  2    |   域2      | 正常运行   |  是   |  118299976
  3    |   域2      | 正常运行   |  是   |  118299997
============== block_====================================================

[动态重分配] 周期118300000：预约迁移 冗余域2(1%) -> 切片2 -> 饥饿域3(12%)
[切片剥夺] 周期118300000：切片2（所属域2）进入待剥夺状态，禁止新替换
[切片剥夺] 周期118300000：切片2在途请求已清空，开始执行脏行写回
[切片管理] 周期118300098：原域2仅剩1个切片，关闭路扩展模式
[动态重分配] 周期118300098：切片2写回完成，自动绑定到域3
[切片管理] 成功绑定切片2 → 安全域3，触发【路扩展模式】

======================== 切片硬件状态 ========================
切片号 | 所属安全域 | 当前状态    | 路扩展 | LRU touched
------------------------------------------------------------------
  0    |   域3      | 正常运行   |  是   |  118299991
  1    |   域0      | 正常运行   |  否   |  118300092
  2    |   域3      | 正常运行   |  是   |  118300098
  3    |   域2      | 正常运行   |  否   |  118300005
==================================================================


======================== 切片硬件状态 ========================
切片号 | 所属安全域 | 当前状态    | 路扩展 | LRU touched
------------------------------------------------------------------
  0    |   域3      | 正常运行   |  是   |  138700000
  1    |   域0      | 正常运行   |  否   |  138699990
  2    |   域3      | 正常运行   |  是   |  138699777
  3    |   域2      | 正常运行   |  否   |  138700000
==================================================================

[动态重分配] 周期138700000：预约迁移 冗余域3(1%) -> 切片0 -> 饥饿域0(18%)
[切片剥夺] 周期138700000：切片0（所属域3）进入待剥夺状态，禁止新替换
[切片剥夺] 周期138700000：切片0在途请求已清空，开始执行脏行写回
[切片管理] 周期138741488：原域3仅剩1个切片，关闭路扩展模式
[动态重分配] 周期138741488：切片0写回完成，自动绑定到域0
[切片管理] 成功绑定切片0 → 安全域0，触发【路扩展模式】

======================== 切片硬件状态 ========================
切片号 | 所属安全域 | 当前状态    | 路扩展 | LRU touched
------------------------------------------------------------------
  0    |   域0      | 正常运行   |  是   |  138741488
  1    |   域0      | 正常运行   |  是   |  138741487
  2    |   域3      | 正常运行   |  否   |  138741483
  3    |   域2      | 正常运行   |  否   |  138741487
==================================================================


======================== 切片硬件状态 ========================
切片号 | 所属安全域 | 当前状态    | 路扩展 | LRU touched
------------------------------------------------------------------
  0    |   域0      | 正常运行   |  是   |  146599996
  1    |   域0      | 正常运行   |  是   |  146599999
  2    |   域3      | 正常运行   |  否   |  146599998
  3    |   域2      | 正常运行   |  否   |  146599896
==================================================================

[动态重分配] 周期146600000：预约迁移 冗余域0(0%) -> 切片0 -> 饥饿域2(14%)
[切片剥夺] 周期146600000：切片0（所属域0）进入待剥夺状态，禁止新替换
[切片剥夺] 周期146600000：切片0在途请求已清空，开始执行脏行写回
[切片管理] 周期146608074：原域0仅剩1个切片，关闭路扩展模式
[动态重分配] 周期146608074：切片0写回完成，自动绑定到域2
[切片管理] 成功绑定切片0 → 安全域2，触发【路扩展模式】

======================== 切片硬件状态 ========================
切片号 | 所属安全域 | 当前状态    | 路扩展 | LRU touched
------------------------------------------------------------------
  0    |   域2      | 正常运行   |  是   |  146608074
  1    |   域0      | 正常运行   |  否   |  146608074
  2    |   域3      | 正常运行   |  否   |  146608071
  3    |   域2      | 正常� sim_check_options�行   |  是   |  146608074
==================================================================


======================== 切片硬件状态 ========================
切片号 | 所属安全域 | 当前状态    | 路扩展 | LRU touched
------------------------------------------------------------------
  0    |   域2      | 正常运行   |  是   |  155999748
  1    |   域0      | 正常运行   |  否   |  155999975
  2    |   域3      | 正常运行   |  否   |  155999975
  3    |   域2      | 正常运行   |  是   |  155999860
==================================================================

[动态重分配] 周期156000000：预约迁移 冗余域2(0%) -> 切片0 -> 饥饿域0(14%)
[切片剥夺] 周期156000000：切片0（所属域2）进入待剥夺状态，禁止新替换
[切片剥夺] 周期156000000：切片0在途请求已清空，开始执行脏行写回
[切片管理] 周期156009814：原域2仅剩1个切片，关闭路扩展模式
[动态重分配] 周期156009814：切片0写回完成，自动绑定到域0
[切片管理] 成功绑定切片0 → 安全域0，触发【路扩展模式】

======================== 切片硬件状态 ========================
切片号 | 所属安全域 | 当前状态    | 路扩展 | LRU touched
------------------------------------------------------------------
  0    |   域0      | 正常运行   |  是   |  156009814
  1    |   域0      | 正常运行   |  是   |  156009799
  2    |   域3      | 正常运行   |  否   |  156009808
  3    |   域2      | 正常运行   |  否   |  156009810
==================================================================


**** Debug Statistics at 201000000 Cycles *****
Threads: 4		Fetch Width: 8
No of useful instructions fetched:	380970539 (23.69% proc util.)
No of total instructions fetched:	540959728 (33.64% proc util.)
 includes 28640987 misfetch (5.3%), 131348202 (24.3%) wrong-path fetches
 and 0 flushed after failed lock(0.0%)
No of useful instructions issued/executed:	380970473 (23.69% proc util.)
No of total instructions issued/executed:	446287775 (27.75% proc util.)
 includes 65317302 wrong-path (14.6%) insts and 0 flushed (0.0%)
	fp 45213, 0.01%
	synch 0, 0.00%
	integer 294321907, 65.95%
	load/store 151920655, 34.04%
Avg size of int IQ (before scheduling): 23.52
Avg size of fp IQ (before scheduling): 0.01
No of cycles taken:		201000000
Parallelism [ 0.583, 0.000, 0.539, 0.774,] = 1.895
 IQ conflicts: 1901006 (0.95%), FQ conflicts: 0 (0.00%) 
 I reg conflicts: 114020183 (56.73%), FP reg conflicts: 0 (0.00%)
  Activelist confs: 1047 (0.00%), ROB confs: 94087 (0.05%)
  Int unit conflicts: 117184385 (58.30%), FP unit conflicts: 9 (0.00%)
  Load/store unit conflicts: 26110944 (12.99%)
  MSHR conflicts: 168587096 (83.87%)
----------------------------------------
==== System-wide Cache Statistics ====
Stall for miss queue full 23453 cycles (0.00%)
----------------------------------------
==== Statistics for Master ID: 0 ====
Reads: 88531291   Writes: 15707129
ICACHE: size: 64 KB assoc: 2
ICACHE: hits:50102337 misses:1223277  Hit Ratio: 97.62%
DCACHE: size: 2*32 KB assoc: 2*8
DCACHE: hits:52197641 misses:715385 writebacks:212793  Hit Ratio: 98.65%
SCACHE: size: 512 KB assoc: 2
SCACHE: hits:1290972 misses:647465  Hit Ratio: 66.60%
3CACHE: size: 4096 KB assoc: 2
3CACHE: hits:497510 misses:149955  Hit Ratio: 76.84%
3CACHE: dirty items replaced:24575
ITLB: size: 48, misses 124226, miss rate 0.24%
DTLB: size: 128, misses 235710, miss rate 0.45%
Avg mem delay: 4.250 cycles
----------------------------------------
==== Statistics for Master ID: 2 ====
Reads: 85435344   Writes: 13560031
ICACHE: size: 64 KB assoc: 2
ICACHE: hits:48461120 misses:1451946  Hit Ratio: 97.09%
DCACHE: size: 1*32 KB assoc: 1*8
DCACHE: hits:47957218 misses:1127747 writebacks:187476  Hit Ratio: 97.70%
SCACHE: size: 512 KB assoc: 2
SCACHE: hits:1816826 misses:760210  Hit Ratio: 70.50%
3CACHE: size: 4096 KB assoc: 2
3CACHE: hits:605308 misses:154902  Hit Ratio: 79.62%
3CACHE: dirty items replaced:14615
ITLB: size: 48, misses 132177, miss rate 0.26%
DTLB: size: 128, misses 210602, miss rate 0.43%
Avg mem delay: 4.250 cycles
----------------------------------------
==== Statistics for Master ID: 3 ====
Reads: 88725005   Writes: 16588223
ICACHE: size: 64 KB assoc: 2
ICACHE: hits:55654033 misses:21756  Hit Ratio: 99.96%
DCACHE: size: 1*32 KB assoc: 1*8
DCACHE: hits:46746184 misses:2902772 writebacks:1437068  Hit Ratio: 94.15%
SCACHE: size: 512 KB assoc: 2
SCACHE: hits:730476 misses:2182535  Hit Ratio: 25.08%
3CACHE: size: 4096 KB assoc: 2
3CACHE: hits:152353 misses:2030182  Hit Ratio: 6.98%
3CACHE: dirty items replaced:113698
ITLB: size: 48, misses 493, miss rate 0.00%
DTLB: size: 128, misses 158054, miss rate 0.32%
Avg mem delay: 4.250 cycles
----------------------------------------
==== Global Resource Utilization ====
STASH: size: 65536 entries, full 672078275, empty 29272089, misses 2790561, full rate 95.45
icache bank util. 0.097 0.081 0.074 0.088 0.106 0.167 0.100 0.107 
dcache bank util. 0.098 0.112 0.111 0.102 0.113 0.100 0.120 0.097 
L2 bank util. 0.034 0.035 0.034 0.035 0.034 0.033 0.037 0.042 
L1-L2 bus util. = 0.138, L3 util. = 0.116
----------------------------------------

======================== 切片硬件状态 ========================
切片号 | 所属安全域 | 当前状态    | 路扩展 | LRU touched
------------------------------------------------------------------
  0    |   域0      | 正常运行   |  是   |  200999988
  1    |   域0      | 正常运行   |  是   |  200999988
  2    |   域3      | 正常运行   |  否   |  200999999
  3    |   域2      | 正常运行   |  否   |  200999999
==================================================================

branch prediction, hits = 39216290, misses = 5958895, hit rate = 86.81%
return_stack prediction, hits = 4001303, misses = 3663, hit rate = 99.91%
jump prediction, hits = 37373268, misses = 7346305, hit rate = 83.57%
 blockdis_ caconv_
======================== 切片硬件状态 ========================
切片号 | 所属安全域 | 当前状态    | 路扩展 | LRU touched
------------------------------------------------------------------
  0    |   域0      | 正常运行   |  是   |  262799947
  1    |   域0      | 正常运行   |  是   |  262799999
  2    |   域3      | 正常运行   |  否   |  262800000
  3    |   域2      | 正常运行   |  否   |  262799999
==================================================================

[动态重分配] 周期262800000：预约迁移 冗余域0(0%) -> 切片0 -> 饥饿域2(11%)
[切片剥夺] 周期262800000：切片0（所属域0）进入待剥夺状态，禁止新替换
[切片剥夺] 周期262800000：切片0在途请求已清空，开始执行脏行写回
[切片管理] 周期262800777：原域0仅剩1个切片，关闭路扩展模式
[动态重分配] 周期262800777：切片0写回完成，自动绑定到域2
[切片管理] 成功绑定切片0 → 安全域2，触发【路扩展模式】

======================== 切片硬件状态 ========================
切片号 | 所属安全域 | 当前状态    | 路扩展 | LRU touched
------------------------------------------------------------------
  0    |   域2      | 正常运行   |  是   |  262800777
  1    |   域0      | 正常运行   |  否   |  262800772
  2    |   域3      | 正常运行   |  否   |  262800776
  3    |   域2      | 正常运行   |  是   |  262800776
==================================================================


======================== 切片硬件状态 ========================
切片号 | 所属安全域 | 当前状态    | 路扩展 | LRU touched
------------------------------------------------------------------
  0    |   域2      | 正常运行   |  是   |  298099992
  1    |   域0      | 正常运行   |  否   |  298100000
  2    |   域3      | 正常运行   |  否   |  298099996
  3    |   域2      | 正常运行   |  是   |  298099991
==================================================================

[动态重分配] 周期298100000：预约迁移 冗余域2(0%) -> 切片0 -> 饥饿域0(13%)
[切片剥夺] 周期298100000：切片0（所属域2）进入待剥夺状态，禁止新替换
[切片剥夺] 周期298100000：切片0在途请求已清空，开始执行脏行写回
[切片管理] 周期298108978：原域2仅剩1个切片，关闭路扩展模式
[动态重分配] 周期298108978：切片0写回完成，自动绑定到域0
[切片管理] 成功绑定切片0 → 安全域0，触发【路扩展模式】

======================== 切片硬件状态 ========================
切片号 | 所属安全域 | 当前状态    | 路扩展 | LRU touched
------------------------------------------------------------------
  0    |   域0      | 正常运行   |  是   |  298108978
  1    |   域0      | 正常运行   |  是   |  298108970
  2    |   域3      | 正常运行   |  否   |  298108976
  3    |   域2      | 正常运行   |  否   |  298108975
==================================================================


**** Debug Statistics at 301000000 Cycles *****
Threads: 4		Fetch Width: 8
No of useful instructions fetched:	699921837 (29.07% proc util.)
No of total instructions fetched:	1033154789 (42.91% proc util.)
 includes 56103885 misfetch (5.4%), 277129067 (26.8%) wrong-path fetches
 and 0 flushed after failed lock(0.0%)
No of useful instructions issued/executed:	699921798 (29.07% proc util.)
No of total instructions issued/executed:	838567701 (34.82% proc util.)
 includes 138645903 wrong-path (16.5%) insts and 0 flushed (0.0%)
	fp 66586, 0.01%
	synch 0, 0.00%
	integer 555678313, 66.27%
	load/store 282822802, 33.73%
Avg size of int IQ (before scheduling): 23.88
Avg size of fp IQ (before scheduling): 0.01
No of cycles taken:		301000000
Parallelism [ 0.672, 0.000, 0.624, 1.028,] = 2.325
 IQ conflicts: 3327396 (1.11%), FQ conflicts: 0 (0.00%) 
 I reg conflicts: 133755450 (44.44%), FP reg conflicts: 0 (0.00%)
  Activelist confs: 2369 (0.00%), ROB confs: 258184 (0.09%)
  Int unit conflicts: 248800131 (82.66%), FP unit conflicts: 11 (0.00%)
  Load/store unit conflicts: 49876011 (16.57%)
  MSHR conflicts: 188769797 (62.71%)
----------------------------------------
==== System-wide Cache Statistics ====
Stall for miss queue full 24102 cycles (0.00%)
----------------------------------------
==== Statistics for Master ID: 0 ====
Reads: 156410667   Writes: 26914217
ICACHE: size: 64 KB assoc: 2
ICACHE: hits:89081678 misses:2349101  Hit Ratio: 97.43%
DCACHE: size: 2*32 KB assoc: 2*8
DCACHE: hits:90746693 misses:1147750 writebacks:343073  Hit Ratio: 98.75%
SCACHE: size: 512 KB assoc: 2
SCACHE: hits:2432914 misses:1063594  Hit Ratio: 69.58%
3CACHE: size: 4096 KB assoc: 2
3CACHE: hits:866224 misses:197370  Hit Ratio: 81.44%
3CACHE: dirty items replaced:41351
ITLB: size: 48, misses 224397, miss rate 0.25%
DTLB: size: 128, misses 462626, miss rate 0.50%
Avg mem delay: 3.106 cycles
----------------------------------------
==== Statistics for Master ID: 2 ====
Reads: 161049227   Writes: 25145978
ICACHE: size: 64 KB assoc: 2
ICACHE: hits:91945705 misses:2852425  Hit Ratio: 96.99%
DCACHE: size: 1*32 KB assoc: 1*8
DCACHE: hits:89923547 misses:1476469 writebacks:327365  Hit Ratio: 98.38%
SCACHE: size: 512 KB assoc: 2
SCACHE: hits:3131314 misses:1194639  Hit Ratio: 72.38%
3CACHE: size: 4096 KB assoc: 2
3CACHE: hits:1016789 misses:177850  Hit Ratio: 85.11%
3CACHE: dirty items replaced:24134
ITLB: size: 48, misses 197898, miss rate 0.21%
DTLB: size: 128, misses 416959, miss rate 0.46%
Avg mem delay: 3.106 cycles
----------------------------------------
==== Statistics for Master ID: 3 ====
Reads: 182199910   Writes: 29737604
ICACHE: size: 64 KB assoc: 2
ICACHE: hits:113010344 misses:55246  Hit Ratio: 99.95%
DCACHE: size: 1*32 KB assoc: 1*8
DCACHE: hits:94646395 misses:4237046 writebacks:1986508  Hit Ratio: 95.72%
SCACHE: size: 512 KB assoc: 2
SCACHE: hits:1869827 misses:2410948  Hit Ratio: 43.68%
3CACHE: size: 4096 KB assoc: 2
3CACHE: hits:356248 misses:2054700  Hit Ratio: 14.78%
3CACHE: dirty items replaced:121606
ITLB: size: 48, misses 1035, miss rate 0.00%
DTLB: size: 128, misses 270287, miss rate 0.27%
Avg mem delay: 3.106 cycles
----------------------------------------
==== Global Resource Utilization ====
STASH: size: 65536 entries, full 1209255361, empty 46568772, misses 4313941, full rate 95.96
icache bank util. 0.122 0.103 0.095 0.119 0.150 0.191 0.133 0.134 
dcache bank util. 0.111 0.131 0.134 0.120 0.147 0.127 0.155 0.107 
L2 bank util. 0.035 0.037 0.035 0.037 0.036 0.034 0.037 0.040 
L1-L2 bus util. = 0.147, L3 util. = 0.081
----------------------------------------

======================== 切片硬件状态 ========================
切片号 | 所属安全域 | 当前状态    | 路扩展 | LRU touched
------------------------------------------------------------------
  0    |   域0      | 正常运行   |  是   |  300999937
  1    |   域0      | 正常运行   |  是   |  300999854
  2    |   域3      | 正常运行   |  否   |  300999998
  3    |   域2      | 正常运行   |  否   |  300999996
==================================================================

branch prediction, hits = 66405272, misses = 11826312, hit rate = 84.88%
return_stack prediction, hits = 7757290, misses = 5556, hit rate = 99.93%
jump prediction, hits = 64257231, misses = 14324637, hit rate = 81.77%
 calrms_ chroma_
======================== 切片硬件状态 ========================
切片号 | 所属安全域 | 当前状态    | 路扩展 | LRU touched
------------------------------------------------------------------
  0    |   域0      | 正常运行   |  是   |  334399997
  1    |   域0      | 正常运行   |  是   |  334399999
  2    |   域3      | 正常运行   |  否   |  334399999
  3    |   域2      | 正常运行   |  否   |  334400000
==================================================================

[动态重分配] 周期334400000：预约迁移 冗余域0(1%) -> 切片0 -> 饥饿域2(13%)
[切片剥夺] 周期334400000：切片0（所属域0）进入待剥夺状态，禁止新替换
[切片剥夺] 周期334400000：切片0在途请求已清空，开始执行脏行写回
[切片管理] 周期334416474：原域0仅剩1个切片，关闭路扩展模式
[动态重分配] 周期334416474：切片0写回完成，自动绑定到域2
[切片管理] 成功绑定切片0 → 安全域2，触发【路扩展模式】

======================== 切片硬件状态 ========================
切片号 | 所属安全域 | 当前状态    | 路扩展 | LRU touched
------------------------------------------------------------------
  0    |   域2      | 正常运行   |  是   |  334416474
  1    |   域0      | 正常运行   |  否   |  334416453
  2    |   域3      | 正常运行   |  否   |  334416461
  3    |   域2      | 正常运行   |  是   |  334416472
==================================================================


======================== 切片硬件状态 ========================
切片号 | 所属安全域 | 当前状态    | 路扩展 | LRU touched
------------------------------------------------------------------
  0    |   域2      | 正常运行   |  是   |  339299998
  1    |   域0      | 正常运行   |  否   |  339299996
  2    |   域3      | 正常运行   |  否   |  339300000
  3    |   域2      | 正常运行   |  是   |  339300000
==================================================================

[动态重分配] 周期339300000：预约迁移 冗余域2(0%) -> 切片0 -> 饥饿域0(12%)
[切片剥夺] 周期339300000：切片0（所属域2）进入待剥夺状态，禁止新替换
[切片剥夺] 周期339300000：切片0在途请求已清空，开始执行脏行写回
[切片管理] 周期339314641：原域2仅剩1个切片，关闭路扩展模式
[动态重分配] 周期339314641：切片0写回完成，自动绑定到域0
[切片管理] 成功绑定切片0 → 安全域0，触发【路扩展模式】

======================== 切片硬件状态 ========================
切片号 | 所属安全域 | 当前状态    | 路扩展 | LRU touched
------------------------------------------------------------------
  0    |   域0      | 正常运行   |  是   |  339314641
  1    |   域0      | 正常运行   |  是   |  339314582
  2    |   域3      | 正常运行   |  否   |  339314640
  3    |   域2      | 正常运行   |  否   |  339314633
==================================================================


======================== 切片硬件状态 ========================
切片号 | 所属安全域 | 当前状态    | 路扩展 | LRU touched
------------------------------------------------------------------
  0    |   域0      | 正常运行   |  是   |  365399996
  1    |   域0      | 正常运行   |  是   |  365399994
  2    |   域3      | 正常运行   |  否   |  365399996
  3    |   域2      | 正常运行   |  否   |  365400000
==================================================================

[动态重分配] 周期365400000：预约迁移 冗余域0(0%) -> 切片0 -> 饥饿域2(18%)
[切片剥夺] 周期365400000：切片0（所属域0）进入待剥夺状态，禁止新替换
[切片剥夺] 周期365400000：切片0在途请求已清空，开始执行脏行写回
[切片管理] 周期365401517：原域0仅剩1个切片，关闭路扩展模式
[动态重分配] 周期365401517：切片0写回完成，自动绑定到域2
[切片管理] 成功绑定切片0 � sim_aux_config sim_reg_stats cinvar_ clor6_� 安全域2，触发【路扩展模式】

======================== 切片硬件状态 ========================
切片号 | 所属安全域 | 当前状态    | 路扩展 | LRU touched
------------------------------------------------------------------
  0    |   域2      | 正常运行   |  是   |  365401517
  1    |   域0      | 正常运行   |  否   |  365401517
  2    |   域3      | 正常运行   |  否   |  365401413
  3    |   域2      | 正常运行   |  是   |  365401514
==================================================================


======================== 切片硬件状态 ========================
切片号 | 所属安全域 | 当前状态    | 路扩展 | LRU touched
------------------------------------------------------------------
  0    |   域2      | 正常运行   |  是   |  379399974
  1    |   域0      | 正常运行   |  否   |  379399842
  2    |   域3      | 正常运行   |  否   |  379399995
  3    |   域2      | 正常运行   |  是   |  379399999
==================================================================

[动态重分配] 周期379400000：预约迁移 冗余域2(0%) -> 切片0 -> 饥饿域0(17%)
[切片剥夺] 周期379400000：切片0（所属域2）进入待剥夺状态，禁止新替换
[切片剥夺] 周期379400000：切片0在途请求已清空，开始执行脏行写回
[切片管理] 周期379409211：原域2仅剩1个切片，关闭路扩展模式
[动态重分配] 周期379409211：切片0写回完成，自动绑定到域0
[切片管理] 成功绑定切片0 → 安全域0，触发【路扩展模式】

======================== 切片硬件状态 ========================
切片号 | 所属安全域 | 当前状态    | 路扩展 | LRU touched
------------------------------------------------------------------
  0    |   域0      | 正常运行   |  是   |  379409211
  1    |   域0      | 正常运行   |  是   |  379409209
  2    |   域3      | 正常运行   |  否   |  379409211
  3    |   域2      | 正常运行   |  否   |  379409211
==================================================================


======================== 切片硬件状态 ========================
切片号 | 所属安全域 | 当前状态    | 路扩展 | LRU touched
------------------------------------------------------------------
  0    |   域0      | 正常运行   |  是   |  384699991
  1    |   域0      | 正常运行   |  是   |  384700000
  2    |   域3      | 正常运行   |  否   |  384699993
  3    |   域2      | 正常运行   |  否   |  384699946
==================================================================

[动态重分配] 周期384700000：预约迁移 冗余域0(0%) -> 切片0 -> 饥饿域2(11%)
[切片剥夺] 周期384700000：切片0（所属域0）进入待剥夺状态，禁止新替换
[切片剥夺] 周期384700000：切片0在途请求已清空，开始执行脏行写回
[切片管理] 周期384700304：原域0仅剩1个切片，关闭路扩展模式
[动态重分配] 周期384700304：切片0写回完成，自动绑定到域2
[切片管理] 成功绑定切片0 → 安全域2，触发【路扩展模式】

======================== 切片硬件状态 ========================
切片号 | 所属安全域 | 当前状态    | 路扩展 | LRU touched
------------------------------------------------------------------
  0    |   域2      | 正常运行   |  是   |  384700304
  1    |   域0      | 正常运行   |  否   |  384700073
  2    |   域3      | 正常运行   |  否   |  384700085
  3    |   域2      | 正常运行   |  是   |  384700071
==================================================================


**** Debug Statistics at 401000000 Cycles *****
Threads: 4		Fetch Width: 8
No of useful instructions fetched:	1026933195 (32.01% proc util.)
No of total instructions fetched:	1533136404 (47.79% proc util.)
 includes 80186108 misfetch (5.2%), 426017101 (27.8%) wrong-path fetches
 and 0 flushed after failed lock(0.0%)
No of useful instructions issued/executed:	1026933179 (32.01% proc util.)
No of total instructions issued/executed:	1240781662 (38.68% proc util.)
 includes 213848483 wrong-path (17.2%) insts and 0 flushed (0.0%)
	fp 82561, 0.01%
	synch 0, 0.00%
	integer 824844157, 66.48%
	load/store 415854944, 33.52%
Avg size of int IQ (before scheduling): 24.14
Avg size of fp IQ (before scheduling): 0.01
No of cycles taken:		401000000
Parallelism [ 0.708, 0.000, 0.685, 1.168,] = 2.561
 IQ conflicts: 4712123 (1.18%), FQ conflicts: 0 (0.00%) 
 I reg conflicts: 152148654 (37.94%), FP reg conflicts: 0 (0.00%)
  Activelist confs: 2828 (0.00%), ROB confs: 423968 (0.11%)
  Int unit conflicts: 396181704 (98.80%), FP unit conflicts: 11 (0.00%)
  Load/store unit conflicts: 74047120 (18.47%)
  MSHR conflicts: 207415884 (51.72%)
----------------------------------------
==== System-wide Cache Statistics ====
Stall for miss queue full 25381 cycles (0.00%)
----------------------------------------
==== Statistics for Master ID: 0 ====
Reads: 225768983   Writes: 38058451
ICACHE: size: 64 KB assoc: 2
ICACHE: hits:128825760 misses:3548947  Hit Ratio: 97.32%
DCACHE: size: 1*32 KB assoc: 1*8
DCACHE: hits:129909826 misses:1543735 writebacks:456660  Hit Ratio: 98.83%
SCACHE: size: 512 KB assoc: 2
SCACHE: hits:3576498 misses:1515346  Hit Ratio: 70.24%
3CACHE: size: 4096 KB assoc: 2
3CACHE: hits:1247985 misses:267361  Hit Ratio: 82.36%
3CACHE: dirty items replaced:72916
ITLB: size: 48, misses 330145, miss rate 0.25%
DTLB: size: 128, misses 631275, miss rate 0.48%
Avg mem delay: 2.638 cycles
----------------------------------------
==== Statistics for Master ID: 2 ====
Reads: 235435439   Writes: 36942642
ICACHE: size: 64 KB assoc: 2
ICACHE: hits:134593775 misses:4072216  Hit Ratio: 97.06%
DCACHE: size: 2*32 KB assoc: 2*8
DCACHE: hits:131783748 misses:1931687 writebacks:473049  Hit Ratio: 98.56%
SCACHE: size: 512 KB assoc: 2
SCACHE: hits:4382562 misses:1617996  Hit Ratio: 73.04%
3CACHE: size: 4096 KB assoc: 2
3CACHE: hits:1381172 misses:236824  Hit Ratio: 85.36%
3CACHE: dirty items replaced:48763
ITLB: size: 48, misses 290419, miss rate 0.21%
DTLB: size: 128, misses 583120, miss rate 0.44%
Avg mem delay: 2.638 cycles
----------------------------------------
==== Statistics for Master ID: 3 ====
Reads: 279033203   Writes: 43160316
ICACHE: size: 64 KB assoc: 2
ICACHE: hits:172341818 misses:90399  Hit Ratio: 99.95%
DCACHE: size: 1*32 KB assoc: 1*8
DCACHE: hits:144054758 misses:5718061 writebacks:2573539  Hit Ratio: 96.18%
SCACHE: size: 512 KB assoc: 2
SCACHE: hits:3133593 misses:2663349  Hit Ratio: 54.06%
3CACHE: size: 4096 KB assoc: 2
3CACHE: hits:576032 misses:2087317  Hit Ratio: 21.63%
3CACHE: dirty items replaced:135934
ITLB: size: 48, misses 1638, miss rate 0.00%
DTLB: size: 128, misses 344436, miss rate 0.23%
Avg mem delay: 2.638 cycles
----------------------------------------
==== Global Resource Utilization ====
STASH: size: 65536 entries, full 1754566319, empty 64760100, misses 5881255, full rate 96.13
icache bank util. 0.134 0.114 0.105 0.133 0.171 0.206 0.150 0.150 
dcache bank util. 0.121 0.142 0.146 0.133 0.162 0.134 0.173 0.117 
L2 bank util. 0.036 0.038 0.036 0.038 0.037 0.035 0.037 0.039 
L1-L2 bus util. = 0.153, L3 util. = 0.065
----------------------------------------

======================== 切片硬件状态 ========================
切片号 | 所属安全域 | 当前状态    | 路扩展 | LRU touched
------------------------------------------------------------------
  0    |   域2      | 正常运行   |  是   |  400999996
  1    |   域0      | 正常运行   |  否   |  400999999
  2    |   域3      | 正常运行   |  否   |  400999995
  3    |   域2      | 正常运行   |  是   |  400999993
==================================================================

branch prediction, hits = 93582987, misses = 17526971, hit rate = 84.23%
return_stack prediction, hits = 11383032, misses = 8442, hit rate = 99.93%
jump prediction, hits = 92241212, misses = 20592700, hit rate = 81.75%
 sim_init sim_aux_stats sim_uninit ruu_init ruu_dumpent ruu_dump lsq_init lsq_dump rslink_init
======================== 切片硬件状态 ========================
切片号 | 所属安全域 | 当前状态    | 路扩展 | LRU touched
------------------------------------------------------------------
  0    |   域2      | 正常运行   |  是   |  413699755
  1    |   域0      | 正常运行   |  否   |  413699908
  2    |   域3      | 正常运行   |  否   |  413699937
  3    |   域2      | 正常运行   |  是   |  413699755
==================================================================

[动态重分配] 周期413700000：预约迁移 冗余域2(0%) -> 切片0 -> 饥饿域0(26%)
[切片剥夺] 周期413700000：切片0（所属域2）进入待剥夺状态，禁止新替换
[切片剥夺] 周期413700000：切片0在途请求已清空，开始执行脏行写回
[切片管理] 周期413710344：原域2仅剩1个切片，关闭路扩展模式
[动态重分配] 周期413710344：切片0写回完成，自动绑定到域0
[切片管理] 成功绑定切片0 → 安全域0，触发【路扩展模式】

======================== 切片硬件状态 ========================
切片号 | 所属安全域 | 当前状态    | 路扩展 | LRU touched
------------------------------------------------------------------
  0    |   域0      | 正常运行   |  是   |  413710344
  1    |   域0      | 正常运行   |  是   |  413710304
  2    |   域3      | 正常运行   |  否   |  413710343
  3    |   域2      | 正常运行   |  否   |  413710067
==================================================================


======================== 切片硬件状态 ========================
切片号 | 所属安全域 | 当前状态    | 路扩展 | LRU touched
------------------------------------------------------------------
  0    |   域0      | 正常运行   |  是   |  428899994
  1    |   域0      | 正常运行   |  是   |  428899985
  2    |   域3      | 正常运行   |  否   |  428899998
  3    |   域2      | 正常运行   |  否   |  428899901
==================================================================

[动态重分配] 周期428900000：预约迁移 冗余域0(0%) -> 切片0 -> 饥饿域2(44%)
[切片剥夺] 周期428900000：切片0（所属域0）进入待剥夺状态，禁止新替换
[切片剥夺] 周期428900000：切片0在途请求已清空，开始执行脏行写回
有1切片写回中，跳过本次重分配
[切片管理] 周期429075243：原域0仅剩1个切片，关闭路扩展模式
[动态重分配] 周期429075243：切片0写回完成，自动绑定到域2
[切片管理] 成功绑定切片0 → 安全域2，触发【路扩展模式】

======================== 切片硬件状态 ========================
切片号 | 所属安全域 | 当前状态    | 路扩展 | LRU touched
------------------------------------------------------------------
  0    |   域2      | 正常运行   |  是   |  429075243
  1    |   域0      | 正常运行   |  否   |  429075243
  2    |   域3      | 正常运行   |  否   |  429075240
  3    |   域2      | 正常运行   |  是   |  429075157
==================================================================


======================== 切片硬件状态 ========================
切片号 | 所属安全域 | 当前状态    | 路扩展 | LRU touched
------------------------------------------------------------------
  0    |   域2      | 正常运行   |  是   |  445599984
  1    |   域0      | 正常运行   |  否   |  445599985
  2    |   域3      | 正常运行   |  否   |  445599977
  3    |   域2      | 正常运行   |  是   |  445599980
==================================================================

[动态重分配] 周期445600000：预约迁移 冗余域2(0%) -> 切片0 -> 饥饿域0(32%)
[切片剥夺] 周期445600000：切片0（所属域2）进入待剥夺状态，禁止新替换
[切片剥夺] 周期445600000：切片0在途请求已清空，开始执行脏行写回
[切片管理] 周期445616769：原域2仅剩1个切片，关闭路扩展模式
[动态重分配] 周期445616769：切片0写回完成，自动绑定� ruu_release_fu eventq_init eventq_dump eventq_queue_event eventq_next_event readyq_init readyq_dump readyq_enqueue cv_init cv_dump ruu_commit ruu_recover ruu_writeback lsq_refresh ruu_issue��域0
[切片管理] 成功绑定切片0 → 安全域0，触发【路扩展模式】

======================== 切片硬件状态 ========================
切片号 | 所属安全域 | 当前状态    | 路扩展 | LRU touched
------------------------------------------------------------------
  0    |   域0      | 正常运行   |  是   |  445616769
  1    |   域0      | 正常运行   |  是   |  445616769
  2    |   域3      | 正常运行   |  否   |  445616763
  3    |   域2      | 正常运行   |  否   |  445616753
==================================================================


======================== 切片硬件状态 ========================
切片号 | 所属安全域 | 当前状态    | 路扩展 | LRU touched
------------------------------------------------------------------
  0    |   域0      | 正常运行   |  是   |  459099994
  1    |   域0      | 正常运行   |  是   |  459100000
  2    |   域3      | 正常运行   |  否   |  459100000
  3    |   域2      | 正常运行   |  否   |  459099929
==================================================================

[动态重分配] 周期459100000：预约迁移 冗余域0(0%) -> 切片0 -> 饥饿域2(24%)
[切片剥夺] 周期459100000：切片0（所属域0）进入待剥夺状态，禁止新替换
[切片剥夺] 周期459100028：切片0在途请求已清空，开始执行脏行写回
[切片管理] 周期459121436：原域0仅剩1个切片，关闭路扩展模式
[动态重分配] 周期459121436：切片0写回完成，自动绑定到域2
[切片管理] 成功绑定切片0 → 安全域2，触发【路扩展模式】

======================== 切片硬件状态 ========================
切片号 | 所属安全域 | 当前状态    | 路扩展 | LRU touched
------------------------------------------------------------------
  0    |   域2      | 正常运行   |  是   |  459121436
  1    |   域0      | 正常运行   |  否   |  459121436
  2    |   域3      | 正常运行   |  否   |  459121432
  3    |   域2      | 正常运行   |  是   |  459121380
==================================================================


======================== 切片硬件状态 ========================
切片号 | 所属安全域 | 当前状态    | 路扩展 | LRU touched
------------------------------------------------------------------
  0    |   域2      | 正常运行   |  是   |  469999989
  1    |   域0      | 正常运行   |  否   |  469999996
  2    |   域3      | 正常运行   |  否   |  469999992
  3    |   域2      | 正常运行   |  是   |  469999989
==================================================================

[动态重分配] 周期470000000：预约迁移 冗余域2(0%) -> 切片0 -> 饥饿域0(12%)
[切片剥夺] 周期470000000：切片0（所属域2）进入待剥夺状态，禁止新替换
[切片剥夺] 周期470000000：切片0在途请求已清空，开始执行脏行写回
[切片管理] 周期470007977：原域2仅剩1个切片，关闭路扩展模式
[动态重分配] 周期470007977：切片0写回完成，自动绑定到域0
[切片管理] 成功绑定切片0 → 安全域0，触发【路扩展模式】

======================== 切片硬件状态 ========================
切片号 | 所属安全域 | 当前状态    | 路扩展 | LRU touched
------------------------------------------------------------------
  0    |   域0      | 正常运行   |  是   |  470007977
  1    |   域0      | 正常运行   |  是   |  470007973
  2    |   域3      | 正常运行   |  否   |  470007977
  3    |   域2      | 正常运行   |  否   |  470007977
==================================================================


======================== 切片硬件状态 ========================
切片号 | 所属安全域 | 当前状态    | 路扩展 | LRU touched
------------------------------------------------------------------
  0    |   域0      | 正常运行   |  是   |  492799993
  1    |   域0      | 正常运行   |  是   |  492799995
  2    |   域3      | 正常运行   |  否   |  492799995 rspec_dump tracer_recover
  3    |   域2      | 正常运行   |  否   |  492799999
==================================================================

[动态重分配] 周期492800000：预约迁移 冗余域0(0%) -> 切片0 -> 饥饿域2(40%)
[切片剥夺] 周期492800000：切片0（所属域0）进入待剥夺状态，禁止新替换
[切片剥夺] 周期492800000：切片0在途请求已清空，开始执行脏行写回
[切片管理] 周期492833421：原域0仅剩1个切片，关闭路扩展模式
[动态重分配] 周期492833421：切片0写回完成，自动绑定到域2
[切片管理] 成功绑定切片0 → 安全域2，触发【路扩展模式】

======================== 切片硬件状态 ========================
切片号 | 所属安全域 | 当前状态    | 路扩展 | LRU touched
------------------------------------------------------------------
  0    |   域2      | 正常运行   |  是   |  492833421
  1    |   域0      | 正常运行   |  否   |  492833421
  2    |   域3      | 正常运行   |  否   |  492833418
  3    |   域2      | 正常运行   |  是   |  492833415
==================================================================


**** Debug Statistics at 501000000 Cycles *****
Threads: 4		Fetch Width: 8
No of useful instructions fetched:	1329697694 (33.18% proc util.)
No of total instructions fetched:	1995794122 (49.80% proc util.)
 includes 100827078 misfetch (5.1%), 565269350 (28.3%) wrong-path fetches
 and 0 flushed after failed lock(0.0%)
No of useful instructions issued/executed:	1329697663 (33.18% proc util.)
No of total instructions issued/executed:	1615578838 (40.31% proc util.)
 includes 285881175 wrong-path (17.7%) insts and 0 flushed (0.0%)
	fp 92845, 0.01%
	synch 0, 0.00%
	integer 1076390712, 66.63%
	load/store 539095281, 33.37%
Avg size of int IQ (before scheduling): 24.51
Avg size of fp IQ (before scheduling): 0.01
No of cycles taken:		501000000
Parallelism [ 0.728, 0.000, 0.681, 1.245,] = 2.654
 IQ conflicts: 7491428 (1.50%), FQ conflicts: 0 (0.00%) 
 I reg conflicts: 174406197 (34.81%), FP reg conflicts: 0 (0.00%)
  Activelist confs: 3669 (0.00%), ROB confs: 588851 (0.12%)
  Int unit conflicts: 521680584 (104.13%), FP unit conflicts: 11 (0.00%)
  Load/store unit conflicts: 94875739 (18.94%)
  MSHR conflicts: 226269478 (45.16%)
----------------------------------------
==== System-wide Cache Statistics ====
Stall for miss queue full 28599 cycles (0.00%)
----------------------------------------
==== Statistics for Master ID: 0 ====
Reads: 295663772   Writes: 49755895
ICACHE: size: 64 KB assoc: 2
ICACHE: hits:168621245 misses:4700312  Hit Ratio: 97.29%
DCACHE: size: 1*32 KB assoc: 1*8
DCACHE: hits:170049607 misses:2050231 writebacks:636436  Hit Ratio: 98.81%
SCACHE: size: 512 KB assoc: 2
SCACHE: hits:4727634 misses:2021177  Hit Ratio: 70.05%
3CACHE: size: 4096 KB assoc: 2
3CACHE: hits:1674207 misses:346969  Hit Ratio: 82.83%
3CACHE: dirty items replaced:114304
ITLB: size: 48, misses 431807, miss rate 0.25%
DTLB: size: 128, misses 804482, miss rate 0.47%
Avg mem delay: 2.443 cycles
----------------------------------------
==== Statistics for Master ID: 2 ====
Reads: 292345671   Writes: 45938812
ICACHE: size: 64 KB assoc: 2
ICACHE: hits:167346068 misses:5313800  Hit Ratio: 96.92%
DCACHE: size: 2*32 KB assoc: 2*8
DCACHE: hits:163358453 misses:2270223 writebacks:568503  Hit Ratio: 98.63%
SCACHE: size: 512 KB assoc: 2
SCACHE: hits:5381324 misses:2198638  Hit Ratio: 70.99%
3CACHE: size: 4096 KB assoc: 2
3CACHE: hits:1858436 misses:340202  Hit Ratio: 84.53%
3CACHE: dirty items replaced:99369
ITLB: size: 48, misses 411673, miss rate 0.24%
DTLB: size: 128, misses 741007, miss rate 0.45%
Avg mem delay: 2.443 cycles
----------------------------------------
==== Statistics for Master ID: 3 ====
Reads: 373756064   Writes: 56513709
ICACHE: size: 64 KB assoc: 2
ICACHE: hits:229935454 misses:118604  Hit Ratio: 99.95%
DCACHE: size: 1*32 KB assoc: 1*8
DCACHE: hits:193062475 misses:7164757 writebacks:3151602  Hit Ratio: 96.42%
SCACHE: size: 512 KB assoc: 2
SCACHE: hits:4325212 misses:2946632  Hit Ratio: 59.48%
3CACHE: size: 4096 KB assoc: 2
3CACHE: hits:809962 misses:2136670  Hit Ratio: 27.49%
3CACHE: dirty items replaced:163607
ITLB: size: 48, misses 2254, miss rate 0.00%
DTLB: size: 128, misses 409289, miss rate 0.20%
Avg mem delay: 2.443 cycles
----------------------------------------
==== Global Resource Utilization ====
STASH: size: 65536 entries, full 2257442525, empty 84485174, misses 7578449, full rate 96.08
icache bank util. 0.140 0.118 0.108 0.138 0.181 0.211 0.158 0.157 
dcache bank util. 0.126 0.147 0.151 0.140 0.170 0.133 0.180 0.121 
L2 bank util. 0.037 0.038 0.037 0.038 0.037 0.035 0.037 0.039 
L1-L2 bus util. = 0.155, L3 util. = 0.056
----------------------------------------

======================== 切片硬件状态 ========================
切片号 | 所属安全域 | 当前状态    | 路扩展 | LRU touched
------------------------------------------------------------------
  0    |   域2      | 正常运行   |  是   |  500999994
  1    |   域0      | 正常运行   |  否   |  500999989
  2    |   域3      | 正常运行   |  否   |  500999997
  3    |   域2      | 正常运行   |  是   |  500999989
==================================================================

branch prediction, hits = 117861094, misses = 22702487, hit rate = 83.85%
return_stack prediction, hits = 14754543, misses = 13385, hit rate = 99.91%
jump prediction, hits = 118165607, misses = 25992193, hit rate = 81.97%
 tracer_init spec_mem_access mspec_dump simoo_mem_obj clorb_ ruu_link_idep ruu_install_odep InstSRA InstSRAV InstMULT InstMULTU simoo_reg_obj clorb2_
======================== 切片硬件状态 ========================
切片号 | 所属安全域 | 当前状态    | 路扩展 | LRU touched
------------------------------------------------------------------
  0    |   域2      | 正常运行   |  是   |  517499970
  1    |   域0      | 正常运行   |  否   |  517500000
  2    |   域3      | 正常运行   |  否   |  517499998
  3    |   域2      | 正常运行   |  是   |  517499993
==================================================================

[动态重分配] 周期517500000：预约迁移 冗余域2(0%) -> 切片0 -> 饥饿域0(20%)
[切片剥夺] 周期517500000：切片0（所属域2）进入待剥夺状态，禁止新替换
[切片剥夺] 周期517500108：切片0在途请求已清空，开始执行脏行写回
[切片管理] 周期517532287：原域2仅剩1个切片，关闭路扩展模式
[动态重分配] 周期517532287：切片0写回完成，自动绑定到域0
[切片管理] 成功绑定切片0 → 安全域0，触发【路扩展模式】

======================== 切片硬件状态 ========================
切片号 | 所属安全域 | 当前状态    | 路扩展 | LRU touched
------------------------------------------------------------------
  0    |   域0      | 正常运行   |  是   |  517532287
  1    |   域0      | 正常运行   |  是   |  517532273
  2    |   域3      | 正常运行   |  否   |  517532273
  3    |   域2      | 正常运行   |  否   |  517532246
==================================================================


**** Debug Statistics at 601000000 Cycles *****
Threads: 4		Fetch Width: 8
No of useful instructions fetched:	1649622012 (34.31% proc util.)
No of total instructions fetched:	2485650240 (51.70% proc util.)
 includes 123401196 misfetch (5.0%), 712627032 (28.7%) wrong-path fetches
 and 0 flushed after failed lock(0.0%)
No of useful instructions issued/executed:	1649622009 (34.31% proc util.)
No of total instructions issued/executed:	2010442676 (41.81% proc util.)
 includes 360820667 wrong-path (17.9%) insts and 0 flushed (0.0%)
	fp 112820, 0.01%
	synch 0, 0.00%
	integer 1341058332, 66.70%
	load/store 669271524, 33.29%
Avg size of int IQ (before scheduling): 24.62
Avg size of fp IQ (before scheduling): 0.01
No of cycles taken:		601000000
Parallelism [ 0.748, 0.000, 0.690, 1.307,] = 2.745
 IQ conflicts: 8971639 (1.49%), FQ conflicts: 0 (0.00%) 
 I reg conflicts: 193811343 (32.25%), FP reg conflicts: 0 (0.00%)
  Activelist confs: 4817 (0.00%), ROB confs: 678997 (0.11%)
  Int unit conflicts: 662665232 (110.26%), FP unit conflicts: 12 (0.00%)
  Load/store unit conflicts: 117690268 (19.58%)
  MSHR conflicts: 243037049 (40.44%)
----------------------------------------
==== System-wide Cache Statistics ====
Stall for miss queue full 28874 cycles (0.00%)
----------------------------------------
==== Statistics for Master ID: 0 ====
Reads: 366390198   Writes: 61188097
ICACHE: size: 64 KB assoc: 2
ICACHE: hits:209344296 misses:5801874  Hit Ratio: 97.30%
DCACHE: size: 2*32 KB assoc: 2*8
DCACHE: hits:209966405 misses:2467448 writebacks:761489  Hit Ratio: 98.84%
SCACHE: size: 512 KB assoc: 2
SCACHE: hits:5765813 misses:2501776  Hit Ratio: 69.74%
3CACHE: size: 4096 KB assoc: 2
3CACHE: hits:2073695 misses:428079  Hit Ratio: 82.89%
3CACHE: dirty items replaced:158047
ITLB: size: 48, misses 525407, miss rate 0.24%
DTLB: size: 128, misses 966547, miss rate 0.45%
Avg mem delay: 2.283 cycles
----------------------------------------
==== Statistics for Master ID: 2 ====
Reads: 357887615   Writes: 56497060
ICACHE: size: 64 KB assoc: 2
ICACHE: hits:204770238 misses:6698682  Hit Ratio: 96.83%
DCACHE: size: 1*32 KB assoc: 1*8
DCACHE: hits:200311088 misses:2608914 writebacks:671498  Hit Ratio: 98.71%
SCACHE: size: 512 KB assoc: 2
SCACHE: hits:6619267 misses:2684082  Hit Ratio: 71.15%
3CACHE: size: 4096 KB assoc: 2
3CACHE: hits:2271796 misses:412285  Hit Ratio: 84.64%
3CACHE: dirty items replaced:137399
ITLB: size: 48, misses 526221, miss rate 0.25%
DTLB: size: 128, misses 884312, miss rate 0.44%
Avg mem delay: 2.283 cycles
----------------------------------------
==== Statistics for Master ID: 3 ====
Reads: 471900592   Writes: 70470844
ICACHE: size: 64 KB assoc: 2
ICACHE: hits:289693599 misses:149776  Hit Ratio: 99.95%
DCACHE: size: 1*32 KB assoc: 1*8
DCACHE: hits:243913917 misses:8625661 writebacks:3744989  Hit Ratio: 96.58%
SCACHE: size: 512 KB assoc: 2
SCACHE: hits:5560491 misses:3203429  Hit Ratio: 63.45%
3CACHE: size: 4096 KB assoc: 2
3CACHE: hits:1028772 misses:2174657  Hit Ratio: 32.11%
3CACHE: dirty items replaced:183328
ITLB: size: 48, misses 2852, miss rate 0.00%
DTLB: size: 128, misses 476618, miss rate 0.19%
Avg mem delay: 2.283 cycles
----------------------------------------
==== Global Resource Utilization ====
STASH: size: 65536 entries, full 2791435742, empty 103449755, misses 9207546, full rate 96.12
icache bank util. 0.145 0.122 0.112 0.144 0.188 0.215 0.164 0.164 
dcache bank util. 0.129 0.152 0.159 0.145 0.175 0.133 0.186 0.126 
L2 bank util. 0.037 0.039 0.037 0.039 0.038 0.036 0.037 0.039 
L1-L2 bus util. = 0.157, L3 util. = 0.050
----------------------------------------

======================== 切片硬件状态 ========================
切片号 | 所属安全域 | 当前状态    | 路扩展 | LRU touched
------------------------------------------------------------------
  0    |   域0      | 正常运行   |  是   |  600999998
  1    |   域0      | 正常运行   |  是   |  600999998
  2    |   域3      | 正常运行   |  否   |  600999999
  3    |   域2      | 正常运行   |  否   |  600999979
==================================================================

branch prediction, hits = 144062266, misses = 28208257, hit rate = 83.63%
return_stack prediction, hits = 18373547, misses = 18828, hit rate = 99.90%
jump prediction, hits = 145497577, misses = 31920482, hit rate = 82.01%
 combel_ ruu_dispatch comnul_
======================== 切片硬件状态 ========================
切片号 | 所属安全域 | 当前状态    | 路扩展 | LRU touched
------------------------------------------------------------------
  0    |   域0      | 正常运行   |  是   |  676799920
  1    |   域0      | 正常运行   |  是   |  676799921
  2    |   域3      | 正常运行   |  否   |  676799956
  3    |   域2      | 正常运行   |  否   |  676799956
==================================================================

[动态重分配] 周期676800000：预约迁移 冗余域0(0%) -> 切片0 -> 饥饿域2(12%)
[切片剥夺] 周期676800000：切片0（所属域0）进入待剥夺状态，禁止新替换
[切片剥夺] 周期676800000：切片0在途请求已清空，开始执行脏行写回
[切片管理] 周期676812058：原域0仅剩1个切片，关闭路扩展模式
[动态重分配] 周期676812058：切片0写回完成，自动绑定到域2
[切片管理] 成功绑定切片0 → 安全域2，触发【路扩展模式】

======================== 切片硬件状态 ========================
切片号 | 所属安全域 | 当前状态    | 路扩展 | LRU touched
------------------------------------------------------------------
  0    |   域2      | 正常运行   |  是   |  676812058
  1    |   域0      | 正常运行   |  否   |  676812032
  2    |   域3      | 正常运行   |  否   |  676812043
  3    |   域2      | 正常运行   |  是   |  676812044
==================================================================


**** Debug Statistics at 701000000 Cycles *****
Threads: 4		Fetch Width: 8
No of useful instructions fetched:	1953617408 (34.84% proc util.)
No of total instructions fetched:	2944054951 (52.50% proc util.)
 includes 142706132 misfetch (4.8%), 847731411 (28.8%) wrong-path fetches
 and 0 flushed after failed lock(0.0%)
No of useful instructions issued/executed:	1953617365 (34.84% proc util.)
No of total instructions issued/executed:	2385346643 (42.53% proc util.)
 includes 431729278 wrong-path (18.1%) insts and 0 flushed (0.0%)
	fp 123821, 0.01%
	synch 0, 0.00%
	integer 1592029586, 66.74%
	load/store 793193236, 33.25%
Avg size of int IQ (before scheduling): 24.93
Avg size of fp IQ (before scheduling): 0.01
No of cycles taken:		701000000
Parallelism [ 0.745, 0.000, 0.692, 1.349,] = 2.787
 IQ conflicts: 10994451 (1.57%), FQ conflicts: 0 (0.00%) 
 I reg conflicts: 217424446 (31.02%), FP reg conflicts: 0 (0.00%)
  Activelist confs: 5281 (0.00%), ROB confs: 797386 (0.11%)
  Int unit conflicts: 795264733 (113.45%), FP unit conflicts: 12 (0.00%)
  Load/store unit conflicts: 140934959 (20.10%)
  MSHR conflicts: 268848759 (38.35%)
----------------------------------------
==== System-wide Cache Statistics ====
Stall for miss queue full 29616 cycles (0.00%)
----------------------------------------
==== Statistics for Master ID: 0 ====
Reads: 428785321   Writes: 71719680
ICACHE: size: 64 KB assoc: 2
ICACHE: hits:244844780 misses:6967515  Hit Ratio: 97.23%
DCACHE: size: 1*32 KB assoc: 1*8
DCACHE: hits:245736789 misses:2957969 writebacks:842846  Hit Ratio: 98.81%
SCACHE: size: 512 KB assoc: 2
SCACHE: hits:6934919 misses:2988509  Hit Ratio: 69.88%
3CACHE: size: 4096 KB assoc: 2
3CACHE: hits:2483123 misses:505386  Hit Ratio: 83.09%
3CACHE: dirty items replaced:204583
ITLB: size: 48, misses 644801, miss rate 0.26%
DTLB: size: 128, misses 1150219, miss rate 0.46%
Avg mem delay: 2.197 cycles
----------------------------------------
==== Statistics for Master ID: 2 ====
Reads: 417901807   Writes: 67086521
ICACHE: size: 64 KB assoc: 2
ICACHE: hits:238647728 misses:7948559  Hit Ratio: 96.78%
DCACHE: size: 2*32 KB assoc: 2*8
DCACHE: hits:235414222 misses:2982066 writebacks:796638  Hit Ratio: 98.75%
SCACHE: size: 512 KB assoc: 2
SCACHE: hits:7703059 misses:3223319  Hit Ratio: 70.50%
3CACHE: size: 4096 KB assoc: 2
3CACHE: hits:2697826 misses:525493  Hit Ratio: 83.70%
3CACHE: dirty items replaced:208019
ITLB: size: 48, misses 653980, miss rate 0.27%
DTLB: size: 128, misses 1027984, miss rate 0.43%
Avg mem delay: 2.197 cycles
----------------------------------------
==== Statistics for Master ID: 3 ====
Reads: 568355696   Writes: 84332367
ICACHE: size: 64 KB assoc: 2
ICACHE: hits:347968314 misses:175783  Hit Ratio: 99.95%
DCACHE: size: 1*32 KB assoc: 1*8
DCACHE: hits:294498805 misses:10056678 writebacks:4333530  Hit Ratio: 96.70%
SCACHE: size: 512 KB assoc: 2
SCACHE: hits:6741187 misses:3479757  Hit Ratio: 65.95%
3CACHE: size: 4096 KB assoc: 2
3CACHE: hits:1266581 misses:2213176  Hit Ratio: 36.40%
3CACHE: dirty items replaced:204378
ITLB: size: 48, misses 3499, miss rate 0.00%
DTLB: size: 128, misses 544735, miss rate 0.18%
Avg mem delay: 2.197 cycles
----------------------------------------
==== Global Resource Utilization ====
STASH: size: 65536 entries, full 3290323820, empty 122702206, misses 10871639, full rate 96.10
icache bank util. 0.147 0.124 0.114 0.146 0.190 0.215 0.167 0.168 
dcache bank util. 0.132 0.154 0.162 0.147 0.178 0.131 0.190 0.129 
L2 bank util. 0.037 0.039 0.037 0.039 0.038 0.036 0.037 0.039 
L1-L2 bus util. = 0.159, L3 util. = 0.046
----------------------------------------

======================== 切片硬件状态 ========================
切片号 | 所属安全域 | 当前状态    | 路扩展 | LRU touched
------------------------------------------------------------------
  0    |   域2      | 正常运行   |  是   |  700999993
  1    |   域0      | 正常运行   |  否   |  700999999
  2    |   域3      | 正常运行   |  否   |  700999997
  3    |   域2      | 正常运行   |  是   |  700999999
==================================================================

branch prediction, hits = 167837168, misses = 32893552, hit rate = 83.61%
return_stack prediction, hits = 21752806, misses = 28300, hit rate = 99.87%
jump prediction, hits = 170895067, misses = 36991847, hit rate = 82.21%

**** Early Exiting at 718249931 Cycles *****
========================================
 SMTSIM Global Statistics
========================================
Threads: 4		Fetch Width: 8
No of useful instructions fetched:	2000000036 (34.81% proc util.)
No of total instructions fetched:	3014421011 (52.46% proc util.)
 includes 145718176 misfetch (4.8%), 868702799 (28.8%) wrong-path fetches
 and 0 flushed after failed lock(0.0%)
No of useful instructions issued/executed:	2000000010 (34.81% proc util.)
No of total instructions issued/executed:	2443136414 (42.52% proc util.)
 includes 443136404 wrong-path (18.1%) insts and 0 flushed (0.0%)
	fp 123843, 0.01%
	synch 0, 0.00%
	integer 1630202761, 66.73%
	load/store 812809810, 33.27%
Avg size of int IQ (before scheduling): 25.03
Avg size of fp IQ (before scheduling): 0.01
No of cycles taken:		718249931
Parallelism [ 0.742, 0.000, 0.691, 1.352,] = 2.785
 IQ conflicts: 11588029 (1.61%), FQ conflicts: 0 (0.00%) 
 I reg conflicts: 222704804 (31.01%), FP reg conflicts: 0 (0.00%)
  Activelist confs: 5355 (0.00%), ROB confs: 822208 (0.11%)
  Int unit conflicts: 813244645 (113.23%), FP unit conflicts: 12 (0.00%)
  Load/store unit conflicts: 145128274 (20.21%)
  MSHR conflicts: 276805902 (38.54%)
----------------------------------------
==== System-wide Cache Statistics ====
Stall for miss queue full 29616 cycles (0.00%)
----------------------------------------
==== Statistics for Master ID: 0 ====
Reads: 438968641   Writes: 73389457
ICACHE: size: 64 KB assoc: 2
ICACHE: hits:250672264 misses:7110672  Hit Ratio: 97.24%
DCACHE: size: 1*32 KB assoc: 1*8
DCACHE: hits:251410586 misses:3166628 writebacks:863349  Hit Ratio: 98.76%
SCACHE: size: 512 KB assoc: 2
SCACHE: hits:7200273 misses:3074971  Hit Ratio: 70.07%
3CACHE: size: 4096 KB assoc: 2
3CACHE: hits:2563769 misses:511202  Hit Ratio: 83.38%
3CACHE: dirty items replaced:208592
ITLB: size: 48, misses 657532, miss rate 0.26%
DTLB: size: 128, misses 1215027, miss rate 0.48%
Avg mem delay: 2.199 cycles
----------------------------------------
==== Statistics for Master ID: 2 ====
Reads: 426895317   Writes: 68748203
ICACHE: size: 64 KB assoc: 2
ICACHE: hits:243769248 misses:8170490  Hit Ratio: 96.76%
DCACHE: size: 2*32 KB assoc: 2*8
DCACHE: hits:240679519 misses:3028510 writebacks:821502  Hit Ratio: 98.76%
SCACHE: size: 512 KB assoc: 2
SCACHE: hits:7881897 misses:3312856  Hit Ratio: 70.41%
3CACHE: size: 4096 KB assoc: 2
3CACHE: hits:2770613 misses:542243  Hit Ratio: 83.63%
3CACHE: dirty items replaced:219445
ITLB: size: 48, misses 677055, miss rate 0.27%
DTLB: size: 128, misses 1061295, miss rate 0.44%
Avg mem delay: 2.199 cycles
----------------------------------------
==== Statistics for Master ID: 3 ====
Reads: 583453584   Writes: 86675724
ICACHE: size: 64 KB assoc: 2
ICACHE: hits:357017852 misses:179419  Hit Ratio: 99.95%
DCACHE: size: 1*32 KB assoc: 1*8
DCACHE: hits:302687643 misses:10255911 writebacks:4415244  Hit Ratio: 96.72%
SCACHE: size: 512 KB assoc: 2
SCACHE: hits:6900239 misses:3523574  Hit Ratio: 66.20%
3CACHE: size: 4096 KB assoc: 2
3CACHE: hits:1305013 misses:2218561  Hit Ratio: 37.04%
3CACHE: dirty items replaced:207639
ITLB: size: 48, misses 3615, miss rate 0.00%
DTLB: size: 128, misses 568176, miss rate 0.18%
Avg mem delay: 2.199 cycles
----------------------------------------
==== Global Resource Utilization ====
STASH: size: 65536 entries, full 3366944698, empty 125779581, misses 11138725, full rate 96.09
icache bank util. 0.148 0.124 0.114 0.146 0.190 0.214 0.167 0.168 
dcache bank util. 0.132 0.154 0.163 0.147 0.178 0.130 0.190 0.129 
L2 bank util. 0.038 0.039 0.037 0.039 0.038 0.036 0.037 0.039 
L1-L2 bus util. = 0.159, L3 util. = 0.046
----------------------------------------

======================== 切片硬件状态 ========================
切片号 | 所属安全域 | 当前状态    | 路扩展 | LRU touched
------------------------------------------------------------------
  0    |   域2      | 正常运行   |  是   |  718249691
  1    |   域0      | 正常运行   |  否   |  718249927
  2    |   域3      | 正常运行   |  否   |  718249928
  3    |   域2      | 正常运行   |  是   |  718249695
==================================================================

branch prediction, hits = 171500612, misses = 33629567, hit rate = 83.61%
return_stack prediction, hits = 22304501, misses = 29782, hit rate = 99.87%
jump prediction, hits = 174855015, misses = 37775839, hit rate = 82.23%
total IPC 2.785

=== Results saved to: ./results/gcc-200_2_gcc-166_1_gzip-graphic_1.txt ===
